mtllib azure_main.mtl
g peacockMain
usemtl token
v 0.073 1.027 0.195
v 0.077 0.996 0.188
v 0.047 1.027 0.184
v 0.029 1.067 0.187
v 0.047 1.027 0.184
v 0.007 1.07 0.177
v 0.071 1.08 0.195
v 0.118 1.034 0.198
v 0.138 1.1 0.186
v 0.104 1.003 0.198
v 0.077 0.996 0.188
v 0.098 0.987 0.192
v 0.123 0.945 0.193
v 0.131 0.971 0.196
v 0.157 0.944 0.185
v 0.146 0.924 0.187
v 0.146 1.005 0.193
v 0.174 1.056 0.182
v 0.163 1.102 0.18
v 0.14 1.158 0.172
v 0.131 1.162 0.173
v 0.092 1.177 0.182
v 0.131 1.168 0.171
v 0.053 1.159 0.192
v 0.072 1.196 0.181
v 0.044 1.188 0.189
v 0.015 1.14 0.19
v 0.119 1.181 0.175
v 0.102 1.184 0.177
v 0.136 1.171 0.168
v 0.145 1.181 0.166
v 0.165 1.18 0.153
v 0.164 1.169 0.148
v 0.188 1.172 0.142
v 0.087 1.184 0.182
v 0.102 1.184 0.177
v 0.086 1.192 0.179
v 0.112 1.194 0.177
v 0.112 1.199 0.174
v 0.098 1.186 0.179
v 0.113 1.188 0.176
v 0.136 1.204 0.163
v 0.141 1.199 0.165
v 0.098 1.197 0.171
v 0.089 1.21 0.168
v 0.082 1.215 0.167
v 0.084 1.218 0.169
v 0.075 1.219 0.167
v 0.036 1.213 0.182
v -0.006 1.207 0.184
v -0.007 1.201 0.183
v -0.034 1.179 0.177
v -0.035 1.2 0.175
v -0.012 1.134 0.182
v -0.023 1.119 0.171
v 0.007 1.07 0.177
v -0.049 1.171 0.17
v -0.064 1.197 0.165
v -0.079 1.129 0.158
v -0.058 1.115 0.162
v -0.072 1.061 0.148
v -0.087 1.196 0.153
v -0.111 1.03 0.129
v -0.086 1.037 0.14
v -0.104 1.004 0.129
v -0.126 1.074 0.117
v -0.113 1.15 0.137
v -0.131 1.166 0.117
v -0.12 1.196 0.124
v -0.149 1.046 0.09
v -0.152 0.978 0.101
v -0.104 1.004 0.129
v -0.114 0.993 0.123
v -0.134 0.967 0.11
v -0.153 0.952 0.1
v -0.173 0.961 0.084
v -0.17 0.938 0.091
v 0.007 1.07 0.177
v 0.068 1.045 0.176
v 0.009 1.073 0.173
v 0.047 1.027 0.184
v 0.007 1.07 0.177
v 0.077 0.996 0.188
v 0.077 0.996 0.188
v 0.085 1 0.182
v 0.091 0.984 0.184
v -0.103 1.026 0.109
v -0.104 1.004 0.129
v -0.086 1.037 0.14
v -0.114 0.993 0.123
v -0.104 1.004 0.129
v -0.134 0.967 0.11
v -0.134 0.97 0.103
v -0.153 0.952 0.1
v -0.161 0.946 0.092
v -0.153 0.952 0.1
v -0.17 0.938 0.091
v -0.181 0.924 0.082
v -0.195 0.897 0.054
v -0.086 1.037 0.14
v -0.068 1.067 0.142
v -0.072 1.061 0.148
v -0.058 1.115 0.162
v -0.055 1.12 0.156
v -0.046 1.172 0.161
v -0.049 1.171 0.17
v -0.17 1.123 0.059
v -0.167 1.148 0.052
v -0.165 1.154 0.047
v 0.119 1.214 0.156
v 0.146 1.204 0.134
v 0.089 1.21 0.168
v 0.126 1.628 -0.026
v 0.133 1.611 -0.034
v 0.13 1.606 -0.037
v 0.133 1.611 -0.034
v 0.151 1.587 -0.047
v 0.147 1.583 -0.051
v 0.164 1.568 -0.072
v 0.157 1.569 -0.065
v 0.017 0.14 0.156
v 0.03 0.124 0.181
v 0.009 0.124 0.161
v 0.245 1.228 0.07
v 0.238 1.233 0.067
v 0.246 1.244 0.061
v 0.245 1.228 0.07
v 0.27 1.209 0.079
v 0.293 1.292 0.041
v 0.254 1.269 0.037
v 0.278 1.297 0.023
v 0.315 1.34 0.032
v 0.341 1.327 0.037
v 0.341 1.358 0.025
v 0.321 1.274 0.048
v 0.298 1.221 0.068
v 0.342 1.271 0.041
v 0.356 1.306 0.032
v 0.38 1.358 0.017
v 0.372 1.361 0.023
v 0.384 1.375 0.011
v 0.393 1.376 0.009
v 0.4 1.389 0
v -0.097 0.14 0.034
v -0.099 0.115 0.045
v -0.119 0.139 0.033
v 0.116 1.708 -0.011
v 0.115 1.711 -0.021
v 0.126 1.709 -0.026
v 0.152 1.038 -0.09
v 0.155 0.961 -0.088
v 0.146 0.921 -0.085
v -0.177 1.143 -0.02
v -0.184 1.135 0.005
v -0.189 1.133 0.001
v -0.072 1.604 -0.095
v -0.065 1.6 -0.086
v -0.063 1.601 -0.101
v 0.002 1.847 0.071
v -0.014 1.831 0.074
v -0.016 1.841 0.068
v 0.049 1.762 0.085
v 0.038 1.749 0.083
v 0.021 1.759 0.083
v 0.164 0.796 -0.084
v 0.165 0.787 -0.087
v 0.125 0.778 -0.098
v 0.125 0.778 -0.098
v 0.121 0.796 -0.105
v 0.089 0.772 -0.111
v 0.16 0.813 -0.086
v 0.088 0.791 -0.118
v 0.15 0.822 -0.087
v 0.148 0.838 -0.088
v 0.155 0.879 -0.087
v 0.146 0.921 -0.085
v 0.122 0.808 -0.101
v 0.091 0.801 -0.111
v 0.033 0.797 -0.125
v 0.03 0.787 -0.131
v 0.008 0.807 -0.131
v 0.005 0.8 -0.136
v 0.001 0.779 -0.139
v 0.028 0.772 -0.128
v 0.045 0.77 -0.124
v 0.089 0.772 -0.111
v -0.128 1.271 -0.04
v -0.143 1.279 0.024
v -0.137 1.272 -0.013
v 0.052 1.675 0.086
v 0.052 1.665 0.086
v 0.034 1.671 0.087
v -0.051 1.195 -0.084
v -0.051 1.197 -0.091
v -0.05 1.2 -0.088
v -0.053 1.179 -0.111
v -0.051 1.197 -0.091
v -0.054 1.168 -0.107
v -0.059 1.143 -0.133
v -0.057 1.14 -0.125
v -0.062 1.093 -0.139
v -0.065 1.094 -0.15
v -0.067 1.055 -0.152
v -0.064 1.052 -0.144
v -0.085 1.089 -0.131
v -0.068 0.98 -0.134
v -0.071 0.976 -0.141
v -0.09 1.055 -0.135
v -0.108 1.096 -0.113
v -0.089 1.01 -0.129
v -0.108 1.152 -0.091
v -0.103 1.168 -0.087
v -0.07 1.166 -0.103
v -0.123 1.13 -0.088
v -0.154 1.101 -0.072
v -0.15 1.122 -0.067
v -0.167 1.114 -0.042
v -0.161 1.051 -0.076
v -0.178 1.031 -0.048
v -0.123 1.015 -0.108
v -0.173 0.979 -0.064
v -0.123 0.953 -0.094
v -0.188 0.97 -0.04
v -0.191 1.042 -0.007
v -0.069 0.941 -0.126
v -0.073 0.953 -0.136
v -0.071 0.976 -0.141
v -0.074 0.936 -0.135
v -0.157 0.883 -0.062
v -0.117 0.881 -0.094
v -0.173 0.9 -0.049
v -0.177 0.866 -0.042
v -0.192 0.913 -0.022
v -0.199 0.939 0.002
v -0.191 1.04 0.014
v -0.075 0.872 -0.123
v -0.074 0.936 -0.135
v -0.078 0.878 -0.135
v -0.085 0.817 -0.137
v -0.133 0.838 -0.088
v -0.082 0.822 -0.124
v -0.08 0.81 -0.119
v -0.087 0.798 -0.131
v -0.109 0.818 -0.105
v -0.133 0.821 -0.076
v -0.112 0.814 -0.092
v -0.173 0.847 -0.033
v -0.196 0.862 -0.003
v -0.197 0.883 -0.01
v -0.204 0.905 0.022
v -0.204 0.886 0.04
v -0.198 0.918 0.047
v -0.197 0.899 0.057
v -0.181 0.924 0.082
v -0.195 0.95 0.03
v -0.187 0.942 0.067
v -0.17 0.938 0.091
v -0.173 0.961 0.084
v -0.183 1.002 0.053
v -0.149 1.046 0.09
v -0.152 0.978 0.101
v -0.185 1.029 0.036
v -0.162 1.057 0.071
v -0.151 1.113 0.091
v -0.173 1.113 0.055
v -0.178 1.111 0.028
v -0.171 1.116 0.059
v -0.126 1.074 0.117
v -0.111 1.03 0.129
v -0.113 1.15 0.137
v -0.131 1.166 0.117
v -0.158 1.141 0.078
v -0.17 1.123 0.059
v -0.165 1.154 0.047
v -0.161 1.162 0.055
v -0.139 1.194 0.085
v -0.12 1.196 0.124
v -0.147 1.196 0.044
v -0.166 1.16 0.042
v -0.165 1.154 0.047
v -0.16 1.172 0.01
v -0.149 1.197 0.023
v -0.153 1.187 0.014
v -0.151 1.18 -0.012
v -0.142 1.197 -0.006
v -0.143 1.221 0.003
v -0.145 1.23 0.012
v -0.15 1.197 0.051
v -0.14 1.2 -0.019
v -0.136 1.232 0.004
v -0.14 1.229 -0.005
v -0.14 1.237 -0.001
v -0.137 1.272 -0.013
v -0.126 1.26 -0.04
v -0.143 1.238 0.006
v -0.128 1.271 -0.04
v -0.114 1.261 -0.054
v -0.148 1.271 0.027
v -0.143 1.279 0.024
v -0.147 1.229 0.039
v -0.147 1.237 0.041
v -0.146 1.223 0.048
v -0.143 1.234 0.071
v -0.144 1.195 0.083
v -0.146 1.228 0.056
v -0.142 1.228 0.049
v -0.141 1.234 0.046
v -0.142 1.234 0.052
v -0.147 1.239 0.052
v -0.146 1.242 0.048
v -0.148 1.261 0.066
v -0.148 1.274 0.066
v -0.145 1.27 0.091
v -0.141 1.24 0.097
v -0.142 1.233 0.087
v -0.141 1.225 0.089
v -0.139 1.222 0.1
v -0.135 1.232 0.092
v -0.126 1.197 0.125
v -0.137 1.23 0.103
v -0.128 1.231 0.121
v -0.143 1.279 0.077
v -0.138 1.262 0.114
v -0.137 1.274 0.112
v -0.124 1.261 0.133
v -0.118 1.276 0.136
v -0.132 1.278 0.112
v -0.127 1.238 0.123
v -0.121 1.243 0.131
v -0.126 1.24 0.13
v -0.128 1.237 0.126
v -0.129 1.231 0.125
v -0.126 1.225 0.125
v -0.127 1.225 0.127
v -0.108 1.198 0.144
v -0.122 1.223 0.13
v -0.116 1.227 0.136
v -0.135 1.302 0.111
v -0.114 1.281 0.133
v -0.122 1.322 0.13
v -0.148 1.31 0.059
v -0.143 1.328 0.111
v -0.151 1.354 0.117
v -0.151 1.336 0.095
v -0.163 1.365 0.103
v -0.148 1.379 0.129
v -0.138 1.294 -0.002
v -0.126 1.274 -0.038
v -0.155 1.348 0.068
v -0.168 1.358 0.078
v -0.151 1.35 0.042
v -0.16 1.397 0.115
v -0.173 1.389 0.091
v -0.177 1.387 0.057
v -0.172 1.373 0.051
v -0.17 1.379 0.031
v -0.183 1.418 0.061
v -0.15 1.35 0.014
v -0.18 1.402 0.033
v -0.193 1.467 -0.001
v -0.182 1.435 -0.001
v -0.179 1.48 -0.056
v -0.172 1.398 0.002
v -0.155 1.379 0.003
v -0.171 1.436 -0.023
v -0.156 1.392 -0.017
v -0.146 1.378 -0.033
v -0.145 1.34 -0.023
v -0.13 1.298 -0.039
v -0.138 1.34 -0.055
v -0.12 1.294 -0.05
v -0.111 1.273 -0.053
v -0.113 1.27 -0.057
v -0.085 1.269 -0.075
v -0.081 1.257 -0.076
v -0.108 1.198 -0.07
v -0.074 1.199 -0.085
v -0.087 1.291 -0.076
v -0.084 1.272 -0.072
v -0.096 1.356 -0.117
v -0.122 1.334 -0.08
v -0.12 1.361 -0.097
v -0.132 1.395 -0.08
v -0.116 1.384 -0.108
v -0.097 1.379 -0.13
v -0.092 1.411 -0.14
v -0.139 1.398 -0.053
v -0.109 1.412 -0.119
v -0.127 1.412 -0.092
v -0.094 1.43 -0.14
v -0.086 1.429 -0.145
v -0.079 1.46 -0.161
v -0.137 1.417 -0.076
v -0.15 1.427 -0.064
v -0.161 1.432 -0.034
v -0.166 1.448 -0.067
v -0.169 1.452 -0.046
v -0.178 1.477 -0.08
v -0.175 1.424 -0.115
v -0.188 1.446 -0.133
v -0.181 1.501 -0.055
v -0.181 1.513 -0.08
v -0.189 1.493 -0.035
v -0.178 1.519 -0.053
v -0.174 1.507 -0.026
v -0.156 1.55 -0.067
v -0.173 1.529 -0.071
v -0.171 1.548 -0.09
v -0.18 1.539 -0.105
v -0.154 1.573 -0.109
v -0.165 1.566 -0.124
v -0.185 1.491 -0.141
v -0.195 1.45 -0.173
v -0.169 1.548 -0.146
v -0.18 1.505 -0.168
v -0.158 1.524 -0.185
v -0.19 1.47 -0.195
v -0.14 1.576 -0.157
v -0.142 1.584 -0.136
v -0.121 1.589 -0.149
v -0.143 1.561 -0.166
v -0.115 1.574 -0.181
v -0.126 1.55 -0.183
v -0.104 1.54 -0.192
v -0.136 1.525 -0.199
v -0.154 1.487 -0.234
v -0.179 1.479 -0.218
v -0.197 1.447 -0.204
v -0.195 1.452 -0.232
v -0.174 1.457 -0.259
v -0.203 1.428 -0.205
v -0.228 1.383 -0.238
v -0.198 1.428 -0.18
v -0.23 1.394 -0.276
v -0.202 1.396 -0.191
v -0.188 1.391 -0.173
v -0.192 1.362 -0.2
v -0.177 1.365 -0.178
v -0.21 1.396 -0.211
v -0.207 1.358 -0.212
v -0.208 1.399 -0.304
v -0.179 1.426 -0.294
v -0.218 1.359 -0.234
v -0.209 1.346 -0.235
v -0.232 1.367 -0.245
v -0.223 1.357 -0.252
v -0.232 1.376 -0.261
v -0.228 1.358 -0.253
v -0.235 1.355 -0.263
v -0.237 1.371 -0.282
v -0.221 1.373 -0.309
v -0.202 1.362 -0.328
v -0.233 1.353 -0.274
v -0.226 1.346 -0.295
v -0.225 1.339 -0.265
v -0.218 1.333 -0.234
v -0.209 1.334 -0.329
v -0.185 1.352 -0.342
v -0.196 1.327 -0.343
v -0.215 1.32 -0.245
v -0.2 1.316 -0.211
v -0.222 1.33 -0.284
v -0.209 1.317 -0.324
v -0.198 1.308 -0.33
v -0.212 1.308 -0.306
v -0.2 1.294 -0.309
v -0.216 1.304 -0.257
v -0.206 1.263 -0.264
v -0.196 1.265 -0.282
v -0.164 1.183 -0.196
v -0.212 1.276 -0.242
v -0.182 1.252 -0.173
v -0.184 1.207 -0.205
v -0.168 1.172 -0.156
v -0.152 1.162 -0.168
v -0.169 1.188 -0.143
v -0.192 1.222 -0.2
v -0.158 1.214 -0.124
v -0.163 1.286 -0.167
v -0.147 1.225 -0.117
v 0.026 0.179 0.066
v 0.027 0.216 0.017
v 0.03 0.202 0.053
v 0.089 1.21 0.168
v 0.118 1.198 0.16
v 0.098 1.197 0.171
v 0.218 1.559 -0.006
v 0.236 1.533 0.002
v 0.228 1.553 0.001
v -0.121 1.566 -0.031
v -0.112 1.577 -0.045
v -0.112 1.568 -0.017
v 0.102 1.184 0.177
v 0.087 1.184 0.182
v 0.098 1.186 0.179
v 0.102 1.184 0.177
v 0.113 1.188 0.176
v 0.137 1.188 0.164
v 0.126 1.628 -0.026
v 0.141 1.698 -0.006
v 0.135 1.648 -0.02
v -0.113 1.239 -0.141
v -0.105 1.224 -0.128
v -0.122 1.226 -0.121
v 0.114 1.71 -0.031
v 0.124 1.702 -0.03
v 0.119 1.723 -0.038
v 0.126 1.228 0.123
v 0.091 1.221 0.157
v 0.106 1.225 0.148
v -0.141 1.234 0.046
v -0.147 1.237 0.041
v -0.147 1.239 0.052
v 0.068 1.616 -0.07
v 0.085 1.612 -0.056
v 0.08 1.619 -0.057
v -0.17 1.161 -0.008
v -0.162 1.16 -0.007
v -0.166 1.153 -0.004
v -0.183 1.083 0.009
v -0.185 1.088 0.01
v -0.181 1.091 0.01
v 0.115 1.711 -0.021
v 0.125 1.718 -0.027
v 0.126 1.709 -0.026
v 0.006 1.352 0.196
v 0.005 1.349 0.192
v -0.018 1.337 0.186
v 0.148 1.212 0.137
v 0.164 1.208 0.129
v 0.146 1.204 0.134
v 0.333 1.326 -0.069
v 0.329 1.336 -0.057
v 0.316 1.339 -0.052
v -0.154 1.184 -0.017
v -0.151 1.18 -0.012
v -0.16 1.172 0.01
v 0.043 1.673 0.087
v 0.058 1.681 0.086
v 0.052 1.675 0.086
v 0.052 1.675 0.086
v 0.034 1.671 0.087
v 0.043 1.673 0.087
v 0.106 1.753 0.032
v 0.1 1.781 0.044
v 0.109 1.756 0.034
v 0.246 1.225 0.057
v 0.248 1.224 0.065
v 0.254 1.221 0.062
v 0.072 1.743 0.067
v 0.079 1.743 0.068
v 0.088 1.739 0.059
v 0.125 1.718 -0.027
v 0.119 1.739 -0.016
v 0.125 1.742 -0.015
v 0.119 1.739 -0.016
v 0.12 1.737 -0.011
v 0.125 1.742 -0.015
v 0.021 1.759 0.083
v 0.038 1.749 0.083
v 0.029 1.755 0.081
v -0.173 1.113 0.055
v -0.174 1.115 0.06
v -0.171 1.116 0.059
v 0.178 1.189 0.138
v 0.158 1.187 0.144
v 0.163 1.19 0.145
v -0.147 1.237 0.041
v -0.141 1.234 0.046
v -0.147 1.229 0.039
v 0.054 1.7 0.089
v 0.052 1.696 0.087
v 0.049 1.704 0.088
v 0.049 1.704 0.088
v 0.052 1.696 0.087
v 0.047 1.699 0.092
v 0.121 1.706 -0.013
v 0.121 1.695 -0.008
v 0.12 1.696 -0.008
v 0.386 0 0.098
v 0.377 0.085 -0.005
v 0.399 0 -0.005
v 0.365 0.085 0.093
v 0.348 0 0.195
v 0.356 0.1 0.091
v 0.367 0.1 -0.005
v 0.32 0.1 0.18
v 0.329 0.085 0.185
v 0.285 0 0.278
v 0.263 0.1 0.257
v 0.27 0.085 0.263
v 0.204 0 0.343
v 0.188 0.1 0.316
v 0.193 0.085 0.324
v 0.108 0 0.384
v 0.099 0.1 0.354
v 0.102 0.085 0.363
v 0.005 0 0.399
v 0.005 0.1 0.367
v 0.005 0.085 0.377
v -0.098 0 0.386
v -0.091 0.1 0.356
v -0.093 0.085 0.365
v -0.195 0 0.348
v -0.18 0.1 0.32
v -0.185 0.085 0.329
v -0.278 0 0.285
v -0.257 0.1 0.263
v -0.263 0.085 0.27
v -0.343 0 0.204
v -0.316 0.1 0.188
v -0.324 0.085 0.193
v -0.384 0 0.108
v -0.354 0.1 0.099
v -0.363 0.085 0.102
v -0.399 0 0.005
v -0.367 0.1 0.005
v -0.377 0.085 0.005
v -0.386 0 -0.098
v -0.356 0.1 -0.091
v -0.365 0.085 -0.093
v -0.348 0 -0.195
v -0.32 0.1 -0.18
v -0.329 0.085 -0.185
v -0.285 0 -0.278
v -0.263 0.1 -0.257
v -0.27 0.085 -0.263
v -0.204 0 -0.343
v -0.188 0.1 -0.316
v -0.193 0.085 -0.324
v -0.108 0 -0.384
v -0.099 0.1 -0.354
v -0.102 0.085 -0.363
v -0.005 0 -0.399
v -0.005 0.1 -0.367
v -0.005 0.085 -0.377
v 0.098 0 -0.386
v 0.091 0.1 -0.356
v 0.093 0.085 -0.365
v 0.195 0 -0.348
v 0.18 0.1 -0.32
v 0.185 0.085 -0.329
v 0.278 0 -0.285
v 0.257 0.1 -0.263
v 0.263 0.085 -0.27
v 0.343 0 -0.204
v 0.316 0.1 -0.188
v 0.324 0.085 -0.193
v 0.384 0 -0.108
v 0.354 0.1 -0.099
v 0.363 0.085 -0.102
v 0.399 0 -0.005
v 0.367 0.1 -0.005
v 0.377 0.085 -0.005
v -0.128 1.203 -0.101
v -0.139 1.201 -0.094
v -0.138 1.195 -0.096
v -0.129 1.196 -0.102
v -0.139 1.201 -0.094
v -0.149 1.197 -0.089
v -0.147 1.191 -0.092
v -0.138 1.195 -0.096
v -0.149 1.197 -0.089
v -0.159 1.19 -0.085
v -0.156 1.185 -0.088
v -0.147 1.191 -0.092
v -0.159 1.19 -0.085
v -0.168 1.181 -0.083
v -0.163 1.177 -0.086
v -0.156 1.185 -0.088
v -0.168 1.171 -0.086
v -0.172 1.173 -0.083
v -0.175 1.165 -0.084
v -0.171 1.164 -0.086
v -0.175 1.165 -0.084
v -0.178 1.154 -0.086
v -0.173 1.154 -0.088
v -0.171 1.164 -0.086
v -0.178 1.154 -0.086
v -0.178 1.143 -0.09
v -0.173 1.145 -0.092
v -0.173 1.154 -0.088
v -0.178 1.143 -0.09
v -0.175 1.132 -0.096
v -0.17 1.135 -0.097
v -0.173 1.145 -0.092
v -0.175 1.132 -0.096
v -0.17 1.122 -0.103
v -0.166 1.126 -0.103
v -0.17 1.135 -0.097
v -0.16 1.121 -0.108
v -0.164 1.117 -0.109
v -0.156 1.114 -0.115
v -0.154 1.118 -0.113
v -0.156 1.114 -0.115
v -0.145 1.111 -0.123
v -0.144 1.116 -0.12
v -0.154 1.118 -0.113
v -0.117 1.2 -0.109
v -0.128 1.203 -0.101
v -0.129 1.196 -0.102
v -0.119 1.194 -0.109
v -0.108 1.193 -0.117
v -0.117 1.2 -0.109
v -0.119 1.194 -0.109
v -0.111 1.188 -0.116
v -0.101 1.184 -0.125
v -0.108 1.193 -0.117
v -0.111 1.188 -0.116
v -0.105 1.18 -0.123
v -0.098 1.173 -0.131
v -0.101 1.184 -0.125
v -0.105 1.18 -0.123
v -0.102 1.171 -0.128
v -0.096 1.163 -0.136
v -0.098 1.173 -0.131
v -0.102 1.171 -0.128
v -0.101 1.161 -0.133
v -0.097 1.151 -0.14
v -0.096 1.163 -0.136
v -0.101 1.161 -0.133
v -0.102 1.151 -0.136
v -0.102 1.139 -0.141
v -0.097 1.151 -0.14
v -0.102 1.151 -0.136
v -0.105 1.141 -0.138
v -0.109 1.128 -0.141
v -0.102 1.139 -0.141
v -0.105 1.141 -0.138
v -0.111 1.131 -0.137
v -0.117 1.12 -0.138
v -0.109 1.128 -0.141
v -0.111 1.131 -0.137
v -0.119 1.124 -0.135
v -0.127 1.114 -0.134
v -0.117 1.12 -0.138
v -0.119 1.124 -0.135
v -0.127 1.119 -0.131
v -0.136 1.111 -0.129
v -0.145 1.111 -0.123
v -0.146 1.105 -0.124
v -0.135 1.106 -0.131
v -0.136 1.111 -0.129
v -0.127 1.114 -0.134
v -0.127 1.119 -0.131
v -0.135 1.116 -0.126
v -0.145 1.111 -0.123
v -0.136 1.111 -0.129
v -0.135 1.116 -0.126
v -0.144 1.116 -0.12
v -0.127 1.114 -0.134
v -0.136 1.111 -0.129
v -0.135 1.106 -0.131
v -0.125 1.109 -0.136
v -0.117 1.12 -0.138
v -0.127 1.114 -0.134
v -0.125 1.109 -0.136
v -0.115 1.116 -0.14
v -0.109 1.128 -0.141
v -0.117 1.12 -0.138
v -0.115 1.116 -0.14
v -0.106 1.125 -0.143
v -0.102 1.139 -0.141
v -0.109 1.128 -0.141
v -0.106 1.125 -0.143
v -0.097 1.137 -0.143
v -0.097 1.151 -0.14
v -0.102 1.139 -0.141
v -0.097 1.137 -0.143
v -0.092 1.151 -0.141
v -0.096 1.163 -0.136
v -0.097 1.151 -0.14
v -0.092 1.151 -0.141
v -0.091 1.164 -0.138
v -0.098 1.173 -0.131
v -0.096 1.163 -0.136
v -0.091 1.164 -0.138
v -0.092 1.176 -0.132
v -0.101 1.184 -0.125
v -0.098 1.173 -0.131
v -0.092 1.176 -0.132
v -0.096 1.187 -0.125
v -0.108 1.193 -0.117
v -0.101 1.184 -0.125
v -0.096 1.187 -0.125
v -0.104 1.197 -0.116
v -0.117 1.2 -0.109
v -0.108 1.193 -0.117
v -0.104 1.197 -0.116
v -0.114 1.205 -0.106
v -0.128 1.203 -0.101
v -0.117 1.2 -0.109
v -0.114 1.205 -0.106
v -0.126 1.208 -0.097
v -0.139 1.201 -0.094
v -0.128 1.203 -0.101
v -0.126 1.208 -0.097
v -0.137 1.206 -0.09
v -0.149 1.197 -0.089
v -0.139 1.201 -0.094
v -0.137 1.206 -0.09
v -0.149 1.201 -0.084
v -0.159 1.19 -0.085
v -0.149 1.197 -0.089
v -0.149 1.201 -0.084
v -0.16 1.194 -0.08
v -0.168 1.181 -0.083
v -0.159 1.19 -0.085
v -0.16 1.194 -0.08
v -0.17 1.183 -0.077
v -0.172 1.173 -0.083
v -0.176 1.174 -0.078
v -0.179 1.165 -0.079
v -0.175 1.165 -0.084
v -0.178 1.154 -0.086
v -0.175 1.165 -0.084
v -0.179 1.165 -0.079
v -0.182 1.153 -0.082
v -0.178 1.143 -0.09
v -0.178 1.154 -0.086
v -0.182 1.153 -0.082
v -0.182 1.141 -0.086
v -0.175 1.132 -0.096
v -0.178 1.143 -0.09
v -0.182 1.141 -0.086
v -0.179 1.128 -0.092
v -0.17 1.122 -0.103
v -0.175 1.132 -0.096
v -0.179 1.128 -0.092
v -0.173 1.117 -0.1
v -0.164 1.117 -0.109
v -0.167 1.111 -0.107
v -0.158 1.107 -0.115
v -0.156 1.114 -0.115
v -0.145 1.111 -0.123
v -0.156 1.114 -0.115
v -0.158 1.107 -0.115
v -0.146 1.105 -0.124
v -0.167 1.111 -0.107
v -0.164 1.105 -0.1
v -0.155 1.1 -0.108
v -0.158 1.107 -0.115
v -0.156 1.111 -0.096
v -0.164 1.105 -0.1
v -0.17 1.112 -0.093
v -0.162 1.117 -0.089
v -0.156 1.111 -0.096
v -0.152 1.119 -0.098
v -0.146 1.115 -0.103
v -0.148 1.106 -0.102
v -0.167 1.153 -0.088
v -0.167 1.145 -0.091
v -0.164 1.14 -0.081
v -0.163 1.148 -0.078
v -0.177 1.124 -0.085
v -0.17 1.112 -0.093
v -0.173 1.117 -0.1
v -0.179 1.128 -0.092
v -0.18 1.137 -0.078
v -0.177 1.124 -0.085
v -0.179 1.128 -0.092
v -0.182 1.141 -0.086
v -0.18 1.149 -0.073
v -0.18 1.137 -0.078
v -0.182 1.141 -0.086
v -0.182 1.153 -0.082
v -0.178 1.162 -0.07
v -0.18 1.149 -0.073
v -0.182 1.153 -0.082
v -0.179 1.165 -0.079
v -0.176 1.174 -0.078
v -0.173 1.172 -0.069
v -0.178 1.162 -0.07
v -0.179 1.165 -0.079
v -0.17 1.183 -0.077
v -0.16 1.194 -0.08
v -0.157 1.193 -0.071
v -0.167 1.181 -0.069
v -0.149 1.201 -0.084
v -0.145 1.201 -0.076
v -0.157 1.193 -0.071
v -0.16 1.194 -0.08
v -0.133 1.206 -0.082
v -0.145 1.201 -0.076
v -0.149 1.201 -0.084
v -0.137 1.206 -0.09
v -0.121 1.207 -0.089
v -0.133 1.206 -0.082
v -0.137 1.206 -0.09
v -0.126 1.208 -0.097
v -0.108 1.205 -0.099
v -0.121 1.207 -0.089
v -0.126 1.208 -0.097
v -0.114 1.205 -0.106
v -0.097 1.198 -0.109
v -0.108 1.205 -0.099
v -0.114 1.205 -0.106
v -0.104 1.197 -0.116
v -0.089 1.187 -0.119
v -0.097 1.198 -0.109
v -0.104 1.197 -0.116
v -0.096 1.187 -0.125
v -0.084 1.175 -0.128
v -0.089 1.187 -0.119
v -0.096 1.187 -0.125
v -0.092 1.176 -0.132
v -0.091 1.164 -0.138
v -0.083 1.163 -0.134
v -0.084 1.175 -0.128
v -0.092 1.176 -0.132
v -0.085 1.149 -0.139
v -0.083 1.163 -0.134
v -0.091 1.164 -0.138
v -0.092 1.151 -0.141
v -0.09 1.133 -0.141
v -0.085 1.149 -0.139
v -0.092 1.151 -0.141
v -0.097 1.137 -0.143
v -0.099 1.12 -0.14
v -0.09 1.133 -0.141
v -0.097 1.137 -0.143
v -0.106 1.125 -0.143
v -0.099 1.12 -0.14
v -0.106 1.125 -0.143
v -0.115 1.116 -0.14
v -0.109 1.11 -0.137
v -0.12 1.103 -0.132
v -0.109 1.11 -0.137
v -0.115 1.116 -0.14
v -0.125 1.109 -0.136
v -0.131 1.099 -0.126
v -0.12 1.103 -0.132
v -0.125 1.109 -0.136
v -0.135 1.106 -0.131
v -0.135 1.106 -0.131
v -0.146 1.105 -0.124
v -0.142 1.098 -0.119
v -0.131 1.099 -0.126
v -0.142 1.098 -0.119
v -0.146 1.105 -0.124
v -0.158 1.107 -0.115
v -0.155 1.1 -0.108
v -0.17 1.112 -0.093
v -0.177 1.124 -0.085
v -0.167 1.126 -0.082
v -0.162 1.117 -0.089
v -0.17 1.137 -0.077
v -0.167 1.126 -0.082
v -0.177 1.124 -0.085
v -0.18 1.137 -0.078
v -0.18 1.149 -0.073
v -0.17 1.147 -0.072
v -0.17 1.137 -0.077
v -0.18 1.137 -0.078
v -0.168 1.158 -0.07
v -0.17 1.147 -0.072
v -0.18 1.149 -0.073
v -0.178 1.162 -0.07
v -0.164 1.167 -0.069
v -0.173 1.172 -0.069
v -0.167 1.181 -0.069
v -0.159 1.176 -0.069
v -0.159 1.176 -0.069
v -0.167 1.181 -0.069
v -0.157 1.193 -0.071
v -0.15 1.185 -0.071
v -0.141 1.192 -0.074
v -0.15 1.185 -0.071
v -0.157 1.193 -0.071
v -0.145 1.201 -0.076
v -0.13 1.197 -0.08
v -0.141 1.192 -0.074
v -0.145 1.201 -0.076
v -0.133 1.206 -0.082
v -0.119 1.198 -0.086
v -0.13 1.197 -0.08
v -0.133 1.206 -0.082
v -0.121 1.207 -0.089
v -0.108 1.205 -0.099
v -0.108 1.196 -0.094
v -0.119 1.198 -0.086
v -0.121 1.207 -0.089
v -0.098 1.189 -0.103
v -0.108 1.196 -0.094
v -0.108 1.205 -0.099
v -0.097 1.198 -0.109
v -0.09 1.181 -0.111
v -0.098 1.189 -0.103
v -0.097 1.198 -0.109
v -0.089 1.187 -0.119
v -0.085 1.17 -0.119
v -0.09 1.181 -0.111
v -0.089 1.187 -0.119
v -0.084 1.175 -0.128
v -0.083 1.159 -0.125
v -0.085 1.17 -0.119
v -0.084 1.175 -0.128
v -0.083 1.163 -0.134
v -0.085 1.146 -0.129
v -0.083 1.159 -0.125
v -0.083 1.163 -0.134
v -0.085 1.149 -0.139
v -0.09 1.133 -0.13
v -0.085 1.146 -0.129
v -0.085 1.149 -0.139
v -0.09 1.133 -0.141
v -0.098 1.121 -0.129
v -0.09 1.133 -0.13
v -0.09 1.133 -0.141
v -0.099 1.12 -0.14
v -0.099 1.12 -0.14
v -0.109 1.11 -0.137
v -0.108 1.113 -0.127
v -0.098 1.121 -0.129
v -0.109 1.11 -0.137
v -0.12 1.103 -0.132
v -0.117 1.107 -0.122
v -0.108 1.113 -0.127
v -0.127 1.104 -0.117
v -0.117 1.107 -0.122
v -0.12 1.103 -0.132
v -0.131 1.099 -0.126
v -0.131 1.099 -0.126
v -0.142 1.098 -0.119
v -0.137 1.103 -0.111
v -0.127 1.104 -0.117
v -0.148 1.106 -0.102
v -0.137 1.103 -0.111
v -0.142 1.098 -0.119
v -0.155 1.1 -0.108
v -0.161 1.131 -0.086
v -0.157 1.124 -0.093
v -0.162 1.117 -0.089
v -0.167 1.126 -0.082
v -0.167 1.126 -0.082
v -0.17 1.137 -0.077
v -0.164 1.14 -0.081
v -0.161 1.131 -0.086
v -0.163 1.148 -0.078
v -0.164 1.14 -0.081
v -0.17 1.137 -0.077
v -0.17 1.147 -0.072
v -0.161 1.158 -0.076
v -0.163 1.148 -0.078
v -0.17 1.147 -0.072
v -0.168 1.158 -0.07
v -0.164 1.167 -0.069
v -0.158 1.165 -0.075
v -0.161 1.158 -0.076
v -0.168 1.158 -0.07
v -0.154 1.172 -0.075
v -0.159 1.176 -0.069
v -0.15 1.185 -0.071
v -0.147 1.179 -0.076
v -0.141 1.192 -0.074
v -0.139 1.185 -0.079
v -0.147 1.179 -0.076
v -0.15 1.185 -0.071
v -0.13 1.189 -0.083
v -0.139 1.185 -0.079
v -0.141 1.192 -0.074
v -0.13 1.197 -0.08
v -0.121 1.19 -0.089
v -0.13 1.189 -0.083
v -0.13 1.197 -0.08
v -0.119 1.198 -0.086
v -0.112 1.188 -0.095
v -0.121 1.19 -0.089
v -0.119 1.198 -0.086
v -0.108 1.196 -0.094
v -0.103 1.182 -0.103
v -0.112 1.188 -0.095
v -0.108 1.196 -0.094
v -0.098 1.189 -0.103
v -0.103 1.182 -0.103
v -0.098 1.189 -0.103
v -0.09 1.181 -0.111
v -0.097 1.175 -0.11
v -0.093 1.166 -0.115
v -0.097 1.175 -0.11
v -0.09 1.181 -0.111
v -0.085 1.17 -0.119
v -0.085 1.17 -0.119
v -0.083 1.159 -0.125
v -0.091 1.157 -0.12
v -0.093 1.166 -0.115
v -0.085 1.146 -0.129
v -0.092 1.147 -0.123
v -0.091 1.157 -0.12
v -0.083 1.159 -0.125
v -0.096 1.136 -0.124
v -0.092 1.147 -0.123
v -0.085 1.146 -0.129
v -0.09 1.133 -0.13
v -0.103 1.127 -0.124
v -0.096 1.136 -0.124
v -0.09 1.133 -0.13
v -0.098 1.121 -0.129
v -0.111 1.12 -0.122
v -0.103 1.127 -0.124
v -0.098 1.121 -0.129
v -0.108 1.113 -0.127
v -0.119 1.115 -0.119
v -0.111 1.12 -0.122
v -0.108 1.113 -0.127
v -0.117 1.107 -0.122
v -0.128 1.112 -0.114
v -0.119 1.115 -0.119
v -0.117 1.107 -0.122
v -0.127 1.104 -0.117
v -0.128 1.112 -0.114
v -0.127 1.104 -0.117
v -0.137 1.103 -0.111
v -0.137 1.112 -0.109
v -0.148 1.106 -0.102
v -0.146 1.115 -0.103
v -0.137 1.112 -0.109
v -0.137 1.103 -0.111
v -0.156 1.123 -0.105
v -0.16 1.121 -0.108
v -0.154 1.118 -0.113
v -0.15 1.12 -0.11
v -0.126 1.122 -0.125
v -0.119 1.127 -0.128
v -0.111 1.12 -0.122
v -0.119 1.115 -0.119
v -0.112 1.133 -0.13
v -0.107 1.141 -0.129
v -0.096 1.136 -0.124
v -0.103 1.127 -0.124
v -0.107 1.141 -0.129
v -0.104 1.15 -0.128
v -0.092 1.147 -0.123
v -0.096 1.136 -0.124
v -0.104 1.15 -0.128
v -0.103 1.159 -0.125
v -0.091 1.157 -0.12
v -0.092 1.147 -0.123
v -0.103 1.159 -0.125
v -0.103 1.167 -0.122
v -0.093 1.166 -0.115
v -0.091 1.157 -0.12
v -0.103 1.167 -0.122
v -0.106 1.175 -0.117
v -0.097 1.175 -0.11
v -0.093 1.166 -0.115
v -0.106 1.175 -0.117
v -0.111 1.182 -0.111
v -0.103 1.182 -0.103
v -0.097 1.175 -0.11
v -0.143 1.186 -0.09
v -0.151 1.18 -0.087
v -0.147 1.179 -0.076
v -0.139 1.185 -0.079
v -0.119 1.188 -0.105
v -0.128 1.189 -0.099
v -0.121 1.19 -0.089
v -0.112 1.188 -0.095
v -0.133 1.119 -0.121
v -0.126 1.122 -0.125
v -0.119 1.115 -0.119
v -0.128 1.112 -0.114
v -0.136 1.189 -0.095
v -0.143 1.186 -0.09
v -0.139 1.185 -0.079
v -0.13 1.189 -0.083
v -0.161 1.158 -0.076
v -0.158 1.165 -0.075
v -0.162 1.168 -0.086
v -0.165 1.162 -0.086
v -0.151 1.18 -0.087
v -0.158 1.174 -0.086
v -0.154 1.172 -0.075
v -0.147 1.179 -0.076
v -0.165 1.162 -0.086
v -0.167 1.153 -0.088
v -0.163 1.148 -0.078
v -0.161 1.158 -0.076
v -0.119 1.127 -0.128
v -0.112 1.133 -0.13
v -0.103 1.127 -0.124
v -0.111 1.12 -0.122
v -0.167 1.145 -0.091
v -0.165 1.136 -0.095
v -0.161 1.131 -0.086
v -0.164 1.14 -0.081
v -0.146 1.115 -0.103
v -0.152 1.119 -0.098
v -0.156 1.123 -0.105
v -0.15 1.12 -0.11
v -0.111 1.182 -0.111
v -0.119 1.188 -0.105
v -0.112 1.188 -0.095
v -0.103 1.182 -0.103
v -0.165 1.136 -0.095
v -0.161 1.128 -0.101
v -0.157 1.124 -0.093
v -0.161 1.131 -0.086
v -0.162 1.168 -0.086
v -0.158 1.165 -0.075
v -0.154 1.172 -0.075
v -0.158 1.174 -0.086
v -0.15 1.12 -0.11
v -0.141 1.118 -0.116
v -0.137 1.112 -0.109
v -0.146 1.115 -0.103
v -0.161 1.128 -0.101
v -0.165 1.136 -0.095
v -0.17 1.135 -0.097
v -0.166 1.126 -0.103
v -0.165 1.136 -0.095
v -0.167 1.145 -0.091
v -0.173 1.145 -0.092
v -0.17 1.135 -0.097
v -0.167 1.145 -0.091
v -0.167 1.153 -0.088
v -0.173 1.154 -0.088
v -0.173 1.145 -0.092
v -0.167 1.153 -0.088
v -0.165 1.162 -0.086
v -0.171 1.164 -0.086
v -0.173 1.154 -0.088
v -0.162 1.168 -0.086
v -0.168 1.171 -0.086
v -0.171 1.164 -0.086
v -0.165 1.162 -0.086
v -0.158 1.174 -0.086
v -0.151 1.18 -0.087
v -0.156 1.185 -0.088
v -0.163 1.177 -0.086
v -0.151 1.18 -0.087
v -0.143 1.186 -0.09
v -0.147 1.191 -0.092
v -0.156 1.185 -0.088
v -0.143 1.186 -0.09
v -0.136 1.189 -0.095
v -0.138 1.195 -0.096
v -0.147 1.191 -0.092
v -0.136 1.189 -0.095
v -0.128 1.189 -0.099
v -0.129 1.196 -0.102
v -0.138 1.195 -0.096
v -0.119 1.188 -0.105
v -0.111 1.182 -0.111
v -0.111 1.188 -0.116
v -0.119 1.194 -0.109
v -0.111 1.182 -0.111
v -0.106 1.175 -0.117
v -0.105 1.18 -0.123
v -0.111 1.188 -0.116
v -0.106 1.175 -0.117
v -0.103 1.167 -0.122
v -0.102 1.171 -0.128
v -0.105 1.18 -0.123
v -0.103 1.167 -0.122
v -0.103 1.159 -0.125
v -0.101 1.161 -0.133
v -0.102 1.171 -0.128
v -0.103 1.159 -0.125
v -0.104 1.15 -0.128
v -0.102 1.151 -0.136
v -0.101 1.161 -0.133
v -0.104 1.15 -0.128
v -0.107 1.141 -0.129
v -0.105 1.141 -0.138
v -0.102 1.151 -0.136
v -0.107 1.141 -0.129
v -0.112 1.133 -0.13
v -0.111 1.131 -0.137
v -0.105 1.141 -0.138
v -0.112 1.133 -0.13
v -0.119 1.127 -0.128
v -0.119 1.124 -0.135
v -0.111 1.131 -0.137
v -0.119 1.127 -0.128
v -0.126 1.122 -0.125
v -0.127 1.119 -0.131
v -0.119 1.124 -0.135
v -0.126 1.122 -0.125
v -0.133 1.119 -0.121
v -0.135 1.116 -0.126
v -0.127 1.119 -0.131
v -0.133 1.119 -0.121
v -0.141 1.118 -0.116
v -0.144 1.116 -0.12
v -0.135 1.116 -0.126
v -0.141 1.118 -0.116
v -0.15 1.12 -0.11
v -0.154 1.118 -0.113
v -0.144 1.116 -0.12
v -0.128 1.189 -0.099
v -0.119 1.188 -0.105
v -0.119 1.194 -0.109
v -0.129 1.196 -0.102
v -0.164 1.105 -0.1
v -0.156 1.111 -0.096
v -0.148 1.106 -0.102
v -0.155 1.1 -0.108
v -0.152 1.119 -0.098
v -0.156 1.111 -0.096
v -0.162 1.117 -0.089
v -0.157 1.124 -0.093
v -0.128 1.189 -0.099
v -0.136 1.189 -0.095
v -0.13 1.189 -0.083
v -0.121 1.19 -0.089
v -0.16 1.121 -0.108
v -0.156 1.123 -0.105
v -0.161 1.128 -0.101
v -0.166 1.126 -0.103
v -0.164 1.117 -0.109
v -0.16 1.121 -0.108
v -0.166 1.126 -0.103
v -0.17 1.122 -0.103
v -0.167 1.111 -0.107
v -0.164 1.117 -0.109
v -0.17 1.122 -0.103
v -0.173 1.117 -0.1
v -0.164 1.105 -0.1
v -0.167 1.111 -0.107
v -0.173 1.117 -0.1
v -0.17 1.112 -0.093
v -0.173 1.172 -0.069
v -0.164 1.167 -0.069
v -0.168 1.158 -0.07
v -0.178 1.162 -0.07
v -0.158 1.165 -0.075
v -0.164 1.167 -0.069
v -0.159 1.176 -0.069
v -0.154 1.172 -0.075
v -0.156 1.123 -0.105
v -0.152 1.119 -0.098
v -0.157 1.124 -0.093
v -0.161 1.128 -0.101
v -0.168 1.171 -0.086
v -0.162 1.168 -0.086
v -0.158 1.174 -0.086
v -0.163 1.177 -0.086
v -0.172 1.173 -0.083
v -0.168 1.171 -0.086
v -0.163 1.177 -0.086
v -0.168 1.181 -0.083
v -0.176 1.174 -0.078
v -0.172 1.173 -0.083
v -0.168 1.181 -0.083
v -0.17 1.183 -0.077
v -0.173 1.172 -0.069
v -0.176 1.174 -0.078
v -0.17 1.183 -0.077
v -0.167 1.181 -0.069
v -0.141 1.118 -0.116
v -0.133 1.119 -0.121
v -0.128 1.112 -0.114
v -0.137 1.112 -0.109
v -0.125 1.215 -0.113
v -0.135 1.214 -0.107
v -0.136 1.209 -0.11
v -0.127 1.209 -0.115
v -0.135 1.214 -0.107
v -0.146 1.21 -0.103
v -0.145 1.205 -0.106
v -0.136 1.209 -0.11
v -0.146 1.21 -0.103
v -0.157 1.204 -0.1
v -0.155 1.2 -0.103
v -0.145 1.205 -0.106
v -0.157 1.204 -0.1
v -0.167 1.196 -0.099
v -0.163 1.193 -0.103
v -0.155 1.2 -0.103
v -0.168 1.186 -0.103
v -0.172 1.189 -0.1
v -0.177 1.181 -0.102
v -0.172 1.18 -0.105
v -0.177 1.181 -0.102
v -0.181 1.171 -0.106
v -0.176 1.172 -0.109
v -0.172 1.18 -0.105
v -0.181 1.171 -0.106
v -0.182 1.162 -0.112
v -0.177 1.163 -0.113
v -0.176 1.172 -0.109
v -0.182 1.162 -0.112
v -0.181 1.151 -0.12
v -0.175 1.153 -0.12
v -0.177 1.163 -0.113
v -0.181 1.151 -0.12
v -0.176 1.143 -0.129
v -0.172 1.146 -0.128
v -0.175 1.153 -0.12
v -0.167 1.141 -0.134
v -0.171 1.138 -0.135
v -0.164 1.134 -0.142
v -0.161 1.138 -0.14
v -0.164 1.134 -0.142
v -0.154 1.132 -0.151
v -0.152 1.136 -0.147
v -0.161 1.138 -0.14
v -0.115 1.213 -0.122
v -0.125 1.215 -0.113
v -0.127 1.209 -0.115
v -0.117 1.207 -0.123
v -0.106 1.206 -0.132
v -0.115 1.213 -0.122
v -0.117 1.207 -0.123
v -0.11 1.202 -0.131
v -0.1 1.198 -0.141
v -0.106 1.206 -0.132
v -0.11 1.202 -0.131
v -0.105 1.194 -0.14
v -0.098 1.188 -0.149
v -0.1 1.198 -0.141
v -0.105 1.194 -0.14
v -0.103 1.186 -0.147
v -0.098 1.179 -0.156
v -0.098 1.188 -0.149
v -0.103 1.186 -0.147
v -0.103 1.177 -0.153
v -0.101 1.168 -0.161
v -0.098 1.179 -0.156
v -0.103 1.177 -0.153
v -0.105 1.168 -0.158
v -0.107 1.157 -0.165
v -0.101 1.168 -0.161
v -0.105 1.168 -0.158
v -0.11 1.158 -0.161
v -0.115 1.147 -0.166
v -0.107 1.157 -0.165
v -0.11 1.158 -0.161
v -0.117 1.15 -0.162
v -0.124 1.14 -0.165
v -0.115 1.147 -0.166
v -0.117 1.15 -0.162
v -0.125 1.143 -0.161
v -0.134 1.135 -0.162
v -0.124 1.14 -0.165
v -0.125 1.143 -0.161
v -0.134 1.139 -0.158
v -0.144 1.132 -0.157
v -0.154 1.132 -0.151
v -0.155 1.126 -0.153
v -0.144 1.127 -0.159
v -0.144 1.132 -0.157
v -0.134 1.135 -0.162
v -0.134 1.139 -0.158
v -0.143 1.136 -0.153
v -0.154 1.132 -0.151
v -0.144 1.132 -0.157
v -0.143 1.136 -0.153
v -0.152 1.136 -0.147
v -0.134 1.135 -0.162
v -0.144 1.132 -0.157
v -0.144 1.127 -0.159
v -0.133 1.129 -0.164
v -0.124 1.14 -0.165
v -0.134 1.135 -0.162
v -0.133 1.129 -0.164
v -0.123 1.136 -0.167
v -0.115 1.147 -0.166
v -0.124 1.14 -0.165
v -0.123 1.136 -0.167
v -0.112 1.144 -0.168
v -0.107 1.157 -0.165
v -0.115 1.147 -0.166
v -0.112 1.144 -0.168
v -0.103 1.155 -0.167
v -0.101 1.168 -0.161
v -0.107 1.157 -0.165
v -0.103 1.155 -0.167
v -0.096 1.167 -0.163
v -0.098 1.179 -0.156
v -0.101 1.168 -0.161
v -0.096 1.167 -0.163
v -0.093 1.179 -0.157
v -0.098 1.188 -0.149
v -0.098 1.179 -0.156
v -0.093 1.179 -0.157
v -0.092 1.19 -0.15
v -0.1 1.198 -0.141
v -0.098 1.188 -0.149
v -0.092 1.19 -0.15
v -0.095 1.201 -0.141
v -0.106 1.206 -0.132
v -0.1 1.198 -0.141
v -0.095 1.201 -0.141
v -0.101 1.21 -0.13
v -0.115 1.213 -0.122
v -0.106 1.206 -0.132
v -0.101 1.21 -0.13
v -0.11 1.217 -0.119
v -0.125 1.215 -0.113
v -0.115 1.213 -0.122
v -0.11 1.217 -0.119
v -0.122 1.219 -0.109
v -0.135 1.214 -0.107
v -0.125 1.215 -0.113
v -0.122 1.219 -0.109
v -0.133 1.218 -0.102
v -0.146 1.21 -0.103
v -0.135 1.214 -0.107
v -0.133 1.218 -0.102
v -0.146 1.214 -0.097
v -0.157 1.204 -0.1
v -0.146 1.21 -0.103
v -0.146 1.214 -0.097
v -0.158 1.207 -0.094
v -0.167 1.196 -0.099
v -0.157 1.204 -0.1
v -0.158 1.207 -0.094
v -0.169 1.197 -0.093
v -0.172 1.189 -0.1
v -0.176 1.189 -0.095
v -0.18 1.181 -0.098
v -0.177 1.181 -0.102
v -0.181 1.171 -0.106
v -0.177 1.181 -0.102
v -0.18 1.181 -0.098
v -0.184 1.17 -0.102
v -0.182 1.162 -0.112
v -0.181 1.171 -0.106
v -0.184 1.17 -0.102
v -0.186 1.159 -0.108
v -0.181 1.151 -0.12
v -0.182 1.162 -0.112
v -0.186 1.159 -0.108
v -0.185 1.147 -0.117
v -0.176 1.143 -0.129
v -0.181 1.151 -0.12
v -0.185 1.147 -0.117
v -0.18 1.137 -0.127
v -0.171 1.138 -0.135
v -0.175 1.132 -0.135
v -0.167 1.128 -0.143
v -0.164 1.134 -0.142
v -0.154 1.132 -0.151
v -0.164 1.134 -0.142
v -0.167 1.128 -0.143
v -0.155 1.126 -0.153
v -0.175 1.132 -0.135
v -0.172 1.125 -0.129
v -0.165 1.12 -0.138
v -0.167 1.128 -0.143
v -0.164 1.128 -0.124
v -0.172 1.125 -0.129
v -0.178 1.131 -0.12
v -0.169 1.134 -0.116
v -0.164 1.128 -0.124
v -0.159 1.136 -0.125
v -0.153 1.132 -0.131
v -0.157 1.124 -0.131
v -0.169 1.17 -0.108
v -0.171 1.162 -0.113
v -0.168 1.155 -0.105
v -0.167 1.163 -0.1
v -0.183 1.142 -0.11
v -0.178 1.131 -0.12
v -0.18 1.137 -0.127
v -0.185 1.147 -0.117
v -0.185 1.154 -0.101
v -0.183 1.142 -0.11
v -0.185 1.147 -0.117
v -0.186 1.159 -0.108
v -0.183 1.165 -0.094
v -0.185 1.154 -0.101
v -0.186 1.159 -0.108
v -0.184 1.17 -0.102
v -0.179 1.176 -0.089
v -0.183 1.165 -0.094
v -0.184 1.17 -0.102
v -0.18 1.181 -0.098
v -0.176 1.189 -0.095
v -0.174 1.185 -0.086
v -0.179 1.176 -0.089
v -0.18 1.181 -0.098
v -0.169 1.197 -0.093
v -0.158 1.207 -0.094
v -0.155 1.204 -0.085
v -0.166 1.194 -0.085
v -0.146 1.214 -0.097
v -0.142 1.211 -0.089
v -0.155 1.204 -0.085
v -0.158 1.207 -0.094
v -0.129 1.216 -0.094
v -0.142 1.211 -0.089
v -0.146 1.214 -0.097
v -0.133 1.218 -0.102
v -0.117 1.217 -0.101
v -0.129 1.216 -0.094
v -0.133 1.218 -0.102
v -0.122 1.219 -0.109
v -0.105 1.215 -0.111
v -0.117 1.217 -0.101
v -0.122 1.219 -0.109
v -0.11 1.217 -0.119
v -0.094 1.208 -0.124
v -0.105 1.215 -0.111
v -0.11 1.217 -0.119
v -0.101 1.21 -0.13
v -0.087 1.199 -0.135
v -0.094 1.208 -0.124
v -0.101 1.21 -0.13
v -0.095 1.201 -0.141
v -0.084 1.188 -0.146
v -0.087 1.199 -0.135
v -0.095 1.201 -0.141
v -0.092 1.19 -0.15
v -0.093 1.179 -0.157
v -0.085 1.176 -0.154
v -0.084 1.188 -0.146
v -0.092 1.19 -0.15
v -0.089 1.164 -0.161
v -0.085 1.176 -0.154
v -0.093 1.179 -0.157
v -0.096 1.167 -0.163
v -0.096 1.15 -0.165
v -0.089 1.164 -0.161
v -0.096 1.167 -0.163
v -0.103 1.155 -0.167
v -0.106 1.138 -0.167
v -0.096 1.15 -0.165
v -0.103 1.155 -0.167
v -0.112 1.144 -0.168
v -0.106 1.138 -0.167
v -0.112 1.144 -0.168
v -0.123 1.136 -0.167
v -0.118 1.129 -0.165
v -0.129 1.122 -0.161
v -0.118 1.129 -0.165
v -0.123 1.136 -0.167
v -0.133 1.129 -0.164
v -0.141 1.119 -0.156
v -0.129 1.122 -0.161
v -0.133 1.129 -0.164
v -0.144 1.127 -0.159
v -0.144 1.127 -0.159
v -0.155 1.126 -0.153
v -0.152 1.118 -0.149
v -0.141 1.119 -0.156
v -0.152 1.118 -0.149
v -0.155 1.126 -0.153
v -0.167 1.128 -0.143
v -0.165 1.12 -0.138
v -0.178 1.131 -0.12
v -0.183 1.142 -0.11
v -0.174 1.142 -0.108
v -0.169 1.134 -0.116
v -0.175 1.152 -0.1
v -0.174 1.142 -0.108
v -0.183 1.142 -0.11
v -0.185 1.154 -0.101
v -0.183 1.165 -0.094
v -0.174 1.162 -0.094
v -0.175 1.152 -0.1
v -0.185 1.154 -0.101
v -0.17 1.172 -0.09
v -0.174 1.162 -0.094
v -0.183 1.165 -0.094
v -0.179 1.176 -0.089
v -0.165 1.18 -0.087
v -0.174 1.185 -0.086
v -0.166 1.194 -0.085
v -0.159 1.187 -0.086
v -0.159 1.187 -0.086
v -0.166 1.194 -0.085
v -0.155 1.204 -0.085
v -0.149 1.196 -0.086
v -0.139 1.202 -0.089
v -0.149 1.196 -0.086
v -0.155 1.204 -0.085
v -0.142 1.211 -0.089
v -0.127 1.206 -0.094
v -0.139 1.202 -0.089
v -0.142 1.211 -0.089
v -0.129 1.216 -0.094
v -0.116 1.207 -0.1
v -0.127 1.206 -0.094
v -0.129 1.216 -0.094
v -0.117 1.217 -0.101
v -0.105 1.215 -0.111
v -0.106 1.205 -0.108
v -0.116 1.207 -0.1
v -0.117 1.217 -0.101
v -0.096 1.199 -0.119
v -0.106 1.205 -0.108
v -0.105 1.215 -0.111
v -0.094 1.208 -0.124
v -0.09 1.191 -0.129
v -0.096 1.199 -0.119
v -0.094 1.208 -0.124
v -0.087 1.199 -0.135
v -0.086 1.181 -0.138
v -0.09 1.191 -0.129
v -0.087 1.199 -0.135
v -0.084 1.188 -0.146
v -0.086 1.171 -0.146
v -0.086 1.181 -0.138
v -0.084 1.188 -0.146
v -0.085 1.176 -0.154
v -0.089 1.16 -0.152
v -0.086 1.171 -0.146
v -0.085 1.176 -0.154
v -0.089 1.164 -0.161
v -0.096 1.148 -0.155
v -0.089 1.16 -0.152
v -0.089 1.164 -0.161
v -0.096 1.15 -0.165
v -0.105 1.137 -0.156
v -0.096 1.148 -0.155
v -0.096 1.15 -0.165
v -0.106 1.138 -0.167
v -0.106 1.138 -0.167
v -0.118 1.129 -0.165
v -0.116 1.129 -0.155
v -0.105 1.137 -0.156
v -0.118 1.129 -0.165
v -0.129 1.122 -0.161
v -0.126 1.124 -0.151
v -0.116 1.129 -0.155
v -0.136 1.121 -0.147
v -0.126 1.124 -0.151
v -0.129 1.122 -0.161
v -0.141 1.119 -0.156
v -0.141 1.119 -0.156
v -0.152 1.118 -0.149
v -0.146 1.121 -0.14
v -0.136 1.121 -0.147
v -0.157 1.124 -0.131
v -0.146 1.121 -0.14
v -0.152 1.118 -0.149
v -0.165 1.12 -0.138
v -0.167 1.148 -0.111
v -0.163 1.141 -0.119
v -0.169 1.134 -0.116
v -0.174 1.142 -0.108
v -0.174 1.142 -0.108
v -0.175 1.152 -0.1
v -0.168 1.155 -0.105
v -0.167 1.148 -0.111
v -0.167 1.163 -0.1
v -0.168 1.155 -0.105
v -0.175 1.152 -0.1
v -0.174 1.162 -0.094
v -0.164 1.171 -0.096
v -0.167 1.163 -0.1
v -0.174 1.162 -0.094
v -0.17 1.172 -0.09
v -0.165 1.18 -0.087
v -0.16 1.178 -0.094
v -0.164 1.171 -0.096
v -0.17 1.172 -0.09
v -0.154 1.184 -0.093
v -0.159 1.187 -0.086
v -0.149 1.196 -0.086
v -0.146 1.191 -0.093
v -0.139 1.202 -0.089
v -0.138 1.196 -0.095
v -0.146 1.191 -0.093
v -0.149 1.196 -0.086
v -0.128 1.199 -0.099
v -0.138 1.196 -0.095
v -0.139 1.202 -0.089
v -0.127 1.206 -0.094
v -0.12 1.2 -0.104
v -0.128 1.199 -0.099
v -0.127 1.206 -0.094
v -0.116 1.207 -0.1
v -0.111 1.198 -0.111
v -0.12 1.2 -0.104
v -0.116 1.207 -0.1
v -0.106 1.205 -0.108
v -0.103 1.193 -0.12
v -0.111 1.198 -0.111
v -0.106 1.205 -0.108
v -0.096 1.199 -0.119
v -0.103 1.193 -0.12
v -0.096 1.199 -0.119
v -0.09 1.191 -0.129
v -0.097 1.186 -0.128
v -0.094 1.178 -0.135
v -0.097 1.186 -0.128
v -0.09 1.191 -0.129
v -0.086 1.181 -0.138
v -0.086 1.181 -0.138
v -0.086 1.171 -0.146
v -0.094 1.169 -0.141
v -0.094 1.178 -0.135
v -0.089 1.16 -0.152
v -0.096 1.16 -0.146
v -0.094 1.169 -0.141
v -0.086 1.171 -0.146
v -0.102 1.151 -0.149
v -0.096 1.16 -0.146
v -0.089 1.16 -0.152
v -0.096 1.148 -0.155
v -0.11 1.142 -0.15
v -0.102 1.151 -0.149
v -0.096 1.148 -0.155
v -0.105 1.137 -0.156
v -0.119 1.136 -0.149
v -0.11 1.142 -0.15
v -0.105 1.137 -0.156
v -0.116 1.129 -0.155
v -0.127 1.132 -0.146
v -0.119 1.136 -0.149
v -0.116 1.129 -0.155
v -0.126 1.124 -0.151
v -0.136 1.129 -0.142
v -0.127 1.132 -0.146
v -0.126 1.124 -0.151
v -0.136 1.121 -0.147
v -0.136 1.129 -0.142
v -0.136 1.121 -0.147
v -0.146 1.121 -0.14
v -0.145 1.129 -0.137
v -0.157 1.124 -0.131
v -0.153 1.132 -0.131
v -0.145 1.129 -0.137
v -0.146 1.121 -0.14
v -0.163 1.142 -0.131
v -0.167 1.141 -0.134
v -0.161 1.138 -0.14
v -0.157 1.139 -0.136
v -0.133 1.14 -0.151
v -0.125 1.145 -0.154
v -0.119 1.136 -0.149
v -0.127 1.132 -0.146
v -0.118 1.151 -0.154
v -0.112 1.158 -0.153
v -0.102 1.151 -0.149
v -0.11 1.142 -0.15
v -0.112 1.158 -0.153
v -0.107 1.166 -0.15
v -0.096 1.16 -0.146
v -0.102 1.151 -0.149
v -0.107 1.166 -0.15
v -0.105 1.173 -0.146
v -0.094 1.169 -0.141
v -0.096 1.16 -0.146
v -0.105 1.173 -0.146
v -0.105 1.181 -0.141
v -0.094 1.178 -0.135
v -0.094 1.169 -0.141
v -0.105 1.181 -0.141
v -0.106 1.189 -0.135
v -0.097 1.186 -0.128
v -0.094 1.178 -0.135
v -0.106 1.189 -0.135
v -0.111 1.195 -0.128
v -0.103 1.193 -0.12
v -0.097 1.186 -0.128
v -0.142 1.199 -0.106
v -0.151 1.194 -0.104
v -0.146 1.191 -0.093
v -0.138 1.196 -0.095
v -0.118 1.2 -0.12
v -0.126 1.202 -0.114
v -0.12 1.2 -0.104
v -0.111 1.198 -0.111
v -0.141 1.138 -0.147
v -0.133 1.14 -0.151
v -0.127 1.132 -0.146
v -0.136 1.129 -0.142
v -0.134 1.202 -0.11
v -0.142 1.199 -0.106
v -0.138 1.196 -0.095
v -0.128 1.199 -0.099
v -0.164 1.171 -0.096
v -0.16 1.178 -0.094
v -0.163 1.183 -0.104
v -0.166 1.177 -0.106
v -0.151 1.194 -0.104
v -0.158 1.188 -0.103
v -0.154 1.184 -0.093
v -0.146 1.191 -0.093
v -0.166 1.177 -0.106
v -0.169 1.17 -0.108
v -0.167 1.163 -0.1
v -0.164 1.171 -0.096
v -0.125 1.145 -0.154
v -0.118 1.151 -0.154
v -0.11 1.142 -0.15
v -0.119 1.136 -0.149
v -0.171 1.162 -0.113
v -0.17 1.154 -0.119
v -0.167 1.148 -0.111
v -0.168 1.155 -0.105
v -0.153 1.132 -0.131
v -0.159 1.136 -0.125
v -0.163 1.142 -0.131
v -0.157 1.139 -0.136
v -0.111 1.195 -0.128
v -0.118 1.2 -0.12
v -0.111 1.198 -0.111
v -0.103 1.193 -0.12
v -0.17 1.154 -0.119
v -0.167 1.147 -0.125
v -0.163 1.141 -0.119
v -0.167 1.148 -0.111
v -0.163 1.183 -0.104
v -0.16 1.178 -0.094
v -0.154 1.184 -0.093
v -0.158 1.188 -0.103
v -0.157 1.139 -0.136
v -0.149 1.137 -0.142
v -0.145 1.129 -0.137
v -0.153 1.132 -0.131
v -0.167 1.147 -0.125
v -0.17 1.154 -0.119
v -0.175 1.153 -0.12
v -0.172 1.146 -0.128
v -0.17 1.154 -0.119
v -0.171 1.162 -0.113
v -0.177 1.163 -0.113
v -0.175 1.153 -0.12
v -0.171 1.162 -0.113
v -0.169 1.17 -0.108
v -0.176 1.172 -0.109
v -0.177 1.163 -0.113
v -0.169 1.17 -0.108
v -0.166 1.177 -0.106
v -0.172 1.18 -0.105
v -0.176 1.172 -0.109
v -0.163 1.183 -0.104
v -0.168 1.186 -0.103
v -0.172 1.18 -0.105
v -0.166 1.177 -0.106
v -0.158 1.188 -0.103
v -0.151 1.194 -0.104
v -0.155 1.2 -0.103
v -0.163 1.193 -0.103
v -0.151 1.194 -0.104
v -0.142 1.199 -0.106
v -0.145 1.205 -0.106
v -0.155 1.2 -0.103
v -0.142 1.199 -0.106
v -0.134 1.202 -0.11
v -0.136 1.209 -0.11
v -0.145 1.205 -0.106
v -0.134 1.202 -0.11
v -0.126 1.202 -0.114
v -0.127 1.209 -0.115
v -0.136 1.209 -0.11
v -0.118 1.2 -0.12
v -0.111 1.195 -0.128
v -0.11 1.202 -0.131
v -0.117 1.207 -0.123
v -0.111 1.195 -0.128
v -0.106 1.189 -0.135
v -0.105 1.194 -0.14
v -0.11 1.202 -0.131
v -0.106 1.189 -0.135
v -0.105 1.181 -0.141
v -0.103 1.186 -0.147
v -0.105 1.194 -0.14
v -0.105 1.181 -0.141
v -0.105 1.173 -0.146
v -0.103 1.177 -0.153
v -0.103 1.186 -0.147
v -0.105 1.173 -0.146
v -0.107 1.166 -0.15
v -0.105 1.168 -0.158
v -0.103 1.177 -0.153
v -0.107 1.166 -0.15
v -0.112 1.158 -0.153
v -0.11 1.158 -0.161
v -0.105 1.168 -0.158
v -0.112 1.158 -0.153
v -0.118 1.151 -0.154
v -0.117 1.15 -0.162
v -0.11 1.158 -0.161
v -0.118 1.151 -0.154
v -0.125 1.145 -0.154
v -0.125 1.143 -0.161
v -0.117 1.15 -0.162
v -0.125 1.145 -0.154
v -0.133 1.14 -0.151
v -0.134 1.139 -0.158
v -0.125 1.143 -0.161
v -0.133 1.14 -0.151
v -0.141 1.138 -0.147
v -0.143 1.136 -0.153
v -0.134 1.139 -0.158
v -0.141 1.138 -0.147
v -0.149 1.137 -0.142
v -0.152 1.136 -0.147
v -0.143 1.136 -0.153
v -0.149 1.137 -0.142
v -0.157 1.139 -0.136
v -0.161 1.138 -0.14
v -0.152 1.136 -0.147
v -0.126 1.202 -0.114
v -0.118 1.2 -0.12
v -0.117 1.207 -0.123
v -0.127 1.209 -0.115
v -0.172 1.125 -0.129
v -0.164 1.128 -0.124
v -0.157 1.124 -0.131
v -0.165 1.12 -0.138
v -0.159 1.136 -0.125
v -0.164 1.128 -0.124
v -0.169 1.134 -0.116
v -0.163 1.141 -0.119
v -0.126 1.202 -0.114
v -0.134 1.202 -0.11
v -0.128 1.199 -0.099
v -0.12 1.2 -0.104
v -0.167 1.141 -0.134
v -0.163 1.142 -0.131
v -0.167 1.147 -0.125
v -0.172 1.146 -0.128
v -0.171 1.138 -0.135
v -0.167 1.141 -0.134
v -0.172 1.146 -0.128
v -0.176 1.143 -0.129
v -0.175 1.132 -0.135
v -0.171 1.138 -0.135
v -0.176 1.143 -0.129
v -0.18 1.137 -0.127
v -0.172 1.125 -0.129
v -0.175 1.132 -0.135
v -0.18 1.137 -0.127
v -0.178 1.131 -0.12
v -0.174 1.185 -0.086
v -0.165 1.18 -0.087
v -0.17 1.172 -0.09
v -0.179 1.176 -0.089
v -0.16 1.178 -0.094
v -0.165 1.18 -0.087
v -0.159 1.187 -0.086
v -0.154 1.184 -0.093
v -0.163 1.142 -0.131
v -0.159 1.136 -0.125
v -0.163 1.141 -0.119
v -0.167 1.147 -0.125
v -0.168 1.186 -0.103
v -0.163 1.183 -0.104
v -0.158 1.188 -0.103
v -0.163 1.193 -0.103
v -0.172 1.189 -0.1
v -0.168 1.186 -0.103
v -0.163 1.193 -0.103
v -0.167 1.196 -0.099
v -0.176 1.189 -0.095
v -0.172 1.189 -0.1
v -0.167 1.196 -0.099
v -0.169 1.197 -0.093
v -0.174 1.185 -0.086
v -0.176 1.189 -0.095
v -0.169 1.197 -0.093
v -0.166 1.194 -0.085
v -0.149 1.137 -0.142
v -0.141 1.138 -0.147
v -0.136 1.129 -0.142
v -0.145 1.129 -0.137
v 0.234 1.218 0.047
v 0.235 1.212 0.047
v 0.239 1.212 0.057
v 0.238 1.218 0.058
v 0.238 1.218 0.058
v 0.239 1.212 0.057
v 0.243 1.209 0.066
v 0.244 1.215 0.069
v 0.244 1.215 0.069
v 0.243 1.209 0.066
v 0.249 1.204 0.075
v 0.249 1.209 0.079
v 0.249 1.209 0.079
v 0.249 1.204 0.075
v 0.254 1.197 0.082
v 0.255 1.2 0.087
v 0.257 1.19 0.086
v 0.26 1.184 0.088
v 0.262 1.185 0.092
v 0.259 1.193 0.09
v 0.262 1.185 0.092
v 0.26 1.184 0.088
v 0.263 1.174 0.089
v 0.265 1.174 0.093
v 0.265 1.174 0.093
v 0.263 1.174 0.089
v 0.265 1.164 0.087
v 0.268 1.163 0.092
v 0.268 1.163 0.092
v 0.265 1.164 0.087
v 0.266 1.153 0.083
v 0.269 1.151 0.086
v 0.269 1.151 0.086
v 0.266 1.153 0.083
v 0.266 1.144 0.076
v 0.269 1.141 0.078
v 0.265 1.139 0.069
v 0.263 1.134 0.061
v 0.266 1.13 0.062
v 0.268 1.135 0.071
v 0.266 1.13 0.062
v 0.263 1.134 0.061
v 0.259 1.131 0.05
v 0.262 1.126 0.049
v 0.23 1.214 0.034
v 0.232 1.209 0.036
v 0.235 1.212 0.047
v 0.234 1.218 0.047
v 0.228 1.206 0.023
v 0.229 1.202 0.026
v 0.232 1.209 0.036
v 0.23 1.214 0.034
v 0.227 1.196 0.013
v 0.229 1.193 0.017
v 0.229 1.202 0.026
v 0.228 1.206 0.023
v 0.228 1.184 0.007
v 0.229 1.182 0.012
v 0.229 1.193 0.017
v 0.227 1.196 0.013
v 0.23 1.173 0.004
v 0.231 1.172 0.009
v 0.229 1.182 0.012
v 0.228 1.184 0.007
v 0.233 1.162 0.003
v 0.234 1.162 0.008
v 0.231 1.172 0.009
v 0.23 1.173 0.004
v 0.238 1.15 0.006
v 0.238 1.152 0.01
v 0.234 1.162 0.008
v 0.233 1.162 0.003
v 0.243 1.14 0.011
v 0.243 1.143 0.015
v 0.238 1.152 0.01
v 0.238 1.15 0.006
v 0.248 1.132 0.019
v 0.247 1.136 0.022
v 0.243 1.143 0.015
v 0.243 1.14 0.011
v 0.253 1.127 0.028
v 0.252 1.132 0.031
v 0.247 1.136 0.022
v 0.248 1.132 0.019
v 0.258 1.125 0.038
v 0.258 1.12 0.037
v 0.263 1.121 0.049
v 0.262 1.126 0.049
v 0.258 1.125 0.038
v 0.256 1.13 0.04
v 0.252 1.132 0.031
v 0.253 1.127 0.028
v 0.262 1.126 0.049
v 0.259 1.131 0.05
v 0.256 1.13 0.04
v 0.258 1.125 0.038
v 0.253 1.127 0.028
v 0.253 1.122 0.027
v 0.258 1.12 0.037
v 0.258 1.125 0.038
v 0.248 1.132 0.019
v 0.247 1.128 0.017
v 0.253 1.122 0.027
v 0.253 1.127 0.028
v 0.243 1.14 0.011
v 0.242 1.136 0.009
v 0.247 1.128 0.017
v 0.248 1.132 0.019
v 0.238 1.15 0.006
v 0.235 1.148 0.002
v 0.242 1.136 0.009
v 0.243 1.14 0.011
v 0.233 1.162 0.003
v 0.23 1.161 -0.001
v 0.235 1.148 0.002
v 0.238 1.15 0.006
v 0.23 1.173 0.004
v 0.227 1.174 0
v 0.23 1.161 -0.001
v 0.233 1.162 0.003
v 0.228 1.184 0.007
v 0.224 1.186 0.003
v 0.227 1.174 0
v 0.23 1.173 0.004
v 0.227 1.196 0.013
v 0.223 1.198 0.01
v 0.224 1.186 0.003
v 0.228 1.184 0.007
v 0.228 1.206 0.023
v 0.224 1.21 0.02
v 0.223 1.198 0.01
v 0.227 1.196 0.013
v 0.23 1.214 0.034
v 0.226 1.218 0.034
v 0.224 1.21 0.02
v 0.228 1.206 0.023
v 0.234 1.218 0.047
v 0.23 1.223 0.048
v 0.226 1.218 0.034
v 0.23 1.214 0.034
v 0.238 1.218 0.058
v 0.235 1.223 0.06
v 0.23 1.223 0.048
v 0.234 1.218 0.047
v 0.244 1.215 0.069
v 0.241 1.219 0.072
v 0.235 1.223 0.06
v 0.238 1.218 0.058
v 0.249 1.209 0.079
v 0.248 1.213 0.083
v 0.241 1.219 0.072
v 0.244 1.215 0.069
v 0.255 1.2 0.087
v 0.254 1.203 0.092
v 0.248 1.213 0.083
v 0.249 1.209 0.079
v 0.259 1.193 0.09
v 0.262 1.185 0.092
v 0.262 1.186 0.098
v 0.258 1.195 0.096
v 0.265 1.174 0.093
v 0.266 1.174 0.099
v 0.262 1.186 0.098
v 0.262 1.185 0.092
v 0.268 1.163 0.092
v 0.268 1.162 0.097
v 0.266 1.174 0.099
v 0.265 1.174 0.093
v 0.269 1.151 0.086
v 0.27 1.148 0.091
v 0.268 1.162 0.097
v 0.268 1.163 0.092
v 0.269 1.141 0.078
v 0.27 1.136 0.082
v 0.27 1.148 0.091
v 0.269 1.151 0.086
v 0.268 1.135 0.071
v 0.266 1.13 0.062
v 0.267 1.125 0.063
v 0.269 1.13 0.074
v 0.262 1.126 0.049
v 0.263 1.121 0.049
v 0.267 1.125 0.063
v 0.266 1.13 0.062
v 0.269 1.13 0.074
v 0.267 1.125 0.063
v 0.261 1.119 0.067
v 0.263 1.125 0.078
v 0.255 1.13 0.077
v 0.256 1.137 0.084
v 0.264 1.133 0.087
v 0.263 1.125 0.078
v 0.255 1.13 0.077
v 0.253 1.124 0.067
v 0.252 1.131 0.064
v 0.254 1.136 0.072
v 0.258 1.173 0.086
v 0.251 1.169 0.092
v 0.253 1.16 0.09
v 0.26 1.164 0.085
v 0.264 1.145 0.096
v 0.27 1.148 0.091
v 0.27 1.136 0.082
v 0.264 1.133 0.087
v 0.263 1.158 0.102
v 0.268 1.162 0.097
v 0.27 1.148 0.091
v 0.264 1.145 0.096
v 0.26 1.171 0.104
v 0.266 1.174 0.099
v 0.268 1.162 0.097
v 0.263 1.158 0.102
v 0.256 1.184 0.104
v 0.262 1.186 0.098
v 0.266 1.174 0.099
v 0.26 1.171 0.104
v 0.258 1.195 0.096
v 0.262 1.186 0.098
v 0.256 1.184 0.104
v 0.252 1.193 0.101
v 0.254 1.203 0.092
v 0.247 1.202 0.097
v 0.24 1.212 0.088
v 0.248 1.213 0.083
v 0.241 1.219 0.072
v 0.248 1.213 0.083
v 0.24 1.212 0.088
v 0.234 1.219 0.076
v 0.228 1.222 0.064
v 0.235 1.223 0.06
v 0.241 1.219 0.072
v 0.234 1.219 0.076
v 0.222 1.223 0.051
v 0.23 1.223 0.048
v 0.235 1.223 0.06
v 0.228 1.222 0.064
v 0.218 1.219 0.036
v 0.226 1.218 0.034
v 0.23 1.223 0.048
v 0.222 1.223 0.051
v 0.215 1.21 0.022
v 0.224 1.21 0.02
v 0.226 1.218 0.034
v 0.218 1.219 0.036
v 0.215 1.199 0.01
v 0.223 1.198 0.01
v 0.224 1.21 0.02
v 0.215 1.21 0.022
v 0.216 1.185 0.002
v 0.224 1.186 0.003
v 0.223 1.198 0.01
v 0.215 1.199 0.01
v 0.227 1.174 0
v 0.224 1.186 0.003
v 0.216 1.185 0.002
v 0.219 1.172 -0.002
v 0.223 1.159 -0.003
v 0.23 1.161 -0.001
v 0.227 1.174 0
v 0.219 1.172 -0.002
v 0.229 1.144 0
v 0.235 1.148 0.002
v 0.23 1.161 -0.001
v 0.223 1.159 -0.003
v 0.236 1.131 0.008
v 0.242 1.136 0.009
v 0.235 1.148 0.002
v 0.229 1.144 0
v 0.236 1.131 0.008
v 0.242 1.122 0.017
v 0.247 1.128 0.017
v 0.242 1.136 0.009
v 0.247 1.117 0.028
v 0.253 1.122 0.027
v 0.247 1.128 0.017
v 0.242 1.122 0.017
v 0.253 1.114 0.039
v 0.258 1.12 0.037
v 0.253 1.122 0.027
v 0.247 1.117 0.028
v 0.258 1.12 0.037
v 0.253 1.114 0.039
v 0.257 1.114 0.052
v 0.263 1.121 0.049
v 0.257 1.114 0.052
v 0.261 1.119 0.067
v 0.267 1.125 0.063
v 0.263 1.121 0.049
v 0.264 1.133 0.087
v 0.256 1.137 0.084
v 0.256 1.147 0.092
v 0.264 1.145 0.096
v 0.255 1.158 0.098
v 0.263 1.158 0.102
v 0.264 1.145 0.096
v 0.256 1.147 0.092
v 0.26 1.171 0.104
v 0.263 1.158 0.102
v 0.255 1.158 0.098
v 0.252 1.169 0.1
v 0.249 1.18 0.099
v 0.256 1.184 0.104
v 0.26 1.171 0.104
v 0.252 1.169 0.1
v 0.245 1.188 0.097
v 0.241 1.197 0.093
v 0.247 1.202 0.097
v 0.252 1.193 0.101
v 0.241 1.197 0.093
v 0.235 1.205 0.085
v 0.24 1.212 0.088
v 0.247 1.202 0.097
v 0.23 1.211 0.076
v 0.234 1.219 0.076
v 0.24 1.212 0.088
v 0.235 1.205 0.085
v 0.224 1.215 0.064
v 0.228 1.222 0.064
v 0.234 1.219 0.076
v 0.23 1.211 0.076
v 0.219 1.215 0.053
v 0.222 1.223 0.051
v 0.228 1.222 0.064
v 0.224 1.215 0.064
v 0.218 1.219 0.036
v 0.222 1.223 0.051
v 0.219 1.215 0.053
v 0.215 1.211 0.04
v 0.213 1.203 0.028
v 0.215 1.21 0.022
v 0.218 1.219 0.036
v 0.215 1.211 0.04
v 0.212 1.193 0.017
v 0.215 1.199 0.01
v 0.215 1.21 0.022
v 0.213 1.203 0.028
v 0.212 1.182 0.01
v 0.216 1.185 0.002
v 0.215 1.199 0.01
v 0.212 1.193 0.017
v 0.215 1.17 0.005
v 0.219 1.172 -0.002
v 0.216 1.185 0.002
v 0.212 1.182 0.01
v 0.218 1.157 0.004
v 0.223 1.159 -0.003
v 0.219 1.172 -0.002
v 0.215 1.17 0.005
v 0.223 1.145 0.008
v 0.229 1.144 0
v 0.223 1.159 -0.003
v 0.218 1.157 0.004
v 0.229 1.134 0.014
v 0.236 1.131 0.008
v 0.229 1.144 0
v 0.223 1.145 0.008
v 0.236 1.131 0.008
v 0.229 1.134 0.014
v 0.235 1.126 0.023
v 0.242 1.122 0.017
v 0.242 1.122 0.017
v 0.235 1.126 0.023
v 0.24 1.121 0.033
v 0.247 1.117 0.028
v 0.245 1.119 0.043
v 0.253 1.114 0.039
v 0.247 1.117 0.028
v 0.24 1.121 0.033
v 0.253 1.114 0.039
v 0.245 1.119 0.043
v 0.249 1.119 0.054
v 0.257 1.114 0.052
v 0.253 1.124 0.067
v 0.261 1.119 0.067
v 0.257 1.114 0.052
v 0.249 1.119 0.054
v 0.254 1.151 0.086
v 0.256 1.147 0.092
v 0.256 1.137 0.084
v 0.254 1.142 0.079
v 0.256 1.147 0.092
v 0.254 1.151 0.086
v 0.253 1.16 0.09
v 0.255 1.158 0.098
v 0.251 1.169 0.092
v 0.252 1.169 0.1
v 0.255 1.158 0.098
v 0.253 1.16 0.09
v 0.248 1.178 0.091
v 0.249 1.18 0.099
v 0.252 1.169 0.1
v 0.251 1.169 0.092
v 0.245 1.188 0.097
v 0.249 1.18 0.099
v 0.248 1.178 0.091
v 0.244 1.185 0.089
v 0.241 1.192 0.086
v 0.236 1.199 0.08
v 0.235 1.205 0.085
v 0.241 1.197 0.093
v 0.23 1.211 0.076
v 0.235 1.205 0.085
v 0.236 1.199 0.08
v 0.231 1.204 0.072
v 0.226 1.207 0.063
v 0.224 1.215 0.064
v 0.23 1.211 0.076
v 0.231 1.204 0.072
v 0.222 1.207 0.053
v 0.219 1.215 0.053
v 0.224 1.215 0.064
v 0.226 1.207 0.063
v 0.219 1.204 0.042
v 0.215 1.211 0.04
v 0.219 1.215 0.053
v 0.222 1.207 0.053
v 0.217 1.197 0.031
v 0.213 1.203 0.028
v 0.215 1.211 0.04
v 0.219 1.204 0.042
v 0.217 1.197 0.031
v 0.216 1.188 0.023
v 0.212 1.193 0.017
v 0.213 1.203 0.028
v 0.216 1.179 0.017
v 0.212 1.182 0.01
v 0.212 1.193 0.017
v 0.216 1.188 0.023
v 0.212 1.182 0.01
v 0.216 1.179 0.017
v 0.217 1.169 0.013
v 0.215 1.17 0.005
v 0.218 1.157 0.004
v 0.215 1.17 0.005
v 0.217 1.169 0.013
v 0.22 1.159 0.013
v 0.224 1.148 0.015
v 0.223 1.145 0.008
v 0.218 1.157 0.004
v 0.22 1.159 0.013
v 0.23 1.139 0.021
v 0.229 1.134 0.014
v 0.223 1.145 0.008
v 0.224 1.148 0.015
v 0.235 1.133 0.028
v 0.235 1.126 0.023
v 0.229 1.134 0.014
v 0.23 1.139 0.021
v 0.24 1.129 0.036
v 0.24 1.121 0.033
v 0.235 1.126 0.023
v 0.235 1.133 0.028
v 0.244 1.127 0.045
v 0.245 1.119 0.043
v 0.24 1.121 0.033
v 0.24 1.129 0.036
v 0.244 1.127 0.045
v 0.248 1.128 0.054
v 0.249 1.119 0.054
v 0.245 1.119 0.043
v 0.253 1.124 0.067
v 0.249 1.119 0.054
v 0.248 1.128 0.054
v 0.252 1.131 0.064
v 0.26 1.14 0.069
v 0.258 1.136 0.061
v 0.263 1.134 0.061
v 0.265 1.139 0.069
v 0.248 1.135 0.034
v 0.24 1.129 0.036
v 0.235 1.133 0.028
v 0.244 1.139 0.027
v 0.239 1.145 0.021
v 0.23 1.139 0.021
v 0.224 1.148 0.015
v 0.235 1.153 0.017
v 0.235 1.153 0.017
v 0.224 1.148 0.015
v 0.22 1.159 0.013
v 0.231 1.162 0.015
v 0.231 1.162 0.015
v 0.22 1.159 0.013
v 0.217 1.169 0.013
v 0.229 1.171 0.015
v 0.229 1.171 0.015
v 0.217 1.169 0.013
v 0.216 1.179 0.017
v 0.227 1.18 0.018
v 0.227 1.18 0.018
v 0.216 1.179 0.017
v 0.216 1.188 0.023
v 0.227 1.189 0.022
v 0.227 1.189 0.022
v 0.216 1.188 0.023
v 0.217 1.197 0.031
v 0.227 1.197 0.03
v 0.241 1.204 0.066
v 0.231 1.204 0.072
v 0.236 1.199 0.08
v 0.245 1.2 0.074
v 0.23 1.203 0.039
v 0.219 1.204 0.042
v 0.222 1.207 0.053
v 0.233 1.206 0.049
v 0.251 1.133 0.042
v 0.244 1.127 0.045
v 0.24 1.129 0.036
v 0.248 1.135 0.034
v 0.237 1.206 0.058
v 0.226 1.207 0.063
v 0.231 1.204 0.072
v 0.241 1.204 0.066
v 0.248 1.178 0.091
v 0.255 1.181 0.085
v 0.253 1.187 0.083
v 0.244 1.185 0.089
v 0.245 1.2 0.074
v 0.236 1.199 0.08
v 0.241 1.192 0.086
v 0.25 1.193 0.08
v 0.255 1.181 0.085
v 0.248 1.178 0.091
v 0.251 1.169 0.092
v 0.258 1.173 0.086
v 0.244 1.139 0.027
v 0.235 1.133 0.028
v 0.23 1.139 0.021
v 0.239 1.145 0.021
v 0.26 1.164 0.085
v 0.253 1.16 0.09
v 0.254 1.151 0.086
v 0.261 1.154 0.081
v 0.252 1.131 0.064
v 0.258 1.136 0.061
v 0.26 1.14 0.069
v 0.254 1.136 0.072
v 0.227 1.197 0.03
v 0.217 1.197 0.031
v 0.219 1.204 0.042
v 0.23 1.203 0.039
v 0.261 1.154 0.081
v 0.254 1.151 0.086
v 0.254 1.142 0.079
v 0.261 1.146 0.075
v 0.253 1.187 0.083
v 0.25 1.193 0.08
v 0.241 1.192 0.086
v 0.244 1.185 0.089
v 0.258 1.136 0.061
v 0.252 1.131 0.064
v 0.248 1.128 0.054
v 0.255 1.133 0.052
v 0.261 1.146 0.075
v 0.266 1.144 0.076
v 0.266 1.153 0.083
v 0.261 1.154 0.081
v 0.261 1.154 0.081
v 0.266 1.153 0.083
v 0.265 1.164 0.087
v 0.26 1.164 0.085
v 0.26 1.164 0.085
v 0.265 1.164 0.087
v 0.263 1.174 0.089
v 0.258 1.173 0.086
v 0.258 1.173 0.086
v 0.263 1.174 0.089
v 0.26 1.184 0.088
v 0.255 1.181 0.085
v 0.253 1.187 0.083
v 0.255 1.181 0.085
v 0.26 1.184 0.088
v 0.257 1.19 0.086
v 0.25 1.193 0.08
v 0.254 1.197 0.082
v 0.249 1.204 0.075
v 0.245 1.2 0.074
v 0.245 1.2 0.074
v 0.249 1.204 0.075
v 0.243 1.209 0.066
v 0.241 1.204 0.066
v 0.241 1.204 0.066
v 0.243 1.209 0.066
v 0.239 1.212 0.057
v 0.237 1.206 0.058
v 0.237 1.206 0.058
v 0.239 1.212 0.057
v 0.235 1.212 0.047
v 0.233 1.206 0.049
v 0.23 1.203 0.039
v 0.232 1.209 0.036
v 0.229 1.202 0.026
v 0.227 1.197 0.03
v 0.227 1.197 0.03
v 0.229 1.202 0.026
v 0.229 1.193 0.017
v 0.227 1.189 0.022
v 0.227 1.189 0.022
v 0.229 1.193 0.017
v 0.229 1.182 0.012
v 0.227 1.18 0.018
v 0.227 1.18 0.018
v 0.229 1.182 0.012
v 0.231 1.172 0.009
v 0.229 1.171 0.015
v 0.229 1.171 0.015
v 0.231 1.172 0.009
v 0.234 1.162 0.008
v 0.231 1.162 0.015
v 0.231 1.162 0.015
v 0.234 1.162 0.008
v 0.238 1.152 0.01
v 0.235 1.153 0.017
v 0.235 1.153 0.017
v 0.238 1.152 0.01
v 0.243 1.143 0.015
v 0.239 1.145 0.021
v 0.239 1.145 0.021
v 0.243 1.143 0.015
v 0.247 1.136 0.022
v 0.244 1.139 0.027
v 0.244 1.139 0.027
v 0.247 1.136 0.022
v 0.252 1.132 0.031
v 0.248 1.135 0.034
v 0.248 1.135 0.034
v 0.252 1.132 0.031
v 0.256 1.13 0.04
v 0.251 1.133 0.042
v 0.251 1.133 0.042
v 0.256 1.13 0.04
v 0.259 1.131 0.05
v 0.255 1.133 0.052
v 0.255 1.133 0.052
v 0.259 1.131 0.05
v 0.263 1.134 0.061
v 0.258 1.136 0.061
v 0.233 1.206 0.049
v 0.235 1.212 0.047
v 0.232 1.209 0.036
v 0.23 1.203 0.039
v 0.263 1.125 0.078
v 0.261 1.119 0.067
v 0.253 1.124 0.067
v 0.255 1.13 0.077
v 0.254 1.136 0.072
v 0.254 1.142 0.079
v 0.256 1.137 0.084
v 0.255 1.13 0.077
v 0.233 1.206 0.049
v 0.222 1.207 0.053
v 0.226 1.207 0.063
v 0.237 1.206 0.058
v 0.265 1.139 0.069
v 0.266 1.144 0.076
v 0.261 1.146 0.075
v 0.26 1.14 0.069
v 0.268 1.135 0.071
v 0.269 1.141 0.078
v 0.266 1.144 0.076
v 0.265 1.139 0.069
v 0.269 1.13 0.074
v 0.27 1.136 0.082
v 0.269 1.141 0.078
v 0.268 1.135 0.071
v 0.263 1.125 0.078
v 0.264 1.133 0.087
v 0.27 1.136 0.082
v 0.269 1.13 0.074
v 0.252 1.193 0.101
v 0.256 1.184 0.104
v 0.249 1.18 0.099
v 0.245 1.188 0.097
v 0.244 1.185 0.089
v 0.241 1.192 0.086
v 0.241 1.197 0.093
v 0.245 1.188 0.097
v 0.26 1.14 0.069
v 0.261 1.146 0.075
v 0.254 1.142 0.079
v 0.254 1.136 0.072
v 0.257 1.19 0.086
v 0.254 1.197 0.082
v 0.25 1.193 0.08
v 0.253 1.187 0.083
v 0.259 1.193 0.09
v 0.255 1.2 0.087
v 0.254 1.197 0.082
v 0.257 1.19 0.086
v 0.258 1.195 0.096
v 0.254 1.203 0.092
v 0.255 1.2 0.087
v 0.259 1.193 0.09
v 0.252 1.193 0.101
v 0.247 1.202 0.097
v 0.254 1.203 0.092
v 0.258 1.195 0.096
v 0.255 1.133 0.052
v 0.248 1.128 0.054
v 0.244 1.127 0.045
v 0.251 1.133 0.042
v -0.009 1.288 0.189
v -0.012 1.285 0.188
v -0.018 1.287 0.187
v -0.042 1.246 0.184
v -0.003 1.251 0.193
v -0.051 1.238 0.182
v -0.009 1.288 0.189
v 0.027 1.284 0.195
v 0.026 1.292 0.19
v 0.035 1.283 0.192
v 0.038 1.231 0.196
v 0.042 1.252 0.193
v 0.005 1.218 0.196
v 0.022 1.212 0.194
v -0.013 1.209 0.192
v -0.037 1.206 0.184
v -0.013 1.2 0.192
v -0.083 1.201 0.165
v -0.092 1.193 0.16
v -0.081 1.202 0.161
v -0.088 1.233 0.163
v -0.098 1.233 0.158
v -0.101 1.233 0.161
v -0.056 1.244 0.184
v -0.096 1.239 0.166
v -0.101 1.244 0.161
v -0.054 1.248 0.181
v -0.052 1.283 0.176
v -0.088 1.245 0.163
v -0.099 1.244 0.158
v -0.1 1.283 0.157
v -0.032 1.287 0.187
v -0.019 1.295 0.187
v -0.063 1.291 0.175
v -0.088 1.278 0.16
v -0.091 1.279 0.163
v 0.007 1.07 0.177
v 0.009 1.073 0.173
v -0.024 1.121 0.169
v -0.023 1.119 0.171
v -0.049 1.171 0.17
v -0.046 1.172 0.161
v -0.12 1.229 0.136
v -0.12 1.233 0.137
v -0.116 1.227 0.136
v -0.115 1.234 0.137
v -0.121 1.238 0.135
v -0.121 1.243 0.131
v -0.126 1.24 0.13
v -0.094 1.238 0.152
v -0.124 1.261 0.133
v -0.099 1.277 0.152
v -0.118 1.276 0.136
v -0.093 1.203 0.154
v -0.108 1.198 0.144
v -0.087 1.196 0.153
v -0.12 1.229 0.136
v -0.116 1.227 0.136
v -0.124 1.224 0.131
v -0.122 1.223 0.13
v -0.124 1.224 0.131
v -0.126 1.225 0.125
v -0.127 1.225 0.127
v 0.077 0.996 0.188
v 0.119 0.951 0.186
v 0.091 0.984 0.184
v 0.123 0.945 0.193
v 0.146 0.924 0.187
v 0.169 0.899 0.173
v 0.166 0.9 0.169
v 0.204 0.868 0.119
v 0.201 0.868 0.118
v 0.203 0.861 0.069
v 0.207 0.849 -0.002
v 0.201 0.855 0.021
v -0.175 1.151 0.065
v -0.171 1.169 0.033
v -0.166 1.154 0.055
v -0.177 1.171 0.026
v -0.154 1.184 -0.017
v -0.163 1.184 -0.014
v -0.148 1.191 -0.049
v 0.003 0.954 0.103
v 0.011 0.925 0.075
v 0 0.932 0.096
v -0.01 0.959 0.115
v -0.007 0.982 0.126
v -0.023 0.959 0.121
v -0.016 0.938 0.114
v -0.008 0.914 0.102
v -0.001 0.894 0.092
v 0.011 0.925 0.075
v 0.009 0.903 0.077
v -0.057 0.906 0.118
v -0.046 0.927 0.115
v -0.011 0.842 0.094
v -0.059 0.868 0.116
v 0.01 0.84 0.064
v -0.059 0.747 0.115
v -0.078 0.76 0.128
v -0.089 0.684 0.128
v -0.033 0.753 0.099
v -0.048 0.678 0.11
v -0.032 0.64 0.083
v -0.009 0.758 0.069
v 0.015 0.851 0.032
v -0.057 0.626 0.107
v -0.031 0.575 0.068
v -0.104 0.618 0.122
v -0.079 0.601 0.112
v -0.06 0.567 0.093
v -0.08 0.544 0.096
v -0.057 0.513 0.08
v -0.072 0.477 0.076
v -0.032 0.458 0.054
v -0.057 0.455 0.067
v -0.037 0.537 0.066
v -0.014 0.355 0.011
v -0.034 0.341 0.023
v -0.023 0.514 0.042
v -0.005 0.294 -0.008
v -0.05 0.274 0.015
v -0.086 0.398 0.055
v 0.009 0.306 -0.03
v 0.007 0.35 -0.026
v 0.023 0.314 -0.062
v -0.012 0.477 0.031
v 0.008 0.393 -0.044
v -0.005 0.491 -0.014
v 0.002 0.387 -0.076
v 0.017 0.318 -0.09
v -0.016 0.534 0.012
v 0.003 0.335 -0.1
v -0.007 0.319 -0.114
v -0.031 0.507 -0.061
v -0.014 0.498 -0.046
v -0.026 0.545 -0.024
v -0.041 0.552 -0.044
v -0.026 0.574 -0.019
v -0.04 0.581 -0.041
v -0.02 0.56 0.026
v -0.036 0.603 -0.003
v -0.049 0.604 -0.03
v -0.027 0.589 0.038
v -0.04 0.623 -0.005
v -0.055 0.625 -0.032
v -0.029 0.624 0.047
v -0.039 0.642 -0.011
v -0.061 0.642 -0.04
v -0.024 0.662 0.047
v -0.029 0.704 -0.031
v -0.05 0.747 -0.07
v -0.008 0.737 0.017
v -0.015 0.769 -0.037
v -0.021 0.796 -0.07
v 0.008 0.8 -0.009
v 0.031 0.858 -0.032
v 0.019 0.869 0.028
v 0.004 0.818 -0.038
v -0.021 0.823 -0.082
v 0.009 0.858 -0.06
v -0.016 0.868 -0.091
v 0.038 0.88 -0.04
v 0.04 0.896 -0.052
v 0.036 0.87 -0.022
v 0.039 0.886 -0.013
v 0.028 0.881 0.026
v 0.034 0.909 0.025
v 0.054 0.932 -0.014
v 0.048 0.902 -0.039
v 0.04 0.921 -0.068
v 0.063 0.944 -0.033
v 0.056 0.943 -0.067
v 0.072 0.97 -0.062
v 0.063 0.988 -0.088
v 0.254 1.221 0.062
v 0.254 1.178 0.075
v 0.235 1.199 0.073
v 0.273 1.205 0.063
v 0.281 1.189 0.055
v 0.26 1.169 0.068
v -0.095 1.587 -0.007
v -0.112 1.568 -0.017
v -0.112 1.577 -0.045
v -0.093 1.586 0.006
v -0.09 1.571 0.007
v -0.072 1.608 0.012
v -0.064 1.612 0.008
v -0.053 1.635 0.014
v -0.065 1.611 -0.004
v -0.059 1.621 -0.007
v -0.064 1.607 -0.013
v -0.078 1.594 -0.023
v -0.058 1.615 -0.054
v -0.091 1.591 -0.053
v -0.052 1.643 0.009
v -0.049 1.667 0.026
v -0.058 1.67 0.009
v -0.06 1.692 0.035
v -0.055 1.623 -0.034
v -0.056 1.646 -0.013
v -0.051 1.645 -0.042
v -0.069 1.698 0.024
v -0.078 1.718 0.032
v -0.075 1.709 0.045
v -0.053 1.656 -0.04
v -0.058 1.684 -0.03
v -0.056 1.618 -0.08
v -0.054 1.647 -0.093
v -0.072 1.604 -0.095
v -0.07 1.606 -0.076
v -0.065 1.6 -0.086
v -0.065 1.601 -0.078
v -0.078 1.596 -0.066
v -0.085 1.599 -0.064
v -0.061 1.611 -0.094
v -0.063 1.601 -0.101
v -0.055 1.619 -0.105
v -0.061 1.599 -0.125
v -0.05 1.591 -0.129
v -0.041 1.594 -0.136
v -0.042 1.588 -0.139
v -0.043 1.614 -0.125
v -0.048 1.658 -0.106
v -0.035 1.639 -0.122
v -0.012 1.601 -0.15
v -0.003 1.63 -0.138
v -0.043 1.58 -0.146
v -0.042 1.581 -0.142
v -0.028 1.566 -0.146
v -0.028 1.683 -0.121
v -0.049 1.67 -0.107
v -0.052 1.664 -0.084
v -0.055 1.676 -0.088
v -0.05 1.664 -0.061
v -0.053 1.689 -0.052
v -0.056 1.716 -0.056
v -0.051 1.691 -0.101
v -0.05 1.696 -0.067
v -0.053 1.698 -0.087
v -0.052 1.72 -0.098
v -0.033 1.708 -0.119
v 0.001 1.757 -0.136
v 0.029 1.735 -0.143
v -0.034 1.76 -0.112
v -0.073 1.72 -0.011
v -0.011 1.799 -0.113
v 0.023 1.824 -0.115
v -0.002 1.827 -0.101
v -0.022 1.824 -0.087
v 0.004 1.845 -0.089
v -0.013 1.846 -0.072
v -0.043 1.763 -0.096
v -0.053 1.758 -0.074
v -0.047 1.813 -0.029
v -0.06 1.743 -0.046
v -0.031 1.825 -0.069
v -0.022 1.846 -0.048
v -0.003 1.858 -0.053
v -0.008 1.855 -0.011
v -0.039 1.818 -0.046
v -0.029 1.834 -0.031
v -0.02 1.844 0.007
v -0.074 1.747 -0.005
v -0.057 1.779 -0.024
v -0.062 1.782 -0.008
v -0.078 1.741 0.044
v -0.049 1.802 -0.002
v -0.033 1.831 0.009
v -0.061 1.78 0.017
v -0.075 1.736 0.056
v -0.065 1.734 0.067
v -0.062 1.709 0.06
v -0.069 1.757 0.045
v -0.068 1.759 0.052
v -0.063 1.757 0.061
v -0.039 1.785 0.066
v -0.046 1.785 0.046
v -0.038 1.793 0.058
v -0.036 1.808 0.06
v -0.041 1.805 0.021
v -0.044 1.796 0.043
v -0.036 1.812 0.055
v -0.024 1.82 0.067
v -0.036 1.824 0.046
v -0.031 1.824 0.059
v -0.014 1.831 0.074
v -0.016 1.841 0.068
v -0.023 1.84 0.057
v -0.025 1.836 0.035
v -0.02 1.838 0.026
v -0.01 1.848 0.034
v -0.002 1.851 0.057
v 0.007 1.859 0.053
v 0.23 1.234 0.052
v 0.23 1.232 0.048
v 0.226 1.234 0.046
v 0.227 1.217 0.013
v 0.239 1.222 0.041
v 0.248 1.217 0.029
v 0.262 1.197 0.022
v 0.254 1.184 0
v 0.24 1.226 0.048
v 0.246 1.225 0.057
v 0.23 1.234 0.052
v 0.238 1.233 0.067
v -0.02 1.572 0.002
v -0.022 1.593 -0.032
v -0.005 1.611 -0.002
v -0.016 1.607 -0.026
v -0.017 1.606 -0.034
v -0.019 1.601 -0.044
v -0.014 1.614 -0.027
v -0.017 1.606 -0.034
v -0.01 1.646 -0.009
v 0.003 1.625 0.012
v -0.016 1.656 0.003
v 0.007 1.627 0.024
v 0.013 1.617 0.018
v 0.03 1.627 0.073
v 0.008 1.634 0.05
v 0.007 1.648 0.06
v -0.011 1.647 0.032
v -0.005 1.674 0.059
v -0.02 1.664 0.02
v -0.028 1.698 0.029
v -0.015 1.675 0.044
v -0.015 1.696 0.065
v -0.03 1.713 0.038
v -0.015 1.711 0.066
v -0.023 1.721 0.05
v -0.028 1.737 0.03
v -0.018 1.738 0.046
v -0.022 1.752 0.039
v -0.02 1.757 0.048
v -0.007 1.751 0.065
v -0.005 1.76 0.07
v -0.009 1.787 0.058
v -0.037 1.587 -0.037
v -0.019 1.601 -0.044
v -0.022 1.593 -0.032
v -0.031 1.575 -0.016
v -0.047 1.581 -0.031
v -0.058 1.574 -0.02
v -0.02 1.572 0.002
v -0.048 1.57 0
v -0.019 1.57 0.012
v -0.007 1.579 0.014
v -0.024 1.548 0.048
v -0.057 1.541 0.038
v -0.073 1.532 0.04
v -0.058 1.574 -0.02
v -0.07 1.567 -0.02
v -0.09 1.542 -0.001
v -0.089 1.527 0.04
v -0.007 1.563 0.026
v 0 1.576 0.019
v -0.016 1.557 0.036
v 0.005 1.555 0.03
v 0.013 1.57 0.018
v 0.027 1.574 0.028
v 0.004 1.549 0.048
v 0.019 1.56 0.038
v 0.041 1.579 0.03
v 0.039 1.564 0.039
v 0.017 1.556 0.047
v 0.006 1.543 0.062
v 0.023 1.526 0.087
v 0.048 1.557 0.057
v 0.068 1.568 0.028
v 0.085 1.558 0.05
v 0.088 1.578 0.023
v 0.092 1.592 -0.003
v 0.078 1.525 0.086
v 0.03 1.505 0.115
v -0.027 1.505 0.09
v -0.05 1.504 0.086
v -0.068 1.498 0.091
v -0.08 1.506 0.073
v -0.075 1.496 0.104
v -0.064 1.483 0.116
v -0.059 1.481 0.11
v -0.035 1.487 0.101
v -0.023 1.487 0.108
v -0.008 1.486 0.125
v -0.052 1.459 0.128
v -0.037 1.465 0.114
v -0.031 1.462 0.134
v -0.001 1.491 0.135
v 0.077 1.527 0.094
v 0.067 1.508 0.127
v -0.041 1.45 0.129
v -0.035 1.467 0.145
v -0.052 1.465 0.14
v -0.046 1.463 0.145
v -0.076 1.442 0.151
v -0.001 1.469 0.156
v 0.047 1.461 0.175
v 0.006 1.443 0.178
v 0.026 1.419 0.196
v -0.073 1.476 0.126
v -0.137 1.447 0.119
v 0.069 1.501 0.143
v 0.049 1.457 0.183
v 0.124 1.47 0.155
v 0.083 1.532 0.099
v 0.135 1.499 0.13
v 0.086 1.557 0.067
v 0.139 1.568 0.051
v 0.09 1.578 0.037
v 0.141 1.588 0.007
v 0.095 1.599 -0.008
v 0.131 1.594 -0.017
v 0.141 1.592 -0.032
v 0.098 1.609 -0.036
v 0.129 1.588 -0.063
v 0.105 1.602 -0.06
v 0.109 1.587 -0.081
v 0.074 1.618 -0.072
v 0.055 1.62 -0.082
v 0.09 1.615 -0.057
v 0.085 1.612 -0.056
v 0.095 1.605 -0.035
v 0.068 1.616 -0.07
v 0.045 1.618 -0.079
v -0.024 1.6 -0.026
v -0.014 1.614 -0.027
v -0.017 1.606 -0.034
v -0.044 1.605 0.008
v -0.016 1.656 0.003
v -0.01 1.646 -0.009
v -0.044 1.626 0.015
v -0.037 1.659 0.02
v -0.028 1.698 0.029
v -0.054 1.605 0.017
v -0.069 1.589 0.015
v -0.061 1.576 -0.002
v -0.048 1.635 0.019
v -0.065 1.603 0.017
v -0.049 1.667 0.026
v -0.042 1.692 0.038
v -0.04 1.712 0.053
v -0.03 1.713 0.038
v -0.05 1.709 0.058
v -0.028 1.737 0.03
v -0.043 1.736 0.062
v -0.055 1.734 0.07
v -0.022 1.752 0.039
v -0.047 1.756 0.074
v -0.033 1.755 0.066
v -0.02 1.757 0.048
v -0.027 1.78 0.07
v -0.022 1.77 0.066
v -0.009 1.787 0.058
v -0.015 1.793 0.064
v 0.106 1.284 -0.01
v 0.09 1.287 -0.022
v 0.098 1.285 -0.027
v 0.115 1.286 -0.013
v 0.126 1.289 0.003
v 0.122 1.289 0.015
v 0.134 1.295 0.038
v 0.126 1.289 0.003
v 0.129 1.295 0.038
v 0.126 1.3 0.084
v 0.126 1.3 0.084
v 0.124 1.3 0.068
v 0.12 1.301 0.09
v 0.126 1.3 0.084
v 0.105 1.3 0.125
v 0.077 1.301 0.153
v 0.078 1.299 0.157
v 0.06 1.292 0.172
v 0.09 1.287 -0.022
v 0.078 1.285 -0.03
v 0.038 1.278 -0.057
v 0.04 1.28 -0.05
v 0.036 1.28 -0.041
v 0.018 1.279 -0.06
v -0.021 1.274 -0.075
v -0.04 1.275 -0.075
v -0.056 1.271 -0.08
v -0.085 1.269 -0.075
v -0.084 1.272 -0.072
v -0.111 1.273 -0.053
v -0.113 1.27 -0.057
v 0.115 1.286 -0.013
v 0.098 1.285 -0.027
v 0.126 1.228 -0.015
v 0.098 1.217 -0.041
v 0.115 1.217 -0.028
v 0.038 1.278 -0.057
v 0.044 1.209 -0.069
v 0.055 1.196 -0.082
v 0.113 1.203 -0.053
v 0.129 1.177 -0.071
v -0.012 1.204 -0.084
v -0.021 1.274 -0.075
v -0.013 1.19 -0.098
v -0.036 1.198 -0.087
v -0.002 1.155 -0.126
v -0.056 1.271 -0.08
v 0.067 1.166 -0.101
v 0.08 1.131 -0.114
v 0.145 1.139 -0.084
v 0.007 1.118 -0.14
v 0.005 1.118 -0.141
v 0.112 1.079 -0.118
v 0.154 1.088 -0.093
v 0.156 1.036 -0.098
v 0.07 1.071 -0.135
v 0.112 1.021 -0.124
v 0.156 0.902 -0.089
v 0.014 1.06 -0.149
v 0.005 1.118 -0.141
v 0.02 1.018 -0.15
v 0.077 1.022 -0.138
v 0.077 0.877 -0.125
v 0.015 0.896 -0.139
v 0.106 0.888 -0.115
v 0.113 0.823 -0.113
v 0.081 0.782 -0.126
v 0.16 0.834 -0.092
v 0.167 0.8 -0.09
v 0.041 0.851 -0.131
v 0.004 0.778 -0.145
v 0.041 0.771 -0.134
v 0.089 0.773 -0.122
v 0.118 0.776 -0.112
v 0.119 0.79 -0.114
v 0.165 0.787 -0.087
v 0.274 1.208 -0.01
v 0.262 1.229 -0.008
v 0.236 1.201 -0.001
v 0.254 1.184 0
v 0.291 1.204 -0.009
v 0.262 1.177 0.003
v 0.282 1.17 0.033
v 0.321 1.243 -0.034
v 0.313 1.198 0.018
v 0.333 1.234 -0.029
v 0.343 1.278 -0.058
v 0.35 1.234 -0.011
v 0.359 1.276 -0.057
v 0.376 1.277 -0.042
v 0.364 1.32 -0.081
v 0.384 1.321 -0.078
v 0.398 1.322 -0.068
v 0.375 1.334 -0.086
v 0.364 1.331 -0.083
v 0.316 1.372 -0.078
v 0.387 1.337 -0.083
v 0.399 1.343 -0.078
v 0.355 1.376 -0.083
v 0.317 1.394 -0.076
v 0.384 1.361 -0.083
v 0.397 1.375 -0.069
v 0.411 1.355 -0.062
v 0.378 1.384 -0.073
v 0.342 1.405 -0.07
v 0.288 1.429 -0.065
v 0.283 1.411 -0.069
v 0.254 1.418 -0.058
v 0.222 1.435 -0.05
v 0.284 1.446 -0.062
v 0.312 1.459 -0.048
v 0.277 1.481 -0.045
v 0.227 1.463 -0.053
v 0.23 1.494 -0.042
v 0.204 1.473 -0.046
v 0.212 1.499 -0.037
v 0.214 1.515 -0.028
v 0.205 1.512 -0.038
v 0.193 1.474 -0.043
v 0.192 1.443 -0.038
v 0.185 1.51 -0.041
v 0.198 1.542 -0.033
v 0.214 1.54 -0.029
v 0.168 1.504 -0.052
v 0.161 1.541 -0.055
v 0.165 1.453 -0.056
v 0.118 1.467 -0.075
v 0.162 1.409 -0.054
v 0.191 1.425 -0.028
v 0.171 1.401 -0.046
v 0.113 1.408 -0.072
v 0.139 1.373 -0.054
v 0.163 1.366 -0.034
v 0.136 1.351 -0.049
v 0.155 1.34 -0.022
v 0.128 1.329 -0.041
v 0.134 1.305 0.002
v 0.083 1.332 -0.051
v 0.105 1.303 -0.027
v 0.106 1.284 -0.01
v 0.09 1.287 -0.022
v 0.078 1.285 -0.03
v 0.083 1.309 -0.047
v 0.036 1.28 -0.041
v 0.047 1.307 -0.044
v 0.03 1.299 -0.046
v 0.031 1.327 -0.061
v 0.032 1.354 -0.077
v 0.09 1.372 -0.068
v 0.038 1.381 -0.091
v 0.011 1.36 -0.1
v 0.06 1.42 -0.098
v 0.016 1.399 -0.109
v 0.081 1.464 -0.099
v 0.049 1.465 -0.114
v 0.098 1.539 -0.091
v 0.055 1.509 -0.115
v 0.039 1.511 -0.119
v 0.023 1.523 -0.123
v 0.147 1.554 -0.059
v 0.104 1.578 -0.083
v 0.173 1.561 -0.034
v 0.156 1.573 -0.048
v 0.188 1.568 -0.014
v 0.008 1.459 -0.124
v -0.049 1.475 -0.149
v -0.054 1.423 -0.139
v -0.022 1.548 -0.143
v -0.005 1.557 -0.133
v -0.042 1.581 -0.142
v -0.059 1.55 -0.162
v -0.072 1.585 -0.15
v -0.042 1.588 -0.139
v -0.086 1.558 -0.182
v -0.081 1.521 -0.185
v -0.06 1.518 -0.161
v -0.07 1.48 -0.163
v -0.079 1.46 -0.161
v -0.095 1.545 -0.189
v -0.086 1.429 -0.145
v -0.104 1.582 -0.173
v -0.115 1.574 -0.181
v -0.104 1.54 -0.192
v -0.092 1.411 -0.14
v -0.088 1.521 -0.194
v -0.038 1.382 -0.12
v -0.097 1.379 -0.13
v -0.096 1.356 -0.117
v -0.121 1.497 -0.23
v -0.102 1.481 -0.229
v -0.015 1.318 -0.08
v 0.022 1.323 -0.077
v -0.049 1.292 -0.079
v -0.087 1.291 -0.076
v -0.084 1.272 -0.072
v -0.04 1.275 -0.075
v -0.028 1.287 -0.069
v 0.018 1.279 -0.06
v 0.021 1.292 -0.058
v 0.032 1.297 -0.056
v -0.154 1.45 -0.269
v -0.107 1.456 -0.24
v -0.154 1.394 -0.312
v -0.154 1.487 -0.234
v -0.136 1.525 -0.199
v -0.126 1.55 -0.183
v -0.174 1.457 -0.259
v -0.162 1.43 -0.288
v -0.179 1.426 -0.294
v -0.176 1.374 -0.33
v -0.208 1.399 -0.304
v -0.202 1.362 -0.328
v -0.185 1.352 -0.342
v -0.172 1.341 -0.345
v -0.196 1.327 -0.343
v -0.158 1.362 -0.332
v -0.181 1.321 -0.345
v -0.198 1.308 -0.33
v -0.18 1.308 -0.335
v -0.2 1.294 -0.309
v -0.171 1.264 -0.29
v -0.196 1.265 -0.282
v -0.164 1.183 -0.196
v -0.16 1.323 -0.34
v -0.147 1.338 -0.33
v -0.131 1.356 -0.312
v -0.14 1.375 -0.314
v -0.123 1.395 -0.28
v -0.123 1.42 -0.268
v -0.141 1.325 -0.323
v -0.158 1.305 -0.326
v -0.137 1.314 -0.317
v -0.127 1.292 -0.289
v -0.144 1.274 -0.289
v -0.123 1.271 -0.261
v -0.122 1.232 -0.234
v -0.128 1.183 -0.202
v -0.097 1.183 -0.171
v -0.119 1.164 -0.176
v -0.152 1.162 -0.168
v -0.05 1.2 -0.088
v -0.051 1.197 -0.091
v -0.081 1.257 -0.076
v -0.074 1.199 -0.085
v -0.085 1.269 -0.075
v -0.053 1.179 -0.111
v -0.051 1.197 -0.091
v -0.012 1.179 -0.101
v -0.027 1.144 -0.131
v -0.003 1.149 -0.124
v -0.059 1.143 -0.133
v 0.005 1.107 -0.138
v -0.021 1.099 -0.145
v -0.065 1.094 -0.15
v -0.018 1.054 -0.152
v -0.067 1.055 -0.152
v -0.016 1.013 -0.148
v -0.071 0.976 -0.141
v 0.001 1.015 -0.144
v 0.013 0.949 -0.132
v 0.017 1.016 -0.143
v -0.017 0.934 -0.137
v -0.073 0.953 -0.136
v -0.074 0.936 -0.135
v -0.015 0.869 -0.13
v -0.078 0.878 -0.135
v -0.064 0.812 -0.138
v -0.085 0.817 -0.137
v -0.087 0.798 -0.131
v -0.079 0.796 -0.128
v -0.051 0.791 -0.122
v -0.016 0.805 -0.132
v 0.14 0.604 -0.045
v 0.167 0.667 -0.029
v 0.171 0.773 -0.042
v 0.136 0.674 -0.05
v 0.152 0.784 -0.054
v 0.181 0.824 -0.034
v 0.163 0.832 -0.051
v 0.182 0.892 -0.037
v 0.14 0.861 -0.054
v 0.168 0.953 -0.045
v 0.128 0.835 -0.057
v 0.112 0.774 -0.055
v 0.098 0.661 -0.046
v 0.116 0.605 -0.05
v 0.089 0.609 -0.043
v 0.088 0.573 -0.052
v 0.113 0.575 -0.056
v 0.129 0.575 -0.051
v 0.109 0.541 -0.048
v 0.084 0.541 -0.046
v 0.081 0.489 -0.055
v 0.127 0.545 -0.044
v 0.147 0.557 -0.033
v 0.155 0.597 -0.037
v 0.157 0.63 -0.033
v 0.127 0.505 -0.045
v 0.144 0.496 -0.03
v 0.113 0.289 -0.041
v 0.094 0.293 -0.055
v 0.106 0.487 -0.054
v 0.056 0.298 -0.06
v 0.071 0.296 -0.061
v 0.199 1.15 -0.034
v 0.172 1.187 -0.032
v 0.129 1.174 -0.068
v 0.144 1.14 -0.08
v 0.173 1.095 -0.076
v 0.216 1.1 -0.037
v 0.151 1.085 -0.088
v 0.22 1.049 -0.038
v 0.178 1.046 -0.076
v 0.152 1.038 -0.09
v 0.176 0.906 -0.07
v 0.218 1.01 -0.037
v 0.218 0.928 -0.039
v 0.146 0.921 -0.085
v 0.148 0.838 -0.088
v 0.206 0.858 -0.059
v 0.219 0.903 -0.041
v 0.218 0.928 -0.039
v 0.223 0.848 -0.047
v 0.181 0.832 -0.07
v 0.15 0.822 -0.087
v 0.141 0.807 -0.082
v 0.179 0.819 -0.059
v 0.213 0.829 -0.043
v 0.22 0.832 -0.041
v 0.122 0.808 -0.101
v 0.141 0.807 -0.082
v 0.114 0.8 -0.096
v 0.084 0.794 -0.106
v 0.091 0.801 -0.111
v 0.049 0.792 -0.116
v 0.033 0.797 -0.125
v 0.002 0.79 -0.121
v 0.008 0.807 -0.131
v -0.016 0.805 -0.132
v -0.051 0.791 -0.122
v 0.012 0.819 -0.127
v -0.064 0.812 -0.138
v -0.015 0.869 -0.13
v 0.013 0.87 -0.125
v -0.017 0.934 -0.137
v 0.013 0.949 -0.132
v 0.21 0.928 -0.035
v 0.218 1.01 -0.037
v 0.218 0.928 -0.039
v 0.21 1.007 -0.032
v 0.213 0.985 -0.005
v 0.214 0.928 0.005
v 0.222 0.985 0.027
v 0.233 0.991 0.092
v 0.232 1.044 0.036
v 0.216 0.865 0.014
v 0.217 0.915 0.051
v 0.224 1.047 -0.005
v 0.222 1.1 -0.003
v 0.213 1.043 -0.034
v 0.218 1.01 -0.037
v 0.22 1.049 -0.038
v 0.211 1.099 -0.033
v 0.216 1.1 -0.037
v 0.199 1.15 -0.034
v 0.194 1.148 -0.03
v 0.172 1.187 -0.032
v 0.169 1.183 -0.027
v 0.205 1.146 -0.001
v 0.153 1.195 -0.022
v 0.142 1.213 -0.023
v 0.128 1.217 -0.011
v 0.176 1.184 0
v 0.212 1.148 0.038
v 0.157 1.206 0.004
v 0.228 1.102 0.044
v 0.145 1.223 0.007
v 0.115 1.217 -0.028
v 0.126 1.228 -0.015
v 0.233 1.04 0.092
v 0.172 1.204 0.037
v 0.15 1.222 0.017
v 0.187 1.188 0.046
v 0.198 1.169 0.056
v 0.209 1.148 0.067
v 0.143 1.237 0.01
v 0.224 1.101 0.089
v 0.206 1.141 0.088
v 0.139 1.245 0.007
v 0.143 1.244 0.017
v 0.212 1.103 0.127
v 0.194 1.147 0.117
v 0.17 1.156 0.152
v 0.225 1.044 0.128
v 0.126 1.289 0.003
v 0.115 1.286 -0.013
v 0.144 1.252 0.031
v 0.145 1.242 0.024
v 0.156 1.225 0.041
v 0.134 1.286 0.039
v 0.134 1.295 0.038
v 0.192 1.103 0.161
v 0.153 1.228 0.062
v 0.164 1.218 0.062
v 0.15 1.215 0.105
v 0.124 1.29 0.094
v 0.126 1.3 0.084
v 0.126 1.228 0.123
v 0.121 1.221 0.138
v 0.105 1.3 0.125
v 0.126 1.3 0.084
v 0.078 1.299 0.157
v 0.106 1.225 0.148
v 0.074 1.22 0.172
v 0.091 1.221 0.157
v 0.045 1.265 0.182
v 0.06 1.292 0.172
v 0.033 1.291 0.187
v 0.035 1.283 0.192
v 0.026 1.292 0.19
v 0.042 1.252 0.193
v 0.046 1.242 0.186
v 0.036 1.214 0.187
v 0.038 1.231 0.196
v 0.022 1.212 0.194
v 0.218 0.928 -0.039
v 0.219 0.903 -0.041
v 0.212 0.891 -0.038
v 0.213 0.856 -0.033
v 0.214 0.849 -0.041
v 0.219 0.903 -0.041
v 0.223 0.848 -0.047
v 0.22 0.832 -0.041
v 0.213 0.836 -0.039
v 0.207 0.849 -0.002
v 0.2 0.845 -0.028
v 0.204 0.868 0.119
v 0.216 0.88 0.091
v 0.212 0.896 0.119
v 0.169 0.899 0.173
v 0.203 0.999 0.159
v 0.219 0.92 0.093
v 0.227 0.991 0.123
v 0.157 0.944 0.185
v 0.146 0.924 0.187
v 0.203 1.049 0.162
v 0.174 1.056 0.182
v 0.163 1.102 0.18
v 0.14 1.158 0.172
v 0.18 1.007 0.178
v 0.146 1.005 0.193
v 0.131 0.971 0.196
v -0.147 1.225 -0.117
v -0.141 1.284 -0.164
v -0.132 1.228 -0.117
v -0.163 1.286 -0.167
v -0.175 1.338 -0.204
v -0.142 1.318 -0.192
v -0.146 1.336 -0.212
v -0.2 1.316 -0.211
v -0.182 1.252 -0.173
v -0.218 1.333 -0.234
v -0.209 1.346 -0.235
v -0.235 1.355 -0.263
v -0.223 1.357 -0.252
v -0.207 1.358 -0.212
v -0.192 1.362 -0.2
v -0.202 1.396 -0.191
v -0.079 0.799 -0.124
v -0.079 0.796 -0.128
v -0.087 0.798 -0.131
v -0.051 0.791 -0.122
v -0.053 0.797 -0.118
v 0.012 0.794 -0.115
v 0.002 0.79 -0.121
v 0.049 0.792 -0.116
v -0.08 0.81 -0.119
v -0.087 0.798 -0.131
v -0.049 0.806 -0.117
v -0.001 0.815 -0.116
v 0.028 0.811 -0.106
v 0.046 0.797 -0.111
v 0.051 0.814 -0.102
v 0.098 0.802 -0.097
v 0.084 0.794 -0.106
v 0.114 0.8 -0.096
v 0.109 0.825 -0.083
v 0.091 0.82 -0.087
v 0.141 0.807 -0.082
v 0.139 0.821 -0.076
v 0.179 0.843 -0.057
v 0.197 0.83 -0.044
v 0.179 0.819 -0.059
v 0.198 0.844 -0.048
v 0.213 0.829 -0.043
v 0.213 0.836 -0.039
v 0.214 0.849 -0.041
v 0.22 0.832 -0.041
v -0.097 1.183 -0.171
v -0.113 1.2 -0.158
v -0.094 1.206 -0.15
v -0.114 1.218 -0.139
v -0.102 1.22 -0.134
v -0.105 1.224 -0.128
v -0.102 1.22 -0.134
v -0.122 1.223 -0.129
v -0.122 1.226 -0.121
v -0.134 1.223 -0.126
v -0.122 1.226 -0.121
v -0.158 1.214 -0.124
v -0.132 1.228 -0.117
v -0.147 1.225 -0.117
v -0.151 1.212 -0.131
v -0.169 1.188 -0.143
v -0.155 1.199 -0.142
v -0.153 1.181 -0.156
v -0.168 1.172 -0.156
v -0.002 1.155 -0.126
v 0.005 1.107 -0.138
v 0.005 1.118 -0.141
v -0.003 1.149 -0.124
v -0.013 1.19 -0.098
v -0.012 1.179 -0.101
v -0.013 1.198 -0.081
v -0.012 1.204 -0.084
v 0.015 1.055 -0.143
v 0.005 1.118 -0.141
v 0.014 1.06 -0.149
v 0.017 1.016 -0.143
v 0.02 1.018 -0.15
v 0.013 0.949 -0.132
v 0.015 0.896 -0.139
v 0.009 0.833 -0.135
v 0.013 0.87 -0.125
v 0.012 0.819 -0.127
v 0.008 0.807 -0.131
v 0.004 0.778 -0.145
v 0.005 0.8 -0.136
v 0.001 0.779 -0.139
v 0.041 0.771 -0.134
v 0.045 0.77 -0.124
v 0.089 0.772 -0.111
v 0.089 0.773 -0.122
v 0.118 0.776 -0.112
v 0.089 0.772 -0.111
v 0.125 0.778 -0.098
v 0.165 0.787 -0.087
v 0.028 0.772 -0.128
v 0.045 0.77 -0.124
v 0.004 0.778 -0.145
v 0.001 0.779 -0.139
v -0.154 1.394 -0.312
v -0.123 1.42 -0.268
v -0.107 1.456 -0.24
v -0.103 1.431 -0.235
v -0.123 1.395 -0.28
v -0.093 1.444 -0.21
v -0.08 1.479 -0.197
v -0.102 1.481 -0.229
v -0.088 1.521 -0.194
v -0.081 1.521 -0.185
v -0.095 1.545 -0.189
v -0.112 1.399 -0.248
v -0.104 1.406 -0.215
v -0.12 1.364 -0.284
v -0.14 1.375 -0.314
v -0.117 1.349 -0.291
v -0.131 1.356 -0.312
v -0.147 1.338 -0.33
v -0.141 1.325 -0.323
v -0.112 1.368 -0.245
v -0.121 1.337 -0.294
v -0.122 1.341 -0.258
v -0.12 1.321 -0.3
v -0.137 1.314 -0.317
v -0.127 1.292 -0.289
v -0.112 1.33 -0.282
v -0.122 1.313 -0.208
v -0.126 1.335 -0.234
v -0.11 1.316 -0.26
v -0.115 1.303 -0.278
v -0.113 1.282 -0.243
v -0.123 1.271 -0.261
v -0.108 1.388 -0.207
v -0.112 1.295 -0.226
v -0.109 1.253 -0.191
v -0.112 1.235 -0.218
v -0.108 1.242 -0.204
v -0.122 1.232 -0.234
v -0.144 1.274 -0.289
v -0.103 1.216 -0.193
v -0.097 1.183 -0.171
v -0.094 1.206 -0.15
v -0.104 1.227 -0.156
v -0.102 1.22 -0.134
v -0.113 1.239 -0.141
v -0.105 1.224 -0.128
v -0.102 1.22 -0.134
v -0.12 1.27 -0.171
v -0.141 1.284 -0.164
v -0.132 1.228 -0.117
v -0.122 1.226 -0.121
v -0.142 1.318 -0.192
v -0.146 1.336 -0.212
v -0.149 1.367 -0.168
v -0.135 1.366 -0.177
v -0.125 1.372 -0.18
v -0.143 1.381 -0.153
v -0.117 1.388 -0.18
v -0.136 1.384 -0.15
v -0.111 1.397 -0.169
v -0.137 1.401 -0.123
v -0.095 1.42 -0.188
v -0.094 1.43 -0.14
v -0.111 1.409 -0.134
v -0.109 1.412 -0.119
v -0.085 1.45 -0.189
v -0.084 1.454 -0.174
v -0.079 1.46 -0.161
v -0.07 1.48 -0.163
v -0.073 1.502 -0.173
v -0.06 1.518 -0.161
v -0.059 1.55 -0.162
v -0.086 0.398 0.055
v -0.057 0.455 0.067
v -0.034 0.341 0.023
v -0.112 0.492 0.087
v -0.072 0.477 0.076
v -0.08 0.544 0.096
v -0.133 0.596 0.122
v -0.15 0.579 0.095
v -0.079 0.601 0.112
v -0.104 0.618 0.122
v -0.137 0.664 0.13
v -0.089 0.684 0.128
v -0.136 0.759 0.13
v -0.078 0.76 0.128
v -0.059 0.868 0.116
v -0.132 0.882 0.122
v -0.162 0.861 0.102
v -0.161 0.946 0.092
v -0.057 0.906 0.118
v -0.128 0.93 0.116
v -0.134 0.97 0.103
v -0.06 0.936 0.117
v -0.046 0.927 0.115
v -0.056 0.963 0.117
v -0.104 0.955 0.111
v -0.077 1.011 0.116
v -0.103 1.026 0.109
v -0.068 1.067 0.142
v -0.046 1.068 0.152
v -0.055 1.12 0.156
v -0.028 1.012 0.135
v -0.025 1.07 0.155
v -0.039 1.126 0.161
v -0.046 1.172 0.161
v -0.024 1.121 0.169
v -0.007 1.072 0.168
v 0.009 1.073 0.173
v 0.001 1.022 0.149
v 0.042 1.022 0.161
v 0.034 0.972 0.145
v 0.068 1.045 0.176
v 0.085 1 0.182
v 0.091 0.984 0.184
v -0.023 0.959 0.121
v -0.007 0.982 0.126
v -0.041 0.946 0.117
v -0.016 0.938 0.114
v -0.008 0.914 0.102
v 0.01 0.973 0.134
v 0.003 0.965 0.119
v 0.011 0.955 0.123
v 0.029 0.94 0.134
v 0.064 0.953 0.166
v 0.052 0.903 0.151
v 0.029 0.916 0.131
v 0.084 0.949 0.182
v 0.119 0.951 0.186
v 0.073 0.884 0.172
v 0.108 0.897 0.179
v 0.166 0.9 0.169
v 0.157 0.857 0.162
v 0.102 0.8 0.158
v 0.085 0.632 0.117
v 0.062 0.756 0.147
v 0.059 0.677 0.127
v 0.13 0.639 0.106
v 0.056 0.626 0.113
v 0.107 0.613 0.108
v 0.053 0.58 0.107
v 0.076 0.562 0.103
v 0.081 0.511 0.09
v 0.041 0.475 0.093
v 0.06 0.297 0.06
v 0.031 0.373 0.08
v 0.06 0.289 0.058
v 0.023 0.292 0.069
v 0.091 0.82 -0.087
v 0.098 0.802 -0.097
v 0.051 0.814 -0.102
v 0.087 0.819 -0.083
v 0.046 0.814 -0.098
v 0.107 0.826 -0.078
v 0.109 0.825 -0.083
v 0.142 0.834 -0.065
v 0.179 0.843 -0.057
v 0.176 0.842 -0.049
v 0.021 0.81 -0.101
v 0.028 0.811 -0.106
v -0.001 0.815 -0.116
v -0.002 0.81 -0.102
v 0.198 0.844 -0.048
v 0.194 0.845 -0.036
v 0.213 0.856 -0.033
v 0.214 0.849 -0.041
v 0.2 0.845 -0.028
v -0.049 0.806 -0.117
v -0.002 0.81 -0.102
v -0.034 0.808 -0.103
v -0.052 0.806 -0.102
v -0.091 0.811 -0.098
v -0.08 0.81 -0.119
v -0.109 0.818 -0.105
v -0.112 0.814 -0.092
v 0.318 1.415 0.041
v 0.321 1.447 0.035
v 0.371 1.387 0.026
v 0.384 1.389 0.013
v 0.387 1.403 0.003
v 0.296 1.487 0.024
v 0.379 1.378 0.019
v 0.384 1.375 0.011
v 0.365 1.376 0.024
v 0.344 1.365 0.033
v 0.341 1.358 0.025
v -0.053 0.277 -0.088
v -0.012 0.278 -0.1
v -0.022 0.313 -0.092
v -0.052 0.306 -0.081
v -0.066 0.3 -0.066
v -0.063 0.267 -0.075
v -0.068 0.268 -0.049
v -0.069 0.292 -0.045
v -0.065 0.25 -0.082
v -0.052 0.258 -0.097
v -0.046 0.273 -0.025
v -0.048 0.294 -0.022
v -0.057 0.251 -0.033
v -0.07 0.245 -0.056
v -0.064 0.202 -0.029
v -0.047 0.247 -0.101
v -0.029 0.255 -0.105
v -0.074 0.228 -0.072
v -0.077 0.206 -0.042
v -0.085 0.205 -0.06
v -0.087 0.186 -0.037
v -0.098 0.167 -0.029
v -0.105 0.174 -0.048
v -0.068 0.215 -0.086
v -0.086 0.195 -0.084
v -0.084 0.194 -0.075
v -0.119 0.157 -0.05
v -0.125 0.147 -0.017
v -0.047 0.245 -0.105
v -0.029 0.254 -0.113
v -0.042 0.228 -0.119
v -0.025 0.24 -0.122
v -0.031 0.211 -0.13
v -0.06 0.205 -0.111
v -0.047 0.196 -0.122
v -0.026 0.194 -0.129
v -0.061 0.187 -0.11
v -0.072 0.178 -0.098
v -0.036 0.186 -0.122
v -0.019 0.166 -0.127
v -0.039 0.184 -0.116
v -0.084 0.178 -0.091
v -0.088 0.157 -0.083
v -0.115 0.138 -0.07
v -0.128 0.152 -0.055
v -0.021 0.163 -0.122
v -0.011 0.132 -0.133
v -0.015 0.129 -0.124
v -0.021 0.167 -0.112
v -0.029 0.181 -0.103
v -0.132 0.127 -0.052
v -0.108 0.125 -0.068
v -0.14 0.145 -0.035
v -0.125 0.106 -0.052
v -0.15 0.125 -0.025
v -0.144 0.106 -0.025
v -0.146 0.141 -0.002
v -0.149 0.106 -0.001
v -0.154 0.126 0.001
v -0.146 0.125 0.025
v -0.138 0.14 0.019
v -0.142 0.106 0.025
v -0.05 0.274 0.015
v -0.073 0.281 -0.025
v -0.086 0.398 0.055
v -0.117 0.453 0.033
v -0.112 0.492 0.087
v -0.117 0.434 -0.003
v -0.081 0.287 -0.049
v -0.128 0.498 0.062
v -0.15 0.579 0.095
v -0.1 0.351 -0.051
v -0.079 0.3 -0.089
v -0.131 0.496 -0.014
v -0.136 0.501 0.025
v -0.139 0.518 0.055
v -0.114 0.507 -0.051
v -0.05 0.311 -0.121
v -0.098 0.499 -0.068
v -0.078 0.524 -0.07
v -0.098 0.549 -0.06
v -0.127 0.556 -0.036
v -0.102 0.579 -0.051
v -0.145 0.612 -0.017
v -0.103 0.601 -0.049
v -0.113 0.621 -0.04
v -0.153 0.553 0.005
v -0.159 0.567 0.05
v -0.175 0.623 0.025
v -0.163 0.595 0.081
v -0.174 0.621 0.062
v -0.153 0.614 0.106
v -0.16 0.661 0.107
v -0.133 0.596 0.122
v -0.137 0.664 0.13
v -0.136 0.759 0.13
v -0.162 0.861 0.102
v -0.181 0.677 0.068
v -0.195 0.897 0.054
v -0.161 0.946 0.092
v -0.187 0.77 0.007
v -0.191 0.861 -0.003
v -0.156 0.843 -0.04
v -0.155 0.748 -0.033
v -0.12 0.739 -0.062
v -0.096 0.734 -0.071
v -0.118 0.828 -0.072
v -0.1 0.774 -0.077
v -0.098 0.828 -0.088
v -0.078 0.823 -0.096
v 0.299 1.345 -0.002
v 0.305 1.336 -0.037
v 0.264 1.355 -0.011
v 0.274 1.363 0.025
v 0.249 1.362 0.007
v 0.254 1.377 0.047
v 0.238 1.367 0.022
v 0.303 1.344 0.008
v 0.309 1.376 0.034
v 0.341 1.358 0.025
v 0.344 1.365 0.033
v 0.306 1.4 0.048
v 0.278 1.384 0.041
v 0.275 1.408 0.057
v 0.244 1.401 0.066
v 0.211 1.406 0.07
v 0.201 1.397 0.06
v 0.179 1.421 0.077
v 0.177 1.408 0.061
v 0.203 1.388 0.045
v 0.186 1.395 0.027
v 0.21 1.382 0.015
v 0.237 1.378 -0.021
v -0.078 0.524 -0.07
v -0.05 0.311 -0.121
v -0.007 0.319 -0.114
v -0.051 0.495 -0.076
v 0.003 0.335 -0.1
v -0.031 0.507 -0.061
v -0.058 0.554 -0.056
v -0.041 0.552 -0.044
v -0.04 0.581 -0.041
v -0.081 0.584 -0.055
v -0.055 0.583 -0.05
v -0.066 0.603 -0.045
v -0.049 0.604 -0.03
v -0.055 0.625 -0.032
v -0.102 0.579 -0.051
v -0.098 0.549 -0.06
v -0.103 0.601 -0.049
v -0.084 0.602 -0.053
v -0.09 0.622 -0.045
v -0.113 0.621 -0.04
v -0.096 0.734 -0.071
v -0.073 0.622 -0.042
v -0.061 0.642 -0.04
v -0.08 0.646 -0.049
v -0.05 0.747 -0.07
v -0.073 0.761 -0.08
v -0.1 0.774 -0.077
v -0.078 0.823 -0.096
v -0.05 0.795 -0.089
v -0.05 0.82 -0.1
v -0.021 0.796 -0.07
v -0.029 0.704 -0.031
v -0.021 0.823 -0.082
v -0.016 0.868 -0.091
v -0.026 0.919 -0.11
v 0.009 0.902 -0.082
v 0.04 0.896 -0.052
v 0.009 0.858 -0.06
v 0.04 0.921 -0.068
v 0.056 0.943 -0.067
v 0.063 0.988 -0.088
v 0.029 0.992 -0.113
v 0.011 0.979 -0.116
v 0.054 1.034 -0.113
v 0.077 1.005 -0.087
v 0.079 1.033 -0.108
v 0.097 1.027 -0.091
v 0.147 0.997 -0.065
v 0.072 0.97 -0.062
v 0.123 0.966 -0.059
v 0.09 0.978 -0.069
v 0.1 0.942 -0.051
v 0.085 0.948 -0.051
v 0.082 0.916 -0.033
v 0.106 0.928 -0.048
v 0.09 0.917 -0.04
v 0.131 0.94 -0.05
v 0.129 0.897 -0.047
v 0.082 0.875 -0.038
v 0.098 0.847 -0.045
v -0.098 0.167 -0.029
v -0.087 0.186 -0.037
v -0.074 0.181 -0.024
v -0.083 0.165 -0.017
v -0.098 0.146 0.003
v -0.065 0.162 -0.011
v -0.125 0.147 -0.017
v -0.105 0.174 -0.048
v -0.073 0.148 0.002
v -0.092 0.145 0.018
v -0.045 0.157 -0.012
v -0.043 0.173 -0.022
v -0.023 0.201 -0.032
v -0.059 0.146 0.006
v -0.076 0.142 0.024
v -0.097 0.14 0.034
v -0.119 0.139 0.033
v -0.138 0.14 0.019
v -0.124 0.124 0.042
v -0.099 0.115 0.045
v -0.146 0.125 0.025
v -0.146 0.141 -0.002
v -0.14 0.145 -0.035
v -0.119 0.157 -0.05
v -0.128 0.152 -0.055
v -0.086 0.195 -0.084
v -0.037 0.242 -0.026
v -0.012 0.238 -0.036
v -0.038 0.203 -0.027
v -0.01 0.224 -0.045
v -0.029 0.2 -0.033
v -0.009 0.252 -0.032
v -0.019 0.253 -0.026
v -0.015 0.269 -0.029
v -0.001 0.25 -0.055
v -0.001 0.262 -0.044
v 0.001 0.241 -0.062
v -0.008 0.221 -0.045
v -0.005 0.275 -0.04
v -0.024 0.283 -0.028
v -0.015 0.306 -0.04
v -0.03 0.301 -0.027
v -0.007 0.29 -0.056
v -0.007 0.309 -0.061
v 0 0.313 -0.078
v -0.006 0.312 -0.077
v -0.002 0.27 -0.067
v 0 0.276 -0.079
v -0.004 0.291 -0.091
v -0.01 0.314 -0.088
v 0.005 0.256 -0.102
v 0.005 0.253 -0.083
v 0.01 0.249 -0.082
v 0.009 0.243 -0.109
v 0.006 0.236 -0.064
v 0.008 0.222 -0.067
v 0.014 0.231 -0.088
v 0.016 0.21 -0.097
v -0.025 0.177 -0.04
v -0.023 0.201 -0.032
v -0.045 0.157 -0.012
v 0.012 0.215 -0.114
v 0.005 0.167 -0.112
v 0.008 0.191 -0.09
v -0.002 0.218 -0.128
v -0.002 0.17 -0.127
v 0.004 0.166 -0.122
v 0.007 0.132 -0.125
v -0.002 0.133 -0.136
v 0.003 0.128 -0.115
v 0 0.146 -0.111
v 0.003 0.168 -0.106
v -0.007 0.166 -0.102
v -0.011 0.181 -0.089
v 0.01 0.201 -0.081
v -0.004 0.186 -0.082
v -0.011 0.176 -0.062
v -0.002 0.193 -0.069
v -0.023 0.163 -0.052
v -0.04 0.146 -0.015
v -0.034 0.13 -0.035
v -0.048 0.105 -0.015
v -0.059 0.146 0.006
v -0.056 0.129 0.012
v -0.076 0.142 0.024
v -0.074 0.106 0.023
v -0.071 0.127 0.03
v -0.097 0.14 0.034
v -0.099 0.115 0.045
v -0.105 0.106 0.041
v 0.278 1.297 0.023
v 0.293 1.341 0.003
v 0.315 1.34 0.032
v 0.291 1.325 -0.033
v 0.305 1.336 -0.037
v 0.299 1.345 -0.002
v 0.279 1.281 -0.013
v 0.25 1.242 0.006
v 0.254 1.269 0.037
v 0.293 1.263 -0.026
v 0.316 1.339 -0.052
v 0.298 1.358 -0.064
v 0.264 1.355 -0.011
v 0.311 1.303 -0.051
v 0.26 1.372 -0.043
v 0.273 1.387 -0.062
v 0.249 1.362 0.007
v 0.237 1.378 -0.021
v 0.238 1.367 0.022
v 0.333 1.326 -0.069
v 0.329 1.336 -0.057
v 0.316 1.372 -0.078
v 0.317 1.394 -0.076
v 0.364 1.331 -0.083
v 0.283 1.411 -0.069
v 0.348 1.33 -0.074
v 0.364 1.32 -0.081
v 0.343 1.278 -0.058
v 0.321 1.243 -0.034
v 0.262 1.229 -0.008
v 0.274 1.208 -0.01
v 0.236 1.201 -0.001
v 0.227 1.217 0.013
v 0.254 1.184 0
v 0.226 1.234 0.046
v 0.23 1.234 0.052
v 0.246 1.244 0.061
v 0.238 1.233 0.067
v -0.052 0.258 -0.097
v -0.029 0.255 -0.105
v -0.053 0.277 -0.088
v -0.012 0.278 -0.1
v -0.008 0.258 -0.108
v 0.005 0.256 -0.102
v -0.004 0.291 -0.091
v -0.022 0.313 -0.092
v -0.01 0.314 -0.088
v -0.069 1.589 0.015
v -0.061 1.576 -0.002
v -0.09 1.571 0.007
v -0.065 1.603 0.017
v -0.054 1.605 0.017
v -0.044 1.626 0.015
v -0.093 1.586 0.006
v -0.072 1.608 0.012
v -0.053 1.635 0.014
v -0.048 1.635 0.019
v -0.049 1.667 0.026
v 0.217 1.168 0.041
v 0.228 1.157 0.043
v 0.24 1.166 0.035
v 0.23 1.177 0.034
v 0.245 1.172 0.035
v 0.255 1.166 0.043
v 0.252 1.157 0.043
v 0.26 1.155 0.053
v 0.261 1.161 0.051
v 0.236 1.184 0.036
v 0.227 1.194 0.039
v 0.221 1.19 0.039
v 0.223 1.203 0.049
v 0.216 1.199 0.048
v 0.248 1.217 0.029
v 0.262 1.197 0.022
v 0.239 1.222 0.041
v -0.062 1.709 0.06
v -0.06 1.692 0.035
v -0.075 1.709 0.045
v -0.053 1.69 0.038
v -0.049 1.667 0.026
v -0.037 1.659 0.02
v -0.042 1.692 0.038
v -0.05 1.709 0.058
v -0.055 1.734 0.07
v -0.065 1.734 0.067
v -0.06 1.75 0.068
v -0.047 1.756 0.074
v -0.063 1.757 0.061
v -0.075 1.736 0.056
v -0.034 1.782 0.068
v -0.027 1.78 0.07
v -0.027 1.796 0.066
v -0.015 1.793 0.064
v -0.039 1.785 0.066
v 0.008 1.802 0.068
v -0.009 1.787 0.058
v -0.038 1.793 0.058
v -0.036 1.808 0.06
v -0.005 1.76 0.07
v -0.027 1.806 0.067
v -0.024 1.82 0.067
v -0.016 1.817 0.07
v -0.014 1.831 0.074
v 0.01 1.835 0.08
v 0.006 1.844 0.077
v 0.041 1.855 0.071
v 0.053 1.84 0.073
v 0.015 1.825 0.079
v 0.031 1.813 0.068
v 0.065 1.831 0.068
v 0.059 1.818 0.062
v 0.076 1.815 0.054
v 0.032 1.8 0.078
v 0.058 1.799 0.075
v 0.021 1.759 0.083
v 0.049 1.762 0.085
v 0.029 1.755 0.081
v 0.066 1.768 0.082
v -0.007 1.751 0.065
v 0.047 1.753 0.082
v 0.068 1.759 0.078
v 0.038 1.749 0.083
v 0.039 1.738 0.083
v 0.021 1.742 0.065
v 0.003 1.748 0.065
v -0.008 1.739 0.057
v -0.018 1.738 0.046
v -0.023 1.721 0.05
v 0.003 1.737 0.067
v -0.004 1.732 0.062
v 0.022 1.736 0.063
v -0.004 1.719 0.071
v -0.015 1.711 0.066
v 0.006 1.731 0.067
v 0 1.706 0.077
v -0.015 1.696 0.065
v 0.02 1.717 0.079
v 0.024 1.706 0.081
v -0.003 1.693 0.073
v -0.005 1.674 0.059
v 0.033 1.714 0.089
v 0.003 1.686 0.066
v 0.009 1.673 0.061
v 0.007 1.648 0.06
v 0.039 1.707 0.105
v 0.044 1.726 0.091
v 0.045 1.741 0.082
v 0.043 1.707 0.106
v 0.04 1.7 0.105
v 0.047 1.701 0.104
v 0.029 1.702 0.095
v 0.026 1.697 0.083
v 0.034 1.68 0.09
v 0.037 1.692 0.088
v 0.039 1.697 0.091
v 0.047 1.699 0.092
v 0.052 1.696 0.087
v 0.048 1.683 0.091
v 0.043 1.673 0.087
v 0.032 1.676 0.084
v 0.034 1.671 0.087
v 0.032 1.665 0.086
v 0.052 1.665 0.086
v 0.027 1.661 0.076
v 0.036 1.635 0.081
v 0.03 1.627 0.073
v 0.041 1.659 0.08
v 0.054 1.635 0.08
v 0.057 1.661 0.078
v 0.016 0.105 0.099
v 0.01 0.106 0.154
v 0.029 0.106 0.179
v 0.098 0.106 0.117
v 0.022 0.107 0.088
v 0.078 0.106 0.17
v 0.053 0.106 0.182
v 0.091 0.106 0.151
v 0.053 0.116 0.083
v 0.021 0.119 0.074
v 0.1 0.151 0.062
v 0.031 0.15 0.045
v 0.08 0.145 0.06
v 0.088 0.163 0.033
v 0.102 0.165 0.037
v 0.088 0.167 0.014
v 0.105 0.171 0.015
v 0.094 0.163 -0.005
v 0.079 0.163 -0.001
v 0.062 0.164 -0.002
v 0.054 0.16 0.032
v 0.034 0.168 0.014
v 0.059 0.166 0.015
v 0.052 0.166 -0.007
v -0.122 1.179 -0.167
v -0.113 1.2 -0.158
v -0.097 1.183 -0.171
v -0.119 1.164 -0.176
v -0.131 1.173 -0.168
v -0.152 1.162 -0.168
v -0.142 1.175 -0.165
v -0.168 1.172 -0.156
v -0.153 1.181 -0.156
v 0.001 1.757 -0.136
v 0.051 1.812 -0.123
v 0.023 1.824 -0.115
v 0.057 1.779 -0.136
v 0.029 1.735 -0.143
v 0.071 1.784 -0.132
v 0.076 1.818 -0.114
v 0.085 1.79 -0.124
v 0.1 1.801 -0.101
v 0.079 1.765 -0.132
v 0.061 1.749 -0.142
v 0.089 1.729 -0.128
v 0.121 1.733 -0.101
v 0.1 1.708 -0.119
v 0.123 1.674 -0.108
v 0.068 1.715 -0.138
v 0.04 1.681 -0.139
v 0.112 1.68 -0.115
v 0.128 1.621 -0.111
v 0.062 1.668 -0.131
v 0.05 1.626 -0.139
v 0.09 1.652 -0.12
v 0.017 1.683 -0.136
v 0.113 1.626 -0.121
v 0.117 1.595 -0.116
v 0.146 1.574 -0.088
v 0.1 1.614 -0.121
v -0.003 1.677 -0.127
v -0.028 1.683 -0.121
v 0.011 1.645 -0.135
v -0.003 1.63 -0.138
v 0.03 1.616 -0.142
v 0.084 1.58 -0.128
v 0.103 1.588 -0.119
v 0.037 1.587 -0.141
v 0.072 1.532 -0.119
v 0.025 1.541 -0.14
v 0.02 1.608 -0.143
v 0.013 1.594 -0.15
v 0.021 1.586 -0.146
v 0.116 1.558 -0.105
v 0.102 1.545 -0.111
v 0.001 1.597 -0.153
v -0.012 1.601 -0.15
v 0.008 1.581 -0.152
v -0.015 1.582 -0.152
v -0.043 1.58 -0.146
v -0.028 1.566 -0.146
v -0.015 1.549 -0.148
v 0.013 1.558 -0.144
v 0.002 1.532 -0.142
v 0.029 1.522 -0.128
v 0.046 1.523 -0.126
v 0.04 1.512 -0.124
v 0.06 1.508 -0.125
v 0.077 1.519 -0.12
v 0.093 1.52 -0.121
v 0.085 1.544 -0.118
v 0.102 1.529 -0.113
v 0.117 1.534 -0.109
v 0.135 1.546 -0.094
v 0.157 1.559 -0.082
v 0.164 1.568 -0.072
v 0.143 1.597 -0.088
v 0.056 0.125 0.185
v 0.078 0.106 0.17
v 0.053 0.106 0.182
v 0.081 0.126 0.174
v 0.075 0.141 0.168
v 0.091 0.106 0.151
v 0.091 0.145 0.149
v 0.097 0.126 0.153
v 0.103 0.129 0.132
v 0.098 0.106 0.117
v 0.1 0.149 0.132
v 0.106 0.135 0.103
v 0.1 0.151 0.062
v 0.106 0.157 0.11
v 0.106 0.168 0.05
v 0.102 0.165 0.037
v 0.108 0.187 0.013
v 0.103 0.192 0.044
v 0.105 0.171 0.015
v 0.105 0.174 -0.002
v 0.094 0.163 -0.005
v 0.098 0.227 -0.003
v 0.095 0.206 0.029
v 0.097 0.184 0.064
v 0.102 0.185 -0.023
v 0.096 0.17 -0.023
v 0.102 0.208 -0.014
v 0.094 0.188 -0.036
v 0.086 0.146 -0.022
v 0.076 0.138 -0.031
v 0.095 0.213 -0.031
v 0.078 0.107 -0.027
v 0.092 0.233 -0.023
v 0.078 0.231 -0.043
v 0.095 0.23 -0.004
v 0.086 0.146 -0.015
v 0.075 0.147 -0.008
v 0.075 0.125 -0.011
v 0.078 0.109 -0.02
v 0.075 0.107 -0.012
v 0.095 0.235 0.021
v 0.097 0.241 0.001
v 0.09 0.262 0.019
v 0.086 0.234 -0.022
v 0.087 0.205 0.059
v 0.076 0.256 -0.035
v 0.075 0.235 -0.039
v 0.092 0.268 0.004
v 0.084 0.295 -0.031
v 0.093 0.295 0.002
v 0.089 0.294 0.021
v 0.073 0.293 0.038
v 0.078 0.241 0.044
v 0.087 0.222 0.045
v 0.068 0.211 0.066
v 0.084 0.187 0.085
v 0.096 0.166 0.1
v 0.082 0.151 0.134
v 0.056 0.125 0.185
v 0.053 0.106 0.182
v 0.03 0.124 0.181
v 0.029 0.106 0.179
v -0.163 1.402 0.119
v -0.143 1.45 0.12
v -0.138 1.418 0.141
v -0.176 1.441 0.081
v -0.177 1.485 0.039
v -0.143 1.472 0.101
v -0.17 1.425 0.088
v -0.175 1.452 0.061
v -0.152 1.383 0.132
v -0.118 1.347 0.145
v -0.122 1.351 0.149
v -0.084 1.326 0.166
v -0.071 1.317 0.164
v -0.175 1.483 0.031
v -0.166 1.51 0.003
v -0.161 1.522 0.005
v -0.151 1.53 -0.022
v -0.141 1.551 -0.053
v -0.133 1.552 -0.032
v -0.101 1.581 -0.06
v -0.098 1.585 -0.059
v -0.081 1.597 -0.07
v -0.083 1.593 -0.073
v -0.065 1.6 -0.086
v 0.173 1.561 -0.034
v 0.161 1.541 -0.055
v 0.198 1.542 -0.033
v 0.188 1.568 -0.014
v 0.218 1.559 -0.006
v 0.204 1.568 0.026
v 0.214 1.54 -0.029
v 0.229 1.555 0.033
v 0.137 1.586 -0.046
v 0.156 1.573 -0.048
v 0.119 1.581 -0.069
v 0.104 1.578 -0.083
v 0.142 1.585 -0.023
v 0.142 1.584 0.009
v 0.141 1.565 0.05
v 0.208 1.547 0.068
v 0.223 1.541 0.065
v 0.2 1.524 0.089
v 0.143 1.537 0.079
v 0.19 1.505 0.101
v 0.159 1.502 0.109
v 0.177 1.472 0.125
v 0.142 1.489 0.129
v 0.021 0.154 0.101
v 0.026 0.179 0.066
v 0.032 0.182 0.078
v 0.03 0.202 0.053
v 0.042 0.205 0.067
v 0.032 0.244 0.039
v 0.023 0.237 0.015
v 0.027 0.216 0.017
v 0.034 0.23 -0.011
v 0.022 0.257 0.021
v 0.033 0.27 0.031
v 0.025 0.215 0.013
v 0.024 0.202 0.035
v 0.031 0.284 0.015
v 0.04 0.277 0.037
v 0.038 0.305 0.017
v 0.044 0.3 0.035
v 0.039 0.304 -0.004
v 0.02 0.251 0.013
v 0.024 0.271 0.008
v 0.027 0.274 -0.002
v 0.024 0.258 -0.004
v 0.042 0.285 -0.015
v 0.049 0.301 -0.022
v 0.062 0.297 -0.035
v 0.052 0.267 -0.03
v 0.069 0.297 -0.038
v 0.062 0.235 -0.042
v 0.047 0.235 -0.03
v 0.062 0.23 -0.045
v 0.043 0.231 -0.032
v 0.031 0.225 -0.014
v 0.042 0.211 -0.035
v 0.062 0.19 -0.046
v 0.031 0.206 -0.016
v 0.044 0.188 -0.035
v 0.064 0.154 -0.035
v 0.027 0.195 0.015
v 0.036 0.184 -0.02
v 0.034 0.168 0.014
v 0.021 0.181 0.058
v 0.036 0.181 -0.003
v 0.031 0.15 0.045
v 0.052 0.166 -0.007
v 0.021 0.119 0.074
v 0.044 0.172 -0.021
v 0.055 0.146 -0.021
v 0.056 0.148 -0.015
v 0.061 0.13 -0.014
v 0.057 0.107 -0.019
v 0.061 0.107 -0.029
v 0.058 0.145 -0.028
v 0.015 0.15 0.079
v 0.015 0.155 0.093
v 0.005 0.13 0.111
v 0.01 0.142 0.134
v 0.016 0.105 0.099
v 0.022 0.107 0.088
v 0.01 0.106 0.154
v 0.003 0.127 0.134
v 0.009 0.124 0.161
v 0.017 0.14 0.156
v 0.029 0.106 0.179
v 0.03 0.124 0.181
v -0.072 1.585 -0.15
v -0.104 1.582 -0.173
v -0.086 1.558 -0.182
v -0.121 1.589 -0.149
v -0.091 1.597 -0.118
v -0.042 1.588 -0.139
v -0.115 1.574 -0.181
v -0.14 1.576 -0.157
v -0.05 1.591 -0.129
v -0.063 1.601 -0.101
v -0.065 1.6 -0.086
v -0.083 1.593 -0.073
v -0.126 1.589 -0.116
v -0.142 1.584 -0.136
v -0.165 1.566 -0.124
v -0.154 1.573 -0.109
v -0.13 1.58 -0.084
v -0.171 1.548 -0.09
v -0.101 1.581 -0.06
v -0.156 1.55 -0.067
v -0.141 1.551 -0.053
v -0.174 1.507 -0.026
v -0.151 1.53 -0.022
v 0.118 1.198 0.16
v 0.089 1.21 0.168
v 0.146 1.204 0.134
v 0.145 1.201 0.138
v 0.164 1.208 0.129
v 0.121 1.202 0.164
v 0.098 1.197 0.171
v 0.136 1.204 0.163
v 0.112 1.199 0.174
v 0.086 1.192 0.179
v 0.072 1.196 0.181
v 0.158 1.204 0.139
v 0.17 1.2 0.141
v 0.158 1.199 0.149
v 0.176 1.207 0.122
v -0.048 0.105 -0.015
v -0.105 0.106 0.041
v -0.074 0.106 0.023
v -0.125 0.106 -0.052
v -0.074 0.114 -0.043
v -0.034 0.13 -0.035
v -0.144 0.106 -0.025
v -0.149 0.106 -0.001
v -0.142 0.106 0.025
v -0.123 0.106 0.041
v -0.108 0.125 -0.068
v -0.064 0.131 -0.054
v -0.072 0.15 -0.072
v -0.088 0.157 -0.083
v -0.072 0.178 -0.098
v -0.023 0.163 -0.052
v -0.06 0.173 -0.089
v -0.061 0.187 -0.11
v -0.026 0.178 -0.08
v -0.011 0.176 -0.062
v -0.011 0.181 -0.089
v -0.047 0.181 -0.098
v -0.039 0.184 -0.116
v -0.047 0.196 -0.122
v -0.029 0.181 -0.103
v -0.021 0.167 -0.112
v -0.007 0.166 -0.102
v 0.118 1.54 -0.092
v 0.151 1.555 -0.077
v 0.113 1.532 -0.101
v 0.094 1.523 -0.109
v 0.102 1.529 -0.113
v 0.117 1.534 -0.109
v 0.093 1.52 -0.121
v 0.098 1.539 -0.091
v 0.131 1.558 -0.081
v 0.076 1.517 -0.113
v 0.077 1.519 -0.12
v 0.055 1.509 -0.115
v 0.06 1.508 -0.125
v 0.04 1.512 -0.124
v 0.039 1.511 -0.119
v 0.023 1.523 -0.123
v 0.029 1.522 -0.128
v 0 1.533 -0.139
v 0.002 1.532 -0.142
v -0.015 1.549 -0.148
v -0.028 1.566 -0.146
v 0.141 1.698 -0.006
v 0.145 1.654 -0.026
v 0.135 1.648 -0.02
v 0.13 1.631 -0.033
v 0.126 1.628 -0.026
v 0.133 1.611 -0.034
v 0.137 1.637 -0.046
v 0.145 1.65 -0.067
v 0.163 1.685 -0.054
v 0.135 1.619 -0.047
v 0.141 1.626 -0.067
v 0.15 1.599 -0.07
v 0.151 1.587 -0.047
v 0.157 1.68 -0.033
v 0.153 1.701 -0.009
v 0.166 1.71 -0.035
v 0.165 1.698 -0.066
v 0.165 1.724 -0.046
v 0.16 1.736 -0.03
v 0.152 1.734 -0.009
v 0.149 1.758 -0.012
v 0.12 1.782 0.021
v 0.132 1.742 0.011
v 0.137 1.719 0.003
v 0.123 1.736 0.015
v 0.109 1.756 0.034
v 0.116 1.769 0.032
v 0.1 1.781 0.044
v 0.254 1.184 0
v 0.262 1.197 0.022
v 0.272 1.182 0.03
v 0.262 1.177 0.003
v 0.282 1.17 0.033
v 0.278 1.183 0.038
v 0.287 1.18 0.06
v 0.281 1.189 0.055
v 0.276 1.201 0.071
v 0.287 1.188 0.072
v 0.273 1.205 0.063
v 0.27 1.209 0.079
v 0.248 1.224 0.065
v 0.254 1.221 0.062
v 0.245 1.228 0.07
v 0.245 1.228 0.07
v 0.238 1.233 0.067
v 0.246 1.225 0.057
v -0.07 1.567 -0.02
v -0.089 1.564 -0.006
v -0.076 1.567 -0.001
v -0.09 1.571 0.007
v -0.099 1.562 -0.01
v -0.112 1.568 -0.017
v -0.121 1.566 -0.031
v -0.115 1.562 -0.032
v -0.112 1.577 -0.045
v -0.105 1.574 -0.045
v -0.123 1.191 -0.093
v -0.151 1.212 -0.131
v -0.134 1.223 -0.126
v -0.133 1.185 -0.094
v -0.153 1.181 -0.156
v -0.137 1.143 -0.113
v -0.142 1.175 -0.165
v -0.147 1.155 -0.122
v -0.155 1.199 -0.142
v -0.142 1.147 -0.109
v -0.146 1.135 -0.091
v -0.149 1.16 -0.092
v -0.144 1.158 -0.107
v -0.151 1.212 -0.131
v -0.139 1.178 -0.098
v -0.133 1.185 -0.094
v -0.112 1.577 -0.045
v -0.078 1.594 -0.023
v -0.095 1.587 -0.007
v -0.091 1.591 -0.053
v -0.123 1.191 -0.093
v -0.141 1.201 -0.048
v -0.133 1.185 -0.094
v -0.148 1.191 -0.049
v -0.17 1.179 -0.024
v -0.139 1.178 -0.098
v -0.156 1.194 -0.024
v -0.154 1.184 -0.017
v -0.151 1.201 -0.023
v -0.153 1.187 -0.006
v -0.151 1.18 -0.012
v -0.15 1.194 -0.009
v -0.153 1.187 0.014
v -0.177 1.156 -0.04
v -0.149 1.16 -0.092
v -0.172 1.168 -0.022
v -0.182 1.162 0.023
v -0.177 1.15 0.038
v -0.17 1.161 -0.008
v -0.172 1.141 -0.055
v -0.146 1.135 -0.091
v -0.168 1.129 -0.064
v -0.182 1.155 -0.026
v -0.178 1.159 -0.016
v -0.173 1.133 -0.055
v -0.176 1.125 -0.053
v -0.177 1.148 -0.036
v -0.182 1.151 -0.014
v -0.185 1.149 0.012
v -0.189 1.143 0.009
v -0.177 1.143 -0.02
v -0.184 1.135 0.005
v -0.173 1.113 0.055
v -0.189 1.133 0.001
v -0.181 1.115 0.03
v -0.178 1.111 0.028
v -0.19 1.126 -0.003
v -0.181 1.141 -0.024
v -0.183 1.135 -0.026
v -0.178 1.129 -0.028
v -0.182 1.143 -0.04
v -0.176 1.123 -0.045
v -0.17 1.116 -0.045
v -0.176 1.126 -0.035
v -0.186 1.102 -0.024
v -0.181 1.12 -0.035
v -0.189 1.107 -0.021
v -0.187 1.111 -0.015
v -0.185 1.088 0.01
v -0.183 1.083 0.009
v -0.181 1.09 -0.007
v 0.033 1.291 0.187
v 0.056 1.297 0.168
v 0.06 1.292 0.172
v 0.026 1.294 0.181
v 0.026 1.292 0.19
v -0.015 1.29 0.179
v -0.009 1.288 0.189
v -0.018 1.287 0.187
v 0.136 1.204 0.163
v 0.158 1.204 0.139
v 0.158 1.199 0.149
v 0.141 1.199 0.165
v 0.142 1.191 0.165
v 0.112 1.194 0.177
v 0.113 1.188 0.176
v 0.137 1.188 0.164
v 0.163 1.19 0.145
v 0.158 1.187 0.144
v 0.17 1.2 0.141
v 0.178 1.189 0.138
v 0.183 1.197 0.128
v 0.193 1.18 0.131
v 0.183 1.182 0.145
v 0.176 1.207 0.122
v 0.188 1.172 0.142
v 0.165 1.18 0.153
v 0.198 1.168 0.134
v 0.196 1.166 0.144
v 0.17 1.218 0.114
v 0.221 1.187 0.087
v 0.164 1.217 0.124
v 0.164 1.208 0.129
v 0.148 1.212 0.137
v 0.126 1.22 0.151
v 0.182 1.217 0.073
v 0.119 1.214 0.156
v 0.146 1.204 0.134
v 0.084 1.218 0.169
v 0.089 1.21 0.168
v 0.211 1.197 0.076
v 0.184 1.217 0.054
v 0.206 1.195 0.059
v 0.182 1.216 0.043
v 0.234 1.156 0.087
v 0.242 1.158 0.082
v 0.243 1.152 0.077
v 0.221 1.176 0.094
v 0.219 1.158 0.1
v 0.227 1.149 0.089
v 0.225 1.144 0.083
v 0.208 1.158 0.116
v 0.186 1.158 0.147
v 0.182 1.165 0.152
v 0.164 1.165 0.169
v 0.178 1.17 0.149
v 0.164 1.171 0.165
v 0.163 1.159 0.168
v 0.145 1.161 0.175
v 0.217 1.53 -0.021
v 0.236 1.533 0.002
v 0.218 1.559 -0.006
v 0.214 1.54 -0.029
v 0.214 1.515 -0.028
v 0.205 1.512 -0.038
v 0.271 1.505 0.027
v 0.259 1.511 -0.008
v 0.286 1.497 -0.009
v 0.277 1.481 -0.045
v 0.236 1.533 0.002
v 0.223 1.515 -0.025
v 0.23 1.494 -0.042
v 0.214 1.515 -0.028
v 0.312 1.459 -0.048
v 0.326 1.468 -0.016
v 0.378 1.4 -0.057
v 0.373 1.423 -0.027
v 0.342 1.405 -0.07
v 0.399 1.403 -0.024
v 0.378 1.384 -0.073
v 0.397 1.394 -0.045
v 0.397 1.375 -0.069
v 0.113 0.289 -0.041
v 0.115 0.288 0.018
v 0.123 0.287 -0.02
v 0.093 0.295 0.002
v 0.089 0.294 0.021
v 0.083 0.288 0.048
v 0.073 0.293 0.038
v 0.06 0.289 0.058
v 0.023 0.292 0.069
v 0.044 0.3 0.035
v 0.01 0.298 0.037
v 0.006 0.302 0.015
v 0.038 0.305 0.017
v 0.084 0.295 -0.031
v 0.071 0.296 -0.061
v 0.094 0.293 -0.055
v 0.069 0.297 -0.038
v 0.056 0.298 -0.06
v 0.062 0.297 -0.035
v 0.049 0.301 -0.022
v 0.018 0.304 -0.013
v 0.031 0.304 -0.045
v 0.006 0.302 0.015
v 0.039 0.304 -0.004
v -0.137 1.401 -0.123
v -0.111 1.409 -0.134
v -0.111 1.397 -0.169
v -0.133 1.409 -0.104
v -0.127 1.412 -0.092
v -0.109 1.412 -0.119
v -0.137 1.417 -0.076
v -0.149 1.395 -0.13
v -0.136 1.384 -0.15
v -0.154 1.408 -0.112
v -0.15 1.427 -0.064
v -0.166 1.448 -0.067
v -0.175 1.424 -0.115
v -0.17 1.393 -0.142
v -0.143 1.381 -0.153
v -0.125 1.372 -0.18
v -0.164 1.382 -0.152
v -0.176 1.384 -0.163
v -0.149 1.367 -0.168
v -0.135 1.366 -0.177
v -0.126 1.335 -0.234
v -0.177 1.365 -0.178
v -0.19 1.404 -0.16
v -0.146 1.336 -0.212
v -0.175 1.338 -0.204
v -0.192 1.362 -0.2
v 0.398 1.322 -0.068
v 0.411 1.355 -0.062
v 0.399 1.343 -0.078
v 0.41 1.333 -0.053
v 0.398 1.308 -0.036
v 0.376 1.277 -0.042
v 0.35 1.234 -0.011
v 0.413 1.359 -0.047
v 0.397 1.375 -0.069
v 0.397 1.394 -0.045
v 0.407 1.376 -0.012
v 0.399 1.403 -0.024
v 0.354 1.237 0.01
v 0.352 1.25 0.03
v 0.313 1.198 0.018
v 0.313 1.201 0.047
v 0.282 1.17 0.033
v 0.287 1.18 0.06
v 0.287 1.188 0.072
v 0.401 1.328 -0.017
v 0.412 1.341 -0.042
v 0.406 1.353 -0.022
v 0.307 1.212 0.063
v 0.298 1.221 0.068
v 0.27 1.209 0.079
v 0.342 1.271 0.041
v 0.321 1.274 0.048
v 0.356 1.306 0.032
v 0.388 1.349 0.011
v 0.38 1.358 0.017
v 0.393 1.376 0.009
v 0.4 1.386 -0.006
v 0.4 1.389 0
v 0.387 1.403 0.003
v 0.373 1.423 -0.027
v 0.326 1.468 -0.016
v 0.384 1.389 0.013
v 0.384 1.375 0.011
v 0.296 1.487 0.024
v 0.286 1.497 -0.009
v 0.271 1.505 0.027
v 0.259 1.5 0.058
v 0.259 1.514 0.046
v 0.238 1.538 0.031
v 0.259 1.511 -0.008
v 0.236 1.533 0.002
v 0.228 1.553 0.001
v 0.236 1.53 0.058
v 0.212 1.515 0.087
v 0.229 1.555 0.033
v 0.218 1.559 -0.006
v 0.223 1.541 0.065
v 0.208 1.547 0.068
v 0.2 1.524 0.089
v 0.19 1.48 0.105
v 0.19 1.505 0.101
v 0.177 1.472 0.125
v 0.181 1.455 0.111
v 0.204 1.475 0.092
v 0.25 1.476 0.072
v 0.199 1.461 0.091
v 0.255 1.449 0.074
v 0.179 1.421 0.077
v 0.275 1.476 0.058
v 0.277 1.454 0.064
v 0.257 1.425 0.072
v 0.284 1.422 0.062
v 0.289 1.475 0.046
v 0.321 1.447 0.035
v 0.318 1.415 0.041
v 0.306 1.4 0.048
v 0.165 1.425 0.096
v 0.154 1.396 0.088
v 0.177 1.408 0.061
v 0.175 1.385 0.032
v 0.186 1.395 0.027
v 0.19 1.406 -0.011
v 0.156 1.424 0.122
v 0.146 1.398 0.123
v 0.153 1.445 0.148
v 0.123 1.458 0.158
v 0.132 1.424 0.161
v 0.142 1.489 0.129
v 0.159 1.502 0.109
v 0.135 1.499 0.13
v 0.143 1.537 0.079
v 0.139 1.568 0.051
v 0.141 1.565 0.05
v 0.124 1.47 0.155
v 0.141 1.588 0.007
v 0.142 1.584 0.009
v 0.142 1.585 -0.023
v 0.141 1.592 -0.032
v 0.137 1.586 -0.046
v 0.129 1.588 -0.063
v 0.119 1.581 -0.069
v 0.103 1.439 0.178
v 0.097 1.426 0.181
v 0.072 1.404 0.199
v 0.064 1.394 0.198
v 0.046 1.381 0.205
v 0.098 1.401 0.183
v 0.074 1.375 0.19
v 0.04 1.375 0.201
v 0.006 1.352 0.196
v 0.005 1.349 0.192
v 0.028 1.309 0.182
v 0.107 1.375 0.165
v 0.118 1.364 0.139
v 0.096 1.355 0.162
v 0.143 1.383 0.112
v 0.142 1.379 0.087
v 0.127 1.363 0.108
v 0.143 1.326 0.062
v 0.054 1.309 0.17
v 0.071 1.342 0.175
v 0.094 1.346 0.147
v 0.108 1.347 0.124
v 0.056 1.297 0.168
v 0.026 1.294 0.181
v 0.071 1.31 0.157
v 0.096 1.318 0.133
v 0.077 1.301 0.153
v 0.06 1.292 0.172
v 0.12 1.301 0.09
v 0.125 1.321 0.088
v 0.124 1.3 0.068
v 0.146 1.313 0.028
v 0.129 1.295 0.038
v 0.122 1.289 0.015
v 0.169 1.349 0.009
v 0.134 1.305 0.002
v 0.106 1.284 -0.01
v 0.155 1.34 -0.022
v 0.163 1.366 -0.034
v 0.181 1.388 -0.012
v 0.171 1.401 -0.046
v 0.191 1.425 -0.028
v 0.098 0.847 -0.045
v 0.128 0.835 -0.057
v 0.14 0.861 -0.054
v 0.081 0.808 -0.037
v 0.112 0.774 -0.055
v 0.046 0.697 -0.015
v 0.098 0.661 -0.046
v 0.069 0.848 -0.034
v 0.082 0.875 -0.038
v 0.049 0.613 -0.02
v 0.089 0.609 -0.043
v 0.088 0.573 -0.052
v 0.052 0.887 0.001
v 0.019 0.869 0.028
v 0.028 0.881 0.026
v 0.034 0.909 0.025
v 0.075 0.891 -0.033
v 0.106 0.928 -0.048
v 0.09 0.917 -0.04
v 0.055 0.908 -0.004
v 0.054 0.932 -0.014
v 0.082 0.916 -0.033
v 0.1 0.942 -0.051
v 0.063 0.944 -0.033
v 0.085 0.948 -0.051
v 0.072 0.97 -0.062
v 0.02 0.797 0.021
v 0.015 0.851 0.032
v 0.01 0.84 0.064
v 0.022 0.685 0.013
v 0.025 0.617 0.007
v 0.047 0.568 -0.026
v 0.047 0.541 -0.027
v 0.084 0.541 -0.046
v 0.05 0.489 -0.04
v 0.081 0.489 -0.055
v 0.056 0.298 -0.06
v 0.031 0.304 -0.045
v 0.026 0.533 0
v 0.019 0.489 -0.004
v 0.026 0.562 0.002
v 0.015 0.309 -0.021
v 0.018 0.304 -0.013
v 0.006 0.302 0.015
v 0.011 0.362 0.015
v 0.016 0.514 0.037
v 0.013 0.488 0.027
v 0.026 0.617 0.054
v 0.023 0.569 0.049
v 0.02 0.488 0.06
v 0.016 0.394 0.048
v 0.02 0.661 0.047
v 0.042 0.624 0.091
v 0.01 0.298 0.037
v 0.006 0.302 0.015
v 0.023 0.292 0.069
v 0.031 0.373 0.08
v 0.041 0.475 0.093
v 0.053 0.58 0.107
v 0.056 0.626 0.113
v 0.059 0.677 0.127
v 0.035 0.667 0.09
v 0.028 0.712 0.096
v 0.062 0.756 0.147
v 0.015 0.715 0.052
v 0.014 0.78 0.055
v 0.024 0.773 0.106
v 0.073 0.884 0.172
v 0.026 0.881 0.116
v 0.017 0.811 0.079
v 0.009 0.903 0.077
v 0.052 0.903 0.151
v 0.064 0.953 0.166
v 0.029 0.916 0.131
v 0.019 0.917 0.108
v 0.029 0.94 0.134
v 0.01 0.941 0.108
v 0.011 0.925 0.075
v 0.011 0.955 0.123
v 0.003 0.954 0.103
v 0.003 0.965 0.119
v 0.01 0.973 0.134
v -0.007 0.982 0.126
v 0.103 0.192 0.044
v 0.106 0.157 0.11
v 0.097 0.184 0.064
v 0.096 0.166 0.1
v 0.082 0.151 0.134
v 0.1 0.149 0.132
v 0.091 0.145 0.149
v 0.067 0.148 0.142
v 0.075 0.141 0.168
v 0.067 0.183 0.095
v 0.084 0.187 0.085
v 0.068 0.211 0.066
v 0.042 0.187 0.084
v 0.042 0.205 0.067
v 0.032 0.182 0.078
v 0.021 0.154 0.101
v 0.036 0.148 0.13
v 0.056 0.14 0.174
v 0.056 0.125 0.185
v 0.033 0.139 0.171
v 0.03 0.124 0.181
v 0.017 0.14 0.156
v 0.025 0.146 0.136
v 0.01 0.142 0.134
v 0.015 0.155 0.093
v 0.021 0.181 0.058
v 0.026 0.179 0.066
v 0.024 0.202 0.035
v 0.027 0.216 0.017
v -0.131 1.419 0.137
v -0.137 1.447 0.119
v -0.076 1.442 0.151
v -0.073 1.423 0.162
v 0.006 1.443 0.178
v 0.026 1.419 0.196
v 0.016 1.401 0.197
v -0.115 1.4 0.146
v -0.127 1.398 0.142
v -0.115 1.382 0.148
v -0.105 1.371 0.147
v -0.01 1.401 0.188
v -0.006 1.375 0.189
v -0.063 1.407 0.17
v -0.037 1.356 0.17
v -0.032 1.352 0.176
v -0.094 1.347 0.146
v -0.057 1.313 0.16
v -0.042 1.336 0.167
v -0.035 1.2 0.175
v -0.013 1.2 0.192
v -0.007 1.201 0.183
v -0.064 1.197 0.165
v -0.092 1.193 0.16
v -0.087 1.196 0.153
v -0.111 1.533 0.029
v -0.092 1.546 0.002
v -0.124 1.509 0.059
v -0.128 1.519 0.051
v -0.117 1.469 0.11
v -0.137 1.462 0.102
v -0.136 1.476 0.092
v -0.143 1.472 0.101
v -0.177 1.485 0.039
v -0.161 1.522 0.005
v -0.105 1.551 0.009
v -0.133 1.552 -0.032
v -0.099 1.562 -0.01
v -0.089 1.564 -0.006
v -0.115 1.562 -0.032
v -0.098 1.585 -0.059
v -0.105 1.574 -0.045
v -0.086 1.587 -0.051
v -0.081 1.597 -0.07
v -0.078 1.596 -0.066
v -0.065 1.601 -0.078
v -0.065 1.6 -0.086
v -0.105 1.182 -0.08
v -0.108 1.198 -0.07
v -0.13 1.198 -0.042
v -0.114 1.261 -0.054
v -0.126 1.26 -0.04
v -0.14 1.2 -0.019
v -0.115 0.138 -0.07
v -0.088 0.157 -0.083
v -0.084 0.178 -0.091
v -0.108 0.125 -0.068
v -0.171 1.169 0.033
v -0.154 1.184 -0.017
v -0.16 1.172 0.01
v -0.166 1.16 0.042
v -0.166 1.154 0.055
v -0.165 1.154 0.047
v -0.167 1.148 0.052
v -0.177 1.145 0.062
v -0.175 1.151 0.065
v 0.303 1.344 0.008
v 0.341 1.358 0.025
v 0.315 1.34 0.032
v 0.293 1.341 0.003
v 0.299 1.345 -0.002
v 0.068 1.852 0.063
v 0.057 1.863 0.058
v 0.081 1.857 0.046
v 0.078 1.839 0.062
v 0.092 1.845 0.045
v 0.085 1.857 0.028
v 0.095 1.849 0.024
v 0.076 1.861 0.005
v 0.065 1.831 0.068
v 0.053 1.84 0.073
v 0.041 1.855 0.071
v 0.085 1.823 0.053
v 0.076 1.815 0.054
v 0.088 1.813 0.043
v 0.096 1.832 0.038
v 0.109 1.837 0.003
v 0.1 1.851 -0.008
v 0.103 1.823 0.019
v 0.112 1.837 -0.032
v 0.088 1.85 -0.055
v 0.111 1.827 0
v 0.093 1.829 -0.079
v 0.08 1.835 -0.095
v 0.076 1.818 -0.114
v 0.107 1.824 -0.052
v 0.1 1.801 -0.101
v 0.115 1.828 -0.028
v 0.125 1.82 -0.005
v 0.129 1.819 -0.026
v 0.117 1.805 0.028
v 0.128 1.811 -0.053
v 0.134 1.806 -0.002
v 0.137 1.808 -0.027
v 0.111 1.794 0.038
v 0.121 1.796 0.026
v 0.138 1.78 -0.007
v 0.143 1.795 -0.023
v 0.12 1.782 0.021
v 0.116 1.769 0.032
v 0.132 1.742 0.011
v 0.1 1.781 0.044
v 0.149 1.758 -0.012
v 0.145 1.771 -0.026
v 0.16 1.736 -0.03
v 0.144 1.788 -0.051
v 0.088 1.797 0.056
v 0.091 1.762 0.067
v 0.106 1.753 0.032
v 0.076 1.802 0.064
v 0.059 1.818 0.062
v 0.058 1.799 0.075
v 0.066 1.768 0.082
v 0.068 1.759 0.078
v 0.087 1.753 0.066
v 0.1 1.741 0.047
v 0.082 1.748 0.064
v 0.116 1.74 0.015
v 0.088 1.739 0.059
v 0.079 1.743 0.068
v 0.107 1.73 0.044
v 0.109 1.709 0.047
v 0.101 1.716 0.062
v 0.085 1.719 0.074
v 0.079 1.735 0.066
v 0.072 1.743 0.067
v 0.085 1.706 0.077
v 0.098 1.698 0.067
v 0.088 1.694 0.072
v 0.092 1.67 0.053
v 0.104 1.658 0.025
v 0.116 1.716 0.024
v 0.116 1.715 0.001
v 0.086 1.657 0.055
v 0.11 1.692 -0.004
v 0.122 1.737 0.007
v 0.075 1.675 0.062
v 0.107 1.672 0.004
v 0.106 1.694 -0.01
v 0.121 1.732 -0.001
v 0.124 1.744 -0.005
v 0.118 1.741 -0.009
v 0.123 1.748 -0.017
v 0.116 1.731 -0.003
v 0.12 1.737 -0.011
v 0.125 1.742 -0.015
v 0.115 1.722 -0.013
v 0.119 1.739 -0.016
v 0.12 1.715 -0.011
v 0.116 1.708 -0.011
v 0.115 1.698 -0.003
v 0.121 1.706 -0.013
v 0.115 1.711 -0.021
v 0.115 1.724 -0.021
v 0.125 1.718 -0.027
v 0.032 1.354 -0.077
v 0.011 1.36 -0.1
v 0.022 1.323 -0.077
v 0.031 1.327 -0.061
v 0.028 1.316 -0.064
v 0.03 1.299 -0.046
v 0.032 1.297 -0.056
v 0.036 1.28 -0.041
v 0.04 1.28 -0.05
v 0.069 0.297 -0.038
v 0.076 0.256 -0.035
v 0.084 0.295 -0.031
v 0.062 0.235 -0.042
v 0.075 0.235 -0.039
v 0.244 1.163 0.086
v 0.242 1.158 0.082
v 0.221 1.187 0.087
v 0.235 1.2 0.079
v 0.254 1.172 0.081
v -0.064 0.202 -0.029
v -0.077 0.206 -0.042
v -0.07 0.245 -0.056
v -0.074 0.181 -0.024
v -0.087 0.186 -0.037
v -0.055 0.178 -0.02
v -0.065 0.162 -0.011
v -0.083 0.165 -0.017
v -0.043 0.173 -0.022
v -0.038 0.203 -0.027
v -0.037 0.242 -0.026
v -0.029 0.2 -0.033
v -0.023 0.201 -0.032
v -0.008 0.221 -0.045
v -0.01 0.224 -0.045
v -0.057 0.251 -0.033
v -0.035 0.267 -0.024
v -0.046 0.273 -0.025
v -0.019 0.253 -0.026
v -0.012 0.238 -0.036
v -0.015 0.269 -0.029
v -0.024 0.283 -0.028
v -0.048 0.294 -0.022
v -0.03 0.301 -0.027
v 0.041 1.855 0.071
v 0.057 1.863 0.058
v 0.068 1.852 0.063
v 0.021 1.859 0.066
v 0.063 1.866 0.042
v 0.081 1.857 0.046
v 0.085 1.857 0.028
v 0.076 1.861 0.005
v 0.036 1.868 -0.002
v 0.002 1.847 0.071
v 0.006 1.844 0.077
v -0.014 1.831 0.074
v 0.025 1.865 0.044
v 0.007 1.859 0.053
v -0.01 1.848 0.034
v -0.002 1.851 0.057
v -0.02 1.844 0.007
v -0.023 1.84 0.057
v -0.025 1.836 0.035
v -0.016 1.841 0.068
v 0.01 1.861 0
v -0.008 1.855 -0.011
v 0.011 1.865 -0.017
v -0.003 1.858 -0.053
v 0.023 1.868 -0.05
v 0.03 1.869 -0.022
v 0.014 1.86 -0.068
v -0.013 1.846 -0.072
v 0.004 1.845 -0.089
v 0.037 1.867 -0.053
v 0.048 1.868 -0.018
v 0.038 1.858 -0.077
v 0.066 1.863 -0.021
v 0.026 1.847 -0.096
v -0.002 1.827 -0.101
v 0.023 1.824 -0.115
v 0.059 1.85 -0.085
v 0.061 1.861 -0.06
v 0.064 1.828 -0.11
v 0.051 1.812 -0.123
v 0.076 1.818 -0.114
v 0.08 1.835 -0.095
v 0.088 1.85 -0.055
v 0.1 1.851 -0.008
v 0.095 1.849 0.024
v -0.042 1.581 -0.142
v -0.005 1.557 -0.133
v -0.028 1.566 -0.146
v 0 1.533 -0.139
v 0.023 1.523 -0.123
v 0.153 1.701 -0.009
v 0.145 1.654 -0.026
v 0.141 1.698 -0.006
v 0.137 1.719 0.003
v 0.136 1.706 -0.005
v 0.125 1.671 -0.025
v 0.121 1.632 -0.036
v 0.128 1.725 0.005
v 0.123 1.736 0.015
v 0.062 0.164 -0.002
v 0.056 0.148 -0.015
v 0.052 0.166 -0.007
v 0.063 0.148 -0.01
v 0.061 0.13 -0.014
v 0.075 0.147 -0.008
v 0.079 0.163 -0.001
v 0.094 0.163 -0.005
v 0.075 0.125 -0.011
v 0.075 0.107 -0.012
v 0.062 0.107 -0.013
v 0.057 0.107 -0.019
v 0.091 1.221 0.157
v 0.126 1.228 0.123
v 0.121 1.221 0.138
v 0.116 1.225 0.151
v 0.165 1.22 0.105
v 0.15 1.215 0.105
v 0.164 1.218 0.062
v 0.084 1.218 0.169
v 0.082 1.215 0.167
v 0.075 1.219 0.167
v 0.126 1.22 0.151
v 0.164 1.217 0.124
v 0.17 1.218 0.114
v 0.17 1.219 0.068
v 0.171 1.224 0.048
v 0.182 1.217 0.073
v 0.184 1.217 0.054
v 0.182 1.216 0.043
v 0.156 1.225 0.041
v 0.158 1.238 0.018
v 0.149 1.248 0.017
v 0.145 1.242 0.024
v 0.154 1.248 0.011
v 0.143 1.244 0.017
v 0.149 1.252 0.006
v 0.068 1.759 0.078
v 0.057 1.745 0.07
v 0.047 1.753 0.082
v 0.087 1.753 0.066
v 0.072 1.748 0.066
v 0.082 1.748 0.064
v 0.06 1.736 0.062
v -0.002 0.17 -0.127
v 0.004 0.166 -0.122
v 0.012 0.215 -0.114
v -0.002 0.133 -0.136
v -0.011 0.173 -0.129
v -0.002 0.218 -0.128
v -0.019 0.166 -0.127
v -0.011 0.132 -0.133
v -0.026 0.194 -0.129
v -0.031 0.211 -0.13
v -0.018 0.215 -0.132
v -0.025 0.24 -0.122
v -0.007 0.257 -0.113
v 0.009 0.243 -0.109
v 0.005 0.256 -0.102
v 0.039 1.697 0.091
v 0.043 1.695 0.1
v 0.047 1.699 0.092
v 0.029 1.702 0.095
v 0.026 1.697 0.083
v 0.04 1.7 0.105
v 0.047 1.701 0.104
v -0.181 1.09 -0.007
v -0.17 1.116 -0.045
v -0.186 1.102 -0.024
v -0.175 1.102 -0.019
v -0.167 1.114 -0.042
v -0.15 1.122 -0.067
v -0.134 1.133 -0.098
v -0.123 1.13 -0.088
v -0.168 1.129 -0.064
v -0.176 1.125 -0.053
v -0.146 1.135 -0.091
v -0.137 1.143 -0.113
v -0.123 1.146 -0.123
v -0.115 1.147 -0.114
v -0.117 1.165 -0.145
v -0.131 1.173 -0.168
v -0.142 1.175 -0.165
v -0.122 1.179 -0.167
v -0.029 0.254 -0.113
v -0.029 0.255 -0.105
v -0.047 0.247 -0.101
v -0.007 0.257 -0.113
v -0.025 0.24 -0.122
v -0.008 0.258 -0.108
v 0.005 0.256 -0.102
v 0.086 0.234 -0.022
v 0.092 0.233 -0.023
v 0.095 0.23 -0.004
v 0.075 0.235 -0.039
v 0.078 0.231 -0.043
v 0.062 0.23 -0.045
v 0.062 0.235 -0.042
v -0.002 0.133 -0.136
v 0.003 0.128 -0.115
v 0.007 0.132 -0.125
v -0.005 0.128 -0.116
v -0.011 0.132 -0.133
v -0.015 0.129 -0.124
v -0.063 1.313 0.168
v -0.058 1.314 0.165
v -0.055 1.297 0.167
v -0.082 1.337 0.169
v -0.08 1.342 0.163
v -0.057 1.313 0.16
v -0.094 1.347 0.146
v -0.102 1.366 0.154
v -0.105 1.371 0.147
v -0.115 1.382 0.148
v -0.125 1.385 0.154
v -0.127 1.398 0.142
v -0.138 1.418 0.141
v -0.131 1.419 0.137
v -0.137 1.447 0.119
v -0.143 1.45 0.12
v -0.137 1.462 0.102
v -0.143 1.472 0.101
v -0.136 1.476 0.092
v -0.124 1.509 0.059
v 0.113 0.289 -0.041
v 0.123 0.287 -0.02
v 0.144 0.496 -0.03
v 0.153 0.493 -0.006
v 0.158 0.54 0.019
v 0.115 0.288 0.018
v 0.16 0.567 -0.014
v 0.147 0.557 -0.033
v 0.164 0.596 -0.02
v 0.155 0.597 -0.037
v 0.168 0.625 -0.012
v 0.157 0.63 -0.033
v 0.172 0.626 0.028
v 0.172 0.661 -0.018
v 0.114 0.351 0.041
v 0.083 0.288 0.048
v 0.167 0.667 -0.029
v 0.14 0.604 -0.045
v 0.133 0.505 0.057
v 0.11 0.495 0.072
v 0.148 0.574 0.067
v 0.06 0.297 0.06
v 0.06 0.289 0.058
v 0.081 0.511 0.09
v 0.107 0.613 0.108
v 0.13 0.639 0.106
v 0.166 0.661 0.082
v 0.157 0.857 0.162
v 0.192 0.756 0.045
v 0.185 0.766 0.1
v 0.201 0.868 0.118
v 0.166 0.9 0.169
v 0.203 0.861 0.069
v 0.191 0.766 -0.002
v 0.201 0.855 0.021
v 0.186 0.781 -0.022
v 0.171 0.773 -0.042
v 0.196 0.862 -0.007
v 0.181 0.824 -0.034
v 0.191 0.861 -0.026
v 0.182 0.892 -0.037
v 0.068 1.616 -0.07
v 0.071 1.635 -0.062
v 0.045 1.618 -0.079
v 0.044 1.63 -0.074
v 0.05 1.653 -0.073
v 0.063 1.674 -0.075
v 0.081 1.673 -0.062
v 0.08 1.632 -0.054
v 0.076 1.697 -0.076
v 0.164 1.165 0.169
v 0.128 1.168 0.179
v 0.164 1.171 0.165
v 0.136 1.171 0.168
v 0.164 1.169 0.148
v 0.178 1.17 0.149
v 0.188 1.172 0.142
v 0.182 1.165 0.152
v 0.196 1.166 0.144
v 0.076 0.138 -0.031
v 0.069 0.107 -0.031
v 0.078 0.107 -0.027
v 0.064 0.154 -0.035
v 0.061 0.107 -0.029
v 0.08 0.191 -0.046
v 0.094 0.188 -0.036
v 0.062 0.19 -0.046
v 0.095 0.213 -0.031
v 0.062 0.23 -0.045
v 0.078 0.231 -0.043
v 0.255 1.166 0.043
v 0.262 1.197 0.022
v 0.236 1.184 0.036
v 0.272 1.182 0.03
v 0.269 1.172 0.044
v 0.259 1.164 0.05
v 0.278 1.183 0.038
v 0.26 1.169 0.068
v 0.281 1.189 0.055
v 0.069 0.107 -0.031
v 0.075 0.107 -0.012
v 0.078 0.107 -0.027
v 0.061 0.107 -0.029
v 0.062 0.107 -0.013
v 0.057 0.107 -0.019
v 0.15 1.599 -0.07
v 0.164 1.568 -0.072
v 0.151 1.587 -0.047
v 0.143 1.597 -0.088
v 0.141 1.635 -0.085
v 0.141 1.626 -0.067
v 0.145 1.65 -0.067
v 0.137 1.637 -0.046
v 0.137 1.648 -0.096
v 0.143 1.656 -0.085
v 0.158 1.686 -0.079
v 0.163 1.685 -0.054
v 0.165 1.698 -0.066
v 0.128 1.621 -0.111
v 0.146 1.574 -0.088
v 0.138 1.674 -0.101
v 0.128 1.641 -0.108
v 0.123 1.674 -0.108
v 0.162 1.712 -0.069
v 0.165 1.724 -0.046
v 0.132 1.721 -0.091
v 0.121 1.733 -0.101
v 0.149 1.698 -0.089
v 0.149 1.735 -0.069
v 0.156 1.746 -0.043
v 0.148 1.765 -0.049
v 0.138 1.762 -0.072
v 0.085 1.79 -0.124
v 0.124 1.791 -0.078
v 0.138 1.802 -0.051
v 0.217 1.168 0.041
v 0.23 1.177 0.034
v 0.221 1.19 0.039
v 0.21 1.18 0.045
v 0.216 1.199 0.048
v 0.227 1.194 0.039
v 0.212 1.169 0.05
v 0.207 1.19 0.052
v 0.224 1.157 0.054
v 0.228 1.157 0.043
v 0.239 1.149 0.05
v 0.209 1.148 0.067
v 0.198 1.169 0.056
v 0.206 1.184 0.054
v 0.206 1.195 0.059
v 0.219 1.208 0.059
v 0.223 1.203 0.049
v 0.211 1.197 0.076
v 0.224 1.208 0.071
v 0.124 1.702 -0.03
v 0.114 1.71 -0.031
v 0.118 1.691 -0.017
v 0.111 1.69 -0.008
v 0.121 1.691 -0.009
v 0.106 1.694 -0.01
v 0.119 1.689 -0.008
v 0.11 1.692 -0.004
v 0.116 1.689 -0.006
v 0.206 1.184 0.054
v 0.187 1.188 0.046
v 0.198 1.169 0.056
v 0.172 1.204 0.037
v 0.179 1.211 0.037
v 0.182 1.216 0.043
v 0.206 1.195 0.059
v 0.158 1.238 0.018
v 0.153 1.227 0.011
v 0.15 1.247 0.004
v 0.15 1.222 0.017
v 0.143 1.237 0.01
v 0.039 1.613 0.023
v 0.058 1.627 0.072
v 0.062 1.617 0.02
v 0.033 1.62 0.044
v 0.013 1.617 0.018
v 0.03 1.627 0.073
v 0.042 1.625 0.074
v 0.054 1.635 0.08
v 0.036 1.635 0.081
v 0.044 1.63 -0.074
v 0.055 1.62 -0.082
v 0.045 1.618 -0.079
v 0.05 1.653 -0.073
v 0.07 1.661 -0.079
v 0.063 1.674 -0.075
v 0.076 1.697 -0.076
v 0.102 1.708 -0.066
v 0.104 1.722 -0.059
v 0.099 1.657 -0.072
v 0.081 1.623 -0.082
v 0.102 1.638 -0.074
v 0.112 1.618 -0.078
v 0.109 1.587 -0.081
v 0.123 1.602 -0.08
v 0.104 1.578 -0.083
v 0.131 1.558 -0.081
v 0.098 1.539 -0.091
v 0.155 1.562 -0.073
v 0.151 1.555 -0.077
v 0.118 1.54 -0.092
v 0.143 1.237 0.01
v 0.15 1.247 0.004
v 0.143 1.244 0.017
v 0.149 1.252 0.006
v -0.151 1.354 0.117
v -0.148 1.379 0.129
v -0.118 1.347 0.145
v -0.122 1.322 0.13
v -0.086 1.291 0.155
v -0.114 1.281 0.133
v -0.09 1.279 0.15
v -0.071 1.317 0.164
v -0.061 1.294 0.167
v -0.055 1.297 0.167
v -0.063 1.313 0.168
v -0.084 1.326 0.166
v -0.082 1.337 0.169
v -0.122 1.351 0.149
v -0.125 1.385 0.154
v -0.152 1.383 0.132
v -0.138 1.418 0.141
v -0.163 1.402 0.119
v -0.17 1.123 0.059
v -0.172 1.137 0.037
v -0.167 1.148 0.052
v -0.168 1.15 0.039
v -0.17 1.144 0.015
v -0.167 1.157 0.016
v -0.166 1.153 -0.004
v -0.162 1.16 -0.007
v 0.088 1.694 0.072
v 0.092 1.67 0.053
v 0.082 1.688 0.063
v 0.06 1.706 0.081
v 0.085 1.706 0.077
v 0.065 1.716 0.079
v 0.085 1.719 0.074
v 0.056 1.722 0.081
v 0.064 1.727 0.071
v 0.079 1.735 0.066
v 0.06 1.736 0.062
v 0.072 1.743 0.067
v 0.072 1.748 0.066
v 0.079 1.743 0.068
v 0.082 1.748 0.064
v 0.005 1.107 -0.138
v -0.018 1.054 -0.152
v 0.015 1.055 -0.143
v 0.001 1.015 -0.144
v 0.017 1.016 -0.143
v -0.006 1.207 0.184
v -0.013 1.209 0.192
v 0.022 1.212 0.194
v 0.036 1.213 0.182
v 0.036 1.214 0.187
v 0.075 1.219 0.167
v 0.074 1.22 0.172
v 0.091 1.221 0.157
v 0.057 1.661 0.078
v 0.041 1.659 0.08
v 0.052 1.665 0.086
v 0.032 1.665 0.086
v 0.027 1.661 0.076
v -0.063 1.291 0.175
v -0.1 1.283 0.157
v -0.086 1.291 0.155
v -0.061 1.294 0.167
v -0.055 1.297 0.167
v -0.019 1.295 0.187
v -0.016 1.298 0.179
v 0.049 1.457 0.183
v 0.124 1.47 0.155
v 0.103 1.439 0.178
v 0.072 1.404 0.199
v 0.035 1.429 0.198
v 0.02 1.405 0.204
v 0.046 1.381 0.205
v 0.006 1.352 0.196
v -0.01 1.37 0.196
v -0.018 1.337 0.186
v -0.038 1.326 0.176
v -0.043 1.34 0.176
v -0.058 1.314 0.165
v -0.055 1.297 0.167
v -0.016 1.298 0.179
v -0.006 1.325 0.186
v 0.005 1.349 0.192
v 0.028 1.309 0.182
v -0.015 1.29 0.179
v 0.026 1.294 0.181
v 0.017 1.332 0.186
v 0.04 1.375 0.201
v -0.13 1.198 -0.042
v -0.14 1.2 -0.019
v -0.144 1.203 -0.021
v -0.142 1.197 -0.006
v -0.15 1.194 -0.009
v -0.153 1.187 0.014
v -0.151 1.201 -0.023
v -0.141 1.201 -0.048
v -0.134 1.201 -0.044
v -0.111 1.19 -0.088
v -0.123 1.191 -0.093
v -0.115 1.205 -0.112
v -0.134 1.223 -0.126
v -0.122 1.223 -0.129
v -0.07 1.567 -0.02
v -0.076 1.567 -0.001
v -0.058 1.574 -0.02
v -0.09 1.571 0.007
v -0.047 1.581 -0.031
v -0.037 1.587 -0.037
v -0.019 1.601 -0.044
v -0.017 1.606 -0.034
v 0.221 1.187 0.087
v 0.211 1.197 0.076
v 0.224 1.208 0.071
v 0.235 1.2 0.079
v 0.227 1.205 0.066
v 0.223 1.206 0.058
v 0.219 1.208 0.059
v 0.223 1.203 0.049
v 0.239 1.222 0.041
v 0.24 1.226 0.048
v 0.246 1.225 0.057
v 0.254 1.221 0.062
v 0.235 1.199 0.073
v 0.254 1.178 0.075
v 0.261 1.171 0.074
v 0.26 1.169 0.068
v 0.264 1.165 0.065
v 0.261 1.161 0.051
v 0.259 1.164 0.05
v 0.255 1.166 0.043
v 0.155 1.562 -0.073
v 0.164 1.568 -0.072
v 0.157 1.559 -0.082
v 0.157 1.569 -0.065
v 0.148 1.578 -0.062
v 0.129 1.588 -0.063
v 0.109 1.587 -0.081
v 0.104 1.578 -0.083
v 0.119 1.581 -0.069
v -0.12 1.196 0.124
v -0.108 1.198 0.144
v -0.087 1.196 0.153
v -0.126 1.197 0.125
v -0.144 1.195 0.083
v -0.139 1.194 0.085
v -0.15 1.197 0.051
v -0.147 1.196 0.044
v -0.149 1.197 0.023
v 0.077 1.527 0.094
v 0.083 1.532 0.099
v 0.067 1.508 0.127
v 0.086 1.557 0.067
v 0.078 1.525 0.086
v 0.03 1.505 0.115
v 0.085 1.558 0.05
v 0.09 1.578 0.037
v 0.088 1.578 0.023
v 0.095 1.599 -0.008
v 0.092 1.592 -0.003
v 0.098 1.609 -0.036
v 0.095 1.605 -0.035
v 0.043 1.695 0.1
v 0.054 1.703 0.096
v 0.047 1.699 0.092
v 0.047 1.701 0.104
v 0.043 1.707 0.106
v 0.044 1.726 0.091
v 0.051 1.713 0.089
v 0.054 1.738 0.07
v 0.045 1.741 0.082
v 0.047 1.753 0.082
v 0.039 1.738 0.083
v 0.057 1.745 0.07
v 0.06 1.736 0.062
v 0.056 1.722 0.081
v 0.06 1.706 0.081
v 0.058 1.707 0.089
v 0.059 1.7 0.089
v 0.058 1.698 0.082
v 0.082 1.688 0.063
v 0.058 1.681 0.086
v 0.075 1.675 0.062
v 0.092 1.67 0.053
v 0.052 1.696 0.087
v 0.054 1.7 0.089
v 0.048 1.683 0.091
v 0.043 1.673 0.087
v 0.131 1.168 0.171
v 0.131 1.162 0.177
v 0.131 1.162 0.173
v 0.128 1.168 0.179
v 0.136 1.171 0.168
v -0.195 0.897 0.054
v -0.197 0.899 0.057
v -0.181 0.924 0.082
v -0.204 0.886 0.04
v -0.191 0.861 -0.003
v -0.196 0.862 -0.003
v -0.173 0.847 -0.033
v -0.156 0.843 -0.04
v -0.133 0.821 -0.076
v -0.118 0.828 -0.072
v -0.112 0.814 -0.092
v -0.098 0.828 -0.088
v -0.016 1.298 0.179
v -0.015 1.29 0.179
v -0.019 1.295 0.187
v -0.018 1.287 0.187
v 0.039 1.564 0.039
v 0.041 1.579 0.03
v 0.068 1.568 0.028
v 0.052 1.582 0.026
v 0.044 1.605 0.02
v 0.032 1.598 0.019
v 0.056 1.609 0.018
v 0.062 1.617 0.02
v 0.039 1.613 0.023
v 0.027 1.574 0.028
v 0.013 1.617 0.018
v 0.013 1.57 0.018
v 0.016 1.606 0.015
v 0.019 1.586 0.015
v 0.014 1.593 0.015
v 0.006 1.607 0.01
v 0 1.576 0.019
v -0.007 1.563 0.026
v -0.007 1.579 0.014
v -0.02 1.572 0.002
v -0.005 1.611 -0.002
v 0.003 1.625 0.012
v -0.085 1.599 -0.064
v -0.058 1.615 -0.054
v -0.091 1.591 -0.053
v -0.07 1.606 -0.076
v 0.117 1.534 -0.109
v 0.113 1.532 -0.101
v 0.135 1.546 -0.094
v 0.157 1.559 -0.082
v 0.151 1.555 -0.077
v 0.155 1.562 -0.073
v -0.097 1.284 0.153
v -0.09 1.279 0.15
v -0.086 1.291 0.155
v -0.099 1.277 0.152
v -0.121 1.238 0.135
v -0.12 1.233 0.137
v -0.117 1.235 0.132
v -0.12 1.229 0.136
v -0.119 1.227 0.131
v -0.124 1.224 0.131
v -0.119 1.236 0.127
v -0.175 1.102 -0.019
v -0.181 1.09 -0.007
v -0.191 1.042 -0.007
v -0.178 1.031 -0.048
v -0.167 1.114 -0.042
v -0.126 1.24 0.13
v -0.119 1.236 0.127
v -0.128 1.237 0.126
v -0.121 1.238 0.135
v -0.117 1.235 0.132
v -0.013 1.209 0.192
v -0.006 1.207 0.184
v -0.013 1.2 0.192
v -0.007 1.201 0.183
v 0.129 1.174 -0.068
v 0.172 1.187 -0.032
v 0.142 1.213 -0.023
v 0.113 1.199 -0.049
v 0.115 1.217 -0.028
v 0.128 1.217 -0.011
v 0.098 1.217 -0.041
v -0.183 1.083 0.009
v -0.181 1.09 -0.007
v -0.181 1.091 0.01
v -0.173 1.123 -0.009
v -0.171 1.126 -0.028
v -0.098 0.828 -0.088
v -0.091 0.811 -0.098
v -0.112 0.814 -0.092
v -0.078 0.823 -0.096
v -0.05 0.82 -0.1
v -0.052 0.806 -0.102
v -0.045 0.82 -0.104
v -0.034 0.808 -0.103
v -0.032 0.834 -0.112
v -0.002 0.81 -0.102
v -0.026 0.919 -0.11
v 0.006 0.817 -0.103
v -0.015 0.905 -0.116
v 0.032 0.831 -0.097
v 0.021 0.81 -0.101
v -0.002 0.81 -0.102
v 0.046 0.814 -0.098
v -0.005 0.952 -0.113
v 0.011 0.979 -0.116
v 0.019 0.931 -0.112
v 0.031 0.959 -0.117
v 0.029 0.992 -0.113
v 0.063 1.001 -0.123
v 0.054 1.034 -0.113
v 0.079 1.033 -0.108
v 0.11 0.984 -0.099
v 0.097 1.027 -0.091
v 0.075 0.888 -0.097
v 0.045 0.834 -0.096
v 0.09 0.841 -0.081
v 0.087 0.819 -0.083
v 0.107 0.826 -0.078
v 0.105 0.884 -0.084
v 0.13 0.989 -0.078
v 0.147 0.997 -0.065
v 0.13 0.97 -0.082
v 0.14 0.952 -0.068
v 0.168 0.953 -0.045
v 0.123 0.892 -0.071
v 0.142 0.895 -0.063
v 0.142 0.834 -0.065
v 0.177 0.876 -0.045
v 0.182 0.892 -0.037
v 0.187 0.852 -0.042
v 0.176 0.842 -0.049
v 0.194 0.845 -0.036
v 0.318 1.415 0.041
v 0.371 1.387 0.026
v 0.344 1.365 0.033
v 0.306 1.4 0.048
v 0.196 0.862 -0.007
v 0.201 0.855 0.021
v 0.207 0.849 -0.002
v 0.2 0.845 -0.028
v 0.191 0.861 -0.026
v 0.182 0.892 -0.037
v 0.187 0.852 -0.042
v 0.194 0.845 -0.036
v 0.244 1.163 0.086
v 0.254 1.172 0.081
v 0.251 1.152 0.078
v 0.262 1.159 0.072
v 0.249 1.146 0.064
v 0.26 1.155 0.053
v 0.261 1.161 0.051
v 0.264 1.165 0.065
v 0.261 1.171 0.074
v 0.235 1.2 0.079
v -0.19 1.404 -0.16
v -0.177 1.365 -0.178
v -0.188 1.391 -0.173
v -0.198 1.428 -0.18
v -0.188 1.446 -0.133
v -0.195 1.45 -0.173
v -0.197 1.447 -0.204
v -0.19 1.47 -0.195
v -0.182 1.412 -0.144
v -0.175 1.424 -0.115
v -0.17 1.393 -0.142
v -0.176 1.384 -0.163
v -0.105 1.574 -0.045
v -0.086 1.587 -0.051
v -0.112 1.577 -0.045
v -0.091 1.591 -0.053
v -0.078 1.596 -0.066
v -0.085 1.599 -0.064
v -0.093 1.203 0.154
v -0.092 1.193 0.16
v -0.087 1.196 0.153
v -0.098 1.233 0.158
v -0.094 1.238 0.152
v -0.099 1.244 0.158
v -0.101 1.233 0.161
v -0.101 1.244 0.161
v -0.1 1.283 0.157
v -0.099 1.277 0.152
v -0.097 1.284 0.153
v -0.086 1.291 0.155
v -0.17 1.146 0.049
v -0.177 1.145 0.062
v -0.167 1.148 0.052
v -0.177 1.15 0.038
v -0.168 1.15 0.039
v -0.167 1.148 0.052
v -0.167 1.157 0.016
v -0.17 1.161 -0.008
v -0.162 1.16 -0.007
v -0.177 1.145 0.062
v -0.177 1.15 0.038
v -0.182 1.162 0.023
v -0.175 1.151 0.065
v -0.177 1.171 0.026
v -0.17 1.179 -0.024
v -0.163 1.184 -0.014
v -0.148 1.191 -0.049
v -0.128 1.519 0.051
v -0.105 1.551 0.009
v -0.111 1.533 0.029
v -0.092 1.546 0.002
v -0.089 1.564 -0.006
v -0.07 1.567 -0.02
v -0.09 1.542 -0.001
v -0.089 1.527 0.04
v -0.173 1.122 0.059
v -0.189 1.143 0.009
v -0.185 1.149 0.012
v -0.174 1.115 0.06
v -0.173 1.113 0.055
v -0.146 0.125 0.025
v -0.123 0.106 0.041
v -0.142 0.106 0.025
v -0.124 0.124 0.042
v -0.099 0.115 0.045
v -0.105 0.106 0.041
v 0.24 1.166 0.035
v 0.228 1.157 0.043
v 0.239 1.149 0.05
v 0.252 1.157 0.043
v 0.26 1.155 0.053
v 0.249 1.146 0.064
v 0.235 1.149 0.06
v 0.224 1.157 0.054
v 0.209 1.148 0.067
v 0.243 1.152 0.077
v 0.251 1.152 0.078
v 0.244 1.163 0.086
v 0.242 1.158 0.082
v 0.225 1.144 0.083
v 0.22 1.144 0.072
v 0.206 1.141 0.088
v 0.194 1.147 0.117
v 0.186 1.158 0.147
v 0.17 1.156 0.152
v 0.163 1.159 0.168
v 0.14 1.158 0.172
v 0.145 1.161 0.175
v 0.131 1.162 0.177
v 0.131 1.162 0.173
v -0.09 1.279 0.15
v -0.099 1.277 0.152
v -0.118 1.276 0.136
v -0.114 1.281 0.133
v -0.132 1.278 0.112
v 0.102 1.184 0.177
v 0.137 1.188 0.164
v 0.119 1.181 0.175
v 0.145 1.181 0.166
v 0.165 1.18 0.153
v 0.164 1.186 0.149
v 0.183 1.182 0.145
v 0.158 1.187 0.144
v 0.178 1.189 0.138
v -0.051 1.195 -0.084
v -0.05 1.2 -0.088
v -0.074 1.199 -0.085
v -0.077 1.196 -0.082
v -0.108 1.198 -0.07
v -0.105 1.182 -0.08
v -0.103 1.168 -0.087
v -0.07 1.166 -0.103
v -0.054 1.168 -0.107
v -0.057 1.14 -0.125
v 0.058 1.681 0.086
v 0.052 1.675 0.086
v 0.061 1.669 0.081
v 0.052 1.665 0.086
v 0.057 1.661 0.078
v 0.054 1.635 0.08
v 0.058 1.627 0.072
v 0.091 1.649 0.044
v 0.086 1.639 0.037
v 0.084 1.636 0.005
v 0.062 1.617 0.02
v 0.075 1.626 0.012
v 0.056 1.609 0.018
v 0.065 1.608 0.015
v 0.052 1.582 0.026
v 0.078 1.593 0.009
v 0.068 1.568 0.028
v 0.092 1.592 -0.003
v 0.077 1.612 0.004
v 0.087 1.601 -0.009
v 0.095 1.605 -0.035
v 0.087 1.624 -0.01
v 0.094 1.651 0.002
v 0.095 1.65 -0.014
v 0.097 1.657 -0.029
v 0.089 1.624 -0.022
v 0.1 1.664 -0.01
v 0.103 1.682 -0.014
v 0.089 1.607 -0.022
v 0.107 1.703 -0.034
v 0.114 1.71 -0.031
v 0.115 1.721 -0.038
v 0.101 1.694 -0.041
v 0.104 1.722 -0.059
v 0.094 1.693 -0.053
v 0.076 1.697 -0.076
v 0.081 1.673 -0.062
v 0.08 1.632 -0.054
v 0.087 1.628 -0.039
v 0.086 1.616 -0.042
v 0.085 1.612 -0.056
v 0.08 1.619 -0.057
v 0.068 1.616 -0.07
v 0.071 1.635 -0.062
v 0.026 1.419 0.196
v 0.047 1.461 0.175
v 0.049 1.457 0.183
v 0.035 1.429 0.198
v 0.02 1.405 0.204
v 0.016 1.401 0.197
v -0.006 1.375 0.189
v -0.01 1.37 0.196
v -0.032 1.352 0.176
v -0.043 1.34 0.176
v -0.042 1.336 0.167
v -0.037 1.356 0.17
v -0.057 1.313 0.16
v -0.058 1.314 0.165
v 0.123 1.736 0.015
v 0.116 1.74 0.015
v 0.106 1.753 0.032
v 0.109 1.756 0.034
v 0.167 0.8 -0.09
v 0.165 0.787 -0.087
v 0.164 0.796 -0.084
v 0.16 0.813 -0.086
v 0.16 0.834 -0.092
v 0.155 0.879 -0.087
v 0.156 0.902 -0.089
v 0.155 0.961 -0.088
v 0.146 0.921 -0.085
v 0.155 1.042 -0.092
v 0.156 1.036 -0.098
v 0.152 1.038 -0.09
v 0.151 1.085 -0.088
v 0.154 1.088 -0.093
v 0.144 1.14 -0.08
v 0.145 1.139 -0.084
v 0.129 1.174 -0.068
v 0.129 1.177 -0.071
v 0.113 1.199 -0.049
v 0.113 1.203 -0.053
v 0.098 1.217 -0.041
v 0.119 1.723 -0.038
v 0.102 1.708 -0.066
v 0.104 1.722 -0.059
v 0.116 1.7 -0.049
v 0.124 1.702 -0.03
v 0.099 1.657 -0.072
v 0.125 1.671 -0.025
v 0.126 1.709 -0.026
v 0.109 1.647 -0.056
v 0.136 1.706 -0.005
v 0.125 1.718 -0.027
v 0.125 1.742 -0.015
v 0.121 1.632 -0.036
v 0.124 1.744 -0.005
v 0.123 1.748 -0.017
v 0.122 1.737 0.007
v 0.128 1.725 0.005
v 0.123 1.736 0.015
v 0.116 1.74 0.015
v 0.112 1.632 -0.062
v 0.102 1.638 -0.074
v 0.112 1.618 -0.078
v 0.13 1.606 -0.037
v 0.126 1.628 -0.026
v 0.141 1.698 -0.006
v 0.124 1.61 -0.058
v 0.147 1.583 -0.051
v 0.14 1.59 -0.066
v 0.123 1.602 -0.08
v 0.155 1.562 -0.073
v 0.148 1.578 -0.062
v 0.157 1.569 -0.065
v 0.017 0.318 -0.09
v 0.009 0.306 -0.03
v 0.023 0.314 -0.062
v 0 0.313 -0.078
v -0.015 0.306 -0.04
v -0.03 0.301 -0.027
v -0.005 0.294 -0.008
v -0.05 0.274 0.015
v -0.048 0.294 -0.022
v -0.073 0.281 -0.025
v -0.069 0.292 -0.045
v -0.081 0.287 -0.049
v -0.066 0.3 -0.066
v -0.079 0.3 -0.089
v -0.052 0.306 -0.081
v -0.05 0.311 -0.121
v -0.022 0.313 -0.092
v -0.007 0.319 -0.114
v -0.01 0.314 -0.088
v -0.006 0.312 -0.077
v -0.007 0.309 -0.061
v 0.116 1.691 -0.003
v 0.115 1.698 -0.003
v 0.117 1.694 -0.003
v 0.11 1.692 -0.004
v 0.116 1.689 -0.006
v 0.116 1.715 0.001
v -0.036 1.198 -0.087
v -0.013 1.198 -0.081
v -0.012 1.204 -0.084
v -0.012 1.179 -0.101
v -0.173 1.133 -0.055
v -0.178 1.129 -0.028
v -0.171 1.126 -0.028
v -0.173 1.123 -0.009
v -0.184 1.12 -0.003
v -0.19 1.126 -0.003
v -0.178 1.111 0.028
v -0.181 1.115 0.03
v -0.171 1.126 -0.028
v -0.176 1.126 -0.035
v -0.173 1.133 -0.055
v -0.187 1.111 -0.015
v -0.181 1.091 0.01
v -0.185 1.088 0.01
v 0.223 1.515 -0.025
v 0.217 1.53 -0.021
v 0.214 1.515 -0.028
v 0.236 1.533 0.002
v 0.126 1.709 -0.026
v 0.121 1.706 -0.013
v 0.116 1.708 -0.011
v 0.124 1.702 -0.03
v 0.121 1.695 -0.008
v 0.121 1.693 -0.009
v 0.121 1.691 -0.009
v 0.118 1.691 -0.017
v -0.17 1.161 -0.008
v -0.178 1.159 -0.016
v -0.172 1.168 -0.022
v -0.177 1.149 0.016
v -0.185 1.149 0.012
v -0.166 1.153 -0.004
v -0.17 1.144 0.015
v -0.173 1.122 0.059
v -0.172 1.137 0.037
v -0.17 1.123 0.059
v 0.222 1.435 -0.05
v 0.227 1.463 -0.053
v 0.204 1.473 -0.046
v 0.192 1.443 -0.038
v 0.211 1.411 -0.034
v 0.191 1.425 -0.028
v 0.254 1.418 -0.058
v 0.19 1.406 -0.011
v 0.243 1.393 -0.04
v 0.21 1.382 0.015
v 0.186 1.395 0.027
v 0.26 1.402 -0.056
v 0.054 1.7 0.089
v 0.059 1.7 0.089
v 0.058 1.698 0.082
v 0.054 1.703 0.096
v 0.047 1.699 0.092
v 0.049 1.704 0.088
v -0.141 1.24 0.097
v -0.135 1.232 0.092
v -0.142 1.233 0.087
v -0.141 1.225 0.089
v 0.021 1.292 -0.058
v 0.018 1.279 -0.06
v 0.04 1.28 -0.05
v 0.032 1.297 -0.056
v 0.15 1.247 0.004
v 0.179 1.211 0.037
v 0.158 1.238 0.018
v 0.154 1.248 0.011
v 0.149 1.252 0.006
v 0.115 1.698 -0.003
v 0.118 1.696 -0.004
v 0.117 1.694 -0.003
v 0.119 1.697 -0.006
v 0.128 1.168 0.179
v 0.164 1.165 0.169
v 0.145 1.161 0.175
v 0.131 1.162 0.177
v -0.171 1.116 0.059
v -0.173 1.122 0.059
v -0.17 1.123 0.059
v -0.174 1.115 0.06
v 0.104 1.722 -0.059
v 0.115 1.721 -0.038
v 0.119 1.723 -0.038
v 0.114 1.71 -0.031
v 0.275 1.408 0.057
v 0.284 1.422 0.062
v 0.306 1.4 0.048
v 0.257 1.425 0.072
v 0.244 1.401 0.066
v 0.209 1.434 0.079
v 0.255 1.449 0.074
v 0.211 1.406 0.07
v 0.199 1.461 0.091
v 0.179 1.421 0.077
v -0.13 1.198 -0.042
v -0.144 1.203 -0.021
v -0.134 1.201 -0.044
v -0.111 1.19 -0.088
v -0.105 1.182 -0.08
v -0.103 1.184 -0.097
v -0.115 1.205 -0.112
v -0.122 1.223 -0.129
v -0.114 1.218 -0.139
v -0.103 1.168 -0.087
v -0.101 1.173 -0.111
v -0.113 1.2 -0.158
v -0.122 1.179 -0.167
v -0.117 1.165 -0.145
v -0.107 1.157 -0.111
v -0.108 1.152 -0.091
v -0.115 1.147 -0.114
v -0.123 1.13 -0.088
v 0.121 1.706 -0.013
v 0.119 1.697 -0.006
v 0.115 1.698 -0.003
v 0.12 1.696 -0.008
v 0.121 1.655 -0.01
v 0.121 1.653 -0.007
v 0.123 1.654 -0.009
v 0.123 1.655 -0.01
v 0.123 1.659 -0.009
v 0.12 1.653 -0.008
v 0.119 1.651 -0.006
v 0.121 1.658 -0.009
v 0.121 1.66 -0.009
v 0.122 1.661 -0.009
v 0.12 1.658 -0.008
v 0.12 1.661 -0.009
v 0.121 1.661 -0.01
v 0.12 1.663 -0.009
v 0.122 1.662 -0.011
v 0.123 1.664 -0.012
v 0.12 1.659 -0.008
v 0.119 1.652 -0.007
v 0.118 1.657 -0.007
v 0.118 1.659 -0.006
v 0.119 1.66 -0.009
v 0.116 1.652 -0.005
v 0.118 1.651 -0.004
v 0.116 1.653 -0.003
v 0.116 1.657 -0.004
v 0.119 1.662 -0.008
v 0.117 1.659 -0.007
v 0.117 1.662 -0.007
v 0.116 1.659 -0.005
v 0.115 1.66 -0.003
v 0.115 1.658 -0.003
v 0.116 1.659 -0.005
v 0.116 1.662 -0.005
v 0.118 1.664 -0.007
v 0.115 1.654 -0.003
v 0.114 1.655 -0.002
v 0.115 1.66 -0.004
v 0.116 1.664 -0.005
v 0.114 1.659 -0.003
v 0.113 1.656 -0.001
v 0.114 1.656 0
v 0.114 1.659 -0.001
v 0.114 1.659 -0.002
v 0.114 1.661 -0.003
v 0.114 1.661 -0.002
v 0.114 1.661 -0.001
v 0.113 1.662 -0.002
v 0.113 1.662 -0.002
v 0.112 1.664 -0.001
v 0.114 1.661 -0.003
v 0.114 1.663 -0.004
v 0.115 1.662 -0.005
v 0.114 1.663 -0.004
v 0.112 1.665 -0.001
v 0.111 1.667 0
v 0.116 1.666 -0.005
v 0.113 1.665 -0.003
v 0.111 1.667 -0.001
v 0.111 1.671 0
v 0.112 1.668 -0.002
v 0.119 1.666 -0.007
v 0.111 1.671 0
v 0.111 1.674 0
v 0.112 1.671 -0.002
v 0.116 1.668 -0.005
v 0.111 1.674 -0.001
v 0.112 1.678 0
v 0.112 1.674 -0.002
v 0.116 1.67 -0.005
v 0.111 1.678 -0.001
v 0.113 1.681 -0.002
v 0.114 1.68 -0.004
v 0.114 1.683 -0.004
v 0.113 1.677 -0.003
v 0.116 1.675 -0.005
v 0.116 1.673 -0.005
v 0.119 1.67 -0.008
v 0.118 1.673 -0.007
v 0.119 1.675 -0.007
v 0.119 1.668 -0.008
v 0.122 1.674 -0.011
v 0.122 1.67 -0.011
v 0.122 1.668 -0.01
v 0.122 1.676 -0.011
v 0.121 1.665 -0.01
v 0.124 1.667 -0.012
v 0.125 1.67 -0.013
v 0.124 1.674 -0.013
v 0.124 1.678 -0.012
v 0.122 1.681 -0.011
v 0.121 1.679 -0.01
v 0.121 1.682 -0.01
v 0.119 1.678 -0.007
v 0.12 1.681 -0.009
v 0.12 1.684 -0.009
v 0.116 1.678 -0.005
v 0.118 1.68 -0.007
v 0.117 1.68 -0.006
v 0.116 1.681 -0.006
v 0.115 1.681 -0.005
v 0.115 1.681 -0.005
v 0.115 1.684 -0.004
v 0.118 1.681 -0.008
v 0.118 1.684 -0.008
v 0.119 1.681 -0.009
v 0.119 1.689 -0.008
v 0.116 1.684 -0.006
v 0.117 1.687 -0.007
v 0.116 1.689 -0.006
v 0.118 1.687 -0.008
v 0.119 1.691 -0.002
v 0.116 1.689 -0.006
v 0.116 1.691 -0.003
v 0.117 1.694 -0.003
v 0.119 1.689 -0.002
v 0.115 1.684 -0.004
v 0.119 1.694 -0.002
v 0.122 1.692 -0.002
v 0.118 1.696 -0.004
v 0.121 1.689 -0.003
v 0.119 1.684 -0.001
v 0.121 1.684 -0.003
v 0.122 1.689 -0.005
v 0.116 1.683 -0.002
v 0.114 1.683 -0.004
v 0.113 1.681 -0.002
v 0.12 1.696 -0.003
v 0.121 1.696 -0.004
v 0.119 1.697 -0.006
v 0.12 1.696 -0.008
v 0.122 1.694 -0.003
v 0.121 1.696 -0.006
v 0.121 1.695 -0.008
v 0.123 1.694 -0.004
v 0.122 1.694 -0.007
v 0.121 1.693 -0.009
v 0.123 1.694 -0.005
v 0.123 1.691 -0.005
v 0.123 1.693 -0.005
v 0.122 1.693 -0.008
v 0.122 1.691 -0.008
v 0.121 1.691 -0.009
v 0.121 1.689 -0.007
v 0.119 1.689 -0.008
v 0.123 1.684 -0.006
v 0.122 1.684 -0.008
v 0.12 1.684 -0.009
v 0.121 1.682 -0.01
v 0.123 1.682 -0.009
v 0.124 1.682 -0.007
v 0.125 1.681 -0.008
v 0.124 1.681 -0.009
v 0.122 1.681 -0.011
v 0.126 1.678 -0.011
v 0.124 1.678 -0.012
v 0.124 1.674 -0.013
v 0.12 1.681 -0.004
v 0.121 1.681 -0.004
v 0.123 1.681 -0.006
v 0.12 1.681 -0.003
v 0.122 1.68 -0.003
v 0.118 1.683 0
v 0.121 1.68 -0.003
v 0.122 1.677 -0.003
v 0.122 1.679 -0.004
v 0.123 1.678 -0.004
v 0.124 1.679 -0.007
v 0.125 1.677 -0.007
v 0.114 1.681 -0.001
v 0.113 1.678 0.001
v 0.112 1.678 0
v 0.111 1.674 0
v 0.116 1.681 0.001
v 0.112 1.674 0.002
v 0.111 1.671 0
v 0.126 1.678 -0.01
v 0.127 1.674 -0.011
v 0.119 1.681 -0.002
v 0.114 1.678 0.002
v 0.112 1.671 0.002
v 0.111 1.667 0
v 0.127 1.674 -0.01
v 0.126 1.67 -0.011
v 0.125 1.67 -0.013
v 0.124 1.667 -0.012
v 0.127 1.67 -0.01
v 0.125 1.674 -0.008
v 0.126 1.667 -0.01
v 0.123 1.664 -0.012
v 0.125 1.664 -0.01
v 0.122 1.662 -0.011
v 0.127 1.667 -0.009
v 0.126 1.664 -0.009
v 0.125 1.667 -0.008
v 0.124 1.676 -0.004
v 0.125 1.67 -0.008
v 0.124 1.673 -0.005
v 0.123 1.662 -0.01
v 0.121 1.661 -0.01
v 0.122 1.661 -0.009
v 0.123 1.661 -0.008
v 0.123 1.659 -0.009
v 0.123 1.676 -0.002
v 0.123 1.671 -0.003
v 0.124 1.67 -0.005
v 0.124 1.668 -0.005
v 0.122 1.676 -0.002
v 0.124 1.661 -0.007
v 0.124 1.665 -0.007
v 0.122 1.677 -0.002
v 0.121 1.68 -0.002
v 0.124 1.666 -0.004
v 0.123 1.664 -0.006
v 0.123 1.667 -0.003
v 0.123 1.669 -0.002
v 0.121 1.676 -0.001
v 0.121 1.677 -0.001
v 0.119 1.678 -0.001
v 0.12 1.679 -0.001
v 0.117 1.68 0
v 0.119 1.676 0
v 0.116 1.677 0.001
v 0.119 1.673 0.001
v 0.121 1.674 -0.001
v 0.122 1.674 -0.001
v 0.116 1.674 0.001
v 0.119 1.671 0.001
v 0.121 1.671 0
v 0.114 1.674 0.003
v 0.114 1.671 0.003
v 0.116 1.671 0.001
v 0.119 1.668 0.001
v 0.121 1.668 -0.001
v 0.116 1.668 0.001
v 0.114 1.667 0.003
v 0.114 1.664 0.002
v 0.112 1.667 0.002
v 0.112 1.664 -0.001
v 0.121 1.666 -0.001
v 0.119 1.665 0
v 0.12 1.664 -0.001
v 0.116 1.665 0
v 0.113 1.664 0.001
v 0.114 1.662 0
v 0.113 1.662 -0.002
v 0.114 1.661 -0.001
v 0.116 1.661 0
v 0.114 1.659 -0.001
v 0.117 1.663 0
v 0.118 1.662 -0.001
v 0.115 1.662 0.001
v 0.115 1.659 0
v 0.114 1.656 0
v 0.116 1.661 0
v 0.118 1.66 -0.001
v 0.118 1.659 -0.002
v 0.114 1.655 0
v 0.116 1.653 -0.003
v 0.118 1.658 -0.002
v 0.117 1.653 -0.001
v 0.118 1.651 -0.004
v 0.119 1.651 -0.003
v 0.119 1.651 -0.006
v 0.119 1.656 -0.003
v 0.119 1.659 -0.003
v 0.12 1.651 -0.005
v 0.121 1.653 -0.007
v 0.121 1.657 -0.004
v 0.122 1.653 -0.006
v 0.123 1.654 -0.009
v 0.12 1.659 -0.003
v 0.121 1.659 -0.004
v 0.121 1.659 -0.004
v 0.122 1.657 -0.006
v 0.123 1.654 -0.008
v 0.123 1.655 -0.01
v 0.122 1.659 -0.006
v 0.123 1.658 -0.007
v 0.124 1.655 -0.009
v 0.123 1.659 -0.008
v 0.123 1.66 -0.007
v 0.123 1.661 -0.006
v 0.122 1.66 -0.005
v 0.122 1.662 -0.005
v 0.123 1.664 -0.004
v 0.12 1.661 -0.003
v 0.122 1.664 -0.003
v 0.121 1.663 -0.002
v 0.122 1.665 -0.003
v 0.121 1.665 -0.001
v 0.12 1.664 -0.001
v -0.129 1.231 0.125
v -0.124 1.229 0.125
v -0.127 1.225 0.127
v -0.128 1.237 0.126
v -0.124 1.224 0.131
v -0.119 1.236 0.127
v -0.119 1.227 0.131
v -0.007 0.148 -0.111
v 0.003 0.128 -0.115
v -0.005 0.128 -0.116
v -0.015 0.129 -0.124
v 0 0.146 -0.111
v -0.021 0.167 -0.112
v -0.007 0.166 -0.102
v 0.05 0.233 0.056
v 0.042 0.205 0.067
v 0.032 0.244 0.039
v 0.068 0.211 0.066
v 0.078 0.241 0.044
v 0.052 0.258 0.046
v 0.033 0.27 0.031
v 0.04 0.277 0.037
v 0.063 0.272 0.04
v 0.073 0.293 0.038
v 0.044 0.3 0.035
v 0.367 0.1 -0.005
v 0.356 0.1 0.091
v 0.339 0.106 0.087
v 0.35 0.106 -0.004
v 0 0.106 0
v 0.354 0.1 -0.099
v 0.306 0.106 0.171
v 0.32 0.1 0.18
v 0.337 0.106 -0.095
v 0.316 0.1 -0.188
v 0.251 0.106 0.245
v 0.263 0.1 0.257
v 0.301 0.106 -0.179
v 0.257 0.1 -0.263
v 0.179 0.106 0.301
v 0.188 0.1 0.316
v 0.245 0.106 -0.251
v 0.095 0.106 0.337
v 0.171 0.106 -0.306
v 0.18 0.1 -0.32
v 0.099 0.1 0.354
v 0.091 0.1 -0.356
v 0.004 0.106 0.35
v 0.005 0.1 0.367
v 0.087 0.106 -0.339
v -0.005 0.1 -0.367
v -0.087 0.106 0.339
v -0.091 0.1 0.356
v -0.004 0.106 -0.35
v -0.099 0.1 -0.354
v -0.171 0.106 0.306
v -0.18 0.1 0.32
v -0.095 0.106 -0.337
v -0.245 0.106 0.251
v -0.179 0.106 -0.301
v -0.188 0.1 -0.316
v -0.257 0.1 0.263
v -0.263 0.1 -0.257
v -0.301 0.106 0.179
v -0.316 0.1 0.188
v -0.251 0.106 -0.245
v -0.32 0.1 -0.18
v -0.337 0.106 0.095
v -0.354 0.1 0.099
v -0.306 0.106 -0.171
v -0.356 0.1 -0.091
v -0.35 0.106 0.004
v -0.367 0.1 0.005
v -0.339 0.106 -0.087
vt 0.2169 0.7822
vt 0.2018 0.7812
vt 0.217 0.7964
vt 0.2369 0.8042
vt 0.217 0.7964
vt 0.2385 0.8159
vt 0.2437 0.7832
vt 0.2205 0.7598
vt 0.2532 0.752
vt 0.2051 0.7671
vt 0.2018 0.7812
vt 0.1971 0.7705
vt 0.1766 0.7583
vt 0.1895 0.7539
vt 0.1759 0.7427
vt 0.1659 0.748
vt 0.2063 0.7471
vt 0.2317 0.7349
vt 0.2546 0.7402
vt 0.2822 0.7529
vt 0.2842 0.7568
vt 0.2917 0.7744
vt 0.2871 0.7573
vt 0.2827 0.792
vt 0.3013 0.7847
vt 0.2971 0.7969
vt 0.2732 0.811
vt 0.2937 0.7627
vt 0.2954 0.7705
vt 0.2888 0.7549
vt 0.2937 0.751
vt 0.293 0.7427
vt 0.2878 0.7441
vt 0.2891 0.7334
vt 0.2949 0.7769
vt 0.2954 0.7705
vt 0.2993 0.7778
vt 0.3003 0.7656
vt 0.303 0.7661
vt 0.2959 0.772
vt 0.2969 0.7651
vt 0.3052 0.7559
vt 0.3027 0.7529
vt 0.3018 0.7729
vt 0.3081 0.7778
vt 0.3103 0.7812
vt 0.312 0.7798
vt 0.3125 0.7842
vt 0.3096 0.8013
vt 0.3066 0.8213
vt 0.304 0.8218
vt 0.2927 0.8359
vt 0.3032 0.8364
vt 0.2705 0.8247
vt 0.2629 0.8315
vt 0.2385 0.8159
vt 0.2886 0.8438
vt 0.3018 0.8516
vt 0.2681 0.8599
vt 0.2607 0.8496
vt 0.2343 0.8574
vt 0.301 0.8643
vt 0.2185 0.8789
vt 0.2223 0.8652
vt 0.2059 0.8755
vt 0.2406 0.8877
vt 0.2781 0.8789
vt 0.2861 0.8901
vt 0.301 0.8838
vt 0.2266 0.9019
vt 0.1929 0.9023
vt 0.2059 0.8755
vt 0.2004 0.8813
vt 0.1874 0.8926
vt 0.1797 0.9023
vt 0.1843 0.9141
vt 0.1727 0.9121
vt 0.627 0.0036
vt 0.6572 0.0165
vt 0.627 0.0021
vt 0.6475 0.0264
vt 0.627 0.0036
vt 0.6636 0.0425
vt 0.6636 0.0425
vt 0.667 0.0403
vt 0.6699 0.0488
vt 0.2417 0.519
vt 0.231 0.5068
vt 0.2278 0.5249
vt 0.2329 0.501
vt 0.231 0.5068
vt 0.2373 0.4866
vt 0.241 0.488
vt 0.2397 0.4783
vt 0.2432 0.4751
vt 0.2397 0.4783
vt 0.2426 0.4705
vt 0.2456 0.4631
vt 0.2583 0.4482
vt 0.2278 0.5249
vt 0.2291 0.541
vt 0.2255 0.5381
vt 0.2201 0.5674
vt 0.2236 0.5698
vt 0.2222 0.5986
vt 0.217 0.5977
vt 0.8979 0.1271
vt 0.9116 0.1235
vt 0.9146 0.1204
vt 0.8164 0.1732
vt 0.8281 0.1566
vt 0.8008 0.1838
vt 0.98 0.2644
vt 0.9829 0.2544
vt 0.981 0.252
vt 0.9829 0.2544
vt 0.9907 0.2413
vt 0.9883 0.2389
vt 0.9946 0.2305
vt 0.9917 0.231
vt 0.2568 0.0319
vt 0.2479 0.0216
vt 0.2478 0.0353
vt 0.6357 0.2074
vt 0.6318 0.2103
vt 0.6353 0.2159
vt 0.6357 0.2074
vt 0.6499 0.1976
vt 0.6567 0.241
vt 0.6362 0.2288
vt 0.6465 0.2438
vt 0.667 0.2661
vt 0.6807 0.259
vt 0.6787 0.2754
vt 0.6719 0.2313
vt 0.6626 0.2036
vt 0.6816 0.2299
vt 0.6875 0.2482
vt 0.6978 0.2754
vt 0.6943 0.2769
vt 0.6987 0.2844
vt 0.7031 0.2849
vt 0.7056 0.292
vt 0.7046 0.0587
vt 0.7046 0.0463
vt 0.6934 0.0584
vt 0.5317 0.052
vt 0.5293 0.0568
vt 0.5342 0.0605
vt 0.2496 0.2072
vt 0.2515 0.1686
vt 0.2478 0.1481
vt 0.5483 0.1292
vt 0.5479 0.1158
vt 0.5449 0.1168
vt 0.0839 0.0696
vt 0.0884 0.0729
vt 0.0872 0.0655
vt 0.374 0.0505
vt 0.3655 0.0584
vt 0.3706 0.0598
vt 0.4895 0.0617
vt 0.4834 0.0671
vt 0.4885 0.075
vt 0.0147 0.4141
vt 0.0102 0.4143
vt 0.0059 0.4348
vt 0.0059 0.4348
vt 0.0148 0.4377
vt 0.0026 0.4536
vt 0.0231 0.4165
vt 0.0123 0.4548
vt 0.0275 0.4214
vt 0.0352 0.4224
vt 0.0558 0.4192
vt 0.0764 0.4229
vt 0.0203 0.4365
vt 0.0171 0.4526
vt 0.015 0.4822
vt 0.0102 0.4841
vt 0.0201 0.4946
vt 0.0164 0.4968
vt 0.0063 0.4993
vt 0.0026 0.4849
vt 0.002 0.4763
vt 0.0026 0.4536
vt 0.0033 0.1483
vt 0.0041 0.114
vt 0.002 0.1333
vt 0.7495 0.0021
vt 0.7446 0.0021
vt 0.7476 0.0107
vt 0.1177 0.214
vt 0.1138 0.2146
vt 0.1153 0.2163
vt 0.1037 0.2052
vt 0.1138 0.2146
vt 0.106 0.1996
vt 0.0934 0.1858
vt 0.097 0.1843
vt 0.0904 0.1594
vt 0.0855 0.1599
vt 0.0844 0.139
vt 0.0882 0.1377
vt 0.0977 0.157
vt 0.0941 0.0992
vt 0.091 0.097
vt 0.0963 0.1392
vt 0.1099 0.161
vt 0.0991 0.115
vt 0.1217 0.1909
vt 0.1229 0.1995
vt 0.1101 0.1984
vt 0.125 0.1793
vt 0.1375 0.1635
vt 0.1392 0.1748
vt 0.1547 0.1705
vt 0.1361 0.137
vt 0.1528 0.1262
vt 0.1146 0.1177
vt 0.144 0.0984
vt 0.1221 0.0849
vt 0.1584 0.0939
vt 0.1757 0.1321
vt 0.0984 0.0785
vt 0.0938 0.0845
vt 0.091 0.097
vt 0.0944 0.0754
vt 0.1427 0.0471
vt 0.1213 0.0463
vt 0.152 0.0566
vt 0.1561 0.038
vt 0.1682 0.0636
vt 0.1816 0.077
vt 0.1865 0.131
vt 0.1005 0.0417
vt 0.0944 0.0754
vt 0.095 0.0445
vt 0.0946 0.0121
vt 0.1262 0.0232
vt 0.1011 0.015
vt 0.1035 0.0086
vt 0.098 0.002
vt 0.1144 0.0129
vt 0.1326 0.0143
vt 0.1213 0.0103
vt 0.1602 0.0279
vt 0.1785 0.0359
vt 0.1749 0.0471
vt 0.1925 0.0593
vt 0.2018 0.0489
vt 0.205 0.0662
vt 0.2101 0.0557
vt 0.2206 0.0693
vt 0.1957 0.0832
vt 0.2139 0.079
vt 0.2236 0.0765
vt 0.2205 0.0889
vt 0.2057 0.1108
vt 0.2207 0.1343
vt 0.2266 0.0981
vt 0.1975 0.1252
vt 0.2126 0.1403
vt 0.2212 0.1702
vt 0.2053 0.1698
vt 0.1923 0.1692
vt 0.2074 0.1715
vt 0.2313 0.1494
vt 0.2356 0.1256
vt 0.2399 0.1896
vt 0.2322 0.1982
vt 0.2156 0.1852
vt 0.207 0.1754
vt 0.2002 0.192
vt 0.204 0.1963
vt 0.2163 0.2134
vt 0.2343 0.2141
vt 0.1964 0.2141
vt 0.1976 0.1952
vt 0.2002 0.192
vt 0.1804 0.2015
vt 0.1855 0.2151
vt 0.1815 0.2095
vt 0.1678 0.2057
vt 0.1699 0.2146
vt 0.1749 0.2278
vt 0.1796 0.2324
vt 0.2004 0.2147
vt 0.163 0.2167
vt 0.1742 0.2334
vt 0.1704 0.2318
vt 0.172 0.2363
vt 0.1658 0.2551
vt 0.1504 0.2487
vt 0.1764 0.2369
vt 0.1503 0.2542
vt 0.1416 0.2488
vt 0.1877 0.2544
vt 0.1857 0.2585
vt 0.1938 0.2317
vt 0.1951 0.2362
vt 0.1986 0.229
vt 0.21 0.2344
vt 0.2159 0.214
vt 0.2025 0.2316
vt 0.1985 0.2313
vt 0.1967 0.2347
vt 0.1998 0.2347
vt 0.2007 0.2373
vt 0.1984 0.2388
vt 0.2081 0.249
vt 0.2078 0.2561
vt 0.2206 0.2539
vt 0.2229 0.2375
vt 0.2181 0.2343
vt 0.2191 0.2297
vt 0.2241 0.2284
vt 0.2197 0.2334
vt 0.2357 0.215
vt 0.2258 0.2327
vt 0.2335 0.2329
vt 0.2129 0.2585
vt 0.2312 0.2495
vt 0.2301 0.2559
vt 0.2391 0.2491
vt 0.2402 0.2571
vt 0.2297 0.2581
vt 0.2346 0.2367
vt 0.2382 0.2393
vt 0.2382 0.2377
vt 0.2363 0.236
vt 0.2358 0.2329
vt 0.2357 0.2296
vt 0.2367 0.2299
vt 0.2432 0.2155
vt 0.2374 0.2285
vt 0.2399 0.231
vt 0.2296 0.271
vt 0.2382 0.2598
vt 0.2377 0.2817
vt 0.2045 0.2754
vt 0.2303 0.2849
vt 0.235 0.2988
vt 0.2231 0.2888
vt 0.229 0.3044
vt 0.2405 0.312
vt 0.1716 0.2664
vt 0.1514 0.2561
vt 0.2101 0.2957
vt 0.2167 0.301
vt 0.1962 0.2966
vt 0.2349 0.3215
vt 0.2241 0.3176
vt 0.2072 0.3162
vt 0.2034 0.3088
vt 0.1926 0.3118
vt 0.2102 0.333
vt 0.1814 0.2964
vt 0.1953 0.3245
vt 0.1793 0.3591
vt 0.1777 0.3418
vt 0.149 0.366
vt 0.1777 0.322
vt 0.1765 0.312
vt 0.1648 0.342
vt 0.1663 0.3186
vt 0.1565 0.3115
vt 0.1613 0.2913
vt 0.1515 0.2688
vt 0.1443 0.291
vt 0.1442 0.2668
vt 0.1412 0.2556
vt 0.1398 0.2537
vt 0.1266 0.2534
vt 0.1256 0.2468
vt 0.1324 0.2155
vt 0.1199 0.2157
vt 0.1265 0.2649
vt 0.1283 0.2551
vt 0.1064 0.2996
vt 0.1289 0.2881
vt 0.1201 0.3022
vt 0.1306 0.3203
vt 0.1139 0.3149
vt 0.0997 0.3123
vt 0.0941 0.3291
vt 0.1451 0.3223
vt 0.1071 0.3298
vt 0.1234 0.3293
vt 0.0944 0.3389
vt 0.0908 0.3389
vt 0.0817 0.3552
vt 0.1329 0.3325
vt 0.141 0.3376
vt 0.1578 0.3401
vt 0.1414 0.3489
vt 0.1527 0.3508
vt 0.1362 0.364
vt 0.118 0.3362
vt 0.1105 0.3477
vt 0.1495 0.3772
vt 0.137 0.3833
vt 0.161 0.3726
vt 0.1503 0.387
vt 0.1638 0.3801
vt 0.14 0.4031
vt 0.1403 0.3921
vt 0.1302 0.4021
vt 0.1235 0.3972
vt 0.118 0.4155
vt 0.1121 0.4116
vt 0.1057 0.3716
vt 0.0905 0.3501
vt 0.101 0.4021
vt 0.091 0.3794
vt 0.0797 0.3894
vt 0.0784 0.3606
vt 0.0916 0.4172
vt 0.1027 0.4211
vt 0.0931 0.4241
vt 0.0875 0.4092
vt 0.076 0.4163
vt 0.0763 0.4033
vt 0.0685 0.3979
vt 0.0691 0.3899
vt 0.0536 0.3696
vt 0.0654 0.3655
vt 0.0748 0.3481
vt 0.0598 0.3508
vt 0.0433 0.3533
vt 0.0752 0.3381
vt 0.0615 0.3142
vt 0.0874 0.3381
vt 0.0419 0.3198
vt 0.0822 0.321
vt 0.0895 0.3186
vt 0.0762 0.3027
vt 0.0857 0.3047
vt 0.073 0.321
vt 0.0723 0.301
vt 0.0245 0.3228
vt 0.0258 0.3369
vt 0.0629 0.301
vt 0.0602 0.2944
vt 0.0565 0.3057
vt 0.0548 0.2996
vt 0.0499 0.3105
vt 0.0537 0.301
vt 0.0483 0.3
vt 0.0398 0.3079
vt 0.0234 0.3088
vt 0.0113 0.303
vt 0.0434 0.2979
vt 0.0314 0.2942
vt 0.0468 0.2908
vt 0.0619 0.2874
vt 0.0116 0.2881
vt 0.002 0.2974
vt 0.0027 0.2842
vt 0.0558 0.2808
vt 0.0715 0.2783
vt 0.0369 0.2859
vt 0.0141 0.2788
vt 0.0098 0.2742
vt 0.0239 0.2739
vt 0.0209 0.2664
vt 0.05 0.2717
vt 0.045 0.2502
vt 0.0345 0.251
vt 0.0746 0.2074
vt 0.0569 0.2571
vt 0.0889 0.244
vt 0.0728 0.22
vt 0.0959 0.2017
vt 0.0875 0.196
vt 0.1025 0.2103
vt 0.0763 0.2281
vt 0.1109 0.2241
vt 0.0892 0.2622
vt 0.1132 0.2297
vt 0.9751 0.0021
vt 0.9941 0.0267
vt 0.9868 0.009
vt 0.604 0.0723
vt 0.5967 0.0632
vt 0.5962 0.0726
vt 0.0224 0.0021
vt 0.0322 0.0159
vt 0.0281 0.0054
vt 0.688 0.0079
vt 0.6909 0.0163
vt 0.6948 0.002
vt 0.4177 0.1227
vt 0.4224 0.1298
vt 0.4194 0.1244
vt 0.4177 0.1227
vt 0.416 0.1168
vt 0.4065 0.1061
vt 0.519 0.1028
vt 0.5288 0.1371
vt 0.5244 0.1128
vt 0.6294 0.0632
vt 0.6353 0.0572
vt 0.627 0.0509
vt 0.4731 0.1046
vt 0.4785 0.1087
vt 0.4751 0.0975
vt 0.0767 0.1478
vt 0.0634 0.1693
vt 0.0696 0.163
vt 0.7021 0.0373
vt 0.6982 0.0357
vt 0.6997 0.0412
vt 0.1625 0.1466
vt 0.1644 0.136
vt 0.1608 0.1389
vt 0.1849 0.006
vt 0.1848 0.0021
vt 0.1812 0.0034
vt 0.0284 0.0208
vt 0.0276 0.0234
vt 0.0295 0.0249
vt 0.1351 0.0037
vt 0.14 0.008
vt 0.1395 0.0021
vt 0.9565 0.1699
vt 0.9546 0.1713
vt 0.9546 0.1838
vt 0.5488 0.1418
vt 0.5469 0.1339
vt 0.5449 0.1433
vt 0.9614 0.0675
vt 0.9604 0.0607
vt 0.9546 0.0562
vt 0.4783 0.174
vt 0.4805 0.1718
vt 0.4783 0.1592
vt 0.4629 0.1024
vt 0.4668 0.0954
vt 0.4639 0.0983
vt 0.9082 0.1359
vt 0.9111 0.1444
vt 0.9102 0.1398
vt 0.075 0.1198
vt 0.0737 0.134
vt 0.0767 0.1214
vt 0.6523 0.0065
vt 0.6562 0.0048
vt 0.6538 0.002
vt 0.9302 0.009
vt 0.9292 0.0054
vt 0.9238 0.0021
vt 0.5259 0.142
vt 0.5244 0.1528
vt 0.5273 0.1545
vt 0.0378 0.0027
vt 0.0389 0.005
vt 0.0408 0.0021
vt 0.9316 0.1209
vt 0.9287 0.1141
vt 0.9292 0.118
vt 0.1147 0.0021
vt 0.1146 0.0048
vt 0.1163 0.0042
vt 0.9902 0.0706
vt 0.9971 0.0813
vt 0.9971 0.0785
vt 0.4888 0.0064
vt 0.4924 0.0049
vt 0.4885 0.002
vt 0.998 0.0041
vt 0.9966 0.0021
vt 0.9956 0.0062
vt 0.3987 0.0379
vt 0.3992 0.0336
vt 0.3962 0.0352
vt 0.9829 0.9014
vt 0.9756 0.8813
vt 0.9736 0.8838
vt 0.7056 0.9839
vt 0.7139 0.9917
vt 0.7139 0.9844
vt 0.7056 0.9917
vt 0.6968 0.9839
vt 0.7056 0.9932
vt 0.7139 0.9932
vt 0.6968 0.9932
vt 0.6968 0.9912
vt 0.6885 0.9839
vt 0.6885 0.9927
vt 0.6885 0.9912
vt 0.6797 0.9839
vt 0.6797 0.9927
vt 0.6797 0.9912
vt 0.6709 0.9839
vt 0.6709 0.9927
vt 0.6709 0.9912
vt 0.6626 0.9839
vt 0.6626 0.9932
vt 0.6626 0.9912
vt 0.6538 0.9839
vt 0.6538 0.9932
vt 0.6538 0.9912
vt 0.6455 0.9839
vt 0.6455 0.9932
vt 0.6455 0.9912
vt 0.6367 0.9839
vt 0.6367 0.9932
vt 0.6367 0.9912
vt 0.6284 0.9839
vt 0.6284 0.9932
vt 0.6284 0.9912
vt 0.6196 0.9839
vt 0.6196 0.9932
vt 0.6196 0.9912
vt 0.6108 0.9839
vt 0.6108 0.9932
vt 0.6108 0.9912
vt 0.6025 0.9839
vt 0.6025 0.9932
vt 0.6025 0.9912
vt 0.5938 0.9839
vt 0.5938 0.9932
vt 0.5938 0.9912
vt 0.5854 0.9839
vt 0.5854 0.9932
vt 0.5854 0.9912
vt 0.5767 0.9839
vt 0.5767 0.9932
vt 0.5767 0.9912
vt 0.5679 0.9839
vt 0.5679 0.9932
vt 0.5679 0.9912
vt 0.5596 0.9839
vt 0.5596 0.9932
vt 0.5596 0.9912
vt 0.5508 0.9839
vt 0.5508 0.9927
vt 0.5508 0.9912
vt 0.5425 0.9839
vt 0.5425 0.9927
vt 0.5425 0.9912
vt 0.5337 0.9839
vt 0.5337 0.9927
vt 0.5337 0.9912
vt 0.5249 0.9839
vt 0.5249 0.9932
vt 0.5249 0.9912
vt 0.5166 0.9839
vt 0.5166 0.9932
vt 0.5166 0.9917
vt 0.5078 0.9844
vt 0.5078 0.9932
vt 0.5078 0.9917
vt 0.3779 0.9775
vt 0.3711 0.9775
vt 0.3711 0.9814
vt 0.3779 0.9814
vt 0.3711 0.9775
vt 0.3643 0.9775
vt 0.3643 0.9814
vt 0.3711 0.9814
vt 0.3643 0.9775
vt 0.3572 0.9775
vt 0.3572 0.9814
vt 0.3643 0.9814
vt 0.3572 0.9775
vt 0.3503 0.9775
vt 0.3503 0.9814
vt 0.3572 0.9814
vt 0.3435 0.9814
vt 0.3435 0.9775
vt 0.3367 0.9775
vt 0.3367 0.9814
vt 0.3367 0.9775
vt 0.3298 0.9775
vt 0.3298 0.9814
vt 0.3367 0.9814
vt 0.3298 0.9775
vt 0.3228 0.9775
vt 0.3228 0.9814
vt 0.3298 0.9814
vt 0.3228 0.9775
vt 0.3159 0.9775
vt 0.3159 0.9814
vt 0.3228 0.9814
vt 0.3159 0.9775
vt 0.3091 0.9775
vt 0.3091 0.9814
vt 0.3159 0.9814
vt 0.3022 0.9814
vt 0.3022 0.9775
vt 0.2954 0.9775
vt 0.2954 0.9814
vt 0.2954 0.9775
vt 0.2883 0.9775
vt 0.2883 0.9814
vt 0.2954 0.9814
vt 0.3848 0.9775
vt 0.3779 0.9775
vt 0.3779 0.9814
vt 0.3848 0.9814
vt 0.3916 0.9775
vt 0.3848 0.9775
vt 0.3848 0.9814
vt 0.3916 0.9814
vt 0.3987 0.9775
vt 0.3916 0.9775
vt 0.3916 0.9814
vt 0.3987 0.9814
vt 0.4055 0.9775
vt 0.3987 0.9775
vt 0.3987 0.9814
vt 0.4055 0.9814
vt 0.4124 0.9775
vt 0.4055 0.9775
vt 0.4055 0.9814
vt 0.4124 0.9814
vt 0.4192 0.9775
vt 0.4124 0.9775
vt 0.4124 0.9814
vt 0.4192 0.9814
vt 0.426 0.9775
vt 0.4192 0.9775
vt 0.4192 0.9814
vt 0.426 0.9814
vt 0.4331 0.9775
vt 0.426 0.9775
vt 0.426 0.9814
vt 0.4331 0.9814
vt 0.4399 0.9775
vt 0.4331 0.9775
vt 0.4331 0.9814
vt 0.4399 0.9814
vt 0.4468 0.9775
vt 0.4399 0.9775
vt 0.4399 0.9814
vt 0.4468 0.9814
vt 0.4536 0.9775
vt 0.4604 0.9775
vt 0.4604 0.9736
vt 0.4536 0.9736
vt 0.4536 0.9775
vt 0.4468 0.9775
vt 0.4468 0.9814
vt 0.4536 0.9814
vt 0.4604 0.9775
vt 0.4536 0.9775
vt 0.4536 0.9814
vt 0.4604 0.9814
vt 0.4468 0.9775
vt 0.4536 0.9775
vt 0.4536 0.9736
vt 0.4468 0.9736
vt 0.4399 0.9775
vt 0.4468 0.9775
vt 0.4468 0.9736
vt 0.4399 0.9736
vt 0.4331 0.9775
vt 0.4399 0.9775
vt 0.4399 0.9736
vt 0.4331 0.9736
vt 0.426 0.9775
vt 0.4331 0.9775
vt 0.4331 0.9736
vt 0.426 0.9736
vt 0.4192 0.9775
vt 0.426 0.9775
vt 0.426 0.9736
vt 0.4192 0.9736
vt 0.4124 0.9775
vt 0.4192 0.9775
vt 0.4192 0.9736
vt 0.4124 0.9736
vt 0.4055 0.9775
vt 0.4124 0.9775
vt 0.4124 0.9736
vt 0.4055 0.9736
vt 0.3987 0.9775
vt 0.4055 0.9775
vt 0.4055 0.9736
vt 0.3987 0.9736
vt 0.3916 0.9775
vt 0.3987 0.9775
vt 0.3987 0.9736
vt 0.3916 0.9736
vt 0.3848 0.9775
vt 0.3916 0.9775
vt 0.3916 0.9736
vt 0.3848 0.9736
vt 0.3779 0.9775
vt 0.3848 0.9775
vt 0.3848 0.9736
vt 0.3779 0.9736
vt 0.3711 0.9775
vt 0.3779 0.9775
vt 0.3779 0.9736
vt 0.3711 0.9736
vt 0.3643 0.9775
vt 0.3711 0.9775
vt 0.3711 0.9736
vt 0.3643 0.9736
vt 0.3572 0.9775
vt 0.3643 0.9775
vt 0.3643 0.9736
vt 0.3572 0.9736
vt 0.3503 0.9775
vt 0.3572 0.9775
vt 0.3572 0.9736
vt 0.3503 0.9736
vt 0.3435 0.9775
vt 0.3435 0.9736
vt 0.3367 0.9736
vt 0.3367 0.9775
vt 0.3298 0.9775
vt 0.3367 0.9775
vt 0.3367 0.9736
vt 0.3298 0.9736
vt 0.3228 0.9775
vt 0.3298 0.9775
vt 0.3298 0.9736
vt 0.3228 0.9736
vt 0.3159 0.9775
vt 0.3228 0.9775
vt 0.3228 0.9736
vt 0.3159 0.9736
vt 0.3091 0.9775
vt 0.3159 0.9775
vt 0.3159 0.9736
vt 0.3091 0.9736
vt 0.3022 0.9775
vt 0.3022 0.9736
vt 0.2954 0.9736
vt 0.2954 0.9775
vt 0.2883 0.9775
vt 0.2954 0.9775
vt 0.2954 0.9736
vt 0.2883 0.9736
vt 0.3022 0.9736
vt 0.3022 0.9678
vt 0.2954 0.9678
vt 0.2954 0.9736
vt 0.3022 0.9619
vt 0.3022 0.9678
vt 0.3091 0.9678
vt 0.3091 0.9619
vt 0.3022 0.9619
vt 0.3022 0.9565
vt 0.2954 0.9565
vt 0.2954 0.9619
vt 0.3298 0.9854
vt 0.3228 0.9854
vt 0.3228 0.9917
vt 0.3298 0.9917
vt 0.3159 0.9678
vt 0.3091 0.9678
vt 0.3091 0.9736
vt 0.3159 0.9736
vt 0.3228 0.9678
vt 0.3159 0.9678
vt 0.3159 0.9736
vt 0.3228 0.9736
vt 0.3298 0.9678
vt 0.3228 0.9678
vt 0.3228 0.9736
vt 0.3298 0.9736
vt 0.3367 0.9678
vt 0.3298 0.9678
vt 0.3298 0.9736
vt 0.3367 0.9736
vt 0.3435 0.9736
vt 0.3435 0.9678
vt 0.3367 0.9678
vt 0.3367 0.9736
vt 0.3503 0.9736
vt 0.3572 0.9736
vt 0.3572 0.9678
vt 0.3503 0.9678
vt 0.3643 0.9736
vt 0.3643 0.9678
vt 0.3572 0.9678
vt 0.3572 0.9736
vt 0.3711 0.9678
vt 0.3643 0.9678
vt 0.3643 0.9736
vt 0.3711 0.9736
vt 0.3779 0.9678
vt 0.3711 0.9678
vt 0.3711 0.9736
vt 0.3779 0.9736
vt 0.3848 0.9678
vt 0.3779 0.9678
vt 0.3779 0.9736
vt 0.3848 0.9736
vt 0.3916 0.9678
vt 0.3848 0.9678
vt 0.3848 0.9736
vt 0.3916 0.9736
vt 0.3987 0.9678
vt 0.3916 0.9678
vt 0.3916 0.9736
vt 0.3987 0.9736
vt 0.4055 0.9678
vt 0.3987 0.9678
vt 0.3987 0.9736
vt 0.4055 0.9736
vt 0.4124 0.9736
vt 0.4124 0.9678
vt 0.4055 0.9678
vt 0.4055 0.9736
vt 0.4192 0.9678
vt 0.4124 0.9678
vt 0.4124 0.9736
vt 0.4192 0.9736
vt 0.426 0.9678
vt 0.4192 0.9678
vt 0.4192 0.9736
vt 0.426 0.9736
vt 0.4331 0.9678
vt 0.426 0.9678
vt 0.426 0.9736
vt 0.4331 0.9736
vt 0.4331 0.9678
vt 0.4331 0.9736
vt 0.4399 0.9736
vt 0.4399 0.9678
vt 0.4468 0.9678
vt 0.4399 0.9678
vt 0.4399 0.9736
vt 0.4468 0.9736
vt 0.4536 0.9678
vt 0.4468 0.9678
vt 0.4468 0.9736
vt 0.4536 0.9736
vt 0.4536 0.9736
vt 0.4604 0.9736
vt 0.4604 0.9678
vt 0.4536 0.9678
vt 0.2883 0.9678
vt 0.2883 0.9736
vt 0.2954 0.9736
vt 0.2954 0.9678
vt 0.3091 0.9678
vt 0.3159 0.9678
vt 0.3159 0.9619
vt 0.3091 0.9619
vt 0.3228 0.9619
vt 0.3159 0.9619
vt 0.3159 0.9678
vt 0.3228 0.9678
vt 0.3298 0.9678
vt 0.3298 0.9619
vt 0.3228 0.9619
vt 0.3228 0.9678
vt 0.3367 0.9619
vt 0.3298 0.9619
vt 0.3298 0.9678
vt 0.3367 0.9678
vt 0.3435 0.9619
vt 0.3435 0.9678
vt 0.3503 0.9678
vt 0.3503 0.9619
vt 0.3503 0.9619
vt 0.3503 0.9678
vt 0.3572 0.9678
vt 0.3572 0.9619
vt 0.3643 0.9619
vt 0.3572 0.9619
vt 0.3572 0.9678
vt 0.3643 0.9678
vt 0.3711 0.9619
vt 0.3643 0.9619
vt 0.3643 0.9678
vt 0.3711 0.9678
vt 0.3779 0.9619
vt 0.3711 0.9619
vt 0.3711 0.9678
vt 0.3779 0.9678
vt 0.3848 0.9678
vt 0.3848 0.9619
vt 0.3779 0.9619
vt 0.3779 0.9678
vt 0.3916 0.9619
vt 0.3848 0.9619
vt 0.3848 0.9678
vt 0.3916 0.9678
vt 0.3987 0.9619
vt 0.3916 0.9619
vt 0.3916 0.9678
vt 0.3987 0.9678
vt 0.4055 0.9619
vt 0.3987 0.9619
vt 0.3987 0.9678
vt 0.4055 0.9678
vt 0.4124 0.9619
vt 0.4055 0.9619
vt 0.4055 0.9678
vt 0.4124 0.9678
vt 0.4192 0.9619
vt 0.4124 0.9619
vt 0.4124 0.9678
vt 0.4192 0.9678
vt 0.426 0.9619
vt 0.4192 0.9619
vt 0.4192 0.9678
vt 0.426 0.9678
vt 0.4331 0.9619
vt 0.426 0.9619
vt 0.426 0.9678
vt 0.4331 0.9678
vt 0.4331 0.9678
vt 0.4399 0.9678
vt 0.4399 0.9619
vt 0.4331 0.9619
vt 0.4399 0.9678
vt 0.4468 0.9678
vt 0.4468 0.9619
vt 0.4399 0.9619
vt 0.4536 0.9619
vt 0.4468 0.9619
vt 0.4468 0.9678
vt 0.4536 0.9678
vt 0.4536 0.9678
vt 0.4604 0.9678
vt 0.4604 0.9619
vt 0.4536 0.9619
vt 0.2954 0.9619
vt 0.2883 0.9619
vt 0.2883 0.9678
vt 0.2954 0.9678
vt 0.3159 0.9565
vt 0.3091 0.9565
vt 0.3091 0.9619
vt 0.3159 0.9619
vt 0.3159 0.9619
vt 0.3228 0.9619
vt 0.3228 0.9565
vt 0.3159 0.9565
vt 0.3298 0.9565
vt 0.3228 0.9565
vt 0.3228 0.9619
vt 0.3298 0.9619
vt 0.3367 0.9565
vt 0.3298 0.9565
vt 0.3298 0.9619
vt 0.3367 0.9619
vt 0.3435 0.9619
vt 0.3435 0.9565
vt 0.3367 0.9565
vt 0.3367 0.9619
vt 0.3503 0.9565
vt 0.3503 0.9619
vt 0.3572 0.9619
vt 0.3572 0.9565
vt 0.3643 0.9619
vt 0.3643 0.9565
vt 0.3572 0.9565
vt 0.3572 0.9619
vt 0.3711 0.9565
vt 0.3643 0.9565
vt 0.3643 0.9619
vt 0.3711 0.9619
vt 0.3779 0.9565
vt 0.3711 0.9565
vt 0.3711 0.9619
vt 0.3779 0.9619
vt 0.3848 0.9565
vt 0.3779 0.9565
vt 0.3779 0.9619
vt 0.3848 0.9619
vt 0.3916 0.9565
vt 0.3848 0.9565
vt 0.3848 0.9619
vt 0.3916 0.9619
vt 0.3916 0.9565
vt 0.3916 0.9619
vt 0.3987 0.9619
vt 0.3987 0.9565
vt 0.4055 0.9565
vt 0.3987 0.9565
vt 0.3987 0.9619
vt 0.4055 0.9619
vt 0.4055 0.9619
vt 0.4124 0.9619
vt 0.4124 0.9565
vt 0.4055 0.9565
vt 0.4192 0.9619
vt 0.4192 0.9565
vt 0.4124 0.9565
vt 0.4124 0.9619
vt 0.426 0.9565
vt 0.4192 0.9565
vt 0.4192 0.9619
vt 0.426 0.9619
vt 0.4331 0.9565
vt 0.426 0.9565
vt 0.426 0.9619
vt 0.4331 0.9619
vt 0.4399 0.9565
vt 0.4331 0.9565
vt 0.4331 0.9619
vt 0.4399 0.9619
vt 0.4468 0.9565
vt 0.4399 0.9565
vt 0.4399 0.9619
vt 0.4468 0.9619
vt 0.4536 0.9565
vt 0.4468 0.9565
vt 0.4468 0.9619
vt 0.4536 0.9619
vt 0.4536 0.9565
vt 0.4536 0.9619
vt 0.4604 0.9619
vt 0.4604 0.9565
vt 0.2954 0.9619
vt 0.2954 0.9565
vt 0.2883 0.9565
vt 0.2883 0.9619
vt 0.3022 0.9854
vt 0.3022 0.9814
vt 0.2954 0.9814
vt 0.2954 0.9854
vt 0.4468 0.9854
vt 0.4399 0.9854
vt 0.4399 0.9917
vt 0.4468 0.9917
vt 0.4331 0.9854
vt 0.426 0.9854
vt 0.426 0.9917
vt 0.4331 0.9917
vt 0.426 0.9854
vt 0.4192 0.9854
vt 0.4192 0.9917
vt 0.426 0.9917
vt 0.4192 0.9854
vt 0.4124 0.9854
vt 0.4124 0.9917
vt 0.4192 0.9917
vt 0.4124 0.9854
vt 0.4055 0.9854
vt 0.4055 0.9917
vt 0.4124 0.9917
vt 0.4055 0.9854
vt 0.3987 0.9854
vt 0.3987 0.9917
vt 0.4055 0.9917
vt 0.3987 0.9854
vt 0.3916 0.9854
vt 0.3916 0.9917
vt 0.3987 0.9917
vt 0.3643 0.9854
vt 0.3572 0.9854
vt 0.3572 0.9917
vt 0.3643 0.9917
vt 0.3848 0.9854
vt 0.3779 0.9854
vt 0.3779 0.9917
vt 0.3848 0.9917
vt 0.4536 0.9854
vt 0.4468 0.9854
vt 0.4468 0.9917
vt 0.4536 0.9917
vt 0.3711 0.9854
vt 0.3643 0.9854
vt 0.3643 0.9917
vt 0.3711 0.9917
vt 0.3367 0.9917
vt 0.3435 0.9917
vt 0.3435 0.9854
vt 0.3367 0.9854
vt 0.3572 0.9854
vt 0.3503 0.9854
vt 0.3503 0.9917
vt 0.3572 0.9917
vt 0.3367 0.9854
vt 0.3298 0.9854
vt 0.3298 0.9917
vt 0.3367 0.9917
vt 0.4399 0.9854
vt 0.4331 0.9854
vt 0.4331 0.9917
vt 0.4399 0.9917
vt 0.3228 0.9854
vt 0.3159 0.9854
vt 0.3159 0.9917
vt 0.3228 0.9917
vt 0.2954 0.9917
vt 0.3022 0.9917
vt 0.3022 0.9854
vt 0.2954 0.9854
vt 0.3916 0.9854
vt 0.3848 0.9854
vt 0.3848 0.9917
vt 0.3916 0.9917
vt 0.3159 0.9854
vt 0.3091 0.9854
vt 0.3091 0.9917
vt 0.3159 0.9917
vt 0.3435 0.9854
vt 0.3435 0.9917
vt 0.3503 0.9917
vt 0.3503 0.9854
vt 0.2954 0.9854
vt 0.2883 0.9854
vt 0.2883 0.9917
vt 0.2954 0.9917
vt 0.3091 0.9854
vt 0.3159 0.9854
vt 0.3159 0.9814
vt 0.3091 0.9814
vt 0.3159 0.9854
vt 0.3228 0.9854
vt 0.3228 0.9814
vt 0.3159 0.9814
vt 0.3228 0.9854
vt 0.3298 0.9854
vt 0.3298 0.9814
vt 0.3228 0.9814
vt 0.3298 0.9854
vt 0.3367 0.9854
vt 0.3367 0.9814
vt 0.3298 0.9814
vt 0.3435 0.9854
vt 0.3435 0.9814
vt 0.3367 0.9814
vt 0.3367 0.9854
vt 0.3503 0.9854
vt 0.3572 0.9854
vt 0.3572 0.9814
vt 0.3503 0.9814
vt 0.3572 0.9854
vt 0.3643 0.9854
vt 0.3643 0.9814
vt 0.3572 0.9814
vt 0.3643 0.9854
vt 0.3711 0.9854
vt 0.3711 0.9814
vt 0.3643 0.9814
vt 0.3711 0.9854
vt 0.3779 0.9854
vt 0.3779 0.9814
vt 0.3711 0.9814
vt 0.3848 0.9854
vt 0.3916 0.9854
vt 0.3916 0.9814
vt 0.3848 0.9814
vt 0.3916 0.9854
vt 0.3987 0.9854
vt 0.3987 0.9814
vt 0.3916 0.9814
vt 0.3987 0.9854
vt 0.4055 0.9854
vt 0.4055 0.9814
vt 0.3987 0.9814
vt 0.4055 0.9854
vt 0.4124 0.9854
vt 0.4124 0.9814
vt 0.4055 0.9814
vt 0.4124 0.9854
vt 0.4192 0.9854
vt 0.4192 0.9814
vt 0.4124 0.9814
vt 0.4192 0.9854
vt 0.426 0.9854
vt 0.426 0.9814
vt 0.4192 0.9814
vt 0.426 0.9854
vt 0.4331 0.9854
vt 0.4331 0.9814
vt 0.426 0.9814
vt 0.4331 0.9854
vt 0.4399 0.9854
vt 0.4399 0.9814
vt 0.4331 0.9814
vt 0.4399 0.9854
vt 0.4468 0.9854
vt 0.4468 0.9814
vt 0.4399 0.9814
vt 0.4468 0.9854
vt 0.4536 0.9854
vt 0.4536 0.9814
vt 0.4468 0.9814
vt 0.4536 0.9854
vt 0.4604 0.9854
vt 0.4604 0.9814
vt 0.4536 0.9814
vt 0.2883 0.9854
vt 0.2954 0.9854
vt 0.2954 0.9814
vt 0.2883 0.9814
vt 0.3779 0.9854
vt 0.3848 0.9854
vt 0.3848 0.9814
vt 0.3779 0.9814
vt 0.3022 0.9678
vt 0.3022 0.9619
vt 0.2954 0.9619
vt 0.2954 0.9678
vt 0.3022 0.9565
vt 0.3022 0.9619
vt 0.3091 0.9619
vt 0.3091 0.9565
vt 0.3779 0.9854
vt 0.3711 0.9854
vt 0.3711 0.9917
vt 0.3779 0.9917
vt 0.3022 0.9814
vt 0.3022 0.9854
vt 0.3091 0.9854
vt 0.3091 0.9814
vt 0.3022 0.9775
vt 0.3022 0.9814
vt 0.3091 0.9814
vt 0.3091 0.9775
vt 0.3022 0.9736
vt 0.3022 0.9775
vt 0.3091 0.9775
vt 0.3091 0.9736
vt 0.3022 0.9678
vt 0.3022 0.9736
vt 0.3091 0.9736
vt 0.3091 0.9678
vt 0.3435 0.9678
vt 0.3435 0.9619
vt 0.3367 0.9619
vt 0.3367 0.9678
vt 0.3435 0.9565
vt 0.3435 0.9619
vt 0.3503 0.9619
vt 0.3503 0.9565
vt 0.3022 0.9854
vt 0.3022 0.9917
vt 0.3091 0.9917
vt 0.3091 0.9854
vt 0.3435 0.9814
vt 0.3435 0.9854
vt 0.3503 0.9854
vt 0.3503 0.9814
vt 0.3435 0.9775
vt 0.3435 0.9814
vt 0.3503 0.9814
vt 0.3503 0.9775
vt 0.3435 0.9736
vt 0.3435 0.9775
vt 0.3503 0.9775
vt 0.3503 0.9736
vt 0.3435 0.9678
vt 0.3435 0.9736
vt 0.3503 0.9736
vt 0.3503 0.9678
vt 0.4604 0.9854
vt 0.4536 0.9854
vt 0.4536 0.9917
vt 0.4604 0.9917
vt 0.3779 0.9775
vt 0.3711 0.9775
vt 0.3711 0.9814
vt 0.3779 0.9814
vt 0.3711 0.9775
vt 0.3643 0.9775
vt 0.3643 0.9814
vt 0.3711 0.9814
vt 0.3643 0.9775
vt 0.3572 0.9775
vt 0.3572 0.9814
vt 0.3643 0.9814
vt 0.3572 0.9775
vt 0.3503 0.9775
vt 0.3503 0.9814
vt 0.3572 0.9814
vt 0.3435 0.9814
vt 0.3435 0.9775
vt 0.3367 0.9775
vt 0.3367 0.9814
vt 0.3367 0.9775
vt 0.3298 0.9775
vt 0.3298 0.9814
vt 0.3367 0.9814
vt 0.3298 0.9775
vt 0.3228 0.9775
vt 0.3228 0.9814
vt 0.3298 0.9814
vt 0.3228 0.9775
vt 0.3159 0.9775
vt 0.3159 0.9814
vt 0.3228 0.9814
vt 0.3159 0.9775
vt 0.3091 0.9775
vt 0.3091 0.9814
vt 0.3159 0.9814
vt 0.3022 0.9814
vt 0.3022 0.9775
vt 0.2954 0.9775
vt 0.2954 0.9814
vt 0.2954 0.9775
vt 0.2883 0.9775
vt 0.2883 0.9814
vt 0.2954 0.9814
vt 0.3848 0.9775
vt 0.3779 0.9775
vt 0.3779 0.9814
vt 0.3848 0.9814
vt 0.3916 0.9775
vt 0.3848 0.9775
vt 0.3848 0.9814
vt 0.3916 0.9814
vt 0.3987 0.9775
vt 0.3916 0.9775
vt 0.3916 0.9814
vt 0.3987 0.9814
vt 0.4055 0.9775
vt 0.3987 0.9775
vt 0.3987 0.9814
vt 0.4055 0.9814
vt 0.4124 0.9775
vt 0.4055 0.9775
vt 0.4055 0.9814
vt 0.4124 0.9814
vt 0.4192 0.9775
vt 0.4124 0.9775
vt 0.4124 0.9814
vt 0.4192 0.9814
vt 0.426 0.9775
vt 0.4192 0.9775
vt 0.4192 0.9814
vt 0.426 0.9814
vt 0.4331 0.9775
vt 0.426 0.9775
vt 0.426 0.9814
vt 0.4331 0.9814
vt 0.4399 0.9775
vt 0.4331 0.9775
vt 0.4331 0.9814
vt 0.4399 0.9814
vt 0.4468 0.9775
vt 0.4399 0.9775
vt 0.4399 0.9814
vt 0.4468 0.9814
vt 0.4536 0.9775
vt 0.4604 0.9775
vt 0.4604 0.9736
vt 0.4536 0.9736
vt 0.4536 0.9775
vt 0.4468 0.9775
vt 0.4468 0.9814
vt 0.4536 0.9814
vt 0.4604 0.9775
vt 0.4536 0.9775
vt 0.4536 0.9814
vt 0.4604 0.9814
vt 0.4468 0.9775
vt 0.4536 0.9775
vt 0.4536 0.9736
vt 0.4468 0.9736
vt 0.4399 0.9775
vt 0.4468 0.9775
vt 0.4468 0.9736
vt 0.4399 0.9736
vt 0.4331 0.9775
vt 0.4399 0.9775
vt 0.4399 0.9736
vt 0.4331 0.9736
vt 0.426 0.9775
vt 0.4331 0.9775
vt 0.4331 0.9736
vt 0.426 0.9736
vt 0.4192 0.9775
vt 0.426 0.9775
vt 0.426 0.9736
vt 0.4192 0.9736
vt 0.4124 0.9775
vt 0.4192 0.9775
vt 0.4192 0.9736
vt 0.4124 0.9736
vt 0.4055 0.9775
vt 0.4124 0.9775
vt 0.4124 0.9736
vt 0.4055 0.9736
vt 0.3987 0.9775
vt 0.4055 0.9775
vt 0.4055 0.9736
vt 0.3987 0.9736
vt 0.3916 0.9775
vt 0.3987 0.9775
vt 0.3987 0.9736
vt 0.3916 0.9736
vt 0.3848 0.9775
vt 0.3916 0.9775
vt 0.3916 0.9736
vt 0.3848 0.9736
vt 0.3779 0.9775
vt 0.3848 0.9775
vt 0.3848 0.9736
vt 0.3779 0.9736
vt 0.3711 0.9775
vt 0.3779 0.9775
vt 0.3779 0.9736
vt 0.3711 0.9736
vt 0.3643 0.9775
vt 0.3711 0.9775
vt 0.3711 0.9736
vt 0.3643 0.9736
vt 0.3572 0.9775
vt 0.3643 0.9775
vt 0.3643 0.9736
vt 0.3572 0.9736
vt 0.3503 0.9775
vt 0.3572 0.9775
vt 0.3572 0.9736
vt 0.3503 0.9736
vt 0.3435 0.9775
vt 0.3435 0.9736
vt 0.3367 0.9736
vt 0.3367 0.9775
vt 0.3298 0.9775
vt 0.3367 0.9775
vt 0.3367 0.9736
vt 0.3298 0.9736
vt 0.3228 0.9775
vt 0.3298 0.9775
vt 0.3298 0.9736
vt 0.3228 0.9736
vt 0.3159 0.9775
vt 0.3228 0.9775
vt 0.3228 0.9736
vt 0.3159 0.9736
vt 0.3091 0.9775
vt 0.3159 0.9775
vt 0.3159 0.9736
vt 0.3091 0.9736
vt 0.3022 0.9775
vt 0.3022 0.9736
vt 0.2954 0.9736
vt 0.2954 0.9775
vt 0.2883 0.9775
vt 0.2954 0.9775
vt 0.2954 0.9736
vt 0.2883 0.9736
vt 0.3022 0.9736
vt 0.3022 0.9678
vt 0.2954 0.9678
vt 0.2954 0.9736
vt 0.3022 0.9619
vt 0.3022 0.9678
vt 0.3091 0.9678
vt 0.3091 0.9619
vt 0.3022 0.9619
vt 0.3022 0.9565
vt 0.2954 0.9565
vt 0.2954 0.9619
vt 0.3298 0.9854
vt 0.3228 0.9854
vt 0.3228 0.9917
vt 0.3298 0.9917
vt 0.3159 0.9678
vt 0.3091 0.9678
vt 0.3091 0.9736
vt 0.3159 0.9736
vt 0.3228 0.9678
vt 0.3159 0.9678
vt 0.3159 0.9736
vt 0.3228 0.9736
vt 0.3298 0.9678
vt 0.3228 0.9678
vt 0.3228 0.9736
vt 0.3298 0.9736
vt 0.3367 0.9678
vt 0.3298 0.9678
vt 0.3298 0.9736
vt 0.3367 0.9736
vt 0.3435 0.9736
vt 0.3435 0.9678
vt 0.3367 0.9678
vt 0.3367 0.9736
vt 0.3503 0.9736
vt 0.3572 0.9736
vt 0.3572 0.9678
vt 0.3503 0.9678
vt 0.3643 0.9736
vt 0.3643 0.9678
vt 0.3572 0.9678
vt 0.3572 0.9736
vt 0.3711 0.9678
vt 0.3643 0.9678
vt 0.3643 0.9736
vt 0.3711 0.9736
vt 0.3779 0.9678
vt 0.3711 0.9678
vt 0.3711 0.9736
vt 0.3779 0.9736
vt 0.3848 0.9678
vt 0.3779 0.9678
vt 0.3779 0.9736
vt 0.3848 0.9736
vt 0.3916 0.9678
vt 0.3848 0.9678
vt 0.3848 0.9736
vt 0.3916 0.9736
vt 0.3987 0.9678
vt 0.3916 0.9678
vt 0.3916 0.9736
vt 0.3987 0.9736
vt 0.4055 0.9678
vt 0.3987 0.9678
vt 0.3987 0.9736
vt 0.4055 0.9736
vt 0.4124 0.9736
vt 0.4124 0.9678
vt 0.4055 0.9678
vt 0.4055 0.9736
vt 0.4192 0.9678
vt 0.4124 0.9678
vt 0.4124 0.9736
vt 0.4192 0.9736
vt 0.426 0.9678
vt 0.4192 0.9678
vt 0.4192 0.9736
vt 0.426 0.9736
vt 0.4331 0.9678
vt 0.426 0.9678
vt 0.426 0.9736
vt 0.4331 0.9736
vt 0.4331 0.9678
vt 0.4331 0.9736
vt 0.4399 0.9736
vt 0.4399 0.9678
vt 0.4468 0.9678
vt 0.4399 0.9678
vt 0.4399 0.9736
vt 0.4468 0.9736
vt 0.4536 0.9678
vt 0.4468 0.9678
vt 0.4468 0.9736
vt 0.4536 0.9736
vt 0.4536 0.9736
vt 0.4604 0.9736
vt 0.4604 0.9678
vt 0.4536 0.9678
vt 0.2883 0.9678
vt 0.2883 0.9736
vt 0.2954 0.9736
vt 0.2954 0.9678
vt 0.3091 0.9678
vt 0.3159 0.9678
vt 0.3159 0.9619
vt 0.3091 0.9619
vt 0.3228 0.9619
vt 0.3159 0.9619
vt 0.3159 0.9678
vt 0.3228 0.9678
vt 0.3298 0.9678
vt 0.3298 0.9619
vt 0.3228 0.9619
vt 0.3228 0.9678
vt 0.3367 0.9619
vt 0.3298 0.9619
vt 0.3298 0.9678
vt 0.3367 0.9678
vt 0.3435 0.9619
vt 0.3435 0.9678
vt 0.3503 0.9678
vt 0.3503 0.9619
vt 0.3503 0.9619
vt 0.3503 0.9678
vt 0.3572 0.9678
vt 0.3572 0.9619
vt 0.3643 0.9619
vt 0.3572 0.9619
vt 0.3572 0.9678
vt 0.3643 0.9678
vt 0.3711 0.9619
vt 0.3643 0.9619
vt 0.3643 0.9678
vt 0.3711 0.9678
vt 0.3779 0.9619
vt 0.3711 0.9619
vt 0.3711 0.9678
vt 0.3779 0.9678
vt 0.3848 0.9678
vt 0.3848 0.9619
vt 0.3779 0.9619
vt 0.3779 0.9678
vt 0.3916 0.9619
vt 0.3848 0.9619
vt 0.3848 0.9678
vt 0.3916 0.9678
vt 0.3987 0.9619
vt 0.3916 0.9619
vt 0.3916 0.9678
vt 0.3987 0.9678
vt 0.4055 0.9619
vt 0.3987 0.9619
vt 0.3987 0.9678
vt 0.4055 0.9678
vt 0.4124 0.9619
vt 0.4055 0.9619
vt 0.4055 0.9678
vt 0.4124 0.9678
vt 0.4192 0.9619
vt 0.4124 0.9619
vt 0.4124 0.9678
vt 0.4192 0.9678
vt 0.426 0.9619
vt 0.4192 0.9619
vt 0.4192 0.9678
vt 0.426 0.9678
vt 0.4331 0.9619
vt 0.426 0.9619
vt 0.426 0.9678
vt 0.4331 0.9678
vt 0.4331 0.9678
vt 0.4399 0.9678
vt 0.4399 0.9619
vt 0.4331 0.9619
vt 0.4399 0.9678
vt 0.4468 0.9678
vt 0.4468 0.9619
vt 0.4399 0.9619
vt 0.4536 0.9619
vt 0.4468 0.9619
vt 0.4468 0.9678
vt 0.4536 0.9678
vt 0.4536 0.9678
vt 0.4604 0.9678
vt 0.4604 0.9619
vt 0.4536 0.9619
vt 0.2954 0.9619
vt 0.2883 0.9619
vt 0.2883 0.9678
vt 0.2954 0.9678
vt 0.3159 0.9565
vt 0.3091 0.9565
vt 0.3091 0.9619
vt 0.3159 0.9619
vt 0.3159 0.9619
vt 0.3228 0.9619
vt 0.3228 0.9565
vt 0.3159 0.9565
vt 0.3298 0.9565
vt 0.3228 0.9565
vt 0.3228 0.9619
vt 0.3298 0.9619
vt 0.3367 0.9565
vt 0.3298 0.9565
vt 0.3298 0.9619
vt 0.3367 0.9619
vt 0.3435 0.9619
vt 0.3435 0.9565
vt 0.3367 0.9565
vt 0.3367 0.9619
vt 0.3503 0.9565
vt 0.3503 0.9619
vt 0.3572 0.9619
vt 0.3572 0.9565
vt 0.3643 0.9619
vt 0.3643 0.9565
vt 0.3572 0.9565
vt 0.3572 0.9619
vt 0.3711 0.9565
vt 0.3643 0.9565
vt 0.3643 0.9619
vt 0.3711 0.9619
vt 0.3779 0.9565
vt 0.3711 0.9565
vt 0.3711 0.9619
vt 0.3779 0.9619
vt 0.3848 0.9565
vt 0.3779 0.9565
vt 0.3779 0.9619
vt 0.3848 0.9619
vt 0.3916 0.9565
vt 0.3848 0.9565
vt 0.3848 0.9619
vt 0.3916 0.9619
vt 0.3916 0.9565
vt 0.3916 0.9619
vt 0.3987 0.9619
vt 0.3987 0.9565
vt 0.4055 0.9565
vt 0.3987 0.9565
vt 0.3987 0.9619
vt 0.4055 0.9619
vt 0.4055 0.9619
vt 0.4124 0.9619
vt 0.4124 0.9565
vt 0.4055 0.9565
vt 0.4192 0.9619
vt 0.4192 0.9565
vt 0.4124 0.9565
vt 0.4124 0.9619
vt 0.426 0.9565
vt 0.4192 0.9565
vt 0.4192 0.9619
vt 0.426 0.9619
vt 0.4331 0.9565
vt 0.426 0.9565
vt 0.426 0.9619
vt 0.4331 0.9619
vt 0.4399 0.9565
vt 0.4331 0.9565
vt 0.4331 0.9619
vt 0.4399 0.9619
vt 0.4468 0.9565
vt 0.4399 0.9565
vt 0.4399 0.9619
vt 0.4468 0.9619
vt 0.4536 0.9565
vt 0.4468 0.9565
vt 0.4468 0.9619
vt 0.4536 0.9619
vt 0.4536 0.9565
vt 0.4536 0.9619
vt 0.4604 0.9619
vt 0.4604 0.9565
vt 0.2954 0.9619
vt 0.2954 0.9565
vt 0.2883 0.9565
vt 0.2883 0.9619
vt 0.3022 0.9854
vt 0.3022 0.9814
vt 0.2954 0.9814
vt 0.2954 0.9854
vt 0.4468 0.9854
vt 0.4399 0.9854
vt 0.4399 0.9917
vt 0.4468 0.9917
vt 0.4331 0.9854
vt 0.426 0.9854
vt 0.426 0.9917
vt 0.4331 0.9917
vt 0.426 0.9854
vt 0.4192 0.9854
vt 0.4192 0.9917
vt 0.426 0.9917
vt 0.4192 0.9854
vt 0.4124 0.9854
vt 0.4124 0.9917
vt 0.4192 0.9917
vt 0.4124 0.9854
vt 0.4055 0.9854
vt 0.4055 0.9917
vt 0.4124 0.9917
vt 0.4055 0.9854
vt 0.3987 0.9854
vt 0.3987 0.9917
vt 0.4055 0.9917
vt 0.3987 0.9854
vt 0.3916 0.9854
vt 0.3916 0.9917
vt 0.3987 0.9917
vt 0.3643 0.9854
vt 0.3572 0.9854
vt 0.3572 0.9917
vt 0.3643 0.9917
vt 0.3848 0.9854
vt 0.3779 0.9854
vt 0.3779 0.9917
vt 0.3848 0.9917
vt 0.4536 0.9854
vt 0.4468 0.9854
vt 0.4468 0.9917
vt 0.4536 0.9917
vt 0.3711 0.9854
vt 0.3643 0.9854
vt 0.3643 0.9917
vt 0.3711 0.9917
vt 0.3367 0.9917
vt 0.3435 0.9917
vt 0.3435 0.9854
vt 0.3367 0.9854
vt 0.3572 0.9854
vt 0.3503 0.9854
vt 0.3503 0.9917
vt 0.3572 0.9917
vt 0.3367 0.9854
vt 0.3298 0.9854
vt 0.3298 0.9917
vt 0.3367 0.9917
vt 0.4399 0.9854
vt 0.4331 0.9854
vt 0.4331 0.9917
vt 0.4399 0.9917
vt 0.3228 0.9854
vt 0.3159 0.9854
vt 0.3159 0.9917
vt 0.3228 0.9917
vt 0.2954 0.9917
vt 0.3022 0.9917
vt 0.3022 0.9854
vt 0.2954 0.9854
vt 0.3916 0.9854
vt 0.3848 0.9854
vt 0.3848 0.9917
vt 0.3916 0.9917
vt 0.3159 0.9854
vt 0.3091 0.9854
vt 0.3091 0.9917
vt 0.3159 0.9917
vt 0.3435 0.9854
vt 0.3435 0.9917
vt 0.3503 0.9917
vt 0.3503 0.9854
vt 0.2954 0.9854
vt 0.2883 0.9854
vt 0.2883 0.9917
vt 0.2954 0.9917
vt 0.3091 0.9854
vt 0.3159 0.9854
vt 0.3159 0.9814
vt 0.3091 0.9814
vt 0.3159 0.9854
vt 0.3228 0.9854
vt 0.3228 0.9814
vt 0.3159 0.9814
vt 0.3228 0.9854
vt 0.3298 0.9854
vt 0.3298 0.9814
vt 0.3228 0.9814
vt 0.3298 0.9854
vt 0.3367 0.9854
vt 0.3367 0.9814
vt 0.3298 0.9814
vt 0.3435 0.9854
vt 0.3435 0.9814
vt 0.3367 0.9814
vt 0.3367 0.9854
vt 0.3503 0.9854
vt 0.3572 0.9854
vt 0.3572 0.9814
vt 0.3503 0.9814
vt 0.3572 0.9854
vt 0.3643 0.9854
vt 0.3643 0.9814
vt 0.3572 0.9814
vt 0.3643 0.9854
vt 0.3711 0.9854
vt 0.3711 0.9814
vt 0.3643 0.9814
vt 0.3711 0.9854
vt 0.3779 0.9854
vt 0.3779 0.9814
vt 0.3711 0.9814
vt 0.3848 0.9854
vt 0.3916 0.9854
vt 0.3916 0.9814
vt 0.3848 0.9814
vt 0.3916 0.9854
vt 0.3987 0.9854
vt 0.3987 0.9814
vt 0.3916 0.9814
vt 0.3987 0.9854
vt 0.4055 0.9854
vt 0.4055 0.9814
vt 0.3987 0.9814
vt 0.4055 0.9854
vt 0.4124 0.9854
vt 0.4124 0.9814
vt 0.4055 0.9814
vt 0.4124 0.9854
vt 0.4192 0.9854
vt 0.4192 0.9814
vt 0.4124 0.9814
vt 0.4192 0.9854
vt 0.426 0.9854
vt 0.426 0.9814
vt 0.4192 0.9814
vt 0.426 0.9854
vt 0.4331 0.9854
vt 0.4331 0.9814
vt 0.426 0.9814
vt 0.4331 0.9854
vt 0.4399 0.9854
vt 0.4399 0.9814
vt 0.4331 0.9814
vt 0.4399 0.9854
vt 0.4468 0.9854
vt 0.4468 0.9814
vt 0.4399 0.9814
vt 0.4468 0.9854
vt 0.4536 0.9854
vt 0.4536 0.9814
vt 0.4468 0.9814
vt 0.4536 0.9854
vt 0.4604 0.9854
vt 0.4604 0.9814
vt 0.4536 0.9814
vt 0.2883 0.9854
vt 0.2954 0.9854
vt 0.2954 0.9814
vt 0.2883 0.9814
vt 0.3779 0.9854
vt 0.3848 0.9854
vt 0.3848 0.9814
vt 0.3779 0.9814
vt 0.3022 0.9678
vt 0.3022 0.9619
vt 0.2954 0.9619
vt 0.2954 0.9678
vt 0.3022 0.9565
vt 0.3022 0.9619
vt 0.3091 0.9619
vt 0.3091 0.9565
vt 0.3779 0.9854
vt 0.3711 0.9854
vt 0.3711 0.9917
vt 0.3779 0.9917
vt 0.3022 0.9814
vt 0.3022 0.9854
vt 0.3091 0.9854
vt 0.3091 0.9814
vt 0.3022 0.9775
vt 0.3022 0.9814
vt 0.3091 0.9814
vt 0.3091 0.9775
vt 0.3022 0.9736
vt 0.3022 0.9775
vt 0.3091 0.9775
vt 0.3091 0.9736
vt 0.3022 0.9678
vt 0.3022 0.9736
vt 0.3091 0.9736
vt 0.3091 0.9678
vt 0.3435 0.9678
vt 0.3435 0.9619
vt 0.3367 0.9619
vt 0.3367 0.9678
vt 0.3435 0.9565
vt 0.3435 0.9619
vt 0.3503 0.9619
vt 0.3503 0.9565
vt 0.3022 0.9854
vt 0.3022 0.9917
vt 0.3091 0.9917
vt 0.3091 0.9854
vt 0.3435 0.9814
vt 0.3435 0.9854
vt 0.3503 0.9854
vt 0.3503 0.9814
vt 0.3435 0.9775
vt 0.3435 0.9814
vt 0.3503 0.9814
vt 0.3503 0.9775
vt 0.3435 0.9736
vt 0.3435 0.9775
vt 0.3503 0.9775
vt 0.3503 0.9736
vt 0.3435 0.9678
vt 0.3435 0.9736
vt 0.3503 0.9736
vt 0.3503 0.9678
vt 0.4604 0.9854
vt 0.4536 0.9854
vt 0.4536 0.9917
vt 0.4604 0.9917
vt 0.3643 0.9775
vt 0.3643 0.9814
vt 0.3711 0.9814
vt 0.3711 0.9775
vt 0.3711 0.9775
vt 0.3711 0.9814
vt 0.3779 0.9814
vt 0.3779 0.9775
vt 0.3779 0.9775
vt 0.3779 0.9814
vt 0.3848 0.9814
vt 0.3848 0.9775
vt 0.3848 0.9775
vt 0.3848 0.9814
vt 0.3916 0.9814
vt 0.3916 0.9775
vt 0.3987 0.9814
vt 0.4055 0.9814
vt 0.4055 0.9775
vt 0.3987 0.9775
vt 0.4055 0.9775
vt 0.4055 0.9814
vt 0.4124 0.9814
vt 0.4124 0.9775
vt 0.4124 0.9775
vt 0.4124 0.9814
vt 0.4192 0.9814
vt 0.4192 0.9775
vt 0.4192 0.9775
vt 0.4192 0.9814
vt 0.426 0.9814
vt 0.426 0.9775
vt 0.426 0.9775
vt 0.426 0.9814
vt 0.4331 0.9814
vt 0.4331 0.9775
vt 0.4399 0.9814
vt 0.4468 0.9814
vt 0.4468 0.9775
vt 0.4399 0.9775
vt 0.4468 0.9775
vt 0.4468 0.9814
vt 0.4536 0.9814
vt 0.4536 0.9775
vt 0.3572 0.9775
vt 0.3572 0.9814
vt 0.3643 0.9814
vt 0.3643 0.9775
vt 0.3503 0.9775
vt 0.3503 0.9814
vt 0.3572 0.9814
vt 0.3572 0.9775
vt 0.3435 0.9775
vt 0.3435 0.9814
vt 0.3503 0.9814
vt 0.3503 0.9775
vt 0.3367 0.9775
vt 0.3367 0.9814
vt 0.3435 0.9814
vt 0.3435 0.9775
vt 0.3298 0.9775
vt 0.3298 0.9814
vt 0.3367 0.9814
vt 0.3367 0.9775
vt 0.3228 0.9775
vt 0.3228 0.9814
vt 0.3298 0.9814
vt 0.3298 0.9775
vt 0.3159 0.9775
vt 0.3159 0.9814
vt 0.3228 0.9814
vt 0.3228 0.9775
vt 0.3091 0.9775
vt 0.3091 0.9814
vt 0.3159 0.9814
vt 0.3159 0.9775
vt 0.3022 0.9775
vt 0.3022 0.9814
vt 0.3091 0.9814
vt 0.3091 0.9775
vt 0.2954 0.9775
vt 0.2954 0.9814
vt 0.3022 0.9814
vt 0.3022 0.9775
vt 0.4604 0.9775
vt 0.4604 0.9736
vt 0.4536 0.9736
vt 0.4536 0.9775
vt 0.2883 0.9775
vt 0.2883 0.9814
vt 0.2954 0.9814
vt 0.2954 0.9775
vt 0.4536 0.9775
vt 0.4536 0.9814
vt 0.4604 0.9814
vt 0.4604 0.9775
vt 0.2954 0.9775
vt 0.2954 0.9736
vt 0.2883 0.9736
vt 0.2883 0.9775
vt 0.3022 0.9775
vt 0.3022 0.9736
vt 0.2954 0.9736
vt 0.2954 0.9775
vt 0.3091 0.9775
vt 0.3091 0.9736
vt 0.3022 0.9736
vt 0.3022 0.9775
vt 0.3159 0.9775
vt 0.3159 0.9736
vt 0.3091 0.9736
vt 0.3091 0.9775
vt 0.3228 0.9775
vt 0.3228 0.9736
vt 0.3159 0.9736
vt 0.3159 0.9775
vt 0.3298 0.9775
vt 0.3298 0.9736
vt 0.3228 0.9736
vt 0.3228 0.9775
vt 0.3367 0.9775
vt 0.3367 0.9736
vt 0.3298 0.9736
vt 0.3298 0.9775
vt 0.3435 0.9775
vt 0.3435 0.9736
vt 0.3367 0.9736
vt 0.3367 0.9775
vt 0.3503 0.9775
vt 0.3503 0.9736
vt 0.3435 0.9736
vt 0.3435 0.9775
vt 0.3572 0.9775
vt 0.3572 0.9736
vt 0.3503 0.9736
vt 0.3503 0.9775
vt 0.3643 0.9775
vt 0.3643 0.9736
vt 0.3572 0.9736
vt 0.3572 0.9775
vt 0.3711 0.9775
vt 0.3711 0.9736
vt 0.3643 0.9736
vt 0.3643 0.9775
vt 0.3779 0.9775
vt 0.3779 0.9736
vt 0.3711 0.9736
vt 0.3711 0.9775
vt 0.3848 0.9775
vt 0.3848 0.9736
vt 0.3779 0.9736
vt 0.3779 0.9775
vt 0.3916 0.9775
vt 0.3916 0.9736
vt 0.3848 0.9736
vt 0.3848 0.9775
vt 0.3987 0.9775
vt 0.4055 0.9775
vt 0.4055 0.9736
vt 0.3987 0.9736
vt 0.4124 0.9775
vt 0.4124 0.9736
vt 0.4055 0.9736
vt 0.4055 0.9775
vt 0.4192 0.9775
vt 0.4192 0.9736
vt 0.4124 0.9736
vt 0.4124 0.9775
vt 0.426 0.9775
vt 0.426 0.9736
vt 0.4192 0.9736
vt 0.4192 0.9775
vt 0.4331 0.9775
vt 0.4331 0.9736
vt 0.426 0.9736
vt 0.426 0.9775
vt 0.4399 0.9775
vt 0.4468 0.9775
vt 0.4468 0.9736
vt 0.4399 0.9736
vt 0.4536 0.9775
vt 0.4536 0.9736
vt 0.4468 0.9736
vt 0.4468 0.9775
vt 0.4399 0.9736
vt 0.4468 0.9736
vt 0.4468 0.9678
vt 0.4399 0.9678
vt 0.4399 0.9619
vt 0.4331 0.9619
vt 0.4331 0.9678
vt 0.4399 0.9678
vt 0.4399 0.9619
vt 0.4468 0.9619
vt 0.4468 0.9565
vt 0.4399 0.9565
vt 0.4124 0.9854
vt 0.4124 0.9917
vt 0.4192 0.9917
vt 0.4192 0.9854
vt 0.426 0.9678
vt 0.426 0.9736
vt 0.4331 0.9736
vt 0.4331 0.9678
vt 0.4192 0.9678
vt 0.4192 0.9736
vt 0.426 0.9736
vt 0.426 0.9678
vt 0.4124 0.9678
vt 0.4124 0.9736
vt 0.4192 0.9736
vt 0.4192 0.9678
vt 0.4055 0.9678
vt 0.4055 0.9736
vt 0.4124 0.9736
vt 0.4124 0.9678
vt 0.3987 0.9736
vt 0.4055 0.9736
vt 0.4055 0.9678
vt 0.3987 0.9678
vt 0.3916 0.9736
vt 0.3916 0.9678
vt 0.3848 0.9678
vt 0.3848 0.9736
vt 0.3779 0.9736
vt 0.3848 0.9736
vt 0.3848 0.9678
vt 0.3779 0.9678
vt 0.3711 0.9678
vt 0.3711 0.9736
vt 0.3779 0.9736
vt 0.3779 0.9678
vt 0.3643 0.9678
vt 0.3643 0.9736
vt 0.3711 0.9736
vt 0.3711 0.9678
vt 0.3572 0.9678
vt 0.3572 0.9736
vt 0.3643 0.9736
vt 0.3643 0.9678
vt 0.3503 0.9678
vt 0.3503 0.9736
vt 0.3572 0.9736
vt 0.3572 0.9678
vt 0.3435 0.9678
vt 0.3435 0.9736
vt 0.3503 0.9736
vt 0.3503 0.9678
vt 0.3367 0.9678
vt 0.3367 0.9736
vt 0.3435 0.9736
vt 0.3435 0.9678
vt 0.3298 0.9736
vt 0.3367 0.9736
vt 0.3367 0.9678
vt 0.3298 0.9678
vt 0.3228 0.9678
vt 0.3228 0.9736
vt 0.3298 0.9736
vt 0.3298 0.9678
vt 0.3159 0.9678
vt 0.3159 0.9736
vt 0.3228 0.9736
vt 0.3228 0.9678
vt 0.3091 0.9678
vt 0.3091 0.9736
vt 0.3159 0.9736
vt 0.3159 0.9678
vt 0.3091 0.9678
vt 0.3022 0.9678
vt 0.3022 0.9736
vt 0.3091 0.9736
vt 0.2954 0.9678
vt 0.2954 0.9736
vt 0.3022 0.9736
vt 0.3022 0.9678
vt 0.2883 0.9678
vt 0.2883 0.9736
vt 0.2954 0.9736
vt 0.2954 0.9678
vt 0.4604 0.9736
vt 0.4604 0.9678
vt 0.4536 0.9678
vt 0.4536 0.9736
vt 0.4536 0.9678
vt 0.4468 0.9678
vt 0.4468 0.9736
vt 0.4536 0.9736
vt 0.4331 0.9678
vt 0.4331 0.9619
vt 0.426 0.9619
vt 0.426 0.9678
vt 0.4192 0.9619
vt 0.4192 0.9678
vt 0.426 0.9678
vt 0.426 0.9619
vt 0.4124 0.9678
vt 0.4192 0.9678
vt 0.4192 0.9619
vt 0.4124 0.9619
vt 0.4055 0.9619
vt 0.4055 0.9678
vt 0.4124 0.9678
vt 0.4124 0.9619
vt 0.3987 0.9619
vt 0.3916 0.9619
vt 0.3916 0.9678
vt 0.3987 0.9678
vt 0.3916 0.9619
vt 0.3848 0.9619
vt 0.3848 0.9678
vt 0.3916 0.9678
vt 0.3779 0.9619
vt 0.3779 0.9678
vt 0.3848 0.9678
vt 0.3848 0.9619
vt 0.3711 0.9619
vt 0.3711 0.9678
vt 0.3779 0.9678
vt 0.3779 0.9619
vt 0.3643 0.9619
vt 0.3643 0.9678
vt 0.3711 0.9678
vt 0.3711 0.9619
vt 0.3572 0.9678
vt 0.3643 0.9678
vt 0.3643 0.9619
vt 0.3572 0.9619
vt 0.3503 0.9619
vt 0.3503 0.9678
vt 0.3572 0.9678
vt 0.3572 0.9619
vt 0.3435 0.9619
vt 0.3435 0.9678
vt 0.3503 0.9678
vt 0.3503 0.9619
vt 0.3367 0.9619
vt 0.3367 0.9678
vt 0.3435 0.9678
vt 0.3435 0.9619
vt 0.3298 0.9619
vt 0.3298 0.9678
vt 0.3367 0.9678
vt 0.3367 0.9619
vt 0.3228 0.9619
vt 0.3228 0.9678
vt 0.3298 0.9678
vt 0.3298 0.9619
vt 0.3159 0.9619
vt 0.3159 0.9678
vt 0.3228 0.9678
vt 0.3228 0.9619
vt 0.3091 0.9619
vt 0.3091 0.9678
vt 0.3159 0.9678
vt 0.3159 0.9619
vt 0.3091 0.9678
vt 0.3091 0.9619
vt 0.3022 0.9619
vt 0.3022 0.9678
vt 0.3022 0.9678
vt 0.3022 0.9619
vt 0.2954 0.9619
vt 0.2954 0.9678
vt 0.2883 0.9619
vt 0.2883 0.9678
vt 0.2954 0.9678
vt 0.2954 0.9619
vt 0.4604 0.9678
vt 0.4604 0.9619
vt 0.4536 0.9619
vt 0.4536 0.9678
vt 0.4468 0.9619
vt 0.4468 0.9678
vt 0.4536 0.9678
vt 0.4536 0.9619
vt 0.426 0.9565
vt 0.426 0.9619
vt 0.4331 0.9619
vt 0.4331 0.9565
vt 0.426 0.9619
vt 0.426 0.9565
vt 0.4192 0.9565
vt 0.4192 0.9619
vt 0.4124 0.9565
vt 0.4124 0.9619
vt 0.4192 0.9619
vt 0.4192 0.9565
vt 0.4055 0.9565
vt 0.4055 0.9619
vt 0.4124 0.9619
vt 0.4124 0.9565
vt 0.3987 0.9619
vt 0.4055 0.9619
vt 0.4055 0.9565
vt 0.3987 0.9565
vt 0.3916 0.9565
vt 0.3848 0.9565
vt 0.3848 0.9619
vt 0.3916 0.9619
vt 0.3779 0.9619
vt 0.3848 0.9619
vt 0.3848 0.9565
vt 0.3779 0.9565
vt 0.3711 0.9565
vt 0.3711 0.9619
vt 0.3779 0.9619
vt 0.3779 0.9565
vt 0.3643 0.9565
vt 0.3643 0.9619
vt 0.3711 0.9619
vt 0.3711 0.9565
vt 0.3572 0.9565
vt 0.3572 0.9619
vt 0.3643 0.9619
vt 0.3643 0.9565
vt 0.3503 0.9565
vt 0.3503 0.9619
vt 0.3572 0.9619
vt 0.3572 0.9565
vt 0.3503 0.9565
vt 0.3435 0.9565
vt 0.3435 0.9619
vt 0.3503 0.9619
vt 0.3367 0.9565
vt 0.3367 0.9619
vt 0.3435 0.9619
vt 0.3435 0.9565
vt 0.3367 0.9619
vt 0.3367 0.9565
vt 0.3298 0.9565
vt 0.3298 0.9619
vt 0.3228 0.9619
vt 0.3298 0.9619
vt 0.3298 0.9565
vt 0.3228 0.9565
vt 0.3159 0.9565
vt 0.3159 0.9619
vt 0.3228 0.9619
vt 0.3228 0.9565
vt 0.3091 0.9565
vt 0.3091 0.9619
vt 0.3159 0.9619
vt 0.3159 0.9565
vt 0.3022 0.9565
vt 0.3022 0.9619
vt 0.3091 0.9619
vt 0.3091 0.9565
vt 0.2954 0.9565
vt 0.2954 0.9619
vt 0.3022 0.9619
vt 0.3022 0.9565
vt 0.2883 0.9565
vt 0.2883 0.9619
vt 0.2954 0.9619
vt 0.2954 0.9565
vt 0.4604 0.9565
vt 0.4536 0.9565
vt 0.4536 0.9619
vt 0.4604 0.9619
vt 0.4468 0.9619
vt 0.4536 0.9619
vt 0.4536 0.9565
vt 0.4468 0.9565
vt 0.4399 0.9854
vt 0.4468 0.9854
vt 0.4468 0.9814
vt 0.4399 0.9814
vt 0.2954 0.9854
vt 0.2954 0.9917
vt 0.3022 0.9917
vt 0.3022 0.9854
vt 0.3091 0.9854
vt 0.3091 0.9917
vt 0.3159 0.9917
vt 0.3159 0.9854
vt 0.3159 0.9854
vt 0.3159 0.9917
vt 0.3228 0.9917
vt 0.3228 0.9854
vt 0.3228 0.9854
vt 0.3228 0.9917
vt 0.3298 0.9917
vt 0.3298 0.9854
vt 0.3298 0.9854
vt 0.3298 0.9917
vt 0.3367 0.9917
vt 0.3367 0.9854
vt 0.3367 0.9854
vt 0.3367 0.9917
vt 0.3435 0.9917
vt 0.3435 0.9854
vt 0.3435 0.9854
vt 0.3435 0.9917
vt 0.3503 0.9917
vt 0.3503 0.9854
vt 0.3779 0.9854
vt 0.3779 0.9917
vt 0.3848 0.9917
vt 0.3848 0.9854
vt 0.3572 0.9854
vt 0.3572 0.9917
vt 0.3643 0.9917
vt 0.3643 0.9854
vt 0.2883 0.9854
vt 0.2883 0.9917
vt 0.2954 0.9917
vt 0.2954 0.9854
vt 0.3711 0.9854
vt 0.3711 0.9917
vt 0.3779 0.9917
vt 0.3779 0.9854
vt 0.4055 0.9917
vt 0.4055 0.9854
vt 0.3987 0.9854
vt 0.3987 0.9917
vt 0.3848 0.9854
vt 0.3848 0.9917
vt 0.3916 0.9917
vt 0.3916 0.9854
vt 0.4055 0.9854
vt 0.4055 0.9917
vt 0.4124 0.9917
vt 0.4124 0.9854
vt 0.3022 0.9854
vt 0.3022 0.9917
vt 0.3091 0.9917
vt 0.3091 0.9854
vt 0.4192 0.9854
vt 0.4192 0.9917
vt 0.426 0.9917
vt 0.426 0.9854
vt 0.4468 0.9917
vt 0.4468 0.9854
vt 0.4399 0.9854
vt 0.4399 0.9917
vt 0.3503 0.9854
vt 0.3503 0.9917
vt 0.3572 0.9917
vt 0.3572 0.9854
vt 0.426 0.9854
vt 0.426 0.9917
vt 0.4331 0.9917
vt 0.4331 0.9854
vt 0.3987 0.9854
vt 0.3916 0.9854
vt 0.3916 0.9917
vt 0.3987 0.9917
vt 0.4468 0.9854
vt 0.4468 0.9917
vt 0.4536 0.9917
vt 0.4536 0.9854
vt 0.4331 0.9854
vt 0.4331 0.9814
vt 0.426 0.9814
vt 0.426 0.9854
vt 0.426 0.9854
vt 0.426 0.9814
vt 0.4192 0.9814
vt 0.4192 0.9854
vt 0.4192 0.9854
vt 0.4192 0.9814
vt 0.4124 0.9814
vt 0.4124 0.9854
vt 0.4124 0.9854
vt 0.4124 0.9814
vt 0.4055 0.9814
vt 0.4055 0.9854
vt 0.3987 0.9854
vt 0.4055 0.9854
vt 0.4055 0.9814
vt 0.3987 0.9814
vt 0.3916 0.9854
vt 0.3916 0.9814
vt 0.3848 0.9814
vt 0.3848 0.9854
vt 0.3848 0.9854
vt 0.3848 0.9814
vt 0.3779 0.9814
vt 0.3779 0.9854
vt 0.3779 0.9854
vt 0.3779 0.9814
vt 0.3711 0.9814
vt 0.3711 0.9854
vt 0.3711 0.9854
vt 0.3711 0.9814
vt 0.3643 0.9814
vt 0.3643 0.9854
vt 0.3572 0.9854
vt 0.3572 0.9814
vt 0.3503 0.9814
vt 0.3503 0.9854
vt 0.3503 0.9854
vt 0.3503 0.9814
vt 0.3435 0.9814
vt 0.3435 0.9854
vt 0.3435 0.9854
vt 0.3435 0.9814
vt 0.3367 0.9814
vt 0.3367 0.9854
vt 0.3367 0.9854
vt 0.3367 0.9814
vt 0.3298 0.9814
vt 0.3298 0.9854
vt 0.3298 0.9854
vt 0.3298 0.9814
vt 0.3228 0.9814
vt 0.3228 0.9854
vt 0.3228 0.9854
vt 0.3228 0.9814
vt 0.3159 0.9814
vt 0.3159 0.9854
vt 0.3159 0.9854
vt 0.3159 0.9814
vt 0.3091 0.9814
vt 0.3091 0.9854
vt 0.3091 0.9854
vt 0.3091 0.9814
vt 0.3022 0.9814
vt 0.3022 0.9854
vt 0.3022 0.9854
vt 0.3022 0.9814
vt 0.2954 0.9814
vt 0.2954 0.9854
vt 0.2954 0.9854
vt 0.2954 0.9814
vt 0.2883 0.9814
vt 0.2883 0.9854
vt 0.4604 0.9854
vt 0.4604 0.9814
vt 0.4536 0.9814
vt 0.4536 0.9854
vt 0.4536 0.9854
vt 0.4536 0.9814
vt 0.4468 0.9814
vt 0.4468 0.9854
vt 0.3643 0.9854
vt 0.3643 0.9814
vt 0.3572 0.9814
vt 0.3572 0.9854
vt 0.4399 0.9678
vt 0.4468 0.9678
vt 0.4468 0.9619
vt 0.4399 0.9619
vt 0.4399 0.9565
vt 0.4331 0.9565
vt 0.4331 0.9619
vt 0.4399 0.9619
vt 0.3643 0.9854
vt 0.3643 0.9917
vt 0.3711 0.9917
vt 0.3711 0.9854
vt 0.4399 0.9814
vt 0.4331 0.9814
vt 0.4331 0.9854
vt 0.4399 0.9854
vt 0.4399 0.9775
vt 0.4331 0.9775
vt 0.4331 0.9814
vt 0.4399 0.9814
vt 0.4399 0.9736
vt 0.4331 0.9736
vt 0.4331 0.9775
vt 0.4399 0.9775
vt 0.4399 0.9678
vt 0.4331 0.9678
vt 0.4331 0.9736
vt 0.4399 0.9736
vt 0.3987 0.9678
vt 0.4055 0.9678
vt 0.4055 0.9619
vt 0.3987 0.9619
vt 0.3987 0.9565
vt 0.3916 0.9565
vt 0.3916 0.9619
vt 0.3987 0.9619
vt 0.4399 0.9854
vt 0.4331 0.9854
vt 0.4331 0.9917
vt 0.4399 0.9917
vt 0.3987 0.9814
vt 0.3916 0.9814
vt 0.3916 0.9854
vt 0.3987 0.9854
vt 0.3987 0.9775
vt 0.3916 0.9775
vt 0.3916 0.9814
vt 0.3987 0.9814
vt 0.3987 0.9736
vt 0.3916 0.9736
vt 0.3916 0.9775
vt 0.3987 0.9775
vt 0.3987 0.9678
vt 0.3916 0.9678
vt 0.3916 0.9736
vt 0.3987 0.9736
vt 0.4536 0.9854
vt 0.4536 0.9917
vt 0.4604 0.9917
vt 0.4604 0.9854
vt 0.7715 0.9414
vt 0.7695 0.9429
vt 0.7705 0.9458
vt 0.75 0.958
vt 0.7524 0.938
vt 0.7466 0.9624
vt 0.7715 0.9414
vt 0.769 0.9233
vt 0.7734 0.9243
vt 0.769 0.9194
vt 0.7427 0.918
vt 0.7529 0.916
vt 0.7363 0.9341
vt 0.7334 0.9258
vt 0.7319 0.9434
vt 0.7305 0.9556
vt 0.7275 0.9434
vt 0.7275 0.9805
vt 0.7241 0.9849
vt 0.729 0.9795
vt 0.7437 0.9829
vt 0.7437 0.9883
vt 0.7446 0.9893
vt 0.749 0.9644
vt 0.7466 0.9863
vt 0.748 0.9888
vt 0.7515 0.9644
vt 0.7686 0.9639
vt 0.7495 0.9829
vt 0.749 0.9888
vt 0.7686 0.9893
vt 0.771 0.9526
vt 0.7744 0.9463
vt 0.7725 0.9692
vt 0.7656 0.9834
vt 0.7661 0.9839
vt 0.0346 0.5396
vt 0.0327 0.541
vt 0.0346 0.5664
vt 0.0359 0.5649
vt 0.0384 0.5918
vt 0.0334 0.5928
vt 0.4407 0.5947
vt 0.4407 0.5967
vt 0.4426 0.5938
vt 0.4434 0.5972
vt 0.4399 0.5991
vt 0.4395 0.6016
vt 0.4373 0.6001
vt 0.4553 0.5991
vt 0.4385 0.6108
vt 0.4531 0.6187
vt 0.4417 0.6182
vt 0.4563 0.582
vt 0.4478 0.5791
vt 0.4587 0.5781
vt 0.7905 0.0231
vt 0.7896 0.021
vt 0.7886 0.0255
vt 0.7871 0.0247
vt 0.7886 0.0255
vt 0.7856 0.0274
vt 0.7866 0.0277
vt 0.4219 0.2627
vt 0.4438 0.2563
vt 0.4287 0.2588
vt 0.447 0.2593
vt 0.458 0.2534
vt 0.4685 0.2424
vt 0.4663 0.2412
vt 0.4797 0.2097
vt 0.4775 0.2096
vt 0.4722 0.1837
vt 0.4646 0.1455
vt 0.4646 0.1583
vt 0.0844 0.002
vt 0.0827 0.0179
vt 0.0875 0.0076
vt 0.0788 0.0207
vt 0.0847 0.0444
vt 0.0806 0.0416
vt 0.0838 0.0604
vt 0.6157 0.6636
vt 0.6309 0.6479
vt 0.6191 0.6519
vt 0.6079 0.666
vt 0.6025 0.6787
vt 0.603 0.6665
vt 0.6079 0.6553
vt 0.6147 0.6426
vt 0.6206 0.6313
vt 0.6309 0.6479
vt 0.6299 0.6362
vt 0.6001 0.6382
vt 0.6035 0.6494
vt 0.6187 0.604
vt 0.6011 0.6177
vt 0.6367 0.603
vt 0.6016 0.5532
vt 0.5923 0.5601
vt 0.5908 0.5195
vt 0.6133 0.5562
vt 0.6055 0.5166
vt 0.6216 0.4961
vt 0.6318 0.5591
vt 0.6543 0.6084
vt 0.606 0.4888
vt 0.6289 0.4617
vt 0.5918 0.4841
vt 0.6006 0.4753
vt 0.6128 0.4575
vt 0.6084 0.4448
vt 0.6196 0.4282
vt 0.6201 0.4094
vt 0.6362 0.3989
vt 0.6265 0.3975
vt 0.6299 0.4412
vt 0.6611 0.344
vt 0.6519 0.3364
vt 0.6436 0.429
vt 0.6724 0.3115
vt 0.6543 0.3005
vt 0.6289 0.3667
vt 0.6855 0.3179
vt 0.6826 0.3416
vt 0.7036 0.3225
vt 0.6514 0.4094
vt 0.6924 0.364
vt 0.6753 0.4165
vt 0.7085 0.3613
vt 0.7173 0.3245
vt 0.6602 0.4395
vt 0.7207 0.3337
vt 0.7266 0.3247
vt 0.6958 0.425
vt 0.6904 0.4204
vt 0.6777 0.4453
vt 0.686 0.4495
vt 0.6753 0.4609
vt 0.6846 0.4648
vt 0.6523 0.4534
vt 0.665 0.4763
vt 0.6777 0.4771
vt 0.645 0.469
vt 0.666 0.4868
vt 0.6777 0.488
vt 0.6406 0.4875
vt 0.6689 0.4971
vt 0.6812 0.4973
vt 0.6416 0.5078
vt 0.6812 0.5303
vt 0.6982 0.5532
vt 0.6587 0.5479
vt 0.6855 0.5649
vt 0.7017 0.5796
vt 0.6743 0.5815
vt 0.6895 0.6123
vt 0.6567 0.6182
vt 0.689 0.5913
vt 0.7085 0.5938
vt 0.7007 0.6123
vt 0.7134 0.6177
vt 0.6943 0.6245
vt 0.7012 0.6328
vt 0.6851 0.6187
vt 0.6802 0.6274
vt 0.6592 0.625
vt 0.6602 0.6396
vt 0.6831 0.6519
vt 0.6953 0.6357
vt 0.709 0.646
vt 0.6943 0.6582
vt 0.7104 0.6577
vt 0.7104 0.6724
vt 0.7222 0.6816
vt 0.9531 0.2286
vt 0.9551 0.2053
vt 0.9443 0.2168
vt 0.9634 0.2202
vt 0.9663 0.2112
vt 0.957 0.2003
vt 0.8975 0.2825
vt 0.8945 0.2722
vt 0.8804 0.2773
vt 0.9043 0.282
vt 0.9043 0.2742
vt 0.9048 0.2937
vt 0.9014 0.2961
vt 0.9033 0.3083
vt 0.8955 0.2957
vt 0.8931 0.3005
vt 0.8906 0.2935
vt 0.8872 0.2861
vt 0.8687 0.2976
vt 0.8735 0.2847
vt 0.9004 0.3123
vt 0.9082 0.3252
vt 0.9009 0.3271
vt 0.9146 0.3386
vt 0.8784 0.3018
vt 0.8892 0.314
vt 0.874 0.3135
vt 0.9102 0.3418
vt 0.9155 0.3523
vt 0.9219 0.3479
vt 0.875 0.3196
vt 0.8813 0.3342
vt 0.8545 0.2993
vt 0.8481 0.3147
vt 0.8491 0.2915
vt 0.8589 0.2927
vt 0.853 0.2896
vt 0.8574 0.2898
vt 0.8652 0.2876
vt 0.8667 0.2891
vt 0.8481 0.2954
vt 0.8447 0.2903
vt 0.8418 0.2998
vt 0.8325 0.2891
vt 0.8286 0.2847
vt 0.8237 0.2864
vt 0.8223 0.2834
vt 0.8296 0.2969
vt 0.8408 0.3206
vt 0.8301 0.3105
vt 0.813 0.2903
vt 0.8179 0.3057
vt 0.8188 0.2791
vt 0.8213 0.2793
vt 0.8169 0.2717
vt 0.8296 0.3337
vt 0.8398 0.3267
vt 0.8521 0.3235
vt 0.8506 0.3303
vt 0.8638 0.3237
vt 0.8691 0.3369
vt 0.8672 0.3516
vt 0.8433 0.3381
vt 0.8608 0.3406
vt 0.8511 0.342
vt 0.8452 0.3533
vt 0.8315 0.3474
vt 0.8184 0.3735
vt 0.811 0.3616
vt 0.8354 0.375
vt 0.8926 0.3533
vt 0.832 0.3958
vt 0.8267 0.4089
vt 0.8369 0.4106
vt 0.8472 0.4092
vt 0.8423 0.4202
vt 0.8535 0.4207
vt 0.8452 0.3762
vt 0.8574 0.3735
vt 0.8799 0.4031
vt 0.873 0.3657
vt 0.8574 0.4094
vt 0.8672 0.4204
vt 0.8618 0.427
vt 0.8843 0.4253
vt 0.8696 0.4055
vt 0.8765 0.4141
vt 0.895 0.4197
vt 0.896 0.3679
vt 0.8838 0.385
vt 0.8931 0.3865
vt 0.9214 0.365
vt 0.894 0.397
vt 0.897 0.4119
vt 0.9053 0.3855
vt 0.9277 0.3621
vt 0.9321 0.3613
vt 0.9277 0.3474
vt 0.9209 0.3733
vt 0.9248 0.3743
vt 0.9287 0.3733
vt 0.9282 0.3882
vt 0.9185 0.3879
vt 0.9233 0.3926
vt 0.9243 0.4001
vt 0.9048 0.3989
vt 0.9165 0.394
vt 0.9219 0.4026
vt 0.9263 0.4067
vt 0.9175 0.4089
vt 0.9233 0.4089
vt 0.9287 0.4126
vt 0.9258 0.4177
vt 0.9209 0.4175
vt 0.9102 0.4153
vt 0.9053 0.4172
vt 0.9072 0.4214
vt 0.918 0.4231
vt 0.9155 0.4272
vt 0.9668 0.6328
vt 0.9663 0.6309
vt 0.9639 0.6299
vt 0.9595 0.6118
vt 0.9697 0.6255
vt 0.9736 0.6177
vt 0.9805 0.6118
vt 0.9727 0.6006
vt 0.9717 0.6294
vt 0.9766 0.6333
vt 0.9668 0.6328
vt 0.9731 0.6401
vt 0.4009 0.1123
vt 0.3828 0.124
vt 0.3972 0.1338
vt 0.3855 0.1316
vt 0.3809 0.1313
vt 0.3757 0.1285
vt 0.3845 0.1355
vt 0.3809 0.1313
vt 0.394 0.1536
vt 0.4033 0.1416
vt 0.4009 0.1589
vt 0.408 0.1428
vt 0.405 0.1376
vt 0.4351 0.1422
vt 0.4221 0.1476
vt 0.429 0.1544
vt 0.416 0.1542
vt 0.4297 0.1694
vt 0.4109 0.1635
vt 0.4167 0.1826
vt 0.4233 0.17
vt 0.4346 0.1818
vt 0.4224 0.1912
vt 0.4351 0.1901
vt 0.4275 0.1957
vt 0.4175 0.2047
vt 0.425 0.2053
vt 0.4214 0.2131
vt 0.426 0.2157
vt 0.4336 0.2124
vt 0.436 0.2178
vt 0.4302 0.2329
vt 0.1195 0.7876
vt 0.1257 0.7788
vt 0.1187 0.7788
vt 0.1086 0.7817
vt 0.1145 0.792
vt 0.1074 0.7969
vt 0.1007 0.7729
vt 0.0977 0.7886
vt 0.0953 0.771
vt 0.0958 0.7642
vt 0.0752 0.7686
vt 0.0759 0.7881
vt 0.0724 0.7964
vt 0.1074 0.7969
vt 0.1055 0.8032
vt 0.0927 0.8115
vt 0.0707 0.8052
vt 0.0896 0.7632
vt 0.0941 0.7603
vt 0.0828 0.7661
vt 0.0886 0.7559
vt 0.0963 0.7529
vt 0.0929 0.7441
vt 0.079 0.7539
vt 0.0865 0.7471
vt 0.0938 0.7363
vt 0.0888 0.7363
vt 0.0817 0.7466
vt 0.0717 0.7505
vt 0.0606 0.7378
vt 0.0805 0.7285
vt 0.0984 0.7217
vt 0.089 0.7095
vt 0.1042 0.7119
vt 0.1186 0.7134
vt 0.0684 0.7085
vt 0.0464 0.7305
vt 0.0521 0.7646
vt 0.0512 0.7778
vt 0.0464 0.7876
vt 0.0537 0.7954
vt 0.0384 0.7886
vt 0.0332 0.7812
vt 0.037 0.7798
vt 0.047 0.7671
vt 0.0436 0.7563
vt 0.0365 0.751
vt 0.0275 0.772
vt 0.0363 0.7661
vt 0.0273 0.7622
vt 0.0325 0.7466
vt 0.0645 0.708
vt 0.0453 0.709
vt 0.0278 0.7686
vt 0.0213 0.7603
vt 0.021 0.772
vt 0.0199 0.7671
vt 0.0126 0.7832
vt 0.0198 0.7417
vt 0.0162 0.7134
vt 0.009 0.7349
vt 0.002 0.7212
vt 0.0263 0.7847
vt 0.0211 0.8198
vt 0.0367 0.7056
vt 0.0121 0.7109
vt 0.0378 0.6743
vt 0.0623 0.7041
vt 0.0528 0.6719
vt 0.0802 0.707
vt 0.0963 0.6807
vt 0.0967 0.709
vt 0.1201 0.6855
vt 0.1217 0.7124
vt 0.1317 0.6943
vt 0.1412 0.6909
vt 0.1372 0.7148
vt 0.1562 0.7017
vt 0.1511 0.7139
vt 0.1633 0.7148
vt 0.1533 0.7324
vt 0.1564 0.7441
vt 0.1475 0.7222
vt 0.1466 0.7241
vt 0.1361 0.7163
vt 0.1514 0.7354
vt 0.1533 0.749
vt 0.0587 0.1416
vt 0.0603 0.1494
vt 0.0641 0.1453
vt 0.0375 0.1444
vt 0.0443 0.1724
vt 0.0511 0.1672
vt 0.0339 0.156
vt 0.0318 0.1743
vt 0.0288 0.1958
vt 0.0316 0.1443
vt 0.0305 0.1355
vt 0.0406 0.1285
vt 0.0313 0.1609
vt 0.03 0.1436
vt 0.0275 0.1787
vt 0.022 0.1926
vt 0.0139 0.2036
vt 0.0231 0.2042
vt 0.0099 0.202
vt 0.0279 0.2175
vt 0.0091 0.2168
vt 0.0029 0.2157
vt 0.0241 0.2257
vt 0.002 0.2281
vt 0.0081 0.2271
vt 0.0195 0.2284
vt 0.0065 0.2412
vt 0.0097 0.2358
vt 0.0156 0.2452
vt 0.0116 0.2483
vt 0.2646 0.0235
vt 0.2683 0.0328
vt 0.2717 0.0297
vt 0.2673 0.0195
vt 0.261 0.0123
vt 0.2544 0.0126
vt 0.2449 0.004
vt 0.261 0.0123
vt 0.2443 0.0064
vt 0.2216 0.0021
vt 0.2216 0.0021
vt 0.229 0.005
vt 0.2178 0.0044
vt 0.2216 0.0021
vt 0.1993 0.0073
vt 0.1825 0.0174
vt 0.1804 0.0165
vt 0.1709 0.0235
vt 0.2683 0.0328
vt 0.2705 0.0396
vt 0.2793 0.062
vt 0.2761 0.0603
vt 0.2712 0.061
vt 0.2778 0.0721
vt 0.2805 0.0929
vt 0.2783 0.102
vt 0.2783 0.1106
vt 0.2727 0.1238
vt 0.271 0.1229
vt 0.259 0.1337
vt 0.2603 0.1354
vt 0.835 0.5542
vt 0.8252 0.5542
vt 0.8403 0.5825
vt 0.8232 0.5884
vt 0.833 0.5884
vt 0.793 0.5581
vt 0.7944 0.5918
vt 0.7979 0.5986
vt 0.8291 0.5952
vt 0.8345 0.6079
vt 0.7656 0.5947
vt 0.7622 0.5601
vt 0.7637 0.6016
vt 0.7539 0.5977
vt 0.7656 0.6191
vt 0.7451 0.5615
vt 0.8013 0.6133
vt 0.8062 0.6304
vt 0.8408 0.627
vt 0.7676 0.6372
vt 0.7671 0.6372
vt 0.8208 0.6562
vt 0.8442 0.6523
vt 0.8442 0.6777
vt 0.7988 0.6606
vt 0.8203 0.6846
vt 0.8452 0.7437
vt 0.7705 0.666
vt 0.7671 0.6372
vt 0.7729 0.686
vt 0.8013 0.6846
vt 0.8032 0.7559
vt 0.772 0.7466
vt 0.8184 0.7505
vt 0.8218 0.7827
vt 0.8047 0.8027
vt 0.8472 0.7773
vt 0.8501 0.7944
vt 0.7852 0.7686
vt 0.7661 0.8052
vt 0.7847 0.8086
vt 0.8096 0.8076
vt 0.8242 0.8057
vt 0.8247 0.7988
vt 0.8496 0.8003
vt 0.4495 0.1278
vt 0.4387 0.1335
vt 0.4529 0.1455
vt 0.4622 0.1365
vt 0.4517 0.119
vt 0.4656 0.132
vt 0.4692 0.1183
vt 0.4316 0.1072
vt 0.4546 0.1046
vt 0.436 0.1008
vt 0.4133 0.0995
vt 0.4363 0.0898
vt 0.4143 0.0914
vt 0.4138 0.0807
vt 0.3918 0.092
vt 0.3914 0.0814
vt 0.3904 0.0734
vt 0.3843 0.0871
vt 0.3857 0.0922
vt 0.3647 0.1155
vt 0.3831 0.0807
vt 0.3796 0.0737
vt 0.3625 0.0968
vt 0.3535 0.1149
vt 0.3706 0.0821
vt 0.363 0.0737
vt 0.3733 0.0657
vt 0.3589 0.0839
vt 0.3477 0.1013
vt 0.3352 0.1276
vt 0.3447 0.1309
vt 0.3408 0.1442
vt 0.3323 0.1592
vt 0.3267 0.1293
vt 0.3198 0.1135
vt 0.3083 0.1307
vt 0.3176 0.1566
vt 0.3015 0.1541
vt 0.3127 0.1674
vt 0.2993 0.1624
vt 0.291 0.1603
vt 0.2925 0.166
vt 0.3123 0.1726
vt 0.3284 0.1722
vt 0.2935 0.1764
vt 0.2769 0.1691
vt 0.2778 0.1604
vt 0.2966 0.1864
vt 0.2773 0.1902
vt 0.323 0.1881
vt 0.3154 0.214
vt 0.3455 0.1895
vt 0.3374 0.1718
vt 0.3496 0.1841
vt 0.3462 0.2162
vt 0.364 0.2013
vt 0.3679 0.1866
vt 0.3755 0.2018
vt 0.3813 0.1892
vt 0.3867 0.2047
vt 0.3994 0.1963
vt 0.3855 0.2285
vt 0.4006 0.2145
vt 0.4102 0.2119
vt 0.4089 0.2216
vt 0.4097 0.2286
vt 0.3972 0.2281
vt 0.4126 0.2507
vt 0.3982 0.2456
vt 0.4026 0.2546
vt 0.3879 0.2563
vt 0.3738 0.2576
vt 0.3647 0.2272
vt 0.3599 0.2563
vt 0.3711 0.2712
vt 0.3401 0.2463
vt 0.3508 0.2695
vt 0.3169 0.2357
vt 0.3167 0.2537
vt 0.2783 0.2261
vt 0.2942 0.2507
vt 0.2932 0.2593
vt 0.2869 0.2681
vt 0.2705 0.1975
vt 0.2583 0.2224
vt 0.2673 0.1813
vt 0.261 0.1915
vt 0.2632 0.1715
vt 0.3198 0.2754
vt 0.3113 0.3074
vt 0.3384 0.3083
vt 0.2739 0.293
vt 0.2693 0.283
vt 0.2568 0.3027
vt 0.2727 0.3142
vt 0.2544 0.3191
vt 0.2529 0.3025
vt 0.2688 0.3301
vt 0.2878 0.3279
vt 0.2893 0.3145
vt 0.3088 0.3196
vt 0.3193 0.3237
vt 0.2754 0.3354
vt 0.335 0.3252
vt 0.2563 0.3381
vt 0.2603 0.3445
vt 0.2778 0.3403
vt 0.3447 0.3279
vt 0.2878 0.3325
vt 0.3599 0.2979
vt 0.3608 0.3286
vt 0.3733 0.3267
vt 0.3003 0.3538
vt 0.3086 0.3438
vt 0.3926 0.2815
vt 0.3899 0.2625
vt 0.4062 0.2981
vt 0.4067 0.3169
vt 0.4163 0.3149
vt 0.4146 0.2932
vt 0.4089 0.2866
vt 0.4128 0.2625
vt 0.4062 0.2607
vt 0.4033 0.2551
vt 0.3245 0.375
vt 0.3213 0.3479
vt 0.3533 0.3806
vt 0.3052 0.3708
vt 0.2856 0.3572
vt 0.2727 0.3503
vt 0.321 0.3838
vt 0.3345 0.3818
vt 0.3372 0.3909
vt 0.3638 0.3938
vt 0.3506 0.407
vt 0.3699 0.4067
vt 0.3752 0.4001
vt 0.3806 0.3943
vt 0.3882 0.4058
vt 0.3699 0.385
vt 0.3909 0.3987
vt 0.3977 0.4048
vt 0.3979 0.3965
vt 0.4053 0.4033
vt 0.4204 0.3867
vt 0.4204 0.3979
vt 0.4624 0.3706
vt 0.3904 0.3875
vt 0.3823 0.3796
vt 0.373 0.3689
vt 0.3633 0.3738
vt 0.3528 0.3611
vt 0.3398 0.3599
vt 0.3889 0.3755
vt 0.3994 0.3845
vt 0.3948 0.3728
vt 0.4062 0.3643
vt 0.4155 0.373
vt 0.4172 0.3586
vt 0.437 0.3547
vt 0.4622 0.3538
vt 0.4622 0.3345
vt 0.4722 0.3459
vt 0.4734 0.3613
vt 0.7471 0.5967
vt 0.7461 0.5981
vt 0.7339 0.5684
vt 0.7358 0.5972
vt 0.7319 0.5625
vt 0.7427 0.6069
vt 0.7461 0.5981
vt 0.7637 0.6074
vt 0.7529 0.6245
vt 0.7651 0.6216
vt 0.7373 0.625
vt 0.7671 0.6426
vt 0.7539 0.6465
vt 0.7324 0.6489
vt 0.7544 0.6689
vt 0.731 0.6685
vt 0.7563 0.689
vt 0.7305 0.707
vt 0.7646 0.688
vt 0.772 0.7207
vt 0.7725 0.6875
vt 0.7568 0.728
vt 0.7305 0.7188
vt 0.7295 0.7271
vt 0.7588 0.7603
vt 0.7275 0.7559
vt 0.7339 0.7881
vt 0.7246 0.7856
vt 0.7241 0.7949
vt 0.728 0.7964
vt 0.7422 0.7988
vt 0.7578 0.792
vt 0.2927 0.5732
vt 0.3076 0.5415
vt 0.3083 0.489
vt 0.2905 0.5386
vt 0.2976 0.4832
vt 0.314 0.4634
vt 0.3032 0.4592
vt 0.3145 0.4294
vt 0.2917 0.4446
vt 0.3062 0.3987
vt 0.2854 0.4578
vt 0.2778 0.4883
vt 0.2725 0.5444
vt 0.2808 0.5728
vt 0.2686 0.5703
vt 0.2668 0.5884
vt 0.2786 0.5879
vt 0.2869 0.5879
vt 0.2773 0.6045
vt 0.2656 0.6045
vt 0.2629 0.6309
vt 0.2869 0.6025
vt 0.2979 0.5967
vt 0.3013 0.5767
vt 0.3025 0.5601
vt 0.2866 0.6226
vt 0.2969 0.6274
vt 0.28 0.7305
vt 0.2695 0.7285
vt 0.2756 0.6313
vt 0.2507 0.7256
vt 0.2578 0.7271
vt 0.6753 0.6699
vt 0.6626 0.6514
vt 0.6377 0.6582
vt 0.6436 0.6748
vt 0.6582 0.6978
vt 0.6841 0.6948
vt 0.646 0.7026
vt 0.6855 0.7207
vt 0.6602 0.7227
vt 0.6455 0.7266
vt 0.6602 0.7925
vt 0.6846 0.7402
vt 0.6846 0.7817
vt 0.644 0.7852
vt 0.644 0.8271
vt 0.6763 0.8169
vt 0.6846 0.7939
vt 0.6846 0.7817
vt 0.6855 0.8218
vt 0.6626 0.8296
vt 0.6455 0.835
vt 0.6416 0.8428
vt 0.6626 0.8364
vt 0.6816 0.8315
vt 0.6851 0.8301
vt 0.6299 0.8423
vt 0.6416 0.8428
vt 0.6265 0.8462
vt 0.6108 0.8491
vt 0.6138 0.8457
vt 0.5923 0.8501
vt 0.5835 0.8477
vt 0.5693 0.8511
vt 0.5708 0.8423
vt 0.5586 0.8438
vt 0.543 0.8506
vt 0.5732 0.8364
vt 0.5347 0.8398
vt 0.5601 0.8115
vt 0.5742 0.8105
vt 0.5581 0.7783
vt 0.5732 0.771
vt 0.1617 0.4734
vt 0.1638 0.5161
vt 0.1649 0.4736
vt 0.16 0.5146
vt 0.1467 0.5034
vt 0.1422 0.4736
vt 0.132 0.5029
vt 0.1006 0.5059
vt 0.1285 0.5332
vt 0.1381 0.4407
vt 0.1192 0.4666
vt 0.1482 0.5352
vt 0.1471 0.5625
vt 0.1615 0.5332
vt 0.1638 0.5161
vt 0.1646 0.5361
vt 0.1611 0.562
vt 0.1637 0.563
vt 0.1599 0.5889
vt 0.1573 0.5879
vt 0.1553 0.6079
vt 0.1523 0.6055
vt 0.1439 0.5869
vt 0.1479 0.6133
vt 0.1469 0.6216
vt 0.1415 0.6221
vt 0.1385 0.605
vt 0.1249 0.5874
vt 0.1338 0.6162
vt 0.1241 0.5635
vt 0.1322 0.624
vt 0.1461 0.6235
vt 0.1407 0.6294
vt 0.1008 0.5312
vt 0.1204 0.6172
vt 0.1277 0.626
vt 0.1179 0.6084
vt 0.1143 0.5986
vt 0.1104 0.5879
vt 0.1302 0.6338
vt 0.1009 0.5635
vt 0.0992 0.584
vt 0.1312 0.6382
vt 0.1268 0.6377
vt 0.0803 0.5645
vt 0.0829 0.5869
vt 0.0626 0.5918
vt 0.0818 0.5337
vt 0.1321 0.6606
vt 0.1385 0.6597
vt 0.1201 0.6421
vt 0.1237 0.6367
vt 0.1163 0.6274
vt 0.1147 0.6597
vt 0.1152 0.6641
vt 0.0607 0.5645
vt 0.1055 0.6294
vt 0.1071 0.624
vt 0.0834 0.6226
vt 0.0856 0.6611
vt 0.0909 0.6665
vt 0.0714 0.6294
vt 0.0632 0.626
vt 0.0677 0.667
vt 0.0909 0.6665
vt 0.048 0.666
vt 0.0562 0.6279
vt 0.0398 0.625
vt 0.0497 0.626
vt 0.031 0.6484
vt 0.0382 0.6626
vt 0.0272 0.6616
vt 0.0249 0.6582
vt 0.0246 0.6626
vt 0.0253 0.6416
vt 0.0293 0.6367
vt 0.0276 0.6221
vt 0.0233 0.6309
vt 0.0224 0.6211
vt 0.1649 0.4736
vt 0.166 0.4607
vt 0.1636 0.4541
vt 0.1611 0.436
vt 0.1648 0.4336
vt 0.166 0.4607
vt 0.1693 0.4316
vt 0.1661 0.4236
vt 0.1639 0.4255
vt 0.1447 0.4324
vt 0.157 0.4304
vt 0.0833 0.4421
vt 0.0991 0.4485
vt 0.0842 0.4568
vt 0.052 0.4585
vt 0.0632 0.5103
vt 0.0983 0.469
vt 0.0844 0.5059
vt 0.0441 0.4817
vt 0.0415 0.4712
vt 0.0615 0.5366
vt 0.0478 0.54
vt 0.0475 0.564
vt 0.0485 0.5928
vt 0.0505 0.5142
vt 0.0387 0.5137
vt 0.0355 0.4958
vt 0.6055 0.3838
vt 0.6025 0.4155
vt 0.6133 0.3855
vt 0.5908 0.4167
vt 0.5791 0.4451
vt 0.5981 0.4341
vt 0.5933 0.4441
vt 0.5649 0.4331
vt 0.5796 0.3982
vt 0.5527 0.4421
vt 0.5576 0.4495
vt 0.5396 0.4543
vt 0.5479 0.4551
vt 0.5615 0.4561
vt 0.5708 0.4578
vt 0.5669 0.4763
vt 0.2423 0.6514
vt 0.2406 0.6523
vt 0.2418 0.6562
vt 0.238 0.6372
vt 0.2413 0.6372
vt 0.2399 0.605
vt 0.2375 0.6108
vt 0.2384 0.5869
vt 0.2482 0.6514
vt 0.2418 0.6562
vt 0.246 0.6357
vt 0.2505 0.6118
vt 0.2484 0.5957
vt 0.2412 0.5874
vt 0.2502 0.584
vt 0.2438 0.5596
vt 0.2397 0.5684
vt 0.2427 0.5522
vt 0.2556 0.5527
vt 0.2532 0.562
vt 0.2462 0.5366
vt 0.2537 0.5366
vt 0.2646 0.5146
vt 0.2583 0.5044
vt 0.2527 0.5151
vt 0.2656 0.5039
vt 0.2576 0.4958
vt 0.2612 0.4954
vt 0.2681 0.4951
vt 0.2593 0.4924
vt 0.6934 0.239
vt 0.7031 0.2458
vt 0.7051 0.2343
vt 0.7139 0.2438
vt 0.7148 0.2362
vt 0.7183 0.2369
vt 0.7148 0.2362
vt 0.7207 0.2467
vt 0.7246 0.2457
vt 0.7236 0.2527
vt 0.7246 0.2457
vt 0.728 0.2659
vt 0.7285 0.2505
vt 0.7305 0.259
vt 0.7231 0.2629
vt 0.7188 0.2749
vt 0.7173 0.2671
vt 0.7095 0.2678
vt 0.7119 0.2756
vt 0.5488 0.1893
vt 0.542 0.1655
vt 0.5405 0.1708
vt 0.5498 0.1865
vt 0.5635 0.2065
vt 0.562 0.2012
vt 0.5713 0.2107
vt 0.5698 0.2135
vt 0.5386 0.1395
vt 0.5405 0.1708
vt 0.5356 0.1421
vt 0.5381 0.1202
vt 0.5347 0.1216
vt 0.5435 0.087
vt 0.5405 0.0611
vt 0.543 0.0297
vt 0.5474 0.048
vt 0.5464 0.0228
vt 0.5449 0.0167
vt 0.5391 0.0021
vt 0.543 0.0129
vt 0.5425 0.0028
vt 0.3101 0.6074
vt 0.3142 0.604
vt 0.3147 0.582
vt 0.3096 0.583
vt 0.311 0.5684
vt 0.3147 0.582
vt 0.3164 0.5635
vt 0.3169 0.5435
vt 0.314 0.6123
vt 0.3142 0.604
vt 0.3093 0.6255
vt 0.3125 0.6265
vt 0.8999 0.1954
vt 0.8813 0.2091
vt 0.8687 0.2285
vt 0.8662 0.2153
vt 0.8872 0.1957
vt 0.855 0.2223
vt 0.8496 0.241
vt 0.8633 0.2418
vt 0.8467 0.2637
vt 0.8438 0.2634
vt 0.8438 0.2764
vt 0.8721 0.1976
vt 0.8555 0.2018
vt 0.8896 0.179
vt 0.9028 0.1849
vt 0.894 0.1708
vt 0.9028 0.1748
vt 0.9102 0.1652
vt 0.9077 0.1581
vt 0.8706 0.1809
vt 0.895 0.1647
vt 0.876 0.1669
vt 0.8979 0.1556
vt 0.9048 0.152
vt 0.8916 0.14
vt 0.8896 0.1606
vt 0.8496 0.1516
vt 0.8633 0.1636
vt 0.8789 0.1533
vt 0.8877 0.1461
vt 0.8691 0.1348
vt 0.8774 0.1287
vt 0.8511 0.1917
vt 0.8608 0.1421
vt 0.8428 0.1193
vt 0.8564 0.1096
vt 0.8496 0.1135
vt 0.8633 0.1079
vt 0.8892 0.1305
vt 0.8447 0.0994
vt 0.834 0.0817
vt 0.8232 0.0939
vt 0.8252 0.1053
vt 0.814 0.1012
vt 0.8164 0.1115
vt 0.8105 0.1037
vt 0.814 0.1012
vt 0.8306 0.1283
vt 0.8247 0.1357
vt 0.8008 0.1058
vt 0.8047 0.1048
vt 0.8389 0.1542
vt 0.8491 0.1641
vt 0.8252 0.1807
vt 0.832 0.1801
vt 0.835 0.1832
vt 0.8184 0.1882
vt 0.8359 0.192
vt 0.8174 0.1899
vt 0.8311 0.1969
vt 0.8037 0.1991
vt 0.8433 0.2094
vt 0.8179 0.2144
vt 0.813 0.2034
vt 0.8052 0.2051
vt 0.8452 0.2251
vt 0.8369 0.2274
vt 0.8311 0.2306
vt 0.8335 0.2417
vt 0.8384 0.2532
vt 0.8335 0.262
vt 0.8345 0.2793
vt 0.5054 0.0565
vt 0.5205 0.0854
vt 0.5264 0.0281
vt 0.4961 0.1041
vt 0.5142 0.0965
vt 0.5127 0.1298
vt 0.4905 0.1558
vt 0.4785 0.1475
vt 0.5156 0.1586
vt 0.5044 0.1667
vt 0.4895 0.1902
vt 0.5122 0.1998
vt 0.4902 0.2378
vt 0.5176 0.2379
vt 0.5254 0.292
vt 0.491 0.2991
vt 0.4736 0.2888
vt 0.4731 0.3311
vt 0.5269 0.3113
vt 0.4922 0.3232
vt 0.4875 0.343
vt 0.5254 0.3259
vt 0.5317 0.3218
vt 0.5273 0.3398
vt 0.5029 0.3357
vt 0.5171 0.364
vt 0.5034 0.3713
vt 0.5244 0.3916
vt 0.5366 0.3926
vt 0.5327 0.4182
vt 0.543 0.3645
vt 0.5469 0.3931
vt 0.541 0.4211
vt 0.5376 0.4446
vt 0.5488 0.4189
vt 0.5571 0.3945
vt 0.5654 0.3948
vt 0.5586 0.3694
vt 0.5801 0.3691
vt 0.5742 0.344
vt 0.5942 0.3811
vt 0.6035 0.3582
vt 0.6064 0.3501
vt 0.5439 0.3376
vt 0.5518 0.3494
vt 0.5342 0.3313
vt 0.5464 0.3274
vt 0.5488 0.3152
vt 0.561 0.345
vt 0.5562 0.3406
vt 0.5605 0.3359
vt 0.5708 0.3281
vt 0.5918 0.335
vt 0.584 0.3096
vt 0.5698 0.3164
vt 0.6035 0.3325
vt 0.6206 0.3337
vt 0.5967 0.3
vt 0.6143 0.3066
vt 0.6411 0.3079
vt 0.6362 0.2869
vt 0.6089 0.2578
vt 0.5952 0.1741
vt 0.5879 0.2361
vt 0.584 0.1965
vt 0.6162 0.1775
vt 0.5811 0.171
vt 0.6055 0.1644
vt 0.5791 0.1479
vt 0.5894 0.1389
vt 0.5908 0.1133
vt 0.5713 0.0952
vt 0.5762 0.0063
vt 0.5649 0.044
vt 0.5762 0.0021
vt 0.5596 0.0039
vt 0.9497 0.4636
vt 0.9443 0.4614
vt 0.9473 0.4854
vt 0.9521 0.4651
vt 0.9502 0.4873
vt 0.9521 0.4548
vt 0.9497 0.4546
vt 0.9541 0.436
vt 0.9536 0.4167
vt 0.958 0.4175
vt 0.9521 0.4998
vt 0.9482 0.4971
vt 0.9473 0.5127
vt 0.9546 0.5112
vt 0.9556 0.4065
vt 0.9619 0.407
vt 0.9609 0.397
vt 0.957 0.3977
vt 0.9653 0.4033
vt 0.9526 0.5361
vt 0.9546 0.5112
vt 0.9575 0.5269
vt 0.9604 0.5356
vt 0.9673 0.5547
vt 0.9556 0.5513
vt 0.9663 0.564
vt 0.9727 0.564
vt 0.2324 0.0732
vt 0.2361 0.0914
vt 0.2483 0.0573
vt 0.2576 0.0583
vt 0.2634 0.0666
vt 0.2386 0.1144
vt 0.2539 0.0521
vt 0.2588 0.0502
vt 0.2474 0.0507
vt 0.2402 0.0445
vt 0.2445 0.0404
vt 0.1326 0.9736
vt 0.1239 0.9824
vt 0.1407 0.9927
vt 0.1459 0.9834
vt 0.1509 0.9746
vt 0.1351 0.9648
vt 0.1461 0.9556
vt 0.1569 0.9639
vt 0.1267 0.96
vt 0.1221 0.9697
vt 0.1555 0.9512
vt 0.1644 0.9585
vt 0.1453 0.9438
vt 0.1355 0.9482
vt 0.1301 0.9219
vt 0.116 0.9668
vt 0.1157 0.9731
vt 0.1237 0.9463
vt 0.1279 0.9268
vt 0.1213 0.9321
vt 0.1237 0.9165
vt 0.1215 0.9048
vt 0.117 0.9136
vt 0.1132 0.9468
vt 0.1084 0.9365
vt 0.1113 0.9331
vt 0.1116 0.9062
vt 0.1215 0.8901
vt 0.1139 0.9673
vt 0.1124 0.9751
vt 0.1017 0.9658
vt 0.103 0.9731
vt 0.0904 0.9634
vt 0.0986 0.9521
vt 0.09 0.9531
vt 0.084 0.9565
vt 0.0926 0.9443
vt 0.0953 0.9355
vt 0.0853 0.9502
vt 0.0741 0.9453
vt 0.0869 0.9468
vt 0.0995 0.9321
vt 0.0952 0.9204
vt 0.0964 0.9053
vt 0.1087 0.9053
vt 0.0756 0.9424
vt 0.0588 0.9341
vt 0.062 0.9292
vt 0.0807 0.9399
vt 0.0901 0.9419
vt 0.1013 0.8936
vt 0.0917 0.9004
vt 0.1154 0.8945
vt 0.0932 0.8857
vt 0.1132 0.8818
vt 0.1057 0.8745
vt 0.1276 0.8804
vt 0.1157 0.8657
vt 0.124 0.8726
vt 0.1326 0.8647
vt 0.1345 0.8735
vt 0.1255 0.8574
vt 0.5024 0.3826
vt 0.4846 0.3862
vt 0.5273 0.4485
vt 0.5205 0.4778
vt 0.5474 0.4988
vt 0.5015 0.4678
vt 0.4734 0.3896
vt 0.5366 0.5015
vt 0.5562 0.5449
vt 0.4746 0.4238
vt 0.4521 0.3965
vt 0.498 0.5005
vt 0.5186 0.5034
vt 0.5342 0.5122
vt 0.4763 0.5063
vt 0.4321 0.4026
vt 0.4656 0.5024
vt 0.4619 0.5151
vt 0.47 0.5288
vt 0.4861 0.5322
vt 0.4749 0.5444
vt 0.4978 0.5625
vt 0.4761 0.5562
vt 0.4822 0.5674
vt 0.5103 0.5308
vt 0.5342 0.5386
vt 0.5234 0.5679
vt 0.5508 0.5532
vt 0.5425 0.5669
vt 0.5615 0.564
vt 0.564 0.5889
vt 0.5684 0.5527
vt 0.5728 0.5898
vt 0.5723 0.6406
vt 0.5615 0.6948
vt 0.5469 0.5967
vt 0.5415 0.7134
vt 0.5562 0.7397
vt 0.5161 0.646
vt 0.5117 0.6943
vt 0.4875 0.6846
vt 0.4912 0.6343
vt 0.4717 0.6299
vt 0.4636 0.627
vt 0.4661 0.6772
vt 0.4612 0.6479
vt 0.4558 0.6768
vt 0.4487 0.6743
vt 0.4724 0.7212
vt 0.4526 0.7222
vt 0.4722 0.7412
vt 0.4905 0.731
vt 0.4841 0.7466
vt 0.5034 0.7378
vt 0.4934 0.7505
vt 0.4773 0.7173
vt 0.49 0.7109
vt 0.481 0.6948
vt 0.4851 0.6924
vt 0.498 0.7104
vt 0.4978 0.7285
vt 0.5088 0.7241
vt 0.5166 0.7412
vt 0.5229 0.7583
vt 0.519 0.7651
vt 0.5308 0.7744
vt 0.5229 0.7778
vt 0.5103 0.7661
vt 0.5034 0.7778
vt 0.4937 0.7661
vt 0.4702 0.7568
vt 0.1842 0.6133
vt 0.1918 0.7192
vt 0.213 0.7158
vt 0.1967 0.6279
vt 0.2197 0.707
vt 0.2081 0.6216
vt 0.1957 0.5981
vt 0.2052 0.5991
vt 0.2061 0.5845
vt 0.1847 0.583
vt 0.198 0.5835
vt 0.1931 0.5737
vt 0.203 0.5728
vt 0.2001 0.5625
vt 0.1753 0.5859
vt 0.1757 0.6006
vt 0.1749 0.5747
vt 0.1836 0.5737
vt 0.1816 0.564
vt 0.1709 0.5645
vt 0.1752 0.5083
vt 0.1903 0.564
vt 0.1963 0.5542
vt 0.1857 0.5522
vt 0.1981 0.502
vt 0.1853 0.4949
vt 0.173 0.4885
vt 0.1809 0.4639
vt 0.1954 0.4775
vt 0.194 0.4653
vt 0.2117 0.4773
vt 0.2126 0.5234
vt 0.2103 0.4636
vt 0.2117 0.4414
vt 0.2046 0.4158
vt 0.2249 0.4246
vt 0.2437 0.4275
vt 0.2279 0.4465
vt 0.2417 0.4146
vt 0.2495 0.4038
vt 0.2502 0.3816
vt 0.2307 0.3792
vt 0.2217 0.386
vt 0.2428 0.3582
vt 0.2576 0.373
vt 0.2559 0.3586
vt 0.2664 0.3618
vt 0.2937 0.377
vt 0.2581 0.3901
vt 0.283 0.3923
vt 0.2659 0.3865
vt 0.2729 0.4041
vt 0.2659 0.4014
vt 0.2661 0.4175
vt 0.2761 0.4111
vt 0.2693 0.4167
vt 0.2878 0.4053
vt 0.2874 0.427
vt 0.2654 0.4377
vt 0.2727 0.4517
vt 0.4907 0.9536
vt 0.4951 0.9595
vt 0.5039 0.9546
vt 0.5005 0.9497
vt 0.4949 0.9375
vt 0.5103 0.9487
vt 0.4783 0.9443
vt 0.4849 0.9624
vt 0.5078 0.9409
vt 0.5 0.9302
vt 0.5205 0.9521
vt 0.52 0.9575
vt 0.5293 0.9653
vt 0.5151 0.9409
vt 0.5088 0.9292
vt 0.4998 0.9209
vt 0.4878 0.9189
vt 0.4766 0.9238
vt 0.4863 0.9136
vt 0.5 0.9155
vt 0.4734 0.9194
vt 0.4695 0.9331
vt 0.468 0.9512
vt 0.4771 0.9619
vt 0.4714 0.9634
vt 0.4897 0.9839
vt 0.875 0.0732
vt 0.8833 0.0713
vt 0.8755 0.053
vt 0.8882 0.0641
vt 0.8794 0.0514
vt 0.8818 0.0786
vt 0.8774 0.0787
vt 0.8794 0.087
vt 0.8945 0.0774
vt 0.8887 0.0836
vt 0.8984 0.0726
vt 0.8887 0.0623
vt 0.8862 0.0901
vt 0.8779 0.0945
vt 0.8853 0.1066
vt 0.8765 0.1041
vt 0.894 0.0981
vt 0.8965 0.1083
vt 0.9058 0.1101
vt 0.9048 0.1095
vt 0.9004 0.0875
vt 0.9067 0.0908
vt 0.9121 0.0989
vt 0.9102 0.1104
vt 0.9185 0.0807
vt 0.9092 0.0788
vt 0.9097 0.0767
vt 0.9229 0.0736
vt 0.8994 0.0703
vt 0.9019 0.063
vt 0.9131 0.0675
vt 0.9175 0.0567
vt 0.8838 0.0395
vt 0.8804 0.0521
vt 0.8672 0.0291
vt 0.9253 0.0594
vt 0.9238 0.034
vt 0.9131 0.0468
vt 0.9312 0.0609
vt 0.9307 0.036
vt 0.9287 0.034
vt 0.9312 0.0159
vt 0.9346 0.0168
vt 0.9253 0.0143
vt 0.9224 0.0234
vt 0.9209 0.0346
vt 0.9175 0.0337
vt 0.9102 0.0414
vt 0.9087 0.0519
vt 0.9077 0.0443
vt 0.8965 0.0392
vt 0.9014 0.0479
vt 0.8901 0.0324
vt 0.8691 0.0234
vt 0.8799 0.0152
vt 0.8682 0.0021
vt 0.8564 0.0234
vt 0.8535 0.0146
vt 0.8447 0.0211
vt 0.8457 0.0025
vt 0.8428 0.0134
vt 0.8369 0.0201
vt 0.8315 0.0072
vt 0.8325 0.0026
vt 0.9087 0.4932
vt 0.8955 0.5186
vt 0.9087 0.5181
vt 0.8755 0.5093
vt 0.8711 0.5156
vt 0.8921 0.5205
vt 0.8882 0.4836
vt 0.9033 0.4612
vt 0.9204 0.4766
vt 0.8794 0.4731
vt 0.8613 0.5176
vt 0.8569 0.5283
vt 0.8916 0.5264
vt 0.8623 0.4968
vt 0.8745 0.5361
vt 0.8618 0.5449
vt 0.9043 0.5308
vt 0.8896 0.54
vt 0.9136 0.5337
vt 0.8491 0.5098
vt 0.8564 0.5156
vt 0.8467 0.5366
vt 0.8472 0.5488
vt 0.8369 0.5132
vt 0.8564 0.5591
vt 0.8447 0.5122
vt 0.8384 0.5063
vt 0.854 0.4822
vt 0.8706 0.4617
vt 0.8936 0.4534
vt 0.8906 0.4414
vt 0.9014 0.4375
vt 0.9106 0.4468
vt 0.8994 0.4272
vt 0.9292 0.4563
vt 0.9321 0.4565
vt 0.9346 0.4624
vt 0.9395 0.4563
vt 0.13 0.2085
vt 0.1407 0.2098
vt 0.1307 0.1987
vt 0.1498 0.1981
vt 0.1505 0.2085
vt 0.1582 0.2092
vt 0.155 0.1912
vt 0.1456 0.1799
vt 0.1521 0.1796
vt 0.9834 0.2808
vt 0.9849 0.2742
vt 0.9717 0.2717
vt 0.9854 0.2883
vt 0.9907 0.2891
vt 0.9956 0.3
vt 0.9697 0.2793
vt 0.9814 0.2905
vt 0.9912 0.3047
vt 0.9941 0.3044
vt 0.9946 0.321
vt 0.2478 0.2598
vt 0.2542 0.2664
vt 0.2598 0.261
vt 0.2542 0.2546
vt 0.2625 0.2576
vt 0.2688 0.2612
vt 0.2671 0.2659
vt 0.2729 0.2671
vt 0.2737 0.2639
vt 0.2578 0.2507
vt 0.2532 0.245
vt 0.2498 0.2476
vt 0.252 0.2399
vt 0.2484 0.2421
vt 0.2634 0.2322
vt 0.27 0.2435
vt 0.2595 0.2294
vt 0.0106 0.0445
vt 0.0082 0.0359
vt 0.002 0.045
vt 0.0122 0.0348
vt 0.0126 0.0229
vt 0.0178 0.0188
vt 0.0179 0.0359
vt 0.0162 0.0449
vt 0.015 0.0577
vt 0.01 0.058
vt 0.0123 0.066
vt 0.0198 0.0693
vt 0.01 0.0697
vt 0.0034 0.0589
vt 0.0257 0.0827
vt 0.0294 0.0817
vt 0.0288 0.09
vt 0.0347 0.0884
vt 0.0229 0.0842
vt 0.0466 0.0932
vt 0.0367 0.0855
vt 0.0225 0.0885
vt 0.0233 0.0961
vt 0.0402 0.0715
vt 0.0288 0.0953
vt 0.0306 0.1024
vt 0.0349 0.1007
vt 0.0362 0.108
vt 0.0493 0.1102
vt 0.047 0.1146
vt 0.0639 0.1204
vt 0.0699 0.113
vt 0.0517 0.1049
vt 0.0582 0.0988
vt 0.0751 0.1081
vt 0.0714 0.1013
vt 0.079 0.0997
vt 0.0599 0.0922
vt 0.073 0.0916
vt 0.0552 0.0709
vt 0.0693 0.0721
vt 0.0589 0.0686
vt 0.0777 0.0753
vt 0.0387 0.0665
vt 0.0684 0.0675
vt 0.0781 0.0708
vt 0.0635 0.0655
vt 0.0645 0.06
vt 0.0529 0.0619
vt 0.0438 0.0648
vt 0.0374 0.0604
vt 0.0311 0.06
vt 0.0287 0.051
vt 0.044 0.0592
vt 0.0396 0.0569
vt 0.0532 0.0587
vt 0.0409 0.0502
vt 0.0351 0.0459
vt 0.0457 0.0562
vt 0.0437 0.0433
vt 0.0346 0.0382
vt 0.0543 0.0489
vt 0.0563 0.0431
vt 0.0419 0.0363
vt 0.0392 0.0268
vt 0.0621 0.0475
vt 0.0439 0.0329
vt 0.0464 0.026
vt 0.045 0.0128
vt 0.0669 0.0437
vt 0.0677 0.0534
vt 0.0672 0.0614
vt 0.0694 0.0439
vt 0.0674 0.0399
vt 0.0708 0.0404
vt 0.0609 0.041
vt 0.0576 0.0385
vt 0.0624 0.0296
vt 0.064 0.0359
vt 0.0652 0.0386
vt 0.0696 0.0395
vt 0.0712 0.0378
vt 0.0699 0.0315
vt 0.067 0.0261
vt 0.061 0.0274
vt 0.0621 0.0249
vt 0.061 0.0218
vt 0.0712 0.0217
vt 0.0574 0.0199
vt 0.0623 0.0065
vt 0.0586 0.0021
vt 0.0648 0.0188
vt 0.0714 0.0061
vt 0.0725 0.0197
vt 0.9355 0.8076
vt 0.9395 0.8354
vt 0.9521 0.8457
vt 0.9785 0.8062
vt 0.9375 0.8013
vt 0.9751 0.8345
vt 0.9644 0.8442
vt 0.9795 0.8237
vt 0.9517 0.7954
vt 0.9351 0.7944
vt 0.9727 0.7788
vt 0.9365 0.7788
vt 0.9619 0.7803
vt 0.9629 0.7656
vt 0.9702 0.7661
vt 0.9604 0.7568
vt 0.9688 0.7549
vt 0.9609 0.7466
vt 0.9541 0.7505
vt 0.9458 0.752
vt 0.9458 0.77
vt 0.9341 0.7637
vt 0.9463 0.7607
vt 0.9404 0.751
vt 0.16 0.6343
vt 0.1714 0.6279
vt 0.1624 0.6216
vt 0.1517 0.6338
vt 0.1564 0.6392
vt 0.1505 0.6504
vt 0.1576 0.6445
vt 0.1562 0.6572
vt 0.1611 0.6494
vt 0.8643 0.7744
vt 0.8896 0.7476
vt 0.8774 0.7412
vt 0.8911 0.7642
vt 0.877 0.7856
vt 0.8984 0.7612
vt 0.9028 0.7446
vt 0.9062 0.7583
vt 0.916 0.7529
vt 0.9019 0.771
vt 0.8926 0.7788
vt 0.9072 0.7886
vt 0.9263 0.7866
vt 0.9141 0.7988
vt 0.9263 0.8159
vt 0.896 0.7954
vt 0.8828 0.8125
vt 0.9204 0.813
vt 0.9287 0.8418
vt 0.894 0.8188
vt 0.8877 0.8398
vt 0.9087 0.8267
vt 0.8721 0.8115
vt 0.9199 0.8398
vt 0.9229 0.855
vt 0.9395 0.8652
vt 0.9136 0.8457
vt 0.8638 0.8145
vt 0.8521 0.8115
vt 0.8691 0.8306
vt 0.8623 0.8374
vt 0.8774 0.8447
vt 0.9053 0.8623
vt 0.9155 0.8584
vt 0.8813 0.8589
vt 0.9004 0.8862
vt 0.8755 0.8813
vt 0.8726 0.8481
vt 0.8682 0.8555
vt 0.873 0.8594
vt 0.9233 0.873
vt 0.9155 0.8799
vt 0.8623 0.854
vt 0.8564 0.8516
vt 0.8657 0.8618
vt 0.855 0.8613
vt 0.8418 0.8623
vt 0.8491 0.8691
vt 0.855 0.8774
vt 0.8691 0.8735
vt 0.8643 0.8857
vt 0.8789 0.8911
vt 0.8872 0.8906
vt 0.8848 0.896
vt 0.894 0.8979
vt 0.9028 0.8926
vt 0.9106 0.8921
vt 0.9072 0.8804
vt 0.9155 0.8877
vt 0.9233 0.8853
vt 0.9336 0.8789
vt 0.9458 0.8726
vt 0.9502 0.8682
vt 0.9385 0.854
vt 0.2983 0.1205
vt 0.2888 0.1099
vt 0.2888 0.1196
vt 0.2988 0.1116
vt 0.3071 0.1093
vt 0.2888 0.0986
vt 0.3091 0.0975
vt 0.2991 0.099
vt 0.3005 0.0876
vt 0.2888 0.0803
vt 0.3113 0.0878
vt 0.3037 0.0722
vt 0.3125 0.0524
vt 0.3157 0.0757
vt 0.3213 0.0456
vt 0.3196 0.0392
vt 0.3308 0.0264
vt 0.3342 0.0416
vt 0.3225 0.0277
vt 0.3242 0.0193
vt 0.3186 0.0189
vt 0.3511 0.0204
vt 0.3418 0.0362
vt 0.3293 0.0537
vt 0.3301 0.0091
vt 0.3223 0.0098
vt 0.3418 0.0131
vt 0.3318 0.0033
vt 0.3098 0.0114
vt 0.3052 0.008
vt 0.3447 0.0058
vt 0.2891 0.0101
vt 0.3552 0.0102
vt 0.354 0.002
vt 0.3535 0.0194
vt 0.3096 0.015
vt 0.3103 0.02
vt 0.2986 0.0182
vt 0.29 0.0132
vt 0.2891 0.0181
vt 0.3564 0.0322
vt 0.3594 0.0219
vt 0.3704 0.032
vt 0.356 0.0116
vt 0.3406 0.0526
vt 0.3677 0.0062
vt 0.3562 0.0044
vt 0.3733 0.024
vt 0.3879 0.0074
vt 0.3877 0.0226
vt 0.3872 0.033
vt 0.387 0.0439
vt 0.3594 0.0459
vt 0.3494 0.0456
vt 0.3438 0.0585
vt 0.3313 0.0659
vt 0.3201 0.072
vt 0.3123 0.0913
vt 0.3899 0.0494
vt 0.3811 0.0514
vt 0.3896 0.0623
vt 0.3809 0.0627
vt 0.2374 0.3242
vt 0.2354 0.3499
vt 0.2456 0.3325
vt 0.2191 0.345
vt 0.1976 0.3687
vt 0.2255 0.3616
vt 0.222 0.3362
vt 0.2087 0.3508
vt 0.2428 0.314
vt 0.2446 0.2952
vt 0.2474 0.2971
vt 0.2512 0.2837
vt 0.2488 0.2786
vt 0.1932 0.3674
vt 0.1776 0.3818
vt 0.1781 0.3882
vt 0.163 0.3928
vt 0.1454 0.4038
vt 0.1553 0.4043
vt 0.1366 0.4194
vt 0.137 0.4219
vt 0.129 0.4282
vt 0.1273 0.4263
vt 0.1183 0.4297
vt 0.9106 0.6499
vt 0.9014 0.6592
vt 0.9238 0.6523
vt 0.9209 0.6411
vt 0.938 0.6411
vt 0.9351 0.6221
vt 0.9326 0.6523
vt 0.9492 0.6216
vt 0.8901 0.6514
vt 0.8999 0.6543
vt 0.8774 0.6606
vt 0.8677 0.666
vt 0.8955 0.6396
vt 0.8999 0.623
vt 0.9053 0.6011
vt 0.9424 0.6006
vt 0.9502 0.604
vt 0.9414 0.5884
vt 0.9097 0.5859
vt 0.9375 0.5806
vt 0.9224 0.5723
vt 0.9341 0.5664
vt 0.916 0.5596
vt 0.5088 0.8364
vt 0.5215 0.8545
vt 0.5229 0.8491
vt 0.5337 0.8613
vt 0.5352 0.856
vt 0.5552 0.8687
vt 0.5518 0.8794
vt 0.541 0.8794
vt 0.5483 0.894
vt 0.562 0.8765
vt 0.5688 0.8726
vt 0.54 0.8809
vt 0.5337 0.8696
vt 0.5762 0.8804
vt 0.5728 0.8706
vt 0.5869 0.8809
vt 0.5845 0.8721
vt 0.5864 0.8916
vt 0.5591 0.8804
vt 0.5693 0.8833
vt 0.5708 0.8887
vt 0.5625 0.8896
vt 0.5767 0.897
vt 0.585 0.9014
vt 0.583 0.9102
vt 0.5674 0.9058
vt 0.583 0.9121
vt 0.5508 0.9131
vt 0.5508 0.9053
vt 0.5483 0.915
vt 0.5483 0.9058
vt 0.5454 0.8955
vt 0.5381 0.9072
vt 0.5273 0.9155
vt 0.5356 0.8965
vt 0.5264 0.9077
vt 0.5088 0.9102
vt 0.5303 0.8804
vt 0.5244 0.8989
vt 0.5156 0.8818
vt 0.5229 0.8579
vt 0.5225 0.8906
vt 0.5063 0.8657
vt 0.5146 0.8945
vt 0.4905 0.8501
vt 0.5181 0.9004
vt 0.5044 0.9019
vt 0.5054 0.8989
vt 0.4961 0.8989
vt 0.4844 0.9009
vt 0.4844 0.9067
vt 0.5044 0.9058
vt 0.5068 0.8467
vt 0.5093 0.8394
vt 0.4966 0.8291
vt 0.5029 0.8184
vt 0.4834 0.8364
vt 0.4841 0.8428
vt 0.4839 0.8081
vt 0.4949 0.8174
vt 0.4932 0.8047
vt 0.5015 0.8081
vt 0.4839 0.7979
vt 0.4932 0.7974
vt 0.6138 0.7515
vt 0.5947 0.7593
vt 0.603 0.7666
vt 0.5894 0.7451
vt 0.6089 0.7334
vt 0.6304 0.7505
vt 0.5884 0.7617
vt 0.5786 0.7466
vt 0.6279 0.7441
vt 0.6245 0.7285
vt 0.626 0.7207
vt 0.6187 0.7119
vt 0.5908 0.728
vt 0.5806 0.7358
vt 0.5703 0.7266
vt 0.5781 0.7212
vt 0.5938 0.7109
vt 0.5718 0.709
vt 0.6108 0.7026
vt 0.5825 0.6992
vt 0.5918 0.6943
vt 0.5781 0.6763
vt 0.5908 0.6772
vt 0.0544 0.2017
vt 0.0468 0.2155
vt 0.0717 0.1907
vt 0.0696 0.1904
vt 0.0765 0.1819
vt 0.0527 0.1993
vt 0.0465 0.2103
vt 0.0553 0.192
vt 0.0464 0.203
vt 0.0406 0.2157
vt 0.0378 0.2228
vt 0.0706 0.1836
vt 0.0713 0.1774
vt 0.0654 0.1827
vt 0.0817 0.1768
vt 0.8311 0.9238
vt 0.8091 0.9604
vt 0.8228 0.9473
vt 0.7866 0.915
vt 0.814 0.9126
vt 0.8354 0.9111
vt 0.7803 0.9312
vt 0.7808 0.9443
vt 0.7881 0.957
vt 0.7998 0.9629
vt 0.7935 0.9043
vt 0.8174 0.9067
vt 0.812 0.897
vt 0.8018 0.894
vt 0.8076 0.8843
vt 0.8394 0.9014
vt 0.8149 0.8872
vt 0.812 0.8765
vt 0.834 0.8877
vt 0.8442 0.895
vt 0.8403 0.8809
vt 0.8208 0.8813
vt 0.8228 0.8706
vt 0.8174 0.8691
vt 0.8296 0.8765
vt 0.832 0.8706
vt 0.8408 0.8735
vt 0.9458 0.3645
vt 0.9492 0.345
vt 0.9414 0.3682
vt 0.9404 0.3794
vt 0.937 0.3755
vt 0.937 0.3669
vt 0.9341 0.3811
vt 0.9487 0.3745
vt 0.9497 0.3562
vt 0.9404 0.3892
vt 0.937 0.3896
vt 0.9419 0.4004
vt 0.936 0.3992
vt 0.9395 0.4094
vt 0.9424 0.4092
vt 0.9419 0.4182
vt 0.939 0.4158
vt 0.937 0.4321
vt 0.9351 0.4316
vt 0.9341 0.4417
vt 0.937 0.4478
vt 0.6411 0.9009
vt 0.6509 0.8784
vt 0.647 0.8755
vt 0.6528 0.8667
vt 0.6489 0.8652
vt 0.6538 0.8564
vt 0.6602 0.8701
vt 0.6714 0.8765
vt 0.6675 0.8945
vt 0.6602 0.8604
vt 0.6714 0.8643
vt 0.6738 0.8506
vt 0.6621 0.8447
vt 0.6562 0.8916
vt 0.644 0.9023
vt 0.6587 0.9067
vt 0.6738 0.9004
vt 0.6636 0.9136
vt 0.6553 0.9199
vt 0.6436 0.9194
vt 0.645 0.9312
vt 0.625 0.9434
vt 0.6313 0.9233
vt 0.6362 0.9116
vt 0.6284 0.9204
vt 0.6172 0.9302
vt 0.6196 0.937
vt 0.6113 0.9429
vt 0.8911 0.2546
vt 0.8989 0.2433
vt 0.8901 0.2405
vt 0.8872 0.2542
vt 0.8828 0.2401
vt 0.8901 0.2367
vt 0.8887 0.225
vt 0.894 0.2271
vt 0.9009 0.2173
vt 0.8936 0.2181
vt 0.9033 0.2217
vt 0.9062 0.2118
vt 0.9146 0.2167
vt 0.9126 0.2192
vt 0.917 0.2135
vt 0.917 0.2135
vt 0.9199 0.214
vt 0.915 0.2209
vt 0.2922 0.0247
vt 0.3027 0.033
vt 0.3035 0.0252
vt 0.3093 0.0315
vt 0.3015 0.0392
vt 0.2996 0.0468
vt 0.2935 0.0537
vt 0.2922 0.0508
vt 0.2847 0.0509
vt 0.2837 0.047
vt 0.5293 0.0052
vt 0.5088 0.0166
vt 0.519 0.0228
vt 0.5234 0.0021
vt 0.3713 0.3501
vt 0.3916 0.3298
vt 0.3655 0.3467
vt 0.3879 0.3362
vt 0.3787 0.3599
vt 0.394 0.332
vt 0.4041 0.3257
vt 0.4038 0.3389
vt 0.3955 0.3376
vt 0.3838 0.3665
vt 0.3994 0.3486
vt 0.4006 0.3523
vt 0.7085 0.3035
vt 0.7285 0.2971
vt 0.7222 0.2869
vt 0.7183 0.3098
vt 0.8779 0.9453
vt 0.9038 0.9502
vt 0.8789 0.9419
vt 0.9043 0.9453
vt 0.9194 0.9385
vt 0.8779 0.9385
vt 0.9175 0.9468
vt 0.9209 0.9414
vt 0.9175 0.9502
vt 0.9268 0.9429
vt 0.9229 0.9395
vt 0.9243 0.9468
vt 0.9365 0.9429
vt 0.9126 0.9268
vt 0.8818 0.9287
vt 0.9209 0.9331
vt 0.9453 0.9302
vt 0.9521 0.9233
vt 0.9277 0.9292
vt 0.9038 0.9185
vt 0.8823 0.9155
vt 0.8989 0.9121
vt 0.9199 0.9258
vt 0.9248 0.9287
vt 0.9043 0.9146
vt 0.9053 0.9102
vt 0.9141 0.9224
vt 0.9263 0.9238
vt 0.9399 0.9233
vt 0.939 0.9199
vt 0.9224 0.9199
vt 0.936 0.916
vt 0.96 0.9038
vt 0.9351 0.9146
vt 0.9487 0.9053
vt 0.9473 0.9033
vt 0.9326 0.9111
vt 0.9209 0.9185
vt 0.9204 0.9155
vt 0.9189 0.9126
vt 0.9131 0.9199
vt 0.9092 0.9092
vt 0.9087 0.9058
vt 0.915 0.9111
vt 0.9219 0.8984
vt 0.915 0.9077
vt 0.9233 0.9009
vt 0.9253 0.9028
vt 0.9375 0.8921
vt 0.938 0.8882
vt 0.9297 0.8921
vt 0.2488 0.1182
vt 0.2607 0.1094
vt 0.2595 0.1072
vt 0.251 0.1225
vt 0.2463 0.1214
vt 0.2466 0.1429
vt 0.2427 0.1384
vt 0.2427 0.1432
vt 0.9888 0.1597
vt 0.9888 0.1433
vt 0.9858 0.1487
vt 0.9858 0.1603
vt 0.9814 0.1597
vt 0.9834 0.1708
vt 0.9795 0.1702
vt 0.9795 0.1602
vt 0.981 0.1461
vt 0.979 0.146
vt 0.9863 0.1425
vt 0.9805 0.1398
vt 0.9849 0.1339
vt 0.9751 0.1339
vt 0.9766 0.1432
vt 0.9907 0.1312
vt 0.9702 0.1407
vt 0.9746 0.1503
vt 0.9683 0.1351
vt 0.9668 0.141
vt 0.9966 0.1277
vt 0.979 0.1055
vt 0.9961 0.1339
vt 0.9912 0.1368
vt 0.9932 0.1438
vt 0.998 0.1542
vt 0.9961 0.1032
vt 0.9941 0.1583
vt 0.9888 0.142
vt 0.9966 0.1704
vt 0.9922 0.1688
vt 0.9849 0.1009
vt 0.9961 0.0927
vt 0.9839 0.0922
vt 0.9951 0.0872
vt 0.9614 0.1038
vt 0.9624 0.1002
vt 0.9595 0.0972
vt 0.9731 0.1095
vt 0.9629 0.1132
vt 0.9575 0.1054
vt 0.9546 0.1033
vt 0.9624 0.1236
vt 0.9629 0.1437
vt 0.9668 0.147
vt 0.9668 0.1588
vt 0.9692 0.1459
vt 0.9702 0.1569
vt 0.9629 0.1584
vt 0.9644 0.1649
vt 0.8677 0.261
vt 0.8574 0.2625
vt 0.8594 0.2783
vt 0.8716 0.2671
vt 0.8711 0.2517
vt 0.876 0.2502
vt 0.2888 0.896
vt 0.3062 0.9077
vt 0.3105 0.8931
vt 0.3291 0.9028
vt 0.2976 0.9194
vt 0.3108 0.9297
vt 0.3208 0.9287
vt 0.311 0.9355
vt 0.3359 0.8838
vt 0.3201 0.8721
vt 0.3499 0.8491
vt 0.3325 0.8477
vt 0.3521 0.8706
vt 0.3347 0.833
vt 0.3589 0.8511
vt 0.3462 0.8364
vt 0.3594 0.8398
vt 0.9878 0.9331
vt 0.9961 0.9609
vt 0.9951 0.9424
vt 0.9839 0.9561
vt 0.9839 0.9658
vt 0.9844 0.979
vt 0.9785 0.9756
vt 0.9746 0.9868
vt 0.9585 0.9961
vt 0.9644 0.9775
vt 0.9487 0.9824
vt 0.9443 0.9727
vt 0.9595 0.9697
vt 0.9751 0.9419
vt 0.9658 0.9292
vt 0.9775 0.9292
vt 0.9678 0.9399
vt 0.959 0.9316
vt 0.9644 0.9424
vt 0.96 0.9502
vt 0.9463 0.958
vt 0.9487 0.9414
vt 0.9443 0.9727
vt 0.957 0.9595
vt 0.9487 0.291
vt 0.9609 0.2817
vt 0.9561 0.2629
vt 0.9531 0.3008
vt 0.958 0.3064
vt 0.9639 0.2896
vt 0.9551 0.3164
vt 0.9414 0.2893
vt 0.9453 0.2769
vt 0.9409 0.2996
vt 0.9492 0.3247
vt 0.9404 0.325
vt 0.9292 0.3008
vt 0.9282 0.2854
vt 0.9414 0.2761
vt 0.9468 0.259
vt 0.9302 0.2793
vt 0.9224 0.2751
vt 0.936 0.269
vt 0.9419 0.2622
vt 0.939 0.2303
vt 0.9199 0.2673
vt 0.915 0.2791
vt 0.9312 0.2448
vt 0.917 0.2529
vt 0.9082 0.2576
vt 0.7939 0.0852
vt 0.7925 0.1031
vt 0.7988 0.0964
vt 0.7871 0.0907
vt 0.7764 0.0776
vt 0.7769 0.0605
vt 0.7573 0.0369
vt 0.7842 0.1053
vt 0.7944 0.1141
vt 0.7817 0.1243
vt 0.7651 0.1144
vt 0.7705 0.1292
vt 0.7471 0.0386
vt 0.7358 0.0456
vt 0.7368 0.0175
vt 0.7217 0.019
vt 0.7251 0.0021
vt 0.7109 0.0075
vt 0.7046 0.0118
vt 0.7671 0.0883
vt 0.7817 0.0954
vt 0.7705 0.1019
vt 0.7124 0.025
vt 0.7085 0.0297
vt 0.6987 0.0236
vt 0.7285 0.057
vt 0.7222 0.0586
vt 0.7354 0.0761
vt 0.7505 0.0999
vt 0.7466 0.1044
vt 0.7524 0.1143
vt 0.7607 0.1201
vt 0.7578 0.1216
vt 0.7549 0.1294
vt 0.7686 0.1399
vt 0.7563 0.1644
vt 0.749 0.1215
vt 0.75 0.1139
vt 0.7314 0.1748
vt 0.7476 0.1805
vt 0.7266 0.1847
vt 0.7085 0.182
vt 0.7148 0.1897
vt 0.7197 0.2026
vt 0.7432 0.1881
vt 0.7349 0.1998
vt 0.7344 0.2108
vt 0.7051 0.1984
vt 0.6865 0.1899
vt 0.7173 0.2122
vt 0.7368 0.2144
vt 0.6997 0.2045
vt 0.6963 0.2075
vt 0.6841 0.1951
vt 0.6743 0.171
vt 0.6763 0.1849
vt 0.6616 0.1667
vt 0.6699 0.1573
vt 0.6826 0.1685
vt 0.6997 0.1688
vt 0.6831 0.1605
vt 0.6997 0.1543
vt 0.6875 0.139
vt 0.7104 0.1689
vt 0.708 0.1569
vt 0.7007 0.1414
vt 0.71 0.1396
vt 0.7188 0.1686
vt 0.729 0.153
vt 0.7256 0.1356
vt 0.7202 0.1273
vt 0.6758 0.1414
vt 0.6787 0.125
vt 0.6958 0.1318
vt 0.7109 0.1196
vt 0.7148 0.1246
vt 0.7358 0.1307
vt 0.6606 0.1404
vt 0.6587 0.1265
vt 0.6465 0.152
vt 0.6377 0.1592
vt 0.6367 0.1404
vt 0.6548 0.1763
vt 0.668 0.1829
vt 0.6538 0.1816
vt 0.6816 0.202
vt 0.6963 0.2191
vt 0.6968 0.2177
vt 0.6392 0.1659
vt 0.7197 0.2301
vt 0.7188 0.228
vt 0.7354 0.2286
vt 0.7402 0.2322
vt 0.7471 0.2289
vt 0.7549 0.23
vt 0.7563 0.2262
vt 0.624 0.1489
vt 0.6216 0.1417
vt 0.6084 0.1298
vt 0.6084 0.1245
vt 0.6021 0.1172
vt 0.6206 0.1278
vt 0.6138 0.1141
vt 0.603 0.1141
vt 0.6011 0.1014
vt 0.603 0.0995
vt 0.6113 0.0777
vt 0.6313 0.1141
vt 0.647 0.108
vt 0.6318 0.1031
vt 0.6641 0.1183
vt 0.6777 0.116
vt 0.6646 0.1076
vt 0.6909 0.0873
vt 0.6216 0.0777
vt 0.6216 0.0956
vt 0.6392 0.0982
vt 0.6533 0.0986
vt 0.6226 0.0716
vt 0.6118 0.0698
vt 0.6309 0.0783
vt 0.647 0.0826
vt 0.6338 0.0733
vt 0.6211 0.0687
vt 0.6724 0.0734
vt 0.6748 0.0842
vt 0.6846 0.073
vt 0.7095 0.08
vt 0.7012 0.0704
vt 0.7124 0.0668
vt 0.7222 0.0994
vt 0.7212 0.0757
vt 0.7236 0.0645
vt 0.7368 0.0946
vt 0.7441 0.1089
vt 0.7354 0.1208
vt 0.7515 0.1282
vt 0.7451 0.1412
vt 0.3298 0.7085
vt 0.3196 0.7021
vt 0.3196 0.7163
vt 0.3359 0.6875
vt 0.3225 0.6689
vt 0.3523 0.6279
vt 0.3293 0.6084
vt 0.3394 0.709
vt 0.3352 0.7231
vt 0.3489 0.5825
vt 0.332 0.5806
vt 0.3276 0.5615
vt 0.3594 0.73
vt 0.3782 0.7197
vt 0.3757 0.7266
vt 0.3748 0.7417
vt 0.3391 0.7319
vt 0.3271 0.752
vt 0.3333 0.7461
vt 0.3567 0.7412
vt 0.3516 0.7539
vt 0.3379 0.7451
vt 0.3264 0.7598
vt 0.3403 0.7603
vt 0.3284 0.7627
vt 0.324 0.7744
vt 0.3743 0.6816
vt 0.3804 0.7104
vt 0.3982 0.7046
vt 0.3699 0.6216
vt 0.3665 0.585
vt 0.3464 0.5581
vt 0.3459 0.5439
vt 0.3308 0.5439
vt 0.3386 0.5156
vt 0.3269 0.5161
vt 0.3276 0.4138
vt 0.3384 0.4165
vt 0.3628 0.5396
vt 0.3616 0.5161
vt 0.3638 0.5552
vt 0.3533 0.4194
vt 0.3567 0.417
vt 0.3728 0.4158
vt 0.3723 0.4478
vt 0.3835 0.5293
vt 0.3784 0.5156
vt 0.3906 0.5845
vt 0.3884 0.5591
vt 0.3945 0.5151
vt 0.3889 0.4653
vt 0.3879 0.6084
vt 0.4077 0.5884
vt 0.3838 0.4133
vt 0.3728 0.4158
vt 0.3987 0.4104
vt 0.4038 0.4536
vt 0.4092 0.5083
vt 0.4146 0.5649
vt 0.4177 0.5898
vt 0.4243 0.6172
vt 0.408 0.6118
vt 0.4124 0.6357
vt 0.4343 0.6597
vt 0.3914 0.6377
vt 0.3928 0.6724
vt 0.4182 0.6685
vt 0.4458 0.728
vt 0.4229 0.7266
vt 0.405 0.689
vt 0.4053 0.7383
vt 0.4377 0.7383
vt 0.4438 0.7656
vt 0.4304 0.7456
vt 0.4197 0.7456
vt 0.4321 0.7583
vt 0.4211 0.7588
vt 0.4038 0.75
vt 0.429 0.7666
vt 0.4194 0.7661
vt 0.4277 0.7715
vt 0.4348 0.7764
vt 0.4326 0.7812
vt 0.2754 0.9722
vt 0.2859 0.9385
vt 0.2749 0.9609
vt 0.2793 0.9419
vt 0.2769 0.9224
vt 0.2856 0.9258
vt 0.2834 0.916
vt 0.2698 0.9165
vt 0.2773 0.9038
vt 0.2634 0.9409
vt 0.2712 0.9482
vt 0.2605 0.9561
vt 0.249 0.9434
vt 0.2468 0.9517
vt 0.2433 0.9448
vt 0.2404 0.9316
vt 0.2524 0.918
vt 0.2686 0.8979
vt 0.2698 0.8926
vt 0.2561 0.897
vt 0.2556 0.8911
vt 0.2456 0.9023
vt 0.2471 0.9136
vt 0.2391 0.9131
vt 0.2362 0.9346
vt 0.2349 0.9536
vt 0.2385 0.9502
vt 0.2332 0.9663
vt 0.2324 0.9761
vt 0.9448 0.7368
vt 0.959 0.7412
vt 0.9561 0.7085
vt 0.9468 0.7061
vt 0.9565 0.666
vt 0.9453 0.6543
vt 0.936 0.6592
vt 0.936 0.7275
vt 0.9346 0.7339
vt 0.9268 0.7275
vt 0.9214 0.7231
vt 0.936 0.6724
vt 0.9229 0.6709
vt 0.939 0.6997
vt 0.9136 0.6875
vt 0.9121 0.6846
vt 0.9097 0.7178
vt 0.8931 0.6982
vt 0.9038 0.6904
vt 0.426 0.282
vt 0.4316 0.27
vt 0.4265 0.2678
vt 0.4248 0.2971
vt 0.4258 0.3108
vt 0.4219 0.3096
vt 0.0735 0.8184
vt 0.0909 0.812
vt 0.0554 0.8218
vt 0.0593 0.8247
vt 0.0289 0.8105
vt 0.0304 0.8228
vt 0.0358 0.8232
vt 0.0301 0.8257
vt 0.0591 0.8525
vt 0.0796 0.8491
vt 0.0849 0.8184
vt 0.1035 0.8389
vt 0.0963 0.8179
vt 0.0951 0.8115
vt 0.1055 0.8291
vt 0.1226 0.8232
vt 0.1141 0.8252
vt 0.1203 0.8159
vt 0.1309 0.8159
vt 0.129 0.8135
vt 0.1373 0.8086
vt 0.142 0.8091
vt 0.5396 0.2109
vt 0.5449 0.2189
vt 0.561 0.219
vt 0.5537 0.25
vt 0.562 0.25
vt 0.5737 0.2201
vt 0.4526 0.3186
vt 0.4648 0.3083
vt 0.4656 0.2971
vt 0.4565 0.3254
vt 0.9224 0.1141
vt 0.9307 0.086
vt 0.9243 0.1007
vt 0.918 0.1179
vt 0.9146 0.1249
vt 0.9146 0.1204
vt 0.9116 0.1235
vt 0.9102 0.1296
vt 0.9131 0.1309
vt 0.6528 0.2825
vt 0.6494 0.261
vt 0.6421 0.2732
vt 0.6543 0.2886
vt 0.6577 0.2861
vt 0.3752 0.9268
vt 0.3765 0.9331
vt 0.3862 0.9297
vt 0.3772 0.9194
vt 0.3877 0.9229
vt 0.3962 0.9292
vt 0.3994 0.9253
vt 0.4075 0.9316
vt 0.3721 0.915
vt 0.3677 0.9204
vt 0.3669 0.9282
vt 0.3831 0.9106
vt 0.3811 0.9062
vt 0.3889 0.9053
vt 0.3923 0.9155
vt 0.4128 0.9185
vt 0.4175 0.9258
vt 0.4036 0.9106
vt 0.4321 0.918
vt 0.4414 0.9253
vt 0.4148 0.9136
vt 0.4551 0.9141
vt 0.4617 0.9175
vt 0.4714 0.9077
vt 0.4446 0.9111
vt 0.4695 0.8989
vt 0.4312 0.9141
vt 0.4192 0.9082
vt 0.4294 0.9087
vt 0.4009 0.9004
vt 0.4448 0.9023
vt 0.4192 0.9014
vt 0.4331 0.9023
vt 0.3943 0.8945
vt 0.4023 0.896
vt 0.4224 0.8867
vt 0.4316 0.895
vt 0.4048 0.8877
vt 0.3987 0.8809
vt 0.4119 0.8657
vt 0.3899 0.8872
vt 0.4265 0.8745
vt 0.4338 0.8818
vt 0.4377 0.8623
vt 0.4468 0.8916
vt 0.3816 0.8965
vt 0.3762 0.877
vt 0.3972 0.8716
vt 0.3755 0.8989
vt 0.3745 0.9077
vt 0.3672 0.8975
vt 0.3647 0.8799
vt 0.3667 0.875
vt 0.376 0.8716
vt 0.3879 0.8647
vt 0.3765 0.8691
vt 0.4077 0.8647
vt 0.3801 0.8643
vt 0.374 0.8662
vt 0.3906 0.8589
vt 0.3894 0.8472
vt 0.3804 0.8511
vt 0.3716 0.853
vt 0.3748 0.8618
vt 0.3733 0.8662
vt 0.3699 0.8457
vt 0.3772 0.8413
vt 0.3728 0.8394
vt 0.3835 0.8257
vt 0.4006 0.8193
vt 0.4028 0.8511
vt 0.4153 0.8506
vt 0.3818 0.8184
vt 0.4167 0.8379
vt 0.4126 0.8628
vt 0.3767 0.8286
vt 0.4124 0.8267
vt 0.4197 0.8389
vt 0.4165 0.8599
vt 0.4192 0.8667
vt 0.4204 0.8647
vt 0.4255 0.8687
vt 0.418 0.8594
vt 0.4219 0.8628
vt 0.425 0.8657
vt 0.4229 0.8545
vt 0.4243 0.8638
vt 0.4211 0.8506
vt 0.4219 0.8467
vt 0.417 0.8413
vt 0.4233 0.8457
vt 0.4268 0.8486
vt 0.4268 0.8555
vt 0.4314 0.8525
vt 0.4253 0.4517
vt 0.4353 0.4548
vt 0.4241 0.4341
vt 0.4167 0.4363
vt 0.4177 0.4302
vt 0.4084 0.4202
vt 0.4141 0.4194
vt 0.4065 0.4092
vt 0.4121 0.4094
vt 0.8511 0.4319
vt 0.8545 0.4517
vt 0.8584 0.4326
vt 0.8472 0.4619
vt 0.854 0.4622
vt 0.9307 0.1296
vt 0.9292 0.1271
vt 0.9185 0.1423
vt 0.9248 0.1493
vt 0.9351 0.1346
vt 0.8086 0.0271
vt 0.8003 0.0291
vt 0.8022 0.0489
vt 0.8042 0.0166
vt 0.7959 0.0191
vt 0.8135 0.0149
vt 0.8105 0.0073
vt 0.8008 0.0086
vt 0.8193 0.0128
vt 0.8213 0.0278
vt 0.8223 0.0475
vt 0.8252 0.0262
vt 0.8281 0.0269
vt 0.834 0.0369
vt 0.8325 0.0386
vt 0.811 0.0519
vt 0.8228 0.0602
vt 0.8179 0.0632
vt 0.8306 0.0529
vt 0.833 0.0456
vt 0.8325 0.0609
vt 0.8276 0.0682
vt 0.8169 0.0739
vt 0.8252 0.0776
vt 0.0472 0.8564
vt 0.0535 0.8652
vt 0.0592 0.8643
vt 0.0365 0.8564
vt 0.0542 0.8735
vt 0.0637 0.874
vt 0.0633 0.8833
vt 0.0562 0.8936
vt 0.0351 0.8921
vt 0.0276 0.8516
vt 0.0304 0.8491
vt 0.0197 0.8481
vt 0.0356 0.8677
vt 0.028 0.8608
vt 0.0167 0.8687
vt 0.0238 0.8584
vt 0.0083 0.8809
vt 0.0135 0.8555
vt 0.0095 0.8662
vt 0.0183 0.8511
vt 0.0227 0.8882
vt 0.0119 0.8911
vt 0.0208 0.8965
vt 0.0092 0.9126
vt 0.0226 0.9141
vt 0.0296 0.9014
vt 0.016 0.9224
vt 0.002 0.9209
vt 0.0084 0.9316
vt 0.0292 0.9175
vt 0.039 0.9014
vt 0.0266 0.9297
vt 0.0478 0.9058
vt 0.0185 0.938
vt 0.0036 0.9365
vt 0.0143 0.9468
vt 0.0363 0.9365
vt 0.0404 0.9243
vt 0.0355 0.9497
vt 0.0271 0.9541
vt 0.041 0.9531
vt 0.0454 0.9438
vt 0.0543 0.9253
vt 0.0662 0.9028
vt 0.0677 0.8867
vt 0.2329 0.0542
vt 0.2198 0.0336
vt 0.2251 0.0475
vt 0.2074 0.0319
vt 0.2017 0.018
vt 0.5752 0.5112
vt 0.5688 0.4863
vt 0.5693 0.5098
vt 0.5684 0.521
vt 0.5669 0.5142
vt 0.5586 0.4954
vt 0.5552 0.4751
vt 0.564 0.5244
vt 0.5625 0.5298
vt 0.0073 0.3535
vt 0.0028 0.3455
vt 0.002 0.3542
vt 0.0067 0.3457
vt 0.0052 0.3362
vt 0.0128 0.3452
vt 0.0154 0.353
vt 0.0224 0.353
vt 0.0126 0.334
vt 0.0124 0.325
vt 0.0059 0.325
vt 0.0026 0.325
vt 0.9507 0.0091
vt 0.9639 0.0308
vt 0.9634 0.0226
vt 0.9624 0.0154
vt 0.9814 0.0446
vt 0.9736 0.0427
vt 0.9751 0.0663
vt 0.9492 0.0021
vt 0.9473 0.003
vt 0.9443 0.0021
vt 0.9678 0.0168
vt 0.9834 0.0353
vt 0.9849 0.041
vt 0.979 0.064
vt 0.9771 0.0742
vt 0.9858 0.0631
vt 0.9844 0.0727
vt 0.9819 0.0777
vt 0.9688 0.0754
vt 0.9668 0.0874
vt 0.9619 0.0869
vt 0.9609 0.0827
vt 0.9639 0.0902
vt 0.9585 0.0859
vt 0.9604 0.092
vt 0.3965 0.1744
vt 0.3931 0.1818
vt 0.4019 0.1854
vt 0.3865 0.165
vt 0.3887 0.1736
vt 0.386 0.1681
vt 0.3884 0.181
vt 0.8306 0.4688
vt 0.8345 0.4707
vt 0.8394 0.446
vt 0.8296 0.4875
vt 0.8262 0.4673
vt 0.8311 0.4448
vt 0.8223 0.4712
vt 0.8257 0.4883
vt 0.8188 0.457
vt 0.8164 0.4482
vt 0.8223 0.446
vt 0.8203 0.4338
vt 0.8301 0.4253
vt 0.8384 0.4324
vt 0.8374 0.4255
vt 0.0045 0.0076
vt 0.0087 0.0046
vt 0.004 0.0032
vt 0.0077 0.012
vt 0.002 0.0153
vt 0.0114 0.0055
vt 0.0098 0.002
vt 0.9697 0.2666
vt 0.9702 0.2456
vt 0.9648 0.2588
vt 0.9712 0.2595
vt 0.9722 0.2467
vt 0.978 0.2312
vt 0.9819 0.2135
vt 0.9893 0.217
vt 0.9688 0.2356
vt 0.9663 0.2421
vt 0.9766 0.2185
vt 0.9785 0.2061
vt 0.9839 0.199
vt 0.9897 0.2024
vt 0.9844 0.1865
vt 0.9741 0.1769
vt 0.9688 0.1799
vt 0.979 0.1759
vt 0.7529 0.2135
vt 0.749 0.212
vt 0.7446 0.2212
vt 0.7563 0.2015
vt 0.7588 0.2122
vt 0.7534 0.2017
vt 0.752 0.1936
vt 0.2301 0.0177
vt 0.2316 0.0145
vt 0.2222 0.0104
vt 0.2374 0.0252
vt 0.2399 0.0246
vt 0.2391 0.0331
vt 0.2374 0.0327
vt 0.6113 0.0589
vt 0.6206 0.0541
vt 0.6152 0.0531
vt 0.6211 0.058
vt 0.6138 0.0629
vt 0.6187 0.0635
vt 0.5273 0.1785
vt 0.5298 0.179
vt 0.5293 0.1693
vt 0.5244 0.1927
vt 0.5278 0.1954
vt 0.5327 0.1787
vt 0.5356 0.1984
vt 0.5298 0.2096
vt 0.5332 0.2124
vt 0.5312 0.2189
vt 0.5264 0.2207
vt 0.5327 0.2284
vt 0.5317 0.2397
vt 0.5356 0.2404
vt 0.5444 0.2568
vt 0.543 0.2588
vt 0.5542 0.2656
vt 0.5537 0.2715
vt 0.5601 0.2739
vt 0.5806 0.293
vt 0.8027 0.2377
vt 0.793 0.2368
vt 0.8008 0.345
vt 0.7905 0.3435
vt 0.7783 0.3677
vt 0.7734 0.2369
vt 0.7949 0.3818
vt 0.8027 0.377
vt 0.7983 0.397
vt 0.8057 0.3977
vt 0.7949 0.4121
vt 0.8042 0.4146
vt 0.7754 0.4126
vt 0.7983 0.4304
vt 0.7612 0.2698
vt 0.7539 0.2371
vt 0.8037 0.4341
vt 0.8081 0.4014
vt 0.7559 0.3499
vt 0.7451 0.3445
vt 0.7529 0.3855
vt 0.7451 0.2419
vt 0.7461 0.2375
vt 0.7324 0.3528
vt 0.7271 0.406
vt 0.731 0.4194
vt 0.7476 0.4307
vt 0.7061 0.5327
vt 0.7695 0.48
vt 0.7407 0.4851
vt 0.7339 0.5386
vt 0.7036 0.5547
vt 0.7588 0.5347
vt 0.793 0.4851
vt 0.7827 0.5317
vt 0.8027 0.4929
vt 0.8105 0.4888
vt 0.7959 0.5352
vt 0.8081 0.5156
vt 0.8052 0.5342
vt 0.8096 0.5508
vt 0.9263 0.1947
vt 0.9282 0.1854
vt 0.9136 0.194
vt 0.9136 0.1876
vt 0.9165 0.1761
vt 0.9224 0.1658
vt 0.9331 0.1663
vt 0.9336 0.1865
vt 0.9292 0.1545
vt 0.334 0.0798
vt 0.3247 0.0965
vt 0.3359 0.0806
vt 0.3311 0.094
vt 0.3445 0.0826
vt 0.3457 0.0756
vt 0.3503 0.0715
vt 0.3447 0.0732
vt 0.3501 0.0673
vt 0.0159 0.5503
vt 0.0125 0.5654
vt 0.0172 0.5654
vt 0.0096 0.5425
vt 0.0089 0.5654
vt 0.0159 0.5239
vt 0.0238 0.5254
vt 0.0071 0.5244
vt 0.0249 0.5132
vt 0.0072 0.5044
vt 0.0151 0.5044
vt 0.1842 0.4128
vt 0.1709 0.4116
vt 0.183 0.425
vt 0.174 0.4045
vt 0.1832 0.4041
vt 0.1881 0.4094
vt 0.1779 0.3999
vt 0.1984 0.406
vt 0.1879 0.3955
vt 0.1863 0.028
vt 0.1946 0.023
vt 0.1874 0.0235
vt 0.1881 0.0315
vt 0.1953 0.0292
vt 0.1935 0.0323
vt 0.458 0.7861
vt 0.4607 0.7686
vt 0.4456 0.7793
vt 0.4668 0.7852
vt 0.4646 0.8062
vt 0.4553 0.8013
vt 0.4556 0.8145
vt 0.4431 0.8076
vt 0.4702 0.8135
vt 0.4651 0.8179
vt 0.4641 0.8345
vt 0.4512 0.834
vt 0.4583 0.8408
vt 0.4768 0.7983
vt 0.4673 0.7725
vt 0.4717 0.8276
vt 0.4761 0.8096
vt 0.4773 0.8276
vt 0.4561 0.8491
vt 0.447 0.8555
vt 0.4695 0.854
vt 0.4709 0.8608
vt 0.4653 0.8413
vt 0.4585 0.8613
vt 0.4446 0.8677
vt 0.4463 0.8784
vt 0.4575 0.8765
vt 0.478 0.8921
vt 0.4587 0.8936
vt 0.4446 0.8994
vt 0.0081 0.582
vt 0.002 0.5874
vt 0.0062 0.5947
vt 0.0113 0.5894
vt 0.012 0.6006
vt 0.0052 0.5977
vt 0.0139 0.5825
vt 0.0155 0.5947
vt 0.014 0.5752
vt 0.0072 0.5752
vt 0.0096 0.5708
vt 0.0236 0.5703
vt 0.0192 0.583
vt 0.017 0.5913
vt 0.0195 0.5981
vt 0.0176 0.6055
vt 0.0115 0.6025
vt 0.0285 0.5991
vt 0.0239 0.6055
vt 0.8032 0.2145
vt 0.7969 0.2156
vt 0.8013 0.2227
vt 0.7983 0.2288
vt 0.8037 0.2269
vt 0.7959 0.2286
vt 0.8032 0.228
vt 0.7993 0.2316
vt 0.8018 0.2295
vt 0.5059 0.0349
vt 0.4954 0.0331
vt 0.5024 0.0426
vt 0.4863 0.0243
vt 0.49 0.021
vt 0.4922 0.0185
vt 0.5063 0.0292
vt 0.4771 0.0068
vt 0.4734 0.0122
vt 0.4709 0.0021
vt 0.4727 0.0153
vt 0.468 0.0073
vt 0.978 0.5698
vt 0.9937 0.5918
vt 0.9888 0.5659
vt 0.978 0.5811
vt 0.9648 0.5708
vt 0.98 0.5957
vt 0.9858 0.5947
vt 0.9927 0.5957
vt 0.9839 0.5986
vt 0.7598 0.1788
vt 0.7642 0.174
vt 0.7598 0.1726
vt 0.7627 0.1902
vt 0.772 0.1938
vt 0.769 0.2004
vt 0.7754 0.2115
vt 0.7886 0.2169
vt 0.7905 0.2241
vt 0.7866 0.1919
vt 0.7764 0.1752
vt 0.7881 0.1825
vt 0.792 0.1726
vt 0.7905 0.1573
vt 0.7969 0.1648
vt 0.7876 0.1532
vt 0.8008 0.1434
vt 0.7842 0.134
vt 0.813 0.1455
vt 0.811 0.1417
vt 0.793 0.1344
vt 0.262 0.092
vt 0.2581 0.0971
vt 0.2654 0.0958
vt 0.2593 0.0995
vt 0.0297 0.9619
vt 0.0219 0.9722
vt 0.0451 0.9751
vt 0.0523 0.9639
vt 0.0776 0.9697
vt 0.0709 0.9541
vt 0.0806 0.9644
vt 0.073 0.9844
vt 0.0851 0.981
vt 0.0856 0.9844
vt 0.0774 0.9868
vt 0.0656 0.9829
vt 0.062 0.9878
vt 0.0425 0.9751
vt 0.0289 0.9854
vt 0.0196 0.9722
vt 0.0111 0.9897
vt 0.0075 0.9727
vt 0.4373 0.1532
vt 0.4441 0.1632
vt 0.4497 0.1566
vt 0.4509 0.1627
vt 0.448 0.174
vt 0.4543 0.1743
vt 0.4524 0.184
vt 0.4558 0.1857
vt 0.7144 0.4331
vt 0.7144 0.4199
vt 0.71 0.4297
vt 0.7007 0.4397
vt 0.7134 0.4395
vt 0.7031 0.4448
vt 0.7129 0.4468
vt 0.6987 0.4482
vt 0.7017 0.4509
vt 0.709 0.4553
vt 0.6982 0.4561
vt 0.7051 0.4595
vt 0.7051 0.4622
vt 0.709 0.4595
vt 0.71 0.4624
vt 0.9312 0.4797
vt 0.9185 0.5054
vt 0.9351 0.5049
vt 0.9282 0.5239
vt 0.936 0.5234
vt 0.6875 0.0446
vt 0.6914 0.0474
vt 0.6885 0.0304
vt 0.6812 0.025
vt 0.6836 0.0246
vt 0.6694 0.0082
vt 0.6719 0.0082
vt 0.6626 0.0021
vt 0.9902 0.0318
vt 0.9937 0.0399
vt 0.9951 0.0332
vt 0.9976 0.0438
vt 0.9932 0.0475
vt 0.6938 0.4902
vt 0.6978 0.5107
vt 0.7007 0.5039
vt 0.6978 0.4902
vt 0.6987 0.4873
vt 0.6934 0.4666
vt 0.6978 0.4658
vt 0.4504 0.0858
vt 0.4834 0.0924
vt 0.4761 0.0768
vt 0.4636 0.0593
vt 0.4453 0.0719
vt 0.4387 0.0597
vt 0.4514 0.0477
vt 0.4312 0.0332
vt 0.4233 0.0419
vt 0.4182 0.0254
vt 0.4072 0.02
vt 0.405 0.0272
vt 0.3962 0.014
vt 0.3977 0.0057
vt 0.4185 0.0061
vt 0.4238 0.0198
vt 0.4299 0.0314
vt 0.4399 0.0115
vt 0.4187 0.0021
vt 0.439 0.0042
vt 0.4355 0.0233
vt 0.4482 0.0448
vt 0.562 0.1169
vt 0.5605 0.1041
vt 0.5581 0.1044
vt 0.561 0.0974
vt 0.5566 0.0981
vt 0.5581 0.0861
vt 0.5542 0.1049
vt 0.5562 0.1183
vt 0.5601 0.1173
vt 0.5659 0.1423
vt 0.5596 0.1433
vt 0.561 0.1537
vt 0.5498 0.1582
vt 0.5552 0.1611
vt 0.049 0.1237
vt 0.0379 0.1235
vt 0.0508 0.1276
vt 0.032 0.1257
vt 0.0579 0.1312
vt 0.0628 0.1346
vt 0.069 0.1425
vt 0.0641 0.1453
vt 0.542 0.2783
vt 0.5347 0.283
vt 0.5415 0.2876
vt 0.5488 0.2847
vt 0.5425 0.2913
vt 0.5396 0.2952
vt 0.5371 0.2942
vt 0.5376 0.3003
vt 0.5454 0.3074
vt 0.5474 0.3035
vt 0.5527 0.2991
vt 0.5576 0.2974
vt 0.5483 0.2881
vt 0.5596 0.29
vt 0.5635 0.2915
vt 0.562 0.2949
vt 0.564 0.2969
vt 0.5605 0.3047
vt 0.5586 0.3049
vt 0.5552 0.3086
vt 0.1677 0.0071
vt 0.173 0.0065
vt 0.1676 0.002
vt 0.1703 0.0109
vt 0.1659 0.0136
vt 0.8418 0.0565
vt 0.8428 0.069
vt 0.8472 0.0722
vt 0.8457 0.0624
vt 0.4788 0.047
vt 0.4871 0.0552
vt 0.4978 0.0566
vt 0.4761 0.0484
vt 0.4624 0.0301
vt 0.4648 0.0304
vt 0.4556 0.0158
vt 0.4558 0.012
vt 0.4526 0.002
vt 0.7666 0.0207
vt 0.769 0.0186
vt 0.7563 0.0021
vt 0.7827 0.036
vt 0.7656 0.0246
vt 0.7549 0.0031
vt 0.7832 0.0445
vt 0.7939 0.052
vt 0.7939 0.0593
vt 0.8057 0.0763
vt 0.8018 0.0732
vt 0.811 0.0913
vt 0.8086 0.0903
vt 0.0047 0.3721
vt 0.0082 0.376
vt 0.0096 0.374
vt 0.0035 0.3748
vt 0.002 0.3784
vt 0.0096 0.3884
vt 0.0124 0.3828
vt 0.0208 0.3936
vt 0.0149 0.3967
vt 0.0147 0.4031
vt 0.0133 0.3953
vt 0.0228 0.3989
vt 0.0269 0.3943
vt 0.0173 0.3867
vt 0.0171 0.3779
vt 0.013 0.3784
vt 0.013 0.3748
vt 0.0165 0.3733
vt 0.0293 0.3682
vt 0.0145 0.3643
vt 0.0294 0.3611
vt 0.036 0.3582
vt 0.0128 0.3721
vt 0.0124 0.3745
vt 0.0106 0.3655
vt 0.0116 0.3599
vt 0.7988 0.1265
vt 0.7964 0.1235
vt 0.7959 0.1256
vt 0.7988 0.1221
vt 0.8008 0.1288
vt 0.5938 0.9595
vt 0.5928 0.9614
vt 0.605 0.9717
vt 0.5874 0.9531
vt 0.5884 0.9292
vt 0.5859 0.9297
vt 0.5938 0.9111
vt 0.6016 0.9048
vt 0.6089 0.8833
vt 0.6172 0.8833
vt 0.6172 0.8721
vt 0.6255 0.8726
vt 0.2825 0.0264
vt 0.2827 0.0225
vt 0.2786 0.0249
vt 0.2788 0.0211
vt 0.9653 0.4312
vt 0.9731 0.4312
vt 0.9673 0.4177
vt 0.9746 0.426
vt 0.9858 0.4307
vt 0.9824 0.437
vt 0.9883 0.425
vt 0.9927 0.4221
vt 0.9902 0.4329
vt 0.9702 0.4385
vt 0.9927 0.4468
vt 0.9683 0.4463
vt 0.9868 0.4451
vt 0.9766 0.4438
vt 0.98 0.4463
vt 0.9868 0.4509
vt 0.9712 0.4531
vt 0.9648 0.4556
vt 0.9731 0.457
vt 0.9697 0.4648
vt 0.9893 0.458
vt 0.9966 0.4524
vt 0.5674 0.1816
vt 0.5654 0.1666
vt 0.5601 0.1835
vt 0.5747 0.1759
vt 0.3564 0.335
vt 0.3511 0.3337
vt 0.3499 0.3428
vt 0.3457 0.3513
vt 0.3418 0.3484
vt 0.3398 0.3535
vt 0.387 0.1052
vt 0.3904 0.1078
vt 0.3928 0.1017
vt 0.386 0.1091
vt 0.9951 0.1833
vt 0.9961 0.1805
vt 0.9927 0.1815
vt 0.9956 0.1781
vt 0.9922 0.177
vt 0.9932 0.1755
vt 0.9902 0.1821
vt 0.8652 0.6294
vt 0.8716 0.6235
vt 0.8726 0.6001
vt 0.8521 0.5947
vt 0.854 0.6348
vt 0.5576 0.0771
vt 0.5552 0.0743
vt 0.5562 0.0792
vt 0.5596 0.0744
vt 0.5571 0.0724
vt 0.6211 0.0072
vt 0.6201 0.0027
vt 0.6167 0.0074
vt 0.6172 0.0021
vt 0.3821 0.1594
vt 0.3679 0.1309
vt 0.3586 0.146
vt 0.3689 0.1661
vt 0.3577 0.162
vt 0.3501 0.1521
vt 0.3625 0.1732
vt 0.1831 0.1541
vt 0.1746 0.1578
vt 0.1832 0.1586
vt 0.1725 0.1754
vt 0.1624 0.1769
vt 0.6938 0.9434
vt 0.6855 0.9414
vt 0.687 0.9512
vt 0.6914 0.9351
vt 0.6904 0.9219
vt 0.6831 0.9233
vt 0.6904 0.9199
vt 0.6846 0.9146
vt 0.6973 0.9146
vt 0.6851 0.8989
vt 0.7393 0.9116
vt 0.6885 0.8955
vt 0.7324 0.9067
vt 0.6958 0.8823
vt 0.6851 0.8877
vt 0.6851 0.8989
vt 0.687 0.8755
vt 0.7554 0.9019
vt 0.769 0.8945
vt 0.7456 0.8901
vt 0.7593 0.8853
vt 0.7754 0.8857
vt 0.7803 0.8701
vt 0.7964 0.8735
vt 0.7959 0.8608
vt 0.7715 0.8447
vt 0.793 0.8501
vt 0.7241 0.8618
vt 0.6973 0.876
vt 0.7007 0.8521
vt 0.6899 0.854
vt 0.6929 0.8438
vt 0.7222 0.8457
vt 0.7739 0.833
vt 0.7778 0.8232
vt 0.7646 0.8335
vt 0.7559 0.8267
vt 0.7563 0.8105
vt 0.7261 0.835
vt 0.7275 0.8252
vt 0.6973 0.8252
vt 0.7183 0.8062
vt 0.7256 0.8027
vt 0.7061 0.8008
vt 0.7007 0.8071
vt 0.7026 0.7969
vt 0.4226 0.067
vt 0.408 0.0418
vt 0.3962 0.0545
vt 0.4146 0.0719
vt 0.0422 0.3889
vt 0.0385 0.3743
vt 0.0349 0.3877
vt 0.0327 0.4014
vt 0.0414 0.3992
vt 0.0594 0.4038
vt 0.0363 0.4072
vt 0.0327 0.4053
vt 0.0839 0.2761
vt 0.0882 0.2815
vt 0.0894 0.27
vt 0.0939 0.2742
vt 0.0966 0.2673
vt 0.1035 0.272
vt 0.1048 0.2751
vt 0.0978 0.2773
vt 0.0929 0.2808
vt 0.0866 0.2969
vt 0.6133 0.0228
vt 0.6021 0.0021
vt 0.6055 0.0161
vt 0.6035 0.0358
vt 0.627 0.0452
vt 0.6064 0.0476
vt 0.5908 0.0458
vt 0.5947 0.0583
vt 0.6201 0.0271
vt 0.6343 0.0337
vt 0.6191 0.017
vt 0.6094 0.0123
vt 0.1592 0.0141
vt 0.1523 0.0047
vt 0.1577 0.018
vt 0.15 0.0076
vt 0.1469 0.0021
vt 0.1454 0.0057
vt 0.7202 0.5688
vt 0.7231 0.564
vt 0.7188 0.5649
vt 0.7231 0.584
vt 0.7197 0.5859
vt 0.7227 0.5889
vt 0.7246 0.584
vt 0.7246 0.5889
vt 0.7227 0.6084
vt 0.7202 0.6055
vt 0.7202 0.6094
vt 0.7202 0.6128
vt 0.8179 0.2517
vt 0.8164 0.2585
vt 0.8198 0.2527
vt 0.813 0.2472
vt 0.8174 0.2466
vt 0.8198 0.2527
vt 0.8154 0.235
vt 0.811 0.224
vt 0.8149 0.2238
vt 0.8418 0.0289
vt 0.8442 0.0416
vt 0.8516 0.0491
vt 0.8452 0.0277
vt 0.8564 0.0486
vt 0.8608 0.0767
vt 0.8638 0.0719
vt 0.8677 0.0929
vt 0.4373 0.2463
vt 0.4551 0.2205
vt 0.4451 0.2321
vt 0.4524 0.2144
vt 0.4624 0.2101
vt 0.4646 0.1995
vt 0.4502 0.2125
vt 0.4417 0.2349
vt 0.8931 0.0025
vt 0.9043 0.0264
vt 0.9077 0.0254
vt 0.8892 0.0021
vt 0.8882 0.0049
vt 0.5952 0.0269
vt 0.5859 0.0141
vt 0.5859 0.0249
vt 0.5947 0.0146
vt 0.5903 0.002
vt 0.5859 0.0053
vt 0.4539 0.2642
vt 0.4487 0.2695
vt 0.4553 0.2715
vt 0.4604 0.2664
vt 0.4658 0.2708
vt 0.4619 0.2773
vt 0.4543 0.2773
vt 0.448 0.2754
vt 0.4424 0.2839
vt 0.4607 0.2849
vt 0.4648 0.2842
vt 0.4622 0.2893
vt 0.4607 0.2876
vt 0.4521 0.29
vt 0.448 0.2852
vt 0.4436 0.2952
vt 0.4409 0.3113
vt 0.4409 0.3271
vt 0.4333 0.3315
vt 0.4319 0.3406
vt 0.4209 0.3457
vt 0.4238 0.3464
vt 0.4172 0.3491
vt 0.4167 0.3472
vt 0.644 0.0362
vt 0.6421 0.0407
vt 0.6479 0.0531
vt 0.6504 0.0516
vt 0.6587 0.0641
vt 0.2581 0.1654
vt 0.2698 0.1478
vt 0.2612 0.1565
vt 0.27 0.1433
vt 0.2798 0.1337
vt 0.2822 0.1351
vt 0.2869 0.1252
vt 0.2842 0.139
vt 0.2903 0.1287
vt 0.9946 0.3735
vt 0.9946 0.3708
vt 0.9814 0.3716
vt 0.9805 0.3728
vt 0.9648 0.3718
vt 0.9653 0.3811
vt 0.9653 0.3889
vt 0.9814 0.3901
vt 0.9897 0.3887
vt 0.9854 0.405
vt 0.3616 0.8315
vt 0.3606 0.8281
vt 0.3647 0.8247
vt 0.3604 0.8228
vt 0.3655 0.8203
vt 0.3643 0.8057
vt 0.3689 0.8018
vt 0.3882 0.8135
vt 0.3914 0.8086
vt 0.4084 0.8066
vt 0.3972 0.7964
vt 0.4036 0.8008
vt 0.3975 0.7915
vt 0.4006 0.7915
vt 0.3926 0.7769
vt 0.4055 0.7827
vt 0.3938 0.7686
vt 0.4138 0.7822
vt 0.408 0.793
vt 0.4165 0.7876
vt 0.4314 0.7896
vt 0.417 0.7998
vt 0.4116 0.8149
vt 0.4204 0.8145
vt 0.4287 0.8184
vt 0.4241 0.7998
vt 0.4189 0.8223
vt 0.4214 0.832
vt 0.4238 0.7905
vt 0.4326 0.8438
vt 0.4319 0.8477
vt 0.4358 0.8535
vt 0.4355 0.8389
vt 0.4458 0.8545
vt 0.4412 0.8379
vt 0.4509 0.8403
vt 0.4443 0.8271
vt 0.4395 0.8047
vt 0.4326 0.8022
vt 0.4341 0.7959
vt 0.4417 0.7935
vt 0.4412 0.7974
vt 0.4465 0.7954
vt 0.4431 0.8062
vt 0.0169 0.1466
vt 0.002 0.1707
vt 0.0063 0.1685
vt 0.0164 0.1523
vt 0.022 0.1382
vt 0.0187 0.136
vt 0.0174 0.1204
vt 0.0216 0.1174
vt 0.0135 0.1072
vt 0.0153 0.1003
vt 0.0098 0.0977
vt 0.011 0.1094
vt 0.0084 0.0848
vt 0.0112 0.085
vt 0.5054 0.0021
vt 0.502 0.0029
vt 0.4988 0.0133
vt 0.5005 0.0145
vt 0.9468 0.0288
vt 0.9448 0.0223
vt 0.9429 0.027
vt 0.9438 0.0357
vt 0.9468 0.0463
vt 0.9438 0.0694
vt 0.9448 0.0811
vt 0.9438 0.1116
vt 0.9414 0.0907
vt 0.9463 0.153
vt 0.9492 0.1499
vt 0.9448 0.1506
vt 0.9434 0.1749
vt 0.9463 0.1761
vt 0.9385 0.2031
vt 0.9409 0.2024
vt 0.9312 0.2202
vt 0.9321 0.2219
vt 0.9194 0.2333
vt 0.9209 0.235
vt 0.9136 0.2423
vt 0.4407 0.5591
vt 0.4277 0.5503
vt 0.4314 0.5586
vt 0.4353 0.5459
vt 0.4443 0.5474
vt 0.4253 0.522
vt 0.447 0.5298
vt 0.4463 0.5508
vt 0.4321 0.5161
vt 0.4563 0.5498
vt 0.4458 0.5566
vt 0.4524 0.5693
vt 0.4419 0.5078
vt 0.4583 0.5708
vt 0.4519 0.5728
vt 0.4648 0.5669
vt 0.4626 0.5605
vt 0.469 0.5664
vt 0.47 0.5688
vt 0.429 0.5078
vt 0.4233 0.5112
vt 0.4197 0.4998
vt 0.4399 0.4934
vt 0.446 0.5059
vt 0.4551 0.5449
vt 0.4292 0.4958
vt 0.4299 0.4802
vt 0.4226 0.4844
vt 0.417 0.4907
vt 0.4167 0.4688
vt 0.4233 0.4773
vt 0.4207 0.4722
vt 0.627 0.7803
vt 0.6304 0.8101
vt 0.6333 0.7935
vt 0.6201 0.7886
vt 0.6177 0.8081
vt 0.6118 0.8169
vt 0.626 0.8223
vt 0.6074 0.8394
vt 0.6035 0.8213
vt 0.5918 0.8228
vt 0.5908 0.813
vt 0.5845 0.8125
vt 0.5898 0.8022
vt 0.5806 0.7925
vt 0.5942 0.7935
vt 0.5908 0.7734
vt 0.6079 0.7842
vt 0.6123 0.7715
vt 0.6138 0.7847
vt 0.6177 0.7891
vt 0.6187 0.7974
vt 0.5576 0.0561
vt 0.5576 0.0591
vt 0.5581 0.0578
vt 0.5552 0.0559
vt 0.5576 0.054
vt 0.5586 0.0675
vt 0.7754 0.0052
vt 0.7881 0.0053
vt 0.7881 0.0021
vt 0.7861 0.0159
vt 0.8184 0.4934
vt 0.8193 0.5083
vt 0.8232 0.5068
vt 0.8242 0.5171
vt 0.8193 0.522
vt 0.8164 0.5225
vt 0.8267 0.5371
vt 0.8252 0.5386
vt 0.2292 0.4736
vt 0.2256 0.4766
vt 0.2242 0.4875
vt 0.2222 0.4646
vt 0.2288 0.4521
vt 0.2267 0.4517
vt 0.9639 0.0458
vt 0.9561 0.0487
vt 0.9644 0.0511
vt 0.9546 0.0358
vt 0.6836 0.0531
vt 0.6821 0.0604
vt 0.6831 0.0619
vt 0.6802 0.0513
vt 0.6758 0.0623
vt 0.6748 0.0623
vt 0.6738 0.0623
vt 0.6743 0.0585
vt 0.033 0.4629
vt 0.0278 0.4661
vt 0.0298 0.4697
vt 0.0322 0.4497
vt 0.0276 0.4507
vt 0.0357 0.4614
vt 0.0358 0.4507
vt 0.04 0.4277
vt 0.0379 0.4392
vt 0.0417 0.4285
vt 0.8755 0.5732
vt 0.873 0.5894
vt 0.8809 0.5947
vt 0.8867 0.5776
vt 0.8867 0.5591
vt 0.8921 0.5674
vt 0.8667 0.5635
vt 0.9019 0.5562
vt 0.8784 0.5488
vt 0.9141 0.5425
vt 0.9243 0.5498
vt 0.8667 0.5542
vt 0.2866 0.0367
vt 0.2891 0.0361
vt 0.2881 0.0327
vt 0.2874 0.0408
vt 0.2837 0.0395
vt 0.2839 0.0369
vt 0.4343 0.0798
vt 0.4365 0.0755
vt 0.4321 0.0764
vt 0.4331 0.0718
vt 0.9111 0.0119
vt 0.9175 0.0135
vt 0.917 0.002
vt 0.9082 0.0068
vt 0.6357 0.1831
vt 0.6216 0.1631
vt 0.6294 0.1781
vt 0.6323 0.1836
vt 0.6343 0.1858
vt 0.9634 0.8877
vt 0.9663 0.8833
vt 0.9639 0.8804
vt 0.9702 0.8853
vt 0.5991 0.0942
vt 0.5981 0.0776
vt 0.5962 0.0865
vt 0.5967 0.093
vt 0.4849 0.0369
vt 0.4836 0.0402
vt 0.4851 0.0405
vt 0.4834 0.0366
vt 0.2683 0.002
vt 0.2769 0.0121
vt 0.2793 0.0114
vt 0.2773 0.0161
vt 0.9688 0.3208
vt 0.9766 0.3157
vt 0.9648 0.3066
vt 0.978 0.3281
vt 0.9653 0.335
vt 0.9824 0.3508
vt 0.9902 0.3286
vt 0.9683 0.3511
vt 0.9961 0.3547
vt 0.9756 0.3662
vt 0.2123 0.9746
vt 0.2146 0.9873
vt 0.2137 0.9741
vt 0.2078 0.9482
vt 0.2035 0.9517
vt 0.2046 0.9429
vt 0.2158 0.9365
vt 0.2255 0.9287
vt 0.2229 0.9224
vt 0.1962 0.9478
vt 0.1987 0.9351
vt 0.2129 0.9126
vt 0.202 0.9087
vt 0.1945 0.9194
vt 0.1903 0.9355
vt 0.1876 0.9463
vt 0.1851 0.9351
vt 0.176 0.9497
vt 0.9829 0.9014
vt 0.9702 0.8853
vt 0.9634 0.8877
vt 0.9736 0.8838
vt 0.9722 0.6699
vt 0.9736 0.6675
vt 0.9712 0.6689
vt 0.9697 0.6704
vt 0.9702 0.6748
vt 0.9741 0.6689
vt 0.9771 0.6655
vt 0.9727 0.6743
vt 0.9727 0.6768
vt 0.9702 0.6772
vt 0.9741 0.6738
vt 0.9727 0.6782
vt 0.9712 0.6782
vt 0.9736 0.6812
vt 0.9707 0.6797
vt 0.9688 0.6826
vt 0.9741 0.6763
vt 0.9766 0.6675
vt 0.9771 0.6733
vt 0.9771 0.6758
vt 0.9746 0.6768
vt 0.98 0.6675
vt 0.9795 0.666
vt 0.9824 0.668
vt 0.98 0.6738
vt 0.9756 0.6797
vt 0.9771 0.6768
vt 0.9775 0.6797
vt 0.9805 0.6758
vt 0.9824 0.6768
vt 0.9824 0.6743
vt 0.9805 0.6768
vt 0.98 0.6797
vt 0.9766 0.6821
vt 0.9824 0.6694
vt 0.9839 0.6704
vt 0.9819 0.6777
vt 0.9795 0.6826
vt 0.9839 0.6748
vt 0.9854 0.6714
vt 0.9863 0.6709
vt 0.9863 0.6753
vt 0.9849 0.6753
vt 0.9844 0.6772
vt 0.9854 0.6777
vt 0.9863 0.6772
vt 0.9854 0.6797
vt 0.9858 0.6792
vt 0.9878 0.6821
vt 0.9839 0.6782
vt 0.9824 0.6807
vt 0.9814 0.6802
vt 0.9834 0.6812
vt 0.9868 0.6826
vt 0.9893 0.6855
vt 0.98 0.6841
vt 0.9844 0.6836
vt 0.9883 0.686
vt 0.9897 0.6899
vt 0.9854 0.6865
vt 0.9761 0.6841
vt 0.9888 0.6899
vt 0.9897 0.6938
vt 0.9858 0.6899
vt 0.9805 0.6865
vt 0.9888 0.6938
vt 0.9883 0.6987
vt 0.9858 0.6934
vt 0.9805 0.6895
vt 0.9873 0.6982
vt 0.9858 0.7021
vt 0.9839 0.7002
vt 0.9839 0.7046
vt 0.9849 0.6973
vt 0.9805 0.6953
vt 0.9805 0.6929
vt 0.9761 0.6895
vt 0.9766 0.6929
vt 0.9766 0.6953
vt 0.9756 0.6865
vt 0.9702 0.6934
vt 0.9702 0.6895
vt 0.9712 0.6865
vt 0.9712 0.6963
vt 0.9722 0.6831
vt 0.9673 0.6855
vt 0.9668 0.6899
vt 0.9668 0.6938
vt 0.9683 0.6982
vt 0.9702 0.7021
vt 0.9727 0.6997
vt 0.9717 0.7036
vt 0.9766 0.6982
vt 0.9746 0.7017
vt 0.9741 0.7061
vt 0.98 0.6982
vt 0.9766 0.7007
vt 0.9795 0.7007
vt 0.9795 0.7026
vt 0.9819 0.7017
vt 0.981 0.7021
vt 0.9824 0.7061
vt 0.9771 0.7026
vt 0.9766 0.7061
vt 0.9756 0.7026
vt 0.9766 0.7119
vt 0.98 0.7056
vt 0.979 0.709
vt 0.9805 0.7109
vt 0.9775 0.709
vt 0.8643 0.7251
vt 0.8594 0.7227
vt 0.8608 0.7256
vt 0.8628 0.729
vt 0.8652 0.7222
vt 0.8584 0.7183
vt 0.8647 0.728
vt 0.8672 0.7246
vt 0.8647 0.7314
vt 0.8677 0.7222
vt 0.8643 0.7168
vt 0.8677 0.7168
vt 0.8696 0.7222
vt 0.8604 0.7158
vt 0.8574 0.7168
vt 0.8564 0.7139
vt 0.8662 0.7295
vt 0.8682 0.73
vt 0.8682 0.7324
vt 0.8711 0.7319
vt 0.8672 0.7275
vt 0.8696 0.73
vt 0.8726 0.7305
vt 0.8691 0.728
vt 0.8716 0.729
vt 0.874 0.7285
vt 0.8701 0.7275
vt 0.8706 0.7246
vt 0.8706 0.7261
vt 0.8721 0.7275
vt 0.873 0.7251
vt 0.875 0.7261
vt 0.873 0.7227
vt 0.876 0.7236
vt 0.8721 0.7168
vt 0.875 0.7173
vt 0.8774 0.7188
vt 0.8779 0.7158
vt 0.8755 0.7148
vt 0.874 0.7144
vt 0.8755 0.7129
vt 0.8765 0.7134
vt 0.8789 0.7144
vt 0.8784 0.71
vt 0.8809 0.7104
vt 0.8823 0.7061
vt 0.8677 0.7139
vt 0.8682 0.7139
vt 0.8711 0.7134
vt 0.8667 0.7139
vt 0.8687 0.7114
vt 0.8628 0.7148
vt 0.8677 0.7119
vt 0.8687 0.709
vt 0.8696 0.7109
vt 0.8706 0.71
vt 0.873 0.7114
vt 0.874 0.7085
vt 0.8584 0.7129
vt 0.8569 0.7095
vt 0.855 0.71
vt 0.8535 0.7051
vt 0.8604 0.7124
vt 0.856 0.7051
vt 0.8535 0.7012
vt 0.877 0.7095
vt 0.8789 0.7056
vt 0.8652 0.7134
vt 0.8589 0.709
vt 0.856 0.7012
vt 0.8545 0.6968
vt 0.8779 0.7051
vt 0.8794 0.7017
vt 0.8823 0.7012
vt 0.8818 0.6968
vt 0.8779 0.7017
vt 0.875 0.7051
vt 0.8789 0.6973
vt 0.8809 0.6938
vt 0.8779 0.6948
vt 0.8794 0.6904
vt 0.8774 0.6978
vt 0.877 0.6953
vt 0.8745 0.6982
vt 0.8711 0.7075
vt 0.875 0.7017
vt 0.8716 0.7046
vt 0.8774 0.6914
vt 0.8784 0.6895
vt 0.8774 0.6899
vt 0.875 0.6904
vt 0.8765 0.688
vt 0.8687 0.7075
vt 0.8696 0.7026
vt 0.8716 0.7012
vt 0.8721 0.6987
vt 0.8677 0.707
vt 0.874 0.6914
vt 0.874 0.6963
vt 0.8682 0.709
vt 0.8667 0.7114
vt 0.8711 0.6968
vt 0.873 0.6943
vt 0.8696 0.6982
vt 0.8696 0.7002
vt 0.8667 0.707
vt 0.8672 0.709
vt 0.8647 0.7095
vt 0.8657 0.7109
vt 0.8628 0.7109
vt 0.8643 0.707
vt 0.8613 0.708
vt 0.8643 0.7046
vt 0.8667 0.7046
vt 0.8677 0.7046
vt 0.8608 0.7046
vt 0.8638 0.7021
vt 0.8662 0.7021
vt 0.8584 0.7051
vt 0.8579 0.7012
vt 0.8608 0.7012
vt 0.8643 0.6987
vt 0.8667 0.6992
vt 0.8613 0.6978
vt 0.8584 0.6973
vt 0.8594 0.6943
vt 0.8564 0.6968
vt 0.856 0.6929
vt 0.8672 0.6973
vt 0.8647 0.6963
vt 0.8657 0.6948
vt 0.8623 0.6953
vt 0.8579 0.6938
vt 0.8599 0.6914
vt 0.8574 0.6904
vt 0.8599 0.6899
vt 0.8613 0.6899
vt 0.8604 0.688
vt 0.8633 0.6934
vt 0.8647 0.6924
vt 0.8608 0.6919
vt 0.8613 0.688
vt 0.8604 0.6841
vt 0.8623 0.6909
vt 0.8652 0.6899
vt 0.8647 0.6885
vt 0.8613 0.6841
vt 0.8638 0.6807
vt 0.8647 0.687
vt 0.8647 0.6826
vt 0.8672 0.6792
vt 0.8672 0.6807
vt 0.8696 0.6792
vt 0.8677 0.686
vt 0.8677 0.688
vt 0.8691 0.6807
vt 0.8726 0.6807
vt 0.8696 0.6865
vt 0.8721 0.6821
vt 0.875 0.6826
vt 0.8677 0.689
vt 0.8696 0.6885
vt 0.8696 0.6895
vt 0.8721 0.687
vt 0.874 0.6836
vt 0.8765 0.6841
vt 0.8721 0.689
vt 0.8735 0.6875
vt 0.875 0.6846
vt 0.875 0.688
vt 0.8735 0.6899
vt 0.8735 0.6904
vt 0.8716 0.6899
vt 0.8711 0.6919
vt 0.8706 0.6953
vt 0.8677 0.6909
vt 0.8691 0.6943
vt 0.8677 0.6938
vt 0.8691 0.6963
vt 0.8672 0.6963
vt 0.8662 0.6943
vt 0.002 0.1794
vt 0.0044 0.1783
vt 0.0033 0.1765
vt 0.0024 0.1826
vt 0.0055 0.1758
vt 0.0072 0.1824
vt 0.0079 0.1772
vt 0.0551 0.4382
vt 0.0595 0.4282
vt 0.0554 0.4277
vt 0.0498 0.4285
vt 0.0588 0.437
vt 0.048 0.4475
vt 0.0566 0.447
vt 0.9814 0.4841
vt 0.979 0.4697
vt 0.9707 0.4895
vt 0.9917 0.4731
vt 0.9937 0.4883
vt 0.981 0.4968
vt 0.9697 0.5029
vt 0.9741 0.5068
vt 0.9858 0.5044
vt 0.9907 0.5151
vt 0.9761 0.5186
vt 0.2211 0.8433
vt 0.2224 0.8335
vt 0.2205 0.8335
vt 0.2192 0.8428
vt 0.1837 0.8335
vt 0.2172 0.8525
vt 0.2192 0.8237
vt 0.2211 0.8232
vt 0.2156 0.8516
vt 0.2111 0.8608
vt 0.2156 0.8149
vt 0.2173 0.814
vt 0.2097 0.8594
vt 0.203 0.8667
vt 0.2097 0.8071
vt 0.2111 0.8062
vt 0.202 0.8652
vt 0.2021 0.8013
vt 0.1932 0.8687
vt 0.1937 0.8706
vt 0.2031 0.7998
vt 0.1837 0.8721
vt 0.1932 0.7979
vt 0.1937 0.7959
vt 0.1837 0.8701
vt 0.1737 0.8706
vt 0.1837 0.7964
vt 0.1837 0.7944
vt 0.1742 0.8687
vt 0.1643 0.8667
vt 0.1742 0.7979
vt 0.1737 0.7959
vt 0.1653 0.8652
vt 0.1653 0.8013
vt 0.1577 0.8594
vt 0.1564 0.8608
vt 0.1644 0.7998
vt 0.1501 0.8525
vt 0.1577 0.8071
vt 0.1564 0.8062
vt 0.1519 0.8516
vt 0.1464 0.8433
vt 0.1519 0.8149
vt 0.1501 0.814
vt 0.1482 0.8428
vt 0.145 0.8335
vt 0.1482 0.8237
vt 0.1464 0.8232
vt 0.1469 0.8335
vn -0.185 -0.079 0.979
vn -0.706 -0.568 0.424
vn -0.607 -0.652 -0.454
vn -0.259 -0.112 0.959
vn -0.607 -0.652 -0.454
vn -0.664 -0.477 0.577
vn -0.006 0.036 1
vn 0.106 0.072 0.992
vn 0.167 0.127 0.978
vn -0.056 -0.074 0.996
vn -0.706 -0.568 0.424
vn -0.25 -0.183 0.951
vn -0.125 -0.312 0.942
vn 0.131 -0.071 0.989
vn 0.487 -0.083 0.869
vn -0.122 -0.506 0.854
vn 0.293 -0.004 0.956
vn 0.4 0.078 0.913
vn 0.419 0.235 0.877
vn 0.415 0.225 0.881
vn 0.299 0.233 0.925
vn 0.202 0.184 0.962
vn 0.24 0.25 0.938
vn 0.057 0.087 0.995
vn 0.212 0.326 0.921
vn 0.012 0.152 0.988
vn -0.162 -0.01 0.987
vn 0.274 0.227 0.935
vn 0.238 0.221 0.946
vn 0.283 0.576 0.767
vn 0.459 0.17 0.872
vn 0.466 -0.049 0.883
vn 0.406 0.449 0.796
vn 0.581 0.358 0.731
vn 0.106 0.272 0.957
vn 0.238 0.221 0.946
vn 0.155 0.487 0.86
vn 0.219 0.255 0.942
vn -0.002 0.828 0.56
vn 0.272 -0.32 0.907
vn 0.325 -0.454 0.83
vn 0.062 0.972 0.228
vn 0.485 0.322 0.813
vn 0.206 0.686 0.698
vn 0.36 0.302 0.883
vn 0.211 0.52 0.828
vn 0.031 0.567 0.823
vn 0.354 0.236 0.905
vn 0.14 0.115 0.983
vn 0.061 -0.449 0.892
vn -0.167 -0.029 0.985
vn -0.315 -0.012 0.949
vn -0.25 -0.427 0.869
vn -0.387 -0.126 0.913
vn -0.553 -0.257 0.792
vn -0.664 -0.477 0.577
vn -0.312 -0.133 0.941
vn -0.345 -0.366 0.864
vn -0.47 -0.081 0.879
vn 0.021 -0.214 0.977
vn -0.205 -0.222 0.953
vn -0.546 -0.063 0.835
vn -0.589 -0.01 0.808
vn 0.741 -0.607 0.288
vn 0.03 -0.448 0.894
vn -0.694 -0.038 0.719
vn -0.642 -0.025 0.767
vn -0.8 0.118 0.588
vn -0.765 -0.037 0.644
vn -0.753 0.072 0.654
vn -0.652 0.095 0.752
vn 0.03 -0.448 0.894
vn 0.783 -0.622 0.019
vn 0.038 -0.444 0.895
vn -0.425 -0.204 0.882
vn -0.785 0.161 0.599
vn -0.652 0.05 0.757
vn -0.664 -0.477 0.577
vn -0.655 -0.633 0.412
vn -0.393 -0.484 0.782
vn -0.607 -0.652 -0.454
vn -0.664 -0.477 0.577
vn -0.706 -0.568 0.424
vn -0.706 -0.568 0.424
vn -0.647 -0.198 0.736
vn -0.584 -0.147 0.798
vn 0.066 -0.377 0.924
vn 0.03 -0.448 0.894
vn 0.741 -0.607 0.288
vn 0.783 -0.622 0.019
vn 0.03 -0.448 0.894
vn 0.038 -0.444 0.895
vn -0.133 0 0.991
vn -0.425 -0.204 0.882
vn -0.651 0.079 0.755
vn -0.425 -0.204 0.882
vn -0.652 0.05 0.757
vn -0.384 -0.435 0.814
vn -0.914 -0.025 0.406
vn 0.741 -0.607 0.288
vn -0.097 -0.41 0.907
vn -0.205 -0.222 0.953
vn 0.021 -0.214 0.977
vn 0.08 -0.185 0.979
vn -0.139 -0.77 0.623
vn -0.312 -0.133 0.941
vn -0.888 0.27 0.372
vn -0.439 -0.221 0.871
vn -0.889 0.265 0.374
vn 0.408 -0.357 0.84
vn 0.45 0.037 0.892
vn 0.36 0.302 0.883
vn -0.716 -0.127 0.687
vn 0.85 0.204 0.486
vn -0.761 -0.561 0.327
vn 0.85 0.204 0.486
vn 0.864 0.302 0.403
vn -0.554 -0.744 0.375
vn 0.957 0.205 -0.207
vn 0.151 -0.626 0.765
vn -0.529 0.747 0.402
vn -0.425 0.247 0.871
vn -0.849 0.128 0.512
vn -0.152 0.273 0.95
vn -0.725 0.059 0.687
vn -0.205 0.527 0.825
vn -0.152 0.273 0.95
vn -0.009 0.221 0.975
vn -0.192 0.42 0.887
vn -0.741 0.668 0.063
vn -0.862 0.485 0.15
vn -0.38 0.484 0.789
vn 0.15 0.188 0.971
vn -0.065 -0.006 0.998
vn 0.121 0.282 0.952
vn 0.38 0.133 0.915
vn 0.51 -0.002 0.86
vn 0.671 -0.056 0.739
vn 0.597 -0.032 0.802
vn 0.232 0.322 0.918
vn 0.41 0.168 0.896
vn 0.727 -0.094 0.68
vn 0.821 0.332 0.465
vn 0.119 0.613 0.781
vn 0.273 0.016 0.962
vn -0.161 0.802 0.575
vn 0.968 0.191 0.165
vn 0.788 0.416 0.455
vn -0.798 0.033 0.602
vn 0.564 -0.021 -0.825
vn 0.515 0.033 0.856
vn 0.553 -0.034 -0.833
vn -0.984 0.089 -0.156
vn -0.994 0.061 0.093
vn -0.896 0.4 0.194
vn -0.914 0.349 -0.205
vn -0.428 0.895 0.125
vn -0.303 0.923 -0.236
vn -0.354 0.762 0.542
vn -0.425 0.095 0.9
vn -0.531 0.621 0.577
vn 0.03 0.112 0.993
vn -0.323 -0.183 0.929
vn -0.288 0.054 0.956
vn -0.256 -0.023 0.966
vn 0.563 -0.736 -0.375
vn -0.291 -0.307 0.906
vn -0.291 -0.307 0.906
vn -0.376 0.056 0.925
vn -0.291 -0.218 0.932
vn -0.096 -0.027 0.995
vn -0.286 -0.049 0.957
vn 0.607 -0.716 -0.345
vn 0.566 0.043 -0.823
vn 0.317 -0.02 0.948
vn 0.553 -0.034 -0.833
vn 0.164 -0.92 0.355
vn -0.003 -0.918 0.396
vn -0.117 -0.975 0.192
vn -0.255 -0.065 0.965
vn -0.385 -0.46 -0.8
vn -0.769 -0.079 0.635
vn -0.574 -0.222 0.788
vn -0.348 -0.555 0.755
vn -0.225 -0.166 0.96
vn -0.291 -0.218 0.932
vn -0.879 0.153 -0.452
vn -0.987 0.076 -0.14
vn -0.929 0.171 -0.329
vn 0.442 -0.124 0.889
vn 0.241 -0.417 0.876
vn -0.435 0.087 0.896
vn -0.249 0.431 -0.867
vn -0.333 0.725 -0.603
vn -0.052 0.112 -0.992
vn -0.079 0.633 -0.77
vn -0.333 0.725 -0.603
vn -0.718 0.481 -0.503
vn -0.166 0.402 -0.9
vn -0.604 0.333 -0.724
vn -0.705 0.215 -0.677
vn -0.165 0.22 -0.961
vn -0.174 -0.053 -0.983
vn -0.726 0.022 -0.688
vn -0.458 0.259 -0.851
vn -0.651 -0.158 -0.742
vn -0.142 -0.141 -0.979
vn -0.542 0.039 -0.839
vn -0.586 0.221 -0.779
vn -0.471 -0.162 -0.867
vn -0.313 0.242 -0.918
vn -0.094 0.417 -0.904
vn -0.301 0.527 -0.795
vn -0.542 0.05 -0.838
vn -0.74 0.194 -0.644
vn -0.698 -0.119 -0.706
vn -0.916 0.086 -0.392
vn -0.748 0.082 -0.659
vn -0.913 0.116 -0.391
vn -0.604 -0.086 -0.792
vn -0.687 -0.078 -0.723
vn -0.548 -0.118 -0.828
vn -0.936 0.009 -0.353
vn -0.972 0.124 -0.202
vn -0.626 -0.061 -0.777
vn -0.314 -0.129 -0.941
vn -0.142 -0.141 -0.979
vn -0.215 -0.039 -0.976
vn -0.642 -0.035 -0.766
vn -0.574 0.023 -0.819
vn -0.775 -0.094 -0.625
vn -0.798 -0.171 -0.579
vn -0.907 -0.037 -0.42
vn -0.991 0.055 -0.12
vn -0.983 0.108 0.145
vn -0.723 0.062 -0.688
vn -0.215 -0.039 -0.976
vn -0.126 0.045 -0.991
vn -0.487 0.03 -0.873
vn -0.662 -0.052 -0.748
vn -0.752 0.057 -0.657
vn -0.516 -0.856 0.012
vn -0.748 -0.351 -0.564
vn -0.585 -0.348 -0.732
vn -0.593 -0.791 -0.151
vn -0.068 -0.957 0.282
vn -0.72 -0.626 -0.299
vn -0.919 -0.335 -0.208
vn -0.934 -0.064 -0.353
vn -0.997 0.047 -0.071
vn -0.833 -0.47 0.291
vn -0.952 0.166 0.257
vn -0.889 0.015 0.458
vn -0.384 -0.435 0.814
vn -0.981 0.101 0.165
vn -0.921 0.131 0.368
vn -0.652 0.05 0.757
vn -0.785 0.161 0.599
vn -0.876 0.169 0.452
vn -0.753 0.072 0.654
vn -0.652 0.095 0.752
vn -0.916 0.108 0.386
vn -0.833 0.025 0.553
vn -0.796 -0.018 0.605
vn -0.929 -0.004 0.37
vn -0.991 0.054 0.126
vn -0.838 -0.024 0.545
vn -0.694 -0.038 0.719
vn -0.589 -0.01 0.808
vn -0.642 -0.025 0.767
vn -0.8 0.118 0.588
vn -0.874 0.164 0.458
vn -0.888 0.27 0.372
vn -0.889 0.265 0.374
vn -0.895 0.336 0.295
vn -0.903 0.207 0.376
vn -0.765 -0.037 0.644
vn -0.92 0.368 0.136
vn -0.783 0.599 0.165
vn -0.889 0.265 0.374
vn -0.691 0.711 0.128
vn -0.975 0.214 -0.054
vn -0.841 0.511 -0.178
vn -0.667 0.71 0.228
vn -0.949 0.3 -0.098
vn -0.967 0.102 -0.232
vn -0.983 0.026 -0.18
vn -0.994 -0.071 0.082
vn -0.93 0.154 -0.335
vn -0.959 0.083 -0.271
vn -0.988 0.147 -0.046
vn -0.991 0.005 -0.138
vn -0.929 0.171 -0.329
vn -0.87 0.046 -0.491
vn -0.908 -0.169 -0.384
vn -0.879 0.153 -0.452
vn -0.656 0.086 -0.75
vn -0.985 0.101 -0.138
vn -0.987 0.076 -0.14
vn -0.997 0.066 -0.033
vn -0.998 -0.058 -0.014
vn -0.981 0.173 0.092
vn -0.991 -0.028 0.129
vn -0.956 -0.134 0.26
vn -0.997 -0.064 0.045
vn -0.878 0.478 0.009
vn -0.896 -0.291 0.337
vn -0.775 -0.279 -0.566
vn -0.995 0.022 0.102
vn -0.976 -0.176 0.128
vn -0.996 -0.064 0.059
vn -0.942 0.336 0.025
vn -0.973 0.092 0.214
vn -0.967 -0.144 0.209
vn -0.966 -0.085 0.245
vn -0.975 0.072 0.211
vn -0.926 -0.015 0.378
vn -0.943 -0.145 0.298
vn -0.818 -0.237 0.524
vn -0.912 -0.127 0.39
vn -0.899 -0.017 0.438
vn -0.989 0.013 0.149
vn -0.873 -0.075 0.482
vn -0.826 0.368 0.427
vn -0.7 -0.042 0.713
vn -0.669 0.323 0.669
vn -0.883 0.073 0.464
vn -0.88 -0.051 0.471
vn -0.654 -0.088 0.751
vn -0.828 -0.206 0.522
vn -0.583 -0.193 0.789
vn -0.833 -0.195 0.517
vn -0.824 -0.031 0.566
vn -0.673 0.317 0.667
vn -0.585 -0.351 0.731
vn -0.722 -0.084 0.687
vn -0.608 0 0.794
vn -0.892 -0.167 0.421
vn -0.664 0.034 0.747
vn -0.684 -0.218 0.696
vn -0.989 -0.151 -0.01
vn -0.796 -0.315 0.516
vn -0.739 -0.303 0.601
vn -0.921 -0.354 0.164
vn -0.879 -0.271 0.393
vn -0.788 -0.314 0.53
vn -0.973 -0.153 -0.171
vn -0.92 0.014 -0.392
vn -0.917 -0.384 -0.103
vn -0.888 -0.458 0.04
vn -0.944 -0.311 -0.112
vn -0.912 -0.127 0.39
vn -0.944 -0.067 0.322
vn -0.97 -0.24 0.044
vn -0.851 -0.499 -0.166
vn -0.853 -0.466 -0.237
vn -0.978 0.005 0.207
vn -0.962 -0.243 -0.12
vn -0.968 -0.242 -0.066
vn -0.999 0.054 0.005
vn -0.899 -0.308 -0.312
vn -0.941 -0.274 -0.198
vn -0.845 -0.39 -0.366
vn -0.851 -0.398 -0.344
vn -0.797 -0.392 -0.459
vn -0.831 -0.377 -0.409
vn -0.958 -0.096 -0.272
vn -0.976 -0.154 -0.158
vn -0.912 -0.253 -0.324
vn -0.926 -0.177 -0.332
vn -0.654 -0.392 -0.647
vn -0.639 0.004 -0.769
vn -0.609 0.141 -0.78
vn -0.406 0.17 -0.898
vn -0.371 0.107 -0.922
vn -0.614 0.159 -0.773
vn -0.288 0.072 -0.955
vn -0.348 -0.488 -0.8
vn -0.304 -0.024 -0.952
vn -0.084 -0.469 -0.879
vn -0.676 -0.44 -0.591
vn -0.812 -0.186 -0.554
vn -0.923 -0.08 -0.377
vn -0.803 -0.122 -0.583
vn -0.176 -0.361 -0.916
vn -0.145 -0.28 -0.949
vn -0.878 -0.284 -0.385
vn -0.653 -0.465 -0.598
vn -0.798 -0.451 -0.4
vn 0.793 -0.59 -0.149
vn -0.048 -0.381 -0.923
vn 0.616 -0.387 -0.686
vn -0.665 -0.747 -0.013
vn -0.827 -0.561 -0.052
vn -0.866 -0.361 -0.347
vn -0.886 -0.425 0.185
vn -0.891 -0.404 -0.206
vn -0.962 -0.178 0.208
vn -0.794 -0.448 0.411
vn -0.971 -0.074 0.227
vn -0.991 0.011 -0.134
vn -0.994 0.072 0.081
vn -0.984 0.178 -0.017
vn -0.801 0.546 0.245
vn -0.752 0.601 0.27
vn -0.577 0.693 0.431
vn -0.846 0.49 0.21
vn -0.748 0.595 0.296
vn -0.971 0.239 -0.008
vn -0.591 0.775 0.223
vn -0.78 0.621 -0.072
vn -0.986 0.166 -0.004
vn -0.982 0.163 0.097
vn -0.854 0.412 -0.316
vn -0.894 0.382 -0.233
vn -0.629 0.573 -0.525
vn -0.905 0.402 -0.138
vn -0.579 0.671 -0.463
vn -0.526 0.848 -0.061
vn -0.15 0.957 -0.249
vn -0.591 0.498 -0.635
vn -0.216 0.562 -0.798
vn -0.365 0.456 -0.812
vn 0.099 0.506 -0.857
vn -0.278 0.679 -0.68
vn -0.328 0.698 -0.636
vn -0.711 0.594 -0.376
vn -0.944 0.331 -0.008
vn -0.786 0.591 -0.182
vn -0.513 0.711 -0.481
vn -0.936 0.315 0.159
vn -0.922 0.276 0.272
vn -0.976 -0.009 0.22
vn -0.821 0.543 -0.174
vn -0.866 -0.121 0.485
vn -0.851 -0.317 0.419
vn -0.605 -0.45 0.657
vn -0.361 -0.673 0.645
vn -0.875 0.018 0.484
vn -0.711 -0.432 0.555
vn -0.518 0.611 -0.599
vn -0.21 0.665 -0.717
vn -0.794 -0.395 0.461
vn -0.725 -0.053 0.687
vn -0.918 -0.218 0.331
vn -0.783 -0.384 0.49
vn -0.983 0.117 0.14
vn -0.923 -0.244 0.298
vn -0.949 -0.067 0.307
vn -0.937 0.088 -0.34
vn -0.765 0.188 -0.616
vn -0.554 0.322 -0.768
vn -0.911 -0.336 -0.241
vn -0.913 -0.169 -0.371
vn -0.881 -0.47 0.046
vn -0.805 0.082 0.587
vn -0.842 0.056 -0.537
vn -0.276 0.354 -0.894
vn -0.494 -0.063 -0.867
vn -0.936 -0.248 0.251
vn -0.794 0.166 0.584
vn -0.948 -0.292 -0.123
vn -0.825 -0.335 -0.455
vn -0.44 -0.644 -0.626
vn -0.918 -0.302 -0.256
vn -0.487 -0.652 -0.581
vn -0.987 -0.146 0.063
vn -0.833 -0.497 -0.243
vn -0.397 -0.712 -0.58
vn -0.291 -0.779 -0.556
vn -0.965 -0.142 0.222
vn -0.855 0.108 0.508
vn -0.783 -0.587 -0.208
vn -0.807 -0.567 0.165
vn -0.246 -0.934 -0.26
vn -0.878 -0.154 0.453
vn -0.953 -0.174 0.249
vn -0.782 0.092 0.617
vn -0.461 0.429 0.777
vn -0.449 0.424 0.787
vn -0.746 0.552 0.374
vn -0.996 -0.081 -0.043
vn -0.895 0.256 0.365
vn 0.36 0.302 0.883
vn 0.302 0.829 0.47
vn 0.206 0.686 0.698
vn 0.509 0.772 -0.381
vn 0.605 0.66 -0.446
vn 0.805 0.537 -0.253
vn -0.911 0.366 0.189
vn -0.663 0.747 -0.056
vn -0.865 0.316 0.39
vn 0.238 0.221 0.946
vn 0.106 0.272 0.957
vn 0.272 -0.32 0.907
vn 0.238 0.221 0.946
vn 0.325 -0.454 0.83
vn 0.44 0.157 0.884
vn -0.716 -0.127 0.687
vn -0.007 -0.348 0.938
vn 0.325 -0.372 0.869
vn 0.639 0.597 0.486
vn 0.676 0.406 0.615
vn 0.443 0.219 0.87
vn 0.199 -0.637 -0.745
vn -0.958 -0.19 0.212
vn -0.876 -0.335 0.347
vn 0.82 0.3 0.488
vn 0.192 0.841 0.506
vn 0.689 0.106 0.717
vn -0.896 -0.291 0.337
vn -0.998 -0.058 -0.014
vn -0.995 0.022 0.102
vn 0.417 0.605 -0.678
vn 0.3 0.951 0.073
vn 0.787 0.271 -0.555
vn -0.947 -0.295 0.128
vn -0.696 -0.717 0.029
vn -0.293 0.87 0.398
vn -0.988 0.154 -0.008
vn -0.966 -0.015 0.256
vn -0.923 0.367 0.116
vn 0.788 0.416 0.455
vn -0.758 -0.199 0.621
vn -0.798 0.033 0.602
vn -0.107 -0.23 0.967
vn 0.056 -0.386 0.92
vn -0.307 -0.213 0.928
vn 0.544 -0.065 0.836
vn 0.367 0.663 0.652
vn 0.45 0.037 0.892
vn -0.498 -0.057 -0.865
vn -0.475 -0.659 -0.583
vn -0.627 -0.274 -0.729
vn -0.412 0.866 0.284
vn -0.667 0.71 0.228
vn -0.691 0.711 0.128
vn 0.059 -0.421 0.905
vn 0.642 -0.18 0.746
vn 0.442 -0.124 0.889
vn 0.442 -0.124 0.889
vn -0.435 0.087 0.896
vn 0.059 -0.421 0.905
vn 0.858 -0.04 0.511
vn 0.774 0.094 0.626
vn 0.445 -0.297 0.845
vn -0.657 0.215 0.722
vn -0.636 -0.763 0.114
vn 0.018 0.269 0.963
vn -0.172 -0.076 0.982
vn 0.3 -0.399 0.867
vn 0.641 0.332 0.692
vn -0.758 -0.199 0.621
vn 0.582 -0.529 0.618
vn -0.897 -0.306 0.317
vn 0.582 -0.529 0.618
vn 0.959 -0.211 0.187
vn -0.897 -0.306 0.317
vn -0.288 0.054 0.956
vn -0.323 -0.183 0.929
vn -0.371 -0.677 0.636
vn -0.929 -0.004 0.37
vn -0.949 -0.19 0.253
vn -0.838 -0.024 0.545
vn 0.535 0.534 0.655
vn 0.481 0.59 0.648
vn 0.54 -0.277 0.795
vn -0.998 -0.058 -0.014
vn -0.896 -0.291 0.337
vn -0.997 0.066 -0.033
vn 0.144 -0.88 0.452
vn 0.402 0.008 0.916
vn 0.605 -0.771 0.198
vn 0.605 -0.771 0.198
vn 0.402 0.008 0.916
vn 0.429 -0.862 0.27
vn 0.914 0.268 0.305
vn 0.981 0.107 0.158
vn 0.856 0.371 0.36
vn 0.939 0.245 0.239
vn 0.956 0.292 -0.012
vn 0.969 0.245 -0.012
vn 0.927 0.292 0.236
vn 0.846 0.245 0.474
vn 0.819 0.534 0.209
vn 0.846 0.534 -0.01
vn 0.738 0.534 0.414
vn 0.834 0.292 0.468
vn 0.694 0.245 0.677
vn 0.605 0.534 0.591
vn 0.685 0.292 0.668
vn 0.495 0.245 0.833
vn 0.432 0.534 0.727
vn 0.488 0.292 0.822
vn 0.262 0.245 0.933
vn 0.229 0.534 0.814
vn 0.259 0.292 0.921
vn 0.012 0.245 0.969
vn 0.01 0.534 0.846
vn 0.012 0.292 0.956
vn -0.239 0.245 0.939
vn -0.209 0.534 0.819
vn -0.236 0.292 0.927
vn -0.474 0.245 0.846
vn -0.414 0.534 0.738
vn -0.468 0.292 0.834
vn -0.677 0.245 0.694
vn -0.591 0.534 0.605
vn -0.668 0.292 0.685
vn -0.833 0.245 0.495
vn -0.727 0.534 0.432
vn -0.822 0.292 0.488
vn -0.933 0.245 0.262
vn -0.814 0.534 0.229
vn -0.921 0.292 0.259
vn -0.969 0.245 0.012
vn -0.846 0.534 0.01
vn -0.956 0.292 0.012
vn -0.939 0.245 -0.239
vn -0.819 0.534 -0.209
vn -0.927 0.292 -0.236
vn -0.846 0.245 -0.474
vn -0.738 0.534 -0.414
vn -0.834 0.292 -0.468
vn -0.694 0.245 -0.677
vn -0.605 0.534 -0.591
vn -0.685 0.292 -0.668
vn -0.495 0.245 -0.833
vn -0.432 0.534 -0.727
vn -0.488 0.292 -0.822
vn -0.262 0.245 -0.933
vn -0.229 0.534 -0.814
vn -0.259 0.292 -0.921
vn -0.012 0.245 -0.969
vn -0.01 0.534 -0.846
vn -0.012 0.292 -0.956
vn 0.239 0.245 -0.939
vn 0.209 0.534 -0.819
vn 0.236 0.292 -0.927
vn 0.474 0.245 -0.846
vn 0.414 0.534 -0.738
vn 0.468 0.292 -0.834
vn 0.677 0.245 -0.694
vn 0.591 0.534 -0.605
vn 0.668 0.292 -0.685
vn 0.833 0.245 -0.495
vn 0.727 0.534 -0.432
vn 0.822 0.292 -0.488
vn 0.933 0.245 -0.262
vn 0.814 0.534 -0.229
vn 0.921 0.292 -0.259
vn 0.969 0.245 -0.012
vn 0.846 0.534 -0.01
vn 0.956 0.292 -0.012
vn -0.532 0.208 -0.821
vn -0.532 0.208 -0.821
vn -0.532 0.208 -0.821
vn -0.532 0.208 -0.821
vn -0.505 0.197 -0.84
vn -0.505 0.197 -0.84
vn -0.505 0.197 -0.84
vn -0.505 0.197 -0.84
vn -0.469 0.189 -0.862
vn -0.469 0.189 -0.862
vn -0.469 0.189 -0.862
vn -0.469 0.189 -0.862
vn -0.448 0.214 -0.868
vn -0.448 0.214 -0.868
vn -0.448 0.214 -0.868
vn -0.448 0.214 -0.868
vn -0.417 0.259 -0.872
vn -0.417 0.259 -0.872
vn -0.417 0.259 -0.872
vn -0.417 0.259 -0.872
vn -0.414 0.281 -0.866
vn -0.414 0.281 -0.866
vn -0.414 0.281 -0.866
vn -0.414 0.281 -0.866
vn -0.407 0.309 -0.859
vn -0.407 0.309 -0.859
vn -0.407 0.309 -0.859
vn -0.407 0.309 -0.859
vn -0.378 0.352 -0.856
vn -0.378 0.352 -0.856
vn -0.378 0.352 -0.856
vn -0.378 0.352 -0.856
vn -0.349 0.419 -0.838
vn -0.349 0.419 -0.838
vn -0.349 0.419 -0.838
vn -0.349 0.419 -0.838
vn -0.34 0.556 -0.759
vn -0.34 0.556 -0.759
vn -0.34 0.556 -0.759
vn -0.34 0.556 -0.759
vn -0.393 0.59 -0.706
vn -0.393 0.59 -0.706
vn -0.393 0.59 -0.706
vn -0.393 0.59 -0.706
vn -0.553 0.187 -0.812
vn -0.553 0.187 -0.812
vn -0.553 0.187 -0.812
vn -0.553 0.187 -0.812
vn -0.594 0.161 -0.789
vn -0.594 0.161 -0.789
vn -0.594 0.161 -0.789
vn -0.594 0.161 -0.789
vn -0.637 0.166 -0.753
vn -0.637 0.166 -0.753
vn -0.637 0.166 -0.753
vn -0.637 0.166 -0.753
vn -0.664 0.199 -0.721
vn -0.664 0.199 -0.721
vn -0.664 0.199 -0.721
vn -0.664 0.199 -0.721
vn -0.664 0.246 -0.706
vn -0.664 0.246 -0.706
vn -0.664 0.246 -0.706
vn -0.664 0.246 -0.706
vn -0.637 0.29 -0.714
vn -0.637 0.29 -0.714
vn -0.637 0.29 -0.714
vn -0.637 0.29 -0.714
vn -0.61 0.319 -0.725
vn -0.61 0.319 -0.725
vn -0.61 0.319 -0.725
vn -0.61 0.319 -0.725
vn -0.595 0.344 -0.727
vn -0.595 0.344 -0.727
vn -0.595 0.344 -0.727
vn -0.595 0.344 -0.727
vn -0.584 0.376 -0.719
vn -0.584 0.376 -0.719
vn -0.584 0.376 -0.719
vn -0.584 0.376 -0.719
vn -0.567 0.415 -0.711
vn -0.567 0.415 -0.711
vn -0.567 0.415 -0.711
vn -0.567 0.415 -0.711
vn -0.526 0.119 -0.842
vn -0.526 0.119 -0.842
vn -0.526 0.119 -0.842
vn -0.526 0.119 -0.842
vn -0.538 0.466 -0.703
vn -0.538 0.466 -0.703
vn -0.538 0.466 -0.703
vn -0.538 0.466 -0.703
vn -0.48 0.543 -0.688
vn -0.48 0.543 -0.688
vn -0.48 0.543 -0.688
vn -0.48 0.543 -0.688
vn -0.479 0.076 -0.875
vn -0.479 0.076 -0.875
vn -0.479 0.076 -0.875
vn -0.479 0.076 -0.875
vn -0.43 0.087 -0.898
vn -0.43 0.087 -0.898
vn -0.43 0.087 -0.898
vn -0.43 0.087 -0.898
vn -0.386 0.126 -0.914
vn -0.386 0.126 -0.914
vn -0.386 0.126 -0.914
vn -0.386 0.126 -0.914
vn -0.338 0.17 -0.925
vn -0.338 0.17 -0.925
vn -0.338 0.17 -0.925
vn -0.338 0.17 -0.925
vn -0.299 0.232 -0.926
vn -0.299 0.232 -0.926
vn -0.299 0.232 -0.926
vn -0.299 0.232 -0.926
vn -0.289 0.3 -0.909
vn -0.289 0.3 -0.909
vn -0.289 0.3 -0.909
vn -0.289 0.3 -0.909
vn -0.293 0.363 -0.885
vn -0.293 0.363 -0.885
vn -0.293 0.363 -0.885
vn -0.293 0.363 -0.885
vn -0.29 0.426 -0.857
vn -0.29 0.426 -0.857
vn -0.29 0.426 -0.857
vn -0.29 0.426 -0.857
vn -0.294 0.493 -0.818
vn -0.294 0.493 -0.818
vn -0.294 0.493 -0.818
vn -0.294 0.493 -0.818
vn -0.309 0.571 -0.76
vn -0.309 0.571 -0.76
vn -0.309 0.571 -0.76
vn -0.309 0.571 -0.76
vn -0.355 0.647 -0.675
vn -0.355 0.647 -0.675
vn -0.355 0.647 -0.675
vn -0.355 0.647 -0.675
vn -0.448 0.675 -0.586
vn -0.448 0.675 -0.586
vn -0.448 0.675 -0.586
vn -0.448 0.675 -0.586
vn -0.532 0.641 -0.554
vn -0.532 0.641 -0.554
vn -0.532 0.641 -0.554
vn -0.532 0.641 -0.554
vn -0.608 0.576 -0.546
vn -0.608 0.576 -0.546
vn -0.608 0.576 -0.546
vn -0.608 0.576 -0.546
vn -0.682 0.506 -0.528
vn -0.682 0.506 -0.528
vn -0.682 0.506 -0.528
vn -0.682 0.506 -0.528
vn -0.741 0.368 -0.562
vn -0.741 0.368 -0.562
vn -0.741 0.368 -0.562
vn -0.741 0.368 -0.562
vn -0.76 0.296 -0.578
vn -0.76 0.296 -0.578
vn -0.76 0.296 -0.578
vn -0.76 0.296 -0.578
vn -0.778 0.218 -0.589
vn -0.778 0.218 -0.589
vn -0.778 0.218 -0.589
vn -0.778 0.218 -0.589
vn -0.774 0.142 -0.617
vn -0.774 0.142 -0.617
vn -0.774 0.142 -0.617
vn -0.774 0.142 -0.617
vn -0.74 0.083 -0.667
vn -0.74 0.083 -0.667
vn -0.74 0.083 -0.667
vn -0.74 0.083 -0.667
vn -0.622 0.111 -0.775
vn -0.622 0.111 -0.775
vn -0.622 0.111 -0.775
vn -0.622 0.111 -0.775
vn -0.566 0.141 -0.812
vn -0.566 0.141 -0.812
vn -0.566 0.141 -0.812
vn -0.566 0.141 -0.812
vn -0.667 -0.673 -0.32
vn -0.667 -0.673 -0.32
vn -0.667 -0.673 -0.32
vn -0.667 -0.673 -0.32
vn 0.063 -0.687 0.724
vn 0.063 -0.687 0.724
vn 0.063 -0.687 0.724
vn 0.063 -0.687 0.724
vn 0.625 -0.066 0.778
vn 0.625 -0.066 0.778
vn 0.625 -0.066 0.778
vn 0.625 -0.066 0.778
vn 0.955 0.078 -0.288
vn 0.955 0.078 -0.288
vn 0.955 0.078 -0.288
vn 0.955 0.078 -0.288
vn -0.862 -0.506 0.024
vn -0.862 -0.506 0.024
vn -0.862 -0.506 0.024
vn -0.862 -0.506 0.024
vn -0.949 -0.291 0.12
vn -0.949 -0.291 0.12
vn -0.949 -0.291 0.12
vn -0.949 -0.291 0.12
vn -0.981 -0.066 0.183
vn -0.981 -0.066 0.183
vn -0.981 -0.066 0.183
vn -0.981 -0.066 0.183
vn -0.961 0.148 0.233
vn -0.961 0.148 0.233
vn -0.961 0.148 0.233
vn -0.961 0.148 0.233
vn -0.899 0.333 0.285
vn -0.899 0.333 0.285
vn -0.899 0.333 0.285
vn -0.899 0.333 0.285
vn -0.659 0.674 0.334
vn -0.659 0.674 0.334
vn -0.659 0.674 0.334
vn -0.659 0.674 0.334
vn -0.475 0.836 0.275
vn -0.475 0.836 0.275
vn -0.475 0.836 0.275
vn -0.475 0.836 0.275
vn -0.273 0.938 0.213
vn -0.273 0.938 0.213
vn -0.273 0.938 0.213
vn -0.273 0.938 0.213
vn -0.066 0.992 0.108
vn -0.066 0.992 0.108
vn -0.066 0.992 0.108
vn -0.066 0.992 0.108
vn 0.157 0.984 -0.085
vn 0.157 0.984 -0.085
vn 0.157 0.984 -0.085
vn 0.157 0.984 -0.085
vn 0.309 0.901 -0.303
vn 0.309 0.901 -0.303
vn 0.309 0.901 -0.303
vn 0.309 0.901 -0.303
vn 0.409 0.766 -0.496
vn 0.409 0.766 -0.496
vn 0.409 0.766 -0.496
vn 0.409 0.766 -0.496
vn 0.46 0.6 -0.655
vn 0.46 0.6 -0.655
vn 0.46 0.6 -0.655
vn 0.46 0.6 -0.655
vn 0.448 0.418 -0.79
vn 0.448 0.418 -0.79
vn 0.448 0.418 -0.79
vn 0.448 0.418 -0.79
vn 0.405 0.22 -0.887
vn 0.405 0.22 -0.887
vn 0.405 0.22 -0.887
vn 0.405 0.22 -0.887
vn 0.339 0.001 -0.941
vn 0.339 0.001 -0.941
vn 0.339 0.001 -0.941
vn 0.339 0.001 -0.941
vn 0.232 -0.208 -0.95
vn 0.232 -0.208 -0.95
vn 0.232 -0.208 -0.95
vn 0.232 -0.208 -0.95
vn 0.103 -0.379 -0.919
vn 0.103 -0.379 -0.919
vn 0.103 -0.379 -0.919
vn 0.103 -0.379 -0.919
vn -0.026 -0.528 -0.849
vn -0.026 -0.528 -0.849
vn -0.026 -0.528 -0.849
vn -0.026 -0.528 -0.849
vn -0.175 -0.63 -0.756
vn -0.175 -0.63 -0.756
vn -0.175 -0.63 -0.756
vn -0.175 -0.63 -0.756
vn -0.354 -0.659 -0.664
vn -0.354 -0.659 -0.664
vn -0.354 -0.659 -0.664
vn -0.354 -0.659 -0.664
vn -0.527 -0.669 -0.523
vn -0.527 -0.669 -0.523
vn -0.527 -0.669 -0.523
vn -0.527 -0.669 -0.523
vn -0.021 -0.6 0.8
vn -0.021 -0.6 0.8
vn -0.021 -0.6 0.8
vn -0.021 -0.6 0.8
vn -0.117 -0.487 0.866
vn -0.117 -0.487 0.866
vn -0.117 -0.487 0.866
vn -0.117 -0.487 0.866
vn -0.148 -0.352 0.924
vn -0.148 -0.352 0.924
vn -0.148 -0.352 0.924
vn -0.148 -0.352 0.924
vn -0.122 -0.216 0.969
vn -0.122 -0.216 0.969
vn -0.122 -0.216 0.969
vn -0.122 -0.216 0.969
vn -0.006 0.01 1
vn -0.006 0.01 1
vn -0.006 0.01 1
vn -0.006 0.01 1
vn 0.077 0.136 0.988
vn 0.077 0.136 0.988
vn 0.077 0.136 0.988
vn 0.077 0.136 0.988
vn 0.181 0.256 0.95
vn 0.181 0.256 0.95
vn 0.181 0.256 0.95
vn 0.181 0.256 0.95
vn 0.301 0.337 0.892
vn 0.301 0.337 0.892
vn 0.301 0.337 0.892
vn 0.301 0.337 0.892
vn 0.435 0.374 0.819
vn 0.435 0.374 0.819
vn 0.435 0.374 0.819
vn 0.435 0.374 0.819
vn 0.602 0.371 0.708
vn 0.602 0.371 0.708
vn 0.602 0.371 0.708
vn 0.602 0.371 0.708
vn 0.742 0.338 0.579
vn 0.742 0.338 0.579
vn 0.742 0.338 0.579
vn 0.742 0.338 0.579
vn 0.852 0.275 0.447
vn 0.852 0.275 0.447
vn 0.852 0.275 0.447
vn 0.852 0.275 0.447
vn 0.937 0.177 0.302
vn 0.937 0.177 0.302
vn 0.937 0.177 0.302
vn 0.937 0.177 0.302
vn 0.989 0.047 0.14
vn 0.989 0.047 0.14
vn 0.989 0.047 0.14
vn 0.989 0.047 0.14
vn 0.992 -0.13 0.009
vn 0.992 -0.13 0.009
vn 0.992 -0.13 0.009
vn 0.992 -0.13 0.009
vn 0.937 -0.35 -0.033
vn 0.937 -0.35 -0.033
vn 0.937 -0.35 -0.033
vn 0.937 -0.35 -0.033
vn 0.831 -0.557 0.002
vn 0.831 -0.557 0.002
vn 0.831 -0.557 0.002
vn 0.831 -0.557 0.002
vn 0.706 -0.706 0.067
vn 0.706 -0.706 0.067
vn 0.706 -0.706 0.067
vn 0.706 -0.706 0.067
vn 0.574 -0.803 0.158
vn 0.574 -0.803 0.158
vn 0.574 -0.803 0.158
vn 0.574 -0.803 0.158
vn 0.437 -0.861 0.26
vn 0.437 -0.861 0.26
vn 0.437 -0.861 0.26
vn 0.437 -0.861 0.26
vn 0.303 -0.881 0.363
vn 0.303 -0.881 0.363
vn 0.303 -0.881 0.363
vn 0.303 -0.881 0.363
vn 0.187 -0.849 0.494
vn 0.187 -0.849 0.494
vn 0.187 -0.849 0.494
vn 0.187 -0.849 0.494
vn 0.686 -0.154 0.711
vn 0.686 -0.154 0.711
vn 0.686 -0.154 0.711
vn 0.686 -0.154 0.711
vn 0.662 -0.233 0.712
vn 0.662 -0.233 0.712
vn 0.662 -0.233 0.712
vn 0.662 -0.233 0.712
vn 0.646 -0.28 0.71
vn 0.646 -0.28 0.71
vn 0.646 -0.28 0.71
vn 0.646 -0.28 0.71
vn 0.644 -0.315 0.698
vn 0.644 -0.315 0.698
vn 0.644 -0.315 0.698
vn 0.644 -0.315 0.698
vn 0.629 -0.347 0.695
vn 0.629 -0.347 0.695
vn 0.629 -0.347 0.695
vn 0.629 -0.347 0.695
vn 0.578 -0.384 0.72
vn 0.578 -0.384 0.72
vn 0.578 -0.384 0.72
vn 0.578 -0.384 0.72
vn 0.547 -0.384 0.744
vn 0.547 -0.384 0.744
vn 0.547 -0.384 0.744
vn 0.547 -0.384 0.744
vn 0.523 -0.375 0.765
vn 0.523 -0.375 0.765
vn 0.523 -0.375 0.765
vn 0.523 -0.375 0.765
vn 0.503 -0.38 0.776
vn 0.503 -0.38 0.776
vn 0.503 -0.38 0.776
vn 0.503 -0.38 0.776
vn 0.483 -0.4 0.779
vn 0.483 -0.4 0.779
vn 0.483 -0.4 0.779
vn 0.483 -0.4 0.779
vn 0.459 -0.4 0.793
vn 0.459 -0.4 0.793
vn 0.459 -0.4 0.793
vn 0.459 -0.4 0.793
vn 0.458 -0.361 0.812
vn 0.458 -0.361 0.812
vn 0.458 -0.361 0.812
vn 0.458 -0.361 0.812
vn 0.505 -0.311 0.805
vn 0.505 -0.311 0.805
vn 0.505 -0.311 0.805
vn 0.505 -0.311 0.805
vn 0.573 -0.285 0.768
vn 0.573 -0.285 0.768
vn 0.573 -0.285 0.768
vn 0.573 -0.285 0.768
vn 0.61 -0.299 0.734
vn 0.61 -0.299 0.734
vn 0.61 -0.299 0.734
vn 0.61 -0.299 0.734
vn 0.591 -0.327 0.737
vn 0.591 -0.327 0.737
vn 0.591 -0.327 0.737
vn 0.591 -0.327 0.737
vn 0.545 -0.332 0.77
vn 0.545 -0.332 0.77
vn 0.545 -0.332 0.77
vn 0.545 -0.332 0.77
vn 0.512 -0.31 0.801
vn 0.512 -0.31 0.801
vn 0.512 -0.31 0.801
vn 0.512 -0.31 0.801
vn 0.501 -0.274 0.821
vn 0.501 -0.274 0.821
vn 0.501 -0.274 0.821
vn 0.501 -0.274 0.821
vn 0.504 -0.238 0.83
vn 0.504 -0.238 0.83
vn 0.504 -0.238 0.83
vn 0.504 -0.238 0.83
vn 0.52 -0.187 0.834
vn 0.52 -0.187 0.834
vn 0.52 -0.187 0.834
vn 0.52 -0.187 0.834
vn 0.562 -0.11 0.82
vn 0.562 -0.11 0.82
vn 0.562 -0.11 0.82
vn 0.562 -0.11 0.82
vn 0.019 0.835 -0.549
vn 0.019 0.835 -0.549
vn 0.019 0.835 -0.549
vn 0.019 0.835 -0.549
vn -0.083 0.625 0.776
vn -0.083 0.625 0.776
vn -0.083 0.625 0.776
vn -0.083 0.625 0.776
vn -0.348 0.257 0.902
vn -0.348 0.257 0.902
vn -0.348 0.257 0.902
vn -0.348 0.257 0.902
vn -0.402 0.025 0.915
vn -0.402 0.025 0.915
vn -0.402 0.025 0.915
vn -0.402 0.025 0.915
vn -0.439 -0.208 0.874
vn -0.439 -0.208 0.874
vn -0.439 -0.208 0.874
vn -0.439 -0.208 0.874
vn -0.47 -0.408 0.783
vn -0.47 -0.408 0.783
vn -0.47 -0.408 0.783
vn -0.47 -0.408 0.783
vn -0.485 -0.589 0.646
vn -0.485 -0.589 0.646
vn -0.485 -0.589 0.646
vn -0.485 -0.589 0.646
vn -0.439 -0.763 0.473
vn -0.439 -0.763 0.473
vn -0.439 -0.763 0.473
vn -0.439 -0.763 0.473
vn 0.49 -0.837 -0.242
vn 0.49 -0.837 -0.242
vn 0.49 -0.837 -0.242
vn 0.49 -0.837 -0.242
vn -0.121 -0.984 0.13
vn -0.121 -0.984 0.13
vn -0.121 -0.984 0.13
vn -0.121 -0.984 0.13
vn 0.1 0.724 0.683
vn 0.1 0.724 0.683
vn 0.1 0.724 0.683
vn 0.1 0.724 0.683
vn 0.303 -0.941 -0.147
vn 0.303 -0.941 -0.147
vn 0.303 -0.941 -0.147
vn 0.303 -0.941 -0.147
vn 0.861 -0.334 -0.383
vn 0.861 -0.334 -0.383
vn 0.861 -0.334 -0.383
vn 0.861 -0.334 -0.383
vn 0.654 -0.682 -0.328
vn 0.654 -0.682 -0.328
vn 0.654 -0.682 -0.328
vn 0.654 -0.682 -0.328
vn 0.923 -0.139 -0.358
vn 0.923 -0.139 -0.358
vn 0.923 -0.139 -0.358
vn 0.923 -0.139 -0.358
vn -0.236 0.469 0.851
vn -0.236 0.469 0.851
vn -0.236 0.469 0.851
vn -0.236 0.469 0.851
vn 0.932 0.311 -0.187
vn 0.932 0.311 -0.187
vn 0.932 0.311 -0.187
vn 0.932 0.311 -0.187
vn 0.6 0.782 0.168
vn 0.6 0.782 0.168
vn 0.6 0.782 0.168
vn 0.6 0.782 0.168
vn -0.312 -0.903 0.295
vn -0.312 -0.903 0.295
vn -0.312 -0.903 0.295
vn -0.312 -0.903 0.295
vn 0.84 0.534 -0.098
vn 0.84 0.534 -0.098
vn 0.84 0.534 -0.098
vn 0.84 0.534 -0.098
vn 0.782 -0.499 -0.374
vn 0.782 -0.499 -0.374
vn 0.782 -0.499 -0.374
vn 0.782 -0.499 -0.374
vn 0.455 0.809 0.372
vn 0.455 0.809 0.372
vn 0.455 0.809 0.372
vn 0.455 0.809 0.372
vn 0.119 0.619 -0.777
vn 0.119 0.619 -0.777
vn 0.119 0.619 -0.777
vn 0.119 0.619 -0.777
vn 0.132 0.466 -0.875
vn 0.132 0.466 -0.875
vn 0.132 0.466 -0.875
vn 0.132 0.466 -0.875
vn 0.107 0.318 -0.942
vn 0.107 0.318 -0.942
vn 0.107 0.318 -0.942
vn 0.107 0.318 -0.942
vn 0.074 0.182 -0.98
vn 0.074 0.182 -0.98
vn 0.074 0.182 -0.98
vn 0.074 0.182 -0.98
vn 0.037 0.068 -0.997
vn 0.037 0.068 -0.997
vn 0.037 0.068 -0.997
vn 0.037 0.068 -0.997
vn -0.08 -0.152 -0.985
vn -0.08 -0.152 -0.985
vn -0.08 -0.152 -0.985
vn -0.08 -0.152 -0.985
vn -0.188 -0.269 -0.945
vn -0.188 -0.269 -0.945
vn -0.188 -0.269 -0.945
vn -0.188 -0.269 -0.945
vn -0.323 -0.332 -0.886
vn -0.323 -0.332 -0.886
vn -0.323 -0.332 -0.886
vn -0.323 -0.332 -0.886
vn -0.451 -0.369 -0.812
vn -0.451 -0.369 -0.812
vn -0.451 -0.369 -0.812
vn -0.451 -0.369 -0.812
vn -0.734 -0.371 -0.568
vn -0.734 -0.371 -0.568
vn -0.734 -0.371 -0.568
vn -0.734 -0.371 -0.568
vn -0.856 -0.284 -0.431
vn -0.856 -0.284 -0.431
vn -0.856 -0.284 -0.431
vn -0.856 -0.284 -0.431
vn -0.938 -0.148 -0.312
vn -0.938 -0.148 -0.312
vn -0.938 -0.148 -0.312
vn -0.938 -0.148 -0.312
vn -0.971 0.015 -0.238
vn -0.971 0.015 -0.238
vn -0.971 0.015 -0.238
vn -0.971 0.015 -0.238
vn -0.959 0.191 -0.207
vn -0.959 0.191 -0.207
vn -0.959 0.191 -0.207
vn -0.959 0.191 -0.207
vn -0.908 0.365 -0.204
vn -0.908 0.365 -0.204
vn -0.908 0.365 -0.204
vn -0.908 0.365 -0.204
vn -0.824 0.519 -0.227
vn -0.824 0.519 -0.227
vn -0.824 0.519 -0.227
vn -0.824 0.519 -0.227
vn -0.723 0.643 -0.253
vn -0.723 0.643 -0.253
vn -0.723 0.643 -0.253
vn -0.723 0.643 -0.253
vn -0.608 0.746 -0.271
vn -0.608 0.746 -0.271
vn -0.608 0.746 -0.271
vn -0.608 0.746 -0.271
vn -0.465 0.834 -0.295
vn -0.465 0.834 -0.295
vn -0.465 0.834 -0.295
vn -0.465 0.834 -0.295
vn -0.287 0.899 -0.331
vn -0.287 0.899 -0.331
vn -0.287 0.899 -0.331
vn -0.287 0.899 -0.331
vn -0.101 0.904 -0.416
vn -0.101 0.904 -0.416
vn -0.101 0.904 -0.416
vn -0.101 0.904 -0.416
vn -0.587 -0.396 -0.706
vn -0.587 -0.396 -0.706
vn -0.587 -0.396 -0.706
vn -0.587 -0.396 -0.706
vn 0.116 -0.771 0.626
vn 0.116 -0.771 0.626
vn 0.116 -0.771 0.626
vn 0.116 -0.771 0.626
vn 0.675 -0.085 0.733
vn 0.675 -0.085 0.733
vn 0.675 -0.085 0.733
vn 0.675 -0.085 0.733
vn 0.088 -0.996 -0.02
vn 0.088 -0.996 -0.02
vn 0.088 -0.996 -0.02
vn 0.088 -0.996 -0.02
vn 0.079 0.74 -0.668
vn 0.079 0.74 -0.668
vn 0.079 0.74 -0.668
vn 0.079 0.74 -0.668
vn -0.333 0.49 -0.806
vn -0.333 0.49 -0.806
vn -0.333 0.49 -0.806
vn -0.333 0.49 -0.806
vn -0.683 0.076 -0.727
vn -0.683 0.076 -0.727
vn -0.683 0.076 -0.727
vn -0.683 0.076 -0.727
vn -0.763 -0.634 -0.126
vn -0.763 -0.634 -0.126
vn -0.763 -0.634 -0.126
vn -0.763 -0.634 -0.126
vn -0.071 -0.096 0.993
vn -0.071 -0.096 0.993
vn -0.071 -0.096 0.993
vn -0.071 -0.096 0.993
vn 0.606 -0.37 0.704
vn 0.606 -0.37 0.704
vn 0.606 -0.37 0.704
vn 0.606 -0.37 0.704
vn 0.717 0.697 0.018
vn 0.717 0.697 0.018
vn 0.717 0.697 0.018
vn 0.717 0.697 0.018
vn -0.01 -0.032 -1
vn -0.01 -0.032 -1
vn -0.01 -0.032 -1
vn -0.01 -0.032 -1
vn -0.433 0.241 -0.869
vn -0.433 0.241 -0.869
vn -0.433 0.241 -0.869
vn -0.433 0.241 -0.869
vn -0.726 0.435 -0.533
vn -0.726 0.435 -0.533
vn -0.726 0.435 -0.533
vn -0.726 0.435 -0.533
vn -0.802 0.493 0.337
vn -0.802 0.493 0.337
vn -0.802 0.493 0.337
vn -0.802 0.493 0.337
vn 0.287 0.779 0.557
vn 0.287 0.779 0.557
vn 0.287 0.779 0.557
vn 0.287 0.779 0.557
vn -0.5 0.411 -0.762
vn -0.5 0.411 -0.762
vn -0.5 0.411 -0.762
vn -0.5 0.411 -0.762
vn -0.475 0.401 -0.783
vn -0.475 0.401 -0.783
vn -0.475 0.401 -0.783
vn -0.475 0.401 -0.783
vn -0.441 0.392 -0.807
vn -0.441 0.392 -0.807
vn -0.441 0.392 -0.807
vn -0.441 0.392 -0.807
vn -0.416 0.416 -0.809
vn -0.416 0.416 -0.809
vn -0.416 0.416 -0.809
vn -0.416 0.416 -0.809
vn -0.379 0.456 -0.805
vn -0.379 0.456 -0.805
vn -0.379 0.456 -0.805
vn -0.379 0.456 -0.805
vn -0.374 0.476 -0.796
vn -0.374 0.476 -0.796
vn -0.374 0.476 -0.796
vn -0.374 0.476 -0.796
vn -0.364 0.501 -0.785
vn -0.364 0.501 -0.785
vn -0.364 0.501 -0.785
vn -0.364 0.501 -0.785
vn -0.329 0.54 -0.775
vn -0.329 0.54 -0.775
vn -0.329 0.54 -0.775
vn -0.329 0.54 -0.775
vn -0.292 0.598 -0.746
vn -0.292 0.598 -0.746
vn -0.292 0.598 -0.746
vn -0.292 0.598 -0.746
vn -0.266 0.717 -0.645
vn -0.266 0.717 -0.645
vn -0.266 0.717 -0.645
vn -0.266 0.717 -0.645
vn -0.314 0.748 -0.585
vn -0.314 0.748 -0.585
vn -0.314 0.748 -0.585
vn -0.314 0.748 -0.585
vn -0.524 0.392 -0.756
vn -0.524 0.392 -0.756
vn -0.524 0.392 -0.756
vn -0.524 0.392 -0.756
vn -0.568 0.368 -0.737
vn -0.568 0.368 -0.737
vn -0.568 0.368 -0.737
vn -0.568 0.368 -0.737
vn -0.61 0.372 -0.7
vn -0.61 0.372 -0.7
vn -0.61 0.372 -0.7
vn -0.61 0.372 -0.7
vn -0.632 0.403 -0.662
vn -0.632 0.403 -0.662
vn -0.632 0.403 -0.662
vn -0.632 0.403 -0.662
vn -0.627 0.446 -0.639
vn -0.627 0.446 -0.639
vn -0.627 0.446 -0.639
vn -0.627 0.446 -0.639
vn -0.594 0.486 -0.641
vn -0.594 0.486 -0.641
vn -0.594 0.486 -0.641
vn -0.594 0.486 -0.641
vn -0.564 0.513 -0.647
vn -0.564 0.513 -0.647
vn -0.564 0.513 -0.647
vn -0.564 0.513 -0.647
vn -0.545 0.537 -0.644
vn -0.545 0.537 -0.644
vn -0.545 0.537 -0.644
vn -0.545 0.537 -0.644
vn -0.531 0.565 -0.631
vn -0.531 0.565 -0.631
vn -0.531 0.565 -0.631
vn -0.531 0.565 -0.631
vn -0.51 0.6 -0.617
vn -0.51 0.6 -0.617
vn -0.51 0.6 -0.617
vn -0.51 0.6 -0.617
vn -0.506 0.327 -0.798
vn -0.506 0.327 -0.798
vn -0.506 0.327 -0.798
vn -0.506 0.327 -0.798
vn -0.474 0.644 -0.601
vn -0.474 0.644 -0.601
vn -0.474 0.644 -0.601
vn -0.474 0.644 -0.601
vn -0.407 0.71 -0.575
vn -0.407 0.71 -0.575
vn -0.407 0.71 -0.575
vn -0.407 0.71 -0.575
vn -0.464 0.285 -0.838
vn -0.464 0.285 -0.838
vn -0.464 0.285 -0.838
vn -0.464 0.285 -0.838
vn -0.415 0.294 -0.861
vn -0.415 0.294 -0.861
vn -0.415 0.294 -0.861
vn -0.415 0.294 -0.861
vn -0.366 0.33 -0.87
vn -0.366 0.33 -0.87
vn -0.366 0.33 -0.87
vn -0.366 0.33 -0.87
vn -0.313 0.369 -0.875
vn -0.313 0.369 -0.875
vn -0.313 0.369 -0.875
vn -0.313 0.369 -0.875
vn -0.266 0.424 -0.866
vn -0.266 0.424 -0.866
vn -0.266 0.424 -0.866
vn -0.266 0.424 -0.866
vn -0.248 0.487 -0.837
vn -0.248 0.487 -0.837
vn -0.248 0.487 -0.837
vn -0.248 0.487 -0.837
vn -0.244 0.544 -0.803
vn -0.244 0.544 -0.803
vn -0.244 0.544 -0.803
vn -0.244 0.544 -0.803
vn -0.232 0.601 -0.765
vn -0.232 0.601 -0.765
vn -0.232 0.601 -0.765
vn -0.232 0.601 -0.765
vn -0.228 0.66 -0.715
vn -0.228 0.66 -0.715
vn -0.228 0.66 -0.715
vn -0.228 0.66 -0.715
vn -0.234 0.729 -0.644
vn -0.234 0.729 -0.644
vn -0.234 0.729 -0.644
vn -0.234 0.729 -0.644
vn -0.269 0.793 -0.546
vn -0.269 0.793 -0.546
vn -0.269 0.793 -0.546
vn -0.269 0.793 -0.546
vn -0.358 0.817 -0.452
vn -0.358 0.817 -0.452
vn -0.358 0.817 -0.452
vn -0.358 0.817 -0.452
vn -0.446 0.788 -0.424
vn -0.446 0.788 -0.424
vn -0.446 0.788 -0.424
vn -0.446 0.788 -0.424
vn -0.53 0.733 -0.427
vn -0.53 0.733 -0.427
vn -0.53 0.733 -0.427
vn -0.53 0.733 -0.427
vn -0.611 0.671 -0.419
vn -0.611 0.671 -0.419
vn -0.611 0.671 -0.419
vn -0.611 0.671 -0.419
vn -0.688 0.549 -0.474
vn -0.688 0.549 -0.474
vn -0.688 0.549 -0.474
vn -0.688 0.549 -0.474
vn -0.716 0.484 -0.503
vn -0.716 0.484 -0.503
vn -0.716 0.484 -0.503
vn -0.716 0.484 -0.503
vn -0.744 0.412 -0.527
vn -0.744 0.412 -0.527
vn -0.744 0.412 -0.527
vn -0.744 0.412 -0.527
vn -0.749 0.343 -0.567
vn -0.749 0.343 -0.567
vn -0.749 0.343 -0.567
vn -0.749 0.343 -0.567
vn -0.723 0.289 -0.628
vn -0.723 0.289 -0.628
vn -0.723 0.289 -0.628
vn -0.723 0.289 -0.628
vn -0.602 0.32 -0.732
vn -0.602 0.32 -0.732
vn -0.602 0.32 -0.732
vn -0.602 0.32 -0.732
vn -0.543 0.349 -0.764
vn -0.543 0.349 -0.764
vn -0.543 0.349 -0.764
vn -0.543 0.349 -0.764
vn -0.746 -0.519 -0.417
vn -0.746 -0.519 -0.417
vn -0.746 -0.519 -0.417
vn -0.746 -0.519 -0.417
vn -0.025 -0.805 0.593
vn -0.025 -0.805 0.593
vn -0.025 -0.805 0.593
vn -0.025 -0.805 0.593
vn 0.61 -0.277 0.743
vn 0.61 -0.277 0.743
vn 0.61 -0.277 0.743
vn 0.61 -0.277 0.743
vn 0.957 0.007 -0.29
vn 0.957 0.007 -0.29
vn 0.957 0.007 -0.29
vn 0.957 0.007 -0.29
vn -0.919 -0.391 -0.046
vn -0.919 -0.391 -0.046
vn -0.919 -0.391 -0.046
vn -0.919 -0.391 -0.046
vn -0.979 -0.187 0.088
vn -0.979 -0.187 0.088
vn -0.979 -0.187 0.088
vn -0.979 -0.187 0.088
vn -0.981 0.026 0.189
vn -0.981 0.026 0.189
vn -0.981 0.026 0.189
vn -0.981 0.026 0.189
vn -0.935 0.224 0.274
vn -0.935 0.224 0.274
vn -0.935 0.224 0.274
vn -0.935 0.224 0.274
vn -0.85 0.388 0.356
vn -0.85 0.388 0.356
vn -0.85 0.388 0.356
vn -0.85 0.388 0.356
vn -0.569 0.683 0.458
vn -0.569 0.683 0.458
vn -0.569 0.683 0.458
vn -0.569 0.683 0.458
vn -0.366 0.829 0.424
vn -0.366 0.829 0.424
vn -0.366 0.829 0.424
vn -0.366 0.829 0.424
vn -0.153 0.914 0.376
vn -0.153 0.914 0.376
vn -0.153 0.914 0.376
vn -0.153 0.914 0.376
vn 0.06 0.958 0.279
vn 0.06 0.958 0.279
vn 0.06 0.958 0.279
vn 0.06 0.958 0.279
vn 0.28 0.957 0.082
vn 0.28 0.957 0.082
vn 0.28 0.957 0.082
vn 0.28 0.957 0.082
vn 0.421 0.895 -0.149
vn 0.421 0.895 -0.149
vn 0.421 0.895 -0.149
vn 0.421 0.895 -0.149
vn 0.503 0.783 -0.365
vn 0.503 0.783 -0.365
vn 0.503 0.783 -0.365
vn 0.503 0.783 -0.365
vn 0.533 0.642 -0.551
vn 0.533 0.642 -0.551
vn 0.533 0.642 -0.551
vn 0.533 0.642 -0.551
vn 0.499 0.49 -0.715
vn 0.499 0.49 -0.715
vn 0.499 0.49 -0.715
vn 0.499 0.49 -0.715
vn 0.431 0.318 -0.844
vn 0.431 0.318 -0.844
vn 0.431 0.318 -0.844
vn 0.431 0.318 -0.844
vn 0.337 0.121 -0.934
vn 0.337 0.121 -0.934
vn 0.337 0.121 -0.934
vn 0.337 0.121 -0.934
vn 0.205 -0.068 -0.977
vn 0.205 -0.068 -0.977
vn 0.205 -0.068 -0.977
vn 0.205 -0.068 -0.977
vn 0.055 -0.224 -0.973
vn 0.055 -0.224 -0.973
vn 0.055 -0.224 -0.973
vn 0.055 -0.224 -0.973
vn -0.091 -0.366 -0.926
vn -0.091 -0.366 -0.926
vn -0.091 -0.366 -0.926
vn -0.091 -0.366 -0.926
vn -0.252 -0.463 -0.85
vn -0.252 -0.463 -0.85
vn -0.252 -0.463 -0.85
vn -0.252 -0.463 -0.85
vn -0.433 -0.485 -0.76
vn -0.433 -0.485 -0.76
vn -0.433 -0.485 -0.76
vn -0.433 -0.485 -0.76
vn -0.607 -0.498 -0.619
vn -0.607 -0.498 -0.619
vn -0.607 -0.498 -0.619
vn -0.607 -0.498 -0.619
vn -0.098 -0.722 0.685
vn -0.098 -0.722 0.685
vn -0.098 -0.722 0.685
vn -0.098 -0.722 0.685
vn -0.179 -0.611 0.771
vn -0.179 -0.611 0.771
vn -0.179 -0.611 0.771
vn -0.179 -0.611 0.771
vn -0.193 -0.485 0.853
vn -0.193 -0.485 0.853
vn -0.193 -0.485 0.853
vn -0.193 -0.485 0.853
vn -0.15 -0.364 0.919
vn -0.15 -0.364 0.919
vn -0.15 -0.364 0.919
vn -0.15 -0.364 0.919
vn -0.006 -0.163 0.987
vn -0.006 -0.163 0.987
vn -0.006 -0.163 0.987
vn -0.006 -0.163 0.987
vn 0.093 -0.047 0.995
vn 0.093 -0.047 0.995
vn 0.093 -0.047 0.995
vn 0.093 -0.047 0.995
vn 0.211 0.063 0.976
vn 0.211 0.063 0.976
vn 0.211 0.063 0.976
vn 0.211 0.063 0.976
vn 0.34 0.137 0.931
vn 0.34 0.137 0.931
vn 0.34 0.137 0.931
vn 0.34 0.137 0.931
vn 0.478 0.169 0.862
vn 0.478 0.169 0.862
vn 0.478 0.169 0.862
vn 0.478 0.169 0.862
vn 0.643 0.165 0.748
vn 0.643 0.165 0.748
vn 0.643 0.165 0.748
vn 0.643 0.165 0.748
vn 0.778 0.138 0.613
vn 0.778 0.138 0.613
vn 0.778 0.138 0.613
vn 0.778 0.138 0.613
vn 0.879 0.085 0.469
vn 0.879 0.085 0.469
vn 0.879 0.085 0.469
vn 0.879 0.085 0.469
vn 0.951 0.004 0.308
vn 0.951 0.004 0.308
vn 0.951 0.004 0.308
vn 0.951 0.004 0.308
vn 0.987 -0.102 0.125
vn 0.987 -0.102 0.125
vn 0.987 -0.102 0.125
vn 0.987 -0.102 0.125
vn 0.967 -0.252 -0.033
vn 0.967 -0.252 -0.033
vn 0.967 -0.252 -0.033
vn 0.967 -0.252 -0.033
vn 0.885 -0.453 -0.112
vn 0.885 -0.453 -0.112
vn 0.885 -0.453 -0.112
vn 0.885 -0.453 -0.112
vn 0.754 -0.647 -0.111
vn 0.754 -0.647 -0.111
vn 0.754 -0.647 -0.111
vn 0.754 -0.647 -0.111
vn 0.61 -0.789 -0.07
vn 0.61 -0.789 -0.07
vn 0.61 -0.789 -0.07
vn 0.61 -0.789 -0.07
vn 0.468 -0.884 0.005
vn 0.468 -0.884 0.005
vn 0.468 -0.884 0.005
vn 0.468 -0.884 0.005
vn 0.325 -0.941 0.099
vn 0.325 -0.941 0.099
vn 0.325 -0.941 0.099
vn 0.325 -0.941 0.099
vn 0.189 -0.961 0.2
vn 0.189 -0.961 0.2
vn 0.189 -0.961 0.2
vn 0.189 -0.961 0.2
vn 0.078 -0.938 0.337
vn 0.078 -0.938 0.337
vn 0.078 -0.938 0.337
vn 0.078 -0.938 0.337
vn 0.66 -0.359 0.66
vn 0.66 -0.359 0.66
vn 0.66 -0.359 0.66
vn 0.66 -0.359 0.66
vn 0.626 -0.433 0.648
vn 0.626 -0.433 0.648
vn 0.626 -0.433 0.648
vn 0.626 -0.433 0.648
vn 0.605 -0.477 0.638
vn 0.605 -0.477 0.638
vn 0.605 -0.477 0.638
vn 0.605 -0.477 0.638
vn 0.598 -0.508 0.62
vn 0.598 -0.508 0.62
vn 0.598 -0.508 0.62
vn 0.598 -0.508 0.62
vn 0.58 -0.538 0.612
vn 0.58 -0.538 0.612
vn 0.58 -0.538 0.612
vn 0.58 -0.538 0.612
vn 0.523 -0.572 0.632
vn 0.523 -0.572 0.632
vn 0.523 -0.572 0.632
vn 0.523 -0.572 0.632
vn 0.493 -0.572 0.655
vn 0.493 -0.572 0.655
vn 0.493 -0.572 0.655
vn 0.493 -0.572 0.655
vn 0.471 -0.564 0.679
vn 0.471 -0.564 0.679
vn 0.471 -0.564 0.679
vn 0.471 -0.564 0.679
vn 0.45 -0.569 0.689
vn 0.45 -0.569 0.689
vn 0.45 -0.569 0.689
vn 0.45 -0.569 0.689
vn 0.428 -0.586 0.688
vn 0.428 -0.586 0.688
vn 0.428 -0.586 0.688
vn 0.428 -0.586 0.688
vn 0.404 -0.586 0.703
vn 0.404 -0.586 0.703
vn 0.404 -0.586 0.703
vn 0.404 -0.586 0.703
vn 0.407 -0.551 0.729
vn 0.407 -0.551 0.729
vn 0.407 -0.551 0.729
vn 0.407 -0.551 0.729
vn 0.461 -0.506 0.729
vn 0.461 -0.506 0.729
vn 0.461 -0.506 0.729
vn 0.461 -0.506 0.729
vn 0.532 -0.483 0.695
vn 0.532 -0.483 0.695
vn 0.532 -0.483 0.695
vn 0.532 -0.483 0.695
vn 0.566 -0.495 0.659
vn 0.566 -0.495 0.659
vn 0.566 -0.495 0.659
vn 0.566 -0.495 0.659
vn 0.544 -0.521 0.658
vn 0.544 -0.521 0.658
vn 0.544 -0.521 0.658
vn 0.544 -0.521 0.658
vn 0.498 -0.525 0.69
vn 0.498 -0.525 0.69
vn 0.498 -0.525 0.69
vn 0.498 -0.525 0.69
vn 0.468 -0.505 0.726
vn 0.468 -0.505 0.726
vn 0.468 -0.505 0.726
vn 0.468 -0.505 0.726
vn 0.461 -0.473 0.751
vn 0.461 -0.473 0.751
vn 0.461 -0.473 0.751
vn 0.461 -0.473 0.751
vn 0.469 -0.439 0.766
vn 0.469 -0.439 0.766
vn 0.469 -0.439 0.766
vn 0.469 -0.439 0.766
vn 0.491 -0.391 0.778
vn 0.491 -0.391 0.778
vn 0.491 -0.391 0.778
vn 0.491 -0.391 0.778
vn 0.542 -0.32 0.777
vn 0.542 -0.32 0.777
vn 0.542 -0.32 0.777
vn 0.542 -0.32 0.777
vn 0.125 0.909 -0.398
vn 0.125 0.909 -0.398
vn 0.125 0.909 -0.398
vn 0.125 0.909 -0.398
vn -0.004 0.487 0.874
vn -0.004 0.487 0.874
vn -0.004 0.487 0.874
vn -0.004 0.487 0.874
vn -0.314 0.138 0.939
vn -0.314 0.138 0.939
vn -0.314 0.138 0.939
vn -0.314 0.138 0.939
vn -0.397 -0.084 0.914
vn -0.397 -0.084 0.914
vn -0.397 -0.084 0.914
vn -0.397 -0.084 0.914
vn -0.463 -0.3 0.834
vn -0.463 -0.3 0.834
vn -0.463 -0.3 0.834
vn -0.463 -0.3 0.834
vn -0.519 -0.476 0.71
vn -0.519 -0.476 0.71
vn -0.519 -0.476 0.71
vn -0.519 -0.476 0.71
vn -0.557 -0.627 0.544
vn -0.557 -0.627 0.544
vn -0.557 -0.627 0.544
vn -0.557 -0.627 0.544
vn -0.533 -0.773 0.344
vn -0.533 -0.773 0.344
vn -0.533 -0.773 0.344
vn -0.533 -0.773 0.344
vn 0.381 -0.837 -0.392
vn 0.381 -0.837 -0.392
vn 0.381 -0.837 -0.392
vn 0.381 -0.837 -0.392
vn -0.244 -0.969 -0.039
vn -0.244 -0.969 -0.039
vn -0.244 -0.969 -0.039
vn -0.244 -0.969 -0.039
vn 0.19 0.576 0.795
vn 0.19 0.576 0.795
vn 0.19 0.576 0.795
vn 0.19 0.576 0.795
vn 0.182 -0.932 -0.313
vn 0.182 -0.932 -0.313
vn 0.182 -0.932 -0.313
vn 0.182 -0.932 -0.313
vn 0.812 -0.367 -0.452
vn 0.812 -0.367 -0.452
vn 0.812 -0.367 -0.452
vn 0.812 -0.367 -0.452
vn 0.563 -0.69 -0.454
vn 0.563 -0.69 -0.454
vn 0.563 -0.69 -0.454
vn 0.563 -0.69 -0.454
vn 0.899 -0.189 -0.395
vn 0.899 -0.189 -0.395
vn 0.899 -0.189 -0.395
vn 0.899 -0.189 -0.395
vn -0.176 0.341 0.923
vn -0.176 0.341 0.923
vn -0.176 0.341 0.923
vn -0.176 0.341 0.923
vn 0.964 0.22 -0.15
vn 0.964 0.22 -0.15
vn 0.964 0.22 -0.15
vn 0.964 0.22 -0.15
vn 0.693 0.661 0.288
vn 0.693 0.661 0.288
vn 0.693 0.661 0.288
vn 0.693 0.661 0.288
vn -0.424 -0.895 0.141
vn -0.424 -0.895 0.141
vn -0.424 -0.895 0.141
vn -0.424 -0.895 0.141
vn 0.9 0.434 -0.022
vn 0.9 0.434 -0.022
vn 0.9 0.434 -0.022
vn 0.9 0.434 -0.022
vn 0.713 -0.52 -0.47
vn 0.713 -0.52 -0.47
vn 0.713 -0.52 -0.47
vn 0.713 -0.52 -0.47
vn 0.554 0.669 0.496
vn 0.554 0.669 0.496
vn 0.554 0.669 0.496
vn 0.554 0.669 0.496
vn 0.197 0.724 -0.661
vn 0.197 0.724 -0.661
vn 0.197 0.724 -0.661
vn 0.197 0.724 -0.661
vn 0.191 0.59 -0.784
vn 0.191 0.59 -0.784
vn 0.191 0.59 -0.784
vn 0.191 0.59 -0.784
vn 0.147 0.461 -0.875
vn 0.147 0.461 -0.875
vn 0.147 0.461 -0.875
vn 0.147 0.461 -0.875
vn 0.097 0.339 -0.936
vn 0.097 0.339 -0.936
vn 0.097 0.339 -0.936
vn 0.097 0.339 -0.936
vn 0.047 0.235 -0.971
vn 0.047 0.235 -0.971
vn 0.047 0.235 -0.971
vn 0.047 0.235 -0.971
vn -0.098 0.032 -0.995
vn -0.098 0.032 -0.995
vn -0.098 0.032 -0.995
vn -0.098 0.032 -0.995
vn -0.219 -0.076 -0.973
vn -0.219 -0.076 -0.973
vn -0.219 -0.076 -0.973
vn -0.219 -0.076 -0.973
vn -0.361 -0.131 -0.923
vn -0.361 -0.131 -0.923
vn -0.361 -0.131 -0.923
vn -0.361 -0.131 -0.923
vn -0.493 -0.164 -0.854
vn -0.493 -0.164 -0.854
vn -0.493 -0.164 -0.854
vn -0.493 -0.164 -0.854
vn -0.774 -0.173 -0.609
vn -0.774 -0.173 -0.609
vn -0.774 -0.173 -0.609
vn -0.774 -0.173 -0.609
vn -0.885 -0.096 -0.456
vn -0.885 -0.096 -0.456
vn -0.885 -0.096 -0.456
vn -0.885 -0.096 -0.456
vn -0.949 0.026 -0.313
vn -0.949 0.026 -0.313
vn -0.949 0.026 -0.313
vn -0.949 0.026 -0.313
vn -0.961 0.177 -0.212
vn -0.961 0.177 -0.212
vn -0.961 0.177 -0.212
vn -0.961 0.177 -0.212
vn -0.927 0.342 -0.152
vn -0.927 0.342 -0.152
vn -0.927 0.342 -0.152
vn -0.927 0.342 -0.152
vn -0.854 0.505 -0.12
vn -0.854 0.505 -0.12
vn -0.854 0.505 -0.12
vn -0.854 0.505 -0.12
vn -0.751 0.649 -0.117
vn -0.751 0.649 -0.117
vn -0.751 0.649 -0.117
vn -0.751 0.649 -0.117
vn -0.635 0.762 -0.124
vn -0.635 0.762 -0.124
vn -0.635 0.762 -0.124
vn -0.635 0.762 -0.124
vn -0.508 0.852 -0.127
vn -0.508 0.852 -0.127
vn -0.508 0.852 -0.127
vn -0.508 0.852 -0.127
vn -0.355 0.924 -0.138
vn -0.355 0.924 -0.138
vn -0.355 0.924 -0.138
vn -0.355 0.924 -0.138
vn -0.171 0.971 -0.165
vn -0.171 0.971 -0.165
vn -0.171 0.971 -0.165
vn -0.171 0.971 -0.165
vn 0.014 0.968 -0.252
vn 0.014 0.968 -0.252
vn 0.014 0.968 -0.252
vn 0.014 0.968 -0.252
vn -0.631 -0.192 -0.751
vn -0.631 -0.192 -0.751
vn -0.631 -0.192 -0.751
vn -0.631 -0.192 -0.751
vn 0.016 -0.876 0.481
vn 0.016 -0.876 0.481
vn 0.016 -0.876 0.481
vn 0.016 -0.876 0.481
vn 0.658 -0.294 0.693
vn 0.658 -0.294 0.693
vn 0.658 -0.294 0.693
vn 0.658 -0.294 0.693
vn -0.038 -0.98 -0.193
vn -0.038 -0.98 -0.193
vn -0.038 -0.98 -0.193
vn -0.038 -0.98 -0.193
vn 0.173 0.829 -0.532
vn 0.173 0.829 -0.532
vn 0.173 0.829 -0.532
vn 0.173 0.829 -0.532
vn -0.268 0.66 -0.703
vn -0.268 0.66 -0.703
vn -0.268 0.66 -0.703
vn -0.268 0.66 -0.703
vn -0.667 0.285 -0.689
vn -0.667 0.285 -0.689
vn -0.667 0.285 -0.689
vn -0.667 0.285 -0.689
vn -0.837 -0.502 -0.218
vn -0.837 -0.502 -0.218
vn -0.837 -0.502 -0.218
vn -0.837 -0.502 -0.218
vn -0.084 -0.257 0.963
vn -0.084 -0.257 0.963
vn -0.084 -0.257 0.963
vn -0.084 -0.257 0.963
vn 0.554 -0.559 0.617
vn 0.554 -0.559 0.617
vn 0.554 -0.559 0.617
vn 0.554 -0.559 0.617
vn 0.799 0.588 0.123
vn 0.799 0.588 0.123
vn 0.799 0.588 0.123
vn 0.799 0.588 0.123
vn -0.013 0.143 -0.99
vn -0.013 0.143 -0.99
vn -0.013 0.143 -0.99
vn -0.013 0.143 -0.99
vn -0.398 0.44 -0.805
vn -0.398 0.44 -0.805
vn -0.398 0.44 -0.805
vn -0.398 0.44 -0.805
vn -0.665 0.607 -0.435
vn -0.665 0.607 -0.435
vn -0.665 0.607 -0.435
vn -0.665 0.607 -0.435
vn -0.733 0.523 0.434
vn -0.733 0.523 0.434
vn -0.733 0.523 0.434
vn -0.733 0.523 0.434
vn 0.383 0.629 0.677
vn 0.383 0.629 0.677
vn 0.383 0.629 0.677
vn 0.383 0.629 0.677
vn 0.917 0.176 -0.359
vn 0.917 0.176 -0.359
vn 0.917 0.176 -0.359
vn 0.917 0.176 -0.359
vn 0.907 0.161 -0.389
vn 0.907 0.161 -0.389
vn 0.907 0.161 -0.389
vn 0.907 0.161 -0.389
vn 0.892 0.149 -0.428
vn 0.892 0.149 -0.428
vn 0.892 0.149 -0.428
vn 0.892 0.149 -0.428
vn 0.877 0.173 -0.448
vn 0.877 0.173 -0.448
vn 0.877 0.173 -0.448
vn 0.877 0.173 -0.448
vn 0.854 0.214 -0.474
vn 0.854 0.214 -0.474
vn 0.854 0.214 -0.474
vn 0.854 0.214 -0.474
vn 0.848 0.237 -0.474
vn 0.848 0.237 -0.474
vn 0.848 0.237 -0.474
vn 0.848 0.237 -0.474
vn 0.839 0.264 -0.475
vn 0.839 0.264 -0.475
vn 0.839 0.264 -0.475
vn 0.839 0.264 -0.475
vn 0.813 0.306 -0.495
vn 0.813 0.306 -0.495
vn 0.813 0.306 -0.495
vn 0.813 0.306 -0.495
vn 0.779 0.372 -0.505
vn 0.779 0.372 -0.505
vn 0.779 0.372 -0.505
vn 0.779 0.372 -0.505
vn 0.723 0.514 -0.461
vn 0.723 0.514 -0.461
vn 0.723 0.514 -0.461
vn 0.723 0.514 -0.461
vn 0.732 0.557 -0.392
vn 0.732 0.557 -0.392
vn 0.732 0.557 -0.392
vn 0.732 0.557 -0.392
vn 0.928 0.157 -0.337
vn 0.928 0.157 -0.337
vn 0.928 0.157 -0.337
vn 0.928 0.157 -0.337
vn 0.947 0.135 -0.291
vn 0.947 0.135 -0.291
vn 0.947 0.135 -0.291
vn 0.947 0.135 -0.291
vn 0.96 0.147 -0.237
vn 0.96 0.147 -0.237
vn 0.96 0.147 -0.237
vn 0.96 0.147 -0.237
vn 0.962 0.184 -0.199
vn 0.962 0.184 -0.199
vn 0.962 0.184 -0.199
vn 0.962 0.184 -0.199
vn 0.954 0.232 -0.191
vn 0.954 0.232 -0.191
vn 0.954 0.232 -0.191
vn 0.954 0.232 -0.191
vn 0.937 0.274 -0.219
vn 0.937 0.274 -0.219
vn 0.937 0.274 -0.219
vn 0.937 0.274 -0.219
vn 0.921 0.3 -0.246
vn 0.921 0.3 -0.246
vn 0.921 0.3 -0.246
vn 0.921 0.3 -0.246
vn 0.909 0.325 -0.26
vn 0.909 0.325 -0.26
vn 0.909 0.325 -0.26
vn 0.909 0.325 -0.26
vn 0.896 0.357 -0.264
vn 0.896 0.357 -0.264
vn 0.896 0.357 -0.264
vn 0.896 0.357 -0.264
vn 0.877 0.395 -0.272
vn 0.877 0.395 -0.272
vn 0.877 0.395 -0.272
vn 0.877 0.395 -0.272
vn 0.925 0.084 -0.369
vn 0.925 0.084 -0.369
vn 0.925 0.084 -0.369
vn 0.925 0.084 -0.369
vn 0.849 0.443 -0.29
vn 0.849 0.443 -0.29
vn 0.849 0.443 -0.29
vn 0.849 0.443 -0.29
vn 0.793 0.518 -0.321
vn 0.793 0.518 -0.321
vn 0.793 0.518 -0.321
vn 0.793 0.518 -0.321
vn 0.907 0.034 -0.42
vn 0.907 0.034 -0.42
vn 0.907 0.034 -0.42
vn 0.907 0.034 -0.42
vn 0.882 0.04 -0.47
vn 0.882 0.04 -0.47
vn 0.882 0.04 -0.47
vn 0.882 0.04 -0.47
vn 0.855 0.075 -0.512
vn 0.855 0.075 -0.512
vn 0.855 0.075 -0.512
vn 0.855 0.075 -0.512
vn 0.823 0.115 -0.556
vn 0.823 0.115 -0.556
vn 0.823 0.115 -0.556
vn 0.823 0.115 -0.556
vn 0.791 0.174 -0.586
vn 0.791 0.174 -0.586
vn 0.791 0.174 -0.586
vn 0.791 0.174 -0.586
vn 0.772 0.244 -0.586
vn 0.772 0.244 -0.586
vn 0.772 0.244 -0.586
vn 0.772 0.244 -0.586
vn 0.761 0.308 -0.57
vn 0.761 0.308 -0.57
vn 0.761 0.308 -0.57
vn 0.761 0.308 -0.57
vn 0.742 0.374 -0.557
vn 0.742 0.374 -0.557
vn 0.742 0.374 -0.557
vn 0.742 0.374 -0.557
vn 0.722 0.444 -0.53
vn 0.722 0.444 -0.53
vn 0.722 0.444 -0.53
vn 0.722 0.444 -0.53
vn 0.699 0.528 -0.483
vn 0.699 0.528 -0.483
vn 0.699 0.528 -0.483
vn 0.699 0.528 -0.483
vn 0.683 0.614 -0.396
vn 0.683 0.614 -0.396
vn 0.683 0.614 -0.396
vn 0.683 0.614 -0.396
vn 0.705 0.655 -0.272
vn 0.705 0.655 -0.272
vn 0.705 0.655 -0.272
vn 0.705 0.655 -0.272
vn 0.753 0.629 -0.192
vn 0.753 0.629 -0.192
vn 0.753 0.629 -0.192
vn 0.753 0.629 -0.192
vn 0.811 0.57 -0.134
vn 0.811 0.57 -0.134
vn 0.811 0.57 -0.134
vn 0.811 0.57 -0.134
vn 0.858 0.508 -0.068
vn 0.858 0.508 -0.068
vn 0.858 0.508 -0.068
vn 0.858 0.508 -0.068
vn 0.927 0.371 -0.044
vn 0.927 0.371 -0.044
vn 0.927 0.371 -0.044
vn 0.927 0.371 -0.044
vn 0.953 0.3 -0.038
vn 0.953 0.3 -0.038
vn 0.953 0.3 -0.038
vn 0.953 0.3 -0.038
vn 0.975 0.222 -0.027
vn 0.975 0.222 -0.027
vn 0.975 0.222 -0.027
vn 0.975 0.222 -0.027
vn 0.989 0.144 -0.044
vn 0.989 0.144 -0.044
vn 0.989 0.144 -0.044
vn 0.989 0.144 -0.044
vn 0.992 0.078 -0.099
vn 0.992 0.078 -0.099
vn 0.992 0.078 -0.099
vn 0.992 0.078 -0.099
vn 0.961 0.089 -0.26
vn 0.961 0.089 -0.26
vn 0.961 0.089 -0.26
vn 0.961 0.089 -0.26
vn 0.939 0.112 -0.324
vn 0.939 0.112 -0.324
vn 0.939 0.112 -0.324
vn 0.939 0.112 -0.324
vn 0.731 -0.648 0.213
vn 0.731 -0.648 0.213
vn 0.731 -0.648 0.213
vn 0.731 -0.648 0.213
vn -0.483 -0.626 0.612
vn -0.483 -0.626 0.612
vn -0.483 -0.626 0.612
vn -0.483 -0.626 0.612
vn -0.966 -0.045 0.255
vn -0.966 -0.045 0.255
vn -0.966 -0.045 0.255
vn -0.966 -0.045 0.255
vn -0.592 -0.012 -0.806
vn -0.592 -0.012 -0.806
vn -0.592 -0.012 -0.806
vn -0.592 -0.012 -0.806
vn 0.68 -0.441 0.586
vn 0.68 -0.441 0.586
vn 0.68 -0.441 0.586
vn 0.68 -0.441 0.586
vn 0.691 -0.213 0.691
vn 0.691 -0.213 0.691
vn 0.691 -0.213 0.691
vn 0.691 -0.213 0.691
vn 0.678 0.018 0.735
vn 0.678 0.018 0.735
vn 0.678 0.018 0.735
vn 0.678 0.018 0.735
vn 0.631 0.233 0.74
vn 0.631 0.233 0.74
vn 0.631 0.233 0.74
vn 0.631 0.233 0.74
vn 0.549 0.417 0.724
vn 0.549 0.417 0.724
vn 0.549 0.417 0.724
vn 0.549 0.417 0.724
vn 0.324 0.743 0.585
vn 0.324 0.743 0.585
vn 0.324 0.743 0.585
vn 0.324 0.743 0.585
vn 0.212 0.887 0.41
vn 0.212 0.887 0.41
vn 0.212 0.887 0.41
vn 0.212 0.887 0.41
vn 0.086 0.969 0.231
vn 0.086 0.969 0.231
vn 0.086 0.969 0.231
vn 0.086 0.969 0.231
vn -0.018 1 0.019
vn -0.018 1 0.019
vn -0.018 1 0.019
vn -0.018 1 0.019
vn -0.08 0.96 -0.267
vn -0.08 0.96 -0.267
vn -0.08 0.96 -0.267
vn -0.08 0.96 -0.267
vn -0.07 0.85 -0.522
vn -0.07 0.85 -0.522
vn -0.07 0.85 -0.522
vn -0.07 0.85 -0.522
vn -0.032 0.692 -0.721
vn -0.032 0.692 -0.721
vn -0.032 0.692 -0.721
vn -0.032 0.692 -0.721
vn 0.022 0.51 -0.86
vn 0.022 0.51 -0.86
vn 0.022 0.51 -0.86
vn 0.022 0.51 -0.86
vn 0.114 0.32 -0.94
vn 0.114 0.32 -0.94
vn 0.114 0.32 -0.94
vn 0.114 0.32 -0.94
vn 0.208 0.119 -0.971
vn 0.208 0.119 -0.971
vn 0.208 0.119 -0.971
vn 0.208 0.119 -0.971
vn 0.295 -0.099 -0.95
vn 0.295 -0.099 -0.95
vn 0.295 -0.099 -0.95
vn 0.295 -0.099 -0.95
vn 0.387 -0.3 -0.872
vn 0.387 -0.3 -0.872
vn 0.387 -0.3 -0.872
vn 0.387 -0.3 -0.872
vn 0.474 -0.458 -0.752
vn 0.474 -0.458 -0.752
vn 0.474 -0.458 -0.752
vn 0.474 -0.458 -0.752
vn 0.535 -0.591 -0.604
vn 0.535 -0.591 -0.604
vn 0.535 -0.591 -0.604
vn 0.535 -0.591 -0.604
vn 0.599 -0.675 -0.431
vn 0.599 -0.675 -0.431
vn 0.599 -0.675 -0.431
vn 0.599 -0.675 -0.431
vn 0.688 -0.682 -0.248
vn 0.688 -0.682 -0.248
vn 0.688 -0.682 -0.248
vn 0.688 -0.682 -0.248
vn 0.743 -0.669 -0.033
vn 0.743 -0.669 -0.033
vn 0.743 -0.669 -0.033
vn 0.743 -0.669 -0.033
vn -0.461 -0.528 0.713
vn -0.461 -0.528 0.713
vn -0.461 -0.528 0.713
vn -0.461 -0.528 0.713
vn -0.423 -0.405 0.811
vn -0.423 -0.405 0.811
vn -0.423 -0.405 0.811
vn -0.423 -0.405 0.811
vn -0.435 -0.264 0.861
vn -0.435 -0.264 0.861
vn -0.435 -0.264 0.861
vn -0.435 -0.264 0.861
vn -0.483 -0.128 0.866
vn -0.483 -0.128 0.866
vn -0.483 -0.128 0.866
vn -0.483 -0.128 0.866
vn -0.597 0.091 0.797
vn -0.597 0.091 0.797
vn -0.597 0.091 0.797
vn -0.597 0.091 0.797
vn -0.656 0.21 0.725
vn -0.656 0.21 0.725
vn -0.656 0.21 0.725
vn -0.656 0.21 0.725
vn -0.716 0.319 0.621
vn -0.716 0.319 0.621
vn -0.716 0.319 0.621
vn -0.716 0.319 0.621
vn -0.778 0.387 0.495
vn -0.778 0.387 0.495
vn -0.778 0.387 0.495
vn -0.778 0.387 0.495
vn -0.842 0.407 0.354
vn -0.842 0.407 0.354
vn -0.842 0.407 0.354
vn -0.842 0.407 0.354
vn -0.909 0.384 0.166
vn -0.909 0.384 0.166
vn -0.909 0.384 0.166
vn -0.909 0.384 0.166
vn -0.943 0.331 -0.015
vn -0.943 0.331 -0.015
vn -0.943 0.331 -0.015
vn -0.943 0.331 -0.015
vn -0.952 0.249 -0.179
vn -0.952 0.249 -0.179
vn -0.952 0.249 -0.179
vn -0.952 0.249 -0.179
vn -0.933 0.135 -0.335
vn -0.933 0.135 -0.335
vn -0.933 0.135 -0.335
vn -0.933 0.135 -0.335
vn -0.876 -0.011 -0.481
vn -0.876 -0.011 -0.481
vn -0.876 -0.011 -0.481
vn -0.876 -0.011 -0.481
vn -0.799 -0.197 -0.568
vn -0.799 -0.197 -0.568
vn -0.799 -0.197 -0.568
vn -0.799 -0.197 -0.568
vn -0.728 -0.415 -0.545
vn -0.728 -0.415 -0.545
vn -0.728 -0.415 -0.545
vn -0.728 -0.415 -0.545
vn -0.664 -0.61 -0.431
vn -0.664 -0.61 -0.431
vn -0.664 -0.61 -0.431
vn -0.664 -0.61 -0.431
vn -0.602 -0.745 -0.289
vn -0.602 -0.745 -0.289
vn -0.602 -0.745 -0.289
vn -0.602 -0.745 -0.289
vn -0.551 -0.825 -0.128
vn -0.551 -0.825 -0.128
vn -0.551 -0.825 -0.128
vn -0.551 -0.825 -0.128
vn -0.502 -0.864 0.04
vn -0.502 -0.864 0.04
vn -0.502 -0.864 0.04
vn -0.502 -0.864 0.04
vn -0.458 -0.866 0.204
vn -0.458 -0.866 0.204
vn -0.458 -0.866 0.204
vn -0.458 -0.866 0.204
vn -0.443 -0.815 0.374
vn -0.443 -0.815 0.374
vn -0.443 -0.815 0.374
vn -0.443 -0.815 0.374
vn -0.974 -0.142 0.175
vn -0.974 -0.142 0.175
vn -0.974 -0.142 0.175
vn -0.974 -0.142 0.175
vn -0.955 -0.219 0.2
vn -0.955 -0.219 0.2
vn -0.955 -0.219 0.2
vn -0.955 -0.219 0.2
vn -0.94 -0.265 0.212
vn -0.94 -0.265 0.212
vn -0.94 -0.265 0.212
vn -0.94 -0.265 0.212
vn -0.931 -0.3 0.208
vn -0.931 -0.3 0.208
vn -0.931 -0.3 0.208
vn -0.931 -0.3 0.208
vn -0.918 -0.331 0.217
vn -0.918 -0.331 0.217
vn -0.918 -0.331 0.217
vn -0.918 -0.331 0.217
vn -0.892 -0.362 0.272
vn -0.892 -0.362 0.272
vn -0.892 -0.362 0.272
vn -0.892 -0.362 0.272
vn -0.881 -0.358 0.309
vn -0.881 -0.358 0.309
vn -0.881 -0.358 0.309
vn -0.881 -0.358 0.309
vn -0.875 -0.344 0.339
vn -0.875 -0.344 0.339
vn -0.875 -0.344 0.339
vn -0.875 -0.344 0.339
vn -0.866 -0.348 0.36
vn -0.866 -0.348 0.36
vn -0.866 -0.348 0.36
vn -0.866 -0.348 0.36
vn -0.852 -0.366 0.375
vn -0.852 -0.366 0.375
vn -0.852 -0.366 0.375
vn -0.852 -0.366 0.375
vn -0.84 -0.365 0.401
vn -0.84 -0.365 0.401
vn -0.84 -0.365 0.401
vn -0.84 -0.365 0.401
vn -0.851 -0.324 0.413
vn -0.851 -0.324 0.413
vn -0.851 -0.324 0.413
vn -0.851 -0.324 0.413
vn -0.885 -0.278 0.373
vn -0.885 -0.278 0.373
vn -0.885 -0.278 0.373
vn -0.885 -0.278 0.373
vn -0.918 -0.26 0.3
vn -0.918 -0.26 0.3
vn -0.918 -0.26 0.3
vn -0.918 -0.26 0.3
vn -0.927 -0.279 0.251
vn -0.927 -0.279 0.251
vn -0.927 -0.279 0.251
vn -0.927 -0.279 0.251
vn -0.914 -0.306 0.268
vn -0.914 -0.306 0.268
vn -0.914 -0.306 0.268
vn -0.914 -0.306 0.268
vn -0.896 -0.305 0.323
vn -0.896 -0.305 0.323
vn -0.896 -0.305 0.323
vn -0.896 -0.305 0.323
vn -0.888 -0.278 0.366
vn -0.888 -0.278 0.366
vn -0.888 -0.278 0.366
vn -0.888 -0.278 0.366
vn -0.891 -0.241 0.384
vn -0.891 -0.241 0.384
vn -0.891 -0.241 0.384
vn -0.891 -0.241 0.384
vn -0.899 -0.205 0.386
vn -0.899 -0.205 0.386
vn -0.899 -0.205 0.386
vn -0.899 -0.205 0.386
vn -0.915 -0.154 0.375
vn -0.915 -0.154 0.375
vn -0.915 -0.154 0.375
vn -0.915 -0.154 0.375
vn -0.94 -0.082 0.33
vn -0.94 -0.082 0.33
vn -0.94 -0.082 0.33
vn -0.94 -0.082 0.33
vn 0.308 0.785 -0.538
vn 0.308 0.785 -0.538
vn 0.308 0.785 -0.538
vn 0.308 0.785 -0.538
vn -0.403 0.69 0.601
vn -0.403 0.69 0.601
vn -0.403 0.69 0.601
vn -0.403 0.69 0.601
vn -0.265 0.353 0.897
vn -0.265 0.353 0.897
vn -0.265 0.353 0.897
vn -0.265 0.353 0.897
vn -0.229 0.127 0.965
vn -0.229 0.127 0.965
vn -0.229 0.127 0.965
vn -0.229 0.127 0.965
vn -0.174 -0.105 0.979
vn -0.174 -0.105 0.979
vn -0.174 -0.105 0.979
vn -0.174 -0.105 0.979
vn -0.092 -0.309 0.947
vn -0.092 -0.309 0.947
vn -0.092 -0.309 0.947
vn -0.092 -0.309 0.947
vn 0.004 -0.499 0.867
vn 0.004 -0.499 0.867
vn 0.004 -0.499 0.867
vn 0.004 -0.499 0.867
vn 0.073 -0.689 0.721
vn 0.073 -0.689 0.721
vn 0.073 -0.689 0.721
vn 0.073 -0.689 0.721
vn -0.243 -0.886 -0.394
vn -0.243 -0.886 -0.394
vn -0.243 -0.886 -0.394
vn -0.243 -0.886 -0.394
vn 0.024 -0.959 0.281
vn 0.024 -0.959 0.281
vn 0.024 -0.959 0.281
vn 0.024 -0.959 0.281
vn -0.494 0.768 0.407
vn -0.494 0.768 0.407
vn -0.494 0.768 0.407
vn -0.494 0.768 0.407
vn -0.149 -0.969 -0.196
vn -0.149 -0.969 -0.196
vn -0.149 -0.969 -0.196
vn -0.149 -0.969 -0.196
vn -0.458 -0.423 -0.782
vn -0.458 -0.423 -0.782
vn -0.458 -0.423 -0.782
vn -0.458 -0.423 -0.782
vn -0.323 -0.75 -0.577
vn -0.323 -0.75 -0.577
vn -0.323 -0.75 -0.577
vn -0.323 -0.75 -0.577
vn -0.524 -0.231 -0.82
vn -0.524 -0.231 -0.82
vn -0.524 -0.231 -0.82
vn -0.524 -0.231 -0.82
vn -0.324 0.552 0.768
vn -0.324 0.552 0.768
vn -0.324 0.552 0.768
vn -0.324 0.552 0.768
vn -0.636 0.229 -0.737
vn -0.636 0.229 -0.737
vn -0.636 0.229 -0.737
vn -0.636 0.229 -0.737
vn -0.584 0.751 -0.308
vn -0.584 0.751 -0.308
vn -0.584 0.751 -0.308
vn -0.584 0.751 -0.308
vn 0.079 -0.853 0.517
vn 0.079 -0.853 0.517
vn 0.079 -0.853 0.517
vn 0.079 -0.853 0.517
vn -0.616 0.465 -0.636
vn -0.616 0.465 -0.636
vn -0.616 0.465 -0.636
vn -0.616 0.465 -0.636
vn -0.398 -0.581 -0.709
vn -0.398 -0.581 -0.709
vn -0.398 -0.581 -0.709
vn -0.398 -0.581 -0.709
vn -0.592 0.804 -0.062
vn -0.592 0.804 -0.062
vn -0.592 0.804 -0.062
vn -0.592 0.804 -0.062
vn 0.366 0.543 -0.755
vn 0.366 0.543 -0.755
vn 0.366 0.543 -0.755
vn 0.366 0.543 -0.755
vn 0.416 0.383 -0.825
vn 0.416 0.383 -0.825
vn 0.416 0.383 -0.825
vn 0.416 0.383 -0.825
vn 0.478 0.232 -0.847
vn 0.478 0.232 -0.847
vn 0.478 0.232 -0.847
vn 0.478 0.232 -0.847
vn 0.528 0.096 -0.844
vn 0.528 0.096 -0.844
vn 0.528 0.096 -0.844
vn 0.528 0.096 -0.844
vn 0.567 -0.016 -0.823
vn 0.567 -0.016 -0.823
vn 0.567 -0.016 -0.823
vn 0.567 -0.016 -0.823
vn 0.656 -0.226 -0.72
vn 0.656 -0.226 -0.72
vn 0.656 -0.226 -0.72
vn 0.656 -0.226 -0.72
vn 0.719 -0.332 -0.611
vn 0.719 -0.332 -0.611
vn 0.719 -0.332 -0.611
vn 0.719 -0.332 -0.611
vn 0.792 -0.379 -0.478
vn 0.792 -0.379 -0.478
vn 0.792 -0.379 -0.478
vn 0.792 -0.379 -0.478
vn 0.852 -0.4 -0.339
vn 0.852 -0.4 -0.339
vn 0.852 -0.4 -0.339
vn 0.852 -0.4 -0.339
vn 0.931 -0.364 0.024
vn 0.931 -0.364 0.024
vn 0.931 -0.364 0.024
vn 0.931 -0.364 0.024
vn 0.946 -0.258 0.196
vn 0.946 -0.258 0.196
vn 0.946 -0.258 0.196
vn 0.946 -0.258 0.196
vn 0.939 -0.107 0.325
vn 0.939 -0.107 0.325
vn 0.939 -0.107 0.325
vn 0.939 -0.107 0.325
vn 0.92 0.063 0.385
vn 0.92 0.063 0.385
vn 0.92 0.063 0.385
vn 0.92 0.063 0.385
vn 0.893 0.24 0.382
vn 0.893 0.24 0.382
vn 0.893 0.24 0.382
vn 0.893 0.24 0.382
vn 0.849 0.409 0.335
vn 0.849 0.409 0.335
vn 0.849 0.409 0.335
vn 0.849 0.409 0.335
vn 0.794 0.553 0.251
vn 0.794 0.553 0.251
vn 0.794 0.553 0.251
vn 0.794 0.553 0.251
vn 0.728 0.667 0.157
vn 0.728 0.667 0.157
vn 0.728 0.667 0.157
vn 0.728 0.667 0.157
vn 0.646 0.761 0.064
vn 0.646 0.761 0.064
vn 0.646 0.761 0.064
vn 0.646 0.761 0.064
vn 0.545 0.837 -0.049
vn 0.545 0.837 -0.049
vn 0.545 0.837 -0.049
vn 0.545 0.837 -0.049
vn 0.422 0.886 -0.189
vn 0.422 0.886 -0.189
vn 0.422 0.886 -0.189
vn 0.422 0.886 -0.189
vn 0.323 0.872 -0.367
vn 0.323 0.872 -0.367
vn 0.323 0.872 -0.367
vn 0.323 0.872 -0.367
vn 0.896 -0.41 -0.17
vn 0.896 -0.41 -0.17
vn 0.896 -0.41 -0.17
vn 0.896 -0.41 -0.17
vn -0.466 -0.721 0.513
vn -0.466 -0.721 0.513
vn -0.466 -0.721 0.513
vn -0.466 -0.721 0.513
vn -0.979 -0.072 0.191
vn -0.979 -0.072 0.191
vn -0.979 -0.072 0.191
vn -0.979 -0.072 0.191
vn -0.053 -0.998 0.038
vn -0.053 -0.998 0.038
vn -0.053 -0.998 0.038
vn -0.053 -0.998 0.038
vn 0.332 0.676 -0.658
vn 0.332 0.676 -0.658
vn 0.332 0.676 -0.658
vn 0.332 0.676 -0.658
vn 0.747 0.444 -0.496
vn 0.747 0.444 -0.496
vn 0.747 0.444 -0.496
vn 0.747 0.444 -0.496
vn 0.981 0.062 -0.181
vn 0.981 0.062 -0.181
vn 0.981 0.062 -0.181
vn 0.981 0.062 -0.181
vn 0.691 -0.587 0.421
vn 0.691 -0.587 0.421
vn 0.691 -0.587 0.421
vn 0.691 -0.587 0.421
vn -0.54 -0.01 0.842
vn -0.54 -0.01 0.842
vn -0.54 -0.01 0.842
vn -0.54 -0.01 0.842
vn -0.905 -0.351 0.24
vn -0.905 -0.351 0.24
vn -0.905 -0.351 0.24
vn -0.905 -0.351 0.24
vn -0.587 0.645 -0.489
vn -0.587 0.645 -0.489
vn -0.587 0.645 -0.489
vn -0.587 0.645 -0.489
vn 0.608 -0.113 -0.786
vn 0.608 -0.113 -0.786
vn 0.608 -0.113 -0.786
vn 0.608 -0.113 -0.786
vn 0.866 0.198 -0.46
vn 0.866 0.198 -0.46
vn 0.866 0.198 -0.46
vn 0.866 0.198 -0.46
vn 0.897 0.439 -0.037
vn 0.897 0.439 -0.037
vn 0.897 0.439 -0.037
vn 0.897 0.439 -0.037
vn 0.438 0.574 0.692
vn 0.438 0.574 0.692
vn 0.438 0.574 0.692
vn 0.438 0.574 0.692
vn -0.569 0.8 0.19
vn -0.569 0.8 0.19
vn -0.569 0.8 0.19
vn -0.569 0.8 0.19
vn -0.167 0.411 0.896
vn -0.256 0.079 0.963
vn -0.241 0.123 0.963
vn -0.263 0.088 0.96
vn -0.16 0.043 0.986
vn -0.347 -0.119 0.93
vn -0.167 0.411 0.896
vn -0.026 0.106 0.994
vn -0.036 0.816 0.577
vn 0.599 0.229 0.767
vn 0.178 -0.063 0.982
vn 0.626 0.098 0.773
vn -0.135 -0.039 0.99
vn 0.165 -0.722 0.672
vn -0.142 -0.158 0.977
vn -0.348 -0.095 0.933
vn -0.007 -0.81 0.587
vn -0.357 -0.01 0.934
vn -0.494 -0.61 0.62
vn -0.364 0.03 0.931
vn -0.402 -0.254 0.88
vn -0.952 -0.167 0.258
vn -0.528 -0.6 0.601
vn -0.335 -0.115 0.935
vn -0.421 0.02 0.907
vn -0.582 0.56 0.59
vn -0.377 0.196 0.905
vn -0.349 0.052 0.936
vn -0.464 0.22 0.858
vn -0.981 0.045 0.187
vn -0.695 0.288 0.659
vn -0.245 -0.12 0.962
vn -0.044 0.771 0.635
vn -0.378 0.342 0.86
vn -0.356 -0.054 0.933
vn -0.351 -0.135 0.927
vn -0.664 -0.477 0.577
vn -0.393 -0.484 0.782
vn -0.609 -0.237 0.757
vn -0.553 -0.257 0.792
vn -0.312 -0.133 0.941
vn -0.139 -0.77 0.623
vn -0.952 -0.025 0.305
vn -0.821 -0.019 0.57
vn -0.608 0 0.794
vn -0.562 0.049 0.826
vn -0.556 -0.053 0.83
vn -0.654 -0.088 0.751
vn -0.828 -0.206 0.522
vn -0.74 -0.045 0.671
vn -0.7 -0.042 0.713
vn -0.777 0.125 0.617
vn -0.669 0.323 0.669
vn -0.778 -0.094 0.621
vn -0.585 -0.351 0.731
vn -0.546 -0.063 0.835
vn -0.952 -0.025 0.305
vn -0.608 0 0.794
vn -0.662 0.173 0.729
vn -0.722 -0.084 0.687
vn -0.662 0.173 0.729
vn -0.824 -0.031 0.566
vn -0.673 0.317 0.667
vn -0.706 -0.568 0.424
vn -0.137 -0.256 0.957
vn -0.584 -0.147 0.798
vn -0.125 -0.312 0.942
vn -0.122 -0.506 0.854
vn 0.682 -0.214 0.699
vn 0.289 -0.303 0.908
vn 0.78 -0.427 0.457
vn 0.842 -0.257 0.474
vn 0.979 -0.194 0.058
vn 0.522 -0.844 0.121
vn 0.978 -0.194 -0.075
vn -0.665 0.467 0.583
vn 0.209 0.886 0.415
vn 0.509 0.644 0.571
vn -0.576 0.789 0.213
vn -0.412 0.866 0.284
vn -0.347 0.928 0.133
vn -0.717 0.629 -0.3
vn -0.212 -0.596 0.775
vn -0.408 -0.164 0.898
vn 0.807 -0.164 0.568
vn 0.52 -0.332 0.787
vn -0.225 -0.37 0.901
vn -0.009 -0.274 0.962
vn 0.274 -0.29 0.917
vn 0.437 -0.245 0.865
vn 0.561 -0.112 0.821
vn -0.408 -0.164 0.898
vn -0.677 -0.175 0.714
vn 0.164 -0.015 0.986
vn 0.203 -0.089 0.975
vn 0.586 -0.072 0.807
vn 0.215 0.016 0.977
vn 0.227 -0.395 0.89
vn 0.495 -0.025 0.869
vn 0.193 0.038 0.98
vn 0.197 -0.05 0.979
vn 0.705 -0.084 0.705
vn 0.612 -0.074 0.787
vn 0.902 -0.129 0.412
vn 0.937 -0.168 0.307
vn 0.943 -0.328 0.059
vn 0.537 -0.159 0.829
vn 0.862 -0.086 0.5
vn 0.193 -0.151 0.969
vn 0.294 -0.231 0.928
vn 0.566 -0.209 0.797
vn 0.231 -0.261 0.938
vn 0.502 -0.169 0.848
vn 0.266 -0.25 0.931
vn 0.68 -0.167 0.714
vn 0.289 -0.256 0.922
vn 0.718 -0.116 0.687
vn 0.762 -0.109 0.638
vn 0.443 -0.206 0.872
vn 0.898 0.031 0.439
vn 0.687 -0.539 0.489
vn -0.427 -0.566 0.706
vn -0.524 -0.408 0.748
vn 0.849 -0.413 0.329
vn 0.921 0.021 0.388
vn 0.998 -0.069 0.016
vn 0.927 0.009 0.375
vn 0.989 0.145 0.01
vn 0.987 0.157 0.014
vn 0.874 0.255 -0.415
vn 0.924 -0.129 -0.36
vn 0.984 0.176 0.035
vn 0.633 0.291 -0.717
vn 0.224 0.143 -0.964
vn 0.578 0.323 -0.75
vn 0.873 0.281 -0.4
vn 0.911 0.252 -0.326
vn 0.712 0.265 -0.65
vn 0.928 0.262 -0.264
vn 0.75 0.301 -0.589
vn 0.986 0.132 0.097
vn 0.931 0.302 -0.204
vn 0.77 0.356 -0.529
vn 0.988 0.157 0.001
vn 0.957 0.02 -0.29
vn 0.756 0.042 -0.653
vn 0.998 -0.036 -0.056
vn 0.921 -0.218 -0.321
vn 0.61 -0.27 -0.745
vn 0.978 -0.196 -0.078
vn 0.856 -0.273 -0.438
vn 0.473 -0.313 -0.824
vn 0.972 -0.231 -0.054
vn 0.899 -0.274 -0.34
vn 0.733 -0.31 -0.605
vn 0.958 -0.287 -0.029
vn 0.909 -0.396 -0.132
vn -0.709 0.02 -0.705
vn 0.791 -0.427 -0.438
vn 0.669 -0.29 -0.684
vn 0.705 -0.332 -0.627
vn 0.584 -0.235 -0.777
vn 0.836 -0.438 -0.329
vn 0.708 -0.38 -0.596
vn 0.894 -0.411 0.179
vn 0.926 -0.305 0.222
vn 0.7 -0.328 -0.634
vn 0.862 -0.47 -0.191
vn 0.606 -0.748 -0.269
vn 0.934 -0.351 -0.069
vn 0.646 -0.42 -0.638
vn 0.487 -0.664 -0.568
vn 0.727 -0.424 -0.54
vn 0.419 -0.567 -0.708
vn 0.554 -0.386 -0.738
vn 0.018 0.269 0.963
vn 0.441 0.163 0.883
vn 0.242 0.489 0.838
vn 0.106 -0.119 0.987
vn 0.254 -0.641 0.724
vn 0.825 -0.313 0.47
vn -0.628 0.778 0.022
vn -0.865 0.316 0.39
vn -0.663 0.747 -0.056
vn -0.688 0.242 0.685
vn -0.301 -0.421 0.856
vn -0.658 0.607 0.446
vn -0.741 0.631 -0.23
vn -0.901 0.226 0.37
vn -0.676 0.723 -0.145
vn -0.961 0.274 -0.034
vn -0.742 0.659 -0.126
vn -0.568 0.823 0.013
vn -0.834 0.55 0.039
vn -0.614 0.788 0.044
vn -0.987 -0.006 0.161
vn -0.564 -0.422 0.71
vn -0.952 -0.307 0.016
vn -0.663 -0.632 0.401
vn -0.967 0.248 -0.06
vn -0.999 0.027 -0.031
vn -0.999 0.049 -0.022
vn -0.789 -0.562 0.252
vn -0.984 -0.166 -0.068
vn -0.822 -0.437 0.366
vn -0.994 -0.076 -0.079
vn -0.957 -0.232 -0.175
vn -0.953 0.303 0.016
vn -0.99 0.122 -0.077
vn -0.914 0.349 -0.205
vn -0.666 0.722 -0.19
vn -0.428 0.895 0.125
vn -0.761 0.539 -0.361
vn -0.749 0.164 -0.643
vn -0.673 0.739 -0.028
vn -0.777 0.6 -0.189
vn -0.303 0.923 -0.236
vn -0.895 0.272 -0.355
vn -0.827 0.082 -0.557
vn -0.109 0.898 -0.425
vn -0.421 0.387 -0.82
vn -0.164 0.789 -0.593
vn -0.661 0.368 -0.654
vn -0.893 0.054 -0.447
vn -0.459 0.195 -0.867
vn -0.347 0.389 -0.854
vn -0.255 0.279 -0.926
vn -0.451 0.107 -0.886
vn 0.327 0.294 -0.898
vn -0.691 -0.618 -0.375
vn -0.41 0.011 -0.912
vn -0.733 0.077 -0.675
vn -0.998 -0.069 0.02
vn -0.998 -0.055 -0.039
vn -0.999 0.047 -0.021
vn -0.981 -0.078 -0.175
vn -0.97 -0.071 -0.231
vn -0.824 0.052 -0.564
vn -1 -0.014 -0.029
vn -0.999 -0.008 -0.048
vn -0.91 0.065 -0.41
vn -0.587 0.033 -0.809
vn -0.325 0.156 -0.933
vn -0.124 0.005 -0.992
vn -0.657 0.218 -0.722
vn -0.962 -0.152 -0.224
vn -0.495 0.381 -0.781
vn -0.173 0.472 -0.865
vn -0.439 0.534 -0.723
vn -0.717 0.445 -0.536
vn -0.362 0.739 -0.568
vn -0.571 0.722 -0.39
vn -0.867 0.288 -0.408
vn -0.947 0.209 -0.242
vn -0.903 0.414 -0.116
vn -0.957 0.094 -0.274
vn -0.875 0.39 -0.287
vn -0.713 0.698 -0.067
vn -0.451 0.884 -0.124
vn -0.559 0.827 0.07
vn -0.896 0.381 -0.229
vn -0.779 0.626 0.017
vn -0.611 0.789 0.064
vn -0.962 0.2 -0.185
vn -0.943 0.274 -0.189
vn -0.906 0.397 -0.149
vn -0.977 0.209 0.046
vn -0.885 0.454 0.1
vn -0.836 0.545 0.053
vn -0.842 0.521 0.142
vn -0.864 -0.004 0.503
vn -0.604 -0.107 0.79
vn -0.398 -0.539 0.743
vn -0.823 0.538 0.184
vn -0.802 0.539 0.259
vn -0.668 0.42 0.615
vn -0.64 0.506 0.578
vn -0.787 0.539 0.299
vn -0.792 0.232 0.565
vn -0.81 0.204 0.55
vn -0.886 0.45 0.115
vn -0.889 0.416 0.191
vn -0.934 0.278 0.224
vn -0.608 0.111 0.786
vn -0.917 0.388 0.088
vn -0.807 0.31 0.503
vn -0.425 0.095 0.9
vn -0.531 0.621 0.577
vn -0.622 0.776 0.105
vn -0.653 0.757 -0.003
vn -0.659 0.748 0.078
vn -0.517 0.854 0.063
vn -0.523 0.833 0.18
vn -0.419 0.903 0.094
vn -0.786 0.407 0.465
vn -0.543 -0.758 0.362
vn -0.836 0.508 -0.207
vn -0.96 0.128 -0.248
vn -0.898 -0.432 -0.075
vn -0.803 -0.548 -0.234
vn -0.759 -0.648 -0.065
vn -0.576 -0.729 -0.371
vn -0.885 0.271 0.38
vn -0.657 0.215 0.722
vn -0.786 0.407 0.465
vn -0.725 0.059 0.687
vn -0.655 0.649 0.387
vn -0.774 0.522 0.357
vn -0.868 0.157 0.472
vn -0.906 0.306 0.293
vn -0.156 -0.712 0.685
vn 0.354 -0.656 0.666
vn 0.451 -0.457 0.767
vn -0.156 -0.712 0.685
vn -0.688 -0.478 0.546
vn -0.832 -0.282 0.478
vn 0.315 -0.601 0.735
vn -0.72 -0.652 0.238
vn -0.52 -0.664 0.538
vn -0.491 -0.712 0.502
vn -0.659 -0.663 0.357
vn -0.718 -0.251 0.649
vn -0.82 -0.524 0.227
vn -0.651 -0.371 0.662
vn -0.952 -0.294 0.088
vn -0.195 -0.54 0.818
vn -0.856 -0.334 0.394
vn -0.82 -0.271 0.504
vn -0.373 -0.166 0.913
vn -0.761 0.13 0.635
vn -0.811 0.26 0.524
vn 0.551 -0.212 0.807
vn -0.817 0.123 0.562
vn 0.445 -0.643 0.624
vn -0.358 -0.453 0.816
vn -0.54 -0.404 0.738
vn -0.586 0.055 0.808
vn -0.387 -0.008 0.922
vn 0.197 0.194 0.961
vn 0.354 -0.656 0.666
vn -0.774 0.522 0.357
vn -0.306 0.865 0.396
vn 0.598 0.113 0.794
vn 0.142 0.431 0.891
vn -0.655 0.649 0.387
vn -0.34 0.839 0.424
vn -0.253 0.845 0.472
vn -0.59 0.471 0.656
vn -0.263 0.749 0.609
vn -0.336 0.761 0.556
vn -0.372 0.791 0.486
vn 0.142 0.431 0.891
vn -0.395 0.675 0.623
vn -0.403 0.784 0.472
vn -0.069 0.896 0.438
vn -0.003 0.72 0.694
vn -0.045 0.375 0.926
vn -0.025 0.858 0.512
vn -0.113 0.829 0.548
vn -0.302 0.515 0.802
vn -0.483 0.536 0.692
vn -0.132 0.913 0.386
vn -0.383 0.763 0.521
vn 0.002 0.444 0.896
vn -0.031 0.791 0.611
vn -0.238 0.814 0.53
vn -0.133 0.792 0.596
vn -0.133 0.742 0.657
vn -0.024 0.782 0.623
vn 0.05 0.798 0.601
vn -0.235 0.803 0.548
vn -0.552 0.744 0.376
vn 0.061 0.799 0.598
vn -0.135 0.786 0.604
vn -0.187 0.84 0.51
vn -0.219 0.673 0.706
vn -0.145 0.729 0.669
vn -0.139 0.786 0.603
vn 0.208 0.855 0.476
vn -0.207 0.782 0.588
vn 0.701 0.669 0.245
vn 0.223 0.7 0.678
vn -0.088 0.64 0.764
vn -0.422 0.701 0.575
vn -0.475 0.806 0.354
vn 0.673 0.662 0.33
vn -0.237 0.655 0.717
vn -0.75 0.661 -0.019
vn -0.214 0.796 0.566
vn -0.512 0.825 0.238
vn -0.191 0.818 0.543
vn -0.083 0.978 0.191
vn -0.405 0.753 0.519
vn 0.008 0.746 0.666
vn -0.128 0.983 0.132
vn -0.325 0.516 0.792
vn -0.23 0.626 0.745
vn -0.21 0.688 0.695
vn -0.248 0.506 0.826
vn -0.312 0.395 0.864
vn -0.302 0.642 0.705
vn -0.29 0.56 0.776
vn 0.056 0.715 0.697
vn 0.11 0.527 0.843
vn 0.254 0.559 0.79
vn 0.031 0.798 0.603
vn 0.229 0.698 0.678
vn -0.075 0.781 0.62
vn 0.083 0.811 0.58
vn -0.078 0.878 0.473
vn 0.155 0.914 0.376
vn 0.036 0.925 0.378
vn 0.267 0.95 0.161
vn 0.498 0.855 -0.142
vn 0.288 0.955 0.074
vn 0.536 0.751 -0.386
vn 0.528 0.798 -0.291
vn 0.72 0.67 0.181
vn 0.416 0.766 -0.49
vn 0.198 0.199 0.96
vn 0.464 0.874 -0.145
vn 0.3 0.951 0.073
vn 0.191 0.934 0.302
vn 0.417 0.605 -0.678
vn 0.552 0.529 -0.645
vn 0.688 -0.617 0.381
vn 0.451 -0.457 0.767
vn -0.156 -0.712 0.685
vn 0.689 -0.443 0.573
vn 0.315 -0.601 0.735
vn -0.688 -0.478 0.546
vn 0.543 -0.248 0.802
vn 0.519 -0.28 0.808
vn -0.195 -0.54 0.818
vn 0.389 -0.281 0.877
vn 0.269 -0.497 0.825
vn 0.574 -0.674 0.465
vn -0.052 -0.145 0.988
vn -0.253 0.065 0.965
vn -0.564 -0.422 0.71
vn 0.431 -0.485 0.761
vn 0.756 -0.229 0.613
vn -0.373 -0.166 0.913
vn 0.332 -0.503 0.798
vn 0.551 -0.212 0.807
vn 0.753 -0.299 0.586
vn 0.207 -0.265 0.942
vn 0.445 -0.643 0.624
vn -0.038 0.028 0.999
vn 0.638 -0.438 0.633
vn -0.358 -0.453 0.816
vn 0.253 0.019 0.967
vn 0.695 -0.374 0.614
vn -0.387 -0.008 0.922
vn 0.267 -0.325 0.907
vn 0.683 -0.354 -0.639
vn 0.535 -0.286 -0.795
vn 0.49 0.233 -0.84
vn 0.669 0.278 -0.689
vn 0.808 0.413 -0.42
vn 0.841 -0.446 -0.306
vn 0.923 0.383 -0.028
vn 0.808 0.413 -0.42
vn 0.879 -0.469 0.089
vn 0.955 0.181 0.236
vn 0.955 0.181 0.236
vn 0.901 -0.308 0.306
vn 0.887 -0.006 0.463
vn 0.955 0.181 0.236
vn 0.753 0.374 0.541
vn 0.706 0.207 0.677
vn 0.642 0.202 0.74
vn 0.566 0.146 0.812
vn 0.535 -0.286 -0.795
vn 0.378 -0.203 -0.903
vn 0.349 0.209 -0.914
vn 0.207 0.949 -0.24
vn 0.271 0.152 -0.951
vn 0.221 0.396 -0.891
vn 0.21 0.214 -0.954
vn 0.127 0.148 -0.981
vn -0.017 0.198 -0.98
vn -0.406 0.17 -0.898
vn -0.304 -0.024 -0.952
vn -0.639 0.004 -0.769
vn -0.609 0.141 -0.78
vn 0.669 0.278 -0.689
vn 0.49 0.233 -0.84
vn 0.697 0.145 -0.702
vn 0.46 0.321 -0.828
vn 0.406 0.633 -0.659
vn 0.349 0.209 -0.914
vn 0.302 0.336 -0.892
vn 0.199 0.657 -0.727
vn 0.328 0.706 -0.628
vn 0.353 0.538 -0.766
vn 0.183 0.27 -0.945
vn 0.21 0.214 -0.954
vn 0.039 0.656 -0.753
vn 0.132 0.354 -0.926
vn 0.128 0.507 -0.853
vn -0.017 0.198 -0.98
vn 0.259 0.505 -0.823
vn 0.309 0.344 -0.887
vn 0.421 0.355 -0.835
vn 0.246 0.3 -0.921
vn -0.829 0.011 -0.559
vn 0.404 0.193 -0.894
vn 0.573 0.177 -0.8
vn 0.618 0.002 -0.786
vn 0.277 0.18 -0.944
vn 0.446 -0.029 -0.895
vn 0.496 -0.048 -0.867
vn 0.1 0.103 -0.99
vn -0.829 0.011 -0.559
vn 0.144 -0.057 -0.988
vn 0.267 -0.042 -0.963
vn 0.252 -0.053 -0.966
vn 0.091 -0.067 -0.994
vn 0.414 -0.051 -0.909
vn 0.378 0.045 -0.924
vn 0.254 0.025 -0.967
vn 0.502 0.06 -0.863
vn 0.504 -0.005 -0.863
vn 0.238 0.02 -0.971
vn 0.196 0.003 -0.98
vn 0.188 -0.543 -0.818
vn 0.237 -0.76 -0.605
vn 0.406 -0.617 -0.674
vn 0.387 0.019 -0.922
vn 0.563 -0.736 -0.375
vn -0.222 -0.233 -0.947
vn -0.476 0.065 -0.877
vn -0.624 -0.168 -0.763
vn -0.576 -0.729 -0.371
vn 0.278 -0.72 -0.636
vn 0.199 -0.835 -0.513
vn 0.424 -0.888 -0.178
vn -0.293 -0.355 -0.888
vn 0.569 -0.789 -0.234
vn 0.324 -0.717 -0.618
vn -0.302 -0.369 -0.879
vn 0.669 -0.695 -0.261
vn 0.331 -0.616 -0.715
vn 0.708 -0.616 -0.344
vn -0.16 -0.381 -0.911
vn 0.381 -0.528 -0.759
vn 0.722 -0.512 -0.465
vn -0.01 -0.065 -0.998
vn -0.328 -0.303 -0.895
vn -0.307 -0.148 -0.94
vn 0.383 -0.147 -0.912
vn 0.69 -0.06 -0.721
vn -0.005 0.191 -0.981
vn -0.094 0.212 -0.973
vn 0.259 0.219 -0.94
vn 0.675 0.454 -0.582
vn 0.894 0.126 -0.429
vn 0.305 0.545 -0.781
vn 0.244 0.479 -0.843
vn -0.107 0.186 -0.977
vn -0.265 0.042 -0.963
vn -0.331 -0.151 -0.931
vn -0.332 -0.19 -0.924
vn 0.041 0.327 -0.944
vn 0.429 0.647 -0.63
vn 0.26 0.646 -0.717
vn -0.146 0.163 -0.976
vn 0.012 0.49 -0.872
vn -0.244 0.107 -0.964
vn 0.109 0.344 -0.933
vn 0.511 0.298 -0.807
vn 0.273 0.154 -0.95
vn 0.269 0.014 -0.963
vn 0.156 -0.222 -0.962
vn 0.355 0.099 -0.93
vn 0.415 0.39 -0.822
vn 0.588 0.394 -0.707
vn 0.436 0.031 -0.899
vn 0.499 0.064 -0.864
vn 0.409 -0.033 -0.912
vn 0.471 -0.047 -0.88
vn 0.427 -0.135 -0.894
vn 0.358 -0.522 -0.774
vn 0.727 -0.3 -0.618
vn 0.376 -0.191 -0.907
vn 0.351 -0.294 -0.889
vn 0.751 -0.404 -0.521
vn 0.355 -0.354 -0.866
vn 0.734 -0.562 -0.382
vn 0.448 -0.574 -0.686
vn 0.687 -0.652 -0.321
vn 0.144 -0.342 -0.929
vn 0.489 -0.644 -0.588
vn 0.683 -0.354 -0.639
vn 0.535 -0.286 -0.795
vn 0.378 -0.203 -0.903
vn 0.21 -0.407 -0.889
vn 0.271 0.152 -0.951
vn 0.147 -0.34 -0.929
vn 0.633 -0.177 -0.754
vn 0.584 -0.398 -0.708
vn 0.395 -0.454 -0.799
vn 0.284 -0.396 -0.874
vn 0.37 -0.401 -0.838
vn 0.288 -0.407 -0.867
vn 0.364 -0.267 -0.892
vn 0.335 -0.25 -0.909
vn 0.483 -0.099 -0.87
vn 0.328 -0.138 -0.935
vn 0.57 -0.11 -0.814
vn 0.468 -0.14 -0.873
vn 0.18 -0.143 -0.973
vn 0.318 -0.109 -0.942
vn 0.534 0.217 -0.817
vn 0.99 0.083 -0.117
vn 0.565 0.45 -0.691
vn 0.59 0.511 -0.625
vn 0.427 0.848 -0.314
vn 0.325 -0.131 -0.937
vn 0.394 -0.133 -0.91
vn 0.268 -0.268 -0.925
vn 0.415 0.014 -0.91
vn 0.019 -0.225 -0.974
vn 0.327 0.294 -0.898
vn 0.537 0.135 -0.833
vn 0.231 0.807 -0.544
vn -0.164 0.789 -0.593
vn 0.489 0.39 -0.78
vn 0.745 0.098 -0.66
vn 0.7 -0.066 -0.711
vn 0.758 -0.219 -0.614
vn 0.616 -0.387 -0.686
vn 0.302 0.291 -0.908
vn -0.048 -0.381 -0.923
vn 0.177 0.812 -0.557
vn -0.216 0.562 -0.798
vn 0.099 0.506 -0.857
vn -0.145 -0.28 -0.949
vn 0.624 0.351 -0.699
vn 0.182 -0.401 -0.897
vn -0.176 -0.361 -0.916
vn -0.084 -0.469 -0.879
vn 0.172 0.59 -0.789
vn 0.608 0.316 -0.728
vn 0.24 -0.455 -0.858
vn 0.342 -0.456 -0.821
vn 0.128 -0.433 -0.892
vn -0.348 -0.488 -0.8
vn -0.304 -0.024 -0.952
vn 0.127 0.148 -0.981
vn 0.281 -0.183 -0.942
vn 0.221 0.396 -0.891
vn 0.24 -0.317 -0.917
vn 0.782 -0.141 -0.607
vn 0.258 0.601 -0.756
vn 0.655 0.253 -0.712
vn 0.354 0.535 -0.767
vn -0.328 0.698 -0.636
vn -0.278 0.679 -0.68
vn -0.365 0.456 -0.812
vn -0.513 0.711 -0.481
vn 0.175 0.647 -0.742
vn -0.21 0.665 -0.717
vn -0.06 0.526 -0.848
vn -0.518 0.611 -0.599
vn -0.554 0.322 -0.768
vn -0.276 0.354 -0.894
vn 0.238 0.168 -0.957
vn -0.494 -0.063 -0.867
vn 0.409 0.338 -0.848
vn 0.001 -0.333 -0.943
vn -0.44 -0.644 -0.626
vn -0.025 -0.689 -0.724
vn -0.487 -0.652 -0.581
vn 0.004 -0.732 -0.681
vn -0.397 -0.712 -0.58
vn -0.291 -0.779 -0.556
vn 0.453 -0.259 -0.853
vn 0.648 0.091 -0.755
vn 0.772 0.102 -0.627
vn 0.666 0.362 -0.652
vn 0.822 0.228 -0.522
vn 0.777 0.19 -0.6
vn 0.714 -0.068 -0.697
vn 0.342 -0.616 -0.709
vn 0.615 -0.417 -0.669
vn 0.678 -0.497 -0.542
vn 0.398 -0.648 -0.649
vn 0.808 -0.341 -0.48
vn 0.554 -0.498 -0.667
vn 0.232 -0.694 -0.682
vn 0.854 -0.454 -0.255
vn 0.315 -0.862 -0.397
vn -0.246 -0.934 -0.26
vn -0.052 0.112 -0.992
vn -0.333 0.725 -0.603
vn -0.371 0.107 -0.922
vn -0.288 0.072 -0.955
vn -0.406 0.17 -0.898
vn -0.079 0.633 -0.77
vn -0.333 0.725 -0.603
vn 0.041 0.626 -0.778
vn 0.119 0.444 -0.888
vn -0.048 0.456 -0.889
vn -0.166 0.402 -0.9
vn 0.046 0.207 -0.977
vn 0.125 0.231 -0.965
vn -0.165 0.22 -0.961
vn 0.123 0.027 -0.992
vn -0.174 -0.053 -0.983
vn 0.033 -0.13 -0.991
vn -0.142 -0.141 -0.979
vn 0.175 -0.1 -0.979
vn -0.289 -0.099 -0.952
vn -0.321 -0.09 -0.943
vn 0.055 -0.118 -0.991
vn -0.314 -0.129 -0.941
vn -0.215 -0.039 -0.976
vn 0.104 -0.008 -0.995
vn -0.126 0.045 -0.991
vn 0.071 -0.075 -0.995
vn -0.487 0.03 -0.873
vn -0.748 -0.351 -0.564
vn 0.003 -0.771 -0.636
vn -0.025 -0.87 -0.492
vn 0.072 -0.298 -0.952
vn 0.393 -0.043 -0.918
vn 0.759 -0.116 -0.64
vn 0.662 -0.083 -0.745
vn 0.124 -0.048 -0.991
vn 0.241 -0.046 -0.969
vn 0.789 -0.05 -0.613
vn 0.432 0.005 -0.902
vn 0.256 -0.059 -0.965
vn 0.081 0.094 -0.992
vn -0.883 -0.274 -0.381
vn -0.14 0.061 -0.988
vn -0.296 -0.017 -0.955
vn -0.374 0 -0.928
vn -0.033 0.054 -0.998
vn -0.397 0.105 -0.912
vn -0.38 0.068 -0.922
vn 0.01 -0.013 -1
vn 0.477 -0.077 -0.875
vn 0.071 -0.014 -0.998
vn -0.325 0.066 -0.943
vn -0.225 0.075 -0.972
vn 0.406 -0.088 -0.91
vn 0.744 -0.11 -0.659
vn 0.703 -0.099 -0.704
vn 0.799 -0.087 -0.595
vn 0.543 -0.029 -0.839
vn 0.806 -0.088 -0.586
vn 0.732 -0.251 -0.633
vn 0.427 -0.068 -0.902
vn 0.241 0.012 -0.97
vn -0.335 -0.039 -0.941
vn 0.093 -0.109 -0.99
vn 0.638 0.375 -0.672
vn 0.51 0.554 -0.658
vn 0.495 0.548 -0.675
vn 0.578 0.378 -0.724
vn 0.585 0.177 -0.792
vn 0.721 0.173 -0.671
vn 0.643 0.108 -0.759
vn 0.771 0.016 -0.636
vn 0.608 -0.007 -0.793
vn 0.564 -0.021 -0.825
vn 0.517 0.023 -0.856
vn 0.732 -0.032 -0.681
vn 0.699 0.028 -0.715
vn 0.553 -0.034 -0.833
vn 0.566 0.043 -0.823
vn 0.517 0.055 -0.854
vn 0.718 0.124 -0.685
vn 0.699 0.028 -0.715
vn 0.846 -0.128 -0.518
vn 0.52 -0.302 -0.799
vn 0.607 -0.716 -0.345
vn 0.031 -0.884 0.467
vn 0.432 -0.837 -0.335
vn 0.55 -0.62 -0.56
vn 0.904 -0.423 0.061
vn 0.164 -0.92 0.355
vn 0.031 -0.884 0.467
vn -0.024 -0.862 0.506
vn 0.094 -0.995 0.032
vn -0.003 -0.918 0.396
vn 0.128 -0.968 -0.217
vn -0.117 -0.975 0.192
vn 0.016 -0.917 -0.397
vn -0.385 -0.46 -0.8
vn 0.072 -0.298 -0.952
vn -0.025 -0.87 -0.492
vn 0.047 0.046 -0.998
vn 0.071 -0.075 -0.995
vn 0.104 -0.008 -0.995
vn -0.444 -0.027 -0.896
vn 0.055 -0.118 -0.991
vn -0.289 -0.099 -0.952
vn 0.997 0.012 0.076
vn 0.732 -0.032 -0.681
vn 0.699 0.028 -0.715
vn 0.996 -0.092 0.005
vn 0.984 -0.04 -0.171
vn 0.994 -0.029 -0.109
vn 0.977 -0.098 -0.192
vn 0.994 -0.111 0.007
vn 0.991 -0.033 -0.126
vn 0.979 -0.206 0.005
vn 0.995 -0.09 -0.048
vn 0.968 -0.048 -0.246
vn 0.957 0.185 -0.223
vn 0.994 -0.016 -0.111
vn 0.732 -0.032 -0.681
vn 0.771 0.016 -0.636
vn 0.973 0.187 -0.14
vn 0.721 0.173 -0.671
vn 0.638 0.375 -0.672
vn 0.876 0.472 -0.095
vn 0.51 0.554 -0.658
vn 0.75 0.661 -0.028
vn 0.859 0.463 -0.217
vn 0.67 0.741 -0.042
vn 0.427 0.764 -0.484
vn 0.575 0.713 -0.401
vn 0.757 0.607 -0.24
vn 0.895 0.434 -0.106
vn 0.657 0.656 -0.372
vn 0.98 0.197 -0.034
vn 0.714 0.382 -0.587
vn 0.406 0.633 -0.659
vn 0.697 0.145 -0.702
vn 0.995 0.06 0.087
vn 0.77 0.367 -0.521
vn 0.74 0.241 -0.628
vn 0.801 0.464 -0.378
vn 0.822 0.35 -0.449
vn 0.972 0.233 -0.032
vn 0.164 0.026 -0.986
vn 0.952 0.25 0.175
vn 0.934 0.138 0.332
vn 0.852 0.207 -0.482
vn 0.385 0.849 -0.362
vn 0.868 0.297 0.397
vn 0.869 0.069 0.491
vn 0.685 0.218 0.695
vn 0.917 0.091 0.388
vn 0.808 0.413 -0.42
vn 0.669 0.278 -0.689
vn 0.924 0.292 -0.246
vn 0.741 0.654 0.151
vn 0.687 0.646 0.333
vn 0.952 0.301 0.05
vn 0.923 0.383 -0.028
vn 0.715 0.287 0.638
vn 0.892 0.375 0.253
vn 0.329 0.927 0.178
vn 0.282 0.957 0.065
vn 0.905 0.254 0.342
vn 0.955 0.181 0.236
vn 0.82 0.3 0.488
vn 0.078 0.996 0.055
vn 0.753 0.374 0.541
vn 0.955 0.181 0.236
vn 0.642 0.202 0.74
vn 0.689 0.106 0.717
vn 0.548 0.044 0.835
vn 0.192 0.841 0.506
vn 0.564 0.139 0.814
vn 0.566 0.146 0.812
vn 0.463 0.463 0.755
vn 0.599 0.229 0.767
vn -0.036 0.816 0.577
vn 0.626 0.098 0.773
vn 0.559 0.015 0.829
vn 0.444 -0.362 0.819
vn 0.178 -0.063 0.982
vn 0.165 -0.722 0.672
vn 0.699 0.028 -0.715
vn 0.718 0.124 -0.685
vn 0.839 -0.003 0.545
vn 0.994 -0.106 -0.034
vn 0.451 -0.119 0.884
vn 0.718 0.124 -0.685
vn 0.846 -0.128 -0.518
vn 0.904 -0.423 0.061
vn -0.158 0.029 0.987
vn 0.522 -0.844 0.121
vn -0.315 -0.908 0.275
vn 0.78 -0.427 0.457
vn 0.96 -0.267 0.082
vn 0.836 -0.179 0.519
vn 0.682 -0.214 0.699
vn 0.748 -0.108 0.655
vn 0.987 -0.161 0.025
vn 0.903 -0.105 0.416
vn 0.487 -0.083 0.869
vn -0.122 -0.506 0.854
vn 0.742 0.066 0.667
vn 0.4 0.078 0.913
vn 0.419 0.235 0.877
vn 0.415 0.225 0.881
vn 0.534 -0.054 0.844
vn 0.293 -0.004 0.956
vn 0.131 -0.071 0.989
vn -0.449 0.424 0.787
vn 0.242 0.627 0.74
vn 0.18 0.508 0.842
vn -0.461 0.429 0.777
vn -0.37 0.037 0.928
vn 0.333 0.639 0.694
vn 0.535 -0.215 0.817
vn -0.794 0.166 0.584
vn -0.855 0.108 0.508
vn -0.805 0.082 0.587
vn -0.725 -0.053 0.687
vn -0.949 -0.067 0.307
vn -0.783 -0.384 0.49
vn -0.711 -0.432 0.555
vn -0.605 -0.45 0.657
vn -0.866 -0.121 0.485
vn -0.333 -0.52 0.787
vn 0.003 -0.771 -0.636
vn -0.748 -0.351 -0.564
vn -0.025 -0.87 -0.492
vn -0.1 -0.341 0.935
vn -0.116 -0.366 0.923
vn 0.016 -0.917 -0.397
vn 0.128 -0.968 -0.217
vn -0.516 -0.856 0.012
vn -0.748 -0.351 -0.564
vn -0.05 -0.686 0.727
vn -0.017 -0.546 0.838
vn -0.107 -0.6 0.792
vn -0.128 -0.518 0.846
vn -0.14 -0.609 0.781
vn -0.158 -0.534 0.831
vn 0.094 -0.995 0.032
vn -0.024 -0.862 0.506
vn -0.16 -0.597 0.787
vn -0.126 -0.642 0.756
vn 0.031 -0.884 0.467
vn -0.325 -0.332 0.886
vn -0.429 -0.152 0.89
vn -0.384 -0.169 0.908
vn 0.432 -0.837 -0.335
vn -0.194 -0.468 0.862
vn 0.55 -0.62 -0.56
vn -0.158 0.029 0.987
vn 0.451 -0.119 0.884
vn 0.904 -0.423 0.061
vn 0.854 -0.454 -0.255
vn 0.935 -0.335 0.118
vn 0.969 -0.13 0.212
vn 0.973 0.073 0.221
vn 0.825 -0.164 0.541
vn 0.676 0.406 0.615
vn 0.825 -0.164 0.541
vn 0.678 0.387 0.625
vn 0.443 0.219 0.87
vn -0.334 0.426 0.841
vn 0.443 0.219 0.87
vn -0.782 0.092 0.617
vn 0.18 0.508 0.842
vn -0.449 0.424 0.787
vn -0.659 0.018 0.752
vn -0.878 -0.154 0.453
vn -0.854 -0.255 0.453
vn -0.749 -0.643 0.163
vn -0.807 -0.567 0.165
vn 0.128 0.507 -0.853
vn 0.046 0.207 -0.977
vn -0.829 0.011 -0.559
vn -0.048 0.456 -0.889
vn 0.039 0.656 -0.753
vn 0.041 0.626 -0.778
vn -0.027 0.539 -0.842
vn 0.183 0.27 -0.945
vn 0.035 0.044 -0.999
vn -0.829 0.011 -0.559
vn 0.1 0.103 -0.99
vn -0.321 -0.09 -0.943
vn 0.144 -0.057 -0.988
vn -0.289 -0.099 -0.952
vn 0.091 -0.067 -0.994
vn -0.994 0.068 0.088
vn -0.444 -0.027 -0.896
vn 0.047 0.046 -0.998
vn -0.385 -0.46 -0.8
vn 0.196 0.003 -0.98
vn -0.769 -0.079 0.635
vn -0.574 -0.222 0.788
vn 0.188 -0.543 -0.818
vn -0.225 -0.166 0.96
vn -0.291 -0.218 0.932
vn 0.237 -0.76 -0.605
vn 0.406 -0.617 -0.674
vn -0.291 -0.218 0.932
vn -0.291 -0.307 0.906
vn 0.563 -0.736 -0.375
vn -0.348 -0.555 0.755
vn -0.225 -0.166 0.96
vn 0.196 0.003 -0.98
vn -0.574 -0.222 0.788
vn 0.354 0.535 -0.767
vn 0.777 0.19 -0.6
vn 0.655 0.253 -0.712
vn 0.926 -0.07 -0.372
vn 0.822 0.228 -0.522
vn 0.916 -0.195 -0.352
vn 0.894 0.012 -0.448
vn 0.608 0.316 -0.728
vn 0.624 0.351 -0.699
vn 0.745 0.098 -0.66
vn 0.302 0.291 -0.908
vn 0.964 -0.049 -0.26
vn 0.967 -0.233 -0.101
vn 0.91 0.201 -0.362
vn 0.666 0.362 -0.652
vn 0.961 -0.037 -0.274
vn 0.772 0.102 -0.627
vn 0.648 0.091 -0.755
vn 0.714 -0.068 -0.697
vn 0.974 -0.225 -0.03
vn 0.917 0.074 -0.391
vn 0.99 0.014 0.14
vn 0.836 -0.112 -0.538
vn 0.615 -0.417 -0.669
vn 0.678 -0.497 -0.542
vn 0.957 0.281 -0.07
vn 0.797 0.453 0.399
vn 0.924 -0.14 0.356
vn 0.986 0.157 0.045
vn 0.914 -0.273 -0.3
vn 0.971 -0.128 -0.2
vn 0.808 -0.341 -0.48
vn 0.925 -0.336 0.175
vn 0.977 0.169 0.132
vn 0.964 0.246 0.097
vn 0.919 -0.155 -0.361
vn 0.989 0.052 -0.141
vn 0.554 -0.498 -0.667
vn 0.398 -0.648 -0.649
vn 0.955 0.012 -0.298
vn 0.854 -0.454 -0.255
vn 0.969 -0.13 0.212
vn 0.877 0.449 0.17
vn 0.825 -0.164 0.541
vn 0.639 0.597 0.486
vn 0.676 0.406 0.615
vn 0.825 -0.164 0.541
vn 0.788 0.466 0.402
vn 0.242 0.627 0.74
vn 0.18 0.508 0.842
vn 0.443 0.219 0.87
vn 0.333 0.639 0.694
vn 0.535 -0.215 0.817
vn 0.002 -0.802 0.598
vn 0.398 -0.767 0.503
vn 0.767 -0.519 0.376
vn 0.104 -0.818 0.565
vn 0.754 -0.57 0.325
vn 0.558 -0.698 0.449
vn 0.769 -0.613 0.181
vn 0.408 -0.839 0.36
vn 0.905 -0.425 -0.024
vn 0.793 -0.59 -0.149
vn 0.586 -0.777 0.229
vn -0.653 -0.465 -0.598
vn 0.951 -0.272 -0.149
vn 0.938 -0.346 -0.042
vn 0.616 -0.387 -0.686
vn 0.758 -0.219 -0.614
vn 0.878 -0.023 -0.478
vn 0.7 -0.066 -0.711
vn 0.537 0.135 -0.833
vn -0.524 -0.408 0.748
vn 0.289 -0.256 0.922
vn 0.443 -0.206 0.872
vn -0.342 -0.393 0.854
vn 0.266 -0.25 0.931
vn 0.231 -0.261 0.938
vn -0.22 -0.281 0.934
vn -0.761 -0.35 0.546
vn 0.294 -0.231 0.928
vn 0.193 -0.151 0.969
vn -0.306 -0.055 0.95
vn 0.197 -0.05 0.979
vn -0.375 0.034 0.927
vn 0.193 0.038 0.98
vn 0.215 0.016 0.977
vn -0.179 0.083 0.98
vn -0.755 0.034 0.654
vn -0.651 0.079 0.755
vn 0.164 -0.015 0.986
vn -0.229 0.158 0.96
vn -0.133 0 0.991
vn -0.022 0.039 0.999
vn 0.203 -0.089 0.975
vn -0.2 -0.102 0.975
vn -0.1 0.204 0.974
vn -0.295 -0.171 0.94
vn 0.066 -0.377 0.924
vn -0.097 -0.41 0.907
vn -0.276 -0.26 0.925
vn 0.08 -0.185 0.979
vn -0.292 -0.308 0.906
vn -0.343 -0.27 0.9
vn -0.375 -0.114 0.92
vn -0.139 -0.77 0.623
vn -0.609 -0.237 0.757
vn -0.398 -0.288 0.871
vn -0.393 -0.484 0.782
vn -0.313 -0.333 0.889
vn -0.351 -0.248 0.903
vn -0.488 -0.204 0.849
vn -0.655 -0.633 0.412
vn -0.647 -0.198 0.736
vn -0.584 -0.147 0.798
vn -0.009 -0.274 0.962
vn -0.225 -0.37 0.901
vn -0.032 -0.155 0.987
vn 0.274 -0.29 0.917
vn 0.437 -0.245 0.865
vn -0.473 -0.387 0.791
vn -0.738 -0.503 0.449
vn -0.664 -0.377 0.646
vn -0.68 -0.153 0.717
vn -0.614 -0.034 0.789
vn -0.715 -0.097 0.692
vn -0.79 -0.14 0.597
vn -0.362 -0.042 0.931
vn -0.137 -0.256 0.957
vn -0.52 -0.112 0.847
vn 0.033 -0.181 0.983
vn 0.289 -0.303 0.908
vn 0.452 -0.247 0.857
vn 0.096 -0.232 0.968
vn 0.166 -0.248 0.955
vn -0.511 -0.157 0.845
vn -0.343 -0.223 0.913
vn 0.45 -0.276 0.849
vn -0.506 -0.143 0.85
vn 0.409 -0.246 0.879
vn -0.642 -0.049 0.765
vn 0.126 -0.182 0.975
vn 0.35 -0.2 0.915
vn -0.247 -0.115 0.962
vn 0.359 -0.162 0.919
vn -0.379 -0.086 0.921
vn 0.182 -0.579 0.795
vn -0.469 -0.316 0.824
vn -0.126 -0.642 0.756
vn -0.158 -0.534 0.831
vn -0.14 -0.609 0.781
vn -0.246 -0.315 0.917
vn -0.187 -0.343 0.92
vn -0.279 -0.12 0.953
vn -0.16 -0.597 0.787
vn -0.334 -0.219 0.917
vn -0.429 -0.152 0.89
vn -0.149 -0.792 0.593
vn -0.127 -0.639 0.758
vn -0.107 -0.6 0.792
vn -0.017 -0.546 0.838
vn 0.06 -0.776 0.627
vn -0.194 -0.468 0.862
vn 0.099 -0.945 0.31
vn 0.994 -0.106 -0.034
vn 0.451 -0.119 0.884
vn -0.315 -0.908 0.275
vn -0.05 -0.686 0.727
vn 0.06 -0.776 0.627
vn 0.043 -0.369 0.928
vn 0.003 -0.809 0.588
vn -0.083 -0.914 0.397
vn -0.516 -0.856 0.012
vn -0.585 -0.348 -0.732
vn -0.068 -0.957 0.282
vn 0.412 0.117 0.904
vn 0.567 0.409 0.715
vn 0.471 0.191 0.861
vn 0.614 0.315 0.724
vn 0.672 0.604 0.429
vn 0.659 0.697 0.283
vn 0.613 -0.318 0.723
vn 0.41 0.168 0.896
vn 0.476 -0.512 0.715
vn 0.236 -0.239 0.942
vn -0.065 -0.006 0.998
vn -0.508 0.231 -0.83
vn -0.065 0.297 -0.953
vn 0.008 -0.669 -0.743
vn -0.129 -0.751 -0.647
vn -0.42 -0.742 -0.522
vn -0.941 0.108 -0.32
vn -0.967 -0.023 0.254
vn -0.571 -0.818 0.074
vn -0.876 0.135 -0.463
vn -0.543 0.259 -0.799
vn -0.45 -0.104 0.887
vn 0.251 -0.967 -0.033
vn -0.676 0.096 0.731
vn -0.957 0.183 0.224
vn -0.407 0.251 0.878
vn -0.729 0.311 -0.61
vn -0.285 0.513 -0.81
vn -0.933 0.241 -0.268
vn -0.726 0.424 0.542
vn -0.875 0.483 -0.041
vn -0.616 0.547 0.567
vn -0.442 0.736 0.512
vn -0.726 0.67 0.157
vn -0.867 0.438 -0.238
vn -0.792 0.387 -0.472
vn -0.797 0.596 -0.096
vn -0.632 0.759 0.154
vn -0.282 0.926 0.252
vn -0.699 0.441 -0.562
vn -0.32 0.66 -0.68
vn -0.554 0.31 -0.773
vn -0.133 0.412 -0.901
vn -0.346 0.088 -0.934
vn -0.708 0.253 -0.66
vn -0.498 -0.092 -0.862
vn -0.327 -0.165 -0.931
vn -0.436 -0.533 -0.725
vn -0.211 -0.509 -0.834
vn -0.531 -0.362 -0.766
vn -0.506 -0.096 -0.857
vn -0.427 -0.854 -0.299
vn -0.668 0.076 -0.74
vn 0.036 -0.492 -0.87
vn -0.588 -0.027 -0.808
vn -0.769 0.335 -0.544
vn -0.933 -0.319 -0.165
vn -0.562 -0.326 -0.761
vn -0.861 -0.478 0.174
vn -0.675 -0.536 0.507
vn -0.404 -0.871 0.281
vn -0.76 -0.126 -0.637
vn 0.066 -0.614 -0.787
vn -0.758 0.625 -0.185
vn -0.086 -0.973 -0.214
vn -0.939 0.032 -0.342
vn -0.246 -0.961 -0.128
vn -0.612 0.785 0.093
vn -0.415 -0.91 0.029
vn -0.99 0.099 0.104
vn -0.812 0.17 0.558
vn -0.309 0.903 0.299
vn -0.467 -0.832 0.301
vn -0.427 -0.566 0.706
vn -0.839 -0.46 0.29
vn -0.524 -0.408 0.748
vn -0.895 -0.341 0.287
vn -0.342 -0.393 0.854
vn -0.959 -0.266 0.091
vn -0.917 -0.389 0.096
vn -0.857 -0.396 0.331
vn -0.761 -0.35 0.546
vn -0.97 -0.195 -0.143
vn -0.791 -0.157 -0.591
vn -0.934 -0.147 -0.326
vn -0.945 -0.323 0.045
vn -0.9 -0.379 0.214
vn -0.85 -0.044 -0.524
vn -0.321 0.046 -0.946
vn -0.511 0.111 -0.853
vn -0.088 0.233 -0.968
vn -0.496 0.155 -0.854
vn -0.765 -0.026 -0.643
vn -0.468 0.135 -0.874
vn -0.742 -0.109 -0.662
vn -0.467 0.108 -0.877
vn -0.481 -0.132 -0.866
vn -0.927 -0.219 -0.306
vn -0.947 -0.317 0.053
vn -0.927 -0.15 -0.345
vn -0.915 -0.26 0.309
vn -0.962 -0.19 0.197
vn -0.817 -0.15 0.557
vn -0.825 -0.052 0.563
vn -0.22 -0.281 0.934
vn -0.306 -0.055 0.95
vn -0.375 0.034 0.927
vn -0.755 0.034 0.654
vn -0.969 -0.066 0.239
vn -0.914 -0.025 0.406
vn -0.651 0.079 0.755
vn -0.971 -0.081 -0.226
vn -0.963 -0.115 -0.244
vn -0.741 -0.181 -0.646
vn -0.737 -0.114 -0.666
vn -0.59 -0.145 -0.794
vn -0.227 -0.218 -0.949
vn -0.646 -0.236 -0.726
vn -0.387 -0.157 -0.909
vn -0.529 -0.427 -0.734
vn -0.246 -0.455 -0.856
vn -0.49 -0.85 0.195
vn -0.738 -0.557 -0.38
vn -0.484 -0.871 -0.079
vn -0.098 -0.817 0.568
vn -0.392 -0.919 0.048
vn 0.03 -0.764 0.644
vn -0.313 -0.935 0.168
vn -0.343 -0.366 0.865
vn -0.074 -0.566 0.821
vn -0.065 -0.006 0.998
vn 0.236 -0.239 0.942
vn 0.264 -0.249 0.932
vn 0.235 -0.573 0.786
vn 0.259 -0.462 0.848
vn 0.146 -0.461 0.875
vn -0.022 -0.505 0.863
vn -0.2 -0.769 0.607
vn 0.432 -0.547 0.717
vn 0.449 -0.752 0.483
vn -0.351 -0.883 0.312
vn -0.119 -0.993 0.007
vn -0.5 -0.847 -0.183
vn -0.52 -0.756 -0.398
vn -0.088 0.233 -0.968
vn -0.321 0.046 -0.946
vn 0.224 0.143 -0.964
vn 0.255 0.267 -0.929
vn 0.633 0.291 -0.717
vn 0.578 0.323 -0.75
vn 0.355 0.272 -0.895
vn 0.712 0.265 -0.65
vn 0.75 0.301 -0.589
vn 0.004 0.215 -0.977
vn 0.363 0.252 -0.897
vn 0.422 0.344 -0.839
vn 0.77 0.356 -0.529
vn 0.756 0.042 -0.653
vn -0.468 0.135 -0.874
vn -0.496 0.155 -0.854
vn -0.467 0.108 -0.877
vn 0.099 0.276 -0.956
vn -0.114 -0.127 -0.985
vn -0.481 -0.132 -0.866
vn -0.227 -0.218 -0.949
vn 0.332 0.022 -0.943
vn 0.61 -0.27 -0.745
vn 0.23 -0.258 -0.938
vn 0.473 -0.313 -0.824
vn 0.034 -0.27 -0.962
vn -0.387 -0.157 -0.909
vn -0.246 -0.455 -0.856
vn 0.272 -0.322 -0.907
vn 0.702 -0.439 -0.561
vn 0.733 -0.31 -0.605
vn 0.856 -0.273 -0.438
vn 0.669 -0.29 -0.684
vn 0.584 -0.235 -0.777
vn 0.675 -0.385 -0.63
vn 0.541 -0.33 -0.774
vn 0.708 -0.38 -0.596
vn 0.705 -0.332 -0.627
vn 0.646 -0.42 -0.638
vn 0.727 -0.424 -0.54
vn 0.554 -0.386 -0.738
vn 0.7 -0.48 -0.529
vn 0.676 -0.533 0.51
vn 0.593 -0.803 -0.056
vn 0.317 -0.439 -0.84
vn -0.443 -0.715 0.541
vn -0.293 -0.86 -0.418
vn -0.187 -0.611 -0.769
vn 0.419 -0.567 -0.708
vn 0.187 -0.358 -0.915
vn 0.018 -0.508 -0.861
vn -0.065 -0.386 -0.92
vn -0.361 -0.501 -0.786
vn -0.667 -0.148 -0.73
vn -0.12 -0.133 -0.984
vn -0.487 -0.059 -0.871
vn 0.111 -0.153 -0.982
vn -0.143 0.047 -0.989
vn -0.452 0.081 -0.889
vn -0.319 0.043 -0.947
vn -0.442 0.736 0.512
vn -0.616 0.547 0.567
vn -0.347 0.474 0.81
vn -0.249 0.704 0.666
vn -0.201 0.891 0.408
vn 0.032 0.615 0.788
vn -0.282 0.926 0.252
vn -0.726 0.67 0.157
vn 0.015 0.846 0.534
vn -0.054 0.978 0.203
vn 0.569 0.298 0.767
vn 0.016 0.386 0.922
vn 0.723 -0.083 0.686
vn 0.461 0.621 0.634
vn 0.363 0.707 0.607
vn 0.119 0.613 0.781
vn -0.161 0.802 0.575
vn -0.309 0.903 0.299
vn -0.318 0.278 0.906
vn 0.273 0.016 0.962
vn -0.812 0.17 0.558
vn -0.612 0.785 0.093
vn -0.758 0.625 -0.185
vn -0.632 0.759 0.154
vn -0.769 0.335 -0.544
vn -0.792 0.387 -0.472
vn -0.016 -0.01 1
vn 0.519 -0.228 0.824
vn 0.177 0.027 0.984
vn 0.757 -0.192 0.624
vn 0.377 0.163 0.912
vn 0.805 -0.149 0.575
vn 0.251 -0.161 0.955
vn 0.481 0.172 0.86
vn 0.964 -0.062 0.258
vn 0.966 0.043 0.256
vn 0.879 0.119 0.461
vn 0.768 -0.151 0.623
vn 0.821 0.243 0.517
vn 0.421 0.119 0.899
vn 0.506 -0.853 0.128
vn 0.292 -0.933 -0.211
vn 0.965 0.181 0.188
vn 0.975 0.008 0.222
vn 0.145 -0.974 -0.176
vn 1 -0.008 -0.01
vn 0.975 0.177 0.133
vn 0.976 0.188 0.115
vn 0.805 0.298 -0.513
vn 0.389 -0.785 -0.483
vn 0.854 0.38 -0.356
vn 0.935 0.301 0.192
vn 0.922 0.349 0.168
vn 0.801 0.31 -0.512
vn 0.838 0.191 0.511
vn 0.87 -0.135 0.474
vn 0.992 0.112 0.054
vn 0.995 -0.083 -0.051
vn 0.851 -0.225 0.475
vn 0.723 -0.083 0.686
vn 0.569 0.298 0.767
vn 0.882 0.026 -0.469
vn 0.991 -0.132 0.021
vn 0.824 -0.451 0.342
vn 0.487 0.155 -0.86
vn 0.507 0.082 -0.858
vn 0.88 0.047 -0.473
vn 0.951 -0.19 -0.244
vn 0.354 -0.133 -0.926
vn 0.686 -0.509 0.521
vn 0.375 -0.228 0.898
vn 0.607 -0.433 0.666
vn -0.066 -0.56 0.826
vn 0.15 -0.922 0.357
vn 0.88 -0.284 0.381
vn 0.666 -0.739 0.105
vn 0.807 -0.521 0.278
vn 0.836 -0.41 0.364
vn 0.693 -0.608 -0.387
vn 0.878 -0.067 0.473
vn 0.784 -0.528 -0.327
vn 0.273 -0.962 -0.003
vn 0.461 0.621 0.634
vn 0.818 -0.102 0.566
vn 0.363 0.707 0.607
vn 0.472 -0.75 0.462
vn 0.603 0.038 0.797
vn 0.119 0.613 0.781
vn 0.273 0.016 0.962
vn 0.011 -0.997 0.084
vn -0.862 0.485 0.15
vn -0.871 0.458 0.176
vn -0.38 0.484 0.789
vn -0.873 0.211 -0.44
vn -0.738 -0.557 -0.38
vn -0.49 -0.85 0.195
vn -0.87 0.21 -0.447
vn -0.748 0.434 -0.501
vn -0.741 0.668 0.063
vn -0.537 -0.135 -0.833
vn -0.627 -0.274 -0.729
vn -0.498 -0.565 -0.658
vn -0.484 -0.871 -0.079
vn -0.566 -0.179 -0.805
vn -0.593 -0.634 -0.497
vn -0.483 -0.257 -0.837
vn -0.392 -0.919 0.048
vn -0.52 -0.756 -0.398
vn -0.313 -0.935 0.168
vn -0.498 -0.057 -0.865
vn -0.475 -0.659 -0.583
vn -0.307 -0.148 -0.94
vn -0.094 0.212 -0.973
vn -0.328 -0.303 -0.895
vn -0.265 0.042 -0.963
vn -0.432 0.275 -0.859
vn -0.16 -0.381 -0.911
vn -0.302 -0.369 -0.879
vn -0.293 -0.355 -0.888
vn -0.476 0.065 -0.877
vn -0.222 -0.233 -0.947
vn -0.624 -0.168 -0.763
vn -0.96 0.128 -0.248
vn -0.576 -0.729 -0.371
vn -0.836 0.508 -0.207
vn -0.786 0.407 0.465
vn -0.205 0.527 0.825
vn -0.725 0.059 0.687
vn -0.543 0.259 -0.799
vn -0.285 0.513 -0.81
vn -0.508 0.231 -0.83
vn -0.065 0.297 -0.953
vn 0.078 0.554 -0.829
vn 0.854 0.38 -0.356
vn 0.805 0.298 -0.513
vn 0.008 -0.669 -0.743
vn 0.389 -0.785 -0.483
vn 0.269 -0.497 0.825
vn 0.574 -0.674 0.465
vn -0.301 -0.421 0.856
vn -0.253 0.065 0.965
vn 0.389 -0.281 0.877
vn 0.543 -0.248 0.802
vn -0.688 0.242 0.685
vn -0.658 0.607 0.446
vn -0.901 0.226 0.37
vn -0.052 -0.145 0.988
vn -0.564 -0.422 0.71
vn -0.553 -0.362 -0.75
vn -0.334 -0.661 -0.672
vn -0.012 -0.414 -0.91
vn -0.254 -0.073 -0.964
vn 0.508 0.19 -0.84
vn 0.107 -0.536 -0.837
vn 0.331 -0.618 -0.713
vn 0.644 -0.727 -0.24
vn 0.932 -0.077 -0.354
vn -0.365 -0.131 -0.922
vn 0.15 0.618 -0.771
vn -0.498 0.222 -0.838
vn -0.66 0.345 -0.667
vn -0.597 0.548 -0.585
vn -0.803 -0.548 -0.234
vn -0.759 -0.648 -0.065
vn -0.898 -0.432 -0.075
vn -0.398 -0.539 0.743
vn -0.663 -0.632 0.401
vn -0.822 -0.437 0.366
vn -0.085 -0.63 0.771
vn -0.564 -0.422 0.71
vn 0.519 -0.28 0.808
vn 0.431 -0.485 0.761
vn 0.332 -0.503 0.798
vn 0.207 -0.265 0.942
vn -0.604 -0.107 0.79
vn -0.56 0.258 0.787
vn -0.038 0.028 0.999
vn -0.668 0.42 0.615
vn -0.864 -0.004 0.503
vn -0.306 0.269 0.913
vn 0.253 0.019 0.967
vn -0.156 -0.016 0.988
vn 0.267 -0.325 0.907
vn -0.64 0.506 0.578
vn -0.274 -0.025 0.961
vn -0.387 -0.008 0.922
vn -0.792 0.232 0.565
vn -0.81 0.204 0.55
vn -0.586 0.055 0.808
vn -0.466 -0.003 0.885
vn -0.608 0.111 0.786
vn -0.136 -0.239 0.961
vn -0.425 0.095 0.9
vn -0.023 0.053 0.999
vn -0.183 0.548 0.816
vn 0.122 0.514 0.85
vn 0.267 -0.001 0.964
vn 0.09 -0.316 0.944
vn 0.16 -0.044 0.986
vn 0.344 -0.237 0.909
vn 0.309 0.073 0.948
vn 0.565 0.135 0.814
vn -0.124 0.315 0.941
vn 0.229 0.367 0.901
vn -0.288 0.054 0.956
vn 0.03 0.112 0.993
vn -0.371 -0.677 0.636
vn 0.381 0.168 0.909
vn -0.54 -0.404 0.738
vn 0.362 -0.395 0.844
vn 0.335 -0.49 0.805
vn -0.323 -0.183 0.929
vn -0.646 0.277 0.711
vn -0.295 -0.55 0.781
vn -0.252 -0.048 0.966
vn -0.65 -0.046 0.758
vn -0.817 0.123 0.562
vn -0.811 0.26 0.524
vn -0.254 0.101 0.962
vn -0.606 0.386 0.695
vn -0.447 0.343 0.827
vn -0.451 0.41 0.792
vn -0.761 0.13 0.635
vn -0.116 0.487 0.866
vn -0.338 0.005 0.941
vn -0.82 -0.271 0.504
vn -0.315 0.454 0.833
vn -0.52 -0.007 0.854
vn -0.277 -0.481 0.832
vn -0.651 -0.371 0.662
vn -0.75 0.372 0.548
vn -0.328 -0.499 0.802
vn -0.513 -0.223 0.829
vn -0.718 -0.251 0.649
vn -0.64 0.367 0.675
vn 0.569 0.459 0.682
vn 0.707 0.106 0.7
vn 0.49 0.438 0.753
vn -0.453 -0.482 0.75
vn 0.595 -0.359 0.719
vn -0.811 -0.205 0.548
vn -0.626 -0.054 0.777
vn -0.479 -0.175 0.86
vn -0.229 0.049 0.972
vn -0.289 -0.876 0.386
vn 0.429 -0.862 0.27
vn 0.402 0.008 0.916
vn 0.182 -0.038 0.982
vn 0.059 -0.421 0.905
vn -0.637 -0.212 0.741
vn -0.435 0.087 0.896
vn -0.52 -0.374 0.768
vn 0.241 -0.417 0.876
vn -0.608 -0.127 0.784
vn -0.35 -0.161 0.923
vn -0.491 -0.712 0.502
vn -0.05 -0.185 0.981
vn 0.465 -0.174 0.868
vn 0.555 -0.093 0.827
vn -0.259 -0.963 -0.067
vn -0.526 -0.841 0.125
vn -0.078 -0.985 0.151
vn 0.273 -0.943 -0.189
vn 0.014 -0.933 -0.359
vn 0.169 -0.964 0.203
vn 0.118 -0.613 0.781
vn 0.724 -0.62 0.302
vn 0.213 -0.766 -0.606
vn -0.512 -0.535 -0.672
vn 0.48 -0.711 -0.513
vn -0.506 -0.583 -0.636
vn 0.188 -0.77 -0.61
vn 0.137 -0.906 -0.399
vn 0.667 -0.698 -0.26
vn 0.104 -0.993 -0.052
vn 0.74 -0.672 -0.013
vn 0.647 -0.745 0.159
vn 0.039 -0.777 0.628
vn -0.169 -0.857 0.487
vn 0.076 -0.876 -0.476
vn -0.754 -0.567 -0.33
vn -0.016 -0.992 -0.128
vn -0.621 -0.767 0.163
vn 0.837 -0.532 0.129
vn 0.935 -0.335 0.118
vn 0.854 -0.454 -0.255
vn 0.315 -0.862 -0.397
vn 0.134 -0.991 0.016
vn -0.246 -0.934 -0.26
vn -0.393 -0.913 -0.114
vn -0.807 -0.567 0.165
vn -0.749 -0.643 0.163
vn -0.325 0.156 -0.933
vn -0.031 0.412 -0.911
vn -0.173 0.472 -0.865
vn -0.038 0.285 -0.958
vn -0.124 0.005 -0.992
vn 0.245 0.312 -0.918
vn 0.513 0.539 -0.668
vn 0.648 0.252 -0.718
vn 0.709 0.431 -0.558
vn 0.483 0.113 -0.869
vn 0.168 0.061 -0.984
vn 0.572 0.032 -0.819
vn 0.686 0.155 -0.711
vn 0.5 -0.02 -0.866
vn 0.532 0.126 -0.837
vn 0.328 -0.118 -0.938
vn 0.058 -0.061 -0.997
vn 0.337 0.05 -0.94
vn 0.708 0.002 -0.707
vn 0.37 -0.034 -0.928
vn 0.254 0.053 -0.966
vn 0.29 0.052 -0.956
vn -0.243 -0.02 -0.97
vn 0.323 0.042 -0.945
vn 0.53 -0.163 -0.832
vn 0.626 -0.068 -0.776
vn 0.302 0.043 -0.953
vn -0.286 -0.016 -0.958
vn -0.41 0.011 -0.912
vn -0.213 0.145 -0.966
vn -0.255 0.279 -0.926
vn 0.042 0.077 -0.996
vn 0.312 -0.13 -0.941
vn 0.411 -0.144 -0.9
vn 0.279 -0.106 -0.955
vn 0.262 -0.136 -0.956
vn 0.326 -0.205 -0.923
vn 0.224 0.186 -0.957
vn 0.336 0.228 -0.914
vn 0.334 -0.04 -0.942
vn 0.526 -0.131 -0.84
vn 0.401 -0.075 -0.913
vn 0.082 0.276 -0.958
vn -0.347 0.389 -0.854
vn 0.187 -0.151 -0.971
vn -0.134 -0.022 -0.991
vn -0.451 0.107 -0.886
vn -0.691 -0.618 -0.375
vn -0.224 -0.395 -0.891
vn 0.223 -0.182 -0.958
vn 0.096 -0.423 -0.901
vn 0.052 -0.601 -0.798
vn 0.241 -0.217 -0.946
vn -0.144 -0.562 -0.814
vn 0.296 -0.419 -0.858
vn 0.206 -0.352 -0.913
vn 0.381 -0.315 -0.869
vn 0.302 -0.142 -0.943
vn 0.539 -0.215 -0.814
vn 0.562 -0.224 -0.796
vn 0.582 -0.134 -0.802
vn 0.706 -0.244 -0.666
vn 0.957 0.205 -0.207
vn 0.876 0.13 -0.464
vn 0.142 0.156 0.978
vn 0.169 -0.964 0.203
vn 0.118 -0.613 0.781
vn 0.604 0.09 0.792
vn 0.277 0.8 0.533
vn 0.724 -0.62 0.302
vn 0.543 0.703 0.459
vn 0.886 0.017 0.464
vn 0.977 -0.095 0.191
vn 0.273 -0.943 -0.189
vn 0.779 0.5 0.379
vn 0.976 -0.197 -0.091
vn 0.48 -0.711 -0.513
vn 0.929 0.304 0.213
vn 1 -0.003 -0.017
vn 0.667 -0.698 -0.26
vn 0.989 0.142 0.035
vn 0.917 0.349 0.19
vn 0.74 -0.672 -0.013
vn 0.929 -0.329 -0.172
vn 0.647 -0.745 0.159
vn 0.929 0.366 0.052
vn 0.871 0.356 0.338
vn 0.589 0.7 0.405
vn 0.944 -0.07 -0.323
vn 0.849 -0.385 -0.363
vn 0.971 0.159 -0.18
vn 0.678 -0.118 -0.726
vn 0.867 -0.295 -0.402
vn 0.455 -0.16 -0.876
vn 0.777 0.165 -0.607
vn 0.685 -0.443 -0.579
vn 0.792 0.498 -0.355
vn 0.451 0.223 -0.864
vn 0.984 0.165 -0.069
vn 0.78 -0.377 0.499
vn 0.128 -0.342 0.931
vn 0.314 -0.17 0.934
vn 0.949 -0.225 0.221
vn 0.255 -0.473 0.843
vn 0.967 0.113 0.226
vn 0.966 0.129 -0.222
vn 0.887 0.126 0.444
vn 0.852 0.277 -0.445
vn 0.744 0.505 0.438
vn 0.762 -0.002 -0.647
vn 0.582 0.321 -0.747
vn 0.975 0.03 -0.22
vn 0.42 -0.851 -0.317
vn 0.337 -0.938 -0.08
vn 0.514 -0.829 0.221
vn 0.334 -0.685 0.647
vn 0.539 0.315 0.781
vn 0.685 0.387 0.617
vn 0.156 0.61 0.777
vn 0.461 0.703 0.541
vn 0.471 0.746 0.471
vn 0.169 0.844 0.508
vn 0.142 0.156 0.978
vn 0.118 -0.613 0.781
vn -0.425 0.247 0.871
vn -0.078 -0.985 0.151
vn -0.81 0.173 0.56
vn -0.693 0.41 0.593
vn -0.588 0.257 0.767
vn -0.809 0.353 0.47
vn -0.688 0.588 0.427
vn -0.615 0.587 0.526
vn -0.958 -0.002 0.287
vn -0.951 0.172 0.257
vn -0.716 -0.098 0.691
vn -0.659 -0.352 0.665
vn -0.594 -0.304 0.745
vn -0.548 -0.526 0.65
vn -0.458 -0.152 0.876
vn -0.911 0.349 0.22
vn -0.854 0.506 0.119
vn -0.58 0.743 0.334
vn -0.73 0.673 0.116
vn -0.528 0.752 0.395
vn -0.577 0.799 0.171
vn -0.483 0.809 0.336
vn -0.522 0.827 0.21
vn -0.479 0.877 -0.023
vn -0.336 0.934 0.123
vn -0.428 0.895 0.125
vn 0.565 0.45 -0.691
vn 0.499 0.064 -0.864
vn 0.415 0.39 -0.822
vn 0.427 0.848 -0.314
vn 0.509 0.772 -0.381
vn 0.244 0.933 0.264
vn 0.588 0.394 -0.707
vn 0.59 0.78 0.206
vn 0.521 0.779 -0.349
vn 0.59 0.511 -0.625
vn 0.6 0.368 -0.71
vn 0.99 0.083 -0.117
vn 0.387 0.922 -0.019
vn 0.239 0.945 0.224
vn 0.132 0.839 0.528
vn 0.131 0.784 0.606
vn 0.539 0.582 0.609
vn 0.105 0.59 0.8
vn 0.25 0.68 0.689
vn 0.222 0.518 0.826
vn 0.218 0.65 0.728
vn 0.582 0.263 0.77
vn 0.437 0.527 0.729
vn -0.53 0.738 0.418
vn -0.746 0.552 0.374
vn -0.73 0.553 0.4
vn -0.895 0.256 0.365
vn -0.441 0.511 0.738
vn -0.785 0.215 0.582
vn -0.993 -0.117 0.002
vn -0.996 -0.081 -0.043
vn -0.855 0.01 -0.518
vn -0.905 0.125 0.407
vn -0.726 0.278 0.629
vn -0.992 0.041 -0.117
vn -0.997 0.014 -0.073
vn -0.916 0.338 0.217
vn -0.504 0.209 0.838
vn -0.538 -0.843 -0.021
vn -0.289 -0.957 0.015
vn -0.736 -0.656 -0.166
vn -0.993 -0.055 -0.109
vn -0.947 0.322 -0.004
vn -0.881 0.288 -0.375
vn -0.804 -0.015 -0.595
vn -0.732 0.155 -0.664
vn -0.378 -0.909 -0.175
vn -0.567 -0.613 -0.55
vn -0.673 0.103 -0.733
vn -0.02 -0.566 -0.824
vn -0.291 0.184 -0.939
vn -0.746 0.239 -0.622
vn -0.219 0.119 -0.969
vn -0.715 0.264 -0.647
vn -0.929 0.177 -0.326
vn -0.676 0.021 -0.736
vn -0.246 -0.142 -0.958
vn -0.937 -0.09 -0.339
vn -0.663 -0.196 -0.722
vn -0.231 -0.247 -0.941
vn -0.963 -0.214 -0.161
vn -0.912 -0.266 -0.313
vn -0.754 -0.567 -0.33
vn -0.981 -0.012 -0.191
vn -0.881 -0.404 -0.245
vn -0.506 -0.583 -0.636
vn -0.621 -0.767 0.163
vn -0.512 -0.535 -0.672
vn -0.854 -0.484 -0.189
vn -0.965 -0.253 -0.073
vn -0.763 -0.294 0.576
vn -0.514 -0.059 0.855
vn -0.973 -0.228 -0.039
vn -0.622 -0.361 -0.695
vn -0.784 -0.174 -0.596
vn -0.949 -0.027 -0.313
vn -0.864 0.494 0.101
vn -0.985 -0.081 -0.151
vn -0.716 0.677 0.169
vn -0.259 -0.963 -0.067
vn 0.014 -0.933 -0.359
vn -0.526 -0.841 0.125
vn -1 -0.002 0.035
vn -0.849 0.128 0.512
vn -0.529 0.747 0.402
vn -0.078 -0.985 0.151
vn -0.425 0.247 0.871
vn 0.231 0.807 -0.544
vn 0.177 0.812 -0.557
vn 0.489 0.39 -0.78
vn -0.15 0.957 -0.249
vn -0.123 0.989 -0.08
vn -0.164 0.789 -0.593
vn -0.216 0.562 -0.798
vn -0.579 0.671 -0.463
vn -0.109 0.898 -0.425
vn -0.303 0.923 -0.236
vn -0.428 0.895 0.125
vn -0.336 0.934 0.123
vn -0.308 0.942 0.133
vn -0.526 0.848 -0.061
vn -0.78 0.621 -0.072
vn -0.591 0.775 0.223
vn -0.429 0.834 0.346
vn -0.748 0.595 0.296
vn -0.483 0.809 0.336
vn -0.577 0.693 0.431
vn -0.528 0.752 0.395
vn -0.752 0.601 0.27
vn -0.73 0.673 0.116
vn 0.302 0.829 0.47
vn 0.36 0.302 0.883
vn 0.45 0.037 0.892
vn -0.057 0.995 0.08
vn 0.367 0.663 0.652
vn -0.266 0.944 -0.194
vn 0.206 0.686 0.698
vn 0.062 0.972 0.228
vn -0.002 0.828 0.56
vn 0.155 0.487 0.86
vn 0.212 0.326 0.921
vn 0.06 0.966 0.253
vn 0.481 0.543 0.688
vn 0.594 0.468 0.654
vn 0.493 0.71 0.502
vn 0.273 -0.962 -0.003
vn 0.011 -0.997 0.084
vn 0.472 -0.75 0.462
vn -0.086 -0.973 -0.214
vn 0.285 -0.77 -0.571
vn 0.784 -0.528 -0.327
vn -0.246 -0.961 -0.128
vn -0.415 -0.91 0.029
vn -0.467 -0.832 0.301
vn -0.348 -0.53 0.773
vn 0.066 -0.614 -0.787
vn 0.382 -0.587 -0.713
vn 0.37 -0.599 -0.71
vn 0.036 -0.492 -0.87
vn -0.211 -0.509 -0.834
vn 0.693 -0.608 -0.387
vn 0.321 -0.734 -0.598
vn -0.436 -0.533 -0.725
vn 0.212 -0.903 -0.375
vn 0.807 -0.521 0.278
vn 0.15 -0.922 0.357
vn 0.07 -0.941 -0.329
vn -0.427 -0.854 -0.299
vn -0.498 -0.092 -0.862
vn -0.404 -0.871 0.281
vn -0.675 -0.536 0.507
vn -0.066 -0.56 0.826
vn 0.034 -0.656 0.754
vn 0.311 -0.827 0.469
vn 0.328 -0.893 0.308
vn 0.194 -0.839 0.509
vn 0.539 -0.215 -0.814
vn 0.562 -0.224 -0.796
vn 0.381 -0.315 -0.869
vn 0.57 -0.11 -0.814
vn -0.22 -0.167 0.961
vn 0.264 -0.878 0.399
vn 0.206 -0.352 -0.913
vn 0.468 -0.14 -0.873
vn 0.296 -0.419 -0.858
vn -0.144 -0.562 -0.814
vn 0.18 -0.143 -0.973
vn 0.318 -0.109 -0.942
vn 0.052 -0.601 -0.798
vn -0.646 -0.444 0.62
vn 0.096 -0.423 -0.901
vn -0.224 -0.395 -0.891
vn -0.691 -0.618 -0.375
vn -0.007 -0.348 0.938
vn 0.831 -0.44 0.34
vn 0.325 -0.372 0.869
vn 0.888 -0.315 0.336
vn -0.716 -0.127 0.687
vn 0.85 0.204 0.486
vn 0.913 -0.367 0.179
vn 0.926 -0.375 -0.027
vn 0.935 -0.354 0.007
vn 0.945 0.068 0.32
vn 0.97 0.123 0.208
vn 0.94 0.341 0.007
vn 0.864 0.302 0.403
vn 0.907 -0.299 0.295
vn 0.767 -0.173 0.618
vn 0.964 -0.057 0.26
vn 0.978 -0.058 -0.202
vn 0.961 0.251 -0.117
vn 0.945 0.249 0.211
vn 0.817 0.083 0.571
vn 0.871 0.265 0.414
vn 0.846 0.023 0.533
vn 0.687 -0.033 0.727
vn 0.238 -0.33 0.914
vn 0.306 -0.509 0.804
vn 0.445 -0.297 0.845
vn 0.758 -0.018 0.651
vn 0.774 0.094 0.626
vn -0.576 -0.729 -0.371
vn -0.759 -0.648 -0.065
vn -0.621 -0.768 -0.159
vn 0.199 -0.835 -0.513
vn 0.424 -0.888 -0.178
vn -0.279 -0.92 0.275
vn 0.437 -0.842 0.317
vn 0.254 -0.641 0.724
vn -0.757 -0.646 0.103
vn 0.384 -0.418 0.823
vn 0.106 -0.119 0.987
vn -0.009 0.221 0.975
vn -0.636 -0.763 0.114
vn 0.018 0.269 0.963
vn -0.152 0.273 0.95
vn -0.152 0.273 0.95
vn -0.725 0.059 0.687
vn -0.657 0.215 0.722
vn -0.395 0.675 0.623
vn 0.39 -0.151 0.908
vn 0.344 -0.832 0.435
vn -0.301 -0.421 0.856
vn -0.593 0.605 0.531
vn -0.865 0.316 0.39
vn -0.911 0.366 0.189
vn -0.626 0.683 0.375
vn -0.663 0.747 -0.056
vn -0.556 0.097 -0.825
vn -0.238 0.938 0.255
vn -0.659 0.018 0.752
vn -0.334 0.426 0.841
vn -0.665 0.743 0.074
vn -0.749 -0.643 0.163
vn -0.34 -0.814 -0.471
vn -0.393 -0.913 -0.114
vn -0.919 -0.388 -0.069
vn -0.854 -0.255 0.453
vn -0.915 -0.325 -0.242
vn -0.775 -0.309 -0.551
vn -0.875 0.153 -0.459
vn -0.985 0.019 0.171
vn -0.659 0.018 0.752
vn -0.925 0.377 0.04
vn -0.665 0.743 0.074
vn -0.663 0.747 -0.056
vn -0.568 0.823 0.013
vn -0.628 0.778 0.022
vn -0.614 0.788 0.044
vn -0.238 0.938 0.255
vn -0.451 0.845 -0.289
vn -0.665 0.743 0.074
vn -0.717 0.629 -0.3
vn -0.788 0.572 -0.228
vn -0.925 0.377 0.04
vn -0.981 0.116 -0.156
vn -0.412 0.866 0.284
vn -0.609 0.793 -0.023
vn -0.995 0.049 0.085
vn -0.667 0.71 0.228
vn -0.601 0.745 0.289
vn -0.841 0.511 -0.178
vn -0.847 0.392 -0.359
vn -0.875 0.153 -0.459
vn -0.978 0.189 -0.092
vn -0.995 -0.066 -0.082
vn -0.621 -0.757 -0.206
vn -0.947 -0.295 0.128
vn -0.854 0.134 -0.503
vn -0.775 -0.309 -0.551
vn -0.633 -0.459 -0.624
vn -0.971 0.184 -0.154
vn -0.7 0.687 0.197
vn -0.919 -0.115 -0.377
vn -0.739 -0.469 -0.485
vn -0.969 0.163 -0.186
vn -0.977 0.038 -0.209
vn -0.616 0.697 0.366
vn -0.995 -0.077 0.064
vn -0.984 0.089 -0.156
vn -0.994 0.061 0.093
vn -0.929 -0.004 0.37
vn -0.896 0.4 0.194
vn -0.948 -0.187 0.259
vn -0.991 0.054 0.126
vn -0.945 -0.295 -0.139
vn -0.82 0.573 -0.003
vn -0.951 -0.126 -0.282
vn -0.617 -0.729 -0.296
vn -0.966 0 -0.257
vn -0.903 -0.155 -0.4
vn -0.349 -0.746 -0.567
vn -0.583 0.79 0.194
vn -0.395 -0.738 -0.547
vn -0.919 0.287 -0.269
vn -0.988 0.041 -0.146
vn -0.495 0.693 0.524
vn -0.966 -0.015 0.256
vn -0.988 0.154 -0.008
vn -0.956 -0.019 -0.294
vn 0.463 0.463 0.755
vn 0.464 0.308 0.831
vn 0.566 0.146 0.812
vn 0.101 0.373 0.922
vn -0.036 0.816 0.577
vn 0.031 0.443 0.896
vn -0.167 0.411 0.896
vn -0.241 0.123 0.963
vn 0.062 0.972 0.228
vn 0.06 0.966 0.253
vn 0.594 0.468 0.654
vn 0.485 0.322 0.813
vn 0.546 -0.265 0.795
vn 0.219 0.255 0.942
vn 0.325 -0.454 0.83
vn 0.44 0.157 0.884
vn 0.54 -0.277 0.795
vn 0.481 0.59 0.648
vn 0.481 0.543 0.688
vn 0.535 0.534 0.655
vn 0.648 0.609 0.458
vn 0.745 0.417 0.521
vn 0.545 0.418 0.727
vn 0.493 0.71 0.502
vn 0.581 0.358 0.731
vn 0.466 -0.049 0.883
vn 0.812 0.433 0.393
vn 0.746 -0.288 0.601
vn 0.563 0.787 0.252
vn 0.542 0.625 0.563
vn 0.335 0.89 0.309
vn 0.367 0.663 0.652
vn 0.544 -0.065 0.836
vn 0.463 0.561 0.687
vn 0.498 0.859 0.116
vn 0.408 -0.357 0.84
vn 0.45 0.037 0.892
vn 0.031 0.567 0.823
vn 0.36 0.302 0.883
vn 0.273 0.92 0.281
vn 0.601 0.795 -0.081
vn 0.404 0.773 -0.49
vn 0.745 0.561 -0.363
vn 0.595 0.006 0.804
vn 0.205 -0.207 0.957
vn 0.192 -0.937 0.293
vn 0.779 0.262 0.57
vn 0.783 0.104 0.614
vn 0.506 -0.632 0.586
vn 0.355 -0.913 0.2
vn 0.758 -0.362 0.543
vn 0.423 -0.755 0.5
vn 0.611 0.266 0.746
vn 0.494 0.206 0.845
vn 0.185 0.943 0.276
vn 0.184 0.951 0.25
vn 0.297 -0.804 0.515
vn 0.243 -0.219 0.945
vn 0.797 0.271 -0.539
vn 0.605 0.66 -0.446
vn 0.509 0.772 -0.381
vn 0.588 0.394 -0.707
vn 0.511 0.298 -0.807
vn 0.273 0.154 -0.95
vn 0.645 0.759 0.092
vn 0.562 0.794 -0.232
vn 0.516 0.833 -0.201
vn 0.26 0.646 -0.717
vn 0.605 0.66 -0.446
vn 0.274 0.707 -0.653
vn 0.012 0.49 -0.872
vn 0.511 0.298 -0.807
vn 0.429 0.647 -0.63
vn 0.653 0.754 -0.072
vn 0.479 0.663 -0.575
vn 0.655 0.739 -0.16
vn 0.244 0.479 -0.843
vn 0.761 0.642 -0.091
vn 0.305 0.545 -0.781
vn 0.793 0.537 -0.286
vn 0.675 0.454 -0.582
vn 0.732 -0.251 -0.633
vn 0.904 -0.286 0.317
vn 0.976 -0.215 -0.032
vn 0.337 -0.938 -0.08
vn 0.514 -0.829 0.221
vn 0.474 -0.278 0.835
vn 0.334 -0.685 0.647
vn 0.182 -0.579 0.795
vn -0.469 -0.316 0.824
vn -0.289 -0.957 0.015
vn -0.926 -0.296 0.235
vn -0.947 -0.308 -0.093
vn -0.538 -0.843 -0.021
vn 0.42 -0.851 -0.317
vn 0.093 -0.109 -0.99
vn 0.427 -0.068 -0.902
vn -0.02 -0.566 -0.824
vn -0.335 -0.039 -0.941
vn -0.567 -0.613 -0.55
vn -0.378 -0.909 -0.175
vn -0.161 -0.985 -0.057
vn -0.661 -0.017 -0.75
vn -0.947 -0.308 -0.093
vn -0.736 -0.656 -0.166
vn 0.408 -0.839 0.36
vn 0.586 -0.777 0.229
vn 0.769 -0.613 0.181
vn 0.091 -0.96 0.265
vn -0.798 -0.451 -0.4
vn -0.653 -0.465 -0.598
vn -0.665 -0.747 -0.013
vn -0.075 -0.842 0.534
vn 0.558 -0.698 0.449
vn -0.462 -0.744 0.483
vn -0.827 -0.561 -0.052
vn -0.886 -0.425 0.185
vn -0.794 -0.448 0.411
vn -0.567 -0.627 0.533
vn 0.104 -0.818 0.565
vn 0.767 -0.519 0.376
vn -0.283 -0.808 0.518
vn -0.499 -0.617 0.609
vn 0.002 -0.802 0.598
vn 0.398 -0.767 0.503
vn 0.924 -0.14 0.356
vn -0.361 -0.673 0.645
vn -0.915 -0.266 0.304
vn 0.535 -0.215 0.817
vn -0.37 0.037 0.928
vn -0.605 -0.45 0.657
vn 0.722 -0.512 -0.465
vn 0.894 0.126 -0.429
vn 0.69 -0.06 -0.721
vn 0.911 -0.375 -0.17
vn 0.89 -0.448 0.085
vn 0.708 -0.616 -0.344
vn 0.669 -0.695 -0.261
vn 0.966 0.253 -0.058
vn 0.675 0.454 -0.582
vn 0.793 0.537 -0.286
vn 0.963 0.121 0.239
vn 0.761 0.642 -0.091
vn 0.833 -0.525 0.172
vn 0.792 -0.262 0.55
vn 0.569 -0.789 -0.234
vn 0.738 -0.606 0.295
vn 0.424 -0.888 -0.178
vn 0.437 -0.842 0.317
vn 0.384 -0.418 0.823
vn 0.86 -0.262 0.438
vn 0.966 -0.192 0.173
vn 0.918 -0.137 0.372
vn 0.662 -0.202 0.722
vn 0.38 0.133 0.915
vn -0.009 0.221 0.975
vn 0.51 -0.002 0.86
vn 0.121 0.282 0.952
vn 0.671 -0.056 0.739
vn 0.758 -0.166 0.63
vn 0.597 -0.032 0.802
vn 0.727 -0.094 0.68
vn 0.921 0.213 0.325
vn 0.821 0.332 0.465
vn 0.672 0.604 0.429
vn 0.655 0.739 -0.16
vn 0.653 0.754 -0.072
vn 0.614 0.315 0.724
vn 0.41 0.168 0.896
vn 0.659 0.697 0.283
vn 0.516 0.833 -0.201
vn 0.645 0.759 0.092
vn 0.616 0.409 0.674
vn 0.73 0.602 0.323
vn 0.78 0.626 0.014
vn 0.562 0.794 -0.232
vn 0.605 0.66 -0.446
vn 0.805 0.537 -0.253
vn 0.652 0.51 0.561
vn 0.478 0.238 0.846
vn 0.59 0.78 0.206
vn 0.509 0.772 -0.381
vn 0.539 0.582 0.609
vn 0.131 0.784 0.606
vn 0.105 0.59 0.8
vn 0.731 -0.007 0.683
vn 0.222 0.518 0.826
vn 0.582 0.263 0.77
vn 0.77 -0.42 0.481
vn 0.498 -0.078 0.864
vn 0.435 0.155 0.887
vn 0.459 -0.346 0.818
vn 0.29 -0.012 0.957
vn 0.432 -0.547 0.717
vn 0.603 0.368 0.708
vn 0.565 0.117 0.817
vn 0.228 -0.178 0.958
vn 0.477 0.024 0.878
vn 0.615 0.392 0.684
vn 0.567 0.409 0.715
vn 0.412 0.117 0.904
vn 0.264 -0.249 0.932
vn 0.767 -0.497 0.406
vn 0.806 -0.497 0.322
vn 0.449 -0.752 0.483
vn 0.877 -0.351 0.328
vn -0.119 -0.993 0.007
vn 0.116 -0.848 -0.518
vn 0.82 -0.407 0.403
vn 0.823 -0.365 0.435
vn 0.655 -0.065 0.753
vn 0.469 0.282 0.836
vn 0.679 -0.16 0.717
vn 0.437 0.527 0.729
vn 0.218 0.65 0.728
vn 0.229 0.698 0.678
vn 0.25 0.68 0.689
vn 0.083 0.811 0.58
vn 0.132 0.839 0.528
vn 0.254 0.559 0.79
vn 0.155 0.914 0.376
vn 0.239 0.945 0.224
vn 0.387 0.922 -0.019
vn 0.498 0.855 -0.142
vn 0.521 0.779 -0.349
vn 0.536 0.751 -0.386
vn 0.6 0.368 -0.71
vn 0.296 0.372 0.88
vn 0.532 0.047 0.846
vn 0.269 0.202 0.942
vn 0.449 -0.232 0.863
vn 0.029 -0.058 0.998
vn 0.537 -0.135 0.833
vn 0.422 -0.305 0.854
vn 0.281 -0.345 0.896
vn -0.107 -0.23 0.967
vn 0.056 -0.386 0.92
vn 0.218 -0.267 0.939
vn 0.685 -0.37 0.628
vn 0.743 -0.53 0.409
vn 0.62 -0.528 0.581
vn 0.81 -0.534 0.242
vn 0.849 -0.324 0.417
vn 0.814 -0.404 0.418
vn 0.856 -0.328 0.398
vn 0.453 -0.321 0.832
vn 0.626 -0.382 0.68
vn 0.738 -0.437 0.515
vn 0.801 -0.342 0.491
vn 0.464 0.308 0.831
vn 0.101 0.373 0.922
vn 0.684 -0.24 0.689
vn 0.794 -0.22 0.567
vn 0.706 0.207 0.677
vn 0.566 0.146 0.812
vn 0.887 -0.006 0.463
vn 0.832 -0.262 0.489
vn 0.901 -0.308 0.306
vn 0.832 -0.548 0.081
vn 0.879 -0.469 0.089
vn 0.841 -0.446 -0.306
vn 0.91 -0.409 0.067
vn 0.687 -0.652 -0.321
vn 0.683 -0.354 -0.639
vn 0.734 -0.562 -0.382
vn 0.751 -0.404 -0.521
vn 0.92 -0.381 -0.086
vn 0.727 -0.3 -0.618
vn 0.358 -0.522 -0.774
vn -0.319 0.043 -0.947
vn -0.14 0.061 -0.988
vn 0.081 0.094 -0.992
vn -0.451 -0.012 -0.893
vn -0.296 -0.017 -0.955
vn -0.642 0.016 -0.767
vn -0.374 0 -0.928
vn -0.727 0.053 -0.685
vn -0.452 0.081 -0.889
vn -0.615 0.073 -0.785
vn -0.397 0.105 -0.912
vn -0.38 0.068 -0.922
vn -0.745 0.194 -0.638
vn -0.709 0.02 -0.705
vn 0.7 -0.328 -0.634
vn 0.862 -0.47 -0.191
vn -0.708 0.051 -0.705
vn -0.12 -0.133 -0.984
vn -0.487 -0.059 -0.871
vn -0.785 -0.129 -0.606
vn 0.606 -0.748 -0.269
vn -0.667 -0.148 -0.73
vn -0.065 -0.386 -0.92
vn 0.487 -0.664 -0.568
vn -0.361 -0.501 -0.786
vn 0.419 -0.567 -0.708
vn -0.881 0.017 -0.473
vn 0.943 -0.328 0.059
vn 0.227 -0.395 0.89
vn -0.9 -0.001 -0.435
vn -0.935 0 -0.355
vn -0.659 0.08 -0.748
vn -0.646 0.093 -0.758
vn -0.325 0.066 -0.943
vn -0.623 0.106 -0.775
vn -0.225 0.075 -0.972
vn -0.335 -0.039 -0.941
vn -0.661 -0.017 -0.75
vn -0.892 0.098 -0.442
vn -0.881 0.096 -0.463
vn -0.952 0.063 -0.3
vn -0.898 0.031 -0.438
vn -0.161 -0.985 -0.057
vn -0.947 -0.308 -0.093
vn -0.999 0.037 -0.041
vn -0.994 0.105 0.043
vn -0.999 0.042 -0.035
vn -0.978 -0.038 0.205
vn -0.961 0.079 0.263
vn -0.905 0.025 0.425
vn -0.955 0.017 0.296
vn -0.989 -0.101 0.109
vn -0.884 -0.066 0.463
vn -0.926 -0.296 0.235
vn -0.947 -0.308 -0.093
vn -0.469 -0.316 0.824
vn -0.379 -0.086 0.921
vn -0.247 -0.115 0.962
vn -0.642 -0.049 0.765
vn -0.506 -0.143 0.85
vn -0.343 -0.223 0.913
vn -0.873 -0.171 0.458
vn -0.875 -0.127 0.468
vn -0.511 -0.157 0.845
vn -0.999 -0.036 0.029
vn -0.999 -0.041 0.009
vn -0.851 -0.077 0.521
vn -0.52 -0.112 0.847
vn -0.83 -0.064 0.555
vn -0.967 -0.041 0.253
vn -0.677 -0.175 0.714
vn -0.715 -0.097 0.692
vn -0.614 -0.034 0.789
vn -0.79 -0.14 0.597
vn -0.889 -0.195 0.415
vn -0.68 -0.153 0.717
vn -0.867 -0.334 0.37
vn -0.408 -0.164 0.898
vn -0.664 -0.377 0.646
vn -0.212 -0.596 0.775
vn -0.738 -0.503 0.449
vn -0.473 -0.387 0.791
vn -0.225 -0.37 0.901
vn 0.917 0.349 0.19
vn 0.929 0.304 0.213
vn 0.589 0.7 0.405
vn 0.471 0.746 0.471
vn 0.169 0.844 0.508
vn 0.779 0.5 0.379
vn 0.543 0.703 0.459
vn -0.08 0.896 0.436
vn 0.277 0.8 0.533
vn -0.044 0.769 0.638
vn 0.461 0.703 0.541
vn 0.156 0.61 0.777
vn -0.307 0.715 0.628
vn -0.441 0.511 0.738
vn -0.73 0.553 0.4
vn -0.53 0.738 0.418
vn -0.244 0.841 0.484
vn -0.008 0.864 0.504
vn 0.142 0.156 0.978
vn -0.188 0.881 0.435
vn -0.425 0.247 0.871
vn -0.529 0.747 0.402
vn -0.129 0.967 0.218
vn -0.716 0.677 0.169
vn -0.864 0.494 0.101
vn -0.981 -0.012 -0.191
vn -0.746 0.552 0.374
vn -0.997 0.014 -0.073
vn -0.996 -0.081 -0.043
vn -0.289 0.386 0.876
vn -0.29 0.56 0.776
vn -0.325 0.516 0.792
vn -0.347 0.348 0.871
vn -0.248 0.506 0.826
vn -0.312 0.395 0.864
vn -0.402 0.241 0.883
vn -0.394 0.021 0.919
vn 0.317 0.424 0.849
vn 0.393 0.434 0.811
vn -0.318 -0.122 0.94
vn -0.359 -0.046 0.932
vn -0.639 0.211 0.74
vn -0.35 -0.062 0.935
vn -0.379 -0.114 0.918
vn -0.743 0.503 0.441
vn -0.192 0.032 0.981
vn -0.343 0.106 0.934
vn -0.812 0.416 0.408
vn -0.25 -0.427 0.869
vn -0.007 -0.81 0.587
vn -0.167 -0.029 0.985
vn -0.345 -0.366 0.864
vn -0.494 -0.61 0.62
vn -0.546 -0.063 0.835
vn 0 0.839 0.543
vn 0.585 0.485 0.649
vn -0.214 0.777 0.592
vn -0.478 0.741 0.473
vn -0.343 0.675 0.653
vn -0.12 0.672 0.731
vn -0.126 0.709 0.693
vn -0.615 0.587 0.526
vn -0.688 0.588 0.427
vn -0.58 0.743 0.334
vn -0.327 0.838 0.436
vn -0.577 0.799 0.171
vn -0.593 0.605 0.531
vn 0.39 -0.151 0.908
vn -0.626 0.683 0.375
vn -0.522 0.827 0.21
vn -0.556 0.097 -0.825
vn -0.682 0.72 -0.131
vn -0.479 0.877 -0.023
vn -0.749 0.164 -0.643
vn -0.761 0.539 -0.361
vn -0.428 0.895 0.125
vn 0.137 0.746 -0.652
vn -0.614 0.159 -0.773
vn -0.808 0.218 -0.547
vn -0.656 0.086 -0.75
vn -0.87 0.046 -0.491
vn -0.93 0.154 -0.335
vn -0.588 -0.027 -0.808
vn 0.036 -0.492 -0.87
vn -0.668 0.076 -0.74
vn 0.066 -0.614 -0.787
vn 0.209 0.886 0.415
vn -0.412 0.866 0.284
vn -0.691 0.711 0.128
vn -0.783 0.599 0.165
vn 0.509 0.644 0.571
vn -0.889 0.265 0.374
vn -0.439 -0.221 0.871
vn -0.914 -0.222 0.34
vn -0.665 0.467 0.583
vn -0.343 -0.366 0.865
vn -0.065 -0.006 0.998
vn -0.38 0.484 0.789
vn -0.871 0.458 0.176
vn -0.49 -0.85 0.195
vn 0.463 0.467 0.753
vn 0.151 0.89 0.431
vn 0.581 0.731 0.358
vn 0.601 0.11 0.792
vn 0.811 0.328 0.485
vn 0.521 0.853 0.048
vn 0.742 0.635 0.214
vn 0.287 0.958 -0.02
vn 0.344 -0.237 0.909
vn 0.267 -0.001 0.964
vn 0.122 0.514 0.85
vn 0.677 -0.235 0.698
vn 0.565 0.135 0.814
vn 0.713 0.245 0.657
vn 0.907 0.003 0.42
vn 0.886 0.417 0.204
vn 0.559 0.829 -0.025
vn 0.759 0.425 0.493
vn 0.739 0.645 -0.194
vn 0.534 0.803 -0.263
vn 0.775 0.569 0.273
vn 0.816 0.39 -0.427
vn 0.532 0.68 -0.504
vn 0.513 0.539 -0.668
vn 0.643 0.647 -0.41
vn 0.709 0.431 -0.558
vn 0.715 0.692 -0.1
vn 0.643 0.71 0.288
vn 0.661 0.745 -0.086
vn 0.611 0.557 0.563
vn 0.567 0.718 -0.403
vn 0.878 0.287 0.383
vn 0.863 0.506 -0.006
vn 0.55 0.172 0.817
vn 0.848 -0.012 0.53
vn 0.891 0.168 0.422
vn 0.97 0.192 0.152
vn 0.846 0.023 0.533
vn 0.758 -0.018 0.651
vn 0.687 -0.033 0.727
vn 0.774 0.094 0.626
vn 0.871 0.265 0.414
vn 0.957 0.273 0.104
vn 0.945 0.249 0.211
vn 0.917 0.248 -0.311
vn 0.752 0.322 0.575
vn 0.74 0.093 0.666
vn 0.858 -0.04 0.511
vn 0.518 0.374 0.77
vn 0.309 0.073 0.948
vn 0.229 0.367 0.901
vn 0.381 0.168 0.909
vn 0.335 -0.49 0.805
vn 0.467 -0.458 0.756
vn 0.861 0.115 0.495
vn 0.465 -0.328 0.823
vn 0.904 -0.141 0.404
vn 0.641 0.332 0.692
vn 0.3 -0.399 0.867
vn 0.854 0.278 0.438
vn 0.936 -0.138 0.324
vn 0.757 0.247 0.604
vn 0.404 0.372 0.836
vn 0.21 0.435 0.875
vn -0.172 -0.076 0.982
vn 0.374 -0.037 0.927
vn 0.817 -0.238 0.524
vn 0.188 -0.57 0.8
vn 0.719 -0.367 0.59
vn 0.913 -0.388 0.127
vn 0.984 -0.112 0.141
vn 0.985 -0.152 0.08
vn 0.702 -0.176 0.69
vn 0.969 -0.245 -0.036
vn -0.533 -0.845 0.052
vn 0.611 -0.17 0.773
vn 0.942 -0.303 -0.142
vn 0.803 -0.464 -0.374
vn 0.9 -0.323 -0.292
vn -0.843 -0.464 -0.273
vn 0.896 -0.418 -0.148
vn -0.137 -0.953 0.269
vn 0.95 -0.224 -0.219
vn 0.959 -0.211 0.187
vn -0.897 -0.306 0.317
vn 0.984 0 -0.178
vn 0.582 -0.529 0.618
vn 0.992 -0.044 -0.115
vn 0.968 0.191 0.165
vn 0.621 -0.05 0.783
vn 0.914 0.268 0.305
vn 0.788 0.416 0.455
vn 0.728 -0.283 0.625
vn -0.758 -0.199 0.621
vn 0.395 -0.454 -0.799
vn 0.288 -0.407 -0.867
vn 0.342 -0.456 -0.821
vn 0.584 -0.398 -0.708
vn 0.942 -0.062 -0.33
vn 0.633 -0.177 -0.754
vn 0.782 -0.141 -0.607
vn 0.271 0.152 -0.951
vn 0.207 0.949 -0.24
vn -0.02 -0.566 -0.824
vn 0.762 -0.002 -0.647
vn 0.42 -0.851 -0.317
vn -0.291 0.184 -0.939
vn 0.582 0.321 -0.747
vn 0.175 -0.043 0.983
vn 0.205 -0.207 0.957
vn 0.542 0.625 0.563
vn 0.281 0.513 0.812
vn 0.504 0.245 0.828
vn -0.407 0.251 0.878
vn -0.726 0.424 0.542
vn -0.957 0.183 0.224
vn -0.347 0.474 0.81
vn -0.616 0.547 0.567
vn 0.025 0.33 0.943
vn 0.032 0.615 0.788
vn -0.249 0.704 0.666
vn 0.016 0.386 0.922
vn 0.177 0.027 0.984
vn -0.016 -0.01 1
vn 0.377 0.163 0.912
vn 0.723 -0.083 0.686
vn 0.768 -0.151 0.623
vn 0.757 -0.192 0.624
vn -0.676 0.096 0.731
vn -0.038 -0.007 0.999
vn -0.45 -0.104 0.887
vn 0.251 -0.161 0.955
vn 0.519 -0.228 0.824
vn 0.481 0.172 0.86
vn 0.421 0.119 0.899
vn 0.251 -0.967 -0.033
vn 0.292 -0.933 -0.211
vn 0.122 0.514 0.85
vn 0.151 0.89 0.431
vn 0.463 0.467 0.753
vn -0.141 0.847 0.512
vn 0.127 0.99 0.062
vn 0.581 0.731 0.358
vn 0.521 0.853 0.048
vn 0.287 0.958 -0.02
vn -0.028 1 0.022
vn -0.354 0.762 0.542
vn -0.183 0.548 0.816
vn -0.425 0.095 0.9
vn -0.183 0.979 0.095
vn -0.419 0.903 0.094
vn -0.517 0.854 0.063
vn -0.523 0.833 0.18
vn -0.611 0.789 0.064
vn -0.622 0.776 0.105
vn -0.653 0.757 -0.003
vn -0.531 0.621 0.577
vn -0.377 0.922 0.087
vn -0.559 0.827 0.07
vn -0.347 0.936 0.061
vn -0.451 0.884 -0.124
vn -0.204 0.97 -0.13
vn -0.088 0.996 0.02
vn -0.233 0.89 -0.391
vn -0.571 0.722 -0.39
vn -0.362 0.739 -0.568
vn 0.118 0.971 -0.207
vn 0.194 0.981 0.01
vn 0.048 0.905 -0.423
vn 0.311 0.948 -0.067
vn -0.063 0.749 -0.66
vn -0.439 0.534 -0.723
vn -0.173 0.472 -0.865
vn 0.261 0.826 -0.5
vn 0.297 0.922 -0.249
vn 0.154 0.668 -0.728
vn -0.031 0.412 -0.911
vn 0.513 0.539 -0.668
vn 0.532 0.68 -0.504
vn 0.534 0.803 -0.263
vn 0.559 0.829 -0.025
vn 0.742 0.635 0.214
vn 0.327 0.294 -0.898
vn 0.019 -0.225 -0.974
vn -0.691 -0.618 -0.375
vn -0.646 -0.444 0.62
vn 0.318 -0.109 -0.942
vn 0.767 -0.173 0.618
vn 0.831 -0.44 0.34
vn -0.007 -0.348 0.938
vn 0.238 -0.33 0.914
vn -0.868 -0.173 0.465
vn -0.846 -0.017 0.533
vn -0.896 -0.133 0.422
vn -0.603 -0.625 0.495
vn 0.306 -0.509 0.804
vn -0.169 -0.857 0.487
vn -0.763 -0.294 0.576
vn -0.621 -0.767 0.163
vn -0.343 -0.307 0.888
vn -0.514 -0.059 0.855
vn 0.128 -0.342 0.931
vn 0.039 -0.777 0.628
vn 0.647 -0.745 0.159
vn 0.314 -0.17 0.934
vn 0.255 -0.473 0.843
vn -0.298 -0.501 0.812
vn -0.973 -0.228 -0.039
vn 0.192 0.841 0.506
vn 0.82 0.3 0.488
vn 0.078 0.996 0.055
vn 0.076 0.976 0.203
vn -0.034 0.999 -0.032
vn 0.282 0.957 0.065
vn 0.329 0.927 0.178
vn 0.031 0.567 0.823
vn 0.211 0.52 0.828
vn 0.354 0.236 0.905
vn 0.463 0.561 0.687
vn 0.335 0.89 0.309
vn 0.563 0.787 0.252
vn -0.001 0.998 0.068
vn 0.318 0.913 0.255
vn 0.498 0.859 0.116
vn 0.601 0.795 -0.081
vn 0.745 0.561 -0.363
vn 0.687 0.646 0.333
vn 0.79 0.611 -0.059
vn 0.214 0.874 0.437
vn 0.741 0.654 0.151
vn 0.848 0.53 -0.019
vn 0.385 0.849 -0.362
vn -0.537 0.704 -0.465
vn 0.335 -0.49 0.805
vn 0.401 -0.565 0.721
vn 0.362 -0.395 0.844
vn 0.467 -0.458 0.756
vn 0.179 -0.502 0.846
vn 0.465 -0.328 0.823
vn 0.296 0.211 0.932
vn 0.507 0.082 -0.858
vn 0.88 0.047 -0.473
vn 0.882 0.026 -0.469
vn 0.354 -0.133 -0.926
vn 0.051 0.01 -0.999
vn 0.487 0.155 -0.86
vn -0.506 -0.096 -0.857
vn -0.562 -0.326 -0.761
vn -0.327 -0.165 -0.931
vn -0.346 0.088 -0.934
vn 0.055 0.142 -0.988
vn -0.133 0.412 -0.901
vn 0.291 0.525 -0.8
vn 0.801 0.31 -0.512
vn 0.854 0.38 -0.356
vn -0.289 -0.876 0.386
vn -0.029 -0.976 0.218
vn 0.429 -0.862 0.27
vn -0.811 -0.205 0.548
vn -0.626 -0.054 0.777
vn -0.453 -0.482 0.75
vn 0.595 -0.359 0.719
vn -0.956 -0.019 -0.294
vn -0.349 -0.746 -0.567
vn -0.395 -0.738 -0.547
vn -0.939 0.118 -0.323
vn -0.916 0.086 -0.392
vn -0.698 -0.119 -0.706
vn -0.071 -0.904 -0.422
vn -0.542 0.05 -0.838
vn -0.633 -0.459 -0.624
vn -0.739 -0.469 -0.485
vn -0.775 -0.309 -0.551
vn -0.34 -0.814 -0.471
vn 0.129 -0.862 -0.49
vn 0.688 -0.659 -0.306
vn 0.731 -0.511 -0.452
vn 0.134 -0.991 0.016
vn -0.393 -0.913 -0.114
vn 0.837 -0.532 0.129
vn -0.32 0.66 -0.68
vn -0.285 0.513 -0.81
vn -0.729 0.311 -0.61
vn 0.291 0.525 -0.8
vn -0.133 0.412 -0.901
vn 0.078 0.554 -0.829
vn 0.854 0.38 -0.356
vn 0.852 0.277 -0.445
vn 0.792 0.498 -0.355
vn 0.984 0.165 -0.069
vn 0.582 0.321 -0.747
vn 0.451 0.223 -0.864
vn -0.219 0.119 -0.969
vn -0.291 0.184 -0.939
vn 0.354 -0.133 -0.926
vn 0.686 -0.509 0.521
vn 0.951 -0.19 -0.244
vn -0.308 -0.741 0.596
vn -0.562 -0.326 -0.761
vn -0.861 -0.478 0.174
vn 0.057 0.003 0.999
vn -0.221 0.357 0.908
vn -0.302 0.339 0.891
vn -0.202 0.058 0.978
vn 0.732 0.67 -0.123
vn -0.343 0.106 0.934
vn -0.192 0.032 0.981
vn 0.71 0.652 0.265
vn -0.318 -0.122 0.94
vn 0.393 0.434 0.811
vn -0.477 -0.001 0.879
vn 0.317 0.424 0.849
vn -0.588 0.257 0.767
vn -0.289 0.386 0.876
vn -0.29 0.56 0.776
vn -0.693 0.41 0.593
vn -0.12 0.672 0.731
vn -0.615 0.587 0.526
vn -0.126 0.709 0.693
vn -0.214 0.777 0.592
vn 0.732 -0.251 -0.633
vn 0.976 -0.215 -0.032
vn 0.806 -0.088 -0.586
vn 0.984 -0.136 -0.115
vn 0.958 -0.168 0.231
vn 0.904 -0.286 0.317
vn 0.959 -0.136 -0.248
vn 0.744 -0.11 -0.659
vn 0.976 -0.142 -0.168
vn 0.703 -0.099 -0.704
vn 0.969 -0.107 -0.223
vn 0.799 -0.087 -0.595
vn 0.979 -0.179 0.1
vn 0.975 -0.146 -0.169
vn 0.742 -0.169 0.649
vn 0.474 -0.278 0.835
vn 0.759 -0.116 -0.64
vn 0.393 -0.043 -0.918
vn 0.814 -0.182 0.552
vn 0.505 -0.187 0.842
vn 0.773 -0.239 0.587
vn 0.359 -0.162 0.919
vn 0.182 -0.579 0.795
vn 0.35 -0.2 0.915
vn 0.409 -0.246 0.879
vn 0.45 -0.276 0.849
vn 0.816 -0.245 0.524
vn 0.452 -0.247 0.857
vn 0.986 -0.152 0.06
vn 0.865 -0.214 0.453
vn 0.842 -0.257 0.474
vn 0.289 -0.303 0.908
vn 0.979 -0.194 0.058
vn 0.982 -0.122 -0.144
vn 0.978 -0.194 -0.075
vn 0.905 -0.077 -0.418
vn 0.662 -0.083 -0.745
vn 0.933 -0.279 -0.229
vn 0.789 -0.05 -0.613
vn 0.621 -0.325 -0.714
vn 0.256 -0.059 -0.965
vn 0.417 0.605 -0.678
vn 0.529 -0.036 -0.848
vn 0.552 0.529 -0.645
vn 0.836 0.058 -0.546
vn 0.855 -0.463 -0.233
vn 0.801 -0.377 -0.465
vn 0.66 -0.19 -0.727
vn 0.833 -0.123 -0.539
vn 0.501 -0.571 0.65
vn 0.494 0.206 0.845
vn -0.073 0.697 0.713
vn 0.184 0.951 0.25
vn 0.283 0.576 0.767
vn 0.406 0.449 0.796
vn 0.185 0.943 0.276
vn 0.581 0.358 0.731
vn 0.611 0.266 0.746
vn 0.746 -0.288 0.601
vn 0.455 -0.16 -0.876
vn 0.07 -0.412 -0.908
vn 0.685 -0.443 -0.579
vn -0.231 -0.247 -0.941
vn -0.622 -0.361 -0.695
vn 0.32 -0.11 -0.941
vn 0.678 -0.118 -0.726
vn -0.246 -0.142 -0.958
vn 0.777 0.165 -0.607
vn -0.219 0.119 -0.969
vn 0.451 0.223 -0.864
vn 0.107 -0.536 -0.837
vn -0.759 -0.648 -0.065
vn -0.365 -0.131 -0.922
vn -0.621 -0.768 -0.159
vn 0.672 -0.739 -0.044
vn 0.789 -0.611 -0.064
vn -0.279 -0.92 0.275
vn 0.825 -0.313 0.47
vn 0.254 -0.641 0.724
vn 0.07 -0.412 -0.908
vn 0.255 -0.473 0.843
vn 0.685 -0.443 -0.579
vn -0.622 -0.361 -0.695
vn -0.298 -0.501 0.812
vn -0.973 -0.228 -0.039
vn 0.94 0.341 0.007
vn 0.957 0.205 -0.207
vn 0.864 0.302 0.403
vn 0.876 0.13 -0.464
vn 0.981 0.038 -0.189
vn 0.97 0.123 0.208
vn 0.926 -0.375 -0.027
vn 0.913 -0.367 0.179
vn 0.873 -0.046 -0.486
vn 0.891 -0.268 -0.366
vn 0.876 -0.222 -0.429
vn 0.935 -0.354 0.007
vn 0.978 -0.058 -0.202
vn 0.708 0.002 -0.707
vn 0.626 -0.068 -0.776
vn 0.611 0.032 -0.791
vn 0.727 0.046 -0.686
vn 0.532 0.126 -0.837
vn 0.802 0.317 -0.506
vn 0.961 0.251 -0.117
vn 0.674 0.204 -0.71
vn 0.686 0.155 -0.711
vn 0.612 0.225 -0.758
vn 0.766 0.326 -0.555
vn 0.901 0.355 -0.25
vn 0.944 0.264 -0.199
vn 0.769 0.24 -0.593
vn 0.648 0.252 -0.718
vn 0.735 0.347 -0.583
vn 0.791 0.5 -0.353
vn -0.553 -0.362 -0.75
vn -0.254 -0.073 -0.964
vn -0.498 0.222 -0.838
vn -0.769 -0.004 -0.639
vn -0.597 0.548 -0.585
vn 0.15 0.618 -0.771
vn -0.529 -0.468 -0.708
vn -0.795 0.258 -0.549
vn -0.387 -0.739 -0.552
vn -0.334 -0.661 -0.672
vn -0.018 -0.883 -0.469
vn 0.972 0.233 -0.032
vn 0.822 0.35 -0.449
vn 0.19 -0.047 -0.98
vn 0.404 0.773 -0.49
vn -0.554 0.831 -0.062
vn -0.66 0.345 -0.667
vn 0.273 0.92 0.281
vn -0.203 0.834 0.513
vn -0.958 -0.19 0.212
vn 0.199 -0.637 -0.745
vn -0.194 -0.789 -0.583
vn -0.453 -0.783 -0.427
vn 0.438 -0.863 -0.254
vn 0.803 -0.464 -0.374
vn 0.095 -0.91 -0.404
vn 0.969 -0.245 -0.036
vn -0.767 -0.472 0.434
vn 0.19 -0.047 -0.98
vn 0.801 0.464 -0.378
vn 0.822 0.35 -0.449
vn 0.77 0.367 -0.521
vn 0.611 -0.08 -0.788
vn 0.745 0.561 -0.363
vn 0.404 0.773 -0.49
vn 0.79 0.611 -0.059
vn 0.44 -0.338 -0.832
vn 0.271 -0.03 -0.962
vn 0.74 0.241 -0.628
vn 0.164 0.026 -0.986
vn 0.001 -0.874 0.486
vn 0.491 -0.784 0.379
vn 0.448 -0.86 0.243
vn -0.122 -0.96 0.252
vn -0.52 -0.664 0.538
vn -0.491 -0.712 0.502
vn 0.029 -0.93 0.368
vn 0.465 -0.174 0.868
vn -0.35 -0.161 0.923
vn 0.836 0.058 -0.546
vn 0.198 0.199 0.96
vn 0.552 0.529 -0.645
vn 0.855 -0.463 -0.233
vn -0.088 -0.118 0.989
vn 0.801 -0.377 -0.465
vn 0.501 -0.571 0.65
vn -0.559 -0.14 0.817
vn 0.58 -0.795 -0.179
vn -0.508 -0.081 0.857
vn -0.086 -0.074 0.994
vn -0.447 -0.275 0.851
vn -0.414 -0.318 0.853
vn 0.72 0.67 0.181
vn -0.358 -0.255 0.898
vn 0.99 0.083 -0.117
vn -0.22 -0.167 0.961
vn 0.57 -0.11 -0.814
vn -0.309 -0.332 0.891
vn 0.311 -0.827 0.469
vn 0.034 -0.656 0.754
vn 0.164 0.026 -0.986
vn 0.271 -0.03 -0.962
vn 0.385 0.849 -0.362
vn -0.537 0.704 -0.465
vn -0.739 -0.303 0.601
vn -0.788 -0.314 0.53
vn -0.659 -0.352 0.665
vn -0.684 -0.218 0.696
vn -0.554 0.055 0.831
vn -0.664 0.034 0.747
vn -0.719 0.148 0.679
vn -0.458 -0.152 0.876
vn -0.378 0.333 0.864
vn -0.302 0.339 0.891
vn 0.057 0.003 0.999
vn -0.548 -0.526 0.65
vn -0.202 0.058 0.978
vn -0.594 -0.304 0.745
vn -0.477 -0.001 0.879
vn -0.716 -0.098 0.691
vn -0.588 0.257 0.767
vn -0.81 0.173 0.56
vn -0.888 0.27 0.372
vn -0.818 0.491 0.299
vn -0.439 -0.221 0.871
vn -0.93 -0.343 -0.131
vn -0.604 0.765 0.224
vn -0.583 -0.776 -0.241
vn -0.293 0.87 0.398
vn -0.696 -0.717 0.029
vn 0.188 -0.57 0.8
vn 0.719 -0.367 0.59
vn 0.218 -0.524 0.823
vn 0.469 -0.055 0.881
vn 0.374 -0.037 0.927
vn 0.213 0.336 0.917
vn 0.404 0.372 0.836
vn 0.461 0.474 0.75
vn 0.129 0.61 0.782
vn 0.21 0.435 0.875
vn 0.296 0.211 0.932
vn -0.172 -0.076 0.982
vn 0.179 -0.502 0.846
vn 0.3 -0.399 0.867
vn 0.465 -0.328 0.823
vn 0.046 0.207 -0.977
vn 0.123 0.027 -0.992
vn 0.035 0.044 -0.999
vn 0.175 -0.1 -0.979
vn -0.321 -0.09 -0.943
vn 0.061 -0.449 0.892
vn -0.142 -0.158 0.977
vn 0.165 -0.722 0.672
vn 0.14 0.115 0.983
vn 0.444 -0.362 0.819
vn 0.354 0.236 0.905
vn 0.548 0.044 0.835
vn 0.192 0.841 0.506
vn 0.555 -0.093 0.827
vn -0.05 -0.185 0.981
vn 0.241 -0.417 0.876
vn -0.52 -0.374 0.768
vn -0.608 -0.127 0.784
vn -0.378 0.342 0.86
vn -0.695 0.288 0.659
vn -0.554 0.055 0.831
vn -0.378 0.333 0.864
vn -0.302 0.339 0.891
vn -0.044 0.771 0.635
vn -0.17 0.005 0.985
vn 0.11 0.527 0.843
vn 0.254 0.559 0.79
vn 0.296 0.372 0.88
vn 0.269 0.202 0.942
vn 0.05 0.347 0.937
vn -0.107 0.085 0.991
vn 0.029 -0.058 0.998
vn -0.107 -0.23 0.967
vn -0.405 0.077 0.911
vn -0.307 -0.213 0.928
vn -0.349 -0.135 0.927
vn -0.643 0.098 0.76
vn -0.221 0.357 0.908
vn -0.302 0.339 0.891
vn -0.17 0.005 0.985
vn -0.108 -0.206 0.973
vn 0.056 -0.386 0.92
vn 0.218 -0.267 0.939
vn 0.031 0.443 0.896
vn 0.101 0.373 0.922
vn -0.065 -0.244 0.968
vn 0.281 -0.345 0.896
vn -0.808 0.218 -0.547
vn -0.93 0.154 -0.335
vn -0.079 0.986 0.143
vn -0.949 0.3 -0.098
vn -0.601 0.745 0.289
vn -0.841 0.511 -0.178
vn -0.609 0.793 -0.023
vn -0.451 0.845 -0.289
vn 0.253 0.966 -0.058
vn 0.463 0.875 0.139
vn -0.238 0.938 0.255
vn 0.308 0.736 0.603
vn -0.334 0.426 0.841
vn 0.678 0.387 0.625
vn -0.395 0.675 0.623
vn 0.344 -0.832 0.435
vn 0.142 0.431 0.891
vn -0.301 -0.421 0.856
vn 0.598 0.113 0.794
vn 0.197 0.194 0.961
vn 0.354 -0.656 0.666
vn -0.156 -0.712 0.685
vn 0.542 0.625 0.563
vn 0.273 0.92 0.281
vn -0.203 0.834 0.513
vn 0.281 0.513 0.812
vn -0.195 0.805 0.56
vn -0.552 0.829 0.093
vn -0.554 0.831 -0.062
vn -0.66 0.345 -0.667
vn -0.898 -0.432 -0.075
vn -0.885 0.271 0.38
vn -0.657 0.215 0.722
vn 0.018 0.269 0.963
vn 0.242 0.489 0.838
vn 0.441 0.163 0.883
vn 0.808 0.37 0.458
vn 0.825 -0.313 0.47
vn 0.99 0.111 -0.086
vn 0.932 -0.077 -0.354
vn 0.789 -0.611 -0.064
vn 0.107 -0.536 -0.837
vn -0.309 -0.332 0.891
vn 0.957 0.205 -0.207
vn 0.706 -0.244 -0.666
vn 0.151 -0.626 0.765
vn -0.785 -0.573 0.234
vn 0.536 0.751 -0.386
vn 0.72 0.67 0.181
vn 0.99 0.083 -0.117
vn 0.6 0.368 -0.71
vn -0.765 -0.037 0.644
vn -0.585 -0.351 0.731
vn -0.546 -0.063 0.835
vn -0.818 -0.237 0.524
vn -0.956 -0.134 0.26
vn -0.903 0.207 0.376
vn -0.994 -0.071 0.082
vn -0.92 0.368 0.136
vn -0.975 0.214 -0.054
vn -0.512 0.825 0.238
vn 0.031 0.798 0.603
vn -0.191 0.818 0.543
vn -0.075 0.781 0.62
vn -0.135 0.786 0.604
vn -0.187 0.84 0.51
vn -0.235 0.803 0.548
vn -0.078 0.878 0.473
vn -0.552 0.744 0.376
vn 0.036 0.925 0.378
vn 0.061 0.799 0.598
vn 0.288 0.955 0.074
vn 0.191 0.934 0.302
vn -0.029 -0.976 0.218
vn 0.799 0.136 0.586
vn 0.429 -0.862 0.27
vn 0.595 -0.359 0.719
vn 0.49 0.438 0.753
vn 0.569 0.459 0.682
vn 0.764 0.394 0.512
vn 0.772 0.182 0.609
vn 0.707 0.106 0.7
vn 0.362 -0.395 0.844
vn -0.646 0.277 0.711
vn 0.401 -0.565 0.721
vn 0.296 0.211 0.932
vn 0.461 0.474 0.75
vn 0.469 -0.055 0.881
vn 0.77 0.497 0.402
vn 0.829 -0.401 0.39
vn 0.665 0.051 0.746
vn 0.218 -0.524 0.823
vn 0.642 -0.18 0.746
vn 0.611 -0.17 0.773
vn 0.719 -0.367 0.59
vn 0.402 0.008 0.916
vn 0.144 -0.88 0.452
vn 0.182 -0.038 0.982
vn 0.059 -0.421 0.905
vn 0.24 0.25 0.938
vn -0.317 -0.59 0.743
vn 0.299 0.233 0.925
vn -0.073 0.697 0.713
vn 0.283 0.576 0.767
vn -0.914 -0.025 0.406
vn -0.889 0.015 0.458
vn -0.384 -0.435 0.814
vn -0.833 -0.47 0.291
vn -0.963 -0.115 -0.244
vn -0.919 -0.335 -0.208
vn -0.72 -0.626 -0.299
vn -0.741 -0.181 -0.646
vn -0.593 -0.791 -0.151
vn -0.646 -0.236 -0.726
vn -0.068 -0.957 0.282
vn -0.529 -0.427 -0.734
vn -0.17 0.005 0.985
vn 0.031 0.443 0.896
vn -0.044 0.771 0.635
vn -0.241 0.123 0.963
vn -0.031 0.791 0.611
vn 0.002 0.444 0.896
vn 0.05 0.798 0.601
vn 0.309 0.355 0.882
vn 0.009 0.134 0.991
vn -0.317 0.141 0.938
vn 0.317 0.047 0.947
vn 0.448 -0.86 0.243
vn 0.001 -0.874 0.486
vn -0.483 0.536 0.692
vn -0.52 -0.664 0.538
vn -0.302 0.515 0.802
vn -0.371 -0.153 0.916
vn -0.271 0.178 0.946
vn -0.153 0.189 0.97
vn -0.576 0.183 0.797
vn -0.045 0.375 0.926
vn -0.003 0.72 0.694
vn -0.59 0.471 0.656
vn -0.655 0.649 0.387
vn -0.868 0.157 0.472
vn -0.832 -0.282 0.478
vn -0.673 0.739 -0.028
vn -0.834 0.55 0.039
vn -0.614 0.788 0.044
vn -0.666 0.722 -0.19
vn 0.562 -0.224 -0.796
vn 0.328 -0.893 0.308
vn 0.582 -0.134 -0.802
vn 0.706 -0.244 -0.666
vn 0.311 -0.827 0.469
vn -0.309 -0.332 0.891
vn -0.404 0.581 -0.707
vn -0.719 0.148 0.679
vn -0.554 0.055 0.831
vn -0.777 0.125 0.617
vn -0.556 -0.053 0.83
vn -0.821 -0.019 0.57
vn -0.974 -0.227 0.007
vn -0.952 -0.025 0.305
vn -0.8 0.547 0.245
vn -0.662 0.173 0.729
vn -0.576 -0.35 0.738
vn -0.939 0.118 -0.323
vn -0.956 -0.019 -0.294
vn -0.972 0.124 -0.202
vn -0.913 0.116 -0.391
vn -0.916 0.086 -0.392
vn -0.828 -0.206 0.522
vn -0.576 -0.35 0.738
vn -0.583 -0.193 0.789
vn -0.556 -0.053 0.83
vn -0.974 -0.227 0.007
vn -0.142 -0.158 0.977
vn 0.061 -0.449 0.892
vn -0.007 -0.81 0.587
vn -0.167 -0.029 0.985
vn 0.495 0.548 -0.675
vn 0.51 0.554 -0.658
vn 0.427 0.764 -0.484
vn 0.377 0.711 -0.593
vn 0.406 0.633 -0.659
vn 0.575 0.713 -0.401
vn 0.46 0.321 -0.828
vn -0.988 0.154 -0.008
vn -0.956 -0.019 -0.294
vn -0.923 0.367 0.116
vn -0.943 -0.245 -0.226
vn -0.938 0.221 0.266
vn -0.529 -0.427 -0.734
vn -0.083 -0.914 0.397
vn -0.068 -0.957 0.282
vn -0.246 -0.455 -0.856
vn 0.702 -0.439 -0.561
vn 0.003 -0.809 0.588
vn 0.301 0.149 0.942
vn 0.043 -0.369 0.928
vn 0.137 0.07 0.988
vn 0.06 -0.776 0.627
vn 0.675 -0.385 -0.63
vn -0.209 0.106 0.972
vn -0.05 0.057 0.997
vn -0.211 0.105 0.972
vn -0.127 -0.639 0.758
vn 0.06 -0.776 0.627
vn -0.187 -0.343 0.92
vn 0.008 0.001 1
vn 0.676 -0.533 0.51
vn -0.057 0.103 0.993
vn 0.024 0.124 0.992
vn 0.7 -0.48 -0.529
vn -0.231 0.035 0.972
vn 0.593 -0.803 -0.056
vn -0.443 -0.715 0.541
vn -0.493 0.063 0.868
vn -0.293 -0.86 -0.418
vn -0.307 0.187 0.933
vn -0.251 0.056 0.966
vn -0.263 0.111 0.958
vn -0.246 -0.315 0.917
vn -0.279 -0.12 0.953
vn -0.454 0.15 0.878
vn -0.632 -0.159 0.758
vn -0.187 -0.611 -0.769
vn -0.661 0.104 0.743
vn -0.644 0.075 0.761
vn -0.883 -0.274 -0.381
vn -0.521 0.082 0.85
vn -0.46 -0.017 0.888
vn -0.334 -0.219 0.917
vn -0.508 -0.065 0.859
vn 0.256 -0.059 -0.965
vn -0.583 -0.104 0.805
vn -0.149 -0.792 0.593
vn 0.099 -0.945 0.31
vn 0.412 0.117 0.904
vn 0.471 0.191 0.861
vn 0.236 -0.239 0.942
vn 0.264 -0.249 0.932
vn 0.933 -0.279 -0.229
vn 0.978 -0.194 -0.075
vn 0.522 -0.844 0.121
vn -0.315 -0.908 0.275
vn 0.621 -0.325 -0.714
vn 0.256 -0.059 -0.965
vn -0.583 -0.104 0.805
vn 0.099 -0.945 0.31
vn 0.175 -0.043 0.983
vn 0.504 0.245 0.828
vn 0.473 -0.629 0.617
vn 0.777 -0.466 0.422
vn 0.283 -0.959 0.013
vn 0.644 -0.727 -0.24
vn 0.932 -0.077 -0.354
vn 0.99 0.111 -0.086
vn 0.808 0.37 0.458
vn 0.281 0.513 0.812
vn -0.915 -0.266 0.304
vn -0.361 -0.673 0.645
vn -0.851 -0.317 0.419
vn -0.976 -0.009 0.22
vn -0.971 -0.074 0.227
vn -0.982 0.163 0.097
vn -0.944 0.331 -0.008
vn -0.905 0.402 -0.138
vn -0.801 -0.372 0.469
vn -0.794 -0.448 0.411
vn -0.567 -0.627 0.533
vn -0.499 -0.617 0.609
vn -0.556 0.097 -0.825
vn -0.682 0.72 -0.131
vn -0.663 0.747 -0.056
vn -0.614 0.788 0.044
vn -0.749 0.164 -0.643
vn -0.673 0.739 -0.028
vn -0.778 -0.094 0.621
vn -0.494 -0.61 0.62
vn -0.546 -0.063 0.835
vn -0.952 -0.167 0.258
vn -0.74 -0.045 0.671
vn -0.981 0.045 0.187
vn -0.528 -0.6 0.601
vn -0.582 0.56 0.59
vn -0.695 0.288 0.659
vn -0.777 0.125 0.617
vn -0.404 0.581 -0.707
vn -0.554 0.055 0.831
vn 0.042 -0.984 -0.171
vn -0.914 -0.222 0.34
vn -0.439 -0.221 0.871
vn -0.621 -0.757 -0.206
vn -0.93 -0.343 -0.131
vn -0.439 -0.221 0.871
vn -0.583 -0.776 -0.241
vn -0.947 -0.295 0.128
vn -0.696 -0.717 0.029
vn -0.914 -0.222 0.34
vn -0.621 -0.757 -0.206
vn -0.995 -0.066 -0.082
vn -0.665 0.467 0.583
vn -0.576 0.789 0.213
vn -0.788 0.572 -0.228
vn -0.347 0.928 0.133
vn -0.717 0.629 -0.3
vn -0.478 0.741 0.473
vn -0.327 0.838 0.436
vn 0 0.839 0.543
vn 0.585 0.485 0.649
vn 0.39 -0.151 0.908
vn -0.395 0.675 0.623
vn -0.403 0.784 0.472
vn -0.069 0.896 0.438
vn -0.837 0.295 0.459
vn -0.995 -0.077 0.064
vn -0.616 0.697 0.366
vn -0.949 -0.19 0.253
vn -0.929 -0.004 0.37
vn -0.812 0.17 0.558
vn -0.348 -0.53 0.773
vn -0.467 -0.832 0.301
vn -0.318 0.278 0.906
vn 0.273 0.016 0.962
vn 0.011 -0.997 0.084
vn -0.012 -0.414 -0.91
vn -0.334 -0.661 -0.672
vn -0.018 -0.883 -0.469
vn 0.331 -0.618 -0.713
vn 0.644 -0.727 -0.24
vn 0.283 -0.959 0.013
vn -0.065 -0.983 -0.172
vn -0.387 -0.739 -0.552
vn 0.972 0.233 -0.032
vn 0.192 -0.937 0.293
vn 0.473 -0.629 0.617
vn 0.175 -0.043 0.983
vn 0.205 -0.207 0.957
vn 0.355 -0.913 0.2
vn 0.021 -0.955 -0.297
vn 0.934 0.138 0.332
vn 0.869 0.069 0.491
vn 0.423 -0.755 0.5
vn 0.685 0.218 0.695
vn 0.297 -0.804 0.515
vn 0.415 0.225 0.881
vn 0.243 -0.219 0.945
vn -0.317 -0.59 0.743
vn 0.299 0.233 0.925
vn -0.719 0.148 0.679
vn -0.777 0.125 0.617
vn -0.669 0.323 0.669
vn -0.664 0.034 0.747
vn -0.883 0.073 0.464
vn 0.238 0.221 0.946
vn 0.44 0.157 0.884
vn 0.274 0.227 0.935
vn 0.459 0.17 0.872
vn 0.466 -0.049 0.883
vn 0.233 0.838 0.493
vn 0.545 0.418 0.727
vn 0.481 0.59 0.648
vn 0.535 0.534 0.655
vn -0.249 0.431 -0.867
vn -0.052 0.112 -0.992
vn -0.288 0.072 -0.955
vn -0.233 0.414 -0.88
vn -0.614 0.159 -0.773
vn 0.137 0.746 -0.652
vn -0.094 0.417 -0.904
vn -0.301 0.527 -0.795
vn -0.718 0.481 -0.503
vn -0.604 0.333 -0.724
vn 0.642 -0.18 0.746
vn 0.442 -0.124 0.889
vn 0.775 -0.048 0.63
vn 0.241 -0.417 0.876
vn 0.555 -0.093 0.827
vn 0.465 -0.174 0.868
vn 0.491 -0.784 0.379
vn 0.789 -0.401 0.466
vn 0.665 -0.726 0.177
vn 0.85 -0.499 0.167
vn 0.448 -0.86 0.243
vn 0.701 -0.69 0.179
vn 0.317 0.047 0.947
vn 0.514 0.074 0.854
vn 0.309 0.355 0.882
vn 0.589 0.282 0.757
vn 0.05 0.798 0.601
vn 0.061 0.799 0.598
vn 0.769 -0.023 0.639
vn 0.848 0.313 0.428
vn 0.191 0.934 0.302
vn 0.938 -0.151 0.311
vn 0.844 -0.527 -0.102
vn 0.957 -0.273 0.102
vn 0.927 -0.217 -0.305
vn 0.99 -0.143 -0.009
vn 0.928 -0.356 -0.107
vn 0.967 -0.188 -0.172
vn 0.968 0.218 0.122
vn 0.862 -0.452 -0.228
vn 0.199 -0.637 -0.745
vn 0.744 -0.486 -0.459
vn 0.892 -0.288 -0.349
vn 0.58 -0.795 -0.179
vn 0.796 -0.274 -0.539
vn 0.501 -0.571 0.65
vn 0.66 -0.19 -0.727
vn 0.833 -0.123 -0.539
vn 0.938 -0.14 -0.319
vn 0.94 0.274 -0.203
vn 0.3 0.951 0.073
vn 0.787 0.271 -0.555
vn 0.417 0.605 -0.678
vn 0.529 -0.036 -0.848
vn -0.312 0.395 0.864
vn -0.21 0.688 0.695
vn 0.11 0.527 0.843
vn 0.05 0.347 0.937
vn -0.107 0.085 0.991
vn -0.402 0.241 0.883
vn -0.639 0.211 0.74
vn -0.405 0.077 0.911
vn -0.743 0.503 0.441
vn -0.643 0.098 0.76
vn -0.812 0.416 0.408
vn -0.379 -0.114 0.918
vn -0.343 0.106 0.934
vn -0.221 0.357 0.908
vn 0.306 -0.509 0.804
vn 0.904 -0.141 0.404
vn 0.858 -0.04 0.511
vn 0.445 -0.297 0.845
vn 0.504 -0.005 -0.863
vn 0.563 -0.736 -0.375
vn -0.256 -0.023 0.966
vn -0.096 -0.027 0.995
vn 0.502 0.06 -0.863
vn 0.317 -0.02 0.948
vn 0.496 -0.048 -0.867
vn 0.515 0.033 0.856
vn 0.553 -0.034 -0.833
vn 0.907 0.008 0.421
vn 0.618 0.002 -0.786
vn 0.564 -0.021 -0.825
vn 0.643 0.108 -0.759
vn 0.573 0.177 -0.8
vn 0.578 0.378 -0.724
vn 0.421 0.355 -0.835
vn 0.495 0.548 -0.675
vn 0.353 0.538 -0.766
vn 0.377 0.711 -0.593
vn 0.328 0.706 -0.628
vn 0.46 0.321 -0.828
vn -0.876 -0.335 0.347
vn -0.559 -0.14 0.817
vn 0.58 -0.795 -0.179
vn -0.855 -0.021 0.517
vn -0.958 -0.19 0.212
vn -0.508 -0.081 0.857
vn -0.846 -0.017 0.533
vn -0.798 0.033 0.602
vn -0.881 -0.06 0.469
vn -0.868 -0.173 0.465
vn -0.758 -0.199 0.621
vn -0.897 -0.306 0.317
vn -0.896 -0.133 0.422
vn -0.843 -0.464 -0.273
vn -0.137 -0.953 0.269
vn -0.533 -0.845 0.052
vn -0.603 -0.625 0.495
vn 0.306 -0.509 0.804
vn 0.904 -0.141 0.404
vn -0.861 -0.352 0.367
vn -0.447 -0.275 0.851
vn -0.414 -0.318 0.853
vn -0.761 -0.561 0.327
vn -0.716 -0.127 0.687
vn -0.007 -0.348 0.938
vn -0.801 -0.573 0.171
vn -0.554 -0.744 0.375
vn -0.767 -0.57 0.293
vn -0.358 -0.255 0.898
vn -0.309 -0.332 0.891
vn -0.785 -0.573 0.234
vn 0.151 -0.626 0.765
vn 0.924 -0.129 -0.36
vn 0.849 -0.413 0.329
vn 0.998 -0.069 0.016
vn 0.145 -0.974 -0.176
vn 0.506 -0.853 0.128
vn 0.292 -0.933 -0.211
vn 0.687 -0.539 0.489
vn -0.427 -0.566 0.706
vn 0.251 -0.967 -0.033
vn -0.839 -0.46 0.29
vn -0.571 -0.818 0.074
vn -0.917 -0.389 0.096
vn -0.42 -0.742 -0.522
vn -0.791 -0.157 -0.591
vn -0.129 -0.751 -0.647
vn -0.321 0.046 -0.946
vn 0.008 -0.669 -0.743
vn 0.224 0.143 -0.964
vn 0.389 -0.785 -0.483
vn 1 -0.008 -0.01
vn 0.975 0.008 0.222
vn -0.296 -0.327 0.897
vn 0.621 -0.05 0.783
vn -0.179 0.028 0.983
vn 0.969 -0.245 -0.036
vn -0.767 -0.472 0.434
vn 0.985 -0.152 0.08
vn 0.132 0.354 -0.926
vn -0.027 0.539 -0.842
vn 0.183 0.27 -0.945
vn 0.041 0.626 -0.778
vn -0.919 -0.115 -0.377
vn -0.617 -0.729 -0.296
vn -0.938 0.221 0.266
vn -0.943 -0.245 -0.226
vn -0.325 -0.91 -0.259
vn -0.945 -0.295 -0.139
vn -0.991 0.054 0.126
vn -0.948 -0.187 0.259
vn -0.938 0.221 0.266
vn -0.583 0.79 0.194
vn -0.919 -0.115 -0.377
vn -0.495 0.693 0.524
vn -0.923 0.367 0.116
vn -0.966 -0.015 0.256
vn 0.274 0.707 -0.653
vn 0.797 0.271 -0.539
vn 0.511 0.298 -0.807
vn 0.605 0.66 -0.446
vn -0.798 0.033 0.602
vn 0.914 0.268 0.305
vn 0.968 0.191 0.165
vn -0.958 -0.19 0.212
vn 0.981 0.107 0.158
vn 0.996 0.002 0.095
vn 0.438 -0.863 -0.254
vn -0.194 -0.789 -0.583
vn -0.947 -0.295 0.128
vn -0.7 0.687 0.197
vn -0.978 0.189 -0.092
vn 0.022 0.882 0.47
vn -0.616 0.697 0.366
vn -0.293 0.87 0.398
vn -0.604 0.765 0.224
vn -0.837 0.295 0.459
vn -0.818 0.491 0.299
vn -0.888 0.27 0.372
vn -0.332 -0.19 -0.924
vn -0.146 0.163 -0.976
vn -0.244 0.107 -0.964
vn 0.156 -0.222 -0.962
vn -0.472 -0.514 -0.716
vn 0.358 -0.522 -0.774
vn -0.331 -0.151 -0.931
vn 0.116 -0.848 -0.518
vn -0.488 -0.507 -0.711
vn -0.5 -0.847 -0.183
vn -0.119 -0.993 0.007
vn -0.506 -0.221 -0.834
vn 0.144 -0.88 0.452
vn 0.829 -0.401 0.39
vn 0.665 0.051 0.746
vn 0.799 0.136 0.586
vn 0.429 -0.862 0.27
vn 0.605 -0.771 0.198
vn -0.967 -0.144 0.209
vn -0.943 -0.145 0.298
vn -0.966 -0.085 0.245
vn -0.975 0.072 0.211
vn 0.24 -0.317 -0.917
vn 0.221 0.396 -0.891
vn 0.207 0.949 -0.24
vn 0.782 -0.141 -0.607
vn 0.271 -0.03 -0.962
vn 0.611 -0.08 -0.788
vn 0.79 0.611 -0.059
vn 0.848 0.53 -0.019
vn -0.537 0.704 -0.465
vn 0.621 -0.05 0.783
vn 0.244 0.66 0.71
vn -0.179 0.028 0.983
vn 0.638 0.477 0.604
vn -0.073 0.697 0.713
vn 0.494 0.206 0.845
vn 0.243 -0.219 0.945
vn -0.317 -0.59 0.743
vn -0.838 -0.024 0.545
vn -0.837 0.295 0.459
vn -0.888 0.27 0.372
vn -0.949 -0.19 0.253
vn 0.58 -0.795 -0.179
vn 0.744 -0.486 -0.459
vn -0.876 -0.335 0.347
vn 0.199 -0.637 -0.745
vn 0.259 -0.462 0.848
vn 0.477 0.024 0.878
vn 0.264 -0.249 0.932
vn 0.228 -0.178 0.958
vn 0.146 -0.461 0.875
vn 0.127 -0.297 0.946
vn 0.29 -0.012 0.957
vn -0.022 -0.505 0.863
vn 0.459 -0.346 0.818
vn 0.432 -0.547 0.717
vn -0.808 0.218 -0.547
vn -0.079 0.986 0.143
vn 0.253 0.966 -0.058
vn 0.463 0.875 0.139
vn 0.137 0.746 -0.652
vn 0.947 0.315 0.068
vn 0.308 0.736 0.603
vn 0.678 0.387 0.625
vn 0.973 0.073 0.221
vn -0.094 0.417 -0.904
vn 0.985 -0.033 -0.167
vn 0.935 -0.335 0.118
vn 0.837 -0.532 0.129
vn 0.731 -0.511 -0.452
vn 0.876 -0.433 -0.21
vn -0.313 0.242 -0.918
vn 0.688 -0.659 -0.306
vn -0.542 0.05 -0.838
vn 0.914 0.268 0.305
vn 0.638 0.477 0.604
vn 0.621 -0.05 0.783
vn 0.856 0.371 0.36
vn -0.355 -0.154 -0.922
vn 0.319 -0.838 -0.442
vn 0.335 -0.836 -0.434
vn 0.333 0.04 -0.942
vn 0.307 0.156 -0.938
vn -0.519 -0.252 -0.817
vn 0.09 -0.939 -0.332
vn -0.403 0.062 -0.913
vn -0.166 -0.318 -0.934
vn 0.478 -0.396 -0.784
vn -0.672 -0.004 -0.74
vn -0.55 -0.222 -0.805
vn -0.252 -0.497 -0.83
vn -0.693 0.047 -0.72
vn -0.214 -0.33 -0.919
vn -0.025 -0.308 -0.951
vn -0.563 -0.308 -0.767
vn -0.596 -0.279 -0.753
vn -0.699 -0.011 -0.715
vn -0.628 -0.345 -0.697
vn -0.549 -0.302 -0.779
vn -0.772 -0.251 -0.583
vn -0.369 -0.924 0.102
vn -0.494 -0.797 0.347
vn -0.72 -0.003 -0.694
vn -0.682 0.085 -0.727
vn -0.637 -0.26 -0.726
vn -0.669 0.102 -0.736
vn -0.757 -0.332 -0.563
vn -0.699 -0.325 -0.637
vn -0.639 0.005 -0.77
vn -0.742 -0.302 -0.599
vn -0.681 0.071 -0.729
vn -0.703 0.096 -0.705
vn -0.713 -0.108 -0.693
vn -0.833 -0.342 -0.436
vn -0.781 -0.362 -0.51
vn -0.618 0.079 -0.782
vn -0.739 0.01 -0.673
vn -0.985 -0.173 0.007
vn -0.729 -0.314 0.607
vn -0.762 0.227 0.606
vn -0.995 0.103 -0.024
vn -0.832 -0.401 -0.385
vn -0.913 -0.341 0.224
vn -0.714 -0.311 0.627
vn -0.856 -0.249 -0.453
vn -0.701 -0.58 0.415
vn -0.764 -0.445 0.467
vn -0.735 -0.403 -0.545
vn -0.644 -0.007 -0.765
vn -0.663 -0.009 -0.749
vn -0.662 -0.001 -0.75
vn -0.869 -0.149 -0.472
vn -0.818 -0.231 0.527
vn -0.623 0.027 -0.782
vn -0.64 0.015 -0.769
vn -0.879 -0.069 -0.472
vn -0.844 -0.052 0.534
vn -0.643 0.011 -0.766
vn -0.712 0.031 -0.701
vn -0.862 -0.014 -0.506
vn -0.836 0.166 0.523
vn -0.633 0.003 -0.774
vn -0.627 0.018 -0.779
vn -0.854 0.056 -0.518
vn -0.772 0.394 0.498
vn -0.642 -0.001 -0.767
vn -0.629 0.005 -0.777
vn -0.833 0.104 -0.544
vn -0.875 0.483 -0.039
vn -0.675 0.004 -0.738
vn -0.882 0.448 -0.146
vn -0.645 0 -0.764
vn -0.622 -0.018 -0.783
vn -0.629 -0.007 -0.777
vn -0.717 -0.012 -0.697
vn -0.718 0.008 -0.696
vn -0.711 0.018 -0.702
vn -0.708 0.002 -0.706
vn -0.688 0.008 -0.726
vn -0.682 -0.028 -0.731
vn -0.689 -0.004 -0.724
vn -0.701 0.028 -0.713
vn -0.694 0.042 -0.719
vn 0.036 -0.195 -0.98
vn 0.096 -0.095 -0.991
vn 0.09 0.095 -0.991
vn 0.02 0.273 -0.962
vn -0.076 0.365 -0.928
vn -0.698 -0.021 -0.716
vn -0.06 0.388 -0.919
vn -0.705 -0.016 -0.709
vn -0.651 -0.111 -0.75
vn 0.044 0.295 -0.955
vn -0.616 -0.036 -0.787
vn -0.688 -0.176 -0.704
vn -0.63 -0.179 -0.756
vn -0.671 -0.106 -0.734
vn -0.672 -0.075 -0.736
vn -0.712 -0.076 -0.698
vn -0.859 0.371 0.352
vn -0.675 -0.107 -0.73
vn -0.663 0.03 -0.748
vn -0.644 -0.083 -0.761
vn 0.095 -0.91 -0.404
vn -0.694 0.022 -0.72
vn -0.686 0 -0.728
vn -0.767 -0.472 0.434
vn -0.644 0.02 -0.765
vn -0.251 -0.243 0.937
vn -0.767 -0.472 0.434
vn -0.296 -0.327 0.897
vn -0.179 0.028 0.983
vn -0.233 0.007 0.973
vn -0.859 0.371 0.352
vn -0.121 0.258 0.958
vn 0.536 -0.084 0.84
vn 0.244 0.66 0.71
vn 0.682 -0.086 0.726
vn -0.114 0.334 0.936
vn 0.701 -0.065 0.71
vn 0.981 -0.022 0.191
vn -0.402 0.757 0.516
vn -0.882 0.448 -0.146
vn -0.875 0.483 -0.039
vn 0.086 0.779 0.621
vn 0.376 0.867 0.327
vn 0.638 0.477 0.604
vn 0.856 0.371 0.36
vn 0.545 0.312 0.778
vn 0.627 0.775 -0.076
vn 0.981 0.107 0.158
vn 0.875 0.384 0.294
vn 0.821 0.452 -0.348
vn 0.996 0.002 0.095
vn 0.969 0.218 0.119
vn 0.962 -0.264 0.07
vn 0.996 -0.061 0.071
vn 0.891 -0.004 -0.454
vn 0.742 -0.439 -0.507
vn 0.438 -0.863 -0.254
vn 0.747 0.063 -0.663
vn 0.095 -0.91 -0.404
vn 0.964 0.188 0.186
vn 0.666 0.435 -0.606
vn 0.044 0.295 -0.955
vn -0.06 0.388 -0.919
vn 0.566 0.657 -0.498
vn 0.899 0.322 0.296
vn 0.913 0.338 0.229
vn 0.587 0.562 -0.583
vn -0.076 0.365 -0.928
vn 0.665 0.359 -0.655
vn 0.02 0.273 -0.962
vn 0.09 0.095 -0.991
vn 0.712 -0.079 0.698
vn 0.675 0.067 0.735
vn 0.752 0.097 0.652
vn 0.76 0.056 0.647
vn 0.654 0.485 0.581
vn 0.207 0.473 0.856
vn 0.603 0.495 0.626
vn 0.779 0.283 0.56
vn 0.739 0.421 0.526
vn 0.86 0.269 0.434
vn 0.842 0.159 0.516
vn 0.86 0.129 0.494
vn -0.547 0.626 0.556
vn -0.624 0.402 0.67
vn -0.772 0.394 0.498
vn -0.836 0.166 0.523
vn 0.11 0.408 0.906
vn -0.644 0.163 0.748
vn -0.844 -0.052 0.534
vn 0.941 0.229 0.249
vn 0.733 0.133 -0.667
vn 0.646 0.076 0.76
vn 0.101 0.264 0.959
vn -0.648 -0.056 0.76
vn -0.818 -0.231 0.527
vn 0.937 0.066 0.343
vn 0.743 -0.098 -0.662
vn 0.096 -0.095 -0.991
vn 0.036 -0.195 -0.98
vn 0.937 -0.069 0.344
vn 0.87 0.044 0.49
vn 0.719 -0.276 -0.638
vn -0.025 -0.308 -0.951
vn 0.667 -0.497 -0.555
vn -0.214 -0.33 -0.919
vn 0.913 -0.097 0.397
vn 0.911 -0.231 0.341
vn 0.855 -0.061 0.515
vn 0.902 0.161 0.4
vn 0.868 -0.041 0.495
vn 0.931 0.068 0.36
vn 0.542 -0.598 -0.59
vn -0.252 -0.497 -0.83
vn 0.478 -0.396 -0.784
vn 0.827 -0.442 -0.348
vn 0.307 0.156 -0.938
vn 0.812 0.157 0.563
vn 0.798 0.019 0.602
vn 0.953 -0.069 0.294
vn 0.954 -0.157 0.257
vn 0.71 0.156 0.687
vn 0.861 -0.33 0.386
vn 0.819 -0.094 0.565
vn 0.655 0.312 0.688
vn 0.583 0.445 0.68
vn 0.909 -0.26 0.325
vn 0.779 -0.161 0.606
vn 0.783 -0.156 0.602
vn 0.785 -0.074 0.616
vn 0.515 0.195 0.835
vn 0.521 0.289 0.803
vn 0.376 0.281 0.883
vn 0.482 0.37 0.794
vn 0.54 0.095 0.836
vn 0.322 0.187 0.928
vn 0.5 0.104 0.86
vn 0.289 0.091 0.953
vn 0.546 0.084 0.833
vn 0.711 0.073 0.699
vn 0.473 0.046 0.879
vn 0.265 -0.017 0.964
vn 0.56 -0.018 0.829
vn 0.179 0.096 0.979
vn 0.175 -0.045 0.983
vn 0.458 -0.024 0.889
vn 0.271 -0.122 0.955
vn 0.577 -0.097 0.811
vn 0.448 -0.084 0.89
vn 0.171 -0.151 0.974
vn 0.135 -0.307 0.942
vn -0.654 -0.232 0.72
vn -0.764 -0.445 0.467
vn 0.567 -0.175 0.805
vn 0.294 -0.23 0.928
vn 0.352 -0.336 0.874
vn 0.45 -0.169 0.876
vn -0.631 -0.438 0.64
vn -0.577 -0.575 0.581
vn -0.701 -0.58 0.415
vn -0.714 -0.311 0.627
vn -0.152 -0.374 0.915
vn -0.762 0.227 0.606
vn 0.446 -0.2 0.873
vn 0.536 -0.141 0.833
vn 0.178 -0.357 0.917
vn 0.24 0.047 0.97
vn -0.729 -0.314 0.607
vn 0.359 -0.273 0.893
vn 0.534 -0.24 0.811
vn 0.461 -0.297 0.836
vn 0.169 -0.235 0.957
vn -0.494 -0.797 0.347
vn 0.584 -0.042 0.811
vn 0.419 -0.323 0.849
vn -0.369 -0.924 0.102
vn 0.479 -0.424 0.769
vn 0.09 -0.939 -0.332
vn 0.669 -0.081 0.739
vn 0.64 -0.234 0.732
vn 0.719 -0.395 0.572
vn 0.319 -0.838 -0.442
vn 0.703 -0.077 0.707
vn 0.787 -0.341 0.515
vn 0.335 -0.836 -0.434
vn 0.601 -0.364 0.711
vn 0.699 -0.285 0.656
vn 0.714 -0.248 0.654
vn 0.718 -0.083 0.691
vn 0.818 -0.362 0.446
vn 0.333 0.04 -0.942
vn 0.738 -0.266 0.62
vn 0.798 -0.044 0.601
vn 0.999 -0.052 -0.009
vn 0.988 0.119 -0.098
vn 0.872 -0.216 0.441
vn 0.752 -0.181 0.633
vn 0.782 -0.217 0.584
vn 0.771 -0.242 0.588
vn 0.86 -0.374 0.346
vn 0.649 -0.232 0.725
vn 0.755 -0.421 0.503
vn 0.572 -0.447 0.688
vn 0.747 -0.247 0.618
vn 0.612 -0.26 0.747
vn 0.407 -0.414 0.814
vn -0.833 -0.195 0.517
vn -0.342 0.231 0.911
vn -0.673 0.317 0.667
vn -0.583 -0.193 0.789
vn -0.662 0.173 0.729
vn -0.576 -0.35 0.738
vn -0.8 0.547 0.245
vn -0.436 -0.347 0.83
vn 0.686 -0.509 0.521
vn -0.308 -0.741 0.596
vn -0.861 -0.478 0.174
vn 0.375 -0.228 0.898
vn -0.675 -0.536 0.507
vn -0.066 -0.56 0.826
vn -0.097 0.443 0.891
vn -0.441 0.511 0.738
vn -0.785 0.215 0.582
vn 0.156 0.61 0.777
vn 0.539 0.315 0.781
vn -0.297 0.332 0.896
vn -0.726 0.278 0.629
vn -0.504 0.209 0.838
vn 0.02 0.18 0.983
vn 0.334 -0.685 0.647
vn -0.289 -0.957 0.015
vn 0.328 0.945 -0.004
vn 0.318 0.945 0.081
vn 0.036 1 0.009
vn 0.037 1 0
vn 0 1 0
vn 0.316 0.945 -0.089
vn 0.032 1 0.018
vn 0.286 0.945 0.161
vn 0.035 1 -0.01
vn 0.282 0.945 -0.168
vn 0.026 1 0.026
vn 0.235 0.945 0.229
vn 0.032 1 -0.019
vn 0.229 0.945 -0.235
vn 0.019 1 0.032
vn 0.168 0.945 0.282
vn 0.026 1 -0.026
vn 0.01 1 0.035
vn 0.018 1 -0.032
vn 0.161 0.945 -0.286
vn 0.089 0.945 0.316
vn 0.081 0.945 -0.318
vn 0 1 0.037
vn 0.004 0.945 0.328
vn 0.009 1 -0.036
vn -0.004 0.945 -0.328
vn -0.009 1 0.036
vn -0.081 0.945 0.318
vn 0 1 -0.037
vn -0.089 0.945 -0.316
vn -0.018 1 0.032
vn -0.161 0.945 0.286
vn -0.01 1 -0.035
vn -0.026 1 0.026
vn -0.019 1 -0.032
vn -0.168 0.945 -0.282
vn -0.229 0.945 0.235
vn -0.235 0.945 -0.229
vn -0.032 1 0.019
vn -0.282 0.945 0.168
vn -0.026 1 -0.026
vn -0.286 0.945 -0.161
vn -0.035 1 0.01
vn -0.316 0.945 0.089
vn -0.032 1 -0.018
vn -0.318 0.945 -0.081
vn -0.037 1 0
vn -0.328 0.945 0.004
vn -0.036 1 -0.009
g peacockMain_0
f 3/3/3 2/2/2 1/1/1
f 5/5/5 1/1/1 4/4/4
f 6/6/6 5/5/5 4/4/4
f 4/4/4 1/1/1 7/7/7
f 8/8/8 7/7/7 1/1/1
f 7/7/7 8/8/8 9/9/9
f 1/1/1 10/10/10 8/8/8
f 11/11/11 10/10/10 1/1/1
f 11/11/11 12/12/12 10/10/10
f 11/11/11 13/13/13 12/12/12
f 14/14/14 10/10/10 12/12/12
f 12/12/12 13/13/13 14/14/14
f 14/14/14 13/13/13 15/15/15
f 16/16/16 15/15/15 13/13/13
f 10/10/10 14/14/14 17/17/17
f 10/10/10 17/17/17 8/8/8
f 8/8/8 17/17/17 18/18/18
f 8/8/8 18/18/18 9/9/9
f 9/9/9 18/18/18 19/19/19
f 20/20/20 9/9/9 19/19/19
f 21/21/21 9/9/9 20/20/20
f 22/22/22 9/9/9 21/21/21
f 21/21/21 23/23/23 22/22/22
f 22/22/22 24/24/24 9/9/9
f 9/9/9 24/24/24 7/7/7
f 22/22/22 25/25/25 24/24/24
f 25/25/25 26/26/26 24/24/24
f 27/27/27 7/7/7 24/24/24
f 27/27/27 24/24/24 26/26/26
f 4/4/4 7/7/7 27/27/27
f 28/28/28 22/22/22 23/23/23
f 28/28/28 29/29/29 22/22/22
f 28/28/28 23/23/23 30/30/30
f 31/31/31 28/28/28 30/30/30
f 30/30/30 32/32/32 31/31/31
f 30/30/30 33/33/33 32/32/32
f 33/33/33 34/34/34 32/32/32
f 22/22/22 35/35/35 25/25/25
f 36/36/36 35/35/35 22/22/22
f 25/25/25 35/35/35 37/37/37
f 37/37/37 35/35/35 38/38/38
f 39/39/39 37/37/37 38/38/38
f 40/40/40 38/38/38 35/35/35
f 41/41/41 38/38/38 40/40/40
f 38/38/38 42/42/42 39/39/39
f 43/43/43 42/42/42 38/38/38
f 45/45/45 25/25/25 44/44/44
f 45/45/45 46/46/46 25/25/25
f 46/46/46 45/45/45 47/47/47
f 46/46/46 48/48/48 25/25/25
f 48/48/48 49/49/49 25/25/25
f 49/49/49 26/26/26 25/25/25
f 26/26/26 49/49/49 50/50/50
f 26/26/26 50/50/50 51/51/51
f 51/51/51 27/27/27 26/26/26
f 52/52/52 27/27/27 51/51/51
f 53/53/53 52/52/52 51/51/51
f 54/54/54 27/27/27 52/52/52
f 54/54/54 4/4/4 27/27/27
f 55/55/55 4/4/4 54/54/54
f 52/52/52 55/55/55 54/54/54
f 55/55/55 56/56/56 4/4/4
f 55/55/55 52/52/52 57/57/57
f 57/57/57 52/52/52 53/53/53
f 58/58/58 57/57/57 53/53/53
f 59/59/59 57/57/57 58/58/58
f 59/59/59 60/60/60 57/57/57
f 61/61/61 60/60/60 59/59/59
f 59/59/59 58/58/58 62/62/62
f 63/63/63 61/61/61 59/59/59
f 61/61/61 63/63/63 64/64/64
f 63/63/63 65/65/65 64/64/64
f 66/66/66 63/63/63 59/59/59
f 66/66/66 59/59/59 67/67/67
f 67/67/67 59/59/59 62/62/62
f 62/62/62 68/68/68 67/67/67
f 69/69/69 68/68/68 62/62/62
f 71/71/71 63/63/63 70/70/70
f 72/72/72 63/63/63 71/71/71
f 71/71/71 73/73/73 72/72/72
f 71/71/71 74/74/74 73/73/73
f 75/75/75 74/74/74 71/71/71
f 75/75/75 71/71/71 76/76/76
f 76/76/76 77/77/77 75/75/75
f 80/80/80 79/79/79 78/78/78
f 82/82/82 79/79/79 81/81/81
f 79/79/79 83/83/83 81/81/81
f 79/79/79 85/85/85 84/84/84
f 84/84/84 85/85/85 86/86/86
f 89/89/89 88/88/88 87/87/87
f 87/87/87 91/91/91 90/90/90
f 92/92/92 87/87/87 90/90/90
f 87/87/87 92/92/92 93/93/93
f 92/92/92 94/94/94 93/93/93
f 93/93/93 96/96/96 95/95/95
f 95/95/95 94/94/94 97/97/97
f 97/97/97 98/98/98 95/95/95
f 98/98/98 99/99/99 95/95/95
f 101/101/101 100/100/100 87/87/87
f 101/101/101 102/102/102 100/100/100
f 102/102/102 101/101/101 103/103/103
f 101/101/101 104/104/104 103/103/103
f 105/105/105 103/103/103 104/104/104
f 106/106/106 103/103/103 105/105/105
f 109/109/109 108/108/108 107/107/107
f 112/112/112 111/111/111 110/110/110
f 115/115/115 114/114/114 113/113/113
f 115/115/115 117/117/117 116/116/116
f 118/118/118 117/117/117 115/115/115
f 118/118/118 119/119/119 117/117/117
f 118/118/118 120/120/120 119/119/119
f 123/123/123 122/122/122 121/121/121
f 126/126/126 125/125/125 124/124/124
f 128/128/128 126/126/126 127/127/127
f 126/126/126 128/128/128 129/129/129
f 129/129/129 130/130/130 126/126/126
f 130/130/130 129/129/129 131/131/131
f 131/131/131 129/129/129 132/132/132
f 129/129/129 133/133/133 132/132/132
f 132/132/132 133/133/133 134/134/134
f 135/135/135 129/129/129 128/128/128
f 129/129/129 135/135/135 133/133/133
f 128/128/128 136/136/136 135/135/135
f 133/133/133 135/135/135 137/137/137
f 133/133/133 137/137/137 138/138/138
f 138/138/138 139/139/139 133/133/133
f 140/140/140 134/134/134 133/133/133
f 139/139/139 140/140/140 133/133/133
f 141/141/141 134/134/134 140/140/140
f 139/139/139 142/142/142 140/140/140
f 142/142/142 141/141/141 140/140/140
f 143/143/143 141/141/141 142/142/142
f 146/146/146 145/145/145 144/144/144
f 149/149/149 148/148/148 147/147/147
f 152/152/152 151/151/151 150/150/150
f 155/155/155 154/154/154 153/153/153
f 158/158/158 157/157/157 156/156/156
f 161/161/161 160/160/160 159/159/159
f 164/164/164 163/163/163 162/162/162
f 167/167/167 166/166/166 165/165/165
f 169/169/169 168/168/168 165/165/165
f 170/170/170 168/168/168 169/169/169
f 169/169/169 165/165/165 171/171/171
f 172/172/172 170/170/170 169/169/169
f 173/173/173 169/169/169 171/171/171
f 174/174/174 173/173/173 171/171/171
f 174/174/174 171/171/171 175/175/175
f 174/174/174 175/175/175 176/176/176
f 177/177/177 169/169/169 173/173/173
f 178/178/178 169/169/169 177/177/177
f 172/172/172 169/169/169 178/178/178
f 179/179/179 172/172/172 178/178/178
f 179/179/179 180/180/180 172/172/172
f 179/179/179 181/181/181 180/180/180
f 182/182/182 180/180/180 181/181/181
f 183/183/183 180/180/180 182/182/182
f 183/183/183 184/184/184 180/180/180
f 184/184/184 185/185/185 180/180/180
f 180/180/180 185/185/185 172/172/172
f 172/172/172 185/185/185 186/186/186
f 189/189/189 188/188/188 187/187/187
f 192/192/192 191/191/191 190/190/190
f 195/195/195 194/194/194 193/193/193
f 197/197/197 196/196/196 193/193/193
f 196/196/196 198/198/198 193/193/193
f 196/196/196 199/199/199 198/198/198
f 198/198/198 199/199/199 200/200/200
f 200/200/200 199/199/199 201/201/201
f 199/199/199 202/202/202 201/201/201
f 202/202/202 203/203/203 201/201/201
f 201/201/201 203/203/203 204/204/204
f 201/201/201 205/205/205 200/200/200
f 205/205/205 201/201/201 204/204/204
f 204/204/204 203/203/203 206/206/206
f 203/203/203 207/207/207 206/206/206
f 205/205/205 204/204/204 208/208/208
f 200/200/200 205/205/205 209/209/209
f 209/209/209 205/205/205 208/208/208
f 204/204/204 206/206/206 210/210/210
f 208/208/208 204/204/204 210/210/210
f 200/200/200 209/209/209 211/211/211
f 212/212/212 200/200/200 211/211/211
f 212/212/212 213/213/213 200/200/200
f 211/211/211 209/209/209 214/214/214
f 209/209/209 215/215/215 214/214/214
f 216/216/216 214/214/214 215/215/215
f 215/215/215 217/217/217 216/216/216
f 218/218/218 215/215/215 209/209/209
f 215/215/215 218/218/218 217/217/217
f 209/209/209 208/208/208 218/218/218
f 217/217/217 218/218/218 219/219/219
f 208/208/208 210/210/210 220/220/220
f 208/208/208 220/220/220 218/218/218
f 218/218/218 221/221/221 219/219/219
f 220/220/220 221/221/221 218/218/218
f 222/222/222 220/220/220 210/210/210
f 220/220/220 222/222/222 221/221/221
f 206/206/206 222/222/222 210/210/210
f 221/221/221 223/223/223 219/219/219
f 219/219/219 223/223/223 224/224/224
f 206/206/206 225/225/225 222/222/222
f 206/206/206 226/226/226 225/225/225
f 206/206/206 227/227/227 226/226/226
f 226/226/226 228/228/228 225/225/225
f 221/221/221 222/222/222 229/229/229
f 222/222/222 225/225/225 230/230/230
f 229/229/229 222/222/222 230/230/230
f 221/221/221 231/231/231 223/223/223
f 229/229/229 231/231/231 221/221/221
f 231/231/231 229/229/229 232/232/232
f 231/231/231 233/233/233 223/223/223
f 232/232/232 233/233/233 231/231/231
f 223/223/223 234/234/234 224/224/224
f 223/223/223 233/233/233 234/234/234
f 224/224/224 234/234/234 235/235/235
f 225/225/225 236/236/236 230/230/230
f 225/225/225 237/237/237 236/236/236
f 237/237/237 238/238/238 236/236/236
f 238/238/238 239/239/239 236/236/236
f 230/230/230 240/240/240 229/229/229
f 229/229/229 240/240/240 232/232/232
f 236/236/236 241/241/241 230/230/230
f 236/236/236 239/239/239 241/241/241
f 240/240/240 230/230/230 241/241/241
f 239/239/239 242/242/242 241/241/241
f 242/242/242 239/239/239 243/243/243
f 242/242/242 244/244/244 241/241/241
f 241/241/241 244/244/244 240/240/240
f 245/245/245 240/240/240 244/244/244
f 240/240/240 245/245/245 232/232/232
f 246/246/246 245/245/245 244/244/244
f 247/247/247 232/232/232 245/245/245
f 247/247/247 248/248/248 232/232/232
f 232/232/232 248/248/248 249/249/249
f 233/233/233 232/232/232 249/249/249
f 249/249/249 248/248/248 250/250/250
f 233/233/233 249/249/249 250/250/250
f 250/250/250 248/248/248 251/251/251
f 233/233/233 250/250/250 234/234/234
f 252/252/252 250/250/250 251/251/251
f 252/252/252 251/251/251 253/253/253
f 254/254/254 252/252/252 253/253/253
f 234/234/234 250/250/250 255/255/255
f 252/252/252 255/255/255 250/250/250
f 234/234/234 255/255/255 235/235/235
f 254/254/254 256/256/256 252/252/252
f 255/255/255 252/252/252 256/256/256
f 235/235/235 255/255/255 256/256/256
f 256/256/256 254/254/254 257/257/257
f 256/256/256 257/257/257 258/258/258
f 259/259/259 256/256/256 258/258/258
f 259/259/259 235/235/235 256/256/256
f 260/260/260 259/259/259 258/258/258
f 260/260/260 258/258/258 261/261/261
f 262/262/262 235/235/235 259/259/259
f 263/263/263 259/259/259 260/260/260
f 263/263/263 262/262/262 259/259/259
f 260/260/260 264/264/264 263/263/263
f 263/263/263 265/265/265 262/262/262
f 263/263/263 264/264/264 265/265/265
f 266/266/266 262/262/262 265/265/265
f 235/235/235 262/262/262 266/266/266
f 265/265/265 264/264/264 267/267/267
f 264/264/264 260/260/260 268/268/268
f 269/269/269 268/268/268 260/260/260
f 264/264/264 268/268/268 270/270/270
f 264/264/264 270/270/270 271/271/271
f 272/272/272 267/267/267 264/264/264
f 271/271/271 272/272/272 264/264/264
f 272/272/272 273/273/273 267/267/267
f 272/272/272 274/274/274 273/273/273
f 275/275/275 274/274/274 272/272/272
f 276/276/276 272/272/272 271/271/271
f 276/276/276 275/275/275 272/272/272
f 277/277/277 276/276/276 271/271/271
f 278/278/278 275/275/275 276/276/276
f 278/278/278 279/279/279 275/275/275
f 279/279/279 280/280/280 275/275/275
f 278/278/278 281/281/281 279/279/279
f 278/278/278 282/282/282 281/281/281
f 281/281/281 282/282/282 283/283/283
f 283/283/283 284/284/284 281/281/281
f 282/282/282 285/285/285 283/283/283
f 285/285/285 282/282/282 286/286/286
f 286/286/286 282/282/282 287/287/287
f 287/287/287 282/282/282 288/288/288
f 285/285/285 286/286/286 289/289/289
f 286/286/286 287/287/287 290/290/290
f 286/286/286 291/291/291 289/289/289
f 286/286/286 290/290/290 291/291/291
f 292/292/292 289/289/289 291/291/291
f 291/291/291 290/290/290 292/292/292
f 293/293/293 289/289/289 292/292/292
f 294/294/294 289/289/289 293/293/293
f 292/292/292 290/290/290 295/295/295
f 295/295/295 290/290/290 287/287/287
f 293/293/293 292/292/292 295/295/295
f 293/293/293 295/295/295 287/287/287
f 296/296/296 294/294/294 293/293/293
f 297/297/297 294/294/294 296/296/296
f 293/293/293 287/287/287 298/298/298
f 298/298/298 299/299/299 293/293/293
f 287/287/287 288/288/288 300/300/300
f 298/298/298 287/287/287 301/301/301
f 287/287/287 300/300/300 301/301/301
f 300/300/300 288/288/288 302/302/302
f 303/303/303 302/302/302 288/288/288
f 303/303/303 288/288/288 304/304/304
f 302/302/302 303/303/303 305/305/305
f 306/306/306 300/300/300 302/302/302
f 305/305/305 306/306/306 302/302/302
f 300/300/300 306/306/306 307/307/307
f 307/307/307 306/306/306 308/308/308
f 305/305/305 308/308/308 306/306/306
f 307/307/307 308/308/308 309/309/309
f 305/305/305 309/309/309 308/308/308
f 303/303/303 309/309/309 305/305/305
f 309/309/309 310/310/310 301/301/301
f 303/303/303 310/310/310 309/309/309
f 311/311/311 301/301/301 310/310/310
f 301/301/301 311/311/311 298/298/298
f 310/310/310 303/303/303 311/311/311
f 312/312/312 299/299/299 298/298/298
f 298/298/298 311/311/311 312/312/312
f 311/311/311 313/313/313 312/312/312
f 314/314/314 311/311/311 303/303/303
f 311/311/311 314/314/314 313/313/313
f 314/314/314 303/303/303 315/315/315
f 316/316/316 315/315/315 303/303/303
f 316/316/316 303/303/303 304/304/304
f 304/304/304 317/317/317 316/316/316
f 318/318/318 316/316/316 317/317/317
f 317/317/317 304/304/304 319/319/319
f 318/318/318 320/320/320 314/314/314
f 320/320/320 318/318/318 317/317/317
f 321/321/321 317/317/317 319/319/319
f 321/321/321 320/320/320 317/317/317
f 322/322/322 299/299/299 312/312/312
f 313/313/313 322/322/322 312/312/312
f 313/313/313 314/314/314 323/323/323
f 323/323/323 314/314/314 320/320/320
f 324/324/324 313/313/313 323/323/323
f 324/324/324 322/322/322 313/313/313
f 323/323/323 320/320/320 325/325/325
f 324/324/324 323/323/323 325/325/325
f 326/326/326 324/324/324 325/325/325
f 326/326/326 327/327/327 324/324/324
f 327/327/327 322/322/322 324/324/324
f 325/325/325 320/320/320 328/328/328
f 328/328/328 320/320/320 321/321/321
f 328/328/328 329/329/329 325/325/325
f 330/330/330 329/329/329 328/328/328
f 330/330/330 328/328/328 331/331/331
f 328/328/328 321/321/321 331/331/331
f 321/321/321 332/332/332 331/331/331
f 321/321/321 333/333/333 332/332/332
f 333/333/333 334/334/334 332/332/332
f 321/321/321 319/319/319 333/333/333
f 333/333/333 319/319/319 335/335/335
f 333/333/333 335/335/335 336/336/336
f 335/335/335 337/337/337 336/336/336
f 338/338/338 322/322/322 327/327/327
f 327/327/327 339/339/339 338/338/338
f 338/338/338 339/339/339 340/340/340
f 341/341/341 322/322/322 338/338/338
f 322/322/322 341/341/341 299/299/299
f 342/342/342 338/338/338 340/340/340
f 342/342/342 340/340/340 343/343/343
f 342/342/342 344/344/344 338/338/338
f 343/343/343 344/344/344 342/342/342
f 341/341/341 338/338/338 344/344/344
f 345/345/345 344/344/344 343/343/343
f 345/345/345 343/343/343 346/346/346
f 347/347/347 299/299/299 341/341/341
f 348/348/348 299/299/299 347/347/347
f 299/299/299 348/348/348 296/296/296
f 341/341/341 344/344/344 349/349/349
f 349/349/349 344/344/344 350/350/350
f 345/345/345 350/350/350 344/344/344
f 349/349/349 351/351/351 341/341/341
f 351/351/351 347/347/347 341/341/341
f 349/349/349 350/350/350 351/351/351
f 352/352/352 345/345/345 346/346/346
f 353/353/353 350/350/350 345/345/345
f 352/352/352 353/353/353 345/345/345
f 350/350/350 353/353/353 354/354/354
f 355/355/355 351/351/351 350/350/350
f 354/354/354 355/355/355 350/350/350
f 356/356/356 351/351/351 355/355/355
f 354/354/354 356/356/356 355/355/355
f 354/354/354 353/353/353 357/357/357
f 352/352/352 357/357/357 353/353/353
f 347/347/347 351/351/351 358/358/358
f 358/358/358 351/351/351 356/356/356
f 357/357/357 359/359/359 354/354/354
f 359/359/359 356/356/356 354/354/354
f 357/357/357 360/360/360 359/359/359
f 361/361/361 359/359/359 360/360/360
f 361/361/361 360/360/360 362/362/362
f 363/363/363 356/356/356 359/359/359
f 359/359/359 361/361/361 363/363/363
f 358/358/358 356/356/356 364/364/364
f 363/363/363 364/364/364 356/356/356
f 365/365/365 363/363/363 361/361/361
f 362/362/362 365/365/365 361/361/361
f 364/364/364 363/363/363 366/366/366
f 365/365/365 366/366/366 363/363/363
f 367/367/367 358/358/358 364/364/364
f 366/366/366 367/367/367 364/364/364
f 347/347/347 358/358/358 368/368/368
f 367/367/367 368/368/368 358/358/358
f 368/368/368 369/369/369 347/347/347
f 369/369/369 348/348/348 347/347/347
f 370/370/370 369/369/369 368/368/368
f 367/367/367 370/370/370 368/368/368
f 348/348/348 369/369/369 371/371/371
f 371/371/371 369/369/369 370/370/370
f 371/371/371 372/372/372 348/348/348
f 348/348/348 372/372/372 296/296/296
f 296/296/296 372/372/372 373/373/373
f 373/373/373 297/297/297 296/296/296
f 373/373/373 374/374/374 297/297/297
f 297/297/297 374/374/374 375/375/375
f 297/297/297 375/375/375 376/376/376
f 376/376/376 375/375/375 377/377/377
f 378/378/378 372/372/372 371/371/371
f 378/378/378 379/379/379 372/372/372
f 378/378/378 371/371/371 380/380/380
f 381/381/381 371/371/371 370/370/370
f 371/371/371 381/381/381 380/380/380
f 382/382/382 381/381/381 370/370/370
f 380/380/380 381/381/381 382/382/382
f 382/382/382 370/370/370 383/383/383
f 370/370/370 367/367/367 383/383/383
f 384/384/384 380/380/380 382/382/382
f 384/384/384 382/382/382 383/383/383
f 385/385/385 380/380/380 384/384/384
f 386/386/386 385/385/385 384/384/384
f 383/383/383 367/367/367 387/387/387
f 367/367/367 366/366/366 387/387/387
f 386/386/386 384/384/384 388/388/388
f 384/384/384 389/389/389 388/388/388
f 389/389/389 384/384/384 383/383/383
f 386/386/386 388/388/388 390/390/390
f 390/390/390 391/391/391 386/386/386
f 392/392/392 391/391/391 390/390/390
f 389/389/389 383/383/383 393/393/393
f 387/387/387 393/393/393 383/383/383
f 387/387/387 394/394/394 393/393/393
f 387/387/387 366/366/366 394/394/394
f 366/366/366 395/395/395 394/394/394
f 395/395/395 366/366/366 365/365/365
f 394/394/394 395/395/395 396/396/396
f 397/397/397 395/395/395 365/365/365
f 395/395/395 397/397/397 396/396/396
f 397/397/397 365/365/365 362/362/362
f 397/397/397 362/362/362 396/396/396
f 362/362/362 398/398/398 396/396/396
f 399/399/399 396/396/396 398/398/398
f 399/399/399 398/398/398 400/400/400
f 362/362/362 401/401/401 398/398/398
f 402/402/402 400/400/400 398/398/398
f 398/398/398 401/401/401 402/402/402
f 401/401/401 362/362/362 403/403/403
f 403/403/403 362/362/362 360/360/360
f 404/404/404 401/401/401 403/403/403
f 402/402/402 401/401/401 404/404/404
f 405/405/405 403/403/403 360/360/360
f 404/404/404 403/403/403 405/405/405
f 406/406/406 404/404/404 405/405/405
f 404/404/404 406/406/406 407/407/407
f 407/407/407 402/402/402 404/404/404
f 406/406/406 408/408/408 407/407/407
f 407/407/407 408/408/408 402/402/402
f 408/408/408 409/409/409 402/402/402
f 409/409/409 400/400/400 402/402/402
f 410/410/410 409/409/409 408/408/408
f 410/410/410 411/411/411 409/409/409
f 412/412/412 400/400/400 409/409/409
f 413/413/413 400/400/400 412/412/412
f 414/414/414 409/409/409 411/411/411
f 414/414/414 412/412/412 409/409/409
f 415/415/415 413/413/413 412/412/412
f 412/412/412 414/414/414 415/415/415
f 416/416/416 415/415/415 414/414/414
f 413/413/413 415/415/415 417/417/417
f 416/416/416 417/417/417 415/415/415
f 418/418/418 414/414/414 411/411/411
f 411/411/411 419/419/419 418/418/418
f 418/418/418 419/419/419 420/420/420
f 421/421/421 414/414/414 418/418/418
f 421/421/421 416/416/416 414/414/414
f 422/422/422 421/421/421 418/418/418
f 422/422/422 423/423/423 421/421/421
f 423/423/423 416/416/416 421/421/421
f 422/422/422 424/424/424 423/423/423
f 423/423/423 425/425/425 416/416/416
f 426/426/426 416/416/416 425/425/425
f 416/416/416 427/427/427 417/417/417
f 427/427/427 416/416/416 426/426/426
f 427/427/427 428/428/428 417/417/417
f 429/429/429 427/427/427 426/426/426
f 427/427/427 429/429/429 428/428/428
f 429/429/429 426/426/426 430/430/430
f 429/429/429 431/431/431 428/428/428
f 432/432/432 431/431/431 429/429/429
f 428/428/428 431/431/431 433/433/433
f 434/434/434 429/429/429 430/430/430
f 429/429/429 434/434/434 432/432/432
f 433/433/433 431/431/431 435/435/435
f 433/433/433 435/435/435 436/436/436
f 437/437/437 436/436/436 435/435/435
f 436/436/436 437/437/437 438/438/438
f 431/431/431 439/439/439 435/435/435
f 432/432/432 439/439/439 431/431/431
f 435/435/435 439/439/439 440/440/440
f 432/432/432 440/440/440 439/439/439
f 434/434/434 430/430/430 441/441/441
f 430/430/430 442/442/442 441/441/441
f 440/440/440 432/432/432 443/443/443
f 440/440/440 443/443/443 444/444/444
f 444/444/444 443/443/443 445/445/445
f 443/443/443 432/432/432 445/445/445
f 445/445/445 446/446/446 444/444/444
f 434/434/434 447/447/447 432/432/432
f 432/432/432 447/447/447 445/445/445
f 445/445/445 448/448/448 446/446/446
f 447/447/447 448/448/448 445/445/445
f 446/446/446 448/448/448 449/449/449
f 434/434/434 450/450/450 447/447/447
f 447/447/447 450/450/450 448/448/448
f 441/441/441 450/450/450 434/434/434
f 448/448/448 450/450/450 449/449/449
f 451/451/451 450/450/450 441/441/441
f 452/452/452 451/451/451 441/441/441
f 450/450/450 453/453/453 449/449/449
f 453/453/453 450/450/450 451/451/451
f 452/452/452 454/454/454 451/451/451
f 454/454/454 453/453/453 451/451/451
f 455/455/455 449/449/449 453/453/453
f 454/454/454 455/455/455 453/453/453
f 455/455/455 456/456/456 449/449/449
f 452/452/452 457/457/457 454/454/454
f 458/458/458 457/457/457 452/452/452
f 458/458/458 459/459/459 457/457/457
f 460/460/460 456/456/456 455/455/455
f 456/456/456 460/460/460 461/461/461
f 462/462/462 455/455/455 454/454/454
f 455/455/455 462/462/462 460/460/460
f 462/462/462 454/454/454 457/457/457
f 457/457/457 459/459/459 463/463/463
f 459/459/459 464/464/464 463/463/463
f 463/463/463 465/465/465 457/457/457
f 463/463/463 464/464/464 465/465/465
f 457/457/457 465/465/465 462/462/462
f 464/464/464 466/466/466 465/465/465
f 460/460/460 462/462/462 467/467/467
f 461/461/461 460/460/460 467/467/467
f 462/462/462 465/465/465 467/467/467
f 465/465/465 466/466/466 468/468/468
f 465/465/465 468/468/468 467/467/467
f 469/469/469 468/468/468 466/466/466
f 469/469/469 470/470/470 468/468/468
f 467/467/467 471/471/471 461/461/461
f 467/467/467 468/468/468 471/471/471
f 461/461/461 471/471/471 472/472/472
f 473/473/473 468/468/468 470/470/470
f 468/468/468 473/473/473 471/471/471
f 473/473/473 470/470/470 474/474/474
f 475/475/475 474/474/474 470/470/470
f 476/476/476 473/473/473 474/474/474
f 471/471/471 473/473/473 477/477/477
f 477/477/477 473/473/473 476/476/476
f 472/472/472 471/471/471 477/477/477
f 476/476/476 472/472/472 477/477/477
f 472/472/472 476/476/476 478/478/478
f 472/472/472 478/478/478 479/479/479
f 479/479/479 478/478/478 480/480/480
f 483/483/483 482/482/482 481/481/481
f 486/486/486 485/485/485 484/484/484
f 489/489/489 488/488/488 487/487/487
f 492/492/492 491/491/491 490/490/490
f 495/495/495 494/494/494 493/493/493
f 497/497/497 495/495/495 496/496/496
f 496/496/496 498/498/498 497/497/497
f 501/501/501 500/500/500 499/499/499
f 504/504/504 503/503/503 502/502/502
f 507/507/507 506/506/506 505/505/505
f 510/510/510 509/509/509 508/508/508
f 513/513/513 512/512/512 511/511/511
f 516/516/516 515/515/515 514/514/514
f 519/519/519 518/518/518 517/517/517
f 522/522/522 521/521/521 520/520/520
f 525/525/525 524/524/524 523/523/523
f 528/528/528 527/527/527 526/526/526
f 531/531/531 530/530/530 529/529/529
f 534/534/534 533/533/533 532/532/532
f 537/537/537 536/536/536 535/535/535
f 540/540/540 539/539/539 538/538/538
f 543/543/543 542/542/542 541/541/541
f 546/546/546 545/545/545 544/544/544
f 549/549/549 548/548/548 547/547/547
f 552/552/552 551/551/551 550/550/550
f 555/555/555 554/554/554 553/553/553
f 558/558/558 557/557/557 556/556/556
f 561/561/561 560/560/560 559/559/559
f 564/564/564 563/563/563 562/562/562
f 567/567/567 566/566/566 565/565/565
f 570/570/570 569/569/569 568/568/568
f 573/573/573 572/572/572 571/571/571
f 576/576/576 575/575/575 574/574/574
f 579/579/579 578/578/578 577/577/577
f 582/582/582 581/581/581 580/580/580
f 581/581/581 583/583/583 580/580/580
f 580/580/580 583/583/583 584/584/584
f 585/585/585 583/583/583 581/581/581
f 586/586/586 585/585/585 581/581/581
f 583/583/583 585/585/585 587/587/587
f 583/583/583 588/588/588 584/584/584
f 588/588/588 583/583/583 587/587/587
f 584/584/584 588/588/588 589/589/589
f 588/588/588 587/587/587 590/590/590
f 588/588/588 591/591/591 589/589/589
f 591/591/591 588/588/588 590/590/590
f 589/589/589 591/591/591 592/592/592
f 591/591/591 590/590/590 593/593/593
f 591/591/591 594/594/594 592/592/592
f 594/594/594 591/591/591 593/593/593
f 592/592/592 594/594/594 595/595/595
f 594/594/594 593/593/593 596/596/596
f 594/594/594 597/597/597 595/595/595
f 597/597/597 594/594/594 596/596/596
f 595/595/595 597/597/597 598/598/598
f 597/597/597 596/596/596 599/599/599
f 597/597/597 600/600/600 598/598/598
f 600/600/600 597/597/597 599/599/599
f 598/598/598 600/600/600 601/601/601
f 600/600/600 599/599/599 602/602/602
f 600/600/600 603/603/603 601/601/601
f 603/603/603 600/600/600 602/602/602
f 601/601/601 603/603/603 604/604/604
f 603/603/603 602/602/602 605/605/605
f 603/603/603 606/606/606 604/604/604
f 606/606/606 603/603/603 605/605/605
f 604/604/604 606/606/606 607/607/607
f 606/606/606 605/605/605 608/608/608
f 606/606/606 609/609/609 607/607/607
f 609/609/609 606/606/606 608/608/608
f 607/607/607 609/609/609 610/610/610
f 609/609/609 608/608/608 611/611/611
f 609/609/609 612/612/612 610/610/610
f 612/612/612 609/609/609 611/611/611
f 610/610/610 612/612/612 613/613/613
f 612/612/612 611/611/611 614/614/614
f 612/612/612 615/615/615 613/613/613
f 615/615/615 612/612/612 614/614/614
f 613/613/613 615/615/615 616/616/616
f 615/615/615 614/614/614 617/617/617
f 615/615/615 618/618/618 616/616/616
f 618/618/618 615/615/615 617/617/617
f 616/616/616 618/618/618 619/619/619
f 618/618/618 617/617/617 620/620/620
f 618/618/618 621/621/621 619/619/619
f 621/621/621 618/618/618 620/620/620
f 619/619/619 621/621/621 622/622/622
f 621/621/621 620/620/620 623/623/623
f 621/621/621 624/624/624 622/622/622
f 624/624/624 621/621/621 623/623/623
f 622/622/622 624/624/624 625/625/625
f 624/624/624 623/623/623 626/626/626
f 624/624/624 627/627/627 625/625/625
f 627/627/627 624/624/624 626/626/626
f 625/625/625 627/627/627 628/628/628
f 627/627/627 626/626/626 629/629/629
f 627/627/627 630/630/630 628/628/628
f 630/630/630 627/627/627 629/629/629
f 628/628/628 630/630/630 631/631/631
f 630/630/630 629/629/629 632/632/632
f 630/630/630 633/633/633 631/631/631
f 633/633/633 630/630/630 632/632/632
f 631/631/631 633/633/633 634/634/634
f 633/633/633 632/632/632 635/635/635
f 633/633/633 636/636/636 634/634/634
f 636/636/636 633/633/633 635/635/635
f 634/634/634 636/636/636 637/637/637
f 636/636/636 635/635/635 638/638/638
f 636/636/636 639/639/639 637/637/637
f 639/639/639 636/636/636 638/638/638
f 637/637/637 639/639/639 640/640/640
f 639/639/639 638/638/638 641/641/641
f 639/639/639 642/642/642 640/640/640
f 642/642/642 639/639/639 641/641/641
f 640/640/640 642/642/642 643/643/643
f 642/642/642 641/641/641 644/644/644
f 642/642/642 645/645/645 643/643/643
f 645/645/645 642/642/642 644/644/644
f 643/643/643 645/645/645 646/646/646
f 645/645/645 644/644/644 647/647/647
f 645/645/645 648/648/648 646/646/646
f 648/648/648 645/645/645 647/647/647
f 646/646/646 648/648/648 649/649/649
f 648/648/648 647/647/647 650/650/650
f 648/648/648 651/651/651 649/649/649
f 651/651/651 648/648/648 650/650/650
f 649/649/649 651/651/651 652/652/652
f 651/651/651 650/650/650 653/653/653
f 651/651/651 654/654/654 652/652/652
f 654/654/654 651/651/651 653/653/653
f 657/657/657 656/656/656 655/655/655
f 658/658/658 657/657/657 655/655/655
f 661/661/661 660/660/660 659/659/659
f 662/662/662 661/661/661 659/659/659
f 665/665/665 664/664/664 663/663/663
f 666/666/666 665/665/665 663/663/663
f 669/669/669 668/668/668 667/667/667
f 670/670/670 669/669/669 667/667/667
f 673/673/673 672/672/672 671/671/671
f 674/674/674 673/673/673 671/671/671
f 677/677/677 676/676/676 675/675/675
f 678/678/678 677/677/677 675/675/675
f 681/681/681 680/680/680 679/679/679
f 682/682/682 681/681/681 679/679/679
f 685/685/685 684/684/684 683/683/683
f 686/686/686 685/685/685 683/683/683
f 689/689/689 688/688/688 687/687/687
f 690/690/690 689/689/689 687/687/687
f 693/693/693 692/692/692 691/691/691
f 694/694/694 693/693/693 691/691/691
f 697/697/697 696/696/696 695/695/695
f 698/698/698 697/697/697 695/695/695
f 701/701/701 700/700/700 699/699/699
f 702/702/702 701/701/701 699/699/699
f 705/705/705 704/704/704 703/703/703
f 706/706/706 705/705/705 703/703/703
f 709/709/709 708/708/708 707/707/707
f 710/710/710 709/709/709 707/707/707
f 713/713/713 712/712/712 711/711/711
f 714/714/714 713/713/713 711/711/711
f 717/717/717 716/716/716 715/715/715
f 718/718/718 717/717/717 715/715/715
f 721/721/721 720/720/720 719/719/719
f 722/722/722 721/721/721 719/719/719
f 725/725/725 724/724/724 723/723/723
f 726/726/726 725/725/725 723/723/723
f 729/729/729 728/728/728 727/727/727
f 730/730/730 729/729/729 727/727/727
f 733/733/733 732/732/732 731/731/731
f 734/734/734 733/733/733 731/731/731
f 737/737/737 736/736/736 735/735/735
f 738/738/738 737/737/737 735/735/735
f 741/741/741 740/740/740 739/739/739
f 742/742/742 741/741/741 739/739/739
f 745/745/745 744/744/744 743/743/743
f 746/746/746 745/745/745 743/743/743
f 749/749/749 748/748/748 747/747/747
f 750/750/750 749/749/749 747/747/747
f 753/753/753 752/752/752 751/751/751
f 754/754/754 753/753/753 751/751/751
f 757/757/757 756/756/756 755/755/755
f 758/758/758 757/757/757 755/755/755
f 761/761/761 760/760/760 759/759/759
f 762/762/762 761/761/761 759/759/759
f 765/765/765 764/764/764 763/763/763
f 766/766/766 765/765/765 763/763/763
f 769/769/769 768/768/768 767/767/767
f 770/770/770 769/769/769 767/767/767
f 773/773/773 772/772/772 771/771/771
f 774/774/774 773/773/773 771/771/771
f 777/777/777 776/776/776 775/775/775
f 778/778/778 777/777/777 775/775/775
f 781/781/781 780/780/780 779/779/779
f 782/782/782 781/781/781 779/779/779
f 785/785/785 784/784/784 783/783/783
f 786/786/786 785/785/785 783/783/783
f 789/789/789 788/788/788 787/787/787
f 790/790/790 789/789/789 787/787/787
f 793/793/793 792/792/792 791/791/791
f 794/794/794 793/793/793 791/791/791
f 797/797/797 796/796/796 795/795/795
f 798/798/798 797/797/797 795/795/795
f 801/801/801 800/800/800 799/799/799
f 802/802/802 801/801/801 799/799/799
f 805/805/805 804/804/804 803/803/803
f 806/806/806 805/805/805 803/803/803
f 809/809/809 808/808/808 807/807/807
f 810/810/810 809/809/809 807/807/807
f 813/813/813 812/812/812 811/811/811
f 814/814/814 813/813/813 811/811/811
f 817/817/817 816/816/816 815/815/815
f 818/818/818 817/817/817 815/815/815
f 821/821/821 820/820/820 819/819/819
f 822/822/822 821/821/821 819/819/819
f 825/825/825 824/824/824 823/823/823
f 826/826/826 825/825/825 823/823/823
f 829/829/829 828/828/828 827/827/827
f 830/830/830 829/829/829 827/827/827
f 833/833/833 832/832/832 831/831/831
f 834/834/834 833/833/833 831/831/831
f 837/837/837 836/836/836 835/835/835
f 838/838/838 837/837/837 835/835/835
f 841/841/841 840/840/840 839/839/839
f 842/842/842 841/841/841 839/839/839
f 845/845/845 844/844/844 843/843/843
f 846/846/846 845/845/845 843/843/843
f 849/849/849 848/848/848 847/847/847
f 850/850/850 849/849/849 847/847/847
f 853/853/853 852/852/852 851/851/851
f 854/854/854 853/853/853 851/851/851
f 857/857/857 856/856/856 855/855/855
f 858/858/858 857/857/857 855/855/855
f 861/861/861 860/860/860 859/859/859
f 862/862/862 861/861/861 859/859/859
f 865/865/865 864/864/864 863/863/863
f 866/866/866 865/865/865 863/863/863
f 869/869/869 868/868/868 867/867/867
f 870/870/870 869/869/869 867/867/867
f 873/873/873 872/872/872 871/871/871
f 874/874/874 873/873/873 871/871/871
f 877/877/877 876/876/876 875/875/875
f 878/878/878 877/877/877 875/875/875
f 881/881/881 880/880/880 879/879/879
f 882/882/882 881/881/881 879/879/879
f 885/885/885 884/884/884 883/883/883
f 886/886/886 885/885/885 883/883/883
f 889/889/889 888/888/888 887/887/887
f 890/890/890 889/889/889 887/887/887
f 893/893/893 892/892/892 891/891/891
f 894/894/894 893/893/893 891/891/891
f 897/897/897 896/896/896 895/895/895
f 898/898/898 897/897/897 895/895/895
f 901/901/901 900/900/900 899/899/899
f 902/902/902 901/901/901 899/899/899
f 905/905/905 904/904/904 903/903/903
f 906/906/906 905/905/905 903/903/903
f 909/909/909 908/908/908 907/907/907
f 910/910/910 909/909/909 907/907/907
f 913/913/913 912/912/912 911/911/911
f 914/914/914 913/913/913 911/911/911
f 917/917/917 916/916/916 915/915/915
f 918/918/918 917/917/917 915/915/915
f 921/921/921 920/920/920 919/919/919
f 922/922/922 921/921/921 919/919/919
f 925/925/925 924/924/924 923/923/923
f 926/926/926 925/925/925 923/923/923
f 929/929/929 928/928/928 927/927/927
f 930/930/930 929/929/929 927/927/927
f 933/933/933 932/932/932 931/931/931
f 934/934/934 933/933/933 931/931/931
f 937/937/937 936/936/936 935/935/935
f 938/938/938 937/937/937 935/935/935
f 941/941/941 940/940/940 939/939/939
f 942/942/942 941/941/941 939/939/939
f 945/945/945 944/944/944 943/943/943
f 946/946/946 945/945/945 943/943/943
f 949/949/949 948/948/948 947/947/947
f 950/950/950 949/949/949 947/947/947
f 953/953/953 952/952/952 951/951/951
f 954/954/954 953/953/953 951/951/951
f 957/957/957 956/956/956 955/955/955
f 958/958/958 957/957/957 955/955/955
f 961/961/961 960/960/960 959/959/959
f 962/962/962 961/961/961 959/959/959
f 965/965/965 964/964/964 963/963/963
f 966/966/966 965/965/965 963/963/963
f 969/969/969 968/968/968 967/967/967
f 970/970/970 969/969/969 967/967/967
f 973/973/973 972/972/972 971/971/971
f 974/974/974 973/973/973 971/971/971
f 977/977/977 976/976/976 975/975/975
f 978/978/978 977/977/977 975/975/975
f 981/981/981 980/980/980 979/979/979
f 982/982/982 981/981/981 979/979/979
f 985/985/985 984/984/984 983/983/983
f 986/986/986 985/985/985 983/983/983
f 989/989/989 988/988/988 987/987/987
f 990/990/990 989/989/989 987/987/987
f 993/993/993 992/992/992 991/991/991
f 994/994/994 993/993/993 991/991/991
f 997/997/997 996/996/996 995/995/995
f 998/998/998 997/997/997 995/995/995
f 1001/1001/1001 1000/1000/1000 999/999/999
f 1002/1002/1002 1001/1001/1001 999/999/999
f 1005/1005/1005 1004/1004/1004 1003/1003/1003
f 1006/1006/1006 1005/1005/1005 1003/1003/1003
f 1009/1009/1009 1008/1008/1008 1007/1007/1007
f 1010/1010/1010 1009/1009/1009 1007/1007/1007
f 1013/1013/1013 1012/1012/1012 1011/1011/1011
f 1014/1014/1014 1013/1013/1013 1011/1011/1011
f 1017/1017/1017 1016/1016/1016 1015/1015/1015
f 1018/1018/1018 1017/1017/1017 1015/1015/1015
f 1021/1021/1021 1020/1020/1020 1019/1019/1019
f 1022/1022/1022 1021/1021/1021 1019/1019/1019
f 1025/1025/1025 1024/1024/1024 1023/1023/1023
f 1026/1026/1026 1025/1025/1025 1023/1023/1023
f 1029/1029/1029 1028/1028/1028 1027/1027/1027
f 1030/1030/1030 1029/1029/1029 1027/1027/1027
f 1033/1033/1033 1032/1032/1032 1031/1031/1031
f 1034/1034/1034 1033/1033/1033 1031/1031/1031
f 1037/1037/1037 1036/1036/1036 1035/1035/1035
f 1038/1038/1038 1037/1037/1037 1035/1035/1035
f 1041/1041/1041 1040/1040/1040 1039/1039/1039
f 1042/1042/1042 1041/1041/1041 1039/1039/1039
f 1045/1045/1045 1044/1044/1044 1043/1043/1043
f 1046/1046/1046 1045/1045/1045 1043/1043/1043
f 1049/1049/1049 1048/1048/1048 1047/1047/1047
f 1050/1050/1050 1049/1049/1049 1047/1047/1047
f 1053/1053/1053 1052/1052/1052 1051/1051/1051
f 1054/1054/1054 1053/1053/1053 1051/1051/1051
f 1057/1057/1057 1056/1056/1056 1055/1055/1055
f 1058/1058/1058 1057/1057/1057 1055/1055/1055
f 1061/1061/1061 1060/1060/1060 1059/1059/1059
f 1062/1062/1062 1061/1061/1061 1059/1059/1059
f 1065/1065/1065 1064/1064/1064 1063/1063/1063
f 1066/1066/1066 1065/1065/1065 1063/1063/1063
f 1069/1069/1069 1068/1068/1068 1067/1067/1067
f 1070/1070/1070 1069/1069/1069 1067/1067/1067
f 1073/1073/1073 1072/1072/1072 1071/1071/1071
f 1074/1074/1074 1073/1073/1073 1071/1071/1071
f 1077/1077/1077 1076/1076/1076 1075/1075/1075
f 1078/1078/1078 1077/1077/1077 1075/1075/1075
f 1081/1081/1081 1080/1080/1080 1079/1079/1079
f 1082/1082/1082 1081/1081/1081 1079/1079/1079
f 1085/1085/1085 1084/1084/1084 1083/1083/1083
f 1086/1086/1086 1085/1085/1085 1083/1083/1083
f 1089/1089/1089 1088/1088/1088 1087/1087/1087
f 1090/1090/1090 1089/1089/1089 1087/1087/1087
f 1093/1093/1093 1092/1092/1092 1091/1091/1091
f 1094/1094/1094 1093/1093/1093 1091/1091/1091
f 1097/1097/1097 1096/1096/1096 1095/1095/1095
f 1098/1098/1098 1097/1097/1097 1095/1095/1095
f 1101/1101/1101 1100/1100/1100 1099/1099/1099
f 1102/1102/1102 1101/1101/1101 1099/1099/1099
f 1105/1105/1105 1104/1104/1104 1103/1103/1103
f 1106/1106/1106 1105/1105/1105 1103/1103/1103
f 1109/1109/1109 1108/1108/1108 1107/1107/1107
f 1110/1110/1110 1109/1109/1109 1107/1107/1107
f 1113/1113/1113 1112/1112/1112 1111/1111/1111
f 1114/1114/1114 1113/1113/1113 1111/1111/1111
f 1117/1117/1117 1116/1116/1116 1115/1115/1115
f 1118/1118/1118 1117/1117/1117 1115/1115/1115
f 1121/1121/1121 1120/1120/1120 1119/1119/1119
f 1122/1122/1122 1121/1121/1121 1119/1119/1119
f 1125/1125/1125 1124/1124/1124 1123/1123/1123
f 1126/1126/1126 1125/1125/1125 1123/1123/1123
f 1129/1129/1129 1128/1128/1128 1127/1127/1127
f 1130/1130/1130 1129/1129/1129 1127/1127/1127
f 1133/1133/1133 1132/1132/1132 1131/1131/1131
f 1134/1134/1134 1133/1133/1133 1131/1131/1131
f 1137/1137/1137 1136/1136/1136 1135/1135/1135
f 1138/1138/1138 1137/1137/1137 1135/1135/1135
f 1141/1141/1141 1140/1140/1140 1139/1139/1139
f 1142/1142/1142 1141/1141/1141 1139/1139/1139
f 1145/1145/1145 1144/1144/1144 1143/1143/1143
f 1146/1146/1146 1145/1145/1145 1143/1143/1143
f 1149/1149/1149 1148/1148/1148 1147/1147/1147
f 1150/1150/1150 1149/1149/1149 1147/1147/1147
f 1153/1153/1153 1152/1152/1152 1151/1151/1151
f 1154/1154/1154 1153/1153/1153 1151/1151/1151
f 1157/1157/1157 1156/1156/1156 1155/1155/1155
f 1158/1158/1158 1157/1157/1157 1155/1155/1155
f 1161/1161/1161 1160/1160/1160 1159/1159/1159
f 1162/1162/1162 1161/1161/1161 1159/1159/1159
f 1165/1165/1165 1164/1164/1164 1163/1163/1163
f 1166/1166/1166 1165/1165/1165 1163/1163/1163
f 1169/1169/1169 1168/1168/1168 1167/1167/1167
f 1170/1170/1170 1169/1169/1169 1167/1167/1167
f 1173/1173/1173 1172/1172/1172 1171/1171/1171
f 1174/1174/1174 1173/1173/1173 1171/1171/1171
f 1177/1177/1177 1176/1176/1176 1175/1175/1175
f 1178/1178/1178 1177/1177/1177 1175/1175/1175
f 1181/1181/1181 1180/1180/1180 1179/1179/1179
f 1182/1182/1182 1181/1181/1181 1179/1179/1179
f 1185/1185/1185 1184/1184/1184 1183/1183/1183
f 1186/1186/1186 1185/1185/1185 1183/1183/1183
f 1189/1189/1189 1188/1188/1188 1187/1187/1187
f 1190/1190/1190 1189/1189/1189 1187/1187/1187
f 1193/1193/1193 1192/1192/1192 1191/1191/1191
f 1194/1194/1194 1193/1193/1193 1191/1191/1191
f 1197/1197/1197 1196/1196/1196 1195/1195/1195
f 1198/1198/1198 1197/1197/1197 1195/1195/1195
f 1201/1201/1201 1200/1200/1200 1199/1199/1199
f 1202/1202/1202 1201/1201/1201 1199/1199/1199
f 1205/1205/1205 1204/1204/1204 1203/1203/1203
f 1206/1206/1206 1205/1205/1205 1203/1203/1203
f 1209/1209/1209 1208/1208/1208 1207/1207/1207
f 1210/1210/1210 1209/1209/1209 1207/1207/1207
f 1213/1213/1213 1212/1212/1212 1211/1211/1211
f 1214/1214/1214 1213/1213/1213 1211/1211/1211
f 1217/1217/1217 1216/1216/1216 1215/1215/1215
f 1218/1218/1218 1217/1217/1217 1215/1215/1215
f 1221/1221/1221 1220/1220/1220 1219/1219/1219
f 1222/1222/1222 1221/1221/1221 1219/1219/1219
f 1225/1225/1225 1224/1224/1224 1223/1223/1223
f 1226/1226/1226 1225/1225/1225 1223/1223/1223
f 1229/1229/1229 1228/1228/1228 1227/1227/1227
f 1230/1230/1230 1229/1229/1229 1227/1227/1227
f 1233/1233/1233 1232/1232/1232 1231/1231/1231
f 1234/1234/1234 1233/1233/1233 1231/1231/1231
f 1237/1237/1237 1236/1236/1236 1235/1235/1235
f 1238/1238/1238 1237/1237/1237 1235/1235/1235
f 1241/1241/1241 1240/1240/1240 1239/1239/1239
f 1242/1242/1242 1241/1241/1241 1239/1239/1239
f 1245/1245/1245 1244/1244/1244 1243/1243/1243
f 1246/1246/1246 1245/1245/1245 1243/1243/1243
f 1249/1249/1249 1248/1248/1248 1247/1247/1247
f 1250/1250/1250 1249/1249/1249 1247/1247/1247
f 1253/1253/1253 1252/1252/1252 1251/1251/1251
f 1254/1254/1254 1253/1253/1253 1251/1251/1251
f 1257/1257/1257 1256/1256/1256 1255/1255/1255
f 1258/1258/1258 1257/1257/1257 1255/1255/1255
f 1261/1261/1261 1260/1260/1260 1259/1259/1259
f 1262/1262/1262 1261/1261/1261 1259/1259/1259
f 1265/1265/1265 1264/1264/1264 1263/1263/1263
f 1266/1266/1266 1265/1265/1265 1263/1263/1263
f 1269/1269/1269 1268/1268/1268 1267/1267/1267
f 1270/1270/1270 1269/1269/1269 1267/1267/1267
f 1273/1273/1273 1272/1272/1272 1271/1271/1271
f 1274/1274/1274 1273/1273/1273 1271/1271/1271
f 1277/1277/1277 1276/1276/1276 1275/1275/1275
f 1278/1278/1278 1277/1277/1277 1275/1275/1275
f 1281/1281/1281 1280/1280/1280 1279/1279/1279
f 1282/1282/1282 1281/1281/1281 1279/1279/1279
f 1285/1285/1285 1284/1284/1284 1283/1283/1283
f 1286/1286/1286 1285/1285/1285 1283/1283/1283
f 1289/1289/1289 1288/1288/1288 1287/1287/1287
f 1290/1290/1290 1289/1289/1289 1287/1287/1287
f 1293/1293/1293 1292/1292/1292 1291/1291/1291
f 1294/1294/1294 1293/1293/1293 1291/1291/1291
f 1297/1297/1297 1296/1296/1296 1295/1295/1295
f 1298/1298/1298 1297/1297/1297 1295/1295/1295
f 1301/1301/1301 1300/1300/1300 1299/1299/1299
f 1302/1302/1302 1301/1301/1301 1299/1299/1299
f 1305/1305/1305 1304/1304/1304 1303/1303/1303
f 1306/1306/1306 1305/1305/1305 1303/1303/1303
f 1309/1309/1309 1308/1308/1308 1307/1307/1307
f 1310/1310/1310 1309/1309/1309 1307/1307/1307
f 1313/1313/1313 1312/1312/1312 1311/1311/1311
f 1314/1314/1314 1313/1313/1313 1311/1311/1311
f 1317/1317/1317 1316/1316/1316 1315/1315/1315
f 1318/1318/1318 1317/1317/1317 1315/1315/1315
f 1321/1321/1321 1320/1320/1320 1319/1319/1319
f 1322/1322/1322 1321/1321/1321 1319/1319/1319
f 1325/1325/1325 1324/1324/1324 1323/1323/1323
f 1326/1326/1326 1325/1325/1325 1323/1323/1323
f 1329/1329/1329 1328/1328/1328 1327/1327/1327
f 1330/1330/1330 1329/1329/1329 1327/1327/1327
f 1333/1333/1333 1332/1332/1332 1331/1331/1331
f 1334/1334/1334 1333/1333/1333 1331/1331/1331
f 1337/1337/1337 1336/1336/1336 1335/1335/1335
f 1338/1338/1338 1337/1337/1337 1335/1335/1335
f 1341/1341/1341 1340/1340/1340 1339/1339/1339
f 1342/1342/1342 1341/1341/1341 1339/1339/1339
f 1345/1345/1345 1344/1344/1344 1343/1343/1343
f 1346/1346/1346 1345/1345/1345 1343/1343/1343
f 1349/1349/1349 1348/1348/1348 1347/1347/1347
f 1350/1350/1350 1349/1349/1349 1347/1347/1347
f 1353/1353/1353 1352/1352/1352 1351/1351/1351
f 1354/1354/1354 1353/1353/1353 1351/1351/1351
f 1357/1357/1357 1356/1356/1356 1355/1355/1355
f 1358/1358/1358 1357/1357/1357 1355/1355/1355
f 1361/1361/1361 1360/1360/1360 1359/1359/1359
f 1362/1362/1362 1361/1361/1361 1359/1359/1359
f 1365/1365/1365 1364/1364/1364 1363/1363/1363
f 1366/1366/1366 1365/1365/1365 1363/1363/1363
f 1369/1369/1369 1368/1368/1368 1367/1367/1367
f 1370/1370/1370 1369/1369/1369 1367/1367/1367
f 1373/1373/1373 1372/1372/1372 1371/1371/1371
f 1374/1374/1374 1373/1373/1373 1371/1371/1371
f 1377/1377/1377 1376/1376/1376 1375/1375/1375
f 1378/1378/1378 1377/1377/1377 1375/1375/1375
f 1381/1381/1381 1380/1380/1380 1379/1379/1379
f 1382/1382/1382 1381/1381/1381 1379/1379/1379
f 1385/1385/1385 1384/1384/1384 1383/1383/1383
f 1386/1386/1386 1385/1385/1385 1383/1383/1383
f 1389/1389/1389 1388/1388/1388 1387/1387/1387
f 1390/1390/1390 1389/1389/1389 1387/1387/1387
f 1393/1393/1393 1392/1392/1392 1391/1391/1391
f 1394/1394/1394 1393/1393/1393 1391/1391/1391
f 1397/1397/1397 1396/1396/1396 1395/1395/1395
f 1398/1398/1398 1397/1397/1397 1395/1395/1395
f 1401/1401/1401 1400/1400/1400 1399/1399/1399
f 1402/1402/1402 1401/1401/1401 1399/1399/1399
f 1405/1405/1405 1404/1404/1404 1403/1403/1403
f 1406/1406/1406 1405/1405/1405 1403/1403/1403
f 1409/1409/1409 1408/1408/1408 1407/1407/1407
f 1410/1410/1410 1409/1409/1409 1407/1407/1407
f 1413/1413/1413 1412/1412/1412 1411/1411/1411
f 1414/1414/1414 1413/1413/1413 1411/1411/1411
f 1417/1417/1417 1416/1416/1416 1415/1415/1415
f 1418/1418/1418 1417/1417/1417 1415/1415/1415
f 1421/1421/1421 1420/1420/1420 1419/1419/1419
f 1422/1422/1422 1421/1421/1421 1419/1419/1419
f 1425/1425/1425 1424/1424/1424 1423/1423/1423
f 1426/1426/1426 1425/1425/1425 1423/1423/1423
f 1429/1429/1429 1428/1428/1428 1427/1427/1427
f 1430/1430/1430 1429/1429/1429 1427/1427/1427
f 1433/1433/1433 1432/1432/1432 1431/1431/1431
f 1434/1434/1434 1433/1433/1433 1431/1431/1431
f 1437/1437/1437 1436/1436/1436 1435/1435/1435
f 1438/1438/1438 1437/1437/1437 1435/1435/1435
f 1441/1441/1441 1440/1440/1440 1439/1439/1439
f 1442/1442/1442 1441/1441/1441 1439/1439/1439
f 1445/1445/1445 1444/1444/1444 1443/1443/1443
f 1446/1446/1446 1445/1445/1445 1443/1443/1443
f 1449/1449/1449 1448/1448/1448 1447/1447/1447
f 1450/1450/1450 1449/1449/1449 1447/1447/1447
f 1453/1453/1453 1452/1452/1452 1451/1451/1451
f 1454/1454/1454 1453/1453/1453 1451/1451/1451
f 1457/1457/1457 1456/1456/1456 1455/1455/1455
f 1458/1458/1458 1457/1457/1457 1455/1455/1455
f 1461/1461/1461 1460/1460/1460 1459/1459/1459
f 1462/1462/1462 1461/1461/1461 1459/1459/1459
f 1465/1465/1465 1464/1464/1464 1463/1463/1463
f 1466/1466/1466 1465/1465/1465 1463/1463/1463
f 1469/1469/1469 1468/1468/1468 1467/1467/1467
f 1470/1470/1470 1469/1469/1469 1467/1467/1467
f 1473/1473/1473 1472/1472/1472 1471/1471/1471
f 1474/1474/1474 1473/1473/1473 1471/1471/1471
f 1477/1477/1477 1476/1476/1476 1475/1475/1475
f 1478/1478/1478 1477/1477/1477 1475/1475/1475
f 1481/1481/1481 1480/1480/1480 1479/1479/1479
f 1482/1482/1482 1481/1481/1481 1479/1479/1479
f 1485/1485/1485 1484/1484/1484 1483/1483/1483
f 1486/1486/1486 1485/1485/1485 1483/1483/1483
f 1489/1489/1489 1488/1488/1488 1487/1487/1487
f 1490/1490/1490 1489/1489/1489 1487/1487/1487
f 1493/1493/1493 1492/1492/1492 1491/1491/1491
f 1494/1494/1494 1493/1493/1493 1491/1491/1491
f 1497/1497/1497 1496/1496/1496 1495/1495/1495
f 1498/1498/1498 1497/1497/1497 1495/1495/1495
f 1501/1501/1501 1500/1500/1500 1499/1499/1499
f 1502/1502/1502 1501/1501/1501 1499/1499/1499
f 1505/1505/1505 1504/1504/1504 1503/1503/1503
f 1506/1506/1506 1505/1505/1505 1503/1503/1503
f 1509/1509/1509 1508/1508/1508 1507/1507/1507
f 1510/1510/1510 1509/1509/1509 1507/1507/1507
f 1513/1513/1513 1512/1512/1512 1511/1511/1511
f 1514/1514/1514 1513/1513/1513 1511/1511/1511
f 1517/1517/1517 1516/1516/1516 1515/1515/1515
f 1518/1518/1518 1517/1517/1517 1515/1515/1515
f 1521/1521/1521 1520/1520/1520 1519/1519/1519
f 1522/1522/1522 1521/1521/1521 1519/1519/1519
f 1525/1525/1525 1524/1524/1524 1523/1523/1523
f 1526/1526/1526 1525/1525/1525 1523/1523/1523
f 1529/1529/1529 1528/1528/1528 1527/1527/1527
f 1530/1530/1530 1529/1529/1529 1527/1527/1527
f 1533/1533/1533 1532/1532/1532 1531/1531/1531
f 1534/1534/1534 1533/1533/1533 1531/1531/1531
f 1537/1537/1537 1536/1536/1536 1535/1535/1535
f 1538/1538/1538 1537/1537/1537 1535/1535/1535
f 1541/1541/1541 1540/1540/1540 1539/1539/1539
f 1542/1542/1542 1541/1541/1541 1539/1539/1539
f 1545/1545/1545 1544/1544/1544 1543/1543/1543
f 1546/1546/1546 1545/1545/1545 1543/1543/1543
f 1549/1549/1549 1548/1548/1548 1547/1547/1547
f 1550/1550/1550 1549/1549/1549 1547/1547/1547
f 1553/1553/1553 1552/1552/1552 1551/1551/1551
f 1554/1554/1554 1553/1553/1553 1551/1551/1551
f 1557/1557/1557 1556/1556/1556 1555/1555/1555
f 1558/1558/1558 1557/1557/1557 1555/1555/1555
f 1561/1561/1561 1560/1560/1560 1559/1559/1559
f 1562/1562/1562 1561/1561/1561 1559/1559/1559
f 1565/1565/1565 1564/1564/1564 1563/1563/1563
f 1566/1566/1566 1565/1565/1565 1563/1563/1563
f 1569/1569/1569 1568/1568/1568 1567/1567/1567
f 1570/1570/1570 1569/1569/1569 1567/1567/1567
f 1573/1573/1573 1572/1572/1572 1571/1571/1571
f 1574/1574/1574 1573/1573/1573 1571/1571/1571
f 1577/1577/1577 1576/1576/1576 1575/1575/1575
f 1578/1578/1578 1577/1577/1577 1575/1575/1575
f 1581/1581/1581 1580/1580/1580 1579/1579/1579
f 1582/1582/1582 1581/1581/1581 1579/1579/1579
f 1585/1585/1585 1584/1584/1584 1583/1583/1583
f 1586/1586/1586 1585/1585/1585 1583/1583/1583
f 1589/1589/1589 1588/1588/1588 1587/1587/1587
f 1590/1590/1590 1589/1589/1589 1587/1587/1587
f 1593/1593/1593 1592/1592/1592 1591/1591/1591
f 1594/1594/1594 1593/1593/1593 1591/1591/1591
f 1597/1597/1597 1596/1596/1596 1595/1595/1595
f 1598/1598/1598 1597/1597/1597 1595/1595/1595
f 1601/1601/1601 1600/1600/1600 1599/1599/1599
f 1602/1602/1602 1601/1601/1601 1599/1599/1599
f 1605/1605/1605 1604/1604/1604 1603/1603/1603
f 1606/1606/1606 1605/1605/1605 1603/1603/1603
f 1609/1609/1609 1608/1608/1608 1607/1607/1607
f 1610/1610/1610 1609/1609/1609 1607/1607/1607
f 1613/1613/1613 1612/1612/1612 1611/1611/1611
f 1614/1614/1614 1613/1613/1613 1611/1611/1611
f 1617/1617/1617 1616/1616/1616 1615/1615/1615
f 1618/1618/1618 1617/1617/1617 1615/1615/1615
f 1621/1621/1621 1620/1620/1620 1619/1619/1619
f 1622/1622/1622 1621/1621/1621 1619/1619/1619
f 1625/1625/1625 1624/1624/1624 1623/1623/1623
f 1626/1626/1626 1625/1625/1625 1623/1623/1623
f 1629/1629/1629 1628/1628/1628 1627/1627/1627
f 1630/1630/1630 1629/1629/1629 1627/1627/1627
f 1633/1633/1633 1632/1632/1632 1631/1631/1631
f 1634/1634/1634 1633/1633/1633 1631/1631/1631
f 1637/1637/1637 1636/1636/1636 1635/1635/1635
f 1638/1638/1638 1637/1637/1637 1635/1635/1635
f 1641/1641/1641 1640/1640/1640 1639/1639/1639
f 1642/1642/1642 1641/1641/1641 1639/1639/1639
f 1645/1645/1645 1644/1644/1644 1643/1643/1643
f 1646/1646/1646 1645/1645/1645 1643/1643/1643
f 1649/1649/1649 1648/1648/1648 1647/1647/1647
f 1650/1650/1650 1649/1649/1649 1647/1647/1647
f 1653/1653/1653 1652/1652/1652 1651/1651/1651
f 1654/1654/1654 1653/1653/1653 1651/1651/1651
f 1657/1657/1657 1656/1656/1656 1655/1655/1655
f 1658/1658/1658 1657/1657/1657 1655/1655/1655
f 1661/1661/1661 1660/1660/1660 1659/1659/1659
f 1662/1662/1662 1661/1661/1661 1659/1659/1659
f 1665/1665/1665 1664/1664/1664 1663/1663/1663
f 1666/1666/1666 1665/1665/1665 1663/1663/1663
f 1669/1669/1669 1668/1668/1668 1667/1667/1667
f 1670/1670/1670 1669/1669/1669 1667/1667/1667
f 1673/1673/1673 1672/1672/1672 1671/1671/1671
f 1674/1674/1674 1673/1673/1673 1671/1671/1671
f 1677/1677/1677 1676/1676/1676 1675/1675/1675
f 1678/1678/1678 1677/1677/1677 1675/1675/1675
f 1681/1681/1681 1680/1680/1680 1679/1679/1679
f 1682/1682/1682 1681/1681/1681 1679/1679/1679
f 1685/1685/1685 1684/1684/1684 1683/1683/1683
f 1686/1686/1686 1685/1685/1685 1683/1683/1683
f 1689/1689/1689 1688/1688/1688 1687/1687/1687
f 1690/1690/1690 1689/1689/1689 1687/1687/1687
f 1693/1693/1693 1692/1692/1692 1691/1691/1691
f 1694/1694/1694 1693/1693/1693 1691/1691/1691
f 1697/1697/1697 1696/1696/1696 1695/1695/1695
f 1698/1698/1698 1697/1697/1697 1695/1695/1695
f 1701/1701/1701 1700/1700/1700 1699/1699/1699
f 1702/1702/1702 1701/1701/1701 1699/1699/1699
f 1705/1705/1705 1704/1704/1704 1703/1703/1703
f 1706/1706/1706 1705/1705/1705 1703/1703/1703
f 1709/1709/1709 1708/1708/1708 1707/1707/1707
f 1710/1710/1710 1709/1709/1709 1707/1707/1707
f 1713/1713/1713 1712/1712/1712 1711/1711/1711
f 1714/1714/1714 1713/1713/1713 1711/1711/1711
f 1717/1717/1717 1716/1716/1716 1715/1715/1715
f 1718/1718/1718 1717/1717/1717 1715/1715/1715
f 1721/1721/1721 1720/1720/1720 1719/1719/1719
f 1722/1722/1722 1721/1721/1721 1719/1719/1719
f 1725/1725/1725 1724/1724/1724 1723/1723/1723
f 1726/1726/1726 1725/1725/1725 1723/1723/1723
f 1729/1729/1729 1728/1728/1728 1727/1727/1727
f 1730/1730/1730 1729/1729/1729 1727/1727/1727
f 1733/1733/1733 1732/1732/1732 1731/1731/1731
f 1734/1734/1734 1733/1733/1733 1731/1731/1731
f 1737/1737/1737 1736/1736/1736 1735/1735/1735
f 1738/1738/1738 1737/1737/1737 1735/1735/1735
f 1741/1741/1741 1740/1740/1740 1739/1739/1739
f 1742/1742/1742 1741/1741/1741 1739/1739/1739
f 1745/1745/1745 1744/1744/1744 1743/1743/1743
f 1746/1746/1746 1745/1745/1745 1743/1743/1743
f 1749/1749/1749 1748/1748/1748 1747/1747/1747
f 1750/1750/1750 1749/1749/1749 1747/1747/1747
f 1753/1753/1753 1752/1752/1752 1751/1751/1751
f 1754/1754/1754 1753/1753/1753 1751/1751/1751
f 1757/1757/1757 1756/1756/1756 1755/1755/1755
f 1758/1758/1758 1757/1757/1757 1755/1755/1755
f 1761/1761/1761 1760/1760/1760 1759/1759/1759
f 1762/1762/1762 1761/1761/1761 1759/1759/1759
f 1765/1765/1765 1764/1764/1764 1763/1763/1763
f 1766/1766/1766 1765/1765/1765 1763/1763/1763
f 1769/1769/1769 1768/1768/1768 1767/1767/1767
f 1770/1770/1770 1769/1769/1769 1767/1767/1767
f 1773/1773/1773 1772/1772/1772 1771/1771/1771
f 1774/1774/1774 1773/1773/1773 1771/1771/1771
f 1777/1777/1777 1776/1776/1776 1775/1775/1775
f 1778/1778/1778 1777/1777/1777 1775/1775/1775
f 1781/1781/1781 1780/1780/1780 1779/1779/1779
f 1782/1782/1782 1781/1781/1781 1779/1779/1779
f 1785/1785/1785 1784/1784/1784 1783/1783/1783
f 1786/1786/1786 1785/1785/1785 1783/1783/1783
f 1789/1789/1789 1788/1788/1788 1787/1787/1787
f 1790/1790/1790 1789/1789/1789 1787/1787/1787
f 1793/1793/1793 1792/1792/1792 1791/1791/1791
f 1794/1794/1794 1793/1793/1793 1791/1791/1791
f 1797/1797/1797 1796/1796/1796 1795/1795/1795
f 1798/1798/1798 1797/1797/1797 1795/1795/1795
f 1801/1801/1801 1800/1800/1800 1799/1799/1799
f 1802/1802/1802 1801/1801/1801 1799/1799/1799
f 1805/1805/1805 1804/1804/1804 1803/1803/1803
f 1806/1806/1806 1805/1805/1805 1803/1803/1803
f 1809/1809/1809 1808/1808/1808 1807/1807/1807
f 1810/1810/1810 1809/1809/1809 1807/1807/1807
f 1813/1813/1813 1812/1812/1812 1811/1811/1811
f 1814/1814/1814 1813/1813/1813 1811/1811/1811
f 1817/1817/1817 1816/1816/1816 1815/1815/1815
f 1818/1818/1818 1817/1817/1817 1815/1815/1815
f 1821/1821/1821 1820/1820/1820 1819/1819/1819
f 1822/1822/1822 1821/1821/1821 1819/1819/1819
f 1825/1825/1825 1824/1824/1824 1823/1823/1823
f 1826/1826/1826 1825/1825/1825 1823/1823/1823
f 1829/1829/1829 1828/1828/1828 1827/1827/1827
f 1830/1830/1830 1829/1829/1829 1827/1827/1827
f 1833/1833/1833 1832/1832/1832 1831/1831/1831
f 1834/1834/1834 1833/1833/1833 1831/1831/1831
f 1837/1837/1837 1836/1836/1836 1835/1835/1835
f 1838/1838/1838 1837/1837/1837 1835/1835/1835
f 1841/1841/1841 1840/1840/1840 1839/1839/1839
f 1842/1842/1842 1841/1841/1841 1839/1839/1839
f 1845/1845/1845 1844/1844/1844 1843/1843/1843
f 1846/1846/1846 1845/1845/1845 1843/1843/1843
f 1849/1849/1849 1848/1848/1848 1847/1847/1847
f 1850/1850/1850 1849/1849/1849 1847/1847/1847
f 1853/1853/1853 1852/1852/1852 1851/1851/1851
f 1854/1854/1854 1853/1853/1853 1851/1851/1851
f 1857/1857/1857 1856/1856/1856 1855/1855/1855
f 1858/1858/1858 1857/1857/1857 1855/1855/1855
f 1861/1861/1861 1860/1860/1860 1859/1859/1859
f 1862/1862/1862 1861/1861/1861 1859/1859/1859
f 1865/1865/1865 1864/1864/1864 1863/1863/1863
f 1866/1866/1866 1865/1865/1865 1863/1863/1863
f 1869/1869/1869 1868/1868/1868 1867/1867/1867
f 1870/1870/1870 1869/1869/1869 1867/1867/1867
f 1873/1873/1873 1872/1872/1872 1871/1871/1871
f 1874/1874/1874 1873/1873/1873 1871/1871/1871
f 1877/1877/1877 1876/1876/1876 1875/1875/1875
f 1878/1878/1878 1877/1877/1877 1875/1875/1875
f 1881/1881/1881 1880/1880/1880 1879/1879/1879
f 1882/1882/1882 1881/1881/1881 1879/1879/1879
f 1885/1885/1885 1884/1884/1884 1883/1883/1883
f 1886/1886/1886 1885/1885/1885 1883/1883/1883
f 1889/1889/1889 1888/1888/1888 1887/1887/1887
f 1890/1890/1890 1889/1889/1889 1887/1887/1887
f 1893/1893/1893 1892/1892/1892 1891/1891/1891
f 1894/1894/1894 1893/1893/1893 1891/1891/1891
f 1897/1897/1897 1896/1896/1896 1895/1895/1895
f 1898/1898/1898 1897/1897/1897 1895/1895/1895
f 1901/1901/1901 1900/1900/1900 1899/1899/1899
f 1902/1902/1902 1901/1901/1901 1899/1899/1899
f 1905/1905/1905 1904/1904/1904 1903/1903/1903
f 1906/1906/1906 1905/1905/1905 1903/1903/1903
f 1909/1909/1909 1908/1908/1908 1907/1907/1907
f 1910/1910/1910 1909/1909/1909 1907/1907/1907
f 1913/1913/1913 1912/1912/1912 1911/1911/1911
f 1914/1914/1914 1913/1913/1913 1911/1911/1911
f 1917/1917/1917 1916/1916/1916 1915/1915/1915
f 1918/1918/1918 1917/1917/1917 1915/1915/1915
f 1921/1921/1921 1920/1920/1920 1919/1919/1919
f 1922/1922/1922 1921/1921/1921 1919/1919/1919
f 1925/1925/1925 1924/1924/1924 1923/1923/1923
f 1926/1926/1926 1925/1925/1925 1923/1923/1923
f 1929/1929/1929 1928/1928/1928 1927/1927/1927
f 1930/1930/1930 1929/1929/1929 1927/1927/1927
f 1933/1933/1933 1932/1932/1932 1931/1931/1931
f 1934/1934/1934 1933/1933/1933 1931/1931/1931
f 1937/1937/1937 1936/1936/1936 1935/1935/1935
f 1938/1938/1938 1937/1937/1937 1935/1935/1935
f 1941/1941/1941 1940/1940/1940 1939/1939/1939
f 1942/1942/1942 1941/1941/1941 1939/1939/1939
f 1945/1945/1945 1944/1944/1944 1943/1943/1943
f 1946/1946/1946 1945/1945/1945 1943/1943/1943
f 1949/1949/1949 1948/1948/1948 1947/1947/1947
f 1950/1950/1950 1949/1949/1949 1947/1947/1947
f 1953/1953/1953 1952/1952/1952 1951/1951/1951
f 1954/1954/1954 1953/1953/1953 1951/1951/1951
f 1957/1957/1957 1956/1956/1956 1955/1955/1955
f 1958/1958/1958 1957/1957/1957 1955/1955/1955
f 1961/1961/1961 1960/1960/1960 1959/1959/1959
f 1962/1962/1962 1961/1961/1961 1959/1959/1959
f 1965/1965/1965 1964/1964/1964 1963/1963/1963
f 1966/1966/1966 1965/1965/1965 1963/1963/1963
f 1969/1969/1969 1968/1968/1968 1967/1967/1967
f 1970/1970/1970 1969/1969/1969 1967/1967/1967
f 1973/1973/1973 1972/1972/1972 1971/1971/1971
f 1974/1974/1974 1973/1973/1973 1971/1971/1971
f 1977/1977/1977 1976/1976/1976 1975/1975/1975
f 1978/1978/1978 1977/1977/1977 1975/1975/1975
f 1981/1981/1981 1980/1980/1980 1979/1979/1979
f 1982/1982/1982 1981/1981/1981 1979/1979/1979
f 1985/1985/1985 1984/1984/1984 1983/1983/1983
f 1986/1986/1986 1985/1985/1985 1983/1983/1983
f 1989/1989/1989 1988/1988/1988 1987/1987/1987
f 1990/1990/1990 1989/1989/1989 1987/1987/1987
f 1993/1993/1993 1992/1992/1992 1991/1991/1991
f 1994/1994/1994 1993/1993/1993 1991/1991/1991
f 1997/1997/1997 1996/1996/1996 1995/1995/1995
f 1998/1998/1998 1997/1997/1997 1995/1995/1995
f 2001/2001/2001 2000/2000/2000 1999/1999/1999
f 2002/2002/2002 2001/2001/2001 1999/1999/1999
f 2005/2005/2005 2004/2004/2004 2003/2003/2003
f 2006/2006/2006 2005/2005/2005 2003/2003/2003
f 2009/2009/2009 2008/2008/2008 2007/2007/2007
f 2010/2010/2010 2009/2009/2009 2007/2007/2007
f 2013/2013/2013 2012/2012/2012 2011/2011/2011
f 2014/2014/2014 2013/2013/2013 2011/2011/2011
f 2017/2017/2017 2016/2016/2016 2015/2015/2015
f 2018/2018/2018 2017/2017/2017 2015/2015/2015
f 2021/2021/2021 2020/2020/2020 2019/2019/2019
f 2022/2022/2022 2021/2021/2021 2019/2019/2019
f 2025/2025/2025 2024/2024/2024 2023/2023/2023
f 2026/2026/2026 2025/2025/2025 2023/2023/2023
f 2029/2029/2029 2028/2028/2028 2027/2027/2027
f 2030/2030/2030 2029/2029/2029 2027/2027/2027
f 2033/2033/2033 2032/2032/2032 2031/2031/2031
f 2034/2034/2034 2033/2033/2033 2031/2031/2031
f 2037/2037/2037 2036/2036/2036 2035/2035/2035
f 2038/2038/2038 2037/2037/2037 2035/2035/2035
f 2041/2041/2041 2040/2040/2040 2039/2039/2039
f 2042/2042/2042 2041/2041/2041 2039/2039/2039
f 2045/2045/2045 2044/2044/2044 2043/2043/2043
f 2046/2046/2046 2045/2045/2045 2043/2043/2043
f 2049/2049/2049 2048/2048/2048 2047/2047/2047
f 2050/2050/2050 2049/2049/2049 2047/2047/2047
f 2053/2053/2053 2052/2052/2052 2051/2051/2051
f 2054/2054/2054 2053/2053/2053 2051/2051/2051
f 2057/2057/2057 2056/2056/2056 2055/2055/2055
f 2058/2058/2058 2057/2057/2057 2055/2055/2055
f 2061/2061/2061 2060/2060/2060 2059/2059/2059
f 2062/2062/2062 2061/2061/2061 2059/2059/2059
f 2065/2065/2065 2064/2064/2064 2063/2063/2063
f 2066/2066/2066 2065/2065/2065 2063/2063/2063
f 2069/2069/2069 2068/2068/2068 2067/2067/2067
f 2070/2070/2070 2069/2069/2069 2067/2067/2067
f 2073/2073/2073 2072/2072/2072 2071/2071/2071
f 2074/2074/2074 2073/2073/2073 2071/2071/2071
f 2077/2077/2077 2076/2076/2076 2075/2075/2075
f 2078/2078/2078 2077/2077/2077 2075/2075/2075
f 2081/2081/2081 2080/2080/2080 2079/2079/2079
f 2082/2082/2082 2081/2081/2081 2079/2079/2079
f 2085/2085/2085 2084/2084/2084 2083/2083/2083
f 2086/2086/2086 2085/2085/2085 2083/2083/2083
f 2089/2089/2089 2088/2088/2088 2087/2087/2087
f 2090/2090/2090 2089/2089/2089 2087/2087/2087
f 2093/2093/2093 2092/2092/2092 2091/2091/2091
f 2094/2094/2094 2093/2093/2093 2091/2091/2091
f 2097/2097/2097 2096/2096/2096 2095/2095/2095
f 2098/2098/2098 2097/2097/2097 2095/2095/2095
f 2101/2101/2101 2100/2100/2100 2099/2099/2099
f 2102/2102/2102 2101/2101/2101 2099/2099/2099
f 2105/2105/2105 2104/2104/2104 2103/2103/2103
f 2106/2106/2106 2105/2105/2105 2103/2103/2103
f 2109/2109/2109 2108/2108/2108 2107/2107/2107
f 2110/2110/2110 2109/2109/2109 2107/2107/2107
f 2113/2113/2113 2112/2112/2112 2111/2111/2111
f 2114/2114/2114 2113/2113/2113 2111/2111/2111
f 2117/2117/2117 2116/2116/2116 2115/2115/2115
f 2118/2118/2118 2117/2117/2117 2115/2115/2115
f 2121/2121/2121 2120/2120/2120 2119/2119/2119
f 2122/2122/2122 2121/2121/2121 2119/2119/2119
f 2125/2125/2125 2124/2124/2124 2123/2123/2123
f 2126/2126/2126 2125/2125/2125 2123/2123/2123
f 2129/2129/2129 2128/2128/2128 2127/2127/2127
f 2130/2130/2130 2129/2129/2129 2127/2127/2127
f 2133/2133/2133 2132/2132/2132 2131/2131/2131
f 2134/2134/2134 2133/2133/2133 2131/2131/2131
f 2137/2137/2137 2136/2136/2136 2135/2135/2135
f 2138/2138/2138 2137/2137/2137 2135/2135/2135
f 2141/2141/2141 2140/2140/2140 2139/2139/2139
f 2142/2142/2142 2141/2141/2141 2139/2139/2139
f 2145/2145/2145 2144/2144/2144 2143/2143/2143
f 2146/2146/2146 2145/2145/2145 2143/2143/2143
f 2149/2149/2149 2148/2148/2148 2147/2147/2147
f 2150/2150/2150 2149/2149/2149 2147/2147/2147
f 2153/2153/2153 2152/2152/2152 2151/2151/2151
f 2154/2154/2154 2153/2153/2153 2151/2151/2151
f 2157/2157/2157 2156/2156/2156 2155/2155/2155
f 2158/2158/2158 2157/2157/2157 2155/2155/2155
f 2161/2161/2161 2160/2160/2160 2159/2159/2159
f 2162/2162/2162 2161/2161/2161 2159/2159/2159
f 2165/2165/2165 2164/2164/2164 2163/2163/2163
f 2166/2166/2166 2165/2165/2165 2163/2163/2163
f 2169/2169/2169 2168/2168/2168 2167/2167/2167
f 2170/2170/2170 2169/2169/2169 2167/2167/2167
f 2173/2173/2173 2172/2172/2172 2171/2171/2171
f 2174/2174/2174 2173/2173/2173 2171/2171/2171
f 2177/2177/2177 2176/2176/2176 2175/2175/2175
f 2178/2178/2178 2177/2177/2177 2175/2175/2175
f 2181/2181/2181 2180/2180/2180 2179/2179/2179
f 2182/2182/2182 2181/2181/2181 2179/2179/2179
f 2185/2185/2185 2184/2184/2184 2183/2183/2183
f 2186/2186/2186 2185/2185/2185 2183/2183/2183
f 2189/2189/2189 2188/2188/2188 2187/2187/2187
f 2190/2190/2190 2189/2189/2189 2187/2187/2187
f 2193/2193/2193 2192/2192/2192 2191/2191/2191
f 2194/2194/2194 2193/2193/2193 2191/2191/2191
f 2197/2197/2197 2196/2196/2196 2195/2195/2195
f 2198/2198/2198 2197/2197/2197 2195/2195/2195
f 2201/2201/2201 2200/2200/2200 2199/2199/2199
f 2202/2202/2202 2201/2201/2201 2199/2199/2199
f 2205/2205/2205 2204/2204/2204 2203/2203/2203
f 2206/2206/2206 2205/2205/2205 2203/2203/2203
f 2209/2209/2209 2208/2208/2208 2207/2207/2207
f 2210/2210/2210 2209/2209/2209 2207/2207/2207
f 2213/2213/2213 2212/2212/2212 2211/2211/2211
f 2214/2214/2214 2213/2213/2213 2211/2211/2211
f 2217/2217/2217 2216/2216/2216 2215/2215/2215
f 2218/2218/2218 2217/2217/2217 2215/2215/2215
f 2221/2221/2221 2220/2220/2220 2219/2219/2219
f 2222/2222/2222 2221/2221/2221 2219/2219/2219
f 2225/2225/2225 2224/2224/2224 2223/2223/2223
f 2226/2226/2226 2225/2225/2225 2223/2223/2223
f 2229/2229/2229 2228/2228/2228 2227/2227/2227
f 2230/2230/2230 2229/2229/2229 2227/2227/2227
f 2233/2233/2233 2232/2232/2232 2231/2231/2231
f 2234/2234/2234 2233/2233/2233 2231/2231/2231
f 2237/2237/2237 2236/2236/2236 2235/2235/2235
f 2238/2238/2238 2237/2237/2237 2235/2235/2235
f 2241/2241/2241 2240/2240/2240 2239/2239/2239
f 2242/2242/2242 2241/2241/2241 2239/2239/2239
f 2245/2245/2245 2244/2244/2244 2243/2243/2243
f 2246/2246/2246 2245/2245/2245 2243/2243/2243
f 2249/2249/2249 2248/2248/2248 2247/2247/2247
f 2250/2250/2250 2249/2249/2249 2247/2247/2247
f 2253/2253/2253 2252/2252/2252 2251/2251/2251
f 2254/2254/2254 2253/2253/2253 2251/2251/2251
f 2257/2257/2257 2256/2256/2256 2255/2255/2255
f 2258/2258/2258 2257/2257/2257 2255/2255/2255
f 2261/2261/2261 2260/2260/2260 2259/2259/2259
f 2262/2262/2262 2261/2261/2261 2259/2259/2259
f 2265/2265/2265 2264/2264/2264 2263/2263/2263
f 2266/2266/2266 2265/2265/2265 2263/2263/2263
f 2269/2269/2269 2268/2268/2268 2267/2267/2267
f 2270/2270/2270 2269/2269/2269 2267/2267/2267
f 2273/2273/2273 2272/2272/2272 2271/2271/2271
f 2274/2274/2274 2273/2273/2273 2271/2271/2271
f 2277/2277/2277 2276/2276/2276 2275/2275/2275
f 2278/2278/2278 2277/2277/2277 2275/2275/2275
f 2281/2281/2281 2280/2280/2280 2279/2279/2279
f 2282/2282/2282 2281/2281/2281 2279/2279/2279
f 2285/2285/2285 2284/2284/2284 2283/2283/2283
f 2286/2286/2286 2285/2285/2285 2283/2283/2283
f 2289/2289/2289 2288/2288/2288 2287/2287/2287
f 2290/2290/2290 2289/2289/2289 2287/2287/2287
f 2293/2293/2293 2292/2292/2292 2291/2291/2291
f 2294/2294/2294 2293/2293/2293 2291/2291/2291
f 2297/2297/2297 2296/2296/2296 2295/2295/2295
f 2298/2298/2298 2297/2297/2297 2295/2295/2295
f 2301/2301/2301 2300/2300/2300 2299/2299/2299
f 2302/2302/2302 2301/2301/2301 2299/2299/2299
f 2305/2305/2305 2304/2304/2304 2303/2303/2303
f 2306/2306/2306 2305/2305/2305 2303/2303/2303
f 2309/2309/2309 2308/2308/2308 2307/2307/2307
f 2310/2310/2310 2309/2309/2309 2307/2307/2307
f 2313/2313/2313 2312/2312/2312 2311/2311/2311
f 2314/2314/2314 2313/2313/2313 2311/2311/2311
f 2317/2317/2317 2316/2316/2316 2315/2315/2315
f 2318/2318/2318 2317/2317/2317 2315/2315/2315
f 2321/2321/2321 2320/2320/2320 2319/2319/2319
f 2322/2322/2322 2321/2321/2321 2319/2319/2319
f 2325/2325/2325 2324/2324/2324 2323/2323/2323
f 2326/2326/2326 2325/2325/2325 2323/2323/2323
f 2329/2329/2329 2328/2328/2328 2327/2327/2327
f 2330/2330/2330 2329/2329/2329 2327/2327/2327
f 2333/2333/2333 2332/2332/2332 2331/2331/2331
f 2334/2334/2334 2333/2333/2333 2331/2331/2331
f 2337/2337/2337 2336/2336/2336 2335/2335/2335
f 2338/2338/2338 2337/2337/2337 2335/2335/2335
f 2341/2341/2341 2340/2340/2340 2339/2339/2339
f 2342/2342/2342 2341/2341/2341 2339/2339/2339
f 2345/2345/2345 2344/2344/2344 2343/2343/2343
f 2346/2346/2346 2345/2345/2345 2343/2343/2343
f 2349/2349/2349 2348/2348/2348 2347/2347/2347
f 2350/2350/2350 2349/2349/2349 2347/2347/2347
f 2353/2353/2353 2352/2352/2352 2351/2351/2351
f 2354/2354/2354 2353/2353/2353 2351/2351/2351
f 2357/2357/2357 2356/2356/2356 2355/2355/2355
f 2358/2358/2358 2357/2357/2357 2355/2355/2355
f 2361/2361/2361 2360/2360/2360 2359/2359/2359
f 2362/2362/2362 2361/2361/2361 2359/2359/2359
f 2365/2365/2365 2364/2364/2364 2363/2363/2363
f 2366/2366/2366 2365/2365/2365 2363/2363/2363
f 2369/2369/2369 2368/2368/2368 2367/2367/2367
f 2370/2370/2370 2369/2369/2369 2367/2367/2367
f 2373/2373/2373 2372/2372/2372 2371/2371/2371
f 2374/2374/2374 2373/2373/2373 2371/2371/2371
f 2377/2377/2377 2376/2376/2376 2375/2375/2375
f 2378/2378/2378 2377/2377/2377 2375/2375/2375
f 2381/2381/2381 2380/2380/2380 2379/2379/2379
f 2382/2382/2382 2381/2381/2381 2379/2379/2379
f 2385/2385/2385 2384/2384/2384 2383/2383/2383
f 2386/2386/2386 2385/2385/2385 2383/2383/2383
f 2389/2389/2389 2388/2388/2388 2387/2387/2387
f 2390/2390/2390 2389/2389/2389 2387/2387/2387
f 2393/2393/2393 2392/2392/2392 2391/2391/2391
f 2394/2394/2394 2393/2393/2393 2391/2391/2391
f 2397/2397/2397 2396/2396/2396 2395/2395/2395
f 2398/2398/2398 2397/2397/2397 2395/2395/2395
f 2401/2401/2401 2400/2400/2400 2399/2399/2399
f 2402/2402/2402 2401/2401/2401 2399/2399/2399
f 2405/2405/2405 2404/2404/2404 2403/2403/2403
f 2406/2406/2406 2405/2405/2405 2403/2403/2403
f 2409/2409/2409 2408/2408/2408 2407/2407/2407
f 2410/2410/2410 2409/2409/2409 2407/2407/2407
f 2413/2413/2413 2412/2412/2412 2411/2411/2411
f 2414/2414/2414 2413/2413/2413 2411/2411/2411
f 2417/2417/2417 2416/2416/2416 2415/2415/2415
f 2418/2418/2418 2417/2417/2417 2415/2415/2415
f 2421/2421/2421 2420/2420/2420 2419/2419/2419
f 2422/2422/2422 2421/2421/2421 2419/2419/2419
f 2425/2425/2425 2424/2424/2424 2423/2423/2423
f 2426/2426/2426 2425/2425/2425 2423/2423/2423
f 2429/2429/2429 2428/2428/2428 2427/2427/2427
f 2430/2430/2430 2429/2429/2429 2427/2427/2427
f 2433/2433/2433 2432/2432/2432 2431/2431/2431
f 2434/2434/2434 2433/2433/2433 2431/2431/2431
f 2437/2437/2437 2436/2436/2436 2435/2435/2435
f 2438/2438/2438 2437/2437/2437 2435/2435/2435
f 2441/2441/2441 2440/2440/2440 2439/2439/2439
f 2442/2442/2442 2441/2441/2441 2439/2439/2439
f 2445/2445/2445 2444/2444/2444 2443/2443/2443
f 2446/2446/2446 2445/2445/2445 2443/2443/2443
f 2449/2449/2449 2448/2448/2448 2447/2447/2447
f 2450/2450/2450 2449/2449/2449 2447/2447/2447
f 2453/2453/2453 2452/2452/2452 2451/2451/2451
f 2454/2454/2454 2453/2453/2453 2451/2451/2451
f 2457/2457/2457 2456/2456/2456 2455/2455/2455
f 2458/2458/2458 2457/2457/2457 2455/2455/2455
f 2461/2461/2461 2460/2460/2460 2459/2459/2459
f 2462/2462/2462 2461/2461/2461 2459/2459/2459
f 2465/2465/2465 2464/2464/2464 2463/2463/2463
f 2466/2466/2466 2465/2465/2465 2463/2463/2463
f 2469/2469/2469 2468/2468/2468 2467/2467/2467
f 2470/2470/2470 2469/2469/2469 2467/2467/2467
f 2473/2473/2473 2472/2472/2472 2471/2471/2471
f 2474/2474/2474 2473/2473/2473 2471/2471/2471
f 2477/2477/2477 2476/2476/2476 2475/2475/2475
f 2478/2478/2478 2477/2477/2477 2475/2475/2475
f 2481/2481/2481 2480/2480/2480 2479/2479/2479
f 2482/2482/2482 2481/2481/2481 2479/2479/2479
f 2485/2485/2485 2484/2484/2484 2483/2483/2483
f 2486/2486/2486 2485/2485/2485 2483/2483/2483
f 2489/2489/2489 2488/2488/2488 2487/2487/2487
f 2490/2490/2490 2489/2489/2489 2487/2487/2487
f 2493/2493/2493 2492/2492/2492 2491/2491/2491
f 2494/2494/2494 2493/2493/2493 2491/2491/2491
f 2497/2497/2497 2496/2496/2496 2495/2495/2495
f 2498/2498/2498 2497/2497/2497 2495/2495/2495
f 2501/2501/2501 2500/2500/2500 2499/2499/2499
f 2502/2502/2502 2501/2501/2501 2499/2499/2499
f 2505/2505/2505 2504/2504/2504 2503/2503/2503
f 2506/2506/2506 2505/2505/2505 2503/2503/2503
f 2509/2509/2509 2508/2508/2508 2507/2507/2507
f 2510/2510/2510 2509/2509/2509 2507/2507/2507
f 2513/2513/2513 2512/2512/2512 2511/2511/2511
f 2514/2514/2514 2513/2513/2513 2511/2511/2511
f 2517/2517/2517 2516/2516/2516 2515/2515/2515
f 2518/2518/2518 2517/2517/2517 2515/2515/2515
f 2521/2521/2521 2520/2520/2520 2519/2519/2519
f 2522/2522/2522 2521/2521/2521 2519/2519/2519
f 2525/2525/2525 2524/2524/2524 2523/2523/2523
f 2526/2526/2526 2525/2525/2525 2523/2523/2523
f 2529/2529/2529 2528/2528/2528 2527/2527/2527
f 2530/2530/2530 2529/2529/2529 2527/2527/2527
f 2533/2533/2533 2532/2532/2532 2531/2531/2531
f 2534/2534/2534 2533/2533/2533 2531/2531/2531
f 2537/2537/2537 2536/2536/2536 2535/2535/2535
f 2538/2538/2538 2537/2537/2537 2535/2535/2535
f 2541/2541/2541 2540/2540/2540 2539/2539/2539
f 2542/2542/2542 2541/2541/2541 2539/2539/2539
f 2545/2545/2545 2544/2544/2544 2543/2543/2543
f 2546/2546/2546 2545/2545/2545 2543/2543/2543
f 2549/2549/2549 2548/2548/2548 2547/2547/2547
f 2550/2550/2550 2549/2549/2549 2547/2547/2547
f 2553/2553/2553 2552/2552/2552 2551/2551/2551
f 2554/2554/2554 2553/2553/2553 2551/2551/2551
f 2557/2557/2557 2556/2556/2556 2555/2555/2555
f 2558/2558/2558 2557/2557/2557 2555/2555/2555
f 2561/2561/2561 2560/2560/2560 2559/2559/2559
f 2562/2562/2562 2561/2561/2561 2559/2559/2559
f 2565/2565/2565 2564/2564/2564 2563/2563/2563
f 2566/2566/2566 2565/2565/2565 2563/2563/2563
f 2569/2569/2569 2568/2568/2568 2567/2567/2567
f 2570/2570/2570 2569/2569/2569 2567/2567/2567
f 2573/2573/2573 2572/2572/2572 2571/2571/2571
f 2574/2574/2574 2573/2573/2573 2571/2571/2571
f 2577/2577/2577 2576/2576/2576 2575/2575/2575
f 2578/2578/2578 2577/2577/2577 2575/2575/2575
f 2581/2581/2581 2580/2580/2580 2579/2579/2579
f 2582/2582/2582 2581/2581/2581 2579/2579/2579
f 2585/2585/2585 2584/2584/2584 2583/2583/2583
f 2586/2586/2586 2585/2585/2585 2583/2583/2583
f 2589/2589/2589 2588/2588/2588 2587/2587/2587
f 2590/2590/2590 2589/2589/2589 2587/2587/2587
f 2593/2593/2593 2592/2592/2592 2591/2591/2591
f 2594/2594/2594 2593/2593/2593 2591/2591/2591
f 2597/2597/2597 2596/2596/2596 2595/2595/2595
f 2598/2598/2598 2597/2597/2597 2595/2595/2595
f 2601/2601/2601 2600/2600/2600 2599/2599/2599
f 2602/2602/2602 2601/2601/2601 2599/2599/2599
f 2605/2605/2605 2604/2604/2604 2603/2603/2603
f 2606/2606/2606 2605/2605/2605 2603/2603/2603
f 2609/2609/2609 2608/2608/2608 2607/2607/2607
f 2610/2610/2610 2609/2609/2609 2607/2607/2607
f 2613/2613/2613 2612/2612/2612 2611/2611/2611
f 2614/2614/2614 2613/2613/2613 2611/2611/2611
f 2617/2617/2617 2616/2616/2616 2615/2615/2615
f 2618/2618/2618 2617/2617/2617 2615/2615/2615
f 2621/2621/2621 2620/2620/2620 2619/2619/2619
f 2622/2622/2622 2621/2621/2621 2619/2619/2619
f 2625/2625/2625 2624/2624/2624 2623/2623/2623
f 2626/2626/2626 2625/2625/2625 2623/2623/2623
f 2629/2629/2629 2628/2628/2628 2627/2627/2627
f 2630/2630/2630 2629/2629/2629 2627/2627/2627
f 2633/2633/2633 2632/2632/2632 2631/2631/2631
f 2634/2634/2634 2633/2633/2633 2631/2631/2631
f 2637/2637/2637 2636/2636/2636 2635/2635/2635
f 2638/2638/2638 2637/2637/2637 2635/2635/2635
f 2641/2641/2641 2640/2640/2640 2639/2639/2639
f 2642/2642/2642 2641/2641/2641 2639/2639/2639
f 2645/2645/2645 2644/2644/2644 2643/2643/2643
f 2646/2646/2646 2645/2645/2645 2643/2643/2643
f 2649/2649/2649 2648/2648/2648 2647/2647/2647
f 2650/2650/2650 2649/2649/2649 2647/2647/2647
f 2653/2653/2653 2652/2652/2652 2651/2651/2651
f 2654/2654/2654 2653/2653/2653 2651/2651/2651
f 2657/2657/2657 2656/2656/2656 2655/2655/2655
f 2658/2658/2658 2657/2657/2657 2655/2655/2655
f 2661/2661/2661 2660/2660/2660 2659/2659/2659
f 2662/2662/2662 2661/2661/2661 2659/2659/2659
f 2665/2665/2665 2664/2664/2664 2663/2663/2663
f 2666/2666/2666 2665/2665/2665 2663/2663/2663
f 2669/2669/2669 2668/2668/2668 2667/2667/2667
f 2670/2670/2670 2669/2669/2669 2667/2667/2667
f 2673/2673/2673 2672/2672/2672 2671/2671/2671
f 2674/2674/2674 2673/2673/2673 2671/2671/2671
f 2677/2677/2677 2676/2676/2676 2675/2675/2675
f 2678/2678/2678 2677/2677/2677 2675/2675/2675
f 2681/2681/2681 2680/2680/2680 2679/2679/2679
f 2682/2682/2682 2681/2681/2681 2679/2679/2679
f 2685/2685/2685 2684/2684/2684 2683/2683/2683
f 2686/2686/2686 2685/2685/2685 2683/2683/2683
f 2689/2689/2689 2688/2688/2688 2687/2687/2687
f 2690/2690/2690 2689/2689/2689 2687/2687/2687
f 2693/2693/2693 2692/2692/2692 2691/2691/2691
f 2694/2694/2694 2693/2693/2693 2691/2691/2691
f 2697/2697/2697 2696/2696/2696 2695/2695/2695
f 2698/2698/2698 2697/2697/2697 2695/2695/2695
f 2701/2701/2701 2700/2700/2700 2699/2699/2699
f 2702/2702/2702 2701/2701/2701 2699/2699/2699
f 2705/2705/2705 2704/2704/2704 2703/2703/2703
f 2706/2706/2706 2705/2705/2705 2703/2703/2703
f 2709/2709/2709 2708/2708/2708 2707/2707/2707
f 2710/2710/2710 2709/2709/2709 2707/2707/2707
f 2713/2713/2713 2712/2712/2712 2711/2711/2711
f 2714/2714/2714 2713/2713/2713 2711/2711/2711
f 2717/2717/2717 2716/2716/2716 2715/2715/2715
f 2718/2718/2718 2717/2717/2717 2715/2715/2715
f 2721/2721/2721 2720/2720/2720 2719/2719/2719
f 2722/2722/2722 2721/2721/2721 2719/2719/2719
f 2725/2725/2725 2724/2724/2724 2723/2723/2723
f 2726/2726/2726 2725/2725/2725 2723/2723/2723
f 2729/2729/2729 2728/2728/2728 2727/2727/2727
f 2730/2730/2730 2729/2729/2729 2727/2727/2727
f 2733/2733/2733 2732/2732/2732 2731/2731/2731
f 2734/2734/2734 2733/2733/2733 2731/2731/2731
f 2737/2737/2737 2736/2736/2736 2735/2735/2735
f 2738/2738/2738 2737/2737/2737 2735/2735/2735
f 2741/2741/2741 2740/2740/2740 2739/2739/2739
f 2742/2742/2742 2741/2741/2741 2739/2739/2739
f 2745/2745/2745 2744/2744/2744 2743/2743/2743
f 2746/2746/2746 2745/2745/2745 2743/2743/2743
f 2749/2749/2749 2748/2748/2748 2747/2747/2747
f 2750/2750/2750 2749/2749/2749 2747/2747/2747
f 2753/2753/2753 2752/2752/2752 2751/2751/2751
f 2754/2754/2754 2753/2753/2753 2751/2751/2751
f 2757/2757/2757 2756/2756/2756 2755/2755/2755
f 2756/2756/2756 2757/2757/2757 2758/2758/2758
f 2758/2758/2758 2759/2759/2759 2756/2756/2756
f 2759/2759/2759 2758/2758/2758 2760/2760/2760
f 2756/2756/2756 2759/2759/2759 2761/2761/2761
f 2761/2761/2761 2759/2759/2759 2762/2762/2762
f 2763/2763/2763 2761/2761/2761 2762/2762/2762
f 2764/2764/2764 2763/2763/2763 2762/2762/2762
f 2765/2765/2765 2764/2764/2764 2762/2762/2762
f 2762/2762/2762 2759/2759/2759 2765/2765/2765
f 2765/2765/2765 2766/2766/2766 2764/2764/2764
f 2759/2759/2759 2767/2767/2767 2765/2765/2765
f 2760/2760/2760 2767/2767/2767 2759/2759/2759
f 2767/2767/2767 2768/2768/2768 2765/2765/2765
f 2769/2769/2769 2768/2768/2768 2767/2767/2767
f 2767/2767/2767 2770/2770/2770 2769/2769/2769
f 2760/2760/2760 2770/2770/2770 2767/2767/2767
f 2771/2771/2771 2769/2769/2769 2770/2770/2770
f 2771/2771/2771 2770/2770/2770 2772/2772/2772
f 2773/2773/2773 2771/2771/2771 2772/2772/2772
f 2772/2772/2772 2770/2770/2770 2774/2774/2774
f 2760/2760/2760 2774/2774/2774 2770/2770/2770
f 2773/2773/2773 2772/2772/2772 2775/2775/2775
f 2775/2775/2775 2772/2772/2772 2774/2774/2774
f 2774/2774/2774 2760/2760/2760 2775/2775/2775
f 2775/2775/2775 2776/2776/2776 2773/2773/2773
f 2775/2775/2775 2777/2777/2777 2776/2776/2776
f 2760/2760/2760 2777/2777/2777 2775/2775/2775
f 2777/2777/2777 2760/2760/2760 2778/2778/2778
f 2758/2758/2758 2778/2778/2778 2760/2760/2760
f 2777/2777/2777 2778/2778/2778 2779/2779/2779
f 2780/2780/2780 2777/2777/2777 2779/2779/2779
f 2779/2779/2779 2778/2778/2778 2781/2781/2781
f 2758/2758/2758 2781/2781/2781 2778/2778/2778
f 2781/2781/2781 2780/2780/2780 2779/2779/2779
f 2781/2781/2781 2758/2758/2758 2782/2782/2782
f 2782/2782/2782 2758/2758/2758 2757/2757/2757
f 2780/2780/2780 2781/2781/2781 2783/2783/2783
f 2784/2784/2784 2780/2780/2780 2783/2783/2783
f 2785/2785/2785 2784/2784/2784 2783/2783/2783
f 2782/2782/2782 2757/2757/2757 2786/2786/2786
f 2787/2787/2787 2786/2786/2786 2757/2757/2757
f 2788/2788/2788 2786/2786/2786 2787/2787/2787
f 2781/2781/2781 2782/2782/2782 2789/2789/2789
f 2789/2789/2789 2783/2783/2783 2781/2781/2781
f 2782/2782/2782 2786/2786/2786 2789/2789/2789
f 2790/2790/2790 2785/2785/2785 2783/2783/2783
f 2788/2788/2788 2785/2785/2785 2790/2790/2790
f 2790/2790/2790 2783/2783/2783 2789/2789/2789
f 2790/2790/2790 2786/2786/2786 2788/2788/2788
f 2790/2790/2790 2789/2789/2789 2786/2786/2786
f 2793/2793/2793 2792/2792/2792 2791/2791/2791
f 2793/2793/2793 2791/2791/2791 2794/2794/2794
f 2793/2793/2793 2794/2794/2794 2795/2795/2795
f 2796/2796/2796 2793/2793/2793 2795/2795/2795
f 2799/2799/2799 2798/2798/2798 2797/2797/2797
f 2798/2798/2798 2799/2799/2799 2800/2800/2800
f 2798/2798/2798 2800/2800/2800 2801/2801/2801
f 2802/2802/2802 2801/2801/2801 2800/2800/2800
f 2801/2801/2801 2802/2802/2802 2803/2803/2803
f 2802/2802/2802 2800/2800/2800 2804/2804/2804
f 2800/2800/2800 2799/2799/2799 2804/2804/2804
f 2802/2802/2802 2804/2804/2804 2805/2805/2805
f 2805/2805/2805 2804/2804/2804 2806/2806/2806
f 2807/2807/2807 2805/2805/2805 2806/2806/2806
f 2799/2799/2799 2808/2808/2808 2804/2804/2804
f 2809/2809/2809 2808/2808/2808 2799/2799/2799
f 2808/2808/2808 2809/2809/2809 2810/2810/2810
f 2813/2813/2813 2812/2812/2812 2811/2811/2811
f 2812/2812/2812 2813/2813/2813 2814/2814/2814
f 2816/2816/2816 2814/2814/2814 2815/2815/2815
f 2816/2816/2816 2815/2815/2815 2817/2817/2817
f 2820/2820/2820 2819/2819/2819 2818/2818/2818
f 2819/2819/2819 2821/2821/2821 2818/2818/2818
f 2822/2822/2822 2821/2821/2821 2819/2819/2819
f 2822/2822/2822 2819/2819/2819 2823/2823/2823
f 2819/2819/2819 2824/2824/2824 2823/2823/2823
f 2823/2823/2823 2824/2824/2824 2825/2825/2825
f 2824/2824/2824 2826/2826/2826 2825/2825/2825
f 2826/2826/2826 2827/2827/2827 2825/2825/2825
f 2827/2827/2827 2828/2828/2828 2825/2825/2825
f 2828/2828/2828 2827/2827/2827 2829/2829/2829
f 2832/2832/2832 2831/2831/2831 2830/2830/2830
f 2830/2830/2830 2831/2831/2831 2833/2833/2833
f 2834/2834/2834 2833/2833/2833 2831/2831/2831
f 2833/2833/2833 2834/2834/2834 2835/2835/2835
f 2836/2836/2836 2835/2835/2835 2834/2834/2834
f 2839/2839/2839 2838/2838/2838 2837/2837/2837
f 2839/2839/2839 2837/2837/2837 2840/2840/2840
f 2837/2837/2837 2841/2841/2841 2840/2840/2840
f 2842/2842/2842 2840/2840/2840 2841/2841/2841
f 2843/2843/2843 2840/2840/2840 2842/2842/2842
f 2843/2843/2843 2844/2844/2844 2840/2840/2840
f 2844/2844/2844 2839/2839/2839 2840/2840/2840
f 2845/2845/2845 2839/2839/2839 2844/2844/2844
f 2845/2845/2845 2846/2846/2846 2839/2839/2839
f 2845/2845/2845 2847/2847/2847 2846/2846/2846
f 2845/2845/2845 2844/2844/2844 2848/2848/2848
f 2849/2849/2849 2848/2848/2848 2844/2844/2844
f 2847/2847/2847 2845/2845/2845 2850/2850/2850
f 2850/2850/2850 2845/2845/2845 2848/2848/2848
f 2851/2851/2851 2850/2850/2850 2848/2848/2848
f 2852/2852/2852 2847/2847/2847 2850/2850/2850
f 2850/2850/2850 2851/2851/2851 2853/2853/2853
f 2854/2854/2854 2853/2853/2853 2851/2851/2851
f 2855/2855/2855 2853/2853/2853 2854/2854/2854
f 2856/2856/2856 2852/2852/2852 2850/2850/2850
f 2856/2856/2856 2850/2850/2850 2853/2853/2853
f 2857/2857/2857 2853/2853/2853 2855/2855/2855
f 2857/2857/2857 2856/2856/2856 2853/2853/2853
f 2857/2857/2857 2858/2858/2858 2856/2856/2856
f 2856/2856/2856 2859/2859/2859 2852/2852/2852
f 2856/2856/2856 2858/2858/2858 2859/2859/2859
f 2860/2860/2860 2852/2852/2852 2859/2859/2859
f 2861/2861/2861 2857/2857/2857 2855/2855/2855
f 2857/2857/2857 2861/2861/2861 2858/2858/2858
f 2861/2861/2861 2862/2862/2862 2858/2858/2858
f 2855/2855/2855 2863/2863/2863 2861/2861/2861
f 2861/2861/2861 2863/2863/2863 2864/2864/2864
f 2864/2864/2864 2865/2865/2865 2861/2861/2861
f 2862/2862/2862 2861/2861/2861 2865/2865/2865
f 2866/2866/2866 2865/2865/2865 2864/2864/2864
f 2866/2866/2866 2867/2867/2867 2865/2865/2865
f 2868/2868/2868 2867/2867/2867 2866/2866/2866
f 2869/2869/2869 2867/2867/2867 2868/2868/2868
f 2870/2870/2870 2869/2869/2869 2868/2868/2868
f 2867/2867/2867 2871/2871/2871 2865/2865/2865
f 2871/2871/2871 2862/2862/2862 2865/2865/2865
f 2869/2869/2869 2871/2871/2871 2867/2867/2867
f 2872/2872/2872 2869/2869/2869 2870/2870/2870
f 2873/2873/2873 2872/2872/2872 2870/2870/2870
f 2871/2871/2871 2874/2874/2874 2862/2862/2862
f 2871/2871/2871 2869/2869/2869 2874/2874/2874
f 2873/2873/2873 2875/2875/2875 2872/2872/2872
f 2876/2876/2876 2875/2875/2875 2873/2873/2873
f 2876/2876/2876 2873/2873/2873 2877/2877/2877
f 2872/2872/2872 2875/2875/2875 2878/2878/2878
f 2879/2879/2879 2872/2872/2872 2878/2878/2878
f 2869/2869/2869 2872/2872/2872 2879/2879/2879
f 2878/2878/2878 2880/2880/2880 2879/2879/2879
f 2881/2881/2881 2874/2874/2874 2869/2869/2869
f 2869/2869/2869 2879/2879/2879 2881/2881/2881
f 2879/2879/2879 2880/2880/2880 2882/2882/2882
f 2881/2881/2881 2879/2879/2879 2883/2883/2883
f 2879/2879/2879 2882/2882/2882 2883/2883/2883
f 2884/2884/2884 2882/2882/2882 2880/2880/2880
f 2883/2883/2883 2882/2882/2882 2884/2884/2884
f 2880/2880/2880 2885/2885/2885 2884/2884/2884
f 2874/2874/2874 2881/2881/2881 2886/2886/2886
f 2886/2886/2886 2881/2881/2881 2883/2883/2883
f 2887/2887/2887 2884/2884/2884 2885/2885/2885
f 2888/2888/2888 2887/2887/2887 2885/2885/2885
f 2887/2887/2887 2889/2889/2889 2884/2884/2884
f 2883/2883/2883 2884/2884/2884 2890/2890/2890
f 2889/2889/2889 2890/2890/2890 2884/2884/2884
f 2891/2891/2891 2883/2883/2883 2890/2890/2890
f 2889/2889/2889 2891/2891/2891 2890/2890/2890
f 2891/2891/2891 2886/2886/2886 2883/2883/2883
f 2892/2892/2892 2891/2891/2891 2889/2889/2889
f 2891/2891/2891 2892/2892/2892 2893/2893/2893
f 2886/2886/2886 2891/2891/2891 2893/2893/2893
f 2893/2893/2893 2892/2892/2892 2894/2894/2894
f 2874/2874/2874 2886/2886/2886 2895/2895/2895
f 2895/2895/2895 2886/2886/2886 2893/2893/2893
f 2862/2862/2862 2874/2874/2874 2895/2895/2895
f 2896/2896/2896 2893/2893/2893 2894/2894/2894
f 2897/2897/2897 2896/2896/2896 2894/2894/2894
f 2898/2898/2898 2895/2895/2895 2893/2893/2893
f 2898/2898/2898 2862/2862/2862 2895/2895/2895
f 2896/2896/2896 2898/2898/2898 2893/2893/2893
f 2897/2897/2897 2899/2899/2899 2896/2896/2896
f 2899/2899/2899 2898/2898/2898 2896/2896/2896
f 2900/2900/2900 2899/2899/2899 2897/2897/2897
f 2898/2898/2898 2901/2901/2901 2862/2862/2862
f 2901/2901/2901 2898/2898/2898 2899/2899/2899
f 2862/2862/2862 2901/2901/2901 2858/2858/2858
f 2902/2902/2902 2899/2899/2899 2900/2900/2900
f 2902/2902/2902 2901/2901/2901 2899/2899/2899
f 2902/2902/2902 2900/2900/2900 2903/2903/2903
f 2858/2858/2858 2901/2901/2901 2904/2904/2904
f 2904/2904/2904 2901/2901/2901 2902/2902/2902
f 2903/2903/2903 2905/2905/2905 2902/2902/2902
f 2905/2905/2905 2904/2904/2904 2902/2902/2902
f 2906/2906/2906 2905/2905/2905 2903/2903/2903
f 2904/2904/2904 2907/2907/2907 2858/2858/2858
f 2905/2905/2905 2907/2907/2907 2904/2904/2904
f 2858/2858/2858 2907/2907/2907 2859/2859/2859
f 2908/2908/2908 2907/2907/2907 2905/2905/2905
f 2908/2908/2908 2905/2905/2905 2909/2909/2909
f 2907/2907/2907 2910/2910/2910 2859/2859/2859
f 2910/2910/2910 2907/2907/2907 2908/2908/2908
f 2909/2909/2909 2910/2910/2910 2908/2908/2908
f 2860/2860/2860 2859/2859/2859 2910/2910/2910
f 2911/2911/2911 2860/2860/2860 2910/2910/2910
f 2860/2860/2860 2911/2911/2911 2912/2912/2912
f 2909/2909/2909 2913/2913/2913 2910/2910/2910
f 2911/2911/2911 2910/2910/2910 2913/2913/2913
f 2914/2914/2914 2913/2913/2913 2909/2909/2909
f 2911/2911/2911 2913/2913/2913 2914/2914/2914
f 2915/2915/2915 2911/2911/2911 2914/2914/2914
f 2915/2915/2915 2914/2914/2914 2916/2916/2916
f 2917/2917/2917 2911/2911/2911 2915/2915/2915
f 2918/2918/2918 2917/2917/2917 2915/2915/2915
f 2919/2919/2919 2912/2912/2912 2911/2911/2911
f 2919/2919/2919 2911/2911/2911 2917/2917/2917
f 2912/2912/2912 2919/2919/2919 2920/2920/2920
f 2920/2920/2920 2919/2919/2919 2917/2917/2917
f 2921/2921/2921 2912/2912/2912 2920/2920/2920
f 2920/2920/2920 2922/2922/2922 2921/2921/2921
f 2922/2922/2922 2920/2920/2920 2923/2923/2923
f 2918/2918/2918 2924/2924/2924 2917/2917/2917
f 2920/2920/2920 2917/2917/2917 2924/2924/2924
f 2920/2920/2920 2924/2924/2924 2923/2923/2923
f 2918/2918/2918 2925/2925/2925 2924/2924/2924
f 2923/2923/2923 2924/2924/2924 2926/2926/2926
f 2927/2927/2927 2924/2924/2924 2925/2925/2925
f 2927/2927/2927 2926/2926/2926 2924/2924/2924
f 2928/2928/2928 2926/2926/2926 2927/2927/2927
f 2929/2929/2929 2928/2928/2928 2927/2927/2927
f 2932/2932/2932 2931/2931/2931 2930/2930/2930
f 2933/2933/2933 2930/2930/2930 2931/2931/2931
f 2931/2931/2931 2934/2934/2934 2933/2933/2933
f 2935/2935/2935 2934/2934/2934 2931/2931/2931
f 2938/2938/2938 2937/2937/2937 2936/2936/2936
f 2936/2936/2936 2937/2937/2937 2939/2939/2939
f 2939/2939/2939 2937/2937/2937 2940/2940/2940
f 2939/2939/2939 2941/2941/2941 2936/2936/2936
f 2941/2941/2941 2942/2942/2942 2936/2936/2936
f 2943/2943/2943 2942/2942/2942 2941/2941/2941
f 2942/2942/2942 2944/2944/2944 2936/2936/2936
f 2943/2943/2943 2945/2945/2945 2942/2942/2942
f 2942/2942/2942 2945/2945/2945 2944/2944/2944
f 2936/2936/2936 2944/2944/2944 2946/2946/2946
f 2944/2944/2944 2945/2945/2945 2946/2946/2946
f 2936/2936/2936 2946/2946/2946 2947/2947/2947
f 2946/2946/2946 2948/2948/2948 2947/2947/2947
f 2947/2947/2947 2948/2948/2948 2949/2949/2949
f 2950/2950/2950 2945/2945/2945 2943/2943/2943
f 2943/2943/2943 2951/2951/2951 2950/2950/2950
f 2952/2952/2952 2950/2950/2950 2951/2951/2951
f 2953/2953/2953 2952/2952/2952 2951/2951/2951
f 2954/2954/2954 2946/2946/2946 2945/2945/2945
f 2948/2948/2948 2946/2946/2946 2954/2954/2954
f 2950/2950/2950 2955/2955/2955 2945/2945/2945
f 2954/2954/2954 2945/2945/2945 2955/2955/2955
f 2952/2952/2952 2955/2955/2955 2950/2950/2950
f 2956/2956/2956 2954/2954/2954 2955/2955/2955
f 2956/2956/2956 2948/2948/2948 2954/2954/2954
f 2952/2952/2952 2953/2953/2953 2957/2957/2957
f 2958/2958/2958 2952/2952/2952 2957/2957/2957
f 2959/2959/2959 2957/2957/2957 2953/2953/2953
f 2958/2958/2958 2957/2957/2957 2959/2959/2959
f 2960/2960/2960 2955/2955/2955 2952/2952/2952
f 2960/2960/2960 2956/2956/2956 2955/2955/2955
f 2961/2961/2961 2952/2952/2952 2958/2958/2958
f 2952/2952/2952 2961/2961/2961 2960/2960/2960
f 2956/2956/2956 2962/2962/2962 2948/2948/2948
f 2963/2963/2963 2956/2956/2956 2960/2960/2960
f 2956/2956/2956 2963/2963/2963 2962/2962/2962
f 2948/2948/2948 2962/2962/2962 2964/2964/2964
f 2948/2948/2948 2964/2964/2964 2965/2965/2965
f 2966/2966/2966 2965/2965/2965 2964/2964/2964
f 2965/2965/2965 2966/2966/2966 2967/2967/2967
f 2965/2965/2965 2967/2967/2967 2968/2968/2968
f 2965/2965/2965 2968/2968/2968 2969/2969/2969
f 2962/2962/2962 2970/2970/2970 2964/2964/2964
f 2971/2971/2971 2964/2964/2964 2970/2970/2970
f 2962/2962/2962 2972/2972/2972 2970/2970/2970
f 2962/2962/2962 2963/2963/2963 2972/2972/2972
f 2973/2973/2973 2971/2971/2971 2970/2970/2970
f 2972/2972/2972 2973/2973/2973 2970/2970/2970
f 2974/2974/2974 2971/2971/2971 2973/2973/2973
f 2975/2975/2975 2974/2974/2974 2973/2973/2973
f 2975/2975/2975 2976/2976/2976 2974/2974/2974
f 2972/2972/2972 2977/2977/2977 2973/2973/2973
f 2973/2973/2973 2977/2977/2977 2975/2975/2975
f 2977/2977/2977 2972/2972/2972 2978/2978/2978
f 2978/2978/2978 2972/2972/2972 2963/2963/2963
f 2975/2975/2975 2977/2977/2977 2979/2979/2979
f 2979/2979/2979 2977/2977/2977 2978/2978/2978
f 2980/2980/2980 2976/2976/2976 2975/2975/2975
f 2980/2980/2980 2975/2975/2975 2981/2981/2981
f 2979/2979/2979 2981/2981/2981 2975/2975/2975
f 2980/2980/2980 2982/2982/2982 2976/2976/2976
f 2983/2983/2983 2976/2976/2976 2982/2982/2982
f 2984/2984/2984 2983/2983/2983 2982/2982/2982
f 2985/2985/2985 2981/2981/2981 2979/2979/2979
f 2979/2979/2979 2978/2978/2978 2986/2986/2986
f 2979/2979/2979 2986/2986/2986 2985/2985/2985
f 2978/2978/2978 2963/2963/2963 2987/2987/2987
f 2978/2978/2978 2988/2988/2988 2986/2986/2986
f 2978/2978/2978 2987/2987/2987 2988/2988/2988
f 2987/2987/2987 2963/2963/2963 2989/2989/2989
f 2963/2963/2963 2960/2960/2960 2989/2989/2989
f 2987/2987/2987 2989/2989/2989 2990/2990/2990
f 2990/2990/2990 2989/2989/2989 2960/2960/2960
f 2990/2990/2990 2988/2988/2988 2987/2987/2987
f 2990/2990/2990 2960/2960/2960 2961/2961/2961
f 2990/2990/2990 2961/2961/2961 2991/2991/2991
f 2985/2985/2985 2986/2986/2986 2992/2992/2992
f 2986/2986/2986 2988/2988/2988 2992/2992/2992
f 2993/2993/2993 2988/2988/2988 2990/2990/2990
f 2993/2993/2993 2990/2990/2990 2991/2991/2991
f 2994/2994/2994 2988/2988/2988 2993/2993/2993
f 2994/2994/2994 2992/2992/2992 2988/2988/2988
f 2994/2994/2994 2993/2993/2993 2991/2991/2991
f 2994/2994/2994 2995/2995/2995 2992/2992/2992
f 2995/2995/2995 2994/2994/2994 2991/2991/2991
f 2996/2996/2996 2985/2985/2985 2992/2992/2992
f 2995/2995/2995 2996/2996/2996 2992/2992/2992
f 2997/2997/2997 2985/2985/2985 2996/2996/2996
f 2997/2997/2997 2998/2998/2998 2985/2985/2985
f 2997/2997/2997 2996/2996/2996 2999/2999/2999
f 2999/2999/2999 2996/2996/2996 2995/2995/2995
f 2961/2961/2961 3000/3000/3000 2991/2991/2991
f 2961/2961/2961 2958/2958/2958 3000/3000/3000
f 3001/3001/3001 2997/2997/2997 2999/2999/2999
f 3001/3001/3001 3002/3002/3002 2997/2997/2997
f 3003/3003/3003 3002/3002/3002 3001/3001/3001
f 3003/3003/3003 3001/3001/3001 3004/3004/3004
f 3001/3001/3001 2999/2999/2999 3004/3004/3004
f 3005/3005/3005 3003/3003/3003 3004/3004/3004
f 3005/3005/3005 3004/3004/3004 3006/3006/3006
f 2999/2999/2999 2995/2995/2995 3007/3007/3007
f 2999/2999/2999 3007/3007/3007 3004/3004/3004
f 2995/2995/2995 2991/2991/2991 3008/3008/3008
f 3007/3007/3007 2995/2995/2995 3008/3008/3008
f 3007/3007/3007 3008/3008/3008 3009/3009/3009
f 2991/2991/2991 3000/3000/3000 3010/3010/3010
f 3008/3008/3008 2991/2991/2991 3010/3010/3010
f 3004/3004/3004 3011/3011/3011 3006/3006/3006
f 3004/3004/3004 3007/3007/3007 3011/3011/3011
f 3012/3012/3012 3006/3006/3006 3011/3011/3011
f 3012/3012/3012 3013/3013/3013 3006/3006/3006
f 3014/3014/3014 3013/3013/3013 3012/3012/3012
f 3011/3011/3011 3007/3007/3007 3015/3015/3015
f 3011/3011/3011 3015/3015/3015 3012/3012/3012
f 3015/3015/3015 3007/3007/3007 3009/3009/3009
f 3012/3012/3012 3016/3016/3016 3014/3014/3014
f 3016/3016/3016 3012/3012/3012 3015/3015/3015
f 3016/3016/3016 3015/3015/3015 3009/3009/3009
f 3016/3016/3016 3017/3017/3017 3014/3014/3014
f 3017/3017/3017 3016/3016/3016 3009/3009/3009
f 3010/3010/3010 3000/3000/3000 3018/3018/3018
f 2958/2958/2958 3018/3018/3018 3000/3000/3000
f 3008/3008/3008 3010/3010/3010 3019/3019/3019
f 3008/3008/3008 3019/3019/3019 3009/3009/3009
f 3010/3010/3010 3018/3018/3018 3020/3020/3020
f 3010/3010/3010 3020/3020/3020 3019/3019/3019
f 3018/3018/3018 2958/2958/2958 3021/3021/3021
f 3020/3020/3020 3018/3018/3018 3021/3021/3021
f 3022/3022/3022 3009/3009/3009 3019/3019/3019
f 3020/3020/3020 3022/3022/3022 3019/3019/3019
f 3017/3017/3017 3009/3009/3009 3023/3023/3023
f 3023/3023/3023 3009/3009/3009 3022/3022/3022
f 3022/3022/3022 3020/3020/3020 3024/3024/3024
f 3024/3024/3024 3020/3020/3020 3021/3021/3021
f 3025/3025/3025 3021/3021/3021 2958/2958/2958
f 3025/3025/3025 2958/2958/2958 2959/2959/2959
f 2959/2959/2959 3026/3026/3026 3025/3025/3025
f 3027/3027/3027 3026/3026/3026 2959/2959/2959
f 3021/3021/3021 3025/3025/3025 3028/3028/3028
f 3028/3028/3028 3024/3024/3024 3021/3021/3021
f 3028/3028/3028 3025/3025/3025 3029/3029/3029
f 3029/3029/3029 3025/3025/3025 3030/3030/3030
f 3031/3031/3031 3029/3029/3029 3030/3030/3030
f 3032/3032/3032 3028/3028/3028 3029/3029/3029
f 3029/3029/3029 3031/3031/3031 3032/3032/3032
f 3028/3028/3028 3032/3032/3032 3024/3024/3024
f 3033/3033/3033 3032/3032/3032 3031/3031/3031
f 3032/3032/3032 3033/3033/3033 3034/3034/3034
f 3035/3035/3035 3022/3022/3022 3024/3024/3024
f 3023/3023/3023 3022/3022/3022 3035/3035/3035
f 3036/3036/3036 3024/3024/3024 3032/3032/3032
f 3036/3036/3036 3032/3032/3032 3034/3034/3034
f 3036/3036/3036 3035/3035/3035 3024/3024/3024
f 3037/3037/3037 3036/3036/3036 3034/3034/3034
f 3037/3037/3037 3035/3035/3035 3036/3036/3036
f 3034/3034/3034 3038/3038/3038 3037/3037/3037
f 3035/3035/3035 3037/3037/3037 3039/3039/3039
f 3023/3023/3023 3035/3035/3035 3039/3039/3039
f 3040/3040/3040 3037/3037/3037 3038/3038/3038
f 3040/3040/3040 3039/3039/3039 3037/3037/3037
f 3040/3040/3040 3038/3038/3038 3041/3041/3041
f 3040/3040/3040 3041/3041/3041 3042/3042/3042
f 3043/3043/3043 3040/3040/3040 3042/3042/3042
f 3043/3043/3043 3039/3039/3039 3040/3040/3040
f 3039/3039/3039 3043/3043/3043 3044/3044/3044
f 3039/3039/3039 3044/3044/3044 3023/3023/3023
f 3044/3044/3044 3045/3045/3045 3023/3023/3023
f 3023/3023/3023 3045/3045/3045 3017/3017/3017
f 3046/3046/3046 3017/3017/3017 3045/3045/3045
f 3046/3046/3046 3045/3045/3045 3044/3044/3044
f 3046/3046/3046 3044/3044/3044 3047/3047/3047
f 3047/3047/3047 3048/3048/3048 3046/3046/3046
f 3051/3051/3051 3050/3050/3050 3049/3049/3049
f 3052/3052/3052 3050/3050/3050 3051/3051/3051
f 3050/3050/3050 3052/3052/3052 3053/3053/3053
f 3054/3054/3054 3053/3053/3053 3052/3052/3052
f 3052/3052/3052 3055/3055/3055 3054/3054/3054
f 3056/3056/3056 3055/3055/3055 3052/3052/3052
f 3050/3050/3050 3053/3053/3053 3057/3057/3057
f 3057/3057/3057 3058/3058/3058 3050/3050/3050
f 3059/3059/3059 3050/3050/3050 3058/3058/3058
f 3058/3058/3058 3060/3060/3060 3059/3059/3059
f 3063/3063/3063 3062/3062/3062 3061/3061/3061
f 3064/3064/3064 3062/3062/3062 3063/3063/3063
f 3064/3064/3064 3065/3065/3065 3062/3062/3062
f 3065/3065/3065 3066/3066/3066 3062/3062/3062
f 3067/3067/3067 3064/3064/3064 3063/3063/3063
f 3064/3064/3064 3067/3067/3067 3068/3068/3068
f 3067/3067/3067 3063/3063/3063 3069/3069/3069
f 3070/3070/3070 3069/3069/3069 3063/3063/3063
f 3070/3070/3070 3071/3071/3071 3069/3069/3069
f 3072/3072/3072 3071/3071/3071 3070/3070/3070
f 3072/3072/3072 3070/3070/3070 3073/3073/3073
f 3072/3072/3072 3073/3073/3073 3074/3074/3074
f 3075/3075/3075 3072/3072/3072 3074/3074/3074
f 3075/3075/3075 3074/3074/3074 3076/3076/3076
f 3072/3072/3072 3075/3075/3075 3077/3077/3077
f 3075/3075/3075 3076/3076/3076 3077/3077/3077
f 3077/3077/3077 3071/3071/3071 3072/3072/3072
f 3077/3077/3077 3076/3076/3076 3078/3078/3078
f 3071/3071/3071 3077/3077/3077 3079/3079/3079
f 3079/3079/3079 3080/3080/3080 3071/3071/3071
f 3077/3077/3077 3078/3078/3078 3081/3081/3081
f 3081/3081/3081 3079/3079/3079 3077/3077/3077
f 3081/3081/3081 3080/3080/3080 3079/3079/3079
f 3081/3081/3081 3078/3078/3078 3082/3082/3082
f 3081/3081/3081 3083/3083/3083 3080/3080/3080
f 3082/3082/3082 3083/3083/3083 3081/3081/3081
f 3084/3084/3084 3083/3083/3083 3082/3082/3082
f 3085/3085/3085 3083/3083/3083 3084/3084/3084
f 3086/3086/3086 3083/3083/3083 3085/3085/3085
f 3086/3086/3086 3085/3085/3085 3087/3087/3087
f 3086/3086/3086 3087/3087/3087 3088/3088/3088
f 3089/3089/3089 3088/3088/3088 3087/3087/3087
f 3089/3089/3089 3087/3087/3087 3090/3090/3090
f 3091/3091/3091 3089/3089/3089 3090/3090/3090
f 3091/3091/3091 3092/3092/3092 3089/3089/3089
f 3095/3095/3095 3094/3094/3094 3093/3093/3093
f 3096/3096/3096 3095/3095/3095 3093/3093/3093
f 3096/3096/3096 3093/3093/3093 3097/3097/3097
f 3096/3096/3096 3097/3097/3097 3098/3098/3098
f 3095/3095/3095 3096/3096/3096 3099/3099/3099
f 3096/3096/3096 3098/3098/3098 3100/3100/3100
f 3100/3100/3100 3099/3099/3099 3096/3096/3096
f 3100/3100/3100 3101/3101/3101 3099/3099/3099
f 3102/3102/3102 3099/3099/3099 3101/3101/3101
f 3103/3103/3103 3101/3101/3101 3100/3100/3100
f 3104/3104/3104 3103/3103/3103 3100/3100/3100
f 3104/3104/3104 3100/3100/3100 3105/3105/3105
f 3106/3106/3106 3105/3105/3105 3100/3100/3100
f 3105/3105/3105 3106/3106/3106 3107/3107/3107
f 3107/3107/3107 3108/3108/3108 3105/3105/3105
f 3109/3109/3109 3105/3105/3105 3108/3108/3108
f 3101/3101/3101 3110/3110/3110 3102/3102/3102
f 3102/3102/3102 3110/3110/3110 3111/3111/3111
f 3110/3110/3110 3101/3101/3101 3112/3112/3112
f 3112/3112/3112 3101/3101/3101 3103/3103/3103
f 3113/3113/3113 3110/3110/3110 3112/3112/3112
f 3110/3110/3110 3113/3113/3113 3114/3114/3114
f 3115/3115/3115 3114/3114/3114 3113/3113/3113
f 3112/3112/3112 3103/3103/3103 3116/3116/3116
f 3112/3112/3112 3116/3116/3116 3113/3113/3113
f 3115/3115/3115 3113/3113/3113 3117/3117/3117
f 3117/3117/3117 3118/3118/3118 3115/3115/3115
f 3119/3119/3119 3118/3118/3118 3117/3117/3117
f 3113/3113/3113 3120/3120/3120 3117/3117/3117
f 3120/3120/3120 3113/3113/3113 3116/3116/3116
f 3120/3120/3120 3119/3119/3119 3117/3117/3117
f 3121/3121/3121 3116/3116/3116 3103/3103/3103
f 3116/3116/3116 3121/3121/3121 3120/3120/3120
f 3121/3121/3121 3122/3122/3122 3120/3120/3120
f 3121/3121/3121 3103/3103/3103 3122/3122/3122
f 3120/3120/3120 3123/3123/3123 3119/3119/3119
f 3123/3123/3123 3120/3120/3120 3122/3122/3122
f 3119/3119/3119 3123/3123/3123 3124/3124/3124
f 3124/3124/3124 3123/3123/3123 3125/3125/3125
f 3124/3124/3124 3125/3125/3125 3126/3126/3126
f 3126/3126/3126 3127/3127/3127 3124/3124/3124
f 3128/3128/3128 3125/3125/3125 3123/3123/3123
f 3128/3128/3128 3123/3123/3123 3122/3122/3122
f 3128/3128/3128 3122/3122/3122 3129/3129/3129
f 3103/3103/3103 3130/3130/3130 3122/3122/3122
f 3103/3103/3103 3131/3131/3131 3130/3130/3130
f 3131/3131/3131 3103/3103/3103 3104/3104/3104
f 3131/3131/3131 3104/3104/3104 3132/3132/3132
f 3132/3132/3132 3104/3104/3104 3105/3105/3105
f 3132/3132/3132 3105/3105/3105 3133/3133/3133
f 3133/3133/3133 3105/3105/3105 3109/3109/3109
f 3109/3109/3109 3134/3134/3134 3133/3133/3133
f 3134/3134/3134 3135/3135/3135 3133/3133/3133
f 3132/3132/3132 3133/3133/3133 3135/3135/3135
f 3136/3136/3136 3131/3131/3131 3132/3132/3132
f 3136/3136/3136 3132/3132/3132 3135/3135/3135
f 3130/3130/3130 3131/3131/3131 3137/3137/3137
f 3137/3137/3137 3131/3131/3131 3136/3136/3136
f 3122/3122/3122 3130/3130/3130 3138/3138/3138
f 3138/3138/3138 3130/3130/3130 3137/3137/3137
f 3129/3129/3129 3122/3122/3122 3139/3139/3139
f 3122/3122/3122 3138/3138/3138 3139/3139/3139
f 3135/3135/3135 3140/3140/3140 3136/3136/3136
f 3137/3137/3137 3136/3136/3136 3140/3140/3140
f 3137/3137/3137 3141/3141/3141 3138/3138/3138
f 3141/3141/3141 3137/3137/3137 3140/3140/3140
f 3142/3142/3142 3138/3138/3138 3141/3141/3141
f 3138/3138/3138 3142/3142/3142 3139/3139/3139
f 3139/3139/3139 3143/3143/3143 3129/3129/3129
f 3129/3129/3129 3143/3143/3143 3144/3144/3144
f 3145/3145/3145 3144/3144/3144 3143/3143/3143
f 3142/3142/3142 3141/3141/3141 3146/3146/3146
f 3146/3146/3146 3141/3141/3141 3140/3140/3140
f 3142/3142/3142 3147/3147/3147 3139/3139/3139
f 3146/3146/3146 3147/3147/3147 3142/3142/3142
f 3147/3147/3147 3143/3143/3143 3139/3139/3139
f 3140/3140/3140 3135/3135/3135 3148/3148/3148
f 3134/3134/3134 3148/3148/3148 3135/3135/3135
f 3146/3146/3146 3140/3140/3140 3149/3149/3149
f 3146/3146/3146 3149/3149/3149 3147/3147/3147
f 3140/3140/3140 3148/3148/3148 3149/3149/3149
f 3150/3150/3150 3147/3147/3147 3149/3149/3149
f 3148/3148/3148 3150/3150/3150 3149/3149/3149
f 3151/3151/3151 3143/3143/3143 3147/3147/3147
f 3151/3151/3151 3147/3147/3147 3150/3150/3150
f 3145/3145/3145 3143/3143/3143 3152/3152/3152
f 3143/3143/3143 3151/3151/3151 3152/3152/3152
f 3153/3153/3153 3151/3151/3151 3150/3150/3150
f 3152/3152/3152 3151/3151/3151 3153/3153/3153
f 3153/3153/3153 3154/3154/3154 3152/3152/3152
f 3150/3150/3150 3148/3148/3148 3155/3155/3155
f 3155/3155/3155 3148/3148/3148 3134/3134/3134
f 3150/3150/3150 3155/3155/3155 3156/3156/3156
f 3156/3156/3156 3155/3155/3155 3134/3134/3134
f 3145/3145/3145 3152/3152/3152 3157/3157/3157
f 3158/3158/3158 3157/3157/3157 3152/3152/3152
f 3159/3159/3159 3157/3157/3157 3158/3158/3158
f 3157/3157/3157 3160/3160/3160 3145/3145/3145
f 3157/3157/3157 3159/3159/3159 3161/3161/3161
f 3161/3161/3161 3160/3160/3160 3157/3157/3157
f 3161/3161/3161 3162/3162/3162 3160/3160/3160
f 3163/3163/3163 3162/3162/3162 3161/3161/3161
f 3163/3163/3163 3164/3164/3164 3162/3162/3162
f 3164/3164/3164 3163/3163/3163 3165/3165/3165
f 3164/3164/3164 3165/3165/3165 3166/3166/3166
f 3165/3165/3165 3167/3167/3167 3166/3166/3166
f 3168/3168/3168 3167/3167/3167 3165/3165/3165
f 3167/3167/3167 3169/3169/3169 3166/3166/3166
f 3169/3169/3169 3167/3167/3167 3168/3168/3168
f 3170/3170/3170 3169/3169/3169 3168/3168/3168
f 3171/3171/3171 3169/3169/3169 3170/3170/3170
f 3172/3172/3172 3171/3171/3171 3170/3170/3170
f 3172/3172/3172 3173/3173/3173 3171/3171/3171
f 3174/3174/3174 3173/3173/3173 3172/3172/3172
f 3171/3171/3171 3175/3175/3175 3169/3169/3169
f 3173/3173/3173 3175/3175/3175 3171/3171/3171
f 3169/3169/3169 3175/3175/3175 3176/3176/3176
f 3176/3176/3176 3175/3175/3175 3173/3173/3173
f 3169/3169/3169 3176/3176/3176 3177/3177/3177
f 3173/3173/3173 3178/3178/3178 3176/3176/3176
f 3178/3178/3178 3173/3173/3173 3174/3174/3174
f 3178/3178/3178 3174/3174/3174 3179/3179/3179
f 3182/3182/3182 3181/3181/3181 3180/3180/3180
f 3181/3181/3181 3183/3183/3183 3180/3180/3180
f 3183/3183/3183 3181/3181/3181 3184/3184/3184
f 3185/3185/3185 3184/3184/3184 3181/3181/3181
f 3186/3186/3186 3183/3183/3183 3184/3184/3184
f 3184/3184/3184 3187/3187/3187 3186/3186/3186
f 3184/3184/3184 3188/3188/3188 3187/3187/3187
f 3189/3189/3189 3183/3183/3183 3186/3186/3186
f 3190/3190/3190 3183/3183/3183 3189/3189/3189
f 3190/3190/3190 3191/3191/3191 3183/3183/3183
f 3191/3191/3191 3180/3180/3180 3183/3183/3183
f 3186/3186/3186 3187/3187/3187 3192/3192/3192
f 3186/3186/3186 3192/3192/3192 3193/3193/3193
f 3192/3192/3192 3187/3187/3187 3194/3194/3194
f 3187/3187/3187 3188/3188/3188 3195/3195/3195
f 3195/3195/3195 3188/3188/3188 3196/3196/3196
f 3188/3188/3188 3197/3197/3197 3196/3196/3196
f 3195/3195/3195 3196/3196/3196 3198/3198/3198
f 3199/3199/3199 3196/3196/3196 3197/3197/3197
f 3196/3196/3196 3200/3200/3200 3198/3198/3198
f 3200/3200/3200 3196/3196/3196 3199/3199/3199
f 3198/3198/3198 3200/3200/3200 3201/3201/3201
f 3202/3202/3202 3200/3200/3200 3199/3199/3199
f 3200/3200/3200 3203/3203/3203 3201/3201/3201
f 3200/3200/3200 3202/3202/3202 3204/3204/3204
f 3200/3200/3200 3204/3204/3204 3203/3203/3203
f 3202/3202/3202 3205/3205/3205 3204/3204/3204
f 3203/3203/3203 3204/3204/3204 3206/3206/3206
f 3204/3204/3204 3205/3205/3205 3207/3207/3207
f 3207/3207/3207 3206/3206/3206 3204/3204/3204
f 3205/3205/3205 3208/3208/3208 3207/3207/3207
f 3207/3207/3207 3209/3209/3209 3206/3206/3206
f 3209/3209/3209 3207/3207/3207 3208/3208/3208
f 3212/3212/3212 3211/3211/3211 3210/3210/3210
f 3212/3212/3212 3210/3210/3210 3213/3213/3213
f 3210/3210/3210 3214/3214/3214 3213/3213/3213
f 3215/3215/3215 3214/3214/3214 3210/3210/3210
f 3217/3217/3217 3215/3215/3215 3216/3216/3216
f 3216/3216/3216 3215/3215/3215 3218/3218/3218
f 3218/3218/3218 3219/3219/3219 3216/3216/3216
f 3218/3218/3218 3221/3221/3221 3220/3220/3220
f 3221/3221/3221 3222/3222/3222 3220/3220/3220
f 3222/3222/3222 3224/3224/3224 3223/3223/3223
f 3222/3222/3222 3225/3225/3225 3224/3224/3224
f 3225/3225/3225 3226/3226/3226 3224/3224/3224
f 3226/3226/3226 3225/3225/3225 3227/3227/3227
f 3212/3212/3212 3229/3229/3229 3228/3228/3228
f 3212/3212/3212 3230/3230/3230 3229/3229/3229
f 3231/3231/3231 3229/3229/3229 3230/3230/3230
f 3231/3231/3231 3232/3232/3232 3229/3229/3229
f 3233/3233/3233 3231/3231/3231 3230/3230/3230
f 3234/3234/3234 3233/3233/3233 3230/3230/3230
f 3235/3235/3235 3233/3233/3233 3234/3234/3234
f 3236/3236/3236 3235/3235/3235 3234/3234/3234
f 3237/3237/3237 3235/3235/3235 3236/3236/3236
f 3238/3238/3238 3235/3235/3235 3237/3237/3237
f 3238/3238/3238 3237/3237/3237 3239/3239/3239
f 3239/3239/3239 3237/3237/3237 3240/3240/3240
f 3243/3243/3243 3242/3242/3242 3241/3241/3241
f 3242/3242/3242 3243/3243/3243 3244/3244/3244
f 3243/3243/3243 3245/3245/3245 3244/3244/3244
f 3242/3242/3242 3244/3244/3244 3246/3246/3246
f 3244/3244/3244 3247/3247/3247 3246/3246/3246
f 3248/3248/3248 3247/3247/3247 3244/3244/3244
f 3249/3249/3249 3248/3248/3248 3244/3244/3244
f 3248/3248/3248 3249/3249/3249 3250/3250/3250
f 3246/3246/3246 3247/3247/3247 3251/3251/3251
f 3248/3248/3248 3251/3251/3251 3247/3247/3247
f 3252/3252/3252 3246/3246/3246 3251/3251/3251
f 3251/3251/3251 3248/3248/3248 3253/3253/3253
f 3251/3251/3251 3254/3254/3254 3252/3252/3252
f 3248/3248/3248 3255/3255/3255 3253/3253/3253
f 3252/3252/3252 3254/3254/3254 3256/3256/3256
f 3257/3257/3257 3248/3248/3248 3250/3250/3250
f 3257/3257/3257 3255/3255/3255 3248/3248/3248
f 3258/3258/3258 3257/3257/3257 3250/3250/3250
f 3259/3259/3259 3258/3258/3258 3250/3250/3250
f 3255/3255/3255 3257/3257/3257 3260/3260/3260
f 3260/3260/3260 3257/3257/3257 3258/3258/3258
f 3261/3261/3261 3255/3255/3255 3260/3260/3260
f 3259/3259/3259 3262/3262/3262 3258/3258/3258
f 3263/3263/3263 3262/3262/3262 3259/3259/3259
f 3262/3262/3262 3263/3263/3263 3264/3264/3264
f 3265/3265/3265 3260/3260/3260 3258/3258/3258
f 3262/3262/3262 3265/3265/3265 3258/3258/3258
f 3262/3262/3262 3264/3264/3264 3266/3266/3266
f 3262/3262/3262 3266/3266/3266 3265/3265/3265
f 3267/3267/3267 3266/3266/3266 3264/3264/3264
f 3268/3268/3268 3260/3260/3260 3265/3265/3265
f 3260/3260/3260 3268/3268/3268 3269/3269/3269
f 3265/3265/3265 3270/3270/3270 3268/3268/3268
f 3265/3265/3265 3271/3271/3271 3270/3270/3270
f 3265/3265/3265 3266/3266/3266 3271/3271/3271
f 3271/3271/3271 3272/3272/3272 3270/3270/3270
f 3271/3271/3271 3266/3266/3266 3272/3272/3272
f 3270/3270/3270 3272/3272/3272 3273/3273/3273
f 3267/3267/3267 3274/3274/3274 3266/3266/3266
f 3266/3266/3266 3274/3274/3274 3272/3272/3272
f 3275/3275/3275 3274/3274/3274 3267/3267/3267
f 3274/3274/3274 3275/3275/3275 3272/3272/3272
f 3275/3275/3275 3276/3276/3276 3272/3272/3272
f 3277/3277/3277 3275/3275/3275 3267/3267/3267
f 3277/3277/3277 3278/3278/3278 3275/3275/3275
f 3279/3279/3279 3273/3273/3273 3272/3272/3272
f 3276/3276/3276 3279/3279/3279 3272/3272/3272
f 3279/3279/3279 3280/3280/3280 3273/3273/3273
f 3276/3276/3276 3280/3280/3280 3279/3279/3279
f 3276/3276/3276 3281/3281/3281 3280/3280/3280
f 3282/3282/3282 3281/3281/3281 3276/3276/3276
f 3276/3276/3276 3283/3283/3283 3282/3282/3282
f 3278/3278/3278 3284/3284/3284 3275/3275/3275
f 3284/3284/3284 3276/3276/3276 3275/3275/3275
f 3276/3276/3276 3284/3284/3284 3283/3283/3283
f 3278/3278/3278 3285/3285/3285 3284/3284/3284
f 3285/3285/3285 3283/3283/3283 3284/3284/3284
f 3288/3288/3288 3287/3287/3287 3286/3286/3286
f 3288/3288/3288 3286/3286/3286 3289/3289/3289
f 3290/3290/3290 3289/3289/3289 3286/3286/3286
f 3290/3290/3290 3291/3291/3291 3289/3289/3289
f 3292/3292/3292 3291/3291/3291 3290/3290/3290
f 3293/3293/3293 3290/3290/3290 3286/3286/3286
f 3294/3294/3294 3292/3292/3292 3290/3290/3290
f 3293/3293/3293 3295/3295/3295 3290/3290/3290
f 3295/3295/3295 3294/3294/3294 3290/3290/3290
f 3293/3293/3293 3296/3296/3296 3295/3295/3295
f 3297/3297/3297 3294/3294/3294 3295/3295/3295
f 3298/3298/3298 3295/3295/3295 3296/3296/3296
f 3297/3297/3297 3295/3295/3295 3298/3298/3298
f 3299/3299/3299 3297/3297/3297 3298/3298/3298
f 3300/3300/3300 3298/3298/3298 3296/3296/3296
f 3301/3301/3301 3299/3299/3299 3298/3298/3298
f 3300/3300/3300 3301/3301/3301 3298/3298/3298
f 3302/3302/3302 3299/3299/3299 3301/3301/3301
f 3301/3301/3301 3300/3300/3300 3303/3303/3303
f 3303/3303/3303 3300/3300/3300 3304/3304/3304
f 3303/3303/3303 3304/3304/3304 3305/3305/3305
f 3302/3302/3302 3301/3301/3301 3306/3306/3306
f 3306/3306/3306 3301/3301/3301 3303/3303/3303
f 3307/3307/3307 3302/3302/3302 3306/3306/3306
f 3308/3308/3308 3303/3303/3303 3305/3305/3305
f 3308/3308/3308 3305/3305/3305 3309/3309/3309
f 3306/3306/3306 3303/3303/3303 3310/3310/3310
f 3307/3307/3307 3306/3306/3306 3310/3310/3310
f 3310/3310/3310 3303/3303/3303 3308/3308/3308
f 3310/3310/3310 3311/3311/3311 3307/3307/3307
f 3312/3312/3312 3307/3307/3307 3311/3311/3311
f 3313/3313/3313 3311/3311/3311 3310/3310/3310
f 3313/3313/3313 3310/3310/3310 3308/3308/3308
f 3314/3314/3314 3313/3313/3313 3308/3308/3308
f 3309/3309/3309 3314/3314/3314 3308/3308/3308
f 3314/3314/3314 3309/3309/3309 3315/3315/3315
f 3316/3316/3316 3315/3315/3315 3309/3309/3309
f 3315/3315/3315 3316/3316/3316 3317/3317/3317
f 3317/3317/3317 3318/3318/3318 3315/3315/3315
f 3315/3315/3315 3319/3319/3319 3314/3314/3314
f 3315/3315/3315 3318/3318/3318 3319/3319/3319
f 3319/3319/3319 3320/3320/3320 3314/3314/3314
f 3319/3319/3319 3321/3321/3321 3320/3320/3320
f 3319/3319/3319 3318/3318/3318 3322/3322/3322
f 3321/3321/3321 3319/3319/3319 3323/3323/3323
f 3322/3322/3322 3323/3323/3323 3319/3319/3319
f 3324/3324/3324 3323/3323/3323 3322/3322/3322
f 3324/3324/3324 3325/3325/3325 3323/3323/3323
f 3323/3323/3323 3325/3325/3325 3326/3326/3326
f 3325/3325/3325 3327/3327/3327 3326/3326/3326
f 3327/3327/3327 3325/3325/3325 3324/3324/3324
f 3327/3327/3327 3324/3324/3324 3328/3328/3328
f 3324/3324/3324 3329/3329/3329 3328/3328/3328
f 3327/3327/3327 3328/3328/3328 3330/3330/3330
f 3331/3331/3331 3327/3327/3327 3330/3330/3330
f 3327/3327/3327 3331/3331/3331 3332/3332/3332
f 3331/3331/3331 3330/3330/3330 3333/3333/3333
f 3328/3328/3328 3333/3333/3333 3330/3330/3330
f 3331/3331/3331 3333/3333/3333 3334/3334/3334
f 3328/3328/3328 3329/3329/3329 3335/3335/3335
f 3333/3333/3333 3328/3328/3328 3335/3335/3335
f 3334/3334/3334 3333/3333/3333 3336/3336/3336
f 3333/3333/3333 3335/3335/3335 3336/3336/3336
f 3329/3329/3329 3337/3337/3337 3335/3335/3335
f 3329/3329/3329 3338/3338/3338 3337/3337/3337
f 3338/3338/3338 3339/3339/3339 3337/3337/3337
f 3337/3337/3337 3340/3340/3340 3335/3335/3335
f 3335/3335/3335 3340/3340/3340 3336/3336/3336
f 3339/3339/3339 3341/3341/3341 3337/3337/3337
f 3341/3341/3341 3340/3340/3340 3337/3337/3337
f 3341/3341/3341 3339/3339/3339 3342/3342/3342
f 3341/3341/3341 3342/3342/3342 3343/3343/3343
f 3344/3344/3344 3343/3343/3343 3342/3342/3342
f 3345/3345/3345 3343/3343/3343 3344/3344/3344
f 3344/3344/3344 3346/3346/3346 3345/3345/3345
f 3341/3341/3341 3343/3343/3343 3347/3347/3347
f 3343/3343/3343 3345/3345/3345 3347/3347/3347
f 3345/3345/3345 3346/3346/3346 3348/3348/3348
f 3349/3349/3349 3348/3348/3348 3346/3346/3346
f 3350/3350/3350 3348/3348/3348 3349/3349/3349
f 3350/3350/3350 3351/3351/3351 3348/3348/3348
f 3345/3345/3345 3348/3348/3348 3352/3352/3352
f 3352/3352/3352 3348/3348/3348 3351/3351/3351
f 3345/3345/3345 3352/3352/3352 3347/3347/3347
f 3352/3352/3352 3351/3351/3351 3353/3353/3353
f 3354/3354/3354 3352/3352/3352 3353/3353/3353
f 3347/3347/3347 3352/3352/3352 3354/3354/3354
f 3354/3354/3354 3353/3353/3353 3355/3355/3355
f 3354/3354/3354 3355/3355/3355 3356/3356/3356
f 3354/3354/3354 3356/3356/3356 3357/3357/3357
f 3347/3347/3347 3358/3358/3358 3341/3341/3341
f 3358/3358/3358 3347/3347/3347 3354/3354/3354
f 3357/3357/3357 3358/3358/3358 3354/3354/3354
f 3340/3340/3340 3341/3341/3341 3358/3358/3358
f 3359/3359/3359 3358/3358/3358 3357/3357/3357
f 3357/3357/3357 3360/3360/3360 3359/3359/3359
f 3340/3340/3340 3358/3358/3358 3361/3361/3361
f 3361/3361/3361 3358/3358/3358 3359/3359/3359
f 3359/3359/3359 3360/3360/3360 3362/3362/3362
f 3361/3361/3361 3359/3359/3359 3362/3362/3362
f 3340/3340/3340 3361/3361/3361 3363/3363/3363
f 3336/3336/3336 3340/3340/3340 3363/3363/3363
f 3361/3361/3361 3362/3362/3362 3364/3364/3364
f 3363/3363/3363 3361/3361/3361 3364/3364/3364
f 3365/3365/3365 3336/3336/3336 3363/3363/3363
f 3334/3334/3334 3336/3336/3336 3365/3365/3365
f 3365/3365/3365 3363/3363/3363 3366/3366/3366
f 3363/3363/3363 3364/3364/3364 3366/3366/3366
f 3366/3366/3366 3364/3364/3364 3367/3367/3367
f 3367/3367/3367 3364/3364/3364 3368/3368/3368
f 3369/3369/3369 3334/3334/3334 3365/3365/3365
f 3369/3369/3369 3365/3365/3365 3370/3370/3370
f 3371/3371/3371 3334/3334/3334 3369/3369/3369
f 3369/3369/3369 3370/3370/3370 3372/3372/3372
f 3372/3372/3372 3371/3371/3371 3369/3369/3369
f 3372/3372/3372 3373/3373/3373 3371/3371/3371
f 3374/3374/3374 3364/3364/3364 3362/3362/3362
f 3364/3364/3364 3374/3374/3374 3368/3368/3368
f 3374/3374/3374 3362/3362/3362 3375/3375/3375
f 3374/3374/3374 3375/3375/3375 3368/3368/3368
f 3362/3362/3362 3376/3376/3376 3375/3375/3375
f 3376/3376/3376 3362/3362/3362 3360/3360/3360
f 3368/3368/3368 3375/3375/3375 3377/3377/3377
f 3378/3378/3378 3368/3368/3368 3377/3377/3377
f 3379/3379/3379 3378/3378/3378 3377/3377/3377
f 3377/3377/3377 3380/3380/3380 3379/3379/3379
f 3377/3377/3377 3375/3375/3375 3380/3380/3380
f 3379/3379/3379 3380/3380/3380 3381/3381/3381
f 3382/3382/3382 3379/3379/3379 3381/3381/3381
f 3383/3383/3383 3381/3381/3381 3380/3380/3380
f 3383/3383/3383 3380/3380/3380 3384/3384/3384
f 3380/3380/3380 3375/3375/3375 3385/3385/3385
f 3385/3385/3385 3375/3375/3375 3386/3386/3386
f 3375/3375/3375 3387/3387/3387 3386/3386/3386
f 3375/3375/3375 3376/3376/3376 3387/3387/3387
f 3383/3383/3383 3384/3384/3384 3388/3388/3388
f 3376/3376/3376 3389/3389/3389 3387/3387/3387
f 3388/3388/3388 3390/3390/3390 3383/3383/3383
f 3391/3391/3391 3390/3390/3390 3388/3388/3388
f 3391/3391/3391 3388/3388/3388 3392/3392/3392
f 3389/3389/3389 3376/3376/3376 3393/3393/3393
f 3388/3388/3388 3394/3394/3394 3392/3392/3392
f 3376/3376/3376 3395/3395/3395 3393/3393/3393
f 3395/3395/3395 3396/3396/3396 3393/3393/3393
f 3376/3376/3376 3360/3360/3360 3395/3395/3395
f 3395/3395/3395 3397/3397/3397 3396/3396/3396
f 3398/3398/3398 3392/3392/3392 3394/3394/3394
f 3394/3394/3394 3399/3399/3399 3398/3398/3398
f 3395/3395/3395 3360/3360/3360 3400/3400/3400
f 3360/3360/3360 3401/3401/3401 3400/3400/3400
f 3395/3395/3395 3402/3402/3402 3397/3397/3397
f 3400/3400/3400 3402/3402/3402 3395/3395/3395
f 3397/3397/3397 3402/3402/3402 3403/3403/3403
f 3403/3403/3403 3402/3402/3402 3404/3404/3404
f 3404/3404/3404 3402/3402/3402 3405/3405/3405
f 3405/3405/3405 3402/3402/3402 3406/3406/3406
f 3400/3400/3400 3406/3406/3406 3402/3402/3402
f 3407/3407/3407 3405/3405/3405 3406/3406/3406
f 3408/3408/3408 3407/3407/3407 3406/3406/3406
f 3408/3408/3408 3406/3406/3406 3400/3400/3400
f 3401/3401/3401 3408/3408/3408 3400/3400/3400
f 3408/3408/3408 3401/3401/3401 3409/3409/3409
f 3399/3399/3399 3410/3410/3410 3398/3398/3398
f 3411/3411/3411 3410/3410/3410 3399/3399/3399
f 3410/3410/3410 3411/3411/3411 3412/3412/3412
f 3410/3410/3410 3413/3413/3413 3398/3398/3398
f 3413/3413/3413 3414/3414/3414 3398/3398/3398
f 3392/3392/3392 3398/3398/3398 3414/3414/3414
f 3414/3414/3414 3415/3415/3415 3392/3392/3392
f 3416/3416/3416 3413/3413/3413 3410/3410/3410
f 3417/3417/3417 3416/3416/3416 3410/3410/3410
f 3417/3417/3417 3410/3410/3410 3412/3412/3412
f 3418/3418/3418 3416/3416/3416 3417/3417/3417
f 3417/3417/3417 3412/3412/3412 3418/3418/3418
f 3418/3418/3418 3412/3412/3412 3419/3419/3419
f 3418/3418/3418 3419/3419/3419 3420/3420/3420
f 3420/3420/3420 3419/3419/3419 3421/3421/3421
f 3421/3421/3421 3419/3419/3419 3422/3422/3422
f 3419/3419/3419 3423/3423/3423 3422/3422/3422
f 3422/3422/3422 3423/3423/3423 3424/3424/3424
f 3425/3425/3425 3419/3419/3419 3412/3412/3412
f 3419/3419/3419 3425/3425/3425 3423/3423/3423
f 3423/3423/3423 3426/3426/3426 3424/3424/3424
f 3424/3424/3424 3426/3426/3426 3427/3427/3427
f 3426/3426/3426 3428/3428/3428 3427/3427/3427
f 3427/3427/3427 3428/3428/3428 3429/3429/3429
f 3428/3428/3428 3430/3430/3430 3429/3429/3429
f 3431/3431/3431 3429/3429/3429 3430/3430/3430
f 3430/3430/3430 3432/3432/3432 3431/3431/3431
f 3433/3433/3433 3426/3426/3426 3423/3423/3423
f 3433/3433/3433 3428/3428/3428 3426/3426/3426
f 3434/3434/3434 3423/3423/3423 3425/3425/3425
f 3433/3433/3433 3423/3423/3423 3434/3434/3434
f 3434/3434/3434 3425/3425/3425 3435/3435/3435
f 3436/3436/3436 3435/3435/3435 3425/3425/3425
f 3436/3436/3436 3425/3425/3425 3412/3412/3412
f 3412/3412/3412 3437/3437/3437 3436/3436/3436
f 3412/3412/3412 3438/3438/3438 3437/3437/3437
f 3439/3439/3439 3433/3433/3433 3434/3434/3434
f 3440/3440/3440 3428/3428/3428 3433/3433/3433
f 3433/3433/3433 3439/3439/3439 3440/3440/3440
f 3440/3440/3440 3430/3430/3430 3428/3428/3428
f 3440/3440/3440 3439/3439/3439 3441/3441/3441
f 3440/3440/3440 3441/3441/3441 3442/3442/3442
f 3442/3442/3442 3443/3443/3443 3440/3440/3440
f 3443/3443/3443 3430/3430/3430 3440/3440/3440
f 3442/3442/3442 3444/3444/3444 3443/3443/3443
f 3445/3445/3445 3430/3430/3430 3443/3443/3443
f 3446/3446/3446 3430/3430/3430 3445/3445/3445
f 3445/3445/3445 3447/3447/3447 3446/3446/3446
f 3446/3446/3446 3432/3432/3432 3430/3430/3430
f 3447/3447/3447 3448/3448/3448 3446/3446/3446
f 3449/3449/3449 3432/3432/3432 3446/3446/3446
f 3446/3446/3446 3448/3448/3448 3449/3449/3449
f 3451/3451/3451 3450/3450/3450 3254/3254/3254
f 3256/3256/3256 3254/3254/3254 3450/3450/3450
f 3256/3256/3256 3450/3450/3450 3452/3452/3452
f 3450/3450/3450 3453/3453/3453 3452/3452/3452
f 3454/3454/3454 3256/3256/3256 3452/3452/3452
f 3456/3456/3456 3254/3254/3254 3455/3455/3455
f 3254/3254/3254 3457/3457/3457 3455/3455/3455
f 3458/3458/3458 3455/3455/3455 3457/3457/3457
f 3458/3458/3458 3457/3457/3457 3459/3459/3459
f 3460/3460/3460 3455/3455/3455 3458/3458/3458
f 3458/3458/3458 3459/3459/3459 3461/3461/3461
f 3458/3458/3458 3462/3462/3462 3460/3460/3460
f 3461/3461/3461 3462/3462/3462 3458/3458/3458
f 3462/3462/3462 3463/3463/3463 3460/3460/3460
f 3461/3461/3461 3464/3464/3464 3462/3462/3462
f 3462/3462/3462 3464/3464/3464 3463/3463/3463
f 3465/3465/3465 3463/3463/3463 3464/3464/3464
f 3465/3465/3465 3464/3464/3464 3466/3466/3466
f 3465/3465/3465 3466/3466/3466 3467/3467/3467
f 3466/3466/3466 3464/3464/3464 3468/3468/3468
f 3468/3468/3468 3469/3469/3469 3466/3466/3466
f 3470/3470/3470 3469/3469/3469 3468/3468/3468
f 3469/3469/3469 3471/3471/3471 3466/3466/3466
f 3466/3466/3466 3471/3471/3471 3467/3467/3467
f 3467/3467/3467 3471/3471/3471 3472/3472/3472
f 3472/3472/3472 3471/3471/3471 3473/3473/3473
f 3473/3473/3473 3471/3471/3471 3474/3474/3474
f 3474/3474/3474 3475/3475/3475 3473/3473/3473
f 3474/3474/3474 3476/3476/3476 3475/3475/3475
f 3476/3476/3476 3477/3477/3477 3475/3475/3475
f 3478/3478/3478 3477/3477/3477 3476/3476/3476
f 3476/3476/3476 3479/3479/3479 3478/3478/3478
f 3476/3476/3476 3480/3480/3480 3479/3479/3479
f 3481/3481/3481 3480/3480/3480 3476/3476/3476
f 3484/3484/3484 3483/3483/3483 3482/3482/3482
f 3484/3484/3484 3482/3482/3482 3485/3485/3485
f 3484/3484/3484 3485/3485/3485 3486/3486/3486
f 3487/3487/3487 3484/3484/3484 3486/3486/3486
f 3488/3488/3488 3487/3487/3487 3486/3486/3486
f 3488/3488/3488 3489/3489/3489 3487/3487/3487
f 3488/3488/3488 3490/3490/3490 3489/3489/3489
f 3489/3489/3489 3490/3490/3490 3491/3491/3491
f 3488/3488/3488 3486/3486/3486 3492/3492/3492
f 3488/3488/3488 3492/3492/3492 3490/3490/3490
f 3492/3492/3492 3486/3486/3486 3493/3493/3493
f 3486/3486/3486 3485/3485/3485 3493/3493/3493
f 3493/3493/3493 3485/3485/3485 3494/3494/3494
f 3495/3495/3495 3494/3494/3494 3485/3485/3485
f 3482/3482/3482 3495/3495/3495 3485/3485/3485
f 3495/3495/3495 3496/3496/3496 3494/3494/3494
f 3496/3496/3496 3495/3495/3495 3497/3497/3497
f 3495/3495/3495 3498/3498/3498 3497/3497/3497
f 3482/3482/3482 3499/3499/3499 3495/3495/3495
f 3499/3499/3499 3498/3498/3498 3495/3495/3495
f 3497/3497/3497 3498/3498/3498 3500/3500/3500
f 3497/3497/3497 3500/3500/3500 3501/3501/3501
f 3501/3501/3501 3500/3500/3500 3502/3502/3502
f 3503/3503/3503 3498/3498/3498 3499/3499/3499
f 3503/3503/3503 3500/3500/3500 3498/3498/3498
f 3482/3482/3482 3504/3504/3504 3499/3499/3499
f 3504/3504/3504 3503/3503/3503 3499/3499/3499
f 3504/3504/3504 3482/3482/3482 3505/3505/3505
f 3506/3506/3506 3505/3505/3505 3482/3482/3482
f 3503/3503/3503 3504/3504/3504 3507/3507/3507
f 3507/3507/3507 3500/3500/3500 3503/3503/3503
f 3507/3507/3507 3504/3504/3504 3508/3508/3508
f 3508/3508/3508 3509/3509/3509 3507/3507/3507
f 3507/3507/3507 3509/3509/3509 3510/3510/3510
f 3500/3500/3500 3511/3511/3511 3502/3502/3502
f 3507/3507/3507 3511/3511/3511 3500/3500/3500
f 3507/3507/3507 3510/3510/3510 3511/3511/3511
f 3502/3502/3502 3511/3511/3511 3512/3512/3512
f 3510/3510/3510 3513/3513/3513 3511/3511/3511
f 3511/3511/3511 3513/3513/3513 3512/3512/3512
f 3516/3516/3516 3515/3515/3515 3514/3514/3514
f 3516/3516/3516 3514/3514/3514 3517/3517/3517
f 3517/3517/3517 3514/3514/3514 3518/3518/3518
f 3514/3514/3514 3519/3519/3519 3518/3518/3518
f 3518/3518/3518 3520/3520/3520 3517/3517/3517
f 3519/3519/3519 3521/3521/3521 3518/3518/3518
f 3520/3520/3520 3518/3518/3518 3522/3522/3522
f 3518/3518/3518 3521/3521/3521 3522/3522/3522
f 3522/3522/3522 3523/3523/3523 3520/3520/3520
f 3522/3522/3522 3524/3524/3524 3523/3523/3523
f 3522/3522/3522 3521/3521/3521 3525/3525/3525
f 3522/3522/3522 3525/3525/3525 3524/3524/3524
f 3525/3525/3525 3526/3526/3526 3524/3524/3524
f 3524/3524/3524 3527/3527/3527 3523/3523/3523
f 3524/3524/3524 3528/3528/3528 3527/3527/3527
f 3529/3529/3529 3528/3528/3528 3524/3524/3524
f 3530/3530/3530 3529/3529/3529 3524/3524/3524
f 3531/3531/3531 3530/3530/3530 3524/3524/3524
f 3530/3530/3530 3532/3532/3532 3529/3529/3529
f 3529/3529/3529 3533/3533/3533 3528/3528/3528
f 3532/3532/3532 3533/3533/3533 3529/3529/3529
f 3528/3528/3528 3533/3533/3533 3534/3534/3534
f 3533/3533/3533 3535/3535/3535 3534/3534/3534
f 3533/3533/3533 3536/3536/3536 3535/3535/3535
f 3537/3537/3537 3536/3536/3536 3533/3533/3533
f 3532/3532/3532 3537/3537/3537 3533/3533/3533
f 3538/3538/3538 3537/3537/3537 3532/3532/3532
f 3534/3534/3534 3540/3540/3540 3539/3539/3539
f 3539/3539/3539 3540/3540/3540 3541/3541/3541
f 3539/3539/3539 3541/3541/3541 3542/3542/3542
f 3543/3543/3543 3539/3539/3539 3542/3542/3542
f 3543/3543/3543 3542/3542/3542 3544/3544/3544
f 3543/3543/3543 3544/3544/3544 3545/3545/3545
f 3544/3544/3544 3546/3546/3546 3545/3545/3545
f 3545/3545/3545 3546/3546/3546 3547/3547/3547
f 3548/3548/3548 3547/3547/3547 3546/3546/3546
f 3546/3546/3546 3549/3549/3549 3548/3548/3548
f 3550/3550/3550 3547/3547/3547 3548/3548/3548
f 3550/3550/3550 3548/3548/3548 3551/3551/3551
f 3552/3552/3552 3550/3550/3550 3551/3551/3551
f 3553/3553/3553 3550/3550/3550 3552/3552/3552
f 3553/3553/3553 3552/3552/3552 3554/3554/3554
f 3553/3553/3553 3554/3554/3554 3555/3555/3555
f 3558/3558/3558 3557/3557/3557 3556/3556/3556
f 3556/3556/3556 3557/3557/3557 3559/3559/3559
f 3559/3559/3559 3560/3560/3560 3556/3556/3556
f 3556/3556/3556 3560/3560/3560 3561/3561/3561
f 3559/3559/3559 3562/3562/3562 3560/3560/3560
f 3562/3562/3562 3561/3561/3561 3560/3560/3560
f 3563/3563/3563 3561/3561/3561 3562/3562/3562
f 3559/3559/3559 3564/3564/3564 3562/3562/3562
f 3562/3562/3562 3564/3564/3564 3563/3563/3563
f 3561/3561/3561 3565/3565/3565 3556/3556/3556
f 3566/3566/3566 3561/3561/3561 3563/3563/3563
f 3561/3561/3561 3566/3566/3566 3565/3565/3565
f 3564/3564/3564 3559/3559/3559 3567/3567/3567
f 3568/3568/3568 3564/3564/3564 3567/3567/3567
f 3567/3567/3567 3559/3559/3559 3569/3569/3569
f 3569/3569/3569 3568/3568/3568 3567/3567/3567
f 3559/3559/3559 3570/3570/3570 3569/3569/3569
f 3570/3570/3570 3571/3571/3571 3569/3569/3569
f 3571/3571/3571 3572/3572/3572 3569/3569/3569
f 3572/3572/3572 3568/3568/3568 3569/3569/3569
f 3571/3571/3571 3573/3573/3573 3572/3572/3572
f 3572/3572/3572 3573/3573/3573 3574/3574/3574
f 3572/3572/3572 3574/3574/3574 3575/3575/3575
f 3575/3575/3575 3568/3568/3568 3572/3572/3572
f 3575/3575/3575 3574/3574/3574 3576/3576/3576
f 3575/3575/3575 3576/3576/3576 3577/3577/3577
f 3575/3575/3575 3578/3578/3578 3568/3568/3568
f 3577/3577/3577 3578/3578/3578 3575/3575/3575
f 3577/3577/3577 3576/3576/3576 3579/3579/3579
f 3579/3579/3579 3576/3576/3576 3580/3580/3580
f 3581/3581/3581 3579/3579/3579 3580/3580/3580
f 3582/3582/3582 3578/3578/3578 3577/3577/3577
f 3577/3577/3577 3579/3579/3579 3582/3582/3582
f 3578/3578/3578 3583/3583/3583 3568/3568/3568
f 3578/3578/3578 3582/3582/3582 3583/3583/3583
f 3579/3579/3579 3581/3581/3581 3584/3584/3584
f 3579/3579/3579 3584/3584/3584 3582/3582/3582
f 3583/3583/3583 3585/3585/3585 3568/3568/3568
f 3564/3564/3564 3568/3568/3568 3585/3585/3585
f 3581/3581/3581 3586/3586/3586 3584/3584/3584
f 3586/3586/3586 3581/3581/3581 3587/3587/3587
f 3588/3588/3588 3586/3586/3586 3587/3587/3587
f 3589/3589/3589 3564/3564/3564 3585/3585/3585
f 3564/3564/3564 3589/3589/3589 3563/3563/3563
f 3582/3582/3582 3584/3584/3584 3590/3590/3590
f 3591/3591/3591 3590/3590/3590 3584/3584/3584
f 3584/3584/3584 3586/3586/3586 3591/3591/3591
f 3582/3582/3582 3590/3590/3590 3592/3592/3592
f 3582/3582/3582 3592/3592/3592 3583/3583/3583
f 3592/3592/3592 3593/3593/3593 3583/3583/3583
f 3583/3583/3583 3593/3593/3593 3594/3594/3594
f 3583/3583/3583 3594/3594/3594 3585/3585/3585
f 3595/3595/3595 3591/3591/3591 3586/3586/3586
f 3596/3596/3596 3585/3585/3585 3594/3594/3594
f 3596/3596/3596 3589/3589/3589 3585/3585/3585
f 3594/3594/3594 3597/3597/3597 3596/3596/3596
f 3598/3598/3598 3595/3595/3595 3586/3586/3586
f 3598/3598/3598 3586/3586/3586 3588/3588/3588
f 3598/3598/3598 3599/3599/3599 3595/3595/3595
f 3596/3596/3596 3597/3597/3597 3600/3600/3600
f 3600/3600/3600 3597/3597/3597 3601/3601/3601
f 3602/3602/3602 3600/3600/3600 3601/3601/3601
f 3603/3603/3603 3589/3589/3589 3596/3596/3596
f 3603/3603/3603 3596/3596/3596 3600/3600/3600
f 3604/3604/3604 3598/3598/3598 3588/3588/3588
f 3605/3605/3605 3604/3604/3604 3588/3588/3588
f 3598/3598/3598 3606/3606/3606 3599/3599/3599
f 3606/3606/3606 3598/3598/3598 3604/3604/3604
f 3606/3606/3606 3607/3607/3607 3599/3599/3599
f 3606/3606/3606 3608/3608/3608 3607/3607/3607
f 3609/3609/3609 3606/3606/3606 3604/3604/3604
f 3606/3606/3606 3609/3609/3609 3608/3608/3608
f 3610/3610/3610 3609/3609/3609 3604/3604/3604
f 3611/3611/3611 3600/3600/3600 3602/3602/3602
f 3611/3611/3611 3603/3603/3603 3600/3600/3600
f 3612/3612/3612 3608/3608/3608 3609/3609/3609
f 3608/3608/3608 3612/3612/3612 3613/3613/3613
f 3613/3613/3613 3612/3612/3612 3614/3614/3614
f 3615/3615/3615 3609/3609/3609 3610/3610/3610
f 3609/3609/3609 3615/3615/3615 3612/3612/3612
f 3616/3616/3616 3615/3615/3615 3610/3610/3610
f 3617/3617/3617 3614/3614/3614 3612/3612/3612
f 3615/3615/3615 3617/3617/3617 3612/3612/3612
f 3614/3614/3614 3617/3617/3617 3618/3618/3618
f 3619/3619/3619 3617/3617/3617 3615/3615/3615
f 3615/3615/3615 3620/3620/3620 3619/3619/3619
f 3617/3617/3617 3619/3619/3619 3621/3621/3621
f 3622/3622/3622 3617/3617/3617 3621/3621/3621
f 3621/3621/3621 3623/3623/3623 3622/3622/3622
f 3623/3623/3623 3624/3624/3624 3622/3622/3622
f 3621/3621/3621 3625/3625/3625 3623/3623/3623
f 3625/3625/3625 3621/3621/3621 3626/3626/3626
f 3626/3626/3626 3627/3627/3627 3625/3625/3625
f 3628/3628/3628 3625/3625/3625 3627/3627/3627
f 3627/3627/3627 3629/3629/3629 3628/3628/3628
f 3625/3625/3625 3628/3628/3628 3630/3630/3630
f 3631/3631/3631 3623/3623/3623 3625/3625/3625
f 3630/3630/3630 3631/3631/3631 3625/3625/3625
f 3632/3632/3632 3623/3623/3623 3631/3631/3631
f 3633/3633/3633 3631/3631/3631 3630/3630/3630
f 3632/3632/3632 3631/3631/3631 3633/3633/3633
f 3632/3632/3632 3633/3633/3633 3634/3634/3634
f 3556/3556/3556 3636/3636/3636 3635/3635/3635
f 3637/3637/3637 3636/3636/3636 3556/3556/3556
f 3638/3638/3638 3637/3637/3637 3556/3556/3556
f 3556/3556/3556 3565/3565/3565 3638/3638/3638
f 3637/3637/3637 3638/3638/3638 3639/3639/3639
f 3637/3637/3637 3639/3639/3639 3640/3640/3640
f 3639/3639/3639 3641/3641/3641 3640/3640/3640
f 3639/3639/3639 3642/3642/3642 3641/3641/3641
f 3642/3642/3642 3639/3639/3639 3643/3643/3643
f 3638/3638/3638 3565/3565/3565 3644/3644/3644
f 3645/3645/3645 3638/3638/3638 3644/3644/3644
f 3646/3646/3646 3644/3644/3644 3565/3565/3565
f 3647/3647/3647 3646/3646/3646 3565/3565/3565
f 3566/3566/3566 3647/3647/3647 3565/3565/3565
f 3647/3647/3647 3648/3648/3648 3646/3646/3646
f 3649/3649/3649 3646/3646/3646 3648/3648/3648
f 3650/3650/3650 3649/3649/3649 3648/3648/3648
f 3566/3566/3566 3651/3651/3651 3647/3647/3647
f 3648/3648/3648 3647/3647/3647 3651/3651/3651
f 3563/3563/3563 3651/3651/3651 3566/3566/3566
f 3648/3648/3648 3651/3651/3651 3563/3563/3563
f 3652/3652/3652 3648/3648/3648 3563/3563/3563
f 3648/3648/3648 3652/3652/3652 3650/3650/3650
f 3652/3652/3652 3563/3563/3563 3589/3589/3589
f 3603/3603/3603 3652/3652/3652 3589/3589/3589
f 3652/3652/3652 3603/3603/3603 3650/3650/3650
f 3653/3653/3653 3649/3649/3649 3650/3650/3650
f 3649/3649/3649 3653/3653/3653 3654/3654/3654
f 3655/3655/3655 3650/3650/3650 3603/3603/3603
f 3655/3655/3655 3603/3603/3603 3611/3611/3611
f 3650/3650/3650 3655/3655/3655 3656/3656/3656
f 3655/3655/3655 3611/3611/3611 3656/3656/3656
f 3656/3656/3656 3611/3611/3611 3657/3657/3657
f 3611/3611/3611 3602/3602/3602 3657/3657/3657
f 3657/3657/3657 3602/3602/3602 3658/3658/3658
f 3659/3659/3659 3650/3650/3650 3656/3656/3656
f 3653/3653/3653 3650/3650/3650 3659/3659/3659
f 3660/3660/3660 3659/3659/3659 3656/3656/3656
f 3653/3653/3653 3659/3659/3659 3660/3660/3660
f 3653/3653/3653 3660/3660/3660 3661/3661/3661
f 3664/3664/3664 3663/3663/3663 3662/3662/3662
f 3663/3663/3663 3665/3665/3665 3662/3662/3662
f 3665/3665/3665 3663/3663/3663 3666/3666/3666
f 3667/3667/3667 3666/3666/3666 3663/3663/3663
f 3668/3668/3668 3666/3666/3666 3667/3667/3667
f 3669/3669/3669 3665/3665/3665 3666/3666/3666
f 3665/3665/3665 3669/3669/3669 3670/3670/3670
f 3671/3671/3671 3669/3669/3669 3666/3666/3666
f 3672/3672/3672 3671/3671/3671 3666/3666/3666
f 3673/3673/3673 3671/3671/3671 3672/3672/3672
f 3673/3673/3673 3672/3672/3672 3674/3674/3674
f 3672/3672/3672 3666/3666/3666 3675/3675/3675
f 3666/3666/3666 3676/3676/3676 3675/3675/3675
f 3675/3675/3675 3676/3676/3676 3677/3677/3677
f 3680/3680/3680 3679/3679/3679 3678/3678/3678
f 3681/3681/3681 3678/3678/3678 3679/3679/3679
f 3678/3678/3678 3681/3681/3681 3682/3682/3682
f 3681/3681/3681 3683/3683/3683 3682/3682/3682
f 3681/3681/3681 3684/3684/3684 3683/3683/3683
f 3683/3683/3683 3684/3684/3684 3685/3685/3685
f 3686/3686/3686 3678/3678/3678 3682/3682/3682
f 3687/3687/3687 3678/3678/3678 3686/3686/3686
f 3686/3686/3686 3682/3682/3682 3688/3688/3688
f 3688/3688/3688 3682/3682/3682 3683/3683/3683
f 3688/3688/3688 3683/3683/3683 3689/3689/3689
f 3689/3689/3689 3683/3683/3683 3690/3690/3690
f 3690/3690/3690 3683/3683/3683 3691/3691/3691
f 3683/3683/3683 3685/3685/3685 3691/3691/3691
f 3692/3692/3692 3690/3690/3690 3691/3691/3691
f 3692/3692/3692 3691/3691/3691 3693/3693/3693
f 3691/3691/3691 3685/3685/3685 3693/3693/3693
f 3685/3685/3685 3694/3694/3694 3693/3693/3693
f 3694/3694/3694 3695/3695/3695 3693/3693/3693
f 3695/3695/3695 3696/3696/3696 3693/3693/3693
f 3696/3696/3696 3697/3697/3697 3693/3693/3693
f 3695/3695/3695 3698/3698/3698 3696/3696/3696
f 3696/3696/3696 3698/3698/3698 3699/3699/3699
f 3696/3696/3696 3699/3699/3699 3700/3700/3700
f 3699/3699/3699 3698/3698/3698 3701/3701/3701
f 3699/3699/3699 3701/3701/3701 3700/3700/3700
f 3698/3698/3698 3702/3702/3702 3701/3701/3701
f 3700/3700/3700 3701/3701/3701 3703/3703/3703
f 3704/3704/3704 3701/3701/3701 3702/3702/3702
f 3703/3703/3703 3701/3701/3701 3705/3705/3705
f 3704/3704/3704 3705/3705/3705 3701/3701/3701
f 3703/3703/3703 3705/3705/3705 3706/3706/3706
f 3707/3707/3707 3705/3705/3705 3704/3704/3704
f 3710/3710/3710 3709/3709/3709 3708/3708/3708
f 3711/3711/3711 3709/3709/3709 3710/3710/3710
f 3711/3711/3711 3710/3710/3710 3712/3712/3712
f 3711/3711/3711 3714/3714/3714 3713/3713/3713
f 3713/3713/3713 3715/3715/3715 3711/3711/3711
f 3715/3715/3715 3713/3713/3713 3716/3716/3716
f 3715/3715/3715 3718/3718/3718 3717/3717/3717
f 3718/3718/3718 3719/3719/3719 3717/3717/3717
f 3720/3720/3720 3719/3719/3719 3718/3718/3718
f 3721/3721/3721 3719/3719/3719 3720/3720/3720
f 3722/3722/3722 3717/3717/3717 3719/3719/3719
f 3719/3719/3719 3723/3723/3723 3722/3722/3722
f 3723/3723/3723 3724/3724/3724 3722/3722/3722
f 3723/3723/3723 3725/3725/3725 3724/3724/3724
f 3723/3723/3723 3726/3726/3726 3725/3725/3725
f 3729/3729/3729 3728/3728/3728 3727/3727/3727
f 3727/3727/3727 3728/3728/3728 3730/3730/3730
f 3727/3727/3727 3730/3730/3730 3731/3731/3731
f 3731/3731/3731 3730/3730/3730 3732/3732/3732
f 3733/3733/3733 3731/3731/3731 3732/3732/3732
f 3734/3734/3734 3731/3731/3731 3733/3733/3733
f 3736/3736/3736 3735/3735/3735 3728/3728/3728
f 3737/3737/3737 3735/3735/3735 3736/3736/3736
f 3738/3738/3738 3735/3735/3735 3737/3737/3737
f 3737/3737/3737 3739/3739/3739 3738/3738/3738
f 3739/3739/3739 3740/3740/3740 3738/3738/3738
f 3739/3739/3739 3741/3741/3741 3740/3740/3740
f 3741/3741/3741 3742/3742/3742 3740/3740/3740
f 3740/3740/3740 3742/3742/3742 3743/3743/3743
f 3743/3743/3743 3742/3742/3742 3744/3744/3744
f 3742/3742/3742 3745/3745/3745 3744/3744/3744
f 3741/3741/3741 3746/3746/3746 3742/3742/3742
f 3747/3747/3747 3745/3745/3745 3742/3742/3742
f 3747/3747/3747 3742/3742/3742 3746/3746/3746
f 3747/3747/3747 3746/3746/3746 3748/3748/3748
f 3751/3751/3751 3750/3750/3750 3749/3749/3749
f 3751/3751/3751 3749/3749/3749 3752/3752/3752
f 3754/3754/3754 3752/3752/3752 3753/3753/3753
f 3753/3753/3753 3755/3755/3755 3754/3754/3754
f 3755/3755/3755 3753/3753/3753 3756/3756/3756
f 3749/3749/3749 3758/3758/3758 3757/3757/3757
f 3749/3749/3749 3757/3757/3757 3759/3759/3759
f 3759/3759/3759 3757/3757/3757 3760/3760/3760
f 3763/3763/3763 3762/3762/3762 3761/3761/3761
f 3763/3763/3763 3764/3764/3764 3762/3762/3762
f 3765/3765/3765 3762/3762/3762 3764/3764/3764
f 3763/3763/3763 3766/3766/3766 3764/3764/3764
f 3767/3767/3767 3766/3766/3766 3763/3763/3763
f 3768/3768/3768 3767/3767/3767 3763/3763/3763
f 3769/3769/3769 3767/3767/3767 3768/3768/3768
f 3769/3769/3769 3770/3770/3770 3767/3767/3767
f 3771/3771/3771 3770/3770/3770 3769/3769/3769
f 3764/3764/3764 3772/3772/3772 3765/3765/3765
f 3764/3764/3764 3766/3766/3766 3773/3773/3773
f 3772/3772/3772 3764/3764/3764 3773/3773/3773
f 3765/3765/3765 3772/3772/3772 3774/3774/3774
f 3765/3765/3765 3774/3774/3774 3775/3775/3775
f 3775/3775/3775 3774/3774/3774 3776/3776/3776
f 3775/3775/3775 3776/3776/3776 3777/3777/3777
f 3777/3777/3777 3776/3776/3776 3778/3778/3778
f 3778/3778/3778 3776/3776/3776 3779/3779/3779
f 3772/3772/3772 3780/3780/3780 3774/3774/3774
f 3772/3772/3772 3773/3773/3773 3780/3780/3780
f 3774/3774/3774 3780/3780/3780 3776/3776/3776
f 3776/3776/3776 3781/3781/3781 3779/3779/3779
f 3780/3780/3780 3782/3782/3782 3776/3776/3776
f 3781/3781/3781 3776/3776/3776 3782/3782/3782
f 3781/3781/3781 3783/3783/3783 3779/3779/3779
f 3779/3779/3779 3783/3783/3783 3784/3784/3784
f 3784/3784/3784 3783/3783/3783 3785/3785/3785
f 3786/3786/3786 3781/3781/3781 3782/3782/3782
f 3781/3781/3781 3786/3786/3786 3783/3783/3783
f 3786/3786/3786 3782/3782/3782 3787/3787/3787
f 3787/3787/3787 3782/3782/3782 3788/3788/3788
f 3782/3782/3782 3780/3780/3780 3788/3788/3788
f 3786/3786/3786 3787/3787/3787 3789/3789/3789
f 3786/3786/3786 3789/3789/3789 3783/3783/3783
f 3783/3783/3783 3790/3790/3790 3785/3785/3785
f 3789/3789/3789 3790/3790/3790 3783/3783/3783
f 3791/3791/3791 3785/3785/3785 3790/3790/3790
f 3789/3789/3789 3791/3791/3791 3790/3790/3790
f 3785/3785/3785 3791/3791/3791 3792/3792/3792
f 3780/3780/3780 3793/3793/3793 3788/3788/3788
f 3780/3780/3780 3773/3773/3773 3793/3793/3793
f 3787/3787/3787 3794/3794/3794 3789/3789/3789
f 3794/3794/3794 3791/3791/3791 3789/3789/3789
f 3787/3787/3787 3795/3795/3795 3794/3794/3794
f 3795/3795/3795 3791/3791/3791 3794/3794/3794
f 3792/3792/3792 3791/3791/3791 3796/3796/3796
f 3791/3791/3791 3795/3795/3795 3797/3797/3797
f 3791/3791/3791 3797/3797/3797 3796/3796/3796
f 3798/3798/3798 3792/3792/3792 3796/3796/3796
f 3799/3799/3799 3792/3792/3792 3798/3798/3798
f 3796/3796/3796 3797/3797/3797 3800/3800/3800
f 3796/3796/3796 3800/3800/3800 3798/3798/3798
f 3800/3800/3800 3797/3797/3797 3795/3795/3795
f 3800/3800/3800 3801/3801/3801 3798/3798/3798
f 3800/3800/3800 3802/3802/3802 3801/3801/3801
f 3795/3795/3795 3802/3802/3802 3800/3800/3800
f 3795/3795/3795 3803/3803/3803 3802/3802/3802
f 3803/3803/3803 3804/3804/3804 3802/3802/3802
f 3805/3805/3805 3803/3803/3803 3795/3795/3795
f 3803/3803/3803 3805/3805/3805 3806/3806/3806
f 3803/3803/3803 3806/3806/3806 3807/3807/3807
f 3795/3795/3795 3808/3808/3808 3805/3805/3805
f 3787/3787/3787 3808/3808/3808 3795/3795/3795
f 3805/3805/3805 3808/3808/3808 3809/3809/3809
f 3808/3808/3808 3787/3787/3787 3809/3809/3809
f 3805/3805/3805 3809/3809/3809 3810/3810/3810
f 3811/3811/3811 3805/3805/3805 3810/3810/3810
f 3787/3787/3787 3812/3812/3812 3809/3809/3809
f 3812/3812/3812 3787/3787/3787 3813/3813/3813
f 3788/3788/3788 3813/3813/3813 3787/3787/3787
f 3813/3813/3813 3788/3788/3788 3814/3814/3814
f 3788/3788/3788 3816/3816/3816 3815/3815/3815
f 3817/3817/3817 3815/3815/3815 3816/3816/3816
f 3816/3816/3816 3788/3788/3788 3793/3793/3793
f 3818/3818/3818 3816/3816/3816 3793/3793/3793
f 3818/3818/3818 3819/3819/3819 3816/3816/3816
f 3818/3818/3818 3793/3793/3793 3820/3820/3820
f 3818/3818/3818 3820/3820/3820 3819/3819/3819
f 3819/3819/3819 3820/3820/3820 3821/3821/3821
f 3773/3773/3773 3820/3820/3820 3793/3793/3793
f 3773/3773/3773 3822/3822/3822 3820/3820/3820
f 3822/3822/3822 3773/3773/3773 3766/3766/3766
f 3822/3822/3822 3823/3823/3823 3820/3820/3820
f 3823/3823/3823 3824/3824/3824 3820/3820/3820
f 3823/3823/3823 3825/3825/3825 3824/3824/3824
f 3766/3766/3766 3826/3826/3826 3822/3822/3822
f 3767/3767/3767 3826/3826/3826 3766/3766/3766
f 3827/3827/3827 3823/3823/3823 3822/3822/3822
f 3826/3826/3826 3827/3827/3827 3822/3822/3822
f 3767/3767/3767 3827/3827/3827 3826/3826/3826
f 3828/3828/3828 3823/3823/3823 3827/3827/3827
f 3828/3828/3828 3827/3827/3827 3767/3767/3767
f 3829/3829/3829 3828/3828/3828 3767/3767/3767
f 3829/3829/3829 3767/3767/3767 3830/3830/3830
f 3770/3770/3770 3830/3830/3830 3767/3767/3767
f 3831/3831/3831 3829/3829/3829 3830/3830/3830
f 3770/3770/3770 3831/3831/3831 3830/3830/3830
f 3832/3832/3832 3831/3831/3831 3770/3770/3770
f 3835/3835/3835 3834/3834/3834 3833/3833/3833
f 3833/3833/3833 3834/3834/3834 3836/3836/3836
f 3834/3834/3834 3837/3837/3837 3836/3836/3836
f 3838/3838/3838 3836/3836/3836 3837/3837/3837
f 3836/3836/3836 3838/3838/3838 3839/3839/3839
f 3840/3840/3840 3836/3836/3836 3839/3839/3839
f 3841/3841/3841 3839/3839/3839 3838/3838/3838
f 3841/3841/3841 3842/3842/3842 3839/3839/3839
f 3843/3843/3843 3839/3839/3839 3842/3842/3842
f 3843/3843/3843 3842/3842/3842 3844/3844/3844
f 3843/3843/3843 3844/3844/3844 3845/3845/3845
f 3845/3845/3845 3844/3844/3844 3846/3846/3846
f 3845/3845/3845 3846/3846/3846 3847/3847/3847
f 3845/3845/3845 3847/3847/3847 3848/3848/3848
f 3849/3849/3849 3845/3845/3845 3848/3848/3848
f 3850/3850/3850 3849/3849/3849 3848/3848/3848
f 3848/3848/3848 3847/3847/3847 3851/3851/3851
f 3852/3852/3852 3850/3850/3850 3848/3848/3848
f 3852/3852/3852 3848/3848/3848 3851/3851/3851
f 3853/3853/3853 3850/3850/3850 3852/3852/3852
f 3854/3854/3854 3852/3852/3852 3851/3851/3851
f 3851/3851/3851 3855/3855/3855 3854/3854/3854
f 3854/3854/3854 3855/3855/3855 3856/3856/3856
f 3857/3857/3857 3852/3852/3852 3854/3854/3854
f 3853/3853/3853 3852/3852/3852 3857/3857/3857
f 3857/3857/3857 3854/3854/3854 3856/3856/3856
f 3856/3856/3856 3853/3853/3853 3857/3857/3857
f 3853/3853/3853 3856/3856/3856 3858/3858/3858
f 3859/3859/3859 3853/3853/3853 3858/3858/3858
f 3858/3858/3858 3860/3860/3860 3859/3859/3859
f 3858/3858/3858 3861/3861/3861 3860/3860/3860
f 3861/3861/3861 3862/3862/3862 3860/3860/3860
f 3858/3858/3858 3863/3863/3863 3861/3861/3861
f 3856/3856/3856 3863/3863/3863 3858/3858/3858
f 3862/3862/3862 3861/3861/3861 3864/3864/3864
f 3861/3861/3861 3863/3863/3863 3864/3864/3864
f 3862/3862/3862 3864/3864/3864 3865/3865/3865
f 3866/3866/3866 3862/3862/3862 3865/3865/3865
f 3865/3865/3865 3867/3867/3867 3866/3866/3866
f 3865/3865/3865 3864/3864/3864 3867/3867/3867
f 3868/3868/3868 3867/3867/3867 3864/3864/3864
f 3867/3867/3867 3868/3868/3868 3869/3869/3869
f 3870/3870/3870 3868/3868/3868 3864/3864/3864
f 3864/3864/3864 3863/3863/3863 3870/3870/3870
f 3868/3868/3868 3871/3871/3871 3869/3869/3869
f 3868/3868/3868 3870/3870/3870 3871/3871/3871
f 3870/3870/3870 3872/3872/3872 3871/3871/3871
f 3869/3869/3869 3871/3871/3871 3873/3873/3873
f 3871/3871/3871 3874/3874/3874 3873/3873/3873
f 3872/3872/3872 3874/3874/3874 3871/3871/3871
f 3872/3872/3872 3875/3875/3875 3874/3874/3874
f 3856/3856/3856 3876/3876/3876 3863/3863/3863
f 3877/3877/3877 3870/3870/3870 3863/3863/3863
f 3863/3863/3863 3876/3876/3876 3877/3877/3877
f 3876/3876/3876 3856/3856/3856 3878/3878/3878
f 3879/3879/3879 3876/3876/3876 3878/3878/3878
f 3878/3878/3878 3856/3856/3856 3855/3855/3855
f 3879/3879/3879 3878/3878/3878 3855/3855/3855
f 3880/3880/3880 3879/3879/3879 3855/3855/3855
f 3881/3881/3881 3870/3870/3870 3877/3877/3877
f 3870/3870/3870 3881/3881/3881 3872/3872/3872
f 3877/3877/3877 3882/3882/3882 3881/3881/3881
f 3883/3883/3883 3872/3872/3872 3881/3881/3881
f 3883/3883/3883 3884/3884/3884 3872/3872/3872
f 3872/3872/3872 3885/3885/3885 3875/3875/3875
f 3872/3872/3872 3884/3884/3884 3885/3885/3885
f 3886/3886/3886 3885/3885/3885 3884/3884/3884
f 3884/3884/3884 3887/3887/3887 3886/3886/3886
f 3875/3875/3875 3885/3885/3885 3888/3888/3888
f 3888/3888/3888 3889/3889/3889 3875/3875/3875
f 3885/3885/3885 3890/3890/3890 3888/3888/3888
f 3888/3888/3888 3891/3891/3891 3889/3889/3889
f 3888/3888/3888 3890/3890/3890 3891/3891/3891
f 3891/3891/3891 3892/3892/3892 3889/3889/3889
f 3893/3893/3893 3892/3892/3892 3891/3891/3891
f 3890/3890/3890 3894/3894/3894 3891/3891/3891
f 3893/3893/3893 3891/3891/3891 3894/3894/3894
f 3895/3895/3895 3893/3893/3893 3894/3894/3894
f 3890/3890/3890 3896/3896/3896 3894/3894/3894
f 3897/3897/3897 3894/3894/3894 3896/3896/3896
f 3897/3897/3897 3895/3895/3895 3894/3894/3894
f 3893/3893/3893 3895/3895/3895 3898/3898/3898
f 3897/3897/3897 3899/3899/3899 3895/3895/3895
f 3900/3900/3900 3898/3898/3898 3895/3895/3895
f 3901/3901/3901 3895/3895/3895 3899/3899/3899
f 3902/3902/3902 3900/3900/3900 3895/3895/3895
f 3901/3901/3901 3902/3902/3902 3895/3895/3895
f 3900/3900/3900 3902/3902/3902 3903/3903/3903
f 3902/3902/3902 3901/3901/3901 3904/3904/3904
f 3904/3904/3904 3903/3903/3903 3902/3902/3902
f 3905/3905/3905 3903/3903/3903 3904/3904/3904
f 3904/3904/3904 3906/3906/3906 3905/3905/3905
f 3905/3905/3905 3906/3906/3906 3907/3907/3907
f 3908/3908/3908 3907/3907/3907 3906/3906/3906
f 3911/3911/3911 3910/3910/3910 3909/3909/3909
f 3909/3909/3909 3912/3912/3912 3911/3911/3911
f 3912/3912/3912 3913/3913/3913 3911/3911/3911
f 3914/3914/3914 3912/3912/3912 3909/3909/3909
f 3915/3915/3915 3914/3914/3914 3909/3909/3909
f 3915/3915/3915 3916/3916/3916 3914/3914/3914
f 3917/3917/3917 3916/3916/3916 3915/3915/3915
f 3917/3917/3917 3918/3918/3918 3916/3916/3916
f 3919/3919/3919 3911/3911/3911 3913/3913/3913
f 3911/3911/3911 3919/3919/3919 3920/3920/3920
f 3921/3921/3921 3920/3920/3920 3919/3919/3919
f 3919/3919/3919 3922/3922/3922 3921/3921/3921
f 3923/3923/3923 3918/3918/3918 3917/3917/3917
f 3918/3918/3918 3923/3923/3923 3924/3924/3924
f 3925/3925/3925 3924/3924/3924 3923/3923/3923
f 3923/3923/3923 3926/3926/3926 3925/3925/3925
f 3924/3924/3924 3925/3925/3925 3927/3927/3927
f 3929/3929/3929 3928/3928/3928 3921/3921/3921
f 3929/3929/3929 3930/3930/3930 3928/3928/3928
f 3928/3928/3928 3930/3930/3930 3931/3931/3931
f 3928/3928/3928 3931/3931/3931 3932/3932/3932
f 3928/3928/3928 3932/3932/3932 3933/3933/3933
f 3932/3932/3932 3934/3934/3934 3933/3933/3933
f 3932/3932/3932 3935/3935/3935 3934/3934/3934
f 3938/3938/3938 3937/3937/3937 3936/3936/3936
f 3938/3938/3938 3939/3939/3939 3937/3937/3937
f 3939/3939/3939 3940/3940/3940 3937/3937/3937
f 3937/3937/3937 3940/3940/3940 3941/3941/3941
f 3938/3938/3938 3942/3942/3942 3939/3939/3939
f 3942/3942/3942 3943/3943/3943 3939/3939/3939
f 3942/3942/3942 3938/3938/3938 3944/3944/3944
f 3942/3942/3942 3944/3944/3944 3943/3943/3943
f 3945/3945/3945 3944/3944/3944 3938/3938/3938
f 3946/3946/3946 3943/3943/3943 3944/3944/3944
f 3946/3946/3946 3944/3944/3944 3945/3945/3945
f 3949/3949/3949 3948/3948/3948 3947/3947/3947
f 3949/3949/3949 3947/3947/3947 3950/3950/3950
f 3947/3947/3947 3951/3951/3951 3950/3950/3950
f 3947/3947/3947 3952/3952/3952 3951/3951/3951
f 3952/3952/3952 3953/3953/3953 3951/3951/3951
f 3951/3951/3951 3953/3953/3953 3954/3954/3954
f 3952/3952/3952 3947/3947/3947 3955/3955/3955
f 3956/3956/3956 3955/3955/3955 3947/3947/3947
f 3954/3954/3954 3953/3953/3953 3957/3957/3957
f 3957/3957/3957 3958/3958/3958 3954/3954/3954
f 3957/3957/3957 3953/3953/3953 3959/3959/3959
f 3952/3952/3952 3960/3960/3960 3953/3953/3953
f 3959/3959/3959 3953/3953/3953 3960/3960/3960
f 3960/3960/3960 3952/3952/3952 3955/3955/3955
f 3960/3960/3960 3961/3961/3961 3959/3959/3959
f 3956/3956/3956 3962/3962/3962 3955/3955/3955
f 3956/3956/3956 3963/3963/3963 3962/3962/3962
f 3955/3955/3955 3964/3964/3964 3960/3960/3960
f 3962/3962/3962 3964/3964/3964 3955/3955/3955
f 3960/3960/3960 3964/3964/3964 3965/3965/3965
f 3965/3965/3965 3964/3964/3964 3966/3966/3966
f 3965/3965/3965 3966/3966/3966 3967/3967/3967
f 3966/3966/3966 3968/3968/3968 3967/3967/3967
f 3966/3966/3966 3969/3969/3969 3968/3968/3968
f 3970/3970/3970 3966/3966/3966 3964/3964/3964
f 3962/3962/3962 3970/3970/3970 3964/3964/3964
f 3970/3970/3970 3962/3962/3962 3971/3971/3971
f 3972/3972/3972 3966/3966/3966 3970/3970/3970
f 3966/3966/3966 3972/3972/3972 3969/3969/3969
f 3970/3970/3970 3971/3971/3971 3972/3972/3972
f 3969/3969/3969 3972/3972/3972 3973/3973/3973
f 3972/3972/3972 3971/3971/3971 3973/3973/3973
f 3974/3974/3974 3969/3969/3969 3973/3973/3973
f 3962/3962/3962 3975/3975/3975 3971/3971/3971
f 3962/3962/3962 3976/3976/3976 3975/3975/3975
f 3976/3976/3976 3977/3977/3977 3975/3975/3975
f 3978/3978/3978 3977/3977/3977 3976/3976/3976
f 3978/3978/3978 3979/3979/3979 3977/3977/3977
f 3977/3977/3977 3980/3980/3980 3975/3975/3975
f 3980/3980/3980 3971/3971/3971 3975/3975/3975
f 3979/3979/3979 3981/3981/3981 3977/3977/3977
f 3980/3980/3980 3977/3977/3977 3981/3981/3981
f 3979/3979/3979 3982/3982/3982 3981/3981/3981
f 3980/3980/3980 3981/3981/3981 3983/3983/3983
f 3980/3980/3980 3983/3983/3983 3984/3984/3984
f 3985/3985/3985 3981/3981/3981 3982/3982/3982
f 3982/3982/3982 3986/3986/3986 3985/3985/3985
f 3981/3981/3981 3985/3985/3985 3987/3987/3987
f 3980/3980/3980 3984/3984/3984 3988/3988/3988
f 3980/3980/3980 3988/3988/3988 3971/3971/3971
f 3988/3988/3988 3984/3984/3984 3989/3989/3989
f 3971/3971/3971 3988/3988/3988 3990/3990/3990
f 3990/3990/3990 3991/3991/3991 3971/3971/3971
f 3986/3986/3986 3992/3992/3992 3985/3985/3985
f 3992/3992/3992 3987/3987/3987 3985/3985/3985
f 3992/3992/3992 3986/3986/3986 3993/3993/3993
f 3993/3993/3993 3994/3994/3994 3992/3992/3992
f 3995/3995/3995 3992/3992/3992 3994/3994/3994
f 3987/3987/3987 3992/3992/3992 3995/3995/3995
f 3995/3995/3995 3996/3996/3996 3987/3987/3987
f 3990/3990/3990 3997/3997/3997 3991/3991/3991
f 3990/3990/3990 3998/3998/3998 3997/3997/3997
f 3999/3999/3999 3991/3991/3991 3997/3997/3997
f 3997/3997/3997 3998/3998/3998 4000/4000/4000
f 3999/3999/3999 3997/3997/3997 4001/4001/4001
f 4000/4000/4000 4001/4001/4001 3997/3997/3997
f 4001/4001/4001 4000/4000/4000 4002/4002/4002
f 3999/3999/3999 4001/4001/4001 4003/4003/4003
f 4001/4001/4001 4002/4002/4002 4004/4004/4004
f 4001/4001/4001 4005/4005/4005 4003/4003/4003
f 4004/4004/4004 4005/4005/4005 4001/4001/4001
f 4003/4003/4003 4005/4005/4005 4006/4006/4006
f 4006/4006/4006 4005/4005/4005 4004/4004/4004
f 4007/4007/4007 4003/4003/4003 4006/4006/4006
f 4008/4008/4008 4006/4006/4006 4004/4004/4004
f 4011/4011/4011 4010/4010/4010 4009/4009/4009
f 4011/4011/4011 4012/4012/4012 4010/4010/4010
f 4012/4012/4012 4011/4011/4011 4013/4013/4013
f 4012/4012/4012 4014/4014/4014 4010/4010/4010
f 4015/4015/4015 4010/4010/4010 4014/4014/4014
f 4016/4016/4016 4012/4012/4012 4013/4013/4013
f 4016/4016/4016 4014/4014/4014 4012/4012/4012
f 4017/4017/4017 4016/4016/4016 4013/4013/4013
f 4015/4015/4015 4014/4014/4014 4018/4018/4018
f 4019/4019/4019 4015/4015/4015 4018/4018/4018
f 4020/4020/4020 4018/4018/4018 4014/4014/4014
f 4019/4019/4019 4018/4018/4018 4020/4020/4020
f 4016/4016/4016 4021/4021/4021 4014/4014/4014
f 4020/4020/4020 4014/4014/4014 4021/4021/4021
f 4016/4016/4016 4017/4017/4017 4022/4022/4022
f 4016/4016/4016 4022/4022/4022 4021/4021/4021
f 4019/4019/4019 4020/4020/4020 4023/4023/4023
f 4023/4023/4023 4024/4024/4024 4019/4019/4019
f 4025/4025/4025 4024/4024/4024 4023/4023/4023
f 4026/4026/4026 4024/4024/4024 4025/4025/4025
f 4026/4026/4026 4025/4025/4025 4027/4027/4027
f 4025/4025/4025 4023/4023/4023 4027/4027/4027
f 4027/4027/4027 4023/4023/4023 4028/4028/4028
f 4028/4028/4028 4023/4023/4023 4020/4020/4020
f 4027/4027/4027 4028/4028/4028 4029/4029/4029
f 4030/4030/4030 4029/4029/4029 4028/4028/4028
f 4030/4030/4030 4031/4031/4031 4029/4029/4029
f 4032/4032/4032 4031/4031/4031 4030/4030/4030
f 4020/4020/4020 4033/4033/4033 4028/4028/4028
f 4020/4020/4020 4021/4021/4021 4033/4033/4033
f 4030/4030/4030 4028/4028/4028 4033/4033/4033
f 4022/4022/4022 4034/4034/4034 4021/4021/4021
f 4034/4034/4034 4033/4033/4033 4021/4021/4021
f 4030/4030/4030 4033/4033/4033 4035/4035/4035
f 4035/4035/4035 4033/4033/4033 4034/4034/4034
f 4034/4034/4034 4022/4022/4022 4036/4036/4036
f 4022/4022/4022 4017/4017/4017 4036/4036/4036
f 4036/4036/4036 4037/4037/4037 4034/4034/4034
f 4035/4035/4035 4034/4034/4034 4037/4037/4037
f 4038/4038/4038 4036/4036/4036 4017/4017/4017
f 4037/4037/4037 4036/4036/4036 4038/4038/4038
f 4038/4038/4038 4039/4039/4039 4037/4037/4037
f 4017/4017/4017 4040/4040/4040 4038/4038/4038
f 4040/4040/4040 4039/4039/4039 4038/4038/4038
f 4041/4041/4041 4039/4039/4039 4040/4040/4040
f 4042/4042/4042 4039/4039/4039 4041/4041/4041
f 4043/4043/4043 4039/4039/4039 4042/4042/4042
f 4037/4037/4037 4044/4044/4044 4035/4035/4035
f 4039/4039/4039 4044/4044/4044 4037/4037/4037
f 4045/4045/4045 4039/4039/4039 4043/4043/4043
f 4045/4045/4045 4044/4044/4044 4039/4039/4039
f 4046/4046/4046 4045/4045/4045 4043/4043/4043
f 4047/4047/4047 4035/4035/4035 4044/4044/4044
f 4045/4045/4045 4047/4047/4047 4044/4044/4044
f 4048/4048/4048 4047/4047/4047 4045/4045/4045
f 4030/4030/4030 4035/4035/4035 4047/4047/4047
f 4049/4049/4049 4047/4047/4047 4048/4048/4048
f 4030/4030/4030 4047/4047/4047 4050/4050/4050
f 4050/4050/4050 4047/4047/4047 4049/4049/4049
f 4032/4032/4032 4030/4030/4030 4050/4050/4050
f 4051/4051/4051 4050/4050/4050 4049/4049/4049
f 4051/4051/4051 4032/4032/4032 4050/4050/4050
f 4052/4052/4052 4032/4032/4032 4051/4051/4051
f 4053/4053/4053 4051/4051/4051 4049/4049/4049
f 4054/4054/4054 4052/4052/4052 4051/4051/4051
f 4053/4053/4053 4054/4054/4054 4051/4051/4051
f 4053/4053/4053 4055/4055/4055 4054/4054/4054
f 4055/4055/4055 4056/4056/4056 4054/4054/4054
f 4059/4059/4059 4058/4058/4058 4057/4057/4057
f 4057/4057/4057 4060/4060/4060 4059/4059/4059
f 4061/4061/4061 4059/4059/4059 4060/4060/4060
f 4062/4062/4062 4061/4061/4061 4060/4060/4060
f 4063/4063/4063 4061/4061/4061 4062/4062/4062
f 4060/4060/4060 4057/4057/4057 4064/4064/4064
f 4060/4060/4060 4064/4064/4064 4065/4065/4065
f 4064/4064/4064 4066/4066/4066 4065/4065/4065
f 4065/4065/4065 4066/4066/4066 4067/4067/4067
f 4065/4065/4065 4067/4067/4067 4068/4068/4068
f 4065/4065/4065 4068/4068/4068 4060/4060/4060
f 4068/4068/4068 4069/4069/4069 4060/4060/4060
f 4060/4060/4060 4069/4069/4069 4062/4062/4062
f 4068/4068/4068 4070/4070/4070 4069/4069/4069
f 4069/4069/4069 4070/4070/4070 4062/4062/4062
f 4062/4062/4062 4070/4070/4070 4071/4071/4071
f 4071/4071/4071 4072/4072/4072 4062/4062/4062
f 4062/4062/4062 4072/4072/4072 4073/4073/4073
f 4074/4074/4074 4073/4073/4073 4072/4072/4072
f 4075/4075/4075 4073/4073/4073 4074/4074/4074
f 4073/4073/4073 4076/4076/4076 4062/4062/4062
f 4075/4075/4075 4076/4076/4076 4073/4073/4073
f 4077/4077/4077 4076/4076/4076 4075/4075/4075
f 4062/4062/4062 4076/4076/4076 4063/4063/4063
f 4077/4077/4077 4078/4078/4078 4076/4076/4076
f 4076/4076/4076 4078/4078/4078 4063/4063/4063
f 4078/4078/4078 4079/4079/4079 4063/4063/4063
f 4082/4082/4082 4081/4081/4081 4080/4080/4080
f 4080/4080/4080 4083/4083/4083 4082/4082/4082
f 4083/4083/4083 4084/4084/4084 4082/4082/4082
f 4084/4084/4084 4083/4083/4083 4085/4085/4085
f 4085/4085/4085 4083/4083/4083 4086/4086/4086
f 4086/4086/4086 4083/4083/4083 4080/4080/4080
f 4087/4087/4087 4085/4085/4085 4086/4086/4086
f 4088/4088/4088 4087/4087/4087 4086/4086/4086
f 4086/4086/4086 4080/4080/4080 4089/4089/4089
f 4090/4090/4090 4088/4088/4088 4086/4086/4086
f 4090/4090/4090 4086/4086/4086 4089/4089/4089
f 4090/4090/4090 4091/4091/4091 4088/4088/4088
f 4091/4091/4091 4090/4090/4090 4089/4089/4089
f 4091/4091/4091 4092/4092/4092 4088/4088/4088
f 4093/4093/4093 4092/4092/4092 4091/4091/4091
f 4094/4094/4094 4089/4089/4089 4080/4080/4080
f 4094/4094/4094 4080/4080/4080 4095/4095/4095
f 4094/4094/4094 4096/4096/4096 4089/4089/4089
f 4097/4097/4097 4089/4089/4089 4096/4096/4096
f 4091/4091/4091 4089/4089/4089 4097/4097/4097
f 4098/4098/4098 4097/4097/4097 4096/4096/4096
f 4097/4097/4097 4098/4098/4098 4091/4091/4091
f 4099/4099/4099 4098/4098/4098 4096/4096/4096
f 4098/4098/4098 4099/4099/4099 4100/4100/4100
f 4101/4101/4101 4093/4093/4093 4091/4091/4091
f 4098/4098/4098 4101/4101/4101 4091/4091/4091
f 4101/4101/4101 4102/4102/4102 4093/4093/4093
f 4101/4101/4101 4098/4098/4098 4103/4103/4103
f 4102/4102/4102 4101/4101/4101 4103/4103/4103
f 4103/4103/4103 4098/4098/4098 4100/4100/4100
f 4104/4104/4104 4102/4102/4102 4103/4103/4103
f 4100/4100/4100 4105/4105/4105 4103/4103/4103
f 4104/4104/4104 4103/4103/4103 4105/4105/4105
f 4100/4100/4100 4106/4106/4106 4105/4105/4105
f 4107/4107/4107 4105/4105/4105 4106/4106/4106
f 4107/4107/4107 4108/4108/4108 4105/4105/4105
f 4108/4108/4108 4104/4104/4104 4105/4105/4105
f 4108/4108/4108 4107/4107/4107 4109/4109/4109
f 4110/4110/4110 4104/4104/4104 4108/4108/4108
f 4110/4110/4110 4108/4108/4108 4109/4109/4109
f 4111/4111/4111 4104/4104/4104 4110/4110/4110
f 4109/4109/4109 4112/4112/4112 4110/4110/4110
f 4113/4113/4113 4112/4112/4112 4109/4109/4109
f 4113/4113/4113 4109/4109/4109 4114/4114/4114
f 4115/4115/4115 4113/4113/4113 4114/4114/4114
f 4116/4116/4116 4113/4113/4113 4115/4115/4115
f 4117/4117/4117 4113/4113/4113 4116/4116/4116
f 4118/4118/4118 4116/4116/4116 4115/4115/4115
f 4119/4119/4119 4118/4118/4118 4115/4115/4115
f 4119/4119/4119 4115/4115/4115 4120/4120/4120
f 4121/4121/4121 4115/4115/4115 4114/4114/4114
f 4120/4120/4120 4115/4115/4115 4121/4121/4121
f 4121/4121/4121 4114/4114/4114 4122/4122/4122
f 4123/4123/4123 4120/4120/4120 4121/4121/4121
f 4123/4123/4123 4124/4124/4124 4120/4120/4120
f 4125/4125/4125 4124/4124/4124 4123/4123/4123
f 4126/4126/4126 4124/4124/4124 4125/4125/4125
f 4126/4126/4126 4127/4127/4127 4124/4124/4124
f 4124/4124/4124 4128/4128/4128 4120/4120/4120
f 4127/4127/4127 4129/4129/4129 4124/4124/4124
f 3491/3491/3491 4129/4129/4129 4127/4127/4127
f 4130/4130/4130 4128/4128/4128 4124/4124/4124
f 4124/4124/4124 4129/4129/4129 4130/4130/4130
f 4130/4130/4130 4131/4131/4131 4128/4128/4128
f 4129/4129/4129 4131/4131/4131 4130/4130/4130
f 4131/4131/4131 4132/4132/4132 4128/4128/4128
f 4131/4131/4131 4133/4133/4133 4132/4132/4132
f 4129/4129/4129 4134/4134/4134 4131/4131/4131
f 4131/4131/4131 4134/4134/4134 4135/4135/4135
f 3491/3491/3491 4136/4136/4136 4129/4129/4129
f 4129/4129/4129 4136/4136/4136 4134/4134/4134
f 4136/4136/4136 3491/3491/3491 4137/4137/4137
f 4137/4137/4137 4134/4134/4134 4136/4136/4136
f 3491/3491/3491 3490/3490/3490 4137/4137/4137
f 4134/4134/4134 4137/4137/4137 4138/4138/4138
f 4137/4137/4137 3490/3490/3490 4138/4138/4138
f 4138/4138/4138 3490/3490/3490 4139/4139/4139
f 4142/4142/4142 4141/4141/4141 4140/4140/4140
f 4142/4142/4142 4140/4140/4140 4143/4143/4143
f 4143/4143/4143 4140/4140/4140 4144/4144/4144
f 4145/4145/4145 4143/4143/4143 4144/4144/4144
f 4144/4144/4144 4140/4140/4140 4146/4146/4146
f 4140/4140/4140 4147/4147/4147 4146/4146/4146
f 4148/4148/4148 4145/4145/4145 4144/4144/4144
f 4146/4146/4146 4149/4149/4149 4144/4144/4144
f 4144/4144/4144 4149/4149/4149 4148/4148/4148
f 4148/4148/4148 4150/4150/4150 4145/4145/4145
f 4151/4151/4151 4145/4145/4145 4150/4150/4150
f 4151/4151/4151 4150/4150/4150 4152/4152/4152
f 4153/4153/4153 4150/4150/4150 4148/4148/4148
f 4153/4153/4153 4148/4148/4148 4154/4154/4154
f 4148/4148/4148 4149/4149/4149 4154/4154/4154
f 4154/4154/4154 4149/4149/4149 4155/4155/4155
f 4156/4156/4156 4155/4155/4155 4149/4149/4149
f 4149/4149/4149 4157/4157/4157 4156/4156/4156
f 4146/4146/4146 4157/4157/4157 4149/4149/4149
f 4156/4156/4156 4157/4157/4157 4158/4158/4158
f 4159/4159/4159 4156/4156/4156 4158/4158/4158
f 4160/4160/4160 4158/4158/4158 4157/4157/4157
f 4161/4161/4161 4157/4157/4157 4146/4146/4146
f 4161/4161/4161 4146/4146/4146 4162/4162/4162
f 4162/4162/4162 4146/4146/4146 4163/4163/4163
f 4162/4162/4162 4163/4163/4163 4164/4164/4164
f 4165/4165/4165 4164/4164/4164 4163/4163/4163
f 4168/4168/4168 4167/4167/4167 4166/4166/4166
f 4168/4168/4168 4169/4169/4169 4167/4167/4167
f 4170/4170/4170 4169/4169/4169 4168/4168/4168
f 4167/4167/4167 4169/4169/4169 4171/4171/4171
f 4171/4171/4171 4172/4172/4172 4167/4167/4167
f 4171/4171/4171 4173/4173/4173 4172/4172/4172
f 4169/4169/4169 4174/4174/4174 4171/4171/4171
f 4171/4171/4171 4175/4175/4175 4173/4173/4173
f 4171/4171/4171 4174/4174/4174 4175/4175/4175
f 4169/4169/4169 4176/4176/4176 4174/4174/4174
f 4177/4177/4177 4176/4176/4176 4169/4169/4169
f 4175/4175/4175 4178/4178/4178 4173/4173/4173
f 4173/4173/4173 4178/4178/4178 4179/4179/4179
f 4178/4178/4178 4180/4180/4180 4179/4179/4179
f 4179/4179/4179 4180/4180/4180 4181/4181/4181
f 4175/4175/4175 4182/4182/4182 4178/4178/4178
f 4178/4178/4178 4182/4182/4182 4180/4180/4180
f 4180/4180/4180 4182/4182/4182 4183/4183/4183
f 4184/4184/4184 4180/4180/4180 4183/4183/4183
f 4183/4183/4183 4182/4182/4182 4185/4185/4185
f 4175/4175/4175 4186/4186/4186 4182/4182/4182
f 4186/4186/4186 4175/4175/4175 4174/4174/4174
f 4187/4187/4187 4182/4182/4182 4186/4186/4186
f 4185/4185/4185 4182/4182/4182 4187/4187/4187
f 4187/4187/4187 4186/4186/4186 4174/4174/4174
f 4185/4185/4185 4187/4187/4187 4188/4188/4188
f 4189/4189/4189 4185/4185/4185 4188/4188/4188
f 4187/4187/4187 4190/4190/4190 4188/4188/4188
f 4191/4191/4191 4187/4187/4187 4174/4174/4174
f 4190/4190/4190 4187/4187/4187 4191/4191/4191
f 4176/4176/4176 4191/4191/4191 4174/4174/4174
f 4190/4190/4190 4191/4191/4191 4192/4192/4192
f 4192/4192/4192 4191/4191/4191 4176/4176/4176
f 4190/4190/4190 4192/4192/4192 4193/4193/4193
f 4192/4192/4192 4176/4176/4176 4194/4194/4194
f 4177/4177/4177 4194/4194/4194 4176/4176/4176
f 4195/4195/4195 4194/4194/4194 4177/4177/4177
f 4192/4192/4192 4194/4194/4194 4196/4196/4196
f 4196/4196/4196 4193/4193/4193 4192/4192/4192
f 4194/4194/4194 4195/4195/4195 4196/4196/4196
f 4193/4193/4193 4196/4196/4196 4197/4197/4197
f 4197/4197/4197 4196/4196/4196 4195/4195/4195
f 4177/4177/4177 4198/4198/4198 4195/4195/4195
f 4198/4198/4198 4177/4177/4177 4199/4199/4199
f 4200/4200/4200 4198/4198/4198 4199/4199/4199
f 4197/4197/4197 4201/4201/4201 4193/4193/4193
f 4201/4201/4201 4197/4197/4197 4202/4202/4202
f 4203/4203/4203 4202/4202/4202 4197/4197/4197
f 4204/4204/4204 4193/4193/4193 4201/4201/4201
f 4201/4201/4201 4205/4205/4205 4204/4204/4204
f 4202/4202/4202 4206/4206/4206 4201/4201/4201
f 4202/4202/4202 4207/4207/4207 4206/4206/4206
f 4206/4206/4206 4207/4207/4207 4208/4208/4208
f 4209/4209/4209 4207/4207/4207 4202/4202/4202
f 4209/4209/4209 4202/4202/4202 4210/4210/4210
f 4202/4202/4202 4211/4211/4211 4210/4210/4210
f 4203/4203/4203 4211/4211/4211 4202/4202/4202
f 4212/4212/4212 4210/4210/4210 4211/4211/4211
f 4211/4211/4211 4203/4203/4203 4212/4212/4212
f 4212/4212/4212 4203/4203/4203 4213/4213/4213
f 4197/4197/4197 4214/4214/4214 4203/4203/4203
f 4195/4195/4195 4214/4214/4214 4197/4197/4197
f 4203/4203/4203 4215/4215/4215 4213/4213/4213
f 4215/4215/4215 4216/4216/4216 4213/4213/4213
f 4214/4214/4214 4217/4217/4217 4203/4203/4203
f 4215/4215/4215 4203/4203/4203 4217/4217/4217
f 4217/4217/4217 4214/4214/4214 4195/4195/4195
f 4215/4215/4215 4217/4217/4217 4216/4216/4216
f 4195/4195/4195 4216/4216/4216 4217/4217/4217
f 4216/4216/4216 4195/4195/4195 4198/4198/4198
f 4218/4218/4218 4216/4216/4216 4198/4198/4198
f 4198/4198/4198 4219/4219/4219 4218/4218/4218
f 4219/4219/4219 4220/4220/4220 4218/4218/4218
f 4200/4200/4200 4219/4219/4219 4198/4198/4198
f 4221/4221/4221 4220/4220/4220 4219/4219/4219
f 4222/4222/4222 4219/4219/4219 4200/4200/4200
f 4221/4221/4221 4219/4219/4219 4223/4223/4223
f 4223/4223/4223 4219/4219/4219 4222/4222/4222
f 4223/4223/4223 4222/4222/4222 4224/4224/4224
f 4225/4225/4225 4221/4221/4221 4223/4223/4223
f 4226/4226/4226 4223/4223/4223 4224/4224/4224
f 4225/4225/4225 4223/4223/4223 4226/4226/4226
f 4224/4224/4224 4227/4227/4227 4226/4226/4226
f 4226/4226/4226 4227/4227/4227 4228/4228/4228
f 4225/4225/4225 4226/4226/4226 4228/4228/4228
f 4228/4228/4228 4229/4229/4229 4225/4225/4225
f 4232/4232/4232 4231/4231/4231 4230/4230/4230
f 4231/4231/4231 4233/4233/4233 4230/4230/4230
f 4231/4231/4231 4234/4234/4234 4233/4233/4233
f 4235/4235/4235 4234/4234/4234 4231/4231/4231
f 4236/4236/4236 4230/4230/4230 4233/4233/4233
f 4237/4237/4237 4230/4230/4230 4236/4236/4236
f 4237/4237/4237 4238/4238/4238 4230/4230/4230
f 4233/4233/4233 4239/4239/4239 4236/4236/4236
f 4236/4236/4236 4239/4239/4239 4237/4237/4237
f 4234/4234/4234 4240/4240/4240 4233/4233/4233
f 4241/4241/4241 4240/4240/4240 4234/4234/4234
f 4241/4241/4241 4234/4234/4234 4242/4242/4242
f 4240/4240/4240 4243/4243/4243 4233/4233/4233
f 4239/4239/4239 4233/4233/4233 4243/4243/4243
f 4244/4244/4244 4241/4241/4241 4242/4242/4242
f 4241/4241/4241 4244/4244/4244 4245/4245/4245
f 4244/4244/4244 4242/4242/4242 4246/4246/4246
f 4244/4244/4244 4246/4246/4246 4247/4247/4247
f 4244/4244/4244 4247/4247/4247 4245/4245/4245
f 4246/4246/4246 4248/4248/4248 4247/4247/4247
f 4240/4240/4240 4249/4249/4249 4243/4243/4243
f 4250/4250/4250 4240/4240/4240 4241/4241/4241
f 4251/4251/4251 4241/4241/4241 4245/4245/4245
f 4245/4245/4245 4252/4252/4252 4251/4251/4251
f 4251/4251/4251 4253/4253/4253 4241/4241/4241
f 4253/4253/4253 4250/4250/4250 4241/4241/4241
f 4245/4245/4245 4254/4254/4254 4252/4252/4252
f 4253/4253/4253 4255/4255/4255 4250/4250/4250
f 4255/4255/4255 4249/4249/4249 4250/4250/4250
f 4255/4255/4255 4253/4253/4253 4256/4256/4256
f 4255/4255/4255 4256/4256/4256 4249/4249/4249
f 4249/4249/4249 4256/4256/4256 4243/4243/4243
f 4243/4243/4243 4256/4256/4256 4257/4257/4257
f 4243/4243/4243 4257/4257/4257 4258/4258/4258
f 4239/4239/4239 4243/4243/4243 4258/4258/4258
f 4239/4239/4239 4258/4258/4258 4259/4259/4259
f 4258/4258/4258 4260/4260/4260 4259/4259/4259
f 4237/4237/4237 4239/4239/4239 4259/4259/4259
f 4259/4259/4259 4261/4261/4261 4237/4237/4237
f 4237/4237/4237 4261/4261/4261 4262/4262/4262
f 4261/4261/4261 4263/4263/4263 4262/4262/4262
f 4264/4264/4264 4237/4237/4237 4262/4262/4262
f 4264/4264/4264 4238/4238/4238 4237/4237/4237
f 4265/4265/4265 4238/4238/4238 4264/4264/4264
f 4238/4238/4238 4265/4265/4265 4266/4266/4266
f 4266/4266/4266 4265/4265/4265 4267/4267/4267
f 4270/4270/4270 4269/4269/4269 4268/4268/4268
f 4270/4270/4270 4271/4271/4271 4269/4269/4269
f 4271/4271/4271 4272/4272/4272 4269/4269/4269
f 4273/4273/4273 4272/4272/4272 4271/4271/4271
f 4274/4274/4274 4273/4273/4273 4271/4271/4271
f 4274/4274/4274 4271/4271/4271 4275/4275/4275
f 4276/4276/4276 4274/4274/4274 4275/4275/4275
f 4279/4279/4279 4278/4278/4278 4277/4277/4277
f 4280/4280/4280 4279/4279/4279 4277/4277/4277
f 4280/4280/4280 4277/4277/4277 4281/4281/4281
f 4281/4281/4281 4282/4282/4282 4280/4280/4280
f 4283/4283/4283 4279/4279/4279 4280/4280/4280
f 4283/4283/4283 4280/4280/4280 4284/4284/4284
f 4284/4284/4284 4280/4280/4280 4285/4285/4285
f 4280/4280/4280 4286/4286/4286 4285/4285/4285
f 4287/4287/4287 4285/4285/4285 4286/4286/4286
f 4290/4290/4290 4289/4289/4289 4288/4288/4288
f 4288/4288/4288 4291/4291/4291 4290/4290/4290
f 4292/4292/4292 4290/4290/4290 4291/4291/4291
f 4292/4292/4292 4293/4293/4293 4290/4290/4290
f 4293/4293/4293 4294/4294/4294 4290/4290/4290
f 4293/4293/4293 4295/4295/4295 4294/4294/4294
f 4293/4293/4293 4296/4296/4296 4295/4295/4295
f 4293/4293/4293 4292/4292/4292 4297/4297/4297
f 4297/4297/4297 4292/4292/4292 4291/4291/4291
f 4297/4297/4297 4291/4291/4291 4298/4298/4298
f 4298/4298/4298 4291/4291/4291 4299/4299/4299
f 4298/4298/4298 4300/4300/4300 4297/4297/4297
f 4301/4301/4301 4300/4300/4300 4298/4298/4298
f 4300/4300/4300 4302/4302/4302 4297/4297/4297
f 4302/4302/4302 4303/4303/4303 4297/4297/4297
f 4302/4302/4302 4300/4300/4300 4304/4304/4304
f 4307/4307/4307 4306/4306/4306 4305/4305/4305
f 4306/4306/4306 4308/4308/4308 4305/4305/4305
f 4306/4306/4306 4309/4309/4309 4308/4308/4308
f 4310/4310/4310 4308/4308/4308 4309/4309/4309
f 4311/4311/4311 4308/4308/4308 4310/4310/4310
f 4305/4305/4305 4308/4308/4308 4311/4311/4311
f 4312/4312/4312 4305/4305/4305 4311/4311/4311
f 4305/4305/4305 4312/4312/4312 4313/4313/4313
f 4314/4314/4314 4305/4305/4305 4313/4313/4313
f 4315/4315/4315 4314/4314/4314 4313/4313/4313
f 4315/4315/4315 4313/4313/4313 4316/4316/4316
f 4317/4317/4317 4314/4314/4314 4315/4315/4315
f 4317/4317/4317 4318/4318/4318 4314/4314/4314
f 4315/4315/4315 4316/4316/4316 4319/4319/4319
f 4317/4317/4317 4315/4315/4315 4319/4319/4319
f 4319/4319/4319 4316/4316/4316 4320/4320/4320
f 4319/4319/4319 4320/4320/4320 4321/4321/4321
f 4322/4322/4322 4321/4321/4321 4320/4320/4320
f 4323/4323/4323 4317/4317/4317 4319/4319/4319
f 4319/4319/4319 4321/4321/4321 4323/4323/4323
f 4321/4321/4321 4322/4322/4322 4324/4324/4324
f 4322/4322/4322 4325/4325/4325 4324/4324/4324
f 4321/4321/4321 4326/4326/4326 4323/4323/4323
f 4327/4327/4327 4326/4326/4326 4321/4321/4321
f 4328/4328/4328 4324/4324/4324 4325/4325/4325
f 4321/4321/4321 4329/4329/4329 4327/4327/4327
f 4330/4330/4330 4327/4327/4327 4329/4329/4329
f 4331/4331/4331 4329/4329/4329 4321/4321/4321
f 4330/4330/4330 4329/4329/4329 4331/4331/4331
f 4321/4321/4321 4324/4324/4324 4331/4331/4331
f 4330/4330/4330 4331/4331/4331 4332/4332/4332
f 4332/4332/4332 4331/4331/4331 4333/4333/4333
f 4332/4332/4332 4333/4333/4333 4334/4334/4334
f 4335/4335/4335 4334/4334/4334 4333/4333/4333
f 4333/4333/4333 4336/4336/4336 4335/4335/4335
f 4331/4331/4331 4337/4337/4337 4333/4333/4333
f 4333/4333/4333 4337/4337/4337 4336/4336/4336
f 4337/4337/4337 4331/4331/4331 4324/4324/4324
f 4338/4338/4338 4336/4336/4336 4337/4337/4337
f 4338/4338/4338 4337/4337/4337 4324/4324/4324
f 4339/4339/4339 4336/4336/4336 4338/4338/4338
f 4340/4340/4340 4339/4339/4339 4338/4338/4338
f 4340/4340/4340 4341/4341/4341 4339/4339/4339
f 4338/4338/4338 4342/4342/4342 4340/4340/4340
f 4342/4342/4342 4338/4338/4338 4324/4324/4324
f 4343/4343/4343 4340/4340/4340 4342/4342/4342
f 4342/4342/4342 4324/4324/4324 4344/4344/4344
f 4324/4324/4324 4328/4328/4328 4344/4344/4344
f 4342/4342/4342 4345/4345/4345 4343/4343/4343
f 4342/4342/4342 4344/4344/4344 4345/4345/4345
f 4344/4344/4344 4328/4328/4328 4346/4346/4346
f 4345/4345/4345 4347/4347/4347 4343/4343/4343
f 4328/4328/4328 4348/4348/4348 4346/4346/4346
f 4345/4345/4345 4349/4349/4349 4347/4347/4347
f 4350/4350/4350 4347/4347/4347 4349/4349/4349
f 4349/4349/4349 4345/4345/4345 4351/4351/4351
f 4351/4351/4351 4352/4352/4352 4349/4349/4349
f 4353/4353/4353 4351/4351/4351 4346/4346/4346
f 4346/4346/4346 4348/4348/4348 4353/4353/4353
f 4353/4353/4353 4352/4352/4352 4351/4351/4351
f 4354/4354/4354 4353/4353/4353 4348/4348/4348
f 4355/4355/4355 4354/4354/4354 4348/4348/4348
f 4356/4356/4356 4355/4355/4355 4348/4348/4348
f 4357/4357/4357 4355/4355/4355 4356/4356/4356
f 4358/4358/4358 4353/4353/4353 4354/4354/4354
f 4354/4354/4354 4355/4355/4355 4358/4358/4358
f 4355/4355/4355 4357/4357/4357 4359/4359/4359
f 4359/4359/4359 4358/4358/4358 4355/4355/4355
f 4358/4358/4358 4360/4360/4360 4353/4353/4353
f 4360/4360/4360 4352/4352/4352 4353/4353/4353
f 4357/4357/4357 4361/4361/4361 4359/4359/4359
f 4361/4361/4361 4357/4357/4357 4362/4362/4362
f 4363/4363/4363 4358/4358/4358 4359/4359/4359
f 4360/4360/4360 4358/4358/4358 4363/4363/4363
f 4359/4359/4359 4361/4361/4361 4363/4363/4363
f 4362/4362/4362 4364/4364/4364 4361/4361/4361
f 4362/4362/4362 4365/4365/4365 4364/4364/4364
f 4366/4366/4366 4363/4363/4363 4361/4361/4361
f 4360/4360/4360 4363/4363/4363 4366/4366/4366
f 4366/4366/4366 4361/4361/4361 4364/4364/4364
f 4366/4366/4366 4364/4364/4364 4367/4367/4367
f 4368/4368/4368 4364/4364/4364 4365/4365/4365
f 4364/4364/4364 4368/4368/4368 4367/4367/4367
f 4365/4365/4365 4369/4369/4369 4368/4368/4368
f 4370/4370/4370 4360/4360/4360 4366/4366/4366
f 4360/4360/4360 4370/4370/4370 4352/4352/4352
f 4366/4366/4366 4367/4367/4367 4370/4370/4370
f 4369/4369/4369 4371/4371/4371 4368/4368/4368
f 4367/4367/4367 4368/4368/4368 4371/4371/4371
f 4371/4371/4371 4369/4369/4369 4372/4372/4372
f 4373/4373/4373 4372/4372/4372 4369/4369/4369
f 4370/4370/4370 4374/4374/4374 4352/4352/4352
f 4370/4370/4370 4367/4367/4367 4374/4374/4374
f 4375/4375/4375 4352/4352/4352 4374/4374/4374
f 4376/4376/4376 4352/4352/4352 4375/4375/4375
f 4377/4377/4377 4375/4375/4375 4374/4374/4374
f 4374/4374/4374 4378/4378/4378 4377/4377/4377
f 4378/4378/4378 4379/4379/4379 4377/4377/4377
f 4380/4380/4380 4378/4378/4378 4374/4374/4374
f 4367/4367/4367 4380/4380/4380 4374/4374/4374
f 4367/4367/4367 4381/4381/4381 4380/4380/4380
f 4371/4371/4371 4381/4381/4381 4367/4367/4367
f 4371/4371/4371 4382/4382/4382 4381/4381/4381
f 4371/4371/4371 4372/4372/4372 4382/4382/4382
f 4383/4383/4383 4381/4381/4381 4382/4382/4382
f 4381/4381/4381 4383/4383/4383 4384/4384/4384
f 4384/4384/4384 4383/4383/4383 4385/4385/4385
f 4385/4385/4385 4383/4383/4383 4386/4386/4386
f 4386/4386/4386 4383/4383/4383 4387/4387/4387
f 4382/4382/4382 4387/4387/4387 4383/4383/4383
f 4382/4382/4382 4388/4388/4388 4387/4387/4387
f 4388/4388/4388 4382/4382/4382 4389/4389/4389
f 4382/4382/4382 4372/4372/4372 4389/4389/4389
f 4388/4388/4388 4389/4389/4389 4390/4390/4390
f 4389/4389/4389 4372/4372/4372 4390/4390/4390
f 4372/4372/4372 4391/4391/4391 4390/4390/4390
f 4391/4391/4391 4392/4392/4392 4390/4390/4390
f 4372/4372/4372 4393/4393/4393 4391/4391/4391
f 4372/4372/4372 4373/4373/4373 4393/4393/4393
f 4394/4394/4394 4393/4393/4393 4373/4373/4373
f 4373/4373/4373 4395/4395/4395 4394/4394/4394
f 4393/4393/4393 4394/4394/4394 4396/4396/4396
f 4394/4394/4394 4397/4397/4397 4396/4396/4396
f 4397/4397/4397 4398/4398/4398 4396/4396/4396
f 4401/4401/4401 4400/4400/4400 4399/4399/4399
f 4402/4402/4402 4401/4401/4401 4399/4399/4399
f 4402/4402/4402 4399/4399/4399 4403/4403/4403
f 4404/4404/4404 4401/4401/4401 4402/4402/4402
f 4404/4404/4404 4405/4405/4405 4401/4401/4401
f 4406/4406/4406 4404/4404/4404 4402/4402/4402
f 4402/4402/4402 4403/4403/4403 4407/4407/4407
f 4403/4403/4403 4408/4408/4408 4407/4407/4407
f 4409/4409/4409 4402/4402/4402 4407/4407/4407
f 4407/4407/4407 4408/4408/4408 4410/4410/4410
f 4409/4409/4409 4407/4407/4407 4411/4411/4411
f 4407/4407/4407 4410/4410/4410 4411/4411/4411
f 4409/4409/4409 4411/4411/4411 4412/4412/4412
f 4413/4413/4413 4409/4409/4409 4412/4412/4412
f 4413/4413/4413 4412/4412/4412 4414/4414/4414
f 4413/4413/4413 4414/4414/4414 4415/4415/4415
f 4415/4415/4415 4414/4414/4414 4416/4416/4416
f 4416/4416/4416 4414/4414/4414 4417/4417/4417
f 4418/4418/4418 4417/4417/4417 4414/4414/4414
f 4419/4419/4419 4411/4411/4411 4410/4410/4410
f 4412/4412/4412 4411/4411/4411 4419/4419/4419
f 4412/4412/4412 4419/4419/4419 4414/4414/4414
f 4420/4420/4420 4419/4419/4419 4410/4410/4410
f 4414/4414/4414 4421/4421/4421 4418/4418/4418
f 4419/4419/4419 4421/4421/4421 4414/4414/4414
f 4421/4421/4421 4419/4419/4419 4420/4420/4420
f 4418/4418/4418 4421/4421/4421 4422/4422/4422
f 4421/4421/4421 4420/4420/4420 4422/4422/4422
f 4425/4425/4425 4424/4424/4424 4423/4423/4423
f 4426/4426/4426 4425/4425/4425 4423/4423/4423
f 4423/4423/4423 4427/4427/4427 4426/4426/4426
f 4426/4426/4426 4427/4427/4427 4428/4428/4428
f 4428/4428/4428 4427/4427/4427 4429/4429/4429
f 4429/4429/4429 4430/4430/4430 4428/4428/4428
f 4429/4429/4429 4431/4431/4431 4430/4430/4430
f 4434/4434/4434 4433/4433/4433 4432/4432/4432
f 4432/4432/4432 4433/4433/4433 4435/4435/4435
f 4435/4435/4435 4436/4436/4436 4432/4432/4432
f 4435/4435/4435 4433/4433/4433 4437/4437/4437
f 4438/4438/4438 4437/4437/4437 4433/4433/4433
f 4437/4437/4437 4438/4438/4438 4439/4439/4439
f 4439/4439/4439 4438/4438/4438 4440/4440/4440
f 4441/4441/4441 4435/4435/4435 4437/4437/4437
f 4437/4437/4437 4439/4439/4439 4441/4441/4441
f 4435/4435/4435 4441/4441/4441 4442/4442/4442
f 4442/4442/4442 4436/4436/4436 4435/4435/4435
f 4439/4439/4439 4443/4443/4443 4441/4441/4441
f 4441/4441/4441 4443/4443/4443 4442/4442/4442
f 4439/4439/4439 4444/4444/4444 4443/4443/4443
f 4443/4443/4443 4444/4444/4444 4445/4445/4445
f 4444/4444/4444 4446/4446/4446 4445/4445/4445
f 4443/4443/4443 4447/4447/4447 4442/4442/4442
f 4445/4445/4445 4447/4447/4447 4443/4443/4443
f 4442/4442/4442 4447/4447/4447 4448/4448/4448
f 4442/4442/4442 4448/4448/4448 4436/4436/4436
f 4445/4445/4445 4446/4446/4446 4449/4449/4449
f 4446/4446/4446 4450/4450/4450 4449/4449/4449
f 4445/4445/4445 4451/4451/4451 4447/4447/4447
f 4448/4448/4448 4447/4447/4447 4451/4451/4451
f 4451/4451/4451 4452/4452/4452 4448/4448/4448
f 4453/4453/4453 4451/4451/4451 4445/4445/4445
f 4449/4449/4449 4453/4453/4453 4445/4445/4445
f 4453/4453/4453 4452/4452/4452 4451/4451/4451
f 4448/4448/4448 4454/4454/4454 4436/4436/4436
f 4454/4454/4454 4448/4448/4448 4452/4452/4452
f 4450/4450/4450 4455/4455/4455 4449/4449/4449
f 4455/4455/4455 4453/4453/4453 4449/4449/4449
f 4450/4450/4450 4456/4456/4456 4455/4455/4455
f 4456/4456/4456 4450/4450/4450 4457/4457/4457
f 4453/4453/4453 4455/4455/4455 4458/4458/4458
f 4453/4453/4453 4458/4458/4458 4452/4452/4452
f 4455/4455/4455 4456/4456/4456 4458/4458/4458
f 4436/4436/4436 4454/4454/4454 4459/4459/4459
f 4436/4436/4436 4459/4459/4459 4460/4460/4460
f 4459/4459/4459 4461/4461/4461 4460/4460/4460
f 4459/4459/4459 4454/4454/4454 4461/4461/4461
f 4460/4460/4460 4461/4461/4461 4462/4462/4462
f 4454/4454/4454 4452/4452/4452 4463/4463/4463
f 4454/4454/4454 4463/4463/4463 4461/4461/4461
f 4452/4452/4452 4458/4458/4458 4464/4464/4464
f 4456/4456/4456 4465/4465/4465 4458/4458/4458
f 4458/4458/4458 4465/4465/4465 4464/4464/4464
f 4466/4466/4466 4463/4463/4463 4452/4452/4452
f 4464/4464/4464 4466/4466/4466 4452/4452/4452
f 4464/4464/4464 4467/4467/4467 4466/4466/4466
f 4467/4467/4467 4468/4468/4468 4466/4466/4466
f 4461/4461/4461 4463/4463/4463 4469/4469/4469
f 4463/4463/4463 4466/4466/4466 4469/4469/4469
f 4470/4470/4470 4462/4462/4462 4461/4461/4461
f 4461/4461/4461 4469/4469/4469 4470/4470/4470
f 4466/4466/4466 4471/4471/4471 4469/4469/4469
f 4466/4466/4466 4468/4468/4468 4471/4471/4471
f 4469/4469/4469 4471/4471/4471 4470/4470/4470
f 4456/4456/4456 4472/4472/4472 4465/4465/4465
f 4456/4456/4456 4457/4457/4457 4472/4472/4472
f 4465/4465/4465 4473/4473/4473 4464/4464/4464
f 4472/4472/4472 4473/4473/4473 4465/4465/4465
f 4474/4474/4474 4462/4462/4462 4470/4470/4470
f 4475/4475/4475 4462/4462/4462 4474/4474/4474
f 4471/4471/4471 4476/4476/4476 4470/4470/4470
f 4470/4470/4470 4476/4476/4476 4474/4474/4474
f 4474/4474/4474 4477/4477/4477 4475/4475/4475
f 4474/4474/4474 4476/4476/4476 4477/4477/4477
f 4475/4475/4475 4477/4477/4477 4478/4478/4478
f 4477/4477/4477 4479/4479/4479 4478/4478/4478
f 4479/4479/4479 4477/4477/4477 4480/4480/4480
f 4476/4476/4476 4480/4480/4480 4477/4477/4477
f 4471/4471/4471 4481/4481/4481 4476/4476/4476
f 4476/4476/4476 4481/4481/4481 4480/4480/4480
f 4468/4468/4468 4481/4481/4481 4471/4471/4471
f 4481/4481/4481 4468/4468/4468 4480/4480/4480
f 4480/4480/4480 4468/4468/4468 4482/4482/4482
f 4468/4468/4468 4483/4483/4483 4482/4482/4482
f 4484/4484/4484 4483/4483/4483 4468/4468/4468
f 4485/4485/4485 4483/4483/4483 4484/4484/4484
f 4484/4484/4484 4486/4486/4486 4485/4485/4485
f 4468/4468/4468 4467/4467/4467 4484/4484/4484
f 4467/4467/4467 4486/4486/4486 4484/4484/4484
f 4487/4487/4487 4486/4486/4486 4467/4467/4467
f 4488/4488/4488 4487/4487/4487 4467/4467/4467
f 4489/4489/4489 4488/4488/4488 4467/4467/4467
f 4464/4464/4464 4489/4489/4489 4467/4467/4467
f 4490/4490/4490 4488/4488/4488 4489/4489/4489
f 4473/4473/4473 4489/4489/4489 4464/4464/4464
f 4490/4490/4490 4489/4489/4489 4473/4473/4473
f 4491/4491/4491 4490/4490/4490 4473/4473/4473
f 4473/4473/4473 4472/4472/4472 4491/4491/4491
f 4491/4491/4491 4472/4472/4472 4492/4492/4492
f 4492/4492/4492 4472/4472/4472 4457/4457/4457
f 4493/4493/4493 4492/4492/4492 4457/4457/4457
f 4457/4457/4457 4494/4494/4494 4493/4493/4493
f 4494/4494/4494 4457/4457/4457 4495/4495/4495
f 4498/4498/4498 4497/4497/4497 4496/4496/4496
f 4497/4497/4497 4499/4499/4499 4496/4496/4496
f 4500/4500/4500 4496/4496/4496 4499/4499/4499
f 4497/4497/4497 4501/4501/4501 4499/4499/4499
f 4500/4500/4500 4499/4499/4499 4502/4502/4502
f 4501/4501/4501 4503/4503/4503 4499/4499/4499
f 4503/4503/4503 4502/4502/4502 4499/4499/4499
f 4503/4503/4503 4501/4501/4501 4504/4504/4504
f 4503/4503/4503 4504/4504/4504 4502/4502/4502
f 4505/4505/4505 4504/4504/4504 4501/4501/4501
f 4502/4502/4502 4504/4504/4504 4506/4506/4506
f 4504/4504/4504 4505/4505/4505 4507/4507/4507
f 4507/4507/4507 4506/4506/4506 4504/4504/4504
f 4507/4507/4507 4505/4505/4505 4508/4508/4508
f 4506/4506/4506 4507/4507/4507 4509/4509/4509
f 4507/4507/4507 4508/4508/4508 4510/4510/4510
f 4510/4510/4510 4509/4509/4509 4507/4507/4507
f 4510/4510/4510 4508/4508/4508 4511/4511/4511
f 4510/4510/4510 4511/4511/4511 4512/4512/4512
f 4513/4513/4513 4509/4509/4509 4510/4510/4510
f 4513/4513/4513 4510/4510/4510 4512/4512/4512
f 4511/4511/4511 4514/4514/4514 4512/4512/4512
f 4512/4512/4512 4514/4514/4514 4515/4515/4515
f 4514/4514/4514 4516/4516/4516 4515/4515/4515
f 4517/4517/4517 4513/4513/4513 4512/4512/4512
f 4517/4517/4517 4518/4518/4518 4513/4513/4513
f 4513/4513/4513 4518/4518/4518 4519/4519/4519
f 4512/4512/4512 4515/4515/4515 4520/4520/4520
f 4515/4515/4515 4516/4516/4516 4521/4521/4521
f 4520/4520/4520 4515/4515/4515 4521/4521/4521
f 4512/4512/4512 4520/4520/4520 4522/4522/4522
f 4517/4517/4517 4512/4512/4512 4522/4522/4522
f 4521/4521/4521 4523/4523/4523 4520/4520/4520
f 4522/4522/4522 4520/4520/4520 4523/4523/4523
f 4521/4521/4521 4516/4516/4516 4524/4524/4524
f 4521/4521/4521 4524/4524/4524 4523/4523/4523
f 4523/4523/4523 4524/4524/4524 4525/4525/4525
f 4526/4526/4526 4522/4522/4522 4523/4523/4523
f 4524/4524/4524 4527/4527/4527 4525/4525/4525
f 4522/4522/4522 4526/4526/4526 4528/4528/4528
f 4528/4528/4528 4517/4517/4517 4522/4522/4522
f 4526/4526/4526 4529/4529/4529 4528/4528/4528
f 4530/4530/4530 4517/4517/4517 4528/4528/4528
f 4517/4517/4517 4530/4530/4530 4518/4518/4518
f 4531/4531/4531 4524/4524/4524 4516/4516/4516
f 4531/4531/4531 4516/4516/4516 4532/4532/4532
f 4533/4533/4533 4531/4531/4531 4532/4532/4532
f 4524/4524/4524 4534/4534/4534 4527/4527/4527
f 4524/4524/4524 4531/4531/4531 4534/4534/4534
f 4534/4534/4534 4531/4531/4531 4533/4533/4533
f 4527/4527/4527 4534/4534/4534 4535/4535/4535
f 4535/4535/4535 4534/4534/4534 4533/4533/4533
f 4536/4536/4536 4518/4518/4518 4530/4530/4530
f 4536/4536/4536 4530/4530/4530 4537/4537/4537
f 4536/4536/4536 4537/4537/4537 4538/4538/4538
f 4537/4537/4537 4530/4530/4530 4539/4539/4539
f 4536/4536/4536 4540/4540/4540 4518/4518/4518
f 4540/4540/4540 4519/4519/4519 4518/4518/4518
f 4541/4541/4541 4537/4537/4537 4539/4539/4539
f 4539/4539/4539 4542/4542/4542 4541/4541/4541
f 4543/4543/4543 4537/4537/4537 4541/4541/4541
f 4538/4538/4538 4537/4537/4537 4543/4543/4543
f 4543/4543/4543 4541/4541/4541 4544/4544/4544
f 4543/4543/4543 4544/4544/4544 4545/4545/4545
f 4538/4538/4538 4543/4543/4543 4545/4545/4545
f 4538/4538/4538 4545/4545/4545 4546/4546/4546
f 4547/4547/4547 4538/4538/4538 4546/4546/4546
f 4547/4547/4547 4548/4548/4548 4538/4538/4538
f 4549/4549/4549 4536/4536/4536 4538/4538/4538
f 4548/4548/4548 4549/4549/4549 4538/4538/4538
f 4549/4549/4549 4540/4540/4540 4536/4536/4536
f 4549/4549/4549 4548/4548/4548 4550/4550/4550
f 4540/4540/4540 4549/4549/4549 4550/4550/4550
f 4540/4540/4540 4550/4550/4550 4551/4551/4551
f 4519/4519/4519 4540/4540/4540 4551/4551/4551
f 4552/4552/4552 4519/4519/4519 4551/4551/4551
f 4551/4551/4551 4553/4553/4553 4552/4552/4552
f 4556/4556/4556 4555/4555/4555 4554/4554/4554
f 4556/4556/4556 4557/4557/4557 4555/4555/4555
f 4560/4560/4560 4559/4559/4559 4558/4558/4558
f 4559/4559/4559 4561/4561/4561 4558/4558/4558
f 4562/4562/4562 4561/4561/4561 4559/4559/4559
f 4562/4562/4562 4559/4559/4559 4563/4563/4563
f 4561/4561/4561 4564/4564/4564 4558/4558/4558
f 4562/4562/4562 4565/4565/4565 4561/4561/4561
f 4565/4565/4565 4564/4564/4564 4561/4561/4561
f 4564/4564/4564 352/352/352 4558/4558/4558
f 352/352/352 346/346/346 4558/4558/4558
f 4564/4564/4564 357/357/357 352/352/352
f 4565/4565/4565 357/357/357 4564/4564/4564
f 346/346/346 4566/4566/4566 4558/4558/4558
f 346/346/346 4567/4567/4567 4566/4566/4566
f 4567/4567/4567 4568/4568/4568 4566/4566/4566
f 4567/4567/4567 4569/4569/4569 4568/4568/4568
f 4567/4567/4567 4570/4570/4570 4569/4569/4569
f 4565/4565/4565 360/360/360 357/357/357
f 4571/4571/4571 4565/4565/4565 4562/4562/4562
f 4571/4571/4571 360/360/360 4565/4565/4565
f 4572/4572/4572 4571/4571/4571 4562/4562/4562
f 4571/4571/4571 4572/4572/4572 360/360/360
f 4573/4573/4573 4572/4572/4572 4562/4562/4562
f 360/360/360 4572/4572/4572 405/405/405
f 4574/4574/4574 4572/4572/4572 4573/4573/4573
f 4574/4574/4574 405/405/405 4572/4572/4572
f 405/405/405 4574/4574/4574 4575/4575/4575
f 4573/4573/4573 4576/4576/4576 4574/4574/4574
f 4574/4574/4574 4576/4576/4576 4577/4577/4577
f 4576/4576/4576 4578/4578/4578 4577/4577/4577
f 4578/4578/4578 4579/4579/4579 4577/4577/4577
f 4579/4579/4579 4580/4580/4580 4577/4577/4577
f 4579/4579/4579 4581/4581/4581 4580/4580/4580
f 4584/4584/4584 4583/4583/4583 4582/4582/4582
f 4582/4582/4582 4585/4585/4585 4584/4584/4584
f 4584/4584/4584 4585/4585/4585 4586/4586/4586
f 4585/4585/4585 4587/4587/4587 4586/4586/4586
f 4584/4584/4584 4586/4586/4586 4588/4588/4588
f 4586/4586/4586 4587/4587/4587 4589/4589/4589
f 4590/4590/4590 4587/4587/4587 4585/4585/4585
f 4591/4591/4591 4590/4590/4590 4585/4585/4585
f 4590/4590/4590 4591/4591/4591 4592/4592/4592
f 4591/4591/4591 4593/4593/4593 4592/4592/4592
f 4590/4590/4590 4594/4594/4594 4587/4587/4587
f 4594/4594/4594 4595/4595/4595 4587/4587/4587
f 4595/4595/4595 4596/4596/4596 4587/4587/4587
f 4589/4589/4589 4587/4587/4587 4597/4597/4597
f 4597/4597/4597 4587/4587/4587 4596/4596/4596
f 4589/4589/4589 4597/4597/4597 4598/4598/4598
f 4597/4597/4597 4596/4596/4596 4599/4599/4599
f 4599/4599/4599 4596/4596/4596 4600/4600/4600
f 4599/4599/4599 4600/4600/4600 4601/4601/4601
f 4600/4600/4600 4602/4602/4602 4601/4601/4601
f 4601/4601/4601 4602/4602/4602 4603/4603/4603
f 4602/4602/4602 4600/4600/4600 4604/4604/4604
f 4607/4607/4607 4606/4606/4606 4605/4605/4605
f 4608/4608/4608 4606/4606/4606 4607/4607/4607
f 4608/4608/4608 4607/4607/4607 4609/4609/4609
f 4610/4610/4610 4608/4608/4608 4609/4609/4609
f 4608/4608/4608 4610/4610/4610 4611/4611/4611
f 4608/4608/4608 4611/4611/4611 4612/4612/4612
f 4611/4611/4611 4613/4613/4613 4612/4612/4612
f 4610/4610/4610 4614/4614/4614 4611/4611/4611
f 4615/4615/4615 4614/4614/4614 4610/4610/4610
f 4613/4613/4613 4616/4616/4616 4612/4612/4612
f 4617/4617/4617 4612/4612/4612 4616/4616/4616
f 4618/4618/4618 4614/4614/4614 4615/4615/4615
f 4618/4618/4618 4615/4615/4615 4619/4619/4619
f 4620/4620/4620 4618/4618/4618 4619/4619/4619
f 4621/4621/4621 4620/4620/4620 4619/4619/4619
f 4622/4622/4622 4618/4618/4618 4620/4620/4620
f 4614/4614/4614 4623/4623/4623 4611/4611/4611
f 4614/4614/4614 4618/4618/4618 4624/4624/4624
f 4623/4623/4623 4614/4614/4614 4624/4624/4624
f 4618/4618/4618 4625/4625/4625 4624/4624/4624
f 4622/4622/4622 4625/4625/4625 4618/4618/4618
f 4625/4625/4625 4623/4623/4623 4624/4624/4624
f 4623/4623/4623 4626/4626/4626 4611/4611/4611
f 4625/4625/4625 4626/4626/4626 4623/4623/4623
f 4613/4613/4613 4611/4611/4611 4626/4626/4626
f 4622/4622/4622 4627/4627/4627 4625/4625/4625
f 4627/4627/4627 4626/4626/4626 4625/4625/4625
f 4628/4628/4628 4627/4627/4627 4622/4622/4622
f 4629/4629/4629 4627/4627/4627 4628/4628/4628
f 4630/4630/4630 4626/4626/4626 4627/4627/4627
f 4629/4629/4629 4630/4630/4630 4627/4627/4627
f 4626/4626/4626 4630/4630/4630 4613/4613/4613
f 4629/4629/4629 4631/4631/4631 4630/4630/4630
f 4631/4631/4631 4632/4632/4632 4630/4630/4630
f 4630/4630/4630 4632/4632/4632 4633/4633/4633
f 4630/4630/4630 4633/4633/4633 4613/4613/4613
f 4634/4634/4634 4633/4633/4633 4632/4632/4632
f 4613/4613/4613 4633/4633/4633 4635/4635/4635
f 4633/4633/4633 4634/4634/4634 4635/4635/4635
f 4636/4636/4636 4613/4613/4613 4635/4635/4635
f 4613/4613/4613 4636/4636/4636 4616/4616/4616
f 4635/4635/4635 4634/4634/4634 4637/4637/4637
f 4634/4634/4634 4638/4638/4638 4637/4637/4637
f 4635/4635/4635 4639/4639/4639 4636/4636/4636
f 4636/4636/4636 4639/4639/4639 4616/4616/4616
f 4637/4637/4637 4639/4639/4639 4635/4635/4635
f 4640/4640/4640 4637/4637/4637 4638/4638/4638
f 4638/4638/4638 4641/4641/4641 4640/4640/4640
f 4639/4639/4639 4642/4642/4642 4616/4616/4616
f 4616/4616/4616 4642/4642/4642 4617/4617/4617
f 4637/4637/4637 4643/4643/4643 4639/4639/4639
f 4637/4637/4637 4640/4640/4640 4643/4643/4643
f 4617/4617/4617 4642/4642/4642 4644/4644/4644
f 4617/4617/4617 4644/4644/4644 4645/4645/4645
f 4646/4646/4646 4642/4642/4642 4639/4639/4639
f 4643/4643/4643 4646/4646/4646 4639/4639/4639
f 4646/4646/4646 4644/4644/4644 4642/4642/4642
f 4644/4644/4644 4647/4647/4647 4645/4645/4645
f 4648/4648/4648 4644/4644/4644 4646/4646/4646
f 4647/4647/4647 4649/4649/4649 4645/4645/4645
f 4650/4650/4650 4646/4646/4646 4643/4643/4643
f 4650/4650/4650 4648/4648/4648 4646/4646/4646
f 4650/4650/4650 4643/4643/4643 4640/4640/4640
f 4648/4648/4648 4650/4650/4650 4651/4651/4651
f 4651/4651/4651 4650/4650/4650 4640/4640/4640
f 4648/4648/4648 4651/4651/4651 4652/4652/4652
f 4652/4652/4652 4651/4651/4651 4653/4653/4653
f 4651/4651/4651 4654/4654/4654 4653/4653/4653
f 4655/4655/4655 4654/4654/4654 4651/4651/4651
f 4656/4656/4656 4651/4651/4651 4640/4640/4640
f 4656/4656/4656 4655/4655/4655 4651/4651/4651
f 4656/4656/4656 4640/4640/4640 4641/4641/4641
f 4656/4656/4656 4641/4641/4641 4655/4655/4655
f 4645/4645/4645 4649/4649/4649 4657/4657/4657
f 4657/4657/4657 4658/4658/4658 4645/4645/4645
f 4657/4657/4657 4659/4659/4659 4658/4658/4658
f 4649/4649/4649 4659/4659/4659 4657/4657/4657
f 4658/4658/4658 4659/4659/4659 4660/4660/4660
f 4659/4659/4659 4649/4649/4649 4661/4661/4661
f 4662/4662/4662 4661/4661/4661 4649/4649/4649
f 4661/4661/4661 4663/4663/4663 4659/4659/4659
f 4660/4660/4660 4659/4659/4659 4664/4664/4664
f 4659/4659/4659 4663/4663/4663 4664/4664/4664
f 4665/4665/4665 4660/4660/4660 4664/4664/4664
f 4665/4665/4665 4664/4664/4664 4663/4663/4663
f 4666/4666/4666 4660/4660/4660 4665/4665/4665
f 4665/4665/4665 4663/4663/4663 4667/4667/4667
f 4665/4665/4665 4667/4667/4667 4668/4668/4668
f 4671/4671/4671 4670/4670/4670 4669/4669/4669
f 4670/4670/4670 4672/4672/4672 4669/4669/4669
f 4672/4672/4672 4673/4673/4673 4669/4669/4669
f 4673/4673/4673 4674/4674/4674 4669/4669/4669
f 4675/4675/4675 4672/4672/4672 4670/4670/4670
f 4675/4675/4675 4676/4676/4676 4672/4672/4672
f 4673/4673/4673 4677/4677/4677 4674/4674/4674
f 4673/4673/4673 4678/4678/4678 4677/4677/4677
f 4679/4679/4679 4678/4678/4678 4673/4673/4673
f 4680/4680/4680 4679/4679/4679 4673/4673/4673
f 4672/4672/4672 4681/4681/4681 4673/4673/4673
f 4682/4682/4682 4681/4681/4681 4672/4672/4672
f 4683/4683/4683 4681/4681/4681 4682/4682/4682
f 4684/4684/4684 4681/4681/4681 4683/4683/4683
f 4680/4680/4680 4673/4673/4673 4685/4685/4685
f 4681/4681/4681 4685/4685/4685 4673/4673/4673
f 4685/4685/4685 4681/4681/4681 4684/4684/4684
f 4686/4686/4686 4685/4685/4685 4684/4684/4684
f 4685/4685/4685 4687/4687/4687 4680/4680/4680
f 4688/4688/4688 4685/4685/4685 4686/4686/4686
f 4687/4687/4687 4685/4685/4685 4688/4688/4688
f 4689/4689/4689 4687/4687/4687 4688/4688/4688
f 4690/4690/4690 4689/4689/4689 4688/4688/4688
f 4691/4691/4691 4687/4687/4687 4689/4689/4689
f 4694/4694/4694 4693/4693/4693 4692/4692/4692
f 4692/4692/4692 4695/4695/4695 4694/4694/4694
f 4696/4696/4696 4694/4694/4694 4695/4695/4695
f 4692/4692/4692 4697/4697/4697 4695/4695/4695
f 4692/4692/4692 4698/4698/4698 4697/4697/4697
f 4695/4695/4695 4697/4697/4697 4699/4699/4699
f 4700/4700/4700 4699/4699/4699 4697/4697/4697
f 4697/4697/4697 4698/4698/4698 4700/4700/4700
f 4701/4701/4701 4700/4700/4700 4698/4698/4698
f 4701/4701/4701 4698/4698/4698 4702/4702/4702
f 4699/4699/4699 4703/4703/4703 4695/4695/4695
f 4695/4695/4695 4703/4703/4703 4696/4696/4696
f 4704/4704/4704 4696/4696/4696 4703/4703/4703
f 4704/4704/4704 4703/4703/4703 4705/4705/4705
f 4706/4706/4706 4696/4696/4696 4704/4704/4704
f 4709/4709/4709 4708/4708/4708 4707/4707/4707
f 4708/4708/4708 4710/4710/4710 4707/4707/4707
f 4711/4711/4711 4707/4707/4707 4710/4710/4710
f 4712/4712/4712 4707/4707/4707 4711/4711/4711
f 4708/4708/4708 4713/4713/4713 4710/4710/4710
f 4708/4708/4708 4714/4714/4714 4713/4713/4713
f 4708/4708/4708 4715/4715/4715 4714/4714/4714
f 4708/4708/4708 4716/4716/4716 4715/4715/4715
f 4711/4711/4711 4710/4710/4710 4717/4717/4717
f 4712/4712/4712 4711/4711/4711 4718/4718/4718
f 4718/4718/4718 4711/4711/4711 4717/4717/4717
f 4712/4712/4712 4718/4718/4718 4719/4719/4719
f 4719/4719/4719 4718/4718/4718 4717/4717/4717
f 4719/4719/4719 4717/4717/4717 4720/4720/4720
f 4721/4721/4721 4719/4719/4719 4720/4720/4720
f 4719/4719/4719 4722/4722/4722 4712/4712/4712
f 4723/4723/4723 4719/4719/4719 4721/4721/4721
f 4722/4722/4722 4719/4719/4719 4723/4723/4723
f 4723/4723/4723 4721/4721/4721 4724/4724/4724
f 4725/4725/4725 4722/4722/4722 4723/4723/4723
f 4726/4726/4726 4722/4722/4722 4725/4725/4725
f 4727/4727/4727 4726/4726/4726 4725/4725/4725
f 4728/4728/4728 4723/4723/4723 4724/4724/4724
f 4725/4725/4725 4723/4723/4723 4728/4728/4728
f 4729/4729/4729 4728/4728/4728 4724/4724/4724
f 4725/4725/4725 4728/4728/4728 4729/4729/4729
f 4730/4730/4730 4729/4729/4729 4724/4724/4724
f 4731/4731/4731 4725/4725/4725 4729/4729/4729
f 4727/4727/4727 4725/4725/4725 4731/4731/4731
f 4731/4731/4731 4732/4732/4732 4727/4727/4727
f 4733/4733/4733 4727/4727/4727 4732/4732/4732
f 4736/4736/4736 4735/4735/4735 4734/4734/4734
f 4734/4734/4734 4737/4737/4737 4736/4736/4736
f 4736/4736/4736 4737/4737/4737 4738/4738/4738
f 4739/4739/4739 4736/4736/4736 4738/4738/4738
f 4740/4740/4740 4738/4738/4738 4737/4737/4737
f 4741/4741/4741 4737/4737/4737 4734/4734/4734
f 4741/4741/4741 4734/4734/4734 4742/4742/4742
f 4740/4740/4740 4737/4737/4737 4743/4743/4743
f 4743/4743/4743 4737/4737/4737 4741/4741/4741
f 4740/4740/4740 4743/4743/4743 4744/4744/4744
f 4741/4741/4741 4745/4745/4745 4743/4743/4743
f 4744/4744/4744 4743/4743/4743 4745/4745/4745
f 4746/4746/4746 4744/4744/4744 4745/4745/4745
f 4746/4746/4746 4745/4745/4745 4747/4747/4747
f 4747/4747/4747 4745/4745/4745 4748/4748/4748
f 4747/4747/4747 4748/4748/4748 4749/4749/4749
f 4750/4750/4750 4747/4747/4747 4749/4749/4749
f 4750/4750/4750 4749/4749/4749 4751/4751/4751
f 4750/4750/4750 4751/4751/4751 4752/4752/4752
f 4753/4753/4753 4752/4752/4752 4751/4751/4751
f 4753/4753/4753 4751/4751/4751 4754/4754/4754
f 4757/4757/4757 4756/4756/4756 4755/4755/4755
f 4757/4757/4757 4758/4758/4758 4756/4756/4756
f 4758/4758/4758 4757/4757/4757 4759/4759/4759
f 4759/4759/4759 4760/4760/4760 4758/4758/4758
f 4758/4758/4758 4761/4761/4761 4756/4756/4756
f 4756/4756/4756 4761/4761/4761 4762/4762/4762
f 4763/4763/4763 4756/4756/4756 4762/4762/4762
f 4764/4764/4764 4761/4761/4761 4758/4758/4758
f 4758/4758/4758 4760/4760/4760 4764/4764/4764
f 4761/4761/4761 4764/4764/4764 4765/4765/4765
f 4764/4764/4764 4760/4760/4760 4765/4765/4765
f 4766/4766/4766 4765/4765/4765 4760/4760/4760
f 4760/4760/4760 4767/4767/4767 4766/4766/4766
f 4763/4763/4763 4768/4768/4768 4756/4756/4756
f 4768/4768/4768 4769/4769/4769 4756/4756/4756
f 4768/4768/4768 4763/4763/4763 4770/4770/4770
f 4769/4769/4769 4768/4768/4768 4770/4770/4770
f 4770/4770/4770 4763/4763/4763 4771/4771/4771
f 4770/4770/4770 4771/4771/4771 4772/4772/4772
f 4770/4770/4770 4772/4772/4772 4773/4773/4773
f 4774/4774/4774 4770/4770/4770 4773/4773/4773
f 4769/4769/4769 4770/4770/4770 4774/4774/4774
f 4775/4775/4775 4774/4774/4774 4773/4773/4773
f 4774/4774/4774 4775/4775/4775 4776/4776/4776
f 4774/4774/4774 4776/4776/4776 4777/4777/4777
f 4769/4769/4769 4774/4774/4774 4777/4777/4777
f 4769/4769/4769 4777/4777/4777 4778/4778/4778
f 4778/4778/4778 4777/4777/4777 4779/4779/4779
f 4777/4777/4777 4780/4780/4780 4779/4779/4779
f 4781/4781/4781 4780/4780/4780 4777/4777/4777
f 4780/4780/4780 4781/4781/4781 4782/4782/4782
f 4785/4785/4785 4784/4784/4784 4783/4783/4783
f 4783/4783/4783 4786/4786/4786 4785/4785/4785
f 4785/4785/4785 4786/4786/4786 4787/4787/4787
f 4788/4788/4788 4785/4785/4785 4787/4787/4787
f 4788/4788/4788 4787/4787/4787 4789/4789/4789
f 4789/4789/4789 4790/4790/4790 4788/4788/4788
f 4789/4789/4789 4791/4791/4791 4790/4790/4790
f 4789/4789/4789 4792/4792/4792 4791/4791/4791
f 4791/4791/4791 4793/4793/4793 4790/4790/4790
f 4791/4791/4791 4792/4792/4792 4794/4794/4794
f 4793/4793/4793 4791/4791/4791 4795/4795/4795
f 4794/4794/4794 4795/4795/4795 4791/4791/4791
f 4796/4796/4796 4793/4793/4793 4795/4795/4795
f 4797/4797/4797 4795/4795/4795 4794/4794/4794
f 4799/4799/4799 4795/4795/4795 4798/4798/4798
f 4800/4800/4800 4795/4795/4795 4799/4799/4799
f 4803/4803/4803 4802/4802/4802 4801/4801/4801
f 4803/4803/4803 4804/4804/4804 4802/4802/4802
f 4805/4805/4805 4802/4802/4802 4804/4804/4804
f 4806/4806/4806 4805/4805/4805 4804/4804/4804
f 4807/4807/4807 4805/4805/4805 4806/4806/4806
f 4807/4807/4807 4808/4808/4808 4805/4805/4805
f 4808/4808/4808 4807/4807/4807 4809/4809/4809
f 4810/4810/4810 4808/4808/4808 4809/4809/4809
f 4813/4813/4813 4812/4812/4812 4811/4811/4811
f 4811/4811/4811 4812/4812/4812 4814/4814/4814
f 4817/4817/4817 4816/4816/4816 4815/4815/4815
f 4816/4816/4816 4818/4818/4818 4815/4815/4815
f 4819/4819/4819 4815/4815/4815 4818/4818/4818
f 4818/4818/4818 4816/4816/4816 4820/4820/4820
f 4816/4816/4816 4821/4821/4821 4820/4820/4820
f 4820/4820/4820 4821/4821/4821 4822/4822/4822
f 4819/4819/4819 4818/4818/4818 4823/4823/4823
f 4820/4820/4820 4823/4823/4823 4818/4818/4818
f 4823/4823/4823 4820/4820/4820 4822/4822/4822
f 4824/4824/4824 4819/4819/4819 4823/4823/4823
f 4825/4825/4825 4823/4823/4823 4822/4822/4822
f 4824/4824/4824 4823/4823/4823 4825/4825/4825
f 4824/4824/4824 4825/4825/4825 4826/4826/4826
f 4829/4829/4829 4828/4828/4828 4827/4827/4827
f 4827/4827/4827 4828/4828/4828 4830/4830/4830
f 4833/4833/4833 4832/4832/4832 4831/4831/4831
f 4834/4834/4834 4832/4832/4832 4833/4833/4833
f 4835/4835/4835 4834/4834/4834 4833/4833/4833
f 4835/4835/4835 4833/4833/4833 4836/4836/4836
f 4832/4832/4832 4834/4834/4834 4837/4837/4837
f 4834/4834/4834 4838/4838/4838 4837/4837/4837
f 4832/4832/4832 4837/4837/4837 4839/4839/4839
f 4837/4837/4837 4838/4838/4838 4840/4840/4840
f 4839/4839/4839 4837/4837/4837 4840/4840/4840
f 4840/4840/4840 4838/4838/4838 4841/4841/4841
f 4842/4842/4842 4839/4839/4839 4840/4840/4840
f 4843/4843/4843 4840/4840/4840 4841/4841/4841
f 4843/4843/4843 4842/4842/4842 4840/4840/4840
f 4836/4836/4836 4844/4844/4844 4835/4835/4835
f 4836/4836/4836 4845/4845/4845 4844/4844/4844
f 4844/4844/4844 4846/4846/4846 4835/4835/4835
f 4835/4835/4835 4846/4846/4846 4847/4847/4847
f 4848/4848/4848 4847/4847/4847 4846/4846/4846
f 4849/4849/4849 4848/4848/4848 4846/4846/4846
f 4845/4845/4845 4850/4850/4850 4844/4844/4844
f 4851/4851/4851 4850/4850/4850 4845/4845/4845
f 4850/4850/4850 4851/4851/4851 4852/4852/4852
f 4844/4844/4844 4853/4853/4853 4846/4846/4846
f 4846/4846/4846 4853/4853/4853 4854/4854/4854
f 4852/4852/4852 4855/4855/4855 4850/4850/4850
f 4852/4852/4852 4856/4856/4856 4855/4855/4855
f 4844/4844/4844 4850/4850/4850 4857/4857/4857
f 4844/4844/4844 4857/4857/4857 4853/4853/4853
f 4854/4854/4854 4853/4853/4853 4858/4858/4858
f 4859/4859/4859 4854/4854/4854 4858/4858/4858
f 4859/4859/4859 4858/4858/4858 4860/4860/4860
f 4853/4853/4853 4861/4861/4861 4858/4858/4858
f 4857/4857/4857 4861/4861/4861 4853/4853/4853
f 4858/4858/4858 4862/4862/4862 4860/4860/4860
f 4861/4861/4861 4862/4862/4862 4858/4858/4858
f 4860/4860/4860 4862/4862/4862 4863/4863/4863
f 4863/4863/4863 4862/4862/4862 4864/4864/4864
f 4864/4864/4864 4865/4865/4865 4863/4863/4863
f 4865/4865/4865 4866/4866/4866 4863/4863/4863
f 4865/4865/4865 4864/4864/4864 4867/4867/4867
f 4864/4864/4864 4861/4861/4861 4868/4868/4868
f 4864/4864/4864 4868/4868/4868 4867/4867/4867
f 4857/4857/4857 4868/4868/4868 4861/4861/4861
f 4869/4869/4869 4867/4867/4867 4868/4868/4868
f 4868/4868/4868 4857/4857/4857 4869/4869/4869
f 4870/4870/4870 4867/4867/4867 4869/4869/4869
f 4869/4869/4869 4857/4857/4857 4871/4871/4871
f 4870/4870/4870 4869/4869/4869 4871/4871/4871
f 4871/4871/4871 4857/4857/4857 4850/4850/4850
f 4871/4871/4871 4855/4855/4855 4870/4870/4870
f 4855/4855/4855 4871/4871/4871 4850/4850/4850
f 4872/4872/4872 4855/4855/4855 4856/4856/4856
f 4872/4872/4872 4856/4856/4856 4873/4873/4873
f 4872/4872/4872 4874/4874/4874 4855/4855/4855
f 4873/4873/4873 4875/4875/4875 4872/4872/4872
f 4874/4874/4874 4872/4872/4872 4876/4876/4876
f 4875/4875/4875 4876/4876/4876 4872/4872/4872
f 4874/4874/4874 4876/4876/4876 4877/4877/4877
f 4876/4876/4876 4875/4875/4875 4877/4877/4877
f 4878/4878/4878 4874/4874/4874 4877/4877/4877
f 4878/4878/4878 4877/4877/4877 4879/4879/4879
f 4875/4875/4875 4879/4879/4879 4877/4877/4877
f 4875/4875/4875 4880/4880/4880 4879/4879/4879
f 4881/4881/4881 4880/4880/4880 4875/4875/4875
f 4884/4884/4884 4883/4883/4883 4882/4882/4882
f 4882/4882/4882 4883/4883/4883 4885/4885/4885
f 4886/4886/4886 4882/4882/4882 4885/4885/4885
f 4887/4887/4887 4886/4886/4886 4885/4885/4885
f 4888/4888/4888 4886/4886/4886 4887/4887/4887
f 4889/4889/4889 4888/4888/4888 4887/4887/4887
f 4892/4892/4892 4891/4891/4891 4890/4890/4890
f 4892/4892/4892 4890/4890/4890 4893/4893/4893
f 4894/4894/4894 4892/4892/4892 4893/4893/4893
f 4894/4894/4894 4893/4893/4893 4895/4895/4895
f 4896/4896/4896 4894/4894/4894 4895/4895/4895
f 4897/4897/4897 4894/4894/4894 4896/4896/4896
f 4894/4894/4894 4898/4898/4898 4892/4892/4892
f 4894/4894/4894 4897/4897/4897 4898/4898/4898
f 4899/4899/4899 4898/4898/4898 4897/4897/4897
f 4898/4898/4898 4900/4900/4900 4892/4892/4892
f 4898/4898/4898 4901/4901/4901 4900/4900/4900
f 4901/4901/4901 4902/4902/4902 4900/4900/4900
f 4903/4903/4903 4902/4902/4902 4901/4901/4901
f 4903/4903/4903 4901/4901/4901 4904/4904/4904
f 4905/4905/4905 4900/4900/4900 4902/4902/4902
f 4904/4904/4904 4906/4906/4906 4903/4903/4903
f 4907/4907/4907 4906/4906/4906 4904/4904/4904
f 4906/4906/4906 4908/4908/4908 4903/4903/4903
f 4908/4908/4908 4906/4906/4906 4909/4909/4909
f 4910/4910/4910 4905/4905/4905 4902/4902/4902
f 4902/4902/4902 4911/4911/4911 4910/4910/4910
f 4903/4903/4903 4911/4911/4911 4902/4902/4902
f 4905/4905/4905 4910/4910/4910 4912/4912/4912
f 4905/4905/4905 4912/4912/4912 4913/4913/4913
f 4913/4913/4913 4912/4912/4912 4914/4914/4914
f 4914/4914/4914 4912/4912/4912 4915/4915/4915
f 4916/4916/4916 4910/4910/4910 4911/4911/4911
f 4917/4917/4917 4914/4914/4914 4915/4915/4915
f 4918/4918/4918 4914/4914/4914 4917/4917/4917
f 4917/4917/4917 4915/4915/4915 4919/4919/4919
f 4919/4919/4919 4920/4920/4920 4917/4917/4917
f 4921/4921/4921 4916/4916/4916 4911/4911/4911
f 4921/4921/4921 4922/4922/4922 4916/4916/4916
f 4922/4922/4922 4921/4921/4921 4923/4923/4923
f 4924/4924/4924 4922/4922/4922 4923/4923/4923
f 4926/4926/4926 4911/4911/4911 4925/4925/4925
f 4925/4925/4925 4927/4927/4927 4926/4926/4926
f 4928/4928/4928 4925/4925/4925 4911/4911/4911
f 4903/4903/4903 4928/4928/4928 4911/4911/4911
f 4929/4929/4929 4928/4928/4928 4903/4903/4903
f 4929/4929/4929 4925/4925/4925 4928/4928/4928
f 4908/4908/4908 4929/4929/4929 4903/4903/4903
f 4930/4930/4930 4927/4927/4927 4925/4925/4925
f 4930/4930/4930 4925/4925/4925 4929/4929/4929
f 4927/4927/4927 4930/4930/4930 4931/4931/4931
f 4908/4908/4908 4932/4932/4932 4929/4929/4929
f 4932/4932/4932 4930/4930/4930 4929/4929/4929
f 4931/4931/4931 4930/4930/4930 4932/4932/4932
f 4908/4908/4908 4909/4909/4909 4932/4932/4932
f 4931/4931/4931 4932/4932/4932 4933/4933/4933
f 4932/4932/4932 4909/4909/4909 4933/4933/4933
f 4933/4933/4933 4909/4909/4909 4934/4934/4934
f 4935/4935/4935 4933/4933/4933 4934/4934/4934
f 4935/4935/4935 4934/4934/4934 4936/4936/4936
f 4937/4937/4937 4935/4935/4935 4936/4936/4936
f 4938/4938/4938 4933/4933/4933 4935/4935/4935
f 4935/4935/4935 4939/4939/4939 4938/4938/4938
f 4942/4942/4942 4941/4941/4941 4940/4940/4940
f 4942/4942/4942 4940/4940/4940 4943/4943/4943
f 4943/4943/4943 4940/4940/4940 4944/4944/4944
f 4943/4943/4943 4944/4944/4944 4945/4945/4945
f 4948/4948/4948 4947/4947/4947 4946/4946/4946
f 4949/4949/4949 4947/4947/4947 4948/4948/4948
f 4947/4947/4947 4949/4949/4949 4950/4950/4950
f 4951/4951/4951 4950/4950/4950 4949/4949/4949
f 4952/4952/4952 4951/4951/4951 4949/4949/4949
f 4953/4953/4953 4951/4951/4951 4952/4952/4952
f 4954/4954/4954 4949/4949/4949 4948/4948/4948
f 4954/4954/4954 4948/4948/4948 4955/4955/4955
f 4954/4954/4954 4955/4955/4955 4956/4956/4956
f 4957/4957/4957 4956/4956/4956 4955/4955/4955
f 4956/4956/4956 4958/4958/4958 4954/4954/4954
f 4959/4959/4959 4956/4956/4956 4957/4957/4957
f 4958/4958/4958 4956/4956/4956 4960/4960/4960
f 4956/4956/4956 4959/4959/4959 4961/4961/4961
f 4960/4960/4960 4956/4956/4956 4962/4962/4962
f 4956/4956/4956 4961/4961/4961 4962/4962/4962
f 4965/4965/4965 4964/4964/4964 4963/4963/4963
f 4964/4964/4964 4966/4966/4966 4963/4963/4963
f 4964/4964/4964 4967/4967/4967 4966/4966/4966
f 4964/4964/4964 4968/4968/4968 4967/4967/4967
f 4967/4967/4967 4968/4968/4968 4969/4969/4969
f 4968/4968/4968 4970/4970/4970 4969/4969/4969
f 4969/4969/4969 4970/4970/4970 4971/4971/4971
f 4971/4971/4971 4972/4972/4972 4969/4969/4969
f 4972/4972/4972 4971/4971/4971 4973/4973/4973
f 4972/4972/4972 4973/4973/4973 4974/4974/4974
f 4975/4975/4975 4972/4972/4972 4974/4974/4974
f 4963/4963/4963 4966/4966/4966 4976/4976/4976
f 4977/4977/4977 4963/4963/4963 4976/4976/4976
f 4978/4978/4978 4963/4963/4963 4977/4977/4977
f 4979/4979/4979 4977/4977/4977 4976/4976/4976
f 4977/4977/4977 4979/4979/4979 4980/4980/4980
f 4981/4981/4981 4980/4980/4980 4979/4979/4979
f 4981/4981/4981 4982/4982/4982 4980/4980/4980
f 4980/4980/4980 4982/4982/4982 4983/4983/4983
f 4983/4983/4983 4984/4984/4984 4980/4980/4980
f 4975/4975/4975 4985/4985/4985 4983/4983/4983
f 4986/4986/4986 4983/4983/4983 4982/4982/4982
f 4975/4975/4975 4983/4983/4983 4986/4986/4986
f 4989/4989/4989 4988/4988/4988 4987/4987/4987
f 4988/4988/4988 4990/4990/4990 4987/4987/4987
f 4991/4991/4991 4990/4990/4990 4988/4988/4988
f 4991/4991/4991 4988/4988/4988 4992/4992/4992
f 4993/4993/4993 4990/4990/4990 4991/4991/4991
f 4987/4987/4987 4990/4990/4990 4994/4994/4994
f 4994/4994/4994 4995/4995/4995 4987/4987/4987
f 4996/4996/4996 4990/4990/4990 4993/4993/4993
f 4996/4996/4996 4994/4994/4994 4990/4990/4990
f 4993/4993/4993 4997/4997/4997 4996/4996/4996
f 4998/4998/4998 4996/4996/4996 4997/4997/4997
f 4998/4998/4998 4999/4999/4999 4996/4996/4996
f 4999/4999/4999 5000/5000/5000 4996/4996/4996
f 5000/5000/5000 4994/4994/4994 4996/4996/4996
f 4994/4994/4994 5001/5001/5001 4995/4995/4995
f 5001/5001/5001 5002/5002/5002 4995/4995/4995
f 5000/5000/5000 5003/5003/5003 4994/4994/4994
f 5003/5003/5003 5001/5001/5001 4994/4994/4994
f 5000/5000/5000 5004/5004/5004 5003/5003/5003
f 5003/5003/5003 5005/5005/5005 5001/5001/5001
f 5004/5004/5004 5005/5005/5005 5003/5003/5003
f 5005/5005/5005 5006/5006/5006 5001/5001/5001
f 5005/5005/5005 5007/5007/5007 5006/5006/5006
f 5008/5008/5008 5005/5005/5005 5004/5004/5004
f 5009/5009/5009 5008/5008/5008 5004/5004/5004
f 5005/5005/5005 5008/5008/5008 5010/5010/5010
f 5008/5008/5008 5011/5011/5011 5010/5010/5010
f 5011/5011/5011 5008/5008/5008 5012/5012/5012
f 5015/5015/5015 5014/5014/5014 5013/5013/5013
f 5014/5014/5014 5016/5016/5016 5013/5013/5013
f 5013/5013/5013 5016/5016/5016 5017/5017/5017
f 5018/5018/5018 5013/5013/5013 5017/5017/5017
f 5017/5017/5017 5019/5019/5019 5018/5018/5018
f 5014/5014/5014 5020/5020/5020 5016/5016/5016
f 5021/5021/5021 5020/5020/5020 5014/5014/5014
f 5022/5022/5022 5020/5020/5020 5021/5021/5021
f 5023/5023/5023 5020/5020/5020 5022/5022/5022
f 5024/5024/5024 5023/5023/5023 5022/5022/5022
f 5017/5017/5017 5025/5025/5025 5019/5019/5019
f 5017/5017/5017 5026/5026/5026 5025/5025/5025
f 5019/5019/5019 5025/5025/5025 5027/5027/5027
f 5025/5025/5025 5028/5028/5028 5027/5027/5027
f 5028/5028/5028 5025/5025/5025 5026/5026/5026
f 5028/5028/5028 5029/5029/5029 5027/5027/5027
f 5028/5028/5028 5030/5030/5030 5029/5029/5029
f 5030/5030/5030 5028/5028/5028 5031/5031/5031
f 5032/5032/5032 5017/5017/5017 5016/5016/5016
f 5026/5026/5026 5017/5017/5017 5032/5032/5032
f 5020/5020/5020 5033/5033/5033 5016/5016/5016
f 5032/5032/5032 5016/5016/5016 5033/5033/5033
f 5034/5034/5034 5033/5033/5033 5020/5020/5020
f 5023/5023/5023 5034/5034/5034 5020/5020/5020
f 5032/5032/5032 5033/5033/5033 5034/5034/5034
f 5031/5031/5031 5028/5028/5028 5035/5035/5035
f 5035/5035/5035 5028/5028/5028 5026/5026/5026
f 5031/5031/5031 5035/5035/5035 5036/5036/5036
f 5035/5035/5035 5026/5026/5026 5036/5036/5036
f 5031/5031/5031 5036/5036/5036 5037/5037/5037
f 5026/5026/5026 5038/5038/5038 5036/5036/5036
f 5038/5038/5038 5039/5039/5039 5036/5036/5036
f 5038/5038/5038 5026/5026/5026 5040/5040/5040
f 5026/5026/5026 5032/5032/5032 5040/5040/5040
f 5034/5034/5034 5041/5041/5041 5032/5032/5032
f 5032/5032/5032 5041/5041/5041 5040/5040/5040
f 5034/5034/5034 5023/5023/5023 5041/5041/5041
f 5040/5040/5040 5041/5041/5041 5042/5042/5042
f 5042/5042/5042 5041/5041/5041 5023/5023/5023
f 5043/5043/5043 5042/5042/5042 5023/5023/5023
f 5023/5023/5023 5044/5044/5044 5043/5043/5043
f 5043/5043/5043 5044/5044/5044 5045/5045/5045
f 5044/5044/5044 5023/5023/5023 5024/5024/5024
f 5045/5045/5045 5044/5044/5044 5024/5024/5024
f 5046/5046/5046 5045/5045/5045 5024/5024/5024
f 5024/5024/5024 5047/5047/5047 5046/5046/5046
f 5047/5047/5047 5048/5048/5048 5046/5046/5046
f 5045/5045/5045 5046/5046/5046 5049/5049/5049
f 5050/5050/5050 5045/5045/5045 5049/5049/5049
f 5046/5046/5046 5048/5048/5048 5051/5051/5051
f 5048/5048/5048 5052/5052/5052 5051/5051/5051
f 5051/5051/5051 5052/5052/5052 5053/5053/5053
f 5054/5054/5054 5051/5051/5051 5053/5053/5053
f 5054/5054/5054 5053/5053/5053 5055/5055/5055
f 5055/5055/5055 5053/5053/5053 5056/5056/5056
f 5057/5057/5057 5056/5056/5056 5053/5053/5053
f 5058/5058/5058 5056/5056/5056 5057/5057/5057
f 5058/5058/5058 5059/5059/5059 5056/5056/5056
f 5056/5056/5056 5060/5060/5060 5055/5055/5055
f 5054/5054/5054 5055/5055/5055 5060/5060/5060
f 5061/5061/5061 5054/5054/5054 5060/5060/5060
f 5062/5062/5062 5056/5056/5056 5059/5059/5059
f 5062/5062/5062 5060/5060/5060 5056/5056/5056
f 5059/5059/5059 5063/5063/5063 5062/5062/5062
f 5064/5064/5064 5060/5060/5060 5062/5062/5062
f 5061/5061/5061 5060/5060/5060 5064/5064/5064
f 5064/5064/5064 5065/5065/5065 5061/5061/5061
f 5065/5065/5065 5066/5066/5066 5061/5061/5061
f 5067/5067/5067 5061/5061/5061 5066/5066/5066
f 5068/5068/5068 5067/5067/5067 5066/5066/5066
f 5069/5069/5069 5067/5067/5067 5068/5068/5068
f 5070/5070/5070 5067/5067/5067 5069/5069/5069
f 5067/5067/5067 5071/5071/5071 5061/5061/5061
f 5067/5067/5067 5070/5070/5070 5071/5071/5071
f 5072/5072/5072 5054/5054/5054 5061/5061/5061
f 5071/5071/5071 5072/5072/5072 5061/5061/5061
f 5071/5071/5071 5070/5070/5070 5073/5073/5073
f 5072/5072/5072 5071/5071/5071 5073/5073/5073
f 5074/5074/5074 5072/5072/5072 5073/5073/5073
f 5075/5075/5075 5073/5073/5073 5070/5070/5070
f 5072/5072/5072 5076/5076/5076 5054/5054/5054
f 5076/5076/5076 5051/5051/5051 5054/5054/5054
f 5074/5074/5074 5077/5077/5077 5072/5072/5072
f 5077/5077/5077 5076/5076/5076 5072/5072/5072
f 5078/5078/5078 5077/5077/5077 5074/5074/5074
f 5079/5079/5079 5077/5077/5077 5078/5078/5078
f 5080/5080/5080 5051/5051/5051 5076/5076/5076
f 5077/5077/5077 5080/5080/5080 5076/5076/5076
f 5077/5077/5077 5079/5079/5079 5080/5080/5080
f 5081/5081/5081 5051/5051/5051 5080/5080/5080
f 5080/5080/5080 5082/5082/5082 5081/5081/5081
f 5079/5079/5079 5082/5082/5082 5080/5080/5080
f 5083/5083/5083 5082/5082/5082 5079/5079/5079
f 5084/5084/5084 5075/5075/5075 5070/5070/5070
f 5084/5084/5084 5085/5085/5085 5075/5075/5075
f 5086/5086/5086 5075/5075/5075 5085/5085/5085
f 5087/5087/5087 5086/5086/5086 5085/5085/5085
f 5087/5087/5087 5088/5088/5088 5086/5086/5086
f 5089/5089/5089 5088/5088/5088 5087/5087/5087
f 5090/5090/5090 5084/5084/5084 5070/5070/5070
f 5091/5091/5091 5085/5085/5085 5084/5084/5084
f 5090/5090/5090 5091/5091/5091 5084/5084/5084
f 5090/5090/5090 5070/5070/5070 5092/5092/5092
f 5070/5070/5070 5069/5069/5069 5092/5092/5092
f 5069/5069/5069 5093/5093/5093 5092/5092/5092
f 5092/5092/5092 5094/5094/5094 5090/5090/5090
f 5091/5091/5091 5090/5090/5090 5094/5094/5094
f 5092/5092/5092 5093/5093/5093 5094/5094/5094
f 5095/5095/5095 5093/5093/5093 5069/5069/5069
f 5096/5096/5096 5095/5095/5095 5069/5069/5069
f 5097/5097/5097 5093/5093/5093 5095/5095/5095
f 5097/5097/5097 5095/5095/5095 5098/5098/5098
f 5098/5098/5098 5099/5099/5099 5097/5097/5097
f 5098/5098/5098 5100/5100/5100 5099/5099/5099
f 5101/5101/5101 5093/5093/5093 5097/5097/5097
f 5102/5102/5102 5099/5099/5099 5100/5100/5100
f 5103/5103/5103 5102/5102/5102 5100/5100/5100
f 5102/5102/5102 5103/5103/5103 5104/5104/5104
f 5102/5102/5102 5104/5104/5104 5105/5105/5105
f 5104/5104/5104 5106/5106/5106 5105/5105/5105
f 5107/5107/5107 5105/5105/5105 5106/5106/5106
f 5107/5107/5107 5106/5106/5106 5108/5108/5108
f 5109/5109/5109 5093/5093/5093 5101/5101/5101
f 5110/5110/5110 5093/5093/5093 5109/5109/5109
f 5111/5111/5111 5110/5110/5110 5109/5109/5109
f 5094/5094/5094 5093/5093/5093 5110/5110/5110
f 5110/5110/5110 5111/5111/5111 5112/5112/5112
f 5111/5111/5111 5113/5113/5113 5112/5112/5112
f 5094/5094/5094 5110/5110/5110 5114/5114/5114
f 5114/5114/5114 5110/5110/5110 5112/5112/5112
f 5112/5112/5112 5115/5115/5115 5114/5114/5114
f 5116/5116/5116 5112/5112/5112 5113/5113/5113
f 5112/5112/5112 5116/5116/5116 5115/5115/5115
f 5117/5117/5117 5116/5116/5116 5113/5113/5113
f 5117/5117/5117 5118/5118/5118 5116/5116/5116
f 5115/5115/5115 5116/5116/5116 5119/5119/5119
f 5120/5120/5120 5094/5094/5094 5114/5114/5114
f 5120/5120/5120 5114/5114/5114 5115/5115/5115
f 5091/5091/5091 5094/5094/5094 5120/5120/5120
f 5120/5120/5120 5121/5121/5121 5091/5091/5091
f 5115/5115/5115 5122/5122/5122 5120/5120/5120
f 5122/5122/5122 5121/5121/5121 5120/5120/5120
f 5121/5121/5121 5123/5123/5123 5091/5091/5091
f 5091/5091/5091 5123/5123/5123 5085/5085/5085
f 5124/5124/5124 5085/5085/5085 5123/5123/5123
f 5124/5124/5124 5087/5087/5087 5085/5085/5085
f 5124/5124/5124 5123/5123/5123 5125/5125/5125
f 5123/5123/5123 5121/5121/5121 5125/5125/5125
f 5124/5124/5124 5126/5126/5126 5087/5087/5087
f 5125/5125/5125 5126/5126/5126 5124/5124/5124
f 5127/5127/5127 5115/5115/5115 5119/5119/5119
f 5128/5128/5128 5122/5122/5122 5115/5115/5115
f 5127/5127/5127 5128/5128/5128 5115/5115/5115
f 5121/5121/5121 5122/5122/5122 5129/5129/5129
f 5129/5129/5129 5122/5122/5122 5128/5128/5128
f 5130/5130/5130 5125/5125/5125 5121/5121/5121
f 5129/5129/5129 5130/5130/5130 5121/5121/5121
f 5131/5131/5131 5127/5127/5127 5119/5119/5119
f 5131/5131/5131 5119/5119/5119 5132/5132/5132
f 5127/5127/5127 5133/5133/5133 5128/5128/5128
f 5133/5133/5133 5129/5129/5129 5128/5128/5128
f 5133/5133/5133 5127/5127/5127 5131/5131/5131
f 5133/5133/5133 5134/5134/5134 5129/5129/5129
f 5129/5129/5129 5134/5134/5134 5130/5130/5130
f 5131/5131/5131 5135/5135/5135 5133/5133/5133
f 5135/5135/5135 5134/5134/5134 5133/5133/5133
f 5135/5135/5135 5131/5131/5131 5136/5136/5136
f 5135/5135/5135 5137/5137/5137 5134/5134/5134
f 5134/5134/5134 5137/5137/5137 5130/5130/5130
f 5130/5130/5130 5138/5138/5138 5125/5125/5125
f 5137/5137/5137 5138/5138/5138 5130/5130/5130
f 5138/5138/5138 5126/5126/5126 5125/5125/5125
f 5137/5137/5137 5139/5139/5139 5138/5138/5138
f 5139/5139/5139 5126/5126/5126 5138/5138/5138
f 5139/5139/5139 5140/5140/5140 5126/5126/5126
f 5140/5140/5140 5139/5139/5139 5141/5141/5141
f 5140/5140/5140 5141/5141/5141 5142/5142/5142
f 5143/5143/5143 5126/5126/5126 5140/5140/5140
f 5087/5087/5087 5126/5126/5126 5143/5143/5143
f 5140/5140/5140 5142/5142/5142 5144/5144/5144
f 5144/5144/5144 5143/5143/5143 5140/5140/5140
f 5144/5144/5144 5142/5142/5142 5145/5145/5145
f 5146/5146/5146 5143/5143/5143 5144/5144/5144
f 5143/5143/5143 5146/5146/5146 5147/5147/5147
f 5143/5143/5143 5148/5148/5148 5087/5087/5087
f 5147/5147/5147 5148/5148/5148 5143/5143/5143
f 5087/5087/5087 5148/5148/5148 5089/5089/5089
f 5089/5089/5089 5148/5148/5148 5147/5147/5147
f 5089/5089/5089 5147/5147/5147 5149/5149/5149
f 5149/5149/5149 5150/5150/5150 5089/5089/5089
f 5153/5153/5153 5152/5152/5152 5151/5151/5151
f 5151/5151/5151 5152/5152/5152 5154/5154/5154
f 5154/5154/5154 5152/5152/5152 5155/5155/5155
f 5154/5154/5154 5155/5155/5155 5156/5156/5156
f 5155/5155/5155 5157/5157/5157 5156/5156/5156
f 5151/5151/5151 5154/5154/5154 5158/5158/5158
f 5158/5158/5158 5154/5154/5154 5156/5156/5156
f 5159/5159/5159 5151/5151/5151 5158/5158/5158
f 5157/5157/5157 5160/5160/5160 5156/5156/5156
f 5160/5160/5160 5157/5157/5157 5161/5161/5161
f 5162/5162/5162 5160/5160/5160 5161/5161/5161
f 5159/5159/5159 5158/5158/5158 5163/5163/5163
f 5164/5164/5164 5158/5158/5158 5156/5156/5156
f 5163/5163/5163 5158/5158/5158 5164/5164/5164
f 5165/5165/5165 5163/5163/5163 5164/5164/5164
f 5165/5165/5165 5166/5166/5166 5163/5163/5163
f 5167/5167/5167 5159/5159/5159 5163/5163/5163
f 5168/5168/5168 5159/5159/5159 5167/5167/5167
f 5169/5169/5169 5168/5168/5168 5167/5167/5167
f 5163/5163/5163 5166/5166/5166 5170/5170/5170
f 5167/5167/5167 5163/5163/5163 5170/5170/5170
f 5171/5171/5171 5170/5170/5170 5166/5166/5166
f 5169/5169/5169 5167/5167/5167 5172/5172/5172
f 5172/5172/5172 5167/5167/5167 5170/5170/5170
f 5172/5172/5172 5170/5170/5170 5171/5171/5171
f 5173/5173/5173 5169/5169/5169 5172/5172/5172
f 5172/5172/5172 5171/5171/5171 5174/5174/5174
f 5172/5172/5172 5174/5174/5174 5175/5175/5175
f 5175/5175/5175 5174/5174/5174 5176/5176/5176
f 5178/5178/5178 5164/5164/5164 5177/5177/5177
f 5177/5177/5177 5164/5164/5164 5156/5156/5156
f 5178/5178/5178 5177/5177/5177 5179/5179/5179
f 5180/5180/5180 5177/5177/5177 5156/5156/5156
f 5156/5156/5156 5181/5181/5181 5180/5180/5180
f 5156/5156/5156 5160/5160/5160 5181/5181/5181
f 5160/5160/5160 5182/5182/5182 5181/5181/5181
f 5160/5160/5160 5162/5162/5162 5182/5182/5182
f 5162/5162/5162 5183/5183/5183 5182/5182/5182
f 5162/5162/5162 5184/5184/5184 5183/5183/5183
f 5183/5183/5183 5184/5184/5184 5185/5185/5185
f 5184/5184/5184 5186/5186/5186 5185/5185/5185
f 5186/5186/5186 5187/5187/5187 5185/5185/5185
f 5185/5185/5185 5187/5187/5187 5188/5188/5188
f 5189/5189/5189 5182/5182/5182 5183/5183/5183
f 5189/5189/5189 5183/5183/5183 5185/5185/5185
f 5188/5188/5188 5190/5190/5190 5185/5185/5185
f 5185/5185/5185 5190/5190/5190 5189/5189/5189
f 5182/5182/5182 5189/5189/5189 5191/5191/5191
f 5181/5181/5181 5182/5182/5182 5191/5191/5191
f 5188/5188/5188 5192/5192/5192 5190/5190/5190
f 5188/5188/5188 5193/5193/5193 5192/5192/5192
f 5192/5192/5192 5193/5193/5193 5194/5194/5194
f 5195/5195/5195 5192/5192/5192 5194/5194/5194
f 5189/5189/5189 5190/5190/5190 5196/5196/5196
f 5196/5196/5196 5191/5191/5191 5189/5189/5189
f 5192/5192/5192 5197/5197/5197 5190/5190/5190
f 5197/5197/5197 5192/5192/5192 5195/5195/5195
f 5196/5196/5196 5190/5190/5190 5197/5197/5197
f 5181/5181/5181 5191/5191/5191 5198/5198/5198
f 5191/5191/5191 5196/5196/5196 5199/5199/5199
f 5198/5198/5198 5191/5191/5191 5199/5199/5199
f 5196/5196/5196 5197/5197/5197 5200/5200/5200
f 5199/5199/5199 5196/5196/5196 5200/5200/5200
f 5201/5201/5201 5197/5197/5197 5195/5195/5195
f 5201/5201/5201 5200/5200/5200 5197/5197/5197
f 5181/5181/5181 5198/5198/5198 5202/5202/5202
f 5202/5202/5202 5180/5180/5180 5181/5181/5181
f 5203/5203/5203 5198/5198/5198 5199/5199/5199
f 5203/5203/5203 5202/5202/5202 5198/5198/5198
f 5195/5195/5195 5204/5204/5204 5201/5201/5201
f 5204/5204/5204 5195/5195/5195 5205/5205/5205
f 5206/5206/5206 5201/5201/5201 5204/5204/5204
f 5207/5207/5207 5201/5201/5201 5206/5206/5206
f 5201/5201/5201 5207/5207/5207 5208/5208/5208
f 5200/5200/5200 5201/5201/5201 5208/5208/5208
f 5209/5209/5209 5200/5200/5200 5208/5208/5208
f 5199/5199/5199 5200/5200/5200 5209/5209/5209
f 5203/5203/5203 5199/5199/5199 5209/5209/5209
f 5203/5203/5203 5209/5209/5209 5210/5210/5210
f 5211/5211/5211 5203/5203/5203 5210/5210/5210
f 5212/5212/5212 5203/5203/5203 5211/5211/5211
f 5212/5212/5212 5202/5202/5202 5203/5203/5203
f 5211/5211/5211 5213/5213/5213 5212/5212/5212
f 5213/5213/5213 5202/5202/5202 5212/5212/5212
f 5214/5214/5214 5213/5213/5213 5211/5211/5211
f 5202/5202/5202 5213/5213/5213 5215/5215/5215
f 5202/5202/5202 5215/5215/5215 5180/5180/5180
f 5180/5180/5180 5215/5215/5215 5177/5177/5177
f 5216/5216/5216 5177/5177/5177 5215/5215/5215
f 5215/5215/5215 5213/5213/5213 5216/5216/5216
f 5177/5177/5177 5216/5216/5216 5179/5179/5179
f 5213/5213/5213 5214/5214/5214 5217/5217/5217
f 5217/5217/5217 5216/5216/5216 5213/5213/5213
f 5218/5218/5218 5217/5217/5217 5214/5214/5214
f 5219/5219/5219 5217/5217/5217 5218/5218/5218
f 5220/5220/5220 5216/5216/5216 5217/5217/5217
f 5179/5179/5179 5216/5216/5216 5220/5220/5220
f 5219/5219/5219 5220/5220/5220 5217/5217/5217
f 5179/5179/5179 5220/5220/5220 5219/5219/5219
f 5219/5219/5219 5221/5221/5221 5179/5179/5179
f 5219/5219/5219 5218/5218/5218 5222/5222/5222
f 5223/5223/5223 5222/5222/5222 5218/5218/5218
f 5224/5224/5224 5219/5219/5219 5222/5222/5222
f 5224/5224/5224 5225/5225/5225 5219/5219/5219
f 5219/5219/5219 5225/5225/5225 5221/5221/5221
f 5226/5226/5226 5225/5225/5225 5224/5224/5224
f 5225/5225/5225 5227/5227/5227 5221/5221/5221
f 5227/5227/5227 5225/5225/5225 5226/5226/5226
f 5221/5221/5221 5227/5227/5227 5228/5228/5228
f 5229/5229/5229 5227/5227/5227 5226/5226/5226
f 5228/5228/5228 5227/5227/5227 5230/5230/5230
f 5229/5229/5229 5231/5231/5231 5227/5227/5227
f 5227/5227/5227 5231/5231/5231 5230/5230/5230
f 5229/5229/5229 5232/5232/5232 5231/5231/5231
f 5233/5233/5233 5230/5230/5230 5231/5231/5231
f 5236/5236/5236 5235/5235/5235 5234/5234/5234
f 5235/5235/5235 5236/5236/5236 5237/5237/5237
f 5237/5237/5237 5238/5238/5238 5235/5235/5235
f 5239/5239/5239 5235/5235/5235 5238/5238/5238
f 5240/5240/5240 5239/5239/5239 5238/5238/5238
f 5238/5238/5238 5241/5241/5241 5240/5240/5240
f 5241/5241/5241 5242/5242/5242 5240/5240/5240
f 5238/5238/5238 5243/5243/5243 5241/5241/5241
f 5238/5238/5238 5244/5244/5244 5243/5243/5243
f 5244/5244/5244 5245/5245/5245 5243/5243/5243
f 5245/5245/5245 5246/5246/5246 5243/5243/5243
f 5245/5245/5245 5247/5247/5247 5246/5246/5246
f 5247/5247/5247 5248/5248/5248 5246/5246/5246
f 5249/5249/5249 5246/5246/5246 5248/5248/5248
f 5243/5243/5243 5246/5246/5246 5250/5250/5250
f 5243/5243/5243 5250/5250/5250 5241/5241/5241
f 5249/5249/5249 5250/5250/5250 5246/5246/5246
f 5242/5242/5242 5241/5241/5241 5251/5251/5251
f 5252/5252/5252 5242/5242/5242 5251/5251/5251
f 5251/5251/5251 5253/5253/5253 5252/5252/5252
f 5253/5253/5253 5251/5251/5251 5241/5241/5241
f 5253/5253/5253 5254/5254/5254 5252/5252/5252
f 5253/5253/5253 5255/5255/5255 5254/5254/5254
f 5256/5256/5256 5241/5241/5241 5250/5250/5250
f 5253/5253/5253 5241/5241/5241 5256/5256/5256
f 5253/5253/5253 5256/5256/5256 5255/5255/5255
f 5250/5250/5250 5249/5249/5249 5256/5256/5256
f 5257/5257/5257 5255/5255/5255 5256/5256/5256
f 5256/5256/5256 5249/5249/5249 5257/5257/5257
f 5249/5249/5249 5258/5258/5258 5257/5257/5257
f 5249/5249/5249 5259/5259/5259 5258/5258/5258
f 5249/5249/5249 5260/5260/5260 5259/5259/5259
f 5260/5260/5260 5261/5261/5261 5259/5259/5259
f 5260/5260/5260 5262/5262/5262 5261/5261/5261
f 5265/5265/5265 5264/5264/5264 5263/5263/5263
f 5263/5263/5263 5266/5266/5266 5265/5265/5265
f 5266/5266/5266 5267/5267/5267 5265/5265/5265
f 5268/5268/5268 5267/5267/5267 5266/5266/5266
f 5266/5266/5266 5269/5269/5269 5268/5268/5268
f 5263/5263/5263 5270/5270/5270 5266/5266/5266
f 5271/5271/5271 5270/5270/5270 5263/5263/5263
f 5271/5271/5271 5272/5272/5272 5270/5270/5270
f 5272/5272/5272 5273/5273/5273 5270/5270/5270
f 5266/5266/5266 5274/5274/5274 5269/5269/5269
f 5274/5274/5274 5275/5275/5275 5269/5269/5269
f 5266/5266/5266 5270/5270/5270 5276/5276/5276
f 5276/5276/5276 5270/5270/5270 5273/5273/5273
f 5274/5274/5274 5266/5266/5266 5276/5276/5276
f 5274/5274/5274 5277/5277/5277 5275/5275/5275
f 5276/5276/5276 5277/5277/5277 5274/5274/5274
f 5273/5273/5273 5277/5277/5277 5276/5276/5276
f 5277/5277/5277 5278/5278/5278 5275/5275/5275
f 5279/5279/5279 5277/5277/5277 5273/5273/5273
f 5279/5279/5279 5280/5280/5280 5277/5277/5277
f 5280/5280/5280 5281/5281/5281 5277/5277/5277
f 5284/5284/5284 5283/5283/5283 5282/5282/5282
f 5283/5283/5283 5285/5285/5285 5282/5282/5282
f 5283/5283/5283 5286/5286/5286 5285/5285/5285
f 5285/5285/5285 5286/5286/5286 5287/5287/5287
f 5289/5289/5289 5288/5288/5288 3109/3109/3109
f 3134/3134/3134 3109/3109/3109 5288/5288/5288
f 3134/3134/3134 5288/5288/5288 5290/5290/5290
f 5291/5291/5291 5290/5290/5290 5288/5288/5288
f 5292/5292/5292 3134/3134/3134 5290/5290/5290
f 3134/3134/3134 5292/5292/5292 3156/3156/3156
f 5293/5293/5293 3156/3156/3156 5292/5292/5292
f 5294/5294/5294 5293/5293/5293 5292/5292/5292
f 5290/5290/5290 5294/5294/5294 5292/5292/5292
f 5295/5295/5295 5290/5290/5290 5291/5291/5291
f 5295/5295/5295 5291/5291/5291 5296/5296/5296
f 5297/5297/5297 5296/5296/5296 5291/5291/5291
f 5298/5298/5298 5297/5297/5297 5291/5291/5291
f 5298/5298/5298 5299/5299/5299 5297/5297/5297
f 5300/5300/5300 5299/5299/5299 5298/5298/5298
f 5298/5298/5298 5301/5301/5301 5300/5300/5300
f 5299/5299/5299 5300/5300/5300 5302/5302/5302
f 5302/5302/5302 5303/5303/5303 5299/5299/5299
f 5302/5302/5302 5304/5304/5304 5303/5303/5303
f 5303/5303/5303 5304/5304/5304 5305/5305/5305
f 5305/5305/5305 5306/5306/5306 5303/5303/5303
f 5305/5305/5305 5307/5307/5307 5306/5306/5306
f 5306/5306/5306 5307/5307/5307 5308/5308/5308
f 5306/5306/5306 5308/5308/5308 5309/5309/5309
f 5312/5312/5312 5311/5311/5311 5310/5310/5310
f 5311/5311/5311 5312/5312/5312 5313/5313/5313
f 5314/5314/5314 5313/5313/5313 5312/5312/5312
f 5312/5312/5312 5315/5315/5315 5314/5314/5314
f 5318/5318/5318 5317/5317/5317 5316/5316/5316
f 5317/5317/5317 5319/5319/5319 5316/5316/5316
f 5322/5322/5322 5321/5321/5321 5320/5320/5320
f 5322/5322/5322 5320/5320/5320 5323/5323/5323
f 5323/5323/5323 5320/5320/5320 5324/5324/5324
f 5325/5325/5325 5323/5323/5323 5324/5324/5324
f 5324/5324/5324 5326/5326/5326 5325/5325/5325
f 5326/5326/5326 5324/5324/5324 5327/5327/5327
f 5324/5324/5324 5328/5328/5328 5327/5327/5327
f 5331/5331/5331 5330/5330/5330 5329/5329/5329
f 5331/5331/5331 5329/5329/5329 5332/5332/5332
f 5333/5333/5333 5332/5332/5332 5329/5329/5329
f 5336/5336/5336 5335/5335/5335 5334/5334/5334
f 5337/5337/5337 5336/5336/5336 5334/5334/5334
f 5338/5338/5338 5336/5336/5336 5337/5337/5337
f 5339/5339/5339 5336/5336/5336 5338/5338/5338
f 5340/5340/5340 5339/5339/5339 5338/5338/5338
f 5341/5341/5341 5339/5339/5339 5340/5340/5340
f 5342/5342/5342 5337/5337/5337 5334/5334/5334
f 5342/5342/5342 5334/5334/5334 5343/5343/5343
f 5343/5343/5343 5334/5334/5334 5344/5344/5344
f 5342/5342/5342 5345/5345/5345 5337/5337/5337
f 5337/5337/5337 5345/5345/5345 5338/5338/5338
f 5346/5346/5346 5345/5345/5345 5342/5342/5342
f 5347/5347/5347 5345/5345/5345 5346/5346/5346
f 5345/5345/5345 5348/5348/5348 5338/5338/5338
f 5348/5348/5348 5340/5340/5340 5338/5338/5338
f 5345/5345/5345 5347/5347/5347 5348/5348/5348
f 5340/5340/5340 5348/5348/5348 5349/5349/5349
f 5350/5350/5350 5340/5340/5340 5349/5349/5349
f 5348/5348/5348 5347/5347/5347 5351/5351/5351
f 5348/5348/5348 5351/5351/5351 5349/5349/5349
f 5352/5352/5352 5350/5350/5350 5349/5349/5349
f 5353/5353/5353 5350/5350/5350 5352/5352/5352
f 5351/5351/5351 5354/5354/5354 5349/5349/5349
f 5352/5352/5352 5349/5349/5349 5354/5354/5354
f 5353/5353/5353 5352/5352/5352 5355/5355/5355
f 5356/5356/5356 5353/5353/5353 5355/5355/5355
f 5356/5356/5356 5355/5355/5355 5357/5357/5357
f 5357/5357/5357 5355/5355/5355 5358/5358/5358
f 5352/5352/5352 5358/5358/5358 5355/5355/5355
f 5358/5358/5358 5359/5359/5359 5357/5357/5357
f 5360/5360/5360 5352/5352/5352 5354/5354/5354
f 5352/5352/5352 5360/5360/5360 5358/5358/5358
f 5354/5354/5354 5351/5351/5351 5361/5361/5361
f 5361/5361/5361 5360/5360/5360 5354/5354/5354
f 5360/5360/5360 5362/5362/5362 5358/5358/5358
f 5362/5362/5362 5360/5360/5360 5361/5361/5361
f 5361/5361/5361 5351/5351/5351 5363/5363/5363
f 5347/5347/5347 5363/5363/5363 5351/5351/5351
f 5359/5359/5359 5358/5358/5358 5364/5364/5364
f 5364/5364/5364 5358/5358/5358 5362/5362/5362
f 5361/5361/5361 5365/5365/5365 5362/5362/5362
f 5363/5363/5363 5365/5365/5365 5361/5361/5361
f 5366/5366/5366 5364/5364/5364 5362/5362/5362
f 5362/5362/5362 5365/5365/5365 5366/5366/5366
f 5347/5347/5347 5367/5367/5367 5363/5363/5363
f 5368/5368/5368 5365/5365/5365 5363/5363/5363
f 5368/5368/5368 5363/5363/5363 5367/5367/5367
f 5368/5368/5368 5369/5369/5369 5365/5365/5365
f 5366/5366/5366 5365/5365/5365 5370/5370/5370
f 5369/5369/5369 5370/5370/5370 5365/5365/5365
f 5367/5367/5367 5371/5371/5371 5368/5368/5368
f 5371/5371/5371 5369/5369/5369 5368/5368/5368
f 5367/5367/5367 5372/5372/5372 5371/5371/5371
f 5373/5373/5373 5371/5371/5371 5372/5372/5372
f 5372/5372/5372 5367/5367/5367 5374/5374/5374
f 5374/5374/5374 5367/5367/5367 5347/5347/5347
f 5371/5371/5371 5375/5375/5375 5369/5369/5369
f 5375/5375/5375 5376/5376/5376 5369/5369/5369
f 5370/5370/5370 5369/5369/5369 5376/5376/5376
f 5376/5376/5376 5375/5375/5375 5377/5377/5377
f 5366/5366/5366 5370/5370/5370 5378/5378/5378
f 5370/5370/5370 5376/5376/5376 5378/5378/5378
f 5379/5379/5379 5374/5374/5374 5347/5347/5347
f 5379/5379/5379 5380/5380/5380 5374/5374/5374
f 5379/5379/5379 5347/5347/5347 5346/5346/5346
f 5380/5380/5380 5381/5381/5381 5374/5374/5374
f 5379/5379/5379 5346/5346/5346 5382/5382/5382
f 5380/5380/5380 5379/5379/5379 5382/5382/5382
f 5382/5382/5382 5346/5346/5346 5383/5383/5383
f 5382/5382/5382 5383/5383/5383 5384/5384/5384
f 5385/5385/5385 5382/5382/5382 5384/5384/5384
f 5382/5382/5382 5385/5385/5385 5380/5380/5380
f 5386/5386/5386 5380/5380/5380 5385/5385/5385
f 5387/5387/5387 5380/5380/5380 5386/5386/5386
f 5380/5380/5380 5388/5388/5388 5381/5381/5381
f 5388/5388/5388 5380/5380/5380 5387/5387/5387
f 5389/5389/5389 5388/5388/5388 5387/5387/5387
f 5388/5388/5388 5390/5390/5390 5381/5381/5381
f 5389/5389/5389 5391/5391/5391 5388/5388/5388
f 5392/5392/5392 5391/5391/5391 5389/5389/5389
f 5388/5388/5388 5393/5393/5393 5390/5390/5390
f 5393/5393/5393 5388/5388/5388 5391/5391/5391
f 5393/5393/5393 5394/5394/5394 5390/5390/5390
f 5391/5391/5391 5395/5395/5395 5393/5393/5393
f 5393/5393/5393 5395/5395/5395 5394/5394/5394
f 5395/5395/5395 5391/5391/5391 5396/5396/5396
f 5396/5396/5396 5391/5391/5391 5397/5397/5397
f 5397/5397/5397 5391/5391/5391 5398/5398/5398
f 5399/5399/5399 5395/5395/5395 5396/5396/5396
f 5400/5400/5400 5395/5395/5395 5399/5399/5399
f 5400/5400/5400 5394/5394/5394 5395/5395/5395
f 5401/5401/5401 5400/5400/5400 5399/5399/5399
f 5402/5402/5402 5400/5400/5400 5401/5401/5401
f 5400/5400/5400 5403/5403/5403 5394/5394/5394
f 5402/5402/5402 5403/5403/5403 5400/5400/5400
f 5394/5394/5394 5403/5403/5403 5404/5404/5404
f 5394/5394/5394 5404/5404/5404 5390/5390/5390
f 5390/5390/5390 5404/5404/5404 5405/5405/5405
f 5402/5402/5402 5406/5406/5406 5403/5403/5403
f 5407/5407/5407 5404/5404/5404 5403/5403/5403
f 5404/5404/5404 5407/5407/5407 5405/5405/5405
f 5405/5405/5405 5408/5408/5408 5390/5390/5390
f 5406/5406/5406 5402/5402/5402 5409/5409/5409
f 5403/5403/5403 5410/5410/5410 5407/5407/5407
f 5411/5411/5411 5407/5407/5407 5410/5410/5410
f 5405/5405/5405 5412/5412/5412 5408/5408/5408
f 5408/5408/5408 5412/5412/5412 5413/5413/5413
f 5413/5413/5413 5412/5412/5412 5414/5414/5414
f 5415/5415/5415 5413/5413/5413 5414/5414/5414
f 5412/5412/5412 5416/5416/5416 5414/5414/5414
f 5412/5412/5412 5405/5405/5405 5416/5416/5416
f 5414/5414/5414 5417/5417/5417 5415/5415/5415
f 5417/5417/5417 5414/5414/5414 5416/5416/5416
f 5418/5418/5418 5415/5415/5415 5417/5417/5417
f 5417/5417/5417 5416/5416/5416 5419/5419/5419
f 5419/5419/5419 5420/5420/5420 5417/5417/5417
f 5405/5405/5405 5421/5421/5421 5416/5416/5416
f 5416/5416/5416 5421/5421/5421 5419/5419/5419
f 5422/5422/5422 5421/5421/5421 5405/5405/5405
f 5421/5421/5421 5422/5422/5422 5419/5419/5419
f 5405/5405/5405 5423/5423/5423 5422/5422/5422
f 5423/5423/5423 5424/5424/5424 5422/5422/5422
f 5419/5419/5419 5422/5422/5422 5425/5425/5425
f 5420/5420/5420 5419/5419/5419 5426/5426/5426
f 5426/5426/5426 5419/5419/5419 5425/5425/5425
f 5427/5427/5427 5420/5420/5420 5426/5426/5426
f 5425/5425/5425 5427/5427/5427 5426/5426/5426
f 5430/5430/5430 5429/5429/5429 5428/5428/5428
f 5428/5428/5428 5431/5431/5431 5430/5430/5430
f 5430/5430/5430 5431/5431/5431 5432/5432/5432
f 5433/5433/5433 5432/5432/5432 5431/5431/5431
f 5430/5430/5430 5432/5432/5432 5434/5434/5434
f 5433/5433/5433 5434/5434/5434 5432/5432/5432
f 5433/5433/5433 5435/5435/5435 5434/5434/5434
f 5435/5435/5435 5436/5436/5436 5434/5434/5434
f 5439/5439/5439 5438/5438/5438 5437/5437/5437
f 5438/5438/5438 5440/5440/5440 5437/5437/5437
f 5441/5441/5441 5440/5440/5440 5438/5438/5438
f 5444/5444/5444 5443/5443/5443 5442/5442/5442
f 5444/5444/5444 5442/5442/5442 5445/5445/5445
f 5442/5442/5442 5446/5446/5446 5445/5445/5445
f 5449/5449/5449 5448/5448/5448 5447/5447/5447
f 5450/5450/5450 5447/5447/5447 5448/5448/5448
f 5451/5451/5451 5450/5450/5450 5448/5448/5448
f 5450/5450/5450 5452/5452/5452 5447/5447/5447
f 5452/5452/5452 5450/5450/5450 5453/5453/5453
f 5454/5454/5454 5453/5453/5453 5450/5450/5450
f 5453/5453/5453 5455/5455/5455 5452/5452/5452
f 5447/5447/5447 5452/5452/5452 5456/5456/5456
f 5456/5456/5456 5452/5452/5452 5455/5455/5455
f 5457/5457/5457 5447/5447/5447 5456/5456/5456
f 5455/5455/5455 5458/5458/5458 5456/5456/5456
f 5459/5459/5459 5458/5458/5458 5455/5455/5455
f 5460/5460/5460 5458/5458/5458 5459/5459/5459
f 5460/5460/5460 5461/5461/5461 5458/5458/5458
f 5447/5447/5447 5457/5457/5457 5462/5462/5462
f 5462/5462/5462 5457/5457/5457 5463/5463/5463
f 5462/5462/5462 5463/5463/5463 5464/5464/5464
f 5463/5463/5463 5457/5457/5457 5465/5465/5465
f 5466/5466/5466 5465/5465/5465 5457/5457/5457
f 5465/5465/5465 5467/5467/5467 5463/5463/5463
f 5463/5463/5463 5467/5467/5467 5468/5468/5468
f 5464/5464/5464 5463/5463/5463 5468/5468/5468
f 5469/5469/5469 5464/5464/5464 5468/5468/5468
f 5468/5468/5468 5470/5470/5470 5469/5469/5469
f 5473/5473/5473 5472/5472/5472 5471/5471/5471
f 5474/5474/5474 5471/5471/5471 5472/5472/5472
f 5475/5475/5475 5474/5474/5474 5472/5472/5472
f 5472/5472/5472 5476/5476/5476 5475/5475/5475
f 5477/5477/5477 5475/5475/5475 5476/5476/5476
f 5478/5478/5478 5475/5475/5475 5477/5477/5477
f 5479/5479/5479 5475/5475/5475 5478/5478/5478
f 5474/5474/5474 5480/5480/5480 5471/5471/5471
f 5471/5471/5471 5480/5480/5480 5481/5481/5481
f 5481/5481/5481 5480/5480/5480 5482/5482/5482
f 5483/5483/5483 5474/5474/5474 5475/5475/5475
f 5475/5475/5475 5479/5479/5479 5483/5483/5483
f 5474/5474/5474 5484/5484/5484 5480/5480/5480
f 5484/5484/5484 5474/5474/5474 5483/5483/5483
f 5485/5485/5485 5484/5484/5484 5483/5483/5483
f 5480/5480/5480 5484/5484/5484 5486/5486/5486
f 5485/5485/5485 5483/5483/5483 5487/5487/5487
f 5488/5488/5488 5480/5480/5480 5486/5486/5486
f 5488/5488/5488 5486/5486/5486 5489/5489/5489
f 5490/5490/5490 5480/5480/5480 5488/5488/5488
f 5487/5487/5487 5483/5483/5483 5491/5491/5491
f 5491/5491/5491 5483/5483/5483 5479/5479/5479
f 5492/5492/5492 5487/5487/5487 5491/5491/5491
f 5491/5491/5491 5493/5493/5493 5492/5492/5492
f 5491/5491/5491 5479/5479/5479 5493/5493/5493
f 5493/5493/5493 5494/5494/5494 5492/5492/5492
f 5494/5494/5494 5493/5493/5493 5495/5495/5495
f 5493/5493/5493 5479/5479/5479 5496/5496/5496
f 5496/5496/5496 5495/5495/5495 5493/5493/5493
f 5494/5494/5494 5495/5495/5495 5497/5497/5497
f 5494/5494/5494 5497/5497/5497 5498/5498/5498
f 5498/5498/5498 5497/5497/5497 5499/5499/5499
f 5500/5500/5500 5495/5495/5495 5496/5496/5496
f 5497/5497/5497 5495/5495/5495 5500/5500/5500
f 5496/5496/5496 5479/5479/5479 5501/5501/5501
f 5496/5496/5496 5501/5501/5501 5500/5500/5500
f 5497/5497/5497 5502/5502/5502 5499/5499/5499
f 5497/5497/5497 5500/5500/5500 5502/5502/5502
f 5501/5501/5501 5479/5479/5479 5503/5503/5503
f 5503/5503/5503 5479/5479/5479 5478/5478/5478
f 5504/5504/5504 5499/5499/5499 5502/5502/5502
f 5499/5499/5499 5504/5504/5504 5505/5505/5505
f 5505/5505/5505 5504/5504/5504 5506/5506/5506
f 5502/5502/5502 5500/5500/5500 5507/5507/5507
f 5504/5504/5504 5502/5502/5502 5507/5507/5507
f 5508/5508/5508 5500/5500/5500 5501/5501/5501
f 5501/5501/5501 5503/5503/5503 5508/5508/5508
f 5500/5500/5500 5508/5508/5508 5507/5507/5507
f 5506/5506/5506 5504/5504/5504 5509/5509/5509
f 5504/5504/5504 5507/5507/5507 5509/5509/5509
f 5506/5506/5506 5509/5509/5509 5510/5510/5510
f 5510/5510/5510 5509/5509/5509 5511/5511/5511
f 5509/5509/5509 5512/5512/5512 5511/5511/5511
f 5509/5509/5509 5507/5507/5507 5512/5512/5512
f 5507/5507/5507 5513/5513/5513 5512/5512/5512
f 5507/5507/5507 5508/5508/5508 5513/5513/5513
f 5508/5508/5508 5503/5503/5503 5513/5513/5513
f 5513/5513/5513 5503/5503/5503 5514/5514/5514
f 5514/5514/5514 5503/5503/5503 5478/5478/5478
f 5514/5514/5514 5478/5478/5478 5515/5515/5515
f 5518/5518/5518 5517/5517/5517 5516/5516/5516
f 5519/5519/5519 5517/5517/5517 5518/5518/5518
f 5519/5519/5519 5520/5520/5520 5517/5517/5517
f 5523/5523/5523 5522/5522/5522 5521/5521/5521
f 5523/5523/5523 5521/5521/5521 5524/5524/5524
f 5524/5524/5524 5525/5525/5525 5523/5523/5523
f 5525/5525/5525 5526/5526/5526 5523/5523/5523
f 5523/5523/5523 5526/5526/5526 5527/5527/5527
f 5525/5525/5525 5524/5524/5524 5528/5528/5528
f 5528/5528/5528 5524/5524/5524 5529/5529/5529
f 5532/5532/5532 5531/5531/5531 5530/5530/5530
f 5531/5531/5531 5533/5533/5533 5530/5530/5530
f 5534/5534/5534 5533/5533/5533 5531/5531/5531
f 5535/5535/5535 5530/5530/5530 5533/5533/5533
f 5533/5533/5533 5534/5534/5534 5535/5535/5535
f 5530/5530/5530 5535/5535/5535 5536/5536/5536
f 5537/5537/5537 5536/5536/5536 5535/5535/5535
f 5534/5534/5534 5538/5538/5538 5535/5535/5535
f 5534/5534/5534 5539/5539/5539 5538/5538/5538
f 5540/5540/5540 5539/5539/5539 5534/5534/5534
f 5534/5534/5534 5541/5541/5541 5540/5540/5540
f 5544/5544/5544 5543/5543/5543 5542/5542/5542
f 5542/5542/5542 5545/5545/5545 5544/5544/5544
f 5544/5544/5544 5545/5545/5545 5546/5546/5546
f 5544/5544/5544 5546/5546/5546 5547/5547/5547
f 5548/5548/5548 5547/5547/5547 5546/5546/5546
f 5542/5542/5542 5549/5549/5549 5545/5545/5545
f 5549/5549/5549 5542/5542/5542 5550/5550/5550
f 5542/5542/5542 5551/5551/5551 5550/5550/5550
f 5552/5552/5552 5545/5545/5545 5549/5549/5549
f 5553/5553/5553 5545/5545/5545 5552/5552/5552
f 5553/5553/5553 5546/5546/5546 5545/5545/5545
f 5554/5554/5554 5546/5546/5546 5553/5553/5553
f 5546/5546/5546 5554/5554/5554 5555/5555/5555
f 5548/5548/5548 5546/5546/5546 5555/5555/5555
f 5548/5548/5548 5555/5555/5555 5556/5556/5556
f 5555/5555/5555 5554/5554/5554 5557/5557/5557
f 5555/5555/5555 5557/5557/5557 5556/5556/5556
f 5558/5558/5558 5556/5556/5556 5557/5557/5557
f 5559/5559/5559 5556/5556/5556 5558/5558/5558
f 5556/5556/5556 5560/5560/5560 5548/5548/5548
f 5561/5561/5561 5556/5556/5556 5559/5559/5559
f 5556/5556/5556 5562/5562/5562 5560/5560/5560
f 5562/5562/5562 5556/5556/5556 5561/5561/5561
f 5560/5560/5560 5562/5562/5562 5563/5563/5563
f 5564/5564/5564 5562/5562/5562 5561/5561/5561
f 5563/5563/5563 5562/5562/5562 5565/5565/5565
f 5564/5564/5564 5566/5566/5566 5562/5562/5562
f 5565/5565/5565 5562/5562/5562 5566/5566/5566
f 5569/5569/5569 5568/5568/5568 5567/5567/5567
f 5567/5567/5567 5568/5568/5568 5570/5570/5570
f 5568/5568/5568 5571/5571/5571 5570/5570/5570
f 5572/5572/5572 5570/5570/5570 5571/5571/5571
f 5573/5573/5573 5571/5571/5571 5568/5568/5568
f 5576/5576/5576 5575/5575/5575 5574/5574/5574
f 5575/5575/5575 5577/5577/5577 5574/5574/5574
f 5578/5578/5578 5574/5574/5574 5577/5577/5577
f 5579/5579/5579 5574/5574/5574 5578/5578/5578
f 5577/5577/5577 5580/5580/5580 5578/5578/5578
f 5580/5580/5580 5577/5577/5577 5581/5581/5581
f 5578/5578/5578 5580/5580/5580 5582/5582/5582
f 5582/5582/5582 5583/5583/5583 5578/5578/5578
f 5584/5584/5584 5578/5578/5578 5583/5583/5583
f 5584/5584/5584 5579/5579/5579 5578/5578/5578
f 5585/5585/5585 5584/5584/5584 5583/5583/5583
f 5585/5585/5585 5586/5586/5586 5584/5584/5584
f 5586/5586/5586 5579/5579/5579 5584/5584/5584
f 5579/5579/5579 5586/5586/5586 5587/5587/5587
f 5587/5587/5587 5586/5586/5586 5588/5588/5588
f 5591/5591/5591 5590/5590/5590 5589/5589/5589
f 5589/5589/5589 5590/5590/5590 5592/5592/5592
f 5593/5593/5593 5589/5589/5589 5592/5592/5592
f 5590/5590/5590 5594/5594/5594 5592/5592/5592
f 5590/5590/5590 5595/5595/5595 5594/5594/5594
f 5598/5598/5598 5597/5597/5597 5596/5596/5596
f 5599/5599/5599 5596/5596/5596 5597/5597/5597
f 5600/5600/5600 5599/5599/5599 5597/5597/5597
f 5597/5597/5597 5601/5601/5601 5600/5600/5600
f 5601/5601/5601 5597/5597/5597 5602/5602/5602
f 5603/5603/5603 5601/5601/5601 5602/5602/5602
f 5604/5604/5604 5602/5602/5602 5597/5597/5597
f 5597/5597/5597 5605/5605/5605 5604/5604/5604
f 5606/5606/5606 5602/5602/5602 5604/5604/5604
f 5607/5607/5607 5602/5602/5602 5606/5606/5606
f 5608/5608/5608 5603/5603/5603 5602/5602/5602
f 5608/5608/5608 5602/5602/5602 5607/5607/5607
f 5603/5603/5603 5608/5608/5608 5609/5609/5609
f 5609/5609/5609 5608/5608/5608 5610/5610/5610
f 5611/5611/5611 5608/5608/5608 5607/5607/5607
f 5610/5610/5610 5608/5608/5608 5611/5611/5611
f 5612/5612/5612 5611/5611/5611 5607/5607/5607
f 5613/5613/5613 5610/5610/5610 5611/5611/5611
f 5616/5616/5616 5615/5615/5615 5614/5614/5614
f 5615/5615/5615 5617/5617/5617 5614/5614/5614
f 5614/5614/5614 5617/5617/5617 5618/5618/5618
f 5619/5619/5619 5617/5617/5617 5615/5615/5615
f 5617/5617/5617 5619/5619/5619 5620/5620/5620
f 5623/5623/5623 5622/5622/5622 5621/5621/5621
f 5624/5624/5624 5621/5621/5621 5622/5622/5622
f 5625/5625/5625 5624/5624/5624 5622/5622/5622
f 5626/5626/5626 5624/5624/5624 5625/5625/5625
f 5626/5626/5626 5627/5627/5627 5624/5624/5624
f 5630/5630/5630 5629/5629/5629 5628/5628/5628
f 5629/5629/5629 5631/5631/5631 5628/5628/5628
f 5628/5628/5628 5631/5631/5631 5632/5632/5632
f 5632/5632/5632 5631/5631/5631 5633/5633/5633
f 5636/5636/5636 5635/5635/5635 5634/5634/5634
f 5637/5637/5637 5634/5634/5634 5635/5635/5635
f 5635/5635/5635 5638/5638/5638 5637/5637/5637
f 5638/5638/5638 5635/5635/5635 5639/5639/5639
f 5639/5639/5639 5640/5640/5640 5638/5638/5638
f 5637/5637/5637 5638/5638/5638 5641/5641/5641
f 5641/5641/5641 5638/5638/5638 5640/5640/5640
f 5641/5641/5641 5640/5640/5640 5642/5642/5642
f 5642/5642/5642 5643/5643/5643 5641/5641/5641
f 5637/5637/5637 5641/5641/5641 5644/5644/5644
f 5644/5644/5644 5641/5641/5641 5643/5643/5643
f 5645/5645/5645 5644/5644/5644 5643/5643/5643
f 5646/5646/5646 5644/5644/5644 5645/5645/5645
f 5645/5645/5645 5647/5647/5647 5646/5646/5646
f 5647/5647/5647 5648/5648/5648 5646/5646/5646
f 5648/5648/5648 5649/5649/5649 5646/5646/5646
f 5649/5649/5649 5648/5648/5648 5650/5650/5650
f 5651/5651/5651 5649/5649/5649 5650/5650/5650
f 5651/5651/5651 5650/5650/5650 5652/5652/5652
f 5652/5652/5652 5653/5653/5653 5651/5651/5651
f 5656/5656/5656 5655/5655/5655 5654/5654/5654
f 5656/5656/5656 5657/5657/5657 5655/5655/5655
f 5657/5657/5657 5658/5658/5658 5655/5655/5655
f 5658/5658/5658 5659/5659/5659 5655/5655/5655
f 5656/5656/5656 5660/5660/5660 5657/5657/5657
f 5658/5658/5658 5657/5657/5657 5660/5660/5660
f 5656/5656/5656 5661/5661/5661 5660/5660/5660
f 5662/5662/5662 5660/5660/5660 5661/5661/5661
f 5662/5662/5662 5658/5658/5658 5660/5660/5660
f 5663/5663/5663 5662/5662/5662 5661/5661/5661
f 5663/5663/5663 5664/5664/5664 5662/5662/5662
f 5665/5665/5665 5664/5664/5664 5663/5663/5663
f 5664/5664/5664 5666/5666/5666 5662/5662/5662
f 5666/5666/5666 5658/5658/5658 5662/5662/5662
f 5667/5667/5667 5664/5664/5664 5665/5665/5665
f 5667/5667/5667 5666/5666/5666 5664/5664/5664
f 5668/5668/5668 5659/5659/5659 5658/5658/5658
f 5659/5659/5659 5668/5668/5668 5669/5669/5669
f 5670/5670/5670 5667/5667/5667 5665/5665/5665
f 5671/5671/5671 5670/5670/5670 5665/5665/5665
f 5658/5658/5658 5672/5672/5672 5668/5668/5668
f 5673/5673/5673 5669/5669/5669 5668/5668/5668
f 5672/5672/5672 5673/5673/5673 5668/5668/5668
f 5674/5674/5674 5672/5672/5672 5658/5658/5658
f 5658/5658/5658 5666/5666/5666 5674/5674/5674
f 5672/5672/5672 5674/5674/5674 5673/5673/5673
f 5669/5669/5669 5673/5673/5673 5675/5675/5675
f 5669/5669/5669 5675/5675/5675 5676/5676/5676
f 5675/5675/5675 5673/5673/5673 5677/5677/5677
f 5673/5673/5673 5678/5678/5678 5677/5677/5677
f 5673/5673/5673 5674/5674/5674 5678/5678/5678
f 5678/5678/5678 5674/5674/5674 5679/5679/5679
f 5674/5674/5674 5680/5680/5680 5679/5679/5679
f 5680/5680/5680 5674/5674/5674 5666/5666/5666
f 5680/5680/5680 5681/5681/5681 5679/5679/5679
f 5680/5680/5680 5666/5666/5666 5682/5682/5682
f 5666/5666/5666 5667/5667/5667 5682/5682/5682
f 5681/5681/5681 5680/5680/5680 5683/5683/5683
f 5680/5680/5680 5682/5682/5682 5683/5683/5683
f 5681/5681/5681 5683/5683/5683 5684/5684/5684
f 5685/5685/5685 5681/5681/5681 5684/5684/5684
f 5683/5683/5683 5686/5686/5686 5684/5684/5684
f 5683/5683/5683 5682/5682/5682 5686/5686/5686
f 5682/5682/5682 5667/5667/5667 5687/5687/5687
f 5686/5686/5686 5682/5682/5682 5687/5687/5687
f 5687/5687/5687 5667/5667/5667 5670/5670/5670
f 5686/5686/5686 5687/5687/5687 5688/5688/5688
f 5689/5689/5689 5687/5687/5687 5670/5670/5670
f 5687/5687/5687 5689/5689/5689 5688/5688/5688
f 5690/5690/5690 5689/5689/5689 5670/5670/5670
f 5688/5688/5688 5689/5689/5689 5691/5691/5691
f 5692/5692/5692 5689/5689/5689 5690/5690/5690
f 5691/5691/5691 5689/5689/5689 5692/5692/5692
f 5691/5691/5691 5692/5692/5692 5693/5693/5693
f 5692/5692/5692 5694/5694/5694 5693/5693/5693
f 5697/5697/5697 5696/5696/5696 5695/5695/5695
f 5696/5696/5696 5697/5697/5697 5698/5698/5698
f 5699/5699/5699 5696/5696/5696 5698/5698/5698
f 5696/5696/5696 5699/5699/5699 5700/5700/5700
f 5700/5700/5700 5701/5701/5701 5696/5696/5696
f 5701/5701/5701 5702/5702/5702 5696/5696/5696
f 5703/5703/5703 5701/5701/5701 5700/5700/5700
f 5706/5706/5706 5705/5705/5705 5704/5704/5704
f 5706/5706/5706 5707/5707/5707 5705/5705/5705
f 5708/5708/5708 5707/5707/5707 5706/5706/5706
f 5706/5706/5706 5709/5709/5709 5708/5708/5708
f 5710/5710/5710 5708/5708/5708 5709/5709/5709
f 5711/5711/5711 5710/5710/5710 5709/5709/5709
f 5712/5712/5712 5710/5710/5710 5711/5711/5711
f 5715/5715/5715 5714/5714/5714 5713/5713/5713
f 5713/5713/5713 5714/5714/5714 5716/5716/5716
f 5716/5716/5716 5714/5714/5714 5717/5717/5717
f 5716/5716/5716 5718/5718/5718 5713/5713/5713
f 5718/5718/5718 5719/5719/5719 5713/5713/5713
f 5720/5720/5720 5718/5718/5718 5716/5716/5716
f 5718/5718/5718 5721/5721/5721 5719/5719/5719
f 5718/5718/5718 5720/5720/5720 5722/5722/5722
f 5721/5721/5721 5718/5718/5718 5723/5723/5723
f 5722/5722/5722 5723/5723/5723 5718/5718/5718
f 5726/5726/5726 5725/5725/5725 5724/5724/5724
f 5725/5725/5725 5727/5727/5727 5724/5724/5724
f 5727/5727/5727 5728/5728/5728 5724/5724/5724
f 5728/5728/5728 5729/5729/5729 5724/5724/5724
f 5730/5730/5730 5728/5728/5728 5727/5727/5727
f 5729/5729/5729 5728/5728/5728 5731/5731/5731
f 5728/5728/5728 5730/5730/5730 5732/5732/5732
f 5728/5728/5728 5732/5732/5732 5731/5731/5731
f 5735/5735/5735 5734/5734/5734 5733/5733/5733
f 5734/5734/5734 5736/5736/5736 5733/5733/5733
f 5734/5734/5734 5737/5737/5737 5736/5736/5736
f 5737/5737/5737 5738/5738/5738 5736/5736/5736
f 5741/5741/5741 5740/5740/5740 5739/5739/5739
f 5742/5742/5742 5739/5739/5739 5740/5740/5740
f 5743/5743/5743 5739/5739/5739 5742/5742/5742
f 5744/5744/5744 5739/5739/5739 5743/5743/5743
f 5743/5743/5743 5745/5745/5745 5744/5744/5744
f 5745/5745/5745 5746/5746/5746 5744/5744/5744
f 5747/5747/5747 5743/5743/5743 5742/5742/5742
f 5745/5745/5745 5743/5743/5743 5748/5748/5748
f 5748/5748/5748 5743/5743/5743 5747/5747/5747
f 5749/5749/5749 5745/5745/5745 5748/5748/5748
f 5749/5749/5749 5750/5750/5750 5745/5745/5745
f 5751/5751/5751 5750/5750/5750 5749/5749/5749
f 5752/5752/5752 5747/5747/5747 5742/5742/5742
f 5742/5742/5742 5753/5753/5753 5752/5752/5752
f 5754/5754/5754 5748/5748/5748 5747/5747/5747
f 5754/5754/5754 5749/5749/5749 5748/5748/5748
f 5752/5752/5752 5755/5755/5755 5747/5747/5747
f 5754/5754/5754 5747/5747/5747 5755/5755/5755
f 5756/5756/5756 5755/5755/5755 5752/5752/5752
f 5754/5754/5754 5755/5755/5755 5756/5756/5756
f 5751/5751/5751 5749/5749/5749 5757/5757/5757
f 5757/5757/5757 5758/5758/5758 5751/5751/5751
f 5759/5759/5759 5754/5754/5754 5756/5756/5756
f 5759/5759/5759 5756/5756/5756 5760/5760/5760
f 5749/5749/5749 5754/5754/5754 5761/5761/5761
f 5761/5761/5761 5754/5754/5754 5759/5759/5759
f 5757/5757/5757 5749/5749/5749 5761/5761/5761
f 5762/5762/5762 5761/5761/5761 5759/5759/5759
f 5757/5757/5757 5761/5761/5761 5762/5762/5762
f 5762/5762/5762 5759/5759/5759 5760/5760/5760
f 5763/5763/5763 5758/5758/5758 5757/5757/5757
f 5762/5762/5762 5763/5763/5763 5757/5757/5757
f 5377/5377/5377 5758/5758/5758 5763/5763/5763
f 5764/5764/5764 5377/5377/5377 5763/5763/5763
f 5764/5764/5764 5763/5763/5763 5762/5762/5762
f 5764/5764/5764 5376/5376/5376 5377/5377/5377
f 5376/5376/5376 5764/5764/5764 5378/5378/5378
f 5764/5764/5764 5762/5762/5762 5765/5765/5765
f 5765/5765/5765 5762/5762/5762 5760/5760/5760
f 5765/5765/5765 5378/5378/5378 5764/5764/5764
f 5359/5359/5359 5765/5765/5765 5760/5760/5760
f 5359/5359/5359 5760/5760/5760 5766/5766/5766
f 5359/5359/5359 5767/5767/5767 5765/5765/5765
f 5378/5378/5378 5765/5765/5765 5767/5767/5767
f 5364/5364/5364 5767/5767/5767 5359/5359/5359
f 5767/5767/5767 5768/5768/5768 5378/5378/5378
f 5768/5768/5768 5767/5767/5767 5364/5364/5364
f 5768/5768/5768 5366/5366/5366 5378/5378/5378
f 5768/5768/5768 5364/5364/5364 5366/5366/5366
f 5771/5771/5771 5770/5770/5770 5769/5769/5769
f 5772/5772/5772 5771/5771/5771 5769/5769/5769
f 5771/5771/5771 5772/5772/5772 5773/5773/5773
f 5773/5773/5773 5774/5774/5774 5771/5771/5771
f 5769/5769/5769 5775/5775/5775 5772/5772/5772
f 5773/5773/5773 5772/5772/5772 5776/5776/5776
f 5772/5772/5772 5775/5775/5775 5776/5776/5776
f 5769/5769/5769 5777/5777/5777 5775/5775/5775
f 5769/5769/5769 5778/5778/5778 5777/5777/5777
f 5779/5779/5779 5777/5777/5777 5778/5778/5778
f 5775/5775/5775 5777/5777/5777 5780/5780/5780
f 5775/5775/5775 5780/5780/5780 5781/5781/5781
f 5782/5782/5782 5775/5775/5775 5781/5781/5781
f 5775/5775/5775 5782/5782/5782 5776/5776/5776
f 5776/5776/5776 5782/5782/5782 5783/5783/5783
f 5773/5773/5773 5776/5776/5776 5783/5783/5783
f 5773/5773/5773 5783/5783/5783 5784/5784/5784
f 5773/5773/5773 5784/5784/5784 5785/5785/5785
f 5786/5786/5786 5784/5784/5784 5783/5783/5783
f 5784/5784/5784 5786/5786/5786 5787/5787/5787
f 5790/5790/5790 5789/5789/5789 5788/5788/5788
f 5791/5791/5791 5789/5789/5789 5790/5790/5790
f 5790/5790/5790 5792/5792/5792 5791/5791/5791
f 5789/5789/5789 5791/5791/5791 5793/5793/5793
f 5792/5792/5792 5794/5794/5794 5791/5791/5791
f 5793/5793/5793 5791/5791/5791 5795/5795/5795
f 5794/5794/5794 5796/5796/5796 5791/5791/5791
f 5791/5791/5791 5796/5796/5796 5795/5795/5795
f 5799/5799/5799 5798/5798/5798 5797/5797/5797
f 5800/5800/5800 5797/5797/5797 5798/5798/5798
f 5797/5797/5797 5800/5800/5800 5801/5801/5801
f 5802/5802/5802 5797/5797/5797 5801/5801/5801
f 5802/5802/5802 5803/5803/5803 5797/5797/5797
f 5804/5804/5804 5802/5802/5802 5801/5801/5801
f 5800/5800/5800 5805/5805/5805 5801/5801/5801
f 5801/5801/5801 5805/5805/5805 5806/5806/5806
f 5800/5800/5800 5807/5807/5807 5805/5805/5805
f 5808/5808/5808 5806/5806/5806 5805/5805/5805
f 5805/5805/5805 5807/5807/5807 5808/5808/5808
f 5811/5811/5811 5810/5810/5810 5809/5809/5809
f 5810/5810/5810 5812/5812/5812 5809/5809/5809
f 5809/5809/5809 5812/5812/5812 5813/5813/5813
f 5812/5812/5812 5814/5814/5814 5813/5813/5813
f 5810/5810/5810 5815/5815/5815 5812/5812/5812
f 5815/5815/5815 5814/5814/5814 5812/5812/5812
f 5815/5815/5815 5810/5810/5810 5816/5816/5816
f 5814/5814/5814 5815/5815/5815 5817/5817/5817
f 5817/5817/5817 5815/5815/5815 5816/5816/5816
f 5820/5820/5820 5819/5819/5819 5818/5818/5818
f 5819/5819/5819 5821/5821/5821 5818/5818/5818
f 5819/5819/5819 5822/5822/5822 5821/5821/5821
f 5823/5823/5823 5821/5821/5821 5822/5822/5822
f 5822/5822/5822 5824/5824/5824 5823/5823/5823
f 5822/5822/5822 5825/5825/5825 5824/5824/5824
f 5824/5824/5824 5825/5825/5825 5826/5826/5826
f 5827/5827/5827 5825/5825/5825 5822/5822/5822
f 5819/5819/5819 5828/5828/5828 5822/5822/5822
f 5822/5822/5822 5828/5828/5828 5827/5827/5827
f 5828/5828/5828 5829/5829/5829 5827/5827/5827
f 5828/5828/5828 5830/5830/5830 5829/5829/5829
f 5831/5831/5831 5828/5828/5828 5819/5819/5819
f 5828/5828/5828 5831/5831/5831 5830/5830/5830
f 5831/5831/5831 5832/5832/5832 5830/5830/5830
f 5831/5831/5831 5833/5833/5833 5832/5832/5832
f 5833/5833/5833 5834/5834/5834 5832/5832/5832
f 5833/5833/5833 5835/5835/5835 5834/5834/5834
f 5832/5832/5832 5834/5834/5834 5836/5836/5836
f 5834/5834/5834 5837/5837/5837 5836/5836/5836
f 5838/5838/5838 5837/5837/5837 5834/5834/5834
f 5841/5841/5841 5840/5840/5840 5839/5839/5839
f 5841/5841/5841 5842/5842/5842 5840/5840/5840
f 5845/5845/5845 5844/5844/5844 5843/5843/5843
f 5846/5846/5846 5845/5845/5845 5843/5843/5843
f 5846/5846/5846 5847/5847/5847 5845/5845/5845
f 5846/5846/5846 5848/5848/5848 5847/5847/5847
f 5848/5848/5848 5849/5849/5849 5847/5847/5847
f 5845/5845/5845 5847/5847/5847 5850/5850/5850
f 5847/5847/5847 5851/5851/5851 5850/5850/5850
f 5850/5850/5850 5851/5851/5851 5852/5852/5852
f 5850/5850/5850 5852/5852/5852 5853/5853/5853
f 5854/5854/5854 5850/5850/5850 5853/5853/5853
f 5854/5854/5854 5853/5853/5853 5855/5855/5855
f 5856/5856/5856 5854/5854/5854 5855/5855/5855
f 5857/5857/5857 5856/5856/5856 5855/5855/5855
f 5858/5858/5858 5856/5856/5856 5857/5857/5857
f 5857/5857/5857 5859/5859/5859 5858/5858/5858
f 5859/5859/5859 5860/5860/5860 5858/5858/5858
f 5863/5863/5863 5862/5862/5862 5861/5861/5861
f 5863/5863/5863 5864/5864/5864 5862/5862/5862
f 5864/5864/5864 5865/5865/5865 5862/5862/5862
f 5866/5866/5866 5865/5865/5865 5864/5864/5864
f 5866/5866/5866 5867/5867/5867 5865/5865/5865
f 5867/5867/5867 5866/5866/5866 5868/5868/5868
f 5871/5871/5871 5870/5870/5870 5869/5869/5869
f 5872/5872/5872 5871/5871/5871 5869/5869/5869
f 5869/5869/5869 5873/5873/5873 5872/5872/5872
f 5874/5874/5874 5872/5872/5872 5873/5873/5873
f 5875/5875/5875 5874/5874/5874 5873/5873/5873
f 5876/5876/5876 5872/5872/5872 5874/5874/5874
f 5874/5874/5874 5875/5875/5875 5877/5877/5877
f 5874/5874/5874 5877/5877/5877 5876/5876/5876
f 5877/5877/5877 5875/5875/5875 5878/5878/5878
f 5876/5876/5876 5877/5877/5877 5879/5879/5879
f 5878/5878/5878 5879/5879/5879 5877/5877/5877
f 5879/5879/5879 5878/5878/5878 5880/5880/5880
f 5879/5879/5879 5880/5880/5880 5881/5881/5881
f 5882/5882/5882 5881/5881/5881 5880/5880/5880
f 5882/5882/5882 5883/5883/5883 5881/5881/5881
f 5886/5886/5886 5885/5885/5885 5884/5884/5884
f 5886/5886/5886 5887/5887/5887 5885/5885/5885
f 5886/5886/5886 5888/5888/5888 5887/5887/5887
f 5891/5891/5891 5890/5890/5890 5889/5889/5889
f 5892/5892/5892 5891/5891/5891 5889/5889/5889
f 5892/5892/5892 5893/5893/5893 5891/5891/5891
f 5893/5893/5893 5892/5892/5892 5894/5894/5894
f 5895/5895/5895 5893/5893/5893 5894/5894/5894
f 5895/5895/5895 5894/5894/5894 5896/5896/5896
f 5899/5899/5899 5898/5898/5898 5897/5897/5897
f 5900/5900/5900 5898/5898/5898 5899/5899/5899
f 5901/5901/5901 5898/5898/5898 5900/5900/5900
f 5904/5904/5904 5903/5903/5903 5902/5902/5902
f 5904/5904/5904 5902/5902/5902 5905/5905/5905
f 5906/5906/5906 5905/5905/5905 5902/5902/5902
f 5902/5902/5902 5907/5907/5907 5906/5906/5906
f 5907/5907/5907 5908/5908/5908 5906/5906/5906
f 5911/5911/5911 5910/5910/5910 5909/5909/5909
f 5911/5911/5911 5909/5909/5909 5912/5912/5912
f 5913/5913/5913 5912/5912/5912 5909/5909/5909
f 5913/5913/5913 5914/5914/5914 5912/5912/5912
f 5914/5914/5914 5915/5915/5915 5912/5912/5912
f 5914/5914/5914 5916/5916/5916 5915/5915/5915
f 5917/5917/5917 5916/5916/5916 5914/5914/5914
f 5918/5918/5918 5916/5916/5916 5917/5917/5917
f 5917/5917/5917 5919/5919/5919 5918/5918/5918
f 5920/5920/5920 5919/5919/5919 5917/5917/5917
f 5919/5919/5919 5920/5920/5920 5921/5921/5921
f 5919/5919/5919 5921/5921/5921 5922/5922/5922
f 5922/5922/5922 5923/5923/5923 5919/5919/5919
f 5924/5924/5924 5918/5918/5918 5919/5919/5919
f 5919/5919/5919 5923/5923/5923 5924/5924/5924
f 5918/5918/5918 5924/5924/5924 5925/5925/5925
f 5924/5924/5924 5923/5923/5923 5926/5926/5926
f 5927/5927/5927 5926/5926/5926 5923/5923/5923
f 5928/5928/5928 5926/5926/5926 5927/5927/5927
f 5924/5924/5924 5929/5929/5929 5925/5925/5925
f 5929/5929/5929 5924/5924/5924 5926/5926/5926
f 5930/5930/5930 5925/5925/5925 5929/5929/5929
f 5929/5929/5929 5926/5926/5926 5930/5930/5930
f 5933/5933/5933 5932/5932/5932 5931/5931/5931
f 5932/5932/5932 5933/5933/5933 5934/5934/5934
f 5933/5933/5933 5935/5935/5935 5934/5934/5934
f 5935/5935/5935 5936/5936/5936 5934/5934/5934
f 5935/5935/5935 5933/5933/5933 5937/5937/5937
f 5938/5938/5938 5937/5937/5937 5933/5933/5933
f 5938/5938/5938 5933/5933/5933 5939/5939/5939
f 5938/5938/5938 5939/5939/5939 5940/5940/5940
f 5938/5938/5938 5940/5940/5940 5941/5941/5941
f 5940/5940/5940 5942/5942/5942 5941/5941/5941
f 5941/5941/5941 5942/5942/5942 5943/5943/5943
f 5942/5942/5942 5944/5944/5944 5943/5943/5943
f 5947/5947/5947 5946/5946/5946 5945/5945/5945
f 5947/5947/5947 3191/3191/3191 5946/5946/5946
f 5948/5948/5948 5946/5946/5946 3191/3191/3191
f 3180/3180/3180 3191/3191/3191 5947/5947/5947
f 5947/5947/5947 5949/5949/5949 3180/3180/3180
f 5950/5950/5950 3180/3180/3180 5949/5949/5949
f 5951/5951/5951 3180/3180/3180 5950/5950/5950
f 5951/5951/5951 5952/5952/5952 3180/3180/3180
f 5955/5955/5955 5954/5954/5954 5953/5953/5953
f 5955/5955/5955 5953/5953/5953 5956/5956/5956
f 5957/5957/5957 5955/5955/5955 5956/5956/5956
f 5958/5958/5958 5955/5955/5955 5957/5957/5957
f 5958/5958/5958 5959/5959/5959 5955/5955/5955
f 5959/5959/5959 5958/5958/5958 5960/5960/5960
f 5958/5958/5958 5961/5961/5961 5960/5960/5960
f 5958/5958/5958 5962/5962/5962 5961/5961/5961
f 5957/5957/5957 5962/5962/5962 5958/5958/5958
f 5962/5962/5962 5957/5957/5957 5963/5963/5963
f 5964/5964/5964 5963/5963/5963 5957/5957/5957
f 5965/5965/5965 5964/5964/5964 5957/5957/5957
f 5965/5965/5965 5957/5957/5957 5956/5956/5956
f 5956/5956/5956 5966/5966/5966 5965/5965/5965
f 5966/5966/5966 5956/5956/5956 5967/5967/5967
f 5966/5966/5966 5967/5967/5967 5968/5968/5968
f 5968/5968/5968 5967/5967/5967 5969/5969/5969
f 5970/5970/5970 5968/5968/5968 5969/5969/5969
f 5971/5971/5971 5968/5968/5968 5970/5970/5970
f 5971/5971/5971 5970/5970/5970 5972/5972/5972
f 5975/5975/5975 5974/5974/5974 5973/5973/5973
f 5976/5976/5976 5973/5973/5973 5974/5974/5974
f 5977/5977/5977 5973/5973/5973 5976/5976/5976
f 5980/5980/5980 5979/5979/5979 5978/5978/5978
f 5978/5978/5978 5981/5981/5981 5980/5980/5980
f 5984/5984/5984 5983/5983/5983 5982/5982/5982
f 5983/5983/5983 5985/5985/5985 5982/5982/5982
f 5985/5985/5985 5986/5986/5986 5982/5982/5982
f 5987/5987/5987 5982/5982/5982 5986/5986/5986
f 5987/5987/5987 5986/5986/5986 5988/5988/5988
f 5989/5989/5989 5987/5987/5987 5988/5988/5988
f 5988/5988/5988 5990/5990/5990 5989/5989/5989
f 5993/5993/5993 5992/5992/5992 5991/5991/5991
f 5992/5992/5992 5994/5994/5994 5991/5991/5991
f 5994/5994/5994 5995/5995/5995 5991/5991/5991
f 5996/5996/5996 5991/5991/5991 5995/5995/5995
f 5997/5997/5997 5995/5995/5995 5994/5994/5994
f 5998/5998/5998 5997/5997/5997 5994/5994/5994
f 5998/5998/5998 5999/5999/5999 5997/5997/5997
f 6000/6000/6000 5999/5999/5999 5998/5998/5998
f 6000/6000/6000 6001/6001/6001 5999/5999/5999
f 6000/6000/6000 6002/6002/6002 6001/6001/6001
f 6002/6002/6002 6003/6003/6003 6001/6001/6001
f 6006/6006/6006 6005/6005/6005 6004/6004/6004
f 6005/6005/6005 6007/6007/6007 6004/6004/6004
f 6008/6008/6008 6007/6007/6007 6005/6005/6005
f 6005/6005/6005 6009/6009/6009 6008/6008/6008
f 6009/6009/6009 6005/6005/6005 6010/6010/6010
f 6011/6011/6011 6009/6009/6009 6010/6010/6010
f 6009/6009/6009 6011/6011/6011 6012/6012/6012
f 6012/6012/6012 6011/6011/6011 6013/6013/6013
f 6014/6014/6014 6012/6012/6012 6013/6013/6013
f 6011/6011/6011 6015/6015/6015 6013/6013/6013
f 6011/6011/6011 6016/6016/6016 6015/6015/6015
f 6017/6017/6017 6016/6016/6016 6011/6011/6011
f 6017/6017/6017 6011/6011/6011 6010/6010/6010
f 6010/6010/6010 6018/6018/6018 6017/6017/6017
f 6010/6010/6010 6005/6005/6005 6019/6019/6019
f 6018/6018/6018 6010/6010/6010 6019/6019/6019
f 6019/6019/6019 6005/6005/6005 6020/6020/6020
f 6020/6020/6020 6018/6018/6018 6019/6019/6019
f 6021/6021/6021 6018/6018/6018 6020/6020/6020
f 6018/6018/6018 6021/6021/6021 6022/6022/6022
f 6023/6023/6023 6022/6022/6022 6021/6021/6021
f 6024/6024/6024 6022/6022/6022 6023/6023/6023
f 6024/6024/6024 6025/6025/6025 6022/6022/6022
f 6023/6023/6023 6021/6021/6021 6026/6026/6026
f 6026/6026/6026 6021/6021/6021 6027/6027/6027
f 6028/6028/6028 6023/6023/6023 6026/6026/6026
f 6029/6029/6029 6023/6023/6023 6028/6028/6028
f 6032/6032/6032 6031/6031/6031 6030/6030/6030
f 6033/6033/6033 6030/6030/6030 6031/6031/6031
f 6033/6033/6033 6034/6034/6034 6030/6030/6030
f 6037/6037/6037 6036/6036/6036 6035/6035/6035
f 6036/6036/6036 6038/6038/6038 6035/6035/6035
f 6035/6035/6035 6038/6038/6038 6039/6039/6039
f 6039/6039/6039 6038/6038/6038 6040/6040/6040
f 6041/6041/6041 6039/6039/6039 6040/6040/6040
f 6042/6042/6042 6039/6039/6039 6041/6041/6041
f 6042/6042/6042 6041/6041/6041 6043/6043/6043
f 6043/6043/6043 6044/6044/6044 6042/6042/6042
f 6045/6045/6045 6044/6044/6044 6043/6043/6043
f 6045/6045/6045 6046/6046/6046 6044/6044/6044
f 6049/6049/6049 6048/6048/6048 6047/6047/6047
f 6049/6049/6049 6050/6050/6050 6048/6048/6048
f 6053/6053/6053 6052/6052/6052 6051/6051/6051
f 6054/6054/6054 6052/6052/6052 6053/6053/6053
f 6055/6055/6055 6052/6052/6052 6054/6054/6054
f 6056/6056/6056 6052/6052/6052 6055/6055/6055
f 6055/6055/6055 6054/6054/6054 6057/6057/6057
f 6055/6055/6055 6057/6057/6057 6058/6058/6058
f 6058/6058/6058 6059/6059/6059 6055/6055/6055
f 6056/6056/6056 6055/6055/6055 6059/6059/6059
f 6060/6060/6060 6052/6052/6052 6056/6056/6056
f 6061/6061/6061 6056/6056/6056 6059/6059/6059
f 6056/6056/6056 6062/6062/6062 6060/6060/6060
f 6061/6061/6061 6063/6063/6063 6056/6056/6056
f 6064/6064/6064 6062/6062/6062 6056/6056/6056
f 6063/6063/6063 6064/6064/6064 6056/6056/6056
f 6065/6065/6065 6062/6062/6062 6064/6064/6064
f 6065/6065/6065 6064/6064/6064 6063/6063/6063
f 6061/6061/6061 6066/6066/6066 6063/6063/6063
f 6066/6066/6066 6065/6065/6065 6063/6063/6063
f 6067/6067/6067 6062/6062/6062 6065/6065/6065
f 6067/6067/6067 6068/6068/6068 6062/6062/6062
f 6069/6069/6069 6067/6067/6067 6065/6065/6065
f 6066/6066/6066 6069/6069/6069 6065/6065/6065
f 6070/6070/6070 6069/6069/6069 6066/6066/6066
f 6071/6071/6071 6070/6070/6070 6066/6066/6066
f 6066/6066/6066 6061/6061/6061 6071/6071/6071
f 6072/6072/6072 6071/6071/6071 6061/6061/6061
f 6075/6075/6075 6074/6074/6074 6073/6073/6073
f 6073/6073/6073 6074/6074/6074 6076/6076/6076
f 6079/6079/6079 6078/6078/6078 6077/6077/6077
f 6080/6080/6080 6078/6078/6078 6079/6079/6079
f 6078/6078/6078 6080/6080/6080 6081/6081/6081
f 6080/6080/6080 6082/6082/6082 6081/6081/6081
f 6085/6085/6085 6084/6084/6084 6083/6083/6083
f 6083/6083/6083 6084/6084/6084 6086/6086/6086
f 6089/6089/6089 6088/6088/6088 6087/6087/6087
f 6088/6088/6088 6089/6089/6089 6090/6090/6090
f 6090/6090/6090 6089/6089/6089 6091/6091/6091
f 6090/6090/6090 6091/6091/6091 6092/6092/6092
f 6089/6089/6089 6093/6093/6093 6091/6091/6091
f 6096/6096/6096 6095/6095/6095 6094/6094/6094
f 6096/6096/6096 6094/6094/6094 6097/6097/6097
f 6098/6098/6098 6097/6097/6097 6094/6094/6094
f 6101/6101/6101 6100/6100/6100 6099/6099/6099
f 6100/6100/6100 6102/6102/6102 6099/6099/6099
f 6103/6103/6103 6102/6102/6102 6100/6100/6100
f 6106/6106/6106 6105/6105/6105 6104/6104/6104
f 6106/6106/6106 6107/6107/6107 6105/6105/6105
f 6110/6110/6110 6109/6109/6109 6108/6108/6108
f 6108/6108/6108 6111/6111/6111 6110/6110/6110
f 6111/6111/6111 6112/6112/6112 6110/6110/6110
f 6112/6112/6112 6113/6113/6113 6110/6110/6110
f 6112/6112/6112 6111/6111/6111 6114/6114/6114
f 6116/6116/6116 224/224/224 6115/6115/6115
f 6115/6115/6115 224/224/224 235/235/235
f 6115/6115/6115 235/235/235 266/266/266
f 6117/6117/6117 6115/6115/6115 266/266/266
f 266/266/266 6118/6118/6118 6117/6117/6117
f 6118/6118/6118 6119/6119/6119 6117/6117/6117
f 6122/6122/6122 6121/6121/6121 6120/6120/6120
f 6123/6123/6123 6120/6120/6120 6121/6121/6121
f 6124/6124/6124 6123/6123/6123 6121/6121/6121
f 6125/6125/6125 6124/6124/6124 6121/6121/6121
f 6125/6125/6125 6126/6126/6126 6124/6124/6124
f 6127/6127/6127 6126/6126/6126 6125/6125/6125
f 6126/6126/6126 6128/6128/6128 6124/6124/6124
f 6127/6127/6127 6128/6128/6128 6126/6126/6126
f 6128/6128/6128 6127/6127/6127 6129/6129/6129
f 6124/6124/6124 6128/6128/6128 6130/6130/6130
f 6128/6128/6128 6129/6129/6129 6131/6131/6131
f 6128/6128/6128 6132/6132/6132 6130/6130/6130
f 6132/6132/6132 6128/6128/6128 6131/6131/6131
f 6132/6132/6132 6131/6131/6131 6133/6133/6133
f 6131/6131/6131 6134/6134/6134 6133/6133/6133
f 6131/6131/6131 6135/6135/6135 6134/6134/6134
f 6134/6134/6134 6136/6136/6136 6133/6133/6133
f 6130/6130/6130 6132/6132/6132 6137/6137/6137
f 6130/6130/6130 6137/6137/6137 6138/6138/6138
f 6137/6137/6137 6132/6132/6132 6139/6139/6139
f 6138/6138/6138 6137/6137/6137 6139/6139/6139
f 6132/6132/6132 6133/6133/6133 6139/6139/6139
f 6140/6140/6140 6138/6138/6138 6139/6139/6139
f 6140/6140/6140 6139/6139/6139 6133/6133/6133
f 6138/6138/6138 6140/6140/6140 6141/6141/6141
f 6142/6142/6142 6141/6141/6141 6140/6140/6140
f 6140/6140/6140 6133/6133/6133 6142/6142/6142
f 6142/6142/6142 6143/6143/6143 6141/6141/6141
f 6143/6143/6143 6142/6142/6142 6144/6144/6144
f 6145/6145/6145 6144/6144/6144 6142/6142/6142
f 6146/6146/6146 6144/6144/6144 6145/6145/6145
f 6147/6147/6147 6142/6142/6142 6133/6133/6133
f 6142/6142/6142 6147/6147/6147 6145/6145/6145
f 6133/6133/6133 6136/6136/6136 6148/6148/6148
f 6133/6133/6133 6148/6148/6148 6147/6147/6147
f 6148/6148/6148 6136/6136/6136 6149/6149/6149
f 6149/6149/6149 6136/6136/6136 6150/6150/6150
f 6149/6149/6149 6150/6150/6150 6151/6151/6151
f 6147/6147/6147 6148/6148/6148 6152/6152/6152
f 6148/6148/6148 6149/6149/6149 6152/6152/6152
f 6147/6147/6147 6152/6152/6152 6145/6145/6145
f 6152/6152/6152 6149/6149/6149 6151/6151/6151
f 6145/6145/6145 6153/6153/6153 6146/6146/6146
f 6146/6146/6146 6153/6153/6153 6154/6154/6154
f 6145/6145/6145 6152/6152/6152 6155/6155/6155
f 6155/6155/6155 6153/6153/6153 6145/6145/6145
f 6156/6156/6156 6154/6154/6154 6153/6153/6153
f 6153/6153/6153 6155/6155/6155 6156/6156/6156
f 6154/6154/6154 6156/6156/6156 6157/6157/6157
f 6152/6152/6152 6158/6158/6158 6155/6155/6155
f 6158/6158/6158 6152/6152/6152 6151/6151/6151
f 6158/6158/6158 6156/6156/6156 6155/6155/6155
f 6151/6151/6151 6159/6159/6159 6158/6158/6158
f 6156/6156/6156 6158/6158/6158 6159/6159/6159
f 6156/6156/6156 6159/6159/6159 6157/6157/6157
f 6159/6159/6159 6151/6151/6151 6160/6160/6160
f 6159/6159/6159 6161/6161/6161 6157/6157/6157
f 6159/6159/6159 6160/6160/6160 6161/6161/6161
f 6161/6161/6161 6162/6162/6162 6157/6157/6157
f 6162/6162/6162 6161/6161/6161 6163/6163/6163
f 6160/6160/6160 6163/6163/6163 6161/6161/6161
f 6163/6163/6163 6160/6160/6160 6164/6164/6164
f 6165/6165/6165 6163/6163/6163 6164/6164/6164
f 6168/6168/6168 6167/6167/6167 6166/6166/6166
f 6168/6168/6168 6166/6166/6166 6169/6169/6169
f 6172/6172/6172 6171/6171/6171 6170/6170/6170
f 6172/6172/6172 6170/6170/6170 6173/6173/6173
f 6174/6174/6174 6173/6173/6173 6170/6170/6170
f 6175/6175/6175 6173/6173/6173 6174/6174/6174
f 6175/6175/6175 6176/6176/6176 6173/6173/6173
f 6177/6177/6177 6173/6173/6173 6176/6176/6176
f 6180/6180/6180 6179/6179/6179 6178/6178/6178
f 6180/6180/6180 6181/6181/6181 6179/6179/6179
f 6182/6182/6182 6181/6181/6181 6180/6180/6180
f 6183/6183/6183 6181/6181/6181 6182/6182/6182
f 6184/6184/6184 6181/6181/6181 6183/6183/6183
f 6184/6184/6184 6185/6185/6185 6181/6181/6181
f 6181/6181/6181 6185/6185/6185 6186/6186/6186
f 6179/6179/6179 6181/6181/6181 6186/6186/6186
f 6186/6186/6186 6187/6187/6187 6179/6179/6179
f 6190/6190/6190 6189/6189/6189 6188/6188/6188
f 6188/6188/6188 6191/6191/6191 6190/6190/6190
f 6191/6191/6191 6188/6188/6188 6192/6192/6192
f 6193/6193/6193 6191/6191/6191 6192/6192/6192
f 6193/6193/6193 6194/6194/6194 6191/6191/6191
f 6195/6195/6195 6194/6194/6194 6193/6193/6193
f 6188/6188/6188 6196/6196/6196 6192/6192/6192
f 6197/6197/6197 6192/6192/6192 6196/6196/6196
f 6197/6197/6197 6196/6196/6196 6198/6198/6198
f 6188/6188/6188 6198/6198/6198 6196/6196/6196
f 6188/6188/6188 6199/6199/6199 6198/6198/6198
f 6202/6202/6202 6201/6201/6201 6200/6200/6200
f 6203/6203/6203 6201/6201/6201 6202/6202/6202
f 6203/6203/6203 6204/6204/6204 6201/6201/6201
f 6204/6204/6204 6203/6203/6203 6205/6205/6205
f 6208/6208/6208 6207/6207/6207 6206/6206/6206
f 6209/6209/6209 6206/6206/6206 6207/6207/6207
f 6210/6210/6210 6206/6206/6206 6209/6209/6209
f 6211/6211/6211 6210/6210/6210 6209/6209/6209
f 6211/6211/6211 6209/6209/6209 6212/6212/6212
f 6211/6211/6211 6212/6212/6212 6213/6213/6213
f 6214/6214/6214 6210/6210/6210 6211/6211/6211
f 6215/6215/6215 6210/6210/6210 6214/6214/6214
f 6216/6216/6216 6215/6215/6215 6214/6214/6214
f 6216/6216/6216 6214/6214/6214 6217/6217/6217
f 6220/6220/6220 6219/6219/6219 6218/6218/6218
f 6218/6218/6218 6219/6219/6219 6221/6221/6221
f 6221/6221/6221 6222/6222/6222 6218/6218/6218
f 6223/6223/6223 6218/6218/6218 6222/6222/6222
f 6222/6222/6222 6221/6221/6221 6224/6224/6224
f 6224/6224/6224 6221/6221/6221 6225/6225/6225
f 6226/6226/6226 6224/6224/6224 6225/6225/6225
f 6229/6229/6229 6228/6228/6228 6227/6227/6227
f 6229/6229/6229 6227/6227/6227 6230/6230/6230
f 6231/6231/6231 6229/6229/6229 6230/6230/6230
f 6229/6229/6229 6231/6231/6231 6232/6232/6232
f 6231/6231/6231 6233/6233/6233 6232/6232/6232
f 6233/6233/6233 6234/6234/6234 6232/6232/6232
f 6237/6237/6237 6236/6236/6236 6235/6235/6235
f 6237/6237/6237 6238/6238/6238 6236/6236/6236
f 6236/6236/6236 6238/6238/6238 6239/6239/6239
f 6238/6238/6238 6240/6240/6240 6239/6239/6239
f 6238/6238/6238 6241/6241/6241 6240/6240/6240
f 6241/6241/6241 6238/6238/6238 6242/6242/6242
f 6245/6245/6245 6244/6244/6244 6243/6243/6243
f 6244/6244/6244 6246/6246/6246 6243/6243/6243
f 6244/6244/6244 6247/6247/6247 6246/6246/6246
f 6250/6250/6250 6249/6249/6249 6248/6248/6248
f 6251/6251/6251 6248/6248/6248 6249/6249/6249
f 6251/6251/6251 6249/6249/6249 6252/6252/6252
f 6249/6249/6249 6253/6253/6253 6252/6252/6252
f 6256/6256/6256 6255/6255/6255 6254/6254/6254
f 6256/6256/6256 6254/6254/6254 6257/6257/6257
f 6257/6257/6257 6258/6258/6258 6256/6256/6256
f 6259/6259/6259 6256/6256/6256 6258/6258/6258
f 6256/6256/6256 6259/6259/6259 6260/6260/6260
f 6261/6261/6261 6256/6256/6256 6260/6260/6260
f 6260/6260/6260 6262/6262/6262 6261/6261/6261
f 6260/6260/6260 6259/6259/6259 6263/6263/6263
f 6264/6264/6264 6263/6263/6263 6259/6259/6259
f 6263/6263/6263 6264/6264/6264 6265/6265/6265
f 6263/6263/6263 6265/6265/6265 6266/6266/6266
f 6263/6263/6263 6267/6267/6267 6260/6260/6260
f 6260/6260/6260 6268/6268/6268 6262/6262/6262
f 6260/6260/6260 6267/6267/6267 6268/6268/6268
f 6262/6262/6262 6268/6268/6268 6269/6269/6269
f 6267/6267/6267 6269/6269/6269 6268/6268/6268
f 6269/6269/6269 6267/6267/6267 6270/6270/6270
f 6270/6270/6270 6267/6267/6267 6271/6271/6271
f 6272/6272/6272 6270/6270/6270 6271/6271/6271
f 6271/6271/6271 6273/6273/6273 6272/6272/6272
f 6272/6272/6272 6273/6273/6273 6274/6274/6274
f 6275/6275/6275 6274/6274/6274 6273/6273/6273
f 6275/6275/6275 6276/6276/6276 6274/6274/6274
f 6277/6277/6277 6274/6274/6274 6276/6276/6276
f 6280/6280/6280 6279/6279/6279 6278/6278/6278
f 6278/6278/6278 6281/6281/6281 6280/6280/6280
f 6280/6280/6280 6281/6281/6281 6282/6282/6282
f 6285/6285/6285 6284/6284/6284 6283/6283/6283
f 6286/6286/6286 6284/6284/6284 6285/6285/6285
f 6286/6286/6286 6287/6287/6287 6284/6284/6284
f 6284/6284/6284 6287/6287/6287 6288/6288/6288
f 6287/6287/6287 6289/6289/6289 6288/6288/6288
f 6290/6290/6290 6284/6284/6284 6288/6288/6288
f 6289/6289/6289 6291/6291/6291 6288/6288/6288
f 6290/6290/6290 6288/6288/6288 6291/6291/6291
f 6294/6294/6294 6293/6293/6293 6292/6292/6292
f 6292/6292/6292 6295/6295/6295 6294/6294/6294
f 6294/6294/6294 6295/6295/6295 6296/6296/6296
f 6296/6296/6296 6295/6295/6295 6297/6297/6297
f 6297/6297/6297 6295/6295/6295 6298/6298/6298
f 6298/6298/6298 6295/6295/6295 6299/6299/6299
f 6295/6295/6295 6292/6292/6292 6299/6299/6299
f 6299/6299/6299 6292/6292/6292 6300/6300/6300
f 6299/6299/6299 6300/6300/6300 6301/6301/6301
f 6303/6303/6303 5409/5409/5409 6302/6302/6302
f 6304/6304/6304 5409/5409/5409 6303/6303/6303
f 6303/6303/6303 6305/6305/6305 6304/6304/6304
f 6306/6306/6306 6304/6304/6304 6305/6305/6305
f 6306/6306/6306 5409/5409/5409 6304/6304/6304
f 6306/6306/6306 5406/5406/5406 5409/5409/5409
f 6307/6307/6307 5406/5406/5406 6306/6306/6306
f 6308/6308/6308 5406/5406/5406 6307/6307/6307
f 6308/6308/6308 6309/6309/6309 5406/5406/5406
f 5403/5403/5403 5406/5406/5406 6309/6309/6309
f 6310/6310/6310 6309/6309/6309 6308/6308/6308
f 5403/5403/5403 6309/6309/6309 6310/6310/6310
f 6311/6311/6311 5403/5403/5403 6310/6310/6310
f 6310/6310/6310 6308/6308/6308 6312/6312/6312
f 6310/6310/6310 6312/6312/6312 6313/6313/6313
f 6311/6311/6311 6310/6310/6310 6313/6313/6313
f 6313/6313/6313 6312/6312/6312 6314/6314/6314
f 6315/6315/6315 6313/6313/6313 6314/6314/6314
f 6315/6315/6315 6311/6311/6311 6313/6313/6313
f 6315/6315/6315 6314/6314/6314 6316/6316/6316
f 6317/6317/6317 6315/6315/6315 6316/6316/6316
f 6317/6317/6317 6316/6316/6316 6318/6318/6318
f 6319/6319/6319 6317/6317/6317 6318/6318/6318
f 6315/6315/6315 6317/6317/6317 6320/6320/6320
f 6320/6320/6320 6311/6311/6311 6315/6315/6315
f 6319/6319/6319 6321/6321/6321 6317/6317/6317
f 6317/6317/6317 6321/6321/6321 6320/6320/6320
f 6321/6321/6321 6319/6319/6319 6322/6322/6322
f 6320/6320/6320 6323/6323/6323 6311/6311/6311
f 6321/6321/6321 6323/6323/6323 6320/6320/6320
f 6324/6324/6324 5403/5403/5403 6311/6311/6311
f 6311/6311/6311 6323/6323/6323 6325/6325/6325
f 6325/6325/6325 6324/6324/6324 6311/6311/6311
f 6326/6326/6326 6325/6325/6325 6323/6323/6323
f 6324/6324/6324 6325/6325/6325 6326/6326/6326
f 6327/6327/6327 6326/6326/6326 6323/6323/6323
f 6323/6323/6323 6321/6321/6321 6327/6327/6327
f 6324/6324/6324 6328/6328/6328 5403/5403/5403
f 6328/6328/6328 6324/6324/6324 6326/6326/6326
f 6328/6328/6328 5410/5410/5410 5403/5403/5403
f 6329/6329/6329 5410/5410/5410 6328/6328/6328
f 6328/6328/6328 6326/6326/6326 6329/6329/6329
f 5411/5411/5411 5410/5410/5410 6329/6329/6329
f 6330/6330/6330 6321/6321/6321 6322/6322/6322
f 6321/6321/6321 6330/6330/6330 6327/6327/6327
f 6331/6331/6331 5411/5411/5411 6329/6329/6329
f 5411/5411/5411 6331/6331/6331 6332/6332/6332
f 6331/6331/6331 6333/6333/6333 6332/6332/6332
f 6329/6329/6329 6334/6334/6334 6331/6331/6331
f 6333/6333/6333 6331/6331/6331 6334/6334/6334
f 6329/6329/6329 6326/6326/6326 6334/6334/6334
f 6333/6333/6333 6334/6334/6334 6335/6335/6335
f 6335/6335/6335 6334/6334/6334 6336/6336/6336
f 6334/6334/6334 6326/6326/6326 6336/6336/6336
f 6335/6335/6335 6336/6336/6336 6337/6337/6337
f 6336/6336/6336 6338/6338/6338 6337/6337/6337
f 6338/6338/6338 6336/6336/6336 6339/6339/6339
f 6336/6336/6336 6326/6326/6326 6339/6339/6339
f 6326/6326/6326 6327/6327/6327 6340/6340/6340
f 6340/6340/6340 6327/6327/6327 6330/6330/6330
f 6339/6339/6339 6326/6326/6326 6340/6340/6340
f 6341/6341/6341 6340/6340/6340 6330/6330/6330
f 6339/6339/6339 6340/6340/6340 6341/6341/6341
f 6322/6322/6322 6341/6341/6341 6330/6330/6330
f 6342/6342/6342 6341/6341/6341 6322/6322/6322
f 6343/6343/6343 6341/6341/6341 6342/6342/6342
f 6341/6341/6341 6343/6343/6343 6339/6339/6339
f 6339/6339/6339 6343/6343/6343 6344/6344/6344
f 6345/6345/6345 6339/6339/6339 6344/6344/6344
f 6348/6348/6348 6347/6347/6347 6346/6346/6346
f 6348/6348/6348 6346/6346/6346 6349/6349/6349
f 6350/6350/6350 6349/6349/6349 6346/6346/6346
f 6346/6346/6346 6351/6351/6351 6350/6350/6350
f 6352/6352/6352 6350/6350/6350 6351/6351/6351
f 6350/6350/6350 6352/6352/6352 6353/6353/6353
f 6352/6352/6352 6354/6354/6354 6353/6353/6353
f 6353/6353/6353 6354/6354/6354 6355/6355/6355
f 6356/6356/6356 6355/6355/6355 6354/6354/6354
f 6357/6357/6357 6356/6356/6356 6354/6354/6354
f 6358/6358/6358 6355/6355/6355 6356/6356/6356
f 6359/6359/6359 6355/6355/6355 6358/6358/6358
f 6362/6362/6362 6361/6361/6361 6360/6360/6360
f 6362/6362/6362 6360/6360/6360 6363/6363/6363
f 6366/6366/6366 6365/6365/6365 6364/6364/6364
f 6367/6367/6367 6366/6366/6366 6364/6364/6364
f 6364/6364/6364 6368/6368/6368 6367/6367/6367
f 6367/6367/6367 6368/6368/6368 6369/6369/6369
f 6369/6369/6369 6368/6368/6368 6370/6370/6370
f 6371/6371/6371 6369/6369/6369 6370/6370/6370
f 6372/6372/6372 6369/6369/6369 6371/6371/6371
f 6373/6373/6373 6371/6371/6371 6370/6370/6370
f 6373/6373/6373 6370/6370/6370 6374/6374/6374
f 6371/6371/6371 6373/6373/6373 6375/6375/6375
f 6376/6376/6376 6375/6375/6375 6373/6373/6373
f 6373/6373/6373 6374/6374/6374 6377/6377/6377
f 6373/6373/6373 6377/6377/6377 6376/6376/6376
f 6378/6378/6378 6376/6376/6376 6377/6377/6377
f 6378/6378/6378 6377/6377/6377 6379/6379/6379
f 6379/6379/6379 6380/6380/6380 6378/6378/6378
f 6381/6381/6381 6380/6380/6380 6379/6379/6379
f 6381/6381/6381 6382/6382/6382 6380/6380/6380
f 6382/6382/6382 6381/6381/6381 6383/6383/6383
f 6382/6382/6382 6383/6383/6383 6384/6384/6384
f 6387/6387/6387 6386/6386/6386 6385/6385/6385
f 6385/6385/6385 6386/6386/6386 6388/6388/6388
f 6385/6385/6385 6388/6388/6388 6389/6389/6389
f 6386/6386/6386 6390/6390/6390 6388/6388/6388
f 6389/6389/6389 6388/6388/6388 6391/6391/6391
f 6392/6392/6392 6389/6389/6389 6391/6391/6391
f 6388/6388/6388 6390/6390/6390 6393/6393/6393
f 6388/6388/6388 6393/6393/6393 6391/6391/6391
f 6394/6394/6394 6392/6392/6392 6391/6391/6391
f 6395/6395/6395 6392/6392/6392 6394/6394/6394
f 6396/6396/6396 6395/6395/6395 6394/6394/6394
f 6391/6391/6391 6393/6393/6393 6397/6397/6397
f 6398/6398/6398 6396/6396/6396 6394/6394/6394
f 6396/6396/6396 6398/6398/6398 6399/6399/6399
f 6394/6394/6394 6400/6400/6400 6398/6398/6398
f 6401/6401/6401 6400/6400/6400 6394/6394/6394
f 6400/6400/6400 6401/6401/6401 6402/6402/6402
f 6400/6400/6400 6402/6402/6402 6403/6403/6403
f 6390/6390/6390 6404/6404/6404 6393/6393/6393
f 6404/6404/6404 6390/6390/6390 6405/6405/6405
f 6405/6405/6405 6406/6406/6406 6404/6404/6404
f 6393/6393/6393 6407/6407/6407 6397/6397/6397
f 6407/6407/6407 6393/6393/6393 6404/6404/6404
f 6407/6407/6407 6408/6408/6408 6397/6397/6397
f 6397/6397/6397 6408/6408/6408 6409/6409/6409
f 6410/6410/6410 6407/6407/6407 6404/6404/6404
f 6410/6410/6410 6404/6404/6404 6406/6406/6406
f 6410/6410/6410 6411/6411/6411 6407/6407/6407
f 6412/6412/6412 6410/6410/6410 6406/6406/6406
f 6411/6411/6411 6410/6410/6410 6412/6412/6412
f 6406/6406/6406 6413/6413/6413 6412/6412/6412
f 6413/6413/6413 6414/6414/6414 6412/6412/6412
f 6414/6414/6414 6415/6415/6415 6412/6412/6412
f 6415/6415/6415 6411/6411/6411 6412/6412/6412
f 6411/6411/6411 6415/6415/6415 6416/6416/6416
f 6419/6419/6419 6418/6418/6418 6417/6417/6417
f 6418/6418/6418 6420/6420/6420 6417/6417/6417
f 6420/6420/6420 6418/6418/6418 6421/6421/6421
f 6421/6421/6421 6418/6418/6418 6422/6422/6422
f 6418/6418/6418 6423/6423/6423 6422/6422/6422
f 6422/6422/6422 6423/6423/6423 6424/6424/6424
f 6422/6422/6422 6424/6424/6424 6425/6425/6425
f 6425/6425/6425 6424/6424/6424 6426/6426/6426
f 6426/6426/6426 6427/6427/6427 6425/6425/6425
f 6427/6427/6427 6426/6426/6426 6428/6428/6428
f 6427/6427/6427 6428/6428/6428 6429/6429/6429
f 6430/6430/6430 6429/6429/6429 6428/6428/6428
f 6431/6431/6431 6429/6429/6429 6430/6430/6430
f 6431/6431/6431 6430/6430/6430 6432/6432/6432
f 6433/6433/6433 6431/6431/6431 6432/6432/6432
f 6434/6434/6434 6433/6433/6433 6432/6432/6432
f 6434/6434/6434 6435/6435/6435 6433/6433/6433
f 6417/6417/6417 6435/6435/6435 6434/6434/6434
f 6417/6417/6417 6420/6420/6420 6435/6435/6435
f 6420/6420/6420 6436/6436/6436 6435/6435/6435
f 6420/6420/6420 6437/6437/6437 6436/6436/6436
f 6440/6440/6440 6439/6439/6439 6438/6438/6438
f 6439/6439/6439 6441/6441/6441 6438/6438/6438
f 6438/6438/6438 6441/6441/6441 6442/6442/6442
f 6439/6439/6439 6443/6443/6443 6441/6441/6441
f 6446/6446/6446 6445/6445/6445 6444/6444/6444
f 6444/6444/6444 6445/6445/6445 6447/6447/6447
f 6450/6450/6450 6449/6449/6449 6448/6448/6448
f 6450/6450/6450 6451/6451/6451 6449/6449/6449
f 6451/6451/6451 6452/6452/6452 6449/6449/6449
f 6449/6449/6449 6452/6452/6452 6453/6453/6453
f 6452/6452/6452 6451/6451/6451 6454/6454/6454
f 6453/6453/6453 6452/6452/6452 6455/6455/6455
f 6454/6454/6454 6455/6455/6455 6452/6452/6452
f 6458/6458/6458 6457/6457/6457 6456/6456/6456
f 6456/6456/6456 6457/6457/6457 6459/6459/6459
f 6456/6456/6456 6459/6459/6459 6460/6460/6460
f 6461/6461/6461 6460/6460/6460 6459/6459/6459
f 6464/6464/6464 6463/6463/6463 6462/6462/6462
f 6463/6463/6463 6465/6465/6465 6462/6462/6462
f 6468/6468/6468 6467/6467/6467 6466/6466/6466
f 6467/6467/6467 6469/6469/6469 6466/6466/6466
f 6467/6467/6467 6470/6470/6470 6469/6469/6469
f 6470/6470/6470 6471/6471/6471 6469/6469/6469
f 6471/6471/6471 6472/6472/6472 6469/6469/6469
f 6469/6469/6469 6472/6472/6472 6473/6473/6473
f 6476/6476/6476 6475/6475/6475 6474/6474/6474
f 6474/6474/6474 6475/6475/6475 6477/6477/6477
f 6475/6475/6475 6478/6478/6478 6477/6477/6477
f 6474/6474/6474 6477/6477/6477 6479/6479/6479
f 6477/6477/6477 6480/6480/6480 6479/6479/6479
f 6478/6478/6478 6481/6481/6481 6477/6477/6477
f 6477/6477/6477 6482/6482/6482 6480/6480/6480
f 6481/6481/6481 6482/6482/6482 6477/6477/6477
f 6483/6483/6483 6482/6482/6482 6481/6481/6481
f 6486/6486/6486 6485/6485/6485 6484/6484/6484
f 6486/6486/6486 6484/6484/6484 6487/6487/6487
f 6488/6488/6488 6487/6487/6487 6484/6484/6484
f 6487/6487/6487 6488/6488/6488 6489/6489/6489
f 6488/6488/6488 6484/6484/6484 6490/6490/6490
f 6491/6491/6491 6489/6489/6489 6488/6488/6488
f 6490/6490/6490 6492/6492/6492 6488/6488/6488
f 4247/4247/4247 6491/6491/6491 6488/6488/6488
f 6492/6492/6492 4247/4247/4247 6488/6488/6488
f 4247/4247/4247 6493/6493/6493 6491/6491/6491
f 6491/6491/6491 6493/6493/6493 6494/6494/6494
f 4245/4245/4245 4247/4247/4247 6492/6492/6492
f 6492/6492/6492 6490/6490/6490 6495/6495/6495
f 4245/4245/4245 6492/6492/6492 6495/6495/6495
f 4254/4254/4254 6495/6495/6495 6490/6490/6490
f 4254/4254/4254 4245/4245/4245 6495/6495/6495
f 6498/6498/6498 6497/6497/6497 6496/6496/6496
f 6496/6496/6496 6497/6497/6497 6499/6499/6499
f 6499/6499/6499 6500/6500/6500 6496/6496/6496
f 6496/6496/6496 6500/6500/6500 6501/6501/6501
f 6504/6504/6504 6503/6503/6503 6502/6502/6502
f 6504/6504/6504 6505/6505/6505 6503/6503/6503
f 6508/6508/6508 6507/6507/6507 6506/6506/6506
f 6508/6508/6508 6506/6506/6506 6509/6509/6509
f 6512/6512/6512 6511/6511/6511 6510/6510/6510
f 6513/6513/6513 6512/6512/6512 6510/6510/6510
f 6514/6514/6514 6513/6513/6513 6510/6510/6510
f 6517/6517/6517 6516/6516/6516 6515/6515/6515
f 6516/6516/6516 6518/6518/6518 6515/6515/6515
f 6521/6521/6521 6520/6520/6520 6519/6519/6519
f 6522/6522/6522 6521/6521/6521 6519/6519/6519
f 6525/6525/6525 6524/6524/6524 6523/6523/6523
f 6524/6524/6524 6526/6526/6526 6523/6523/6523
f 6529/6529/6529 6528/6528/6528 6527/6527/6527
f 6529/6529/6529 6530/6530/6530 6528/6528/6528
f 6533/6533/6533 6532/6532/6532 6531/6531/6531
f 6531/6531/6531 6532/6532/6532 6534/6534/6534
f 6531/6531/6531 6534/6534/6534 6535/6535/6535
f 6536/6536/6536 6535/6535/6535 6534/6534/6534
f 6537/6537/6537 6536/6536/6536 6534/6534/6534
f 6535/6535/6535 6536/6536/6536 6538/6538/6538
f 6537/6537/6537 6539/6539/6539 6536/6536/6536
f 6540/6540/6540 6538/6538/6538 6536/6536/6536
f 6539/6539/6539 6540/6540/6540 6536/6536/6536
f 6543/6543/6543 6542/6542/6542 6541/6541/6541
f 6544/6544/6544 6543/6543/6543 6541/6541/6541
f 6541/6541/6541 6545/6545/6545 6544/6544/6544
f 6545/6545/6545 6546/6546/6546 6544/6544/6544
f 6547/6547/6547 6544/6544/6544 6546/6546/6546
f 6546/6546/6546 6548/6548/6548 6547/6547/6547
f 6549/6549/6549 6548/6548/6548 6546/6546/6546
f 6545/6545/6545 6550/6550/6550 6546/6546/6546
f 6549/6549/6549 6546/6546/6546 6551/6551/6551
f 6546/6546/6546 6550/6550/6550 6551/6551/6551
f 6551/6551/6551 6552/6552/6552 6549/6549/6549
f 6552/6552/6552 6551/6551/6551 6553/6553/6553
f 6553/6553/6553 6551/6551/6551 6554/6554/6554
f 6550/6550/6550 6555/6555/6555 6551/6551/6551
f 6551/6551/6551 6555/6555/6555 6554/6554/6554
f 6556/6556/6556 6555/6555/6555 6550/6550/6550
f 6554/6554/6554 6555/6555/6555 6557/6557/6557
f 6556/6556/6556 6558/6558/6558 6555/6555/6555
f 6555/6555/6555 6558/6558/6558 6557/6557/6557
f 6561/6561/6561 6560/6560/6560 6559/6559/6559
f 6560/6560/6560 6562/6562/6562 6559/6559/6559
f 6565/6565/6565 6564/6564/6564 6563/6563/6563
f 6565/6565/6565 6563/6563/6563 6566/6566/6566
f 6566/6566/6566 6563/6563/6563 6567/6567/6567
f 6564/6564/6564 6568/6568/6568 6563/6563/6563
f 6564/6564/6564 6569/6569/6569 6568/6568/6568
f 6563/6563/6563 6570/6570/6570 6567/6567/6567
f 6567/6567/6567 6570/6570/6570 6571/6571/6571
f 6572/6572/6572 6567/6567/6567 6571/6571/6571
f 6570/6570/6570 6563/6563/6563 6573/6573/6573
f 6563/6563/6563 6568/6568/6568 6573/6573/6573
f 6570/6570/6570 6573/6573/6573 6571/6571/6571
f 6571/6571/6571 6574/6574/6574 6572/6572/6572
f 6574/6574/6574 6575/6575/6575 6572/6572/6572
f 6575/6575/6575 6574/6574/6574 6576/6576/6576
f 6577/6577/6577 6575/6575/6575 6576/6576/6576
f 6577/6577/6577 6576/6576/6576 6578/6578/6578
f 6573/6573/6573 6579/6579/6579 6571/6571/6571
f 6574/6574/6574 6571/6571/6571 6579/6579/6579
f 6569/6569/6569 6580/6580/6580 6568/6568/6568
f 6581/6581/6581 6573/6573/6573 6568/6568/6568
f 6580/6580/6580 6581/6581/6581 6568/6568/6568
f 6579/6579/6579 6573/6573/6573 6582/6582/6582
f 6573/6573/6573 6581/6581/6581 6582/6582/6582
f 6583/6583/6583 6574/6574/6574 6579/6579/6579
f 6583/6583/6583 6579/6579/6579 6582/6582/6582
f 6580/6580/6580 6569/6569/6569 6584/6584/6584
f 6569/6569/6569 6585/6585/6585 6584/6584/6584
f 6585/6585/6585 6586/6586/6586 6584/6584/6584
f 6581/6581/6581 6580/6580/6580 6587/6587/6587
f 6582/6582/6582 6581/6581/6581 6587/6587/6587
f 6580/6580/6580 6584/6584/6584 6587/6587/6587
f 6576/6576/6576 6574/6574/6574 6588/6588/6588
f 6574/6574/6574 6583/6583/6583 6588/6588/6588
f 6589/6589/6589 6583/6583/6583 6582/6582/6582
f 6588/6588/6588 6583/6583/6583 6590/6590/6590
f 6583/6583/6583 6589/6589/6589 6590/6590/6590
f 6591/6591/6591 6582/6582/6582 6587/6587/6587
f 6589/6589/6589 6582/6582/6582 6591/6591/6591
f 6591/6591/6591 6587/6587/6587 6592/6592/6592
f 6587/6587/6587 6584/6584/6584 6593/6593/6593
f 6587/6587/6587 6593/6593/6593 6592/6592/6592
f 6594/6594/6594 6589/6589/6589 6591/6591/6591
f 6591/6591/6591 6592/6592/6592 6594/6594/6594
f 6594/6594/6594 6595/6595/6595 6589/6589/6589
f 6595/6595/6595 6590/6590/6590 6589/6589/6589
f 6590/6590/6590 6596/6596/6596 6588/6588/6588
f 6596/6596/6596 6576/6576/6576 6588/6588/6588
f 6584/6584/6584 6597/6597/6597 6593/6593/6593
f 6586/6586/6586 6597/6597/6597 6584/6584/6584
f 6597/6597/6597 6598/6598/6598 6593/6593/6593
f 6597/6597/6597 6586/6586/6586 6598/6598/6598
f 6592/6592/6592 6599/6599/6599 6594/6594/6594
f 6595/6595/6595 6594/6594/6594 6599/6599/6599
f 6600/6600/6600 6596/6596/6596 6590/6590/6590
f 6595/6595/6595 6600/6600/6600 6590/6590/6590
f 6593/6593/6593 6601/6601/6601 6592/6592/6592
f 6598/6598/6598 6601/6601/6601 6593/6593/6593
f 6598/6598/6598 6586/6586/6586 6602/6602/6602
f 6586/6586/6586 6603/6603/6603 6602/6602/6602
f 6602/6602/6602 6603/6603/6603 6604/6604/6604
f 6598/6598/6598 6602/6602/6602 6605/6605/6605
f 6601/6601/6601 6598/6598/6598 6605/6605/6605
f 6605/6605/6605 6602/6602/6602 6604/6604/6604
f 6601/6601/6601 6606/6606/6606 6592/6592/6592
f 6606/6606/6606 6601/6601/6601 6605/6605/6605
f 6605/6605/6605 6604/6604/6604 6607/6607/6607
f 6607/6607/6607 6606/6606/6606 6605/6605/6605
f 6604/6604/6604 6608/6608/6608 6607/6607/6607
f 6609/6609/6609 6607/6607/6607 6608/6608/6608
f 6610/6610/6610 6609/6609/6609 6608/6608/6608
f 6609/6609/6609 6610/6610/6610 6611/6611/6611
f 6606/6606/6606 6612/6612/6612 6592/6592/6592
f 6606/6606/6606 6607/6607/6607 6612/6612/6612
f 6607/6607/6607 6609/6609/6609 6612/6612/6612
f 6612/6612/6612 6599/6599/6599 6592/6592/6592
f 6599/6599/6599 6612/6612/6612 6613/6613/6613
f 6612/6612/6612 6609/6609/6609 6613/6613/6613
f 6614/6614/6614 6599/6599/6599 6613/6613/6613
f 6614/6614/6614 6595/6595/6595 6599/6599/6599
f 6595/6595/6595 6614/6614/6614 6613/6613/6613
f 6600/6600/6600 6595/6595/6595 6613/6613/6613
f 6613/6613/6613 6615/6615/6615 6600/6600/6600
f 6609/6609/6609 6615/6615/6615 6613/6613/6613
f 6616/6616/6616 6609/6609/6609 6611/6611/6611
f 6616/6616/6616 6611/6611/6611 6617/6617/6617
f 6600/6600/6600 6615/6615/6615 6618/6618/6618
f 6600/6600/6600 6618/6618/6618 6596/6596/6596
f 6615/6615/6615 6609/6609/6609 6619/6619/6619
f 6609/6609/6609 6616/6616/6616 6619/6619/6619
f 6615/6615/6615 6619/6619/6619 6618/6618/6618
f 6620/6620/6620 6616/6616/6616 6617/6617/6617
f 6617/6617/6617 6621/6621/6621 6620/6620/6620
f 6619/6619/6619 6616/6616/6616 6622/6622/6622
f 6619/6619/6619 6622/6622/6622 6618/6618/6618
f 6616/6616/6616 6620/6620/6620 6622/6622/6622
f 6618/6618/6618 6623/6623/6623 6596/6596/6596
f 6596/6596/6596 6623/6623/6623 6576/6576/6576
f 6621/6621/6621 6624/6624/6624 6620/6620/6620
f 6624/6624/6624 6621/6621/6621 6625/6625/6625
f 6622/6622/6622 6620/6620/6620 6626/6626/6626
f 6620/6620/6620 6624/6624/6624 6626/6626/6626
f 6622/6622/6622 6627/6627/6627 6618/6618/6618
f 6618/6618/6618 6627/6627/6627 6623/6623/6623
f 6628/6628/6628 6624/6624/6624 6625/6625/6625
f 6628/6628/6628 6625/6625/6625 6629/6629/6629
f 6626/6626/6626 6624/6624/6624 6630/6630/6630
f 6624/6624/6624 6628/6628/6628 6630/6630/6630
f 6622/6622/6622 6626/6626/6626 6631/6631/6631
f 6627/6627/6627 6622/6622/6622 6631/6631/6631
f 6631/6631/6631 6626/6626/6626 6630/6630/6630
f 6632/6632/6632 6628/6628/6628 6629/6629/6629
f 6629/6629/6629 6633/6633/6633 6632/6632/6632
f 6633/6633/6633 6634/6634/6634 6632/6632/6632
f 6633/6633/6633 6635/6635/6635 6634/6634/6634
f 6632/6632/6632 6636/6636/6636 6628/6628/6628
f 6636/6636/6636 6630/6630/6630 6628/6628/6628
f 6634/6634/6634 6636/6636/6636 6632/6632/6632
f 6636/6636/6636 6637/6637/6637 6630/6630/6630
f 6637/6637/6637 6636/6636/6636 6634/6634/6634
f 6638/6638/6638 6631/6631/6631 6630/6630/6630
f 6637/6637/6637 6638/6638/6638 6630/6630/6630
f 6627/6627/6627 6631/6631/6631 6639/6639/6639
f 6638/6638/6638 6640/6640/6640 6631/6631/6631
f 6640/6640/6640 6639/6639/6639 6631/6631/6631
f 6637/6637/6637 6641/6641/6641 6638/6638/6638
f 6641/6641/6641 6640/6640/6640 6638/6638/6638
f 6642/6642/6642 6627/6627/6627 6639/6639/6639
f 6627/6627/6627 6642/6642/6642 6623/6623/6623
f 6640/6640/6640 6643/6643/6643 6639/6639/6639
f 6642/6642/6642 6639/6639/6639 6644/6644/6644
f 6643/6643/6643 6644/6644/6644 6639/6639/6639
f 6623/6623/6623 6642/6642/6642 6645/6645/6645
f 6645/6645/6645 6642/6642/6642 6644/6644/6644
f 6640/6640/6640 6641/6641/6641 6646/6646/6646
f 6643/6643/6643 6640/6640/6640 6646/6646/6646
f 6647/6647/6647 6623/6623/6623 6645/6645/6645
f 6623/6623/6623 6647/6647/6647 6576/6576/6576
f 6576/6576/6576 6647/6647/6647 6578/6578/6578
f 6578/6578/6578 6647/6647/6647 6645/6645/6645
f 6648/6648/6648 6578/6578/6578 6645/6645/6645
f 6648/6648/6648 6645/6645/6645 6644/6644/6644
f 6649/6649/6649 6648/6648/6648 6644/6644/6644
f 6649/6649/6649 6644/6644/6644 6650/6650/6650
f 6644/6644/6644 6643/6643/6643 6650/6650/6650
f 6651/6651/6651 6650/6650/6650 6643/6643/6643
f 6646/6646/6646 6651/6651/6651 6643/6643/6643
f 6651/6651/6651 6646/6646/6646 6652/6652/6652
f 6646/6646/6646 6653/6653/6653 6652/6652/6652
f 6653/6653/6653 6646/6646/6646 6641/6641/6641
f 6652/6652/6652 6653/6653/6653 6654/6654/6654
f 6655/6655/6655 6653/6653/6653 6641/6641/6641
f 6655/6655/6655 6641/6641/6641 6637/6637/6637
f 6653/6653/6653 6656/6656/6656 6654/6654/6654
f 6654/6654/6654 6656/6656/6656 6657/6657/6657
f 6658/6658/6658 6655/6655/6655 6637/6637/6637
f 6658/6658/6658 6637/6637/6637 6634/6634/6634
f 6653/6653/6653 6655/6655/6655 6659/6659/6659
f 6659/6659/6659 6655/6655/6655 6658/6658/6658
f 6656/6656/6656 6653/6653/6653 6659/6659/6659
f 6658/6658/6658 6634/6634/6634 6660/6660/6660
f 6660/6660/6660 6659/6659/6659 6658/6658/6658
f 6660/6660/6660 6661/6661/6661 6659/6659/6659
f 6634/6634/6634 6662/6662/6662 6660/6660/6660
f 6661/6661/6661 6660/6660/6660 6662/6662/6662
f 6635/6635/6635 6662/6662/6662 6634/6634/6634
f 6663/6663/6663 6662/6662/6662 6635/6635/6635
f 6663/6663/6663 6661/6661/6661 6662/6662/6662
f 6664/6664/6664 6663/6663/6663 6635/6635/6635
f 6663/6663/6663 6664/6664/6664 6661/6661/6661
f 6656/6656/6656 6659/6659/6659 6665/6665/6665
f 6661/6661/6661 6665/6665/6665 6659/6659/6659
f 6666/6666/6666 6665/6665/6665 6661/6661/6661
f 6667/6667/6667 6656/6656/6656 6665/6665/6665
f 6665/6665/6665 6666/6666/6666 6667/6667/6667
f 6656/6656/6656 6667/6667/6667 6657/6657/6657
f 6666/6666/6666 6657/6657/6657 6667/6667/6667
f 6657/6657/6657 6666/6666/6666 6668/6668/6668
f 6664/6664/6664 6669/6669/6669 6661/6661/6661
f 6669/6669/6669 6666/6666/6666 6661/6661/6661
f 6669/6669/6669 6664/6664/6664 6670/6670/6670
f 6669/6669/6669 6670/6670/6670 6666/6666/6666
f 6664/6664/6664 6671/6671/6671 6670/6670/6670
f 6666/6666/6666 6672/6672/6672 6668/6668/6668
f 6670/6670/6670 6672/6672/6672 6666/6666/6666
f 6672/6672/6672 6670/6670/6670 6671/6671/6671
f 6668/6668/6668 6672/6672/6672 6671/6671/6671
f 6675/6675/6675 6674/6674/6674 6673/6673/6673
f 6676/6676/6676 6675/6675/6675 6673/6673/6673
f 6674/6674/6674 6677/6677/6677 6673/6673/6673
f 6674/6674/6674 6678/6678/6678 6677/6677/6677
f 6679/6679/6679 6676/6676/6676 6673/6673/6673
f 6679/6679/6679 6673/6673/6673 6680/6680/6680
f 6681/6681/6681 6676/6676/6676 6679/6679/6679
f 6677/6677/6677 6682/6682/6682 6673/6673/6673
f 6682/6682/6682 6680/6680/6680 6673/6673/6673
f 6678/6678/6678 6683/6683/6683 6677/6677/6677
f 6682/6682/6682 6677/6677/6677 6684/6684/6684
f 6677/6677/6677 6683/6683/6683 6684/6684/6684
f 6680/6680/6680 6682/6682/6682 6685/6685/6685
f 6682/6682/6682 6684/6684/6684 6685/6685/6685
f 6683/6683/6683 6678/6678/6678 6686/6686/6686
f 6678/6678/6678 6687/6687/6687 6686/6686/6686
f 6686/6686/6686 6687/6687/6687 6688/6688/6688
f 6689/6689/6689 6681/6681/6681 6679/6679/6679
f 6689/6689/6689 6690/6690/6690 6681/6681/6681
f 6690/6690/6690 6689/6689/6689 6679/6679/6679
f 6690/6690/6690 6691/6691/6691 6681/6681/6681
f 6691/6691/6691 6690/6690/6690 6692/6692/6692
f 6693/6693/6693 6690/6690/6690 6679/6679/6679
f 6693/6693/6693 6679/6679/6679 6680/6680/6680
f 6690/6690/6690 6694/6694/6694 6692/6692/6692
f 6694/6694/6694 6690/6690/6690 6693/6693/6693
f 6695/6695/6695 6692/6692/6692 6694/6694/6694
f 6696/6696/6696 6694/6694/6694 6693/6693/6693
f 6696/6696/6696 6693/6693/6693 6680/6680/6680
f 6697/6697/6697 6695/6695/6695 6694/6694/6694
f 6697/6697/6697 6694/6694/6694 6696/6696/6696
f 6698/6698/6698 6695/6695/6695 6697/6697/6697
f 6699/6699/6699 6696/6696/6696 6680/6680/6680
f 6699/6699/6699 6697/6697/6697 6696/6696/6696
f 6680/6680/6680 6700/6700/6700 6699/6699/6699
f 6700/6700/6700 6680/6680/6680 6685/6685/6685
f 6697/6697/6697 6699/6699/6699 6701/6701/6701
f 6700/6700/6700 6701/6701/6701 6699/6699/6699
f 6702/6702/6702 6698/6698/6698 6697/6697/6697
f 6702/6702/6702 6697/6697/6697 6701/6701/6701
f 6700/6700/6700 6703/6703/6703 6701/6701/6701
f 6703/6703/6703 6702/6702/6702 6701/6701/6701
f 6702/6702/6702 6703/6703/6703 6698/6698/6698
f 6703/6703/6703 6700/6700/6700 6685/6685/6685
f 6703/6703/6703 6704/6704/6704 6698/6698/6698
f 6704/6704/6704 6703/6703/6703 6705/6705/6705
f 6705/6705/6705 6703/6703/6703 6685/6685/6685
f 6706/6706/6706 6704/6704/6704 6705/6705/6705
f 6685/6685/6685 6707/6707/6707 6705/6705/6705
f 6684/6684/6684 6707/6707/6707 6685/6685/6685
f 6705/6705/6705 6708/6708/6708 6706/6706/6706
f 6707/6707/6707 6708/6708/6708 6705/6705/6705
f 6708/6708/6708 6709/6709/6709 6706/6706/6706
f 6709/6709/6709 6708/6708/6708 6710/6710/6710
f 6708/6708/6708 6711/6711/6711 6710/6710/6710
f 6708/6708/6708 6707/6707/6707 6712/6712/6712
f 6711/6711/6711 6708/6708/6708 6712/6712/6712
f 6712/6712/6712 6713/6713/6713 6711/6711/6711
f 6710/6710/6710 6711/6711/6711 6714/6714/6714
f 6713/6713/6713 6714/6714/6714 6711/6711/6711
f 6715/6715/6715 6710/6710/6710 6714/6714/6714
f 6715/6715/6715 6714/6714/6714 6716/6716/6716
f 6714/6714/6714 6713/6713/6713 6716/6716/6716
f 6717/6717/6717 6715/6715/6715 6716/6716/6716
f 6717/6717/6717 6716/6716/6716 6718/6718/6718
f 6707/6707/6707 6684/6684/6684 6719/6719/6719
f 6712/6712/6712 6707/6707/6707 6720/6720/6720
f 6720/6720/6720 6707/6707/6707 6719/6719/6719
f 6721/6721/6721 6712/6712/6712 6720/6720/6720
f 6712/6712/6712 6721/6721/6721 6713/6713/6713
f 6722/6722/6722 6719/6719/6719 6684/6684/6684
f 6683/6683/6683 6722/6722/6722 6684/6684/6684
f 6723/6723/6723 6720/6720/6720 6719/6719/6719
f 6721/6721/6721 6720/6720/6720 6723/6723/6723
f 6683/6683/6683 6724/6724/6724 6722/6722/6722
f 6724/6724/6724 6683/6683/6683 6686/6686/6686
f 6725/6725/6725 6723/6723/6723 6719/6719/6719
f 6725/6725/6725 6719/6719/6719 6722/6722/6722
f 6726/6726/6726 6723/6723/6723 6725/6725/6725
f 6727/6727/6727 6721/6721/6721 6723/6723/6723
f 6727/6727/6727 6723/6723/6723 6726/6726/6726
f 6721/6721/6721 6727/6727/6727 6728/6728/6728
f 6728/6728/6728 6727/6727/6727 6726/6726/6726
f 6721/6721/6721 6729/6729/6729 6713/6713/6713
f 6729/6729/6729 6721/6721/6721 6728/6728/6728
f 6729/6729/6729 6730/6730/6730 6713/6713/6713
f 6729/6729/6729 6728/6728/6728 6730/6730/6730
f 6724/6724/6724 6686/6686/6686 6731/6731/6731
f 6731/6731/6731 6686/6686/6686 6688/6688/6688
f 6732/6732/6732 6731/6731/6731 6688/6688/6688
f 6733/6733/6733 6732/6732/6732 6688/6688/6688
f 6732/6732/6732 6733/6733/6733 6734/6734/6734
f 6735/6735/6735 6724/6724/6724 6731/6731/6731
f 6735/6735/6735 6731/6731/6731 6732/6732/6732
f 6736/6736/6736 6732/6732/6732 6734/6734/6734
f 6736/6736/6736 6734/6734/6734 6737/6737/6737
f 6730/6730/6730 6738/6738/6738 6713/6713/6713
f 6713/6713/6713 6738/6738/6738 6716/6716/6716
f 6716/6716/6716 6738/6738/6738 6739/6739/6739
f 6716/6716/6716 6739/6739/6739 6718/6718/6718
f 6724/6724/6724 6735/6735/6735 6740/6740/6740
f 6724/6724/6724 6740/6740/6740 6722/6722/6722
f 6741/6741/6741 6732/6732/6732 6736/6736/6736
f 6741/6741/6741 6735/6735/6735 6732/6732/6732
f 6742/6742/6742 6736/6736/6736 6737/6737/6737
f 6742/6742/6742 6737/6737/6737 6743/6743/6743
f 6738/6738/6738 6730/6730/6730 6744/6744/6744
f 6738/6738/6738 6744/6744/6744 6739/6739/6739
f 6739/6739/6739 6745/6745/6745 6718/6718/6718
f 6745/6745/6745 6746/6746/6746 6718/6718/6718
f 6747/6747/6747 6746/6746/6746 6745/6745/6745
f 6744/6744/6744 6748/6748/6748 6739/6739/6739
f 6748/6748/6748 6745/6745/6745 6739/6739/6739
f 6730/6730/6730 6749/6749/6749 6744/6744/6744
f 6744/6744/6744 6749/6749/6749 6748/6748/6748
f 6750/6750/6750 6747/6747/6747 6745/6745/6745
f 6751/6751/6751 6747/6747/6747 6750/6750/6750
f 6752/6752/6752 6751/6751/6751 6750/6750/6750
f 6753/6753/6753 6751/6751/6751 6752/6752/6752
f 6754/6754/6754 6750/6750/6750 6745/6745/6745
f 6748/6748/6748 6754/6754/6754 6745/6745/6745
f 6754/6754/6754 6755/6755/6755 6750/6750/6750
f 6755/6755/6755 6752/6752/6752 6750/6750/6750
f 6756/6756/6756 6754/6754/6754 6748/6748/6748
f 6755/6755/6755 6754/6754/6754 6756/6756/6756
f 6730/6730/6730 6757/6757/6757 6749/6749/6749
f 6728/6728/6728 6757/6757/6757 6730/6730/6730
f 6757/6757/6757 6728/6728/6728 6726/6726/6726
f 6749/6749/6749 6758/6758/6758 6748/6748/6748
f 6758/6758/6758 6756/6756/6756 6748/6748/6748
f 6757/6757/6757 6759/6759/6759 6749/6749/6749
f 6758/6758/6758 6749/6749/6749 6759/6759/6759
f 6760/6760/6760 6753/6753/6753 6752/6752/6752
f 6753/6753/6753 6760/6760/6760 6761/6761/6761
f 6760/6760/6760 6762/6762/6762 6761/6761/6761
f 6762/6762/6762 6760/6760/6760 6752/6752/6752
f 6763/6763/6763 6762/6762/6762 6752/6752/6752
f 6764/6764/6764 6762/6762/6762 6763/6763/6763
f 6765/6765/6765 6757/6757/6757 6726/6726/6726
f 6757/6757/6757 6765/6765/6765 6759/6759/6759
f 6765/6765/6765 6766/6766/6766 6759/6759/6759
f 6767/6767/6767 6758/6758/6758 6759/6759/6759
f 6759/6759/6759 6766/6766/6766 6767/6767/6767
f 6756/6756/6756 6758/6758/6758 6768/6768/6768
f 6758/6758/6758 6767/6767/6767 6768/6768/6768
f 6769/6769/6769 6765/6765/6765 6726/6726/6726
f 6766/6766/6766 6765/6765/6765 6769/6769/6769
f 6770/6770/6770 6763/6763/6763 6752/6752/6752
f 6755/6755/6755 6770/6770/6770 6752/6752/6752
f 6771/6771/6771 6755/6755/6755 6756/6756/6756
f 6771/6771/6771 6756/6756/6756 6768/6768/6768
f 6770/6770/6770 6755/6755/6755 6771/6771/6771
f 6772/6772/6772 6769/6769/6769 6726/6726/6726
f 6772/6772/6772 6726/6726/6726 6725/6725/6725
f 6772/6772/6772 6725/6725/6725 6773/6773/6773
f 6773/6773/6773 6725/6725/6725 6722/6722/6722
f 6773/6773/6773 6722/6722/6722 6740/6740/6740
f 6774/6774/6774 6771/6771/6771 6768/6768/6768
f 6775/6775/6775 6770/6770/6770 6771/6771/6771
f 6775/6775/6775 6771/6771/6771 6774/6774/6774
f 6768/6768/6768 6776/6776/6776 6774/6774/6774
f 6768/6768/6768 6767/6767/6767 6776/6776/6776
f 6767/6767/6767 6777/6777/6777 6776/6776/6776
f 6766/6766/6766 6777/6777/6777 6767/6767/6767
f 6778/6778/6778 6769/6769/6769 6772/6772/6772
f 6779/6779/6779 6772/6772/6772 6773/6773/6773
f 6779/6779/6779 6778/6778/6778 6772/6772/6772
f 6779/6779/6779 6773/6773/6773 6780/6780/6780
f 6778/6778/6778 6779/6779/6779 6780/6780/6780
f 6773/6773/6773 6781/6781/6781 6780/6780/6780
f 6781/6781/6781 6773/6773/6773 6740/6740/6740
f 6781/6781/6781 6740/6740/6740 6780/6780/6780
f 6740/6740/6740 6782/6782/6782 6780/6780/6780
f 6735/6735/6735 6782/6782/6782 6740/6740/6740
f 6780/6780/6780 6782/6782/6782 6783/6783/6783
f 6783/6783/6783 6778/6778/6778 6780/6780/6780
f 6782/6782/6782 6735/6735/6735 6784/6784/6784
f 6782/6782/6782 6784/6784/6784 6783/6783/6783
f 6735/6735/6735 6741/6741/6741 6784/6784/6784
f 6783/6783/6783 6785/6785/6785 6778/6778/6778
f 6783/6783/6783 6784/6784/6784 6785/6785/6785
f 6769/6769/6769 6778/6778/6778 6786/6786/6786
f 6785/6785/6785 6786/6786/6786 6778/6778/6778
f 6787/6787/6787 6766/6766/6766 6769/6769/6769
f 6787/6787/6787 6769/6769/6769 6786/6786/6786
f 6766/6766/6766 6787/6787/6787 6786/6786/6786
f 6784/6784/6784 6741/6741/6741 6788/6788/6788
f 6784/6784/6784 6788/6788/6788 6785/6785/6785
f 6785/6785/6785 6789/6789/6789 6786/6786/6786
f 6789/6789/6789 6785/6785/6785 6788/6788/6788
f 6790/6790/6790 6766/6766/6766 6786/6786/6786
f 6789/6789/6789 6790/6790/6790 6786/6786/6786
f 6777/6777/6777 6766/6766/6766 6790/6790/6790
f 6741/6741/6741 6791/6791/6791 6788/6788/6788
f 6791/6791/6791 6741/6741/6741 6736/6736/6736
f 6792/6792/6792 6791/6791/6791 6736/6736/6736
f 6791/6791/6791 6792/6792/6792 6788/6788/6788
f 6742/6742/6742 6792/6792/6792 6736/6736/6736
f 6793/6793/6793 6789/6789/6789 6788/6788/6788
f 6792/6792/6792 6793/6793/6793 6788/6788/6788
f 6790/6790/6790 6789/6789/6789 6794/6794/6794
f 6794/6794/6794 6789/6789/6789 6793/6793/6793
f 6795/6795/6795 6777/6777/6777 6790/6790/6790
f 6795/6795/6795 6790/6790/6790 6794/6794/6794
f 6793/6793/6793 6792/6792/6792 6796/6796/6796
f 6796/6796/6796 6794/6794/6794 6793/6793/6793
f 6792/6792/6792 6742/6742/6742 6797/6797/6797
f 6792/6792/6792 6797/6797/6797 6796/6796/6796
f 6797/6797/6797 6798/6798/6798 6796/6796/6796
f 6742/6742/6742 6799/6799/6799 6797/6797/6797
f 6798/6798/6798 6797/6797/6797 6799/6799/6799
f 6799/6799/6799 6742/6742/6742 6743/6743/6743
f 6799/6799/6799 6743/6743/6743 6800/6800/6800
f 6777/6777/6777 6795/6795/6795 6801/6801/6801
f 6776/6776/6776 6777/6777/6777 6801/6801/6801
f 6794/6794/6794 6802/6802/6802 6795/6795/6795
f 6802/6802/6802 6794/6794/6794 6796/6796/6796
f 6802/6802/6802 6801/6801/6801 6795/6795/6795
f 6801/6801/6801 6802/6802/6802 6803/6803/6803
f 6804/6804/6804 6802/6802/6802 6796/6796/6796
f 6798/6798/6798 6804/6804/6804 6796/6796/6796
f 6803/6803/6803 6802/6802/6802 6804/6804/6804
f 6805/6805/6805 6799/6799/6799 6800/6800/6800
f 6805/6805/6805 6798/6798/6798 6799/6799/6799
f 6806/6806/6806 6805/6805/6805 6800/6800/6800
f 6798/6798/6798 6805/6805/6805 6806/6806/6806
f 6807/6807/6807 6806/6806/6806 6800/6800/6800
f 6806/6806/6806 6807/6807/6807 6808/6808/6808
f 6809/6809/6809 6806/6806/6806 6808/6808/6808
f 6809/6809/6809 6808/6808/6808 6810/6810/6810
f 6804/6804/6804 6798/6798/6798 6811/6811/6811
f 6811/6811/6811 6803/6803/6803 6804/6804/6804
f 6811/6811/6811 6812/6812/6812 6803/6803/6803
f 6813/6813/6813 6798/6798/6798 6806/6806/6806
f 6798/6798/6798 6813/6813/6813 6811/6811/6811
f 6813/6813/6813 6806/6806/6806 6809/6809/6809
f 6812/6812/6812 6811/6811/6811 6813/6813/6813
f 6814/6814/6814 6809/6809/6809 6810/6810/6810
f 6810/6810/6810 6815/6815/6815 6814/6814/6814
f 6816/6816/6816 6812/6812/6812 6813/6813/6813
f 6816/6816/6816 6813/6813/6813 6809/6809/6809
f 6816/6816/6816 6809/6809/6809 6817/6817/6817
f 6812/6812/6812 6816/6816/6816 6817/6817/6817
f 6809/6809/6809 6814/6814/6814 6818/6818/6818
f 6809/6809/6809 6818/6818/6818 6817/6817/6817
f 6815/6815/6815 6819/6819/6819 6814/6814/6814
f 6815/6815/6815 6820/6820/6820 6819/6819/6819
f 6814/6814/6814 6819/6819/6819 6821/6821/6821
f 6814/6814/6814 6821/6821/6821 6818/6818/6818
f 6820/6820/6820 6822/6822/6822 6819/6819/6819
f 6819/6819/6819 6822/6822/6822 6821/6821/6821
f 6822/6822/6822 6820/6820/6820 6823/6823/6823
f 6824/6824/6824 6822/6822/6822 6823/6823/6823
f 6823/6823/6823 6825/6825/6825 6824/6824/6824
f 6826/6826/6826 6821/6821/6821 6822/6822/6822
f 6824/6824/6824 6826/6826/6826 6822/6822/6822
f 6827/6827/6827 6818/6818/6818 6821/6821/6821
f 6826/6826/6826 6827/6827/6827 6821/6821/6821
f 6825/6825/6825 6828/6828/6828 6824/6824/6824
f 6828/6828/6828 6825/6825/6825 6829/6829/6829
f 6826/6826/6826 6824/6824/6824 6830/6830/6830
f 6824/6824/6824 6828/6828/6828 6830/6830/6830
f 6831/6831/6831 6828/6828/6828 6829/6829/6829
f 6831/6831/6831 6829/6829/6829 6832/6832/6832
f 6827/6827/6827 6833/6833/6833 6818/6818/6818
f 6833/6833/6833 6817/6817/6817 6818/6818/6818
f 6827/6827/6827 6826/6826/6826 6834/6834/6834
f 6826/6826/6826 6830/6830/6830 6834/6834/6834
f 6833/6833/6833 6827/6827/6827 6835/6835/6835
f 6817/6817/6817 6833/6833/6833 6835/6835/6835
f 6827/6827/6827 6834/6834/6834 6835/6835/6835
f 6836/6836/6836 6830/6830/6830 6828/6828/6828
f 6831/6831/6831 6836/6836/6836 6828/6828/6828
f 6837/6837/6837 6831/6831/6831 6832/6832/6832
f 6837/6837/6837 6832/6832/6832 6838/6838/6838
f 6839/6839/6839 6834/6834/6834 6830/6830/6830
f 6836/6836/6836 6839/6839/6839 6830/6830/6830
f 6836/6836/6836 6831/6831/6831 6840/6840/6840
f 6831/6831/6831 6837/6837/6837 6840/6840/6840
f 6841/6841/6841 6837/6837/6837 6838/6838/6838
f 6841/6841/6841 6838/6838/6838 6764/6764/6764
f 6841/6841/6841 6842/6842/6842 6837/6837/6837
f 6842/6842/6842 6841/6841/6841 6764/6764/6764
f 6842/6842/6842 6840/6840/6840 6837/6837/6837
f 6842/6842/6842 6764/6764/6764 6763/6763/6763
f 6842/6842/6842 6763/6763/6763 6840/6840/6840
f 6836/6836/6836 6840/6840/6840 6843/6843/6843
f 6763/6763/6763 6843/6843/6843 6840/6840/6840
f 6839/6839/6839 6836/6836/6836 6843/6843/6843
f 6763/6763/6763 6770/6770/6770 6843/6843/6843
f 6770/6770/6770 6844/6844/6844 6843/6843/6843
f 6839/6839/6839 6843/6843/6843 6844/6844/6844
f 6844/6844/6844 6770/6770/6770 6775/6775/6775
f 6839/6839/6839 6845/6845/6845 6834/6834/6834
f 6845/6845/6845 6839/6839/6839 6844/6844/6844
f 6845/6845/6845 6835/6835/6835 6834/6834/6834
f 6844/6844/6844 6846/6846/6846 6845/6845/6845
f 6846/6846/6846 6844/6844/6844 6775/6775/6775
f 6845/6845/6845 6846/6846/6846 6835/6835/6835
f 6846/6846/6846 6775/6775/6775 6847/6847/6847
f 6847/6847/6847 6775/6775/6775 6774/6774/6774
f 6846/6846/6846 6848/6848/6848 6835/6835/6835
f 6848/6848/6848 6817/6817/6817 6835/6835/6835
f 6848/6848/6848 6812/6812/6812 6817/6817/6817
f 6849/6849/6849 6846/6846/6846 6847/6847/6847
f 6849/6849/6849 6847/6847/6847 6774/6774/6774
f 6848/6848/6848 6846/6846/6846 6849/6849/6849
f 6812/6812/6812 6848/6848/6848 6850/6850/6850
f 6850/6850/6850 6848/6848/6848 6849/6849/6849
f 6851/6851/6851 6849/6849/6849 6774/6774/6774
f 6850/6850/6850 6849/6849/6849 6851/6851/6851
f 6776/6776/6776 6851/6851/6851 6774/6774/6774
f 6852/6852/6852 6851/6851/6851 6776/6776/6776
f 6852/6852/6852 6850/6850/6850 6851/6851/6851
f 6801/6801/6801 6852/6852/6852 6776/6776/6776
f 6852/6852/6852 6801/6801/6801 6803/6803/6803
f 6852/6852/6852 6803/6803/6803 6850/6850/6850
f 6812/6812/6812 6853/6853/6853 6803/6803/6803
f 6853/6853/6853 6812/6812/6812 6850/6850/6850
f 6803/6803/6803 6853/6853/6853 6850/6850/6850
f 6856/6856/6856 6855/6855/6855 6854/6854/6854
f 6855/6855/6855 6857/6857/6857 6854/6854/6854
f 6858/6858/6858 6855/6855/6855 6856/6856/6856
f 6859/6859/6859 6857/6857/6857 6855/6855/6855
f 6855/6855/6855 6858/6858/6858 6860/6860/6860
f 6855/6855/6855 6860/6860/6860 6859/6859/6859
f 6863/6863/6863 6862/6862/6862 6861/6861/6861
f 6863/6863/6863 6861/6861/6861 6864/6864/6864
f 6861/6861/6861 6862/6862/6862 6865/6865/6865
f 6864/6864/6864 6861/6861/6861 6866/6866/6866
f 6861/6861/6861 6865/6865/6865 6867/6867/6867
f 6866/6866/6866 6861/6861/6861 6867/6867/6867
f 6870/6870/6870 6869/6869/6869 6868/6868/6868
f 6871/6871/6871 6868/6868/6868 6869/6869/6869
f 6872/6872/6872 6868/6868/6868 6871/6871/6871
f 6873/6873/6873 6870/6870/6870 6868/6868/6868
f 6874/6874/6874 6870/6870/6870 6873/6873/6873
f 6874/6874/6874 6873/6873/6873 6875/6875/6875
f 6872/6872/6872 6876/6876/6876 6868/6868/6868
f 6873/6873/6873 6868/6868/6868 6876/6876/6876
f 6875/6875/6875 6873/6873/6873 6876/6876/6876
f 6876/6876/6876 6872/6872/6872 6877/6877/6877
f 6875/6875/6875 6876/6876/6876 6878/6878/6878
f 6878/6878/6878 6876/6876/6876 6877/6877/6877
f 6881/6881/6881 6880/6880/6880 6879/6879/6879
f 6882/6882/6882 6881/6881/6881 6879/6879/6879
f 6882/6882/6882 6883/6883/6883 6881/6881/6881
f 6879/6879/6879 6884/6884/6884 6882/6882/6882
f 6880/6880/6880 6881/6881/6881 6885/6885/6885
f 6881/6881/6881 6883/6883/6883 6885/6885/6885
f 6886/6886/6886 6880/6880/6880 6885/6885/6885
f 6884/6884/6884 6887/6887/6887 6882/6882/6882
f 6887/6887/6887 6883/6883/6883 6882/6882/6882
f 6884/6884/6884 6888/6888/6888 6887/6887/6887
f 6886/6886/6886 6885/6885/6885 6889/6889/6889
f 6885/6885/6885 6883/6883/6883 6889/6889/6889
f 6890/6890/6890 6886/6886/6886 6889/6889/6889
f 6888/6888/6888 6891/6891/6891 6887/6887/6887
f 6891/6891/6891 6883/6883/6883 6887/6887/6887
f 6888/6888/6888 6892/6892/6892 6891/6891/6891
f 6890/6890/6890 6889/6889/6889 6893/6893/6893
f 6889/6889/6889 6883/6883/6883 6893/6893/6893
f 6894/6894/6894 6890/6890/6890 6893/6893/6893
f 6895/6895/6895 6883/6883/6883 6891/6891/6891
f 6892/6892/6892 6895/6895/6895 6891/6891/6891
f 6893/6893/6893 6883/6883/6883 6896/6896/6896
f 6894/6894/6894 6893/6893/6893 6896/6896/6896
f 6897/6897/6897 6883/6883/6883 6895/6895/6895
f 6892/6892/6892 6898/6898/6898 6895/6895/6895
f 6898/6898/6898 6897/6897/6897 6895/6895/6895
f 6899/6899/6899 6894/6894/6894 6896/6896/6896
f 6898/6898/6898 6900/6900/6900 6897/6897/6897
f 6899/6899/6899 6896/6896/6896 6901/6901/6901
f 6896/6896/6896 6883/6883/6883 6901/6901/6901
f 6902/6902/6902 6899/6899/6899 6901/6901/6901
f 6900/6900/6900 6903/6903/6903 6897/6897/6897
f 6903/6903/6903 6883/6883/6883 6897/6897/6897
f 6900/6900/6900 6904/6904/6904 6903/6903/6903
f 6902/6902/6902 6901/6901/6901 6905/6905/6905
f 6901/6901/6901 6883/6883/6883 6905/6905/6905
f 6906/6906/6906 6902/6902/6902 6905/6905/6905
f 6904/6904/6904 6907/6907/6907 6903/6903/6903
f 6907/6907/6907 6883/6883/6883 6903/6903/6903
f 6904/6904/6904 6908/6908/6908 6907/6907/6907
f 6906/6906/6906 6905/6905/6905 6909/6909/6909
f 6905/6905/6905 6883/6883/6883 6909/6909/6909
f 6910/6910/6910 6906/6906/6906 6909/6909/6909
f 6911/6911/6911 6883/6883/6883 6907/6907/6907
f 6908/6908/6908 6911/6911/6911 6907/6907/6907
f 6909/6909/6909 6883/6883/6883 6912/6912/6912
f 6910/6910/6910 6909/6909/6909 6912/6912/6912
f 6913/6913/6913 6883/6883/6883 6911/6911/6911
f 6908/6908/6908 6914/6914/6914 6911/6911/6911
f 6914/6914/6914 6913/6913/6913 6911/6911/6911
f 6915/6915/6915 6910/6910/6910 6912/6912/6912
f 6914/6914/6914 6916/6916/6916 6913/6913/6913
f 6915/6915/6915 6912/6912/6912 6917/6917/6917
f 6912/6912/6912 6883/6883/6883 6917/6917/6917
f 6918/6918/6918 6915/6915/6915 6917/6917/6917
f 6916/6916/6916 6919/6919/6919 6913/6913/6913
f 6919/6919/6919 6883/6883/6883 6913/6913/6913
f 6916/6916/6916 6920/6920/6920 6919/6919/6919
f 6918/6918/6918 6917/6917/6917 6921/6921/6921
f 6917/6917/6917 6883/6883/6883 6921/6921/6921
f 6922/6922/6922 6918/6918/6918 6921/6921/6921
f 6920/6920/6920 6923/6923/6923 6919/6919/6919
f 6923/6923/6923 6883/6883/6883 6919/6919/6919
f 6920/6920/6920 6924/6924/6924 6923/6923/6923
f 6922/6922/6922 6921/6921/6921 6925/6925/6925
f 6921/6921/6921 6883/6883/6883 6925/6925/6925
f 6926/6926/6926 6922/6922/6922 6925/6925/6925
f 6927/6927/6927 6883/6883/6883 6923/6923/6923
f 6924/6924/6924 6927/6927/6927 6923/6923/6923
f 6925/6925/6925 6883/6883/6883 6927/6927/6927
f 6926/6926/6926 6925/6925/6925 6927/6927/6927
f 6924/6924/6924 6926/6926/6926 6927/6927/6927
