mtllib crimson_main.mtl
g scarletMain
usemtl token
v -0.179 0.975 0.174
v -0.165 0.967 0.165
v -0.181 0.976 0.164
v -0.197 1.071 0.165
v -0.198 1.049 0.162
v -0.198 1.036 0.152
v -0.021 0.121 -0.206
v -0.034 0.113 -0.251
v -0.055 0.118 -0.268
v 0.07 1.838 0.095
v 0.075 1.849 0.092
v 0.081 1.816 0.081
v 0.288 0.927 0.06
v 0.296 0.919 0.062
v 0.294 0.955 0.048
v -0.155 0.961 0.186
v -0.146 0.962 0.186
v -0.15 0.966 0.175
v 0.281 1.036 0.053
v 0.277 1.026 0.048
v 0.266 1.036 0.053
v 0.294 0.993 0.035
v 0.282 0.992 0.029
v 0.286 0.996 0.042
v -0.098 1.567 0.142
v -0.112 1.53 0.155
v -0.124 1.557 0.143
v 0.28 0.954 0.022
v 0.298 1.01 0.006
v 0.288 0.962 0.013
v 0.265 0.999 0.001
v 0.272 0.992 0.007
v 0.277 0.995 -0.005
v 0.282 0.992 0.029
v 0.281 0.99 0.017
v 0.272 0.992 0.007
v 0.076 1.77 0.036
v 0.079 1.764 0.045
v 0.086 1.779 0.022
v 0.086 1.779 0.022
v 0.079 1.78 0.034
v 0.075 1.772 0.02
v 0.079 1.78 0.034
v 0.086 1.779 0.022
v 0.079 1.764 0.045
v 0.259 1.003 0.073
v 0.257 0.994 0.092
v 0.265 0.995 0.087
v -0.125 0.934 0.143
v -0.103 0.926 0.137
v -0.112 0.937 0.141
v -0.07 0.124 -0.274
v -0.055 0.118 -0.268
v -0.069 0.116 -0.306
v 0.12 1.455 0.147
v 0.119 1.477 0.129
v 0.141 1.469 0.11
v 0.294 0.993 0.035
v 0.303 0.991 0.038
v 0.301 0.998 0.029
v 0.286 0.996 0.042
v 0.294 0.955 0.048
v 0.294 0.993 0.035
v 0.272 1.036 0.059
v 0.276 1.045 0.063
v 0.281 1.036 0.053
v 0.086 1.764 0.014
v 0.084 1.749 0.017
v 0.086 1.779 0.022
v -0.067 1.783 0.048
v -0.056 1.77 0.066
v -0.058 1.776 0.053
v -0.056 1.77 0.066
v -0.067 1.783 0.048
v -0.059 1.785 0.052
v -0.021 0.121 -0.206
v -0.013 0.114 -0.189
v -0.034 0.113 -0.251
v -0.045 1.712 0.027
v -0.046 1.719 0.03
v -0.049 1.719 0.03
v -0.049 1.712 0.028
v -0.046 1.719 0.03
v -0.047 1.725 0.034
v -0.05 1.724 0.034
v -0.049 1.719 0.03
v -0.047 1.725 0.034
v -0.047 1.73 0.038
v -0.051 1.73 0.039
v -0.05 1.724 0.034
v -0.047 1.73 0.038
v -0.049 1.735 0.044
v -0.052 1.734 0.044
v -0.051 1.73 0.039
v -0.049 1.735 0.044
v -0.05 1.738 0.05
v -0.053 1.737 0.05
v -0.052 1.734 0.044
v -0.05 1.738 0.05
v -0.051 1.74 0.057
v -0.054 1.738 0.057
v -0.053 1.737 0.05
v -0.051 1.74 0.057
v -0.053 1.74 0.064
v -0.056 1.739 0.063
v -0.054 1.738 0.057
v -0.053 1.74 0.064
v -0.054 1.739 0.071
v -0.057 1.738 0.07
v -0.056 1.739 0.063
v -0.054 1.739 0.071
v -0.056 1.737 0.077
v -0.058 1.736 0.076
v -0.057 1.738 0.07
v -0.056 1.737 0.077
v -0.057 1.733 0.083
v -0.06 1.733 0.082
v -0.058 1.736 0.076
v -0.057 1.733 0.083
v -0.058 1.729 0.089
v -0.061 1.728 0.087
v -0.06 1.733 0.082
v -0.058 1.729 0.089
v -0.059 1.723 0.093
v -0.062 1.723 0.091
v -0.061 1.728 0.087
v -0.059 1.723 0.093
v -0.06 1.717 0.096
v -0.063 1.717 0.095
v -0.062 1.723 0.091
v -0.06 1.717 0.096
v -0.061 1.71 0.099
v -0.064 1.71 0.097
v -0.063 1.717 0.095
v -0.061 1.71 0.099
v -0.061 1.703 0.099
v -0.064 1.703 0.097
v -0.064 1.71 0.097
v -0.061 1.703 0.099
v -0.061 1.696 0.098
v -0.064 1.696 0.096
v -0.064 1.703 0.097
v -0.061 1.696 0.098
v -0.061 1.689 0.096
v -0.063 1.689 0.094
v -0.064 1.696 0.096
v -0.061 1.689 0.096
v -0.06 1.682 0.092
v -0.063 1.683 0.091
v -0.063 1.689 0.094
v -0.06 1.682 0.092
v -0.059 1.677 0.088
v -0.062 1.678 0.086
v -0.063 1.683 0.091
v -0.059 1.677 0.088
v -0.058 1.672 0.082
v -0.061 1.673 0.081
v -0.062 1.678 0.086
v -0.058 1.672 0.082
v -0.056 1.669 0.076
v -0.06 1.67 0.074
v -0.061 1.673 0.081
v -0.056 1.669 0.076
v -0.055 1.667 0.069
v -0.058 1.668 0.068
v -0.06 1.67 0.074
v -0.055 1.667 0.069
v -0.053 1.666 0.061
v -0.057 1.668 0.061
v -0.058 1.668 0.068
v -0.053 1.666 0.061
v -0.052 1.667 0.054
v -0.055 1.669 0.054
v -0.057 1.668 0.061
v -0.052 1.667 0.054
v -0.05 1.67 0.048
v -0.054 1.671 0.047
v -0.055 1.669 0.054
v -0.05 1.67 0.048
v -0.049 1.673 0.042
v -0.052 1.674 0.042
v -0.054 1.671 0.047
v -0.049 1.673 0.042
v -0.048 1.678 0.036
v -0.051 1.679 0.036
v -0.052 1.674 0.042
v -0.048 1.678 0.036
v -0.047 1.684 0.032
v -0.05 1.685 0.032
v -0.051 1.679 0.036
v -0.047 1.684 0.032
v -0.046 1.69 0.029
v -0.049 1.691 0.029
v -0.05 1.685 0.032
v -0.046 1.69 0.029
v -0.045 1.698 0.027
v -0.049 1.698 0.027
v -0.049 1.691 0.029
v -0.045 1.698 0.027
v -0.045 1.705 0.026
v -0.049 1.705 0.027
v -0.049 1.698 0.027
v -0.045 1.705 0.026
v -0.045 1.712 0.027
v -0.049 1.712 0.028
v -0.049 1.705 0.027
v -0.049 1.712 0.028
v -0.049 1.719 0.03
v -0.051 1.717 0.033
v -0.051 1.711 0.031
v -0.049 1.719 0.03
v -0.05 1.724 0.034
v -0.051 1.723 0.036
v -0.051 1.717 0.033
v -0.05 1.724 0.034
v -0.051 1.73 0.039
v -0.052 1.727 0.04
v -0.051 1.723 0.036
v -0.051 1.73 0.039
v -0.052 1.734 0.044
v -0.053 1.731 0.045
v -0.052 1.727 0.04
v -0.052 1.734 0.044
v -0.053 1.737 0.05
v -0.054 1.734 0.051
v -0.053 1.731 0.045
v -0.053 1.737 0.05
v -0.054 1.738 0.057
v -0.055 1.736 0.057
v -0.054 1.734 0.051
v -0.054 1.738 0.057
v -0.056 1.739 0.063
v -0.057 1.736 0.063
v -0.055 1.736 0.057
v -0.056 1.739 0.063
v -0.057 1.738 0.07
v -0.058 1.735 0.069
v -0.057 1.736 0.063
v -0.057 1.738 0.07
v -0.058 1.736 0.076
v -0.059 1.733 0.075
v -0.058 1.735 0.069
v -0.058 1.736 0.076
v -0.06 1.733 0.082
v -0.061 1.73 0.08
v -0.059 1.733 0.075
v -0.06 1.733 0.082
v -0.061 1.728 0.087
v -0.062 1.726 0.085
v -0.061 1.73 0.08
v -0.061 1.728 0.087
v -0.062 1.723 0.091
v -0.063 1.721 0.089
v -0.062 1.726 0.085
v -0.062 1.723 0.091
v -0.063 1.717 0.095
v -0.064 1.716 0.092
v -0.063 1.721 0.089
v -0.063 1.717 0.095
v -0.064 1.71 0.097
v -0.064 1.709 0.093
v -0.064 1.716 0.092
v -0.064 1.71 0.097
v -0.064 1.703 0.097
v -0.064 1.703 0.094
v -0.064 1.709 0.093
v -0.064 1.703 0.097
v -0.064 1.696 0.096
v -0.064 1.697 0.093
v -0.064 1.703 0.094
v -0.064 1.696 0.096
v -0.063 1.689 0.094
v -0.064 1.691 0.091
v -0.064 1.697 0.093
v -0.063 1.689 0.094
v -0.063 1.683 0.091
v -0.064 1.685 0.088
v -0.064 1.691 0.091
v -0.063 1.683 0.091
v -0.062 1.678 0.086
v -0.063 1.68 0.084
v -0.064 1.685 0.088
v -0.062 1.678 0.086
v -0.061 1.673 0.081
v -0.062 1.676 0.079
v -0.063 1.68 0.084
v -0.061 1.673 0.081
v -0.06 1.67 0.074
v -0.061 1.673 0.073
v -0.062 1.676 0.079
v -0.06 1.67 0.074
v -0.058 1.668 0.068
v -0.059 1.672 0.067
v -0.061 1.673 0.073
v -0.058 1.668 0.068
v -0.057 1.668 0.061
v -0.058 1.671 0.061
v -0.059 1.672 0.067
v -0.057 1.668 0.061
v -0.055 1.669 0.054
v -0.057 1.672 0.054
v -0.058 1.671 0.061
v -0.055 1.669 0.054
v -0.054 1.671 0.047
v -0.055 1.674 0.048
v -0.057 1.672 0.054
v -0.054 1.671 0.047
v -0.052 1.674 0.042
v -0.054 1.677 0.043
v -0.055 1.674 0.048
v -0.052 1.674 0.042
v -0.051 1.679 0.036
v -0.053 1.681 0.038
v -0.054 1.677 0.043
v -0.051 1.679 0.036
v -0.05 1.685 0.032
v -0.052 1.687 0.034
v -0.053 1.681 0.038
v -0.05 1.685 0.032
v -0.049 1.691 0.029
v -0.051 1.692 0.032
v -0.052 1.687 0.034
v -0.049 1.691 0.029
v -0.049 1.698 0.027
v -0.051 1.699 0.03
v -0.051 1.692 0.032
v -0.049 1.698 0.027
v -0.049 1.705 0.027
v -0.051 1.705 0.03
v -0.051 1.699 0.03
v -0.049 1.705 0.027
v -0.049 1.712 0.028
v -0.051 1.711 0.031
v -0.051 1.705 0.03
v -0.051 1.711 0.031
v -0.051 1.717 0.033
v -0.05 1.716 0.036
v -0.05 1.711 0.034
v -0.051 1.717 0.033
v -0.051 1.723 0.036
v -0.051 1.721 0.039
v -0.05 1.716 0.036
v -0.051 1.723 0.036
v -0.052 1.727 0.04
v -0.051 1.725 0.042
v -0.051 1.721 0.039
v -0.052 1.727 0.04
v -0.053 1.731 0.045
v -0.052 1.729 0.047
v -0.051 1.725 0.042
v -0.053 1.731 0.045
v -0.054 1.734 0.051
v -0.053 1.731 0.052
v -0.052 1.729 0.047
v -0.054 1.734 0.051
v -0.055 1.736 0.057
v -0.054 1.733 0.057
v -0.053 1.731 0.052
v -0.055 1.736 0.057
v -0.057 1.736 0.063
v -0.056 1.733 0.063
v -0.054 1.733 0.057
v -0.057 1.736 0.063
v -0.058 1.735 0.069
v -0.057 1.733 0.069
v -0.056 1.733 0.063
v -0.058 1.735 0.069
v -0.059 1.733 0.075
v -0.058 1.731 0.074
v -0.057 1.733 0.069
v -0.059 1.733 0.075
v -0.061 1.73 0.08
v -0.059 1.728 0.079
v -0.058 1.731 0.074
v -0.061 1.73 0.08
v -0.062 1.726 0.085
v -0.06 1.724 0.083
v -0.059 1.728 0.079
v -0.062 1.726 0.085
v -0.063 1.721 0.089
v -0.061 1.72 0.087
v -0.06 1.724 0.083
v -0.063 1.721 0.089
v -0.064 1.716 0.092
v -0.062 1.714 0.089
v -0.061 1.72 0.087
v -0.064 1.716 0.092
v -0.064 1.709 0.093
v -0.062 1.709 0.09
v -0.062 1.714 0.089
v -0.064 1.709 0.093
v -0.064 1.703 0.094
v -0.062 1.703 0.091
v -0.062 1.709 0.09
v -0.064 1.703 0.094
v -0.064 1.697 0.093
v -0.062 1.697 0.09
v -0.062 1.703 0.091
v -0.064 1.697 0.093
v -0.064 1.691 0.091
v -0.062 1.692 0.088
v -0.062 1.697 0.09
v -0.064 1.691 0.091
v -0.064 1.685 0.088
v -0.062 1.687 0.085
v -0.062 1.692 0.088
v -0.064 1.685 0.088
v -0.063 1.68 0.084
v -0.061 1.683 0.082
v -0.062 1.687 0.085
v -0.063 1.68 0.084
v -0.062 1.676 0.079
v -0.06 1.679 0.077
v -0.061 1.683 0.082
v -0.062 1.676 0.079
v -0.061 1.673 0.073
v -0.059 1.676 0.072
v -0.06 1.679 0.077
v -0.061 1.673 0.073
v -0.059 1.672 0.067
v -0.058 1.675 0.067
v -0.059 1.676 0.072
v -0.059 1.672 0.067
v -0.058 1.671 0.061
v -0.057 1.675 0.061
v -0.058 1.675 0.067
v -0.058 1.671 0.061
v -0.057 1.672 0.054
v -0.055 1.675 0.055
v -0.057 1.675 0.061
v -0.057 1.672 0.054
v -0.055 1.674 0.048
v -0.054 1.677 0.05
v -0.055 1.675 0.055
v -0.055 1.674 0.048
v -0.054 1.677 0.043
v -0.053 1.68 0.045
v -0.054 1.677 0.05
v -0.054 1.677 0.043
v -0.053 1.681 0.038
v -0.052 1.684 0.041
v -0.053 1.68 0.045
v -0.053 1.681 0.038
v -0.052 1.687 0.034
v -0.051 1.688 0.038
v -0.052 1.684 0.041
v -0.052 1.687 0.034
v -0.051 1.692 0.032
v -0.051 1.694 0.035
v -0.051 1.688 0.038
v -0.051 1.692 0.032
v -0.051 1.699 0.03
v -0.05 1.699 0.034
v -0.051 1.694 0.035
v -0.051 1.699 0.03
v -0.051 1.705 0.03
v -0.05 1.705 0.033
v -0.05 1.699 0.034
v -0.051 1.705 0.03
v -0.051 1.711 0.031
v -0.05 1.711 0.034
v -0.05 1.705 0.033
v -0.05 1.711 0.034
v -0.05 1.716 0.036
v -0.048 1.715 0.038
v -0.047 1.71 0.036
v -0.05 1.716 0.036
v -0.051 1.721 0.039
v -0.048 1.72 0.04
v -0.048 1.715 0.038
v -0.051 1.721 0.039
v -0.051 1.725 0.042
v -0.049 1.724 0.044
v -0.048 1.72 0.04
v -0.051 1.725 0.042
v -0.052 1.729 0.047
v -0.05 1.728 0.048
v -0.049 1.724 0.044
v -0.052 1.729 0.047
v -0.053 1.731 0.052
v -0.051 1.73 0.053
v -0.05 1.728 0.048
v -0.053 1.731 0.052
v -0.054 1.733 0.057
v -0.052 1.732 0.058
v -0.051 1.73 0.053
v -0.054 1.733 0.057
v -0.056 1.733 0.063
v -0.053 1.732 0.064
v -0.052 1.732 0.058
v -0.056 1.733 0.063
v -0.057 1.733 0.069
v -0.054 1.731 0.069
v -0.053 1.732 0.064
v -0.057 1.733 0.069
v -0.058 1.731 0.074
v -0.055 1.73 0.074
v -0.054 1.731 0.069
v -0.058 1.731 0.074
v -0.059 1.728 0.079
v -0.056 1.727 0.079
v -0.055 1.73 0.074
v -0.059 1.728 0.079
v -0.06 1.724 0.083
v -0.057 1.723 0.083
v -0.056 1.727 0.079
v -0.06 1.724 0.083
v -0.061 1.72 0.087
v -0.058 1.719 0.086
v -0.057 1.723 0.083
v -0.061 1.72 0.087
v -0.062 1.714 0.089
v -0.059 1.714 0.089
v -0.058 1.719 0.086
v -0.062 1.714 0.089
v -0.062 1.709 0.09
v -0.059 1.709 0.09
v -0.059 1.714 0.089
v -0.062 1.709 0.09
v -0.062 1.703 0.091
v -0.059 1.703 0.09
v -0.059 1.709 0.09
v -0.062 1.703 0.091
v -0.062 1.697 0.09
v -0.059 1.698 0.089
v -0.059 1.703 0.09
v -0.062 1.697 0.09
v -0.062 1.692 0.088
v -0.059 1.692 0.088
v -0.059 1.698 0.089
v -0.062 1.692 0.088
v -0.062 1.687 0.085
v -0.058 1.688 0.085
v -0.059 1.692 0.088
v -0.062 1.687 0.085
v -0.061 1.683 0.082
v -0.057 1.683 0.081
v -0.058 1.688 0.085
v -0.061 1.683 0.082
v -0.06 1.679 0.077
v -0.057 1.68 0.077
v -0.057 1.683 0.081
v -0.06 1.679 0.077
v -0.059 1.676 0.072
v -0.056 1.678 0.072
v -0.057 1.68 0.077
v -0.059 1.676 0.072
v -0.058 1.675 0.067
v -0.055 1.676 0.067
v -0.056 1.678 0.072
v -0.058 1.675 0.067
v -0.057 1.675 0.061
v -0.053 1.676 0.062
v -0.055 1.676 0.067
v -0.057 1.675 0.061
v -0.055 1.675 0.055
v -0.052 1.677 0.056
v -0.053 1.676 0.062
v -0.055 1.675 0.055
v -0.054 1.677 0.05
v -0.051 1.678 0.051
v -0.052 1.677 0.056
v -0.054 1.677 0.05
v -0.053 1.68 0.045
v -0.05 1.681 0.047
v -0.051 1.678 0.051
v -0.053 1.68 0.045
v -0.052 1.684 0.041
v -0.049 1.685 0.043
v -0.05 1.681 0.047
v -0.052 1.684 0.041
v -0.051 1.688 0.038
v -0.048 1.689 0.039
v -0.049 1.685 0.043
v -0.051 1.688 0.038
v -0.051 1.694 0.035
v -0.048 1.694 0.037
v -0.048 1.689 0.039
v -0.051 1.694 0.035
v -0.05 1.699 0.034
v -0.047 1.699 0.036
v -0.048 1.694 0.037
v -0.05 1.699 0.034
v -0.05 1.705 0.033
v -0.047 1.705 0.035
v -0.047 1.699 0.036
v -0.05 1.705 0.033
v -0.05 1.711 0.034
v -0.047 1.71 0.036
v -0.047 1.705 0.035
v -0.047 1.71 0.036
v -0.048 1.715 0.038
v -0.044 1.716 0.037
v -0.044 1.71 0.035
v -0.048 1.715 0.038
v -0.048 1.72 0.04
v -0.045 1.721 0.04
v -0.044 1.716 0.037
v -0.048 1.72 0.04
v -0.049 1.724 0.044
v -0.046 1.725 0.044
v -0.045 1.721 0.04
v -0.049 1.724 0.044
v -0.05 1.728 0.048
v -0.047 1.729 0.048
v -0.046 1.725 0.044
v -0.05 1.728 0.048
v -0.051 1.73 0.053
v -0.048 1.731 0.053
v -0.047 1.729 0.048
v -0.051 1.73 0.053
v -0.052 1.732 0.058
v -0.049 1.733 0.059
v -0.048 1.731 0.053
v -0.052 1.732 0.058
v -0.053 1.732 0.064
v -0.05 1.733 0.064
v -0.049 1.733 0.059
v -0.053 1.732 0.064
v -0.054 1.731 0.069
v -0.051 1.732 0.07
v -0.05 1.733 0.064
v -0.054 1.731 0.069
v -0.055 1.73 0.074
v -0.052 1.731 0.075
v -0.051 1.732 0.07
v -0.055 1.73 0.074
v -0.056 1.727 0.079
v -0.054 1.728 0.08
v -0.052 1.731 0.075
v -0.056 1.727 0.079
v -0.057 1.723 0.083
v -0.054 1.724 0.084
v -0.054 1.728 0.08
v -0.057 1.723 0.083
v -0.058 1.719 0.086
v -0.055 1.72 0.088
v -0.054 1.724 0.084
v -0.058 1.719 0.086
v -0.059 1.714 0.089
v -0.056 1.714 0.09
v -0.055 1.72 0.088
v -0.059 1.714 0.089
v -0.059 1.709 0.09
v -0.056 1.709 0.092
v -0.056 1.714 0.09
v -0.059 1.709 0.09
v -0.059 1.703 0.09
v -0.056 1.703 0.092
v -0.056 1.709 0.092
v -0.059 1.703 0.09
v -0.059 1.698 0.089
v -0.056 1.697 0.091
v -0.056 1.703 0.092
v -0.059 1.698 0.089
v -0.059 1.692 0.088
v -0.056 1.692 0.09
v -0.056 1.697 0.091
v -0.059 1.692 0.088
v -0.058 1.688 0.085
v -0.055 1.687 0.087
v -0.056 1.692 0.09
v -0.058 1.688 0.085
v -0.057 1.683 0.081
v -0.054 1.682 0.083
v -0.055 1.687 0.087
v -0.057 1.683 0.081
v -0.057 1.68 0.077
v -0.054 1.679 0.079
v -0.054 1.682 0.083
v -0.057 1.68 0.077
v -0.056 1.678 0.072
v -0.052 1.676 0.073
v -0.054 1.679 0.079
v -0.056 1.678 0.072
v -0.055 1.676 0.067
v -0.051 1.675 0.068
v -0.052 1.676 0.073
v -0.055 1.676 0.067
v -0.053 1.676 0.062
v -0.05 1.674 0.062
v -0.051 1.675 0.068
v -0.053 1.676 0.062
v -0.052 1.677 0.056
v -0.049 1.675 0.057
v -0.05 1.674 0.062
v -0.052 1.677 0.056
v -0.051 1.678 0.051
v -0.048 1.677 0.051
v -0.049 1.675 0.057
v -0.051 1.678 0.051
v -0.05 1.681 0.047
v -0.047 1.68 0.047
v -0.048 1.677 0.051
v -0.05 1.681 0.047
v -0.049 1.685 0.043
v -0.046 1.684 0.042
v -0.047 1.68 0.047
v -0.049 1.685 0.043
v -0.048 1.689 0.039
v -0.045 1.688 0.039
v -0.046 1.684 0.042
v -0.048 1.689 0.039
v -0.048 1.694 0.037
v -0.044 1.693 0.036
v -0.045 1.688 0.039
v -0.048 1.694 0.037
v -0.047 1.699 0.036
v -0.044 1.699 0.035
v -0.044 1.693 0.036
v -0.047 1.699 0.036
v -0.047 1.705 0.035
v -0.044 1.705 0.035
v -0.044 1.699 0.035
v -0.047 1.705 0.035
v -0.047 1.71 0.036
v -0.044 1.71 0.035
v -0.044 1.705 0.035
v -0.044 1.71 0.035
v -0.044 1.716 0.037
v -0.042 1.717 0.035
v -0.042 1.711 0.033
v -0.044 1.716 0.037
v -0.045 1.721 0.04
v -0.043 1.723 0.038
v -0.042 1.717 0.035
v -0.045 1.721 0.04
v -0.046 1.725 0.044
v -0.044 1.727 0.042
v -0.043 1.723 0.038
v -0.046 1.725 0.044
v -0.047 1.729 0.048
v -0.045 1.731 0.047
v -0.044 1.727 0.042
v -0.047 1.729 0.048
v -0.048 1.731 0.053
v -0.046 1.734 0.052
v -0.045 1.731 0.047
v -0.048 1.731 0.053
v -0.049 1.733 0.059
v -0.048 1.736 0.058
v -0.046 1.734 0.052
v -0.049 1.733 0.059
v -0.05 1.733 0.064
v -0.049 1.736 0.065
v -0.048 1.736 0.058
v -0.05 1.733 0.064
v -0.051 1.732 0.07
v -0.05 1.735 0.071
v -0.049 1.736 0.065
v -0.051 1.732 0.07
v -0.052 1.731 0.075
v -0.051 1.733 0.077
v -0.05 1.735 0.071
v -0.052 1.731 0.075
v -0.054 1.728 0.08
v -0.053 1.73 0.082
v -0.051 1.733 0.077
v -0.054 1.728 0.08
v -0.054 1.724 0.084
v -0.054 1.726 0.087
v -0.053 1.73 0.082
v -0.054 1.724 0.084
v -0.055 1.72 0.088
v -0.054 1.721 0.091
v -0.054 1.726 0.087
v -0.055 1.72 0.088
v -0.056 1.714 0.09
v -0.055 1.715 0.093
v -0.054 1.721 0.091
v -0.056 1.714 0.09
v -0.056 1.709 0.092
v -0.055 1.709 0.095
v -0.055 1.715 0.093
v -0.056 1.709 0.092
v -0.056 1.703 0.092
v -0.056 1.703 0.096
v -0.055 1.709 0.095
v -0.056 1.703 0.092
v -0.056 1.697 0.091
v -0.055 1.696 0.095
v -0.056 1.703 0.096
v -0.056 1.697 0.091
v -0.056 1.692 0.09
v -0.055 1.69 0.093
v -0.055 1.696 0.095
v -0.056 1.692 0.09
v -0.055 1.687 0.087
v -0.054 1.685 0.09
v -0.055 1.69 0.093
v -0.055 1.687 0.087
v -0.054 1.682 0.083
v -0.054 1.68 0.086
v -0.054 1.685 0.09
v -0.054 1.682 0.083
v -0.054 1.679 0.079
v -0.053 1.676 0.081
v -0.054 1.68 0.086
v -0.054 1.679 0.079
v -0.052 1.676 0.073
v -0.051 1.673 0.075
v -0.053 1.676 0.081
v -0.052 1.676 0.073
v -0.051 1.675 0.068
v -0.05 1.671 0.069
v -0.051 1.673 0.075
v -0.051 1.675 0.068
v -0.05 1.674 0.062
v -0.049 1.671 0.063
v -0.05 1.671 0.069
v -0.05 1.674 0.062
v -0.049 1.675 0.057
v -0.047 1.672 0.056
v -0.049 1.671 0.063
v -0.049 1.675 0.057
v -0.048 1.677 0.051
v -0.046 1.674 0.05
v -0.047 1.672 0.056
v -0.048 1.677 0.051
v -0.047 1.68 0.047
v -0.045 1.677 0.045
v -0.046 1.674 0.05
v -0.047 1.68 0.047
v -0.046 1.684 0.042
v -0.044 1.681 0.04
v -0.045 1.677 0.045
v -0.046 1.684 0.042
v -0.045 1.688 0.039
v -0.043 1.686 0.036
v -0.044 1.681 0.04
v -0.045 1.688 0.039
v -0.044 1.693 0.036
v -0.042 1.692 0.034
v -0.043 1.686 0.036
v -0.044 1.693 0.036
v -0.044 1.699 0.035
v -0.042 1.698 0.032
v -0.042 1.692 0.034
v -0.044 1.699 0.035
v -0.044 1.705 0.035
v -0.042 1.705 0.032
v -0.042 1.698 0.032
v -0.044 1.705 0.035
v -0.044 1.71 0.035
v -0.042 1.711 0.033
v -0.042 1.705 0.032
v -0.042 1.711 0.033
v -0.042 1.717 0.035
v -0.043 1.718 0.032
v -0.042 1.712 0.029
v -0.042 1.717 0.035
v -0.043 1.723 0.038
v -0.044 1.724 0.035
v -0.043 1.718 0.032
v -0.043 1.723 0.038
v -0.044 1.727 0.042
v -0.045 1.73 0.04
v -0.044 1.724 0.035
v -0.044 1.727 0.042
v -0.045 1.731 0.047
v -0.046 1.734 0.045
v -0.045 1.73 0.04
v -0.045 1.731 0.047
v -0.046 1.734 0.052
v -0.047 1.737 0.051
v -0.046 1.734 0.045
v -0.046 1.734 0.052
v -0.048 1.736 0.058
v -0.049 1.738 0.058
v -0.047 1.737 0.051
v -0.048 1.736 0.058
v -0.049 1.736 0.065
v -0.05 1.739 0.064
v -0.049 1.738 0.058
v -0.049 1.736 0.065
v -0.05 1.735 0.071
v -0.051 1.738 0.071
v -0.05 1.739 0.064
v -0.05 1.735 0.071
v -0.051 1.733 0.077
v -0.053 1.736 0.077
v -0.051 1.738 0.071
v -0.051 1.733 0.077
v -0.053 1.73 0.082
v -0.054 1.732 0.083
v -0.053 1.736 0.077
v -0.053 1.73 0.082
v -0.054 1.726 0.087
v -0.055 1.728 0.088
v -0.054 1.732 0.083
v -0.054 1.726 0.087
v -0.054 1.721 0.091
v -0.056 1.723 0.093
v -0.055 1.728 0.088
v -0.054 1.721 0.091
v -0.055 1.715 0.093
v -0.057 1.717 0.096
v -0.056 1.723 0.093
v -0.055 1.715 0.093
v -0.055 1.709 0.095
v -0.057 1.71 0.098
v -0.057 1.717 0.096
v -0.055 1.709 0.095
v -0.056 1.703 0.096
v -0.058 1.703 0.098
v -0.057 1.71 0.098
v -0.056 1.703 0.096
v -0.055 1.696 0.095
v -0.057 1.696 0.098
v -0.058 1.703 0.098
v -0.055 1.696 0.095
v -0.055 1.69 0.093
v -0.057 1.689 0.095
v -0.057 1.696 0.098
v -0.055 1.69 0.093
v -0.054 1.685 0.09
v -0.056 1.683 0.092
v -0.057 1.689 0.095
v -0.054 1.685 0.09
v -0.054 1.68 0.086
v -0.056 1.678 0.087
v -0.056 1.683 0.092
v -0.054 1.68 0.086
v -0.053 1.676 0.081
v -0.054 1.673 0.082
v -0.056 1.678 0.087
v -0.053 1.676 0.081
v -0.051 1.673 0.075
v -0.053 1.67 0.076
v -0.054 1.673 0.082
v -0.051 1.673 0.075
v -0.05 1.671 0.069
v -0.052 1.668 0.069
v -0.053 1.67 0.076
v -0.05 1.671 0.069
v -0.049 1.671 0.063
v -0.05 1.668 0.062
v -0.052 1.668 0.069
v -0.049 1.671 0.063
v -0.047 1.672 0.056
v -0.049 1.669 0.055
v -0.05 1.668 0.062
v -0.047 1.672 0.056
v -0.046 1.674 0.05
v -0.047 1.671 0.049
v -0.049 1.669 0.055
v -0.046 1.674 0.05
v -0.045 1.677 0.045
v -0.046 1.674 0.043
v -0.047 1.671 0.049
v -0.045 1.677 0.045
v -0.044 1.681 0.04
v -0.045 1.679 0.038
v -0.046 1.674 0.043
v -0.044 1.681 0.04
v -0.043 1.686 0.036
v -0.044 1.685 0.033
v -0.045 1.679 0.038
v -0.043 1.686 0.036
v -0.042 1.692 0.034
v -0.043 1.691 0.03
v -0.044 1.685 0.033
v -0.042 1.692 0.034
v -0.042 1.698 0.032
v -0.043 1.698 0.029
v -0.043 1.691 0.03
v -0.042 1.698 0.032
v -0.042 1.705 0.032
v -0.042 1.705 0.028
v -0.043 1.698 0.029
v -0.042 1.705 0.032
v -0.042 1.711 0.033
v -0.042 1.712 0.029
v -0.042 1.705 0.028
v -0.042 1.712 0.029
v -0.043 1.718 0.032
v -0.046 1.719 0.03
v -0.045 1.712 0.027
v -0.043 1.718 0.032
v -0.044 1.724 0.035
v -0.047 1.725 0.034
v -0.046 1.719 0.03
v -0.044 1.724 0.035
v -0.045 1.73 0.04
v -0.047 1.73 0.038
v -0.047 1.725 0.034
v -0.045 1.73 0.04
v -0.046 1.734 0.045
v -0.049 1.735 0.044
v -0.047 1.73 0.038
v -0.046 1.734 0.045
v -0.047 1.737 0.051
v -0.05 1.738 0.05
v -0.049 1.735 0.044
v -0.047 1.737 0.051
v -0.049 1.738 0.058
v -0.051 1.74 0.057
v -0.05 1.738 0.05
v -0.049 1.738 0.058
v -0.05 1.739 0.064
v -0.053 1.74 0.064
v -0.051 1.74 0.057
v -0.05 1.739 0.064
v -0.051 1.738 0.071
v -0.054 1.739 0.071
v -0.053 1.74 0.064
v -0.051 1.738 0.071
v -0.053 1.736 0.077
v -0.056 1.737 0.077
v -0.054 1.739 0.071
v -0.053 1.736 0.077
v -0.054 1.732 0.083
v -0.057 1.733 0.083
v -0.056 1.737 0.077
v -0.054 1.732 0.083
v -0.055 1.728 0.088
v -0.058 1.729 0.089
v -0.057 1.733 0.083
v -0.055 1.728 0.088
v -0.056 1.723 0.093
v -0.059 1.723 0.093
v -0.058 1.729 0.089
v -0.056 1.723 0.093
v -0.057 1.717 0.096
v -0.06 1.717 0.096
v -0.059 1.723 0.093
v -0.057 1.717 0.096
v -0.057 1.71 0.098
v -0.061 1.71 0.099
v -0.06 1.717 0.096
v -0.057 1.71 0.098
v -0.058 1.703 0.098
v -0.061 1.703 0.099
v -0.061 1.71 0.099
v -0.058 1.703 0.098
v -0.057 1.696 0.098
v -0.061 1.696 0.098
v -0.061 1.703 0.099
v -0.057 1.696 0.098
v -0.057 1.689 0.095
v -0.061 1.689 0.096
v -0.061 1.696 0.098
v -0.057 1.689 0.095
v -0.056 1.683 0.092
v -0.06 1.682 0.092
v -0.061 1.689 0.096
v -0.056 1.683 0.092
v -0.056 1.678 0.087
v -0.059 1.677 0.088
v -0.06 1.682 0.092
v -0.056 1.678 0.087
v -0.054 1.673 0.082
v -0.058 1.672 0.082
v -0.059 1.677 0.088
v -0.054 1.673 0.082
v -0.053 1.67 0.076
v -0.056 1.669 0.076
v -0.058 1.672 0.082
v -0.053 1.67 0.076
v -0.052 1.668 0.069
v -0.055 1.667 0.069
v -0.056 1.669 0.076
v -0.052 1.668 0.069
v -0.05 1.668 0.062
v -0.053 1.666 0.061
v -0.055 1.667 0.069
v -0.05 1.668 0.062
v -0.049 1.669 0.055
v -0.052 1.667 0.054
v -0.053 1.666 0.061
v -0.049 1.669 0.055
v -0.047 1.671 0.049
v -0.05 1.67 0.048
v -0.052 1.667 0.054
v -0.047 1.671 0.049
v -0.046 1.674 0.043
v -0.049 1.673 0.042
v -0.05 1.67 0.048
v -0.046 1.674 0.043
v -0.045 1.679 0.038
v -0.048 1.678 0.036
v -0.049 1.673 0.042
v -0.045 1.679 0.038
v -0.044 1.685 0.033
v -0.047 1.684 0.032
v -0.048 1.678 0.036
v -0.044 1.685 0.033
v -0.043 1.691 0.03
v -0.046 1.69 0.029
v -0.047 1.684 0.032
v -0.043 1.691 0.03
v -0.043 1.698 0.029
v -0.045 1.698 0.027
v -0.046 1.69 0.029
v -0.043 1.698 0.029
v -0.042 1.705 0.028
v -0.045 1.705 0.026
v -0.045 1.698 0.027
v -0.042 1.705 0.028
v -0.042 1.712 0.029
v -0.045 1.712 0.027
v -0.045 1.705 0.026
v 0.051 1.71 0.013
v 0.054 1.709 0.013
v 0.056 1.716 0.015
v 0.053 1.717 0.016
v 0.053 1.717 0.016
v 0.056 1.716 0.015
v 0.058 1.722 0.018
v 0.055 1.723 0.019
v 0.055 1.723 0.019
v 0.058 1.722 0.018
v 0.061 1.727 0.022
v 0.058 1.728 0.023
v 0.058 1.728 0.023
v 0.061 1.727 0.022
v 0.064 1.731 0.027
v 0.062 1.732 0.028
v 0.062 1.732 0.028
v 0.064 1.731 0.027
v 0.068 1.733 0.032
v 0.065 1.735 0.033
v 0.065 1.735 0.033
v 0.068 1.733 0.032
v 0.072 1.735 0.037
v 0.069 1.736 0.039
v 0.069 1.736 0.039
v 0.072 1.735 0.037
v 0.076 1.735 0.043
v 0.074 1.736 0.045
v 0.074 1.736 0.045
v 0.076 1.735 0.043
v 0.08 1.734 0.048
v 0.078 1.735 0.05
v 0.078 1.735 0.05
v 0.08 1.734 0.048
v 0.083 1.732 0.054
v 0.081 1.733 0.056
v 0.081 1.733 0.056
v 0.083 1.732 0.054
v 0.087 1.728 0.059
v 0.085 1.729 0.061
v 0.085 1.729 0.061
v 0.087 1.728 0.059
v 0.089 1.723 0.063
v 0.088 1.724 0.065
v 0.088 1.724 0.065
v 0.089 1.723 0.063
v 0.092 1.718 0.066
v 0.09 1.719 0.069
v 0.09 1.719 0.069
v 0.092 1.718 0.066
v 0.093 1.712 0.069
v 0.092 1.712 0.072
v 0.092 1.712 0.072
v 0.093 1.712 0.069
v 0.094 1.705 0.07
v 0.093 1.705 0.073
v 0.093 1.705 0.073
v 0.094 1.705 0.07
v 0.094 1.698 0.071
v 0.093 1.698 0.074
v 0.093 1.698 0.074
v 0.094 1.698 0.071
v 0.094 1.691 0.07
v 0.092 1.69 0.073
v 0.092 1.69 0.073
v 0.094 1.691 0.07
v 0.092 1.684 0.068
v 0.09 1.684 0.071
v 0.09 1.684 0.071
v 0.092 1.684 0.068
v 0.09 1.678 0.065
v 0.088 1.677 0.068
v 0.088 1.677 0.068
v 0.09 1.678 0.065
v 0.087 1.673 0.061
v 0.085 1.672 0.064
v 0.085 1.672 0.064
v 0.087 1.673 0.061
v 0.084 1.669 0.056
v 0.081 1.668 0.059
v 0.081 1.668 0.059
v 0.084 1.669 0.056
v 0.08 1.666 0.051
v 0.077 1.665 0.053
v 0.077 1.665 0.053
v 0.08 1.666 0.051
v 0.076 1.664 0.046
v 0.073 1.663 0.048
v 0.073 1.663 0.048
v 0.076 1.664 0.046
v 0.072 1.664 0.04
v 0.069 1.663 0.042
v 0.069 1.663 0.042
v 0.072 1.664 0.04
v 0.068 1.665 0.034
v 0.065 1.664 0.036
v 0.065 1.664 0.036
v 0.068 1.665 0.034
v 0.064 1.668 0.028
v 0.061 1.667 0.03
v 0.061 1.667 0.03
v 0.064 1.668 0.028
v 0.061 1.672 0.023
v 0.057 1.67 0.025
v 0.057 1.67 0.025
v 0.061 1.672 0.023
v 0.058 1.676 0.019
v 0.055 1.676 0.02
v 0.055 1.676 0.02
v 0.058 1.676 0.019
v 0.056 1.682 0.016
v 0.052 1.681 0.017
v 0.052 1.681 0.017
v 0.056 1.682 0.016
v 0.054 1.688 0.013
v 0.05 1.688 0.014
v 0.05 1.688 0.014
v 0.054 1.688 0.013
v 0.054 1.695 0.012
v 0.05 1.695 0.013
v 0.05 1.695 0.013
v 0.054 1.695 0.012
v 0.054 1.703 0.012
v 0.05 1.703 0.012
v 0.05 1.703 0.012
v 0.054 1.703 0.012
v 0.054 1.709 0.013
v 0.051 1.71 0.013
v 0.054 1.709 0.013
v 0.057 1.709 0.015
v 0.059 1.714 0.016
v 0.056 1.716 0.015
v 0.056 1.716 0.015
v 0.059 1.714 0.016
v 0.061 1.72 0.019
v 0.058 1.722 0.018
v 0.058 1.722 0.018
v 0.061 1.72 0.019
v 0.063 1.724 0.023
v 0.061 1.727 0.022
v 0.061 1.727 0.022
v 0.063 1.724 0.023
v 0.066 1.728 0.027
v 0.064 1.731 0.027
v 0.064 1.731 0.027
v 0.066 1.728 0.027
v 0.069 1.73 0.032
v 0.068 1.733 0.032
v 0.068 1.733 0.032
v 0.069 1.73 0.032
v 0.073 1.732 0.037
v 0.072 1.735 0.037
v 0.072 1.735 0.037
v 0.073 1.732 0.037
v 0.077 1.732 0.042
v 0.076 1.735 0.043
v 0.076 1.735 0.043
v 0.077 1.732 0.042
v 0.08 1.731 0.047
v 0.08 1.734 0.048
v 0.08 1.734 0.048
v 0.08 1.731 0.047
v 0.083 1.729 0.052
v 0.083 1.732 0.054
v 0.083 1.732 0.054
v 0.083 1.729 0.052
v 0.087 1.726 0.057
v 0.087 1.728 0.059
v 0.087 1.728 0.059
v 0.087 1.726 0.057
v 0.089 1.721 0.06
v 0.089 1.723 0.063
v 0.089 1.723 0.063
v 0.089 1.721 0.06
v 0.091 1.716 0.063
v 0.092 1.718 0.066
v 0.092 1.718 0.066
v 0.091 1.716 0.063
v 0.093 1.711 0.066
v 0.093 1.712 0.069
v 0.093 1.712 0.069
v 0.093 1.711 0.066
v 0.094 1.704 0.067
v 0.094 1.705 0.07
v 0.094 1.705 0.07
v 0.094 1.704 0.067
v 0.094 1.698 0.067
v 0.094 1.698 0.071
v 0.094 1.698 0.071
v 0.094 1.698 0.067
v 0.093 1.692 0.067
v 0.094 1.691 0.07
v 0.094 1.691 0.07
v 0.093 1.692 0.067
v 0.092 1.686 0.065
v 0.092 1.684 0.068
v 0.092 1.684 0.068
v 0.092 1.686 0.065
v 0.09 1.68 0.062
v 0.09 1.678 0.065
v 0.09 1.678 0.065
v 0.09 1.68 0.062
v 0.087 1.675 0.058
v 0.087 1.673 0.061
v 0.087 1.673 0.061
v 0.087 1.675 0.058
v 0.084 1.672 0.054
v 0.084 1.669 0.056
v 0.084 1.669 0.056
v 0.084 1.672 0.054
v 0.081 1.669 0.049
v 0.08 1.666 0.051
v 0.08 1.666 0.051
v 0.081 1.669 0.049
v 0.077 1.668 0.044
v 0.076 1.664 0.046
v 0.076 1.664 0.046
v 0.077 1.668 0.044
v 0.073 1.667 0.039
v 0.072 1.664 0.04
v 0.072 1.664 0.04
v 0.073 1.667 0.039
v 0.07 1.668 0.034
v 0.068 1.665 0.034
v 0.068 1.665 0.034
v 0.07 1.668 0.034
v 0.066 1.671 0.029
v 0.064 1.668 0.028
v 0.064 1.668 0.028
v 0.066 1.671 0.029
v 0.063 1.674 0.024
v 0.061 1.672 0.023
v 0.061 1.672 0.023
v 0.063 1.674 0.024
v 0.061 1.678 0.02
v 0.058 1.676 0.019
v 0.058 1.676 0.019
v 0.061 1.678 0.02
v 0.059 1.684 0.017
v 0.056 1.682 0.016
v 0.056 1.682 0.016
v 0.059 1.684 0.017
v 0.057 1.69 0.015
v 0.054 1.688 0.013
v 0.054 1.688 0.013
v 0.057 1.69 0.015
v 0.057 1.696 0.014
v 0.054 1.695 0.012
v 0.054 1.695 0.012
v 0.057 1.696 0.014
v 0.057 1.702 0.014
v 0.054 1.703 0.012
v 0.054 1.703 0.012
v 0.057 1.702 0.014
v 0.057 1.709 0.015
v 0.054 1.709 0.013
v 0.057 1.709 0.015
v 0.058 1.708 0.018
v 0.059 1.713 0.02
v 0.059 1.714 0.016
v 0.059 1.714 0.016
v 0.059 1.713 0.02
v 0.061 1.718 0.022
v 0.061 1.72 0.019
v 0.061 1.72 0.019
v 0.061 1.718 0.022
v 0.063 1.722 0.025
v 0.063 1.724 0.023
v 0.063 1.724 0.023
v 0.063 1.722 0.025
v 0.066 1.725 0.029
v 0.066 1.728 0.027
v 0.066 1.728 0.027
v 0.066 1.725 0.029
v 0.069 1.728 0.033
v 0.069 1.73 0.032
v 0.069 1.73 0.032
v 0.069 1.728 0.033
v 0.072 1.729 0.038
v 0.073 1.732 0.037
v 0.073 1.732 0.037
v 0.072 1.729 0.038
v 0.075 1.729 0.043
v 0.077 1.732 0.042
v 0.077 1.732 0.042
v 0.075 1.729 0.043
v 0.079 1.728 0.047
v 0.08 1.731 0.047
v 0.08 1.731 0.047
v 0.079 1.728 0.047
v 0.082 1.726 0.052
v 0.083 1.729 0.052
v 0.083 1.729 0.052
v 0.082 1.726 0.052
v 0.084 1.723 0.056
v 0.087 1.726 0.057
v 0.087 1.726 0.057
v 0.084 1.723 0.056
v 0.087 1.719 0.059
v 0.089 1.721 0.06
v 0.089 1.721 0.06
v 0.087 1.719 0.059
v 0.089 1.715 0.062
v 0.091 1.716 0.063
v 0.091 1.716 0.063
v 0.089 1.715 0.062
v 0.09 1.71 0.064
v 0.093 1.711 0.066
v 0.093 1.711 0.066
v 0.09 1.71 0.064
v 0.091 1.704 0.065
v 0.094 1.704 0.067
v 0.094 1.704 0.067
v 0.091 1.704 0.065
v 0.091 1.698 0.065
v 0.094 1.698 0.067
v 0.094 1.698 0.067
v 0.091 1.698 0.065
v 0.09 1.692 0.065
v 0.093 1.692 0.067
v 0.093 1.692 0.067
v 0.09 1.692 0.065
v 0.089 1.687 0.063
v 0.092 1.686 0.065
v 0.092 1.686 0.065
v 0.089 1.687 0.063
v 0.087 1.682 0.061
v 0.09 1.68 0.062
v 0.09 1.68 0.062
v 0.087 1.682 0.061
v 0.085 1.678 0.057
v 0.087 1.675 0.058
v 0.087 1.675 0.058
v 0.085 1.678 0.057
v 0.082 1.675 0.054
v 0.084 1.672 0.054
v 0.084 1.672 0.054
v 0.082 1.675 0.054
v 0.079 1.672 0.049
v 0.081 1.669 0.049
v 0.081 1.669 0.049
v 0.079 1.672 0.049
v 0.076 1.671 0.045
v 0.077 1.668 0.044
v 0.077 1.668 0.044
v 0.076 1.671 0.045
v 0.072 1.671 0.04
v 0.073 1.667 0.039
v 0.073 1.667 0.039
v 0.072 1.671 0.04
v 0.069 1.672 0.035
v 0.07 1.668 0.034
v 0.07 1.668 0.034
v 0.069 1.672 0.035
v 0.066 1.674 0.031
v 0.066 1.671 0.029
v 0.066 1.671 0.029
v 0.066 1.674 0.031
v 0.063 1.677 0.027
v 0.063 1.674 0.024
v 0.063 1.674 0.024
v 0.063 1.677 0.027
v 0.061 1.681 0.023
v 0.061 1.678 0.02
v 0.061 1.678 0.02
v 0.061 1.681 0.023
v 0.059 1.685 0.02
v 0.059 1.684 0.017
v 0.059 1.684 0.017
v 0.059 1.685 0.02
v 0.058 1.691 0.018
v 0.057 1.69 0.015
v 0.057 1.69 0.015
v 0.058 1.691 0.018
v 0.057 1.696 0.017
v 0.057 1.696 0.014
v 0.057 1.696 0.014
v 0.057 1.696 0.017
v 0.057 1.702 0.017
v 0.057 1.702 0.014
v 0.057 1.702 0.014
v 0.057 1.702 0.017
v 0.058 1.708 0.018
v 0.057 1.709 0.015
v 0.058 1.708 0.018
v 0.056 1.707 0.021
v 0.057 1.713 0.022
v 0.059 1.713 0.02
v 0.059 1.713 0.02
v 0.057 1.713 0.022
v 0.059 1.717 0.025
v 0.061 1.718 0.022
v 0.061 1.718 0.022
v 0.059 1.717 0.025
v 0.061 1.721 0.028
v 0.063 1.722 0.025
v 0.063 1.722 0.025
v 0.061 1.721 0.028
v 0.064 1.725 0.031
v 0.066 1.725 0.029
v 0.066 1.725 0.029
v 0.064 1.725 0.031
v 0.067 1.727 0.035
v 0.069 1.728 0.033
v 0.069 1.728 0.033
v 0.067 1.727 0.035
v 0.07 1.728 0.04
v 0.072 1.729 0.038
v 0.072 1.729 0.038
v 0.07 1.728 0.04
v 0.073 1.728 0.044
v 0.075 1.729 0.043
v 0.075 1.729 0.043
v 0.073 1.728 0.044
v 0.076 1.727 0.049
v 0.079 1.728 0.047
v 0.079 1.728 0.047
v 0.076 1.727 0.049
v 0.079 1.725 0.053
v 0.082 1.726 0.052
v 0.082 1.726 0.052
v 0.079 1.725 0.053
v 0.082 1.723 0.057
v 0.084 1.723 0.056
v 0.084 1.723 0.056
v 0.082 1.723 0.057
v 0.084 1.719 0.06
v 0.087 1.719 0.059
v 0.087 1.719 0.059
v 0.084 1.719 0.06
v 0.086 1.714 0.063
v 0.089 1.715 0.062
v 0.089 1.715 0.062
v 0.086 1.714 0.063
v 0.087 1.709 0.065
v 0.09 1.71 0.064
v 0.09 1.71 0.064
v 0.087 1.709 0.065
v 0.087 1.704 0.066
v 0.091 1.704 0.065
v 0.091 1.704 0.065
v 0.087 1.704 0.066
v 0.087 1.698 0.066
v 0.091 1.698 0.065
v 0.091 1.698 0.065
v 0.087 1.698 0.066
v 0.087 1.693 0.065
v 0.09 1.692 0.065
v 0.09 1.692 0.065
v 0.087 1.693 0.065
v 0.085 1.688 0.064
v 0.089 1.687 0.063
v 0.089 1.687 0.063
v 0.085 1.688 0.064
v 0.084 1.683 0.062
v 0.087 1.682 0.061
v 0.087 1.682 0.061
v 0.084 1.683 0.062
v 0.081 1.679 0.059
v 0.085 1.678 0.057
v 0.085 1.678 0.057
v 0.081 1.679 0.059
v 0.079 1.676 0.055
v 0.082 1.675 0.054
v 0.082 1.675 0.054
v 0.079 1.676 0.055
v 0.076 1.674 0.051
v 0.079 1.672 0.049
v 0.079 1.672 0.049
v 0.076 1.674 0.051
v 0.073 1.672 0.046
v 0.076 1.671 0.045
v 0.076 1.671 0.045
v 0.073 1.672 0.046
v 0.07 1.672 0.042
v 0.072 1.671 0.04
v 0.072 1.671 0.04
v 0.07 1.672 0.042
v 0.067 1.673 0.037
v 0.069 1.672 0.035
v 0.069 1.672 0.035
v 0.067 1.673 0.037
v 0.064 1.675 0.033
v 0.066 1.674 0.031
v 0.066 1.674 0.031
v 0.064 1.675 0.033
v 0.061 1.678 0.029
v 0.063 1.677 0.027
v 0.063 1.677 0.027
v 0.061 1.678 0.029
v 0.059 1.682 0.026
v 0.061 1.681 0.023
v 0.061 1.681 0.023
v 0.059 1.682 0.026
v 0.057 1.686 0.023
v 0.059 1.685 0.02
v 0.059 1.685 0.02
v 0.057 1.686 0.023
v 0.056 1.691 0.021
v 0.058 1.691 0.018
v 0.058 1.691 0.018
v 0.056 1.691 0.021
v 0.055 1.697 0.02
v 0.057 1.696 0.017
v 0.057 1.696 0.017
v 0.055 1.697 0.02
v 0.055 1.702 0.02
v 0.057 1.702 0.017
v 0.057 1.702 0.017
v 0.055 1.702 0.02
v 0.056 1.707 0.021
v 0.058 1.708 0.018
v 0.056 1.707 0.021
v 0.053 1.708 0.022
v 0.054 1.713 0.023
v 0.057 1.713 0.022
v 0.057 1.713 0.022
v 0.054 1.713 0.023
v 0.056 1.718 0.025
v 0.059 1.717 0.025
v 0.059 1.717 0.025
v 0.056 1.718 0.025
v 0.058 1.722 0.029
v 0.061 1.721 0.028
v 0.061 1.721 0.028
v 0.058 1.722 0.029
v 0.061 1.726 0.032
v 0.064 1.725 0.031
v 0.064 1.725 0.031
v 0.061 1.726 0.032
v 0.064 1.728 0.037
v 0.067 1.727 0.035
v 0.067 1.727 0.035
v 0.064 1.728 0.037
v 0.067 1.729 0.041
v 0.07 1.728 0.04
v 0.07 1.728 0.04
v 0.067 1.729 0.041
v 0.071 1.73 0.046
v 0.073 1.728 0.044
v 0.073 1.728 0.044
v 0.071 1.73 0.046
v 0.074 1.729 0.051
v 0.076 1.727 0.049
v 0.076 1.727 0.049
v 0.074 1.729 0.051
v 0.077 1.727 0.055
v 0.079 1.725 0.053
v 0.079 1.725 0.053
v 0.077 1.727 0.055
v 0.08 1.724 0.059
v 0.082 1.723 0.057
v 0.082 1.723 0.057
v 0.08 1.724 0.059
v 0.082 1.72 0.063
v 0.084 1.719 0.06
v 0.084 1.719 0.06
v 0.082 1.72 0.063
v 0.084 1.715 0.066
v 0.086 1.714 0.063
v 0.086 1.714 0.063
v 0.084 1.715 0.066
v 0.085 1.71 0.068
v 0.087 1.709 0.065
v 0.087 1.709 0.065
v 0.085 1.71 0.068
v 0.086 1.704 0.069
v 0.087 1.704 0.066
v 0.087 1.704 0.066
v 0.086 1.704 0.069
v 0.085 1.698 0.069
v 0.087 1.698 0.066
v 0.087 1.698 0.066
v 0.085 1.698 0.069
v 0.085 1.693 0.068
v 0.087 1.693 0.065
v 0.087 1.693 0.065
v 0.085 1.693 0.068
v 0.083 1.687 0.067
v 0.085 1.688 0.064
v 0.085 1.688 0.064
v 0.083 1.687 0.067
v 0.082 1.682 0.064
v 0.084 1.683 0.062
v 0.084 1.683 0.062
v 0.082 1.682 0.064
v 0.079 1.678 0.061
v 0.081 1.679 0.059
v 0.081 1.679 0.059
v 0.079 1.678 0.061
v 0.076 1.675 0.057
v 0.079 1.676 0.055
v 0.079 1.676 0.055
v 0.076 1.675 0.057
v 0.073 1.672 0.053
v 0.076 1.674 0.051
v 0.076 1.674 0.051
v 0.073 1.672 0.053
v 0.07 1.671 0.049
v 0.073 1.672 0.046
v 0.073 1.672 0.046
v 0.07 1.671 0.049
v 0.067 1.671 0.044
v 0.07 1.672 0.042
v 0.07 1.672 0.042
v 0.067 1.671 0.044
v 0.064 1.672 0.039
v 0.067 1.673 0.037
v 0.067 1.673 0.037
v 0.064 1.672 0.039
v 0.061 1.674 0.035
v 0.064 1.675 0.033
v 0.064 1.675 0.033
v 0.061 1.674 0.035
v 0.058 1.677 0.031
v 0.061 1.678 0.029
v 0.061 1.678 0.029
v 0.058 1.677 0.031
v 0.056 1.681 0.027
v 0.059 1.682 0.026
v 0.059 1.682 0.026
v 0.056 1.681 0.027
v 0.054 1.686 0.024
v 0.057 1.686 0.023
v 0.057 1.686 0.023
v 0.054 1.686 0.024
v 0.052 1.691 0.022
v 0.056 1.691 0.021
v 0.056 1.691 0.021
v 0.052 1.691 0.022
v 0.052 1.696 0.021
v 0.055 1.697 0.02
v 0.055 1.697 0.02
v 0.052 1.696 0.021
v 0.052 1.702 0.021
v 0.055 1.702 0.02
v 0.055 1.702 0.02
v 0.052 1.702 0.021
v 0.053 1.708 0.022
v 0.056 1.707 0.021
v 0.053 1.708 0.022
v 0.05 1.709 0.02
v 0.051 1.715 0.021
v 0.054 1.713 0.023
v 0.054 1.713 0.023
v 0.051 1.715 0.021
v 0.054 1.72 0.024
v 0.056 1.718 0.025
v 0.056 1.718 0.025
v 0.054 1.72 0.024
v 0.056 1.725 0.028
v 0.058 1.722 0.029
v 0.058 1.722 0.029
v 0.056 1.725 0.028
v 0.059 1.728 0.032
v 0.061 1.726 0.032
v 0.061 1.726 0.032
v 0.059 1.728 0.032
v 0.063 1.731 0.036
v 0.064 1.728 0.037
v 0.064 1.728 0.037
v 0.063 1.731 0.036
v 0.066 1.732 0.042
v 0.067 1.729 0.041
v 0.067 1.729 0.041
v 0.066 1.732 0.042
v 0.07 1.732 0.047
v 0.071 1.73 0.046
v 0.071 1.73 0.046
v 0.07 1.732 0.047
v 0.074 1.731 0.052
v 0.074 1.729 0.051
v 0.074 1.729 0.051
v 0.074 1.731 0.052
v 0.077 1.729 0.057
v 0.077 1.727 0.055
v 0.077 1.727 0.055
v 0.077 1.729 0.057
v 0.08 1.726 0.061
v 0.08 1.724 0.059
v 0.08 1.724 0.059
v 0.08 1.726 0.061
v 0.082 1.722 0.065
v 0.082 1.72 0.063
v 0.082 1.72 0.063
v 0.082 1.722 0.065
v 0.084 1.717 0.068
v 0.084 1.715 0.066
v 0.084 1.715 0.066
v 0.084 1.717 0.068
v 0.086 1.711 0.071
v 0.085 1.71 0.068
v 0.085 1.71 0.068
v 0.086 1.711 0.071
v 0.086 1.705 0.072
v 0.086 1.704 0.069
v 0.086 1.704 0.069
v 0.086 1.705 0.072
v 0.086 1.698 0.073
v 0.085 1.698 0.069
v 0.085 1.698 0.069
v 0.086 1.698 0.073
v 0.085 1.692 0.072
v 0.085 1.693 0.068
v 0.085 1.693 0.068
v 0.085 1.692 0.072
v 0.084 1.686 0.07
v 0.083 1.687 0.067
v 0.083 1.687 0.067
v 0.084 1.686 0.07
v 0.082 1.68 0.067
v 0.082 1.682 0.064
v 0.082 1.682 0.064
v 0.082 1.68 0.067
v 0.079 1.676 0.064
v 0.079 1.678 0.061
v 0.079 1.678 0.061
v 0.079 1.676 0.064
v 0.076 1.672 0.06
v 0.076 1.675 0.057
v 0.076 1.675 0.057
v 0.076 1.672 0.06
v 0.073 1.669 0.055
v 0.073 1.672 0.053
v 0.073 1.672 0.053
v 0.073 1.669 0.055
v 0.069 1.668 0.05
v 0.07 1.671 0.049
v 0.07 1.671 0.049
v 0.069 1.668 0.05
v 0.065 1.668 0.044
v 0.067 1.671 0.044
v 0.067 1.671 0.044
v 0.065 1.668 0.044
v 0.062 1.669 0.039
v 0.064 1.672 0.039
v 0.064 1.672 0.039
v 0.062 1.669 0.039
v 0.059 1.671 0.034
v 0.061 1.674 0.035
v 0.061 1.674 0.035
v 0.059 1.671 0.034
v 0.055 1.674 0.03
v 0.058 1.677 0.031
v 0.058 1.677 0.031
v 0.055 1.674 0.03
v 0.053 1.679 0.026
v 0.056 1.681 0.027
v 0.056 1.681 0.027
v 0.053 1.679 0.026
v 0.051 1.684 0.023
v 0.054 1.686 0.024
v 0.054 1.686 0.024
v 0.051 1.684 0.023
v 0.05 1.69 0.02
v 0.052 1.691 0.022
v 0.052 1.691 0.022
v 0.05 1.69 0.02
v 0.049 1.696 0.019
v 0.052 1.696 0.021
v 0.052 1.696 0.021
v 0.049 1.696 0.019
v 0.049 1.703 0.019
v 0.052 1.702 0.021
v 0.052 1.702 0.021
v 0.049 1.703 0.019
v 0.05 1.709 0.02
v 0.053 1.708 0.022
v 0.05 1.709 0.02
v 0.049 1.71 0.016
v 0.051 1.716 0.018
v 0.051 1.715 0.021
v 0.051 1.715 0.021
v 0.051 1.716 0.018
v 0.053 1.722 0.021
v 0.054 1.72 0.024
v 0.054 1.72 0.024
v 0.053 1.722 0.021
v 0.056 1.727 0.025
v 0.056 1.725 0.028
v 0.056 1.725 0.028
v 0.056 1.727 0.025
v 0.06 1.731 0.03
v 0.059 1.728 0.032
v 0.059 1.728 0.032
v 0.06 1.731 0.03
v 0.063 1.733 0.035
v 0.063 1.731 0.036
v 0.063 1.731 0.036
v 0.063 1.733 0.035
v 0.067 1.735 0.04
v 0.066 1.732 0.042
v 0.066 1.732 0.042
v 0.067 1.735 0.04
v 0.071 1.735 0.046
v 0.07 1.732 0.047
v 0.07 1.732 0.047
v 0.071 1.735 0.046
v 0.075 1.734 0.052
v 0.074 1.731 0.052
v 0.074 1.731 0.052
v 0.075 1.734 0.052
v 0.079 1.732 0.057
v 0.077 1.729 0.057
v 0.077 1.729 0.057
v 0.079 1.732 0.057
v 0.082 1.728 0.062
v 0.08 1.726 0.061
v 0.08 1.726 0.061
v 0.082 1.728 0.062
v 0.085 1.723 0.066
v 0.082 1.722 0.065
v 0.082 1.722 0.065
v 0.085 1.723 0.066
v 0.087 1.718 0.07
v 0.084 1.717 0.068
v 0.084 1.717 0.068
v 0.087 1.718 0.07
v 0.088 1.712 0.072
v 0.086 1.711 0.071
v 0.086 1.711 0.071
v 0.088 1.712 0.072
v 0.089 1.705 0.074
v 0.086 1.705 0.072
v 0.086 1.705 0.072
v 0.089 1.705 0.074
v 0.089 1.698 0.074
v 0.086 1.698 0.073
v 0.086 1.698 0.073
v 0.089 1.698 0.074
v 0.088 1.691 0.074
v 0.085 1.692 0.072
v 0.085 1.692 0.072
v 0.088 1.691 0.074
v 0.087 1.684 0.072
v 0.084 1.686 0.07
v 0.084 1.686 0.07
v 0.087 1.684 0.072
v 0.085 1.678 0.069
v 0.082 1.68 0.067
v 0.082 1.68 0.067
v 0.085 1.678 0.069
v 0.082 1.673 0.065
v 0.079 1.676 0.064
v 0.079 1.676 0.064
v 0.082 1.673 0.065
v 0.078 1.669 0.06
v 0.076 1.672 0.06
v 0.076 1.672 0.06
v 0.078 1.669 0.06
v 0.074 1.666 0.055
v 0.073 1.669 0.055
v 0.073 1.669 0.055
v 0.074 1.666 0.055
v 0.07 1.664 0.049
v 0.069 1.668 0.05
v 0.069 1.668 0.05
v 0.07 1.664 0.049
v 0.066 1.664 0.044
v 0.065 1.668 0.044
v 0.065 1.668 0.044
v 0.066 1.664 0.044
v 0.062 1.665 0.038
v 0.062 1.669 0.039
v 0.062 1.669 0.039
v 0.062 1.665 0.038
v 0.059 1.668 0.032
v 0.059 1.671 0.034
v 0.059 1.671 0.034
v 0.059 1.668 0.032
v 0.055 1.672 0.027
v 0.055 1.674 0.03
v 0.055 1.674 0.03
v 0.055 1.672 0.027
v 0.053 1.677 0.023
v 0.053 1.679 0.026
v 0.053 1.679 0.026
v 0.053 1.677 0.023
v 0.05 1.682 0.02
v 0.051 1.684 0.023
v 0.051 1.684 0.023
v 0.05 1.682 0.02
v 0.049 1.689 0.017
v 0.05 1.69 0.02
v 0.05 1.69 0.02
v 0.049 1.689 0.017
v 0.048 1.696 0.016
v 0.049 1.696 0.019
v 0.049 1.696 0.019
v 0.048 1.696 0.016
v 0.048 1.703 0.015
v 0.049 1.703 0.019
v 0.049 1.703 0.019
v 0.048 1.703 0.015
v 0.049 1.71 0.016
v 0.05 1.709 0.02
v 0.049 1.71 0.016
v 0.051 1.71 0.013
v 0.053 1.717 0.016
v 0.051 1.716 0.018
v 0.051 1.716 0.018
v 0.053 1.717 0.016
v 0.055 1.723 0.019
v 0.053 1.722 0.021
v 0.053 1.722 0.021
v 0.055 1.723 0.019
v 0.058 1.728 0.023
v 0.056 1.727 0.025
v 0.056 1.727 0.025
v 0.058 1.728 0.023
v 0.062 1.732 0.028
v 0.06 1.731 0.03
v 0.06 1.731 0.03
v 0.062 1.732 0.028
v 0.065 1.735 0.033
v 0.063 1.733 0.035
v 0.063 1.733 0.035
v 0.065 1.735 0.033
v 0.069 1.736 0.039
v 0.067 1.735 0.04
v 0.067 1.735 0.04
v 0.069 1.736 0.039
v 0.074 1.736 0.045
v 0.071 1.735 0.046
v 0.071 1.735 0.046
v 0.074 1.736 0.045
v 0.078 1.735 0.05
v 0.075 1.734 0.052
v 0.075 1.734 0.052
v 0.078 1.735 0.05
v 0.081 1.733 0.056
v 0.079 1.732 0.057
v 0.079 1.732 0.057
v 0.081 1.733 0.056
v 0.085 1.729 0.061
v 0.082 1.728 0.062
v 0.082 1.728 0.062
v 0.085 1.729 0.061
v 0.088 1.724 0.065
v 0.085 1.723 0.066
v 0.085 1.723 0.066
v 0.088 1.724 0.065
v 0.09 1.719 0.069
v 0.087 1.718 0.07
v 0.087 1.718 0.07
v 0.09 1.719 0.069
v 0.092 1.712 0.072
v 0.088 1.712 0.072
v 0.088 1.712 0.072
v 0.092 1.712 0.072
v 0.093 1.705 0.073
v 0.089 1.705 0.074
v 0.089 1.705 0.074
v 0.093 1.705 0.073
v 0.093 1.698 0.074
v 0.089 1.698 0.074
v 0.089 1.698 0.074
v 0.093 1.698 0.074
v 0.092 1.69 0.073
v 0.088 1.691 0.074
v 0.088 1.691 0.074
v 0.092 1.69 0.073
v 0.09 1.684 0.071
v 0.087 1.684 0.072
v 0.087 1.684 0.072
v 0.09 1.684 0.071
v 0.088 1.677 0.068
v 0.085 1.678 0.069
v 0.085 1.678 0.069
v 0.088 1.677 0.068
v 0.085 1.672 0.064
v 0.082 1.673 0.065
v 0.082 1.673 0.065
v 0.085 1.672 0.064
v 0.081 1.668 0.059
v 0.078 1.669 0.06
v 0.078 1.669 0.06
v 0.081 1.668 0.059
v 0.077 1.665 0.053
v 0.074 1.666 0.055
v 0.074 1.666 0.055
v 0.077 1.665 0.053
v 0.073 1.663 0.048
v 0.07 1.664 0.049
v 0.07 1.664 0.049
v 0.073 1.663 0.048
v 0.069 1.663 0.042
v 0.066 1.664 0.044
v 0.066 1.664 0.044
v 0.069 1.663 0.042
v 0.065 1.664 0.036
v 0.062 1.665 0.038
v 0.062 1.665 0.038
v 0.065 1.664 0.036
v 0.061 1.667 0.03
v 0.059 1.668 0.032
v 0.059 1.668 0.032
v 0.061 1.667 0.03
v 0.057 1.67 0.025
v 0.055 1.672 0.027
v 0.055 1.672 0.027
v 0.057 1.67 0.025
v 0.055 1.676 0.02
v 0.053 1.677 0.023
v 0.053 1.677 0.023
v 0.055 1.676 0.02
v 0.052 1.681 0.017
v 0.05 1.682 0.02
v 0.05 1.682 0.02
v 0.052 1.681 0.017
v 0.05 1.688 0.014
v 0.049 1.689 0.017
v 0.049 1.689 0.017
v 0.05 1.688 0.014
v 0.05 1.695 0.013
v 0.048 1.696 0.016
v 0.048 1.696 0.016
v 0.05 1.695 0.013
v 0.05 1.703 0.012
v 0.048 1.703 0.015
v 0.048 1.703 0.015
v 0.05 1.703 0.012
v 0.051 1.71 0.013
v 0.049 1.71 0.016
v 0.29 0.934 0.067
v 0.303 0.961 0.061
v 0.295 0.921 0.067
v 0.296 0.999 0.055
v 0.3 1.013 0.049
v 0.281 1.036 0.053
v 0.293 1.039 0.045
v 0.272 1.057 0.062
v 0.288 0.927 0.06
v 0.295 0.921 0.067
v 0.296 0.919 0.062
v 0.29 0.934 0.067
v 0.29 0.961 0.054
v 0.294 0.955 0.048
v 0.286 0.996 0.042
v 0.29 0.991 0.053
v 0.296 0.999 0.055
v 0.277 1.026 0.048
v 0.281 1.036 0.053
v 0.274 1.022 0.034
v 0.282 0.992 0.029
v 0.251 1.048 0.052
v 0.266 1.036 0.053
v 0.255 1.043 0.059
v 0.254 1.059 0.058
v 0.252 1.006 0.08
v 0.257 1.047 0.018
v 0.269 1.029 0.017
v 0.25 1.068 0.033
v 0.259 1.02 -0.004
v 0.248 1.058 -0.001
v 0.25 1.065 0.015
v 0.254 1.088 0.023
v 0.265 0.999 0.001
v 0.272 0.992 0.007
v 0.259 0.999 -0.006
v 0.26 0.979 0.004
v 0.253 0.98 -0.007
v 0.262 1.004 -0.017
v 0.249 1.049 -0.017
v 0.255 1.05 -0.029
v 0.248 1.077 -0.015
v 0.246 1.092 -0.001
v 0.237 1.106 -0.023
v 0.243 1.101 -0.031
v 0.202 1.17 -0.056
v 0.205 1.177 -0.073
v 0.185 1.217 -0.103
v 0.236 1.115 -0.013
v 0.25 1.106 0.006
v 0.204 1.173 -0.043
v 0.172 1.217 -0.09
v 0.213 1.174 -0.031
v 0.257 1.112 0.012
v 0.265 1.09 0.03
v 0.26 1.059 0.063
v 0.257 1.026 0.082
v 0.257 0.994 0.092
v 0.259 1.003 0.073
v 0.261 1.021 0.067
v 0.219 1.184 -0.025
v 0.179 1.229 -0.056
v 0.169 1.226 -0.073
v 0.16 1.249 -0.104
v 0.156 1.254 -0.086
v 0.195 1.231 -0.044
v 0.165 1.258 -0.07
v 0.211 1.234 -0.04
v 0.253 1.137 0.001
v 0.178 1.264 -0.062
v 0.193 1.271 -0.059
v 0.17 1.282 -0.059
v 0.156 1.281 -0.07
v 0.148 1.28 -0.086
v 0.138 1.33 -0.055
v 0.134 1.412 -0.02
v 0.132 1.324 -0.095
v 0.154 1.299 -0.116
v 0.104 1.406 -0.097
v 0.114 1.369 -0.065
v 0.075 1.445 -0.067
v 0.079 1.461 -0.08
v 0.122 1.384 -0.041
v 0.082 1.443 -0.045
v 0.066 1.453 -0.065
v 0.11 1.418 -0.029
v 0.114 1.449 -0.016
v 0.129 1.448 -0.009
v 0.107 1.457 -0.012
v 0.132 1.463 0.004
v -0.081 0.919 0.171
v -0.086 0.928 0.174
v -0.091 0.922 0.169
v -0.093 0.919 0.171
v -0.163 0.967 0.164
v -0.157 0.967 0.167
v -0.159 0.976 0.159
v -0.152 0.946 0.161
v -0.145 0.947 0.161
v -0.165 0.967 0.165
v -0.179 0.975 0.174
v -0.15 0.935 0.16
v -0.125 0.934 0.143
v -0.165 0.967 0.165
v -0.163 0.967 0.164
v -0.157 0.952 0.158
v -0.159 0.976 0.159
v -0.151 0.96 0.152
v -0.129 0.954 0.14
v -0.165 0.967 0.165
v -0.157 0.952 0.158
v -0.181 0.976 0.164
v -0.162 0.948 0.15
v -0.182 0.983 0.158
v -0.163 0.952 0.145
v -0.195 1.017 0.173
v -0.179 0.975 0.174
v -0.196 1.025 0.162
v -0.19 1.023 0.154
v -0.192 1.044 0.158
v -0.196 1.056 0.175
v -0.192 1.047 0.158
v -0.189 1.036 0.189
v -0.19 1.066 0.189
v -0.173 1.069 0.202
v -0.169 1.056 0.203
v -0.185 1.004 0.185
v -0.176 0.969 0.185
v -0.178 1.035 0.199
v -0.143 0.971 0.219
v -0.165 0.973 0.206
v -0.149 0.932 0.167
v -0.15 0.935 0.16
v -0.161 0.957 0.184
v -0.165 0.963 0.194
v -0.15 0.966 0.21
v -0.124 0.934 0.207
v -0.128 0.936 0.197
v -0.158 0.956 0.203
v -0.134 0.927 0.189
v -0.129 0.929 0.194
v -0.137 0.93 0.182
v -0.151 0.96 0.152
v -0.159 0.976 0.159
v -0.157 0.96 0.143
v -0.173 0.985 0.152
v -0.166 1 0.161
v -0.15 0.966 0.175
v -0.156 1.002 0.177
v -0.157 0.967 0.167
v -0.145 0.947 0.161
v -0.139 0.945 0.168
v -0.138 0.933 0.172
v -0.155 0.961 0.186
v -0.181 1.029 0.154
v -0.146 0.962 0.186
v -0.163 1.039 0.161
v -0.173 1.045 0.158
v -0.155 1.052 0.168
v -0.142 1.052 0.178
v -0.135 1.021 0.178
v -0.123 1.026 0.184
v -0.132 1.054 0.192
v -0.113 1.02 0.2
v -0.116 1.014 0.19
v -0.126 1.006 0.188
v -0.146 1 0.185
v -0.138 0.984 0.192
v -0.126 0.998 0.199
v -0.131 0.967 0.2
v -0.138 0.962 0.199
v -0.127 0.941 0.18
v -0.122 0.939 0.19
v -0.125 0.969 0.211
v -0.129 1.012 0.207
v -0.116 0.947 0.196
v -0.112 0.943 0.207
v -0.091 0.929 0.188
v -0.086 0.928 0.174
v -0.081 0.919 0.171
v -0.196 1.056 0.175
v -0.198 1.049 0.162
v -0.197 1.071 0.165
v -0.19 1.066 0.189
v -0.197 1.098 0.16
v -0.195 1.166 0.155
v -0.202 1.233 0.124
v -0.181 1.135 0.175
v -0.173 1.069 0.202
v -0.184 1.187 0.163
v -0.198 1.258 0.139
v -0.184 1.244 0.153
v -0.182 1.274 0.151
v -0.17 1.337 0.135
v -0.19 1.304 0.13
v -0.188 1.097 0.133
v -0.194 1.192 0.112
v -0.184 1.053 0.127
v -0.198 1.036 0.152
v -0.192 1.018 0.138
v -0.175 1.03 0.119
v -0.176 1.107 0.108
v -0.182 1.189 0.092
v -0.195 1.235 0.104
v -0.174 1.275 0.075
v -0.186 1.291 0.09
v -0.191 1.304 0.11
v -0.173 1.345 0.084
v -0.18 1.338 0.122
v -0.162 1.402 0.13
v -0.181 1.341 0.103
v -0.161 1.425 0.074
v -0.155 1.348 0.142
v -0.163 1.283 0.152
v -0.146 1.401 0.143
v -0.145 1.449 0.143
v -0.172 1.403 0.116
v -0.172 1.409 0.092
v -0.172 1.447 0.11
v -0.168 1.47 0.09
v -0.15 1.482 0.07
v -0.14 1.511 0.058
v -0.164 1.438 0.126
v -0.173 1.499 0.111
v -0.167 1.494 0.129
v -0.154 1.49 0.141
v -0.124 1.495 0.153
v -0.157 1.539 0.128
v -0.165 1.527 0.085
v -0.155 1.517 0.069
v -0.142 1.539 0.061
v -0.147 1.554 0.072
v -0.147 1.566 0.094
v -0.166 1.538 0.105
v -0.136 1.57 0.12
v -0.143 1.528 0.144
v -0.124 1.557 0.143
v -0.128 1.526 0.148
v -0.112 1.53 0.155
v -0.101 1.498 0.161
v -0.112 1.476 0.153
v -0.089 1.525 0.164
v -0.089 1.545 0.158
v -0.098 1.567 0.142
v -0.079 1.501 0.173
v -0.064 1.508 0.18
v -0.073 1.537 0.163
v -0.091 1.483 0.163
v -0.094 1.47 0.149
v -0.081 1.471 0.174
v -0.095 1.456 0.138
v -0.071 1.486 0.181
v -0.048 1.478 0.201
v -0.087 1.443 0.164
v -0.102 1.432 0.133
v -0.066 1.455 0.195
v -0.087 1.422 0.16
v -0.095 1.412 0.148
v -0.054 1.436 0.204
v -0.034 1.448 0.214
v -0.038 1.421 0.208
v -0.069 1.404 0.174
v -0.082 1.38 0.162
v -0.041 1.4 0.194
v -0.011 1.408 0.211
v -0.013 1.387 0.197
v -0.006 1.363 0.189
v -0.044 1.38 0.183
v -0.05 1.328 0.171
v -0.03 1.352 0.183
v -0.077 1.348 0.158
v -0.016 1.285 0.182
v 0.004 1.303 0.19
v -0.005 1.256 0.18
v 0.017 1.254 0.185
v -0.026 1.259 0.17
v -0.001 1.233 0.181
v -0.035 1.286 0.172
v -0.062 1.315 0.157
v -0.075 1.32 0.139
v -0.088 1.348 0.135
v -0.044 1.262 0.155
v -0.058 1.268 0.139
v -0.022 1.238 0.17
v -0.041 1.242 0.155
v -0.054 1.245 0.138
v -0.061 1.247 0.118
v -0.067 1.282 0.119
v -0.055 1.226 0.139
v -0.041 1.223 0.159
v -0.073 1.196 0.143
v -0.022 1.219 0.174
v 0.001 1.203 0.188
v -0.036 1.177 0.185
v -0.005 1.169 0.196
v -0.059 1.184 0.168
v -0.084 1.174 0.142
v -0.072 1.149 0.17
v -0.046 1.14 0.188
v -0.013 1.121 0.2
v -0.076 1.1 0.186
v -0.045 1.041 0.222
v -0.074 1.046 0.204
v -0.07 1.012 0.212
v -0.041 1.013 0.231
v -0.036 0.981 0.237
v -0.062 0.969 0.219
v -0.025 0.924 0.245
v -0.052 0.92 0.226
v -0.072 0.918 0.197
v -0.056 0.856 0.202
v -0.034 0.85 0.231
v -0.01 0.863 0.249
v 0.006 0.803 0.256
v -0.04 0.805 0.207
v -0.058 0.851 0.17
v -0.02 0.74 0.191
v -0.051 0.859 0.14
v -0.079 0.927 0.16
v -0.066 0.913 0.125
v -0.019 0.793 0.237
v -0.006 0.743 0.246
v 0.019 0.746 0.264
v -0.021 0.742 0.216
v -0.019 0.691 0.218
v -0.004 0.686 0.247
v 0.024 0.683 0.264
v -0.008 0.634 0.236
v 0.022 0.63 0.253
v 0.02 0.576 0.246
v -0.028 0.635 0.209
v -0.013 0.586 0.228
v -0.018 0.698 0.195
v -0.028 0.653 0.183
v -0.017 0.663 0.137
v -0.052 0.564 0.144
v -0.041 0.607 0.175
v -0.039 0.591 0.2
v -0.013 0.704 0.175
v 0.01 0.509 0.237
v -0.032 0.562 0.214
v 0.026 0.501 0.244
v 0.045 0.579 0.253
v 0.003 0.447 0.234
v 0.019 0.445 0.243
v 0.012 0.394 0.243
v 0.025 0.387 0.247
v -0.006 0.316 0.242
v 0.014 0.335 0.247
v 0.004 0.277 0.251
v -0.02 0.255 0.245
v -0.004 0.238 0.261
v -0.03 0.217 0.257
v -0.014 0.208 0.278
v -0.042 0.196 0.272
v -0.029 0.189 0.299
v -0.013 0.452 0.223
v -0.003 0.4 0.23
v -0.008 0.349 0.228
v -0.015 0.284 0.233
v -0.027 0.227 0.224
v -0.045 0.494 0.201
v -0.021 0.381 0.213
v -0.021 0.271 0.219
v -0.045 0.224 0.199
v -0.036 0.278 0.199
v -0.034 0.204 0.23
v -0.053 0.352 0.199
v -0.057 0.249 0.193
v -0.04 0.41 0.206
v -0.041 0.19 0.237
v -0.055 0.456 0.194
v -0.081 0.365 0.183
v -0.068 0.285 0.191
v -0.08 0.23 0.186
v -0.054 0.195 0.203
v -0.05 0.179 0.243
v -0.059 0.179 0.29
v -0.11 0.265 0.17
v -0.071 0.208 0.191
v -0.064 0.173 0.208
v -0.094 0.176 0.185
v -0.094 0.199 0.181
v -0.121 0.226 0.163
v -0.133 0.192 0.155
v -0.149 0.201 0.117
v -0.131 0.254 0.135
v -0.109 0.334 0.152
v -0.139 0.289 0.116
v -0.076 0.482 0.161
v -0.089 0.409 0.164
v -0.067 0.477 0.178
v -0.053 0.54 0.193
v -0.06 0.544 0.177
v -0.07 0.52 0.151
v -0.132 0.327 0.104
v -0.079 0.484 0.146
v -0.112 0.388 0.121
v -0.079 0.48 0.133
v -0.069 0.491 0.118
v -0.092 0.44 0.123
v -0.102 0.405 0.113
v -0.112 0.368 0.103
v -0.128 0.312 0.085
v -0.073 0.464 0.111
v -0.083 0.432 0.109
v -0.149 0.271 0.087
v -0.139 0.266 0.069
v -0.155 0.242 0.103
v -0.162 0.242 0.072
v -0.173 0.213 0.09
v -0.172 0.226 0.063
v -0.183 0.215 0.053
v -0.185 0.197 0.08
v -0.201 0.203 0.043
v -0.165 0.176 0.105
v -0.201 0.183 0.07
v -0.222 0.174 0.043
v -0.221 0.187 0.032
v -0.238 0.142 0.046
v -0.213 0.146 0.069
v -0.148 0.159 0.149
v -0.208 0.124 0.085
v -0.218 0.115 0.084
v -0.198 0.134 0.087
v -0.188 0.126 0.114
v -0.192 0.116 0.151
v -0.163 0.14 0.143
v -0.176 0.125 0.142
v -0.132 0.162 0.161
v -0.158 0.132 0.154
v -0.143 0.119 0.19
v -0.125 0.151 0.171
v -0.128 0.126 0.187
v -0.072 0.16 0.212
v -0.115 0.141 0.185
v -0.095 0.133 0.223
v -0.081 0.148 0.216
v -0.075 0.155 0.26
v -0.062 0.167 0.251
v -0.095 0.142 0.275
v -0.078 0.167 0.307
v -0.09 0.156 0.319
v -0.173 1.045 0.158
v -0.187 1.043 0.155
v -0.181 1.029 0.154
v -0.192 1.044 0.158
v -0.192 1.047 0.158
v -0.19 1.023 0.154
v -0.173 0.985 0.152
v -0.182 0.983 0.158
v -0.163 0.952 0.145
v -0.157 0.96 0.143
v -0.14 0.954 0.132
v -0.279 0.121 0.152
v -0.291 0.114 0.156
v -0.302 0.117 0.085
v -0.251 0.114 0.223
v -0.222 0.125 0.224
v -0.253 0.128 0.158
v -0.295 0.132 0.087
v -0.187 0.12 0.272
v -0.206 0.108 0.272
v -0.16 0.108 0.305
v -0.142 0.129 0.304
v -0.113 0.136 0.339
v -0.274 0.139 0.089
v -0.296 0.138 0.033
v -0.173 0.119 0.267
v -0.1 0.149 0.329
v -0.068 0.147 0.342
v -0.126 0.13 0.293
v -0.09 0.156 0.319
v -0.057 0.161 0.332
v -0.078 0.167 0.307
v -0.043 0.176 0.317
v -0.059 0.179 0.29
v -0.029 0.189 0.299
v -0.042 0.196 0.272
v -0.111 0.134 0.285
v -0.095 0.142 0.275
v -0.143 0.119 0.253
v -0.128 0.119 0.244
v -0.11 0.124 0.234
v -0.075 0.155 0.26
v -0.095 0.133 0.223
v -0.128 0.126 0.187
v -0.162 0.115 0.197
v -0.143 0.119 0.19
v -0.158 0.132 0.154
v -0.191 0.119 0.206
v -0.192 0.116 0.151
v -0.176 0.125 0.142
v -0.188 0.126 0.114
v -0.204 0.119 0.215
v -0.23 0.122 0.154
v -0.214 0.118 0.155
v -0.241 0.117 0.086
v -0.218 0.115 0.084
v -0.252 0.127 0.13
v -0.261 0.127 0.089
v -0.28 0.149 0.04
v -0.272 0.148 0.031
v -0.28 0.154 -0.002
v -0.266 0.156 0.017
v -0.26 0.14 0.039
v -0.237 0.127 0.067
v -0.238 0.142 0.046
v -0.252 0.152 0.031
v 0.308 0.107 -0.114
v 0.32 0.109 -0.084
v 0.325 0.129 -0.083
v 0.33 0.113 -0.053
v 0.337 0.137 -0.051
v 0.321 0.153 -0.046
v 0.326 0.156 -0.015
v 0.336 0.135 -0.016
v 0.325 0.114 -0.019
v 0.316 0.127 0.018
v 0.314 0.145 0.021
v 0.289 0.114 0.049
v 0.289 0.128 0.049
v 0.24 0.115 0.103
v 0.131 1.511 -0.081
v 0.114 1.501 -0.086
v 0.146 1.482 -0.085
v 0.092 1.525 -0.077
v 0.066 1.514 -0.074
v 0.113 1.54 -0.071
v 0.063 1.549 -0.062
v 0.086 1.563 -0.057
v 0.041 1.563 -0.048
v 0.099 1.489 -0.087
v 0.129 1.478 -0.091
v 0.123 1.459 -0.095
v 0.146 1.451 -0.093
v 0.162 1.412 -0.1
v 0.095 1.467 -0.089
v 0.117 1.421 -0.104
v 0.14 1.418 -0.106
v 0.165 1.356 -0.114
v 0.173 1.297 -0.124
v 0.018 1.53 -0.051
v 0.016 1.567 -0.034
v 0.044 1.494 -0.069
v 0.154 1.299 -0.116
v 0.104 1.406 -0.097
v 0.079 1.461 -0.08
v 0.173 1.251 -0.116
v 0.16 1.249 -0.104
v 0.189 1.257 -0.124
v 0.185 1.217 -0.103
v 0.172 1.217 -0.09
v 0.202 1.17 -0.056
v 0.201 1.221 -0.109
v 0.205 1.177 -0.073
v 0.221 1.172 -0.075
v 0.243 1.101 -0.031
v 0.058 1.47 -0.072
v 0.041 1.465 -0.065
v 0.066 1.453 -0.065
v 0.075 1.445 -0.067
v 0.06 1.447 -0.062
v 0.063 1.425 -0.054
v 0.015 1.495 -0.055
v 0.246 1.111 -0.04
v 0.25 1.13 -0.047
v 0.215 1.229 -0.105
v 0.269 1.076 -0.025
v 0.258 1.075 -0.025
v 0.248 1.077 -0.015
v 0.255 1.05 -0.029
v 0.263 1.05 -0.03
v 0.262 1.004 -0.017
v 0.27 1.001 -0.019
v 0.262 0.973 -0.01
v 0.253 0.98 -0.007
v 0.232 0.963 0.011
v -0.284 0.13 -0.009
v -0.254 0.152 -0.028
v -0.28 0.154 -0.002
v -0.254 0.131 -0.032
v -0.215 0.138 -0.043
v -0.217 0.149 -0.038
v -0.18 0.139 -0.044
v -0.217 0.129 -0.046
v -0.182 0.132 -0.053
v -0.187 0.127 -0.056
v -0.182 0.132 -0.053
v -0.217 0.129 -0.046
v -0.177 0.127 -0.059
v -0.158 0.124 -0.064
v -0.16 0.128 -0.056
v -0.146 0.124 -0.062
v -0.14 0.126 -0.051
v -0.148 0.122 -0.066
v -0.14 0.121 -0.067
v -0.131 0.119 -0.07
v -0.18 0.139 -0.044
v -0.215 0.138 -0.043
v -0.127 0.122 -0.056
v -0.122 0.116 -0.077
v -0.116 0.121 -0.068
v -0.114 0.114 -0.084
v -0.104 0.118 -0.08
v -0.099 0.109 -0.096
v -0.1 0.118 -0.082
v -0.107 0.122 -0.055
v -0.093 0.133 -0.057
v -0.122 0.118 -0.031
v -0.116 0.125 -0.015
v -0.155 0.127 -0.021
v -0.185 0.136 -0.017
v -0.217 0.149 -0.038
v -0.16 0.133 0.002
v -0.109 0.138 -0.003
v -0.212 0.146 -0.015
v -0.194 0.149 0.003
v -0.17 0.158 0.013
v -0.147 0.149 0.018
v -0.233 0.17 -0.004
v -0.1 0.157 0.011
v -0.087 0.148 -0.043
v -0.076 0.177 -0.02
v -0.135 0.167 0.032
v -0.094 0.174 0.022
v -0.126 0.184 0.043
v -0.089 0.192 0.03
v -0.118 0.202 0.053
v -0.245 0.161 -0.014
v -0.228 0.15 -0.024
v -0.254 0.152 -0.028
v -0.262 0.166 0.009
v -0.28 0.154 -0.002
v -0.248 0.173 0.018
v -0.221 0.187 0.032
v -0.198 0.191 0.017
v -0.201 0.203 0.043
v -0.159 0.221 0.043
v -0.183 0.215 0.053
v -0.172 0.226 0.063
v -0.162 0.242 0.072
v -0.144 0.248 0.06
v -0.139 0.266 0.069
v -0.149 0.271 0.087
v 0.234 0.12 -0.25
v 0.268 0.119 -0.199
v 0.246 0.124 -0.204
v 0.258 0.12 -0.179
v 0.237 0.127 -0.168
v 0.279 0.115 -0.175
v 0.274 0.114 -0.148
v 0.291 0.11 -0.149
v 0.292 0.116 -0.103
v 0.308 0.107 -0.114
v 0.325 0.129 -0.083
v 0.278 0.12 -0.092
v 0.304 0.129 -0.082
v 0.321 0.153 -0.046
v 0.207 0.137 -0.226
v 0.224 0.13 -0.241
v 0.158 0.172 -0.281
v 0.2 0.145 -0.265
v 0.163 0.164 -0.304
v 0.214 0.14 -0.196
v 0.125 0.176 -0.306
v 0.154 0.186 -0.261
v 0.095 0.174 -0.328
v 0.223 0.135 -0.156
v 0.197 0.151 -0.207
v 0.256 0.13 -0.075
v 0.222 0.145 -0.117
v 0.24 0.141 -0.068
v 0.101 0.207 -0.278
v 0.152 0.204 -0.235
v 0.293 0.129 -0.063
v 0.276 0.133 -0.05
v 0.305 0.145 -0.037
v 0.26 0.142 -0.045
v 0.225 0.16 -0.058
v 0.24 0.161 -0.036
v 0.289 0.144 -0.03
v 0.31 0.162 -0.013
v 0.326 0.156 -0.015
v 0.314 0.145 0.021
v 0.27 0.165 -0.022
v 0.301 0.155 -0.023
v 0.29 0.171 -0.008
v 0.283 0.162 0.02
v 0.254 0.148 0.041
v 0.261 0.181 0.027
v 0.289 0.128 0.049
v 0.257 0.192 0.003
v 0.238 0.208 0.035
v 0.236 0.194 -0.013
v 0.234 0.221 0.012
v 0.224 0.182 -0.027
v 0.208 0.209 -0.018
v 0.214 0.234 -0.002
v 0.231 0.145 0.067
v 0.261 0.125 0.079
v 0.219 0.136 0.099
v 0.236 0.126 0.107
v 0.22 0.129 0.132
v 0.212 0.161 0.066
v 0.236 0.166 0.042
v 0.192 0.16 0.092
v 0.2 0.178 0.065
v 0.18 0.174 0.093
v 0.176 0.159 0.114
v 0.163 0.177 0.107
v 0.202 0.138 0.125
v 0.168 0.158 0.141
v 0.189 0.143 0.153
v 0.17 0.157 0.172
v 0.213 0.131 0.157
v 0.226 0.12 0.136
v 0.24 0.115 0.103
v 0.221 0.127 0.164
v 0.207 0.143 0.205
v 0.195 0.145 0.19
v 0.18 0.149 0.18
v 0.193 0.157 0.22
v 0.246 0.124 -0.204
v 0.224 0.13 -0.241
v 0.234 0.12 -0.25
v 0.198 0.137 -0.279
v 0.2 0.145 -0.265
v 0.228 0.121 -0.258
v 0.163 0.164 -0.304
v 0.163 0.143 -0.317
v 0.151 0.122 -0.314
v 0.079 0.129 -0.348
v 0.089 0.153 -0.345
v 0.095 0.174 -0.328
v 0.024 0.144 -0.362
v 0.106 0.481 0.195
v 0.111 0.535 0.193
v 0.117 0.444 0.18
v 0.094 0.42 0.191
v 0.118 0.39 0.177
v 0.076 0.424 0.206
v 0.081 0.478 0.215
v 0.096 0.524 0.208
v 0.084 0.576 0.228
v 0.066 0.568 0.245
v 0.054 0.435 0.233
v 0.07 0.355 0.194
v 0.059 0.372 0.206
v 0.034 0.289 0.193
v 0.051 0.279 0.182
v 0.024 0.246 0.192
v 0.081 0.325 0.182
v 0.07 0.253 0.172
v 0.045 0.242 0.18
v 0.041 0.214 0.18
v 0.011 0.188 0.199
v 0.099 0.35 0.18
v 0.037 0.188 0.184
v 0.006 0.165 0.208
v 0.035 0.166 0.193
v 0.068 0.186 0.18
v 0.067 0.205 0.174
v 0.101 0.3 0.176
v 0.116 0.316 0.177
v 0.13 0.345 0.169
v 0.125 0.433 0.172
v 0.134 0.289 0.172
v 0.115 0.278 0.178
v 0.095 0.257 0.173
v 0.115 0.248 0.182
v 0.094 0.236 0.173
v 0.137 0.25 0.178
v 0.116 0.217 0.189
v 0.142 0.217 0.189
v 0.094 0.211 0.177
v 0.097 0.192 0.185
v 0.101 0.173 0.198
v 0.07 0.167 0.192
v 0.052 1.715 0.137
v 0.065 1.727 0.13
v 0.058 1.704 0.125
v 0.046 1.726 0.142
v 0.059 1.745 0.134
v 0.073 1.744 0.122
v 0.045 1.735 0.141
v 0.067 1.761 0.12
v 0.043 1.746 0.14
v 0.055 1.759 0.129
v 0.058 1.77 0.133
v 0.038 1.769 0.128
v 0.045 1.779 0.13
v 0.064 1.781 0.128
v 0.034 1.754 0.144
v 0.045 1.735 0.141
v 0.03 1.773 0.145
v 0.032 1.74 0.16
v 0.026 1.73 0.161
v 0.024 1.741 0.162
v 0.025 1.761 0.148
v 0.018 1.774 0.143
v 0.222 0.145 -0.117
v 0.24 0.141 -0.068
v 0.225 0.16 -0.058
v 0.206 0.167 -0.126
v 0.21 0.152 -0.143
v 0.183 0.202 -0.171
v 0.223 0.135 -0.156
v 0.206 0.18 -0.092
v 0.206 0.154 -0.171
v 0.197 0.151 -0.207
v 0.191 0.171 -0.194
v 0.211 0.18 -0.05
v 0.24 0.161 -0.036
v 0.224 0.182 -0.027
v 0.199 0.203 -0.043
v 0.208 0.209 -0.018
v 0.197 0.208 -0.061
v 0.186 0.238 -0.032
v 0.189 0.216 -0.111
v 0.181 0.249 -0.096
v 0.194 0.244 -0.01
v 0.214 0.234 -0.002
v 0.187 0.235 -0.066
v 0.18 0.263 -0.058
v 0.177 0.281 -0.023
v 0.171 0.33 -0.033
v 0.174 0.231 -0.146
v 0.169 0.25 -0.132
v 0.148 0.229 -0.196
v 0.152 0.204 -0.235
v 0.146 0.242 -0.178
v 0.154 0.186 -0.261
v 0.183 0.159 -0.243
v 0.158 0.172 -0.281
v 0.207 0.137 -0.226
v 0.214 0.14 -0.196
v 0.164 0.276 -0.118
v 0.144 0.259 -0.161
v 0.172 0.313 -0.074
v 0.111 0.265 -0.183
v 0.109 0.25 -0.199
v 0.106 0.235 -0.225
v 0.141 0.283 -0.145
v 0.112 0.284 -0.168
v 0.113 0.309 -0.153
v 0.159 0.322 -0.101
v 0.137 0.333 -0.123
v 0.109 0.361 -0.131
v 0.129 0.379 -0.104
v 0.165 0.359 -0.042
v 0.159 0.374 -0.054
v 0.142 0.397 -0.073
v 0.169 0.371 -0.011
v 0.149 0.435 -0.038
v 0.161 0.422 -0.011
v 0.174 0.389 0.009
v 0.187 0.277 -0.005
v 0.202 0.279 0.006
v 0.19 0.345 0.012
v 0.169 0.44 0.026
v 0.209 0.286 0.023
v 0.133 0.459 -0.053
v 0.143 0.481 -0.026
v 0.153 0.474 -0.005
v 0.119 0.44 -0.081
v 0.099 0.449 -0.095
v 0.114 0.495 -0.063
v 0.084 0.381 -0.132
v 0.087 0.33 -0.15
v 0.079 0.46 -0.099
v 0.098 0.484 -0.083
v 0.078 0.53 -0.082
v 0.129 0.507 -0.038
v 0.096 0.586 -0.055
v 0.079 0.609 -0.053
v 0.113 0.554 -0.048
v 0.114 0.594 -0.037
v 0.093 0.62 -0.047
v 0.128 0.555 -0.027
v 0.141 0.533 -0.011
v 0.126 0.614 -0.021
v 0.15 0.525 0.007
v 0.143 0.611 0.01
v 0.123 0.662 -0.02
v 0.092 0.676 -0.041
v 0.159 0.531 0.038
v 0.144 0.655 0.034
v 0.138 0.66 0.008
v 0.137 0.708 0.004
v 0.122 0.711 -0.023
v 0.126 0.764 -0.032
v 0.091 0.716 -0.04
v 0.094 0.767 -0.049
v 0.163 0.478 0.032
v 0.156 0.56 0.055
v 0.168 0.453 0.042
v 0.119 0.798 -0.046
v 0.104 0.814 -0.061
v 0.118 0.877 -0.073
v 0.147 0.869 -0.051
v 0.131 0.935 -0.079
v 0.191 0.362 0.029
v 0.16 0.926 -0.057
v 0.14 0.978 -0.081
v 0.16 0.842 -0.019
v 0.177 0.921 -0.027
v 0.182 0.917 0.008
v 0.175 1.012 -0.058
v 0.142 0.756 -0.004
v 0.16 0.822 0.014
v 0.145 0.753 0.023
v 0.149 1.022 -0.081
v 0.11 1.026 -0.095
v 0.117 1.061 -0.096
v 0.153 1.069 -0.08
v 0.119 1.092 -0.094
v 0.12 1.121 -0.089
v 0.141 0.707 0.03
v 0.136 0.708 0.052
v 0.138 0.752 0.048
v 0.178 1.043 -0.057
v 0.153 1.113 -0.073
v 0.118 1.156 -0.078
v 0.177 1.094 -0.053
v 0.193 1.039 -0.027
v 0.151 1.14 -0.067
v 0.191 1.003 -0.028
v 0.147 1.167 -0.058
v 0.173 1.133 -0.046
v 0.188 1.115 -0.019
v 0.141 1.194 -0.048
v 0.113 1.197 -0.06
v 0.169 1.161 -0.039
v 0.161 1.19 -0.029
v 0.131 1.222 -0.033
v 0.107 1.218 -0.046
v 0.181 1.155 -0.011
v 0.194 1.106 0.015
v 0.183 1.159 0.023
v 0.185 1.115 0.046
v 0.167 1.197 0.001
v 0.148 1.219 -0.015
v 0.196 1.038 0.009
v 0.127 1.256 0.013
v 0.111 1.258 -0.002
v 0.14 1.249 0.03
v 0.16 1.214 0.04
v 0.178 1.155 0.054
v 0.186 1.063 0.043
v 0.193 0.987 0.008
v 0.182 0.979 0.041
v 0.157 1.218 0.068
v 0.144 1.248 0.052
v 0.169 1.163 0.072
v 0.161 1.049 0.075
v 0.174 1.088 0.062
v 0.173 0.914 0.042
v 0.156 0.915 0.066
v 0.163 0.865 0.042
v 0.148 0.803 0.045
v 0.145 0.857 0.069
v 0.132 0.912 0.094
v 0.127 0.754 0.072
v 0.132 0.797 0.073
v 0.121 0.81 0.092
v 0.127 0.706 0.074
v 0.118 0.761 0.097
v 0.113 0.812 0.124
v 0.117 0.7 0.105
v 0.127 0.661 0.087
v 0.119 0.836 0.108
v 0.117 0.932 0.123
v 0.111 0.714 0.133
v 0.14 0.658 0.058
v 0.146 0.619 0.06
v 0.127 0.59 0.109
v 0.119 0.652 0.107
v 0.114 0.648 0.135
v 0.153 0.547 0.072
v 0.161 0.484 0.06
v 0.149 0.481 0.087
v 0.145 0.463 0.103
v 0.17 0.426 0.053
v 0.115 0.641 0.17
v 0.12 0.6 0.137
v 0.129 0.53 0.132
v 0.128 0.491 0.162
v 0.122 0.563 0.164
v 0.112 0.779 0.163
v 0.163 0.417 0.066
v 0.181 0.377 0.049
v 0.198 0.316 0.045
v 0.215 0.25 0.042
v 0.153 0.413 0.083
v 0.166 0.38 0.067
v 0.176 0.333 0.062
v 0.158 0.353 0.076
v 0.219 0.254 0.019
v 0.234 0.221 0.012
v 0.236 0.194 -0.013
v 0.238 0.208 0.035
v 0.257 0.192 0.003
v 0.147 0.38 0.098
v 0.149 0.336 0.094
v 0.166 0.297 0.071
v 0.159 0.267 0.087
v 0.174 0.247 0.068
v 0.166 0.221 0.087
v 0.186 0.204 0.066
v 0.174 0.191 0.088
v 0.141 0.354 0.108
v 0.142 0.302 0.103
v 0.144 0.394 0.114
v 0.139 0.336 0.124
v 0.14 0.433 0.134
v 0.14 0.235 0.121
v 0.145 0.239 0.101
v 0.14 0.359 0.144
v 0.138 0.342 0.156
v 0.142 0.314 0.141
v 0.144 0.268 0.142
v 0.146 0.279 0.158
v 0.131 0.437 0.16
v 0.146 0.194 0.126
v 0.151 0.207 0.103
v 0.163 0.177 0.107
v 0.152 0.231 0.163
v 0.153 0.192 0.149
v 0.156 0.173 0.133
v 0.168 0.158 0.141
v 0.176 0.159 0.114
v 0.163 0.168 0.163
v 0.17 0.157 0.172
v 0.16 0.203 0.173
v 0.171 0.182 0.19
v 0.142 0.217 0.189
v 0.15 0.196 0.205
v 0.137 0.25 0.178
v 0.134 0.289 0.172
v 0.13 0.345 0.169
v 0.125 0.433 0.172
v 0.176 0.173 0.199
v 0.166 0.169 0.237
v 0.182 0.162 0.2
v 0.193 0.157 0.22
v 0.195 0.145 0.19
v 0.18 0.149 0.18
v 0.189 0.143 0.153
v 0.124 0.491 0.174
v 0.117 0.444 0.18
v 0.118 0.39 0.177
v 0.111 0.535 0.193
v 0.12 0.541 0.175
v 0.112 0.595 0.19
v 0.111 0.687 0.199
v 0.102 0.578 0.209
v 0.096 0.524 0.208
v 0.106 0.481 0.195
v 0.084 0.576 0.228
v 0.104 0.628 0.218
v 0.092 0.642 0.237
v 0.104 0.683 0.225
v 0.093 0.68 0.248
v 0.109 0.752 0.201
v 0.101 0.747 0.227
v 0.089 0.747 0.25
v 0.096 0.79 0.222
v 0.073 0.843 0.235
v 0.106 0.835 0.17
v 0.102 0.841 0.185
v 0.085 0.865 0.209
v 0.082 0.919 0.198
v 0.063 0.92 0.226
v 0.056 0.969 0.216
v 0.096 0.905 0.178
v 0.11 0.823 0.158
v 0.078 0.984 0.181
v 0.05 1.019 0.202
v 0.102 0.919 0.161
v 0.111 0.893 0.142
v 0.093 0.969 0.164
v 0.095 1.016 0.154
v 0.069 1.042 0.176
v 0.111 0.962 0.133
v 0.109 0.989 0.138
v 0.115 1.034 0.132
v 0.122 0.985 0.118
v 0.14 1.061 0.107
v 0.117 1.066 0.136
v 0.124 1.134 0.149
v 0.141 1.137 0.128
v 0.156 1.139 0.105
v 0.149 1.187 0.116
v 0.134 1.197 0.141
v 0.116 1.197 0.16
v 0.153 1.214 0.094
v 0.143 1.218 0.119
v 0.142 1.243 0.1
v 0.134 1.247 0.123
v 0.12 1.255 0.142
v 0.138 1.265 0.083
v 0.121 1.328 0.134
v 0.108 1.322 0.154
v 0.134 1.275 0.107
v 0.116 1.36 0.135
v 0.1 1.374 0.153
v 0.129 1.34 0.112
v 0.133 1.334 0.088
v 0.116 1.378 0.136
v 0.129 1.381 0.113
v 0.121 1.393 0.142
v 0.125 1.363 0.112
v 0.128 1.368 0.088
v 0.129 1.351 0.063
v 0.139 1.399 0.123
v 0.143 1.415 0.127
v 0.15 1.401 0.093
v 0.136 1.385 0.088
v 0.13 1.378 0.057
v 0.154 1.411 0.067
v 0.156 1.42 0.102
v 0.162 1.44 0.068
v 0.145 1.432 0.126
v 0.116 1.416 0.157
v 0.117 1.439 0.156
v 0.12 1.455 0.147
v 0.155 1.437 0.105
v 0.143 1.45 0.122
v 0.141 1.469 0.11
v 0.157 1.458 0.083
v 0.135 1.488 0.099
v 0.153 1.472 0.072
v 0.133 1.501 0.056
v 0.159 1.46 0.053
v 0.113 1.514 0.085
v 0.086 1.532 0.097
v 0.12 1.52 0.055
v 0.093 1.554 0.062
v 0.071 1.564 0.084
v 0.108 1.567 0.023
v 0.119 1.561 0.02
v 0.131 1.512 0.037
v 0.141 1.487 0.036
v 0.144 1.456 0.02
v 0.154 1.441 0.031
v 0.113 1.407 -0.004
v 0.139 1.544 0.006
v 0.117 1.571 -0.007
v 0.138 1.513 0.023
v 0.156 1.425 0.048
v 0.129 1.396 0.028
v 0.117 1.375 0.011
v 0.14 1.485 0.022
v 0.123 1.352 0.037
v 0.146 1.478 0.004
v 0.132 1.463 0.004
v 0.153 1.499 -0.002
v 0.107 1.457 -0.012
v 0.156 1.523 -0.015
v 0.165 1.496 -0.03
v 0.164 1.508 -0.05
v 0.169 1.466 -0.041
v 0.171 1.448 -0.058
v 0.132 1.565 -0.018
v 0.164 1.45 -0.079
v 0.115 1.434 -0.006
v 0.099 1.427 -0.025
v 0.082 1.443 -0.045
v 0.152 1.543 -0.035
v 0.135 1.547 -0.059
v 0.108 1.573 -0.038
v 0.152 1.51 -0.07
v 0.146 1.482 -0.085
v 0.131 1.511 -0.081
v 0.113 1.54 -0.071
v 0.084 1.423 -0.041
v 0.097 1.358 -0.005
v 0.114 1.343 0.02
v 0.13 1.281 0.042
v 0.136 1.275 0.062
v 0.12 1.281 0.022
v 0.101 1.329 0.006
v 0.105 1.283 0.005
v 0.091 1.265 -0.008
v 0.095 1.25 -0.017
v 0.085 1.296 -0.003
v 0.082 1.331 -0.004
v 0.076 1.362 -0.019
v 0.063 1.425 -0.054
v 0.06 1.447 -0.062
v 0.066 1.453 -0.065
v -0.058 0.467 0.093
v -0.074 0.415 0.099
v -0.06 0.383 0.082
v -0.08 0.36 0.094
v -0.063 0.346 0.077
v -0.093 0.392 0.103
v -0.083 0.432 0.109
v -0.073 0.464 0.111
v -0.102 0.405 0.113
v -0.092 0.44 0.123
v -0.112 0.368 0.103
v -0.107 0.332 0.089
v -0.128 0.312 0.085
v -0.088 0.317 0.087
v -0.114 0.298 0.08
v -0.139 0.266 0.069
v -0.097 0.275 0.078
v -0.144 0.248 0.06
v -0.069 0.308 0.069
v -0.063 0.25 0.016
v -0.079 0.245 0.05
v -0.104 0.247 0.071
v -0.084 0.216 0.04
v -0.068 0.218 0.003
v -0.11 0.224 0.063
v -0.118 0.202 0.053
v -0.159 0.221 0.043
v -0.089 0.192 0.03
v -0.076 0.177 -0.02
v -0.094 0.174 0.022
v -0.17 0.158 0.013
v -0.126 0.184 0.043
v -0.135 0.167 0.032
v -0.147 0.149 0.018
v -0.198 0.191 0.017
v -0.194 0.149 0.003
v -0.233 0.17 -0.004
v -0.016 0.449 -0.033
v 0.003 0.425 -0.056
v -0.003 0.475 -0.048
v -0.018 0.467 -0.028
v -0.007 0.51 -0.035
v 0.028 0.511 -0.074
v 0.009 0.535 -0.048
v 0.005 0.61 -0.008
v 0.019 0.619 -0.026
v 0.007 0.666 0.005
v 0.022 0.665 -0.02
v 0.011 0.719 0.01
v 0.027 0.721 -0.017
v 0.028 0.785 -0.022
v -0.038 0.467 0.001
v -0.036 0.446 -0.012
v -0.028 0.429 -0.025
v -0.029 0.485 -0.002
v -0.006 0.568 -0.005
v -0.006 0.627 0.025
v 0.004 0.717 0.037
v 0.014 0.774 0.003
v -0.001 0.667 0.035
v -0.046 0.455 0.009
v -0.03 0.507 0.019
v -0.016 0.563 0.021
v -0.023 0.556 0.053
v -0.011 0.637 0.074
v -0.038 0.513 0.065
v -0.056 0.398 -0.01
v -0.051 0.403 -0.018
v -0.057 0.336 -0.042
v -0.024 0.583 0.088
v -0.054 0.426 0.015
v -0.07 0.308 -0.039
v -0.063 0.28 -0.06
v -0.06 0.373 0
v -0.071 0.29 -0.024
v -0.078 0.264 -0.056
v -0.086 0.232 -0.047
v -0.089 0.23 -0.077
v -0.055 0.374 0.02
v -0.068 0.274 -0.018
v -0.098 0.208 -0.064
v -0.077 0.203 -0.044
v -0.118 0.187 -0.116
v -0.113 0.183 -0.082
v -0.121 0.165 -0.096
v -0.124 0.174 -0.127
v -0.123 0.146 -0.114
v -0.127 0.159 -0.141
v -0.117 0.132 -0.13
v -0.122 0.144 -0.154
v -0.108 0.149 -0.097
v -0.106 0.12 -0.142
v -0.111 0.132 -0.162
v -0.097 0.126 -0.111
v -0.091 0.113 -0.124
v -0.092 0.167 -0.07
v -0.097 0.152 -0.082
v -0.097 0.141 -0.093
v -0.076 0.177 -0.02
v -0.087 0.148 -0.043
v -0.068 0.218 0.003
v -0.093 0.133 -0.057
v -0.109 0.138 -0.003
v -0.116 0.125 -0.015
v -0.072 0.217 -0.034
v -0.063 0.25 0.016
v -0.097 0.122 -0.087
v -0.1 0.118 -0.082
v -0.064 0.255 -0.015
v -0.097 0.115 -0.097
v -0.099 0.109 -0.096
v -0.083 0.105 -0.133
v -0.091 0.11 -0.15
v -0.06 0.313 0.005
v -0.052 0.376 0.057
v -0.063 0.346 0.077
v -0.06 0.383 0.082
v -0.058 0.467 0.093
v -0.053 0.421 0.039
v -0.051 0.454 0.07
v -0.049 0.456 0.047
v -0.045 0.501 0.081
v -0.051 0.51 0.099
v -0.034 0.565 0.102
v -0.074 0.415 0.099
v -0.031 0.614 0.127
v -0.02 0.619 0.098
v -0.009 0.664 0.11
v -0.005 0.707 0.121
v -0.002 0.749 0.114
v 0.001 0.716 0.079
v 0.004 0.756 0.071
v -0.01 0.741 0.163
v -0.014 0.779 0.132
v -0.038 0.847 0.121
v -0.009 0.801 0.101
v -0.006 0.803 0.085
v 0.006 0.767 0.031
v 0.01 0.883 -0.019
v 0.001 0.856 0.01
v 0.03 0.897 -0.046
v 0.03 0.833 -0.034
v 0.018 0.937 -0.044
v -0.021 0.854 0.082
v -0.002 0.821 0.051
v -0.013 0.861 0.054
v -0.031 0.891 0.064
v -0.005 0.889 0.012
v 0.005 0.931 -0.027
v 0.01 1.002 -0.057
v -0.004 0.934 -0.015
v -0.009 1 -0.035
v -0.032 1.065 -0.028
v -0.035 1.017 -0.01
v -0.044 0.987 0.01
v -0.017 0.971 -0.012
v -0.016 0.906 0.023
v -0.03 0.94 0.025
v -0.064 0.977 0.045
v -0.059 1.021 0.013
v -0.059 1.056 -0.002
v -0.054 0.91 0.093
v -0.087 0.995 0.066
v -0.088 0.964 0.116
v -0.1 1.004 0.107
v -0.099 1.034 0.055
v -0.08 1.042 0.024
v -0.103 1.065 0.05
v -0.085 1.072 0.019
v -0.104 1.097 0.047
v -0.086 1.103 0.018
v -0.083 1.129 0.021
v -0.112 1.1 0.086
v -0.111 1.067 0.091
v -0.1 1.125 0.047
v -0.109 1.125 0.084
v -0.093 1.153 0.05
v -0.07 1.165 0.026
v -0.084 1.176 0.054
v -0.038 1.219 0.037
v -0.04 0.195 -0.152
v -0.055 0.193 -0.081
v -0.053 0.191 -0.117
v -0.052 0.187 -0.175
v -0.023 0.196 -0.18
v -0.063 0.183 -0.138
v -0.03 0.205 -0.138
v -0.046 0.185 -0.212
v -0.012 0.206 -0.164
v -0.023 0.218 -0.127
v -0.005 0.219 -0.152
v 0.009 0.198 -0.179
v -0.011 0.181 -0.214
v -0.002 0.187 -0.197
v 0.018 0.176 -0.206
v 0.016 0.213 -0.162
v 0.026 0.19 -0.187
v 0.003 0.24 -0.137
v -0.018 0.235 -0.116
v 0.035 0.208 -0.168
v 0.038 0.19 -0.204
v 0.04 0.227 -0.152
v 0.032 0.176 -0.22
v 0.035 0.261 -0.129
v 0.016 0.297 -0.11
v 0.044 0.252 -0.138
v 0.008 0.167 -0.225
v 0.022 0.161 -0.243
v -0.007 0.159 -0.251
v 0.01 0.148 -0.268
v -0.031 0.176 -0.24
v -0.054 0.173 -0.238
v -0.061 0.174 -0.224
v -0.046 0.171 -0.259
v -0.063 0.16 -0.261
v -0.061 0.16 -0.272
v -0.033 0.156 -0.279
v -0.003 0.14 -0.29
v 0.012 0.154 -0.306
v 0.027 0.159 -0.283
v -0.02 0.14 -0.312
v -0.04 0.146 -0.309
v -0.003 0.158 -0.329
v 0.038 0.175 -0.325
v -0.055 0.15 -0.29
v -0.071 0.144 -0.277
v -0.062 0.143 -0.312
v -0.045 0.144 -0.332
v -0.073 0.122 -0.317
v -0.018 0.15 -0.335
v -0.014 0.152 -0.352
v -0.055 0.127 -0.346
v -0.026 0.129 -0.363
v 0.024 0.144 -0.362
v 0.03 0.163 -0.347
v 0.089 0.153 -0.345
v 0.061 0.171 -0.332
v 0.065 0.181 -0.315
v 0.045 0.185 -0.303
v 0.097 0.19 -0.306
v 0.05 0.196 -0.284
v 0.056 0.21 -0.259
v 0.106 0.235 -0.225
v 0.063 0.225 -0.235
v 0.148 0.229 -0.196
v 0.146 0.242 -0.178
v 0.07 0.244 -0.21
v 0.109 0.25 -0.199
v 0.079 0.267 -0.186
v 0.111 0.265 -0.183
v 0.052 0.236 -0.194
v 0.047 0.217 -0.211
v 0.058 0.263 -0.172
v 0.063 0.28 -0.164
v 0.085 0.291 -0.168
v 0.112 0.284 -0.168
v 0.113 0.309 -0.153
v -0.073 1.537 0.163
v -0.045 1.543 0.162
v -0.064 1.508 0.18
v -0.089 1.545 0.158
v -0.089 1.525 0.164
v -0.013 1.121 0.2
v -0.045 1.041 0.222
v -0.046 1.14 0.188
v -0.009 1.022 0.233
v -0.041 1.013 0.231
v -0.036 0.981 0.237
v -0.002 0.977 0.244
v -0.025 0.924 0.245
v 0.008 0.924 0.252
v -0.01 0.863 0.249
v 0.025 0.841 0.258
v 0.006 0.803 0.256
v 0.045 0.748 0.269
v 0.019 0.746 0.264
v 0.05 0.681 0.268
v 0.024 0.683 0.264
v 0.07 0.749 0.264
v 0.058 0.813 0.256
v 0.04 0.924 0.247
v 0.033 0.973 0.238
v 0.048 0.627 0.258
v 0.022 0.63 0.253
v 0.045 0.579 0.253
v 0.02 0.576 0.246
v 0.071 0.622 0.252
v 0.075 0.678 0.262
v 0.089 0.747 0.25
v 0.073 0.843 0.235
v 0.093 0.68 0.248
v 0.063 0.92 0.226
v 0.092 0.642 0.237
v 0.056 0.969 0.216
v 0.05 1.019 0.202
v 0.018 1.076 0.206
v 0.047 1.071 0.188
v 0.069 1.042 0.176
v 0.02 1.111 0.199
v 0.024 1.146 0.196
v -0.005 1.169 0.196
v 0.042 1.111 0.191
v 0.072 1.079 0.171
v 0.02 1.181 0.195
v 0.001 1.203 0.188
v -0.001 1.233 0.181
v 0.089 1.042 0.158
v 0.095 1.016 0.154
v 0.115 1.034 0.132
v 0.095 1.076 0.156
v 0.117 1.066 0.136
v 0.124 1.134 0.149
v 0.074 1.123 0.179
v 0.101 1.142 0.167
v 0.116 1.197 0.16
v 0.077 1.189 0.184
v 0.098 1.194 0.173
v 0.052 1.191 0.191
v 0.045 1.238 0.185
v 0.105 1.252 0.157
v 0.134 1.197 0.141
v 0.12 1.255 0.142
v 0.108 1.322 0.154
v 0.065 1.243 0.182
v 0.084 1.25 0.173
v 0.093 1.316 0.168
v 0.023 1.23 0.186
v 0.017 1.254 0.185
v -0.005 1.256 0.18
v 0.026 1.308 0.193
v 0.004 1.303 0.19
v 0.072 1.318 0.182
v 0.081 1.373 0.169
v 0.1 1.374 0.153
v 0.048 1.32 0.19
v 0.017 1.356 0.192
v 0.062 1.371 0.181
v 0.043 1.355 0.189
v 0.116 1.416 0.157
v 0.121 1.393 0.142
v 0.143 1.415 0.127
v -0.006 1.363 0.189
v -0.03 1.352 0.183
v -0.044 1.38 0.183
v 0.013 1.38 0.196
v -0.013 1.387 0.197
v -0.011 1.408 0.211
v 0.069 1.412 0.19
v 0.06 1.439 0.197
v 0.117 1.439 0.156
v 0.043 1.376 0.19
v 0.02 1.401 0.208
v 0.048 1.413 0.202
v 0.025 1.418 0.212
v 0.071 1.462 0.182
v 0.12 1.455 0.147
v 0.067 1.484 0.169
v 0.047 1.458 0.198
v 0.04 1.48 0.191
v 0.014 1.476 0.204
v 0.019 1.446 0.213
v -0.006 1.427 0.217
v -0.034 1.448 0.214
v -0.038 1.421 0.208
v -0.002 1.446 0.216
v -0.019 1.466 0.211
v -0.048 1.478 0.201
v -0.027 1.491 0.2
v 0.003 1.497 0.194
v -0.064 1.508 0.18
v -0.035 1.517 0.183
v -0.163 1.283 0.152
v -0.182 1.274 0.151
v -0.17 1.337 0.135
v -0.184 1.244 0.153
v -0.17 1.183 0.165
v -0.144 1.263 0.146
v -0.184 1.187 0.163
v -0.145 1.165 0.156
v -0.145 1.13 0.163
v -0.164 1.139 0.173
v -0.181 1.135 0.175
v -0.157 1.096 0.185
v -0.173 1.069 0.202
v -0.139 1.084 0.177
v -0.147 1.061 0.201
v -0.132 1.054 0.192
v -0.15 1.299 0.147
v -0.155 1.348 0.142
v -0.133 1.335 0.143
v -0.146 1.401 0.143
v -0.119 1.448 0.148
v -0.145 1.449 0.143
v -0.124 1.495 0.153
v -0.112 1.476 0.153
v -0.116 1.345 0.132
v -0.123 1.294 0.133
v -0.128 1.255 0.13
v -0.132 1.153 0.14
v -0.102 1.432 0.133
v -0.095 1.456 0.138
v -0.094 1.47 0.149
v -0.101 1.498 0.161
v 0.031 1.665 0.1
v 0.033 1.661 0.125
v 0.055 1.683 0.061
v 0.017 1.658 0.12
v 0.022 1.66 0.138
v 0.037 1.667 0.136
v 0.023 1.67 0.148
v 0.007 1.668 0.142
v 0.006 1.661 0.128
v 0.003 1.667 0.099
v -0.025 1.682 0.085
v 0.027 1.666 0.09
v 0.048 1.672 0.065
v 0.028 1.842 0.176
v -0.002 1.851 0.17
v 0.031 1.863 0.179
v 0.038 1.847 0.179
v 0.045 1.822 0.17
v 0.035 1.818 0.173
v 0.039 1.807 0.163
v 0.058 1.851 0.168
v 0.068 1.843 0.153
v 0.055 1.884 0.163
v 0.071 1.877 0.153
v 0.061 1.898 0.15
v 0.041 1.896 0.166
v 0.049 1.868 0.171
v 0.016 1.88 0.173
v 0.003 1.897 0.163
v -0.157 1.234 0.076
v -0.134 1.283 0.079
v -0.143 1.322 0.069
v -0.137 1.36 0.068
v -0.117 1.377 0.073
v -0.117 1.314 0.094
v -0.123 1.441 0.056
v -0.143 1.181 0.081
v -0.104 1.441 0.065
v -0.119 1.493 0.061
v -0.107 1.482 0.069
v -0.105 1.419 0.073
v -0.104 1.399 0.085
v -0.103 1.383 0.11
v -0.126 1.213 0.093
v -0.129 1.153 0.098
v -0.125 1.181 0.116
v -0.12 1.254 0.113
v -0.14 1.095 0.093
v -0.111 1.327 0.113
v -0.116 1.345 0.132
v -0.104 1.399 0.123
v -0.102 1.432 0.133
v -0.123 1.294 0.133
v -0.128 1.255 0.13
v -0.132 1.153 0.14
v -0.128 1.106 0.112
v -0.131 1.051 0.112
v -0.14 1.027 0.108
v -0.145 1.04 0.102
v -0.146 0.992 0.118
v -0.134 1 0.128
v -0.125 1.031 0.121
v -0.124 1.004 0.133
v -0.124 1.082 0.123
v -0.124 1.015 0.147
v -0.127 1.098 0.132
v -0.123 1.031 0.161
v -0.134 1.119 0.149
v -0.128 1.076 0.158
v -0.126 1.045 0.179
v -0.139 1.084 0.177
v -0.132 1.054 0.192
v -0.145 1.13 0.163
v -0.145 1.165 0.156
v -0.144 1.263 0.146
v 0.004 1.817 0.145
v -0.014 1.835 0.128
v 0.012 1.835 0.137
v -0.02 1.799 0.14
v 0.002 1.794 0.15
v -0.005 1.787 0.147
v -0.029 1.785 0.134
v -0.038 1.814 0.111
v -0.027 1.827 0.122
v -0.03 1.839 0.11
v -0.029 1.85 0.123
v -0.034 1.85 0.108
v -0.024 1.846 0.14
v -0.003 1.838 0.147
v -0.011 1.849 0.163
v 0.009 1.832 0.158
v -0.002 1.851 0.17
v 0.023 1.82 0.167
v 0.028 1.842 0.176
v 0.035 1.818 0.173
v 0.021 1.81 0.162
v 0.027 1.826 0.154
v -0.033 1.865 0.137
v -0.026 1.862 0.15
v -0.023 1.891 0.139
v -0.032 1.874 0.113
v -0.02 1.872 0.159
v 0.016 1.88 0.173
v 0.031 1.863 0.179
v 0.003 1.897 0.163
v -0.004 1.903 0.153
v -0.001 1.914 0.13
v -0.005 1.911 0.115
v -0.026 1.894 0.116
v -0.034 1.904 0.068
v -0.042 1.871 0.095
v -0.044 1.891 0.073
v -0.034 1.907 0.042
v -0.051 1.878 0.07
v -0.05 1.889 0.038
v -0.037 1.898 0.011
v -0.048 1.888 0
v -0.061 1.875 0.031
v -0.061 1.869 0.064
v -0.057 1.841 0.085
v -0.061 1.871 0.011
v -0.05 1.872 -0.015
v -0.044 1.816 0.104
v -0.071 1.855 0.037
v -0.067 1.85 0.067
v -0.065 1.853 0.004
v -0.062 1.803 0.067
v -0.051 1.768 0.079
v -0.07 1.819 0.039
v -0.067 1.832 0.008
v -0.056 1.826 -0.015
v -0.044 1.849 -0.027
v -0.057 1.804 -0.008
v -0.04 1.795 -0.024
v -0.049 1.761 0
v -0.065 1.789 0.03
v -0.06 1.784 0.009
v -0.041 1.768 0.112
v -0.059 1.785 0.052
v -0.06 1.771 0.038
v -0.056 1.77 0.066
v -0.052 1.751 0.016
v -0.046 1.738 0.029
v -0.027 1.714 0.013
v -0.015 1.702 0.004
v -0.029 1.746 -0.013
v -0.041 1.718 0.037
v -0.029 1.659 0.023
v -0.047 1.729 0.06
v -0.036 1.67 0.042
v -0.035 1.623 0.036
v -0.03 1.622 0.021
v -0.041 1.612 0.032
v -0.044 1.592 0.019
v -0.034 1.637 0.056
v -0.032 1.663 0.063
v -0.038 1.615 0.051
v -0.053 1.598 0.056
v -0.058 1.596 0.043
v -0.067 1.582 0.034
v -0.038 1.604 0.071
v -0.053 1.594 0.075
v -0.027 1.624 0.076
v -0.034 1.595 0.085
v -0.019 1.615 0.086
v -0.015 1.592 0.094
v -0.003 1.613 0.092
v -0.001 1.662 0.091
v -0.024 1.673 0.077
v 0.003 1.667 0.099
v -0.025 1.682 0.085
v -0.037 1.692 0.068
v -0.045 1.713 0.082
v -0.049 1.732 0.071
v -0.035 1.693 0.095
v -0.041 1.742 0.111
v -0.033 1.739 0.132
v -0.021 1.682 0.113
v 0.006 1.661 0.128
v 0.007 1.668 0.142
v -0.053 1.739 0.066
v -0.007 1.688 0.135
v -0.054 1.756 0.054
v -0.058 1.776 0.053
v -0.064 1.753 0.049
v -0.067 1.752 0.041
v 0.015 1.689 0.148
v 0.023 1.67 0.148
v 0.016 1.697 0.157
v -0.008 1.704 0.141
v 0.016 1.706 0.156
v 0.017 1.711 0.161
v -0.023 1.728 0.14
v -0.003 1.72 0.147
v 0.012 1.732 0.149
v -0.021 1.75 0.141
v -0.034 1.767 0.124
v -0.013 1.761 0.138
v -0.016 1.769 0.141
v -0.014 1.784 0.14
v 0.065 1.834 0.113
v 0.044 1.835 0.131
v 0.064 1.837 0.137
v 0.043 1.814 0.154
v -0.069 0.134 -0.166
v -0.096 0.139 -0.17
v -0.072 0.12 -0.177
v -0.107 0.164 -0.148
v -0.107 0.153 -0.159
v -0.122 0.144 -0.154
v -0.127 0.159 -0.141
v -0.124 0.174 -0.127
v -0.102 0.176 -0.134
v -0.118 0.187 -0.116
v -0.093 0.187 -0.12
v -0.089 0.23 -0.077
v -0.081 0.208 -0.102
v -0.083 0.16 -0.133
v -0.069 0.146 -0.157
v -0.052 0.131 -0.175
v -0.074 0.163 -0.138
v -0.073 0.173 -0.115
v -0.077 0.181 -0.083
v -0.055 0.193 -0.081
v -0.069 0.198 -0.068
v -0.04 0.226 -0.061
v -0.057 0.224 -0.056
v -0.192 1.018 0.138
v -0.178 1.001 0.125
v -0.175 1.03 0.119
v -0.16 0.992 0.118
v -0.145 1.04 0.102
v -0.146 0.992 0.118
v -0.161 1.096 0.101
v -0.14 1.095 0.093
v -0.176 1.107 0.108
v -0.161 1.139 0.091
v -0.143 1.181 0.081
v -0.182 1.189 0.092
v -0.163 1.18 0.082
v -0.157 1.234 0.076
v -0.134 1.283 0.079
v -0.171 1.223 0.082
v -0.174 1.275 0.075
v -0.143 1.322 0.069
v -0.156 1.369 0.069
v -0.137 1.36 0.068
v -0.123 1.441 0.056
v -0.173 1.345 0.084
v -0.186 1.291 0.09
v -0.161 1.425 0.074
v -0.145 1.425 0.063
v -0.15 1.482 0.07
v -0.132 1.484 0.06
v -0.119 1.493 0.061
v -0.14 1.511 0.058
v -0.111 1.507 0.052
v -0.107 1.482 0.069
v -0.125 1.531 0.049
v -0.104 1.513 0.04
v -0.142 1.539 0.061
v -0.155 1.517 0.069
v -0.168 1.47 0.09
v -0.117 1.555 0.047
v -0.123 1.57 0.062
v -0.147 1.554 0.072
v -0.091 1.531 0.03
v -0.09 1.564 0.039
v -0.064 1.561 0.019
v -0.067 1.582 0.034
v -0.063 1.503 0.01
v -0.044 1.592 0.019
v -0.041 1.612 0.032
v -0.076 1.497 0.018
v -0.094 1.488 0.04
v -0.054 1.444 0.01
v -0.077 1.42 0.033
v -0.056 1.415 0.016
v -0.073 1.387 0.039
v -0.039 1.333 0.04
v -0.068 1.356 0.048
v -0.056 1.327 0.056
v -0.033 1.415 0.005
v -0.033 1.305 0.044
v -0.05 1.301 0.059
v -0.019 1.336 0.029
v -0.032 1.27 0.045
v -0.045 1.254 0.059
v -0.054 1.232 0.068
v -0.014 1.306 0.032
v -0.012 1.277 0.032
v -0.028 1.241 0.037
v -0.037 1.448 -0.001
v -0.016 1.418 -0.016
v -0.003 1.335 0.014
v 0.003 1.307 0.017
v -0.034 1.484 -0.005
v 0.005 1.269 0.016
v -0.019 1.445 -0.023
v -0.028 1.523 -0.001
v 0.022 1.308 0.005
v -0.022 1.493 -0.025
v 0.011 1.247 0.006
v 0.026 1.267 0.002
v 0.043 1.308 -0.002
v 0.018 1.333 0.001
v 0.01 1.379 -0.019
v 0.002 1.413 -0.029
v 0.039 1.333 -0.006
v 0.028 1.392 -0.033
v -0.003 1.222 0.003
v -0.038 1.219 0.037
v 0.06 1.332 -0.008
v -0.024 1.193 0.001
v -0.07 1.165 0.026
v -0.003 1.444 -0.037
v 0.019 1.435 -0.048
v -0.008 1.494 -0.039
v 0.045 1.404 -0.044
v 0.016 1.467 -0.053
v -0.016 1.543 -0.016
v -0.023 1.553 -0.001
v -0.014 1.586 0.001
v 0.005 1.595 -0.011
v 0.041 1.429 -0.055
v 0.076 1.362 -0.019
v 0.082 1.331 -0.004
v 0.064 1.307 -0.005
v 0.085 1.296 -0.003
v 0.068 1.271 -0.009
v 0.091 1.265 -0.008
v 0.095 1.25 -0.017
v 0.046 1.269 -0.007
v 0.073 1.247 -0.02
v 0.049 1.25 -0.013
v 0.022 1.229 -0.011
v 0.049 1.234 -0.024
v 0.044 1.193 -0.061
v 0.014 1.186 -0.047
v 0.079 1.207 -0.057
v -0.014 1.156 -0.037
v 0.007 1.161 -0.059
v -0.033 1.159 -0.011
v -0.063 1.136 0.004
v -0.083 1.129 0.021
v -0.086 1.103 0.018
v -0.04 1.12 -0.021
v -0.065 1.112 -0.002
v -0.085 1.072 0.019
v -0.065 1.083 -0.002
v -0.08 1.042 0.024
v 0.001 1.135 -0.066
v -0.04 1.091 -0.023
v 0.002 1.109 -0.071
v 0.033 1.136 -0.086
v -0.032 1.065 -0.028
v -0.059 1.056 -0.002
v -0.059 1.021 0.013
v -0.064 0.977 0.045
v -0.035 1.017 -0.01
v -0.044 0.987 0.01
v 0.005 1.081 -0.072
v 0.01 1.002 -0.057
v 0.038 1.163 -0.077
v 0.078 1.157 -0.086
v 0.031 1.109 -0.091
v 0.078 1.182 -0.073
v 0.076 1.131 -0.095
v 0.113 1.197 -0.06
v 0.118 1.156 -0.078
v 0.107 1.218 -0.046
v 0.12 1.121 -0.089
v 0.131 1.222 -0.033
v 0.111 1.258 -0.002
v 0.119 1.092 -0.094
v 0.073 1.102 -0.1
v 0.03 1.079 -0.091
v 0.071 1.073 -0.102
v 0.117 1.061 -0.096
v 0.11 1.026 -0.095
v 0.033 1.046 -0.086
v 0.068 1.041 -0.099
v 0.034 0.965 -0.066
v 0.064 0.979 -0.084
v 0.086 1.005 -0.091
v 0.018 0.937 -0.044
v 0.01 0.883 -0.019
v 0.03 0.897 -0.046
v 0.097 0.953 -0.085
v 0.14 0.978 -0.081
v 0.131 0.935 -0.079
v 0.118 0.877 -0.073
v 0.044 0.932 -0.064
v 0.056 0.898 -0.066
v 0.03 0.833 -0.034
v 0.074 0.948 -0.079
v 0.084 0.88 -0.077
v 0.048 0.793 -0.044
v 0.028 0.785 -0.022
v 0.077 0.833 -0.066
v 0.104 0.814 -0.061
v 0.068 0.77 -0.048
v 0.094 0.767 -0.049
v 0.091 0.716 -0.04
v 0.043 0.721 -0.032
v 0.027 0.721 -0.017
v 0.064 0.718 -0.039
v 0.065 0.674 -0.042
v 0.092 0.676 -0.041
v 0.093 0.62 -0.047
v 0.043 0.669 -0.034
v 0.022 0.665 -0.02
v 0.064 0.621 -0.051
v 0.042 0.617 -0.044
v 0.019 0.619 -0.026
v 0.032 0.537 -0.071
v 0.009 0.535 -0.048
v 0.028 0.511 -0.074
v 0.046 0.54 -0.079
v 0.079 0.609 -0.053
v 0.096 0.586 -0.055
v 0.061 0.529 -0.085
v 0.078 0.53 -0.082
v 0.046 0.487 -0.088
v 0.064 0.449 -0.1
v 0.079 0.46 -0.099
v 0.068 0.316 -0.149
v 0.084 0.381 -0.132
v 0.087 0.33 -0.15
v 0.085 0.291 -0.168
v 0.063 0.28 -0.164
v 0.113 0.309 -0.153
v 0.109 0.361 -0.131
v 0.054 0.44 -0.095
v 0.056 0.397 -0.108
v 0.039 0.422 -0.082
v 0.015 0.46 -0.066
v -0.003 0.475 -0.048
v 0.003 0.425 -0.056
v 0.017 0.424 -0.069
v 0.021 0.391 -0.077
v 0.033 0.356 -0.093
v 0.047 0.393 -0.094
v 0.045 0.295 -0.124
v 0.005 0.365 -0.071
v 0.021 0.346 -0.092
v 0.002 0.329 -0.081
v -0.014 0.392 -0.045
v 0.016 0.297 -0.11
v -0.005 0.285 -0.095
v -0.018 0.235 -0.116
v 0.003 0.24 -0.137
v 0.031 0.3 -0.112
v 0.035 0.261 -0.129
v 0.044 0.252 -0.138
v -0.028 0.429 -0.025
v -0.016 0.449 -0.033
v -0.032 0.362 -0.038
v -0.041 0.386 -0.03
v -0.036 0.446 -0.012
v -0.051 0.403 -0.018
v -0.038 0.467 0.001
v -0.057 0.336 -0.042
v -0.049 0.301 -0.052
v -0.063 0.28 -0.06
v -0.054 0.257 -0.064
v -0.041 0.329 -0.042
v -0.048 0.264 -0.051
v -0.025 0.323 -0.049
v -0.008 0.36 -0.057
v -0.013 0.3 -0.067
v -0.043 0.265 -0.048
v -0.032 0.262 -0.053
v -0.04 0.226 -0.061
v -0.057 0.224 -0.056
v 0.012 1.835 0.137
v -0.014 1.835 0.128
v -0.003 1.838 0.147
v 0.009 1.832 0.158
v 0.029 1.834 0.137
v 0.027 1.826 0.154
v 0.023 1.82 0.167
v 0.039 1.824 0.151
v 0.044 1.835 0.131
v 0.014 1.741 -0.024
v 0.012 1.7 -0.002
v 0.036 1.75 -0.022
v 0.051 1.739 -0.003
v 0.032 1.711 0.004
v 0.018 1.651 0.005
v 0.031 1.655 0.009
v 0.021 1.629 0.003
v 0.037 1.626 0.008
v 0.023 1.603 -0.011
v 0.041 1.674 0.017
v 0.046 1.718 0.014
v 0.045 1.636 0.019
v 0.057 1.721 0.027
v 0.05 1.67 0.032
v 0.072 1.752 0.02
v 0.069 1.764 0.001
v 0.075 1.772 0.02
v 0.079 1.78 0.034
v 0.059 1.77 -0.016
v 0.044 1.794 -0.034
v 0.021 1.782 -0.039
v 0.031 1.823 -0.044
v 0.044 1.853 -0.041
v 0.059 1.8 -0.026
v 0.053 1.831 -0.036
v 0.071 1.795 -0.011
v 0.082 1.812 0.003
v 0.087 1.804 0.03
v 0.079 1.767 0.057
v 0.094 1.852 0.038
v 0.091 1.824 0.042
v 0.079 1.764 0.045
v 0.08 1.788 0.067
v 0.05 1.866 -0.034
v 0.026 1.882 -0.039
v 0.064 1.82 -0.027
v 0.079 1.836 -0.01
v 0.071 1.857 -0.022
v 0.063 1.879 -0.019
v 0.089 1.837 0.012
v 0.088 1.857 0.008
v 0.046 1.889 -0.022
v 0.058 1.901 0.013
v 0.023 1.893 -0.031
v 0.042 1.903 -0.004
v 0.029 1.92 0.024
v 0.031 1.923 0.052
v 0.073 1.885 0.013
v 0.062 1.908 0.045
v 0.074 1.894 0.041
v 0.062 1.905 0.067
v 0.042 1.921 0.076
v 0.061 1.905 0.099
v 0.081 1.876 0.051
v 0.077 1.891 0.085
v 0.072 1.889 0.108
v 0.073 1.895 0.128
v 0.06 1.907 0.131
v 0.061 1.898 0.15
v 0.071 1.877 0.153
v 0.078 1.874 0.096
v 0.081 1.871 0.12
v 0.073 1.865 0.147
v 0.068 1.843 0.153
v 0.081 1.861 0.135
v 0.081 1.857 0.111
v 0.078 1.848 0.134
v 0.039 1.807 0.163
v 0.045 1.822 0.17
v 0.08 1.861 0.081
v 0.075 1.849 0.092
v 0.089 1.848 0.066
v 0.07 1.838 0.095
v 0.081 1.816 0.081
v 0.064 1.837 0.137
v 0.043 1.814 0.154
v 0.031 1.808 0.154
v 0.065 1.834 0.113
v 0.074 1.819 0.104
v 0.076 1.782 0.114
v 0.07 1.791 0.128
v 0.055 1.811 0.135
v 0.079 1.762 0.102
v 0.078 1.743 0.105
v 0.073 1.73 0.054
v 0.076 1.741 0.04
v 0.074 1.724 0.04
v 0.084 1.749 0.017
v 0.072 1.753 0.033
v 0.076 1.77 0.036
v 0.082 1.753 0.026
v 0.082 1.768 0.02
v 0.07 1.705 0.068
v 0.06 1.695 0.049
v 0.06 1.684 0.083
v 0.061 1.691 0.099
v 0.055 1.683 0.061
v 0.033 1.661 0.125
v 0.037 1.667 0.136
v 0.045 1.685 0.131
v 0.058 1.704 0.125
v 0.032 1.695 0.155
v 0.036 1.705 0.152
v 0.035 1.713 0.158
v 0.052 1.715 0.137
v 0.046 1.726 0.142
v 0.074 1.729 0.113
v 0.065 1.727 0.13
v 0.073 1.744 0.122
v 0.067 1.761 0.12
v 0.064 1.781 0.128
v 0.058 1.77 0.133
v 0.068 0.186 0.18
v 0.07 0.167 0.192
v 0.035 0.166 0.193
v 0.035 0.155 0.202
v 0.072 0.154 0.207
v 0.101 0.173 0.198
v 0.106 0.16 0.215
v 0.008 0.148 0.225
v 0.006 0.165 0.208
v 0.035 0.138 0.226
v 0.005 0.135 0.239
v 0.034 0.128 0.234
v 0.072 0.144 0.224
v 0.108 0.153 0.226
v 0.07 0.136 0.239
v 0.108 0.146 0.244
v 0.107 0.133 0.255
v 0.066 1.725 0.043
v 0.072 1.752 0.02
v 0.057 1.721 0.027
v 0.05 1.67 0.032
v 0.06 1.695 0.049
v 0.073 1.73 0.054
v -0.053 0.191 -0.117
v -0.055 0.193 -0.081
v -0.073 0.173 -0.115
v -0.063 0.183 -0.138
v -0.074 0.163 -0.138
v -0.067 0.172 -0.154
v -0.052 0.187 -0.175
v -0.069 0.146 -0.157
v -0.058 0.181 -0.183
v -0.046 0.185 -0.212
v -0.065 0.166 -0.164
v -0.057 0.177 -0.205
v -0.061 0.174 -0.224
v -0.063 0.169 -0.195
v -0.059 0.148 -0.176
v -0.052 0.131 -0.175
v -0.05 0.138 -0.185
v -0.06 0.155 -0.198
v -0.053 0.144 -0.206
v -0.063 0.157 -0.213
v -0.066 0.16 -0.236
v -0.054 0.173 -0.238
v -0.063 0.16 -0.261
v -0.065 0.143 -0.236
v -0.068 0.146 -0.256
v -0.071 0.144 -0.277
v -0.061 0.16 -0.272
v -0.05 0.133 -0.227
v -0.021 0.121 -0.206
v -0.055 0.118 -0.268
v -0.07 0.124 -0.274
v -0.069 0.132 -0.296
v -0.062 0.143 -0.312
v -0.073 0.122 -0.317
v -0.069 0.116 -0.306
v -0.063 0.115 -0.339
v -0.055 0.127 -0.346
v -0.045 0.144 -0.332
v -0.104 1.399 0.123
v -0.102 1.432 0.133
v -0.095 1.412 0.148
v -0.082 1.38 0.162
v -0.077 1.348 0.158
v -0.088 1.348 0.135
v -0.092 1.348 0.113
v -0.103 1.383 0.11
v -0.079 1.32 0.117
v -0.075 1.32 0.139
v -0.058 1.268 0.139
v -0.067 1.282 0.119
v -0.076 1.322 0.096
v -0.09 1.35 0.09
v -0.099 1.385 0.08
v -0.104 1.399 0.085
v -0.105 1.419 0.073
v -0.081 1.352 0.068
v -0.089 1.385 0.059
v -0.069 1.297 0.098
v -0.062 1.252 0.097
v -0.061 1.247 0.118
v -0.063 1.226 0.116
v -0.054 1.245 0.138
v -0.055 1.226 0.139
v -0.073 1.196 0.143
v -0.069 1.324 0.075
v -0.061 1.296 0.078
v -0.082 1.197 0.113
v -0.084 1.174 0.142
v -0.068 1.356 0.048
v -0.056 1.327 0.056
v -0.073 1.387 0.039
v -0.05 1.301 0.059
v -0.045 1.254 0.059
v -0.093 1.419 0.052
v -0.077 1.42 0.033
v -0.056 1.251 0.077
v -0.054 1.232 0.068
v -0.094 1.488 0.04
v -0.076 1.497 0.018
v -0.104 1.441 0.065
v -0.105 1.486 0.056
v -0.107 1.482 0.069
v -0.111 1.507 0.052
v -0.104 1.513 0.04
v -0.064 1.23 0.095
v -0.071 1.213 0.092
v -0.063 1.215 0.068
v -0.089 1.183 0.082
v -0.028 1.241 0.037
v -0.032 1.27 0.045
v -0.038 1.219 0.037
v -0.084 1.176 0.054
v -0.094 1.172 0.114
v -0.101 1.154 0.081
v -0.093 1.153 0.05
v -0.1 1.125 0.047
v -0.109 1.125 0.084
v -0.107 1.122 0.122
v -0.112 1.1 0.086
v -0.097 1.11 0.158
v -0.072 1.149 0.17
v -0.076 1.1 0.186
v -0.111 1.097 0.13
v -0.111 1.068 0.138
v -0.111 1.067 0.091
v -0.095 1.052 0.177
v -0.074 1.046 0.204
v -0.107 1.033 0.099
v -0.103 1.065 0.05
v -0.099 1.034 0.055
v -0.1 1.004 0.107
v -0.108 1.037 0.144
v -0.091 1.01 0.186
v -0.07 1.012 0.212
v -0.101 1.004 0.15
v -0.088 0.964 0.116
v -0.083 0.971 0.191
v -0.062 0.969 0.219
v -0.072 0.918 0.197
v -0.083 0.954 0.178
v -0.056 0.856 0.202
v -0.058 0.851 0.17
v -0.079 0.927 0.16
v -0.066 0.913 0.125
v 0.065 1.834 0.113
v 0.055 1.811 0.135
v 0.044 1.835 0.131
v 0.031 1.815 0.146
v 0.029 1.834 0.137
v 0.004 1.817 0.145
v 0.012 1.835 0.137
v 0.002 1.794 0.15
v 0.047 1.792 0.144
v 0.07 1.791 0.128
v 0.053 1.785 0.137
v 0.03 1.773 0.145
v 0.024 1.789 0.151
v -0.005 1.787 0.147
v -0.28 0.154 -0.002
v -0.262 0.166 0.009
v -0.266 0.156 0.017
v -0.252 0.152 0.031
v -0.26 0.14 0.039
v -0.248 0.173 0.018
v -0.238 0.142 0.046
v -0.222 0.174 0.043
v -0.221 0.187 0.032
v -0.106 0.12 -0.142
v -0.092 0.118 -0.169
v -0.111 0.132 -0.162
v -0.091 0.11 -0.15
v -0.091 0.113 -0.124
v -0.064 0.109 -0.172
v -0.072 0.12 -0.177
v -0.055 0.11 -0.179
v -0.083 0.105 -0.133
v -0.048 0.106 -0.164
v -0.027 0.115 -0.175
v -0.014 0.111 -0.169
v -0.056 0.104 -0.126
v -0.02 0.118 -0.183
v -0.05 0.138 -0.185
v -0.013 0.114 -0.189
v -0.053 0.144 -0.206
v -0.021 0.121 -0.206
v -0.062 0.107 -0.136
v -0.077 0.104 -0.094
v -0.072 0.104 -0.135
v -0.085 0.107 -0.103
v -0.099 0.109 -0.096
v -0.113 0.111 -0.059
v -0.114 0.114 -0.084
v -0.122 0.116 -0.077
v -0.131 0.119 -0.07
v -0.164 0.123 -0.05
v -0.14 0.121 -0.067
v -0.148 0.122 -0.066
v -0.158 0.124 -0.064
v -0.177 0.127 -0.059
v -0.187 0.127 -0.056
v -0.217 0.129 -0.046
v -0.207 0.126 -0.03
v -0.19 0.119 -0.024
v -0.254 0.131 -0.032
v -0.241 0.129 -0.018
v -0.268 0.126 -0.004
v -0.269 0.117 0.025
v -0.284 0.13 -0.009
v -0.293 0.122 0.028
v 0.272 1.057 0.062
v 0.282 1.088 0.021
v 0.293 1.039 0.045
v 0.305 1.011 0.038
v 0.3 1.013 0.049
v 0.303 0.961 0.061
v 0.291 1.065 0.014
v 0.293 1.047 0.003
v 0.275 1.118 -0.006
v 0.265 1.134 -0.002
v 0.241 1.199 -0.03
v 0.276 1.106 -0.014
v 0.245 1.214 -0.048
v 0.222 1.247 -0.048
v 0.253 1.182 -0.051
v 0.234 1.246 -0.082
v 0.227 1.265 -0.068
v 0.219 1.287 -0.093
v 0.208 1.303 -0.078
v 0.229 1.237 -0.096
v 0.261 1.13 -0.038
v 0.275 1.083 -0.02
v 0.25 1.13 -0.047
v 0.215 1.229 -0.105
v 0.269 1.076 -0.025
v 0.275 1.051 -0.024
v 0.292 1.005 -0.003
v 0.263 1.05 -0.03
v 0.27 1.001 -0.019
v 0.278 1.006 -0.017
v 0.262 0.973 -0.01
v 0.266 0.972 -0.001
v 0.277 0.995 -0.005
v 0.278 0.959 0.005
v 0.284 0.956 0.008
v 0.288 0.962 0.013
v 0.28 0.954 0.022
v 0.298 1.01 0.006
v 0.304 1.004 0.017
v 0.289 0.958 0.02
v 0.294 0.957 0.027
v 0.263 0.923 0.035
v 0.257 0.912 0.046
v 0.292 0.957 0.034
v 0.301 0.998 0.029
v 0.303 0.991 0.038
v 0.306 0.969 0.052
v 0.296 0.919 0.062
v 0.295 0.921 0.067
v 0.294 0.955 0.048
v 0.294 0.993 0.035
v -0.146 0.962 0.186
v -0.137 0.936 0.179
v -0.127 0.941 0.18
v -0.155 0.961 0.186
v -0.137 0.93 0.182
v -0.099 0.924 0.157
v -0.165 0.963 0.194
v -0.036 0.278 0.199
v -0.057 0.249 0.193
v -0.068 0.285 0.191
v -0.053 0.352 0.199
v 0.15 0.196 0.205
v 0.16 0.203 0.173
v 0.171 0.182 0.19
v 0.166 0.169 0.237
v 0.121 0.194 0.204
v 0.142 0.217 0.189
v 0.116 0.217 0.189
v 0.134 0.164 0.24
v 0.138 0.159 0.249
v 0.176 0.152 0.25
v 0.141 0.145 0.259
v 0.193 0.157 0.22
v 0.199 0.151 0.225
v 0.176 0.173 0.199
v 0.253 1.137 0.001
v 0.257 1.112 0.012
v 0.219 1.184 -0.025
v 0.274 1.088 0.03
v 0.265 1.09 0.03
v 0.26 1.059 0.063
v 0.265 1.134 -0.002
v 0.282 1.088 0.021
v 0.241 1.199 -0.03
v 0.272 1.057 0.062
v 0.211 1.234 -0.04
v 0.267 1.029 0.082
v 0.222 1.247 -0.048
v 0.257 1.026 0.082
v 0.257 0.994 0.092
v 0.265 0.995 0.087
v 0.272 1.026 0.077
v 0.193 1.271 -0.059
v 0.207 1.277 -0.062
v 0.227 1.265 -0.068
v 0.245 1.214 -0.048
v 0.208 1.303 -0.078
v 0.198 1.295 -0.064
v 0.186 1.29 -0.059
v 0.194 1.319 -0.062
v 0.17 1.282 -0.059
v 0.178 1.264 -0.062
v 0.174 1.342 -0.044
v 0.184 1.36 -0.054
v 0.134 1.412 -0.02
v 0.16 1.412 -0.024
v 0.148 1.456 -0.011
v 0.129 1.448 -0.009
v 0.146 1.478 0.004
v 0.132 1.463 0.004
v 0.107 0.133 0.255
v 0.069 0.117 0.241
v 0.07 0.136 0.239
v 0.031 0.119 0.232
v 0.034 0.128 0.234
v 0.003 0.127 0.243
v 0.005 0.135 0.239
v -0.024 0.133 0.263
v -0.02 0.143 0.261
v -0.011 0.157 0.248
v -0.069 0.238 -0.081
v -0.054 0.257 -0.064
v -0.063 0.28 -0.06
v -0.063 0.224 -0.077
v -0.081 0.208 -0.102
v -0.048 0.264 -0.051
v -0.049 0.301 -0.052
v -0.041 0.329 -0.042
v -0.041 0.386 -0.03
v -0.078 0.19 -0.098
v -0.093 0.187 -0.12
v -0.072 0.202 -0.073
v -0.089 0.17 -0.126
v -0.102 0.176 -0.134
v -0.107 0.164 -0.148
v -0.083 0.16 -0.133
v -0.077 0.181 -0.083
v -0.069 0.198 -0.068
v -0.057 0.224 -0.056
v -0.043 0.265 -0.048
v -0.032 0.362 -0.038
v -0.192 1.047 0.158
v -0.198 1.049 0.162
v -0.196 1.056 0.175
v -0.198 1.036 0.152
v -0.187 1.043 0.155
v -0.192 1.018 0.138
v -0.178 1.001 0.125
v -0.173 1.045 0.158
v -0.16 0.992 0.118
v -0.146 0.992 0.118
v -0.155 1.052 0.168
v -0.134 1 0.128
v -0.124 1.004 0.133
v -0.142 1.052 0.178
v -0.124 1.015 0.147
v -0.123 1.031 0.161
v -0.126 1.045 0.179
v -0.132 1.054 0.192
v -0.147 1.061 0.201
v -0.132 1.054 0.192
v -0.113 1.02 0.2
v -0.123 1.022 0.207
v -0.102 0.989 0.202
v -0.113 0.987 0.206
v -0.097 0.953 0.193
v -0.093 0.96 0.19
v -0.129 1.012 0.207
v -0.14 1.012 0.214
v -0.169 1.056 0.203
v -0.173 1.069 0.202
v -0.143 0.971 0.219
v -0.132 0.969 0.218
v -0.125 0.969 0.211
v -0.112 0.943 0.207
v -0.118 0.938 0.21
v -0.124 0.934 0.207
v -0.099 0.921 0.191
v -0.091 0.929 0.188
v -0.081 0.919 0.171
v 0.054 0.435 0.233
v 0.081 0.478 0.215
v 0.076 0.424 0.206
v 0.051 0.397 0.226
v 0.038 0.396 0.242
v 0.059 0.372 0.206
v 0.033 0.352 0.233
v 0.024 0.322 0.24
v 0.041 0.353 0.217
v 0.034 0.289 0.193
v 0.023 0.299 0.221
v 0.016 0.257 0.246
v 0.02 0.283 0.209
v 0.024 0.246 0.192
v 0.01 0.215 0.24
v 0.009 0.22 0.259
v 0.007 0.222 0.215
v 0.011 0.188 0.199
v 0.003 0.194 0.25
v -0.001 0.191 0.278
v -0.005 0.187 0.227
v -0.012 0.171 0.258
v -0.022 0.167 0.302
v -0.01 0.172 0.234
v 0.006 0.165 0.208
v 0.008 0.148 0.225
v -0.011 0.157 0.248
v 0.005 0.135 0.239
v -0.024 0.158 0.279
v -0.049 0.142 0.323
v -0.02 0.143 0.261
v -0.043 0.134 0.292
v -0.058 0.12 0.326
v -0.024 0.133 0.263
v -0.042 0.115 0.279
v -0.06 0.109 0.317
v -0.022 0.115 0.249
v -0.086 0.912 0.155
v -0.129 0.929 0.194
v -0.093 0.919 0.171
v -0.134 0.927 0.189
v -0.137 0.93 0.182
v -0.099 0.924 0.157
v -0.099 0.924 0.157
v -0.127 0.941 0.18
v -0.137 0.936 0.179
v -0.093 0.929 0.163
v -0.122 0.939 0.19
v -0.094 0.928 0.173
v -0.116 0.947 0.196
v -0.086 0.928 0.174
v -0.091 0.922 0.169
v -0.093 0.919 0.171
v -0.099 0.921 0.191
v -0.081 0.919 0.171
v -0.128 0.936 0.197
v -0.124 0.934 0.207
v -0.118 0.938 0.21
v 0.038 0.175 -0.325
v 0.045 0.185 -0.303
v 0.012 0.154 -0.306
v 0.027 0.159 -0.283
v 0.05 0.196 -0.284
v 0.035 0.17 -0.261
v 0.038 0.182 -0.243
v 0.01 0.148 -0.268
v 0.022 0.161 -0.243
v 0.032 0.176 -0.22
v 0.056 0.21 -0.259
v 0.038 0.19 -0.204
v 0.049 0.204 -0.239
v 0.063 0.225 -0.235
v 0.047 0.217 -0.211
v 0.07 0.244 -0.21
v 0.045 0.214 -0.183
v 0.035 0.208 -0.168
v 0.052 0.236 -0.194
v 0.04 0.227 -0.152
v 0.058 0.263 -0.172
v 0.044 0.252 -0.138
v 0.055 0.285 -0.146
v 0.063 0.28 -0.164
v 0.045 0.295 -0.124
v 0.068 0.316 -0.149
v 0.055 0.32 -0.132
v 0.047 0.393 -0.094
v 0.056 0.397 -0.108
v 0.064 0.449 -0.1
v 0.054 0.44 -0.095
v 0.039 0.422 -0.082
v -0.035 1.517 0.183
v -0.064 1.508 0.18
v -0.045 1.543 0.162
v -0.012 1.548 0.153
v -0.006 1.521 0.177
v -0.027 1.491 0.2
v 0.003 1.497 0.194
v 0.023 1.528 0.162
v -0.054 1.567 0.137
v -0.089 1.545 0.158
v 0.04 1.48 0.191
v 0.014 1.476 0.204
v -0.074 1.575 0.132
v -0.098 1.567 0.142
v 0.048 1.52 0.152
v 0.067 1.484 0.169
v 0.015 1.554 0.136
v 0.001 1.569 0.124
v 0.041 1.534 0.139
v 0.06 1.518 0.132
v 0.087 1.507 0.131
v 0.062 1.505 0.138
v 0.067 1.53 0.12
v 0.028 1.569 0.118
v -0.058 1.577 0.12
v 0.119 1.477 0.129
v 0.12 1.455 0.147
v 0.135 1.488 0.099
v 0.141 1.469 0.11
v 0.086 1.532 0.097
v 0.071 1.564 0.084
v 0.051 1.564 0.106
v 0.015 1.574 0.111
v 0.034 1.571 0.101
v 0.053 1.573 0.089
v 0.048 1.583 0.083
v 0.007 1.586 0.099
v 0.086 1.576 0.022
v -0.03 1.581 0.098
v 0.108 1.567 0.023
v -0.044 1.576 0.111
v 0.098 1.576 0
v 0.08 1.585 0.002
v 0.071 1.59 -0.01
v 0.119 1.561 0.02
v 0.093 1.554 0.062
v 0.117 1.571 -0.007
v 0.108 1.573 -0.038
v 0.132 1.565 -0.018
v 0.139 1.544 0.006
v 0.053 1.591 -0.022
v 0.058 1.603 0.007
v -0.074 1.587 0.093
v -0.053 1.594 0.075
v -0.087 1.582 0.112
v -0.034 1.595 0.085
v -0.015 1.592 0.094
v -0.038 1.604 0.071
v -0.104 1.584 0.087
v -0.053 1.598 0.056
v -0.099 1.58 0.065
v -0.058 1.596 0.043
v -0.067 1.582 0.034
v -0.09 1.564 0.039
v -0.117 1.555 0.047
v -0.123 1.57 0.062
v -0.11 1.581 0.113
v -0.119 1.58 0.085
v -0.147 1.554 0.072
v -0.147 1.566 0.094
v -0.136 1.57 0.12
v -0.124 1.557 0.143
v 0.113 1.54 -0.071
v 0.135 1.547 -0.059
v 0.086 1.563 -0.057
v 0.072 1.578 -0.041
v 0.063 1.549 -0.062
v 0.041 1.563 -0.048
v 0.032 1.598 -0.015
v 0.047 1.604 -0.004
v 0.016 1.567 -0.034
v 0.023 1.603 -0.011
v 0.005 1.595 -0.011
v 0.037 1.626 0.008
v -0.052 0.131 -0.175
v -0.027 0.115 -0.175
v -0.05 0.138 -0.185
v -0.049 0.123 -0.175
v -0.069 0.134 -0.166
v -0.072 0.12 -0.177
v -0.055 0.11 -0.179
v 0.024 0.144 -0.362
v 0.013 0.116 -0.363
v 0.079 0.129 -0.348
v -0.026 0.129 -0.363
v -0.035 0.115 -0.355
v -0.055 0.127 -0.346
v -0.063 0.115 -0.339
v -0.021 0.11 0.232
v -0.022 0.115 0.249
v 0.004 0.105 0.21
v 0.004 0.109 0.228
v 0.035 0.116 0.219
v 0.033 0.112 0.198
v 0.066 0.117 0.204
v 0.004 0.117 0.236
v -0.024 0.133 0.263
v 0.003 0.127 0.243
v 0.031 0.119 0.232
v 0.069 0.117 0.241
v 0.072 0.119 0.221
v 0.11 0.112 0.244
v 0.107 0.133 0.255
v 0.129 0.108 0.228
v 0.143 0.126 0.26
v 0.139 0.108 0.248
v 0.176 0.113 0.25
v 0.155 0.106 0.217
v 0.167 0.107 0.237
v 0.199 0.112 0.223
v 0.193 0.109 0.203
v 0.174 0.108 0.192
v 0.213 0.12 0.195
v 0.182 0.113 0.171
v 0.209 0.112 0.159
v 0.216 0.113 0.135
v 0.226 0.12 0.136
v 0.223 0.108 0.093
v 0.24 0.115 0.103
v 0.299 0.114 0.009
v 0.289 0.114 0.049
v 0.316 0.127 0.018
v 0.275 0.108 0.007
v 0.325 0.114 -0.019
v 0.299 0.108 -0.016
v -0.04 1.795 -0.024
v -0.044 1.849 -0.027
v -0.056 1.826 -0.015
v -0.031 1.843 -0.037
v -0.02 1.875 -0.038
v -0.05 1.872 -0.015
v -0.026 1.892 -0.022
v -0.027 1.789 -0.033
v -0.029 1.746 -0.013
v -0.049 1.761 0
v -0.001 1.843 -0.045
v -0.009 1.793 -0.041
v -0.014 1.745 -0.022
v -0.005 1.699 0
v -0.015 1.702 0.004
v 0.001 1.759 -0.033
v 0.012 1.869 -0.045
v 0 1.89 -0.035
v 0.026 1.882 -0.039
v 0.019 1.844 -0.047
v 0.044 1.853 -0.041
v 0.031 1.823 -0.044
v 0.007 1.802 -0.044
v 0.021 1.782 -0.039
v 0.014 1.741 -0.024
v 0.036 1.75 -0.022
v 0.012 1.7 -0.002
v 0.004 1.652 0.004
v 0.018 1.651 0.005
v 0.021 1.629 0.003
v -0.013 1.654 0.009
v 0.003 1.626 0.003
v 0.023 1.603 -0.011
v -0.019 1.622 0.01
v -0.03 1.622 0.021
v -0.029 1.659 0.023
v -0.027 1.714 0.013
v 0.261 0.125 0.079
v 0.289 0.128 0.049
v 0.24 0.115 0.103
v 0.236 0.126 0.107
v 0.22 0.129 0.132
v -0.126 1.006 0.188
v -0.116 0.987 0.189
v -0.116 1.014 0.19
v -0.097 0.973 0.185
v -0.109 0.969 0.185
v -0.093 0.96 0.19
v -0.097 0.953 0.193
v -0.097 0.973 0.185
v -0.113 1.02 0.2
v -0.116 1.014 0.19
v -0.102 0.989 0.202
v -0.093 0.96 0.19
v 0.252 1.006 0.08
v 0.261 1.021 0.067
v 0.255 1.043 0.059
v 0.266 1.036 0.053
v 0.256 0.925 0.036
v 0.28 0.954 0.022
v 0.256 0.935 0.04
v 0.263 0.923 0.035
v 0.257 0.912 0.046
v 0.289 0.958 0.02
v 0.298 1.01 0.006
v -0.06 1.771 0.038
v -0.058 1.755 0.04
v -0.046 1.738 0.029
v -0.047 1.729 0.06
v 0.221 0.127 0.164
v 0.226 0.12 0.136
v 0.209 0.112 0.159
v 0.213 0.12 0.195
v 0.207 0.143 0.205
v 0.203 0.133 0.229
v 0.199 0.112 0.223
v 0.176 0.113 0.25
v 0.199 0.151 0.225
v 0.193 0.157 0.22
v 0.06 1.518 0.132
v 0.041 1.534 0.139
v 0.067 1.53 0.12
v 0.062 1.505 0.138
v 0.048 1.52 0.152
v -0.096 0.139 -0.17
v -0.092 0.118 -0.169
v -0.072 0.12 -0.177
v -0.111 0.132 -0.162
v -0.107 0.153 -0.159
v -0.122 0.144 -0.154
v 0.294 0.993 0.035
v 0.285 0.961 0.038
v 0.282 0.992 0.029
v 0.278 0.963 0.033
v 0.256 0.935 0.04
v 0.262 0.927 0.049
v 0.257 0.912 0.046
v 0.256 0.925 0.036
v 0.281 0.99 0.017
v 0.278 0.966 0.022
v 0.271 0.969 0.012
v 0.272 0.992 0.007
v 0.252 0.945 0.037
v 0.246 0.942 0.032
v 0.246 0.929 0.036
v 0.247 0.936 0.028
v 0.274 0.968 0.005
v 0.277 0.995 -0.005
v 0.278 0.959 0.005
v 0.247 0.936 0.028
v 0.284 0.956 0.008
v 0.246 0.929 0.036
v 0.256 0.935 0.04
v 0.28 0.954 0.022
v -0.081 0.208 -0.102
v -0.069 0.238 -0.081
v -0.089 0.23 -0.077
v -0.078 0.264 -0.056
v -0.063 0.28 -0.06
v -0.07 0.308 -0.039
v 0.269 1.013 0.073
v 0.261 1.021 0.067
v 0.259 1.003 0.073
v 0.265 0.995 0.087
v 0.272 1.026 0.077
v 0.276 1.045 0.063
v 0.272 1.036 0.059
v 0.267 1.029 0.082
v 0.272 1.057 0.062
v 0.281 1.036 0.053
v 0.299 0.108 -0.016
v 0.325 0.114 -0.019
v 0.33 0.113 -0.053
v 0.304 0.107 -0.051
v 0.32 0.109 -0.084
v 0.267 0.106 -0.14
v 0.308 0.107 -0.114
v 0.291 0.11 -0.149
v 0.279 0.115 -0.175
v 0.268 0.119 -0.199
v 0.212 0.116 -0.237
v 0.234 0.12 -0.25
v 0.228 0.121 -0.258
v 0.151 0.122 -0.314
v 0.14 0.118 -0.289
v 0.058 0.115 -0.311
v 0.063 0.119 -0.338
v 0.079 0.129 -0.348
v 0.013 0.116 -0.363
v 0.012 0.113 -0.335
v -0.035 0.115 -0.355
v -0.055 0.111 -0.314
v -0.063 0.115 -0.339
v -0.069 0.116 -0.306
v -0.06 0.112 -0.283
v -0.034 0.113 -0.251
v 0.254 0.148 0.041
v 0.236 0.166 0.042
v 0.283 0.162 0.02
v 0.261 0.181 0.027
v 0.22 0.192 0.047
v 0.238 0.208 0.035
v 0.2 0.178 0.065
v 0.212 0.161 0.066
v 0.207 0.218 0.052
v 0.215 0.25 0.042
v 0.186 0.204 0.066
v 0.18 0.174 0.093
v 0.174 0.191 0.088
v 0.163 0.177 0.107
v 0.151 0.207 0.103
v 0.166 0.221 0.087
v 0.145 0.239 0.101
v 0.159 0.267 0.087
v 0.142 0.302 0.103
v 0.149 0.336 0.094
v 0.174 0.247 0.068
v 0.187 0.285 0.059
v 0.198 0.316 0.045
v 0.166 0.297 0.071
v 0.176 0.333 0.062
v 0.181 0.377 0.049
v 0.158 0.353 0.076
v 0.166 0.38 0.067
v -0.093 0.919 0.171
v -0.129 0.929 0.194
v -0.128 0.936 0.197
v -0.15 0.966 0.21
v -0.158 0.956 0.203
v 0.14 1.418 -0.106
v 0.162 1.412 -0.1
v 0.123 1.459 -0.095
v 0.165 1.356 -0.114
v 0.203 1.3 -0.108
v 0.191 1.297 -0.118
v 0.173 1.297 -0.124
v 0.203 1.263 -0.117
v 0.189 1.257 -0.124
v 0.215 1.269 -0.106
v 0.201 1.221 -0.109
v 0.221 1.172 -0.075
v 0.199 1.335 -0.091
v 0.181 1.39 -0.087
v 0.189 1.368 -0.071
v 0.164 1.45 -0.079
v 0.146 1.451 -0.093
v 0.146 1.482 -0.085
v 0.129 1.478 -0.091
v 0.114 1.501 -0.086
v 0.171 1.448 -0.058
v 0.169 1.434 -0.037
v 0.169 1.466 -0.041
v 0.194 1.319 -0.062
v 0.198 1.295 -0.064
v 0.184 1.36 -0.054
v 0.174 1.342 -0.044
v 0.16 1.412 -0.024
v 0.148 1.456 -0.011
v 0.163 1.455 -0.027
v 0.165 1.496 -0.03
v 0.153 1.499 -0.002
v 0.146 1.478 0.004
v -0.293 0.122 0.028
v -0.277 0.113 0.082
v -0.269 0.117 0.025
v -0.302 0.117 0.085
v -0.291 0.114 0.156
v -0.268 0.11 0.141
v -0.232 0.112 0.208
v -0.251 0.114 0.223
v -0.189 0.106 0.252
v -0.206 0.108 0.272
v -0.16 0.108 0.305
v -0.154 0.107 0.277
v -0.122 0.108 0.333
v -0.112 0.109 0.306
v -0.086 0.107 0.337
v -0.079 0.107 0.309
v -0.079 0.127 0.348
v -0.06 0.109 0.317
v -0.058 0.12 0.326
v -0.039 0.113 0.259
v -0.042 0.115 0.279
v -0.021 0.11 0.232
v -0.022 0.115 0.249
v 0.026 1.73 0.161
v 0.045 1.735 0.141
v 0.028 1.726 0.151
v 0.012 1.732 0.149
v 0.017 1.711 0.161
v 0.012 1.732 0.149
v 0.028 1.726 0.151
v 0.035 1.713 0.158
v 0.046 1.726 0.142
v 0.045 1.735 0.141
v 0.036 1.705 0.152
v 0.016 1.706 0.156
v 0.032 1.695 0.155
v 0.016 1.697 0.157
v 0.015 1.689 0.148
v 0.032 1.688 0.145
v 0.045 1.685 0.131
v 0.023 1.67 0.148
v 0.037 1.667 0.136
v -0.161 0.957 0.184
v -0.138 0.933 0.172
v -0.149 0.932 0.167
v -0.127 0.926 0.151
v -0.103 0.929 0.148
v -0.15 0.935 0.16
v -0.103 0.926 0.137
v -0.125 0.934 0.143
v -0.026 1.892 -0.022
v -0.048 1.888 0
v -0.05 1.872 -0.015
v -0.037 1.898 0.011
v -0.016 1.91 0.008
v 0.007 1.909 -0.006
v -0.015 1.915 0.034
v -0.034 1.907 0.042
v -0.034 1.904 0.068
v 0.002 1.921 0.033
v 0 1.89 -0.035
v -0.02 1.875 -0.038
v 0.023 1.893 -0.031
v 0.026 1.882 -0.039
v 0.046 1.889 -0.022
v 0.042 1.903 -0.004
v 0.029 1.92 0.024
v 0.01 1.924 0.052
v 0.031 1.923 0.052
v 0.042 1.921 0.076
v -0.008 1.921 0.046
v -0.006 1.918 0.063
v 0.006 1.922 0.086
v -0.005 1.911 0.115
v 0.022 1.917 0.11
v -0.001 1.914 0.13
v 0.044 1.912 0.106
v 0.061 1.905 0.099
v 0.06 1.907 0.131
v 0.032 1.92 0.128
v 0.014 1.911 0.149
v -0.004 1.903 0.153
v 0.003 1.897 0.163
v 0.041 1.896 0.166
v 0.061 1.898 0.15
v 0.035 1.916 0.141
v -0.126 0.998 0.199
v -0.129 1.012 0.207
v -0.113 0.987 0.206
v -0.114 0.971 0.195
v -0.097 0.953 0.193
v -0.109 0.969 0.185
v -0.116 0.987 0.189
v -0.126 1.006 0.188
v 0.141 0.145 0.259
v 0.107 0.133 0.255
v 0.108 0.146 0.244
v 0.138 0.159 0.249
v 0.134 0.164 0.24
v 0.108 0.153 0.226
v 0.106 0.16 0.215
v 0.121 0.194 0.204
v 0.101 0.173 0.198
v 0.097 0.192 0.185
v 0.116 0.217 0.189
v 0.094 0.211 0.177
v 0.094 0.236 0.173
v 0.115 0.248 0.182
v 0.095 0.257 0.173
v 0.115 0.278 0.178
v 0.143 0.126 0.26
v 0.107 0.133 0.255
v 0.141 0.145 0.259
v 0.179 0.134 0.255
v 0.176 0.113 0.25
v 0.176 0.152 0.25
v 0.203 0.133 0.229
v 0.199 0.151 0.225
v -0.145 0.947 0.161
v -0.107 0.936 0.146
v -0.139 0.945 0.168
v -0.112 0.937 0.141
v -0.125 0.934 0.143
v -0.152 0.946 0.161
v -0.139 0.945 0.168
v -0.103 0.929 0.148
v -0.138 0.933 0.172
v -0.107 0.936 0.146
v -0.296 0.138 0.033
v -0.28 0.149 0.04
v -0.274 0.139 0.089
v -0.28 0.154 -0.002
v -0.284 0.13 -0.009
v -0.293 0.122 0.028
v -0.295 0.132 0.087
v -0.302 0.117 0.085
v -0.279 0.121 0.152
v 0.277 0.995 -0.005
v 0.26 0.979 0.004
v 0.265 0.999 0.001
v 0.266 0.972 -0.001
v 0.234 0.963 0.021
v -0.055 1.728 0.06
v -0.067 1.752 0.041
v -0.053 1.739 0.066
v -0.049 1.732 0.071
v 0.047 1.604 -0.004
v 0.032 1.598 -0.015
v 0.05 1.617 0.018
v 0.058 1.603 0.007
v 0.053 1.591 -0.022
v 0.053 1.631 0.036
v 0.061 1.599 0.028
v 0.08 1.585 0.002
v 0.071 1.59 -0.01
v 0.086 1.576 0.022
v 0.062 1.593 0.042
v 0.053 1.573 0.089
v 0.048 1.583 0.083
v 0.05 1.601 0.071
v 0.052 1.667 0.048
v 0.053 1.629 0.058
v 0.048 1.672 0.065
v 0.031 1.665 0.1
v 0.038 1.661 0.08
v 0.027 1.666 0.09
v 0.039 1.824 0.151
v 0.043 1.814 0.154
v 0.044 1.835 0.131
v 0.031 1.808 0.154
v 0.027 1.826 0.154
v 0.021 1.81 0.162
v 0.021 1.81 0.162
v 0.035 1.818 0.173
v 0.039 1.807 0.163
v 0.031 1.808 0.154
v 0.238 0.972 0.014
v 0.253 0.98 -0.007
v 0.26 0.979 0.004
v 0.234 0.963 0.021
v 0.066 1.725 0.043
v 0.073 1.73 0.054
v 0.074 1.724 0.04
v 0.072 1.752 0.02
v 0.084 1.749 0.017
v -0.058 1.755 0.04
v -0.067 1.752 0.041
v -0.055 1.728 0.06
v -0.047 1.729 0.06
v -0.049 1.732 0.071
v 0.266 1.036 0.053
v 0.272 1.036 0.059
v 0.281 1.036 0.053
v 0.261 1.021 0.067
v 0.269 1.013 0.073
v -0.099 0.924 0.157
v -0.086 0.912 0.155
v -0.093 0.929 0.163
v -0.094 0.928 0.173
v -0.091 0.922 0.168
v -0.091 0.922 0.169
v -0.093 0.919 0.171
v -0.103 0.929 0.148
v -0.107 0.936 0.146
v -0.103 0.926 0.137
v -0.112 0.937 0.141
v -0.138 0.962 0.199
v -0.122 0.939 0.19
v -0.116 0.947 0.196
v -0.131 0.967 0.2
v -0.015 1.592 0.094
v 0.007 1.586 0.099
v -0.03 1.581 0.098
v -0.003 1.613 0.092
v 0.018 1.595 0.093
v 0.048 1.583 0.083
v 0.02 1.66 0.092
v -0.001 1.662 0.091
v 0.003 1.667 0.099
v 0.027 1.666 0.09
v 0.038 1.661 0.08
v 0.035 1.593 0.086
v 0.05 1.601 0.071
v -0.005 1.787 0.147
v -0.014 1.784 0.14
v -0.029 1.785 0.134
v 0.002 1.781 0.137
v 0.018 1.774 0.143
v 0.03 1.773 0.145
v 0.075 1.772 0.02
v 0.086 1.764 0.014
v 0.086 1.779 0.022
v 0.072 1.752 0.02
v 0.084 1.749 0.017
v 0.076 1.77 0.036
v 0.086 1.779 0.022
v 0.082 1.768 0.02
v 0.084 1.749 0.017
v -0.071 1.774 0.038
v -0.067 1.752 0.041
v -0.058 1.755 0.04
v -0.06 1.771 0.038
v -0.059 1.785 0.052
v -0.067 1.783 0.048
v -0.005 0.219 -0.152
v -0.018 0.235 -0.116
v -0.023 0.218 -0.127
v -0.034 0.213 -0.098
v -0.055 0.193 -0.081
v -0.03 0.205 -0.138
v -0.04 0.195 -0.152
v -0.023 0.238 -0.081
v -0.04 0.226 -0.061
v -0.005 0.285 -0.095
v -0.016 0.267 -0.073
v -0.032 0.262 -0.053
v -0.013 0.3 -0.067
v -0.025 0.323 -0.049
v 0.002 0.329 -0.081
v -0.008 0.36 -0.057
v 0.005 0.365 -0.071
v -0.014 0.392 -0.045
v 0.292 0.957 0.034
v 0.257 0.912 0.046
v 0.262 0.927 0.049
v 0.285 0.961 0.038
v 0.301 0.998 0.029
v 0.294 0.993 0.035
v 0.012 1.732 0.149
v 0.005 1.742 0.147
v 0.026 1.73 0.161
v 0.024 1.741 0.162
v 0.025 1.761 0.148
v 0.01 1.757 0.142
v 0.018 1.774 0.143
v 0.009 1.769 0.134
v 0.002 1.781 0.137
v 0.005 1.742 0.147
v 0.012 1.732 0.149
v -0.003 1.72 0.147
v -0.021 1.75 0.141
v 0.01 1.757 0.142
v -0.013 1.761 0.138
v 0.009 1.769 0.134
v -0.004 1.774 0.142
v 0.002 1.781 0.137
v -0.016 1.769 0.141
v -0.014 1.784 0.14
v 0.232 0.963 0.011
v 0.253 0.98 -0.007
v 0.238 0.972 0.014
v 0.234 0.963 0.021
v -0.06 0.112 -0.283
v -0.069 0.116 -0.306
v -0.055 0.118 -0.268
v -0.034 0.113 -0.251
v 0.045 1.779 0.13
v 0.053 1.785 0.137
v 0.064 1.781 0.128
v 0.03 1.773 0.145
v 0.038 1.769 0.128
v 0.07 1.791 0.128
v 0.079 1.762 0.102
v 0.064 1.781 0.128
v 0.053 1.785 0.137
v -0.113 0.136 0.339
v -0.122 0.108 0.333
v -0.16 0.108 0.305
v -0.079 0.127 0.348
v -0.068 0.147 0.342
v -0.058 0.12 0.326
v -0.049 0.142 0.323
v -0.057 0.161 0.332
v -0.022 0.167 0.302
v -0.043 0.176 0.317
v -0.029 0.189 0.299
v -0.001 0.191 0.278
v -0.014 0.208 0.278
v 0.009 0.22 0.259
v -0.004 0.238 0.261
v 0.016 0.257 0.246
v 0.004 0.277 0.251
v 0.024 0.322 0.24
v 0.014 0.335 0.247
v 0.025 0.387 0.247
v 0.038 0.396 0.242
v 0.037 0.483 0.245
v 0.019 0.445 0.243
v 0.026 0.501 0.244
v 0.048 0.485 0.243
v 0.054 0.549 0.249
v -0.138 0.933 0.172
v -0.161 0.957 0.184
v -0.155 0.961 0.186
v -0.165 0.963 0.194
v -0.067 1.752 0.041
v -0.071 1.774 0.038
v -0.064 1.753 0.049
v -0.058 1.776 0.053
v -0.067 1.783 0.048
v 0.274 0.968 0.005
v 0.278 0.959 0.005
v 0.277 0.995 -0.005
v 0.247 0.936 0.028
v 0.382 0 -0.114
v 0.321 0.085 -0.198
v 0.339 0 -0.209
v 0.361 0.085 -0.108
v 0.398 0 -0.012
v 0.352 0.1 -0.106
v 0.313 0.1 -0.193
v 0.367 0.1 -0.011
v 0.377 0.085 -0.011
v 0.388 0 0.092
v 0.358 0.1 0.085
v 0.367 0.085 0.087
v 0.351 0 0.189
v 0.324 0.1 0.174
v 0.332 0.085 0.179
v 0.29 0 0.273
v 0.267 0.1 0.252
v 0.274 0.085 0.259
v 0.209 0 0.339
v 0.193 0.1 0.313
v 0.198 0.085 0.321
v 0.114 0 0.382
v 0.106 0.1 0.352
v 0.108 0.085 0.361
v 0.012 0 0.398
v 0.011 0.1 0.367
v 0.011 0.085 0.377
v -0.092 0 0.388
v -0.085 0.1 0.358
v -0.087 0.085 0.367
v -0.189 0 0.351
v -0.174 0.1 0.324
v -0.179 0.085 0.332
v -0.273 0 0.29
v -0.252 0.1 0.267
v -0.259 0.085 0.274
v -0.339 0 0.209
v -0.313 0.1 0.193
v -0.321 0.085 0.198
v -0.382 0 0.114
v -0.352 0.1 0.106
v -0.361 0.085 0.108
v -0.398 0 0.012
v -0.367 0.1 0.011
v -0.377 0.085 0.011
v -0.388 0 -0.092
v -0.358 0.1 -0.085
v -0.367 0.085 -0.087
v -0.351 0 -0.189
v -0.324 0.1 -0.174
v -0.332 0.085 -0.179
v -0.29 0 -0.273
v -0.267 0.1 -0.252
v -0.274 0.085 -0.259
v -0.209 0 -0.339
v -0.193 0.1 -0.313
v -0.198 0.085 -0.321
v -0.114 0 -0.382
v -0.106 0.1 -0.352
v -0.108 0.085 -0.361
v -0.012 0 -0.398
v -0.011 0.1 -0.367
v -0.011 0.085 -0.377
v 0.092 0 -0.388
v 0.085 0.1 -0.358
v 0.087 0.085 -0.367
v 0.189 0 -0.351
v 0.174 0.1 -0.324
v 0.179 0.085 -0.332
v 0.273 0 -0.29
v 0.252 0.1 -0.267
v 0.259 0.085 -0.274
v 0.339 0 -0.209
v 0.313 0.1 -0.193
v 0.321 0.085 -0.198
v 0.262 0.973 -0.01
v 0.232 0.963 0.011
v 0.246 0.963 0.008
v 0.266 0.972 -0.001
v 0.234 0.963 0.021
v -0.157 0.96 0.143
v -0.14 0.954 0.132
v -0.136 0.961 0.136
v -0.151 0.96 0.152
v -0.127 0.957 0.129
v -0.129 0.954 0.14
v -0.123 0.957 0.13
v -0.163 0.952 0.145
v -0.139 0.948 0.139
v -0.14 0.954 0.132
v -0.162 0.948 0.15
v -0.127 0.957 0.129
v -0.157 0.952 0.158
v -0.123 0.957 0.13
v -0.129 0.954 0.14
v 0.313 0.1 -0.193
v 0.352 0.1 -0.106
v 0.336 0.106 -0.101
v 0.298 0.106 -0.184
v 0 0.106 0
v 0.252 0.1 -0.267
v 0.35 0.106 -0.01
v 0.367 0.1 -0.011
v 0.24 0.106 -0.255
v 0.174 0.1 -0.324
v 0.341 0.106 0.081
v 0.358 0.1 0.085
v 0.166 0.106 -0.308
v 0.085 0.1 -0.358
v 0.308 0.106 0.166
v 0.324 0.1 0.174
v 0.081 0.106 -0.341
v 0.255 0.106 0.24
v -0.01 0.106 -0.35
v -0.011 0.1 -0.367
v 0.267 0.1 0.252
v -0.106 0.1 -0.352
v 0.184 0.106 0.298
v 0.193 0.1 0.313
v -0.101 0.106 -0.336
v -0.193 0.1 -0.313
v 0.101 0.106 0.336
v 0.106 0.1 0.352
v -0.184 0.106 -0.298
v -0.267 0.1 -0.252
v 0.01 0.106 0.35
v 0.011 0.1 0.367
v -0.255 0.106 -0.24
v -0.081 0.106 0.341
v -0.308 0.106 -0.166
v -0.324 0.1 -0.174
v -0.085 0.1 0.358
v -0.358 0.1 -0.085
v -0.166 0.106 0.308
v -0.174 0.1 0.324
v -0.341 0.106 -0.081
v -0.367 0.1 0.011
v -0.24 0.106 0.255
v -0.252 0.1 0.267
v -0.35 0.106 0.01
v -0.352 0.1 0.106
v -0.298 0.106 0.184
v -0.313 0.1 0.193
v -0.336 0.106 0.101
vt 0.087 0.0104
vt 0.0848 0.0022
vt 0.0819 0.0099
vt 0.3008 0.191
vt 0.2996 0.1803
vt 0.2952 0.1742
vt 0.9971 0.1775
vt 0.9976 0.1501
vt 0.9883 0.1373
vt 0.5776 0.2705
vt 0.5806 0.2761
vt 0.585 0.2595
vt 0.7378 0.0153
vt 0.7412 0.0195
vt 0.7417 0.002
vt 0.5029 0.0063
vt 0.5078 0.0076
vt 0.5068 0.0022
vt 0.167 0.0022
vt 0.1619 0.0035
vt 0.1672 0.0098
vt 0.4067 0.0062
vt 0.4021 0.0021
vt 0.4019 0.0086
vt 0.4036 0.3958
vt 0.395 0.377
vt 0.3911 0.3909
vt 0.2152 0.2062
vt 0.226 0.2346
vt 0.2205 0.2102
vt 0.1844 0.009
vt 0.1887 0.0062
vt 0.1832 0.0022
vt 0.8833 0.1058
vt 0.8843 0.1
vt 0.8818 0.0942
vt 0.2419 0.1851
vt 0.2423 0.1901
vt 0.249 0.1801
vt 0.1777 0.0067
vt 0.1726 0.0022
vt 0.1727 0.0095
vt 0.3579 0.0719
vt 0.3577 0.0667
vt 0.3486 0.0781
vt 0.3945 0.0021
vt 0.3911 0.0106
vt 0.3958 0.0095
vt 0.0351 0.0764
vt 0.0389 0.0658
vt 0.0339 0.0704
vt 0.5723 0.3953
vt 0.5791 0.4016
vt 0.5781 0.3777
vt 0.8926 0.4014
vt 0.9048 0.3992
vt 0.8999 0.3848
vt 0.2952 0.0041
vt 0.2988 0.0072
vt 0.2996 0.0022
vt 0.8818 0.0022
vt 0.8848 0.023
vt 0.8872 0.0036
vt 0.5352 0.0076
vt 0.5396 0.0065
vt 0.5352 0.0022
vt 0.6567 0.0398
vt 0.6553 0.0323
vt 0.6523 0.0472
vt 0.9937 0.0314
vt 0.9966 0.0418
vt 0.9976 0.0353
vt 0.8442 0.1312
vt 0.8521 0.1433
vt 0.853 0.1396
vt 0.9487 0.3984
vt 0.9458 0.3879
vt 0.9468 0.4255
vt 0.3149 0.9756
vt 0.3196 0.9756
vt 0.3196 0.9731
vt 0.3149 0.9731
vt 0.3196 0.9756
vt 0.3242 0.9756
vt 0.3242 0.9731
vt 0.3196 0.9731
vt 0.3242 0.9756
vt 0.3289 0.9756
vt 0.3289 0.9731
vt 0.3242 0.9731
vt 0.3289 0.9756
vt 0.3335 0.9756
vt 0.3335 0.9731
vt 0.3289 0.9731
vt 0.3335 0.9756
vt 0.3384 0.9756
vt 0.3384 0.9731
vt 0.3335 0.9731
vt 0.3384 0.9756
vt 0.343 0.9756
vt 0.343 0.9731
vt 0.3384 0.9731
vt 0.193 0.9756
vt 0.1978 0.9756
vt 0.1978 0.9731
vt 0.193 0.9731
vt 0.1978 0.9756
vt 0.2024 0.9756
vt 0.2024 0.9731
vt 0.1978 0.9731
vt 0.2024 0.9756
vt 0.2072 0.9756
vt 0.2072 0.9731
vt 0.2024 0.9731
vt 0.2072 0.9756
vt 0.2118 0.9756
vt 0.2118 0.9731
vt 0.2072 0.9731
vt 0.2118 0.9756
vt 0.2164 0.9756
vt 0.2164 0.9731
vt 0.2118 0.9731
vt 0.2164 0.9756
vt 0.2212 0.9756
vt 0.2212 0.9731
vt 0.2164 0.9731
vt 0.2212 0.9756
vt 0.2258 0.9756
vt 0.2258 0.9731
vt 0.2212 0.9731
vt 0.2258 0.9756
vt 0.2305 0.9756
vt 0.2305 0.9731
vt 0.2258 0.9731
vt 0.2305 0.9756
vt 0.2352 0.9756
vt 0.2352 0.9731
vt 0.2305 0.9731
vt 0.2352 0.9756
vt 0.2399 0.9756
vt 0.2399 0.9731
vt 0.2352 0.9731
vt 0.2399 0.9756
vt 0.2446 0.9756
vt 0.2446 0.9731
vt 0.2399 0.9731
vt 0.2446 0.9756
vt 0.2493 0.9756
vt 0.2493 0.9731
vt 0.2446 0.9731
vt 0.2493 0.9756
vt 0.2539 0.9756
vt 0.2539 0.9731
vt 0.2493 0.9731
vt 0.2539 0.9756
vt 0.2585 0.9756
vt 0.2585 0.9731
vt 0.2539 0.9731
vt 0.2585 0.9756
vt 0.2634 0.9756
vt 0.2634 0.9731
vt 0.2585 0.9731
vt 0.2634 0.9756
vt 0.2681 0.9756
vt 0.2681 0.9731
vt 0.2634 0.9731
vt 0.2681 0.9756
vt 0.2727 0.9756
vt 0.2727 0.9731
vt 0.2681 0.9731
vt 0.2727 0.9756
vt 0.2773 0.9756
vt 0.2773 0.9731
vt 0.2727 0.9731
vt 0.2773 0.9756
vt 0.282 0.9756
vt 0.282 0.9731
vt 0.2773 0.9731
vt 0.282 0.9756
vt 0.2866 0.9756
vt 0.2866 0.9731
vt 0.282 0.9731
vt 0.2866 0.9756
vt 0.2915 0.9756
vt 0.2915 0.9731
vt 0.2866 0.9731
vt 0.2915 0.9756
vt 0.2961 0.9756
vt 0.2961 0.9731
vt 0.2915 0.9731
vt 0.2961 0.9756
vt 0.3008 0.9756
vt 0.3008 0.9731
vt 0.2961 0.9731
vt 0.3008 0.9756
vt 0.3054 0.9756
vt 0.3054 0.9731
vt 0.3008 0.9731
vt 0.3054 0.9756
vt 0.3101 0.9756
vt 0.3101 0.9731
vt 0.3054 0.9731
vt 0.3101 0.9756
vt 0.3149 0.9756
vt 0.3149 0.9731
vt 0.3101 0.9731
vt 0.3149 0.9731
vt 0.3196 0.9731
vt 0.3196 0.9707
vt 0.3149 0.9707
vt 0.3196 0.9731
vt 0.3242 0.9731
vt 0.3242 0.9707
vt 0.3196 0.9707
vt 0.3242 0.9731
vt 0.3289 0.9731
vt 0.3289 0.9707
vt 0.3242 0.9707
vt 0.3289 0.9731
vt 0.3335 0.9731
vt 0.3335 0.9707
vt 0.3289 0.9707
vt 0.3335 0.9731
vt 0.3384 0.9731
vt 0.3384 0.9707
vt 0.3335 0.9707
vt 0.3384 0.9731
vt 0.343 0.9731
vt 0.343 0.9707
vt 0.3384 0.9707
vt 0.193 0.9731
vt 0.1978 0.9731
vt 0.1978 0.9707
vt 0.193 0.9707
vt 0.1978 0.9731
vt 0.2024 0.9731
vt 0.2024 0.9707
vt 0.1978 0.9707
vt 0.2024 0.9731
vt 0.2072 0.9731
vt 0.2072 0.9707
vt 0.2024 0.9707
vt 0.2072 0.9731
vt 0.2118 0.9731
vt 0.2118 0.9707
vt 0.2072 0.9707
vt 0.2118 0.9731
vt 0.2164 0.9731
vt 0.2164 0.9707
vt 0.2118 0.9707
vt 0.2164 0.9731
vt 0.2212 0.9731
vt 0.2212 0.9707
vt 0.2164 0.9707
vt 0.2212 0.9731
vt 0.2258 0.9731
vt 0.2258 0.9707
vt 0.2212 0.9707
vt 0.2258 0.9731
vt 0.2305 0.9731
vt 0.2305 0.9707
vt 0.2258 0.9707
vt 0.2305 0.9731
vt 0.2352 0.9731
vt 0.2352 0.9707
vt 0.2305 0.9707
vt 0.2352 0.9731
vt 0.2399 0.9731
vt 0.2399 0.9707
vt 0.2352 0.9707
vt 0.2399 0.9731
vt 0.2446 0.9731
vt 0.2446 0.9707
vt 0.2399 0.9707
vt 0.2446 0.9731
vt 0.2493 0.9731
vt 0.2493 0.9707
vt 0.2446 0.9707
vt 0.2493 0.9731
vt 0.2539 0.9731
vt 0.2539 0.9707
vt 0.2493 0.9707
vt 0.2539 0.9731
vt 0.2585 0.9731
vt 0.2585 0.9707
vt 0.2539 0.9707
vt 0.2585 0.9731
vt 0.2634 0.9731
vt 0.2634 0.9707
vt 0.2585 0.9707
vt 0.2634 0.9731
vt 0.2681 0.9731
vt 0.2681 0.9707
vt 0.2634 0.9707
vt 0.2681 0.9731
vt 0.2727 0.9731
vt 0.2727 0.9707
vt 0.2681 0.9707
vt 0.2727 0.9731
vt 0.2773 0.9731
vt 0.2773 0.9707
vt 0.2727 0.9707
vt 0.2773 0.9731
vt 0.282 0.9731
vt 0.282 0.9707
vt 0.2773 0.9707
vt 0.282 0.9731
vt 0.2866 0.9731
vt 0.2866 0.9707
vt 0.282 0.9707
vt 0.2866 0.9731
vt 0.2915 0.9731
vt 0.2915 0.9707
vt 0.2866 0.9707
vt 0.2915 0.9731
vt 0.2961 0.9731
vt 0.2961 0.9707
vt 0.2915 0.9707
vt 0.2961 0.9731
vt 0.3008 0.9731
vt 0.3008 0.9707
vt 0.2961 0.9707
vt 0.3008 0.9731
vt 0.3054 0.9731
vt 0.3054 0.9707
vt 0.3008 0.9707
vt 0.3054 0.9731
vt 0.3101 0.9731
vt 0.3101 0.9707
vt 0.3054 0.9707
vt 0.3101 0.9731
vt 0.3149 0.9731
vt 0.3149 0.9707
vt 0.3101 0.9707
vt 0.3149 0.9707
vt 0.3196 0.9707
vt 0.3196 0.9683
vt 0.3149 0.9683
vt 0.3196 0.9707
vt 0.3242 0.9707
vt 0.3242 0.9683
vt 0.3196 0.9683
vt 0.3242 0.9707
vt 0.3289 0.9707
vt 0.3289 0.9683
vt 0.3242 0.9683
vt 0.3289 0.9707
vt 0.3335 0.9707
vt 0.3335 0.9683
vt 0.3289 0.9683
vt 0.3335 0.9707
vt 0.3384 0.9707
vt 0.3384 0.9683
vt 0.3335 0.9683
vt 0.3384 0.9707
vt 0.343 0.9707
vt 0.343 0.9683
vt 0.3384 0.9683
vt 0.193 0.9707
vt 0.1978 0.9707
vt 0.1978 0.9683
vt 0.193 0.9683
vt 0.1978 0.9707
vt 0.2024 0.9707
vt 0.2024 0.9683
vt 0.1978 0.9683
vt 0.2024 0.9707
vt 0.2072 0.9707
vt 0.2072 0.9683
vt 0.2024 0.9683
vt 0.2072 0.9707
vt 0.2118 0.9707
vt 0.2118 0.9683
vt 0.2072 0.9683
vt 0.2118 0.9707
vt 0.2164 0.9707
vt 0.2164 0.9683
vt 0.2118 0.9683
vt 0.2164 0.9707
vt 0.2212 0.9707
vt 0.2212 0.9683
vt 0.2164 0.9683
vt 0.2212 0.9707
vt 0.2258 0.9707
vt 0.2258 0.9683
vt 0.2212 0.9683
vt 0.2258 0.9707
vt 0.2305 0.9707
vt 0.2305 0.9683
vt 0.2258 0.9683
vt 0.2305 0.9707
vt 0.2352 0.9707
vt 0.2352 0.9683
vt 0.2305 0.9683
vt 0.2352 0.9707
vt 0.2399 0.9707
vt 0.2399 0.9683
vt 0.2352 0.9683
vt 0.2399 0.9707
vt 0.2446 0.9707
vt 0.2446 0.9683
vt 0.2399 0.9683
vt 0.2446 0.9707
vt 0.2493 0.9707
vt 0.2493 0.9683
vt 0.2446 0.9683
vt 0.2493 0.9707
vt 0.2539 0.9707
vt 0.2539 0.9683
vt 0.2493 0.9683
vt 0.2539 0.9707
vt 0.2585 0.9707
vt 0.2585 0.9683
vt 0.2539 0.9683
vt 0.2585 0.9707
vt 0.2634 0.9707
vt 0.2634 0.9683
vt 0.2585 0.9683
vt 0.2634 0.9707
vt 0.2681 0.9707
vt 0.2681 0.9683
vt 0.2634 0.9683
vt 0.2681 0.9707
vt 0.2727 0.9707
vt 0.2727 0.9683
vt 0.2681 0.9683
vt 0.2727 0.9707
vt 0.2773 0.9707
vt 0.2773 0.9683
vt 0.2727 0.9683
vt 0.2773 0.9707
vt 0.282 0.9707
vt 0.282 0.9683
vt 0.2773 0.9683
vt 0.282 0.9707
vt 0.2866 0.9707
vt 0.2866 0.9683
vt 0.282 0.9683
vt 0.2866 0.9707
vt 0.2915 0.9707
vt 0.2915 0.9683
vt 0.2866 0.9683
vt 0.2915 0.9707
vt 0.2961 0.9707
vt 0.2961 0.9683
vt 0.2915 0.9683
vt 0.2961 0.9707
vt 0.3008 0.9707
vt 0.3008 0.9683
vt 0.2961 0.9683
vt 0.3008 0.9707
vt 0.3054 0.9707
vt 0.3054 0.9683
vt 0.3008 0.9683
vt 0.3054 0.9707
vt 0.3101 0.9707
vt 0.3101 0.9683
vt 0.3054 0.9683
vt 0.3101 0.9707
vt 0.3149 0.9707
vt 0.3149 0.9683
vt 0.3101 0.9683
vt 0.3149 0.9683
vt 0.3196 0.9683
vt 0.3196 0.9653
vt 0.3149 0.9653
vt 0.3196 0.9683
vt 0.3242 0.9683
vt 0.3242 0.9653
vt 0.3196 0.9653
vt 0.3242 0.9683
vt 0.3289 0.9683
vt 0.3289 0.9653
vt 0.3242 0.9653
vt 0.3289 0.9683
vt 0.3335 0.9683
vt 0.3335 0.9653
vt 0.3289 0.9653
vt 0.3335 0.9683
vt 0.3384 0.9683
vt 0.3384 0.9653
vt 0.3335 0.9653
vt 0.3384 0.9683
vt 0.343 0.9683
vt 0.343 0.9653
vt 0.3384 0.9653
vt 0.193 0.9683
vt 0.1978 0.9683
vt 0.1978 0.9653
vt 0.193 0.9653
vt 0.1978 0.9683
vt 0.2024 0.9683
vt 0.2024 0.9653
vt 0.1978 0.9653
vt 0.2024 0.9683
vt 0.2072 0.9683
vt 0.2072 0.9653
vt 0.2024 0.9653
vt 0.2072 0.9683
vt 0.2118 0.9683
vt 0.2118 0.9653
vt 0.2072 0.9653
vt 0.2118 0.9683
vt 0.2164 0.9683
vt 0.2164 0.9653
vt 0.2118 0.9653
vt 0.2164 0.9683
vt 0.2212 0.9683
vt 0.2212 0.9653
vt 0.2164 0.9653
vt 0.2212 0.9683
vt 0.2258 0.9683
vt 0.2258 0.9653
vt 0.2212 0.9653
vt 0.2258 0.9683
vt 0.2305 0.9683
vt 0.2305 0.9653
vt 0.2258 0.9653
vt 0.2305 0.9683
vt 0.2352 0.9683
vt 0.2352 0.9653
vt 0.2305 0.9653
vt 0.2352 0.9683
vt 0.2399 0.9683
vt 0.2399 0.9653
vt 0.2352 0.9653
vt 0.2399 0.9683
vt 0.2446 0.9683
vt 0.2446 0.9653
vt 0.2399 0.9653
vt 0.2446 0.9683
vt 0.2493 0.9683
vt 0.2493 0.9653
vt 0.2446 0.9653
vt 0.2493 0.9683
vt 0.2539 0.9683
vt 0.2539 0.9653
vt 0.2493 0.9653
vt 0.2539 0.9683
vt 0.2585 0.9683
vt 0.2585 0.9653
vt 0.2539 0.9653
vt 0.2585 0.9683
vt 0.2634 0.9683
vt 0.2634 0.9653
vt 0.2585 0.9653
vt 0.2634 0.9683
vt 0.2681 0.9683
vt 0.2681 0.9653
vt 0.2634 0.9653
vt 0.2681 0.9683
vt 0.2727 0.9683
vt 0.2727 0.9653
vt 0.2681 0.9653
vt 0.2727 0.9683
vt 0.2773 0.9683
vt 0.2773 0.9653
vt 0.2727 0.9653
vt 0.2773 0.9683
vt 0.282 0.9683
vt 0.282 0.9653
vt 0.2773 0.9653
vt 0.282 0.9683
vt 0.2866 0.9683
vt 0.2866 0.9653
vt 0.282 0.9653
vt 0.2866 0.9683
vt 0.2915 0.9683
vt 0.2915 0.9653
vt 0.2866 0.9653
vt 0.2915 0.9683
vt 0.2961 0.9683
vt 0.2961 0.9653
vt 0.2915 0.9653
vt 0.2961 0.9683
vt 0.3008 0.9683
vt 0.3008 0.9653
vt 0.2961 0.9653
vt 0.3008 0.9683
vt 0.3054 0.9683
vt 0.3054 0.9653
vt 0.3008 0.9653
vt 0.3054 0.9683
vt 0.3101 0.9683
vt 0.3101 0.9653
vt 0.3054 0.9653
vt 0.3101 0.9683
vt 0.3149 0.9683
vt 0.3149 0.9653
vt 0.3101 0.9653
vt 0.3149 0.9854
vt 0.3196 0.9854
vt 0.3196 0.9824
vt 0.3149 0.9824
vt 0.3196 0.9854
vt 0.3242 0.9854
vt 0.3242 0.9824
vt 0.3196 0.9824
vt 0.3242 0.9854
vt 0.3289 0.9854
vt 0.3289 0.9824
vt 0.3242 0.9824
vt 0.3289 0.9854
vt 0.3335 0.9854
vt 0.3335 0.9824
vt 0.3289 0.9824
vt 0.3335 0.9854
vt 0.3384 0.9854
vt 0.3384 0.9824
vt 0.3335 0.9824
vt 0.3384 0.9854
vt 0.343 0.9854
vt 0.343 0.9824
vt 0.3384 0.9824
vt 0.193 0.9854
vt 0.1978 0.9854
vt 0.1978 0.9824
vt 0.193 0.9824
vt 0.1978 0.9854
vt 0.2024 0.9854
vt 0.2024 0.9824
vt 0.1978 0.9824
vt 0.2024 0.9854
vt 0.2072 0.9854
vt 0.2072 0.9824
vt 0.2024 0.9824
vt 0.2072 0.9854
vt 0.2118 0.9854
vt 0.2118 0.9824
vt 0.2072 0.9824
vt 0.2118 0.9854
vt 0.2164 0.9854
vt 0.2164 0.9824
vt 0.2118 0.9824
vt 0.2164 0.9854
vt 0.2212 0.9854
vt 0.2212 0.9824
vt 0.2164 0.9824
vt 0.2212 0.9854
vt 0.2258 0.9854
vt 0.2258 0.9824
vt 0.2212 0.9824
vt 0.2258 0.9854
vt 0.2305 0.9854
vt 0.2305 0.9824
vt 0.2258 0.9824
vt 0.2305 0.9854
vt 0.2352 0.9854
vt 0.2352 0.9824
vt 0.2305 0.9824
vt 0.2352 0.9854
vt 0.2399 0.9854
vt 0.2399 0.9824
vt 0.2352 0.9824
vt 0.2399 0.9854
vt 0.2446 0.9854
vt 0.2446 0.9824
vt 0.2399 0.9824
vt 0.2446 0.9854
vt 0.2493 0.9854
vt 0.2493 0.9824
vt 0.2446 0.9824
vt 0.2493 0.9854
vt 0.2539 0.9854
vt 0.2539 0.9824
vt 0.2493 0.9824
vt 0.2539 0.9854
vt 0.2585 0.9854
vt 0.2585 0.9824
vt 0.2539 0.9824
vt 0.2585 0.9854
vt 0.2634 0.9854
vt 0.2634 0.9824
vt 0.2585 0.9824
vt 0.2634 0.9854
vt 0.2681 0.9854
vt 0.2681 0.9824
vt 0.2634 0.9824
vt 0.2681 0.9854
vt 0.2727 0.9854
vt 0.2727 0.9824
vt 0.2681 0.9824
vt 0.2727 0.9854
vt 0.2773 0.9854
vt 0.2773 0.9824
vt 0.2727 0.9824
vt 0.2773 0.9854
vt 0.282 0.9854
vt 0.282 0.9824
vt 0.2773 0.9824
vt 0.282 0.9854
vt 0.2866 0.9854
vt 0.2866 0.9824
vt 0.282 0.9824
vt 0.2866 0.9854
vt 0.2915 0.9854
vt 0.2915 0.9824
vt 0.2866 0.9824
vt 0.2915 0.9854
vt 0.2961 0.9854
vt 0.2961 0.9824
vt 0.2915 0.9824
vt 0.2961 0.9854
vt 0.3008 0.9854
vt 0.3008 0.9824
vt 0.2961 0.9824
vt 0.3008 0.9854
vt 0.3054 0.9854
vt 0.3054 0.9824
vt 0.3008 0.9824
vt 0.3054 0.9854
vt 0.3101 0.9854
vt 0.3101 0.9824
vt 0.3054 0.9824
vt 0.3101 0.9854
vt 0.3149 0.9854
vt 0.3149 0.9824
vt 0.3101 0.9824
vt 0.3149 0.9824
vt 0.3196 0.9824
vt 0.3196 0.98
vt 0.3149 0.98
vt 0.3196 0.9824
vt 0.3242 0.9824
vt 0.3242 0.98
vt 0.3196 0.98
vt 0.3242 0.9824
vt 0.3289 0.9824
vt 0.3289 0.98
vt 0.3242 0.98
vt 0.3289 0.9824
vt 0.3335 0.9824
vt 0.3335 0.98
vt 0.3289 0.98
vt 0.3335 0.9824
vt 0.3384 0.9824
vt 0.3384 0.98
vt 0.3335 0.98
vt 0.3384 0.9824
vt 0.343 0.9824
vt 0.343 0.98
vt 0.3384 0.98
vt 0.193 0.9824
vt 0.1978 0.9824
vt 0.1978 0.98
vt 0.193 0.98
vt 0.1978 0.9824
vt 0.2024 0.9824
vt 0.2024 0.98
vt 0.1978 0.98
vt 0.2024 0.9824
vt 0.2072 0.9824
vt 0.2072 0.98
vt 0.2024 0.98
vt 0.2072 0.9824
vt 0.2118 0.9824
vt 0.2118 0.98
vt 0.2072 0.98
vt 0.2118 0.9824
vt 0.2164 0.9824
vt 0.2164 0.98
vt 0.2118 0.98
vt 0.2164 0.9824
vt 0.2212 0.9824
vt 0.2212 0.98
vt 0.2164 0.98
vt 0.2212 0.9824
vt 0.2258 0.9824
vt 0.2258 0.98
vt 0.2212 0.98
vt 0.2258 0.9824
vt 0.2305 0.9824
vt 0.2305 0.98
vt 0.2258 0.98
vt 0.2305 0.9824
vt 0.2352 0.9824
vt 0.2352 0.98
vt 0.2305 0.98
vt 0.2352 0.9824
vt 0.2399 0.9824
vt 0.2399 0.98
vt 0.2352 0.98
vt 0.2399 0.9824
vt 0.2446 0.9824
vt 0.2446 0.98
vt 0.2399 0.98
vt 0.2446 0.9824
vt 0.2493 0.9824
vt 0.2493 0.98
vt 0.2446 0.98
vt 0.2493 0.9824
vt 0.2539 0.9824
vt 0.2539 0.98
vt 0.2493 0.98
vt 0.2539 0.9824
vt 0.2585 0.9824
vt 0.2585 0.98
vt 0.2539 0.98
vt 0.2585 0.9824
vt 0.2634 0.9824
vt 0.2634 0.98
vt 0.2585 0.98
vt 0.2634 0.9824
vt 0.2681 0.9824
vt 0.2681 0.98
vt 0.2634 0.98
vt 0.2681 0.9824
vt 0.2727 0.9824
vt 0.2727 0.98
vt 0.2681 0.98
vt 0.2727 0.9824
vt 0.2773 0.9824
vt 0.2773 0.98
vt 0.2727 0.98
vt 0.2773 0.9824
vt 0.282 0.9824
vt 0.282 0.98
vt 0.2773 0.98
vt 0.282 0.9824
vt 0.2866 0.9824
vt 0.2866 0.98
vt 0.282 0.98
vt 0.2866 0.9824
vt 0.2915 0.9824
vt 0.2915 0.98
vt 0.2866 0.98
vt 0.2915 0.9824
vt 0.2961 0.9824
vt 0.2961 0.98
vt 0.2915 0.98
vt 0.2961 0.9824
vt 0.3008 0.9824
vt 0.3008 0.98
vt 0.2961 0.98
vt 0.3008 0.9824
vt 0.3054 0.9824
vt 0.3054 0.98
vt 0.3008 0.98
vt 0.3054 0.9824
vt 0.3101 0.9824
vt 0.3101 0.98
vt 0.3054 0.98
vt 0.3101 0.9824
vt 0.3149 0.9824
vt 0.3149 0.98
vt 0.3101 0.98
vt 0.3149 0.98
vt 0.3196 0.98
vt 0.3196 0.9775
vt 0.3149 0.9775
vt 0.3196 0.98
vt 0.3242 0.98
vt 0.3242 0.9775
vt 0.3196 0.9775
vt 0.3242 0.98
vt 0.3289 0.98
vt 0.3289 0.9775
vt 0.3242 0.9775
vt 0.3289 0.98
vt 0.3335 0.98
vt 0.3335 0.9775
vt 0.3289 0.9775
vt 0.3335 0.98
vt 0.3384 0.98
vt 0.3384 0.9775
vt 0.3335 0.9775
vt 0.3384 0.98
vt 0.343 0.98
vt 0.343 0.9775
vt 0.3384 0.9775
vt 0.193 0.98
vt 0.1978 0.98
vt 0.1978 0.9775
vt 0.193 0.9775
vt 0.1978 0.98
vt 0.2024 0.98
vt 0.2024 0.9775
vt 0.1978 0.9775
vt 0.2024 0.98
vt 0.2072 0.98
vt 0.2072 0.9775
vt 0.2024 0.9775
vt 0.2072 0.98
vt 0.2118 0.98
vt 0.2118 0.9775
vt 0.2072 0.9775
vt 0.2118 0.98
vt 0.2164 0.98
vt 0.2164 0.9775
vt 0.2118 0.9775
vt 0.2164 0.98
vt 0.2212 0.98
vt 0.2212 0.9775
vt 0.2164 0.9775
vt 0.2212 0.98
vt 0.2258 0.98
vt 0.2258 0.9775
vt 0.2212 0.9775
vt 0.2258 0.98
vt 0.2305 0.98
vt 0.2305 0.9775
vt 0.2258 0.9775
vt 0.2305 0.98
vt 0.2352 0.98
vt 0.2352 0.9775
vt 0.2305 0.9775
vt 0.2352 0.98
vt 0.2399 0.98
vt 0.2399 0.9775
vt 0.2352 0.9775
vt 0.2399 0.98
vt 0.2446 0.98
vt 0.2446 0.9775
vt 0.2399 0.9775
vt 0.2446 0.98
vt 0.2493 0.98
vt 0.2493 0.9775
vt 0.2446 0.9775
vt 0.2493 0.98
vt 0.2539 0.98
vt 0.2539 0.9775
vt 0.2493 0.9775
vt 0.2539 0.98
vt 0.2585 0.98
vt 0.2585 0.9775
vt 0.2539 0.9775
vt 0.2585 0.98
vt 0.2634 0.98
vt 0.2634 0.9775
vt 0.2585 0.9775
vt 0.2634 0.98
vt 0.2681 0.98
vt 0.2681 0.9775
vt 0.2634 0.9775
vt 0.2681 0.98
vt 0.2727 0.98
vt 0.2727 0.9775
vt 0.2681 0.9775
vt 0.2727 0.98
vt 0.2773 0.98
vt 0.2773 0.9775
vt 0.2727 0.9775
vt 0.2773 0.98
vt 0.282 0.98
vt 0.282 0.9775
vt 0.2773 0.9775
vt 0.282 0.98
vt 0.2866 0.98
vt 0.2866 0.9775
vt 0.282 0.9775
vt 0.2866 0.98
vt 0.2915 0.98
vt 0.2915 0.9775
vt 0.2866 0.9775
vt 0.2915 0.98
vt 0.2961 0.98
vt 0.2961 0.9775
vt 0.2915 0.9775
vt 0.2961 0.98
vt 0.3008 0.98
vt 0.3008 0.9775
vt 0.2961 0.9775
vt 0.3008 0.98
vt 0.3054 0.98
vt 0.3054 0.9775
vt 0.3008 0.9775
vt 0.3054 0.98
vt 0.3101 0.98
vt 0.3101 0.9775
vt 0.3054 0.9775
vt 0.3101 0.98
vt 0.3149 0.98
vt 0.3149 0.9775
vt 0.3101 0.9775
vt 0.3149 0.9775
vt 0.3196 0.9775
vt 0.3196 0.9756
vt 0.3149 0.9756
vt 0.3196 0.9775
vt 0.3242 0.9775
vt 0.3242 0.9756
vt 0.3196 0.9756
vt 0.3242 0.9775
vt 0.3289 0.9775
vt 0.3289 0.9756
vt 0.3242 0.9756
vt 0.3289 0.9775
vt 0.3335 0.9775
vt 0.3335 0.9756
vt 0.3289 0.9756
vt 0.3335 0.9775
vt 0.3384 0.9775
vt 0.3384 0.9756
vt 0.3335 0.9756
vt 0.3384 0.9775
vt 0.343 0.9775
vt 0.343 0.9756
vt 0.3384 0.9756
vt 0.193 0.9775
vt 0.1978 0.9775
vt 0.1978 0.9756
vt 0.193 0.9756
vt 0.1978 0.9775
vt 0.2024 0.9775
vt 0.2024 0.9756
vt 0.1978 0.9756
vt 0.2024 0.9775
vt 0.2072 0.9775
vt 0.2072 0.9756
vt 0.2024 0.9756
vt 0.2072 0.9775
vt 0.2118 0.9775
vt 0.2118 0.9756
vt 0.2072 0.9756
vt 0.2118 0.9775
vt 0.2164 0.9775
vt 0.2164 0.9756
vt 0.2118 0.9756
vt 0.2164 0.9775
vt 0.2212 0.9775
vt 0.2212 0.9756
vt 0.2164 0.9756
vt 0.2212 0.9775
vt 0.2258 0.9775
vt 0.2258 0.9756
vt 0.2212 0.9756
vt 0.2258 0.9775
vt 0.2305 0.9775
vt 0.2305 0.9756
vt 0.2258 0.9756
vt 0.2305 0.9775
vt 0.2352 0.9775
vt 0.2352 0.9756
vt 0.2305 0.9756
vt 0.2352 0.9775
vt 0.2399 0.9775
vt 0.2399 0.9756
vt 0.2352 0.9756
vt 0.2399 0.9775
vt 0.2446 0.9775
vt 0.2446 0.9756
vt 0.2399 0.9756
vt 0.2446 0.9775
vt 0.2493 0.9775
vt 0.2493 0.9756
vt 0.2446 0.9756
vt 0.2493 0.9775
vt 0.2539 0.9775
vt 0.2539 0.9756
vt 0.2493 0.9756
vt 0.2539 0.9775
vt 0.2585 0.9775
vt 0.2585 0.9756
vt 0.2539 0.9756
vt 0.2585 0.9775
vt 0.2634 0.9775
vt 0.2634 0.9756
vt 0.2585 0.9756
vt 0.2634 0.9775
vt 0.2681 0.9775
vt 0.2681 0.9756
vt 0.2634 0.9756
vt 0.2681 0.9775
vt 0.2727 0.9775
vt 0.2727 0.9756
vt 0.2681 0.9756
vt 0.2727 0.9775
vt 0.2773 0.9775
vt 0.2773 0.9756
vt 0.2727 0.9756
vt 0.2773 0.9775
vt 0.282 0.9775
vt 0.282 0.9756
vt 0.2773 0.9756
vt 0.282 0.9775
vt 0.2866 0.9775
vt 0.2866 0.9756
vt 0.282 0.9756
vt 0.2866 0.9775
vt 0.2915 0.9775
vt 0.2915 0.9756
vt 0.2866 0.9756
vt 0.2915 0.9775
vt 0.2961 0.9775
vt 0.2961 0.9756
vt 0.2915 0.9756
vt 0.2961 0.9775
vt 0.3008 0.9775
vt 0.3008 0.9756
vt 0.2961 0.9756
vt 0.3008 0.9775
vt 0.3054 0.9775
vt 0.3054 0.9756
vt 0.3008 0.9756
vt 0.3054 0.9775
vt 0.3101 0.9775
vt 0.3101 0.9756
vt 0.3054 0.9756
vt 0.3101 0.9775
vt 0.3149 0.9775
vt 0.3149 0.9756
vt 0.3101 0.9756
vt 0.3145 0.9478
vt 0.3145 0.9497
vt 0.3191 0.9497
vt 0.3191 0.9478
vt 0.3191 0.9478
vt 0.3191 0.9497
vt 0.324 0.9497
vt 0.324 0.9478
vt 0.324 0.9478
vt 0.324 0.9497
vt 0.3286 0.9497
vt 0.3286 0.9478
vt 0.3286 0.9478
vt 0.3286 0.9497
vt 0.3333 0.9497
vt 0.3333 0.9478
vt 0.3333 0.9478
vt 0.3333 0.9497
vt 0.3379 0.9497
vt 0.3379 0.9478
vt 0.3379 0.9478
vt 0.3379 0.9497
vt 0.3425 0.9497
vt 0.3425 0.9478
vt 0.1927 0.9478
vt 0.1927 0.9497
vt 0.1974 0.9497
vt 0.1974 0.9478
vt 0.1974 0.9478
vt 0.1974 0.9497
vt 0.202 0.9497
vt 0.202 0.9478
vt 0.202 0.9478
vt 0.202 0.9497
vt 0.2068 0.9497
vt 0.2068 0.9478
vt 0.2068 0.9478
vt 0.2068 0.9497
vt 0.2114 0.9497
vt 0.2114 0.9478
vt 0.2114 0.9478
vt 0.2114 0.9497
vt 0.2161 0.9497
vt 0.2161 0.9478
vt 0.2161 0.9478
vt 0.2161 0.9497
vt 0.2208 0.9497
vt 0.2208 0.9478
vt 0.2208 0.9478
vt 0.2208 0.9497
vt 0.2255 0.9497
vt 0.2255 0.9478
vt 0.2255 0.9478
vt 0.2255 0.9497
vt 0.2302 0.9497
vt 0.2302 0.9478
vt 0.2302 0.9478
vt 0.2302 0.9497
vt 0.2349 0.9497
vt 0.2349 0.9478
vt 0.2349 0.9478
vt 0.2349 0.9497
vt 0.2395 0.9497
vt 0.2395 0.9478
vt 0.2395 0.9478
vt 0.2395 0.9497
vt 0.2443 0.9497
vt 0.2443 0.9478
vt 0.2443 0.9478
vt 0.2443 0.9497
vt 0.2489 0.9497
vt 0.2489 0.9478
vt 0.2489 0.9478
vt 0.2489 0.9497
vt 0.2537 0.9497
vt 0.2537 0.9478
vt 0.2537 0.9478
vt 0.2537 0.9497
vt 0.2583 0.9497
vt 0.2583 0.9478
vt 0.2583 0.9478
vt 0.2583 0.9497
vt 0.2629 0.9497
vt 0.2629 0.9478
vt 0.2629 0.9478
vt 0.2629 0.9497
vt 0.2676 0.9497
vt 0.2676 0.9478
vt 0.2676 0.9478
vt 0.2676 0.9497
vt 0.2725 0.9497
vt 0.2725 0.9478
vt 0.2725 0.9478
vt 0.2725 0.9497
vt 0.2771 0.9497
vt 0.2771 0.9478
vt 0.2771 0.9478
vt 0.2771 0.9497
vt 0.2817 0.9497
vt 0.2817 0.9478
vt 0.2817 0.9478
vt 0.2817 0.9497
vt 0.2864 0.9497
vt 0.2864 0.9478
vt 0.2864 0.9478
vt 0.2864 0.9497
vt 0.291 0.9497
vt 0.291 0.9478
vt 0.291 0.9478
vt 0.291 0.9497
vt 0.2957 0.9497
vt 0.2957 0.9478
vt 0.2957 0.9478
vt 0.2957 0.9497
vt 0.3005 0.9497
vt 0.3005 0.9478
vt 0.3005 0.9478
vt 0.3005 0.9497
vt 0.3052 0.9497
vt 0.3052 0.9478
vt 0.3052 0.9478
vt 0.3052 0.9497
vt 0.3098 0.9497
vt 0.3098 0.9478
vt 0.3098 0.9478
vt 0.3098 0.9497
vt 0.3145 0.9497
vt 0.3145 0.9478
vt 0.3145 0.9497
vt 0.3145 0.9521
vt 0.3191 0.9521
vt 0.3191 0.9497
vt 0.3191 0.9497
vt 0.3191 0.9521
vt 0.324 0.9521
vt 0.324 0.9497
vt 0.324 0.9497
vt 0.324 0.9521
vt 0.3286 0.9521
vt 0.3286 0.9497
vt 0.3286 0.9497
vt 0.3286 0.9521
vt 0.3333 0.9521
vt 0.3333 0.9497
vt 0.3333 0.9497
vt 0.3333 0.9521
vt 0.3379 0.9521
vt 0.3379 0.9497
vt 0.3379 0.9497
vt 0.3379 0.9521
vt 0.3425 0.9521
vt 0.3425 0.9497
vt 0.1927 0.9497
vt 0.1927 0.9521
vt 0.1974 0.9521
vt 0.1974 0.9497
vt 0.1974 0.9497
vt 0.1974 0.9521
vt 0.202 0.9521
vt 0.202 0.9497
vt 0.202 0.9497
vt 0.202 0.9521
vt 0.2068 0.9521
vt 0.2068 0.9497
vt 0.2068 0.9497
vt 0.2068 0.9521
vt 0.2114 0.9521
vt 0.2114 0.9497
vt 0.2114 0.9497
vt 0.2114 0.9521
vt 0.2161 0.9521
vt 0.2161 0.9497
vt 0.2161 0.9497
vt 0.2161 0.9521
vt 0.2208 0.9521
vt 0.2208 0.9497
vt 0.2208 0.9497
vt 0.2208 0.9521
vt 0.2255 0.9521
vt 0.2255 0.9497
vt 0.2255 0.9497
vt 0.2255 0.9521
vt 0.2302 0.9521
vt 0.2302 0.9497
vt 0.2302 0.9497
vt 0.2302 0.9521
vt 0.2349 0.9521
vt 0.2349 0.9497
vt 0.2349 0.9497
vt 0.2349 0.9521
vt 0.2395 0.9521
vt 0.2395 0.9497
vt 0.2395 0.9497
vt 0.2395 0.9521
vt 0.2443 0.9521
vt 0.2443 0.9497
vt 0.2443 0.9497
vt 0.2443 0.9521
vt 0.2489 0.9521
vt 0.2489 0.9497
vt 0.2489 0.9497
vt 0.2489 0.9521
vt 0.2537 0.9521
vt 0.2537 0.9497
vt 0.2537 0.9497
vt 0.2537 0.9521
vt 0.2583 0.9521
vt 0.2583 0.9497
vt 0.2583 0.9497
vt 0.2583 0.9521
vt 0.2629 0.9521
vt 0.2629 0.9497
vt 0.2629 0.9497
vt 0.2629 0.9521
vt 0.2676 0.9521
vt 0.2676 0.9497
vt 0.2676 0.9497
vt 0.2676 0.9521
vt 0.2725 0.9521
vt 0.2725 0.9497
vt 0.2725 0.9497
vt 0.2725 0.9521
vt 0.2771 0.9521
vt 0.2771 0.9497
vt 0.2771 0.9497
vt 0.2771 0.9521
vt 0.2817 0.9521
vt 0.2817 0.9497
vt 0.2817 0.9497
vt 0.2817 0.9521
vt 0.2864 0.9521
vt 0.2864 0.9497
vt 0.2864 0.9497
vt 0.2864 0.9521
vt 0.291 0.9521
vt 0.291 0.9497
vt 0.291 0.9497
vt 0.291 0.9521
vt 0.2957 0.9521
vt 0.2957 0.9497
vt 0.2957 0.9497
vt 0.2957 0.9521
vt 0.3005 0.9521
vt 0.3005 0.9497
vt 0.3005 0.9497
vt 0.3005 0.9521
vt 0.3052 0.9521
vt 0.3052 0.9497
vt 0.3052 0.9497
vt 0.3052 0.9521
vt 0.3098 0.9521
vt 0.3098 0.9497
vt 0.3098 0.9497
vt 0.3098 0.9521
vt 0.3145 0.9521
vt 0.3145 0.9497
vt 0.3145 0.9521
vt 0.3145 0.9546
vt 0.3191 0.9546
vt 0.3191 0.9521
vt 0.3191 0.9521
vt 0.3191 0.9546
vt 0.324 0.9546
vt 0.324 0.9521
vt 0.324 0.9521
vt 0.324 0.9546
vt 0.3286 0.9546
vt 0.3286 0.9521
vt 0.3286 0.9521
vt 0.3286 0.9546
vt 0.3333 0.9546
vt 0.3333 0.9521
vt 0.3333 0.9521
vt 0.3333 0.9546
vt 0.3379 0.9546
vt 0.3379 0.9521
vt 0.3379 0.9521
vt 0.3379 0.9546
vt 0.3425 0.9546
vt 0.3425 0.9521
vt 0.1927 0.9521
vt 0.1927 0.9546
vt 0.1974 0.9546
vt 0.1974 0.9521
vt 0.1974 0.9521
vt 0.1974 0.9546
vt 0.202 0.9546
vt 0.202 0.9521
vt 0.202 0.9521
vt 0.202 0.9546
vt 0.2068 0.9546
vt 0.2068 0.9521
vt 0.2068 0.9521
vt 0.2068 0.9546
vt 0.2114 0.9546
vt 0.2114 0.9521
vt 0.2114 0.9521
vt 0.2114 0.9546
vt 0.2161 0.9546
vt 0.2161 0.9521
vt 0.2161 0.9521
vt 0.2161 0.9546
vt 0.2208 0.9546
vt 0.2208 0.9521
vt 0.2208 0.9521
vt 0.2208 0.9546
vt 0.2255 0.9546
vt 0.2255 0.9521
vt 0.2255 0.9521
vt 0.2255 0.9546
vt 0.2302 0.9546
vt 0.2302 0.9521
vt 0.2302 0.9521
vt 0.2302 0.9546
vt 0.2349 0.9546
vt 0.2349 0.9521
vt 0.2349 0.9521
vt 0.2349 0.9546
vt 0.2395 0.9546
vt 0.2395 0.9521
vt 0.2395 0.9521
vt 0.2395 0.9546
vt 0.2443 0.9546
vt 0.2443 0.9521
vt 0.2443 0.9521
vt 0.2443 0.9546
vt 0.2489 0.9546
vt 0.2489 0.9521
vt 0.2489 0.9521
vt 0.2489 0.9546
vt 0.2537 0.9546
vt 0.2537 0.9521
vt 0.2537 0.9521
vt 0.2537 0.9546
vt 0.2583 0.9546
vt 0.2583 0.9521
vt 0.2583 0.9521
vt 0.2583 0.9546
vt 0.2629 0.9546
vt 0.2629 0.9521
vt 0.2629 0.9521
vt 0.2629 0.9546
vt 0.2676 0.9546
vt 0.2676 0.9521
vt 0.2676 0.9521
vt 0.2676 0.9546
vt 0.2725 0.9546
vt 0.2725 0.9521
vt 0.2725 0.9521
vt 0.2725 0.9546
vt 0.2771 0.9546
vt 0.2771 0.9521
vt 0.2771 0.9521
vt 0.2771 0.9546
vt 0.2817 0.9546
vt 0.2817 0.9521
vt 0.2817 0.9521
vt 0.2817 0.9546
vt 0.2864 0.9546
vt 0.2864 0.9521
vt 0.2864 0.9521
vt 0.2864 0.9546
vt 0.291 0.9546
vt 0.291 0.9521
vt 0.291 0.9521
vt 0.291 0.9546
vt 0.2957 0.9546
vt 0.2957 0.9521
vt 0.2957 0.9521
vt 0.2957 0.9546
vt 0.3005 0.9546
vt 0.3005 0.9521
vt 0.3005 0.9521
vt 0.3005 0.9546
vt 0.3052 0.9546
vt 0.3052 0.9521
vt 0.3052 0.9521
vt 0.3052 0.9546
vt 0.3098 0.9546
vt 0.3098 0.9521
vt 0.3098 0.9521
vt 0.3098 0.9546
vt 0.3145 0.9546
vt 0.3145 0.9521
vt 0.3145 0.9546
vt 0.3145 0.9575
vt 0.3191 0.9575
vt 0.3191 0.9546
vt 0.3191 0.9546
vt 0.3191 0.9575
vt 0.324 0.9575
vt 0.324 0.9546
vt 0.324 0.9546
vt 0.324 0.9575
vt 0.3286 0.9575
vt 0.3286 0.9546
vt 0.3286 0.9546
vt 0.3286 0.9575
vt 0.3333 0.9575
vt 0.3333 0.9546
vt 0.3333 0.9546
vt 0.3333 0.9575
vt 0.3379 0.9575
vt 0.3379 0.9546
vt 0.3379 0.9546
vt 0.3379 0.9575
vt 0.3425 0.9575
vt 0.3425 0.9546
vt 0.1927 0.9546
vt 0.1927 0.9575
vt 0.1974 0.9575
vt 0.1974 0.9546
vt 0.1974 0.9546
vt 0.1974 0.9575
vt 0.202 0.9575
vt 0.202 0.9546
vt 0.202 0.9546
vt 0.202 0.9575
vt 0.2068 0.9575
vt 0.2068 0.9546
vt 0.2068 0.9546
vt 0.2068 0.9575
vt 0.2114 0.9575
vt 0.2114 0.9546
vt 0.2114 0.9546
vt 0.2114 0.9575
vt 0.2161 0.9575
vt 0.2161 0.9546
vt 0.2161 0.9546
vt 0.2161 0.9575
vt 0.2208 0.9575
vt 0.2208 0.9546
vt 0.2208 0.9546
vt 0.2208 0.9575
vt 0.2255 0.9575
vt 0.2255 0.9546
vt 0.2255 0.9546
vt 0.2255 0.9575
vt 0.2302 0.9575
vt 0.2302 0.9546
vt 0.2302 0.9546
vt 0.2302 0.9575
vt 0.2349 0.9575
vt 0.2349 0.9546
vt 0.2349 0.9546
vt 0.2349 0.9575
vt 0.2395 0.9575
vt 0.2395 0.9546
vt 0.2395 0.9546
vt 0.2395 0.9575
vt 0.2443 0.9575
vt 0.2443 0.9546
vt 0.2443 0.9546
vt 0.2443 0.9575
vt 0.2489 0.9575
vt 0.2489 0.9546
vt 0.2489 0.9546
vt 0.2489 0.9575
vt 0.2537 0.9575
vt 0.2537 0.9546
vt 0.2537 0.9546
vt 0.2537 0.9575
vt 0.2583 0.9575
vt 0.2583 0.9546
vt 0.2583 0.9546
vt 0.2583 0.9575
vt 0.2629 0.9575
vt 0.2629 0.9546
vt 0.2629 0.9546
vt 0.2629 0.9575
vt 0.2676 0.9575
vt 0.2676 0.9546
vt 0.2676 0.9546
vt 0.2676 0.9575
vt 0.2725 0.9575
vt 0.2725 0.9546
vt 0.2725 0.9546
vt 0.2725 0.9575
vt 0.2771 0.9575
vt 0.2771 0.9546
vt 0.2771 0.9546
vt 0.2771 0.9575
vt 0.2817 0.9575
vt 0.2817 0.9546
vt 0.2817 0.9546
vt 0.2817 0.9575
vt 0.2864 0.9575
vt 0.2864 0.9546
vt 0.2864 0.9546
vt 0.2864 0.9575
vt 0.291 0.9575
vt 0.291 0.9546
vt 0.291 0.9546
vt 0.291 0.9575
vt 0.2957 0.9575
vt 0.2957 0.9546
vt 0.2957 0.9546
vt 0.2957 0.9575
vt 0.3005 0.9575
vt 0.3005 0.9546
vt 0.3005 0.9546
vt 0.3005 0.9575
vt 0.3052 0.9575
vt 0.3052 0.9546
vt 0.3052 0.9546
vt 0.3052 0.9575
vt 0.3098 0.9575
vt 0.3098 0.9546
vt 0.3098 0.9546
vt 0.3098 0.9575
vt 0.3145 0.9575
vt 0.3145 0.9546
vt 0.3145 0.9375
vt 0.3145 0.9404
vt 0.3191 0.9404
vt 0.3191 0.9375
vt 0.3191 0.9375
vt 0.3191 0.9404
vt 0.324 0.9404
vt 0.324 0.9375
vt 0.324 0.9375
vt 0.324 0.9404
vt 0.3286 0.9404
vt 0.3286 0.9375
vt 0.3286 0.9375
vt 0.3286 0.9404
vt 0.3333 0.9404
vt 0.3333 0.9375
vt 0.3333 0.9375
vt 0.3333 0.9404
vt 0.3379 0.9404
vt 0.3379 0.9375
vt 0.3379 0.9375
vt 0.3379 0.9404
vt 0.3425 0.9404
vt 0.3425 0.9375
vt 0.1927 0.9375
vt 0.1927 0.9404
vt 0.1974 0.9404
vt 0.1974 0.9375
vt 0.1974 0.9375
vt 0.1974 0.9404
vt 0.202 0.9404
vt 0.202 0.9375
vt 0.202 0.9375
vt 0.202 0.9404
vt 0.2068 0.9404
vt 0.2068 0.9375
vt 0.2068 0.9375
vt 0.2068 0.9404
vt 0.2114 0.9404
vt 0.2114 0.9375
vt 0.2114 0.9375
vt 0.2114 0.9404
vt 0.2161 0.9404
vt 0.2161 0.9375
vt 0.2161 0.9375
vt 0.2161 0.9404
vt 0.2208 0.9404
vt 0.2208 0.9375
vt 0.2208 0.9375
vt 0.2208 0.9404
vt 0.2255 0.9404
vt 0.2255 0.9375
vt 0.2255 0.9375
vt 0.2255 0.9404
vt 0.2302 0.9404
vt 0.2302 0.9375
vt 0.2302 0.9375
vt 0.2302 0.9404
vt 0.2349 0.9404
vt 0.2349 0.9375
vt 0.2349 0.9375
vt 0.2349 0.9404
vt 0.2395 0.9404
vt 0.2395 0.9375
vt 0.2395 0.9375
vt 0.2395 0.9404
vt 0.2443 0.9404
vt 0.2443 0.9375
vt 0.2443 0.9375
vt 0.2443 0.9404
vt 0.2489 0.9404
vt 0.2489 0.9375
vt 0.2489 0.9375
vt 0.2489 0.9404
vt 0.2537 0.9404
vt 0.2537 0.9375
vt 0.2537 0.9375
vt 0.2537 0.9404
vt 0.2583 0.9404
vt 0.2583 0.9375
vt 0.2583 0.9375
vt 0.2583 0.9404
vt 0.2629 0.9404
vt 0.2629 0.9375
vt 0.2629 0.9375
vt 0.2629 0.9404
vt 0.2676 0.9404
vt 0.2676 0.9375
vt 0.2676 0.9375
vt 0.2676 0.9404
vt 0.2725 0.9404
vt 0.2725 0.9375
vt 0.2725 0.9375
vt 0.2725 0.9404
vt 0.2771 0.9404
vt 0.2771 0.9375
vt 0.2771 0.9375
vt 0.2771 0.9404
vt 0.2817 0.9404
vt 0.2817 0.9375
vt 0.2817 0.9375
vt 0.2817 0.9404
vt 0.2864 0.9404
vt 0.2864 0.9375
vt 0.2864 0.9375
vt 0.2864 0.9404
vt 0.291 0.9404
vt 0.291 0.9375
vt 0.291 0.9375
vt 0.291 0.9404
vt 0.2957 0.9404
vt 0.2957 0.9375
vt 0.2957 0.9375
vt 0.2957 0.9404
vt 0.3005 0.9404
vt 0.3005 0.9375
vt 0.3005 0.9375
vt 0.3005 0.9404
vt 0.3052 0.9404
vt 0.3052 0.9375
vt 0.3052 0.9375
vt 0.3052 0.9404
vt 0.3098 0.9404
vt 0.3098 0.9375
vt 0.3098 0.9375
vt 0.3098 0.9404
vt 0.3145 0.9404
vt 0.3145 0.9375
vt 0.3145 0.9404
vt 0.3145 0.9429
vt 0.3191 0.9429
vt 0.3191 0.9404
vt 0.3191 0.9404
vt 0.3191 0.9429
vt 0.324 0.9429
vt 0.324 0.9404
vt 0.324 0.9404
vt 0.324 0.9429
vt 0.3286 0.9429
vt 0.3286 0.9404
vt 0.3286 0.9404
vt 0.3286 0.9429
vt 0.3333 0.9429
vt 0.3333 0.9404
vt 0.3333 0.9404
vt 0.3333 0.9429
vt 0.3379 0.9429
vt 0.3379 0.9404
vt 0.3379 0.9404
vt 0.3379 0.9429
vt 0.3425 0.9429
vt 0.3425 0.9404
vt 0.1927 0.9404
vt 0.1927 0.9429
vt 0.1974 0.9429
vt 0.1974 0.9404
vt 0.1974 0.9404
vt 0.1974 0.9429
vt 0.202 0.9429
vt 0.202 0.9404
vt 0.202 0.9404
vt 0.202 0.9429
vt 0.2068 0.9429
vt 0.2068 0.9404
vt 0.2068 0.9404
vt 0.2068 0.9429
vt 0.2114 0.9429
vt 0.2114 0.9404
vt 0.2114 0.9404
vt 0.2114 0.9429
vt 0.2161 0.9429
vt 0.2161 0.9404
vt 0.2161 0.9404
vt 0.2161 0.9429
vt 0.2208 0.9429
vt 0.2208 0.9404
vt 0.2208 0.9404
vt 0.2208 0.9429
vt 0.2255 0.9429
vt 0.2255 0.9404
vt 0.2255 0.9404
vt 0.2255 0.9429
vt 0.2302 0.9429
vt 0.2302 0.9404
vt 0.2302 0.9404
vt 0.2302 0.9429
vt 0.2349 0.9429
vt 0.2349 0.9404
vt 0.2349 0.9404
vt 0.2349 0.9429
vt 0.2395 0.9429
vt 0.2395 0.9404
vt 0.2395 0.9404
vt 0.2395 0.9429
vt 0.2443 0.9429
vt 0.2443 0.9404
vt 0.2443 0.9404
vt 0.2443 0.9429
vt 0.2489 0.9429
vt 0.2489 0.9404
vt 0.2489 0.9404
vt 0.2489 0.9429
vt 0.2537 0.9429
vt 0.2537 0.9404
vt 0.2537 0.9404
vt 0.2537 0.9429
vt 0.2583 0.9429
vt 0.2583 0.9404
vt 0.2583 0.9404
vt 0.2583 0.9429
vt 0.2629 0.9429
vt 0.2629 0.9404
vt 0.2629 0.9404
vt 0.2629 0.9429
vt 0.2676 0.9429
vt 0.2676 0.9404
vt 0.2676 0.9404
vt 0.2676 0.9429
vt 0.2725 0.9429
vt 0.2725 0.9404
vt 0.2725 0.9404
vt 0.2725 0.9429
vt 0.2771 0.9429
vt 0.2771 0.9404
vt 0.2771 0.9404
vt 0.2771 0.9429
vt 0.2817 0.9429
vt 0.2817 0.9404
vt 0.2817 0.9404
vt 0.2817 0.9429
vt 0.2864 0.9429
vt 0.2864 0.9404
vt 0.2864 0.9404
vt 0.2864 0.9429
vt 0.291 0.9429
vt 0.291 0.9404
vt 0.291 0.9404
vt 0.291 0.9429
vt 0.2957 0.9429
vt 0.2957 0.9404
vt 0.2957 0.9404
vt 0.2957 0.9429
vt 0.3005 0.9429
vt 0.3005 0.9404
vt 0.3005 0.9404
vt 0.3005 0.9429
vt 0.3052 0.9429
vt 0.3052 0.9404
vt 0.3052 0.9404
vt 0.3052 0.9429
vt 0.3098 0.9429
vt 0.3098 0.9404
vt 0.3098 0.9404
vt 0.3098 0.9429
vt 0.3145 0.9429
vt 0.3145 0.9404
vt 0.3145 0.9429
vt 0.3145 0.9453
vt 0.3191 0.9453
vt 0.3191 0.9429
vt 0.3191 0.9429
vt 0.3191 0.9453
vt 0.324 0.9453
vt 0.324 0.9429
vt 0.324 0.9429
vt 0.324 0.9453
vt 0.3286 0.9453
vt 0.3286 0.9429
vt 0.3286 0.9429
vt 0.3286 0.9453
vt 0.3333 0.9453
vt 0.3333 0.9429
vt 0.3333 0.9429
vt 0.3333 0.9453
vt 0.3379 0.9453
vt 0.3379 0.9429
vt 0.3379 0.9429
vt 0.3379 0.9453
vt 0.3425 0.9453
vt 0.3425 0.9429
vt 0.1927 0.9429
vt 0.1927 0.9453
vt 0.1974 0.9453
vt 0.1974 0.9429
vt 0.1974 0.9429
vt 0.1974 0.9453
vt 0.202 0.9453
vt 0.202 0.9429
vt 0.202 0.9429
vt 0.202 0.9453
vt 0.2068 0.9453
vt 0.2068 0.9429
vt 0.2068 0.9429
vt 0.2068 0.9453
vt 0.2114 0.9453
vt 0.2114 0.9429
vt 0.2114 0.9429
vt 0.2114 0.9453
vt 0.2161 0.9453
vt 0.2161 0.9429
vt 0.2161 0.9429
vt 0.2161 0.9453
vt 0.2208 0.9453
vt 0.2208 0.9429
vt 0.2208 0.9429
vt 0.2208 0.9453
vt 0.2255 0.9453
vt 0.2255 0.9429
vt 0.2255 0.9429
vt 0.2255 0.9453
vt 0.2302 0.9453
vt 0.2302 0.9429
vt 0.2302 0.9429
vt 0.2302 0.9453
vt 0.2349 0.9453
vt 0.2349 0.9429
vt 0.2349 0.9429
vt 0.2349 0.9453
vt 0.2395 0.9453
vt 0.2395 0.9429
vt 0.2395 0.9429
vt 0.2395 0.9453
vt 0.2443 0.9453
vt 0.2443 0.9429
vt 0.2443 0.9429
vt 0.2443 0.9453
vt 0.2489 0.9453
vt 0.2489 0.9429
vt 0.2489 0.9429
vt 0.2489 0.9453
vt 0.2537 0.9453
vt 0.2537 0.9429
vt 0.2537 0.9429
vt 0.2537 0.9453
vt 0.2583 0.9453
vt 0.2583 0.9429
vt 0.2583 0.9429
vt 0.2583 0.9453
vt 0.2629 0.9453
vt 0.2629 0.9429
vt 0.2629 0.9429
vt 0.2629 0.9453
vt 0.2676 0.9453
vt 0.2676 0.9429
vt 0.2676 0.9429
vt 0.2676 0.9453
vt 0.2725 0.9453
vt 0.2725 0.9429
vt 0.2725 0.9429
vt 0.2725 0.9453
vt 0.2771 0.9453
vt 0.2771 0.9429
vt 0.2771 0.9429
vt 0.2771 0.9453
vt 0.2817 0.9453
vt 0.2817 0.9429
vt 0.2817 0.9429
vt 0.2817 0.9453
vt 0.2864 0.9453
vt 0.2864 0.9429
vt 0.2864 0.9429
vt 0.2864 0.9453
vt 0.291 0.9453
vt 0.291 0.9429
vt 0.291 0.9429
vt 0.291 0.9453
vt 0.2957 0.9453
vt 0.2957 0.9429
vt 0.2957 0.9429
vt 0.2957 0.9453
vt 0.3005 0.9453
vt 0.3005 0.9429
vt 0.3005 0.9429
vt 0.3005 0.9453
vt 0.3052 0.9453
vt 0.3052 0.9429
vt 0.3052 0.9429
vt 0.3052 0.9453
vt 0.3098 0.9453
vt 0.3098 0.9429
vt 0.3098 0.9429
vt 0.3098 0.9453
vt 0.3145 0.9453
vt 0.3145 0.9429
vt 0.3145 0.9453
vt 0.3145 0.9478
vt 0.3191 0.9478
vt 0.3191 0.9453
vt 0.3191 0.9453
vt 0.3191 0.9478
vt 0.324 0.9478
vt 0.324 0.9453
vt 0.324 0.9453
vt 0.324 0.9478
vt 0.3286 0.9478
vt 0.3286 0.9453
vt 0.3286 0.9453
vt 0.3286 0.9478
vt 0.3333 0.9478
vt 0.3333 0.9453
vt 0.3333 0.9453
vt 0.3333 0.9478
vt 0.3379 0.9478
vt 0.3379 0.9453
vt 0.3379 0.9453
vt 0.3379 0.9478
vt 0.3425 0.9478
vt 0.3425 0.9453
vt 0.1927 0.9453
vt 0.1927 0.9478
vt 0.1974 0.9478
vt 0.1974 0.9453
vt 0.1974 0.9453
vt 0.1974 0.9478
vt 0.202 0.9478
vt 0.202 0.9453
vt 0.202 0.9453
vt 0.202 0.9478
vt 0.2068 0.9478
vt 0.2068 0.9453
vt 0.2068 0.9453
vt 0.2068 0.9478
vt 0.2114 0.9478
vt 0.2114 0.9453
vt 0.2114 0.9453
vt 0.2114 0.9478
vt 0.2161 0.9478
vt 0.2161 0.9453
vt 0.2161 0.9453
vt 0.2161 0.9478
vt 0.2208 0.9478
vt 0.2208 0.9453
vt 0.2208 0.9453
vt 0.2208 0.9478
vt 0.2255 0.9478
vt 0.2255 0.9453
vt 0.2255 0.9453
vt 0.2255 0.9478
vt 0.2302 0.9478
vt 0.2302 0.9453
vt 0.2302 0.9453
vt 0.2302 0.9478
vt 0.2349 0.9478
vt 0.2349 0.9453
vt 0.2349 0.9453
vt 0.2349 0.9478
vt 0.2395 0.9478
vt 0.2395 0.9453
vt 0.2395 0.9453
vt 0.2395 0.9478
vt 0.2443 0.9478
vt 0.2443 0.9453
vt 0.2443 0.9453
vt 0.2443 0.9478
vt 0.2489 0.9478
vt 0.2489 0.9453
vt 0.2489 0.9453
vt 0.2489 0.9478
vt 0.2537 0.9478
vt 0.2537 0.9453
vt 0.2537 0.9453
vt 0.2537 0.9478
vt 0.2583 0.9478
vt 0.2583 0.9453
vt 0.2583 0.9453
vt 0.2583 0.9478
vt 0.2629 0.9478
vt 0.2629 0.9453
vt 0.2629 0.9453
vt 0.2629 0.9478
vt 0.2676 0.9478
vt 0.2676 0.9453
vt 0.2676 0.9453
vt 0.2676 0.9478
vt 0.2725 0.9478
vt 0.2725 0.9453
vt 0.2725 0.9453
vt 0.2725 0.9478
vt 0.2771 0.9478
vt 0.2771 0.9453
vt 0.2771 0.9453
vt 0.2771 0.9478
vt 0.2817 0.9478
vt 0.2817 0.9453
vt 0.2817 0.9453
vt 0.2817 0.9478
vt 0.2864 0.9478
vt 0.2864 0.9453
vt 0.2864 0.9453
vt 0.2864 0.9478
vt 0.291 0.9478
vt 0.291 0.9453
vt 0.291 0.9453
vt 0.291 0.9478
vt 0.2957 0.9478
vt 0.2957 0.9453
vt 0.2957 0.9453
vt 0.2957 0.9478
vt 0.3005 0.9478
vt 0.3005 0.9453
vt 0.3005 0.9453
vt 0.3005 0.9478
vt 0.3052 0.9478
vt 0.3052 0.9453
vt 0.3052 0.9453
vt 0.3052 0.9478
vt 0.3098 0.9478
vt 0.3098 0.9453
vt 0.3098 0.9453
vt 0.3098 0.9478
vt 0.3145 0.9478
vt 0.3145 0.9453
vt 0.6279 0.2438
vt 0.6348 0.2568
vt 0.6304 0.2375
vt 0.6323 0.2749
vt 0.6353 0.2817
vt 0.626 0.2925
vt 0.6323 0.2939
vt 0.6206 0.3027
vt 0.312 0.3616
vt 0.3169 0.3582
vt 0.3145 0.3572
vt 0.3164 0.365
vt 0.3096 0.3792
vt 0.3071 0.376
vt 0.3032 0.3975
vt 0.3093 0.3945
vt 0.3108 0.3989
vt 0.3044 0.4128
vt 0.3079 0.418
vt 0.2974 0.4106
vt 0.2961 0.3953
vt 0.3027 0.4246
vt 0.3054 0.4182
vt 0.3069 0.4216
vt 0.3064 0.4299
vt 0.3169 0.4028
vt 0.2869 0.4238
vt 0.2881 0.4146
vt 0.2935 0.4346
vt 0.2761 0.4099
vt 0.2761 0.4297
vt 0.2844 0.4331
vt 0.2888 0.4453
vt 0.2793 0.3989
vt 0.2837 0.3953
vt 0.2751 0.3987
vt 0.2803 0.3887
vt 0.2739 0.3892
vt 0.27 0.4016
vt 0.2683 0.4248
vt 0.2632 0.4255
vt 0.269 0.4397
vt 0.2759 0.447
vt 0.2634 0.4546
vt 0.2605 0.4519
vt 0.2418 0.4875
vt 0.2335 0.4915
vt 0.2158 0.5122
vt 0.2683 0.459
vt 0.2795 0.4546
vt 0.2483 0.4893
vt 0.2206 0.5122
vt 0.2559 0.49
vt 0.2837 0.4575
vt 0.2942 0.4463
vt 0.3096 0.4304
vt 0.3186 0.4131
vt 0.3237 0.3962
vt 0.3147 0.4009
vt 0.3115 0.4104
vt 0.26 0.4951
vt 0.2385 0.5186
vt 0.2286 0.5166
vt 0.2118 0.5288
vt 0.22 0.5312
vt 0.2466 0.519
vt 0.2291 0.5332
vt 0.251 0.521
vt 0.2778 0.4707
vt 0.2352 0.5366
vt 0.2389 0.5405
vt 0.2355 0.5459
vt 0.2281 0.5454
vt 0.2189 0.5449
vt 0.2328 0.5708
vt 0.2498 0.6133
vt 0.2119 0.5679
vt 0.2046 0.5547
vt 0.2067 0.6108
vt 0.2241 0.5913
vt 0.2172 0.6309
vt 0.2114 0.6387
vt 0.2375 0.5991
vt 0.2292 0.6299
vt 0.217 0.6348
vt 0.2415 0.6167
vt 0.2489 0.6323
vt 0.2544 0.6323
vt 0.2498 0.6372
vt 0.2612 0.6401
vt 0.4392 0.0042
vt 0.4426 0.0079
vt 0.4441 0.004
vt 0.4441 0.0022
vt 0.6089 0.0744
vt 0.6094 0.0719
vt 0.6045 0.0717
vt 0.6196 0.0688
vt 0.6191 0.0654
vt 0.6094 0.0754
vt 0.6055 0.0834
vt 0.625 0.0678
vt 0.6255 0.0535
vt 0.9263 0.1807
vt 0.9268 0.1797
vt 0.9189 0.1759
vt 0.9312 0.177
vt 0.9229 0.1724
vt 0.9199 0.1605
vt 0.4956 0.4609
vt 0.4932 0.4531
vt 0.4924 0.4656
vt 0.4885 0.4512
vt 0.4893 0.4692
vt 0.4856 0.4531
vt 0.4949 0.4873
vt 0.4978 0.4651
vt 0.4893 0.4917
vt 0.4861 0.4902
vt 0.488 0.5015
vt 0.4956 0.5078
vt 0.4878 0.5029
vt 0.5039 0.4976
vt 0.5039 0.5127
vt 0.5127 0.5146
vt 0.5137 0.5078
vt 0.5024 0.4805
vt 0.5039 0.4622
vt 0.5107 0.4971
vt 0.5259 0.4629
vt 0.5156 0.4644
vt 0.499 0.4426
vt 0.4954 0.4441
vt 0.5054 0.4556
vt 0.5098 0.4587
vt 0.5205 0.4604
vt 0.5229 0.4436
vt 0.5171 0.4446
vt 0.5156 0.4553
vt 0.5117 0.4399
vt 0.5151 0.4409
vt 0.5083 0.4417
vt 0.2386 0.3733
vt 0.2366 0.3818
vt 0.2441 0.3733
vt 0.2421 0.3867
vt 0.2365 0.3943
vt 0.2268 0.3765
vt 0.2267 0.3953
vt 0.2319 0.377
vt 0.2333 0.366
vt 0.229 0.3655
vt 0.2268 0.3589
vt 0.2223 0.3738
vt 0.2426 0.4102
vt 0.2208 0.3745
vt 0.2362 0.4155
vt 0.2393 0.4185
vt 0.2312 0.4224
vt 0.2244 0.4224
vt 0.2233 0.4055
vt 0.2183 0.4084
vt 0.2153 0.4231
vt 0.2087 0.4053
vt 0.2142 0.4021
vt 0.2166 0.3977
vt 0.2213 0.3945
vt 0.2166 0.386
vt 0.2108 0.3933
vt 0.2112 0.377
vt 0.213 0.374
vt 0.2209 0.363
vt 0.2147 0.3621
vt 0.2046 0.3779
vt 0.207 0.4006
vt 0.2113 0.366
vt 0.205 0.364
vt 0.2111 0.3567
vt 0.2177 0.356
vt 0.2184 0.3511
vt 0.4956 0.5078
vt 0.4888 0.5039
vt 0.4902 0.5156
vt 0.5039 0.5127
vt 0.488 0.5298
vt 0.4858 0.5659
vt 0.4692 0.6011
vt 0.4983 0.5498
vt 0.5127 0.5146
vt 0.4915 0.5767
vt 0.4771 0.6143
vt 0.4863 0.6064
vt 0.4856 0.6226
vt 0.4797 0.6553
vt 0.4739 0.6382
vt 0.4761 0.5293
vt 0.4641 0.5796
vt 0.4731 0.5063
vt 0.4839 0.4973
vt 0.4778 0.4875
vt 0.4707 0.4941
vt 0.4651 0.5347
vt 0.4563 0.5781
vt 0.4602 0.6016
vt 0.449 0.623
vt 0.4546 0.6313
vt 0.4639 0.6382
vt 0.4534 0.6602
vt 0.4714 0.6562
vt 0.478 0.6899
vt 0.4614 0.6577
vt 0.4502 0.7021
vt 0.4851 0.6611
vt 0.489 0.627
vt 0.4871 0.6895
vt 0.4871 0.7148
vt 0.4695 0.6904
vt 0.4573 0.6934
vt 0.4668 0.7134
vt 0.4573 0.7261
vt 0.4497 0.7319
vt 0.4451 0.7476
vt 0.4761 0.709
vt 0.467 0.7407
vt 0.4768 0.7383
vt 0.4846 0.7363
vt 0.4954 0.7388
vt 0.4778 0.7617
vt 0.4551 0.7559
vt 0.4485 0.7505
vt 0.4463 0.7622
vt 0.4514 0.77
vt 0.4622 0.7759
vt 0.4651 0.7612
vt 0.4771 0.7783
vt 0.488 0.7563
vt 0.4905 0.7715
vt 0.4924 0.7554
vt 0.4983 0.7568
vt 0.5029 0.7402
vt 0.4973 0.729
vt 0.5063 0.7544
vt 0.5034 0.7651
vt 0.4939 0.7764
vt 0.5127 0.7422
vt 0.5186 0.7456
vt 0.5083 0.7607
vt 0.5054 0.7324
vt 0.4983 0.7256
vt 0.5127 0.7261
vt 0.4924 0.7183
vt 0.5176 0.7344
vt 0.5312 0.73
vt 0.5063 0.7114
vt 0.489 0.7056
vt 0.5254 0.7178
vt 0.5044 0.7002
vt 0.4976 0.6953
vt 0.5317 0.708
vt 0.54 0.7144
vt 0.5361 0.6997
vt 0.5142 0.6909
vt 0.5063 0.6782
vt 0.5288 0.689
vt 0.542 0.6929
vt 0.5347 0.6816
vt 0.5312 0.6694
vt 0.5225 0.6782
vt 0.5161 0.6509
vt 0.5249 0.6636
vt 0.5049 0.6611
vt 0.5269 0.6284
vt 0.5337 0.6382
vt 0.5273 0.6133
vt 0.5332 0.6118
vt 0.519 0.6147
vt 0.5283 0.6011
vt 0.519 0.6289
vt 0.5073 0.644
vt 0.4956 0.6465
vt 0.4922 0.6611
vt 0.5088 0.6162
vt 0.4985 0.6196
vt 0.519 0.6035
vt 0.5093 0.6055
vt 0.4985 0.6074
vt 0.4873 0.6079
vt 0.4868 0.627
vt 0.4988 0.5972
vt 0.5112 0.5957
vt 0.4978 0.5815
vt 0.5215 0.5933
vt 0.5322 0.585
vt 0.5249 0.5713
vt 0.5352 0.5674
vt 0.5127 0.5752
vt 0.4958 0.5698
vt 0.5122 0.5566
vt 0.5249 0.5522
vt 0.5361 0.542
vt 0.519 0.5312
vt 0.5425 0.5
vt 0.5288 0.5024
vt 0.5337 0.4846
vt 0.5474 0.4851
vt 0.5513 0.4685
vt 0.5381 0.4619
vt 0.5566 0.4382
vt 0.543 0.4365
vt 0.5254 0.4351
vt 0.5303 0.4026
vt 0.5483 0.3997
vt 0.561 0.406
vt 0.5669 0.3748
vt 0.5352 0.376
vt 0.5137 0.4001
vt 0.5303 0.3416
vt 0.4998 0.4043
vt 0.5059 0.4399
vt 0.49 0.4324
vt 0.5537 0.3694
vt 0.5601 0.343
vt 0.5728 0.3447
vt 0.543 0.3425
vt 0.5444 0.3159
vt 0.561 0.3132
vt 0.5737 0.3118
vt 0.5557 0.2859
vt 0.5684 0.2834
vt 0.5664 0.2554
vt 0.5386 0.2864
vt 0.5513 0.2603
vt 0.5327 0.3193
vt 0.5254 0.2959
vt 0.5039 0.3013
vt 0.5029 0.2489
vt 0.52 0.2717
vt 0.5332 0.2629
vt 0.5234 0.3225
vt 0.5635 0.2202
vt 0.542 0.248
vt 0.5703 0.2159
vt 0.5732 0.2571
vt 0.5645 0.1874
vt 0.5723 0.1863
vt 0.5752 0.1594
vt 0.5801 0.1558
vt 0.5771 0.1185
vt 0.5825 0.1287
vt 0.5874 0.0978
vt 0.5801 0.086
vt 0.5933 0.0767
vt 0.5874 0.0644
vt 0.603 0.0596
vt 0.5942 0.0519
vt 0.6133 0.0487
vt 0.5557 0.1902
vt 0.5645 0.1627
vt 0.5669 0.136
vt 0.5723 0.1016
vt 0.5674 0.0698
vt 0.5366 0.2122
vt 0.5537 0.153
vt 0.564 0.0948
vt 0.5493 0.0687
vt 0.5488 0.0985
vt 0.5708 0.0562
vt 0.5425 0.1375
vt 0.5435 0.0829
vt 0.5449 0.1677
vt 0.5732 0.0478
vt 0.5332 0.192
vt 0.5278 0.144
vt 0.5391 0.1022
vt 0.5356 0.0733
vt 0.5508 0.0521
vt 0.5762 0.0417
vt 0.6025 0.0428
vt 0.5195 0.0914
vt 0.5405 0.0603
vt 0.5527 0.0395
vt 0.5332 0.0437
vt 0.5303 0.0565
vt 0.5146 0.071
vt 0.5088 0.0529
vt 0.4824 0.0581
vt 0.4958 0.0859
vt 0.5068 0.1281
vt 0.4824 0.1045
vt 0.5107 0.2057
vt 0.5137 0.1675
vt 0.5215 0.2031
vt 0.5288 0.2366
vt 0.5195 0.2385
vt 0.5054 0.226
vt 0.4751 0.1242
vt 0.5024 0.2068
vt 0.4868 0.1566
vt 0.4958 0.2047
vt 0.4888 0.2104
vt 0.4895 0.184
vt 0.4836 0.1655
vt 0.4771 0.1459
vt 0.4656 0.1161
vt 0.4849 0.1963
vt 0.4834 0.1797
vt 0.4634 0.0946
vt 0.4548 0.0923
vt 0.4724 0.0797
vt 0.4531 0.0798
vt 0.4617 0.0643
vt 0.4458 0.0712
vt 0.4382 0.0651
vt 0.4541 0.0561
vt 0.429 0.0589
vt 0.4724 0.0447
vt 0.4453 0.0487
vt 0.4253 0.044
vt 0.4189 0.0505
vt 0.4243 0.027
vt 0.4421 0.0291
vt 0.502 0.0356
vt 0.4531 0.0172
vt 0.4504 0.013
vt 0.4558 0.0226
vt 0.4741 0.0187
vt 0.4956 0.012
vt 0.4958 0.025
vt 0.4927 0.017
vt 0.5122 0.0368
vt 0.5039 0.0205
vt 0.5278 0.0122
vt 0.5195 0.031
vt 0.5288 0.0168
vt 0.5537 0.0322
vt 0.5293 0.0249
vt 0.5562 0.0183
vt 0.5547 0.0258
vt 0.582 0.029
vt 0.5791 0.035
vt 0.5879 0.0224
vt 0.6094 0.0362
vt 0.6147 0.0302
vt 0.2827 0.1578
vt 0.2766 0.1587
vt 0.2793 0.1653
vt 0.2739 0.1582
vt 0.2739 0.1569
vt 0.2754 0.1683
vt 0.2832 0.1862
vt 0.2786 0.1874
vt 0.2891 0.202
vt 0.2917 0.1981
vt 0.301 0.201
vt 0.8467 0.8086
vt 0.8389 0.8081
vt 0.8447 0.8496
vt 0.8506 0.7642
vt 0.8667 0.7588
vt 0.8604 0.8008
vt 0.8486 0.8472
vt 0.8779 0.7266
vt 0.8672 0.7295
vt 0.8872 0.7036
vt 0.8975 0.7012
vt 0.9077 0.6768
vt 0.8599 0.8428
vt 0.8574 0.8774
vt 0.8867 0.7266
vt 0.9165 0.6802
vt 0.9321 0.6675
vt 0.9082 0.7046
vt 0.9243 0.6841
vt 0.9404 0.6714
vt 0.9326 0.689
vt 0.9502 0.6777
vt 0.9463 0.6958
vt 0.9614 0.6851
vt 0.9585 0.7031
vt 0.918 0.7065
vt 0.9287 0.709
vt 0.9053 0.7295
vt 0.915 0.7324
vt 0.9268 0.7349
vt 0.9419 0.7144
vt 0.937 0.7383
vt 0.9248 0.7637
vt 0.9043 0.7637
vt 0.9155 0.7646
vt 0.9136 0.7871
vt 0.8867 0.7642
vt 0.8955 0.7944
vt 0.9053 0.7974
vt 0.9033 0.8145
vt 0.8779 0.7612
vt 0.8735 0.7993
vt 0.8818 0.7959
vt 0.8789 0.8389
vt 0.8916 0.8364
vt 0.8652 0.8164
vt 0.8672 0.8403
vt 0.8647 0.8711
vt 0.8706 0.8745
vt 0.8721 0.8945
vt 0.876 0.8813
vt 0.876 0.8687
vt 0.8838 0.8486
vt 0.8867 0.8608
vt 0.8818 0.8711
vt 0.7236 0.008
vt 0.7236 0.0292
vt 0.7349 0.0311
vt 0.7241 0.0508
vt 0.7373 0.0533
vt 0.7461 0.0532
vt 0.7476 0.0739
vt 0.7358 0.0751
vt 0.7246 0.0712
vt 0.7314 0.0922
vt 0.7412 0.0939
vt 0.7217 0.1068
vt 0.7295 0.1069
vt 0.7109 0.1313
vt 0.7607 0.1893
vt 0.7534 0.1943
vt 0.7686 0.204
vt 0.7422 0.1824
vt 0.7295 0.1877
vt 0.7515 0.175
vt 0.7266 0.1709
vt 0.7368 0.1638
vt 0.7139 0.1638
vt 0.7466 0.2002
vt 0.7617 0.2058
vt 0.7593 0.2148
vt 0.77 0.2191
vt 0.7783 0.2382
vt 0.7456 0.2108
vt 0.7578 0.2339
vt 0.7686 0.2351
vt 0.7817 0.2656
vt 0.7866 0.2947
vt 0.7036 0.1799
vt 0.7007 0.1617
vt 0.7183 0.198
vt 0.7769 0.2939
vt 0.7505 0.2408
vt 0.7363 0.2141
vt 0.7856 0.3174
vt 0.7783 0.3186
vt 0.7944 0.3145
vt 0.79 0.334
vt 0.7817 0.334
vt 0.791 0.3574
vt 0.7979 0.332
vt 0.7944 0.3538
vt 0.8027 0.3564
vt 0.8066 0.3911
vt 0.7251 0.2096
vt 0.7168 0.2123
vt 0.728 0.2179
vt 0.7329 0.2218
vt 0.7246 0.2211
vt 0.7251 0.2319
vt 0.7026 0.1971
vt 0.8096 0.3862
vt 0.8125 0.3767
vt 0.8042 0.3284
vt 0.8179 0.4033
vt 0.813 0.4038
vt 0.8066 0.4026
vt 0.812 0.4163
vt 0.8159 0.416
vt 0.814 0.4387
vt 0.8179 0.4404
vt 0.8125 0.4543
vt 0.8081 0.4507
vt 0.7959 0.4587
vt 0.9897 0.3982
vt 0.9785 0.3782
vt 0.9775 0.3967
vt 0.9893 0.3772
vt 0.9858 0.3535
vt 0.98 0.3555
vt 0.9863 0.3337
vt 0.9902 0.354
vt 0.9897 0.3335
vt 0.3376 0.1187
vt 0.3345 0.116
vt 0.3369 0.1377
vt 0.3374 0.1117
vt 0.3369 0.0996
vt 0.3328 0.1021
vt 0.3335 0.093
vt 0.3262 0.0912
vt 0.3364 0.0934
vt 0.3357 0.0886
vt 0.3354 0.0831
vt 0.3291 0.1163
vt 0.335 0.1371
vt 0.3264 0.0827
vt 0.3381 0.0762
vt 0.3318 0.074
vt 0.3408 0.0699
vt 0.3367 0.0653
vt 0.3455 0.059
vt 0.3372 0.062
vt 0.3228 0.0709
vt 0.3215 0.0624
vt 0.311 0.0842
vt 0.3005 0.0834
vt 0.3113 0.1058
vt 0.3142 0.1243
vt 0.3323 0.1393
vt 0.2981 0.1125
vt 0.2917 0.0814
vt 0.3174 0.141
vt 0.3037 0.1333
vt 0.2932 0.1208
vt 0.2864 0.1078
vt 0.3147 0.1547
vt 0.282 0.079
vt 0.3118 0.0612
vt 0.2961 0.0591
vt 0.2761 0.1033
vt 0.2747 0.0771
vt 0.2678 0.0996
vt 0.2688 0.0754
vt 0.2603 0.0963
vt 0.323 0.16
vt 0.3254 0.1486
vt 0.3325 0.1633
vt 0.312 0.1746
vt 0.322 0.183
vt 0.3042 0.1675
vt 0.2913 0.1538
vt 0.2961 0.1373
vt 0.2812 0.1432
vt 0.2737 0.1183
vt 0.272 0.1345
vt 0.2644 0.1288
vt 0.2573 0.124
vt 0.2612 0.1118
vt 0.2556 0.1093
vt 0.2472 0.1183
vt 0.9399 0.6206
vt 0.9507 0.5854
vt 0.9385 0.5918
vt 0.9414 0.5752
vt 0.9272 0.5728
vt 0.9526 0.5693
vt 0.9448 0.5552
vt 0.9551 0.5522
vt 0.9482 0.5259
vt 0.9585 0.5293
vt 0.9634 0.5083
vt 0.9375 0.5215
vt 0.9512 0.5112
vt 0.9546 0.4878
vt 0.9199 0.6113
vt 0.9321 0.6172
vt 0.9004 0.6514
vt 0.9224 0.6357
vt 0.9082 0.6641
vt 0.9185 0.5928
vt 0.8853 0.6709
vt 0.8945 0.6401
vt 0.8726 0.6895
vt 0.9165 0.5684
vt 0.9111 0.6021
vt 0.9219 0.5156
vt 0.9097 0.5459
vt 0.9111 0.5142
vt 0.8657 0.6577
vt 0.8892 0.6255
vt 0.9414 0.5024
vt 0.9292 0.4978
vt 0.9438 0.4854
vt 0.9189 0.4973
vt 0.9014 0.5112
vt 0.9062 0.4956
vt 0.9331 0.4839
vt 0.9424 0.4702
vt 0.9521 0.4685
vt 0.9385 0.45
vt 0.9209 0.4824
vt 0.939 0.478
vt 0.9297 0.4712
vt 0.9214 0.4563
vt 0.9004 0.449
vt 0.9072 0.4558
vt 0.9194 0.438
vt 0.9082 0.4707
vt 0.8916 0.4558
vt 0.8989 0.4832
vt 0.8926 0.4697
vt 0.895 0.4937
vt 0.8833 0.4912
vt 0.8833 0.4814
vt 0.8828 0.438
vt 0.8979 0.4253
vt 0.8701 0.4214
vt 0.8784 0.4138
vt 0.8652 0.4019
vt 0.8721 0.4419
vt 0.8901 0.4517
vt 0.8564 0.4302
vt 0.8652 0.4446
vt 0.8486 0.4319
vt 0.8428 0.4204
vt 0.8364 0.4265
vt 0.8564 0.4094
vt 0.8335 0.406
vt 0.8438 0.3953
vt 0.8296 0.3875
vt 0.8569 0.3889
vt 0.8677 0.3992
vt 0.8818 0.4155
vt 0.8604 0.3831
vt 0.8452 0.3618
vt 0.8408 0.373
vt 0.8335 0.3811
vt 0.8345 0.356
vt 0.2952 0.6094
vt 0.2957 0.5796
vt 0.2896 0.5757
vt 0.2957 0.5483
vt 0.301 0.5581
vt 0.2891 0.5688
vt 0.3096 0.5244
vt 0.2969 0.5156
vt 0.2847 0.5146
vt 0.2886 0.4771
vt 0.3032 0.4812
vt 0.3157 0.4946
vt 0.2979 0.4563
vt 0.3782 0.3796
vt 0.3809 0.4058
vt 0.3865 0.3616
vt 0.3738 0.3496
vt 0.3882 0.3352
vt 0.3621 0.3518
vt 0.3628 0.3782
vt 0.3713 0.4004
vt 0.3625 0.4255
vt 0.3516 0.4216
vt 0.3472 0.3574
vt 0.3608 0.3181
vt 0.3535 0.3267
vt 0.3418 0.2866
vt 0.3525 0.2815
vt 0.3362 0.2646
vt 0.3684 0.304
vt 0.3647 0.2688
vt 0.3496 0.2627
vt 0.3472 0.2472
vt 0.3276 0.2327
vt 0.3782 0.3159
vt 0.3447 0.2323
vt 0.3232 0.2196
vt 0.3416 0.2198
vt 0.3623 0.2313
vt 0.3628 0.2427
vt 0.3806 0.2917
vt 0.3882 0.2993
vt 0.3962 0.3132
vt 0.3918 0.3562
vt 0.3989 0.2864
vt 0.3877 0.281
vt 0.3779 0.2705
vt 0.3875 0.2661
vt 0.3774 0.2598
vt 0.3999 0.2673
vt 0.3872 0.2505
vt 0.4014 0.2505
vt 0.3774 0.2462
vt 0.3774 0.236
vt 0.3774 0.2257
vt 0.3613 0.2206
vt 0.9844 0.2949
vt 0.9922 0.3008
vt 0.9893 0.2893
vt 0.981 0.3003
vt 0.9883 0.3101
vt 0.9971 0.3096
vt 0.9805 0.3052
vt 0.9941 0.3184
vt 0.98 0.3105
vt 0.9868 0.3171
vt 0.9883 0.3228
vt 0.979 0.3223
vt 0.9819 0.3274
vt 0.9912 0.3284
vt 0.9746 0.3147
vt 0.9805 0.3052
vt 0.9727 0.3242
vt 0.9717 0.3076
vt 0.9683 0.303
vt 0.9673 0.3081
vt 0.9697 0.3184
vt 0.9673 0.325
vt 0.2035 0.015
vt 0.1709 0.016
vt 0.1677 0.0226
vt 0.2118 0.0225
vt 0.2212 0.0155
vt 0.2427 0.0372
vt 0.2264 0.0085
vt 0.1914 0.0296
vt 0.2386 0.0154
vt 0.2612 0.0133
vt 0.2551 0.0229
vt 0.1655 0.0306
vt 0.1515 0.0257
vt 0.1497 0.0339
vt 0.1633 0.0407
vt 0.1471 0.0453
vt 0.1744 0.042
vt 0.1597 0.0565
vt 0.2054 0.0443
vt 0.1979 0.0602
vt 0.1454 0.0608
vt 0.137 0.0579
vt 0.1791 0.0541
vt 0.1761 0.0682
vt 0.1565 0.0775
vt 0.1633 0.1029
vt 0.2285 0.051
vt 0.2208 0.0609
vt 0.2625 0.0497
vt 0.2856 0.037
vt 0.252 0.0565
vt 0.301 0.0275
vt 0.2854 0.0151
vt 0.3125 0.0203
vt 0.271 0.0066
vt 0.2522 0.0088
vt 0.2136 0.0745
vt 0.2422 0.0653
vt 0.1869 0.0939
vt 0.2595 0.0687
vt 0.27 0.0611
vt 0.2864 0.053
vt 0.2332 0.078
vt 0.2502 0.0786
vt 0.2415 0.092
vt 0.2043 0.0985
vt 0.2202 0.1042
vt 0.2285 0.1188
vt 0.2103 0.1284
vt 0.1699 0.118
vt 0.178 0.1256
vt 0.1912 0.1376
vt 0.1525 0.1243
vt 0.171 0.1578
vt 0.1543 0.1508
vt 0.1407 0.1338
vt 0.1443 0.0759
vt 0.1353 0.0776
vt 0.1353 0.1105
vt 0.1338 0.1603
vt 0.1237 0.0811
vt 0.1815 0.1705
vt 0.166 0.1818
vt 0.1534 0.1782
vt 0.1989 0.16
vt 0.2092 0.165
vt 0.1897 0.1893
vt 0.2324 0.1293
vt 0.2435 0.1027
vt 0.2144 0.1707
vt 0.2029 0.1835
vt 0.2051 0.2073
vt 0.1748 0.1956
vt 0.1885 0.2367
vt 0.1902 0.2488
vt 0.1824 0.2201
vt 0.1769 0.2408
vt 0.1849 0.2544
vt 0.1697 0.2207
vt 0.1593 0.2091
vt 0.1669 0.2515
vt 0.1486 0.2046
vt 0.1489 0.2496
vt 0.1672 0.2766
vt 0.1821 0.2839
vt 0.131 0.208
vt 0.1371 0.2729
vt 0.1505 0.2756
vt 0.1527 0.3008
vt 0.1688 0.3022
vt 0.1726 0.3298
vt 0.1819 0.3047
vt 0.1857 0.3315
vt 0.1322 0.1803
vt 0.1232 0.223
vt 0.1256 0.1671
vt 0.1809 0.3479
vt 0.1903 0.3564
vt 0.1945 0.3892
vt 0.179 0.3853
vt 0.1954 0.4194
vt 0.1255 0.1193
vt 0.1798 0.415
vt 0.1949 0.4419
vt 0.1609 0.3708
vt 0.1621 0.4119
vt 0.1439 0.4104
vt 0.1785 0.46
vt 0.1561 0.3257
vt 0.1443 0.3604
vt 0.1418 0.3245
vt 0.1937 0.4651
vt 0.2065 0.4673
vt 0.2062 0.4856
vt 0.1925 0.4895
vt 0.2048 0.5015
vt 0.2019 0.5171
vt 0.139 0.3
vt 0.1289 0.3008
vt 0.1305 0.324
vt 0.1772 0.4761
vt 0.1893 0.5132
vt 0.1968 0.5352
vt 0.1754 0.5029
vt 0.1597 0.4741
vt 0.1863 0.5269
vt 0.1608 0.4548
vt 0.1825 0.541
vt 0.1725 0.5234
vt 0.1566 0.5137
vt 0.1782 0.5552
vt 0.1885 0.5566
vt 0.1696 0.5376
vt 0.1659 0.5527
vt 0.1724 0.5698
vt 0.1826 0.5674
vt 0.1539 0.5347
vt 0.1387 0.5088
vt 0.1365 0.5366
vt 0.1245 0.5137
vt 0.15 0.5566
vt 0.1609 0.5684
vt 0.1412 0.4736
vt 0.1498 0.5874
vt 0.1599 0.5889
vt 0.1393 0.5835
vt 0.1313 0.5654
vt 0.1218 0.5347
vt 0.1259 0.4866
vt 0.1425 0.4468
vt 0.1277 0.4424
vt 0.118 0.5679
vt 0.1278 0.5835
vt 0.1138 0.5391
vt 0.1138 0.479
vt 0.118 0.4995
vt 0.1282 0.4082
vt 0.1187 0.4089
vt 0.1298 0.3828
vt 0.1306 0.3503
vt 0.1188 0.3789
vt 0.1087 0.4075
vt 0.1203 0.325
vt 0.1193 0.3472
vt 0.1111 0.354
vt 0.1191 0.2998
vt 0.1091 0.3286
vt 0.0963 0.3552
vt 0.1054 0.2966
vt 0.1129 0.2761
vt 0.1033 0.3679
vt 0.0964 0.418
vt 0.0922 0.3037
vt 0.1252 0.2744
vt 0.123 0.2544
vt 0.1009 0.239
vt 0.1041 0.2712
vt 0.0906 0.269
vt 0.1146 0.2164
vt 0.118 0.1832
vt 0.1053 0.1816
vt 0.0966 0.1725
vt 0.1183 0.1528
vt 0.0728 0.2654
vt 0.0879 0.244
vt 0.0872 0.2075
vt 0.0699 0.1868
vt 0.0729 0.2249
vt 0.0771 0.3379
vt 0.1119 0.1482
vt 0.1165 0.1273
vt 0.114 0.0955
vt 0.111 0.0643
vt 0.104 0.1461
vt 0.1093 0.129
vt 0.1084 0.1044
vt 0.1045 0.115
vt 0.1241 0.0673
vt 0.1248 0.0544
vt 0.1387 0.0419
vt 0.1104 0.047
vt 0.126 0.0433
vt 0.0953 0.129
vt 0.095 0.1058
vt 0.1039 0.0856
vt 0.0949 0.0698
vt 0.1027 0.0591
vt 0.0924 0.0455
vt 0.101 0.0377
vt 0.0895 0.0301
vt 0.0895 0.1152
vt 0.0897 0.0878
vt 0.0876 0.136
vt 0.0799 0.1061
vt 0.0793 0.1569
vt 0.0775 0.0529
vt 0.0881 0.0549
vt 0.0699 0.1179
vt 0.0623 0.1091
vt 0.0685 0.0943
vt 0.0653 0.0704
vt 0.0561 0.076
vt 0.0671 0.1587
vt 0.0724 0.0311
vt 0.085 0.038
vt 0.0801 0.0222
vt 0.05 0.0502
vt 0.0572 0.029
vt 0.0662 0.0191
vt 0.0591 0.0104
vt 0.0738 0.0124
vt 0.0471 0.0156
vt 0.0399 0.009
vt 0.0417 0.0345
vt 0.0292 0.0226
vt 0.0363 0.0425
vt 0.0245 0.0301
vt 0.0447 0.0606
vt 0.0505 0.0814
vt 0.0569 0.1104
vt 0.0617 0.1567
vt 0.0226 0.0172
vt 0.002 0.0151
vt 0.0211 0.0113
vt 0.0074 0.0088
vt 0.0249 0.0023
vt 0.0334 0.0046
vt 0.0479 0.0022
vt 0.0641 0.1869
vt 0.0589 0.1624
vt 0.0571 0.1339
vt 0.0585 0.2102
vt 0.0665 0.2134
vt 0.0618 0.2415
vt 0.0591 0.2898
vt 0.0535 0.2325
vt 0.052 0.2043
vt 0.0553 0.182
vt 0.0463 0.2316
vt 0.0499 0.259
vt 0.0424 0.2661
vt 0.0471 0.2874
vt 0.0373 0.2864
vt 0.0583 0.3235
vt 0.0462 0.3208
vt 0.0367 0.3213
vt 0.0499 0.3435
vt 0.0467 0.3713
vt 0.074 0.3669
vt 0.0674 0.3704
vt 0.0576 0.3831
vt 0.0635 0.4111
vt 0.0525 0.4119
vt 0.0585 0.4375
vt 0.0715 0.4038
vt 0.0797 0.3611
vt 0.0731 0.4453
vt 0.0666 0.4634
vt 0.0795 0.4111
vt 0.0877 0.3975
vt 0.079 0.4373
vt 0.0839 0.4622
vt 0.0768 0.4753
vt 0.0918 0.4336
vt 0.0899 0.4478
vt 0.0917 0.4712
vt 0.0979 0.4458
vt 0.1009 0.4854
vt 0.0895 0.488
vt 0.0822 0.5239
vt 0.0898 0.5254
vt 0.0995 0.5264
vt 0.0948 0.5513
vt 0.0848 0.5566
vt 0.0779 0.5566
vt 0.1052 0.5654
vt 0.0943 0.5674
vt 0.1037 0.5811
vt 0.0936 0.583
vt 0.086 0.5869
vt 0.1129 0.5923
vt 0.0899 0.625
vt 0.0818 0.6221
vt 0.1017 0.5972
vt 0.0904 0.6421
vt 0.0835 0.6494
vt 0.1 0.6313
vt 0.1116 0.6284
vt 0.0898 0.6514
vt 0.0994 0.6528
vt 0.0862 0.6597
vt 0.1006 0.6436
vt 0.1119 0.646
vt 0.1242 0.6372
vt 0.0931 0.6626
vt 0.0901 0.6709
vt 0.1064 0.6636
vt 0.1109 0.6548
vt 0.1272 0.6519
vt 0.1187 0.6685
vt 0.1011 0.6733
vt 0.117 0.6841
vt 0.0905 0.6797
vt 0.0793 0.6714
vt 0.0797 0.6836
vt 0.0836 0.6919
vt 0.0997 0.6826
vt 0.0925 0.689
vt 0.0988 0.6992
vt 0.1102 0.6934
vt 0.1058 0.709
vt 0.1162 0.7007
vt 0.1273 0.7158
vt 0.1248 0.6943
vt 0.1159 0.7227
vt 0.1138 0.7319
vt 0.1298 0.7261
vt 0.1304 0.7437
vt 0.1224 0.749
vt 0.1477 0.7505
vt 0.1477 0.7476
vt 0.1371 0.7217
vt 0.1361 0.7085
vt 0.1438 0.6924
vt 0.1367 0.6846
vt 0.1605 0.6665
vt 0.1516 0.7388
vt 0.1611 0.7524
vt 0.1431 0.7222
vt 0.1282 0.6763
vt 0.1421 0.6611
vt 0.1526 0.6499
vt 0.1433 0.7075
vt 0.1383 0.6377
vt 0.1516 0.7041
vt 0.1534 0.6963
vt 0.1537 0.7148
vt 0.1652 0.6929
vt 0.1594 0.7275
vt 0.1655 0.7134
vt 0.1758 0.7197
vt 0.1709 0.6978
vt 0.179 0.688
vt 0.1646 0.7495
vt 0.1902 0.6895
vt 0.1613 0.6807
vt 0.1732 0.6768
vt 0.1858 0.6855
vt 0.17 0.7378
vt 0.1844 0.7402
vt 0.1785 0.7534
vt 0.1875 0.7207
vt 0.196 0.7056
vt 0.1963 0.7212
vt 0.1941 0.7363
vt 0.1832 0.6753
vt 0.1632 0.6411
vt 0.1482 0.6333
vt 0.135 0.6006
vt 0.1241 0.5977
vt 0.1466 0.6011
vt 0.157 0.626
vt 0.1571 0.6016
vt 0.166 0.5923
vt 0.1696 0.5845
vt 0.1643 0.6084
vt 0.1653 0.627
vt 0.1733 0.6431
vt 0.193 0.6758
vt 0.1974 0.6875
vt 0.1981 0.6909
vt 0.9595 0.7544
vt 0.9487 0.7817
vt 0.958 0.7983
vt 0.9443 0.811
vt 0.9565 0.8179
vt 0.9365 0.7939
vt 0.9424 0.7725
vt 0.9482 0.7559
vt 0.9302 0.7866
vt 0.9355 0.7686
vt 0.9248 0.8066
vt 0.9292 0.8257
vt 0.917 0.8364
vt 0.9395 0.833
vt 0.9253 0.8438
vt 0.9116 0.8599
vt 0.9346 0.8555
vt 0.9092 0.8696
vt 0.9536 0.8379
vt 0.9648 0.8687
vt 0.9492 0.8716
vt 0.9312 0.8701
vt 0.9478 0.8867
vt 0.9639 0.8853
vt 0.9282 0.8823
vt 0.9248 0.894
vt 0.9023 0.8838
vt 0.9458 0.8989
vt 0.9624 0.9082
vt 0.9443 0.9087
vt 0.8999 0.917
vt 0.9214 0.9038
vt 0.9175 0.9126
vt 0.9131 0.9224
vt 0.8833 0.8999
vt 0.8872 0.9219
vt 0.8657 0.9111
vt 0.4175 0.1885
vt 0.4082 0.1759
vt 0.4121 0.2021
vt 0.4197 0.198
vt 0.418 0.2207
vt 0.4033 0.2213
vt 0.4143 0.2335
vt 0.4341 0.2729
vt 0.427 0.2778
vt 0.4409 0.3025
vt 0.4307 0.3022
vt 0.4436 0.3306
vt 0.4329 0.3318
vt 0.4304 0.3655
vt 0.4321 0.198
vt 0.4258 0.187
vt 0.4199 0.1779
vt 0.4321 0.2073
vt 0.4336 0.2512
vt 0.4487 0.282
vt 0.4563 0.3293
vt 0.4407 0.3594
vt 0.4546 0.3032
vt 0.4353 0.1915
vt 0.4429 0.2191
vt 0.4458 0.2483
vt 0.4609 0.2448
vt 0.4727 0.2874
vt 0.4653 0.222
vt 0.4233 0.1616
vt 0.4199 0.1643
vt 0.4048 0.129
vt 0.4783 0.259
vt 0.4373 0.1765
vt 0.4043 0.1143
vt 0.3928 0.0995
vt 0.4282 0.1482
vt 0.4126 0.1047
vt 0.3926 0.0912
vt 0.396 0.0737
vt 0.3774 0.0723
vt 0.4404 0.149
vt 0.4165 0.0966
vt 0.3835 0.0599
vt 0.3989 0.0576
vt 0.3486 0.0481
vt 0.3696 0.0454
vt 0.3599 0.0352
vt 0.3406 0.0409
vt 0.3486 0.0251
vt 0.3318 0.0325
vt 0.3403 0.0173
vt 0.325 0.0239
vt 0.3618 0.0261
vt 0.3352 0.0105
vt 0.3218 0.017
vt 0.3555 0.0137
vt 0.3484 0.0067
vt 0.3809 0.0367
vt 0.3726 0.0278
vt 0.3662 0.0214
vt 0.4138 0.0442
vt 0.3982 0.0269
vt 0.4287 0.067
vt 0.3882 0.0179
vt 0.4182 0.0233
vt 0.4094 0.0157
vt 0.4058 0.066
vt 0.4373 0.0836
vt 0.3696 0.0113
vt 0.3723 0.0093
vt 0.4192 0.0864
vt 0.3638 0.0074
vt 0.364 0.0043
vt 0.345 0.0022
vt 0.3325 0.0047
vt 0.4316 0.1167
vt 0.4614 0.1498
vt 0.4712 0.1344
vt 0.4739 0.1538
vt 0.4775 0.1979
vt 0.4507 0.1736
vt 0.467 0.1913
vt 0.4553 0.192
vt 0.4729 0.2156
vt 0.481 0.2203
vt 0.4844 0.2494
vt 0.4797 0.1708
vt 0.4971 0.2756
vt 0.4836 0.2778
vt 0.491 0.3015
vt 0.4973 0.3242
vt 0.4944 0.3464
vt 0.4771 0.3291
vt 0.4736 0.3501
vt 0.5181 0.3418
vt 0.5015 0.3621
vt 0.4927 0.3982
vt 0.4868 0.3735
vt 0.479 0.375
vt 0.4536 0.356
vt 0.4292 0.417
vt 0.4426 0.4026
vt 0.4187 0.4243
vt 0.4246 0.3906
vt 0.4175 0.4456
vt 0.4753 0.4014
vt 0.4624 0.384
vt 0.4624 0.4053
vt 0.4648 0.4211
vt 0.4421 0.4199
vt 0.4243 0.4421
vt 0.4099 0.4792
vt 0.4287 0.4434
vt 0.4172 0.4778
vt 0.418 0.5127
vt 0.4265 0.4871
vt 0.4385 0.4724
vt 0.4268 0.4631
vt 0.4465 0.4292
vt 0.4451 0.4468
vt 0.45 0.4663
vt 0.4348 0.4893
vt 0.427 0.5078
vt 0.4756 0.4312
vt 0.4575 0.4756
vt 0.4822 0.4597
vt 0.4758 0.4802
vt 0.45 0.4963
vt 0.437 0.5005
vt 0.4465 0.5127
vt 0.4341 0.5161
vt 0.4451 0.5293
vt 0.4333 0.5327
vt 0.4353 0.5464
vt 0.4636 0.5312
vt 0.4663 0.5137
vt 0.4456 0.5439
vt 0.4629 0.5444
vt 0.4485 0.5591
vt 0.4395 0.5654
vt 0.4519 0.5708
vt 0.45 0.5938
vt 0.7642 0.6108
vt 0.7432 0.5728
vt 0.751 0.5933
vt 0.7607 0.6265
vt 0.7788 0.624
vt 0.748 0.6074
vt 0.7676 0.6011
vt 0.7715 0.647
vt 0.7822 0.6128
vt 0.7695 0.5933
vt 0.7842 0.604
vt 0.7969 0.6177
vt 0.7915 0.6416
vt 0.7939 0.6299
vt 0.8066 0.6323
vt 0.7974 0.6064
vt 0.8081 0.6191
vt 0.7861 0.5942
vt 0.7705 0.5859
vt 0.8091 0.6064
vt 0.8179 0.6274
vt 0.8091 0.5962
vt 0.8174 0.6382
vt 0.8022 0.583
vt 0.7876 0.5752
vt 0.8086 0.5864
vt 0.8047 0.6455
vt 0.8154 0.6533
vt 0.8003 0.6631
vt 0.813 0.6699
vt 0.7847 0.6602
vt 0.7705 0.6641
vt 0.7646 0.6567
vt 0.7793 0.6738
vt 0.7695 0.6782
vt 0.7725 0.6846
vt 0.79 0.6836
vt 0.8091 0.6846
vt 0.8208 0.6914
vt 0.8252 0.6758
vt 0.8032 0.7007
vt 0.7915 0.7021
vt 0.8159 0.7075
vt 0.8394 0.6978
vt 0.7793 0.6938
vt 0.7676 0.689
vt 0.7793 0.708
vt 0.7925 0.7168
vt 0.7734 0.7124
vt 0.8086 0.7139
vt 0.8135 0.7227
vt 0.7891 0.7266
vt 0.8086 0.731
vt 0.8374 0.7222
vt 0.8384 0.7119
vt 0.8721 0.7007
vt 0.8535 0.6978
vt 0.8525 0.687
vt 0.8389 0.6836
vt 0.8696 0.6758
vt 0.8389 0.6719
vt 0.8379 0.6558
vt 0.8589 0.626
vt 0.8374 0.6401
vt 0.8784 0.603
vt 0.8735 0.5928
vt 0.8364 0.624
vt 0.856 0.6104
vt 0.8364 0.6079
vt 0.853 0.6001
vt 0.8237 0.6182
vt 0.8242 0.6299
vt 0.8228 0.604
vt 0.8232 0.5977
vt 0.8354 0.5957
vt 0.8511 0.5913
vt 0.8477 0.5825
vt 0.3098 0.0457
vt 0.313 0.032
vt 0.2952 0.0437
vt 0.3142 0.053
vt 0.3037 0.0535
vt 0.3213 0.6899
vt 0.3032 0.6514
vt 0.3076 0.6992
vt 0.3184 0.6421
vt 0.3037 0.6377
vt 0.3057 0.6221
vt 0.3203 0.6201
vt 0.3096 0.5942
vt 0.3237 0.5947
vt 0.3159 0.5645
vt 0.3311 0.5542
vt 0.322 0.5356
vt 0.3386 0.5088
vt 0.3274 0.5078
vt 0.3411 0.4763
vt 0.3296 0.4778
vt 0.3508 0.5093
vt 0.3464 0.5405
vt 0.3396 0.5942
vt 0.3372 0.6187
vt 0.3416 0.4502
vt 0.3298 0.4517
vt 0.3406 0.4272
vt 0.3296 0.4258
vt 0.3528 0.4478
vt 0.3533 0.4749
vt 0.3616 0.5088
vt 0.3562 0.5552
vt 0.3638 0.4763
vt 0.3528 0.5928
vt 0.365 0.4578
vt 0.3511 0.6162
vt 0.3503 0.6406
vt 0.335 0.668
vt 0.3506 0.666
vt 0.3628 0.6514
vt 0.3369 0.6851
vt 0.3389 0.7021
vt 0.3257 0.7134
vt 0.3481 0.6851
vt 0.3645 0.6694
vt 0.3374 0.7192
vt 0.3296 0.7295
vt 0.3296 0.7446
vt 0.3748 0.6519
vt 0.3777 0.6392
vt 0.3904 0.6475
vt 0.3774 0.668
vt 0.3906 0.6631
vt 0.3918 0.6963
vt 0.3645 0.6909
vt 0.3787 0.7002
vt 0.3867 0.7271
vt 0.3652 0.7231
vt 0.3767 0.7256
vt 0.3528 0.7241
vt 0.3506 0.7466
vt 0.3818 0.7534
vt 0.3977 0.7266
vt 0.3911 0.7549
vt 0.3838 0.7876
vt 0.3599 0.7495
vt 0.3701 0.7529
vt 0.375 0.7847
vt 0.3396 0.7427
vt 0.3374 0.7544
vt 0.3276 0.7554
vt 0.3406 0.7808
vt 0.3303 0.7783
vt 0.363 0.7856
vt 0.3694 0.8125
vt 0.3806 0.813
vt 0.3508 0.7866
vt 0.3364 0.8042
vt 0.3586 0.8115
vt 0.3489 0.8037
vt 0.3872 0.833
vt 0.3914 0.8223
vt 0.4041 0.8325
vt 0.3259 0.8076
vt 0.3157 0.8018
vt 0.3091 0.8154
vt 0.3337 0.8159
vt 0.3215 0.8188
vt 0.3206 0.8291
vt 0.3608 0.8311
vt 0.3555 0.8442
vt 0.3879 0.8447
vt 0.3486 0.814
vt 0.3354 0.8262
vt 0.3491 0.832
vt 0.3374 0.8345
vt 0.3628 0.8555
vt 0.3906 0.8521
vt 0.3625 0.8662
vt 0.3496 0.8535
vt 0.3472 0.8643
vt 0.333 0.8623
vt 0.3345 0.8477
vt 0.322 0.8384
vt 0.3096 0.8486
vt 0.3086 0.8354
vt 0.324 0.8477
vt 0.3169 0.8574
vt 0.3047 0.8633
vt 0.3145 0.8696
vt 0.3293 0.8726
vt 0.3005 0.8779
vt 0.3135 0.8823
vt 0.9624 0.1793
vt 0.9541 0.1752
vt 0.9614 0.2056
vt 0.9526 0.1603
vt 0.9575 0.1307
vt 0.9722 0.1698
vt 0.9512 0.1326
vt 0.9702 0.1221
vt 0.9697 0.1052
vt 0.959 0.1094
vt 0.9512 0.1077
vt 0.9609 0.0887
vt 0.9512 0.0752
vt 0.9702 0.0828
vt 0.9629 0.0716
vt 0.9712 0.068
vt 0.9692 0.1873
vt 0.9678 0.2109
vt 0.9775 0.2048
vt 0.9722 0.2369
vt 0.9839 0.26
vt 0.9722 0.2605
vt 0.9805 0.2825
vt 0.9863 0.2734
vt 0.9873 0.2097
vt 0.9839 0.1851
vt 0.9819 0.1656
vt 0.979 0.1163
vt 0.9937 0.2517
vt 0.9966 0.2637
vt 0.9951 0.2703
vt 0.9902 0.2839
vt 0.0171 0.3645
vt 0.0291 0.3667
vt 0.0023 0.3474
vt 0.0245 0.374
vt 0.0336 0.374
vt 0.035 0.3665
vt 0.0382 0.375
vt 0.0332 0.3818
vt 0.0265 0.3799
vt 0.0128 0.3772
vt 0.002 0.3887
vt 0.0119 0.3647
vt 0.003 0.3518
vt 0.2445 0.1476
vt 0.2312 0.1522
vt 0.2457 0.1581
vt 0.2493 0.1499
vt 0.2537 0.1378
vt 0.2485 0.1357
vt 0.252 0.1302
vt 0.2603 0.1522
vt 0.2671 0.1482
vt 0.2593 0.1682
vt 0.2683 0.1649
vt 0.2639 0.175
vt 0.2524 0.1744
vt 0.2554 0.1606
vt 0.2393 0.1661
vt 0.2349 0.1746
vt 0.062 0.5386
vt 0.0575 0.563
vt 0.0637 0.583
vt 0.0634 0.6025
vt 0.0579 0.6108
vt 0.0477 0.5791
vt 0.0668 0.6431
vt 0.0579 0.5112
vt 0.0597 0.6436
vt 0.064 0.6699
vt 0.0584 0.6641
vt 0.0561 0.6323
vt 0.0501 0.6221
vt 0.0379 0.6138
vt 0.0493 0.5273
vt 0.0472 0.4971
vt 0.0382 0.5117
vt 0.0389 0.5483
vt 0.0512 0.4675
vt 0.0376 0.5854
vt 0.0292 0.5947
vt 0.0318 0.6221
vt 0.0262 0.6387
vt 0.0296 0.5688
vt 0.0317 0.5488
vt 0.0274 0.4971
vt 0.0405 0.4731
vt 0.0408 0.4453
vt 0.044 0.4329
vt 0.0479 0.4397
vt 0.0403 0.4153
vt 0.0335 0.4194
vt 0.0359 0.4351
vt 0.0295 0.4214
vt 0.0348 0.4609
vt 0.0231 0.4272
vt 0.0303 0.4695
vt 0.0158 0.4353
vt 0.0233 0.4797
vt 0.0183 0.4583
vt 0.0076 0.4421
vt 0.0103 0.4622
vt 0.002 0.4468
vt 0.0183 0.4856
vt 0.0215 0.5034
vt 0.0264 0.5532
vt 0.9478 0.333
vt 0.937 0.3423
vt 0.9453 0.3425
vt 0.9419 0.3232
vt 0.9502 0.3208
vt 0.9478 0.3174
vt 0.9375 0.3162
vt 0.9248 0.3311
vt 0.9321 0.3381
vt 0.9258 0.3442
vt 0.9321 0.3501
vt 0.9238 0.3499
vt 0.9409 0.3479
vt 0.9478 0.3435
vt 0.9546 0.3494
vt 0.9551 0.3406
vt 0.9595 0.3506
vt 0.9619 0.3345
vt 0.9668 0.3459
vt 0.9663 0.3335
vt 0.9585 0.3291
vt 0.9556 0.3376
vt 0.9385 0.3577
vt 0.9463 0.356
vt 0.9409 0.3713
vt 0.9263 0.3625
vt 0.9512 0.3616
vt 0.9639 0.3655
vt 0.9692 0.3569
vt 0.957 0.3743
vt 0.9507 0.3772
vt 0.9395 0.3831
vt 0.9316 0.3816
vt 0.9292 0.3726
vt 0.9038 0.3782
vt 0.9165 0.3611
vt 0.9048 0.3711
vt 0.8911 0.3796
vt 0.9028 0.3647
vt 0.8867 0.3704
vt 0.8755 0.3748
vt 0.8682 0.3699
vt 0.8818 0.363
vt 0.8979 0.3596
vt 0.9092 0.3455
vt 0.8716 0.3611
vt 0.8604 0.3616
vt 0.9204 0.3325
vt 0.8828 0.3528
vt 0.8984 0.3501
vt 0.8677 0.3516
vt 0.8994 0.3257
vt 0.9067 0.3074
vt 0.8843 0.334
vt 0.8691 0.3406
vt 0.8594 0.3376
vt 0.855 0.3494
vt 0.8628 0.3259
vt 0.8569 0.3213
vt 0.8682 0.3037
vt 0.8809 0.3184
vt 0.8711 0.3159
vt 0.9248 0.3076
vt 0.8921 0.3162
vt 0.8857 0.3091
vt 0.8994 0.3086
vt 0.8755 0.2988
vt 0.8828 0.2917
vt 0.8779 0.2795
vt 0.875 0.2732
vt 0.8643 0.2964
vt 0.8877 0.2817
vt 0.8823 0.2507
vt 0.8979 0.2874
vt 0.8911 0.2566
vt 0.8877 0.2323
vt 0.8813 0.2318
vt 0.8853 0.2266
vt 0.8784 0.2158
vt 0.8979 0.2394
vt 0.9019 0.2527
vt 0.895 0.228
vt 0.8955 0.2192
vt 0.8877 0.2183
vt 0.8823 0.2107
vt 0.9048 0.2222
vt 0.9048 0.2174
vt 0.9087 0.2325
vt 0.9126 0.2174
vt 0.915 0.2279
vt 0.9199 0.2159
vt 0.9209 0.2271
vt 0.9204 0.2522
vt 0.9102 0.2581
vt 0.9253 0.2554
vt 0.9136 0.2629
vt 0.9033 0.2678
vt 0.9092 0.2788
vt 0.9033 0.2888
vt 0.9175 0.2686
vt 0.9243 0.2939
vt 0.936 0.2927
vt 0.9282 0.2629
vt 0.9395 0.252
vt 0.9468 0.2556
vt 0.8999 0.2925
vt 0.9409 0.2661
vt 0.894 0.3013
vt 0.8931 0.3115
vt 0.8901 0.2998
vt 0.8857 0.2993
vt 0.9512 0.2664
vt 0.9521 0.2563
vt 0.9556 0.2708
vt 0.9443 0.2742
vt 0.9551 0.2749
vt 0.958 0.2778
vt 0.9414 0.2866
vt 0.9482 0.2825
vt 0.9512 0.2886
vt 0.9424 0.2979
vt 0.9316 0.3069
vt 0.9424 0.304
vt 0.9429 0.3081
vt 0.9429 0.3159
vt 0.5884 0.0022
vt 0.5942 0.0152
vt 0.6001 0.006
vt 0.605 0.019
vt 0.8433 0.5132
vt 0.8267 0.5205
vt 0.8433 0.5205
vt 0.8159 0.5088
vt 0.8179 0.5156
vt 0.8076 0.5156
vt 0.8022 0.5083
vt 0.8018 0.4993
vt 0.8169 0.4993
vt 0.8037 0.4907
vt 0.8193 0.4888
vt 0.8149 0.4609
vt 0.8237 0.4751
vt 0.8281 0.4951
vt 0.8418 0.5073
vt 0.855 0.5151
vt 0.835 0.4966
vt 0.8311 0.4819
vt 0.8228 0.4631
vt 0.8359 0.4575
vt 0.8252 0.4517
vt 0.8418 0.4419
vt 0.8306 0.4421
vt 0.5776 0.4321
vt 0.5864 0.4404
vt 0.5884 0.426
vt 0.5957 0.4448
vt 0.605 0.4211
vt 0.6025 0.4446
vt 0.5981 0.3938
vt 0.6089 0.394
vt 0.5898 0.3879
vt 0.5996 0.3723
vt 0.6094 0.3516
vt 0.5894 0.3477
vt 0.5996 0.3521
vt 0.6035 0.3254
vt 0.6138 0.3018
vt 0.5957 0.3311
vt 0.5957 0.3054
vt 0.6108 0.2825
vt 0.605 0.2593
vt 0.6138 0.2634
vt 0.6221 0.2241
vt 0.5942 0.2708
vt 0.5874 0.2979
vt 0.6016 0.2317
vt 0.6104 0.2317
vt 0.6074 0.2039
vt 0.6172 0.2026
vt 0.6235 0.1981
vt 0.6138 0.1893
vt 0.6284 0.1917
vt 0.6279 0.2039
vt 0.6226 0.1798
vt 0.6333 0.1884
vt 0.6123 0.1755
vt 0.6055 0.1864
vt 0.5957 0.2095
vt 0.6265 0.1678
vt 0.6211 0.1603
vt 0.6089 0.1682
vt 0.6406 0.1797
vt 0.6401 0.1632
vt 0.6553 0.1647
vt 0.6514 0.1547
vt 0.6567 0.1932
vt 0.6646 0.1499
vt 0.6641 0.1398
vt 0.6499 0.1963
vt 0.6377 0.2007
vt 0.6611 0.2225
vt 0.647 0.234
vt 0.6597 0.2366
vt 0.6479 0.2505
vt 0.6641 0.2769
vt 0.6494 0.2656
vt 0.6538 0.28
vt 0.6719 0.2366
vt 0.6665 0.291
vt 0.6562 0.2925
vt 0.6748 0.2756
vt 0.6665 0.3081
vt 0.6587 0.3159
vt 0.6528 0.3267
vt 0.6768 0.29
vt 0.6777 0.3047
vt 0.6694 0.3223
vt 0.6709 0.2206
vt 0.6826 0.2351
vt 0.6846 0.2761
vt 0.6865 0.2898
vt 0.6729 0.2026
vt 0.688 0.3083
vt 0.6821 0.2218
vt 0.6748 0.1835
vt 0.6973 0.2896
vt 0.6812 0.1984
vt 0.6924 0.3191
vt 0.6997 0.3096
vt 0.7085 0.2893
vt 0.6963 0.2771
vt 0.6953 0.2546
vt 0.6929 0.2375
vt 0.707 0.2771
vt 0.7056 0.2479
vt 0.686 0.3315
vt 0.665 0.333
vt 0.7173 0.2773
vt 0.6763 0.3457
vt 0.6509 0.3596
vt 0.6914 0.2225
vt 0.7036 0.2269
vt 0.6895 0.1978
vt 0.7153 0.2419
vt 0.7031 0.2109
vt 0.6826 0.174
vt 0.6772 0.1687
vt 0.6812 0.1528
vt 0.6914 0.1483
vt 0.7148 0.2297
vt 0.7266 0.2627
vt 0.7271 0.2778
vt 0.7188 0.2896
vt 0.7285 0.2954
vt 0.7212 0.3076
vt 0.7319 0.3105
vt 0.7354 0.3176
vt 0.7104 0.3086
vt 0.7251 0.3191
vt 0.7124 0.3176
vt 0.6997 0.3279
vt 0.7148 0.3257
vt 0.7173 0.3459
vt 0.7012 0.3494
vt 0.7329 0.3391
vt 0.6865 0.3638
vt 0.6997 0.3616
vt 0.6743 0.3625
vt 0.6577 0.374
vt 0.646 0.3772
vt 0.645 0.3901
vt 0.6719 0.3816
vt 0.6577 0.3857
vt 0.6455 0.4053
vt 0.6572 0.4001
vt 0.647 0.4202
vt 0.6978 0.3745
vt 0.6724 0.3958
vt 0.6992 0.3872
vt 0.7153 0.3738
vt 0.6768 0.4087
vt 0.6602 0.4131
vt 0.6582 0.4307
vt 0.6514 0.4519
vt 0.6729 0.4326
vt 0.6655 0.447
vt 0.7007 0.4011
vt 0.7007 0.4399
vt 0.7163 0.3606
vt 0.7368 0.3633
vt 0.7153 0.387
vt 0.7354 0.3511
vt 0.7373 0.3762
vt 0.7495 0.344
vt 0.7549 0.3643
vt 0.7451 0.3337
vt 0.7568 0.3813
vt 0.7544 0.3318
vt 0.7407 0.3137
vt 0.7573 0.3955
vt 0.7363 0.3906
vt 0.7153 0.4021
vt 0.7354 0.4048
vt 0.7563 0.4106
vt 0.7529 0.428
vt 0.7153 0.4182
vt 0.7339 0.4207
vt 0.7129 0.458
vt 0.73 0.4512
vt 0.7412 0.4385
vt 0.7026 0.4714
vt 0.6953 0.498
vt 0.7085 0.4912
vt 0.7456 0.4636
vt 0.7651 0.4517
vt 0.7607 0.4727
vt 0.7539 0.5015
vt 0.7178 0.4739
vt 0.7236 0.4912
vt 0.7065 0.5229
vt 0.7339 0.4661
vt 0.7383 0.4998
vt 0.7168 0.543
vt 0.7041 0.5464
vt 0.7334 0.5229
vt 0.7456 0.5317
vt 0.7266 0.5537
vt 0.7393 0.5557
vt 0.7363 0.5806
vt 0.7129 0.5776
vt 0.7031 0.5776
vt 0.7236 0.5791
vt 0.7246 0.6011
vt 0.7368 0.6001
vt 0.7383 0.6279
vt 0.7129 0.6035
vt 0.7012 0.6055
vt 0.7251 0.627
vt 0.7139 0.6289
vt 0.7007 0.6279
vt 0.7134 0.6685
vt 0.6992 0.6694
vt 0.7124 0.6812
vt 0.7212 0.667
vt 0.7329 0.6333
vt 0.7412 0.6445
vt 0.7295 0.6724
vt 0.7373 0.6719
vt 0.7231 0.6934
vt 0.7344 0.7119
vt 0.7412 0.7065
vt 0.7471 0.7773
vt 0.751 0.7451
vt 0.7568 0.77
vt 0.7598 0.7891
vt 0.7476 0.7949
vt 0.7715 0.7803
vt 0.7646 0.7549
vt 0.7285 0.7158
vt 0.7324 0.7373
vt 0.7197 0.7251
vt 0.7051 0.7061
vt 0.6934 0.6987
vt 0.6978 0.7236
vt 0.7065 0.7236
vt 0.71 0.7402
vt 0.7192 0.7573
vt 0.7256 0.7393
vt 0.7314 0.7876
vt 0.7012 0.7529
vt 0.7134 0.7627
vt 0.7012 0.771
vt 0.687 0.7393
vt 0.7134 0.7861
vt 0.7002 0.7925
vt 0.6968 0.8174
vt 0.7114 0.8149
vt 0.7222 0.7852
vt 0.7271 0.8042
vt 0.7334 0.8086
vt 0.6772 0.7217
vt 0.6846 0.7119
vt 0.6768 0.7544
vt 0.6714 0.7427
vt 0.6719 0.7129
vt 0.6646 0.7344
vt 0.6689 0.7026
vt 0.6636 0.7671
vt 0.6694 0.7842
vt 0.6631 0.7949
vt 0.668 0.8062
vt 0.6729 0.7705
vt 0.6694 0.8027
vt 0.6821 0.7734
vt 0.6924 0.7554
vt 0.6914 0.7852
vt 0.6719 0.8018
vt 0.6787 0.8032
vt 0.6753 0.8218
vt 0.6655 0.8228
vt 0.6392 0.0647
vt 0.6313 0.0757
vt 0.6416 0.0732
vt 0.6484 0.0688
vt 0.6416 0.0566
vt 0.6489 0.0598
vt 0.6548 0.0634
vt 0.6494 0.0541
vt 0.6411 0.0489
vt 0.5 0.8706
vt 0.489 0.8486
vt 0.4956 0.8755
vt 0.4836 0.8696
vt 0.4827 0.855
vt 0.4846 0.8228
vt 0.4805 0.8247
vt 0.4854 0.811
vt 0.48 0.8096
vt 0.4919 0.7974
vt 0.4751 0.835
vt 0.4756 0.8584
vt 0.4734 0.8149
vt 0.4673 0.8604
vt 0.4658 0.833
vt 0.4685 0.8765
vt 0.4788 0.8828
vt 0.4683 0.8872
vt 0.4607 0.8911
vt 0.489 0.8857
vt 0.5005 0.8989
vt 0.5063 0.8926
vt 0.5073 0.9141
vt 0.5044 0.9302
vt 0.4939 0.9023
vt 0.4998 0.9185
vt 0.4844 0.8989
vt 0.4758 0.9082
vt 0.4617 0.9043
vt 0.4487 0.8843
vt 0.4563 0.9297
vt 0.4546 0.9146
vt 0.4551 0.8828
vt 0.4436 0.8955
vt 0.4998 0.937
vt 0.5059 0.9453
vt 0.4937 0.9126
vt 0.4827 0.9209
vt 0.49 0.9321
vt 0.49 0.9438
vt 0.47 0.9214
vt 0.4727 0.9321
vt 0.4941 0.9492
vt 0.4746 0.9551
vt 0.502 0.9512
vt 0.4858 0.9565
vt 0.4731 0.9653
vt 0.458 0.9697
vt 0.4719 0.9468
vt 0.4578 0.9575
vt 0.4578 0.9517
vt 0.4463 0.958
vt 0.4446 0.9663
vt 0.4299 0.9575
vt 0.4517 0.9424
vt 0.4351 0.9502
vt 0.4236 0.9492
vt 0.4138 0.9526
vt 0.4141 0.959
vt 0.4043 0.9536
vt 0.4014 0.9429
vt 0.4292 0.9414
vt 0.4165 0.9395
vt 0.4041 0.936
vt 0.4014 0.9248
vt 0.4087 0.9346
vt 0.4209 0.9321
vt 0.4099 0.9272
vt 0.4009 0.9058
vt 0.3965 0.9141
vt 0.4363 0.9341
vt 0.4319 0.9282
vt 0.4426 0.9277
vt 0.4309 0.9224
vt 0.4363 0.9106
vt 0.4102 0.9219
vt 0.405 0.9097
vt 0.4067 0.9062
vt 0.4224 0.9199
vt 0.4255 0.9121
vt 0.4204 0.8921
vt 0.4141 0.897
vt 0.4126 0.9077
vt 0.4258 0.8818
vt 0.4248 0.8716
vt 0.4514 0.8652
vt 0.4587 0.8706
vt 0.458 0.8618
vt 0.4683 0.875
vt 0.4604 0.877
vt 0.4607 0.8862
vt 0.4646 0.877
vt 0.467 0.8848
vt 0.4446 0.8516
vt 0.4558 0.8462
vt 0.4385 0.8403
vt 0.4304 0.8438
vt 0.4502 0.8398
vt 0.4211 0.8281
vt 0.4148 0.8315
vt 0.4165 0.8408
vt 0.4175 0.8511
vt 0.406 0.8462
vt 0.407 0.8516
vt 0.4041 0.856
vt 0.4124 0.8569
vt 0.4109 0.8623
vt 0.4209 0.8643
vt 0.4141 0.8633
vt 0.4167 0.8726
vt 0.4185 0.8813
vt 0.4153 0.8921
vt 0.4131 0.8862
vt 0.9453 0.019
vt 0.938 0.0199
vt 0.9438 0.0416
vt 0.938 0.0427
vt 0.9282 0.0212
vt 0.9282 0.0024
vt 0.917 0.0022
vt 0.9287 0.0637
vt 0.9395 0.0617
vt 0.9233 0.0471
vt 0.9209 0.0679
vt 0.9185 0.0496
vt 0.9175 0.0244
vt 0.9102 0.0028
vt 0.9092 0.0285
vt 0.8994 0.0064
vt 0.8926 0.0087
vt 0.3865 0.2161
vt 0.396 0.2289
vt 0.3948 0.2141
vt 0.3936 0.1893
vt 0.3845 0.2014
vt 0.3806 0.2185
vt 0.0419 0.1068
vt 0.0435 0.0847
vt 0.0313 0.1094
vt 0.037 0.122
vt 0.025 0.124
vt 0.0304 0.1326
vt 0.0393 0.1426
vt 0.0155 0.1345
vt 0.0358 0.1489
vt 0.0383 0.1647
vt 0.0269 0.1387
vt 0.0335 0.1624
vt 0.0325 0.175
vt 0.0287 0.1576
vt 0.0165 0.1445
vt 0.0067 0.1427
vt 0.0109 0.149
vt 0.0206 0.1587
vt 0.0144 0.1627
vt 0.0221 0.1688
vt 0.0249 0.1838
vt 0.0323 0.1829
vt 0.026 0.1984
vt 0.0154 0.1832
vt 0.0177 0.1963
vt 0.0179 0.2098
vt 0.0265 0.205
vt 0.0089 0.1753
vt 0.002 0.1562
vt 0.0028 0.2013
vt 0.0067 0.2081
vt 0.0119 0.2216
vt 0.0183 0.2303
vt 0.007 0.2351
vt 0.0031 0.2277
vt 0.0028 0.2474
vt 0.0098 0.2502
vt 0.0191 0.2397
vt 0.5923 0.7026
vt 0.5981 0.7192
vt 0.6064 0.7095
vt 0.6147 0.6929
vt 0.6133 0.6768
vt 0.6011 0.6768
vt 0.5894 0.6768
vt 0.5864 0.6943
vt 0.5938 0.6626
vt 0.6045 0.6626
vt 0.6069 0.6362
vt 0.5962 0.6436
vt 0.5835 0.6636
vt 0.5786 0.6777
vt 0.5728 0.6953
vt 0.5742 0.7026
vt 0.5684 0.7124
vt 0.5693 0.6787
vt 0.564 0.6958
vt 0.5859 0.6509
vt 0.5859 0.6279
vt 0.5962 0.6255
vt 0.5952 0.6147
vt 0.6074 0.6245
vt 0.6074 0.6147
vt 0.6064 0.5996
vt 0.5742 0.665
vt 0.5771 0.6504
vt 0.5913 0.6001
vt 0.605 0.5884
vt 0.562 0.6807
vt 0.5669 0.666
vt 0.5566 0.6963
vt 0.5698 0.6533
vt 0.5698 0.6289
vt 0.5596 0.7124
vt 0.5527 0.7134
vt 0.5771 0.6279
vt 0.5732 0.6182
vt 0.5537 0.748
vt 0.5459 0.7524
vt 0.5649 0.7241
vt 0.5601 0.7466
vt 0.5659 0.7446
vt 0.5576 0.7573
vt 0.5522 0.7607
vt 0.585 0.6172
vt 0.5825 0.6084
vt 0.5718 0.6094
vt 0.5747 0.5928
vt 0.562 0.6226
vt 0.5654 0.6372
vt 0.5605 0.6113
vt 0.5625 0.5894
vt 0.5898 0.5874
vt 0.5728 0.5786
vt 0.5591 0.5781
vt 0.5562 0.564
vt 0.5728 0.564
vt 0.5923 0.562
vt 0.5737 0.5513
vt 0.6104 0.5562
vt 0.6201 0.5757
vt 0.627 0.5513
vt 0.5952 0.5498
vt 0.5986 0.5347
vt 0.5762 0.5347
vt 0.6201 0.5269
vt 0.6367 0.5239
vt 0.5806 0.5171
vt 0.5571 0.5337
vt 0.5605 0.5176
vt 0.5854 0.502
vt 0.6025 0.519
vt 0.625 0.5054
vt 0.6411 0.5063
vt 0.6064 0.502
vt 0.5918 0.4824
vt 0.6289 0.4858
vt 0.6455 0.4846
vt 0.6333 0.4587
vt 0.6226 0.4768
vt 0.6377 0.4272
vt 0.6221 0.4248
vt 0.6143 0.4634
vt 0.5991 0.4561
vt 0.8472 0.3149
vt 0.8359 0.3225
vt 0.8477 0.3274
vt 0.8379 0.3354
vt 0.8477 0.335
vt 0.8394 0.3477
vt 0.8481 0.343
vt 0.8276 0.3496
vt 0.8267 0.3276
vt 0.8262 0.3149
vt 0.8218 0.3252
vt 0.8179 0.3357
vt 0.8257 0.3394
vt 0.8247 0.3521
vt 0.9321 0.2284
vt 0.9385 0.2177
vt 0.9331 0.2135
vt 0.9312 0.2017
vt 0.9243 0.1984
vt 0.9424 0.2092
vt 0.9253 0.1892
vt 0.9434 0.1882
vt 0.9507 0.1949
vt 0.1479 0.8154
vt 0.1641 0.8086
vt 0.1536 0.8047
vt 0.1575 0.8174
vt 0.1476 0.8286
vt 0.1776 0.8184
vt 0.176 0.813
vt 0.1841 0.8188
vt 0.1545 0.8281
vt 0.1818 0.8276
vt 0.1947 0.8311
vt 0.1985 0.8384
vt 0.1636 0.8413
vt 0.2012 0.8306
vt 0.1887 0.8179
vt 0.2061 0.8301
vt 0.1953 0.8076
vt 0.2091 0.8198
vt 0.1647 0.8345
vt 0.1423 0.8467
vt 0.1602 0.8311
vt 0.1422 0.8403
vt 0.1335 0.8384
vt 0.1135 0.8486
vt 0.1225 0.8379
vt 0.1161 0.8379
vt 0.1093 0.8374
vt 0.0876 0.833
vt 0.1047 0.835
vt 0.1009 0.8325
vt 0.0958 0.8296
vt 0.0858 0.8242
vt 0.0799 0.8218
vt 0.0635 0.8149
vt 0.0614 0.8252
vt 0.0663 0.8345
vt 0.0419 0.8071
vt 0.0422 0.8179
vt 0.0249 0.8135
vt 0.0137 0.8262
vt 0.0199 0.8052
vt 0.002 0.8179
vt 0.7544 0.0781
vt 0.7734 0.0944
vt 0.7598 0.0685
vt 0.7612 0.054
vt 0.7568 0.0551
vt 0.7505 0.0281
vt 0.7759 0.0823
vt 0.7808 0.0729
vt 0.7881 0.11
vt 0.7876 0.1183
vt 0.8052 0.1523
vt 0.792 0.1036
vt 0.8135 0.1599
vt 0.8169 0.1772
vt 0.814 0.1434
vt 0.832 0.1769
vt 0.8262 0.1866
vt 0.8398 0.1979
vt 0.834 0.2065
vt 0.8398 0.1718
vt 0.8062 0.1159
vt 0.7949 0.0917
vt 0.8125 0.1163
vt 0.8467 0.1676
vt 0.7983 0.0881
vt 0.7969 0.0751
vt 0.7842 0.0506
vt 0.8018 0.0745
vt 0.7954 0.0487
vt 0.793 0.0513
vt 0.7925 0.034
vt 0.7866 0.0339
vt 0.7876 0.0455
vt 0.7822 0.027
vt 0.7793 0.0256
vt 0.7764 0.0284
vt 0.7734 0.0242
vt 0.7783 0.0537
vt 0.772 0.0505
vt 0.7725 0.0265
vt 0.7686 0.0257
vt 0.769 0.0082
vt 0.7646 0.0021
vt 0.7651 0.026
vt 0.7666 0.0474
vt 0.7617 0.0436
vt 0.7544 0.0322
vt 0.751 0.0058
vt 0.7485 0.0068
vt 0.7583 0.0246
vt 0.7646 0.0448
vt 0.1088 0.0281
vt 0.1215 0.0228
vt 0.1191 0.0187
vt 0.1094 0.0327
vt 0.1245 0.0238
vt 0.1278 0.002
vt 0.1086 0.0383
vt 0.6367 0.3228
vt 0.6255 0.3079
vt 0.6206 0.3262
vt 0.6294 0.3596
vt 0.2815 0.3582
vt 0.2937 0.376
vt 0.2974 0.363
vt 0.2856 0.3347
vt 0.2637 0.3638
vt 0.2791 0.3704
vt 0.2632 0.3748
vt 0.2651 0.3386
vt 0.2659 0.3325
vt 0.2891 0.3247
vt 0.2659 0.3257
vt 0.3054 0.3406
vt 0.3083 0.3359
vt 0.2986 0.3562
vt 0.6792 0.5278
vt 0.6792 0.5156
vt 0.6665 0.5513
vt 0.6851 0.5034
vt 0.6807 0.5049
vt 0.6733 0.4893
vt 0.6851 0.5269
vt 0.6899 0.5039
vt 0.6777 0.5591
vt 0.6792 0.4883
vt 0.665 0.5762
vt 0.6738 0.4741
vt 0.6709 0.583
vt 0.6689 0.4729
vt 0.668 0.4568
vt 0.6724 0.4573
vt 0.6772 0.4729
vt 0.6587 0.5947
vt 0.666 0.5977
vt 0.6763 0.5918
vt 0.6816 0.5664
vt 0.6685 0.6108
vt 0.6616 0.6064
vt 0.6558 0.604
vt 0.6597 0.6187
vt 0.6479 0.6001
vt 0.6519 0.5913
vt 0.6475 0.6299
vt 0.6538 0.6392
vt 0.625 0.665
vt 0.6382 0.665
vt 0.6304 0.687
vt 0.6206 0.6831
vt 0.627 0.6982
vt 0.6206 0.6909
vt 0.7847 0.1306
vt 0.7754 0.1501
vt 0.7852 0.1494
vt 0.7749 0.1705
vt 0.7798 0.1693
vt 0.7793 0.1888
vt 0.7832 0.1866
vt 0.7832 0.2079
vt 0.7886 0.2047
vt 0.7954 0.1974
vt 0.6177 0.1221
vt 0.6055 0.132
vt 0.6045 0.1437
vt 0.6147 0.1143
vt 0.6323 0.1054
vt 0.5967 0.1356
vt 0.5972 0.1544
vt 0.5898 0.1686
vt 0.583 0.1973
vt 0.6294 0.0955
vt 0.645 0.0944
vt 0.6138 0.1023
vt 0.6479 0.0847
vt 0.6543 0.0879
vt 0.6636 0.0814
vt 0.6509 0.0793
vt 0.6211 0.0908
vt 0.6104 0.1006
vt 0.6016 0.1148
vt 0.5942 0.1364
vt 0.5859 0.1849
vt 0.7495 0.1517
vt 0.7505 0.1555
vt 0.7583 0.157
vt 0.7456 0.1542
vt 0.749 0.1483
vt 0.7388 0.1486
vt 0.7334 0.1385
vt 0.7524 0.141
vt 0.7324 0.1272
vt 0.7349 0.1193
vt 0.7617 0.1327
vt 0.7427 0.1144
vt 0.7471 0.1095
vt 0.769 0.1271
vt 0.7544 0.1119
vt 0.7627 0.1136
vt 0.7725 0.1185
vt 0.7788 0.124
vt 0.9629 0.0716
vt 0.9712 0.068
vt 0.979 0.0516
vt 0.9736 0.0525
vt 0.9839 0.0365
vt 0.978 0.0354
vt 0.9873 0.0191
vt 0.9897 0.0225
vt 0.9707 0.0475
vt 0.9648 0.0478
vt 0.9526 0.0689
vt 0.9512 0.0752
vt 0.9624 0.0275
vt 0.9678 0.0269
vt 0.9722 0.0268
vt 0.9785 0.0142
vt 0.9751 0.0116
vt 0.9731 0.0097
vt 0.9868 0.0034
vt 0.9912 0.0073
vt 0.998 0.0022
vt 0.4177 0.7188
vt 0.4265 0.7427
vt 0.4285 0.7124
vt 0.4192 0.6973
vt 0.4121 0.6973
vt 0.4287 0.6851
vt 0.4148 0.6729
vt 0.4099 0.6567
vt 0.4216 0.6733
vt 0.4348 0.6387
vt 0.4199 0.644
vt 0.4038 0.6201
vt 0.4268 0.6348
vt 0.4351 0.6138
vt 0.4062 0.5947
vt 0.3953 0.5981
vt 0.4231 0.5991
vt 0.4314 0.5776
vt 0.4006 0.5815
vt 0.384 0.5806
vt 0.417 0.5767
vt 0.3982 0.5674
vt 0.3728 0.5674
vt 0.4126 0.5669
vt 0.426 0.563
vt 0.4148 0.5518
vt 0.4043 0.5581
vt 0.4067 0.5444
vt 0.3872 0.5605
vt 0.3647 0.5522
vt 0.3977 0.5508
vt 0.3828 0.5474
vt 0.3645 0.54
vt 0.3972 0.5444
vt 0.3904 0.5356
vt 0.3704 0.5337
vt 0.4058 0.5337
vt 0.5791 0.2025
vt 0.5918 0.2299
vt 0.5859 0.2083
vt 0.5884 0.2319
vt 0.585 0.2325
vt 0.5776 0.2092
vt 0.4189 0.3579
vt 0.4114 0.376
vt 0.4133 0.3804
vt 0.4148 0.3557
vt 0.4053 0.3745
vt 0.4099 0.3579
vt 0.4019 0.3726
vt 0.4082 0.354
vt 0.4116 0.3557
vt 0.8711 0.1841
vt 0.8799 0.1902
vt 0.873 0.1786
vt 0.8784 0.2046
vt 0.8838 0.2042
vt 0.8862 0.202
vt 0.7856 0.0179
vt 0.8013 0.0236
vt 0.7925 0.0059
vt 0.8101 0.0088
vt 0.814 0.0293
vt 0.8257 0.0149
vt 0.8379 0.0214
vt 0.8164 0.0022
vt 0.8345 0.0089
vt 0.8516 0.0175
vt 0.832 0.0376
vt 0.8633 0.0257
vt 0.8428 0.034
vt 0.8491 0.046
vt 0.8608 0.0412
vt 0.8672 0.0564
vt 0.8789 0.0395
vt 0.8867 0.0358
vt 0.8735 0.052
vt 0.8979 0.0469
vt 0.8896 0.067
vt 0.9082 0.0608
vt 0.9062 0.0791
vt 0.896 0.0767
vt 0.9185 0.0847
vt 0.9072 0.0966
vt 0.916 0.0989
vt 0.938 0.1399
vt 0.9316 0.1422
vt 0.938 0.171
vt 0.9395 0.1663
vt 0.9443 0.156
vt 0.5215 0.8569
vt 0.5273 0.8716
vt 0.5342 0.8589
vt 0.5342 0.8403
vt 0.52 0.8408
vt 0.5117 0.8555
vt 0.5098 0.8389
vt 0.5234 0.8228
vt 0.5493 0.8599
vt 0.5435 0.8813
vt 0.5054 0.8188
vt 0.5029 0.8345
vt 0.5552 0.8696
vt 0.5532 0.8838
vt 0.5249 0.8086
vt 0.5132 0.8013
vt 0.5381 0.8232
vt 0.5469 0.8286
vt 0.5327 0.8101
vt 0.5337 0.7988
vt 0.5298 0.7847
vt 0.5303 0.7983
vt 0.5391 0.793
vt 0.5459 0.8135
vt 0.5586 0.8589
vt 0.5254 0.7671
vt 0.5161 0.7695
vt 0.5396 0.7544
vt 0.5322 0.7529
vt 0.5479 0.7793
vt 0.5566 0.7856
vt 0.5483 0.7998
vt 0.5518 0.8188
vt 0.5542 0.8076
vt 0.5571 0.7959
vt 0.5615 0.7974
vt 0.5591 0.8213
vt 0.5874 0.7676
vt 0.5659 0.8408
vt 0.5835 0.7563
vt 0.561 0.8506
vt 0.5972 0.7578
vt 0.5991 0.7676
vt 0.6069 0.7705
vt 0.5835 0.7505
vt 0.5654 0.7705
vt 0.5977 0.7471
vt 0.6157 0.7466
vt 0.6011 0.7373
vt 0.5874 0.7373
vt 0.6152 0.7778
vt 0.5996 0.7803
vt 0.5752 0.8633
vt 0.5811 0.8496
vt 0.5674 0.873
vt 0.5732 0.8408
vt 0.5654 0.8325
vt 0.5815 0.8408
vt 0.583 0.8779
vt 0.5913 0.8467
vt 0.5942 0.8721
vt 0.5991 0.8472
vt 0.605 0.8506
vt 0.606 0.8633
vt 0.606 0.8784
vt 0.5991 0.8843
vt 0.5703 0.8853
vt 0.5869 0.8857
vt 0.5977 0.8984
vt 0.5864 0.9019
vt 0.5708 0.9004
vt 0.5566 0.8975
vt 0.6323 0.7388
vt 0.6221 0.729
vt 0.6289 0.7554
vt 0.623 0.7651
vt 0.6353 0.7666
vt 0.6313 0.7808
vt 0.6152 0.7905
vt 0.6069 0.7842
vt 0.6279 0.7954
vt 0.6147 0.7959
vt 0.6172 0.8057
vt 0.6021 0.791
vt 0.6191 0.3799
vt 0.6274 0.365
vt 0.6152 0.3767
vt 0.6235 0.3774
vt 0.6177 0.3914
vt 0.625 0.3914
vt 0.6304 0.3806
vt 0.9829 0.0798
vt 0.9966 0.0856
vt 0.9907 0.0512
vt 0.9902 0.1074
vt 0.9971 0.1139
vt 0.9912 0.1263
vt 0.9976 0.1321
vt 0.015 0.7407
vt 0.0079 0.748
vt 0.0343 0.7393
vt 0.0277 0.7476
vt 0.0452 0.7549
vt 0.0519 0.7441
vt 0.0651 0.7588
vt 0.0251 0.7515
vt 0.002 0.7544
vt 0.0217 0.7544
vt 0.0389 0.7593
vt 0.0534 0.7773
vt 0.0616 0.7686
vt 0.0714 0.7925
vt 0.0661 0.7974
vt 0.0857 0.792
vt 0.0809 0.8125
vt 0.0833 0.8052
vt 0.0997 0.8193
vt 0.1014 0.7964
vt 0.1 0.8101
vt 0.1201 0.8149
vt 0.1245 0.8032
vt 0.1195 0.792
vt 0.1364 0.8071
vt 0.131 0.7847
vt 0.1475 0.7891
vt 0.1591 0.7798
vt 0.1635 0.7837
vt 0.1775 0.7632
vt 0.1819 0.7739
vt 0.2423 0.751
vt 0.2239 0.7661
vt 0.2476 0.7612
vt 0.2323 0.7417
vt 0.2642 0.7476
vt 0.2517 0.7393
vt 0.6724 0.0499
vt 0.6709 0.0235
vt 0.6641 0.0344
vt 0.6787 0.0261
vt 0.6836 0.0107
vt 0.6665 0.0117
vt 0.6787 0.0022
vt 0.6797 0.053
vt 0.6758 0.0737
vt 0.665 0.0666
vt 0.6938 0.0261
vt 0.6895 0.0506
vt 0.6846 0.0742
vt 0.6855 0.0972
vt 0.6802 0.0955
vt 0.6934 0.0674
vt 0.7002 0.0132
vt 0.6929 0.003
vt 0.7056 0.0072
vt 0.7036 0.0259
vt 0.7144 0.0213
vt 0.709 0.0363
vt 0.6973 0.0463
vt 0.7031 0.0562
vt 0.6982 0.0762
vt 0.708 0.0719
vt 0.6938 0.0967
vt 0.689 0.1201
vt 0.6958 0.1207
vt 0.6973 0.1316
vt 0.6807 0.1193
vt 0.689 0.1328
vt 0.7002 0.1442
vt 0.6772 0.1348
vt 0.6704 0.1346
vt 0.6709 0.1168
vt 0.6733 0.0894
vt 0.4116 0.3157
vt 0.4189 0.2942
vt 0.4019 0.332
vt 0.4067 0.3354
vt 0.4055 0.3489
vt 0.3857 0.1311
vt 0.3901 0.1404
vt 0.3901 0.1271
vt 0.3994 0.1469
vt 0.394 0.149
vt 0.4009 0.1531
vt 0.3982 0.1565
vt 0.7666 0.2998
vt 0.7622 0.323
vt 0.7671 0.3201
vt 0.7593 0.3076
vt 0.7637 0.2937
vt 0.9512 0.0207
vt 0.957 0.0133
vt 0.9556 0.0022
vt 0.9614 0.0055
vt 0.6372 0.1367
vt 0.6509 0.1226
vt 0.6367 0.132
vt 0.6406 0.1377
vt 0.6362 0.1434
vt 0.6558 0.1203
vt 0.6616 0.0945
vt 0.0955 0.025
vt 0.0966 0.0165
vt 0.0926 0.007
vt 0.1087 0.0022
vt 0.0125 0.0423
vt 0.0095 0.0248
vt 0.0039 0.0368
vt 0.0074 0.0603
vt 0.0203 0.0656
vt 0.0139 0.0796
vt 0.002 0.0754
vt 0.0021 0.088
vt 0.0242 0.0766
vt 0.0278 0.0719
vt 0.3655 0.2006
vt 0.3743 0.2112
vt 0.3721 0.1951
vt 0.3591 0.2002
vt 0.3667 0.2096
vt 0.0089 0.1036
vt 0.0192 0.1016
vt 0.0182 0.0894
vt 0.0123 0.1127
vt 0.002 0.1114
vt 0.0061 0.1203
vt 0.0263 0.2939
vt 0.0268 0.2759
vt 0.0215 0.293
vt 0.0228 0.2766
vt 0.0237 0.261
vt 0.0286 0.2566
vt 0.0265 0.248
vt 0.0209 0.2556
vt 0.0148 0.2922
vt 0.0166 0.281
vt 0.0106 0.28
vt 0.008 0.293
vt 0.0201 0.2646
vt 0.017 0.2651
vt 0.0194 0.2576
vt 0.0149 0.2615
vt 0.007 0.2798
vt 0.002 0.2947
vt 0.3379 0.1913
vt 0.3447 0.2106
vt 0.3406 0.1887
vt 0.3491 0.212
vt 0.3525 0.208
vt 0.3469 0.1929
vt 0.7466 0.3083
vt 0.75 0.2908
vt 0.7378 0.2957
vt 0.7407 0.2764
vt 0.751 0.2681
vt 0.7437 0.2532
vt 0.936 0.0809
vt 0.9409 0.0851
vt 0.9375 0.0754
vt 0.9297 0.0712
vt 0.9336 0.088
vt 0.9404 0.0977
vt 0.9429 0.093
vt 0.9321 0.0894
vt 0.9414 0.1044
vt 0.9448 0.093
vt 0.2046 0.9116
vt 0.2137 0.9229
vt 0.2311 0.9141
vt 0.222 0.9023
vt 0.2427 0.8994
vt 0.2512 0.8569
vt 0.2522 0.8838
vt 0.2627 0.8657
vt 0.2708 0.8511
vt 0.2783 0.8384
vt 0.2778 0.8003
vt 0.2908 0.8066
vt 0.2927 0.8013
vt 0.2935 0.7476
vt 0.2783 0.751
vt 0.262 0.7061
vt 0.2756 0.6992
vt 0.2859 0.7036
vt 0.2715 0.668
vt 0.2578 0.6768
vt 0.252 0.6489
vt 0.2266 0.6528
vt 0.2358 0.6411
vt 0.2186 0.6494
vt 0.2112 0.6606
vt 0.2046 0.6831
vt 0.269 0.2377
vt 0.259 0.2445
vt 0.2891 0.248
vt 0.2754 0.2559
vt 0.2489 0.2549
vt 0.2603 0.2654
vt 0.2349 0.2446
vt 0.2413 0.2375
vt 0.2404 0.2656
vt 0.2456 0.2815
vt 0.2268 0.2566
vt 0.219 0.2408
vt 0.2164 0.2495
vt 0.2069 0.2421
vt 0.2012 0.2568
vt 0.2115 0.2639
vt 0.1976 0.2727
vt 0.2067 0.2866
vt 0.1938 0.3035
vt 0.1984 0.3201
vt 0.219 0.2766
vt 0.2264 0.2954
vt 0.2332 0.3105
vt 0.2126 0.3013
vt 0.2183 0.3188
vt 0.2209 0.3403
vt 0.2057 0.3289
vt 0.2101 0.3418
vt 0.791 0.155
vt 0.7959 0.1763
vt 0.7993 0.1763
vt 0.8149 0.1891
vt 0.8101 0.1921
vt 0.8579 0.2664
vt 0.8521 0.2632
vt 0.8555 0.2881
vt 0.8584 0.2341
vt 0.8496 0.2051
vt 0.8569 0.203
vt 0.8623 0.2034
vt 0.8545 0.1857
vt 0.8599 0.1823
vt 0.8467 0.189
vt 0.8506 0.1637
vt 0.8306 0.1378
vt 0.8423 0.223
vt 0.8428 0.252
vt 0.8335 0.2404
vt 0.8408 0.2832
vt 0.8506 0.2834
vt 0.8467 0.2996
vt 0.8521 0.2976
vt 0.8521 0.3098
vt 0.8296 0.282
vt 0.8193 0.2749
vt 0.8218 0.2915
vt 0.8281 0.2148
vt 0.8286 0.2021
vt 0.8257 0.2363
vt 0.8218 0.2267
vt 0.814 0.2632
vt 0.8096 0.2864
vt 0.8154 0.2859
vt 0.8164 0.3071
vt 0.8042 0.3086
vt 0.8022 0.2979
vt 0.8232 0.7539
vt 0.8057 0.7803
vt 0.8335 0.7632
vt 0.7949 0.7705
vt 0.7681 0.8013
vt 0.7832 0.8062
vt 0.7671 0.8457
vt 0.7534 0.8428
vt 0.7637 0.8799
vt 0.7485 0.8804
vt 0.751 0.9121
vt 0.7656 0.9048
vt 0.7524 0.939
vt 0.7676 0.9336
vt 0.7642 0.9561
vt 0.7788 0.9487
vt 0.7617 0.9634
vt 0.7817 0.96
vt 0.7788 0.9639
vt 0.8149 0.9482
vt 0.8047 0.9541
vt 0.8335 0.9463
vt 0.8252 0.9517
vt 0.3301 0.0501
vt 0.3225 0.0385
vt 0.325 0.048
vt 0.3218 0.0552
vt 0.0082 0.3215
vt 0.0073 0.332
vt 0.0148 0.3291
vt 0.0175 0.3225
vt 0.0252 0.3289
vt 0.0247 0.3337
vt 0.0186 0.3184
vt 0.0084 0.3186
vt 0.0165 0.3135
vt 0.0082 0.3145
vt 0.009 0.3101
vt 0.0176 0.3098
vt 0.0263 0.3081
vt 0.013 0.3003
vt 0.0218 0.2991
vt 0.7793 0.3687
vt 0.7769 0.3552
vt 0.7729 0.3599
vt 0.7681 0.3462
vt 0.77 0.3337
vt 0.769 0.3594
vt 0.7646 0.332
vt 0.7646 0.344
vt 0.3601 0.1832
vt 0.3464 0.1757
vt 0.3477 0.1835
vt 0.3503 0.1689
vt 0.3604 0.1675
vt 0.3735 0.1707
vt 0.3574 0.1549
vt 0.3472 0.1537
vt 0.3433 0.1415
vt 0.366 0.1531
vt 0.3745 0.1858
vt 0.3652 0.1898
vt 0.3845 0.1804
vt 0.3872 0.1838
vt 0.3945 0.1731
vt 0.3899 0.1652
vt 0.3799 0.1533
vt 0.3667 0.1426
vt 0.3767 0.1398
vt 0.3784 0.1266
vt 0.3589 0.1481
vt 0.3574 0.14
vt 0.3601 0.1273
vt 0.3508 0.1151
vt 0.3643 0.1136
vt 0.3501 0.1072
vt 0.375 0.1122
vt 0.3845 0.113
vt 0.3792 0.0979
vt 0.3665 0.1036
vt 0.3547 0.0961
vt 0.3457 0.0964
vt 0.3477 0.0906
vt 0.3652 0.0842
vt 0.3767 0.0889
vt 0.3657 0.0968
vt 0.7861 0.396
vt 0.79 0.4038
vt 0.792 0.3899
vt 0.7861 0.3809
vt 0.7876 0.3713
vt 0.7812 0.3799
vt 0.7822 0.3899
vt 0.7803 0.4006
vt 0.3035 0.283
vt 0.2947 0.2744
vt 0.2874 0.2822
vt 0.2966 0.291
vt 0.2903 0.2939
vt 0.2759 0.2861
vt 0.2688 0.2903
vt 0.2642 0.312
vt 0.2568 0.2986
vt 0.2471 0.3103
vt 0.2527 0.3271
vt 0.241 0.3223
vt 0.2375 0.3379
vt 0.2467 0.3452
vt 0.2366 0.3501
vt 0.243 0.3623
vt 0.7915 0.251
vt 0.7939 0.2703
vt 0.8013 0.2522
vt 0.7964 0.2302
vt 0.7856 0.2307
vt 0.8057 0.2311
vt 0.7964 0.2118
vt 0.8057 0.2134
vt 0.3047 0.3159
vt 0.3064 0.2954
vt 0.3005 0.3145
vt 0.3098 0.2974
vt 0.3103 0.3037
vt 0.3059 0.3196
vt 0.4155 0.2817
vt 0.4072 0.2615
vt 0.4094 0.2817
vt 0.4109 0.2629
vt 0.9038 0.1707
vt 0.9092 0.1632
vt 0.9038 0.1322
vt 0.9121 0.1891
vt 0.8989 0.1942
vt 0.895 0.1731
vt 0.8999 0.1372
vt 0.8926 0.1395
vt 0.894 0.0944
vt 0.1504 0.0022
vt 0.1429 0.0113
vt 0.1523 0.0085
vt 0.1398 0.0075
vt 0.1353 0.0254
vt 0.8765 0.0788
vt 0.8877 0.089
vt 0.8813 0.0761
vt 0.8784 0.0732
vt 0.4846 0.7979
vt 0.4927 0.7944
vt 0.4729 0.8052
vt 0.4773 0.7974
vt 0.4927 0.791
vt 0.4634 0.8125
vt 0.4663 0.7954
vt 0.4766 0.7876
vt 0.4844 0.7905
vt 0.4656 0.7832
vt 0.4587 0.792
vt 0.4365 0.7812
vt 0.4404 0.7866
vt 0.446 0.7964
vt 0.4573 0.8315
vt 0.4521 0.811
vt 0.4495 0.834
vt 0.4341 0.8301
vt 0.4436 0.8281
vt 0.4397 0.8311
vt 0.2365 0.2197
vt 0.2416 0.2181
vt 0.2312 0.2144
vt 0.2448 0.2239
vt 0.2356 0.2256
vt 0.2439 0.2299
vt 0.5459 0.0044
vt 0.5513 0.0122
vt 0.5552 0.0079
vt 0.5522 0.0022
vt 0.9541 0.3064
vt 0.9619 0.2957
vt 0.9556 0.2939
vt 0.9512 0.3096
vt 0.7056 0.1487
vt 0.708 0.156
vt 0.7109 0.1483
vt 0.7129 0.1366
vt 0.7202 0.1367
vt 0.2578 0.3796
vt 0.2524 0.3787
vt 0.2559 0.3914
vt 0.2607 0.3926
vt 0.2576 0.3982
vt 0.5674 0.0107
vt 0.5718 0.0082
vt 0.5698 0.0022
vt 0.5742 0.0155
vt 0.5791 0.0123
vt 0.3123 0.0022
vt 0.3059 0.0035
vt 0.3149 0.0065
vt 0.3147 0.0115
vt 0.3113 0.0093
vt 0.3113 0.0099
vt 0.3098 0.0105
vt 0.1992 0.0037
vt 0.2007 0.0075
vt 0.2046 0.0022
vt 0.2042 0.0078
vt 0.418 0.0049
vt 0.427 0.0163
vt 0.4287 0.0127
vt 0.4211 0.0022
vt 0.6172 0.0072
vt 0.627 0.0044
vt 0.6099 0.0022
vt 0.623 0.0176
vt 0.6328 0.0086
vt 0.6484 0.0029
vt 0.6338 0.0401
vt 0.6245 0.041
vt 0.625 0.0439
vt 0.6377 0.0432
vt 0.644 0.0406
vt 0.6416 0.008
vt 0.6509 0.0117
vt 0.7104 0.0958
vt 0.7056 0.0997
vt 0.7007 0.1063
vt 0.7065 0.0908
vt 0.7124 0.0837
vt 0.7148 0.0781
vt 0.8193 0.3608
vt 0.8252 0.3645
vt 0.8242 0.3572
vt 0.8179 0.3704
vt 0.8237 0.3716
vt 0.7593 0.1636
vt 0.7666 0.1687
vt 0.7646 0.1622
vt 0.7661 0.1522
vt 0.0286 0.3923
vt 0.0304 0.4038
vt 0.035 0.4023
vt 0.0344 0.3943
vt 0.0329 0.3872
vt 0.0293 0.3879
vt 0.8149 0.0742
vt 0.8359 0.0839
vt 0.8271 0.0735
vt 0.8442 0.0707
vt 0.8506 0.0579
vt 0.8184 0.0652
vt 0.8071 0.0591
vt 0.8574 0.0862
vt 0.8672 0.0789
vt 0.853 0.1132
vt 0.8643 0.1031
vt 0.874 0.1003
vt 0.8696 0.1218
vt 0.8789 0.1356
vt 0.8638 0.1385
vt 0.8774 0.1569
vt 0.8711 0.1598
vt 0.8838 0.1755
vt 0.8306 0.1055
vt 0.8125 0.0833
vt 0.8145 0.0907
vt 0.8262 0.1073
vt 0.8354 0.1254
vt 0.8315 0.1229
vt 0.3198 0.1886
vt 0.3179 0.1942
vt 0.3291 0.1884
vt 0.3281 0.1938
vt 0.321 0.2048
vt 0.3157 0.2026
vt 0.3179 0.2119
vt 0.3113 0.2087
vt 0.3118 0.2155
vt 0.9575 0.2251
vt 0.9604 0.22
vt 0.9541 0.214
vt 0.9458 0.229
vt 0.9609 0.2328
vt 0.9502 0.2347
vt 0.9614 0.2385
vt 0.9536 0.241
vt 0.9575 0.2446
vt 0.9482 0.2389
vt 0.9492 0.2463
vt 0.7539 0.0985
vt 0.7632 0.1047
vt 0.7588 0.0961
vt 0.7539 0.093
vt 0.8667 0.2487
vt 0.8696 0.2654
vt 0.8691 0.2378
vt 0.8657 0.2228
vt 0.9155 0.3962
vt 0.9204 0.3931
vt 0.9175 0.386
vt 0.9214 0.4065
vt 0.9136 0.3992
vt 0.875 0.0103
vt 0.8604 0.0022
vt 0.8701 0.0131
vt 0.8721 0.0198
vt 0.2356 0.2075
vt 0.2316 0.194
vt 0.2152 0.1936
vt 0.2532 0.2032
vt 0.26 0.2136
vt 0.2681 0.1993
vt 0.2737 0.2104
vt 0.2681 0.2207
vt 0.2925 0.2236
vt 0.2781 0.2283
vt 0.2891 0.2351
vt 0.3079 0.2355
vt 0.3008 0.2451
vt 0.3169 0.2507
vt 0.3096 0.2607
vt 0.323 0.2703
vt 0.3162 0.2803
vt 0.3296 0.3025
vt 0.3232 0.3088
vt 0.3296 0.3337
vt 0.3369 0.3384
vt 0.3372 0.3806
vt 0.3284 0.3618
vt 0.3323 0.3894
vt 0.3428 0.3813
vt 0.3452 0.4124
vt 0.8018 0.0339
vt 0.8135 0.0468
vt 0.8159 0.0443
vt 0.8169 0.0501
vt 0.6333 0.2091
vt 0.6313 0.2201
vt 0.6372 0.2097
vt 0.6401 0.2208
vt 0.6362 0.2242
vt 0.626 0.1384
vt 0.6274 0.1427
vt 0.6284 0.1256
vt 0.6099 0.1539
vt 0.9053 0.9727
vt 0.9224 0.9878
vt 0.9224 0.9727
vt 0.9053 0.9873
vt 0.8877 0.9722
vt 0.9053 0.9907
vt 0.9224 0.9907
vt 0.8877 0.9907
vt 0.8877 0.9873
vt 0.8706 0.9722
vt 0.8706 0.9902
vt 0.8706 0.9868
vt 0.8535 0.9717
vt 0.8535 0.9902
vt 0.8535 0.9868
vt 0.8359 0.9722
vt 0.8359 0.9902
vt 0.8359 0.9873
vt 0.8188 0.9722
vt 0.8188 0.9902
vt 0.8188 0.9873
vt 0.8018 0.9722
vt 0.8018 0.9902
vt 0.8018 0.9873
vt 0.7842 0.9722
vt 0.7842 0.9902
vt 0.7842 0.9873
vt 0.7671 0.9722
vt 0.7671 0.9902
vt 0.7671 0.9873
vt 0.7495 0.9722
vt 0.7495 0.9902
vt 0.7495 0.9873
vt 0.7324 0.9722
vt 0.7324 0.9902
vt 0.7324 0.9873
vt 0.7153 0.9722
vt 0.7153 0.9902
vt 0.7153 0.9873
vt 0.6978 0.9722
vt 0.6978 0.9902
vt 0.6978 0.9873
vt 0.6807 0.9722
vt 0.6807 0.9902
vt 0.6807 0.9873
vt 0.6636 0.9722
vt 0.6636 0.9902
vt 0.6636 0.9873
vt 0.646 0.9722
vt 0.646 0.9902
vt 0.646 0.9873
vt 0.6289 0.9722
vt 0.6289 0.9902
vt 0.6289 0.9873
vt 0.6118 0.9722
vt 0.6118 0.9902
vt 0.6118 0.9873
vt 0.5942 0.9722
vt 0.5942 0.9902
vt 0.5942 0.9873
vt 0.5771 0.9717
vt 0.5771 0.9902
vt 0.5771 0.9868
vt 0.5596 0.9722
vt 0.5596 0.9902
vt 0.5596 0.9868
vt 0.5425 0.9722
vt 0.5425 0.9907
vt 0.5425 0.9873
vt 0.5254 0.9727
vt 0.5254 0.9907
vt 0.5254 0.9873
vt 0.5078 0.9727
vt 0.5078 0.9907
vt 0.5078 0.9878
vt 0.9565 0.3835
vt 0.9624 0.4011
vt 0.9629 0.3938
vt 0.9619 0.3826
vt 0.9678 0.4019
vt 0.77 0.3933
vt 0.7734 0.3828
vt 0.7705 0.3809
vt 0.7646 0.3914
vt 0.7729 0.3752
vt 0.7671 0.3784
vt 0.7715 0.374
vt 0.0318 0.2339
vt 0.0321 0.2212
vt 0.0286 0.2208
vt 0.0345 0.2343
vt 0.029 0.2135
vt 0.0393 0.2328
vt 0.0303 0.212
vt 0.0345 0.2166
vt 0.1471 0.9429
vt 0.1493 0.9263
vt 0.1462 0.9263
vt 0.1442 0.9419
vt 0.086 0.9263
vt 0.1407 0.958
vt 0.1442 0.9106
vt 0.1472 0.9097
vt 0.1381 0.9565
vt 0.1307 0.9712
vt 0.1382 0.896
vt 0.1409 0.8945
vt 0.1285 0.9688
vt 0.1176 0.981
vt 0.1285 0.8838
vt 0.1309 0.8813
vt 0.116 0.9785
vt 0.1161 0.874
vt 0.1016 0.9844
vt 0.1024 0.9873
vt 0.1177 0.8716
vt 0.0859 0.9897
vt 0.1016 0.8682
vt 0.1024 0.8652
vt 0.0859 0.9863
vt 0.0696 0.9873
vt 0.0861 0.8662
vt 0.0861 0.8628
vt 0.0704 0.9844
vt 0.0543 0.981
vt 0.0705 0.8682
vt 0.0697 0.8652
vt 0.0559 0.9785
vt 0.056 0.874
vt 0.0434 0.9688
vt 0.0412 0.9707
vt 0.0544 0.8716
vt 0.0312 0.958
vt 0.0435 0.8838
vt 0.0413 0.8813
vt 0.0339 0.9561
vt 0.0249 0.9424
vt 0.0339 0.896
vt 0.0312 0.8945
vt 0.0279 0.9419
vt 0.0227 0.9263
vt 0.0279 0.9106
vt 0.0249 0.9097
vt 0.0258 0.9263
vn -0.894 -0.444 0.06
vn -0.759 -0.633 -0.153
vn -0.88 -0.474 -0.038
vn -0.99 0.048 -0.136
vn -0.999 0.014 0.047
vn -0.907 0.115 -0.406
vn -0.699 -0.689 0.191
vn -0.381 -0.891 0.248
vn -0.515 -0.786 0.342
vn 0.945 -0.136 0.296
vn 0.957 -0.096 0.275
vn 0.973 -0.031 0.231
vn -0.753 -0.339 -0.564
vn 0.759 -0.492 -0.427
vn -0.182 -0.31 -0.933
vn 0.061 -0.861 -0.505
vn 0.641 0.17 -0.749
vn 0.95 0.248 -0.189
vn 0.328 -0.107 0.939
vn -0.66 -0.461 0.593
vn -0.451 -0.845 -0.287
vn -0.356 -0.929 -0.097
vn -0.868 -0.102 0.486
vn -0.939 -0.335 0.068
vn -0.114 0.706 0.699
vn -0.336 0.203 0.92
vn -0.39 0.52 0.76
vn 0.488 -0.697 -0.526
vn 0.864 -0.074 -0.497
vn 0.949 -0.2 0.244
vn -0.739 -0.107 0.665
vn -0.952 -0.284 0.118
vn 0.453 -0.506 -0.734
vn -0.868 -0.102 0.486
vn -0.924 -0.066 0.377
vn -0.952 -0.284 0.118
vn 0.825 -0.552 -0.122
vn 0.987 -0.1 -0.126
vn 0.775 0.6 -0.198
vn 0.775 0.6 -0.198
vn 0.976 -0.199 -0.088
vn 0.302 0.322 -0.897
vn 0.976 -0.199 -0.088
vn 0.775 0.6 -0.198
vn 0.987 -0.1 -0.126
vn -0.092 -0.616 -0.782
vn -0.161 -0.268 0.95
vn 0.735 -0.465 0.494
vn -0.442 0.002 -0.897
vn 0.213 -0.887 -0.411
vn 0.07 0.782 -0.619
vn -0.837 -0.5 0.22
vn -0.515 -0.786 0.342
vn -0.631 -0.774 0.045
vn 0.619 0.421 0.663
vn 0.594 0.557 0.581
vn 0.777 0.455 0.435
vn -0.356 -0.929 -0.097
vn 0.723 -0.251 -0.644
vn 0.964 -0.224 0.141
vn -0.939 -0.335 0.068
vn -0.182 -0.31 -0.933
vn -0.356 -0.929 -0.097
vn 0.718 -0.65 -0.249
vn 0.897 0.14 0.418
vn 0.328 -0.107 0.939
vn 0.41 0.051 -0.911
vn 0.32 -0.55 -0.771
vn 0.775 0.6 -0.198
vn -0.851 0.24 0.467
vn -0.976 -0.042 0.214
vn -0.854 -0.306 0.421
vn -0.976 -0.042 0.214
vn -0.851 0.24 0.467
vn -0.971 -0.129 0.2
vn -0.699 -0.689 0.191
vn -0.71 -0.704 0.026
vn -0.381 -0.891 0.248
vn -0.193 0.333 -0.923
vn -0.193 0.333 -0.923
vn -0.193 0.333 -0.923
vn -0.193 0.333 -0.923
vn -0.201 0.496 -0.845
vn -0.201 0.496 -0.845
vn -0.201 0.496 -0.845
vn -0.201 0.496 -0.845
vn -0.218 0.632 -0.744
vn -0.218 0.632 -0.744
vn -0.218 0.632 -0.744
vn -0.218 0.632 -0.744
vn -0.241 0.749 -0.618
vn -0.241 0.749 -0.618
vn -0.241 0.749 -0.618
vn -0.241 0.749 -0.618
vn -0.27 0.84 -0.47
vn -0.27 0.84 -0.47
vn -0.27 0.84 -0.47
vn -0.27 0.84 -0.47
vn -0.303 0.902 -0.307
vn -0.303 0.902 -0.307
vn -0.303 0.902 -0.307
vn -0.303 0.902 -0.307
vn -0.34 0.931 -0.135
vn -0.34 0.931 -0.135
vn -0.34 0.931 -0.135
vn -0.34 0.931 -0.135
vn -0.378 0.925 0.039
vn -0.378 0.925 0.039
vn -0.378 0.925 0.039
vn -0.378 0.925 0.039
vn -0.416 0.886 0.208
vn -0.416 0.886 0.208
vn -0.416 0.886 0.208
vn -0.416 0.886 0.208
vn -0.452 0.814 0.364
vn -0.452 0.814 0.364
vn -0.452 0.814 0.364
vn -0.452 0.814 0.364
vn -0.486 0.715 0.502
vn -0.486 0.715 0.502
vn -0.486 0.715 0.502
vn -0.486 0.715 0.502
vn -0.517 0.594 0.617
vn -0.517 0.594 0.617
vn -0.517 0.594 0.617
vn -0.517 0.594 0.617
vn -0.541 0.447 0.712
vn -0.541 0.447 0.712
vn -0.541 0.447 0.712
vn -0.541 0.447 0.712
vn -0.556 0.288 0.78
vn -0.556 0.288 0.78
vn -0.556 0.288 0.78
vn -0.556 0.288 0.78
vn -0.565 0.073 0.822
vn -0.565 0.073 0.822
vn -0.565 0.073 0.822
vn -0.565 0.073 0.822
vn -0.566 -0.108 0.817
vn -0.566 -0.108 0.817
vn -0.566 -0.108 0.817
vn -0.566 -0.108 0.817
vn -0.56 -0.285 0.778
vn -0.56 -0.285 0.778
vn -0.56 -0.285 0.778
vn -0.56 -0.285 0.778
vn -0.547 -0.451 0.706
vn -0.547 -0.451 0.706
vn -0.547 -0.451 0.706
vn -0.547 -0.451 0.706
vn -0.527 -0.599 0.602
vn -0.527 -0.599 0.602
vn -0.527 -0.599 0.602
vn -0.527 -0.599 0.602
vn -0.502 -0.725 0.472
vn -0.502 -0.725 0.472
vn -0.502 -0.725 0.472
vn -0.502 -0.725 0.472
vn -0.478 -0.815 0.327
vn -0.478 -0.815 0.327
vn -0.478 -0.815 0.327
vn -0.478 -0.815 0.327
vn -0.451 -0.878 0.159
vn -0.451 -0.878 0.159
vn -0.451 -0.878 0.159
vn -0.451 -0.878 0.159
vn -0.414 -0.91 -0.031
vn -0.414 -0.91 -0.031
vn -0.414 -0.91 -0.031
vn -0.414 -0.91 -0.031
vn -0.367 -0.905 -0.215
vn -0.367 -0.905 -0.215
vn -0.367 -0.905 -0.215
vn -0.367 -0.905 -0.215
vn -0.3 -0.874 -0.384
vn -0.3 -0.874 -0.384
vn -0.3 -0.874 -0.384
vn -0.3 -0.874 -0.384
vn -0.227 -0.813 -0.535
vn -0.227 -0.813 -0.535
vn -0.227 -0.813 -0.535
vn -0.227 -0.813 -0.535
vn -0.211 -0.722 -0.659
vn -0.211 -0.722 -0.659
vn -0.211 -0.722 -0.659
vn -0.211 -0.722 -0.659
vn -0.19 -0.551 -0.812
vn -0.19 -0.551 -0.812
vn -0.19 -0.551 -0.812
vn -0.19 -0.551 -0.812
vn -0.139 -0.398 -0.907
vn -0.139 -0.398 -0.907
vn -0.139 -0.398 -0.907
vn -0.139 -0.398 -0.907
vn -0.138 -0.279 -0.95
vn -0.138 -0.279 -0.95
vn -0.138 -0.279 -0.95
vn -0.138 -0.279 -0.95
vn -0.164 -0.065 -0.984
vn -0.164 -0.065 -0.984
vn -0.164 -0.065 -0.984
vn -0.164 -0.065 -0.984
vn -0.183 0.152 -0.971
vn -0.183 0.152 -0.971
vn -0.183 0.152 -0.971
vn -0.183 0.152 -0.971
vn -0.829 0.159 -0.537
vn -0.829 0.159 -0.537
vn -0.829 0.159 -0.537
vn -0.829 0.159 -0.537
vn -0.833 0.226 -0.506
vn -0.833 0.226 -0.506
vn -0.833 0.226 -0.506
vn -0.833 0.226 -0.506
vn -0.837 0.283 -0.468
vn -0.837 0.283 -0.468
vn -0.837 0.283 -0.468
vn -0.837 0.283 -0.468
vn -0.846 0.332 -0.418
vn -0.846 0.332 -0.418
vn -0.846 0.332 -0.418
vn -0.846 0.332 -0.418
vn -0.857 0.371 -0.356
vn -0.857 0.371 -0.356
vn -0.857 0.371 -0.356
vn -0.857 0.371 -0.356
vn -0.872 0.397 -0.288
vn -0.872 0.397 -0.288
vn -0.872 0.397 -0.288
vn -0.872 0.397 -0.288
vn -0.887 0.408 -0.215
vn -0.887 0.408 -0.215
vn -0.887 0.408 -0.215
vn -0.887 0.408 -0.215
vn -0.903 0.405 -0.142
vn -0.903 0.405 -0.142
vn -0.903 0.405 -0.142
vn -0.903 0.405 -0.142
vn -0.919 0.387 -0.072
vn -0.919 0.387 -0.072
vn -0.919 0.387 -0.072
vn -0.919 0.387 -0.072
vn -0.934 0.357 -0.008
vn -0.934 0.357 -0.008
vn -0.934 0.357 -0.008
vn -0.934 0.357 -0.008
vn -0.948 0.315 0.047
vn -0.948 0.315 0.047
vn -0.948 0.315 0.047
vn -0.948 0.315 0.047
vn -0.96 0.265 0.091
vn -0.96 0.265 0.091
vn -0.96 0.265 0.091
vn -0.96 0.265 0.091
vn -0.97 0.206 0.129
vn -0.97 0.206 0.129
vn -0.97 0.206 0.129
vn -0.97 0.206 0.129
vn -0.978 0.145 0.152
vn -0.978 0.145 0.152
vn -0.978 0.145 0.152
vn -0.978 0.145 0.152
vn -0.983 0.048 0.176
vn -0.983 0.048 0.176
vn -0.983 0.048 0.176
vn -0.983 0.048 0.176
vn -0.982 -0.031 0.184
vn -0.982 -0.031 0.184
vn -0.982 -0.031 0.184
vn -0.982 -0.031 0.184
vn -0.98 -0.105 0.168
vn -0.98 -0.105 0.168
vn -0.98 -0.105 0.168
vn -0.98 -0.105 0.168
vn -0.975 -0.175 0.138
vn -0.975 -0.175 0.138
vn -0.975 -0.175 0.138
vn -0.975 -0.175 0.138
vn -0.967 -0.238 0.095
vn -0.967 -0.238 0.095
vn -0.967 -0.238 0.095
vn -0.967 -0.238 0.095
vn -0.956 -0.292 0.04
vn -0.956 -0.292 0.04
vn -0.956 -0.292 0.04
vn -0.956 -0.292 0.04
vn -0.943 -0.333 -0.024
vn -0.943 -0.333 -0.024
vn -0.943 -0.333 -0.024
vn -0.943 -0.333 -0.024
vn -0.928 -0.36 -0.094
vn -0.928 -0.36 -0.094
vn -0.928 -0.36 -0.094
vn -0.928 -0.36 -0.094
vn -0.912 -0.373 -0.17
vn -0.912 -0.373 -0.17
vn -0.912 -0.373 -0.17
vn -0.912 -0.373 -0.17
vn -0.895 -0.372 -0.245
vn -0.895 -0.372 -0.245
vn -0.895 -0.372 -0.245
vn -0.895 -0.372 -0.245
vn -0.873 -0.365 -0.325
vn -0.873 -0.365 -0.325
vn -0.873 -0.365 -0.325
vn -0.873 -0.365 -0.325
vn -0.849 -0.347 -0.398
vn -0.849 -0.347 -0.398
vn -0.849 -0.347 -0.398
vn -0.849 -0.347 -0.398
vn -0.839 -0.301 -0.452
vn -0.839 -0.301 -0.452
vn -0.839 -0.301 -0.452
vn -0.839 -0.301 -0.452
vn -0.825 -0.23 -0.516
vn -0.825 -0.23 -0.516
vn -0.825 -0.23 -0.516
vn -0.825 -0.23 -0.516
vn -0.802 -0.169 -0.573
vn -0.802 -0.169 -0.573
vn -0.802 -0.169 -0.573
vn -0.802 -0.169 -0.573
vn -0.802 -0.107 -0.588
vn -0.802 -0.107 -0.588
vn -0.802 -0.107 -0.588
vn -0.802 -0.107 -0.588
vn -0.814 -0.012 -0.581
vn -0.814 -0.012 -0.581
vn -0.814 -0.012 -0.581
vn -0.814 -0.012 -0.581
vn -0.823 0.088 -0.562
vn -0.823 0.088 -0.562
vn -0.823 0.088 -0.562
vn -0.823 0.088 -0.562
vn -0.981 -0.096 0.165
vn -0.981 -0.096 0.165
vn -0.981 -0.096 0.165
vn -0.981 -0.096 0.165
vn -0.977 -0.166 0.135
vn -0.977 -0.166 0.135
vn -0.977 -0.166 0.135
vn -0.977 -0.166 0.135
vn -0.969 -0.23 0.091
vn -0.969 -0.23 0.091
vn -0.969 -0.23 0.091
vn -0.969 -0.23 0.091
vn -0.958 -0.283 0.036
vn -0.958 -0.283 0.036
vn -0.958 -0.283 0.036
vn -0.958 -0.283 0.036
vn -0.945 -0.324 -0.026
vn -0.945 -0.324 -0.026
vn -0.945 -0.324 -0.026
vn -0.945 -0.324 -0.026
vn -0.931 -0.352 -0.095
vn -0.931 -0.352 -0.095
vn -0.931 -0.352 -0.095
vn -0.931 -0.352 -0.095
vn -0.916 -0.366 -0.167
vn -0.916 -0.366 -0.167
vn -0.916 -0.366 -0.167
vn -0.916 -0.366 -0.167
vn -0.899 -0.365 -0.241
vn -0.899 -0.365 -0.241
vn -0.899 -0.365 -0.241
vn -0.899 -0.365 -0.241
vn -0.883 -0.349 -0.313
vn -0.883 -0.349 -0.313
vn -0.883 -0.349 -0.313
vn -0.883 -0.349 -0.313
vn -0.868 -0.318 -0.382
vn -0.868 -0.318 -0.382
vn -0.868 -0.318 -0.382
vn -0.868 -0.318 -0.382
vn -0.853 -0.273 -0.445
vn -0.853 -0.273 -0.445
vn -0.853 -0.273 -0.445
vn -0.853 -0.273 -0.445
vn -0.84 -0.215 -0.499
vn -0.84 -0.215 -0.499
vn -0.84 -0.215 -0.499
vn -0.84 -0.215 -0.499
vn -0.83 -0.151 -0.537
vn -0.83 -0.151 -0.537
vn -0.83 -0.151 -0.537
vn -0.83 -0.151 -0.537
vn -0.822 -0.067 -0.566
vn -0.822 -0.067 -0.566
vn -0.822 -0.067 -0.566
vn -0.822 -0.067 -0.566
vn -0.821 -0.002 -0.57
vn -0.821 -0.002 -0.57
vn -0.821 -0.002 -0.57
vn -0.821 -0.002 -0.57
vn -0.824 0.068 -0.562
vn -0.824 0.068 -0.562
vn -0.824 0.068 -0.562
vn -0.824 0.068 -0.562
vn -0.827 0.141 -0.544
vn -0.827 0.141 -0.544
vn -0.827 0.141 -0.544
vn -0.827 0.141 -0.544
vn -0.833 0.208 -0.513
vn -0.833 0.208 -0.513
vn -0.833 0.208 -0.513
vn -0.833 0.208 -0.513
vn -0.841 0.267 -0.47
vn -0.841 0.267 -0.47
vn -0.841 0.267 -0.47
vn -0.841 0.267 -0.47
vn -0.852 0.317 -0.417
vn -0.852 0.317 -0.417
vn -0.852 0.317 -0.417
vn -0.852 0.317 -0.417
vn -0.865 0.353 -0.356
vn -0.865 0.353 -0.356
vn -0.865 0.353 -0.356
vn -0.865 0.353 -0.356
vn -0.881 0.373 -0.29
vn -0.881 0.373 -0.29
vn -0.881 0.373 -0.29
vn -0.881 0.373 -0.29
vn -0.898 0.383 -0.217
vn -0.898 0.383 -0.217
vn -0.898 0.383 -0.217
vn -0.898 0.383 -0.217
vn -0.912 0.385 -0.146
vn -0.912 0.385 -0.146
vn -0.912 0.385 -0.146
vn -0.912 0.385 -0.146
vn -0.926 0.37 -0.078
vn -0.926 0.37 -0.078
vn -0.926 0.37 -0.078
vn -0.926 0.37 -0.078
vn -0.941 0.339 -0.013
vn -0.941 0.339 -0.013
vn -0.941 0.339 -0.013
vn -0.941 0.339 -0.013
vn -0.954 0.296 0.046
vn -0.954 0.296 0.046
vn -0.954 0.296 0.046
vn -0.954 0.296 0.046
vn -0.965 0.244 0.094
vn -0.965 0.244 0.094
vn -0.965 0.244 0.094
vn -0.965 0.244 0.094
vn -0.975 0.181 0.132
vn -0.975 0.181 0.132
vn -0.975 0.181 0.132
vn -0.975 0.181 0.132
vn -0.98 0.116 0.159
vn -0.98 0.116 0.159
vn -0.98 0.116 0.159
vn -0.98 0.116 0.159
vn -0.983 0.045 0.177
vn -0.983 0.045 0.177
vn -0.983 0.045 0.177
vn -0.983 0.045 0.177
vn -0.983 -0.021 0.18
vn -0.983 -0.021 0.18
vn -0.983 -0.021 0.18
vn -0.983 -0.021 0.18
vn -0.562 -0.285 0.776
vn -0.562 -0.285 0.776
vn -0.562 -0.285 0.776
vn -0.562 -0.285 0.776
vn -0.549 -0.452 0.703
vn -0.549 -0.452 0.703
vn -0.549 -0.452 0.703
vn -0.549 -0.452 0.703
vn -0.529 -0.601 0.6
vn -0.529 -0.601 0.6
vn -0.529 -0.601 0.6
vn -0.529 -0.601 0.6
vn -0.503 -0.725 0.47
vn -0.503 -0.725 0.47
vn -0.503 -0.725 0.47
vn -0.503 -0.725 0.47
vn -0.472 -0.821 0.321
vn -0.472 -0.821 0.321
vn -0.472 -0.821 0.321
vn -0.472 -0.821 0.321
vn -0.437 -0.886 0.156
vn -0.437 -0.886 0.156
vn -0.437 -0.886 0.156
vn -0.437 -0.886 0.156
vn -0.399 -0.917 -0.018
vn -0.399 -0.917 -0.018
vn -0.399 -0.917 -0.018
vn -0.399 -0.917 -0.018
vn -0.361 -0.912 -0.194
vn -0.361 -0.912 -0.194
vn -0.361 -0.912 -0.194
vn -0.361 -0.912 -0.194
vn -0.323 -0.873 -0.366
vn -0.323 -0.873 -0.366
vn -0.323 -0.873 -0.366
vn -0.323 -0.873 -0.366
vn -0.286 -0.799 -0.528
vn -0.286 -0.799 -0.528
vn -0.286 -0.799 -0.528
vn -0.286 -0.799 -0.528
vn -0.252 -0.694 -0.674
vn -0.252 -0.694 -0.674
vn -0.252 -0.694 -0.674
vn -0.252 -0.694 -0.674
vn -0.224 -0.56 -0.798
vn -0.224 -0.56 -0.798
vn -0.224 -0.56 -0.798
vn -0.224 -0.56 -0.798
vn -0.202 -0.409 -0.89
vn -0.202 -0.409 -0.89
vn -0.202 -0.409 -0.89
vn -0.202 -0.409 -0.89
vn -0.185 -0.223 -0.957
vn -0.185 -0.223 -0.957
vn -0.185 -0.223 -0.957
vn -0.185 -0.223 -0.957
vn -0.178 -0.051 -0.983
vn -0.178 -0.051 -0.983
vn -0.178 -0.051 -0.983
vn -0.178 -0.051 -0.983
vn -0.178 0.128 -0.976
vn -0.178 0.128 -0.976
vn -0.178 0.128 -0.976
vn -0.178 0.128 -0.976
vn -0.185 0.305 -0.934
vn -0.185 0.305 -0.934
vn -0.185 0.305 -0.934
vn -0.185 0.305 -0.934
vn -0.199 0.47 -0.86
vn -0.199 0.47 -0.86
vn -0.199 0.47 -0.86
vn -0.199 0.47 -0.86
vn -0.219 0.616 -0.756
vn -0.219 0.616 -0.756
vn -0.219 0.616 -0.756
vn -0.219 0.616 -0.756
vn -0.245 0.739 -0.627
vn -0.245 0.739 -0.627
vn -0.245 0.739 -0.627
vn -0.245 0.739 -0.627
vn -0.276 0.834 -0.478
vn -0.276 0.834 -0.478
vn -0.276 0.834 -0.478
vn -0.276 0.834 -0.478
vn -0.311 0.897 -0.312
vn -0.311 0.897 -0.312
vn -0.311 0.897 -0.312
vn -0.311 0.897 -0.312
vn -0.349 0.927 -0.139
vn -0.349 0.927 -0.139
vn -0.349 0.927 -0.139
vn -0.349 0.927 -0.139
vn -0.386 0.921 0.038
vn -0.386 0.921 0.038
vn -0.386 0.921 0.038
vn -0.386 0.921 0.038
vn -0.424 0.881 0.21
vn -0.424 0.881 0.21
vn -0.424 0.881 0.21
vn -0.424 0.881 0.21
vn -0.46 0.807 0.371
vn -0.46 0.807 0.371
vn -0.46 0.807 0.371
vn -0.46 0.807 0.371
vn -0.492 0.702 0.515
vn -0.492 0.702 0.515
vn -0.492 0.702 0.515
vn -0.492 0.702 0.515
vn -0.521 0.57 0.636
vn -0.521 0.57 0.636
vn -0.521 0.57 0.636
vn -0.521 0.57 0.636
vn -0.541 0.416 0.731
vn -0.541 0.416 0.731
vn -0.541 0.416 0.731
vn -0.541 0.416 0.731
vn -0.556 0.25 0.792
vn -0.556 0.25 0.792
vn -0.556 0.25 0.792
vn -0.556 0.25 0.792
vn -0.567 0.072 0.821
vn -0.567 0.072 0.821
vn -0.567 0.072 0.821
vn -0.567 0.072 0.821
vn -0.568 -0.107 0.816
vn -0.568 -0.107 0.816
vn -0.568 -0.107 0.816
vn -0.568 -0.107 0.816
vn 0.184 -0.297 0.937
vn 0.184 -0.297 0.937
vn 0.184 -0.297 0.937
vn 0.184 -0.297 0.937
vn 0.197 -0.464 0.864
vn 0.197 -0.464 0.864
vn 0.197 -0.464 0.864
vn 0.197 -0.464 0.864
vn 0.216 -0.613 0.76
vn 0.216 -0.613 0.76
vn 0.216 -0.613 0.76
vn 0.216 -0.613 0.76
vn 0.241 -0.737 0.631
vn 0.241 -0.737 0.631
vn 0.241 -0.737 0.631
vn 0.241 -0.737 0.631
vn 0.272 -0.834 0.481
vn 0.272 -0.834 0.481
vn 0.272 -0.834 0.481
vn 0.272 -0.834 0.481
vn 0.306 -0.898 0.315
vn 0.306 -0.898 0.315
vn 0.306 -0.898 0.315
vn 0.306 -0.898 0.315
vn 0.343 -0.929 0.141
vn 0.343 -0.929 0.141
vn 0.343 -0.929 0.141
vn 0.343 -0.929 0.141
vn 0.381 -0.924 -0.035
vn 0.381 -0.924 -0.035
vn 0.381 -0.924 -0.035
vn 0.381 -0.924 -0.035
vn 0.419 -0.884 -0.207
vn 0.419 -0.884 -0.207
vn 0.419 -0.884 -0.207
vn 0.419 -0.884 -0.207
vn 0.455 -0.811 -0.368
vn 0.455 -0.811 -0.368
vn 0.455 -0.811 -0.368
vn 0.455 -0.811 -0.368
vn 0.489 -0.705 -0.514
vn 0.489 -0.705 -0.514
vn 0.489 -0.705 -0.514
vn 0.489 -0.705 -0.514
vn 0.519 -0.571 -0.636
vn 0.519 -0.571 -0.636
vn 0.519 -0.571 -0.636
vn 0.519 -0.571 -0.636
vn 0.541 -0.421 -0.728
vn 0.541 -0.421 -0.728
vn 0.541 -0.421 -0.728
vn 0.541 -0.421 -0.728
vn 0.559 -0.235 -0.795
vn 0.559 -0.235 -0.795
vn 0.559 -0.235 -0.795
vn 0.559 -0.235 -0.795
vn 0.568 -0.063 -0.821
vn 0.568 -0.063 -0.821
vn 0.568 -0.063 -0.821
vn 0.568 -0.063 -0.821
vn 0.57 0.115 -0.813
vn 0.57 0.115 -0.813
vn 0.57 0.115 -0.813
vn 0.57 0.115 -0.813
vn 0.563 0.292 -0.772
vn 0.563 0.292 -0.772
vn 0.563 0.292 -0.772
vn 0.563 0.292 -0.772
vn 0.55 0.457 -0.699
vn 0.55 0.457 -0.699
vn 0.55 0.457 -0.699
vn 0.55 0.457 -0.699
vn 0.53 0.604 -0.596
vn 0.53 0.604 -0.596
vn 0.53 0.604 -0.596
vn 0.53 0.604 -0.596
vn 0.504 0.727 -0.466
vn 0.504 0.727 -0.466
vn 0.504 0.727 -0.466
vn 0.504 0.727 -0.466
vn 0.474 0.822 -0.316
vn 0.474 0.822 -0.316
vn 0.474 0.822 -0.316
vn 0.474 0.822 -0.316
vn 0.442 0.884 -0.151
vn 0.442 0.884 -0.151
vn 0.442 0.884 -0.151
vn 0.442 0.884 -0.151
vn 0.405 0.914 0.025
vn 0.405 0.914 0.025
vn 0.405 0.914 0.025
vn 0.405 0.914 0.025
vn 0.366 0.909 0.2
vn 0.366 0.909 0.2
vn 0.366 0.909 0.2
vn 0.366 0.909 0.2
vn 0.328 0.869 0.372
vn 0.328 0.869 0.372
vn 0.328 0.869 0.372
vn 0.328 0.869 0.372
vn 0.292 0.794 0.533
vn 0.292 0.794 0.533
vn 0.292 0.794 0.533
vn 0.292 0.794 0.533
vn 0.259 0.689 0.677
vn 0.259 0.689 0.677
vn 0.259 0.689 0.677
vn 0.259 0.689 0.677
vn 0.231 0.557 0.797
vn 0.231 0.557 0.797
vn 0.231 0.557 0.797
vn 0.231 0.557 0.797
vn 0.209 0.404 0.891
vn 0.209 0.404 0.891
vn 0.209 0.404 0.891
vn 0.209 0.404 0.891
vn 0.192 0.236 0.953
vn 0.192 0.236 0.953
vn 0.192 0.236 0.953
vn 0.192 0.236 0.953
vn 0.181 0.059 0.982
vn 0.181 0.059 0.982
vn 0.181 0.059 0.982
vn 0.181 0.059 0.982
vn 0.178 -0.12 0.977
vn 0.178 -0.12 0.977
vn 0.178 -0.12 0.977
vn 0.178 -0.12 0.977
vn 0.823 -0.126 0.554
vn 0.823 -0.126 0.554
vn 0.823 -0.126 0.554
vn 0.823 -0.126 0.554
vn 0.829 -0.196 0.524
vn 0.829 -0.196 0.524
vn 0.829 -0.196 0.524
vn 0.829 -0.196 0.524
vn 0.838 -0.26 0.48
vn 0.838 -0.26 0.48
vn 0.838 -0.26 0.48
vn 0.838 -0.26 0.48
vn 0.849 -0.314 0.425
vn 0.849 -0.314 0.425
vn 0.849 -0.314 0.425
vn 0.849 -0.314 0.425
vn 0.862 -0.355 0.363
vn 0.862 -0.355 0.363
vn 0.862 -0.355 0.363
vn 0.862 -0.355 0.363
vn 0.876 -0.383 0.294
vn 0.876 -0.383 0.294
vn 0.876 -0.383 0.294
vn 0.876 -0.383 0.294
vn 0.891 -0.396 0.222
vn 0.891 -0.396 0.222
vn 0.891 -0.396 0.222
vn 0.891 -0.396 0.222
vn 0.907 -0.395 0.148
vn 0.907 -0.395 0.148
vn 0.907 -0.395 0.148
vn 0.907 -0.395 0.148
vn 0.922 -0.378 0.075
vn 0.922 -0.378 0.075
vn 0.922 -0.378 0.075
vn 0.922 -0.378 0.075
vn 0.938 -0.347 0.007
vn 0.938 -0.347 0.007
vn 0.938 -0.347 0.007
vn 0.938 -0.347 0.007
vn 0.952 -0.302 -0.056
vn 0.952 -0.302 -0.056
vn 0.952 -0.302 -0.056
vn 0.952 -0.302 -0.056
vn 0.964 -0.243 -0.109
vn 0.964 -0.243 -0.109
vn 0.964 -0.243 -0.109
vn 0.964 -0.243 -0.109
vn 0.973 -0.179 -0.147
vn 0.973 -0.179 -0.147
vn 0.973 -0.179 -0.147
vn 0.973 -0.179 -0.147
vn 0.979 -0.096 -0.177
vn 0.979 -0.096 -0.177
vn 0.979 -0.096 -0.177
vn 0.979 -0.096 -0.177
vn 0.983 -0.034 -0.181
vn 0.983 -0.034 -0.181
vn 0.983 -0.034 -0.181
vn 0.983 -0.034 -0.181
vn 0.984 0.037 -0.171
vn 0.984 0.037 -0.171
vn 0.984 0.037 -0.171
vn 0.984 0.037 -0.171
vn 0.982 0.109 -0.154
vn 0.982 0.109 -0.154
vn 0.982 0.109 -0.154
vn 0.982 0.109 -0.154
vn 0.977 0.177 -0.124
vn 0.977 0.177 -0.124
vn 0.977 0.177 -0.124
vn 0.977 0.177 -0.124
vn 0.968 0.236 -0.081
vn 0.968 0.236 -0.081
vn 0.968 0.236 -0.081
vn 0.968 0.236 -0.081
vn 0.958 0.287 -0.028
vn 0.958 0.287 -0.028
vn 0.958 0.287 -0.028
vn 0.958 0.287 -0.028
vn 0.945 0.326 0.033
vn 0.945 0.326 0.033
vn 0.945 0.326 0.033
vn 0.945 0.326 0.033
vn 0.931 0.352 0.1
vn 0.931 0.352 0.1
vn 0.931 0.352 0.1
vn 0.931 0.352 0.1
vn 0.916 0.363 0.171
vn 0.916 0.363 0.171
vn 0.916 0.363 0.171
vn 0.916 0.363 0.171
vn 0.901 0.36 0.243
vn 0.901 0.36 0.243
vn 0.901 0.36 0.243
vn 0.901 0.36 0.243
vn 0.886 0.343 0.313
vn 0.886 0.343 0.313
vn 0.886 0.343 0.313
vn 0.886 0.343 0.313
vn 0.872 0.311 0.379
vn 0.872 0.311 0.379
vn 0.872 0.311 0.379
vn 0.872 0.311 0.379
vn 0.858 0.269 0.438
vn 0.858 0.269 0.438
vn 0.858 0.269 0.438
vn 0.858 0.269 0.438
vn 0.847 0.215 0.487
vn 0.847 0.215 0.487
vn 0.847 0.215 0.487
vn 0.847 0.215 0.487
vn 0.837 0.152 0.525
vn 0.837 0.152 0.525
vn 0.837 0.152 0.525
vn 0.837 0.152 0.525
vn 0.83 0.087 0.551
vn 0.83 0.087 0.551
vn 0.83 0.087 0.551
vn 0.83 0.087 0.551
vn 0.824 0.014 0.566
vn 0.824 0.014 0.566
vn 0.824 0.014 0.566
vn 0.824 0.014 0.566
vn 0.821 -0.05 0.568
vn 0.821 -0.05 0.568
vn 0.821 -0.05 0.568
vn 0.821 -0.05 0.568
vn 0.98 0.13 -0.149
vn 0.98 0.13 -0.149
vn 0.98 0.13 -0.149
vn 0.98 0.13 -0.149
vn 0.973 0.198 -0.119
vn 0.973 0.198 -0.119
vn 0.973 0.198 -0.119
vn 0.973 0.198 -0.119
vn 0.964 0.254 -0.081
vn 0.964 0.254 -0.081
vn 0.964 0.254 -0.081
vn 0.964 0.254 -0.081
vn 0.953 0.303 -0.032
vn 0.953 0.303 -0.032
vn 0.953 0.303 -0.032
vn 0.953 0.303 -0.032
vn 0.939 0.342 0.03
vn 0.939 0.342 0.03
vn 0.939 0.342 0.03
vn 0.939 0.342 0.03
vn 0.925 0.368 0.099
vn 0.925 0.368 0.099
vn 0.925 0.368 0.099
vn 0.925 0.368 0.099
vn 0.909 0.379 0.171
vn 0.909 0.379 0.171
vn 0.909 0.379 0.171
vn 0.909 0.379 0.171
vn 0.894 0.376 0.245
vn 0.894 0.376 0.245
vn 0.894 0.376 0.245
vn 0.894 0.376 0.245
vn 0.878 0.359 0.315
vn 0.878 0.359 0.315
vn 0.878 0.359 0.315
vn 0.878 0.359 0.315
vn 0.865 0.329 0.38
vn 0.865 0.329 0.38
vn 0.865 0.329 0.38
vn 0.865 0.329 0.38
vn 0.853 0.287 0.436
vn 0.853 0.287 0.436
vn 0.853 0.287 0.436
vn 0.853 0.287 0.436
vn 0.844 0.238 0.481
vn 0.844 0.238 0.481
vn 0.844 0.238 0.481
vn 0.844 0.238 0.481
vn 0.834 0.178 0.521
vn 0.834 0.178 0.521
vn 0.834 0.178 0.521
vn 0.834 0.178 0.521
vn 0.828 0.118 0.548
vn 0.828 0.118 0.548
vn 0.828 0.118 0.548
vn 0.828 0.118 0.548
vn 0.82 0.016 0.572
vn 0.82 0.016 0.572
vn 0.82 0.016 0.572
vn 0.82 0.016 0.572
vn 0.817 -0.061 0.573
vn 0.817 -0.061 0.573
vn 0.817 -0.061 0.573
vn 0.817 -0.061 0.573
vn 0.82 -0.136 0.557
vn 0.82 -0.136 0.557
vn 0.82 -0.136 0.557
vn 0.82 -0.136 0.557
vn 0.825 -0.206 0.526
vn 0.825 -0.206 0.526
vn 0.825 -0.206 0.526
vn 0.825 -0.206 0.526
vn 0.834 -0.269 0.482
vn 0.834 -0.269 0.482
vn 0.834 -0.269 0.482
vn 0.834 -0.269 0.482
vn 0.845 -0.321 0.427
vn 0.845 -0.321 0.427
vn 0.845 -0.321 0.427
vn 0.845 -0.321 0.427
vn 0.861 -0.353 0.366
vn 0.861 -0.353 0.366
vn 0.861 -0.353 0.366
vn 0.861 -0.353 0.366
vn 0.881 -0.368 0.297
vn 0.881 -0.368 0.297
vn 0.881 -0.368 0.297
vn 0.881 -0.368 0.297
vn 0.899 -0.38 0.215
vn 0.899 -0.38 0.215
vn 0.899 -0.38 0.215
vn 0.899 -0.38 0.215
vn 0.912 -0.386 0.137
vn 0.912 -0.386 0.137
vn 0.912 -0.386 0.137
vn 0.912 -0.386 0.137
vn 0.921 -0.383 0.069
vn 0.921 -0.383 0.069
vn 0.921 -0.383 0.069
vn 0.921 -0.383 0.069
vn 0.934 -0.357 -0.001
vn 0.934 -0.357 -0.001
vn 0.934 -0.357 -0.001
vn 0.934 -0.357 -0.001
vn 0.947 -0.313 -0.063
vn 0.947 -0.313 -0.063
vn 0.947 -0.313 -0.063
vn 0.947 -0.313 -0.063
vn 0.959 -0.258 -0.118
vn 0.959 -0.258 -0.118
vn 0.959 -0.258 -0.118
vn 0.959 -0.258 -0.118
vn 0.968 -0.193 -0.162
vn 0.968 -0.193 -0.162
vn 0.968 -0.193 -0.162
vn 0.968 -0.193 -0.162
vn 0.976 -0.118 -0.186
vn 0.976 -0.118 -0.186
vn 0.976 -0.118 -0.186
vn 0.976 -0.118 -0.186
vn 0.981 -0.038 -0.189
vn 0.981 -0.038 -0.189
vn 0.981 -0.038 -0.189
vn 0.981 -0.038 -0.189
vn 0.983 0.057 -0.175
vn 0.983 0.057 -0.175
vn 0.983 0.057 -0.175
vn 0.983 0.057 -0.175
vn 0.562 0.322 -0.762
vn 0.562 0.322 -0.762
vn 0.562 0.322 -0.762
vn 0.562 0.322 -0.762
vn 0.544 0.484 -0.686
vn 0.544 0.484 -0.686
vn 0.544 0.484 -0.686
vn 0.544 0.484 -0.686
vn 0.522 0.621 -0.585
vn 0.522 0.621 -0.585
vn 0.522 0.621 -0.585
vn 0.522 0.621 -0.585
vn 0.495 0.737 -0.46
vn 0.495 0.737 -0.46
vn 0.495 0.737 -0.46
vn 0.495 0.737 -0.46
vn 0.464 0.829 -0.312
vn 0.464 0.829 -0.312
vn 0.464 0.829 -0.312
vn 0.464 0.829 -0.312
vn 0.429 0.891 -0.149
vn 0.429 0.891 -0.149
vn 0.429 0.891 -0.149
vn 0.429 0.891 -0.149
vn 0.392 0.919 0.023
vn 0.392 0.919 0.023
vn 0.392 0.919 0.023
vn 0.392 0.919 0.023
vn 0.355 0.914 0.197
vn 0.355 0.914 0.197
vn 0.355 0.914 0.197
vn 0.355 0.914 0.197
vn 0.318 0.875 0.366
vn 0.318 0.875 0.366
vn 0.318 0.875 0.366
vn 0.318 0.875 0.366
vn 0.283 0.804 0.523
vn 0.283 0.804 0.523
vn 0.283 0.804 0.523
vn 0.283 0.804 0.523
vn 0.253 0.705 0.663
vn 0.253 0.705 0.663
vn 0.253 0.705 0.663
vn 0.253 0.705 0.663
vn 0.227 0.584 0.779
vn 0.227 0.584 0.779
vn 0.227 0.584 0.779
vn 0.227 0.584 0.779
vn 0.205 0.437 0.876
vn 0.205 0.437 0.876
vn 0.205 0.437 0.876
vn 0.205 0.437 0.876
vn 0.187 0.276 0.943
vn 0.187 0.276 0.943
vn 0.187 0.276 0.943
vn 0.187 0.276 0.943
vn 0.175 0.06 0.983
vn 0.175 0.06 0.983
vn 0.175 0.06 0.983
vn 0.175 0.06 0.983
vn 0.174 -0.121 0.978
vn 0.174 -0.121 0.978
vn 0.174 -0.121 0.978
vn 0.174 -0.121 0.978
vn 0.18 -0.297 0.938
vn 0.18 -0.297 0.938
vn 0.18 -0.297 0.938
vn 0.18 -0.297 0.938
vn 0.194 -0.463 0.865
vn 0.194 -0.463 0.865
vn 0.194 -0.463 0.865
vn 0.194 -0.463 0.865
vn 0.214 -0.612 0.762
vn 0.214 -0.612 0.762
vn 0.214 -0.612 0.762
vn 0.214 -0.612 0.762
vn 0.24 -0.737 0.632
vn 0.24 -0.737 0.632
vn 0.24 -0.737 0.632
vn 0.24 -0.737 0.632
vn 0.272 -0.826 0.493
vn 0.272 -0.826 0.493
vn 0.272 -0.826 0.493
vn 0.272 -0.826 0.493
vn 0.313 -0.891 0.328
vn 0.313 -0.891 0.328
vn 0.313 -0.891 0.328
vn 0.313 -0.891 0.328
vn 0.357 -0.924 0.133
vn 0.357 -0.924 0.133
vn 0.357 -0.924 0.133
vn 0.357 -0.924 0.133
vn 0.392 -0.918 -0.057
vn 0.392 -0.918 -0.057
vn 0.392 -0.918 -0.057
vn 0.392 -0.918 -0.057
vn 0.42 -0.882 -0.215
vn 0.42 -0.882 -0.215
vn 0.42 -0.882 -0.215
vn 0.42 -0.882 -0.215
vn 0.434 -0.815 -0.384
vn 0.434 -0.815 -0.384
vn 0.434 -0.815 -0.384
vn 0.434 -0.815 -0.384
vn 0.458 -0.718 -0.524
vn 0.458 -0.718 -0.524
vn 0.458 -0.718 -0.524
vn 0.458 -0.718 -0.524
vn 0.485 -0.572 -0.662
vn 0.485 -0.572 -0.662
vn 0.485 -0.572 -0.662
vn 0.485 -0.572 -0.662
vn 0.451 -0.422 -0.787
vn 0.451 -0.422 -0.787
vn 0.451 -0.422 -0.787
vn 0.451 -0.422 -0.787
vn 0.47 -0.274 -0.839
vn 0.47 -0.274 -0.839
vn 0.47 -0.274 -0.839
vn 0.47 -0.274 -0.839
vn 0.541 -0.069 -0.838
vn 0.541 -0.069 -0.838
vn 0.541 -0.069 -0.838
vn 0.541 -0.069 -0.838
vn 0.567 0.138 -0.812
vn 0.567 0.138 -0.812
vn 0.567 0.138 -0.812
vn 0.567 0.138 -0.812
vn -0.159 0.347 -0.924
vn -0.159 0.347 -0.924
vn -0.159 0.347 -0.924
vn -0.159 0.347 -0.924
vn -0.112 0.507 -0.854
vn -0.112 0.507 -0.854
vn -0.112 0.507 -0.854
vn -0.112 0.507 -0.854
vn -0.05 0.64 -0.767
vn -0.05 0.64 -0.767
vn -0.05 0.64 -0.767
vn -0.05 0.64 -0.767
vn 0.027 0.752 -0.659
vn 0.027 0.752 -0.659
vn 0.027 0.752 -0.659
vn 0.027 0.752 -0.659
vn 0.117 0.838 -0.533
vn 0.117 0.838 -0.533
vn 0.117 0.838 -0.533
vn 0.117 0.838 -0.533
vn 0.214 0.893 -0.396
vn 0.214 0.893 -0.396
vn 0.214 0.893 -0.396
vn 0.214 0.893 -0.396
vn 0.314 0.916 -0.251
vn 0.314 0.916 -0.251
vn 0.314 0.916 -0.251
vn 0.314 0.916 -0.251
vn 0.415 0.904 -0.105
vn 0.415 0.904 -0.105
vn 0.415 0.904 -0.105
vn 0.415 0.904 -0.105
vn 0.513 0.858 0.036
vn 0.513 0.858 0.036
vn 0.513 0.858 0.036
vn 0.513 0.858 0.036
vn 0.603 0.781 0.166
vn 0.603 0.781 0.166
vn 0.603 0.781 0.166
vn 0.603 0.781 0.166
vn 0.682 0.676 0.279
vn 0.682 0.676 0.279
vn 0.682 0.676 0.279
vn 0.682 0.676 0.279
vn 0.747 0.55 0.373
vn 0.747 0.55 0.373
vn 0.747 0.55 0.373
vn 0.747 0.55 0.373
vn 0.798 0.4 0.45
vn 0.798 0.4 0.45
vn 0.798 0.4 0.45
vn 0.798 0.4 0.45
vn 0.829 0.238 0.507
vn 0.829 0.238 0.507
vn 0.829 0.238 0.507
vn 0.829 0.238 0.507
vn 0.841 0.022 0.54
vn 0.841 0.022 0.54
vn 0.841 0.022 0.54
vn 0.841 0.022 0.54
vn 0.83 -0.158 0.535
vn 0.83 -0.158 0.535
vn 0.83 -0.158 0.535
vn 0.83 -0.158 0.535
vn 0.799 -0.333 0.5
vn 0.799 -0.333 0.5
vn 0.799 -0.333 0.5
vn 0.799 -0.333 0.5
vn 0.75 -0.496 0.437
vn 0.75 -0.496 0.437
vn 0.75 -0.496 0.437
vn 0.75 -0.496 0.437
vn 0.684 -0.641 0.348
vn 0.684 -0.641 0.348
vn 0.684 -0.641 0.348
vn 0.684 -0.641 0.348
vn 0.603 -0.762 0.238
vn 0.603 -0.762 0.238
vn 0.603 -0.762 0.238
vn 0.603 -0.762 0.238
vn 0.51 -0.853 0.11
vn 0.51 -0.853 0.11
vn 0.51 -0.853 0.11
vn 0.51 -0.853 0.11
vn 0.41 -0.912 -0.03
vn 0.41 -0.912 -0.03
vn 0.41 -0.912 -0.03
vn 0.41 -0.912 -0.03
vn 0.306 -0.935 -0.178
vn 0.306 -0.935 -0.178
vn 0.306 -0.935 -0.178
vn 0.306 -0.935 -0.178
vn 0.203 -0.923 -0.327
vn 0.203 -0.923 -0.327
vn 0.203 -0.923 -0.327
vn 0.203 -0.923 -0.327
vn 0.115 -0.875 -0.471
vn 0.115 -0.875 -0.471
vn 0.115 -0.875 -0.471
vn 0.115 -0.875 -0.471
vn 0.039 -0.789 -0.614
vn 0.039 -0.789 -0.614
vn 0.039 -0.789 -0.614
vn 0.039 -0.789 -0.614
vn -0.051 -0.668 -0.742
vn -0.051 -0.668 -0.742
vn -0.051 -0.668 -0.742
vn -0.051 -0.668 -0.742
vn -0.112 -0.556 -0.823
vn -0.112 -0.556 -0.823
vn -0.112 -0.556 -0.823
vn -0.112 -0.556 -0.823
vn -0.146 -0.405 -0.903
vn -0.146 -0.405 -0.903
vn -0.146 -0.405 -0.903
vn -0.146 -0.405 -0.903
vn -0.184 -0.196 -0.963
vn -0.184 -0.196 -0.963
vn -0.184 -0.196 -0.963
vn -0.184 -0.196 -0.963
vn -0.208 -0.02 -0.978
vn -0.208 -0.02 -0.978
vn -0.208 -0.02 -0.978
vn -0.208 -0.02 -0.978
vn -0.196 0.168 -0.966
vn -0.196 0.168 -0.966
vn -0.196 0.168 -0.966
vn -0.196 0.168 -0.966
vn 0.565 0.131 -0.814
vn 0.565 0.131 -0.814
vn 0.565 0.131 -0.814
vn 0.565 0.131 -0.814
vn 0.584 0.198 -0.787
vn 0.584 0.198 -0.787
vn 0.584 0.198 -0.787
vn 0.584 0.198 -0.787
vn 0.606 0.253 -0.753
vn 0.606 0.253 -0.753
vn 0.606 0.253 -0.753
vn 0.606 0.253 -0.753
vn 0.637 0.3 -0.71
vn 0.637 0.3 -0.71
vn 0.637 0.3 -0.71
vn 0.637 0.3 -0.71
vn 0.686 0.325 -0.651
vn 0.686 0.325 -0.651
vn 0.686 0.325 -0.651
vn 0.686 0.325 -0.651
vn 0.718 0.342 -0.606
vn 0.718 0.342 -0.606
vn 0.718 0.342 -0.606
vn 0.718 0.342 -0.606
vn 0.758 0.368 -0.539
vn 0.758 0.368 -0.539
vn 0.758 0.368 -0.539
vn 0.758 0.368 -0.539
vn 0.8 0.363 -0.478
vn 0.8 0.363 -0.478
vn 0.8 0.363 -0.478
vn 0.8 0.363 -0.478
vn 0.841 0.343 -0.419
vn 0.841 0.343 -0.419
vn 0.841 0.343 -0.419
vn 0.841 0.343 -0.419
vn 0.877 0.31 -0.366
vn 0.877 0.31 -0.366
vn 0.877 0.31 -0.366
vn 0.877 0.31 -0.366
vn 0.909 0.266 -0.321
vn 0.909 0.266 -0.321
vn 0.909 0.266 -0.321
vn 0.909 0.266 -0.321
vn 0.934 0.214 -0.286
vn 0.934 0.214 -0.286
vn 0.934 0.214 -0.286
vn 0.934 0.214 -0.286
vn 0.955 0.153 -0.255
vn 0.955 0.153 -0.255
vn 0.955 0.153 -0.255
vn 0.955 0.153 -0.255
vn 0.967 0.092 -0.236
vn 0.967 0.092 -0.236
vn 0.967 0.092 -0.236
vn 0.967 0.092 -0.236
vn 0.976 -0.006 -0.217
vn 0.976 -0.006 -0.217
vn 0.976 -0.006 -0.217
vn 0.976 -0.006 -0.217
vn 0.974 -0.085 -0.21
vn 0.974 -0.085 -0.21
vn 0.974 -0.085 -0.21
vn 0.974 -0.085 -0.21
vn 0.961 -0.158 -0.224
vn 0.961 -0.158 -0.224
vn 0.961 -0.158 -0.224
vn 0.961 -0.158 -0.224
vn 0.941 -0.227 -0.25
vn 0.941 -0.227 -0.25
vn 0.941 -0.227 -0.25
vn 0.941 -0.227 -0.25
vn 0.914 -0.289 -0.287
vn 0.914 -0.289 -0.287
vn 0.914 -0.289 -0.287
vn 0.914 -0.289 -0.287
vn 0.879 -0.34 -0.334
vn 0.879 -0.34 -0.334
vn 0.879 -0.34 -0.334
vn 0.879 -0.34 -0.334
vn 0.84 -0.38 -0.388
vn 0.84 -0.38 -0.388
vn 0.84 -0.38 -0.388
vn 0.84 -0.38 -0.388
vn 0.797 -0.405 -0.447
vn 0.797 -0.405 -0.447
vn 0.797 -0.405 -0.447
vn 0.797 -0.405 -0.447
vn 0.753 -0.416 -0.51
vn 0.753 -0.416 -0.51
vn 0.753 -0.416 -0.51
vn 0.753 -0.416 -0.51
vn 0.709 -0.411 -0.573
vn 0.709 -0.411 -0.573
vn 0.709 -0.411 -0.573
vn 0.709 -0.411 -0.573
vn 0.67 -0.388 -0.632
vn 0.67 -0.388 -0.632
vn 0.67 -0.388 -0.632
vn 0.67 -0.388 -0.632
vn 0.634 -0.35 -0.689
vn 0.634 -0.35 -0.689
vn 0.634 -0.35 -0.689
vn 0.634 -0.35 -0.689
vn 0.6 -0.304 -0.741
vn 0.6 -0.304 -0.741
vn 0.6 -0.304 -0.741
vn 0.6 -0.304 -0.741
vn 0.574 -0.25 -0.78
vn 0.574 -0.25 -0.78
vn 0.574 -0.25 -0.78
vn 0.574 -0.25 -0.78
vn 0.558 -0.184 -0.809
vn 0.558 -0.184 -0.809
vn 0.558 -0.184 -0.809
vn 0.558 -0.184 -0.809
vn 0.545 -0.103 -0.832
vn 0.545 -0.103 -0.832
vn 0.545 -0.103 -0.832
vn 0.545 -0.103 -0.832
vn 0.54 -0.028 -0.841
vn 0.54 -0.028 -0.841
vn 0.54 -0.028 -0.841
vn 0.54 -0.028 -0.841
vn 0.548 0.062 -0.834
vn 0.548 0.062 -0.834
vn 0.548 0.062 -0.834
vn 0.548 0.062 -0.834
vn 0.962 -0.149 -0.227
vn 0.962 -0.149 -0.227
vn 0.962 -0.149 -0.227
vn 0.962 -0.149 -0.227
vn 0.942 -0.218 -0.253
vn 0.942 -0.218 -0.253
vn 0.942 -0.218 -0.253
vn 0.942 -0.218 -0.253
vn 0.915 -0.281 -0.292
vn 0.915 -0.281 -0.292
vn 0.915 -0.281 -0.292
vn 0.915 -0.281 -0.292
vn 0.88 -0.333 -0.338
vn 0.88 -0.333 -0.338
vn 0.88 -0.333 -0.338
vn 0.88 -0.333 -0.338
vn 0.84 -0.379 -0.389
vn 0.84 -0.379 -0.389
vn 0.84 -0.379 -0.389
vn 0.84 -0.379 -0.389
vn 0.801 -0.403 -0.443
vn 0.801 -0.403 -0.443
vn 0.801 -0.403 -0.443
vn 0.801 -0.403 -0.443
vn 0.758 -0.407 -0.509
vn 0.758 -0.407 -0.509
vn 0.758 -0.407 -0.509
vn 0.758 -0.407 -0.509
vn 0.715 -0.403 -0.571
vn 0.715 -0.403 -0.571
vn 0.715 -0.403 -0.571
vn 0.715 -0.403 -0.571
vn 0.673 -0.384 -0.632
vn 0.673 -0.384 -0.632
vn 0.673 -0.384 -0.632
vn 0.673 -0.384 -0.632
vn 0.634 -0.351 -0.689
vn 0.634 -0.351 -0.689
vn 0.634 -0.351 -0.689
vn 0.634 -0.351 -0.689
vn 0.599 -0.303 -0.741
vn 0.599 -0.303 -0.741
vn 0.599 -0.303 -0.741
vn 0.599 -0.303 -0.741
vn 0.569 -0.243 -0.786
vn 0.569 -0.243 -0.786
vn 0.569 -0.243 -0.786
vn 0.569 -0.243 -0.786
vn 0.549 -0.177 -0.817
vn 0.549 -0.177 -0.817
vn 0.549 -0.177 -0.817
vn 0.549 -0.177 -0.817
vn 0.535 -0.092 -0.84
vn 0.535 -0.092 -0.84
vn 0.535 -0.092 -0.84
vn 0.535 -0.092 -0.84
vn 0.537 -0.028 -0.843
vn 0.537 -0.028 -0.843
vn 0.537 -0.028 -0.843
vn 0.537 -0.028 -0.843
vn 0.546 0.042 -0.836
vn 0.546 0.042 -0.836
vn 0.546 0.042 -0.836
vn 0.546 0.042 -0.836
vn 0.56 0.114 -0.821
vn 0.56 0.114 -0.821
vn 0.56 0.114 -0.821
vn 0.56 0.114 -0.821
vn 0.581 0.18 -0.794
vn 0.581 0.18 -0.794
vn 0.581 0.18 -0.794
vn 0.581 0.18 -0.794
vn 0.608 0.238 -0.757
vn 0.608 0.238 -0.757
vn 0.608 0.238 -0.757
vn 0.608 0.238 -0.757
vn 0.642 0.285 -0.712
vn 0.642 0.285 -0.712
vn 0.642 0.285 -0.712
vn 0.642 0.285 -0.712
vn 0.679 0.321 -0.66
vn 0.679 0.321 -0.66
vn 0.679 0.321 -0.66
vn 0.679 0.321 -0.66
vn 0.72 0.343 -0.604
vn 0.72 0.343 -0.604
vn 0.72 0.343 -0.604
vn 0.72 0.343 -0.604
vn 0.762 0.352 -0.544
vn 0.762 0.352 -0.544
vn 0.762 0.352 -0.544
vn 0.762 0.352 -0.544
vn 0.803 0.346 -0.484
vn 0.803 0.346 -0.484
vn 0.803 0.346 -0.484
vn 0.803 0.346 -0.484
vn 0.844 0.327 -0.425
vn 0.844 0.327 -0.425
vn 0.844 0.327 -0.425
vn 0.844 0.327 -0.425
vn 0.881 0.295 -0.371
vn 0.881 0.295 -0.371
vn 0.881 0.295 -0.371
vn 0.881 0.295 -0.371
vn 0.914 0.249 -0.322
vn 0.914 0.249 -0.322
vn 0.914 0.249 -0.322
vn 0.914 0.249 -0.322
vn 0.939 0.194 -0.282
vn 0.939 0.194 -0.282
vn 0.939 0.194 -0.282
vn 0.939 0.194 -0.282
vn 0.958 0.13 -0.256
vn 0.958 0.13 -0.256
vn 0.958 0.13 -0.256
vn 0.958 0.13 -0.256
vn 0.971 0.06 -0.233
vn 0.971 0.06 -0.233
vn 0.971 0.06 -0.233
vn 0.971 0.06 -0.233
vn 0.977 -0.009 -0.216
vn 0.977 -0.009 -0.216
vn 0.977 -0.009 -0.216
vn 0.977 -0.009 -0.216
vn 0.974 -0.074 -0.214
vn 0.974 -0.074 -0.214
vn 0.974 -0.074 -0.214
vn 0.974 -0.074 -0.214
vn 0.801 -0.333 0.497
vn 0.801 -0.333 0.497
vn 0.801 -0.333 0.497
vn 0.801 -0.333 0.497
vn 0.751 -0.497 0.434
vn 0.751 -0.497 0.434
vn 0.751 -0.497 0.434
vn 0.751 -0.497 0.434
vn 0.685 -0.642 0.345
vn 0.685 -0.642 0.345
vn 0.685 -0.642 0.345
vn 0.685 -0.642 0.345
vn 0.603 -0.762 0.236
vn 0.603 -0.762 0.236
vn 0.603 -0.762 0.236
vn 0.603 -0.762 0.236
vn 0.511 -0.853 0.109
vn 0.511 -0.853 0.109
vn 0.511 -0.853 0.109
vn 0.511 -0.853 0.109
vn 0.412 -0.911 -0.029
vn 0.412 -0.911 -0.029
vn 0.412 -0.911 -0.029
vn 0.412 -0.911 -0.029
vn 0.309 -0.935 -0.176
vn 0.309 -0.935 -0.176
vn 0.309 -0.935 -0.176
vn 0.309 -0.935 -0.176
vn 0.206 -0.923 -0.324
vn 0.206 -0.923 -0.324
vn 0.206 -0.923 -0.324
vn 0.206 -0.923 -0.324
vn 0.107 -0.877 -0.468
vn 0.107 -0.877 -0.468
vn 0.107 -0.877 -0.468
vn 0.107 -0.877 -0.468
vn 0.014 -0.798 -0.603
vn 0.014 -0.798 -0.603
vn 0.014 -0.798 -0.603
vn 0.014 -0.798 -0.603
vn -0.066 -0.688 -0.723
vn -0.066 -0.688 -0.723
vn -0.066 -0.688 -0.723
vn -0.066 -0.688 -0.723
vn -0.133 -0.549 -0.825
vn -0.133 -0.549 -0.825
vn -0.133 -0.549 -0.825
vn -0.133 -0.549 -0.825
vn -0.18 -0.395 -0.901
vn -0.18 -0.395 -0.901
vn -0.18 -0.395 -0.901
vn -0.18 -0.395 -0.901
vn -0.211 -0.206 -0.956
vn -0.211 -0.206 -0.956
vn -0.211 -0.206 -0.956
vn -0.211 -0.206 -0.956
vn -0.217 -0.033 -0.976
vn -0.217 -0.033 -0.976
vn -0.217 -0.033 -0.976
vn -0.217 -0.033 -0.976
vn -0.204 0.146 -0.968
vn -0.204 0.146 -0.968
vn -0.204 0.146 -0.968
vn -0.204 0.146 -0.968
vn -0.172 0.321 -0.932
vn -0.172 0.321 -0.932
vn -0.172 0.321 -0.932
vn -0.172 0.321 -0.932
vn -0.121 0.482 -0.868
vn -0.121 0.482 -0.868
vn -0.121 0.482 -0.868
vn -0.121 0.482 -0.868
vn -0.055 0.625 -0.779
vn -0.055 0.625 -0.779
vn -0.055 0.625 -0.779
vn -0.055 0.625 -0.779
vn 0.026 0.743 -0.669
vn 0.026 0.743 -0.669
vn 0.026 0.743 -0.669
vn 0.026 0.743 -0.669
vn 0.117 0.832 -0.542
vn 0.117 0.832 -0.542
vn 0.117 0.832 -0.542
vn 0.117 0.832 -0.542
vn 0.217 0.889 -0.403
vn 0.217 0.889 -0.403
vn 0.217 0.889 -0.403
vn 0.217 0.889 -0.403
vn 0.319 0.912 -0.257
vn 0.319 0.912 -0.257
vn 0.319 0.912 -0.257
vn 0.319 0.912 -0.257
vn 0.422 0.9 -0.109
vn 0.422 0.9 -0.109
vn 0.422 0.9 -0.109
vn 0.422 0.9 -0.109
vn 0.521 0.853 0.035
vn 0.521 0.853 0.035
vn 0.521 0.853 0.035
vn 0.521 0.853 0.035
vn 0.612 0.772 0.169
vn 0.612 0.772 0.169
vn 0.612 0.772 0.169
vn 0.612 0.772 0.169
vn 0.692 0.662 0.288
vn 0.692 0.662 0.288
vn 0.692 0.662 0.288
vn 0.692 0.662 0.288
vn 0.757 0.526 0.387
vn 0.757 0.526 0.387
vn 0.757 0.526 0.387
vn 0.757 0.526 0.387
vn 0.807 0.37 0.461
vn 0.807 0.37 0.461
vn 0.807 0.37 0.461
vn 0.807 0.37 0.461
vn 0.836 0.198 0.512
vn 0.836 0.198 0.512
vn 0.836 0.198 0.512
vn 0.836 0.198 0.512
vn 0.843 0.02 0.538
vn 0.843 0.02 0.538
vn 0.843 0.02 0.538
vn 0.843 0.02 0.538
vn 0.832 -0.157 0.532
vn 0.832 -0.157 0.532
vn 0.832 -0.157 0.532
vn 0.832 -0.157 0.532
vn 0.175 -0.313 0.934
vn 0.175 -0.313 0.934
vn 0.175 -0.313 0.934
vn 0.175 -0.313 0.934
vn 0.125 -0.477 0.87
vn 0.125 -0.477 0.87
vn 0.125 -0.477 0.87
vn 0.125 -0.477 0.87
vn 0.059 -0.622 0.781
vn 0.059 -0.622 0.781
vn 0.059 -0.622 0.781
vn 0.059 -0.622 0.781
vn -0.021 -0.741 0.671
vn -0.021 -0.741 0.671
vn -0.021 -0.741 0.671
vn -0.021 -0.741 0.671
vn -0.112 -0.832 0.543
vn -0.112 -0.832 0.543
vn -0.112 -0.832 0.543
vn -0.112 -0.832 0.543
vn -0.211 -0.89 0.404
vn -0.211 -0.89 0.404
vn -0.211 -0.89 0.404
vn -0.211 -0.89 0.404
vn -0.313 -0.914 0.258
vn -0.313 -0.914 0.258
vn -0.313 -0.914 0.258
vn -0.313 -0.914 0.258
vn -0.416 -0.903 0.11
vn -0.416 -0.903 0.11
vn -0.416 -0.903 0.11
vn -0.416 -0.903 0.11
vn -0.515 -0.856 -0.034
vn -0.515 -0.856 -0.034
vn -0.515 -0.856 -0.034
vn -0.515 -0.856 -0.034
vn -0.607 -0.776 -0.168
vn -0.607 -0.776 -0.168
vn -0.607 -0.776 -0.168
vn -0.607 -0.776 -0.168
vn -0.688 -0.666 -0.289
vn -0.688 -0.666 -0.289
vn -0.688 -0.666 -0.289
vn -0.688 -0.666 -0.289
vn -0.755 -0.527 -0.39
vn -0.755 -0.527 -0.39
vn -0.755 -0.527 -0.39
vn -0.755 -0.527 -0.39
vn -0.803 -0.373 -0.465
vn -0.803 -0.373 -0.465
vn -0.803 -0.373 -0.465
vn -0.803 -0.373 -0.465
vn -0.834 -0.186 -0.519
vn -0.834 -0.186 -0.519
vn -0.834 -0.186 -0.519
vn -0.834 -0.186 -0.519
vn -0.843 -0.013 -0.538
vn -0.843 -0.013 -0.538
vn -0.843 -0.013 -0.538
vn -0.843 -0.013 -0.538
vn -0.832 0.166 -0.53
vn -0.832 0.166 -0.53
vn -0.832 0.166 -0.53
vn -0.832 0.166 -0.53
vn -0.8 0.341 -0.493
vn -0.8 0.341 -0.493
vn -0.8 0.341 -0.493
vn -0.8 0.341 -0.493
vn -0.75 0.502 -0.43
vn -0.75 0.502 -0.43
vn -0.75 0.502 -0.43
vn -0.75 0.502 -0.43
vn -0.684 0.645 -0.341
vn -0.684 0.645 -0.341
vn -0.684 0.645 -0.341
vn -0.684 0.645 -0.341
vn -0.603 0.764 -0.231
vn -0.603 0.764 -0.231
vn -0.603 0.764 -0.231
vn -0.603 0.764 -0.231
vn -0.512 0.853 -0.104
vn -0.512 0.853 -0.104
vn -0.512 0.853 -0.104
vn -0.512 0.853 -0.104
vn -0.413 0.91 0.036
vn -0.413 0.91 0.036
vn -0.413 0.91 0.036
vn -0.413 0.91 0.036
vn -0.311 0.933 0.182
vn -0.311 0.933 0.182
vn -0.311 0.933 0.182
vn -0.311 0.933 0.182
vn -0.208 0.92 0.33
vn -0.208 0.92 0.33
vn -0.208 0.92 0.33
vn -0.208 0.92 0.33
vn -0.11 0.874 0.474
vn -0.11 0.874 0.474
vn -0.11 0.874 0.474
vn -0.11 0.874 0.474
vn -0.019 0.793 0.609
vn -0.019 0.793 0.609
vn -0.019 0.793 0.609
vn -0.019 0.793 0.609
vn 0.061 0.683 0.728
vn 0.061 0.683 0.728
vn 0.061 0.683 0.728
vn 0.061 0.683 0.728
vn 0.126 0.546 0.828
vn 0.126 0.546 0.828
vn 0.126 0.546 0.828
vn 0.126 0.546 0.828
vn 0.174 0.39 0.904
vn 0.174 0.39 0.904
vn 0.174 0.39 0.904
vn 0.174 0.39 0.904
vn 0.204 0.22 0.954
vn 0.204 0.22 0.954
vn 0.204 0.22 0.954
vn 0.204 0.22 0.954
vn 0.215 0.041 0.976
vn 0.215 0.041 0.976
vn 0.215 0.041 0.976
vn 0.215 0.041 0.976
vn 0.206 -0.137 0.969
vn 0.206 -0.137 0.969
vn 0.206 -0.137 0.969
vn 0.206 -0.137 0.969
vn -0.551 -0.1 0.828
vn -0.551 -0.1 0.828
vn -0.551 -0.1 0.828
vn -0.551 -0.1 0.828
vn -0.572 -0.169 0.803
vn -0.572 -0.169 0.803
vn -0.572 -0.169 0.803
vn -0.572 -0.169 0.803
vn -0.602 -0.231 0.765
vn -0.602 -0.231 0.765
vn -0.602 -0.231 0.765
vn -0.602 -0.231 0.765
vn -0.636 -0.282 0.718
vn -0.636 -0.282 0.718
vn -0.636 -0.282 0.718
vn -0.636 -0.282 0.718
vn -0.674 -0.321 0.666
vn -0.674 -0.321 0.666
vn -0.674 -0.321 0.666
vn -0.674 -0.321 0.666
vn -0.715 -0.346 0.607
vn -0.715 -0.346 0.607
vn -0.715 -0.346 0.607
vn -0.715 -0.346 0.607
vn -0.758 -0.357 0.546
vn -0.758 -0.357 0.546
vn -0.758 -0.357 0.546
vn -0.758 -0.357 0.546
vn -0.8 -0.353 0.484
vn -0.8 -0.353 0.484
vn -0.8 -0.353 0.484
vn -0.8 -0.353 0.484
vn -0.842 -0.334 0.424
vn -0.842 -0.334 0.424
vn -0.842 -0.334 0.424
vn -0.842 -0.334 0.424
vn -0.881 -0.3 0.366
vn -0.881 -0.3 0.366
vn -0.881 -0.3 0.366
vn -0.881 -0.3 0.366
vn -0.915 -0.253 0.314
vn -0.915 -0.253 0.314
vn -0.915 -0.253 0.314
vn -0.915 -0.253 0.314
vn -0.943 -0.192 0.27
vn -0.943 -0.192 0.27
vn -0.943 -0.192 0.27
vn -0.943 -0.192 0.27
vn -0.963 -0.126 0.239
vn -0.963 -0.126 0.239
vn -0.963 -0.126 0.239
vn -0.963 -0.126 0.239
vn -0.976 -0.042 0.214
vn -0.976 -0.042 0.214
vn -0.976 -0.042 0.214
vn -0.976 -0.042 0.214
vn -0.977 0.02 0.213
vn -0.977 0.02 0.213
vn -0.977 0.02 0.213
vn -0.977 0.02 0.213
vn -0.971 0.091 0.222
vn -0.971 0.091 0.222
vn -0.971 0.091 0.222
vn -0.971 0.091 0.222
vn -0.958 0.162 0.238
vn -0.958 0.162 0.238
vn -0.958 0.162 0.238
vn -0.958 0.162 0.238
vn -0.937 0.229 0.264
vn -0.937 0.229 0.264
vn -0.937 0.229 0.264
vn -0.937 0.229 0.264
vn -0.91 0.287 0.3
vn -0.91 0.287 0.3
vn -0.91 0.287 0.3
vn -0.91 0.287 0.3
vn -0.877 0.334 0.346
vn -0.877 0.334 0.346
vn -0.877 0.334 0.346
vn -0.877 0.334 0.346
vn -0.839 0.37 0.398
vn -0.839 0.37 0.398
vn -0.839 0.37 0.398
vn -0.839 0.37 0.398
vn -0.799 0.393 0.455
vn -0.799 0.393 0.455
vn -0.799 0.393 0.455
vn -0.799 0.393 0.455
vn -0.758 0.401 0.514
vn -0.758 0.401 0.514
vn -0.758 0.401 0.514
vn -0.758 0.401 0.514
vn -0.716 0.396 0.575
vn -0.716 0.396 0.575
vn -0.716 0.396 0.575
vn -0.716 0.396 0.575
vn -0.676 0.377 0.633
vn -0.676 0.377 0.633
vn -0.676 0.377 0.633
vn -0.676 0.377 0.633
vn -0.639 0.344 0.688
vn -0.639 0.344 0.688
vn -0.639 0.344 0.688
vn -0.639 0.344 0.688
vn -0.606 0.299 0.737
vn -0.606 0.299 0.737
vn -0.606 0.299 0.737
vn -0.606 0.299 0.737
vn -0.58 0.244 0.777
vn -0.58 0.244 0.777
vn -0.58 0.244 0.777
vn -0.58 0.244 0.777
vn -0.56 0.18 0.809
vn -0.56 0.18 0.809
vn -0.56 0.18 0.809
vn -0.56 0.18 0.809
vn -0.547 0.113 0.829
vn -0.547 0.113 0.829
vn -0.547 0.113 0.829
vn -0.547 0.113 0.829
vn -0.54 0.04 0.841
vn -0.54 0.04 0.841
vn -0.54 0.04 0.841
vn -0.54 0.04 0.841
vn -0.54 -0.024 0.841
vn -0.54 -0.024 0.841
vn -0.54 -0.024 0.841
vn -0.54 -0.024 0.841
vn -0.953 0.182 0.242
vn -0.953 0.182 0.242
vn -0.953 0.182 0.242
vn -0.953 0.182 0.242
vn -0.931 0.249 0.267
vn -0.931 0.249 0.267
vn -0.931 0.249 0.267
vn -0.931 0.249 0.267
vn -0.905 0.304 0.299
vn -0.905 0.304 0.299
vn -0.905 0.304 0.299
vn -0.905 0.304 0.299
vn -0.872 0.351 0.341
vn -0.872 0.351 0.341
vn -0.872 0.351 0.341
vn -0.872 0.351 0.341
vn -0.834 0.387 0.392
vn -0.834 0.387 0.392
vn -0.834 0.387 0.392
vn -0.834 0.387 0.392
vn -0.793 0.411 0.45
vn -0.793 0.411 0.45
vn -0.793 0.411 0.45
vn -0.793 0.411 0.45
vn -0.75 0.419 0.511
vn -0.75 0.419 0.511
vn -0.75 0.419 0.511
vn -0.75 0.419 0.511
vn -0.708 0.414 0.573
vn -0.708 0.414 0.573
vn -0.708 0.414 0.573
vn -0.708 0.414 0.573
vn -0.667 0.394 0.632
vn -0.667 0.394 0.632
vn -0.667 0.394 0.632
vn -0.667 0.394 0.632
vn -0.631 0.361 0.686
vn -0.631 0.361 0.686
vn -0.631 0.361 0.686
vn -0.631 0.361 0.686
vn -0.602 0.318 0.733
vn -0.602 0.318 0.733
vn -0.602 0.318 0.733
vn -0.602 0.318 0.733
vn -0.578 0.267 0.771
vn -0.578 0.267 0.771
vn -0.578 0.267 0.771
vn -0.578 0.267 0.771
vn -0.558 0.205 0.804
vn -0.558 0.205 0.804
vn -0.558 0.205 0.804
vn -0.558 0.205 0.804
vn -0.544 0.145 0.826
vn -0.544 0.145 0.826
vn -0.544 0.145 0.826
vn -0.544 0.145 0.826
vn -0.534 0.042 0.844
vn -0.534 0.042 0.844
vn -0.534 0.042 0.844
vn -0.534 0.042 0.844
vn -0.535 -0.036 0.844
vn -0.535 -0.036 0.844
vn -0.535 -0.036 0.844
vn -0.535 -0.036 0.844
vn -0.548 -0.11 0.829
vn -0.548 -0.11 0.829
vn -0.548 -0.11 0.829
vn -0.548 -0.11 0.829
vn -0.569 -0.178 0.803
vn -0.569 -0.178 0.803
vn -0.569 -0.178 0.803
vn -0.569 -0.178 0.803
vn -0.597 -0.24 0.766
vn -0.597 -0.24 0.766
vn -0.597 -0.24 0.766
vn -0.597 -0.24 0.766
vn -0.631 -0.291 0.719
vn -0.631 -0.291 0.719
vn -0.631 -0.291 0.719
vn -0.631 -0.291 0.719
vn -0.67 -0.33 0.665
vn -0.67 -0.33 0.665
vn -0.67 -0.33 0.665
vn -0.67 -0.33 0.665
vn -0.712 -0.356 0.605
vn -0.712 -0.356 0.605
vn -0.712 -0.356 0.605
vn -0.712 -0.356 0.605
vn -0.756 -0.366 0.542
vn -0.756 -0.366 0.542
vn -0.756 -0.366 0.542
vn -0.756 -0.366 0.542
vn -0.8 -0.361 0.479
vn -0.8 -0.361 0.479
vn -0.8 -0.361 0.479
vn -0.8 -0.361 0.479
vn -0.842 -0.34 0.419
vn -0.842 -0.34 0.419
vn -0.842 -0.34 0.419
vn -0.842 -0.34 0.419
vn -0.88 -0.304 0.364
vn -0.88 -0.304 0.364
vn -0.88 -0.304 0.364
vn -0.88 -0.304 0.364
vn -0.914 -0.257 0.314
vn -0.914 -0.257 0.314
vn -0.914 -0.257 0.314
vn -0.914 -0.257 0.314
vn -0.94 -0.2 0.275
vn -0.94 -0.2 0.275
vn -0.94 -0.2 0.275
vn -0.94 -0.2 0.275
vn -0.96 -0.133 0.246
vn -0.96 -0.133 0.246
vn -0.96 -0.133 0.246
vn -0.96 -0.133 0.246
vn -0.973 -0.056 0.226
vn -0.973 -0.056 0.226
vn -0.973 -0.056 0.226
vn -0.973 -0.056 0.226
vn -0.977 0.021 0.214
vn -0.977 0.021 0.214
vn -0.977 0.021 0.214
vn -0.977 0.021 0.214
vn -0.969 0.111 0.221
vn -0.969 0.111 0.221
vn -0.969 0.111 0.221
vn -0.969 0.111 0.221
vn -0.793 0.37 -0.484
vn -0.793 0.37 -0.484
vn -0.793 0.37 -0.484
vn -0.793 0.37 -0.484
vn -0.738 0.529 -0.42
vn -0.738 0.529 -0.42
vn -0.738 0.529 -0.42
vn -0.738 0.529 -0.42
vn -0.671 0.662 -0.335
vn -0.671 0.662 -0.335
vn -0.671 0.662 -0.335
vn -0.671 0.662 -0.335
vn -0.591 0.773 -0.229
vn -0.591 0.773 -0.229
vn -0.591 0.773 -0.229
vn -0.591 0.773 -0.229
vn -0.5 0.859 -0.105
vn -0.5 0.859 -0.105
vn -0.5 0.859 -0.105
vn -0.5 0.859 -0.105
vn -0.402 0.915 0.033
vn -0.402 0.915 0.033
vn -0.402 0.915 0.033
vn -0.402 0.915 0.033
vn -0.301 0.937 0.178
vn -0.301 0.937 0.178
vn -0.301 0.937 0.178
vn -0.301 0.937 0.178
vn -0.199 0.925 0.324
vn -0.199 0.925 0.324
vn -0.199 0.925 0.324
vn -0.199 0.925 0.324
vn -0.102 0.879 0.465
vn -0.102 0.879 0.465
vn -0.102 0.879 0.465
vn -0.102 0.879 0.465
vn -0.014 0.803 0.596
vn -0.014 0.803 0.596
vn -0.014 0.803 0.596
vn -0.014 0.803 0.596
vn 0.062 0.699 0.713
vn 0.062 0.699 0.713
vn 0.062 0.699 0.713
vn 0.062 0.699 0.713
vn 0.124 0.573 0.81
vn 0.124 0.573 0.81
vn 0.124 0.573 0.81
vn 0.124 0.573 0.81
vn 0.173 0.423 0.89
vn 0.173 0.423 0.89
vn 0.173 0.423 0.89
vn 0.173 0.423 0.89
vn 0.207 0.259 0.943
vn 0.207 0.259 0.943
vn 0.207 0.259 0.943
vn 0.207 0.259 0.943
vn 0.221 0.042 0.975
vn 0.221 0.042 0.975
vn 0.221 0.042 0.975
vn 0.221 0.042 0.975
vn 0.21 -0.139 0.968
vn 0.21 -0.139 0.968
vn 0.21 -0.139 0.968
vn 0.21 -0.139 0.968
vn 0.178 -0.313 0.933
vn 0.178 -0.313 0.933
vn 0.178 -0.313 0.933
vn 0.178 -0.313 0.933
vn 0.129 -0.476 0.87
vn 0.129 -0.476 0.87
vn 0.129 -0.476 0.87
vn 0.129 -0.476 0.87
vn 0.062 -0.621 0.782
vn 0.062 -0.621 0.782
vn 0.062 -0.621 0.782
vn 0.062 -0.621 0.782
vn -0.019 -0.741 0.671
vn -0.019 -0.741 0.671
vn -0.019 -0.741 0.671
vn -0.019 -0.741 0.671
vn -0.111 -0.833 0.543
vn -0.111 -0.833 0.543
vn -0.111 -0.833 0.543
vn -0.111 -0.833 0.543
vn -0.21 -0.891 0.402
vn -0.21 -0.891 0.402
vn -0.21 -0.891 0.402
vn -0.21 -0.891 0.402
vn -0.314 -0.915 0.254
vn -0.314 -0.915 0.254
vn -0.314 -0.915 0.254
vn -0.314 -0.915 0.254
vn -0.418 -0.902 0.105
vn -0.418 -0.902 0.105
vn -0.418 -0.902 0.105
vn -0.418 -0.902 0.105
vn -0.521 -0.853 -0.031
vn -0.521 -0.853 -0.031
vn -0.521 -0.853 -0.031
vn -0.521 -0.853 -0.031
vn -0.628 -0.765 -0.146
vn -0.628 -0.765 -0.146
vn -0.628 -0.765 -0.146
vn -0.628 -0.765 -0.146
vn -0.713 -0.646 -0.273
vn -0.713 -0.646 -0.273
vn -0.713 -0.646 -0.273
vn -0.713 -0.646 -0.273
vn -0.773 -0.526 -0.354
vn -0.773 -0.526 -0.354
vn -0.773 -0.526 -0.354
vn -0.773 -0.526 -0.354
vn -0.85 -0.364 -0.381
vn -0.85 -0.364 -0.381
vn -0.85 -0.364 -0.381
vn -0.85 -0.364 -0.381
vn -0.877 -0.171 -0.448
vn -0.877 -0.171 -0.448
vn -0.877 -0.171 -0.448
vn -0.877 -0.171 -0.448
vn -0.854 0.001 -0.52
vn -0.854 0.001 -0.52
vn -0.854 0.001 -0.52
vn -0.854 0.001 -0.52
vn -0.829 0.188 -0.527
vn -0.829 0.188 -0.527
vn -0.829 0.188 -0.527
vn -0.829 0.188 -0.527
vn -0.405 0.09 0.91
vn 0.567 0.09 0.819
vn 0.663 -0.292 0.689
vn 0.087 0.168 0.982
vn 0.756 0.219 0.617
vn 0.328 -0.107 0.939
vn 0.831 0.337 0.442
vn 0.592 0.497 0.635
vn -0.753 -0.339 -0.564
vn 0.663 -0.292 0.689
vn 0.759 -0.492 -0.427
vn -0.405 0.09 0.91
vn -0.994 -0.057 -0.092
vn -0.182 -0.31 -0.933
vn -0.939 -0.335 0.068
vn -0.736 0.059 0.674
vn 0.087 0.168 0.982
vn -0.66 -0.461 0.593
vn 0.328 -0.107 0.939
vn -0.866 -0.483 0.129
vn -0.868 -0.102 0.486
vn -0.921 -0.389 0.02
vn -0.451 -0.845 -0.287
vn -0.893 -0.281 -0.351
vn -0.784 0.421 0.457
vn -0.995 -0.094 0.048
vn -0.866 -0.498 -0.044
vn -0.889 -0.312 0.334
vn -0.995 0.067 0.07
vn -0.904 -0.226 0.362
vn -0.967 -0.184 0.176
vn -0.988 -0.092 0.121
vn -0.818 0.342 0.463
vn -0.739 -0.107 0.665
vn -0.952 -0.284 0.118
vn -0.962 0.182 0.203
vn 0.215 0.329 0.919
vn -0.814 0.209 -0.542
vn -0.749 -0.2 -0.632
vn -0.966 -0.2 -0.165
vn -0.642 -0.134 -0.755
vn -0.96 -0.195 -0.2
vn -0.965 -0.108 0.24
vn -0.898 -0.439 0.019
vn -0.697 -0.536 -0.476
vn -0.844 -0.526 -0.105
vn -0.505 -0.625 -0.595
vn -0.387 -0.602 -0.699
vn -0.882 -0.258 0.394
vn -0.788 0.023 0.615
vn -0.864 -0.309 0.397
vn -0.777 -0.578 -0.25
vn -0.743 -0.09 0.664
vn -0.564 0.219 0.796
vn -0.194 0.689 0.698
vn -0.134 0.646 0.751
vn -0.681 0.304 0.667
vn -0.161 -0.268 0.95
vn -0.092 -0.616 -0.782
vn -0.249 -0.474 -0.844
vn -0.503 0.128 0.854
vn -0.742 -0.101 0.663
vn -0.891 -0.358 0.28
vn -0.805 -0.374 -0.46
vn -0.929 -0.337 0.151
vn -0.455 0.167 0.875
vn -0.727 -0.151 0.67
vn -0.065 0.366 0.928
vn 0.059 0.447 0.893
vn -0.404 0.07 0.912
vn -0.098 0.262 0.96
vn -0.24 -0.312 0.919
vn -0.697 -0.377 0.61
vn -0.92 -0.365 0.138
vn -0.626 -0.402 0.669
vn -0.113 -0.314 0.943
vn -0.896 -0.33 -0.295
vn -0.599 -0.145 -0.787
vn -0.718 -0.188 -0.67
vn -0.859 -0.433 0.272
vn -0.898 -0.409 -0.159
vn -0.61 -0.141 -0.78
vn -0.653 -0.411 0.637
vn -0.732 -0.67 0.118
vn -0.31 -0.654 -0.69
vn -0.598 -0.367 0.712
vn -0.511 -0.39 0.766
vn -0.047 -0.404 0.914
vn 0.754 -0.333 -0.566
vn 0.792 -0.603 -0.096
vn 0.629 -0.763 0.146
vn 0.633 0.757 -0.158
vn 0.299 0.244 -0.923
vn -0.046 -0.961 0.273
vn 0.998 -0.002 -0.07
vn 0.627 0.193 -0.754
vn 0.827 0.393 -0.402
vn -0.4 0.069 -0.914
vn 0.271 0.816 -0.511
vn -0.759 -0.633 -0.153
vn -0.894 -0.444 0.06
vn -0.703 -0.478 -0.526
vn -0.442 0.002 -0.897
vn -0.759 -0.633 -0.153
vn 0.998 -0.002 -0.07
vn 0.087 -0.612 0.786
vn 0.827 0.393 -0.402
vn 0.647 0.584 0.489
vn 0.747 -0.128 0.652
vn -0.759 -0.633 -0.153
vn 0.087 -0.612 0.786
vn -0.88 -0.474 -0.038
vn -0.454 -0.869 0.197
vn -0.79 -0.231 -0.568
vn -0.65 -0.36 -0.669
vn -0.951 -0.213 0.226
vn -0.894 -0.444 0.06
vn -0.967 -0.107 -0.229
vn -0.486 -0.061 -0.872
vn -0.854 0.111 -0.508
vn -0.961 -0.028 0.273
vn -0.951 -0.18 -0.25
vn -0.805 -0.076 0.589
vn -0.694 -0.051 0.718
vn -0.41 -0.009 0.912
vn -0.239 0.122 0.963
vn -0.839 -0.245 0.487
vn -0.873 -0.354 0.336
vn -0.559 0.011 0.829
vn -0.341 -0.083 0.937
vn -0.685 -0.129 0.718
vn -0.516 -0.808 0.283
vn -0.703 -0.478 -0.526
vn -0.311 -0.645 0.699
vn -0.766 -0.625 0.148
vn -0.428 -0.502 0.751
vn -0.464 -0.75 0.47
vn -0.402 -0.798 0.45
vn -0.555 -0.599 0.578
vn -0.411 -0.888 0.207
vn 0.018 -0.721 0.693
vn -0.644 -0.658 -0.389
vn 0.647 0.584 0.489
vn 0.827 0.393 -0.402
vn -0.113 0.534 -0.838
vn 0.018 0.126 -0.992
vn 0.732 0.085 -0.675
vn 0.95 0.248 -0.189
vn 0.688 -0.109 -0.718
vn 0.627 0.193 -0.754
vn 0.271 0.816 -0.511
vn 0.687 0.61 0.396
vn 0.375 -0.383 0.844
vn 0.061 -0.861 -0.505
vn 0.22 0.033 -0.975
vn 0.641 0.17 -0.749
vn 0.488 -0.027 -0.873
vn -0.082 -0.704 0.706
vn 0.561 0.12 -0.819
vn 0.618 0.207 -0.758
vn 0.424 -0.176 -0.889
vn 0.721 0.216 -0.659
vn 0.818 0.545 0.182
vn 0.865 0.45 0.22
vn 0.62 0.225 -0.752
vn 0.236 -0.338 -0.911
vn 0.402 -0.337 -0.852
vn 0.54 -0.205 -0.816
vn 0.633 -0.771 -0.068
vn 0.696 0.096 -0.711
vn 0.61 0.379 -0.696
vn 0.23 0.791 -0.567
vn 0.307 0.833 -0.461
vn 0.953 0.212 0.218
vn 0.435 0.031 0.9
vn 0.488 0.731 -0.477
vn 0.804 0.331 0.494
vn 0.78 0.349 0.519
vn 0.633 0.757 -0.158
vn 0.629 -0.763 0.146
vn -0.973 0.081 0.216
vn -0.999 0.014 0.047
vn -0.99 0.048 -0.136
vn -0.762 0.183 0.621
vn -0.999 -0.034 -0.021
vn -0.885 0.078 0.459
vn -0.999 0.003 -0.041
vn -0.356 0.268 0.895
vn -0.221 0.353 0.909
vn -0.494 0.145 0.857
vn -0.91 0.154 0.386
vn -0.384 0.139 0.913
vn -0.525 0.236 0.817
vn -0.615 0.21 0.76
vn -0.897 0.25 0.364
vn -0.922 -0.098 -0.373
vn -0.927 -0.12 -0.356
vn -0.869 -0.015 -0.495
vn -0.907 0.115 -0.406
vn -0.802 -0.014 -0.598
vn -0.556 -0.119 -0.823
vn -0.764 -0.154 -0.627
vn -0.731 -0.134 -0.669
vn -0.847 -0.032 -0.531
vn -0.446 -0.04 -0.894
vn -0.865 0.083 -0.495
vn -0.973 0.174 -0.153
vn -0.814 0.095 -0.573
vn -0.918 0.213 0.335
vn -0.713 0.087 0.696
vn -0.979 0.153 -0.136
vn -0.746 0.045 -0.665
vn -0.265 0.086 0.96
vn 0.075 0.153 0.985
vn -0.302 0.003 0.953
vn -0.425 -0.045 0.904
vn -0.956 0.111 0.271
vn -0.964 0.06 -0.258
vn -0.992 0.011 0.129
vn -0.906 0.033 -0.422
vn -0.634 0.022 -0.773
vn -0.477 -0.138 -0.868
vn -0.77 -0.013 0.639
vn -0.997 0.069 0.044
vn -0.829 0.041 0.558
vn -0.527 0.002 0.85
vn -0.333 -0.022 0.943
vn -0.739 0.409 0.536
vn -0.909 0.183 -0.375
vn -0.743 -0.01 -0.67
vn -0.64 0.214 -0.738
vn -0.723 0.506 -0.471
vn -0.697 0.713 -0.076
vn -0.916 0.394 0.082
vn -0.545 0.75 0.374
vn -0.529 0.227 0.817
vn -0.39 0.52 0.76
vn -0.34 0.146 0.929
vn -0.336 0.203 0.92
vn -0.37 -0.054 0.927
vn -0.021 -0.263 0.965
vn -0.346 0.216 0.913
vn -0.155 0.538 0.829
vn -0.114 0.706 0.699
vn -0.528 0.101 0.843
vn -0.319 0.415 0.852
vn -0.131 0.441 0.888
vn -0.721 -0.189 0.667
vn -0.51 -0.48 0.714
vn -0.825 0.027 0.564
vn -0.49 -0.144 0.859
vn -0.615 0.19 0.765
vn -0.391 0.308 0.868
vn -0.883 -0.005 0.469
vn 0.213 -0.119 0.97
vn -0.69 -0.001 0.724
vn -0.792 -0.141 0.593
vn -0.865 -0.084 0.496
vn -0.615 -0.176 0.769
vn -0.3 0.077 0.951
vn -0.405 -0.328 0.854
vn -0.648 -0.207 0.733
vn -0.72 -0.159 0.675
vn -0.456 -0.417 0.787
vn -0.158 -0.387 0.908
vn -0.22 -0.463 0.859
vn -0.188 -0.123 0.975
vn -0.431 -0.231 0.872
vn -0.493 -0.158 0.855
vn -0.302 -0.086 0.95
vn -0.76 -0.24 0.604
vn -0.36 -0.141 0.922
vn -0.201 -0.072 0.977
vn -0.328 -0.135 0.935
vn -0.122 -0.102 0.987
vn -0.542 -0.183 0.82
vn -0.311 0.101 0.945
vn -0.576 -0.216 0.789
vn -0.737 -0.281 0.615
vn -0.88 -0.335 0.335
vn -0.907 -0.267 0.326
vn -0.718 -0.214 0.663
vn -0.868 -0.22 0.446
vn -0.525 0.039 0.851
vn -0.708 0.005 0.706
vn -0.881 -0.048 0.471
vn -0.983 -0.067 0.172
vn -0.97 -0.216 0.11
vn -0.811 0.365 0.457
vn -0.617 0.35 0.705
vn -0.777 0.446 0.443
vn -0.438 0.299 0.848
vn -0.221 0.269 0.938
vn -0.39 0.262 0.883
vn -0.146 0.148 0.978
vn -0.606 0.356 0.711
vn -0.843 0.318 0.434
vn -0.656 0.281 0.701
vn -0.345 0.256 0.903
vn -0.075 0.252 0.965
vn -0.58 0.261 0.771
vn -0.271 0.285 0.919
vn -0.639 0.174 0.749
vn -0.685 0.046 0.727
vn -0.348 0.165 0.923
vn -0.382 0.083 0.92
vn -0.693 -0.036 0.72
vn -0.405 0.002 0.915
vn -0.703 -0.096 0.705
vn -0.886 -0.173 0.431
vn -0.915 -0.22 0.338
vn -0.709 -0.123 0.694
vn -0.4 -0.017 0.917
vn -0.392 0.018 0.919
vn -0.929 -0.262 0.263
vn -0.943 -0.311 -0.117
vn -0.946 -0.263 -0.187
vn -0.883 -0.34 -0.324
vn -0.953 -0.3 -0.03
vn -0.892 -0.379 -0.249
vn -0.745 -0.113 0.658
vn -0.741 -0.048 0.67
vn -0.384 0.005 0.923
vn -0.955 -0.142 0.26
vn -0.945 0.026 0.327
vn -0.718 -0.055 0.694
vn -0.361 -0.087 0.928
vn -0.679 -0.061 0.732
vn -0.375 -0.132 0.917
vn -0.399 -0.067 0.915
vn -0.901 0.101 0.421
vn -0.598 -0.031 0.801
vn -0.986 0.124 -0.109
vn -0.96 0.267 -0.084
vn -0.945 0.272 -0.181
vn -0.909 0.316 -0.272
vn -0.958 0.277 0.067
vn -0.859 0.172 0.482
vn -0.974 0.118 -0.194
vn -0.505 -0.032 0.863
vn -0.616 0.003 0.788
vn -0.275 -0.046 0.96
vn -0.031 -0.098 0.995
vn -0.516 0.026 0.856
vn -0.333 0.051 0.941
vn -0.479 0.052 0.876
vn 0.07 -0.014 0.998
vn -0.636 0.141 0.759
vn 0.054 0.014 0.999
vn 0.007 0.11 0.994
vn -0.823 0.279 0.495
vn -0.046 0.368 0.929
vn -0.81 0.489 0.325
vn -0.004 0.621 0.784
vn -0.692 0.704 0.156
vn 0.063 0.721 0.689
vn -0.554 0.007 0.833
vn -0.66 0.007 0.751
vn -0.77 0.068 0.635
vn -0.959 0.17 0.227
vn -0.91 0.257 0.325
vn -0.609 -0.006 0.793
vn -0.542 -0.027 0.84
vn -0.851 0.116 0.513
vn -0.647 0.196 0.736
vn -0.552 0.017 0.833
vn -0.878 0.407 0.252
vn -0.406 -0.039 0.913
vn -0.293 0.013 0.956
vn -0.5 0.004 0.866
vn -0.83 0.546 0.112
vn -0.642 0.061 0.765
vn -0.659 0.073 0.749
vn -0.395 -0.007 0.919
vn -0.433 0.031 0.901
vn -0.672 0.36 0.647
vn -0.756 0.655 -0.008
vn -0.581 0.813 0.046
vn -0.678 0.077 0.73
vn -0.416 0.139 0.899
vn -0.676 0.493 0.548
vn -0.549 0.219 0.807
vn -0.508 0.096 0.856
vn -0.733 0.103 0.672
vn -0.756 0.194 0.625
vn -0.824 0.196 0.531
vn -0.85 0.121 0.513
vn -0.834 0.151 0.53
vn -0.893 0.18 0.412
vn -0.909 0.191 0.37
vn -0.816 0.144 0.56
vn -0.801 0.103 0.59
vn -0.798 0.071 0.599
vn -0.942 0.228 0.246
vn -0.951 0.292 -0.1
vn -0.953 0.285 0.101
vn -0.957 0.274 0.098
vn -0.957 0.281 0.072
vn -0.906 0.324 -0.274
vn -0.852 0.305 -0.426
vn -0.873 0.365 -0.324
vn -0.721 0.339 -0.604
vn -0.615 0.361 -0.701
vn -0.524 0.384 -0.76
vn -0.788 0.263 -0.557
vn -0.614 0.274 -0.74
vn -0.922 0.368 -0.12
vn -0.29 0.441 -0.85
vn -0.865 0.197 0.462
vn -0.845 0.52 -0.124
vn -0.809 0.297 0.507
vn -0.747 0.655 -0.113
vn -0.635 0.772 0.023
vn -0.745 0.36 0.561
vn -0.586 0.808 -0.066
vn -0.772 0.308 0.555
vn -0.716 0.333 0.613
vn -0.719 0.465 0.517
vn -0.518 0.855 -0.032
vn -0.558 0.509 0.655
vn -0.664 0.236 0.709
vn -0.783 0.335 0.524
vn -0.607 0.554 0.569
vn -0.176 0.959 0.222
vn -0.716 0.369 0.592
vn -0.601 0.748 0.283
vn -0.088 0.994 0.069
vn -0.747 0.455 0.485
vn -0.467 0.817 0.339
vn -0.585 0.208 0.784
vn -0.597 0.572 0.563
vn -0.268 0.944 0.191
vn -0.588 0.382 0.713
vn -0.501 0.749 0.434
vn -0.684 0.601 0.415
vn -0.601 0.511 0.615
vn -0.59 0.796 0.136
vn -0.686 0.683 0.253
vn -0.665 0.736 -0.128
vn -0.721 0.69 -0.06
vn -0.58 0.797 -0.166
vn -0.577 0.815 0.056
vn -0.529 0.835 0.149
vn -0.082 -0.704 0.706
vn -0.047 -0.697 0.715
vn 0.22 0.033 -0.975
vn -0.854 0.111 -0.508
vn -0.951 -0.18 -0.25
vn -0.486 -0.061 -0.872
vn 0.018 0.126 -0.992
vn -0.79 -0.231 -0.568
vn -0.65 -0.36 -0.669
vn -0.113 0.534 -0.838
vn -0.33 -0.139 -0.934
vn -0.384 0.898 0.214
vn -0.575 -0.788 0.222
vn -0.733 -0.68 0.003
vn -0.845 0.063 0.531
vn -0.117 0.982 0.146
vn -0.101 0.988 0.113
vn -0.636 0.754 0.164
vn -0.287 0.884 0.368
vn -0.569 -0.604 0.558
vn -0.552 -0.552 0.625
vn -0.498 0.838 0.223
vn -0.489 0.376 0.788
vn 0.005 0.988 0.151
vn -0.911 0.412 -0.003
vn 0 0.995 -0.104
vn -0.418 0.863 0.283
vn 0.215 0.368 0.905
vn -0.24 0.948 -0.208
vn -0.529 0.835 0.149
vn 0.194 0.521 0.831
vn -0.577 0.815 0.056
vn 0.052 0.756 0.652
vn -0.581 0.813 0.046
vn 0.063 0.721 0.689
vn -0.692 0.704 0.156
vn -0.42 0.891 -0.174
vn -0.58 0.797 -0.166
vn -0.055 0.991 -0.124
vn -0.219 0.971 -0.093
vn -0.409 0.912 -0.031
vn -0.665 0.736 -0.128
vn -0.59 0.796 0.136
vn -0.501 0.749 0.434
vn -0.002 1 -0.018
vn -0.268 0.944 0.191
vn -0.597 0.572 0.563
vn 0.074 0.997 -0.04
vn -0.088 0.994 0.069
vn -0.467 0.817 0.339
vn -0.601 0.748 0.283
vn 0.171 0.983 -0.064
vn 0.264 0.96 -0.093
vn 0.142 0.987 -0.078
vn 0.258 0.963 0.081
vn -0.176 0.959 0.222
vn 0.422 0.902 -0.089
vn 0.54 0.84 0.049
vn -0.237 0.947 0.216
vn 0.263 0.925 0.274
vn -0.705 0.592 -0.39
vn -0.477 0.749 0.46
vn 0.031 0.867 0.498
vn -0.05 0.847 0.529
vn -0.558 0.509 0.655
vn -0.42 0.609 0.672
vn 0.623 -0.573 -0.532
vn 0.352 -0.931 -0.096
vn 0.628 0.507 -0.591
vn 0.7 -0.713 -0.034
vn 0.95 0.231 -0.209
vn 0.067 0.928 -0.366
vn 0.713 0.675 0.19
vn 0.966 -0.039 0.255
vn 0.583 -0.784 0.212
vn 0.756 -0.449 0.477
vn 0.588 0.538 0.604
vn 0.41 -0.846 0.341
vn 0.498 0.555 0.667
vn 0.431 -0.85 0.304
vn 0.271 0.365 -0.891
vn -0.007 0.279 -0.96
vn 0.501 0.258 -0.826
vn -0.12 0.333 -0.936
vn -0.302 0.205 -0.931
vn 0.117 0.508 -0.854
vn -0.214 0.426 -0.879
vn 0.026 0.643 -0.766
vn -0.278 0.48 -0.832
vn -0.199 0.182 -0.963
vn 0.138 0.262 -0.955
vn -0.027 0.227 -0.974
vn 0.41 0.276 -0.869
vn 0.541 0.296 -0.787
vn -0.331 0.095 -0.939
vn -0.292 0.081 -0.953
vn 0.116 0.22 -0.969
vn 0.251 0.213 -0.944
vn -0.11 0.034 -0.993
vn -0.5 0.257 -0.827
vn -0.514 0.404 -0.756
vn -0.378 0.074 -0.923
vn -0.599 -0.145 -0.787
vn -0.718 -0.188 -0.67
vn -0.61 -0.141 -0.78
vn -0.479 -0.323 -0.816
vn -0.805 -0.374 -0.46
vn 0.034 -0.154 -0.987
vn -0.387 -0.602 -0.699
vn -0.777 -0.578 -0.25
vn -0.844 -0.526 -0.105
vn 0.12 -0.462 -0.879
vn -0.505 -0.625 -0.595
vn 0.006 -0.521 -0.854
vn -0.697 -0.536 -0.476
vn -0.38 -0.202 -0.902
vn -0.352 -0.187 -0.917
vn -0.31 -0.654 -0.69
vn -0.898 -0.409 -0.159
vn 0.134 -0.397 -0.908
vn 0.268 -0.363 -0.893
vn -0.498 0.051 -0.866
vn -0.12 -0.479 -0.869
vn 0.495 -0.279 -0.823
vn 0.542 -0.236 -0.807
vn 0.424 -0.07 -0.903
vn -0.354 -0.17 -0.919
vn -0.96 -0.195 -0.2
vn -0.642 -0.134 -0.755
vn 0.229 -0.084 -0.97
vn -0.749 -0.2 -0.632
vn 0.071 -0.252 -0.965
vn 0.173 -0.601 -0.78
vn -0.814 0.209 -0.542
vn -0.82 -0.292 -0.492
vn -0.784 -0.247 -0.569
vn -0.408 0.5 -0.764
vn -0.705 0.592 -0.39
vn -0.406 -0.417 -0.813
vn -0.197 0.362 -0.911
vn 0.099 0.895 -0.434
vn 0.244 0.967 -0.067
vn -0.228 -0.827 -0.515
vn -0.059 0.749 -0.661
vn -0.238 -0.745 -0.623
vn -0.059 0.749 -0.661
vn -0.228 -0.827 -0.515
vn -0.208 -0.528 -0.824
vn -0.238 -0.46 -0.855
vn 0.147 0.875 -0.46
vn 0.151 0.926 -0.345
vn 0.291 0.956 0.037
vn -0.25 -0.844 -0.475
vn -0.168 0.228 -0.959
vn -0.317 -0.841 -0.438
vn 0.244 0.967 -0.067
vn -0.197 0.362 -0.911
vn 0.135 0.991 -0.009
vn -0.664 -0.538 -0.52
vn -0.044 0.974 -0.223
vn -0.621 -0.654 -0.432
vn -0.116 0.927 -0.357
vn -0.435 -0.89 -0.14
vn -0.673 0.697 -0.247
vn -0.404 0.898 -0.173
vn -0.859 0.504 -0.088
vn -0.088 0.989 -0.121
vn -0.353 0.836 -0.419
vn 0.24 0.97 -0.046
vn 0.321 0.944 -0.08
vn 0.099 0.895 -0.434
vn 0.139 0.828 -0.543
vn -0.499 0.687 -0.529
vn 0.389 0.855 -0.342
vn 0.336 0.542 -0.771
vn 0.314 0.379 -0.871
vn 0.013 0.654 -0.756
vn 0.056 0.726 -0.686
vn -0.587 0.602 -0.542
vn -0.924 0.38 -0.037
vn -0.943 0.327 -0.067
vn -0.024 0.581 -0.813
vn -0.631 0.52 -0.576
vn -0.024 0.519 -0.854
vn -0.727 0.429 -0.536
vn 0.115 0.424 -0.898
vn -0.063 0.836 -0.544
vn 0.212 0.964 -0.161
vn -0.408 0.5 -0.764
vn -0.463 0.884 -0.057
vn -0.705 0.592 -0.39
vn -0.549 0.812 0.199
vn -0.518 0.855 -0.032
vn 0.095 0.584 -0.806
vn -0.586 0.808 -0.066
vn 0.232 0.458 -0.858
vn -0.635 0.772 0.023
vn -0.747 0.655 -0.113
vn -0.845 0.52 -0.124
vn 0.024 0.434 -0.901
vn -0.29 0.441 -0.85
vn -0.922 0.368 -0.12
vn 0.736 -0.543 -0.403
vn 0.302 -0.917 -0.262
vn 0.311 0.949 -0.055
vn 0.283 0.958 0.03
vn 0.384 0.922 -0.056
vn 0.739 -0.543 -0.398
vn 0.331 0.94 -0.078
vn 0.69 -0.493 -0.53
vn 0.141 0.939 -0.312
vn 0.623 -0.573 -0.532
vn 0.628 0.507 -0.591
vn 0.251 0.952 -0.174
vn -0.195 0.892 -0.409
vn 0.067 0.928 -0.366
vn 0.509 0.861 -0.006
vn 0.503 0.862 -0.066
vn 0.531 0.806 -0.261
vn 0.651 0.729 -0.212
vn 0.511 0.645 -0.568
vn 0.606 0.786 -0.12
vn 0.38 0.798 -0.468
vn 0.601 0.692 -0.401
vn 0.232 0.655 -0.719
vn 0.545 0.831 -0.114
vn 0.781 0.571 -0.254
vn 0.384 0.9 -0.207
vn 0.709 0.679 -0.192
vn 0.597 0.752 -0.278
vn 0.175 0.854 -0.49
vn 0.604 0.686 -0.405
vn -0.181 0.928 -0.325
vn 0.118 0.907 -0.405
vn -0.442 0.813 -0.379
vn 0.372 0.742 -0.558
vn 0.723 0.635 -0.273
vn 0.427 0.661 -0.617
vn 0.098 0.754 -0.649
vn 0.311 0.945 0.104
vn 0.713 0.675 0.19
vn 0.588 0.538 0.604
vn 0.304 0.634 -0.71
vn -0.077 0.725 -0.684
vn 0.458 0.867 -0.195
vn 0.459 0.628 0.628
vn 0.39 0.663 0.639
vn 0.631 0.468 0.618
vn 0.498 0.555 0.667
vn 0.618 0.755 -0.217
vn 0.732 0.367 0.574
vn 0.451 0.578 -0.681
vn 0.819 0.54 -0.194
vn 0.572 0.587 -0.573
vn 0.638 0.475 -0.606
vn 0.612 0.405 -0.68
vn 0.456 0.778 0.433
vn 0.469 0.737 0.486
vn 0.475 0.815 0.333
vn 0.591 0.701 0.399
vn 0.562 0.811 0.164
vn 0.588 0.593 0.549
vn 0.507 0.291 0.812
vn 0.585 0.665 0.464
vn 0.642 0.353 0.681
vn 0.669 0.469 0.577
vn 0.604 0.73 0.321
vn 0.731 0.49 0.474
vn 0.493 0.849 0.188
vn 0.658 0.748 0.09
vn 0.495 0.869 0
vn 0.786 0.586 -0.197
vn 0.474 0.877 -0.075
vn 0.911 -0.239 0.336
vn 0.431 -0.85 0.304
vn 0.996 0.027 0.082
vn 0.841 0.539 0.041
vn 0.445 0.867 -0.224
vn 0.564 0.794 -0.226
vn 0.591 0.795 0.133
vn 0.311 0.949 -0.055
vn 0.503 0.862 -0.066
vn 0.736 -0.543 -0.403
vn 0.689 0.542 -0.48
vn 0.651 0.729 -0.212
vn 0.271 -0.909 -0.318
vn 0.511 0.645 -0.568
vn 0.527 0.014 -0.85
vn 0.287 -0.795 -0.534
vn 0.284 -0.398 -0.872
vn 0.295 0.281 -0.913
vn 0.232 0.655 -0.719
vn 0.105 0.273 -0.956
vn 0.662 -0.104 0.742
vn 0.819 -0.021 0.573
vn 0.615 -0.08 0.785
vn 0.537 -0.137 0.832
vn 0.466 -0.055 0.883
vn 0.666 -0.183 0.723
vn 0.675 -0.132 0.726
vn 0.695 -0.096 0.712
vn 0.711 -0.133 0.69
vn 0.607 -0.126 0.785
vn 0.677 -0.131 0.724
vn 0.5 -0.216 0.838
vn 0.64 -0.257 0.724
vn 0.614 -0.251 0.749
vn 0.352 -0.177 0.919
vn 0.72 -0.115 0.684
vn 0.287 -0.164 0.943
vn 0.159 -0.074 0.984
vn 0.393 -0.08 0.916
vn 0.408 0.019 0.913
vn 0.708 0.017 0.706
vn 0.237 -0.074 0.969
vn 0.336 0.214 0.917
vn 0.658 0.386 0.646
vn 0.269 0.466 0.843
vn -0.065 0.407 0.911
vn 0.079 0.139 0.987
vn 0.037 -0.093 0.995
vn 0.242 0.017 0.97
vn 0.703 0.03 0.71
vn 0.831 0.016 0.556
vn 0.613 0.107 0.783
vn -0.004 0.035 1
vn -0.142 -0.019 0.99
vn -0.129 0.168 0.977
vn -0.211 0.086 0.974
vn 0.524 0.218 0.823
vn -0.272 0.335 0.902
vn 0.426 0.498 0.755
vn -0.326 0.226 0.918
vn -0.406 0.401 0.821
vn -0.444 0.552 0.707
vn -0.145 0.619 0.771
vn 0.715 -0.174 0.677
vn 0.741 -0.192 0.644
vn 0.826 -0.392 0.406
vn 0.577 0.145 0.804
vn 0.535 0.19 0.823
vn 0.83 0.095 0.55
vn 0.612 0.111 0.783
vn 0.778 0.106 0.62
vn 0.453 0.334 0.827
vn 0.327 0.203 0.923
vn 0.324 -0.069 0.943
vn 0.548 0.06 0.834
vn 0.369 -0.568 0.735
vn 0.605 -0.261 0.752
vn 0.729 0.386 0.565
vn 0.612 0.111 0.783
vn 0.413 -0.222 0.883
vn 0.698 0.175 0.694
vn 0.054 -0.615 0.787
vn -0.373 0.312 0.874
vn -0.141 0.393 0.909
vn -0.429 -0.275 0.86
vn 0.709 0.679 -0.192
vn 0.597 0.752 -0.278
vn 0.723 0.635 -0.273
vn 0.881 0.441 -0.173
vn 0.849 0.503 -0.162
vn 0.828 0.485 -0.282
vn 0.545 0.831 -0.114
vn 0.892 0.428 -0.143
vn 0.822 0.545 -0.165
vn 0.781 0.571 -0.254
vn 0.839 0.458 -0.293
vn 0.8 0.552 -0.237
vn 0.427 0.661 -0.617
vn 0.572 0.587 -0.573
vn 0.846 0.469 -0.254
vn 0.638 0.475 -0.606
vn 0.925 0.375 -0.062
vn 0.926 0.312 -0.211
vn 0.923 0.348 -0.161
vn 0.945 0.267 -0.191
vn 0.72 0.32 -0.616
vn 0.612 0.405 -0.68
vn 0.957 0.289 -0.021
vn 0.986 0.168 -0.014
vn 0.962 0.163 -0.22
vn 0.988 0.136 -0.072
vn 0.811 0.49 -0.32
vn 0.826 0.412 -0.385
vn 0.595 0.695 -0.404
vn 0.604 0.686 -0.405
vn 0.594 0.643 -0.484
vn 0.601 0.692 -0.401
vn 0.729 0.658 -0.191
vn 0.531 0.806 -0.261
vn 0.509 0.861 -0.006
vn 0.606 0.786 -0.12
vn 0.839 0.31 -0.447
vn 0.635 0.523 -0.568
vn 0.953 0.225 -0.206
vn 0.355 0.624 -0.696
vn 0.287 0.757 -0.587
vn 0.233 0.839 -0.492
vn 0.667 0.392 -0.634
vn 0.392 0.505 -0.769
vn 0.429 0.398 -0.811
vn 0.829 0.312 -0.464
vn 0.671 0.356 -0.65
vn 0.477 0.376 -0.795
vn 0.694 0.363 -0.622
vn 0.963 0.197 -0.183
vn 0.904 0.282 -0.322
vn 0.817 0.314 -0.483
vn 0.954 0.137 -0.268
vn 0.893 0.236 -0.384
vn 0.931 0.197 -0.307
vn 0.887 0.195 -0.419
vn 0.777 0.198 -0.597
vn 0.733 0.241 -0.635
vn 0.805 0.214 -0.553
vn 0.955 0.203 -0.216
vn 0.962 0.251 -0.109
vn 0.808 0.259 -0.529
vn 0.878 0.191 -0.438
vn 0.932 0.158 -0.327
vn 0.704 0.317 -0.636
vn 0.51 0.352 -0.785
vn 0.743 0.22 -0.632
vn -0.02 0.383 -0.924
vn 0.003 0.378 -0.926
vn 0.114 0.315 -0.942
vn 0.562 0.233 -0.793
vn 0.362 0.259 -0.896
vn 0.814 0.186 -0.55
vn 0.507 0.258 -0.822
vn 0.201 0.323 -0.925
vn 0.727 0.182 -0.663
vn 0.692 0.171 -0.701
vn 0.439 0.145 -0.887
vn 0.814 0.117 -0.569
vn 0.875 0.118 -0.47
vn 0.79 0.093 -0.606
vn 0.936 0.107 -0.336
vn 0.936 0.102 -0.338
vn 0.73 0.028 -0.683
vn 0.355 0.049 -0.934
vn 0.977 0.097 -0.192
vn 0.994 0.097 -0.06
vn 0.933 0.033 -0.359
vn 0.937 -0.065 -0.345
vn 0.691 -0.094 -0.716
vn 0.686 -0.232 -0.689
vn 0.255 -0.085 -0.963
vn 0.211 -0.219 -0.953
vn 0.967 0.13 -0.217
vn 0.99 0.12 0.069
vn 0.986 0.158 0.043
vn 0.489 -0.27 -0.83
vn 0.208 -0.266 -0.941
vn 0.335 -0.208 -0.919
vn 0.705 -0.247 -0.666
vn 0.349 -0.143 -0.926
vn 0.964 0.258 -0.061
vn 0.729 -0.18 -0.66
vn 0.43 -0.131 -0.894
vn 0.899 -0.246 -0.363
vn 0.922 -0.198 -0.332
vn 0.982 -0.186 0.016
vn 0.763 -0.111 -0.637
vn 0.908 -0.211 -0.363
vn 0.975 -0.221 0.01
vn 0.986 -0.156 0.054
vn 0.497 -0.075 -0.865
vn 0.176 -0.12 -0.977
vn 0.254 -0.014 -0.967
vn 0.573 0.046 -0.818
vn 0.291 0.109 -0.95
vn 0.327 0.224 -0.918
vn 1 -0.011 0.027
vn 0.954 0.035 0.3
vn 0.934 -0.089 0.346
vn 0.794 0.008 -0.607
vn 0.569 0.174 -0.804
vn 0.292 0.352 -0.889
vn 0.841 0.109 -0.53
vn 0.965 0.021 -0.261
vn 0.574 0.265 -0.774
vn 0.941 -0.12 -0.317
vn 0.548 0.37 -0.75
vn 0.817 0.213 -0.535
vn 0.962 0.142 -0.233
vn 0.514 0.471 -0.717
vn 0.257 0.476 -0.841
vn 0.812 0.322 -0.488
vn 0.787 0.438 -0.435
vn 0.463 0.642 -0.611
vn 0.154 0.652 -0.742
vn 0.943 0.272 -0.192
vn 0.994 0.101 0.043
vn 0.959 0.276 0.063
vn 0.935 0.037 0.354
vn 0.89 0.437 -0.132
vn 0.728 0.587 -0.354
vn 0.99 -0.02 0.137
vn 0.701 0.569 -0.429
vn 0.48 0.603 -0.637
vn 0.845 0.49 -0.214
vn 0.918 0.395 0.018
vn 0.946 0.222 0.237
vn 0.896 -0.034 0.444
vn 0.99 -0.122 0.073
vn 0.86 -0.083 0.503
vn 0.946 0.306 0.106
vn 0.92 0.383 -0.082
vn 0.93 0.164 0.328
vn 0.798 -0.08 0.597
vn 0.84 -0.104 0.533
vn 0.908 -0.147 0.393
vn 0.77 -0.091 0.632
vn 0.918 -0.191 0.348
vn 0.912 -0.169 0.375
vn 0.804 -0.128 0.58
vn 0.805 -0.075 0.588
vn 0.92 -0.041 0.388
vn 0.866 -0.11 0.488
vn 0.897 -0.077 0.435
vn 0.932 0.053 0.358
vn 0.966 -0.009 0.259
vn 0.99 -0.01 0.144
vn 0.967 0.04 0.252
vn 0.904 0.117 0.411
vn 0.944 -0.066 0.323
vn 0.902 -0.024 0.431
vn 0.999 0.017 0.036
vn 0.95 0.134 0.281
vn 0.936 0.153 0.318
vn 0.922 0.128 0.366
vn 0.951 0.103 0.292
vn 0.993 0.084 0.08
vn 0.894 0.091 0.44
vn 0.946 0.069 0.318
vn 0.908 0.074 0.412
vn 0.961 0.079 0.266
vn 0.919 0.143 0.367
vn 0.997 0.04 0.062
vn 0.987 0.108 0.122
vn 0.972 0.116 0.203
vn 0.968 0.095 0.234
vn 0.984 0.092 0.149
vn 0.998 0.026 0.055
vn 0.852 0.066 0.519
vn 0.863 0.161 0.479
vn 0.861 0.18 0.475
vn 0.771 0.211 0.6
vn 0.894 0.017 0.449
vn 0.763 0.053 0.645
vn 0.661 0.083 0.746
vn 0.796 0.038 0.604
vn 0.917 0.367 -0.154
vn 0.819 0.54 -0.194
vn 0.451 0.578 -0.681
vn 0.732 0.367 0.574
vn 0.618 0.755 -0.217
vn 0.932 -0.003 0.363
vn 0.846 0.026 0.533
vn 0.728 0.059 0.683
vn 0.767 0.065 0.638
vn 0.635 0.091 0.767
vn 0.727 0.177 0.664
vn 0.648 0.21 0.732
vn 0.7 0.317 0.641
vn 0.966 -0.042 0.254
vn 0.931 0.013 0.364
vn 0.987 0.003 0.16
vn 1 -0.002 0.013
vn 0.968 0.047 0.246
vn 0.996 0.086 -0.037
vn 0.84 0.096 0.534
vn 0.995 -0.009 0.101
vn 0.92 0.062 0.387
vn 0.996 0.08 -0.035
vn 0.977 0.039 -0.211
vn 0.958 0.117 0.262
vn 0.933 0.047 0.357
vn 0.962 0.269 0.036
vn 0.8 0.254 0.543
vn 0.731 0.49 0.474
vn 0.983 0.182 0.016
vn 0.945 0.183 -0.272
vn 0.86 0.505 0.068
vn 0.658 0.748 0.09
vn 0.604 0.73 0.321
vn 0.912 0.316 -0.261
vn 0.786 0.586 -0.197
vn 0.93 0.367 -0.018
vn 0.854 0.519 0.022
vn 0.426 0.498 0.755
vn 0.328 0.759 0.562
vn 0.524 0.218 0.823
vn 0.613 0.107 0.783
vn 0.703 0.03 0.71
vn 0.831 0.016 0.556
vn 0.786 0.618 0.007
vn 0.285 0.783 0.553
vn 0.747 0.562 -0.356
vn 0.591 0.795 0.133
vn 0.445 0.867 -0.224
vn 0.564 0.794 -0.226
vn 0.495 0.869 0
vn 0.861 -0.002 0.508
vn 0.615 -0.08 0.785
vn 0.466 -0.055 0.883
vn 0.819 -0.021 0.573
vn 0.929 0.049 0.368
vn 0.949 0.006 0.315
vn 0.989 0.018 0.15
vn 0.805 -0.081 0.588
vn 0.695 -0.096 0.712
vn 0.662 -0.104 0.742
vn 0.711 -0.133 0.69
vn 0.894 -0.076 0.441
vn 0.747 -0.153 0.647
vn 0.935 -0.015 0.354
vn 0.785 -0.056 0.617
vn 0.978 0.065 0.198
vn 0.922 0.078 0.379
vn 0.741 0.116 0.662
vn 0.878 0.181 0.444
vn 0.741 0.19 0.645
vn 0.972 0.09 0.219
vn 0.921 0.15 0.359
vn 0.852 0.162 0.498
vn 0.827 0.173 0.535
vn 0.744 0.187 0.641
vn 0.741 0.24 0.628
vn 0.887 0.123 0.444
vn 0.991 0.032 0.131
vn 0.772 0.195 0.604
vn 0.673 0.266 0.689
vn 0.916 0.084 0.394
vn 0.96 0.013 0.278
vn 0.835 0.132 0.533
vn 0.743 0.089 0.663
vn 0.684 0.143 0.716
vn 0.874 0.035 0.485
vn 0.822 0.009 0.57
vn 0.745 -0.072 0.663
vn 0.807 -0.082 0.584
vn 0.804 -0.139 0.578
vn 0.704 -0.17 0.689
vn 0.687 -0.135 0.714
vn 0.808 -0.113 0.578
vn 0.876 -0.034 0.481
vn 0.893 0.067 0.446
vn 0.784 0.065 0.618
vn 0.671 0.066 0.738
vn 0.94 0.216 0.265
vn 0.881 0.193 0.432
vn 0.937 0.263 0.232
vn 0.885 0.145 0.442
vn 0.765 0.075 0.64
vn 0.98 0.192 0.054
vn 0.889 0.078 0.452
vn 0.743 0.065 0.666
vn 0.974 0.109 0.201
vn 0.848 0.081 0.524
vn 0.686 -0.076 0.724
vn 0.963 0.095 0.25
vn 0.995 0.095 0.034
vn 0.816 -0.227 0.532
vn 0.849 -0.442 0.291
vn 0.71 -0.358 0.606
vn 0.973 0.006 0.23
vn 0.994 -0.091 0.06
vn 0.988 0.061 -0.138
vn 0.781 -0.48 0.398
vn 0.81 -0.212 0.547
vn 0.86 -0.5 0.103
vn 0.821 -0.571 0.012
vn 0.918 -0.343 -0.197
vn 0.885 -0.441 -0.146
vn 0.953 -0.214 0.215
vn 0.999 -0.04 0.002
vn 0.811 0.058 0.582
vn 0.637 -0.137 0.759
vn 0.636 0.13 0.76
vn 0.619 0.421 0.663
vn 0.942 0.131 0.308
vn 0.793 0.321 0.518
vn 0.777 0.455 0.435
vn 0.927 0.302 0.222
vn 0.696 0.624 0.356
vn 0.852 0.512 0.106
vn 0.809 0.57 0.147
vn 0.94 0.292 -0.175
vn 0.666 0.69 0.284
vn 0.641 0.598 0.481
vn 0.767 0.491 0.414
vn 0.72 0.509 0.471
vn 0.586 0.688 0.427
vn 0.461 0.838 0.292
vn 0.7 0.568 0.432
vn 0.841 0.372 0.393
vn 0.926 0.36 -0.112
vn 0.788 0.071 -0.612
vn 0.835 -0.131 -0.534
vn 0.748 -0.22 -0.627
vn 0.808 0.436 0.397
vn 0.448 0.878 0.165
vn 0.896 0.176 0.408
vn 0.876 -0.354 -0.327
vn 0.832 -0.375 -0.409
vn 0.843 -0.196 -0.501
vn 1 0.013 0.023
vn 0.95 0.004 -0.312
vn 0.807 -0.298 0.51
vn 0.792 -0.603 -0.096
vn 0.884 0.015 0.468
vn 0.754 -0.333 -0.566
vn 0.908 0.291 0.303
vn 0.965 0.088 0.248
vn 0.922 0.298 -0.247
vn 0.987 0.065 0.148
vn 0.979 0.188 -0.079
vn 0.646 0.763 0.013
vn 0.831 0.265 -0.49
vn 0.723 -0.031 -0.69
vn 0.759 -0.049 -0.649
vn -0.732 -0.67 0.118
vn 0.834 0.543 -0.097
vn 0.511 0.648 -0.565
vn 0.344 0.86 -0.377
vn 0.702 0.363 -0.613
vn 0.501 0.258 -0.826
vn 0.271 0.365 -0.891
vn 0.117 0.508 -0.854
vn 0.585 -0.266 -0.766
vn 0.623 -0.26 -0.738
vn 0.833 -0.044 -0.552
vn 0.93 0.168 -0.328
vn 0.979 0.155 -0.131
vn 0.824 0.195 -0.533
vn 0.631 -0.032 -0.775
vn 0.607 0.198 -0.77
vn 0.286 0.367 -0.885
vn 0.16 0.656 -0.737
vn 0.298 0.1 -0.949
vn 0.314 -0.198 -0.929
vn 0.302 -0.389 -0.871
vn 0.268 -0.363 -0.893
vn 0.134 -0.397 -0.908
vn -0.31 -0.654 -0.69
vn -0.855 0.165 -0.491
vn -0.602 0.143 -0.786
vn -0.847 0.099 -0.522
vn -0.351 0.205 -0.914
vn -0.892 0.186 -0.413
vn -0.354 0.226 -0.907
vn -0.614 0.274 -0.74
vn -0.788 0.263 -0.557
vn -0.721 0.339 -0.604
vn -0.873 0.365 -0.324
vn -0.615 0.361 -0.701
vn -0.075 0.259 -0.963
vn -0.524 0.384 -0.76
vn -0.316 0.247 -0.916
vn 0.08 0.243 -0.967
vn -0.29 0.441 -0.85
vn -0.305 0.292 -0.906
vn 0.024 0.434 -0.901
vn -0.804 0.255 -0.537
vn -0.974 0.172 -0.15
vn -0.793 0.301 -0.53
vn -0.125 0.302 -0.945
vn -0.739 0.369 -0.563
vn -0.958 0.246 -0.147
vn -0.117 0.382 -0.917
vn 0.115 0.424 -0.898
vn 0.232 0.458 -0.858
vn -0.727 0.429 -0.536
vn -0.943 0.327 -0.067
vn -0.631 0.52 -0.576
vn 0.314 0.379 -0.871
vn -0.024 0.519 -0.854
vn -0.024 0.581 -0.813
vn 0.013 0.654 -0.756
vn 0.095 0.584 -0.806
vn 0.336 0.542 -0.771
vn 0.056 0.726 -0.686
vn -0.752 0.085 -0.653
vn -0.693 0.1 -0.713
vn -0.736 0.082 -0.671
vn -0.836 0.115 -0.537
vn -0.833 0.197 -0.518
vn -0.622 0.119 -0.774
vn -0.75 0.236 -0.618
vn -0.856 0.204 -0.474
vn -0.72 0.224 -0.656
vn -0.908 0.124 -0.4
vn -0.745 0.121 -0.657
vn -0.919 0.045 -0.391
vn -0.795 0.017 -0.606
vn -0.789 -0.1 -0.606
vn -0.809 0.287 -0.513
vn -0.683 0.29 -0.67
vn -0.665 0.186 -0.724
vn -0.878 0.249 -0.407
vn -0.91 0.214 -0.356
vn -0.96 0.171 -0.222
vn -0.988 0.066 -0.138
vn -0.919 -0.071 -0.387
vn -0.978 0.138 -0.157
vn -0.938 0.273 -0.215
vn -0.93 0.28 -0.239
vn -0.95 0.207 -0.233
vn -0.957 0.225 -0.186
vn -0.971 0.195 -0.138
vn -0.941 0.267 -0.207
vn -0.956 0.199 -0.216
vn -0.694 0.302 -0.654
vn -0.536 0.305 -0.787
vn -0.946 0.219 -0.238
vn -0.988 0.152 -0.038
vn -0.956 0.205 -0.211
vn -0.311 0.369 -0.876
vn -0.989 0.106 0.102
vn -0.97 0.074 0.23
vn -0.902 0.343 -0.263
vn -0.927 0.089 0.366
vn -0.771 0.579 -0.269
vn -0.99 0.049 0.13
vn -0.873 -0.043 0.486
vn -0.885 0.236 0.402
vn -0.915 0.059 0.399
vn -0.653 0.684 -0.325
vn -0.881 0.119 0.458
vn -0.874 -0.131 0.469
vn -0.877 0.438 -0.194
vn -0.885 -0.37 0.282
vn -0.935 0.18 -0.306
vn -0.761 -0.624 0.175
vn -0.881 -0.166 -0.443
vn -0.594 -0.552 0.585
vn -0.667 -0.746 0.001
vn -0.71 -0.416 -0.567
vn -0.812 -0.515 0.276
vn -0.735 -0.671 0.101
vn -0.823 -0.11 0.558
vn -0.918 -0.153 0.365
vn -0.937 -0.245 0.251
vn -0.943 0.327 -0.067
vn -0.924 0.38 -0.037
vn -0.958 0.246 -0.147
vn -0.859 0.504 -0.088
vn -0.499 0.687 -0.529
vn -0.353 0.836 -0.419
vn -0.931 0.031 0.365
vn -0.974 0.172 -0.15
vn -0.969 0.246 -0.026
vn -0.673 0.697 -0.247
vn -0.969 0.047 0.241
vn -0.938 0.196 -0.284
vn -0.435 -0.89 -0.14
vn -0.296 -0.954 -0.042
vn -0.403 -0.896 -0.189
vn -0.99 0.043 0.133
vn -0.989 0.084 -0.119
vn -0.892 0.186 -0.413
vn -0.847 0.099 -0.522
vn -0.855 0.165 -0.491
vn -0.999 0.033 0.047
vn -0.971 0.097 -0.219
vn -0.983 0.172 -0.059
vn -0.922 0.244 -0.302
vn -0.851 0.302 -0.429
vn -0.901 0.266 -0.342
vn -0.602 0.143 -0.786
vn -0.915 0.287 -0.284
vn -0.938 0.245 -0.245
vn -0.97 0.186 -0.158
vn -0.985 0.107 -0.137
vn -0.981 -0.081 -0.173
vn -0.991 0.095 -0.099
vn -0.993 -0.05 -0.112
vn -0.959 -0.145 -0.243
vn -0.886 -0.337 -0.319
vn -0.846 -0.363 -0.39
vn -0.893 -0.302 -0.335
vn -0.955 -0.204 -0.217
vn -0.988 -0.044 -0.146
vn -0.819 -0.142 -0.556
vn -0.936 -0.149 -0.318
vn -0.69 -0.152 -0.708
vn -0.685 -0.115 -0.72
vn -0.678 -0.208 -0.705
vn -0.856 -0.351 -0.381
vn -0.956 -0.187 -0.225
vn -0.893 -0.285 -0.349
vn -0.818 -0.389 -0.424
vn -0.916 -0.219 -0.338
vn -0.804 -0.204 -0.559
vn -0.674 -0.2 -0.711
vn -0.829 -0.239 -0.506
vn -0.737 -0.222 -0.638
vn -0.706 -0.155 -0.691
vn -0.703 -0.233 -0.672
vn -0.736 -0.329 -0.591
vn -0.757 -0.301 -0.58
vn -0.846 -0.305 -0.438
vn -0.759 -0.378 -0.53
vn -0.77 -0.399 -0.499
vn -0.72 -0.322 -0.614
vn -0.679 -0.204 -0.705
vn -0.839 -0.409 -0.359
vn -0.84 -0.386 -0.381
vn -0.922 -0.355 -0.155
vn -0.949 -0.292 -0.118
vn -0.883 -0.283 -0.374
vn -0.743 -0.294 -0.602
vn -0.927 -0.126 -0.353
vn -0.768 -0.133 -0.627
vn -0.934 0.025 -0.357
vn -0.781 0.043 -0.623
vn -0.759 0.238 -0.606
vn -0.995 0.039 -0.088
vn -0.992 -0.084 -0.091
vn -0.91 0.187 -0.37
vn -0.979 0.192 -0.058
vn -0.852 0.341 -0.397
vn -0.673 0.438 -0.597
vn -0.764 0.488 -0.422
vn -0.676 0.454 -0.58
vn -0.473 0.87 -0.136
vn -0.607 0.703 -0.371
vn -0.594 0.802 -0.063
vn -0.459 0.881 -0.118
vn -0.162 0.936 -0.314
vn -0.687 0.722 -0.079
vn -0.639 0.738 -0.217
vn -0.133 0.956 -0.264
vn -0.324 0.824 -0.465
vn -0.753 0.573 -0.323
vn -0.428 0.677 -0.599
vn -0.001 0.794 -0.608
vn 0.204 0.894 -0.4
vn 0.118 0.868 -0.483
vn -0.083 0.871 -0.485
vn -0.074 0.699 -0.711
vn -0.279 0.793 -0.541
vn -0.437 0.533 -0.724
vn -0.812 0.435 -0.391
vn -0.392 0.68 -0.62
vn -0.855 0.483 -0.186
vn -0.594 0.522 -0.611
vn -0.632 0.729 -0.261
vn -0.195 0.449 -0.872
vn -0.48 0.391 -0.785
vn -0.814 0.329 -0.478
vn 0.105 0.889 -0.446
vn -0.404 0.87 -0.283
vn 0.281 0.862 -0.422
vn -0.279 0.931 -0.235
vn 0.208 0.903 -0.377
vn -0.398 0.875 -0.275
vn -0.799 0.592 -0.103
vn -0.047 0.907 -0.418
vn -0.783 0.612 -0.109
vn -0.317 0.852 -0.417
vn 0.234 0.892 -0.387
vn -0.04 0.99 -0.136
vn -0.521 0.812 0.263
vn -0.692 0.717 0.089
vn -0.037 0.998 0.054
vn 0.096 0.963 -0.252
vn -0.376 0.918 0.121
vn -0.357 0.9 -0.249
vn -0.431 0.835 -0.342
vn -0.971 0.231 -0.059
vn -0.585 0.745 -0.321
vn -0.439 0.851 -0.287
vn -0.95 0.167 -0.263
vn -0.316 0.927 0.201
vn -0.262 0.746 -0.613
vn -0.633 0.454 -0.627
vn -0.272 0.175 -0.946
vn 0.105 0.273 -0.956
vn -0.047 0.769 -0.638
vn 0.295 0.281 -0.913
vn 0.072 0.77 -0.635
vn -0.061 0.864 -0.499
vn -0.496 0.836 -0.234
vn 0.108 0.833 -0.542
vn -0.48 0.809 -0.338
vn -0.386 0.836 -0.389
vn 0.233 0.839 -0.492
vn -0.37 0.809 -0.457
vn 0.595 0.695 -0.404
vn 0.594 0.643 -0.484
vn -0.298 0.782 -0.547
vn 0.287 0.757 -0.587
vn -0.177 0.671 -0.72
vn 0.355 0.624 -0.696
vn -0.832 0.478 -0.281
vn -0.879 0.442 -0.178
vn -0.807 0.408 -0.428
vn -0.607 0.452 -0.653
vn -0.086 0.501 -0.861
vn 0.392 0.505 -0.769
vn 0.429 0.398 -0.811
vn -0.131 0.441 0.888
vn 0 0.671 0.742
vn -0.319 0.415 0.852
vn -0.155 0.538 0.829
vn -0.346 0.216 0.913
vn -0.075 0.252 0.965
vn -0.271 0.285 0.919
vn -0.345 0.256 0.903
vn 0.111 0.302 0.947
vn -0.348 0.165 0.923
vn -0.382 0.083 0.92
vn -0.011 0.183 0.983
vn -0.405 0.002 0.915
vn -0.018 0.095 0.995
vn -0.4 -0.017 0.917
vn -0.032 0.084 0.996
vn -0.392 0.018 0.919
vn 0.018 0.065 0.998
vn -0.384 0.005 0.923
vn 0.029 -0.089 0.996
vn -0.361 -0.087 0.928
vn 0.38 0.102 0.919
vn 0.44 0.183 0.879
vn 0.413 0.162 0.896
vn 0.447 0.271 0.853
vn -0.001 -0.152 0.988
vn -0.375 -0.132 0.917
vn -0.031 -0.098 0.995
vn -0.399 -0.067 0.915
vn 0.499 -0.175 0.849
vn 0.425 -0.092 0.9
vn 0.741 0.116 0.662
vn 0.741 0.19 0.645
vn 0.785 -0.056 0.617
vn 0.744 0.187 0.641
vn 0.747 -0.153 0.647
vn 0.741 0.24 0.628
vn 0.673 0.266 0.689
vn 0.383 0.284 0.879
vn 0.562 0.146 0.814
vn 0.684 0.143 0.716
vn 0.232 0.107 0.967
vn 0.145 0.024 0.989
vn -0.146 0.148 0.978
vn 0.366 -0.058 0.929
vn 0.534 -0.064 0.843
vn 0.021 0.113 0.993
vn -0.221 0.269 0.938
vn -0.311 0.101 0.945
vn 0.668 -0.009 0.744
vn 0.743 0.089 0.663
vn 0.745 -0.072 0.663
vn 0.582 -0.152 0.799
vn 0.704 -0.17 0.689
vn 0.687 -0.135 0.714
vn 0.435 -0.135 0.891
vn 0.534 -0.121 0.837
vn 0.671 0.066 0.738
vn 0.362 0.007 0.932
vn 0.529 0.043 0.848
vn 0.196 0.058 0.979
vn 0.092 0.021 0.996
vn 0.65 0.066 0.757
vn 0.784 0.065 0.618
vn 0.765 0.075 0.64
vn 0.743 0.065 0.666
vn 0.292 0.014 0.957
vn 0.526 0.04 0.85
vn 0.604 0.039 0.796
vn -0.106 0.132 0.985
vn -0.122 -0.102 0.987
vn -0.328 -0.135 0.935
vn 0.028 -0.048 0.999
vn -0.201 -0.072 0.977
vn 0.443 0.029 0.896
vn 0.584 -0.102 0.805
vn 0.686 -0.076 0.724
vn 0.229 0.001 0.974
vn -0.032 -0.045 0.999
vn 0.455 -0.073 0.887
vn 0.239 0.024 0.971
vn 0.637 -0.137 0.759
vn 0.71 -0.358 0.606
vn 0.81 -0.212 0.547
vn -0.188 -0.123 0.975
vn -0.302 -0.086 0.95
vn -0.431 -0.231 0.872
vn 0.008 -0.391 0.92
vn -0.22 -0.463 0.859
vn -0.158 -0.387 0.908
vn 0.547 -0.154 0.823
vn 0.512 0.116 0.852
vn 0.636 0.13 0.76
vn 0.308 -0.249 0.918
vn 0.15 -0.377 0.914
vn 0.404 -0.201 0.893
vn 0.261 -0.085 0.961
vn 0.54 0.379 0.752
vn 0.619 0.421 0.663
vn 0.518 0.539 0.665
vn 0.426 0.328 0.843
vn 0.412 0.516 0.751
vn 0.209 0.406 0.89
vn 0.262 0.175 0.949
vn -0.033 -0.132 0.991
vn -0.3 0.077 0.951
vn -0.405 -0.328 0.854
vn 0.052 0.158 0.986
vn -0.018 0.336 0.942
vn -0.391 0.308 0.868
vn -0.069 0.474 0.878
vn 0.211 0.56 0.801
vn -0.319 0.415 0.852
vn -0.067 0.582 0.811
vn 0.075 0.153 0.985
vn -0.525 0.236 0.817
vn -0.615 0.21 0.76
vn -0.384 0.139 0.913
vn 0.25 0.127 0.96
vn 0.529 0.041 0.848
vn -0.494 0.145 0.857
vn 0.623 0.099 0.776
vn 0.682 0.226 0.696
vn 0.34 0.268 0.901
vn -0.356 0.268 0.895
vn 0.376 0.378 0.846
vn -0.221 0.353 0.909
vn 0.775 0.334 0.536
vn 0.415 0.46 0.785
vn 0.818 0.393 0.42
vn 0.205 0.061 0.977
vn -0.265 0.086 0.96
vn 0.347 -0.033 0.937
vn -0.302 0.003 0.953
vn 0.149 -0.124 0.981
vn -0.425 -0.045 0.904
vn -0.333 -0.022 0.943
vn -0.021 -0.263 0.965
vn 0.75 -0.112 0.651
vn 0.793 -0.098 0.601
vn 0.808 -0.026 0.589
vn 0.876 0.046 0.479
vn 0.213 -0.119 0.97
vn -0.49 -0.144 0.859
vn -0.51 -0.48 0.714
vn -0.37 -0.054 0.927
vn 0.256 -0.949 -0.186
vn 0.527 -0.85 0.013
vn 0.833 -0.553 -0.009
vn -0.058 -0.984 -0.166
vn 0.06 -0.903 0.425
vn 0.746 -0.505 0.434
vn 0.15 -0.32 0.936
vn -0.579 -0.445 0.683
vn -0.521 -0.841 0.14
vn -0.346 -0.938 -0.02
vn -0.677 -0.705 0.213
vn 0.268 -0.931 0.249
vn 0.904 -0.154 0.4
vn -0.217 -0.236 0.947
vn -0.405 -0.117 0.907
vn 0.01 0.136 0.991
vn 0.304 -0.098 0.948
vn 0.61 -0.351 0.71
vn -0.033 -0.366 0.93
vn 0.479 -0.791 0.38
vn 0.704 -0.026 0.71
vn 0.816 -0.356 0.455
vn 0.578 0.263 0.772
vn 0.779 0.163 0.605
vn 0.585 0.639 0.499
vn 0.215 0.613 0.76
vn 0.439 0.187 0.879
vn -0.206 0.281 0.938
vn -0.282 0.503 0.816
vn 0.025 -0.069 -0.997
vn 0.614 -0.111 -0.781
vn 0.033 -0.061 -0.998
vn 0.17 -0.113 -0.979
vn 0.612 -0.189 -0.768
vn 0.903 -0.147 -0.405
vn 0.122 -0.058 -0.991
vn 0.382 -0.113 -0.917
vn 0.164 -0.123 -0.979
vn 0.102 -0.182 -0.978
vn -0.255 -0.048 -0.966
vn -0.566 -0.281 -0.775
vn 0.776 -0.338 -0.532
vn 0.858 -0.513 0.038
vn 0.858 -0.065 -0.509
vn 0.872 -0.07 -0.484
vn 0.993 -0.025 0.116
vn 0.993 -0.083 0.088
vn 0.346 -0.149 -0.926
vn 0.986 -0.134 0.097
vn 0.75 -0.112 0.651
vn -0.076 -0.467 0.881
vn 0.213 -0.119 0.97
vn 0.793 -0.098 0.601
vn 0.808 -0.026 0.589
vn 0.876 0.046 0.479
vn 0.9 -0.062 -0.431
vn 0.754 -0.094 -0.65
vn 0.592 -0.262 -0.762
vn -0.269 -0.166 -0.949
vn 0.314 -0.335 -0.888
vn 0.671 -0.325 -0.667
vn 0.895 -0.121 -0.431
vn 0.954 -0.112 -0.278
vn 0.999 0.024 -0.05
vn 1 0.013 -0.02
vn 0.975 0.065 0.215
vn 0.998 0.047 -0.036
vn 0.911 0.108 0.399
vn 0.945 0.192 0.266
vn 0.963 0.204 0.174
vn 0.775 0.334 0.536
vn 0.818 0.393 0.42
vn 0.682 0.226 0.696
vn 0.623 0.099 0.776
vn 0.529 0.041 0.848
vn -0.235 0.333 0.913
vn -0.618 -0.083 0.782
vn -0.257 -0.476 0.841
vn -0.581 0.212 0.786
vn -0.18 0.118 0.977
vn -0.315 -0.441 0.84
vn -0.778 0.017 0.628
vn -0.866 0.063 0.496
vn -0.718 0.301 0.627
vn -0.705 -0.012 0.709
vn -0.92 -0.334 0.202
vn -0.796 0.074 0.601
vn -0.708 -0.631 0.317
vn -0.378 -0.902 0.208
vn -0.619 -0.526 0.583
vn -0.549 -0.832 0.079
vn -0.405 -0.117 0.907
vn -0.629 -0.428 0.649
vn -0.217 -0.236 0.947
vn -0.033 -0.366 0.93
vn -0.822 -0.568 0.044
vn -0.43 -0.659 -0.617
vn -0.975 0.063 0.215
vn -0.854 -0.101 0.51
vn -0.791 0.527 0.311
vn -0.954 0.149 0.261
vn -0.641 0.221 0.735
vn -0.206 0.281 0.938
vn 0.01 0.136 0.991
vn -0.282 0.503 0.816
vn -0.556 0.667 0.495
vn -0.438 0.889 0.131
vn -0.48 0.861 0.168
vn -0.734 0.629 0.256
vn -0.588 0.794 0.153
vn -0.843 0.218 0.491
vn -0.818 0.523 0.238
vn -0.58 0.813 -0.039
vn -0.838 0.467 0.281
vn -0.774 0.633 0.027
vn -0.543 0.817 -0.193
vn -0.673 0.683 -0.284
vn -0.846 0.534 0.013
vn -0.844 0.44 0.306
vn -0.816 0.122 0.565
vn -0.887 0.409 -0.214
vn -0.735 0.323 -0.596
vn -0.822 -0.056 0.567
vn -0.987 0.161 0.017
vn -0.94 0.043 0.337
vn -0.916 0.144 -0.375
vn -0.924 -0.125 0.362
vn -0.942 -0.064 0.33
vn -0.993 -0.106 0.055
vn -0.961 -0.049 -0.273
vn -0.802 -0.047 -0.596
vn -0.659 0.078 -0.748
vn -0.846 -0.182 -0.501
vn -0.656 -0.204 -0.727
vn -0.765 -0.347 -0.542
vn -0.979 -0.201 -0.042
vn -0.935 -0.214 -0.283
vn -0.939 0.045 0.342
vn -0.971 -0.129 0.2
vn -0.933 -0.194 -0.304
vn -0.976 -0.042 0.214
vn -0.874 -0.421 -0.244
vn -0.875 -0.449 -0.178
vn -0.837 -0.25 -0.487
vn -0.625 -0.256 -0.738
vn -0.624 -0.397 -0.673
vn -0.936 -0.168 -0.309
vn -0.839 -0.036 -0.543
vn -0.914 -0.356 -0.194
vn -0.989 -0.119 -0.083
vn -0.979 0.138 -0.154
vn -0.805 0.196 -0.56
vn -0.785 0.533 -0.317
vn -0.545 0.33 -0.771
vn -0.982 0.048 0.181
vn -0.942 -0.083 0.323
vn -0.905 0.418 0.078
vn -0.423 0.9 0.103
vn -0.581 0.789 -0.203
vn -0.578 0.54 -0.612
vn -0.734 0.538 0.415
vn -0.141 0.934 0.328
vn -0.767 0.228 0.6
vn -0.445 0.51 0.736
vn -0.493 0.164 0.854
vn -0.218 0.337 0.916
vn -0.133 0.075 0.988
vn -0.352 -0.051 0.935
vn -0.711 -0.125 0.692
vn -0.346 -0.938 -0.02
vn -0.677 -0.705 0.213
vn -0.931 -0.323 0.169
vn -0.958 -0.234 0.167
vn -0.965 -0.15 0.216
vn -0.863 -0.393 0.318
vn -0.945 -0.131 0.3
vn -0.849 -0.164 0.502
vn -0.769 -0.514 0.381
vn -0.521 -0.841 0.14
vn -0.579 -0.445 0.683
vn -0.907 -0.076 0.414
vn -0.707 -0.311 0.635
vn -0.906 0.066 0.419
vn -0.854 -0.306 0.421
vn -0.758 0.033 0.651
vn -0.578 -0.515 -0.633
vn -0.285 -0.341 0.896
vn 0.15 -0.32 0.936
vn -0.328 -0.341 0.881
vn -0.55 -0.275 0.789
vn -0.264 -0.299 0.917
vn -0.218 0.075 0.973
vn -0.635 -0.225 0.739
vn -0.414 -0.007 0.91
vn -0.356 0.119 0.927
vn -0.417 0.212 0.884
vn -0.757 0.063 0.65
vn -0.213 0.19 0.958
vn -0.535 -0.091 0.84
vn -0.372 -0.266 0.889
vn 0.868 -0.216 0.448
vn 0.738 -0.488 0.466
vn 0.41 -0.877 -0.247
vn 0.238 -0.706 -0.667
vn 0.115 0.688 -0.717
vn -0.032 0.487 -0.873
vn -0.103 0.129 -0.986
vn 0.101 0.769 -0.631
vn -0.333 0.517 -0.789
vn -0.881 -0.166 -0.443
vn -0.935 0.18 -0.306
vn -0.877 0.438 -0.194
vn 0.11 0.714 -0.691
vn -0.653 0.684 -0.325
vn 0.177 0.662 -0.729
vn -0.771 0.579 -0.269
vn 0.355 0.47 -0.808
vn 0.263 0.825 -0.499
vn -0.784 0.236 -0.574
vn -0.609 -0.391 -0.69
vn -0.812 0.469 -0.348
vn -0.63 0.757 -0.172
vn 0.209 0.825 -0.526
vn -0.607 0.703 -0.371
vn -0.134 0.585 -0.8
vn -0.648 0.469 -0.6
vn 0.319 0.198 -0.927
vn -0.802 -0.014 -0.598
vn -0.551 -0.11 -0.828
vn -0.556 -0.119 -0.823
vn -0.285 -0.212 -0.935
vn -0.269 -0.166 -0.949
vn 0.314 -0.335 -0.888
vn -0.431 -0.152 -0.889
vn 0.346 -0.149 -0.926
vn -0.764 -0.154 -0.627
vn -0.368 -0.181 -0.912
vn 0.382 -0.113 -0.917
vn -0.731 -0.134 -0.669
vn -0.301 -0.155 -0.941
vn 0.025 -0.069 -0.997
vn 0.614 -0.111 -0.781
vn -0.382 -0.111 -0.917
vn -0.446 -0.04 -0.894
vn 0.033 -0.061 -0.998
vn -0.419 -0.028 -0.908
vn 0.17 -0.113 -0.979
vn 0.122 -0.058 -0.991
vn -0.814 0.095 -0.573
vn -0.865 0.083 -0.495
vn -0.746 0.045 -0.665
vn -0.411 -0.007 -0.912
vn -0.634 0.022 -0.773
vn -0.255 0.005 -0.967
vn 0.102 -0.182 -0.978
vn -0.477 -0.138 -0.868
vn -0.508 -0.39 -0.769
vn -0.255 -0.048 -0.966
vn -0.473 -0.035 -0.881
vn -0.625 -0.183 -0.759
vn -0.64 0.214 -0.738
vn -0.743 -0.01 -0.67
vn -0.906 0.033 -0.422
vn -0.467 0.371 -0.803
vn -0.489 0.696 -0.526
vn -0.723 0.506 -0.471
vn -0.52 0.104 -0.848
vn -0.511 0.449 -0.733
vn -0.477 0.218 -0.852
vn -0.578 0.54 -0.612
vn -0.453 0.059 -0.89
vn -0.545 0.33 -0.771
vn -0.785 0.533 -0.317
vn -0.64 -0.097 -0.762
vn -0.751 -0.159 -0.64
vn -0.568 -0.128 -0.813
vn -0.69 -0.151 -0.708
vn -0.5 -0.262 -0.825
vn -0.602 -0.307 -0.737
vn -0.485 -0.317 -0.815
vn -0.63 -0.359 -0.688
vn -0.67 -0.351 -0.654
vn -0.602 -0.293 -0.743
vn -0.579 -0.134 -0.804
vn -0.748 -0.148 -0.647
vn -0.553 -0.31 -0.774
vn -0.661 0.026 -0.75
vn -0.793 -0.035 -0.608
vn -0.837 0.262 -0.48
vn -0.597 -0.119 -0.793
vn -0.622 0.061 -0.781
vn -0.7 0.233 -0.675
vn -0.677 -0.111 -0.728
vn -0.681 -0.296 -0.67
vn -0.608 -0.329 -0.723
vn -0.604 -0.109 -0.79
vn -0.647 0.008 -0.763
vn -0.612 0.095 -0.785
vn -0.729 -0.14 -0.67
vn -0.57 0.151 -0.807
vn -0.44 -0.08 -0.895
vn -0.795 0.072 -0.602
vn -0.559 0.317 -0.767
vn -0.468 0.105 -0.877
vn -0.232 -0.025 -0.973
vn -0.42 -0.352 -0.836
vn -0.5 -0.387 -0.775
vn -0.516 -0.334 -0.789
vn -0.178 -0.362 -0.915
vn -0.291 -0.424 -0.858
vn -0.606 0.486 -0.63
vn -0.676 0.454 -0.58
vn 0.017 -0.343 -0.939
vn -0.64 0.469 -0.609
vn -0.673 0.438 -0.597
vn -0.589 -0.181 -0.788
vn -0.433 -0.286 -0.855
vn -0.649 0.089 -0.756
vn -0.087 -0.452 -0.888
vn -0.507 -0.12 -0.854
vn -0.702 0.253 -0.666
vn -0.538 0.152 -0.83
vn -0.552 0.228 -0.802
vn -0.449 0.355 -0.82
vn -0.213 -0.338 -0.917
vn 0.302 -0.389 -0.871
vn 0.314 -0.198 -0.929
vn -0.006 0.021 -1
vn 0.298 0.1 -0.949
vn -0.03 0.243 -0.97
vn 0.286 0.367 -0.885
vn 0.16 0.656 -0.737
vn -0.281 0.169 -0.944
vn -0.078 0.592 -0.802
vn -0.347 0.394 -0.852
vn -0.474 0.565 -0.675
vn -0.319 0.623 -0.714
vn -0.303 0.584 -0.753
vn -0.552 0.534 -0.64
vn -0.075 0.622 -0.779
vn -0.723 0.363 -0.588
vn -0.579 0.413 -0.703
vn -0.674 0.362 -0.644
vn -0.642 0.305 -0.703
vn -0.759 0.238 -0.606
vn -0.781 0.043 -0.623
vn -0.714 0.173 -0.679
vn -0.684 0.108 -0.721
vn -0.768 -0.133 -0.627
vn -0.691 -0.064 -0.72
vn -0.743 -0.294 -0.602
vn -0.667 0.213 -0.714
vn -0.709 -0.019 -0.705
vn -0.679 0.031 -0.733
vn -0.331 0.27 -0.904
vn -0.706 -0.155 -0.691
vn -0.679 -0.204 -0.705
vn -0.72 -0.322 -0.614
vn -0.77 -0.399 -0.499
vn -0.703 -0.233 -0.672
vn -0.736 -0.329 -0.591
vn -0.685 -0.129 -0.717
vn -0.674 -0.2 -0.711
vn -0.29 0.434 -0.853
vn 0.027 0.387 -0.922
vn -0.366 0.099 -0.925
vn 0.018 0.472 -0.881
vn 0.017 0.258 -0.966
vn 0.257 0.476 -0.841
vn 0.292 0.352 -0.889
vn 0.154 0.652 -0.742
vn 0.327 0.224 -0.918
vn 0.463 0.642 -0.611
vn 0.48 0.603 -0.637
vn 0.291 0.109 -0.95
vn -0.024 0.118 -0.993
vn -0.415 -0.064 -0.908
vn -0.074 -0.018 -0.997
vn 0.254 -0.014 -0.967
vn 0.176 -0.12 -0.977
vn -0.493 -0.182 -0.851
vn -0.189 -0.156 -0.97
vn -0.523 -0.215 -0.824
vn -0.321 -0.208 -0.924
vn -0.054 -0.179 -0.982
vn -0.678 -0.208 -0.705
vn -0.819 -0.142 -0.556
vn -0.69 -0.152 -0.708
vn 0.012 -0.124 -0.992
vn 0.43 -0.131 -0.894
vn 0.349 -0.143 -0.926
vn 0.335 -0.208 -0.919
vn -0.533 -0.163 -0.831
vn -0.495 -0.134 -0.859
vn -0.685 -0.115 -0.72
vn -0.222 -0.134 -0.966
vn -0.198 -0.157 -0.967
vn -0.567 -0.134 -0.812
vn -0.789 -0.1 -0.606
vn -0.175 -0.199 -0.964
vn 0.208 -0.266 -0.941
vn -0.209 -0.18 -0.961
vn 0.211 -0.219 -0.953
vn 0.255 -0.085 -0.963
vn -0.557 -0.036 -0.83
vn -0.795 0.017 -0.606
vn -0.169 -0.057 -0.984
vn -0.134 0.095 -0.986
vn 0.355 0.049 -0.934
vn 0.439 0.145 -0.887
vn -0.489 0.115 -0.865
vn -0.745 0.121 -0.657
vn -0.108 0.269 -0.957
vn -0.482 0.287 -0.828
vn -0.72 0.224 -0.656
vn -0.626 0.267 -0.733
vn -0.75 0.236 -0.618
vn -0.622 0.119 -0.774
vn -0.314 0.304 -0.899
vn 0.201 0.323 -0.925
vn 0.507 0.258 -0.822
vn -0.014 0.256 -0.966
vn 0.362 0.259 -0.896
vn -0.463 0.083 -0.883
vn -0.267 0.268 -0.926
vn 0.114 0.315 -0.942
vn -0.574 0.309 -0.758
vn -0.02 0.383 -0.924
vn 0.003 0.378 -0.926
vn -0.086 0.501 -0.861
vn -0.607 0.452 -0.653
vn 0.429 0.398 -0.811
vn 0.477 0.376 -0.795
vn -0.657 0.071 -0.751
vn -0.792 0.183 -0.582
vn -0.603 0.074 -0.794
vn -0.623 0.017 -0.782
vn -0.736 0.082 -0.671
vn -0.693 0.1 -0.713
vn -0.569 0.081 -0.818
vn -0.563 0.191 -0.804
vn -0.558 0.249 -0.792
vn -0.734 0.174 -0.656
vn -0.74 0.229 -0.632
vn -0.684 0.2 -0.702
vn -0.559 0.303 -0.772
vn -0.761 0.245 -0.6
vn -0.678 0.15 -0.719
vn -0.48 0.391 -0.785
vn -0.81 0.336 -0.481
vn -0.812 0.435 -0.391
vn -0.437 0.533 -0.724
vn -0.376 0.317 -0.871
vn -0.195 0.449 -0.872
vn -0.814 0.329 -0.478
vn -0.665 0.186 -0.724
vn -0.752 0.085 -0.653
vn -0.486 0.159 -0.86
vn -0.356 0.276 -0.893
vn -0.683 0.29 -0.67
vn -0.694 0.302 -0.654
vn -0.809 0.287 -0.513
vn -0.536 0.305 -0.787
vn 0.432 0.177 -0.884
vn -0.311 0.369 -0.876
vn 0.726 0.135 -0.674
vn 0.281 0.17 -0.944
vn 0.782 -0.026 -0.623
vn -0.616 0.151 -0.773
vn -0.728 0.148 -0.67
vn -0.821 0.178 -0.542
vn -0.064 0.136 -0.989
vn -0.652 0.225 -0.724
vn -0.648 0.469 -0.6
vn 0.319 0.198 -0.927
vn -0.257 -0.476 0.841
vn -0.618 -0.083 0.782
vn -0.378 -0.902 0.208
vn -0.549 -0.832 0.079
vn -0.031 -0.474 0.88
vn -0.43 -0.659 -0.617
vn -0.629 -0.428 0.649
vn -0.439 -0.569 -0.695
vn 0.738 -0.488 0.466
vn 0.11 -0.445 -0.889
vn 0.196 -0.277 -0.94
vn 0.415 -0.425 -0.805
vn 0.629 -0.505 -0.59
vn 0.539 -0.288 -0.792
vn 0.195 -0.031 -0.98
vn 0.481 -0.007 -0.877
vn 0.172 0.293 -0.94
vn 0.52 0.366 -0.771
vn -0.097 0.521 -0.848
vn 0.773 -0.076 -0.629
vn 0.726 -0.328 -0.605
vn 0.831 0.118 -0.543
vn 0.83 -0.288 -0.479
vn 0.932 -0.078 -0.355
vn 0.552 -0.522 -0.65
vn 0.847 -0.345 -0.405
vn 0.302 0.322 -0.897
vn 0.976 -0.199 -0.088
vn 0.627 -0.335 -0.703
vn 0.415 -0.235 -0.879
vn 0.188 -0.27 -0.944
vn 0.243 -0.088 -0.966
vn 0.337 0.101 -0.936
vn 0.665 -0.202 -0.719
vn 0.508 -0.058 -0.859
vn 0.817 -0.177 -0.549
vn 0.928 -0.182 -0.324
vn 0.971 -0.207 -0.123
vn 0.993 -0.12 0.003
vn 0.981 0.194 0.01
vn 0.984 -0.132 0.116
vn 0.987 -0.1 -0.126
vn 0.991 -0.093 0.099
vn 0.497 0.282 -0.821
vn 0.24 0.399 -0.885
vn 0.74 -0.12 -0.662
vn 0.833 -0.078 -0.548
vn 0.742 0.134 -0.657
vn 0.663 0.529 -0.529
vn 0.966 -0.124 -0.228
vn 0.906 0.3 -0.297
vn 0.404 0.726 -0.557
vn 0.553 0.782 -0.287
vn 0.192 0.818 -0.542
vn 0.304 0.831 -0.467
vn 0.241 0.934 -0.263
vn 0.294 0.952 -0.086
vn 0.799 0.548 -0.245
vn 0.528 0.842 -0.108
vn 0.836 0.538 -0.105
vn 0.629 0.777 0.012
vn 0.337 0.94 0.042
vn 0.62 0.783 0.047
vn 0.923 0.384 0.021
vn 0.884 0.461 0.073
vn 0.899 0.435 -0.038
vn 0.853 0.511 0.105
vn 0.527 0.831 0.177
vn 0.585 0.639 0.499
vn 0.779 0.163 0.605
vn 0.992 0.122 0.032
vn 0.977 0.214 0.006
vn 0.896 0.095 0.435
vn 0.816 -0.356 0.455
vn 0.952 0.065 0.301
vn 0.968 -0.227 -0.108
vn 0.853 -0.505 0.131
vn 0.479 -0.791 0.38
vn 0.61 -0.351 0.71
vn 0.967 0.101 0.236
vn 0.957 -0.096 0.275
vn 0.958 0.074 0.276
vn 0.945 -0.136 0.296
vn 0.973 -0.031 0.231
vn 0.41 -0.877 -0.247
vn 0.238 -0.706 -0.667
vn -0.251 -0.631 -0.734
vn 0.868 -0.216 0.448
vn 0.915 0.218 0.341
vn 0.974 0.019 0.228
vn 0.798 0.078 0.598
vn 0.597 0.29 0.748
vn 0.99 0.002 0.14
vn 0.984 -0.168 0.048
vn 0.979 -0.189 -0.07
vn 0.986 -0.103 0.127
vn 0.46 -0.775 -0.434
vn 0.32 -0.55 -0.771
vn 0.978 0.083 0.193
vn 0.825 -0.552 -0.122
vn 0.896 0.032 0.442
vn 0.766 -0.136 0.628
vn 0.949 -0.312 -0.043
vn 0.923 -0.328 -0.198
vn 0.745 -0.667 -0.016
vn 0.893 -0.413 0.181
vn 0.833 -0.553 -0.009
vn 0.527 -0.85 0.013
vn 0.746 -0.505 0.434
vn 0.82 -0.312 0.479
vn 0.826 -0.392 0.406
vn 0.517 -0.346 0.783
vn 0.639 -0.244 0.729
vn 0.476 0.104 0.874
vn 0.715 -0.174 0.677
vn 0.577 0.145 0.804
vn 0.933 -0.31 0.181
vn 0.741 -0.192 0.644
vn 0.83 0.095 0.55
vn 0.778 0.106 0.62
vn 0.605 -0.261 0.752
vn 0.324 -0.069 0.943
vn -0.065 0.407 0.911
vn -0.145 0.619 0.771
vn 0.269 0.466 0.843
vn 0.124 0.749 0.651
vn -0.172 0.796 0.581
vn -0.444 0.552 0.707
vn -0.49 0.617 0.615
vn 0.539 0.609 0.583
vn 0.658 0.386 0.646
vn 0.085 0.76 0.645
vn 0.535 0.416 0.735
vn 0.07 0.316 0.946
vn -0.213 0.858 0.466
vn -0.381 0.822 0.424
vn -0.322 0.54 0.777
vn -0.335 0.752 0.568
vn -0.262 -0.005 0.965
vn 0.794 -0.402 -0.456
vn 0.552 -0.522 -0.65
vn 0.83 -0.288 -0.479
vn 0.932 -0.078 -0.355
vn 0.923 -0.328 -0.198
vn 0.979 -0.189 -0.07
vn -0.594 0.802 -0.063
vn -0.607 0.703 -0.371
vn -0.63 0.757 -0.172
vn -0.687 0.722 -0.079
vn -0.812 0.469 -0.348
vn -0.904 0.367 -0.22
vn -0.459 0.881 -0.118
vn -0.784 0.236 -0.574
vn -0.792 0.603 -0.098
vn -0.133 0.956 -0.264
vn -0.971 0.018 -0.238
vn -0.701 0.709 -0.068
vn -0.799 0.592 -0.103
vn -0.99 0.133 -0.048
vn -0.91 -0.326 -0.258
vn -0.609 -0.391 -0.69
vn -0.645 -0.726 -0.24
vn -0.929 -0.369 -0.006
vn -0.68 -0.72 0.138
vn -0.975 -0.16 0.154
vn -0.96 0.28 0.006
vn -0.398 0.875 -0.275
vn -0.783 0.612 -0.109
vn -0.843 -0.448 0.298
vn -0.975 0.215 0.052
vn -0.971 0.231 -0.059
vn -0.317 0.852 -0.417
vn -0.594 -0.729 0.34
vn -0.699 -0.689 0.191
vn -0.515 -0.786 0.342
vn -0.837 -0.5 0.22
vn -0.963 0.257 -0.083
vn -0.585 0.745 -0.321
vn -0.95 0.167 -0.263
vn -0.631 -0.774 0.045
vn -0.5 -0.756 -0.421
vn -0.633 0.454 -0.627
vn -0.439 0.851 -0.287
vn -0.076 -0.467 0.881
vn 0.213 -0.119 0.97
vn -0.865 -0.084 0.496
vn -0.72 -0.159 0.675
vn -0.76 -0.24 0.604
vn -0.907 -0.267 0.326
vn -0.938 -0.343 0.04
vn 0.858 -0.513 0.038
vn -0.934 -0.355 0.038
vn -0.88 -0.335 0.335
vn -0.868 -0.22 0.446
vn -0.97 -0.216 0.11
vn -0.893 -0.381 -0.239
vn -0.89 -0.385 -0.245
vn -0.912 -0.284 -0.297
vn 0.776 -0.338 -0.532
vn -0.566 -0.281 -0.775
vn -0.786 -0.391 -0.478
vn -0.801 -0.283 -0.528
vn -0.949 -0.211 -0.236
vn -0.983 -0.063 -0.173
vn -0.983 -0.067 0.172
vn -0.909 0.376 0.182
vn -0.881 -0.048 0.471
vn -0.811 0.365 0.457
vn -0.777 0.446 0.443
vn -0.805 -0.376 -0.459
vn -0.878 -0.166 -0.449
vn -0.864 0.489 0.12
vn -0.843 0.318 0.434
vn -0.63 -0.359 -0.688
vn -0.67 -0.351 -0.654
vn -0.602 -0.307 -0.737
vn -0.748 -0.148 -0.647
vn -0.793 -0.035 -0.608
vn -0.81 -0.145 -0.568
vn -0.69 -0.151 -0.708
vn -0.914 -0.031 -0.405
vn -0.837 0.262 -0.48
vn -0.751 -0.159 -0.64
vn -0.64 -0.097 -0.762
vn 0.164 -0.123 -0.979
vn -0.878 -0.186 -0.44
vn -0.255 -0.048 -0.966
vn -0.508 -0.39 -0.769
vn -0.625 -0.183 -0.759
vn -0.962 0.232 -0.143
vn -0.848 0.516 -0.125
vn -0.76 0.506 -0.408
vn -0.869 0.467 -0.164
vn -0.7 0.233 -0.675
vn -0.661 0.026 -0.75
vn -0.676 0.454 -0.58
vn -0.764 0.488 -0.422
vn -0.928 0.332 0.168
vn -0.944 0.312 -0.106
vn -0.852 0.341 -0.397
vn -0.91 0.187 -0.37
vn -0.979 0.192 -0.058
vn -0.948 0.241 0.208
vn -0.995 0.039 -0.088
vn -0.839 0.221 0.498
vn -0.656 0.281 0.701
vn -0.58 0.261 0.771
vn -0.975 0.123 0.184
vn -0.976 0.013 0.219
vn -0.992 -0.084 -0.091
vn -0.85 0.088 0.52
vn -0.639 0.174 0.749
vn -0.977 -0.194 -0.089
vn -0.927 -0.126 -0.353
vn -0.883 -0.283 -0.374
vn -0.949 -0.292 -0.118
vn -0.979 -0.109 0.173
vn -0.883 -0.07 0.464
vn -0.685 0.046 0.727
vn -0.968 -0.219 0.118
vn -0.922 -0.355 -0.155
vn -0.867 -0.107 0.487
vn -0.693 -0.036 0.72
vn -0.886 -0.173 0.431
vn -0.956 -0.226 0.189
vn -0.915 -0.22 0.338
vn -0.943 -0.311 -0.117
vn -0.953 -0.3 -0.03
vn -0.892 -0.379 -0.249
vn 0.868 -0.216 0.448
vn 0.597 0.29 0.748
vn 0.738 -0.488 0.466
vn 0.196 0.284 0.938
vn -0.031 -0.474 0.88
vn -0.235 0.333 0.913
vn -0.257 -0.476 0.841
vn -0.18 0.118 0.977
vn 0.444 -0.006 0.896
vn 0.798 0.078 0.598
vn 0.462 -0.61 0.644
vn 0.413 -0.222 0.883
vn 0.075 -0.067 0.995
vn -0.315 -0.441 0.84
vn -0.705 0.592 -0.39
vn -0.463 0.884 -0.057
vn -0.477 0.749 0.46
vn -0.42 0.609 0.672
vn 0.031 0.867 0.498
vn -0.549 0.812 0.199
vn -0.558 0.509 0.655
vn -0.719 0.465 0.517
vn -0.518 0.855 -0.032
vn -0.667 -0.746 0.001
vn -0.482 -0.602 -0.636
vn -0.71 -0.416 -0.567
vn -0.403 -0.896 -0.189
vn -0.735 -0.671 0.101
vn -0.216 -0.923 -0.319
vn -0.103 0.129 -0.986
vn 0.068 -0.368 -0.927
vn -0.296 -0.954 -0.042
vn -0.029 -0.979 -0.204
vn -0.126 -0.736 -0.665
vn -0.12 -0.857 -0.5
vn -0.223 -0.966 -0.133
vn -0.519 -0.822 -0.236
vn -0.645 -0.726 -0.24
vn -0.71 -0.704 0.026
vn -0.68 -0.72 0.138
vn -0.699 -0.689 0.191
vn -0.025 -1 -0.026
vn -0.231 -0.968 -0.103
vn 0.135 -0.991 0.014
vn -0.145 -0.988 -0.057
vn -0.435 -0.89 -0.14
vn -0.286 -0.939 -0.188
vn -0.621 -0.654 -0.432
vn -0.664 -0.538 -0.52
vn -0.317 -0.841 -0.438
vn -0.246 -0.895 -0.372
vn -0.168 0.228 -0.959
vn -0.25 -0.844 -0.475
vn -0.238 -0.46 -0.855
vn -0.208 -0.528 -0.824
vn -0.238 -0.745 -0.623
vn -0.228 -0.827 -0.515
vn -0.17 -0.957 -0.237
vn -0.236 -0.9 -0.366
vn -0.406 -0.417 -0.813
vn -0.144 -0.925 -0.352
vn -0.161 -0.944 -0.289
vn -0.198 -0.952 -0.234
vn -0.784 -0.247 -0.569
vn -0.652 -0.738 -0.177
vn 0.592 0.497 0.635
vn 0.848 0.413 0.332
vn 0.831 0.337 0.442
vn 0.976 0.189 0.108
vn 0.756 0.219 0.617
vn 0.567 0.09 0.819
vn 0.965 0.262 -0.022
vn 0.921 0.134 -0.365
vn 0.947 0.32 0.019
vn 0.654 0.518 0.552
vn 0.507 0.486 0.712
vn 0.93 0.151 -0.335
vn 0.901 0.377 0.214
vn 0.422 0.489 0.764
vn 0.946 0.137 -0.292
vn 0.948 0.233 -0.218
vn 0.828 0.456 0.328
vn 0.907 0.366 -0.209
vn 0.869 0.334 0.364
vn 0.765 -0.059 -0.642
vn 0.772 -0.067 -0.631
vn 0.806 0.047 -0.591
vn 0.495 -0.279 -0.823
vn 0.542 -0.236 -0.807
vn 0.424 -0.07 -0.903
vn 0.726 0.016 -0.688
vn 0.772 -0.128 -0.623
vn 0.229 -0.084 -0.97
vn 0.071 -0.252 -0.965
vn 0.597 -0.181 -0.782
vn 0.173 -0.601 -0.78
vn 0.793 -0.573 0.208
vn 0.453 -0.506 -0.734
vn -0.026 -0.408 -0.913
vn 0.532 -0.609 -0.589
vn 0.949 -0.2 0.244
vn 0.488 -0.697 -0.526
vn 0.864 -0.074 -0.497
vn 0.959 -0.035 -0.282
vn 0.397 -0.4 -0.826
vn 0.864 -0.469 -0.182
vn 0.373 -0.651 -0.661
vn 0.469 -0.766 0.44
vn 0.77 -0.272 0.577
vn 0.964 -0.224 0.141
vn 0.723 -0.251 -0.644
vn 0.956 -0.143 -0.255
vn 0.759 -0.492 -0.427
vn 0.663 -0.292 0.689
vn -0.182 -0.31 -0.933
vn -0.356 -0.929 -0.097
vn 0.641 0.17 -0.749
vn -0.421 0.027 -0.907
vn 0.23 0.791 -0.567
vn 0.061 -0.861 -0.505
vn -0.644 -0.658 -0.389
vn -0.395 -0.032 -0.918
vn -0.766 -0.625 0.148
vn -0.552 0.017 0.833
vn -0.293 0.013 0.956
vn -0.395 -0.007 0.919
vn -0.406 -0.039 0.913
vn 0.328 0.759 0.562
vn 0.93 0.367 -0.018
vn 0.854 0.519 0.022
vn 0.285 0.783 0.553
vn -0.353 0.581 0.734
vn 0.426 0.498 0.755
vn -0.272 0.335 0.902
vn -0.285 0.727 0.625
vn -0.142 0.651 0.745
vn 0.415 0.508 0.755
vn -0.059 0.334 0.941
vn 0.591 0.795 0.133
vn 0.75 0.485 0.449
vn 0.786 0.618 0.007
vn 0.059 0.447 0.893
vn -0.564 0.219 0.796
vn -0.503 0.128 0.854
vn 0.468 0.602 0.648
vn -0.194 0.689 0.698
vn -0.134 0.646 0.751
vn 0.654 0.518 0.552
vn 0.848 0.413 0.332
vn 0.507 0.486 0.712
vn 0.592 0.497 0.635
vn -0.065 0.366 0.928
vn 0.236 0.371 0.898
vn 0.422 0.489 0.764
vn -0.681 0.304 0.667
vn -0.161 -0.268 0.95
vn 0.735 -0.465 0.494
vn 0.943 -0.02 0.333
vn -0.098 0.262 0.96
vn 0.343 0.428 0.836
vn 0.828 0.456 0.328
vn 0.901 0.377 0.214
vn 0.869 0.334 0.364
vn 0.561 0.161 0.812
vn 0.236 -0.136 0.962
vn 0.752 0.069 0.655
vn -0.24 -0.312 0.919
vn -0.404 0.07 0.912
vn 0.319 -0.19 0.929
vn 0.843 0.062 0.534
vn -0.113 -0.314 0.943
vn 0.516 -0.131 0.847
vn 0.539 -0.254 0.803
vn -0.047 -0.404 0.914
vn 0.807 -0.298 0.51
vn 0.792 -0.603 -0.096
vn -0.262 -0.005 0.965
vn -0.23 -0.688 0.688
vn -0.322 0.54 0.777
vn 0.008 -0.75 0.662
vn 0.07 0.316 0.946
vn 0.454 -0.194 0.87
vn 0.535 0.416 0.735
vn 0.724 -0.312 0.616
vn 0.792 -0.158 0.589
vn 0.856 0.152 0.493
vn 0.053 0.484 -0.874
vn 0.726 0.135 -0.674
vn -0.311 0.369 -0.876
vn 0.94 -0.177 -0.291
vn 0.355 0.47 -0.808
vn 0.782 -0.026 -0.623
vn 0.432 0.177 -0.884
vn 0.281 0.17 -0.944
vn -0.356 0.276 -0.893
vn 0.923 -0.123 -0.364
vn 0.177 0.662 -0.729
vn 0.942 -0.276 -0.19
vn 0.676 0.54 -0.501
vn 0.11 0.714 -0.691
vn 0.101 0.769 -0.631
vn 0.263 0.825 -0.499
vn 0.209 0.825 -0.526
vn -0.134 0.585 -0.8
vn 0.319 0.198 -0.927
vn -0.064 0.136 -0.989
vn -0.486 0.159 -0.86
vn 0.178 -0.625 0.76
vn 0.115 -0.795 0.596
vn 0.015 -0.881 0.474
vn 0.168 -0.565 0.808
vn -0.047 -0.697 0.715
vn 0.106 -0.565 0.818
vn 0.026 -0.595 0.803
vn -0.082 -0.704 0.706
vn 0.008 -0.602 0.798
vn -0.108 -0.629 0.77
vn -0.286 -0.674 0.681
vn -0.188 -0.642 0.744
vn -0.199 -0.653 0.731
vn -0.412 -0.721 0.557
vn -0.351 -0.697 0.625
vn -0.15 -0.69 0.708
vn -0.413 -0.782 0.467
vn -0.425 -0.823 0.377
vn 0.163 0.305 0.938
vn 0.818 0.545 0.182
vn 0.865 0.45 0.22
vn 0.393 0.314 0.864
vn 0.836 0.189 0.515
vn -0.094 -0.234 0.968
vn 0.168 -0.777 0.607
vn 0.974 -0.226 0.026
vn 0.435 0.031 0.9
vn 0.024 0.181 0.983
vn -0.239 0.122 0.963
vn -0.41 -0.009 0.912
vn -0.341 -0.083 0.937
vn 0.345 0.022 0.938
vn 0.953 0.212 0.218
vn 0.804 0.331 0.494
vn 0.214 -0.351 0.912
vn -0.464 -0.75 0.47
vn -0.099 -0.936 0.338
vn 0.78 0.349 0.519
vn 0.629 -0.763 0.146
vn 0.677 -0.131 0.724
vn 0.675 -0.132 0.726
vn 0.666 -0.183 0.723
vn 0.75 -0.22 0.624
vn 0.57 -0.106 0.815
vn 0.64 -0.257 0.724
vn 0.878 -0.224 0.422
vn 0.818 -0.133 0.559
vn 0.785 -0.3 0.542
vn 0.614 -0.251 0.749
vn 0.975 -0.195 0.106
vn 0.911 -0.063 0.408
vn 0.936 -0.224 0.271
vn 0.72 -0.115 0.684
vn 0.961 -0.259 -0.092
vn 0.854 0.04 0.519
vn 0.962 -0.206 0.18
vn 0.708 0.017 0.706
vn 0.901 -0.432 -0.022
vn 0.87 -0.182 0.458
vn 0.941 -0.265 0.208
vn 0.881 -0.453 0.135
vn 0.814 -0.326 0.481
vn 0.923 0.129 0.363
vn 0.658 0.386 0.646
vn 0.539 0.609 0.583
vn 0.856 0.152 0.493
vn 0.535 0.416 0.735
vn 0.822 -0.487 0.296
vn 0.795 -0.287 0.535
vn 0.792 -0.158 0.589
vn 0.866 -0.344 0.363
vn 0.773 -0.353 0.527
vn 0.724 -0.312 0.616
vn 0.796 -0.465 0.387
vn 0.396 -0.896 0.2
vn 0.483 -0.68 0.551
vn -0.137 -0.908 -0.395
vn 0.018 -0.721 0.693
vn -0.046 -0.961 0.273
vn -0.411 -0.888 0.207
vn -0.644 -0.658 -0.389
vn -0.395 -0.032 -0.918
vn -0.395 -0.032 -0.918
vn 0.23 0.791 -0.567
vn -0.421 0.027 -0.907
vn 0.437 0.821 -0.367
vn 0.307 0.833 -0.461
vn 0.359 0.896 -0.263
vn 0.488 0.731 -0.477
vn 0.633 0.757 -0.158
vn 0.299 0.244 -0.923
vn -0.046 -0.961 0.273
vn -0.099 -0.936 0.338
vn 0.629 -0.763 0.146
vn -0.402 -0.798 0.45
vn -0.464 -0.75 0.47
vn 0.214 -0.351 0.912
vn -0.357 0.9 -0.249
vn -0.496 0.836 -0.234
vn -0.521 0.812 0.263
vn -0.692 0.717 0.089
vn -0.48 0.809 -0.338
vn -0.808 0.584 -0.078
vn -0.87 0.479 -0.12
vn -0.279 0.931 -0.235
vn -0.404 0.87 -0.283
vn -0.632 0.729 -0.261
vn -0.386 0.836 -0.389
vn -0.855 0.483 -0.186
vn -0.837 0.498 -0.226
vn -0.37 0.809 -0.457
vn -0.879 0.442 -0.178
vn -0.298 0.782 -0.547
vn -0.904 0.371 -0.21
vn -0.392 0.68 -0.62
vn -0.832 0.478 -0.281
vn -0.594 0.522 -0.611
vn -0.807 0.408 -0.428
vn -0.814 0.329 -0.478
vn -0.872 0.237 -0.428
vn -0.607 0.452 -0.653
vn -0.74 0.229 -0.632
vn -0.574 0.309 -0.758
vn -0.819 0.182 -0.544
vn -0.734 0.174 -0.656
vn -0.792 0.183 -0.582
vn -0.267 0.268 -0.926
vn -0.657 0.071 -0.751
vn -0.603 0.074 -0.794
vn -0.067 0.582 0.811
vn -0.319 0.415 0.852
vn 0 0.671 0.742
vn 0.141 0.728 0.671
vn 0.153 0.641 0.752
vn -0.069 0.474 0.878
vn 0.211 0.56 0.801
vn 0.348 0.641 0.685
vn 0.066 0.771 0.633
vn -0.155 0.538 0.829
vn 0.412 0.516 0.751
vn 0.209 0.406 0.89
vn 0.054 0.806 0.589
vn -0.114 0.706 0.699
vn 0.51 0.617 0.6
vn 0.518 0.539 0.665
vn 0.296 0.685 0.666
vn 0.111 0.833 0.542
vn 0.509 0.608 0.61
vn 0.646 0.453 0.615
vn 0.535 0.625 0.568
vn 0.185 0.981 0.061
vn 0.541 0.564 0.624
vn 0.356 0.71 0.607
vn 0.132 0.922 0.363
vn 0.594 0.557 0.581
vn 0.619 0.421 0.663
vn 0.696 0.624 0.356
vn 0.777 0.455 0.435
vn 0.641 0.598 0.481
vn 0.586 0.688 0.427
vn 0.518 0.618 0.592
vn 0.127 0.863 0.489
vn 0.317 0.78 0.539
vn 0.519 0.744 0.42
vn 0.627 0.512 0.587
vn 0.091 0.533 0.841
vn 0.521 0.814 0.256
vn -0.015 0.851 0.526
vn 0.461 0.838 0.292
vn 0.101 0.949 0.298
vn 0.407 0.907 0.11
vn 0.583 0.81 0.071
vn 0.369 0.91 -0.188
vn 0.7 0.568 0.432
vn 0.72 0.509 0.471
vn 0.448 0.878 0.165
vn 0.344 0.86 -0.377
vn 0.646 0.763 0.013
vn 0.808 0.436 0.397
vn 0.064 0.814 -0.577
vn 0.63 0.755 -0.183
vn -0.026 0.953 0.302
vn -0.141 0.934 0.328
vn -0.012 0.967 0.254
vn -0.445 0.51 0.736
vn -0.218 0.337 0.916
vn -0.734 0.538 0.415
vn -0.221 0.975 -0.01
vn -0.423 0.9 0.103
vn -0.409 0.822 -0.396
vn -0.581 0.789 -0.203
vn -0.578 0.54 -0.612
vn -0.511 0.449 -0.733
vn -0.467 0.371 -0.803
vn -0.489 0.696 -0.526
vn -0.215 0.928 0.304
vn -0.42 0.899 -0.127
vn -0.723 0.506 -0.471
vn -0.697 0.713 -0.076
vn -0.545 0.75 0.374
vn -0.39 0.52 0.76
vn 0.117 0.508 -0.854
vn 0.511 0.648 -0.565
vn 0.026 0.643 -0.766
vn -0.012 0.773 -0.634
vn -0.214 0.426 -0.879
vn -0.278 0.48 -0.832
vn -0.021 0.659 -0.751
vn 0.398 0.703 -0.59
vn -0.514 0.404 -0.756
vn -0.097 0.521 -0.848
vn -0.449 0.355 -0.82
vn 0.52 0.366 -0.771
vn -0.609 -0.391 -0.69
vn -0.126 -0.736 -0.665
vn -0.645 -0.726 -0.24
vn 0.008 0.234 -0.972
vn 0.115 0.688 -0.717
vn -0.103 0.129 -0.986
vn 0.068 -0.368 -0.927
vn 0.105 0.273 -0.956
vn 0.106 -0.644 -0.758
vn 0.284 -0.398 -0.872
vn -0.272 0.175 -0.946
vn -0.11 -0.93 -0.352
vn -0.633 0.454 -0.627
vn -0.5 -0.756 -0.421
vn 0.064 -0.962 0.265
vn 0.483 -0.68 0.551
vn 0.214 -0.954 0.212
vn 0.186 -0.902 0.389
vn 0.125 -0.977 0.174
vn 0.207 -0.965 0.158
vn -0.027 -0.993 0.113
vn 0.319 -0.631 0.708
vn 0.724 -0.312 0.616
vn 0.454 -0.194 0.87
vn 0.008 -0.75 0.662
vn -0.23 -0.688 0.688
vn -0.079 -0.997 0.025
vn -0.186 -0.873 0.451
vn -0.262 -0.005 0.965
vn -0.134 -0.99 0.054
vn -0.022 -0.268 0.963
vn -0.083 -0.841 0.535
vn 0.398 -0.571 0.718
vn 0.03 -1 0
vn 0.112 -0.983 0.145
vn 0.622 -0.703 0.346
vn 0.229 -0.973 -0.001
vn 0.114 -0.991 -0.064
vn 0.875 -0.43 0.222
vn 0.009 -0.998 -0.063
vn 0.339 -0.939 0.055
vn 0.245 -0.957 0.153
vn 0.911 -0.239 0.336
vn 0.269 -0.948 0.173
vn 0.431 -0.85 0.304
vn 0.304 -0.935 0.184
vn 0.41 -0.846 0.341
vn 0.756 -0.449 0.477
vn 0.225 -0.963 0.144
vn 0.583 -0.784 0.212
vn 0.234 -0.96 0.15
vn -0.656 -0.204 -0.727
vn -0.659 0.078 -0.748
vn -0.802 -0.047 -0.596
vn -0.414 -0.006 -0.91
vn -0.38 0.286 -0.879
vn -0.735 0.323 -0.596
vn -0.412 0.722 -0.557
vn -0.464 -0.221 -0.858
vn -0.624 -0.397 -0.673
vn -0.765 -0.347 -0.542
vn -0.188 0.006 -0.982
vn -0.267 -0.169 -0.949
vn -0.347 -0.41 -0.843
vn -0.233 -0.295 -0.927
vn -0.625 -0.256 -0.738
vn -0.112 -0.36 -0.926
vn -0.024 0.21 -0.978
vn -0.142 0.69 -0.709
vn 0.24 0.399 -0.885
vn 0.083 0.019 -0.997
vn 0.337 0.101 -0.936
vn 0.243 -0.088 -0.966
vn -0.009 -0.123 -0.992
vn 0.188 -0.27 -0.944
vn 0.11 -0.445 -0.889
vn 0.415 -0.425 -0.805
vn 0.196 -0.277 -0.94
vn -0.161 -0.06 -0.985
vn 0.195 -0.031 -0.98
vn 0.172 0.293 -0.94
vn -0.501 -0.043 -0.864
vn -0.242 0.245 -0.939
vn -0.097 0.521 -0.848
vn -0.525 0.178 -0.832
vn -0.805 0.196 -0.56
vn -0.839 -0.036 -0.543
vn -0.837 -0.25 -0.487
vn 0.469 0.737 0.486
vn 0.498 0.555 0.667
vn 0.431 -0.85 0.304
vn 0.591 0.701 0.399
vn 0.562 0.811 0.164
vn 0.236 -0.338 -0.911
vn -0.465 -0.105 -0.879
vn 0.62 0.225 -0.752
vn 0.718 0.237 -0.655
vn -0.476 -0.33 -0.815
vn 0.974 -0.226 0.026
vn 0.168 -0.777 0.607
vn 0.718 0.237 -0.655
vn 0.865 0.45 0.22
vn 0.62 0.225 -0.752
vn 0.836 0.189 0.515
vn 0.974 -0.226 0.026
vn -0.995 -0.094 0.048
vn -0.249 -0.474 -0.844
vn -0.893 -0.281 -0.351
vn -0.451 -0.845 -0.287
vn -0.723 -0.111 -0.682
vn 0.488 -0.697 -0.526
vn -0.562 -0.02 0.827
vn 0.373 -0.651 -0.661
vn 0.469 -0.766 0.44
vn 0.397 -0.4 -0.826
vn 0.864 -0.074 -0.497
vn -0.933 -0.194 -0.304
vn -0.61 -0.437 -0.661
vn -0.875 -0.449 -0.178
vn -0.914 -0.356 -0.194
vn 0.996 0.027 0.082
vn 0.911 -0.239 0.336
vn 0.339 -0.939 0.055
vn 0.875 -0.43 0.222
vn 0.841 0.539 0.041
vn 0.848 -0.022 0.529
vn 0.622 -0.703 0.346
vn 0.398 -0.571 0.718
vn 0.75 0.485 0.449
vn 0.591 0.795 0.133
vn 0.646 0.453 0.615
vn 0.509 0.608 0.61
vn 0.541 0.564 0.624
vn 0.185 0.981 0.061
vn 0.51 0.617 0.6
vn -0.032 0.487 -0.873
vn -0.482 -0.602 -0.636
vn -0.103 0.129 -0.986
vn -0.71 -0.416 -0.567
vn -0.333 0.517 -0.789
vn -0.881 -0.166 -0.443
vn -0.356 -0.929 -0.097
vn 0.084 0.171 0.982
vn -0.868 -0.102 0.486
vn -0.755 0.481 0.445
vn -0.562 -0.02 0.827
vn 0.149 -0.006 0.989
vn 0.469 -0.766 0.44
vn -0.723 -0.111 -0.682
vn -0.924 -0.066 0.377
vn -0.728 0.548 0.413
vn -0.855 0.493 0.16
vn -0.952 -0.284 0.118
vn -0.21 0.605 0.768
vn -0.861 0.506 -0.058
vn 0.233 -0.967 -0.105
vn -0.349 -0.522 -0.778
vn -0.749 -0.045 -0.661
vn 0.453 -0.506 -0.734
vn -0.026 -0.408 -0.913
vn -0.349 -0.522 -0.778
vn 0.532 -0.609 -0.589
vn 0.233 -0.967 -0.105
vn -0.562 -0.02 0.827
vn 0.488 -0.697 -0.526
vn 0.355 0.47 -0.808
vn 0.053 0.484 -0.874
vn -0.771 0.579 -0.269
vn -0.902 0.343 -0.263
vn -0.311 0.369 -0.876
vn -0.956 0.205 -0.211
vn 0.793 -0.397 -0.461
vn -0.249 -0.474 -0.844
vn -0.092 -0.616 -0.782
vn 0.735 -0.465 0.494
vn 0.943 -0.02 0.333
vn 0.897 0.14 0.418
vn 0.718 -0.65 -0.249
vn 0.236 0.371 0.898
vn 0.592 0.497 0.635
vn 0.328 -0.107 0.939
vn 0.234 -0.96 0.15
vn 0.583 -0.784 0.212
vn 0.7 -0.713 -0.034
vn 0.156 -0.987 0.025
vn 0.352 -0.931 -0.096
vn 0.132 -0.98 -0.151
vn 0.623 -0.573 -0.532
vn 0.69 -0.493 -0.53
vn 0.739 -0.543 -0.398
vn 0.302 -0.917 -0.262
vn 0.128 -0.979 -0.161
vn 0.736 -0.543 -0.403
vn 0.271 -0.909 -0.318
vn 0.287 -0.795 -0.534
vn 0.071 -0.988 -0.137
vn 0.084 -0.987 -0.134
vn 0.14 -0.957 -0.255
vn 0.284 -0.398 -0.872
vn 0.106 -0.644 -0.758
vn 0.049 -0.991 -0.123
vn -0.11 -0.93 -0.352
vn -0.114 -0.991 -0.074
vn -0.5 -0.756 -0.421
vn -0.631 -0.774 0.045
vn -0.254 -0.959 0.127
vn -0.381 -0.891 0.248
vn 0.39 0.663 0.639
vn 0.507 0.291 0.812
vn 0.459 0.628 0.628
vn 0.631 0.468 0.618
vn 0.517 0.153 0.842
vn 0.732 0.367 0.574
vn 0.642 0.353 0.681
vn 0.588 0.593 0.549
vn 0.521 0.102 0.847
vn 0.771 0.211 0.6
vn 0.648 0.21 0.732
vn 0.669 0.469 0.577
vn 0.7 0.317 0.641
vn 0.731 0.49 0.474
vn 0.8 0.254 0.543
vn 0.727 0.177 0.664
vn 0.84 0.096 0.534
vn 0.767 0.065 0.638
vn 0.931 0.013 0.364
vn 0.846 0.026 0.533
vn 0.635 0.091 0.767
vn 0.58 0.085 0.811
vn 0.861 0.18 0.475
vn 0.728 0.059 0.683
vn 0.661 0.083 0.746
vn 0.863 0.161 0.479
vn 0.796 0.038 0.604
vn 0.763 0.053 0.645
vn -0.046 -0.961 0.273
vn 0.018 -0.721 0.693
vn -0.402 -0.798 0.45
vn -0.428 -0.502 0.751
vn -0.555 -0.599 0.578
vn 0.116 0.22 -0.969
vn 0.541 0.296 -0.787
vn -0.027 0.227 -0.974
vn 0.251 0.213 -0.944
vn 0.688 0.295 -0.664
vn 0.435 0.196 -0.879
vn -0.11 0.034 -0.993
vn 0.516 0.051 -0.855
vn 0.034 -0.154 -0.987
vn 0.736 0.155 -0.658
vn 0.12 -0.462 -0.879
vn 0.006 -0.521 -0.854
vn 0.892 0.334 -0.305
vn 0.886 0.282 -0.367
vn 0.967 0.222 0.125
vn 0.831 0.265 -0.49
vn 0.41 0.276 -0.869
vn 0.501 0.258 -0.826
vn 0.138 0.262 -0.955
vn -0.007 0.279 -0.96
vn 0.979 0.188 -0.079
vn 0.917 0.101 0.386
vn 0.987 0.065 0.148
vn 0.752 0.069 0.655
vn 0.561 0.161 0.812
vn 0.843 0.062 0.534
vn 0.319 -0.19 0.929
vn 0.516 -0.131 0.847
vn 0.539 -0.254 0.803
vn 0.843 -0.062 0.535
vn 0.965 0.088 0.248
vn 0.884 0.015 0.468
vn 0.807 -0.298 0.51
vn -0.652 -0.738 -0.177
vn -0.187 -0.98 -0.061
vn -0.198 -0.952 -0.234
vn -0.733 -0.68 0.003
vn -0.575 -0.788 0.222
vn -0.134 -0.99 0.031
vn -0.1 -0.995 0.026
vn -0.845 0.063 0.531
vn -0.088 -0.996 0.025
vn -0.569 -0.604 0.558
vn -0.552 -0.552 0.625
vn 0.022 -1 0.012
vn -0.356 -0.675 0.646
vn 0.003 -1 -0.002
vn 0.114 -0.847 0.52
vn 0.045 -0.999 -0.017
vn 0.157 -0.127 0.979
vn 0.396 -0.896 0.2
vn 0.773 -0.353 0.527
vn 0.061 -0.997 0.059
vn 0.796 -0.465 0.387
vn 0.064 -0.962 0.265
vn 0.483 -0.68 0.551
vn 0.054 -0.615 0.787
vn 0.612 0.111 0.783
vn 0.32 0.099 0.942
vn -0.356 0.119 0.927
vn -0.218 0.075 0.973
vn -0.356 0.119 0.927
vn 0.32 0.099 0.942
vn 0.476 0.104 0.874
vn 0.577 0.145 0.804
vn 0.612 0.111 0.783
vn 0.639 -0.244 0.729
vn -0.264 -0.299 0.917
vn 0.517 -0.346 0.783
vn -0.328 -0.341 0.881
vn -0.285 -0.341 0.896
vn 0.437 -0.399 0.806
vn 0.82 -0.312 0.479
vn 0.15 -0.32 0.936
vn 0.746 -0.505 0.434
vn -0.311 -0.645 0.699
vn 0.375 -0.383 0.844
vn -0.516 -0.808 0.283
vn -0.121 -0.992 -0.048
vn 0.593 -0.507 0.625
vn -0.703 -0.478 -0.526
vn 0.213 -0.887 -0.411
vn -0.442 0.002 -0.897
vn -0.412 0.722 -0.557
vn -0.673 0.683 -0.284
vn -0.735 0.323 -0.596
vn -0.543 0.817 -0.193
vn -0.336 0.89 -0.308
vn -0.03 0.9 -0.435
vn -0.424 0.899 -0.107
vn -0.58 0.813 -0.039
vn -0.588 0.794 0.153
vn -0.115 0.965 -0.234
vn -0.142 0.69 -0.709
vn -0.38 0.286 -0.879
vn 0.192 0.818 -0.542
vn 0.24 0.399 -0.885
vn 0.404 0.726 -0.557
vn 0.304 0.831 -0.467
vn 0.241 0.934 -0.263
vn -0.042 0.999 -0.005
vn 0.294 0.952 -0.086
vn 0.337 0.94 0.042
vn -0.421 0.907 0.028
vn -0.392 0.918 0.055
vn -0.211 0.967 0.145
vn -0.48 0.861 0.168
vn -0.007 0.995 0.096
vn -0.438 0.889 0.131
vn 0.356 0.932 0.067
vn 0.62 0.783 0.047
vn 0.527 0.831 0.177
vn 0.112 0.993 0.024
vn -0.111 0.854 0.508
vn -0.556 0.667 0.495
vn -0.282 0.503 0.816
vn 0.215 0.613 0.76
vn 0.585 0.639 0.499
vn 0.247 0.857 0.452
vn 0.633 -0.771 -0.068
vn 0.435 0.031 0.9
vn -0.094 -0.234 0.968
vn -0.751 -0.552 0.361
vn 0.168 -0.777 0.607
vn -0.476 -0.33 -0.815
vn -0.465 -0.105 -0.879
vn 0.236 -0.338 -0.911
vn -0.059 0.334 0.941
vn -0.262 -0.005 0.965
vn -0.335 0.752 0.568
vn -0.142 0.651 0.745
vn -0.285 0.727 0.625
vn -0.381 0.822 0.424
vn -0.49 0.617 0.615
vn -0.353 0.581 0.734
vn -0.444 0.552 0.707
vn -0.406 0.401 0.821
vn -0.272 0.335 0.902
vn -0.326 0.226 0.918
vn -0.211 0.086 0.974
vn -0.129 0.168 0.977
vn -0.142 -0.019 0.99
vn -0.004 0.035 1
vn -0.022 -0.268 0.963
vn -0.262 -0.005 0.965
vn -0.059 0.334 0.941
vn 0.481 0.009 0.876
vn 0.398 -0.571 0.718
vn 0.415 0.508 0.755
vn 0.848 -0.022 0.529
vn 0.75 0.485 0.449
vn 0.271 0.816 -0.511
vn 0.574 0.771 0.274
vn 0.687 0.61 0.396
vn 0.07 0.782 -0.619
vn -0.442 0.002 -0.897
vn -0.4 0.069 -0.914
vn 0.687 0.61 0.396
vn 0.593 -0.507 0.625
vn 0.375 -0.383 0.844
vn 0.574 0.771 0.274
vn -0.911 0.412 -0.003
vn -0.237 0.947 0.216
vn 0.005 0.988 0.151
vn -0.705 0.592 -0.39
vn -0.784 -0.247 -0.569
vn -0.652 -0.738 -0.177
vn -0.636 0.754 0.164
vn -0.733 -0.68 0.003
vn -0.384 0.898 0.214
vn 0.453 -0.506 -0.734
vn 0.215 0.329 0.919
vn -0.739 -0.107 0.665
vn 0.793 -0.573 0.208
vn 0.081 -0.338 0.938
vn -0.668 -0.704 -0.24
vn -0.578 -0.515 -0.633
vn -0.907 -0.076 0.414
vn -0.965 -0.15 0.216
vn 0.398 0.703 -0.59
vn -0.021 0.659 -0.751
vn 0.822 0.421 -0.384
vn 0.63 0.755 -0.183
vn 0.064 0.814 -0.577
vn 0.979 0.151 -0.136
vn 0.83 0.557 0.039
vn 0.583 0.81 0.071
vn 0.369 0.91 -0.188
vn 0.521 0.814 0.256
vn 0.822 0.468 0.324
vn 0.519 0.744 0.42
vn 0.627 0.512 0.587
vn 0.831 0.094 0.548
vn 1 0.003 0.037
vn 0.973 0.099 0.208
vn 0.904 -0.154 0.4
vn 0.256 -0.949 -0.186
vn 0.702 0.076 0.708
vn 0.268 -0.931 0.249
vn -0.439 -0.569 -0.695
vn 0.238 -0.706 -0.667
vn 0.738 -0.488 0.466
vn -0.251 -0.631 -0.734
vn -0.43 -0.659 -0.617
vn -0.822 -0.568 0.044
vn -0.822 -0.568 0.044
vn -0.033 -0.366 0.93
vn 0.479 -0.791 0.38
vn -0.251 -0.631 -0.734
vn -0.45 0.841 0.3
vn -0.814 0.209 -0.542
vn 0.215 0.329 0.919
vn 0.081 -0.338 0.938
vn 0.794 -0.402 -0.456
vn 0.979 -0.189 -0.07
vn 0.46 -0.775 -0.434
vn 0.552 -0.522 -0.65
vn 0.32 -0.55 -0.771
vn -0.61 -0.437 -0.661
vn -0.578 -0.515 -0.633
vn -0.668 -0.704 -0.24
vn -0.914 -0.356 -0.194
vn -0.965 -0.15 0.216
vn -0.451 -0.845 -0.287
vn 0.718 -0.65 -0.249
vn 0.328 -0.107 0.939
vn -0.249 -0.474 -0.844
vn 0.793 -0.397 -0.461
vn -0.395 -0.032 -0.918
vn -0.137 -0.908 -0.395
vn 0.437 0.821 -0.367
vn 0.359 0.896 -0.263
vn 0.959 0.154 0.236
vn 0.299 0.244 -0.923
vn -0.046 -0.961 0.273
vn 0.593 -0.507 0.625
vn 0.574 0.771 0.274
vn 0.213 -0.887 -0.411
vn 0.07 0.782 -0.619
vn 0.61 0.379 -0.696
vn 0.307 0.833 -0.461
vn 0.488 0.731 -0.477
vn 0.696 0.096 -0.711
vn -0.218 0.337 0.916
vn 0.091 0.533 0.841
vn -0.015 0.851 0.526
vn -0.133 0.075 0.988
vn 0.266 0.088 0.96
vn 0.627 0.512 0.587
vn 0.305 -0.009 0.952
vn -0.352 -0.051 0.935
vn -0.346 -0.938 -0.02
vn 0.268 -0.931 0.249
vn 0.702 0.076 0.708
vn 0.524 0.075 0.849
vn 0.831 0.094 0.548
vn -0.315 -0.441 0.84
vn -0.372 -0.266 0.889
vn -0.778 0.017 0.628
vn -0.165 -0.615 0.771
vn -0.429 -0.275 0.86
vn 0.413 -0.222 0.883
vn 0.302 0.322 -0.897
vn 0.41 0.051 -0.911
vn 0.775 0.6 -0.198
vn 0.552 -0.522 -0.65
vn 0.32 -0.55 -0.771
vn 0.825 -0.552 -0.122
vn 0.775 0.6 -0.198
vn 0.766 -0.136 0.628
vn 0.32 -0.55 -0.771
vn -0.945 0.324 0.046
vn -0.578 -0.515 -0.633
vn -0.61 -0.437 -0.661
vn -0.933 -0.194 -0.304
vn -0.971 -0.129 0.2
vn -0.851 0.24 0.467
vn -0.428 0.677 -0.599
vn -0.812 0.435 -0.391
vn -0.753 0.573 -0.323
vn -0.793 0.557 -0.245
vn -0.607 0.703 -0.371
vn -0.639 0.738 -0.217
vn -0.473 0.87 -0.136
vn -0.872 0.397 -0.287
vn -0.648 0.469 -0.6
vn -0.81 0.336 -0.481
vn -0.872 0.253 -0.419
vn -0.652 0.225 -0.724
vn -0.821 0.178 -0.542
vn -0.616 0.151 -0.773
vn -0.761 0.245 -0.6
vn -0.728 0.148 -0.67
vn -0.684 0.2 -0.702
vn -0.678 0.15 -0.719
vn 0.77 -0.272 0.577
vn 0.469 -0.766 0.44
vn 0.149 -0.006 0.989
vn 0.084 0.171 0.982
vn 0.964 -0.224 0.141
vn -0.356 -0.929 -0.097
vn -0.356 0.119 0.927
vn -0.292 0.235 0.927
vn 0.054 -0.615 0.787
vn -0.373 0.312 0.874
vn -0.141 0.393 0.909
vn -0.285 0.414 0.864
vn -0.429 -0.275 0.86
vn -0.25 0.116 0.961
vn -0.165 -0.615 0.771
vn -0.292 0.235 0.927
vn -0.356 0.119 0.927
vn -0.414 -0.007 0.91
vn -0.417 0.212 0.884
vn -0.285 0.414 0.864
vn -0.213 0.19 0.958
vn -0.25 0.116 0.961
vn 0.274 -0.088 0.958
vn -0.165 -0.615 0.771
vn -0.535 -0.091 0.84
vn -0.372 -0.266 0.889
vn -0.82 -0.292 -0.492
vn -0.814 0.209 -0.542
vn -0.45 0.841 0.3
vn 0.081 -0.338 0.938
vn -0.254 -0.959 0.127
vn -0.631 -0.774 0.045
vn -0.515 -0.786 0.342
vn -0.381 -0.891 0.248
vn 0.369 -0.568 0.735
vn 0.462 -0.61 0.644
vn 0.605 -0.261 0.752
vn 0.413 -0.222 0.883
vn 0.548 0.06 0.834
vn 0.798 0.078 0.598
vn 0.99 0.002 0.14
vn 0.605 -0.261 0.752
vn 0.462 -0.61 0.644
vn -0.489 0.376 0.788
vn -0.356 -0.675 0.646
vn -0.552 -0.552 0.625
vn 0.157 -0.127 0.979
vn 0.215 0.368 0.905
vn 0.773 -0.353 0.527
vn 0.795 -0.287 0.535
vn 0.194 0.521 0.831
vn 0.814 -0.326 0.481
vn 0.052 0.756 0.652
vn 0.063 0.721 0.689
vn 0.87 -0.182 0.458
vn -0.004 0.621 0.784
vn 0.854 0.04 0.519
vn -0.046 0.368 0.929
vn 0.911 -0.063 0.408
vn 0.007 0.11 0.994
vn 0.818 -0.133 0.559
vn 0.054 0.014 0.999
vn 0.07 -0.014 0.998
vn 0.57 -0.106 0.815
vn 0.016 -0.037 0.999
vn -0.333 0.051 0.941
vn -0.275 -0.046 0.96
vn 0.376 -0.099 0.921
vn 0.28 -0.099 0.955
vn 0.375 -0.383 0.844
vn -0.311 -0.645 0.699
vn 0.061 -0.861 -0.505
vn -0.766 -0.625 0.148
vn -0.578 -0.515 -0.633
vn -0.945 0.324 0.046
vn -0.758 0.033 0.651
vn -0.854 -0.306 0.421
vn -0.851 0.24 0.467
vn -0.749 -0.045 -0.661
vn -0.026 -0.408 -0.913
vn 0.453 -0.506 -0.734
vn -0.349 -0.522 -0.778
vn 0.929 0.245 -0.278
vn 0.814 0.292 -0.502
vn 0.825 0.245 -0.509
vn 0.916 0.292 -0.275
vn 0.969 0.245 -0.028
vn 0.81 0.534 -0.243
vn 0.72 0.534 -0.444
vn 0.845 0.534 -0.025
vn 0.956 0.292 -0.028
vn 0.943 0.245 0.223
vn 0.823 0.534 0.195
vn 0.931 0.292 0.22
vn 0.854 0.245 0.46
vn 0.745 0.534 0.401
vn 0.842 0.292 0.454
vn 0.706 0.245 0.665
vn 0.615 0.534 0.58
vn 0.696 0.292 0.656
vn 0.509 0.245 0.825
vn 0.444 0.534 0.72
vn 0.502 0.292 0.814
vn 0.278 0.245 0.929
vn 0.243 0.534 0.81
vn 0.275 0.292 0.916
vn 0.028 0.245 0.969
vn 0.025 0.534 0.845
vn 0.028 0.292 0.956
vn -0.223 0.245 0.943
vn -0.195 0.534 0.823
vn -0.22 0.292 0.931
vn -0.46 0.245 0.854
vn -0.401 0.534 0.745
vn -0.454 0.292 0.842
vn -0.665 0.245 0.706
vn -0.58 0.534 0.615
vn -0.656 0.292 0.696
vn -0.825 0.245 0.509
vn -0.72 0.534 0.444
vn -0.814 0.292 0.502
vn -0.929 0.245 0.278
vn -0.81 0.534 0.243
vn -0.916 0.292 0.275
vn -0.969 0.245 0.028
vn -0.845 0.534 0.025
vn -0.956 0.292 0.028
vn -0.943 0.245 -0.223
vn -0.823 0.534 -0.195
vn -0.931 0.292 -0.22
vn -0.854 0.245 -0.46
vn -0.745 0.534 -0.401
vn -0.842 0.292 -0.454
vn -0.706 0.245 -0.665
vn -0.615 0.534 -0.58
vn -0.696 0.292 -0.656
vn -0.509 0.245 -0.825
vn -0.444 0.534 -0.72
vn -0.502 0.292 -0.814
vn -0.278 0.245 -0.929
vn -0.243 0.534 -0.81
vn -0.275 0.292 -0.916
vn -0.028 0.245 -0.969
vn -0.025 0.534 -0.845
vn -0.028 0.292 -0.956
vn 0.223 0.245 -0.943
vn 0.195 0.534 -0.823
vn 0.22 0.292 -0.931
vn 0.46 0.245 -0.854
vn 0.401 0.534 -0.745
vn 0.454 0.292 -0.842
vn 0.665 0.245 -0.706
vn 0.58 0.534 -0.615
vn 0.656 0.292 -0.696
vn 0.825 0.245 -0.509
vn 0.72 0.534 -0.444
vn 0.814 0.292 -0.502
vn 0.173 -0.601 -0.78
vn -0.82 -0.292 -0.492
vn 0.245 -0.969 -0.042
vn 0.793 -0.573 0.208
vn 0.081 -0.338 0.938
vn -0.113 0.534 -0.838
vn -0.33 -0.139 -0.934
vn 0.166 0.984 -0.067
vn 0.647 0.584 0.489
vn 0.076 -0.139 -0.987
vn 0.747 -0.128 0.652
vn 0.992 -0.098 0.076
vn -0.65 -0.36 -0.669
vn 0.169 -0.985 0.01
vn -0.33 -0.139 -0.934
vn -0.454 -0.869 0.197
vn 0.076 -0.139 -0.987
vn 0.087 -0.612 0.786
vn 0.992 -0.098 0.076
vn 0.747 -0.128 0.652
vn 0.279 0.945 -0.172
vn 0.314 0.945 -0.094
vn 0.035 1 -0.011
vn 0.031 1 -0.019
vn 0 1 0
vn 0.225 0.945 -0.239
vn 0.037 1 -0.001
vn 0.328 0.945 -0.01
vn 0.025 1 -0.027
vn 0.156 0.945 -0.289
vn 0.036 1 0.008
vn 0.319 0.945 0.076
vn 0.017 1 -0.032
vn 0.076 0.945 -0.319
vn 0.032 1 0.017
vn 0.289 0.945 0.156
vn 0.008 1 -0.036
vn 0.027 1 0.025
vn -0.001 1 -0.037
vn -0.01 0.945 -0.328
vn 0.239 0.945 0.225
vn -0.094 0.945 -0.314
vn 0.019 1 0.031
vn 0.172 0.945 0.279
vn -0.011 1 -0.035
vn -0.172 0.945 -0.279
vn 0.011 1 0.035
vn 0.094 0.945 0.314
vn -0.019 1 -0.031
vn -0.239 0.945 -0.225
vn 0.001 1 0.037
vn 0.01 0.945 0.328
vn -0.027 1 -0.025
vn -0.008 1 0.036
vn -0.032 1 -0.017
vn -0.289 0.945 -0.156
vn -0.076 0.945 0.319
vn -0.319 0.945 -0.076
vn -0.017 1 0.032
vn -0.156 0.945 0.289
vn -0.036 1 -0.008
vn -0.328 0.945 0.01
vn -0.025 1 0.027
vn -0.225 0.945 0.239
vn -0.037 1 0.001
vn -0.314 0.945 0.094
vn -0.031 1 0.019
vn -0.279 0.945 0.172
vn -0.035 1 0.011
g scarletMain_0
f 3/3/3 2/2/2 1/1/1
f 6/6/6 5/5/5 4/4/4
f 9/9/9 8/8/8 7/7/7
f 12/12/12 11/11/11 10/10/10
f 15/15/15 14/14/14 13/13/13
f 18/18/18 17/17/17 16/16/16
f 21/21/21 20/20/20 19/19/19
f 24/24/24 23/23/23 22/22/22
f 27/27/27 26/26/26 25/25/25
f 30/30/30 29/29/29 28/28/28
f 33/33/33 32/32/32 31/31/31
f 36/36/36 35/35/35 34/34/34
f 39/39/39 38/38/38 37/37/37
f 42/42/42 41/41/41 40/40/40
f 45/45/45 44/44/44 43/43/43
f 48/48/48 47/47/47 46/46/46
f 51/51/51 50/50/50 49/49/49
f 54/54/54 53/53/53 52/52/52
f 57/57/57 56/56/56 55/55/55
f 60/60/60 59/59/59 58/58/58
f 63/63/63 62/62/62 61/61/61
f 66/66/66 65/65/65 64/64/64
f 69/69/69 68/68/68 67/67/67
f 72/72/72 71/71/71 70/70/70
f 75/75/75 74/74/74 73/73/73
f 78/78/78 77/77/77 76/76/76
f 81/81/81 80/80/80 79/79/79
f 82/82/82 81/81/81 79/79/79
f 85/85/85 84/84/84 83/83/83
f 86/86/86 85/85/85 83/83/83
f 89/89/89 88/88/88 87/87/87
f 90/90/90 89/89/89 87/87/87
f 93/93/93 92/92/92 91/91/91
f 94/94/94 93/93/93 91/91/91
f 97/97/97 96/96/96 95/95/95
f 98/98/98 97/97/97 95/95/95
f 101/101/101 100/100/100 99/99/99
f 102/102/102 101/101/101 99/99/99
f 105/105/105 104/104/104 103/103/103
f 106/106/106 105/105/105 103/103/103
f 109/109/109 108/108/108 107/107/107
f 110/110/110 109/109/109 107/107/107
f 113/113/113 112/112/112 111/111/111
f 114/114/114 113/113/113 111/111/111
f 117/117/117 116/116/116 115/115/115
f 118/118/118 117/117/117 115/115/115
f 121/121/121 120/120/120 119/119/119
f 122/122/122 121/121/121 119/119/119
f 125/125/125 124/124/124 123/123/123
f 126/126/126 125/125/125 123/123/123
f 129/129/129 128/128/128 127/127/127
f 130/130/130 129/129/129 127/127/127
f 133/133/133 132/132/132 131/131/131
f 134/134/134 133/133/133 131/131/131
f 137/137/137 136/136/136 135/135/135
f 138/138/138 137/137/137 135/135/135
f 141/141/141 140/140/140 139/139/139
f 142/142/142 141/141/141 139/139/139
f 145/145/145 144/144/144 143/143/143
f 146/146/146 145/145/145 143/143/143
f 149/149/149 148/148/148 147/147/147
f 150/150/150 149/149/149 147/147/147
f 153/153/153 152/152/152 151/151/151
f 154/154/154 153/153/153 151/151/151
f 157/157/157 156/156/156 155/155/155
f 158/158/158 157/157/157 155/155/155
f 161/161/161 160/160/160 159/159/159
f 162/162/162 161/161/161 159/159/159
f 165/165/165 164/164/164 163/163/163
f 166/166/166 165/165/165 163/163/163
f 169/169/169 168/168/168 167/167/167
f 170/170/170 169/169/169 167/167/167
f 173/173/173 172/172/172 171/171/171
f 174/174/174 173/173/173 171/171/171
f 177/177/177 176/176/176 175/175/175
f 178/178/178 177/177/177 175/175/175
f 181/181/181 180/180/180 179/179/179
f 182/182/182 181/181/181 179/179/179
f 185/185/185 184/184/184 183/183/183
f 186/186/186 185/185/185 183/183/183
f 189/189/189 188/188/188 187/187/187
f 190/190/190 189/189/189 187/187/187
f 193/193/193 192/192/192 191/191/191
f 194/194/194 193/193/193 191/191/191
f 197/197/197 196/196/196 195/195/195
f 198/198/198 197/197/197 195/195/195
f 201/201/201 200/200/200 199/199/199
f 202/202/202 201/201/201 199/199/199
f 205/205/205 204/204/204 203/203/203
f 206/206/206 205/205/205 203/203/203
f 209/209/209 208/208/208 207/207/207
f 210/210/210 209/209/209 207/207/207
f 213/213/213 212/212/212 211/211/211
f 214/214/214 213/213/213 211/211/211
f 217/217/217 216/216/216 215/215/215
f 218/218/218 217/217/217 215/215/215
f 221/221/221 220/220/220 219/219/219
f 222/222/222 221/221/221 219/219/219
f 225/225/225 224/224/224 223/223/223
f 226/226/226 225/225/225 223/223/223
f 229/229/229 228/228/228 227/227/227
f 230/230/230 229/229/229 227/227/227
f 233/233/233 232/232/232 231/231/231
f 234/234/234 233/233/233 231/231/231
f 237/237/237 236/236/236 235/235/235
f 238/238/238 237/237/237 235/235/235
f 241/241/241 240/240/240 239/239/239
f 242/242/242 241/241/241 239/239/239
f 245/245/245 244/244/244 243/243/243
f 246/246/246 245/245/245 243/243/243
f 249/249/249 248/248/248 247/247/247
f 250/250/250 249/249/249 247/247/247
f 253/253/253 252/252/252 251/251/251
f 254/254/254 253/253/253 251/251/251
f 257/257/257 256/256/256 255/255/255
f 258/258/258 257/257/257 255/255/255
f 261/261/261 260/260/260 259/259/259
f 262/262/262 261/261/261 259/259/259
f 265/265/265 264/264/264 263/263/263
f 266/266/266 265/265/265 263/263/263
f 269/269/269 268/268/268 267/267/267
f 270/270/270 269/269/269 267/267/267
f 273/273/273 272/272/272 271/271/271
f 274/274/274 273/273/273 271/271/271
f 277/277/277 276/276/276 275/275/275
f 278/278/278 277/277/277 275/275/275
f 281/281/281 280/280/280 279/279/279
f 282/282/282 281/281/281 279/279/279
f 285/285/285 284/284/284 283/283/283
f 286/286/286 285/285/285 283/283/283
f 289/289/289 288/288/288 287/287/287
f 290/290/290 289/289/289 287/287/287
f 293/293/293 292/292/292 291/291/291
f 294/294/294 293/293/293 291/291/291
f 297/297/297 296/296/296 295/295/295
f 298/298/298 297/297/297 295/295/295
f 301/301/301 300/300/300 299/299/299
f 302/302/302 301/301/301 299/299/299
f 305/305/305 304/304/304 303/303/303
f 306/306/306 305/305/305 303/303/303
f 309/309/309 308/308/308 307/307/307
f 310/310/310 309/309/309 307/307/307
f 313/313/313 312/312/312 311/311/311
f 314/314/314 313/313/313 311/311/311
f 317/317/317 316/316/316 315/315/315
f 318/318/318 317/317/317 315/315/315
f 321/321/321 320/320/320 319/319/319
f 322/322/322 321/321/321 319/319/319
f 325/325/325 324/324/324 323/323/323
f 326/326/326 325/325/325 323/323/323
f 329/329/329 328/328/328 327/327/327
f 330/330/330 329/329/329 327/327/327
f 333/333/333 332/332/332 331/331/331
f 334/334/334 333/333/333 331/331/331
f 337/337/337 336/336/336 335/335/335
f 338/338/338 337/337/337 335/335/335
f 341/341/341 340/340/340 339/339/339
f 342/342/342 341/341/341 339/339/339
f 345/345/345 344/344/344 343/343/343
f 346/346/346 345/345/345 343/343/343
f 349/349/349 348/348/348 347/347/347
f 350/350/350 349/349/349 347/347/347
f 353/353/353 352/352/352 351/351/351
f 354/354/354 353/353/353 351/351/351
f 357/357/357 356/356/356 355/355/355
f 358/358/358 357/357/357 355/355/355
f 361/361/361 360/360/360 359/359/359
f 362/362/362 361/361/361 359/359/359
f 365/365/365 364/364/364 363/363/363
f 366/366/366 365/365/365 363/363/363
f 369/369/369 368/368/368 367/367/367
f 370/370/370 369/369/369 367/367/367
f 373/373/373 372/372/372 371/371/371
f 374/374/374 373/373/373 371/371/371
f 377/377/377 376/376/376 375/375/375
f 378/378/378 377/377/377 375/375/375
f 381/381/381 380/380/380 379/379/379
f 382/382/382 381/381/381 379/379/379
f 385/385/385 384/384/384 383/383/383
f 386/386/386 385/385/385 383/383/383
f 389/389/389 388/388/388 387/387/387
f 390/390/390 389/389/389 387/387/387
f 393/393/393 392/392/392 391/391/391
f 394/394/394 393/393/393 391/391/391
f 397/397/397 396/396/396 395/395/395
f 398/398/398 397/397/397 395/395/395
f 401/401/401 400/400/400 399/399/399
f 402/402/402 401/401/401 399/399/399
f 405/405/405 404/404/404 403/403/403
f 406/406/406 405/405/405 403/403/403
f 409/409/409 408/408/408 407/407/407
f 410/410/410 409/409/409 407/407/407
f 413/413/413 412/412/412 411/411/411
f 414/414/414 413/413/413 411/411/411
f 417/417/417 416/416/416 415/415/415
f 418/418/418 417/417/417 415/415/415
f 421/421/421 420/420/420 419/419/419
f 422/422/422 421/421/421 419/419/419
f 425/425/425 424/424/424 423/423/423
f 426/426/426 425/425/425 423/423/423
f 429/429/429 428/428/428 427/427/427
f 430/430/430 429/429/429 427/427/427
f 433/433/433 432/432/432 431/431/431
f 434/434/434 433/433/433 431/431/431
f 437/437/437 436/436/436 435/435/435
f 438/438/438 437/437/437 435/435/435
f 441/441/441 440/440/440 439/439/439
f 442/442/442 441/441/441 439/439/439
f 445/445/445 444/444/444 443/443/443
f 446/446/446 445/445/445 443/443/443
f 449/449/449 448/448/448 447/447/447
f 450/450/450 449/449/449 447/447/447
f 453/453/453 452/452/452 451/451/451
f 454/454/454 453/453/453 451/451/451
f 457/457/457 456/456/456 455/455/455
f 458/458/458 457/457/457 455/455/455
f 461/461/461 460/460/460 459/459/459
f 462/462/462 461/461/461 459/459/459
f 465/465/465 464/464/464 463/463/463
f 466/466/466 465/465/465 463/463/463
f 469/469/469 468/468/468 467/467/467
f 470/470/470 469/469/469 467/467/467
f 473/473/473 472/472/472 471/471/471
f 474/474/474 473/473/473 471/471/471
f 477/477/477 476/476/476 475/475/475
f 478/478/478 477/477/477 475/475/475
f 481/481/481 480/480/480 479/479/479
f 482/482/482 481/481/481 479/479/479
f 485/485/485 484/484/484 483/483/483
f 486/486/486 485/485/485 483/483/483
f 489/489/489 488/488/488 487/487/487
f 490/490/490 489/489/489 487/487/487
f 493/493/493 492/492/492 491/491/491
f 494/494/494 493/493/493 491/491/491
f 497/497/497 496/496/496 495/495/495
f 498/498/498 497/497/497 495/495/495
f 501/501/501 500/500/500 499/499/499
f 502/502/502 501/501/501 499/499/499
f 505/505/505 504/504/504 503/503/503
f 506/506/506 505/505/505 503/503/503
f 509/509/509 508/508/508 507/507/507
f 510/510/510 509/509/509 507/507/507
f 513/513/513 512/512/512 511/511/511
f 514/514/514 513/513/513 511/511/511
f 517/517/517 516/516/516 515/515/515
f 518/518/518 517/517/517 515/515/515
f 521/521/521 520/520/520 519/519/519
f 522/522/522 521/521/521 519/519/519
f 525/525/525 524/524/524 523/523/523
f 526/526/526 525/525/525 523/523/523
f 529/529/529 528/528/528 527/527/527
f 530/530/530 529/529/529 527/527/527
f 533/533/533 532/532/532 531/531/531
f 534/534/534 533/533/533 531/531/531
f 537/537/537 536/536/536 535/535/535
f 538/538/538 537/537/537 535/535/535
f 541/541/541 540/540/540 539/539/539
f 542/542/542 541/541/541 539/539/539
f 545/545/545 544/544/544 543/543/543
f 546/546/546 545/545/545 543/543/543
f 549/549/549 548/548/548 547/547/547
f 550/550/550 549/549/549 547/547/547
f 553/553/553 552/552/552 551/551/551
f 554/554/554 553/553/553 551/551/551
f 557/557/557 556/556/556 555/555/555
f 558/558/558 557/557/557 555/555/555
f 561/561/561 560/560/560 559/559/559
f 562/562/562 561/561/561 559/559/559
f 565/565/565 564/564/564 563/563/563
f 566/566/566 565/565/565 563/563/563
f 569/569/569 568/568/568 567/567/567
f 570/570/570 569/569/569 567/567/567
f 573/573/573 572/572/572 571/571/571
f 574/574/574 573/573/573 571/571/571
f 577/577/577 576/576/576 575/575/575
f 578/578/578 577/577/577 575/575/575
f 581/581/581 580/580/580 579/579/579
f 582/582/582 581/581/581 579/579/579
f 585/585/585 584/584/584 583/583/583
f 586/586/586 585/585/585 583/583/583
f 589/589/589 588/588/588 587/587/587
f 590/590/590 589/589/589 587/587/587
f 593/593/593 592/592/592 591/591/591
f 594/594/594 593/593/593 591/591/591
f 597/597/597 596/596/596 595/595/595
f 598/598/598 597/597/597 595/595/595
f 601/601/601 600/600/600 599/599/599
f 602/602/602 601/601/601 599/599/599
f 605/605/605 604/604/604 603/603/603
f 606/606/606 605/605/605 603/603/603
f 609/609/609 608/608/608 607/607/607
f 610/610/610 609/609/609 607/607/607
f 613/613/613 612/612/612 611/611/611
f 614/614/614 613/613/613 611/611/611
f 617/617/617 616/616/616 615/615/615
f 618/618/618 617/617/617 615/615/615
f 621/621/621 620/620/620 619/619/619
f 622/622/622 621/621/621 619/619/619
f 625/625/625 624/624/624 623/623/623
f 626/626/626 625/625/625 623/623/623
f 629/629/629 628/628/628 627/627/627
f 630/630/630 629/629/629 627/627/627
f 633/633/633 632/632/632 631/631/631
f 634/634/634 633/633/633 631/631/631
f 637/637/637 636/636/636 635/635/635
f 638/638/638 637/637/637 635/635/635
f 641/641/641 640/640/640 639/639/639
f 642/642/642 641/641/641 639/639/639
f 645/645/645 644/644/644 643/643/643
f 646/646/646 645/645/645 643/643/643
f 649/649/649 648/648/648 647/647/647
f 650/650/650 649/649/649 647/647/647
f 653/653/653 652/652/652 651/651/651
f 654/654/654 653/653/653 651/651/651
f 657/657/657 656/656/656 655/655/655
f 658/658/658 657/657/657 655/655/655
f 661/661/661 660/660/660 659/659/659
f 662/662/662 661/661/661 659/659/659
f 665/665/665 664/664/664 663/663/663
f 666/666/666 665/665/665 663/663/663
f 669/669/669 668/668/668 667/667/667
f 670/670/670 669/669/669 667/667/667
f 673/673/673 672/672/672 671/671/671
f 674/674/674 673/673/673 671/671/671
f 677/677/677 676/676/676 675/675/675
f 678/678/678 677/677/677 675/675/675
f 681/681/681 680/680/680 679/679/679
f 682/682/682 681/681/681 679/679/679
f 685/685/685 684/684/684 683/683/683
f 686/686/686 685/685/685 683/683/683
f 689/689/689 688/688/688 687/687/687
f 690/690/690 689/689/689 687/687/687
f 693/693/693 692/692/692 691/691/691
f 694/694/694 693/693/693 691/691/691
f 697/697/697 696/696/696 695/695/695
f 698/698/698 697/697/697 695/695/695
f 701/701/701 700/700/700 699/699/699
f 702/702/702 701/701/701 699/699/699
f 705/705/705 704/704/704 703/703/703
f 706/706/706 705/705/705 703/703/703
f 709/709/709 708/708/708 707/707/707
f 710/710/710 709/709/709 707/707/707
f 713/713/713 712/712/712 711/711/711
f 714/714/714 713/713/713 711/711/711
f 717/717/717 716/716/716 715/715/715
f 718/718/718 717/717/717 715/715/715
f 721/721/721 720/720/720 719/719/719
f 722/722/722 721/721/721 719/719/719
f 725/725/725 724/724/724 723/723/723
f 726/726/726 725/725/725 723/723/723
f 729/729/729 728/728/728 727/727/727
f 730/730/730 729/729/729 727/727/727
f 733/733/733 732/732/732 731/731/731
f 734/734/734 733/733/733 731/731/731
f 737/737/737 736/736/736 735/735/735
f 738/738/738 737/737/737 735/735/735
f 741/741/741 740/740/740 739/739/739
f 742/742/742 741/741/741 739/739/739
f 745/745/745 744/744/744 743/743/743
f 746/746/746 745/745/745 743/743/743
f 749/749/749 748/748/748 747/747/747
f 750/750/750 749/749/749 747/747/747
f 753/753/753 752/752/752 751/751/751
f 754/754/754 753/753/753 751/751/751
f 757/757/757 756/756/756 755/755/755
f 758/758/758 757/757/757 755/755/755
f 761/761/761 760/760/760 759/759/759
f 762/762/762 761/761/761 759/759/759
f 765/765/765 764/764/764 763/763/763
f 766/766/766 765/765/765 763/763/763
f 769/769/769 768/768/768 767/767/767
f 770/770/770 769/769/769 767/767/767
f 773/773/773 772/772/772 771/771/771
f 774/774/774 773/773/773 771/771/771
f 777/777/777 776/776/776 775/775/775
f 778/778/778 777/777/777 775/775/775
f 781/781/781 780/780/780 779/779/779
f 782/782/782 781/781/781 779/779/779
f 785/785/785 784/784/784 783/783/783
f 786/786/786 785/785/785 783/783/783
f 789/789/789 788/788/788 787/787/787
f 790/790/790 789/789/789 787/787/787
f 793/793/793 792/792/792 791/791/791
f 794/794/794 793/793/793 791/791/791
f 797/797/797 796/796/796 795/795/795
f 798/798/798 797/797/797 795/795/795
f 801/801/801 800/800/800 799/799/799
f 802/802/802 801/801/801 799/799/799
f 805/805/805 804/804/804 803/803/803
f 806/806/806 805/805/805 803/803/803
f 809/809/809 808/808/808 807/807/807
f 810/810/810 809/809/809 807/807/807
f 813/813/813 812/812/812 811/811/811
f 814/814/814 813/813/813 811/811/811
f 817/817/817 816/816/816 815/815/815
f 818/818/818 817/817/817 815/815/815
f 821/821/821 820/820/820 819/819/819
f 822/822/822 821/821/821 819/819/819
f 825/825/825 824/824/824 823/823/823
f 826/826/826 825/825/825 823/823/823
f 829/829/829 828/828/828 827/827/827
f 830/830/830 829/829/829 827/827/827
f 833/833/833 832/832/832 831/831/831
f 834/834/834 833/833/833 831/831/831
f 837/837/837 836/836/836 835/835/835
f 838/838/838 837/837/837 835/835/835
f 841/841/841 840/840/840 839/839/839
f 842/842/842 841/841/841 839/839/839
f 845/845/845 844/844/844 843/843/843
f 846/846/846 845/845/845 843/843/843
f 849/849/849 848/848/848 847/847/847
f 850/850/850 849/849/849 847/847/847
f 853/853/853 852/852/852 851/851/851
f 854/854/854 853/853/853 851/851/851
f 857/857/857 856/856/856 855/855/855
f 858/858/858 857/857/857 855/855/855
f 861/861/861 860/860/860 859/859/859
f 862/862/862 861/861/861 859/859/859
f 865/865/865 864/864/864 863/863/863
f 866/866/866 865/865/865 863/863/863
f 869/869/869 868/868/868 867/867/867
f 870/870/870 869/869/869 867/867/867
f 873/873/873 872/872/872 871/871/871
f 874/874/874 873/873/873 871/871/871
f 877/877/877 876/876/876 875/875/875
f 878/878/878 877/877/877 875/875/875
f 881/881/881 880/880/880 879/879/879
f 882/882/882 881/881/881 879/879/879
f 885/885/885 884/884/884 883/883/883
f 886/886/886 885/885/885 883/883/883
f 889/889/889 888/888/888 887/887/887
f 890/890/890 889/889/889 887/887/887
f 893/893/893 892/892/892 891/891/891
f 894/894/894 893/893/893 891/891/891
f 897/897/897 896/896/896 895/895/895
f 898/898/898 897/897/897 895/895/895
f 901/901/901 900/900/900 899/899/899
f 902/902/902 901/901/901 899/899/899
f 905/905/905 904/904/904 903/903/903
f 906/906/906 905/905/905 903/903/903
f 909/909/909 908/908/908 907/907/907
f 910/910/910 909/909/909 907/907/907
f 913/913/913 912/912/912 911/911/911
f 914/914/914 913/913/913 911/911/911
f 917/917/917 916/916/916 915/915/915
f 918/918/918 917/917/917 915/915/915
f 921/921/921 920/920/920 919/919/919
f 922/922/922 921/921/921 919/919/919
f 925/925/925 924/924/924 923/923/923
f 926/926/926 925/925/925 923/923/923
f 929/929/929 928/928/928 927/927/927
f 930/930/930 929/929/929 927/927/927
f 933/933/933 932/932/932 931/931/931
f 934/934/934 933/933/933 931/931/931
f 937/937/937 936/936/936 935/935/935
f 938/938/938 937/937/937 935/935/935
f 941/941/941 940/940/940 939/939/939
f 942/942/942 941/941/941 939/939/939
f 945/945/945 944/944/944 943/943/943
f 946/946/946 945/945/945 943/943/943
f 949/949/949 948/948/948 947/947/947
f 950/950/950 949/949/949 947/947/947
f 953/953/953 952/952/952 951/951/951
f 954/954/954 953/953/953 951/951/951
f 957/957/957 956/956/956 955/955/955
f 958/958/958 957/957/957 955/955/955
f 961/961/961 960/960/960 959/959/959
f 962/962/962 961/961/961 959/959/959
f 965/965/965 964/964/964 963/963/963
f 966/966/966 965/965/965 963/963/963
f 969/969/969 968/968/968 967/967/967
f 970/970/970 969/969/969 967/967/967
f 973/973/973 972/972/972 971/971/971
f 974/974/974 973/973/973 971/971/971
f 977/977/977 976/976/976 975/975/975
f 978/978/978 977/977/977 975/975/975
f 981/981/981 980/980/980 979/979/979
f 982/982/982 981/981/981 979/979/979
f 985/985/985 984/984/984 983/983/983
f 986/986/986 985/985/985 983/983/983
f 989/989/989 988/988/988 987/987/987
f 990/990/990 989/989/989 987/987/987
f 993/993/993 992/992/992 991/991/991
f 994/994/994 993/993/993 991/991/991
f 997/997/997 996/996/996 995/995/995
f 998/998/998 997/997/997 995/995/995
f 1001/1001/1001 1000/1000/1000 999/999/999
f 1002/1002/1002 1001/1001/1001 999/999/999
f 1005/1005/1005 1004/1004/1004 1003/1003/1003
f 1006/1006/1006 1005/1005/1005 1003/1003/1003
f 1009/1009/1009 1008/1008/1008 1007/1007/1007
f 1010/1010/1010 1009/1009/1009 1007/1007/1007
f 1013/1013/1013 1012/1012/1012 1011/1011/1011
f 1014/1014/1014 1013/1013/1013 1011/1011/1011
f 1017/1017/1017 1016/1016/1016 1015/1015/1015
f 1018/1018/1018 1017/1017/1017 1015/1015/1015
f 1021/1021/1021 1020/1020/1020 1019/1019/1019
f 1022/1022/1022 1021/1021/1021 1019/1019/1019
f 1025/1025/1025 1024/1024/1024 1023/1023/1023
f 1026/1026/1026 1025/1025/1025 1023/1023/1023
f 1029/1029/1029 1028/1028/1028 1027/1027/1027
f 1030/1030/1030 1029/1029/1029 1027/1027/1027
f 1033/1033/1033 1032/1032/1032 1031/1031/1031
f 1034/1034/1034 1033/1033/1033 1031/1031/1031
f 1037/1037/1037 1036/1036/1036 1035/1035/1035
f 1038/1038/1038 1037/1037/1037 1035/1035/1035
f 1041/1041/1041 1040/1040/1040 1039/1039/1039
f 1042/1042/1042 1041/1041/1041 1039/1039/1039
f 1045/1045/1045 1044/1044/1044 1043/1043/1043
f 1046/1046/1046 1045/1045/1045 1043/1043/1043
f 1049/1049/1049 1048/1048/1048 1047/1047/1047
f 1050/1050/1050 1049/1049/1049 1047/1047/1047
f 1053/1053/1053 1052/1052/1052 1051/1051/1051
f 1054/1054/1054 1053/1053/1053 1051/1051/1051
f 1057/1057/1057 1056/1056/1056 1055/1055/1055
f 1058/1058/1058 1057/1057/1057 1055/1055/1055
f 1061/1061/1061 1060/1060/1060 1059/1059/1059
f 1062/1062/1062 1061/1061/1061 1059/1059/1059
f 1065/1065/1065 1064/1064/1064 1063/1063/1063
f 1066/1066/1066 1065/1065/1065 1063/1063/1063
f 1069/1069/1069 1068/1068/1068 1067/1067/1067
f 1070/1070/1070 1069/1069/1069 1067/1067/1067
f 1073/1073/1073 1072/1072/1072 1071/1071/1071
f 1074/1074/1074 1073/1073/1073 1071/1071/1071
f 1077/1077/1077 1076/1076/1076 1075/1075/1075
f 1078/1078/1078 1077/1077/1077 1075/1075/1075
f 1081/1081/1081 1080/1080/1080 1079/1079/1079
f 1082/1082/1082 1081/1081/1081 1079/1079/1079
f 1085/1085/1085 1084/1084/1084 1083/1083/1083
f 1086/1086/1086 1085/1085/1085 1083/1083/1083
f 1089/1089/1089 1088/1088/1088 1087/1087/1087
f 1090/1090/1090 1089/1089/1089 1087/1087/1087
f 1093/1093/1093 1092/1092/1092 1091/1091/1091
f 1094/1094/1094 1093/1093/1093 1091/1091/1091
f 1097/1097/1097 1096/1096/1096 1095/1095/1095
f 1098/1098/1098 1097/1097/1097 1095/1095/1095
f 1101/1101/1101 1100/1100/1100 1099/1099/1099
f 1102/1102/1102 1101/1101/1101 1099/1099/1099
f 1105/1105/1105 1104/1104/1104 1103/1103/1103
f 1106/1106/1106 1105/1105/1105 1103/1103/1103
f 1109/1109/1109 1108/1108/1108 1107/1107/1107
f 1110/1110/1110 1109/1109/1109 1107/1107/1107
f 1113/1113/1113 1112/1112/1112 1111/1111/1111
f 1114/1114/1114 1113/1113/1113 1111/1111/1111
f 1117/1117/1117 1116/1116/1116 1115/1115/1115
f 1118/1118/1118 1117/1117/1117 1115/1115/1115
f 1121/1121/1121 1120/1120/1120 1119/1119/1119
f 1122/1122/1122 1121/1121/1121 1119/1119/1119
f 1125/1125/1125 1124/1124/1124 1123/1123/1123
f 1126/1126/1126 1125/1125/1125 1123/1123/1123
f 1129/1129/1129 1128/1128/1128 1127/1127/1127
f 1130/1130/1130 1129/1129/1129 1127/1127/1127
f 1133/1133/1133 1132/1132/1132 1131/1131/1131
f 1134/1134/1134 1133/1133/1133 1131/1131/1131
f 1137/1137/1137 1136/1136/1136 1135/1135/1135
f 1138/1138/1138 1137/1137/1137 1135/1135/1135
f 1141/1141/1141 1140/1140/1140 1139/1139/1139
f 1142/1142/1142 1141/1141/1141 1139/1139/1139
f 1145/1145/1145 1144/1144/1144 1143/1143/1143
f 1146/1146/1146 1145/1145/1145 1143/1143/1143
f 1149/1149/1149 1148/1148/1148 1147/1147/1147
f 1150/1150/1150 1149/1149/1149 1147/1147/1147
f 1153/1153/1153 1152/1152/1152 1151/1151/1151
f 1154/1154/1154 1153/1153/1153 1151/1151/1151
f 1157/1157/1157 1156/1156/1156 1155/1155/1155
f 1158/1158/1158 1157/1157/1157 1155/1155/1155
f 1161/1161/1161 1160/1160/1160 1159/1159/1159
f 1162/1162/1162 1161/1161/1161 1159/1159/1159
f 1165/1165/1165 1164/1164/1164 1163/1163/1163
f 1166/1166/1166 1165/1165/1165 1163/1163/1163
f 1169/1169/1169 1168/1168/1168 1167/1167/1167
f 1170/1170/1170 1169/1169/1169 1167/1167/1167
f 1173/1173/1173 1172/1172/1172 1171/1171/1171
f 1174/1174/1174 1173/1173/1173 1171/1171/1171
f 1177/1177/1177 1176/1176/1176 1175/1175/1175
f 1178/1178/1178 1177/1177/1177 1175/1175/1175
f 1181/1181/1181 1180/1180/1180 1179/1179/1179
f 1182/1182/1182 1181/1181/1181 1179/1179/1179
f 1185/1185/1185 1184/1184/1184 1183/1183/1183
f 1186/1186/1186 1185/1185/1185 1183/1183/1183
f 1189/1189/1189 1188/1188/1188 1187/1187/1187
f 1190/1190/1190 1189/1189/1189 1187/1187/1187
f 1193/1193/1193 1192/1192/1192 1191/1191/1191
f 1194/1194/1194 1193/1193/1193 1191/1191/1191
f 1197/1197/1197 1196/1196/1196 1195/1195/1195
f 1198/1198/1198 1197/1197/1197 1195/1195/1195
f 1201/1201/1201 1200/1200/1200 1199/1199/1199
f 1202/1202/1202 1201/1201/1201 1199/1199/1199
f 1205/1205/1205 1204/1204/1204 1203/1203/1203
f 1206/1206/1206 1205/1205/1205 1203/1203/1203
f 1209/1209/1209 1208/1208/1208 1207/1207/1207
f 1210/1210/1210 1209/1209/1209 1207/1207/1207
f 1213/1213/1213 1212/1212/1212 1211/1211/1211
f 1214/1214/1214 1213/1213/1213 1211/1211/1211
f 1217/1217/1217 1216/1216/1216 1215/1215/1215
f 1218/1218/1218 1217/1217/1217 1215/1215/1215
f 1221/1221/1221 1220/1220/1220 1219/1219/1219
f 1222/1222/1222 1221/1221/1221 1219/1219/1219
f 1225/1225/1225 1224/1224/1224 1223/1223/1223
f 1226/1226/1226 1225/1225/1225 1223/1223/1223
f 1229/1229/1229 1228/1228/1228 1227/1227/1227
f 1230/1230/1230 1229/1229/1229 1227/1227/1227
f 1233/1233/1233 1232/1232/1232 1231/1231/1231
f 1234/1234/1234 1233/1233/1233 1231/1231/1231
f 1237/1237/1237 1236/1236/1236 1235/1235/1235
f 1238/1238/1238 1237/1237/1237 1235/1235/1235
f 1241/1241/1241 1240/1240/1240 1239/1239/1239
f 1242/1242/1242 1241/1241/1241 1239/1239/1239
f 1245/1245/1245 1244/1244/1244 1243/1243/1243
f 1246/1246/1246 1245/1245/1245 1243/1243/1243
f 1249/1249/1249 1248/1248/1248 1247/1247/1247
f 1250/1250/1250 1249/1249/1249 1247/1247/1247
f 1253/1253/1253 1252/1252/1252 1251/1251/1251
f 1254/1254/1254 1253/1253/1253 1251/1251/1251
f 1257/1257/1257 1256/1256/1256 1255/1255/1255
f 1258/1258/1258 1257/1257/1257 1255/1255/1255
f 1261/1261/1261 1260/1260/1260 1259/1259/1259
f 1262/1262/1262 1261/1261/1261 1259/1259/1259
f 1265/1265/1265 1264/1264/1264 1263/1263/1263
f 1266/1266/1266 1265/1265/1265 1263/1263/1263
f 1269/1269/1269 1268/1268/1268 1267/1267/1267
f 1270/1270/1270 1269/1269/1269 1267/1267/1267
f 1273/1273/1273 1272/1272/1272 1271/1271/1271
f 1274/1274/1274 1273/1273/1273 1271/1271/1271
f 1277/1277/1277 1276/1276/1276 1275/1275/1275
f 1278/1278/1278 1277/1277/1277 1275/1275/1275
f 1281/1281/1281 1280/1280/1280 1279/1279/1279
f 1282/1282/1282 1281/1281/1281 1279/1279/1279
f 1285/1285/1285 1284/1284/1284 1283/1283/1283
f 1286/1286/1286 1285/1285/1285 1283/1283/1283
f 1289/1289/1289 1288/1288/1288 1287/1287/1287
f 1290/1290/1290 1289/1289/1289 1287/1287/1287
f 1293/1293/1293 1292/1292/1292 1291/1291/1291
f 1294/1294/1294 1293/1293/1293 1291/1291/1291
f 1297/1297/1297 1296/1296/1296 1295/1295/1295
f 1298/1298/1298 1297/1297/1297 1295/1295/1295
f 1301/1301/1301 1300/1300/1300 1299/1299/1299
f 1302/1302/1302 1301/1301/1301 1299/1299/1299
f 1305/1305/1305 1304/1304/1304 1303/1303/1303
f 1306/1306/1306 1305/1305/1305 1303/1303/1303
f 1309/1309/1309 1308/1308/1308 1307/1307/1307
f 1310/1310/1310 1309/1309/1309 1307/1307/1307
f 1313/1313/1313 1312/1312/1312 1311/1311/1311
f 1314/1314/1314 1313/1313/1313 1311/1311/1311
f 1317/1317/1317 1316/1316/1316 1315/1315/1315
f 1318/1318/1318 1317/1317/1317 1315/1315/1315
f 1321/1321/1321 1320/1320/1320 1319/1319/1319
f 1322/1322/1322 1321/1321/1321 1319/1319/1319
f 1325/1325/1325 1324/1324/1324 1323/1323/1323
f 1326/1326/1326 1325/1325/1325 1323/1323/1323
f 1329/1329/1329 1328/1328/1328 1327/1327/1327
f 1330/1330/1330 1329/1329/1329 1327/1327/1327
f 1333/1333/1333 1332/1332/1332 1331/1331/1331
f 1334/1334/1334 1333/1333/1333 1331/1331/1331
f 1337/1337/1337 1336/1336/1336 1335/1335/1335
f 1338/1338/1338 1337/1337/1337 1335/1335/1335
f 1341/1341/1341 1340/1340/1340 1339/1339/1339
f 1342/1342/1342 1341/1341/1341 1339/1339/1339
f 1345/1345/1345 1344/1344/1344 1343/1343/1343
f 1346/1346/1346 1345/1345/1345 1343/1343/1343
f 1349/1349/1349 1348/1348/1348 1347/1347/1347
f 1350/1350/1350 1349/1349/1349 1347/1347/1347
f 1353/1353/1353 1352/1352/1352 1351/1351/1351
f 1354/1354/1354 1353/1353/1353 1351/1351/1351
f 1357/1357/1357 1356/1356/1356 1355/1355/1355
f 1358/1358/1358 1357/1357/1357 1355/1355/1355
f 1361/1361/1361 1360/1360/1360 1359/1359/1359
f 1362/1362/1362 1361/1361/1361 1359/1359/1359
f 1365/1365/1365 1364/1364/1364 1363/1363/1363
f 1366/1366/1366 1365/1365/1365 1363/1363/1363
f 1369/1369/1369 1368/1368/1368 1367/1367/1367
f 1370/1370/1370 1369/1369/1369 1367/1367/1367
f 1373/1373/1373 1372/1372/1372 1371/1371/1371
f 1374/1374/1374 1373/1373/1373 1371/1371/1371
f 1377/1377/1377 1376/1376/1376 1375/1375/1375
f 1378/1378/1378 1377/1377/1377 1375/1375/1375
f 1381/1381/1381 1380/1380/1380 1379/1379/1379
f 1382/1382/1382 1381/1381/1381 1379/1379/1379
f 1385/1385/1385 1384/1384/1384 1383/1383/1383
f 1386/1386/1386 1385/1385/1385 1383/1383/1383
f 1389/1389/1389 1388/1388/1388 1387/1387/1387
f 1390/1390/1390 1389/1389/1389 1387/1387/1387
f 1393/1393/1393 1392/1392/1392 1391/1391/1391
f 1394/1394/1394 1393/1393/1393 1391/1391/1391
f 1397/1397/1397 1396/1396/1396 1395/1395/1395
f 1398/1398/1398 1397/1397/1397 1395/1395/1395
f 1401/1401/1401 1400/1400/1400 1399/1399/1399
f 1402/1402/1402 1401/1401/1401 1399/1399/1399
f 1405/1405/1405 1404/1404/1404 1403/1403/1403
f 1406/1406/1406 1405/1405/1405 1403/1403/1403
f 1409/1409/1409 1408/1408/1408 1407/1407/1407
f 1410/1410/1410 1409/1409/1409 1407/1407/1407
f 1413/1413/1413 1412/1412/1412 1411/1411/1411
f 1414/1414/1414 1413/1413/1413 1411/1411/1411
f 1417/1417/1417 1416/1416/1416 1415/1415/1415
f 1418/1418/1418 1417/1417/1417 1415/1415/1415
f 1421/1421/1421 1420/1420/1420 1419/1419/1419
f 1422/1422/1422 1421/1421/1421 1419/1419/1419
f 1425/1425/1425 1424/1424/1424 1423/1423/1423
f 1426/1426/1426 1425/1425/1425 1423/1423/1423
f 1429/1429/1429 1428/1428/1428 1427/1427/1427
f 1430/1430/1430 1429/1429/1429 1427/1427/1427
f 1433/1433/1433 1432/1432/1432 1431/1431/1431
f 1434/1434/1434 1433/1433/1433 1431/1431/1431
f 1437/1437/1437 1436/1436/1436 1435/1435/1435
f 1438/1438/1438 1437/1437/1437 1435/1435/1435
f 1441/1441/1441 1440/1440/1440 1439/1439/1439
f 1442/1442/1442 1441/1441/1441 1439/1439/1439
f 1445/1445/1445 1444/1444/1444 1443/1443/1443
f 1446/1446/1446 1445/1445/1445 1443/1443/1443
f 1449/1449/1449 1448/1448/1448 1447/1447/1447
f 1450/1450/1450 1449/1449/1449 1447/1447/1447
f 1453/1453/1453 1452/1452/1452 1451/1451/1451
f 1454/1454/1454 1453/1453/1453 1451/1451/1451
f 1457/1457/1457 1456/1456/1456 1455/1455/1455
f 1458/1458/1458 1457/1457/1457 1455/1455/1455
f 1461/1461/1461 1460/1460/1460 1459/1459/1459
f 1462/1462/1462 1461/1461/1461 1459/1459/1459
f 1465/1465/1465 1464/1464/1464 1463/1463/1463
f 1466/1466/1466 1465/1465/1465 1463/1463/1463
f 1469/1469/1469 1468/1468/1468 1467/1467/1467
f 1470/1470/1470 1469/1469/1469 1467/1467/1467
f 1473/1473/1473 1472/1472/1472 1471/1471/1471
f 1474/1474/1474 1473/1473/1473 1471/1471/1471
f 1477/1477/1477 1476/1476/1476 1475/1475/1475
f 1478/1478/1478 1477/1477/1477 1475/1475/1475
f 1481/1481/1481 1480/1480/1480 1479/1479/1479
f 1482/1482/1482 1481/1481/1481 1479/1479/1479
f 1485/1485/1485 1484/1484/1484 1483/1483/1483
f 1486/1486/1486 1485/1485/1485 1483/1483/1483
f 1489/1489/1489 1488/1488/1488 1487/1487/1487
f 1490/1490/1490 1489/1489/1489 1487/1487/1487
f 1493/1493/1493 1492/1492/1492 1491/1491/1491
f 1494/1494/1494 1493/1493/1493 1491/1491/1491
f 1497/1497/1497 1496/1496/1496 1495/1495/1495
f 1498/1498/1498 1497/1497/1497 1495/1495/1495
f 1501/1501/1501 1500/1500/1500 1499/1499/1499
f 1502/1502/1502 1501/1501/1501 1499/1499/1499
f 1505/1505/1505 1504/1504/1504 1503/1503/1503
f 1506/1506/1506 1505/1505/1505 1503/1503/1503
f 1509/1509/1509 1508/1508/1508 1507/1507/1507
f 1510/1510/1510 1509/1509/1509 1507/1507/1507
f 1513/1513/1513 1512/1512/1512 1511/1511/1511
f 1514/1514/1514 1513/1513/1513 1511/1511/1511
f 1517/1517/1517 1516/1516/1516 1515/1515/1515
f 1518/1518/1518 1517/1517/1517 1515/1515/1515
f 1521/1521/1521 1520/1520/1520 1519/1519/1519
f 1522/1522/1522 1521/1521/1521 1519/1519/1519
f 1525/1525/1525 1524/1524/1524 1523/1523/1523
f 1526/1526/1526 1525/1525/1525 1523/1523/1523
f 1529/1529/1529 1528/1528/1528 1527/1527/1527
f 1530/1530/1530 1529/1529/1529 1527/1527/1527
f 1533/1533/1533 1532/1532/1532 1531/1531/1531
f 1534/1534/1534 1533/1533/1533 1531/1531/1531
f 1537/1537/1537 1536/1536/1536 1535/1535/1535
f 1538/1538/1538 1537/1537/1537 1535/1535/1535
f 1541/1541/1541 1540/1540/1540 1539/1539/1539
f 1542/1542/1542 1541/1541/1541 1539/1539/1539
f 1545/1545/1545 1544/1544/1544 1543/1543/1543
f 1546/1546/1546 1545/1545/1545 1543/1543/1543
f 1549/1549/1549 1548/1548/1548 1547/1547/1547
f 1550/1550/1550 1549/1549/1549 1547/1547/1547
f 1553/1553/1553 1552/1552/1552 1551/1551/1551
f 1554/1554/1554 1553/1553/1553 1551/1551/1551
f 1557/1557/1557 1556/1556/1556 1555/1555/1555
f 1558/1558/1558 1557/1557/1557 1555/1555/1555
f 1561/1561/1561 1560/1560/1560 1559/1559/1559
f 1562/1562/1562 1561/1561/1561 1559/1559/1559
f 1565/1565/1565 1564/1564/1564 1563/1563/1563
f 1566/1566/1566 1565/1565/1565 1563/1563/1563
f 1569/1569/1569 1568/1568/1568 1567/1567/1567
f 1570/1570/1570 1569/1569/1569 1567/1567/1567
f 1573/1573/1573 1572/1572/1572 1571/1571/1571
f 1574/1574/1574 1573/1573/1573 1571/1571/1571
f 1577/1577/1577 1576/1576/1576 1575/1575/1575
f 1578/1578/1578 1577/1577/1577 1575/1575/1575
f 1581/1581/1581 1580/1580/1580 1579/1579/1579
f 1582/1582/1582 1581/1581/1581 1579/1579/1579
f 1585/1585/1585 1584/1584/1584 1583/1583/1583
f 1586/1586/1586 1585/1585/1585 1583/1583/1583
f 1589/1589/1589 1588/1588/1588 1587/1587/1587
f 1590/1590/1590 1589/1589/1589 1587/1587/1587
f 1593/1593/1593 1592/1592/1592 1591/1591/1591
f 1594/1594/1594 1593/1593/1593 1591/1591/1591
f 1597/1597/1597 1596/1596/1596 1595/1595/1595
f 1598/1598/1598 1597/1597/1597 1595/1595/1595
f 1601/1601/1601 1600/1600/1600 1599/1599/1599
f 1602/1602/1602 1601/1601/1601 1599/1599/1599
f 1605/1605/1605 1604/1604/1604 1603/1603/1603
f 1606/1606/1606 1605/1605/1605 1603/1603/1603
f 1609/1609/1609 1608/1608/1608 1607/1607/1607
f 1610/1610/1610 1609/1609/1609 1607/1607/1607
f 1613/1613/1613 1612/1612/1612 1611/1611/1611
f 1614/1614/1614 1613/1613/1613 1611/1611/1611
f 1617/1617/1617 1616/1616/1616 1615/1615/1615
f 1618/1618/1618 1617/1617/1617 1615/1615/1615
f 1621/1621/1621 1620/1620/1620 1619/1619/1619
f 1622/1622/1622 1621/1621/1621 1619/1619/1619
f 1625/1625/1625 1624/1624/1624 1623/1623/1623
f 1626/1626/1626 1625/1625/1625 1623/1623/1623
f 1629/1629/1629 1628/1628/1628 1627/1627/1627
f 1630/1630/1630 1629/1629/1629 1627/1627/1627
f 1633/1633/1633 1632/1632/1632 1631/1631/1631
f 1634/1634/1634 1633/1633/1633 1631/1631/1631
f 1637/1637/1637 1636/1636/1636 1635/1635/1635
f 1638/1638/1638 1637/1637/1637 1635/1635/1635
f 1641/1641/1641 1640/1640/1640 1639/1639/1639
f 1642/1642/1642 1641/1641/1641 1639/1639/1639
f 1645/1645/1645 1644/1644/1644 1643/1643/1643
f 1646/1646/1646 1645/1645/1645 1643/1643/1643
f 1649/1649/1649 1648/1648/1648 1647/1647/1647
f 1650/1650/1650 1649/1649/1649 1647/1647/1647
f 1653/1653/1653 1652/1652/1652 1651/1651/1651
f 1654/1654/1654 1653/1653/1653 1651/1651/1651
f 1657/1657/1657 1656/1656/1656 1655/1655/1655
f 1658/1658/1658 1657/1657/1657 1655/1655/1655
f 1661/1661/1661 1660/1660/1660 1659/1659/1659
f 1662/1662/1662 1661/1661/1661 1659/1659/1659
f 1665/1665/1665 1664/1664/1664 1663/1663/1663
f 1666/1666/1666 1665/1665/1665 1663/1663/1663
f 1669/1669/1669 1668/1668/1668 1667/1667/1667
f 1670/1670/1670 1669/1669/1669 1667/1667/1667
f 1673/1673/1673 1672/1672/1672 1671/1671/1671
f 1674/1674/1674 1673/1673/1673 1671/1671/1671
f 1677/1677/1677 1676/1676/1676 1675/1675/1675
f 1678/1678/1678 1677/1677/1677 1675/1675/1675
f 1681/1681/1681 1680/1680/1680 1679/1679/1679
f 1682/1682/1682 1681/1681/1681 1679/1679/1679
f 1685/1685/1685 1684/1684/1684 1683/1683/1683
f 1686/1686/1686 1685/1685/1685 1683/1683/1683
f 1689/1689/1689 1688/1688/1688 1687/1687/1687
f 1690/1690/1690 1689/1689/1689 1687/1687/1687
f 1693/1693/1693 1692/1692/1692 1691/1691/1691
f 1694/1694/1694 1693/1693/1693 1691/1691/1691
f 1697/1697/1697 1696/1696/1696 1695/1695/1695
f 1698/1698/1698 1697/1697/1697 1695/1695/1695
f 1701/1701/1701 1700/1700/1700 1699/1699/1699
f 1702/1702/1702 1701/1701/1701 1699/1699/1699
f 1705/1705/1705 1704/1704/1704 1703/1703/1703
f 1706/1706/1706 1705/1705/1705 1703/1703/1703
f 1709/1709/1709 1708/1708/1708 1707/1707/1707
f 1710/1710/1710 1709/1709/1709 1707/1707/1707
f 1713/1713/1713 1712/1712/1712 1711/1711/1711
f 1714/1714/1714 1713/1713/1713 1711/1711/1711
f 1717/1717/1717 1716/1716/1716 1715/1715/1715
f 1718/1718/1718 1717/1717/1717 1715/1715/1715
f 1721/1721/1721 1720/1720/1720 1719/1719/1719
f 1722/1722/1722 1721/1721/1721 1719/1719/1719
f 1725/1725/1725 1724/1724/1724 1723/1723/1723
f 1726/1726/1726 1725/1725/1725 1723/1723/1723
f 1729/1729/1729 1728/1728/1728 1727/1727/1727
f 1730/1730/1730 1729/1729/1729 1727/1727/1727
f 1733/1733/1733 1732/1732/1732 1731/1731/1731
f 1734/1734/1734 1733/1733/1733 1731/1731/1731
f 1737/1737/1737 1736/1736/1736 1735/1735/1735
f 1738/1738/1738 1737/1737/1737 1735/1735/1735
f 1741/1741/1741 1740/1740/1740 1739/1739/1739
f 1742/1742/1742 1741/1741/1741 1739/1739/1739
f 1745/1745/1745 1744/1744/1744 1743/1743/1743
f 1746/1746/1746 1745/1745/1745 1743/1743/1743
f 1749/1749/1749 1748/1748/1748 1747/1747/1747
f 1750/1750/1750 1749/1749/1749 1747/1747/1747
f 1753/1753/1753 1752/1752/1752 1751/1751/1751
f 1754/1754/1754 1753/1753/1753 1751/1751/1751
f 1757/1757/1757 1756/1756/1756 1755/1755/1755
f 1758/1758/1758 1757/1757/1757 1755/1755/1755
f 1761/1761/1761 1760/1760/1760 1759/1759/1759
f 1762/1762/1762 1761/1761/1761 1759/1759/1759
f 1765/1765/1765 1764/1764/1764 1763/1763/1763
f 1766/1766/1766 1765/1765/1765 1763/1763/1763
f 1769/1769/1769 1768/1768/1768 1767/1767/1767
f 1770/1770/1770 1769/1769/1769 1767/1767/1767
f 1773/1773/1773 1772/1772/1772 1771/1771/1771
f 1774/1774/1774 1773/1773/1773 1771/1771/1771
f 1777/1777/1777 1776/1776/1776 1775/1775/1775
f 1778/1778/1778 1777/1777/1777 1775/1775/1775
f 1781/1781/1781 1780/1780/1780 1779/1779/1779
f 1782/1782/1782 1781/1781/1781 1779/1779/1779
f 1785/1785/1785 1784/1784/1784 1783/1783/1783
f 1786/1786/1786 1785/1785/1785 1783/1783/1783
f 1789/1789/1789 1788/1788/1788 1787/1787/1787
f 1790/1790/1790 1789/1789/1789 1787/1787/1787
f 1793/1793/1793 1792/1792/1792 1791/1791/1791
f 1794/1794/1794 1793/1793/1793 1791/1791/1791
f 1797/1797/1797 1796/1796/1796 1795/1795/1795
f 1798/1798/1798 1797/1797/1797 1795/1795/1795
f 1801/1801/1801 1800/1800/1800 1799/1799/1799
f 1802/1802/1802 1801/1801/1801 1799/1799/1799
f 1805/1805/1805 1804/1804/1804 1803/1803/1803
f 1806/1806/1806 1805/1805/1805 1803/1803/1803
f 1809/1809/1809 1808/1808/1808 1807/1807/1807
f 1810/1810/1810 1809/1809/1809 1807/1807/1807
f 1813/1813/1813 1812/1812/1812 1811/1811/1811
f 1814/1814/1814 1813/1813/1813 1811/1811/1811
f 1817/1817/1817 1816/1816/1816 1815/1815/1815
f 1818/1818/1818 1817/1817/1817 1815/1815/1815
f 1821/1821/1821 1820/1820/1820 1819/1819/1819
f 1822/1822/1822 1821/1821/1821 1819/1819/1819
f 1825/1825/1825 1824/1824/1824 1823/1823/1823
f 1826/1826/1826 1825/1825/1825 1823/1823/1823
f 1829/1829/1829 1828/1828/1828 1827/1827/1827
f 1830/1830/1830 1829/1829/1829 1827/1827/1827
f 1833/1833/1833 1832/1832/1832 1831/1831/1831
f 1834/1834/1834 1833/1833/1833 1831/1831/1831
f 1837/1837/1837 1836/1836/1836 1835/1835/1835
f 1838/1838/1838 1837/1837/1837 1835/1835/1835
f 1841/1841/1841 1840/1840/1840 1839/1839/1839
f 1842/1842/1842 1841/1841/1841 1839/1839/1839
f 1845/1845/1845 1844/1844/1844 1843/1843/1843
f 1846/1846/1846 1845/1845/1845 1843/1843/1843
f 1849/1849/1849 1848/1848/1848 1847/1847/1847
f 1850/1850/1850 1849/1849/1849 1847/1847/1847
f 1853/1853/1853 1852/1852/1852 1851/1851/1851
f 1854/1854/1854 1853/1853/1853 1851/1851/1851
f 1857/1857/1857 1856/1856/1856 1855/1855/1855
f 1858/1858/1858 1857/1857/1857 1855/1855/1855
f 1861/1861/1861 1860/1860/1860 1859/1859/1859
f 1862/1862/1862 1861/1861/1861 1859/1859/1859
f 1865/1865/1865 1864/1864/1864 1863/1863/1863
f 1866/1866/1866 1865/1865/1865 1863/1863/1863
f 1869/1869/1869 1868/1868/1868 1867/1867/1867
f 1870/1870/1870 1869/1869/1869 1867/1867/1867
f 1873/1873/1873 1872/1872/1872 1871/1871/1871
f 1874/1874/1874 1873/1873/1873 1871/1871/1871
f 1877/1877/1877 1876/1876/1876 1875/1875/1875
f 1878/1878/1878 1877/1877/1877 1875/1875/1875
f 1881/1881/1881 1880/1880/1880 1879/1879/1879
f 1882/1882/1882 1881/1881/1881 1879/1879/1879
f 1885/1885/1885 1884/1884/1884 1883/1883/1883
f 1886/1886/1886 1885/1885/1885 1883/1883/1883
f 1889/1889/1889 1888/1888/1888 1887/1887/1887
f 1890/1890/1890 1889/1889/1889 1887/1887/1887
f 1893/1893/1893 1892/1892/1892 1891/1891/1891
f 1894/1894/1894 1893/1893/1893 1891/1891/1891
f 1897/1897/1897 1896/1896/1896 1895/1895/1895
f 1898/1898/1898 1897/1897/1897 1895/1895/1895
f 1901/1901/1901 1900/1900/1900 1899/1899/1899
f 1902/1902/1902 1901/1901/1901 1899/1899/1899
f 1905/1905/1905 1904/1904/1904 1903/1903/1903
f 1906/1906/1906 1905/1905/1905 1903/1903/1903
f 1909/1909/1909 1908/1908/1908 1907/1907/1907
f 1910/1910/1910 1909/1909/1909 1907/1907/1907
f 1913/1913/1913 1912/1912/1912 1911/1911/1911
f 1914/1914/1914 1913/1913/1913 1911/1911/1911
f 1917/1917/1917 1916/1916/1916 1915/1915/1915
f 1918/1918/1918 1917/1917/1917 1915/1915/1915
f 1921/1921/1921 1920/1920/1920 1919/1919/1919
f 1922/1922/1922 1921/1921/1921 1919/1919/1919
f 1925/1925/1925 1924/1924/1924 1923/1923/1923
f 1926/1926/1926 1925/1925/1925 1923/1923/1923
f 1929/1929/1929 1928/1928/1928 1927/1927/1927
f 1930/1930/1930 1929/1929/1929 1927/1927/1927
f 1933/1933/1933 1932/1932/1932 1931/1931/1931
f 1934/1934/1934 1933/1933/1933 1931/1931/1931
f 1937/1937/1937 1936/1936/1936 1935/1935/1935
f 1938/1938/1938 1937/1937/1937 1935/1935/1935
f 1941/1941/1941 1940/1940/1940 1939/1939/1939
f 1942/1942/1942 1941/1941/1941 1939/1939/1939
f 1945/1945/1945 1944/1944/1944 1943/1943/1943
f 1946/1946/1946 1945/1945/1945 1943/1943/1943
f 1949/1949/1949 1948/1948/1948 1947/1947/1947
f 1950/1950/1950 1949/1949/1949 1947/1947/1947
f 1953/1953/1953 1952/1952/1952 1951/1951/1951
f 1954/1954/1954 1953/1953/1953 1951/1951/1951
f 1957/1957/1957 1956/1956/1956 1955/1955/1955
f 1958/1958/1958 1957/1957/1957 1955/1955/1955
f 1961/1961/1961 1960/1960/1960 1959/1959/1959
f 1962/1962/1962 1961/1961/1961 1959/1959/1959
f 1965/1965/1965 1964/1964/1964 1963/1963/1963
f 1966/1966/1966 1965/1965/1965 1963/1963/1963
f 1969/1969/1969 1968/1968/1968 1967/1967/1967
f 1970/1970/1970 1969/1969/1969 1967/1967/1967
f 1973/1973/1973 1972/1972/1972 1971/1971/1971
f 1974/1974/1974 1973/1973/1973 1971/1971/1971
f 1977/1977/1977 1976/1976/1976 1975/1975/1975
f 1978/1978/1978 1977/1977/1977 1975/1975/1975
f 1981/1981/1981 1980/1980/1980 1979/1979/1979
f 1982/1982/1982 1981/1981/1981 1979/1979/1979
f 1985/1985/1985 1984/1984/1984 1983/1983/1983
f 1986/1986/1986 1985/1985/1985 1983/1983/1983
f 1989/1989/1989 1988/1988/1988 1987/1987/1987
f 1990/1990/1990 1989/1989/1989 1987/1987/1987
f 1993/1993/1993 1992/1992/1992 1991/1991/1991
f 1994/1994/1994 1993/1993/1993 1991/1991/1991
f 1997/1997/1997 1996/1996/1996 1995/1995/1995
f 1998/1998/1998 1997/1997/1997 1995/1995/1995
f 2001/2001/2001 2000/2000/2000 1999/1999/1999
f 2002/2002/2002 2001/2001/2001 1999/1999/1999
f 2005/2005/2005 2004/2004/2004 2003/2003/2003
f 2006/2006/2006 2005/2005/2005 2003/2003/2003
f 2009/2009/2009 2008/2008/2008 2007/2007/2007
f 2010/2010/2010 2009/2009/2009 2007/2007/2007
f 2013/2013/2013 2012/2012/2012 2011/2011/2011
f 2014/2014/2014 2013/2013/2013 2011/2011/2011
f 2017/2017/2017 2016/2016/2016 2015/2015/2015
f 2018/2018/2018 2017/2017/2017 2015/2015/2015
f 2021/2021/2021 2020/2020/2020 2019/2019/2019
f 2022/2022/2022 2021/2021/2021 2019/2019/2019
f 2025/2025/2025 2024/2024/2024 2023/2023/2023
f 2026/2026/2026 2025/2025/2025 2023/2023/2023
f 2029/2029/2029 2028/2028/2028 2027/2027/2027
f 2030/2030/2030 2029/2029/2029 2027/2027/2027
f 2033/2033/2033 2032/2032/2032 2031/2031/2031
f 2034/2034/2034 2033/2033/2033 2031/2031/2031
f 2037/2037/2037 2036/2036/2036 2035/2035/2035
f 2038/2038/2038 2037/2037/2037 2035/2035/2035
f 2041/2041/2041 2040/2040/2040 2039/2039/2039
f 2042/2042/2042 2041/2041/2041 2039/2039/2039
f 2045/2045/2045 2044/2044/2044 2043/2043/2043
f 2046/2046/2046 2045/2045/2045 2043/2043/2043
f 2049/2049/2049 2048/2048/2048 2047/2047/2047
f 2050/2050/2050 2049/2049/2049 2047/2047/2047
f 2053/2053/2053 2052/2052/2052 2051/2051/2051
f 2054/2054/2054 2053/2053/2053 2051/2051/2051
f 2057/2057/2057 2056/2056/2056 2055/2055/2055
f 2058/2058/2058 2057/2057/2057 2055/2055/2055
f 2061/2061/2061 2060/2060/2060 2059/2059/2059
f 2062/2062/2062 2061/2061/2061 2059/2059/2059
f 2065/2065/2065 2064/2064/2064 2063/2063/2063
f 2066/2066/2066 2065/2065/2065 2063/2063/2063
f 2069/2069/2069 2068/2068/2068 2067/2067/2067
f 2070/2070/2070 2069/2069/2069 2067/2067/2067
f 2073/2073/2073 2072/2072/2072 2071/2071/2071
f 2074/2074/2074 2073/2073/2073 2071/2071/2071
f 2077/2077/2077 2076/2076/2076 2075/2075/2075
f 2078/2078/2078 2077/2077/2077 2075/2075/2075
f 2081/2081/2081 2080/2080/2080 2079/2079/2079
f 2082/2082/2082 2081/2081/2081 2079/2079/2079
f 2085/2085/2085 2084/2084/2084 2083/2083/2083
f 2086/2086/2086 2085/2085/2085 2083/2083/2083
f 2089/2089/2089 2088/2088/2088 2087/2087/2087
f 2090/2090/2090 2089/2089/2089 2087/2087/2087
f 2093/2093/2093 2092/2092/2092 2091/2091/2091
f 2094/2094/2094 2093/2093/2093 2091/2091/2091
f 2097/2097/2097 2096/2096/2096 2095/2095/2095
f 2098/2098/2098 2097/2097/2097 2095/2095/2095
f 2101/2101/2101 2100/2100/2100 2099/2099/2099
f 2102/2102/2102 2101/2101/2101 2099/2099/2099
f 2105/2105/2105 2104/2104/2104 2103/2103/2103
f 2106/2106/2106 2105/2105/2105 2103/2103/2103
f 2109/2109/2109 2108/2108/2108 2107/2107/2107
f 2110/2110/2110 2109/2109/2109 2107/2107/2107
f 2113/2113/2113 2112/2112/2112 2111/2111/2111
f 2114/2114/2114 2113/2113/2113 2111/2111/2111
f 2117/2117/2117 2116/2116/2116 2115/2115/2115
f 2118/2118/2118 2117/2117/2117 2115/2115/2115
f 2121/2121/2121 2120/2120/2120 2119/2119/2119
f 2122/2122/2122 2121/2121/2121 2119/2119/2119
f 2125/2125/2125 2124/2124/2124 2123/2123/2123
f 2126/2126/2126 2125/2125/2125 2123/2123/2123
f 2129/2129/2129 2128/2128/2128 2127/2127/2127
f 2130/2130/2130 2127/2127/2127 2128/2128/2128
f 2130/2130/2130 2128/2128/2128 2131/2131/2131
f 2132/2132/2132 2130/2130/2130 2131/2131/2131
f 2133/2133/2133 2132/2132/2132 2131/2131/2131
f 2134/2134/2134 2132/2132/2132 2133/2133/2133
f 2137/2137/2137 2136/2136/2136 2135/2135/2135
f 2135/2135/2135 2136/2136/2136 2138/2138/2138
f 2138/2138/2138 2139/2139/2139 2135/2135/2135
f 2135/2135/2135 2139/2139/2139 2140/2140/2140
f 2141/2141/2141 2140/2140/2140 2139/2139/2139
f 2139/2139/2139 2138/2138/2138 2142/2142/2142
f 2141/2141/2141 2139/2139/2139 2142/2142/2142
f 2142/2142/2142 2138/2138/2138 2143/2143/2143
f 2144/2144/2144 2142/2142/2142 2143/2143/2143
f 2141/2141/2141 2142/2142/2142 2144/2144/2144
f 2145/2145/2145 2144/2144/2144 2143/2143/2143
f 2146/2146/2146 2141/2141/2141 2144/2144/2144
f 2147/2147/2147 2141/2141/2141 2146/2146/2146
f 2146/2146/2146 2144/2144/2144 2148/2148/2148
f 2148/2148/2148 2144/2144/2144 2149/2149/2149
f 2148/2148/2148 2149/2149/2149 2150/2150/2150
f 2148/2148/2148 2150/2150/2150 2151/2151/2151
f 2150/2150/2150 2152/2152/2152 2151/2151/2151
f 2153/2153/2153 2146/2146/2146 2148/2148/2148
f 2147/2147/2147 2146/2146/2146 2154/2154/2154
f 2146/2146/2146 2153/2153/2153 2154/2154/2154
f 2155/2155/2155 2148/2148/2148 2151/2151/2151
f 2153/2153/2153 2148/2148/2148 2155/2155/2155
f 2154/2154/2154 2156/2156/2156 2147/2147/2147
f 2157/2157/2157 2154/2154/2154 2153/2153/2153
f 2157/2157/2157 2156/2156/2156 2154/2154/2154
f 2158/2158/2158 2153/2153/2153 2155/2155/2155
f 2158/2158/2158 2157/2157/2157 2153/2153/2153
f 2155/2155/2155 2151/2151/2151 2159/2159/2159
f 2159/2159/2159 2158/2158/2158 2155/2155/2155
f 2147/2147/2147 2156/2156/2156 2160/2160/2160
f 2147/2147/2147 2160/2160/2160 2161/2161/2161
f 2162/2162/2162 2160/2160/2160 2156/2156/2156
f 2162/2162/2162 2163/2163/2163 2160/2160/2160
f 2163/2163/2163 2162/2162/2162 2164/2164/2164
f 2165/2165/2165 2164/2164/2164 2162/2162/2162
f 2165/2165/2165 2162/2162/2162 2156/2156/2156
f 2165/2165/2165 2156/2156/2156 2166/2166/2166
f 2166/2166/2166 2156/2156/2156 2157/2157/2157
f 2167/2167/2167 2165/2165/2165 2166/2166/2166
f 2168/2168/2168 2167/2167/2167 2166/2166/2166
f 2168/2168/2168 2166/2166/2166 2157/2157/2157
f 2168/2168/2168 2157/2157/2157 2158/2158/2158
f 2168/2168/2168 2158/2158/2158 2169/2169/2169
f 2169/2169/2169 2158/2158/2158 2159/2159/2159
f 2170/2170/2170 2168/2168/2168 2169/2169/2169
f 2171/2171/2171 2168/2168/2168 2170/2170/2170
f 2171/2171/2171 2170/2170/2170 2172/2172/2172
f 2171/2171/2171 2172/2172/2172 2173/2173/2173
f 2174/2174/2174 2173/2173/2173 2172/2172/2172
f 2175/2175/2175 2170/2170/2170 2169/2169/2169
f 2170/2170/2170 2175/2175/2175 2172/2172/2172
f 2176/2176/2176 2169/2169/2169 2159/2159/2159
f 2175/2175/2175 2169/2169/2169 2176/2176/2176
f 2177/2177/2177 2172/2172/2172 2175/2175/2175
f 2172/2172/2172 2177/2177/2177 2178/2178/2178
f 2179/2179/2179 2175/2175/2175 2176/2176/2176
f 2179/2179/2179 2177/2177/2177 2175/2175/2175
f 2180/2180/2180 2176/2176/2176 2159/2159/2159
f 2180/2180/2180 2179/2179/2179 2176/2176/2176
f 2180/2180/2180 2159/2159/2159 2181/2181/2181
f 2159/2159/2159 2151/2151/2151 2181/2181/2181
f 2182/2182/2182 2181/2181/2181 2151/2151/2151
f 2151/2151/2151 2183/2183/2183 2182/2182/2182
f 2151/2151/2151 2152/2152/2152 2183/2183/2183
f 2183/2183/2183 2152/2152/2152 2184/2184/2184
f 2185/2185/2185 2184/2184/2184 2152/2152/2152
f 2186/2186/2186 2185/2185/2185 2152/2152/2152
f 2179/2179/2179 2180/2180/2180 2187/2187/2187
f 2177/2177/2177 2179/2179/2179 2188/2188/2188
f 2187/2187/2187 2188/2188/2188 2179/2179/2179
f 2177/2177/2177 2188/2188/2188 2189/2189/2189
f 2189/2189/2189 2178/2178/2178 2177/2177/2177
f 2178/2178/2178 2189/2189/2189 2190/2190/2190
f 2189/2189/2189 2188/2188/2188 2191/2191/2191
f 2189/2189/2189 2191/2191/2191 2190/2190/2190
f 2192/2192/2192 2188/2188/2188 2187/2187/2187
f 2193/2193/2193 2191/2191/2191 2188/2188/2188
f 2193/2193/2193 2188/2188/2188 2192/2192/2192
f 2192/2192/2192 2187/2187/2187 2194/2194/2194
f 2194/2194/2194 2187/2187/2187 2195/2195/2195
f 2196/2196/2196 2192/2192/2192 2194/2194/2194
f 2196/2196/2196 2193/2193/2193 2192/2192/2192
f 2196/2196/2196 2194/2194/2194 2197/2197/2197
f 2198/2198/2198 2193/2193/2193 2196/2196/2196
f 2193/2193/2193 2199/2199/2199 2191/2191/2191
f 2199/2199/2199 2193/2193/2193 2198/2198/2198
f 2190/2190/2190 2191/2191/2191 2200/2200/2200
f 2200/2200/2200 2191/2191/2191 2199/2199/2199
f 2198/2198/2198 2201/2201/2201 2199/2199/2199
f 2199/2199/2199 2201/2201/2201 2200/2200/2200
f 2202/2202/2202 2201/2201/2201 2198/2198/2198
f 2203/2203/2203 2190/2190/2190 2200/2200/2200
f 2204/2204/2204 2190/2190/2190 2203/2203/2203
f 2205/2205/2205 2204/2204/2204 2203/2203/2203
f 2201/2201/2201 2206/2206/2206 2200/2200/2200
f 2200/2200/2200 2206/2206/2206 2203/2203/2203
f 2207/2207/2207 2205/2205/2205 2203/2203/2203
f 2203/2203/2203 2206/2206/2206 2207/2207/2207
f 2208/2208/2208 2205/2205/2205 2207/2207/2207
f 2209/2209/2209 2206/2206/2206 2201/2201/2201
f 2202/2202/2202 2209/2209/2209 2201/2201/2201
f 2207/2207/2207 2206/2206/2206 2210/2210/2210
f 2209/2209/2209 2210/2210/2210 2206/2206/2206
f 2211/2211/2211 2207/2207/2207 2210/2210/2210
f 2209/2209/2209 2202/2202/2202 2212/2212/2212
f 2212/2212/2212 2210/2210/2210 2209/2209/2209
f 2212/2212/2212 2202/2202/2202 2213/2213/2213
f 2213/2213/2213 2210/2210/2210 2212/2212/2212
f 2202/2202/2202 2214/2214/2214 2213/2213/2213
f 2215/2215/2215 2210/2210/2210 2213/2213/2213
f 2215/2215/2215 2213/2213/2213 2214/2214/2214
f 2216/2216/2216 2215/2215/2215 2214/2214/2214
f 2219/2219/2219 2218/2218/2218 2217/2217/2217
f 2220/2220/2220 2219/2219/2219 2217/2217/2217
f 2223/2223/2223 2222/2222/2222 2221/2221/2221
f 2222/2222/2222 2224/2224/2224 2221/2221/2221
f 2225/2225/2225 2224/2224/2224 2222/2222/2222
f 2221/2221/2221 2224/2224/2224 2226/2226/2226
f 2227/2227/2227 2226/2226/2226 2224/2224/2224
f 2224/2224/2224 2228/2228/2228 2227/2227/2227
f 2224/2224/2224 2229/2229/2229 2228/2228/2228
f 2232/2232/2232 2231/2231/2231 2230/2230/2230
f 2231/2231/2231 2232/2232/2232 2233/2233/2233
f 2232/2232/2232 2234/2234/2234 2233/2233/2233
f 2234/2234/2234 2232/2232/2232 2235/2235/2235
f 2238/2238/2238 2237/2237/2237 2236/2236/2236
f 2238/2238/2238 2239/2239/2239 2237/2237/2237
f 2239/2239/2239 2238/2238/2238 2240/2240/2240
f 2241/2241/2241 2239/2239/2239 2240/2240/2240
f 2240/2240/2240 2238/2238/2238 2242/2242/2242
f 2242/2242/2242 2238/2238/2238 2243/2243/2243
f 2240/2240/2240 2242/2242/2242 2244/2244/2244
f 2245/2245/2245 2240/2240/2240 2244/2244/2244
f 2246/2246/2246 2245/2245/2245 2244/2244/2244
f 2244/2244/2244 2247/2247/2247 2246/2246/2246
f 2247/2247/2247 2244/2244/2244 2242/2242/2242
f 2248/2248/2248 2246/2246/2246 2247/2247/2247
f 2247/2247/2247 2242/2242/2242 2249/2249/2249
f 2249/2249/2249 2250/2250/2250 2247/2247/2247
f 2250/2250/2250 2249/2249/2249 2251/2251/2251
f 2251/2251/2251 2249/2249/2249 2252/2252/2252
f 2243/2243/2243 2253/2253/2253 2242/2242/2242
f 2249/2249/2249 2242/2242/2242 2253/2253/2253
f 2243/2243/2243 2254/2254/2254 2253/2253/2253
f 2253/2253/2253 2254/2254/2254 2249/2249/2249
f 2249/2249/2249 2255/2255/2255 2252/2252/2252
f 2252/2252/2252 2255/2255/2255 2256/2256/2256
f 2255/2255/2255 2249/2249/2249 2257/2257/2257
f 2255/2255/2255 2257/2257/2257 2256/2256/2256
f 2254/2254/2254 2257/2257/2257 2249/2249/2249
f 2258/2258/2258 2254/2254/2254 2243/2243/2243
f 2243/2243/2243 2259/2259/2259 2258/2258/2258
f 2254/2254/2254 2258/2258/2258 2260/2260/2260
f 2254/2254/2254 2260/2260/2260 2261/2261/2261
f 2261/2261/2261 2257/2257/2257 2254/2254/2254
f 2256/2256/2256 2257/2257/2257 2262/2262/2262
f 2256/2256/2256 2262/2262/2262 2263/2263/2263
f 2263/2263/2263 2262/2262/2262 2264/2264/2264
f 2262/2262/2262 2257/2257/2257 2265/2265/2265
f 2257/2257/2257 2261/2261/2261 2265/2265/2265
f 2261/2261/2261 2266/2266/2266 2265/2265/2265
f 2265/2265/2265 2266/2266/2266 2267/2267/2267
f 2268/2268/2268 2266/2266/2266 2261/2261/2261
f 2271/2271/2271 2270/2270/2270 2269/2269/2269
f 2272/2272/2272 2270/2270/2270 2271/2271/2271
f 2273/2273/2273 2270/2270/2270 2272/2272/2272
f 2274/2274/2274 2270/2270/2270 2273/2273/2273
f 2275/2275/2275 2274/2274/2274 2273/2273/2273
f 2274/2274/2274 2276/2276/2276 2270/2270/2270
f 2277/2277/2277 2276/2276/2276 2274/2274/2274
f 2274/2274/2274 2278/2278/2278 2277/2277/2277
f 2279/2279/2279 2278/2278/2278 2274/2274/2274
f 2280/2280/2280 2279/2279/2279 2274/2274/2274
f 2281/2281/2281 2273/2273/2273 2272/2272/2272
f 2274/2274/2274 2275/2275/2275 2282/2282/2282
f 2273/2273/2273 2281/2281/2281 2283/2283/2283
f 2283/2283/2283 2275/2275/2275 2273/2273/2273
f 2281/2281/2281 2284/2284/2284 2283/2283/2283
f 2285/2285/2285 2283/2283/2283 2284/2284/2284
f 2285/2285/2285 2286/2286/2286 2283/2283/2283
f 2286/2286/2286 2287/2287/2287 2283/2283/2283
f 2287/2287/2287 2275/2275/2275 2283/2283/2283
f 2286/2286/2286 2288/2288/2288 2287/2287/2287
f 2289/2289/2289 2288/2288/2288 2286/2286/2286
f 2290/2290/2290 2288/2288/2288 2289/2289/2289
f 2290/2290/2290 2291/2291/2291 2288/2288/2288
f 2288/2288/2288 2291/2291/2291 2292/2292/2292
f 2287/2287/2287 2288/2288/2288 2292/2292/2292
f 2287/2287/2287 2292/2292/2292 2293/2293/2293
f 2293/2293/2293 2275/2275/2275 2287/2287/2287
f 2292/2292/2292 2294/2294/2294 2293/2293/2293
f 2293/2293/2293 2294/2294/2294 2275/2275/2275
f 2295/2295/2295 2294/2294/2294 2292/2292/2292
f 2275/2275/2275 2294/2294/2294 2296/2296/2296
f 2295/2295/2295 2296/2296/2296 2294/2294/2294
f 2275/2275/2275 2296/2296/2296 2282/2282/2282
f 2282/2282/2282 2296/2296/2296 2297/2297/2297
f 2282/2282/2282 2297/2297/2297 2298/2298/2298
f 2298/2298/2298 2297/2297/2297 2299/2299/2299
f 2295/2295/2295 2300/2300/2300 2296/2296/2296
f 2301/2301/2301 2300/2300/2300 2295/2295/2295
f 2302/2302/2302 2296/2296/2296 2300/2300/2300
f 2300/2300/2300 2303/2303/2303 2302/2302/2302
f 2302/2302/2302 2303/2303/2303 2304/2304/2304
f 2305/2305/2305 2302/2302/2302 2304/2304/2304
f 2306/2306/2306 2305/2305/2305 2304/2304/2304
f 2309/2309/2309 2308/2308/2308 2307/2307/2307
f 2310/2310/2310 2309/2309/2309 2307/2307/2307
f 2311/2311/2311 2309/2309/2309 2310/2310/2310
f 2311/2311/2311 2310/2310/2310 2312/2312/2312
f 2313/2313/2313 2311/2311/2311 2312/2312/2312
f 2314/2314/2314 2312/2312/2312 2310/2310/2310
f 2314/2314/2314 2310/2310/2310 2315/2315/2315
f 2316/2316/2316 2312/2312/2312 2314/2314/2314
f 2317/2317/2317 2312/2312/2312 2316/2316/2316
f 2317/2317/2317 2313/2313/2313 2312/2312/2312
f 2318/2318/2318 2317/2317/2317 2316/2316/2316
f 2319/2319/2319 2317/2317/2317 2318/2318/2318
f 2320/2320/2320 2317/2317/2317 2319/2319/2319
f 2313/2313/2313 2317/2317/2317 2321/2321/2321
f 2321/2321/2321 2317/2317/2317 2320/2320/2320
f 2322/2322/2322 2309/2309/2309 2311/2311/2311
f 2311/2311/2311 2313/2313/2313 2323/2323/2323
f 2323/2323/2323 2322/2322/2322 2311/2311/2311
f 2309/2309/2309 2322/2322/2322 2324/2324/2324
f 2324/2324/2324 2325/2325/2325 2309/2309/2309
f 2324/2324/2324 2326/2326/2326 2325/2325/2325
f 2324/2324/2324 2327/2327/2327 2326/2326/2326
f 2328/2328/2328 2327/2327/2327 2324/2324/2324
f 2322/2322/2322 2328/2328/2328 2324/2324/2324
f 2323/2323/2323 2328/2328/2328 2322/2322/2322
f 2323/2323/2323 2329/2329/2329 2328/2328/2328
f 2330/2330/2330 2329/2329/2329 2323/2323/2323
f 2330/2330/2330 2323/2323/2323 2313/2313/2313
f 2330/2330/2330 2331/2331/2331 2329/2329/2329
f 2332/2332/2332 2331/2331/2331 2330/2330/2330
f 2332/2332/2332 2330/2330/2330 2313/2313/2313
f 2332/2332/2332 2313/2313/2313 2333/2333/2333
f 2333/2333/2333 2313/2313/2313 2321/2321/2321
f 2334/2334/2334 2332/2332/2332 2333/2333/2333
f 2333/2333/2333 2321/2321/2321 2335/2335/2335
f 2320/2320/2320 2335/2335/2335 2321/2321/2321
f 2335/2335/2335 2320/2320/2320 2336/2336/2336
f 2334/2334/2334 2333/2333/2333 2337/2337/2337
f 2333/2333/2333 2335/2335/2335 2337/2337/2337
f 2338/2338/2338 2334/2334/2334 2337/2337/2337
f 2336/2336/2336 2320/2320/2320 2339/2339/2339
f 2320/2320/2320 2340/2340/2340 2339/2339/2339
f 2341/2341/2341 2336/2336/2336 2339/2339/2339
f 2336/2336/2336 2341/2341/2341 2342/2342/2342
f 2337/2337/2337 2335/2335/2335 2343/2343/2343
f 2343/2343/2343 2335/2335/2335 2336/2336/2336
f 2344/2344/2344 2338/2338/2338 2337/2337/2337
f 2344/2344/2344 2337/2337/2337 2343/2343/2343
f 2345/2345/2345 2343/2343/2343 2336/2336/2336
f 2345/2345/2345 2344/2344/2344 2343/2343/2343
f 2346/2346/2346 2338/2338/2338 2344/2344/2344
f 2345/2345/2345 2346/2346/2346 2344/2344/2344
f 2347/2347/2347 2338/2338/2338 2346/2346/2346
f 2348/2348/2348 2347/2347/2347 2346/2346/2346
f 2345/2345/2345 2336/2336/2336 2349/2349/2349
f 2342/2342/2342 2349/2349/2349 2336/2336/2336
f 2346/2346/2346 2345/2345/2345 2350/2350/2350
f 2350/2350/2350 2345/2345/2345 2349/2349/2349
f 2351/2351/2351 2349/2349/2349 2342/2342/2342
f 2350/2350/2350 2349/2349/2349 2351/2351/2351
f 2342/2342/2342 2352/2352/2352 2351/2351/2351
f 2352/2352/2352 2342/2342/2342 2353/2353/2353
f 2352/2352/2352 2354/2354/2354 2351/2351/2351
f 2354/2354/2354 2350/2350/2350 2351/2351/2351
f 2346/2346/2346 2350/2350/2350 2355/2355/2355
f 2356/2356/2356 2346/2346/2346 2355/2355/2355
f 2357/2357/2357 2356/2356/2356 2355/2355/2355
f 2358/2358/2358 2357/2357/2357 2355/2355/2355
f 2359/2359/2359 2358/2358/2358 2355/2355/2355
f 2355/2355/2355 2350/2350/2350 2360/2360/2360
f 2360/2360/2360 2359/2359/2359 2355/2355/2355
f 2354/2354/2354 2360/2360/2360 2350/2350/2350
f 2354/2354/2354 2359/2359/2359 2360/2360/2360
f 2359/2359/2359 2354/2354/2354 2361/2361/2361
f 2354/2354/2354 2352/2352/2352 2362/2362/2362
f 2362/2362/2362 2361/2361/2361 2354/2354/2354
f 2362/2362/2362 2352/2352/2352 2353/2353/2353
f 2361/2361/2361 2362/2362/2362 2363/2363/2363
f 2363/2363/2363 2362/2362/2362 2364/2364/2364
f 2364/2364/2364 2362/2362/2362 2353/2353/2353
f 2364/2364/2364 2365/2365/2365 2363/2363/2363
f 2364/2364/2364 2353/2353/2353 2365/2365/2365
f 2353/2353/2353 2366/2366/2366 2365/2365/2365
f 2366/2366/2366 2353/2353/2353 2367/2367/2367
f 2365/2365/2365 2366/2366/2366 2368/2368/2368
f 2365/2365/2365 2368/2368/2368 2369/2369/2369
f 2370/2370/2370 2365/2365/2365 2369/2369/2369
f 2366/2366/2366 2371/2371/2371 2368/2368/2368
f 2368/2368/2368 2371/2371/2371 2372/2372/2372
f 2368/2368/2368 2372/2372/2372 2373/2373/2373
f 2371/2371/2371 2366/2366/2366 2374/2374/2374
f 2374/2374/2374 2366/2366/2366 2375/2375/2375
f 2376/2376/2376 2374/2374/2374 2375/2375/2375
f 2376/2376/2376 2371/2371/2371 2374/2374/2374
f 2375/2375/2375 2377/2377/2377 2376/2376/2376
f 2372/2372/2372 2371/2371/2371 2378/2378/2378
f 2371/2371/2371 2376/2376/2376 2378/2378/2378
f 2372/2372/2372 2378/2378/2378 2379/2379/2379
f 2377/2377/2377 2380/2380/2380 2376/2376/2376
f 2377/2377/2377 2381/2381/2381 2380/2380/2380
f 2378/2378/2378 2376/2376/2376 2382/2382/2382
f 2379/2379/2379 2378/2378/2378 2382/2382/2382
f 2380/2380/2380 2382/2382/2382 2376/2376/2376
f 2381/2381/2381 2383/2383/2383 2380/2380/2380
f 2382/2382/2382 2380/2380/2380 2383/2383/2383
f 2383/2383/2383 2381/2381/2381 2384/2384/2384
f 2379/2379/2379 2382/2382/2382 2385/2385/2385
f 2383/2383/2383 2385/2385/2385 2382/2382/2382
f 2379/2379/2379 2385/2385/2385 2386/2386/2386
f 2385/2385/2385 2387/2387/2387 2386/2386/2386
f 2383/2383/2383 2384/2384/2384 2388/2388/2388
f 2388/2388/2388 2385/2385/2385 2383/2383/2383
f 2388/2388/2388 2387/2387/2387 2385/2385/2385
f 2384/2384/2384 2389/2389/2389 2388/2388/2388
f 2387/2387/2387 2388/2388/2388 2390/2390/2390
f 2387/2387/2387 2390/2390/2390 2391/2391/2391
f 2390/2390/2390 2392/2392/2392 2391/2391/2391
f 2393/2393/2393 2392/2392/2392 2390/2390/2390
f 2394/2394/2394 2393/2393/2393 2390/2390/2390
f 2390/2390/2390 2388/2388/2388 2394/2394/2394
f 2388/2388/2388 2389/2389/2389 2394/2394/2394
f 2395/2395/2395 2394/2394/2394 2389/2389/2389
f 2395/2395/2395 2396/2396/2396 2394/2394/2394
f 2395/2395/2395 2389/2389/2389 2397/2397/2397
f 2395/2395/2395 2398/2398/2398 2396/2396/2396
f 2396/2396/2396 2398/2398/2398 2399/2399/2399
f 2398/2398/2398 2400/2400/2400 2399/2399/2399
f 2401/2401/2401 2399/2399/2399 2400/2400/2400
f 2398/2398/2398 2402/2402/2402 2400/2400/2400
f 2400/2400/2400 2402/2402/2402 2403/2403/2403
f 2395/2395/2395 2404/2404/2404 2398/2398/2398
f 2398/2398/2398 2404/2404/2404 2402/2402/2402
f 2395/2395/2395 2397/2397/2397 2405/2405/2405
f 2395/2395/2395 2405/2405/2405 2404/2404/2404
f 2406/2406/2406 2405/2405/2405 2397/2397/2397
f 2397/2397/2397 2407/2407/2407 2406/2406/2406
f 2404/2404/2404 2405/2405/2405 2408/2408/2408
f 2406/2406/2406 2408/2408/2408 2405/2405/2405
f 2402/2402/2402 2404/2404/2404 2408/2408/2408
f 2406/2406/2406 2409/2409/2409 2408/2408/2408
f 2402/2402/2402 2410/2410/2410 2403/2403/2403
f 2402/2402/2402 2408/2408/2408 2411/2411/2411
f 2411/2411/2411 2410/2410/2410 2402/2402/2402
f 2409/2409/2409 2412/2412/2412 2408/2408/2408
f 2408/2408/2408 2412/2412/2412 2411/2411/2411
f 2413/2413/2413 2412/2412/2412 2409/2409/2409
f 2414/2414/2414 2413/2413/2413 2409/2409/2409
f 2412/2412/2412 2415/2415/2415 2411/2411/2411
f 2411/2411/2411 2415/2415/2415 2416/2416/2416
f 2411/2411/2411 2416/2416/2416 2410/2410/2410
f 2415/2415/2415 2417/2417/2417 2416/2416/2416
f 2403/2403/2403 2410/2410/2410 2418/2418/2418
f 2410/2410/2410 2416/2416/2416 2418/2418/2418
f 2418/2418/2418 2419/2419/2419 2403/2403/2403
f 2420/2420/2420 2419/2419/2419 2418/2418/2418
f 2418/2418/2418 2416/2416/2416 2420/2420/2420
f 2419/2419/2419 2420/2420/2420 2421/2421/2421
f 2416/2416/2416 2417/2417/2417 2422/2422/2422
f 2422/2422/2422 2420/2420/2420 2416/2416/2416
f 2417/2417/2417 2423/2423/2423 2422/2422/2422
f 2422/2422/2422 2423/2423/2423 2424/2424/2424
f 2420/2420/2420 2422/2422/2422 2424/2424/2424
f 2421/2421/2421 2420/2420/2420 2425/2425/2425
f 2425/2425/2425 2420/2420/2420 2424/2424/2424
f 2421/2421/2421 2425/2425/2425 2426/2426/2426
f 2424/2424/2424 2427/2427/2427 2425/2425/2425
f 2425/2425/2425 2427/2427/2427 2428/2428/2428
f 2427/2427/2427 2429/2429/2429 2428/2428/2428
f 2429/2429/2429 2430/2430/2430 2428/2428/2428
f 2428/2428/2428 2430/2430/2430 2431/2431/2431
f 2431/2431/2431 2430/2430/2430 2432/2432/2432
f 2432/2432/2432 2430/2430/2430 2433/2433/2433
f 2432/2432/2432 2433/2433/2433 2434/2434/2434
f 2433/2433/2433 2435/2435/2435 2434/2434/2434
f 2436/2436/2436 2435/2435/2435 2433/2433/2433
f 2437/2437/2437 2435/2435/2435 2436/2436/2436
f 2434/2434/2434 2435/2435/2435 2438/2438/2438
f 2435/2435/2435 2437/2437/2437 2438/2438/2438
f 2434/2434/2434 2438/2438/2438 2439/2439/2439
f 2438/2438/2438 2440/2440/2440 2439/2439/2439
f 2438/2438/2438 2437/2437/2437 2441/2441/2441
f 2441/2441/2441 2437/2437/2437 2442/2442/2442
f 2442/2442/2442 2443/2443/2443 2441/2441/2441
f 2442/2442/2442 2444/2444/2444 2443/2443/2443
f 2442/2442/2442 2445/2445/2445 2444/2444/2444
f 2445/2445/2445 2446/2446/2446 2444/2444/2444
f 2440/2440/2440 2438/2438/2438 2447/2447/2447
f 2441/2441/2441 2447/2447/2447 2438/2438/2438
f 2440/2440/2440 2447/2447/2447 2448/2448/2448
f 2440/2440/2440 2448/2448/2448 2449/2449/2449
f 2447/2447/2447 2441/2441/2441 2450/2450/2450
f 2443/2443/2443 2450/2450/2450 2441/2441/2441
f 2448/2448/2448 2447/2447/2447 2450/2450/2450
f 2450/2450/2450 2451/2451/2451 2448/2448/2448
f 2451/2451/2451 2450/2450/2450 2443/2443/2443
f 2448/2448/2448 2452/2452/2452 2449/2449/2449
f 2452/2452/2452 2448/2448/2448 2451/2451/2451
f 2449/2449/2449 2452/2452/2452 2453/2453/2453
f 2453/2453/2453 2452/2452/2452 2454/2454/2454
f 2451/2451/2451 2454/2454/2454 2452/2452/2452
f 2454/2454/2454 2455/2455/2455 2453/2453/2453
f 2455/2455/2455 2454/2454/2454 2456/2456/2456
f 2451/2451/2451 2457/2457/2457 2454/2454/2454
f 2454/2454/2454 2458/2458/2458 2456/2456/2456
f 2457/2457/2457 2458/2458/2458 2454/2454/2454
f 2443/2443/2443 2459/2459/2459 2451/2451/2451
f 2460/2460/2460 2457/2457/2457 2451/2451/2451
f 2459/2459/2459 2460/2460/2460 2451/2451/2451
f 2461/2461/2461 2460/2460/2460 2459/2459/2459
f 2461/2461/2461 2462/2462/2462 2460/2460/2460
f 2460/2460/2460 2463/2463/2463 2457/2457/2457
f 2462/2462/2462 2463/2463/2463 2460/2460/2460
f 2457/2457/2457 2464/2464/2464 2458/2458/2458
f 2463/2463/2463 2464/2464/2464 2457/2457/2457
f 2465/2465/2465 2459/2459/2459 2443/2443/2443
f 2461/2461/2461 2459/2459/2459 2465/2465/2465
f 2456/2456/2456 2458/2458/2458 2466/2466/2466
f 2464/2464/2464 2467/2467/2467 2458/2458/2458
f 2458/2458/2458 2467/2467/2467 2466/2466/2466
f 2456/2456/2456 2466/2466/2466 2468/2468/2468
f 2456/2456/2456 2468/2468/2468 2469/2469/2469
f 2466/2466/2466 2470/2470/2470 2468/2468/2468
f 2468/2468/2468 2470/2470/2470 2471/2471/2471
f 2471/2471/2471 2470/2470/2470 2472/2472/2472
f 2471/2471/2471 2472/2472/2472 2473/2473/2473
f 2473/2473/2473 2472/2472/2472 2474/2474/2474
f 2474/2474/2474 2475/2475/2475 2473/2473/2473
f 2474/2474/2474 2476/2476/2476 2475/2475/2475
f 2474/2474/2474 2477/2477/2477 2476/2476/2476
f 2476/2476/2476 2477/2477/2477 2478/2478/2478
f 2477/2477/2477 2479/2479/2479 2478/2478/2478
f 2480/2480/2480 2478/2478/2478 2479/2479/2479
f 2480/2480/2480 2479/2479/2479 2481/2481/2481
f 2480/2480/2480 2481/2481/2481 2482/2482/2482
f 2466/2466/2466 2483/2483/2483 2470/2470/2470
f 2470/2470/2470 2484/2484/2484 2472/2472/2472
f 2470/2470/2470 2483/2483/2483 2484/2484/2484
f 2485/2485/2485 2474/2474/2474 2472/2472/2472
f 2484/2484/2484 2485/2485/2485 2472/2472/2472
f 2474/2474/2474 2486/2486/2486 2477/2477/2477
f 2474/2474/2474 2485/2485/2485 2486/2486/2486
f 2487/2487/2487 2477/2477/2477 2486/2486/2486
f 2487/2487/2487 2479/2479/2479 2477/2477/2477
f 2488/2488/2488 2483/2483/2483 2466/2466/2466
f 2466/2466/2466 2467/2467/2467 2488/2488/2488
f 2483/2483/2483 2489/2489/2489 2484/2484/2484
f 2484/2484/2484 2489/2489/2489 2485/2485/2485
f 2490/2490/2490 2486/2486/2486 2485/2485/2485
f 2490/2490/2490 2487/2487/2487 2486/2486/2486
f 2491/2491/2491 2487/2487/2487 2490/2490/2490
f 2492/2492/2492 2490/2490/2490 2485/2485/2485
f 2489/2489/2489 2492/2492/2492 2485/2485/2485
f 2492/2492/2492 2491/2491/2491 2490/2490/2490
f 2487/2487/2487 2493/2493/2493 2479/2479/2479
f 2493/2493/2493 2487/2487/2487 2491/2491/2491
f 2489/2489/2489 2494/2494/2494 2492/2492/2492
f 2491/2491/2491 2492/2492/2492 2495/2495/2495
f 2483/2483/2483 2496/2496/2496 2489/2489/2489
f 2496/2496/2496 2494/2494/2494 2489/2489/2489
f 2479/2479/2479 2493/2493/2493 2497/2497/2497
f 2497/2497/2497 2481/2481/2481 2479/2479/2479
f 2498/2498/2498 2496/2496/2496 2483/2483/2483
f 2483/2483/2483 2488/2488/2488 2498/2498/2498
f 2496/2496/2496 2499/2499/2499 2494/2494/2494
f 2498/2498/2498 2499/2499/2499 2496/2496/2496
f 2494/2494/2494 2499/2499/2499 2500/2500/2500
f 2500/2500/2500 2501/2501/2501 2495/2495/2495
f 2501/2501/2501 2491/2491/2491 2495/2495/2495
f 2491/2491/2491 2502/2502/2502 2493/2493/2493
f 2493/2493/2493 2502/2502/2502 2497/2497/2497
f 2503/2503/2503 2481/2481/2481 2497/2497/2497
f 2503/2503/2503 2504/2504/2504 2481/2481/2481
f 2499/2499/2499 2505/2505/2505 2500/2500/2500
f 2500/2500/2500 2505/2505/2505 2501/2501/2501
f 2491/2491/2491 2506/2506/2506 2502/2502/2502
f 2491/2491/2491 2501/2501/2501 2506/2506/2506
f 2507/2507/2507 2497/2497/2497 2502/2502/2502
f 2503/2503/2503 2497/2497/2497 2507/2507/2507
f 2506/2506/2506 2508/2508/2508 2502/2502/2502
f 2502/2502/2502 2508/2508/2508 2507/2507/2507
f 2509/2509/2509 2506/2506/2506 2501/2501/2501
f 2509/2509/2509 2508/2508/2508 2506/2506/2506
f 2501/2501/2501 2510/2510/2510 2509/2509/2509
f 2505/2505/2505 2510/2510/2510 2501/2501/2501
f 2509/2509/2509 2511/2511/2511 2508/2508/2508
f 2510/2510/2510 2511/2511/2511 2509/2509/2509
f 2512/2512/2512 2511/2511/2511 2510/2510/2510
f 2505/2505/2505 2513/2513/2513 2510/2510/2510
f 2513/2513/2513 2512/2512/2512 2510/2510/2510
f 2499/2499/2499 2514/2514/2514 2505/2505/2505
f 2505/2505/2505 2515/2515/2515 2513/2513/2513
f 2515/2515/2515 2505/2505/2505 2514/2514/2514
f 2515/2515/2515 2514/2514/2514 2516/2516/2516
f 2516/2516/2516 2514/2514/2514 2517/2517/2517
f 2514/2514/2514 2499/2499/2499 2517/2517/2517
f 2498/2498/2498 2517/2517/2517 2499/2499/2499
f 2518/2518/2518 2517/2517/2517 2498/2498/2498
f 2516/2516/2516 2517/2517/2517 2518/2518/2518
f 2488/2488/2488 2518/2518/2518 2498/2498/2498
f 2518/2518/2518 2488/2488/2488 2519/2519/2519
f 2488/2488/2488 2467/2467/2467 2519/2519/2519
f 2464/2464/2464 2519/2519/2519 2467/2467/2467
f 2520/2520/2520 2518/2518/2518 2519/2519/2519
f 2464/2464/2464 2520/2520/2520 2519/2519/2519
f 2516/2516/2516 2518/2518/2518 2520/2520/2520
f 2520/2520/2520 2464/2464/2464 2463/2463/2463
f 2521/2521/2521 2520/2520/2520 2463/2463/2463
f 2521/2521/2521 2516/2516/2516 2520/2520/2520
f 2462/2462/2462 2521/2521/2521 2463/2463/2463
f 2522/2522/2522 2515/2515/2515 2516/2516/2516
f 2523/2523/2523 2516/2516/2516 2521/2521/2521
f 2524/2524/2524 2522/2522/2522 2516/2516/2516
f 2523/2523/2523 2524/2524/2524 2516/2516/2516
f 2525/2525/2525 2523/2523/2523 2521/2521/2521
f 2462/2462/2462 2526/2526/2526 2521/2521/2521
f 2521/2521/2521 2526/2526/2526 2525/2525/2525
f 2525/2525/2525 2527/2527/2527 2523/2523/2523
f 2523/2523/2523 2527/2527/2527 2524/2524/2524
f 2528/2528/2528 2524/2524/2524 2527/2527/2527
f 2528/2528/2528 2529/2529/2529 2524/2524/2524
f 2524/2524/2524 2529/2529/2529 2522/2522/2522
f 2529/2529/2529 2530/2530/2530 2522/2522/2522
f 2531/2531/2531 2527/2527/2527 2525/2525/2525
f 2526/2526/2526 2531/2531/2531 2525/2525/2525
f 2527/2527/2527 2531/2531/2531 2532/2532/2532
f 2530/2530/2530 2533/2533/2533 2522/2522/2522
f 2533/2533/2533 2515/2515/2515 2522/2522/2522
f 2530/2530/2530 2534/2534/2534 2533/2533/2533
f 2533/2533/2533 2535/2535/2535 2515/2515/2515
f 2515/2515/2515 2535/2535/2535 2513/2513/2513
f 2533/2533/2533 2536/2536/2536 2535/2535/2535
f 2513/2513/2513 2535/2535/2535 2512/2512/2512
f 2535/2535/2535 2536/2536/2536 2537/2537/2537
f 2535/2535/2535 2537/2537/2537 2512/2512/2512
f 2538/2538/2538 2537/2537/2537 2536/2536/2536
f 2537/2537/2537 2538/2538/2538 2539/2539/2539
f 2539/2539/2539 2540/2540/2540 2537/2537/2537
f 2537/2537/2537 2540/2540/2540 2512/2512/2512
f 2540/2540/2540 2539/2539/2539 2541/2541/2541
f 2542/2542/2542 2512/2512/2512 2540/2540/2540
f 2543/2543/2543 2540/2540/2540 2541/2541/2541
f 2540/2540/2540 2543/2543/2543 2542/2542/2542
f 2543/2543/2543 2541/2541/2541 2544/2544/2544
f 2544/2544/2544 2541/2541/2541 2545/2545/2545
f 2544/2544/2544 2546/2546/2546 2543/2543/2543
f 2543/2543/2543 2546/2546/2546 2547/2547/2547
f 2543/2543/2543 2547/2547/2547 2542/2542/2542
f 2512/2512/2512 2542/2542/2542 2548/2548/2548
f 2512/2512/2512 2548/2548/2548 2511/2511/2511
f 2547/2547/2547 2546/2546/2546 2549/2549/2549
f 2549/2549/2549 2546/2546/2546 2550/2550/2550
f 2547/2547/2547 2551/2551/2551 2542/2542/2542
f 2547/2547/2547 2549/2549/2549 2551/2551/2551
f 2548/2548/2548 2542/2542/2542 2551/2551/2551
f 2552/2552/2552 2549/2549/2549 2550/2550/2550
f 2549/2549/2549 2552/2552/2552 2551/2551/2551
f 2553/2553/2553 2552/2552/2552 2550/2550/2550
f 2554/2554/2554 2551/2551/2551 2552/2552/2552
f 2554/2554/2554 2548/2548/2548 2551/2551/2551
f 2555/2555/2555 2554/2554/2554 2552/2552/2552
f 2511/2511/2511 2548/2548/2548 2556/2556/2556
f 2556/2556/2556 2548/2548/2548 2554/2554/2554
f 2511/2511/2511 2556/2556/2556 2508/2508/2508
f 2554/2554/2554 2555/2555/2555 2557/2557/2557
f 2556/2556/2556 2554/2554/2554 2557/2557/2557
f 2558/2558/2558 2557/2557/2557 2555/2555/2555
f 2508/2508/2508 2556/2556/2556 2559/2559/2559
f 2559/2559/2559 2556/2556/2556 2557/2557/2557
f 2508/2508/2508 2559/2559/2559 2507/2507/2507
f 2559/2559/2559 2557/2557/2557 2560/2560/2560
f 2507/2507/2507 2559/2559/2559 2561/2561/2561
f 2503/2503/2503 2507/2507/2507 2561/2561/2561
f 2559/2559/2559 2560/2560/2560 2562/2562/2562
f 2559/2559/2559 2562/2562/2562 2561/2561/2561
f 2563/2563/2563 2562/2562/2562 2560/2560/2560
f 2564/2564/2564 2562/2562/2562 2563/2563/2563
f 2561/2561/2561 2562/2562/2562 2564/2564/2564
f 2564/2564/2564 2563/2563/2563 2565/2565/2565
f 2561/2561/2561 2566/2566/2566 2503/2503/2503
f 2566/2566/2566 2561/2561/2561 2564/2564/2564
f 2565/2565/2565 2566/2566/2566 2564/2564/2564
f 2503/2503/2503 2566/2566/2566 2504/2504/2504
f 2566/2566/2566 2565/2565/2565 2504/2504/2504
f 2567/2567/2567 2504/2504/2504 2565/2565/2565
f 2568/2568/2568 2504/2504/2504 2567/2567/2567
f 2569/2569/2569 2568/2568/2568 2567/2567/2567
f 2572/2572/2572 2571/2571/2571 2570/2570/2570
f 2573/2573/2573 2571/2571/2571 2572/2572/2572
f 2571/2571/2571 2573/2573/2573 2574/2574/2574
f 2575/2575/2575 2573/2573/2573 2572/2572/2572
f 2572/2572/2572 2576/2576/2576 2575/2575/2575
f 2575/2575/2575 2576/2576/2576 2577/2577/2577
f 2576/2576/2576 2578/2578/2578 2577/2577/2577
f 2576/2576/2576 2579/2579/2579 2578/2578/2578
f 2580/2580/2580 2578/2578/2578 2579/2579/2579
f 2583/2583/2583 2582/2582/2582 2581/2581/2581
f 2584/2584/2584 2581/2581/2581 2582/2582/2582
f 2584/2584/2584 2585/2585/2585 2581/2581/2581
f 2585/2585/2585 2586/2586/2586 2581/2581/2581
f 2581/2581/2581 2586/2586/2586 2587/2587/2587
f 2584/2584/2584 2588/2588/2588 2585/2585/2585
f 2588/2588/2588 2584/2584/2584 2589/2589/2589
f 2589/2589/2589 2590/2590/2590 2588/2588/2588
f 2591/2591/2591 2588/2588/2588 2590/2590/2590
f 2592/2592/2592 2591/2591/2591 2590/2590/2590
f 2587/2587/2587 2586/2586/2586 2593/2593/2593
f 2587/2587/2587 2593/2593/2593 2594/2594/2594
f 2588/2588/2588 2595/2595/2595 2585/2585/2585
f 2588/2588/2588 2591/2591/2591 2595/2595/2595
f 2592/2592/2592 2596/2596/2596 2591/2591/2591
f 2597/2597/2597 2596/2596/2596 2592/2592/2592
f 2595/2595/2595 2591/2591/2591 2598/2598/2598
f 2591/2591/2591 2596/2596/2596 2598/2598/2598
f 2597/2597/2597 2599/2599/2599 2596/2596/2596
f 2597/2597/2597 2600/2600/2600 2599/2599/2599
f 2599/2599/2599 2600/2600/2600 2601/2601/2601
f 2600/2600/2600 2602/2602/2602 2601/2601/2601
f 2601/2601/2601 2602/2602/2602 2603/2603/2603
f 2602/2602/2602 2604/2604/2604 2603/2603/2603
f 2604/2604/2604 2605/2605/2605 2603/2603/2603
f 2606/2606/2606 2596/2596/2596 2599/2599/2599
f 2598/2598/2598 2596/2596/2596 2606/2606/2606
f 2599/2599/2599 2607/2607/2607 2606/2606/2606
f 2608/2608/2608 2598/2598/2598 2606/2606/2606
f 2595/2595/2595 2598/2598/2598 2608/2608/2608
f 2607/2607/2607 2609/2609/2609 2606/2606/2606
f 2609/2609/2609 2608/2608/2608 2606/2606/2606
f 2609/2609/2609 2607/2607/2607 2610/2610/2610
f 2611/2611/2611 2610/2610/2610 2607/2607/2607
f 2610/2610/2610 2611/2611/2611 2612/2612/2612
f 2612/2612/2612 2613/2613/2613 2610/2610/2610
f 2614/2614/2614 2608/2608/2608 2609/2609/2609
f 2614/2614/2614 2609/2609/2609 2610/2610/2610
f 2610/2610/2610 2613/2613/2613 2615/2615/2615
f 2614/2614/2614 2610/2610/2610 2615/2615/2615
f 2615/2615/2615 2613/2613/2613 2616/2616/2616
f 2617/2617/2617 2595/2595/2595 2608/2608/2608
f 2617/2617/2617 2608/2608/2608 2614/2614/2614
f 2615/2615/2615 2618/2618/2618 2614/2614/2614
f 2618/2618/2618 2617/2617/2617 2614/2614/2614
f 2618/2618/2618 2615/2615/2615 2619/2619/2619
f 2619/2619/2619 2620/2620/2620 2618/2618/2618
f 2617/2617/2617 2621/2621/2621 2595/2595/2595
f 2585/2585/2585 2595/2595/2595 2621/2621/2621
f 2585/2585/2585 2621/2621/2621 2622/2622/2622
f 2622/2622/2622 2621/2621/2621 2617/2617/2617
f 2622/2622/2622 2586/2586/2586 2585/2585/2585
f 2623/2623/2623 2617/2617/2617 2618/2618/2618
f 2622/2622/2622 2617/2617/2617 2623/2623/2623
f 2624/2624/2624 2622/2622/2622 2623/2623/2623
f 2623/2623/2623 2618/2618/2618 2625/2625/2625
f 2624/2624/2624 2623/2623/2623 2625/2625/2625
f 2622/2622/2622 2626/2626/2626 2586/2586/2586
f 2626/2626/2626 2622/2622/2622 2624/2624/2624
f 2626/2626/2626 2593/2593/2593 2586/2586/2586
f 2627/2627/2627 2593/2593/2593 2626/2626/2626
f 2624/2624/2624 2627/2627/2627 2626/2626/2626
f 2628/2628/2628 2593/2593/2593 2627/2627/2627
f 2629/2629/2629 2628/2628/2628 2627/2627/2627
f 2624/2624/2624 2629/2629/2629 2627/2627/2627
f 2628/2628/2628 2629/2629/2629 2630/2630/2630
f 2629/2629/2629 2631/2631/2631 2630/2630/2630
f 2629/2629/2629 2632/2632/2632 2631/2631/2631
f 2629/2629/2629 2624/2624/2624 2632/2632/2632
f 2624/2624/2624 2625/2625/2625 2633/2633/2633
f 2632/2632/2632 2624/2624/2624 2633/2633/2633
f 2633/2633/2633 2625/2625/2625 2634/2634/2634
f 2633/2633/2633 2634/2634/2634 2632/2632/2632
f 2634/2634/2634 2635/2635/2635 2632/2632/2632
f 2638/2638/2638 2637/2637/2637 2636/2636/2636
f 2639/2639/2639 2637/2637/2637 2638/2638/2638
f 2640/2640/2640 2639/2639/2639 2638/2638/2638
f 2641/2641/2641 2640/2640/2640 2638/2638/2638
f 2640/2640/2640 2641/2641/2641 2642/2642/2642
f 2639/2639/2639 2640/2640/2640 2643/2643/2643
f 2643/2643/2643 2640/2640/2640 2642/2642/2642
f 2643/2643/2643 2644/2644/2644 2639/2639/2639
f 2644/2644/2644 2643/2643/2643 2645/2645/2645
f 2646/2646/2646 2643/2643/2643 2642/2642/2642
f 2645/2645/2645 2643/2643/2643 2646/2646/2646
f 2645/2645/2645 2646/2646/2646 2647/2647/2647
f 2648/2648/2648 2647/2647/2647 2646/2646/2646
f 2648/2648/2648 2649/2649/2649 2647/2647/2647
f 2652/2652/2652 2651/2651/2651 2650/2650/2650
f 2653/2653/2653 2650/2650/2650 2651/2651/2651
f 2651/2651/2651 2654/2654/2654 2653/2653/2653
f 2650/2650/2650 2653/2653/2653 2655/2655/2655
f 2655/2655/2655 2653/2653/2653 2656/2656/2656
f 2653/2653/2653 2654/2654/2654 2656/2656/2656
f 2656/2656/2656 2657/2657/2657 2655/2655/2655
f 2656/2656/2656 2654/2654/2654 2658/2658/2658
f 2651/2651/2651 2659/2659/2659 2654/2654/2654
f 2660/2660/2660 2659/2659/2659 2651/2651/2651
f 2659/2659/2659 2660/2660/2660 2661/2661/2661
f 2660/2660/2660 2662/2662/2662 2661/2661/2661
f 2663/2663/2663 2661/2661/2661 2662/2662/2662
f 2661/2661/2661 2664/2664/2664 2659/2659/2659
f 2659/2659/2659 2664/2664/2664 2654/2654/2654
f 2661/2661/2661 2665/2665/2665 2664/2664/2664
f 2666/2666/2666 2665/2665/2665 2661/2661/2661
f 2666/2666/2666 2667/2667/2667 2665/2665/2665
f 2667/2667/2667 2668/2668/2668 2665/2665/2665
f 2654/2654/2654 2669/2669/2669 2658/2658/2658
f 2670/2670/2670 2658/2658/2658 2669/2669/2669
f 2654/2654/2654 2664/2664/2664 2671/2671/2671
f 2669/2669/2669 2654/2654/2654 2671/2671/2671
f 2665/2665/2665 2668/2668/2668 2672/2672/2672
f 2665/2665/2665 2672/2672/2672 2673/2673/2673
f 2665/2665/2665 2673/2673/2673 2674/2674/2674
f 2664/2664/2664 2665/2665/2665 2674/2674/2674
f 2668/2668/2668 2675/2675/2675 2672/2672/2672
f 2676/2676/2676 2672/2672/2672 2675/2675/2675
f 2668/2668/2668 2677/2677/2677 2675/2675/2675
f 2675/2675/2675 2678/2678/2678 2676/2676/2676
f 2678/2678/2678 2675/2675/2675 2677/2677/2677
f 2678/2678/2678 2679/2679/2679 2676/2676/2676
f 2679/2679/2679 2678/2678/2678 2680/2680/2680
f 2681/2681/2681 2678/2678/2678 2677/2677/2677
f 2681/2681/2681 2682/2682/2682 2678/2678/2678
f 2683/2683/2683 2682/2682/2682 2681/2681/2681
f 2682/2682/2682 2683/2683/2683 2684/2684/2684
f 2685/2685/2685 2664/2664/2664 2674/2674/2674
f 2664/2664/2664 2685/2685/2685 2671/2671/2671
f 2671/2671/2671 2685/2685/2685 2686/2686/2686
f 2685/2685/2685 2674/2674/2674 2687/2687/2687
f 2674/2674/2674 2688/2688/2688 2687/2687/2687
f 2687/2687/2687 2689/2689/2689 2685/2685/2685
f 2689/2689/2689 2686/2686/2686 2685/2685/2685
f 2689/2689/2689 2690/2690/2690 2686/2686/2686
f 2671/2671/2671 2686/2686/2686 2691/2691/2691
f 2671/2671/2671 2691/2691/2691 2669/2669/2669
f 2684/2684/2684 2683/2683/2683 2692/2692/2692
f 2692/2692/2692 2683/2683/2683 2693/2693/2693
f 2683/2683/2683 2694/2694/2694 2693/2693/2693
f 2693/2693/2693 2695/2695/2695 2692/2692/2692
f 2696/2696/2696 2684/2684/2684 2692/2692/2692
f 2695/2695/2695 2696/2696/2696 2692/2692/2692
f 2684/2684/2684 2696/2696/2696 2697/2697/2697
f 2697/2697/2697 2696/2696/2696 2698/2698/2698
f 2695/2695/2695 2699/2699/2699 2696/2696/2696
f 2696/2696/2696 2699/2699/2699 2698/2698/2698
f 2700/2700/2700 2698/2698/2698 2699/2699/2699
f 2701/2701/2701 2700/2700/2700 2699/2699/2699
f 2700/2700/2700 2701/2701/2701 2702/2702/2702
f 2700/2700/2700 2702/2702/2702 2703/2703/2703
f 2703/2703/2703 2702/2702/2702 2704/2704/2704
f 2707/2707/2707 2706/2706/2706 2705/2705/2705
f 2708/2708/2708 2705/2705/2705 2706/2706/2706
f 2709/2709/2709 2708/2708/2708 2706/2706/2706
f 2710/2710/2710 2709/2709/2709 2706/2706/2706
f 2710/2710/2710 2711/2711/2711 2709/2709/2709
f 2708/2708/2708 2709/2709/2709 2712/2712/2712
f 2709/2709/2709 2713/2713/2713 2712/2712/2712
f 2716/2716/2716 2715/2715/2715 2714/2714/2714
f 2714/2714/2714 2715/2715/2715 2717/2717/2717
f 2717/2717/2717 2715/2715/2715 2718/2718/2718
f 2715/2715/2715 2719/2719/2719 2718/2718/2718
f 2719/2719/2719 2720/2720/2720 2718/2718/2718
f 2719/2719/2719 2721/2721/2721 2720/2720/2720
f 2718/2718/2718 2720/2720/2720 2722/2722/2722
f 2722/2722/2722 2720/2720/2720 2723/2723/2723
f 2720/2720/2720 2721/2721/2721 2723/2723/2723
f 2724/2724/2724 2723/2723/2723 2721/2721/2721
f 2715/2715/2715 2725/2725/2725 2719/2719/2719
f 2719/2719/2719 2725/2725/2725 2721/2721/2721
f 2726/2726/2726 2725/2725/2725 2715/2715/2715
f 2724/2724/2724 2721/2721/2721 2727/2727/2727
f 2727/2727/2727 2728/2728/2728 2724/2724/2724
f 2727/2727/2727 2729/2729/2729 2728/2728/2728
f 2729/2729/2729 2730/2730/2730 2728/2728/2728
f 2730/2730/2730 2729/2729/2729 2731/2731/2731
f 2730/2730/2730 2731/2731/2731 2732/2732/2732
f 2732/2732/2732 2731/2731/2731 2733/2733/2733
f 2729/2729/2729 2734/2734/2734 2731/2731/2731
f 2731/2731/2731 2734/2734/2734 2733/2733/2733
f 2727/2727/2727 2734/2734/2734 2729/2729/2729
f 2734/2734/2734 2735/2735/2735 2733/2733/2733
f 2734/2734/2734 2727/2727/2727 2736/2736/2736
f 2736/2736/2736 2735/2735/2735 2734/2734/2734
f 2736/2736/2736 2727/2727/2727 2721/2721/2721
f 2737/2737/2737 2735/2735/2735 2736/2736/2736
f 2736/2736/2736 2721/2721/2721 2738/2738/2738
f 2721/2721/2721 2725/2725/2725 2738/2738/2738
f 2738/2738/2738 2737/2737/2737 2736/2736/2736
f 2739/2739/2739 2738/2738/2738 2725/2725/2725
f 2739/2739/2739 2725/2725/2725 2740/2740/2740
f 2738/2738/2738 2741/2741/2741 2737/2737/2737
f 2738/2738/2738 2739/2739/2739 2741/2741/2741
f 2741/2741/2741 2742/2742/2742 2737/2737/2737
f 2740/2740/2740 2743/2743/2743 2739/2739/2739
f 2744/2744/2744 2741/2741/2741 2739/2739/2739
f 2739/2739/2739 2743/2743/2743 2744/2744/2744
f 2744/2744/2744 2745/2745/2745 2741/2741/2741
f 2745/2745/2745 2746/2746/2746 2741/2741/2741
f 2741/2741/2741 2746/2746/2746 2742/2742/2742
f 2743/2743/2743 2747/2747/2747 2744/2744/2744
f 2746/2746/2746 2748/2748/2748 2742/2742/2742
f 2749/2749/2749 2742/2742/2742 2748/2748/2748
f 2749/2749/2749 2748/2748/2748 2750/2750/2750
f 2746/2746/2746 2751/2751/2751 2748/2748/2748
f 2750/2750/2750 2748/2748/2748 2752/2752/2752
f 2752/2752/2752 2748/2748/2748 2751/2751/2751
f 2751/2751/2751 2753/2753/2753 2752/2752/2752
f 2752/2752/2752 2753/2753/2753 2754/2754/2754
f 2753/2753/2753 2755/2755/2755 2754/2754/2754
f 2756/2756/2756 2747/2747/2747 2743/2743/2743
f 2757/2757/2757 2756/2756/2756 2743/2743/2743
f 2757/2757/2757 2743/2743/2743 2740/2740/2740
f 2758/2758/2758 2757/2757/2757 2740/2740/2740
f 2758/2758/2758 2756/2756/2756 2757/2757/2757
f 2759/2759/2759 2756/2756/2756 2758/2758/2758
f 2756/2756/2756 2759/2759/2759 2747/2747/2747
f 2760/2760/2760 2759/2759/2759 2758/2758/2758
f 2759/2759/2759 2761/2761/2761 2747/2747/2747
f 2761/2761/2761 2762/2762/2762 2747/2747/2747
f 2762/2762/2762 2763/2763/2763 2747/2747/2747
f 2762/2762/2762 2764/2764/2764 2763/2763/2763
f 2763/2763/2763 2764/2764/2764 2765/2765/2765
f 2766/2766/2766 2765/2765/2765 2764/2764/2764
f 2766/2766/2766 2767/2767/2767 2765/2765/2765
f 2765/2765/2765 2767/2767/2767 2768/2768/2768
f 2769/2769/2769 2765/2765/2765 2768/2768/2768
f 2770/2770/2770 2769/2769/2769 2768/2768/2768
f 2770/2770/2770 2768/2768/2768 2771/2771/2771
f 2774/2774/2774 2773/2773/2773 2772/2772/2772
f 2774/2774/2774 2775/2775/2775 2773/2773/2773
f 2774/2774/2774 2776/2776/2776 2775/2775/2775
f 2775/2775/2775 2777/2777/2777 2773/2773/2773
f 2778/2778/2778 2777/2777/2777 2775/2775/2775
f 2778/2778/2778 2775/2775/2775 2776/2776/2776
f 2777/2777/2777 2778/2778/2778 2779/2779/2779
f 2778/2778/2778 2780/2780/2780 2779/2779/2779
f 2780/2780/2780 2781/2781/2781 2779/2779/2779
f 2780/2780/2780 2782/2782/2782 2781/2781/2781
f 2783/2783/2783 2780/2780/2780 2778/2778/2778
f 2783/2783/2783 2778/2778/2778 2776/2776/2776
f 2784/2784/2784 2782/2782/2782 2780/2780/2780
f 2783/2783/2783 2784/2784/2784 2780/2780/2780
f 2784/2784/2784 2785/2785/2785 2782/2782/2782
f 2786/2786/2786 2776/2776/2776 2774/2774/2774
f 2787/2787/2787 2786/2786/2786 2774/2774/2774
f 2787/2787/2787 2788/2788/2788 2786/2786/2786
f 2788/2788/2788 2787/2787/2787 2789/2789/2789
f 2790/2790/2790 2788/2788/2788 2789/2789/2789
f 2791/2791/2791 2776/2776/2776 2786/2786/2786
f 2788/2788/2788 2790/2790/2790 2792/2792/2792
f 2788/2788/2788 2792/2792/2792 2793/2793/2793
f 2790/2790/2790 2794/2794/2794 2792/2792/2792
f 2795/2795/2795 2776/2776/2776 2791/2791/2791
f 2796/2796/2796 2795/2795/2795 2791/2791/2791
f 2776/2776/2776 2795/2795/2795 2797/2797/2797
f 2798/2798/2798 2797/2797/2797 2795/2795/2795
f 2797/2797/2797 2783/2783/2783 2776/2776/2776
f 2798/2798/2798 2799/2799/2799 2797/2797/2797
f 2792/2792/2792 2800/2800/2800 2793/2793/2793
f 2800/2800/2800 2801/2801/2801 2793/2793/2793
f 2797/2797/2797 2802/2802/2802 2783/2783/2783
f 2783/2783/2783 2802/2802/2802 2784/2784/2784
f 2799/2799/2799 2803/2803/2803 2797/2797/2797
f 2797/2797/2797 2803/2803/2803 2802/2802/2802
f 2802/2802/2802 2804/2804/2804 2784/2784/2784
f 2803/2803/2803 2804/2804/2804 2802/2802/2802
f 2804/2804/2804 2785/2785/2785 2784/2784/2784
f 2799/2799/2799 2805/2805/2805 2803/2803/2803
f 2806/2806/2806 2805/2805/2805 2799/2799/2799
f 2806/2806/2806 2807/2807/2807 2805/2805/2805
f 2803/2803/2803 2805/2805/2805 2808/2808/2808
f 2803/2803/2803 2808/2808/2808 2804/2804/2804
f 2804/2804/2804 2809/2809/2809 2785/2785/2785
f 2809/2809/2809 2810/2810/2810 2785/2785/2785
f 2811/2811/2811 2810/2810/2810 2809/2809/2809
f 2807/2807/2807 2812/2812/2812 2805/2805/2805
f 2808/2808/2808 2805/2805/2805 2812/2812/2812
f 2808/2808/2808 2813/2813/2813 2804/2804/2804
f 2813/2813/2813 2809/2809/2809 2804/2804/2804
f 2808/2808/2808 2814/2814/2814 2813/2813/2813
f 2814/2814/2814 2809/2809/2809 2813/2813/2813
f 2812/2812/2812 2814/2814/2814 2808/2808/2808
f 2809/2809/2809 2815/2815/2815 2811/2811/2811
f 2809/2809/2809 2814/2814/2814 2815/2815/2815
f 2811/2811/2811 2815/2815/2815 2816/2816/2816
f 2815/2815/2815 2814/2814/2814 2817/2817/2817
f 2811/2811/2811 2816/2816/2816 2818/2818/2818
f 2814/2814/2814 2819/2819/2819 2817/2817/2817
f 2812/2812/2812 2819/2819/2819 2814/2814/2814
f 2817/2817/2817 2819/2819/2819 2820/2820/2820
f 2807/2807/2807 2821/2821/2821 2812/2812/2812
f 2821/2821/2821 2819/2819/2819 2812/2812/2812
f 2821/2821/2821 2822/2822/2822 2819/2819/2819
f 2823/2823/2823 2821/2821/2821 2807/2807/2807
f 2824/2824/2824 2821/2821/2821 2823/2823/2823
f 2825/2825/2825 2821/2821/2821 2824/2824/2824
f 2818/2818/2818 2816/2816/2816 2826/2826/2826
f 2827/2827/2827 2818/2818/2818 2826/2826/2826
f 2827/2827/2827 2826/2826/2826 2828/2828/2828
f 2828/2828/2828 2829/2829/2829 2827/2827/2827
f 2830/2830/2830 2829/2829/2829 2828/2828/2828
f 2831/2831/2831 2826/2826/2826 2816/2816/2816
f 2828/2828/2828 2826/2826/2826 2831/2831/2831
f 2831/2831/2831 2816/2816/2816 2832/2832/2832
f 2831/2831/2831 2833/2833/2833 2828/2828/2828
f 2831/2831/2831 2834/2834/2834 2833/2833/2833
f 2834/2834/2834 2835/2835/2835 2833/2833/2833
f 2833/2833/2833 2835/2835/2835 2836/2836/2836
f 2828/2828/2828 2833/2833/2833 2836/2836/2836
f 2836/2836/2836 2835/2835/2835 2837/2837/2837
f 2838/2838/2838 2828/2828/2828 2836/2836/2836
f 2830/2830/2830 2828/2828/2828 2838/2838/2838
f 2839/2839/2839 2838/2838/2838 2836/2836/2836
f 2838/2838/2838 2839/2839/2839 2840/2840/2840
f 2838/2838/2838 2840/2840/2840 2830/2830/2830
f 2840/2840/2840 2839/2839/2839 2841/2841/2841
f 2830/2830/2830 2840/2840/2840 2842/2842/2842
f 2843/2843/2843 2830/2830/2830 2842/2842/2842
f 2844/2844/2844 2830/2830/2830 2843/2843/2843
f 2842/2842/2842 2845/2845/2845 2843/2843/2843
f 2845/2845/2845 2842/2842/2842 2846/2846/2846
f 2842/2842/2842 2840/2840/2840 2847/2847/2847
f 2847/2847/2847 2846/2846/2846 2842/2842/2842
f 2848/2848/2848 2847/2847/2847 2840/2840/2840
f 2847/2847/2847 2849/2849/2849 2846/2846/2846
f 2852/2852/2852 2851/2851/2851 2850/2850/2850
f 2853/2853/2853 2851/2851/2851 2852/2852/2852
f 2854/2854/2854 2851/2851/2851 2853/2853/2853
f 2855/2855/2855 2853/2853/2853 2852/2852/2852
f 2853/2853/2853 2856/2856/2856 2854/2854/2854
f 2857/2857/2857 2853/2853/2853 2855/2855/2855
f 2856/2856/2856 2853/2853/2853 2857/2857/2857
f 2858/2858/2858 2857/2857/2857 2855/2855/2855
f 2859/2859/2859 2857/2857/2857 2858/2858/2858
f 2860/2860/2860 2856/2856/2856 2857/2857/2857
f 2860/2860/2860 2857/2857/2857 2859/2859/2859
f 2861/2861/2861 2856/2856/2856 2860/2860/2860
f 2860/2860/2860 2859/2859/2859 2862/2862/2862
f 2865/2865/2865 2864/2864/2864 2863/2863/2863
f 2863/2863/2863 2866/2866/2866 2865/2865/2865
f 2865/2865/2865 2866/2866/2866 2867/2867/2867
f 2866/2866/2866 2863/2863/2863 2868/2868/2868
f 2868/2868/2868 2863/2863/2863 2869/2869/2869
f 2869/2869/2869 2863/2863/2863 2870/2870/2870
f 2869/2869/2869 2870/2870/2870 2871/2871/2871
f 2869/2869/2869 2871/2871/2871 2872/2872/2872
f 2873/2873/2873 2869/2869/2869 2872/2872/2872
f 2874/2874/2874 2866/2866/2866 2868/2868/2868
f 2875/2875/2875 2874/2874/2874 2868/2868/2868
f 2875/2875/2875 2876/2876/2876 2874/2874/2874
f 2876/2876/2876 2877/2877/2877 2874/2874/2874
f 2877/2877/2877 2876/2876/2876 2878/2878/2878
f 2874/2874/2874 2879/2879/2879 2866/2866/2866
f 2877/2877/2877 2879/2879/2879 2874/2874/2874
f 2880/2880/2880 2879/2879/2879 2877/2877/2877
f 2881/2881/2881 2877/2877/2877 2878/2878/2878
f 2877/2877/2877 2881/2881/2881 2880/2880/2880
f 2878/2878/2878 2882/2882/2882 2881/2881/2881
f 2882/2882/2882 2880/2880/2880 2881/2881/2881
f 2883/2883/2883 2882/2882/2882 2878/2878/2878
f 2884/2884/2884 2866/2866/2866 2879/2879/2879
f 2866/2866/2866 2884/2884/2884 2867/2867/2867
f 2885/2885/2885 2882/2882/2882 2883/2883/2883
f 2885/2885/2885 2883/2883/2883 2886/2886/2886
f 2885/2885/2885 2886/2886/2886 2887/2887/2887
f 2885/2885/2885 2887/2887/2887 2888/2888/2888
f 2882/2882/2882 2885/2885/2885 2889/2889/2889
f 2882/2882/2882 2889/2889/2889 2880/2880/2880
f 2885/2885/2885 2888/2888/2888 2889/2889/2889
f 2884/2884/2884 2879/2879/2879 2890/2890/2890
f 2879/2879/2879 2880/2880/2880 2890/2890/2890
f 2884/2884/2884 2891/2891/2891 2867/2867/2867
f 2884/2884/2884 2890/2890/2890 2891/2891/2891
f 2867/2867/2867 2891/2891/2891 2892/2892/2892
f 2867/2867/2867 2892/2892/2892 2893/2893/2893
f 2891/2891/2891 2894/2894/2894 2892/2892/2892
f 2890/2890/2890 2895/2895/2895 2891/2891/2891
f 2891/2891/2891 2895/2895/2895 2894/2894/2894
f 2895/2895/2895 2890/2890/2890 2896/2896/2896
f 2890/2890/2890 2880/2880/2880 2896/2896/2896
f 2895/2895/2895 2897/2897/2897 2894/2894/2894
f 2880/2880/2880 2898/2898/2898 2896/2896/2896
f 2898/2898/2898 2880/2880/2880 2889/2889/2889
f 2894/2894/2894 2897/2897/2897 2899/2899/2899
f 2900/2900/2900 2899/2899/2899 2897/2897/2897
f 2900/2900/2900 2901/2901/2901 2899/2899/2899
f 2898/2898/2898 2889/2889/2889 2902/2902/2902
f 2889/2889/2889 2903/2903/2903 2902/2902/2902
f 2889/2889/2889 2888/2888/2888 2903/2903/2903
f 2888/2888/2888 2904/2904/2904 2903/2903/2903
f 2888/2888/2888 2905/2905/2905 2904/2904/2904
f 2908/2908/2908 2907/2907/2907 2906/2906/2906
f 2909/2909/2909 2906/2906/2906 2907/2907/2907
f 2910/2910/2910 2909/2909/2909 2907/2907/2907
f 2907/2907/2907 2911/2911/2911 2910/2910/2910
f 2912/2912/2912 2909/2909/2909 2910/2910/2910
f 2910/2910/2910 2911/2911/2911 2913/2913/2913
f 2914/2914/2914 2912/2912/2912 2910/2910/2910
f 2913/2913/2913 2915/2915/2915 2910/2910/2910
f 2910/2910/2910 2915/2915/2915 2914/2914/2914
f 2913/2913/2913 2916/2916/2916 2915/2915/2915
f 2917/2917/2917 2914/2914/2914 2915/2915/2915
f 2917/2917/2917 2915/2915/2915 2916/2916/2916
f 2917/2917/2917 2916/2916/2916 2918/2918/2918
f 2916/2916/2916 2919/2919/2919 2918/2918/2918
f 2917/2917/2917 2920/2920/2920 2914/2914/2914
f 2921/2921/2921 2914/2914/2914 2920/2920/2920
f 2920/2920/2920 2917/2917/2917 2922/2922/2922
f 2921/2921/2921 2920/2920/2920 2923/2923/2923
f 2921/2921/2921 2923/2923/2923 2924/2924/2924
f 2925/2925/2925 2924/2924/2924 2923/2923/2923
f 2926/2926/2926 2925/2925/2925 2923/2923/2923
f 2920/2920/2920 2926/2926/2926 2923/2923/2923
f 2926/2926/2926 2920/2920/2920 2922/2922/2922
f 2922/2922/2922 2927/2927/2927 2926/2926/2926
f 2930/2930/2930 2929/2929/2929 2928/2928/2928
f 2931/2931/2931 2930/2930/2930 2928/2928/2928
f 2932/2932/2932 2931/2931/2931 2928/2928/2928
f 2931/2931/2931 2932/2932/2932 2933/2933/2933
f 2934/2934/2934 2932/2932/2932 2928/2928/2928
f 2931/2931/2931 2935/2935/2935 2930/2930/2930
f 2931/2931/2931 2933/2933/2933 2935/2935/2935
f 2934/2934/2934 2936/2936/2936 2932/2932/2932
f 2936/2936/2936 2934/2934/2934 2937/2937/2937
f 2938/2938/2938 2932/2932/2932 2936/2936/2936
f 2932/2932/2932 2938/2938/2938 2933/2933/2933
f 2938/2938/2938 2936/2936/2936 2937/2937/2937
f 2930/2930/2930 2935/2935/2935 2939/2939/2939
f 2930/2930/2930 2939/2939/2939 2940/2940/2940
f 2939/2939/2939 2941/2941/2941 2940/2940/2940
f 2939/2939/2939 2942/2942/2942 2941/2941/2941
f 2942/2942/2942 2943/2943/2943 2941/2941/2941
f 2939/2939/2939 2935/2935/2935 2944/2944/2944
f 2939/2939/2939 2944/2944/2944 2942/2942/2942
f 2942/2942/2942 2945/2945/2945 2943/2943/2943
f 2942/2942/2942 2944/2944/2944 2945/2945/2945
f 2935/2935/2935 2933/2933/2933 2946/2946/2946
f 2944/2944/2944 2935/2935/2935 2946/2946/2946
f 2944/2944/2944 2946/2946/2946 2947/2947/2947
f 2948/2948/2948 2943/2943/2943 2945/2945/2945
f 2943/2943/2943 2948/2948/2948 2949/2949/2949
f 2950/2950/2950 2944/2944/2944 2947/2947/2947
f 2945/2945/2945 2944/2944/2944 2950/2950/2950
f 2951/2951/2951 2945/2945/2945 2950/2950/2950
f 2947/2947/2947 2951/2951/2951 2950/2950/2950
f 2945/2945/2945 2951/2951/2951 2952/2952/2952
f 2945/2945/2945 2952/2952/2952 2948/2948/2948
f 2951/2951/2951 2947/2947/2947 2953/2953/2953
f 2953/2953/2953 2952/2952/2952 2951/2951/2951
f 2954/2954/2954 2946/2946/2946 2933/2933/2933
f 2955/2955/2955 2947/2947/2947 2946/2946/2946
f 2954/2954/2954 2955/2955/2955 2946/2946/2946
f 2954/2954/2954 2933/2933/2933 2956/2956/2956
f 2956/2956/2956 2933/2933/2933 2957/2957/2957
f 2957/2957/2957 2933/2933/2933 2938/2938/2938
f 2956/2956/2956 2958/2958/2958 2954/2954/2954
f 2955/2955/2955 2954/2954/2954 2958/2958/2958
f 2957/2957/2957 2938/2938/2938 2959/2959/2959
f 2937/2937/2937 2959/2959/2959 2938/2938/2938
f 2960/2960/2960 2959/2959/2959 2937/2937/2937
f 2961/2961/2961 2959/2959/2959 2960/2960/2960
f 2961/2961/2961 2960/2960/2960 2962/2962/2962
f 2960/2960/2960 2937/2937/2937 2962/2962/2962
f 2963/2963/2963 2962/2962/2962 2937/2937/2937
f 2955/2955/2955 2964/2964/2964 2947/2947/2947
f 2965/2965/2965 2955/2955/2955 2958/2958/2958
f 2964/2964/2964 2955/2955/2955 2965/2965/2965
f 2966/2966/2966 2947/2947/2947 2964/2964/2964
f 2953/2953/2953 2947/2947/2947 2966/2966/2966
f 2958/2958/2958 2967/2967/2967 2965/2965/2965
f 2968/2968/2968 2967/2967/2967 2958/2958/2958
f 2968/2968/2968 2958/2958/2958 2969/2969/2969
f 2970/2970/2970 2965/2965/2965 2967/2967/2967
f 2970/2970/2970 2964/2964/2964 2965/2965/2965
f 2971/2971/2971 2970/2970/2970 2967/2967/2967
f 2972/2972/2972 2970/2970/2970 2971/2971/2971
f 2970/2970/2970 2973/2973/2973 2964/2964/2964
f 2973/2973/2973 2966/2966/2966 2964/2964/2964
f 2972/2972/2972 2974/2974/2974 2970/2970/2970
f 2974/2974/2974 2973/2973/2973 2970/2970/2970
f 2975/2975/2975 2974/2974/2974 2972/2972/2972
f 2976/2976/2976 2973/2973/2973 2974/2974/2974
f 2976/2976/2976 2974/2974/2974 2975/2975/2975
f 2977/2977/2977 2953/2953/2953 2966/2966/2966
f 2973/2973/2973 2978/2978/2978 2966/2966/2966
f 2966/2966/2966 2978/2978/2978 2977/2977/2977
f 2978/2978/2978 2973/2973/2973 2979/2979/2979
f 2976/2976/2976 2979/2979/2979 2973/2973/2973
f 2980/2980/2980 2953/2953/2953 2977/2977/2977
f 2980/2980/2980 2952/2952/2952 2953/2953/2953
f 2978/2978/2978 2981/2981/2981 2977/2977/2977
f 2979/2979/2979 2981/2981/2981 2978/2978/2978
f 2982/2982/2982 2980/2980/2980 2977/2977/2977
f 2982/2982/2982 2977/2977/2977 2981/2981/2981
f 2983/2983/2983 2952/2952/2952 2980/2980/2980
f 2982/2982/2982 2983/2983/2983 2980/2980/2980
f 2983/2983/2983 2984/2984/2984 2952/2952/2952
f 2984/2984/2984 2948/2948/2948 2952/2952/2952
f 2984/2984/2984 2985/2985/2985 2948/2948/2948
f 2985/2985/2985 2949/2949/2949 2948/2948/2948
f 2983/2983/2983 2986/2986/2986 2984/2984/2984
f 2986/2986/2986 2985/2985/2985 2984/2984/2984
f 2987/2987/2987 2983/2983/2983 2982/2982/2982
f 2987/2987/2987 2986/2986/2986 2983/2983/2983
f 2988/2988/2988 2949/2949/2949 2985/2985/2985
f 2988/2988/2988 2985/2985/2985 2986/2986/2986
f 2981/2981/2981 2979/2979/2979 2989/2989/2989
f 2982/2982/2982 2981/2981/2981 2990/2990/2990
f 2990/2990/2990 2981/2981/2981 2989/2989/2989
f 2982/2982/2982 2991/2991/2991 2987/2987/2987
f 2991/2991/2991 2982/2982/2982 2990/2990/2990
f 2992/2992/2992 2989/2989/2989 2979/2979/2979
f 2979/2979/2979 2976/2976/2976 2992/2992/2992
f 2993/2993/2993 2992/2992/2992 2976/2976/2976
f 2993/2993/2993 2976/2976/2976 2975/2975/2975
f 2994/2994/2994 2989/2989/2989 2992/2992/2992
f 2992/2992/2992 2993/2993/2993 2994/2994/2994
f 2995/2995/2995 2993/2993/2993 2975/2975/2975
f 2995/2995/2995 2975/2975/2975 2996/2996/2996
f 2995/2995/2995 2997/2997/2997 2993/2993/2993
f 2997/2997/2997 2998/2998/2998 2993/2993/2993
f 2998/2998/2998 2994/2994/2994 2993/2993/2993
f 2999/2999/2999 2998/2998/2998 2997/2997/2997
f 3000/3000/3000 2989/2989/2989 2994/2994/2994
f 2990/2990/2990 2989/2989/2989 3000/3000/3000
f 3001/3001/3001 2998/2998/2998 2999/2999/2999
f 3001/3001/3001 2999/2999/2999 3002/3002/3002
f 2998/2998/2998 3003/3003/3003 2994/2994/2994
f 3001/3001/3001 3003/3003/3003 2998/2998/2998
f 3000/3000/3000 2994/2994/2994 3003/3003/3003
f 3004/3004/3004 3003/3003/3003 3001/3001/3001
f 3005/3005/3005 3004/3004/3004 3001/3001/3001
f 3003/3003/3003 3006/3006/3006 3000/3000/3000
f 3006/3006/3006 3003/3003/3003 3004/3004/3004
f 3007/3007/3007 2990/2990/2990 3000/3000/3000
f 3007/3007/3007 3000/3000/3000 3006/3006/3006
f 3006/3006/3006 3004/3004/3004 3008/3008/3008
f 3008/3008/3008 3004/3004/3004 3005/3005/3005
f 3007/3007/3007 3006/3006/3006 3008/3008/3008
f 3007/3007/3007 3009/3009/3009 2990/2990/2990
f 3009/3009/3009 2991/2991/2991 2990/2990/2990
f 3010/3010/3010 3009/3009/3009 3007/3007/3007
f 3008/3008/3008 3010/3010/3010 3007/3007/3007
f 3011/3011/3011 3008/3008/3008 3005/3005/3005
f 3012/3012/3012 3011/3011/3011 3005/3005/3005
f 3013/3013/3013 2991/2991/2991 3009/3009/3009
f 3013/3013/3013 3009/3009/3009 3010/3010/3010
f 3014/3014/3014 3013/3013/3013 3010/3010/3010
f 3010/3010/3010 3015/3015/3015 3014/3014/3014
f 3010/3010/3010 3008/3008/3008 3015/3015/3015
f 3011/3011/3011 3015/3015/3015 3008/3008/3008
f 3016/3016/3016 3015/3015/3015 3011/3011/3011
f 3015/3015/3015 3016/3016/3016 3014/3014/3014
f 3012/3012/3012 3017/3017/3017 3011/3011/3011
f 3016/3016/3016 3011/3011/3011 3017/3017/3017
f 3016/3016/3016 3017/3017/3017 3018/3018/3018
f 3012/3012/3012 3019/3019/3019 3017/3017/3017
f 3019/3019/3019 3018/3018/3018 3017/3017/3017
f 3018/3018/3018 3019/3019/3019 3020/3020/3020
f 3013/3013/3013 3021/3021/3021 2991/2991/2991
f 2987/2987/2987 2991/2991/2991 3021/3021/3021
f 3013/3013/3013 3022/3022/3022 3021/3021/3021
f 3022/3022/3022 3013/3013/3013 3014/3014/3014
f 2987/2987/2987 3021/3021/3021 3023/3023/3023
f 3022/3022/3022 3023/3023/3023 3021/3021/3021
f 3023/3023/3023 2986/2986/2986 2987/2987/2987
f 3024/3024/3024 3018/3018/3018 3020/3020/3020
f 3025/3025/3025 3024/3024/3024 3020/3020/3020
f 3026/3026/3026 3024/3024/3024 3025/3025/3025
f 3026/3026/3026 3027/3027/3027 3024/3024/3024
f 3018/3018/3018 3024/3024/3024 3027/3027/3027
f 3028/3028/3028 3027/3027/3027 3026/3026/3026
f 3029/3029/3029 2986/2986/2986 3023/3023/3023
f 2986/2986/2986 3029/3029/3029 2988/2988/2988
f 3030/3030/3030 3027/3027/3027 3028/3028/3028
f 3030/3030/3030 3028/3028/3028 3031/3031/3031
f 3032/3032/3032 3018/3018/3018 3027/3027/3027
f 3030/3030/3030 3033/3033/3033 3027/3027/3027
f 3033/3033/3033 3032/3032/3032 3027/3027/3027
f 3032/3032/3032 3033/3033/3033 3034/3034/3034
f 3035/3035/3035 3030/3030/3030 3031/3031/3031
f 3030/3030/3030 3035/3035/3035 3033/3033/3033
f 3018/3018/3018 3032/3032/3032 3036/3036/3036
f 3018/3018/3018 3036/3036/3036 3016/3016/3016
f 3032/3032/3032 3037/3037/3037 3036/3036/3036
f 3037/3037/3037 3032/3032/3032 3034/3034/3034
f 3016/3016/3016 3036/3036/3036 3038/3038/3038
f 3038/3038/3038 3036/3036/3036 3037/3037/3037
f 3039/3039/3039 3035/3035/3035 3031/3031/3031
f 3040/3040/3040 3039/3039/3039 3031/3031/3031
f 3041/3041/3041 3039/3039/3039 3040/3040/3040
f 3041/3041/3041 3042/3042/3042 3039/3039/3039
f 3043/3043/3043 3042/3042/3042 3041/3041/3041
f 3044/3044/3044 3042/3042/3042 3043/3043/3043
f 3038/3038/3038 3045/3045/3045 3016/3016/3016
f 3045/3045/3045 3014/3014/3014 3016/3016/3016
f 3045/3045/3045 3038/3038/3038 3046/3046/3046
f 3014/3014/3014 3045/3045/3045 3046/3046/3046
f 3047/3047/3047 3038/3038/3038 3037/3037/3037
f 3046/3046/3046 3038/3038/3038 3047/3047/3047
f 3035/3035/3035 3039/3039/3039 3048/3048/3048
f 3048/3048/3048 3039/3039/3039 3042/3042/3042
f 3049/3049/3049 3042/3042/3042 3044/3044/3044
f 3050/3050/3050 3049/3049/3049 3044/3044/3044
f 3051/3051/3051 3048/3048/3048 3042/3042/3042
f 3051/3051/3051 3042/3042/3042 3049/3049/3049
f 3035/3035/3035 3048/3048/3048 3052/3052/3052
f 3051/3051/3051 3052/3052/3052 3048/3048/3048
f 3053/3053/3053 3049/3049/3049 3050/3050/3050
f 3053/3053/3053 3051/3051/3051 3049/3049/3049
f 3054/3054/3054 3035/3035/3035 3052/3052/3052
f 3054/3054/3054 3033/3033/3033 3035/3035/3035
f 3034/3034/3034 3033/3033/3033 3054/3054/3054
f 3050/3050/3050 3055/3055/3055 3053/3053/3053
f 3056/3056/3056 3051/3051/3051 3053/3053/3053
f 3055/3055/3055 3056/3056/3056 3053/3053/3053
f 3057/3057/3057 3051/3051/3051 3056/3056/3056
f 3057/3057/3057 3052/3052/3052 3051/3051/3051
f 3058/3058/3058 3055/3055/3055 3050/3050/3050
f 3059/3059/3059 3058/3058/3058 3050/3050/3050
f 3060/3060/3060 3056/3056/3056 3055/3055/3055
f 3057/3057/3057 3056/3056/3056 3060/3060/3060
f 3061/3061/3061 3055/3055/3055 3058/3058/3058
f 3061/3061/3061 3060/3060/3060 3055/3055/3055
f 3058/3058/3058 3059/3059/3059 3062/3062/3062
f 3062/3062/3062 3061/3061/3061 3058/3058/3058
f 3063/3063/3063 3062/3062/3062 3059/3059/3059
f 3060/3060/3060 3064/3064/3064 3057/3057/3057
f 3060/3060/3060 3061/3061/3061 3064/3064/3064
f 3065/3065/3065 3052/3052/3052 3057/3057/3057
f 3066/3066/3066 3057/3057/3057 3064/3064/3064
f 3065/3065/3065 3057/3057/3057 3066/3066/3066
f 3067/3067/3067 3065/3065/3065 3066/3066/3066
f 3064/3064/3064 3061/3061/3061 3068/3068/3068
f 3066/3066/3066 3064/3064/3064 3068/3068/3068
f 3069/3069/3069 3061/3061/3061 3062/3062/3062
f 3061/3061/3061 3069/3069/3069 3068/3068/3068
f 3065/3065/3065 3070/3070/3070 3052/3052/3052
f 3054/3054/3054 3052/3052/3052 3070/3070/3070
f 3069/3069/3069 3062/3062/3062 3071/3071/3071
f 3062/3062/3062 3072/3072/3072 3071/3071/3071
f 3068/3068/3068 3069/3069/3069 3073/3073/3073
f 3069/3069/3069 3071/3071/3071 3073/3073/3073
f 3074/3074/3074 3066/3066/3066 3068/3068/3068
f 3073/3073/3073 3074/3074/3074 3068/3068/3068
f 3067/3067/3067 3066/3066/3066 3075/3075/3075
f 3075/3075/3075 3066/3066/3066 3074/3074/3074
f 3070/3070/3070 3065/3065/3065 3076/3076/3076
f 3076/3076/3076 3065/3065/3065 3067/3067/3067
f 3070/3070/3070 3077/3077/3077 3054/3054/3054
f 3077/3077/3077 3034/3034/3034 3054/3054/3054
f 3077/3077/3077 3070/3070/3070 3078/3078/3078
f 3070/3070/3070 3076/3076/3076 3078/3078/3078
f 3078/3078/3078 3034/3034/3034 3077/3077/3077
f 3079/3079/3079 3075/3075/3075 3074/3074/3074
f 3074/3074/3074 3073/3073/3073 3080/3080/3080
f 3079/3079/3079 3074/3074/3074 3080/3080/3080
f 3067/3067/3067 3075/3075/3075 3081/3081/3081
f 3075/3075/3075 3079/3079/3079 3081/3081/3081
f 3082/3082/3082 3078/3078/3078 3076/3076/3076
f 3076/3076/3076 3067/3067/3067 3083/3083/3083
f 3083/3083/3083 3082/3082/3082 3076/3076/3076
f 3084/3084/3084 3034/3034/3034 3078/3078/3078
f 3084/3084/3084 3078/3078/3078 3085/3085/3085
f 3078/3078/3078 3082/3082/3082 3085/3085/3085
f 3086/3086/3086 3034/3034/3034 3084/3084/3084
f 3086/3086/3086 3084/3084/3084 3085/3085/3085
f 3037/3037/3037 3034/3034/3034 3086/3086/3086
f 3087/3087/3087 3037/3037/3037 3086/3086/3086
f 3047/3047/3047 3037/3037/3037 3087/3087/3087
f 3086/3086/3086 3085/3085/3085 3088/3088/3088
f 3087/3087/3087 3086/3086/3086 3088/3088/3088
f 3085/3085/3085 3082/3082/3082 3089/3089/3089
f 3088/3088/3088 3085/3085/3085 3089/3089/3089
f 3087/3087/3087 3090/3090/3090 3047/3047/3047
f 3091/3091/3091 3087/3087/3087 3088/3088/3088
f 3090/3090/3090 3087/3087/3087 3091/3091/3091
f 3091/3091/3091 3088/3088/3088 3092/3092/3092
f 3089/3089/3089 3092/3092/3092 3088/3088/3088
f 3093/3093/3093 3047/3047/3047 3090/3090/3090
f 3046/3046/3046 3047/3047/3047 3093/3093/3093
f 3094/3094/3094 3090/3090/3090 3091/3091/3091
f 3094/3094/3094 3091/3091/3091 3092/3092/3092
f 3095/3095/3095 3094/3094/3094 3092/3092/3092
f 3093/3093/3093 3090/3090/3090 3096/3096/3096
f 3096/3096/3096 3090/3090/3090 3094/3094/3094
f 3046/3046/3046 3093/3093/3093 3097/3097/3097
f 3097/3097/3097 3093/3093/3093 3096/3096/3096
f 3089/3089/3089 3098/3098/3098 3092/3092/3092
f 3098/3098/3098 3095/3095/3095 3092/3092/3092
f 3098/3098/3098 3089/3089/3089 3099/3099/3099
f 3095/3095/3095 3098/3098/3098 3099/3099/3099
f 3100/3100/3100 3094/3094/3094 3095/3095/3095
f 3100/3100/3100 3096/3096/3096 3094/3094/3094
f 3101/3101/3101 3046/3046/3046 3097/3097/3097
f 3014/3014/3014 3046/3046/3046 3101/3101/3101
f 3101/3101/3101 3102/3102/3102 3014/3014/3014
f 3102/3102/3102 3101/3101/3101 3097/3097/3097
f 3102/3102/3102 3097/3097/3097 3103/3103/3103
f 3104/3104/3104 3103/3103/3103 3097/3097/3097
f 3097/3097/3097 3096/3096/3096 3104/3104/3104
f 3022/3022/3022 3014/3014/3014 3102/3102/3102
f 3104/3104/3104 3096/3096/3096 3105/3105/3105
f 3100/3100/3100 3105/3105/3105 3096/3096/3096
f 3105/3105/3105 3103/3103/3103 3104/3104/3104
f 3102/3102/3102 3106/3106/3106 3022/3022/3022
f 3106/3106/3106 3102/3102/3102 3103/3103/3103
f 3107/3107/3107 3022/3022/3022 3106/3106/3106
f 3107/3107/3107 3023/3023/3023 3022/3022/3022
f 3107/3107/3107 3106/3106/3106 3108/3108/3108
f 3108/3108/3108 3106/3106/3106 3103/3103/3103
f 3108/3108/3108 3103/3103/3103 3109/3109/3109
f 3110/3110/3110 3023/3023/3023 3107/3107/3107
f 3108/3108/3108 3110/3110/3110 3107/3107/3107
f 3023/3023/3023 3110/3110/3110 3029/3029/3029
f 3100/3100/3100 3111/3111/3111 3105/3105/3105
f 3112/3112/3112 3103/3103/3103 3105/3105/3105
f 3111/3111/3111 3112/3112/3112 3105/3105/3105
f 3113/3113/3113 3103/3103/3103 3112/3112/3112
f 3113/3113/3113 3109/3109/3109 3103/3103/3103
f 3114/3114/3114 3109/3109/3109 3113/3113/3113
f 3115/3115/3115 3113/3113/3113 3112/3112/3112
f 3112/3112/3112 3111/3111/3111 3115/3115/3115
f 3114/3114/3114 3113/3113/3113 3115/3115/3115
f 3100/3100/3100 3116/3116/3116 3111/3111/3111
f 3100/3100/3100 3095/3095/3095 3116/3116/3116
f 3108/3108/3108 3117/3117/3117 3110/3110/3110
f 3118/3118/3118 3029/3029/3029 3110/3110/3110
f 3118/3118/3118 3110/3110/3110 3117/3117/3117
f 3119/3119/3119 3029/3029/3029 3118/3118/3118
f 3119/3119/3119 2988/2988/2988 3029/3029/3029
f 3120/3120/3120 2988/2988/2988 3119/3119/3119
f 3121/3121/3121 3117/3117/3117 3108/3108/3108
f 3109/3109/3109 3121/3121/3121 3108/3108/3108
f 3117/3117/3117 3122/3122/3122 3118/3118/3118
f 3122/3122/3122 3117/3117/3117 3121/3121/3121
f 3118/3118/3118 3122/3122/3122 3123/3123/3123
f 3124/3124/3124 3122/3122/3122 3121/3121/3121
f 3125/3125/3125 2988/2988/2988 3120/3120/3120
f 2949/2949/2949 2988/2988/2988 3125/3125/3125
f 3126/3126/3126 3125/3125/3125 3120/3120/3120
f 3125/3125/3125 3126/3126/3126 2949/2949/2949
f 3127/3127/3127 2949/2949/2949 3126/3126/3126
f 3126/3126/3126 3120/3120/3120 3128/3128/3128
f 3129/3129/3129 3126/3126/3126 3128/3128/3128
f 3124/3124/3124 3121/3121/3121 3130/3130/3130
f 3109/3109/3109 3130/3130/3130 3121/3121/3121
f 3131/3131/3131 3124/3124/3124 3130/3130/3130
f 3132/3132/3132 3124/3124/3124 3131/3131/3131
f 3132/3132/3132 3131/3131/3131 3133/3133/3133
f 3134/3134/3134 3132/3132/3132 3133/3133/3133
f 3133/3133/3133 3135/3135/3135 3134/3134/3134
f 3134/3134/3134 3135/3135/3135 3136/3136/3136
f 3137/3137/3137 3136/3136/3136 3135/3135/3135
f 3130/3130/3130 3138/3138/3138 3131/3131/3131
f 3138/3138/3138 3139/3139/3139 3131/3131/3131
f 3130/3130/3130 3109/3109/3109 3140/3140/3140
f 3140/3140/3140 3138/3138/3138 3130/3130/3130
f 3139/3139/3139 3138/3138/3138 3141/3141/3141
f 3141/3141/3141 3138/3138/3138 3140/3140/3140
f 3142/3142/3142 3140/3140/3140 3109/3109/3109
f 3142/3142/3142 3109/3109/3109 3114/3114/3114
f 3141/3141/3141 3143/3143/3143 3139/3139/3139
f 3144/3144/3144 3139/3139/3139 3143/3143/3143
f 3141/3141/3141 3140/3140/3140 3145/3145/3145
f 3142/3142/3142 3145/3145/3145 3140/3140/3140
f 3146/3146/3146 3145/3145/3145 3142/3142/3142
f 3147/3147/3147 3141/3141/3141 3145/3145/3145
f 3147/3147/3147 3145/3145/3145 3146/3146/3146
f 3148/3148/3148 3141/3141/3141 3147/3147/3147
f 3148/3148/3148 3143/3143/3143 3141/3141/3141
f 3148/3148/3148 3147/3147/3147 3149/3149/3149
f 3149/3149/3149 3147/3147/3147 3146/3146/3146
f 3114/3114/3114 3150/3150/3150 3142/3142/3142
f 3142/3142/3142 3150/3150/3150 3146/3146/3146
f 3143/3143/3143 3151/3151/3151 3144/3144/3144
f 3151/3151/3151 3152/3152/3152 3144/3144/3144
f 3152/3152/3152 3151/3151/3151 3153/3153/3153
f 3154/3154/3154 3143/3143/3143 3148/3148/3148
f 3149/3149/3149 3154/3154/3154 3148/3148/3148
f 3155/3155/3155 3151/3151/3151 3143/3143/3143
f 3155/3155/3155 3143/3143/3143 3154/3154/3154
f 3156/3156/3156 3153/3153/3153 3151/3151/3151
f 3151/3151/3151 3155/3155/3155 3156/3156/3156
f 3157/3157/3157 3153/3153/3153 3156/3156/3156
f 3158/3158/3158 3153/3153/3153 3157/3157/3157
f 3157/3157/3157 3156/3156/3156 3159/3159/3159
f 3156/3156/3156 3155/3155/3155 3159/3159/3159
f 3160/3160/3160 3157/3157/3157 3159/3159/3159
f 3161/3161/3161 3159/3159/3159 3155/3155/3155
f 3161/3161/3161 3155/3155/3155 3154/3154/3154
f 3162/3162/3162 3159/3159/3159 3161/3161/3161
f 3159/3159/3159 3162/3162/3162 3160/3160/3160
f 3154/3154/3154 3163/3163/3163 3161/3161/3161
f 3164/3164/3164 3161/3161/3161 3163/3163/3163
f 3154/3154/3154 3165/3165/3165 3163/3163/3163
f 3154/3154/3154 3149/3149/3149 3165/3165/3165
f 3165/3165/3165 3149/3149/3149 3166/3166/3166
f 3149/3149/3149 3146/3146/3146 3166/3166/3166
f 3166/3166/3166 3146/3146/3146 3167/3167/3167
f 3146/3146/3146 3168/3168/3168 3167/3167/3167
f 3168/3168/3168 3146/3146/3146 3150/3150/3150
f 3168/3168/3168 3150/3150/3150 3114/3114/3114
f 3169/3169/3169 3160/3160/3160 3162/3162/3162
f 3169/3169/3169 3162/3162/3162 3170/3170/3170
f 3171/3171/3171 3160/3160/3160 3169/3169/3169
f 3172/3172/3172 3171/3171/3171 3169/3169/3169
f 3171/3171/3171 3172/3172/3172 3173/3173/3173
f 3174/3174/3174 3171/3171/3171 3173/3173/3173
f 3160/3160/3160 3171/3171/3171 3174/3174/3174
f 3174/3174/3174 3175/3175/3175 3160/3160/3160
f 3176/3176/3176 3168/3168/3168 3114/3114/3114
f 3177/3177/3177 3168/3168/3168 3176/3176/3176
f 3178/3178/3178 3168/3168/3168 3177/3177/3177
f 3179/3179/3179 3177/3177/3177 3176/3176/3176
f 3176/3176/3176 3114/3114/3114 3180/3180/3180
f 3179/3179/3179 3176/3176/3176 3180/3180/3180
f 3180/3180/3180 3114/3114/3114 3115/3115/3115
f 3180/3180/3180 3115/3115/3115 3181/3181/3181
f 3179/3179/3179 3180/3180/3180 3181/3181/3181
f 3111/3111/3111 3181/3181/3181 3115/3115/3115
f 3181/3181/3181 3111/3111/3111 3182/3182/3182
f 3116/3116/3116 3182/3182/3182 3111/3111/3111
f 3179/3179/3179 3181/3181/3181 3183/3183/3183
f 3184/3184/3184 3179/3179/3179 3183/3183/3183
f 3185/3185/3185 3179/3179/3179 3184/3184/3184
f 3183/3183/3183 3186/3186/3186 3184/3184/3184
f 3187/3187/3187 3183/3183/3183 3181/3181/3181
f 3183/3183/3183 3187/3187/3187 3186/3186/3186
f 3181/3181/3181 3182/3182/3182 3187/3187/3187
f 3187/3187/3187 3188/3188/3188 3186/3186/3186
f 3188/3188/3188 3187/3187/3187 3189/3189/3189
f 3187/3187/3187 3182/3182/3182 3189/3189/3189
f 3188/3188/3188 3189/3189/3189 3190/3190/3190
f 3182/3182/3182 3191/3191/3191 3189/3189/3189
f 3182/3182/3182 3116/3116/3116 3191/3191/3191
f 3189/3189/3189 3192/3192/3192 3190/3190/3190
f 3192/3192/3192 3189/3189/3189 3191/3191/3191
f 3190/3190/3190 3192/3192/3192 3193/3193/3193
f 3192/3192/3192 3194/3194/3194 3193/3193/3193
f 3194/3194/3194 3192/3192/3192 3191/3191/3191
f 3194/3194/3194 3195/3195/3195 3193/3193/3193
f 3191/3191/3191 3116/3116/3116 3196/3196/3196
f 3197/3197/3197 3194/3194/3194 3191/3191/3191
f 3197/3197/3197 3191/3191/3191 3196/3196/3196
f 3194/3194/3194 3198/3198/3198 3195/3195/3195
f 3197/3197/3197 3198/3198/3198 3194/3194/3194
f 3195/3195/3195 3198/3198/3198 3199/3199/3199
f 3195/3195/3195 3199/3199/3199 3200/3200/3200
f 3199/3199/3199 3201/3201/3201 3200/3200/3200
f 3197/3197/3197 3202/3202/3202 3198/3198/3198
f 3202/3202/3202 3197/3197/3197 3196/3196/3196
f 3202/3202/3202 3199/3199/3199 3198/3198/3198
f 3116/3116/3116 3203/3203/3203 3196/3196/3196
f 3203/3203/3203 3116/3116/3116 3095/3095/3095
f 3204/3204/3204 3201/3201/3201 3199/3199/3199
f 3204/3204/3204 3205/3205/3205 3201/3201/3201
f 3202/3202/3202 3196/3196/3196 3206/3206/3206
f 3196/3196/3196 3203/3203/3203 3206/3206/3206
f 3207/3207/3207 3203/3203/3203 3095/3095/3095
f 3203/3203/3203 3207/3207/3207 3206/3206/3206
f 3095/3095/3095 3099/3099/3099 3207/3207/3207
f 3199/3199/3199 3202/3202/3202 3208/3208/3208
f 3199/3199/3199 3208/3208/3208 3204/3204/3204
f 3202/3202/3202 3206/3206/3206 3208/3208/3208
f 3205/3205/3205 3204/3204/3204 3209/3209/3209
f 3208/3208/3208 3209/3209/3209 3204/3204/3204
f 3205/3205/3205 3209/3209/3209 3210/3210/3210
f 3206/3206/3206 3207/3207/3207 3211/3211/3211
f 3207/3207/3207 3099/3099/3099 3211/3211/3211
f 3206/3206/3206 3211/3211/3211 3208/3208/3208
f 3208/3208/3208 3212/3212/3212 3209/3209/3209
f 3211/3211/3211 3212/3212/3212 3208/3208/3208
f 3209/3209/3209 3212/3212/3212 3213/3213/3213
f 3099/3099/3099 3214/3214/3214 3211/3211/3211
f 3211/3211/3211 3214/3214/3214 3212/3212/3212
f 3212/3212/3212 3214/3214/3214 3213/3213/3213
f 3099/3099/3099 3089/3089/3089 3214/3214/3214
f 3214/3214/3214 3089/3089/3089 3082/3082/3082
f 3214/3214/3214 3215/3215/3215 3213/3213/3213
f 3214/3214/3214 3082/3082/3082 3215/3215/3215
f 3213/3213/3213 3215/3215/3215 3216/3216/3216
f 3215/3215/3215 3082/3082/3082 3083/3083/3083
f 3216/3216/3216 3215/3215/3215 3217/3217/3217
f 3215/3215/3215 3083/3083/3083 3218/3218/3218
f 3217/3217/3217 3215/3215/3215 3218/3218/3218
f 3083/3083/3083 3219/3219/3219 3218/3218/3218
f 3083/3083/3083 3067/3067/3067 3219/3219/3219
f 3219/3219/3219 3067/3067/3067 3220/3220/3220
f 3219/3219/3219 3220/3220/3220 3218/3218/3218
f 3220/3220/3220 3067/3067/3067 3081/3081/3081
f 3218/3218/3218 3221/3221/3221 3217/3217/3217
f 3221/3221/3221 3218/3218/3218 3220/3220/3220
f 3217/3217/3217 3221/3221/3221 3222/3222/3222
f 3220/3220/3220 3081/3081/3081 3223/3223/3223
f 3081/3081/3081 3079/3079/3079 3223/3223/3223
f 3221/3221/3221 3220/3220/3220 3224/3224/3224
f 3220/3220/3220 3223/3223/3223 3224/3224/3224
f 3225/3225/3225 3223/3223/3223 3079/3079/3079
f 3224/3224/3224 3223/3223/3223 3225/3225/3225
f 3226/3226/3226 3221/3221/3221 3224/3224/3224
f 3226/3226/3226 3224/3224/3224 3225/3225/3225
f 3221/3221/3221 3226/3226/3226 3227/3227/3227
f 3225/3225/3225 3079/3079/3079 3228/3228/3228
f 3079/3079/3079 3080/3080/3080 3228/3228/3228
f 3227/3227/3227 3226/3226/3226 3229/3229/3229
f 3227/3227/3227 3229/3229/3229 3230/3230/3230
f 3226/3226/3226 3225/3225/3225 3231/3231/3231
f 3231/3231/3231 3225/3225/3225 3228/3228/3228
f 3229/3229/3229 3226/3226/3226 3231/3231/3231
f 3232/3232/3232 3230/3230/3230 3229/3229/3229
f 3230/3230/3230 3232/3232/3232 3233/3233/3233
f 3231/3231/3231 3234/3234/3234 3229/3229/3229
f 3229/3229/3229 3234/3234/3234 3232/3232/3232
f 3234/3234/3234 3231/3231/3231 3235/3235/3235
f 3235/3235/3235 3231/3231/3231 3228/3228/3228
f 3233/3233/3233 3232/3232/3232 3236/3236/3236
f 3232/3232/3232 3237/3237/3237 3236/3236/3236
f 3233/3233/3233 3236/3236/3236 3238/3238/3238
f 3236/3236/3236 3237/3237/3237 3238/3238/3238
f 3234/3234/3234 3239/3239/3239 3232/3232/3232
f 3234/3234/3234 3235/3235/3235 3239/3239/3239
f 3232/3232/3232 3239/3239/3239 3237/3237/3237
f 3239/3239/3239 3235/3235/3235 3240/3240/3240
f 3239/3239/3239 3240/3240/3240 3237/3237/3237
f 3228/3228/3228 3241/3241/3241 3235/3235/3235
f 3235/3235/3235 3241/3241/3241 3240/3240/3240
f 3242/3242/3242 3238/3238/3238 3237/3237/3237
f 3242/3242/3242 3243/3243/3243 3238/3238/3238
f 3237/3237/3237 3244/3244/3244 3242/3242/3242
f 3244/3244/3244 3243/3243/3243 3242/3242/3242
f 3240/3240/3240 3245/3245/3245 3237/3237/3237
f 3237/3237/3237 3245/3245/3245 3244/3244/3244
f 3245/3245/3245 3240/3240/3240 3246/3246/3246
f 3240/3240/3240 3241/3241/3241 3246/3246/3246
f 3245/3245/3245 3247/3247/3247 3244/3244/3244
f 3246/3246/3246 3247/3247/3247 3245/3245/3245
f 3243/3243/3243 3244/3244/3244 3248/3248/3248
f 3248/3248/3248 3244/3244/3244 3247/3247/3247
f 3248/3248/3248 3247/3247/3247 3249/3249/3249
f 3243/3243/3243 3248/3248/3248 3250/3250/3250
f 3251/3251/3251 3243/3243/3243 3250/3250/3250
f 3252/3252/3252 3251/3251/3251 3250/3250/3250
f 3252/3252/3252 3250/3250/3250 3253/3253/3253
f 3248/3248/3248 3254/3254/3254 3250/3250/3250
f 3248/3248/3248 3249/3249/3249 3254/3254/3254
f 3253/3253/3253 3250/3250/3250 3255/3255/3255
f 3250/3250/3250 3254/3254/3254 3255/3255/3255
f 3256/3256/3256 3253/3253/3253 3255/3255/3255
f 3254/3254/3254 3257/3257/3257 3255/3255/3255
f 3255/3255/3255 3257/3257/3257 3256/3256/3256
f 3249/3249/3249 3257/3257/3257 3254/3254/3254
f 3256/3256/3256 3257/3257/3257 3258/3258/3258
f 3249/3249/3249 3259/3259/3259 3257/3257/3257
f 3259/3259/3259 3258/3258/3258 3257/3257/3257
f 3258/3258/3258 3259/3259/3259 3260/3260/3260
f 3259/3259/3259 3249/3249/3249 3261/3261/3261
f 3261/3261/3261 3260/3260/3260 3259/3259/3259
f 3260/3260/3260 3262/3262/3262 3258/3258/3258
f 3258/3258/3258 3262/3262/3262 3263/3263/3263
f 3262/3262/3262 3264/3264/3264 3263/3263/3263
f 3260/3260/3260 3264/3264/3264 3262/3262/3262
f 3264/3264/3264 3265/3265/3265 3263/3263/3263
f 3266/3266/3266 3263/3263/3263 3265/3265/3265
f 3267/3267/3267 3266/3266/3266 3265/3265/3265
f 3264/3264/3264 3268/3268/3268 3265/3265/3265
f 3260/3260/3260 3269/3269/3269 3264/3264/3264
f 3269/3269/3269 3268/3268/3268 3264/3264/3264
f 3261/3261/3261 3270/3270/3270 3260/3260/3260
f 3260/3260/3260 3270/3270/3270 3269/3269/3269
f 3270/3270/3270 3261/3261/3261 3271/3271/3271
f 3249/3249/3249 3272/3272/3272 3261/3261/3261
f 3261/3261/3261 3272/3272/3272 3271/3271/3271
f 3272/3272/3272 3273/3273/3273 3271/3271/3271
f 3274/3274/3274 3268/3268/3268 3269/3269/3269
f 3275/3275/3275 3268/3268/3268 3274/3274/3274
f 3270/3270/3270 3276/3276/3276 3269/3269/3269
f 3269/3269/3269 3276/3276/3276 3274/3274/3274
f 3249/3249/3249 3277/3277/3277 3272/3272/3272
f 3247/3247/3247 3277/3277/3277 3249/3249/3249
f 3277/3277/3277 3278/3278/3278 3272/3272/3272
f 3278/3278/3278 3277/3277/3277 3247/3247/3247
f 3278/3278/3278 3273/3273/3273 3272/3272/3272
f 3278/3278/3278 3247/3247/3247 3246/3246/3246
f 3246/3246/3246 3279/3279/3279 3278/3278/3278
f 3279/3279/3279 3273/3273/3273 3278/3278/3278
f 3280/3280/3280 3270/3270/3270 3271/3271/3271
f 3280/3280/3280 3276/3276/3276 3270/3270/3270
f 3281/3281/3281 3279/3279/3279 3246/3246/3246
f 3246/3246/3246 3241/3241/3241 3281/3281/3281
f 3280/3280/3280 3282/3282/3282 3276/3276/3276
f 3283/3283/3283 3282/3282/3282 3280/3280/3280
f 3271/3271/3271 3283/3283/3283 3280/3280/3280
f 3282/3282/3282 3284/3284/3284 3276/3276/3276
f 3284/3284/3284 3274/3274/3274 3276/3276/3276
f 3283/3283/3283 3271/3271/3271 3285/3285/3285
f 3284/3284/3284 3286/3286/3286 3274/3274/3274
f 3284/3284/3284 3287/3287/3287 3286/3286/3286
f 3286/3286/3286 3287/3287/3287 3288/3288/3288
f 3287/3287/3287 3289/3289/3289 3288/3288/3288
f 3289/3289/3289 3290/3290/3290 3288/3288/3288
f 3274/3274/3274 3286/3286/3286 3291/3291/3291
f 3290/3290/3290 3292/3292/3292 3288/3288/3288
f 3285/3285/3285 3271/3271/3271 3293/3293/3293
f 3271/3271/3271 3273/3273/3273 3293/3293/3293
f 3293/3293/3293 3294/3294/3294 3285/3285/3285
f 3293/3293/3293 3273/3273/3273 3294/3294/3294
f 3295/3295/3295 3285/3285/3285 3294/3294/3294
f 3286/3286/3286 3296/3296/3296 3291/3291/3291
f 3286/3286/3286 3288/3288/3288 3296/3296/3296
f 3297/3297/3297 3291/3291/3291 3296/3296/3296
f 3297/3297/3297 3296/3296/3296 3288/3288/3288
f 3297/3297/3297 3298/3298/3298 3291/3291/3291
f 3288/3288/3288 3292/3292/3292 3299/3299/3299
f 3297/3297/3297 3288/3288/3288 3299/3299/3299
f 3299/3299/3299 3292/3292/3292 3300/3300/3300
f 3301/3301/3301 3299/3299/3299 3300/3300/3300
f 3301/3301/3301 3297/3297/3297 3299/3299/3299
f 3301/3301/3301 3302/3302/3302 3297/3297/3297
f 3294/3294/3294 3273/3273/3273 3303/3303/3303
f 3303/3303/3303 3295/3295/3295 3294/3294/3294
f 3303/3303/3303 3273/3273/3273 3304/3304/3304
f 3273/3273/3273 3279/3279/3279 3304/3304/3304
f 3304/3304/3304 3279/3279/3279 3305/3305/3305
f 3305/3305/3305 3279/3279/3279 3281/3281/3281
f 3306/3306/3306 3305/3305/3305 3281/3281/3281
f 3241/3241/3241 3306/3306/3306 3281/3281/3281
f 3241/3241/3241 3307/3307/3307 3306/3306/3306
f 3228/3228/3228 3307/3307/3307 3241/3241/3241
f 3080/3080/3080 3307/3307/3307 3228/3228/3228
f 3307/3307/3307 3080/3080/3080 3306/3306/3306
f 3306/3306/3306 3080/3080/3080 3073/3073/3073
f 3306/3306/3306 3073/3073/3073 3308/3308/3308
f 3305/3305/3305 3306/3306/3306 3308/3308/3308
f 3308/3308/3308 3073/3073/3073 3071/3071/3071
f 3305/3305/3305 3309/3309/3309 3304/3304/3304
f 3305/3305/3305 3308/3308/3308 3309/3309/3309
f 3310/3310/3310 3308/3308/3308 3071/3071/3071
f 3309/3309/3309 3308/3308/3308 3310/3310/3310
f 3310/3310/3310 3071/3071/3071 3072/3072/3072
f 3311/3311/3311 3310/3310/3310 3072/3072/3072
f 3312/3312/3312 3311/3311/3311 3072/3072/3072
f 3313/3313/3313 3310/3310/3310 3311/3311/3311
f 3309/3309/3309 3310/3310/3310 3313/3313/3313
f 3314/3314/3314 3309/3309/3309 3313/3313/3313
f 3315/3315/3315 3309/3309/3309 3314/3314/3314
f 3304/3304/3304 3309/3309/3309 3315/3315/3315
f 3303/3303/3303 3304/3304/3304 3315/3315/3315
f 3316/3316/3316 3303/3303/3303 3315/3315/3315
f 3295/3295/3295 3303/3303/3303 3316/3316/3316
f 3317/3317/3317 3295/3295/3295 3316/3316/3316
f 3295/3295/3295 3317/3317/3317 3318/3318/3318
f 3321/3321/3321 3320/3320/3320 3319/3319/3319
f 3320/3320/3320 3321/3321/3321 3322/3322/3322
f 3323/3323/3323 3322/3322/3322 3321/3321/3321
f 3320/3320/3320 3322/3322/3322 3324/3324/3324
f 3320/3320/3320 3324/3324/3324 3325/3325/3325
f 3326/3326/3326 3320/3320/3320 3325/3325/3325
f 3324/3324/3324 3327/3327/3327 3325/3325/3325
f 3327/3327/3327 3328/3328/3328 3325/3325/3325
f 3327/3327/3327 3324/3324/3324 3329/3329/3329
f 3329/3329/3329 3324/3324/3324 3330/3330/3330
f 3322/3322/3322 3330/3330/3330 3324/3324/3324
f 3329/3329/3329 3330/3330/3330 3331/3331/3331
f 3322/3322/3322 3323/3323/3323 3332/3332/3332
f 3322/3322/3322 3332/3332/3332 3330/3330/3330
f 3331/3331/3331 3330/3330/3330 3333/3333/3333
f 3332/3332/3332 3333/3333/3333 3330/3330/3330
f 3331/3331/3331 3333/3333/3333 3334/3334/3334
f 3333/3333/3333 3335/3335/3335 3334/3334/3334
f 3332/3332/3332 3335/3335/3335 3333/3333/3333
f 3336/3336/3336 3334/3334/3334 3335/3335/3335
f 3323/3323/3323 3337/3337/3337 3332/3332/3332
f 3332/3332/3332 3337/3337/3337 3335/3335/3335
f 3338/3338/3338 3337/3337/3337 3323/3323/3323
f 3335/3335/3335 3337/3337/3337 3339/3339/3339
f 3338/3338/3338 3339/3339/3339 3337/3337/3337
f 3340/3340/3340 3336/3336/3336 3335/3335/3335
f 3335/3335/3335 3339/3339/3339 3340/3340/3340
f 3339/3339/3339 3338/3338/3338 3341/3341/3341
f 3338/3338/3338 3342/3342/3342 3341/3341/3341
f 3339/3339/3339 3343/3343/3343 3340/3340/3340
f 3336/3336/3336 3340/3340/3340 3343/3343/3343
f 3339/3339/3339 3341/3341/3341 3343/3343/3343
f 3336/3336/3336 3343/3343/3343 3344/3344/3344
f 3343/3343/3343 3341/3341/3341 3344/3344/3344
f 3345/3345/3345 3336/3336/3336 3344/3344/3344
f 3341/3341/3341 3342/3342/3342 3346/3346/3346
f 3341/3341/3341 3346/3346/3346 3344/3344/3344
f 3347/3347/3347 3346/3346/3346 3342/3342/3342
f 3347/3347/3347 3348/3348/3348 3346/3346/3346
f 3345/3345/3345 3344/3344/3344 3349/3349/3349
f 3349/3349/3349 3344/3344/3344 3350/3350/3350
f 3349/3349/3349 3350/3350/3350 3351/3351/3351
f 3349/3349/3349 3351/3351/3351 3352/3352/3352
f 3349/3349/3349 3353/3353/3353 3345/3345/3345
f 3353/3353/3353 3349/3349/3349 3354/3354/3354
f 3354/3354/3354 3355/3355/3355 3353/3353/3353
f 3358/3358/3358 3357/3357/3357 3356/3356/3356
f 3359/3359/3359 3358/3358/3358 3356/3356/3356
f 3358/3358/3358 3359/3359/3359 3360/3360/3360
f 3360/3360/3360 3361/3361/3361 3358/3358/3358
f 3361/3361/3361 3360/3360/3360 3362/3362/3362
f 3363/3363/3363 3362/3362/3362 3360/3360/3360
f 3362/3362/3362 3363/3363/3363 3364/3364/3364
f 3364/3364/3364 3363/3363/3363 3365/3365/3365
f 3365/3365/3365 3366/3366/3366 3364/3364/3364
f 3367/3367/3367 3366/3366/3366 3365/3365/3365
f 3366/3366/3366 3367/3367/3367 3368/3368/3368
f 3369/3369/3369 3368/3368/3368 3367/3367/3367
f 3370/3370/3370 3359/3359/3359 3356/3356/3356
f 3370/3370/3370 3356/3356/3356 3371/3371/3371
f 3356/3356/3356 3372/3372/3372 3371/3371/3371
f 3360/3360/3360 3359/3359/3359 3373/3373/3373
f 3373/3373/3373 3359/3359/3359 3370/3370/3370
f 3374/3374/3374 3363/3363/3363 3360/3360/3360
f 3374/3374/3374 3360/3360/3360 3373/3373/3373
f 3365/3365/3365 3363/3363/3363 3375/3375/3375
f 3363/3363/3363 3374/3374/3374 3375/3375/3375
f 3376/3376/3376 3367/3367/3367 3365/3365/3365
f 3367/3367/3367 3377/3377/3377 3369/3369/3369
f 3367/3367/3367 3376/3376/3376 3377/3377/3377
f 3365/3365/3365 3375/3375/3375 3378/3378/3378
f 3376/3376/3376 3365/3365/3365 3378/3378/3378
f 3379/3379/3379 3373/3373/3373 3370/3370/3370
f 3374/3374/3374 3373/3373/3373 3380/3380/3380
f 3373/3373/3373 3379/3379/3379 3380/3380/3380
f 3374/3374/3374 3381/3381/3381 3375/3375/3375
f 3374/3374/3374 3380/3380/3380 3381/3381/3381
f 3375/3375/3375 3381/3381/3381 3382/3382/3382
f 3381/3381/3381 3380/3380/3380 3382/3382/3382
f 3375/3375/3375 3383/3383/3383 3378/3378/3378
f 3383/3383/3383 3375/3375/3375 3382/3382/3382
f 3380/3380/3380 3384/3384/3384 3382/3382/3382
f 3379/3379/3379 3384/3384/3384 3380/3380/3380
f 3379/3379/3379 3370/3370/3370 3385/3385/3385
f 3386/3386/3386 3385/3385/3385 3370/3370/3370
f 3385/3385/3385 3386/3386/3386 3387/3387/3387
f 3382/3382/3382 3388/3388/3388 3383/3383/3383
f 3382/3382/3382 3384/3384/3384 3388/3388/3388
f 3379/3379/3379 3389/3389/3389 3384/3384/3384
f 3385/3385/3385 3389/3389/3389 3379/3379/3379
f 3385/3385/3385 3387/3387/3387 3390/3390/3390
f 3390/3390/3390 3387/3387/3387 3391/3391/3391
f 3385/3385/3385 3390/3390/3390 3392/3392/3392
f 3385/3385/3385 3392/3392/3392 3389/3389/3389
f 3390/3390/3390 3393/3393/3393 3392/3392/3392
f 3390/3390/3390 3394/3394/3394 3393/3393/3393
f 3394/3394/3394 3395/3395/3395 3393/3393/3393
f 3394/3394/3394 3396/3396/3396 3395/3395/3395
f 3392/3392/3392 3393/3393/3393 3397/3397/3397
f 3389/3389/3389 3392/3392/3392 3397/3397/3397
f 3395/3395/3395 3398/3398/3398 3393/3393/3393
f 3393/3393/3393 3398/3398/3398 3397/3397/3397
f 3396/3396/3396 3399/3399/3399 3395/3395/3395
f 3395/3395/3395 3399/3399/3399 3400/3400/3400
f 3401/3401/3401 3399/3399/3399 3396/3396/3396
f 3401/3401/3401 3402/3402/3402 3399/3399/3399
f 3400/3400/3400 3399/3399/3399 3402/3402/3402
f 3403/3403/3403 3402/3402/3402 3401/3401/3401
f 3400/3400/3400 3402/3402/3402 3403/3403/3403
f 3401/3401/3401 3404/3404/3404 3403/3403/3403
f 3403/3403/3403 3404/3404/3404 3405/3405/3405
f 3404/3404/3404 3406/3406/3406 3405/3405/3405
f 3407/3407/3407 3405/3405/3405 3406/3406/3406
f 3408/3408/3408 3407/3407/3407 3406/3406/3406
f 3403/3403/3403 3405/3405/3405 3409/3409/3409
f 3405/3405/3405 3407/3407/3407 3409/3409/3409
f 3410/3410/3410 3407/3407/3407 3408/3408/3408
f 3411/3411/3411 3410/3410/3410 3408/3408/3408
f 3407/3407/3407 3410/3410/3410 3412/3412/3412
f 3407/3407/3407 3412/3412/3412 3409/3409/3409
f 3410/3410/3410 3413/3413/3413 3412/3412/3412
f 3400/3400/3400 3403/3403/3403 3414/3414/3414
f 3414/3414/3414 3403/3403/3403 3409/3409/3409
f 3415/3415/3415 3414/3414/3414 3409/3409/3409
f 3416/3416/3416 3409/3409/3409 3412/3412/3412
f 3409/3409/3409 3416/3416/3416 3415/3415/3415
f 3414/3414/3414 3415/3415/3415 3417/3417/3417
f 3414/3414/3414 3417/3417/3417 3400/3400/3400
f 3415/3415/3415 3418/3418/3418 3417/3417/3417
f 3416/3416/3416 3418/3418/3418 3415/3415/3415
f 3400/3400/3400 3417/3417/3417 3419/3419/3419
f 3416/3416/3416 3420/3420/3420 3418/3418/3418
f 3416/3416/3416 3412/3412/3412 3420/3420/3420
f 3420/3420/3420 3421/3421/3421 3418/3418/3418
f 3420/3420/3420 3422/3422/3422 3421/3421/3421
f 3423/3423/3423 3400/3400/3400 3419/3419/3419
f 3395/3395/3395 3400/3400/3400 3423/3423/3423
f 3424/3424/3424 3423/3423/3423 3419/3419/3419
f 3412/3412/3412 3425/3425/3425 3420/3420/3420
f 3425/3425/3425 3426/3426/3426 3420/3420/3420
f 3413/3413/3413 3425/3425/3425 3412/3412/3412
f 3395/3395/3395 3423/3423/3423 3427/3427/3427
f 3427/3427/3427 3423/3423/3423 3424/3424/3424
f 3427/3427/3427 3398/3398/3398 3395/3395/3395
f 3426/3426/3426 3425/3425/3425 3428/3428/3428
f 3425/3425/3425 3413/3413/3413 3428/3428/3428
f 3428/3428/3428 3429/3429/3429 3426/3426/3426
f 3428/3428/3428 3430/3430/3430 3429/3429/3429
f 3413/3413/3413 3430/3430/3430 3428/3428/3428
f 3430/3430/3430 3413/3413/3413 3431/3431/3431
f 3432/3432/3432 3398/3398/3398 3427/3427/3427
f 3432/3432/3432 3427/3427/3427 3424/3424/3424
f 3432/3432/3432 3424/3424/3424 3433/3433/3433
f 3397/3397/3397 3398/3398/3398 3432/3432/3432
f 3397/3397/3397 3432/3432/3432 3433/3433/3433
f 3424/3424/3424 3434/3434/3434 3433/3433/3433
f 3435/3435/3435 3433/3433/3433 3434/3434/3434
f 3436/3436/3436 3433/3433/3433 3435/3435/3435
f 3437/3437/3437 3397/3397/3397 3433/3433/3433
f 3437/3437/3437 3389/3389/3389 3397/3397/3397
f 3437/3437/3437 3433/3433/3433 3438/3438/3438
f 3436/3436/3436 3438/3438/3438 3433/3433/3433
f 3389/3389/3389 3437/3437/3437 3439/3439/3439
f 3439/3439/3439 3437/3437/3437 3438/3438/3438
f 3384/3384/3384 3389/3389/3389 3439/3439/3439
f 3440/3440/3440 3439/3439/3439 3438/3438/3438
f 3384/3384/3384 3439/3439/3439 3440/3440/3440
f 3438/3438/3438 3436/3436/3436 3440/3440/3440
f 3388/3388/3388 3384/3384/3384 3440/3440/3440
f 3440/3440/3440 3436/3436/3436 3441/3441/3441
f 3388/3388/3388 3440/3440/3440 3442/3442/3442
f 3442/3442/3442 3440/3440/3440 3441/3441/3441
f 3441/3441/3441 3436/3436/3436 2526/2526/2526
f 2526/2526/2526 3436/3436/3436 2531/2531/2531
f 2531/2531/2531 3436/3436/3436 3443/3443/3443
f 2462/2462/2462 3441/3441/3441 2526/2526/2526
f 2462/2462/2462 3442/3442/3442 3441/3441/3441
f 3444/3444/3444 3442/3442/3442 2462/2462/2462
f 3388/3388/3388 3442/3442/3442 3444/3444/3444
f 2461/2461/2461 3444/3444/3444 2462/2462/2462
f 3445/3445/3445 3388/3388/3388 3444/3444/3444
f 3445/3445/3445 3444/3444/3444 2461/2461/2461
f 3383/3383/3383 3388/3388/3388 3445/3445/3445
f 3383/3383/3383 3445/3445/3445 3446/3446/3446
f 3446/3446/3446 3445/3445/3445 2461/2461/2461
f 3446/3446/3446 3378/3378/3378 3383/3383/3383
f 3446/3446/3446 2461/2461/2461 3447/3447/3447
f 3447/3447/3447 2461/2461/2461 2465/2465/2465
f 3448/3448/3448 3447/3447/3447 2465/2465/2465
f 3449/3449/3449 3378/3378/3378 3446/3446/3446
f 3446/3446/3446 3447/3447/3447 3449/3449/3449
f 3449/3449/3449 3447/3447/3447 3448/3448/3448
f 3376/3376/3376 3378/3378/3378 3449/3449/3449
f 3376/3376/3376 3449/3449/3449 3450/3450/3450
f 3450/3450/3450 3449/3449/3449 3448/3448/3448
f 3448/3448/3448 2465/2465/2465 3451/3451/3451
f 2443/2443/2443 3451/3451/3451 2465/2465/2465
f 3452/3452/3452 3451/3451/3451 2443/2443/2443
f 3448/3448/3448 3451/3451/3451 3452/3452/3452
f 2444/2444/2444 3452/3452/3452 2443/2443/2443
f 3452/3452/3452 2444/2444/2444 3453/3453/3453
f 3453/3453/3453 2444/2444/2444 2446/2446/2446
f 3454/3454/3454 3448/3448/3448 3452/3452/3452
f 3454/3454/3454 3452/3452/3452 3453/3453/3453
f 3448/3448/3448 3454/3454/3454 3455/3455/3455
f 3450/3450/3450 3448/3448/3448 3455/3455/3455
f 3456/3456/3456 3376/3376/3376 3450/3450/3450
f 3377/3377/3377 3376/3376/3376 3456/3456/3456
f 3457/3457/3457 3377/3377/3377 3456/3456/3456
f 3377/3377/3377 3457/3457/3457 3369/3369/3369
f 3458/3458/3458 3456/3456/3456 3450/3450/3450
f 3458/3458/3458 3457/3457/3457 3456/3456/3456
f 3457/3457/3457 3459/3459/3459 3369/3369/3369
f 3459/3459/3459 3460/3460/3460 3369/3369/3369
f 3457/3457/3457 3461/3461/3461 3459/3459/3459
f 3454/3454/3454 3453/3453/3453 3462/3462/3462
f 3462/3462/3462 3455/3455/3455 3454/3454/3454
f 3455/3455/3455 3463/3463/3463 3450/3450/3450
f 3458/3458/3458 3450/3450/3450 3463/3463/3463
f 3464/3464/3464 3455/3455/3455 3462/3462/3462
f 3455/3455/3455 3464/3464/3464 3463/3463/3463
f 3462/3462/3462 3453/3453/3453 3465/3465/3465
f 3462/3462/3462 3465/3465/3465 3464/3464/3464
f 3466/3466/3466 3463/3463/3463 3464/3464/3464
f 3466/3466/3466 3458/3458/3458 3463/3463/3463
f 3467/3467/3467 3457/3457/3457 3458/3458/3458
f 3468/3468/3468 3457/3457/3457 3467/3467/3467
f 3467/3467/3467 3458/3458/3458 3469/3469/3469
f 3469/3469/3469 3458/3458/3458 3466/3466/3466
f 3470/3470/3470 3468/3468/3468 3467/3467/3467
f 3470/3470/3470 3467/3467/3467 3469/3469/3469
f 3471/3471/3471 3468/3468/3468 3470/3470/3470
f 3471/3471/3471 3470/3470/3470 3472/3472/3472
f 3472/3472/3472 3470/3470/3470 3473/3473/3473
f 3469/3469/3469 3474/3474/3474 3470/3470/3470
f 3466/3466/3466 3474/3474/3474 3469/3469/3469
f 3473/3473/3473 3470/3470/3470 3474/3474/3474
f 3466/3466/3466 3464/3464/3464 3475/3475/3475
f 3474/3474/3474 3466/3466/3466 3475/3475/3475
f 3464/3464/3464 3465/3465/3465 3475/3475/3475
f 3474/3474/3474 3475/3475/3475 3476/3476/3476
f 3473/3473/3473 3474/3474/3474 3476/3476/3476
f 3475/3475/3475 3465/3465/3465 3476/3476/3476
f 3477/3477/3477 3473/3473/3473 3476/3476/3476
f 3477/3477/3477 3476/3476/3476 3465/3465/3465
f 3477/3477/3477 3478/3478/3478 3473/3473/3473
f 3479/3479/3479 3473/3473/3473 3478/3478/3478
f 3465/3465/3465 3480/3480/3480 3477/3477/3477
f 3480/3480/3480 3465/3465/3465 3453/3453/3453
f 2446/2446/2446 3480/3480/3480 3453/3453/3453
f 3477/3477/3477 3480/3480/3480 3481/3481/3481
f 3480/3480/3480 2446/2446/2446 3481/3481/3481
f 2446/2446/2446 3482/3482/3482 3481/3481/3481
f 3482/3482/3482 3483/3483/3483 3481/3481/3481
f 3481/3481/3481 3483/3483/3483 3484/3484/3484
f 3481/3481/3481 3485/3485/3485 3477/3477/3477
f 3484/3484/3484 3485/3485/3485 3481/3481/3481
f 3484/3484/3484 3486/3486/3486 3485/3485/3485
f 3486/3486/3486 3487/3487/3487 3485/3485/3485
f 3488/3488/3488 3487/3487/3487 3486/3486/3486
f 3489/3489/3489 3487/3487/3487 3488/3488/3488
f 3490/3490/3490 3489/3489/3489 3488/3488/3488
f 3486/3486/3486 3491/3491/3491 3488/3488/3488
f 3491/3491/3491 3486/3486/3486 3492/3492/3492
f 3488/3488/3488 3491/3491/3491 3493/3493/3493
f 3490/3490/3490 3488/3488/3488 3493/3493/3493
f 3494/3494/3494 3493/3493/3493 3491/3491/3491
f 3495/3495/3495 3490/3490/3490 3493/3493/3493
f 3496/3496/3496 3490/3490/3490 3495/3495/3495
f 3496/3496/3496 3495/3495/3495 3497/3497/3497
f 3497/3497/3497 3498/3498/3498 3496/3496/3496
f 3501/3501/3501 3500/3500/3500 3499/3499/3499
f 3502/3502/3502 3501/3501/3501 3499/3499/3499
f 3502/3502/3502 3499/3499/3499 3503/3503/3503
f 3504/3504/3504 3501/3501/3501 3502/3502/3502
f 3499/3499/3499 3505/3505/3505 3503/3503/3503
f 3502/3502/3502 3503/3503/3503 3506/3506/3506
f 3505/3505/3505 3507/3507/3507 3503/3503/3503
f 3508/3508/3508 3507/3507/3507 3505/3505/3505
f 3508/3508/3508 3509/3509/3509 3507/3507/3507
f 3507/3507/3507 3510/3510/3510 3503/3503/3503
f 3510/3510/3510 3507/3507/3507 3509/3509/3509
f 3503/3503/3503 3511/3511/3511 3506/3506/3506
f 3503/3503/3503 3510/3510/3510 3512/3512/3512
f 3503/3503/3503 3512/3512/3512 3511/3511/3511
f 3513/3513/3513 3512/3512/3512 3510/3510/3510
f 3513/3513/3513 3511/3511/3511 3512/3512/3512
f 3509/3509/3509 3514/3514/3514 3510/3510/3510
f 3510/3510/3510 3515/3515/3515 3513/3513/3513
f 3510/3510/3510 3514/3514/3514 3515/3515/3515
f 3509/3509/3509 3516/3516/3516 3514/3514/3514
f 3517/3517/3517 3516/3516/3516 3509/3509/3509
f 3514/3514/3514 3518/3518/3518 3515/3515/3515
f 3516/3516/3516 3518/3518/3518 3514/3514/3514
f 3515/3515/3515 3518/3518/3518 3519/3519/3519
f 3513/3513/3513 3515/3515/3515 3519/3519/3519
f 3520/3520/3520 3518/3518/3518 3516/3516/3516
f 3513/3513/3513 3519/3519/3519 3521/3521/3521
f 3520/3520/3520 3516/3516/3516 3522/3522/3522
f 3516/3516/3516 3523/3523/3523 3522/3522/3522
f 3520/3520/3520 3522/3522/3522 3524/3524/3524
f 3525/3525/3525 3513/3513/3513 3521/3521/3521
f 3525/3525/3525 3511/3511/3511 3513/3513/3513
f 3525/3525/3525 3521/3521/3521 3526/3526/3526
f 3527/3527/3527 3525/3525/3525 3526/3526/3526
f 3527/3527/3527 3511/3511/3511 3525/3525/3525
f 3527/3527/3527 3526/3526/3526 3528/3528/3528
f 3529/3529/3529 3511/3511/3511 3527/3527/3527
f 3529/3529/3529 3506/3506/3506 3511/3511/3511
f 3506/3506/3506 3529/3529/3529 3530/3530/3530
f 3531/3531/3531 3506/3506/3506 3530/3530/3530
f 3532/3532/3532 3530/3530/3530 3529/3529/3529
f 3530/3530/3530 3532/3532/3532 3533/3533/3533
f 3534/3534/3534 3533/3533/3533 3532/3532/3532
f 3535/3535/3535 3532/3532/3532 3529/3529/3529
f 3535/3535/3535 3529/3529/3529 3527/3527/3527
f 3534/3534/3534 3532/3532/3532 3535/3535/3535
f 3527/3527/3527 3528/3528/3528 3536/3536/3536
f 3535/3535/3535 3527/3527/3527 3536/3536/3536
f 3528/3528/3528 3537/3537/3537 3536/3536/3536
f 3538/3538/3538 3537/3537/3537 3528/3528/3528
f 3539/3539/3539 3535/3535/3535 3536/3536/3536
f 3536/3536/3536 3537/3537/3537 3539/3539/3539
f 3540/3540/3540 3534/3534/3534 3535/3535/3535
f 3540/3540/3540 3535/3535/3535 3539/3539/3539
f 3539/3539/3539 3537/3537/3537 3541/3541/3541
f 3537/3537/3537 3542/3542/3542 3541/3541/3541
f 3543/3543/3543 3534/3534/3534 3540/3540/3540
f 3534/3534/3534 3543/3543/3543 3544/3544/3544
f 3544/3544/3544 3543/3543/3543 3545/3545/3545
f 3543/3543/3543 3540/3540/3540 3545/3545/3545
f 3546/3546/3546 3545/3545/3545 3540/3540/3540
f 3539/3539/3539 3546/3546/3546 3540/3540/3540
f 3547/3547/3547 3545/3545/3545 3546/3546/3546
f 3546/3546/3546 3539/3539/3539 3548/3548/3548
f 3539/3539/3539 3541/3541/3541 3548/3548/3548
f 3546/3546/3546 3548/3548/3548 3549/3549/3549
f 3548/3548/3548 3541/3541/3541 3549/3549/3549
f 3550/3550/3550 3546/3546/3546 3549/3549/3549
f 3550/3550/3550 3549/3549/3549 3551/3551/3551
f 3551/3551/3551 3549/3549/3549 3552/3552/3552
f 3549/3549/3549 3541/3541/3541 3553/3553/3553
f 3552/3552/3552 3549/3549/3549 3553/3553/3553
f 3553/3553/3553 3554/3554/3554 3552/3552/3552
f 3541/3541/3541 3542/3542/3542 3553/3553/3553
f 3553/3553/3553 3555/3555/3555 3554/3554/3554
f 3553/3553/3553 3542/3542/3542 3555/3555/3555
f 3555/3555/3555 2794/2794/2794 3554/3554/3554
f 3542/3542/3542 3556/3556/3556 3555/3555/3555
f 3555/3555/3555 3556/3556/3556 2794/2794/2794
f 3557/3557/3557 3556/3556/3556 3542/3542/3542
f 3556/3556/3556 3558/3558/3558 2794/2794/2794
f 3557/3557/3557 3558/3558/3558 3556/3556/3556
f 2794/2794/2794 3558/3558/3558 2792/2792/2792
f 3557/3557/3557 3559/3559/3559 3558/3558/3558
f 3558/3558/3558 2800/2800/2800 2792/2792/2792
f 3558/3558/3558 3559/3559/3559 2800/2800/2800
f 3560/3560/3560 2800/2800/2800 3559/3559/3559
f 3560/3560/3560 3561/3561/3561 2800/2800/2800
f 2801/2801/2801 2800/2800/2800 3561/3561/3561
f 3562/3562/3562 3561/3561/3561 3560/3560/3560
f 2801/2801/2801 3561/3561/3561 3563/3563/3563
f 3561/3561/3561 3564/3564/3564 3563/3563/3563
f 3562/3562/3562 3565/3565/3565 3561/3561/3561
f 3561/3561/3561 3565/3565/3565 3566/3566/3566
f 3565/3565/3565 3567/3567/3567 3566/3566/3566
f 3567/3567/3567 3568/3568/3568 3566/3566/3566
f 3569/3569/3569 3567/3567/3567 3565/3565/3565
f 3570/3570/3570 3569/3569/3569 3565/3565/3565
f 3569/3569/3569 3571/3571/3571 3567/3567/3567
f 3572/3572/3572 3567/3567/3567 3571/3571/3571
f 3572/3572/3572 3573/3573/3573 3567/3567/3567
f 3573/3573/3573 3568/3568/3568 3567/3567/3567
f 3568/3568/3568 3573/3573/3573 3574/3574/3574
f 3573/3573/3573 3575/3575/3575 3574/3574/3574
f 3578/3578/3578 3577/3577/3577 3576/3576/3576
f 3576/3576/3576 3577/3577/3577 3579/3579/3579
f 3579/3579/3579 3580/3580/3580 3576/3576/3576
f 3583/3583/3583 3582/3582/3582 3581/3581/3581
f 3581/3581/3581 3582/3582/3582 3584/3584/3584
f 3582/3582/3582 3585/3585/3585 3584/3584/3584
f 3585/3585/3585 3586/3586/3586 3584/3584/3584
f 3584/3584/3584 3586/3586/3586 3587/3587/3587
f 3587/3587/3587 3586/3586/3586 3588/3588/3588
f 3588/3588/3588 3589/3589/3589 3587/3587/3587
f 3589/3589/3589 3588/3588/3588 3590/3590/3590
f 3589/3589/3589 3590/3590/3590 3591/3591/3591
f 3590/3590/3590 3592/3592/3592 3591/3591/3591
f 3591/3591/3591 3592/3592/3592 3593/3593/3593
f 3592/3592/3592 3594/3594/3594 3593/3593/3593
f 3594/3594/3594 3595/3595/3595 3593/3593/3593
f 3594/3594/3594 3596/3596/3596 3595/3595/3595
f 3591/3591/3591 3593/3593/3593 3597/3597/3597
f 3593/3593/3593 3595/3595/3595 3597/3597/3597
f 3589/3589/3589 3591/3591/3591 3598/3598/3598
f 3598/3598/3598 3591/3591/3591 3597/3597/3597
f 3599/3599/3599 3587/3587/3587 3589/3589/3589
f 3589/3589/3589 3598/3598/3598 3599/3599/3599
f 3584/3584/3584 3587/3587/3587 3600/3600/3600
f 3600/3600/3600 3587/3587/3587 3599/3599/3599
f 3601/3601/3601 3595/3595/3595 3596/3596/3596
f 3601/3601/3601 3596/3596/3596 3602/3602/3602
f 3602/3602/3602 3603/3603/3603 3601/3601/3601
f 3604/3604/3604 3603/3603/3603 3602/3602/3602
f 3595/3595/3595 3601/3601/3601 3605/3605/3605
f 3601/3601/3601 3603/3603/3603 3605/3605/3605
f 3597/3597/3597 3595/3595/3595 3606/3606/3606
f 3595/3595/3595 3605/3605/3605 3606/3606/3606
f 3598/3598/3598 3597/3597/3597 3607/3607/3607
f 3606/3606/3606 3607/3607/3607 3597/3597/3597
f 3598/3598/3598 3607/3607/3607 3608/3608/3608
f 3606/3606/3606 3609/3609/3609 3607/3607/3607
f 3608/3608/3608 3610/3610/3610 3598/3598/3598
f 3606/3606/3606 3611/3611/3611 3609/3609/3609
f 3605/3605/3605 3611/3611/3611 3606/3606/3606
f 3598/3598/3598 3610/3610/3610 3599/3599/3599
f 3605/3605/3605 2871/2871/2871 3611/3611/3611
f 3612/3612/3612 3599/3599/3599 3610/3610/3610
f 2872/2872/2872 2871/2871/2871 3605/3605/3605
f 3603/3603/3603 2872/2872/2872 3605/3605/3605
f 3600/3600/3600 3599/3599/3599 3612/3612/3612
f 3613/3613/3613 3600/3600/3600 3612/3612/3612
f 3614/3614/3614 3600/3600/3600 3613/3613/3613
f 3584/3584/3584 3600/3600/3600 3614/3614/3614
f 3614/3614/3614 3581/3581/3581 3584/3584/3584
f 3615/3615/3615 3614/3614/3614 3613/3613/3613
f 3615/3615/3615 3613/3613/3613 3616/3616/3616
f 3581/3581/3581 3614/3614/3614 3617/3617/3617
f 3617/3617/3617 3614/3614/3614 3615/3615/3615
f 3581/3581/3581 3617/3617/3617 3618/3618/3618
f 3581/3581/3581 3618/3618/3618 3619/3619/3619
f 3617/3617/3617 3615/3615/3615 3620/3620/3620
f 3618/3618/3618 3617/3617/3617 3620/3620/3620
f 3621/3621/3621 3615/3615/3615 3616/3616/3616
f 3615/3615/3615 3621/3621/3621 3620/3620/3620
f 3619/3619/3619 3618/3618/3618 3622/3622/3622
f 3619/3619/3619 3622/3622/3622 3623/3623/3623
f 3624/3624/3624 3623/3623/3623 3622/3622/3622
f 3616/3616/3616 3625/3625/3625 3621/3621/3621
f 3616/3616/3616 3626/3626/3626 3625/3625/3625
f 3626/3626/3626 3627/3627/3627 3625/3625/3625
f 3628/3628/3628 3625/3625/3625 3627/3627/3627
f 3625/3625/3625 3628/3628/3628 3621/3621/3621
f 3628/3628/3628 3627/3627/3627 3629/3629/3629
f 3630/3630/3630 3628/3628/3628 3629/3629/3629
f 3621/3621/3621 3628/3628/3628 3631/3631/3631
f 3631/3631/3631 3620/3620/3620 3621/3621/3621
f 3628/3628/3628 3630/3630/3630 3632/3632/3632
f 3628/3628/3628 3632/3632/3632 3631/3631/3631
f 3632/3632/3632 3630/3630/3630 3633/3633/3633
f 3631/3631/3631 3634/3634/3634 3620/3620/3620
f 3634/3634/3634 3631/3631/3631 3632/3632/3632
f 3632/3632/3632 3633/3633/3633 3635/3635/3635
f 3632/3632/3632 3635/3635/3635 3634/3634/3634
f 3636/3636/3636 3620/3620/3620 3634/3634/3634
f 3618/3618/3618 3620/3620/3620 3636/3636/3636
f 3622/3622/3622 3618/3618/3618 3636/3636/3636
f 3634/3634/3634 3637/3637/3637 3636/3636/3636
f 3622/3622/3622 3636/3636/3636 3637/3637/3637
f 3638/3638/3638 3635/3635/3635 3633/3633/3633
f 3633/3633/3633 3639/3639/3639 3638/3638/3638
f 3639/3639/3639 3640/3640/3640 3638/3638/3638
f 3641/3641/3641 3638/3638/3638 3640/3640/3640
f 3635/3635/3635 3642/3642/3642 3634/3634/3634
f 3637/3637/3637 3634/3634/3634 3642/3642/3642
f 3643/3643/3643 3635/3635/3635 3638/3638/3638
f 3635/3635/3635 3643/3643/3643 3642/3642/3642
f 3641/3641/3641 3644/3644/3644 3638/3638/3638
f 3643/3643/3643 3638/3638/3638 3644/3644/3644
f 3645/3645/3645 3622/3622/3622 3637/3637/3637
f 3624/3624/3624 3622/3622/3622 3645/3645/3645
f 3624/3624/3624 3645/3645/3645 3646/3646/3646
f 3646/3646/3646 3645/3645/3645 3637/3637/3637
f 3647/3647/3647 3624/3624/3624 3646/3646/3646
f 3646/3646/3646 3637/3637/3637 3648/3648/3648
f 3637/3637/3637 3642/3642/3642 3648/3648/3648
f 3649/3649/3649 3646/3646/3646 3648/3648/3648
f 3650/3650/3650 3642/3642/3642 3643/3643/3643
f 3650/3650/3650 3643/3643/3643 3644/3644/3644
f 3651/3651/3651 3644/3644/3644 3641/3641/3641
f 3651/3651/3651 3641/3641/3641 3652/3652/3652
f 3648/3648/3648 3642/3642/3642 3653/3653/3653
f 3653/3653/3653 3642/3642/3642 3650/3650/3650
f 3654/3654/3654 3649/3649/3649 3648/3648/3648
f 3648/3648/3648 3653/3653/3653 3654/3654/3654
f 3655/3655/3655 3650/3650/3650 3644/3644/3644
f 3651/3651/3651 3655/3655/3655 3644/3644/3644
f 3656/3656/3656 3653/3653/3653 3650/3650/3650
f 3654/3654/3654 3653/3653/3653 3656/3656/3656
f 3655/3655/3655 3656/3656/3656 3650/3650/3650
f 3652/3652/3652 3657/3657/3657 3651/3651/3651
f 3658/3658/3658 3657/3657/3657 3652/3652/3652
f 3659/3659/3659 3657/3657/3657 3658/3658/3658
f 3660/3660/3660 3649/3649/3649 3654/3654/3654
f 3649/3649/3649 3660/3660/3660 3661/3661/3661
f 3660/3660/3660 3662/3662/3662 3661/3661/3661
f 3660/3660/3660 3654/3654/3654 3663/3663/3663
f 3663/3663/3663 3654/3654/3654 3656/3656/3656
f 3664/3664/3664 3660/3660/3660 3663/3663/3663
f 3664/3664/3664 3663/3663/3663 3665/3665/3665
f 3666/3666/3666 3655/3655/3655 3651/3651/3651
f 3666/3666/3666 3651/3651/3651 3657/3657/3657
f 3666/3666/3666 3657/3657/3657 3667/3667/3667
f 3667/3667/3667 3657/3657/3657 3668/3668/3668
f 3656/3656/3656 3655/3655/3655 3669/3669/3669
f 3663/3663/3663 3656/3656/3656 3669/3669/3669
f 3669/3669/3669 3655/3655/3655 3666/3666/3666
f 3670/3670/3670 3663/3663/3663 3669/3669/3669
f 3665/3665/3665 3663/3663/3663 3670/3670/3670
f 3671/3671/3671 3669/3669/3669 3666/3666/3666
f 3670/3670/3670 3669/3669/3669 3671/3671/3671
f 3667/3667/3667 3671/3671/3671 3666/3666/3666
f 3670/3670/3670 3671/3671/3671 3672/3672/3672
f 3665/3665/3665 3670/3670/3670 3672/3672/3672
f 3672/3672/3672 3671/3671/3671 3667/3667/3667
f 3668/3668/3668 3673/3673/3673 3667/3667/3667
f 3673/3673/3673 3668/3668/3668 3674/3674/3674
f 3675/3675/3675 3673/3673/3673 3674/3674/3674
f 3675/3675/3675 3676/3676/3676 3673/3673/3673
f 3676/3676/3676 3667/3667/3667 3673/3673/3673
f 3677/3677/3677 3676/3676/3676 3675/3675/3675
f 3677/3677/3677 3678/3678/3678 3676/3676/3676
f 3679/3679/3679 3667/3667/3667 3676/3676/3676
f 3667/3667/3667 3679/3679/3679 3672/3672/3672
f 3678/3678/3678 3679/3679/3679 3676/3676/3676
f 3665/3665/3665 3672/3672/3672 3680/3680/3680
f 3679/3679/3679 3680/3680/3680 3672/3672/3672
f 3665/3665/3665 3680/3680/3680 3681/3681/3681
f 3681/3681/3681 3682/3682/3682 3665/3665/3665
f 3680/3680/3680 3679/3679/3679 3683/3683/3683
f 3681/3681/3681 3680/3680/3680 3683/3683/3683
f 3684/3684/3684 3683/3683/3683 3679/3679/3679
f 3681/3681/3681 3683/3683/3683 3684/3684/3684
f 3684/3684/3684 3679/3679/3679 3678/3678/3678
f 3685/3685/3685 3681/3681/3681 3684/3684/3684
f 3678/3678/3678 3686/3686/3686 3684/3684/3684
f 3686/3686/3686 3685/3685/3685 3684/3684/3684
f 3686/3686/3686 3678/3678/3678 3687/3687/3687
f 3688/3688/3688 3685/3685/3685 3686/3686/3686
f 3688/3688/3688 3686/3686/3686 3689/3689/3689
f 3692/3692/3692 3691/3691/3691 3690/3690/3690
f 3690/3690/3690 3691/3691/3691 3693/3693/3693
f 3693/3693/3693 3694/3694/3694 3690/3690/3690
f 3690/3690/3690 3694/3694/3694 3695/3695/3695
f 3694/3694/3694 3693/3693/3693 3696/3696/3696
f 3694/3694/3694 3697/3697/3697 3695/3695/3695
f 3698/3698/3698 3697/3697/3697 3694/3694/3694
f 3699/3699/3699 3694/3694/3694 3696/3696/3696
f 3694/3694/3694 3699/3699/3699 3698/3698/3698
f 3696/3696/3696 3700/3700/3700 3699/3699/3699
f 3701/3701/3701 3698/3698/3698 3699/3699/3699
f 3699/3699/3699 3700/3700/3700 3701/3701/3701
f 3702/3702/3702 3701/3701/3701 3700/3700/3700
f 3698/3698/3698 3701/3701/3701 3703/3703/3703
f 3704/3704/3704 3701/3701/3701 3702/3702/3702
f 3704/3704/3704 3703/3703/3703 3701/3701/3701
f 3703/3703/3703 3704/3704/3704 3705/3705/3705
f 3706/3706/3706 3690/3690/3690 3695/3695/3695
f 3690/3690/3690 3706/3706/3706 3707/3707/3707
f 3707/3707/3707 3706/3706/3706 3708/3708/3708
f 3706/3706/3706 3695/3695/3695 3708/3708/3708
f 3709/3709/3709 3707/3707/3707 3708/3708/3708
f 3709/3709/3709 3708/3708/3708 3710/3710/3710
f 3709/3709/3709 3710/3710/3710 3711/3711/3711
f 3710/3710/3710 3712/3712/3712 3711/3711/3711
f 3712/3712/3712 3710/3710/3710 3713/3713/3713
f 3708/3708/3708 3695/3695/3695 3714/3714/3714
f 3708/3708/3708 3714/3714/3714 3710/3710/3710
f 3695/3695/3695 3715/3715/3715 3714/3714/3714
f 3695/3695/3695 3716/3716/3716 3715/3715/3715
f 3716/3716/3716 3695/3695/3695 3717/3717/3717
f 3714/3714/3714 3718/3718/3718 3710/3710/3710
f 3718/3718/3718 3719/3719/3719 3710/3710/3710
f 3713/3713/3713 3710/3710/3710 3719/3719/3719
f 3713/3713/3713 3719/3719/3719 3720/3720/3720
f 3713/3713/3713 3720/3720/3720 3721/3721/3721
f 3724/3724/3724 3723/3723/3723 3722/3722/3722
f 3722/3722/3722 3723/3723/3723 3725/3725/3725
f 3723/3723/3723 3726/3726/3726 3725/3725/3725
f 3727/3727/3727 3726/3726/3726 3723/3723/3723
f 3726/3726/3726 3727/3727/3727 3728/3728/3728
f 3729/3729/3729 3726/3726/3726 3728/3728/3728
f 3729/3729/3729 3730/3730/3730 3726/3726/3726
f 3725/3725/3725 3726/3726/3726 3730/3730/3730
f 3731/3731/3731 3725/3725/3725 3730/3730/3730
f 3725/3725/3725 3731/3731/3731 3722/3722/3722
f 3732/3732/3732 3731/3731/3731 3730/3730/3730
f 3733/3733/3733 3722/3722/3722 3731/3731/3731
f 3733/3733/3733 3734/3734/3734 3722/3722/3722
f 3737/3737/3737 3736/3736/3736 3735/3735/3735
f 3737/3737/3737 3735/3735/3735 3738/3738/3738
f 3739/3739/3739 3738/3738/3738 3735/3735/3735
f 3740/3740/3740 3739/3739/3739 3735/3735/3735
f 3740/3740/3740 3741/3741/3741 3739/3739/3739
f 3738/3738/3738 3739/3739/3739 3742/3742/3742
f 3737/3737/3737 3738/3738/3738 3742/3742/3742
f 3743/3743/3743 3742/3742/3742 3739/3739/3739
f 3743/3743/3743 3744/3744/3744 3742/3742/3742
f 3744/3744/3744 3743/3743/3743 3745/3745/3745
f 3746/3746/3746 3744/3744/3744 3745/3745/3745
f 3746/3746/3746 3747/3747/3747 3744/3744/3744
f 3744/3744/3744 3748/3748/3748 3742/3742/3742
f 3748/3748/3748 3737/3737/3737 3742/3742/3742
f 3744/3744/3744 3747/3747/3747 3748/3748/3748
f 3737/3737/3737 3748/3748/3748 3747/3747/3747
f 3749/3749/3749 3737/3737/3737 3747/3747/3747
f 3750/3750/3750 3749/3749/3749 3747/3747/3747
f 3753/3753/3753 3752/3752/3752 3751/3751/3751
f 3754/3754/3754 3752/3752/3752 3753/3753/3753
f 3754/3754/3754 3755/3755/3755 3752/3752/3752
f 3755/3755/3755 3756/3756/3756 3752/3752/3752
f 3754/3754/3754 3757/3757/3757 3755/3755/3755
f 3756/3756/3756 3758/3758/3758 3752/3752/3752
f 3757/3757/3757 3759/3759/3759 3755/3755/3755
f 3760/3760/3760 3759/3759/3759 3757/3757/3757
f 3761/3761/3761 3759/3759/3759 3760/3760/3760
f 3762/3762/3762 3755/3755/3755 3759/3759/3759
f 3762/3762/3762 3763/3763/3763 3755/3755/3755
f 3763/3763/3763 3756/3756/3756 3755/3755/3755
f 3756/3756/3756 3763/3763/3763 3764/3764/3764
f 3756/3756/3756 3765/3765/3765 3758/3758/3758
f 3765/3765/3765 3766/3766/3766 3758/3758/3758
f 3767/3767/3767 3766/3766/3766 3765/3765/3765
f 3767/3767/3767 3765/3765/3765 3768/3768/3768
f 3765/3765/3765 3756/3756/3756 3768/3768/3768
f 3758/3758/3758 3766/3766/3766 3769/3769/3769
f 3770/3770/3770 3756/3756/3756 3764/3764/3764
f 3770/3770/3770 3768/3768/3768 3756/3756/3756
f 3771/3771/3771 3770/3770/3770 3764/3764/3764
f 3768/3768/3768 3770/3770/3770 3771/3771/3771
f 3771/3771/3771 3764/3764/3764 3772/3772/3772
f 3771/3771/3771 3772/3772/3772 3773/3773/3773
f 3774/3774/3774 3768/3768/3768 3771/3771/3771
f 3775/3775/3775 3768/3768/3768 3774/3774/3774
f 3767/3767/3767 3768/3768/3768 3775/3775/3775
f 3776/3776/3776 3767/3767/3767 3775/3775/3775
f 3766/3766/3766 3777/3777/3777 3769/3769/3769
f 3777/3777/3777 3766/3766/3766 3767/3767/3767
f 3777/3777/3777 3778/3778/3778 3769/3769/3769
f 3769/3769/3769 3778/3778/3778 3779/3779/3779
f 3769/3769/3769 3779/3779/3779 3780/3780/3780
f 3779/3779/3779 3781/3781/3781 3780/3780/3780
f 3782/3782/3782 3781/3781/3781 3779/3779/3779
f 3778/3778/3778 3783/3783/3783 3779/3779/3779
f 3779/3779/3779 3783/3783/3783 3782/3782/3782
f 3777/3777/3777 3783/3783/3783 3778/3778/3778
f 3782/3782/3782 3783/3783/3783 3784/3784/3784
f 3785/3785/3785 3783/3783/3783 3777/3777/3777
f 3784/3784/3784 3783/3783/3783 3785/3785/3785
f 3767/3767/3767 3785/3785/3785 3777/3777/3777
f 3785/3785/3785 3786/3786/3786 3784/3784/3784
f 3786/3786/3786 3785/3785/3785 3787/3787/3787
f 3787/3787/3787 3785/3785/3785 3767/3767/3767
f 3786/3786/3786 3787/3787/3787 3788/3788/3788
f 3787/3787/3787 3767/3767/3767 3789/3789/3789
f 3789/3789/3789 3767/3767/3767 3776/3776/3776
f 3790/3790/3790 3788/3788/3788 3787/3787/3787
f 3790/3790/3790 3787/3787/3787 3789/3789/3789
f 3791/3791/3791 3788/3788/3788 3790/3790/3790
f 3792/3792/3792 3791/3791/3791 3790/3790/3790
f 3793/3793/3793 3791/3791/3791 3792/3792/3792
f 3790/3790/3790 3794/3794/3794 3792/3792/3792
f 3789/3789/3789 3794/3794/3794 3790/3790/3790
f 3789/3789/3789 3776/3776/3776 3794/3794/3794
f 3794/3794/3794 3776/3776/3776 3795/3795/3795
f 3795/3795/3795 3776/3776/3776 3796/3796/3796
f 3799/3799/3799 3798/3798/3798 3797/3797/3797
f 3798/3798/3798 3800/3800/3800 3797/3797/3797
f 3797/3797/3797 3800/3800/3800 3801/3801/3801
f 3802/3802/3802 3801/3801/3801 3800/3800/3800
f 3800/3800/3800 3803/3803/3803 3802/3802/3802
f 3804/3804/3804 3803/3803/3803 3800/3800/3800
f 3805/3805/3805 3804/3804/3804 3800/3800/3800
f 3805/3805/3805 3800/3800/3800 3798/3798/3798
f 3806/3806/3806 3804/3804/3804 3805/3805/3805
f 3806/3806/3806 3805/3805/3805 3798/3798/3798
f 3806/3806/3806 3798/3798/3798 3807/3807/3807
f 3806/3806/3806 3808/3808/3808 3804/3804/3804
f 3806/3806/3806 3807/3807/3807 3808/3808/3808
f 3807/3807/3807 3798/3798/3798 3809/3809/3809
f 3809/3809/3809 3798/3798/3798 3810/3810/3810
f 3809/3809/3809 3810/3810/3810 3811/3811/3811
f 3810/3810/3810 3812/3812/3812 3811/3811/3811
f 3813/3813/3813 3811/3811/3811 3812/3812/3812
f 3812/3812/3812 3814/3814/3814 3813/3813/3813
f 3813/3813/3813 3814/3814/3814 3815/3815/3815
f 3814/3814/3814 3816/3816/3816 3815/3815/3815
f 3814/3814/3814 3817/3817/3817 3816/3816/3816
f 3818/3818/3818 3817/3817/3817 3814/3814/3814
f 3807/3807/3807 3809/3809/3809 3819/3819/3819
f 3811/3811/3811 3820/3820/3820 3809/3809/3809
f 3819/3819/3819 3809/3809/3809 3820/3820/3820
f 3821/3821/3821 3819/3819/3819 3820/3820/3820
f 3822/3822/3822 3807/3807/3807 3819/3819/3819
f 3822/3822/3822 3819/3819/3819 3821/3821/3821
f 3808/3808/3808 3807/3807/3807 3822/3822/3822
f 3823/3823/3823 3820/3820/3820 3811/3811/3811
f 3823/3823/3823 3811/3811/3811 3813/3813/3813
f 3821/3821/3821 3820/3820/3820 3823/3823/3823
f 3824/3824/3824 3823/3823/3823 3813/3813/3813
f 3824/3824/3824 3813/3813/3813 3825/3825/3825
f 3826/3826/3826 3823/3823/3823 3824/3824/3824
f 3826/3826/3826 3827/3827/3827 3823/3823/3823
f 3827/3827/3827 3821/3821/3821 3823/3823/3823
f 3827/3827/3827 3828/3828/3828 3821/3821/3821
f 3829/3829/3829 3821/3821/3821 3828/3828/3828
f 3821/3821/3821 3829/3829/3829 3830/3830/3830
f 3830/3830/3830 3822/3822/3822 3821/3821/3821
f 3830/3830/3830 3829/3829/3829 3831/3831/3831
f 3822/3822/3822 3832/3832/3832 3808/3808/3808
f 3830/3830/3830 3832/3832/3832 3822/3822/3822
f 3830/3830/3830 3831/3831/3831 3833/3833/3833
f 3831/3831/3831 3834/3834/3834 3833/3833/3833
f 3833/3833/3833 3835/3835/3835 3830/3830/3830
f 3835/3835/3835 3832/3832/3832 3830/3830/3830
f 3833/3833/3833 3834/3834/3834 3836/3836/3836
f 3833/3833/3833 3836/3836/3836 3835/3835/3835
f 3837/3837/3837 3836/3836/3836 3834/3834/3834
f 3838/3838/3838 3836/3836/3836 3837/3837/3837
f 3839/3839/3839 3835/3835/3835 3836/3836/3836
f 3836/3836/3836 3838/3838/3838 3839/3839/3839
f 3832/3832/3832 3835/3835/3835 3840/3840/3840
f 3840/3840/3840 3835/3835/3835 3839/3839/3839
f 3841/3841/3841 3808/3808/3808 3832/3832/3832
f 3840/3840/3840 3841/3841/3841 3832/3832/3832
f 3842/3842/3842 3839/3839/3839 3838/3838/3838
f 3838/3838/3838 3843/3843/3843 3842/3842/3842
f 3841/3841/3841 3844/3844/3844 3808/3808/3808
f 3808/3808/3808 3844/3844/3844 3804/3804/3804
f 3839/3839/3839 3845/3845/3845 3840/3840/3840
f 3842/3842/3842 3845/3845/3845 3839/3839/3839
f 3840/3840/3840 3846/3846/3846 3841/3841/3841
f 3846/3846/3846 3844/3844/3844 3841/3841/3841
f 3845/3845/3845 3846/3846/3846 3840/3840/3840
f 3843/3843/3843 3847/3847/3847 3842/3842/3842
f 3842/3842/3842 3847/3847/3847 3845/3845/3845
f 3846/3846/3846 3848/3848/3848 3844/3844/3844
f 3848/3848/3848 3804/3804/3804 3844/3844/3844
f 3848/3848/3848 3849/3849/3849 3804/3804/3804
f 3845/3845/3845 3850/3850/3850 3846/3846/3846
f 3850/3850/3850 3848/3848/3848 3846/3846/3846
f 3845/3845/3845 3851/3851/3851 3850/3850/3850
f 3847/3847/3847 3851/3851/3851 3845/3845/3845
f 3843/3843/3843 3852/3852/3852 3847/3847/3847
f 3843/3843/3843 3853/3853/3853 3852/3852/3852
f 3847/3847/3847 3852/3852/3852 3854/3854/3854
f 3851/3851/3851 3847/3847/3847 3854/3854/3854
f 3852/3852/3852 3855/3855/3855 3854/3854/3854
f 3854/3854/3854 3855/3855/3855 3856/3856/3856
f 3857/3857/3857 3848/3848/3848 3850/3850/3850
f 3851/3851/3851 3857/3857/3857 3850/3850/3850
f 3858/3858/3858 3851/3851/3851 3854/3854/3854
f 3856/3856/3856 3858/3858/3858 3854/3854/3854
f 3858/3858/3858 3857/3857/3857 3851/3851/3851
f 3804/3804/3804 3849/3849/3849 3859/3859/3859
f 3804/3804/3804 3859/3859/3859 3803/3803/3803
f 3848/3848/3848 3857/3857/3857 3860/3860/3860
f 3848/3848/3848 3860/3860/3860 3849/3849/3849
f 3861/3861/3861 3860/3860/3860 3857/3857/3857
f 3860/3860/3860 3862/3862/3862 3849/3849/3849
f 3863/3863/3863 3857/3857/3857 3858/3858/3858
f 3857/3857/3857 3863/3863/3863 3861/3861/3861
f 3858/3858/3858 3856/3856/3856 3863/3863/3863
f 3864/3864/3864 3861/3861/3861 3863/3863/3863
f 3863/3863/3863 3856/3856/3856 3865/3865/3865
f 3864/3864/3864 3863/3863/3863 3865/3865/3865
f 3866/3866/3866 3865/3865/3865 3856/3856/3856
f 3856/3856/3856 3867/3867/3867 3866/3866/3866
f 3864/3864/3864 3865/3865/3865 3868/3868/3868
f 3868/3868/3868 3865/3865/3865 3869/3869/3869
f 3868/3868/3868 3870/3870/3870 3864/3864/3864
f 3868/3868/3868 3869/3869/3869 3871/3871/3871
f 3868/3868/3868 3871/3871/3871 3870/3870/3870
f 3869/3869/3869 3872/3872/3872 3871/3871/3871
f 3869/3869/3869 3873/3873/3873 3872/3872/3872
f 3872/3872/3872 3873/3873/3873 3874/3874/3874
f 3874/3874/3874 3873/3873/3873 3875/3875/3875
f 3871/3871/3871 3872/3872/3872 3876/3876/3876
f 3871/3871/3871 3877/3877/3877 3870/3870/3870
f 3871/3871/3871 3876/3876/3876 3877/3877/3877
f 3874/3874/3874 3878/3878/3878 3872/3872/3872
f 3878/3878/3878 3876/3876/3876 3872/3872/3872
f 3874/3874/3874 3879/3879/3879 3878/3878/3878
f 3879/3879/3879 3874/3874/3874 3880/3880/3880
f 3881/3881/3881 3880/3880/3880 3874/3874/3874
f 3878/3878/3878 3879/3879/3879 3882/3882/3882
f 3878/3878/3878 3882/3882/3882 3876/3876/3876
f 3883/3883/3883 3882/3882/3882 3879/3879/3879
f 3882/3882/3882 3884/3884/3884 3876/3876/3876
f 3876/3876/3876 3884/3884/3884 3877/3877/3877
f 3885/3885/3885 3884/3884/3884 3882/3882/3882
f 3884/3884/3884 3885/3885/3885 3886/3886/3886
f 3877/3877/3877 3884/3884/3884 3886/3886/3886
f 3886/3886/3886 3885/3885/3885 3887/3887/3887
f 3888/3888/3888 3886/3886/3886 3887/3887/3887
f 3886/3886/3886 3888/3888/3888 3889/3889/3889
f 3890/3890/3890 3886/3886/3886 3889/3889/3889
f 3877/3877/3877 3886/3886/3886 3890/3890/3890
f 3891/3891/3891 3890/3890/3890 3889/3889/3889
f 3891/3891/3891 3892/3892/3892 3890/3890/3890
f 3877/3877/3877 3890/3890/3890 3893/3893/3893
f 3892/3892/3892 3893/3893/3893 3890/3890/3890
f 3870/3870/3870 3877/3877/3877 3893/3893/3893
f 3893/3893/3893 3894/3894/3894 3870/3870/3870
f 3894/3894/3894 3895/3895/3895 3870/3870/3870
f 3896/3896/3896 3893/3893/3893 3892/3892/3892
f 3893/3893/3893 3896/3896/3896 3894/3894/3894
f 3895/3895/3895 3894/3894/3894 3897/3897/3897
f 3894/3894/3894 3896/3896/3896 3897/3897/3897
f 3897/3897/3897 3896/3896/3896 3898/3898/3898
f 3896/3896/3896 3892/3892/3892 3899/3899/3899
f 3896/3896/3896 3899/3899/3899 3898/3898/3898
f 3892/3892/3892 3900/3900/3900 3899/3899/3899
f 3900/3900/3900 3901/3901/3901 3899/3899/3899
f 3895/3895/3895 3897/3897/3897 3849/3849/3849
f 3902/3902/3902 3895/3895/3895 3849/3849/3849
f 3859/3859/3859 3849/3849/3849 3897/3897/3897
f 3859/3859/3859 3897/3897/3897 3898/3898/3898
f 3862/3862/3862 3902/3902/3902 3849/3849/3849
f 3903/3903/3903 3899/3899/3899 3901/3901/3901
f 3903/3903/3903 3898/3898/3898 3899/3899/3899
f 3904/3904/3904 3902/3902/3902 3862/3862/3862
f 3905/3905/3905 3904/3904/3904 3862/3862/3862
f 3906/3906/3906 3904/3904/3904 3905/3905/3905
f 3904/3904/3904 3906/3906/3906 3902/3902/3902
f 3907/3907/3907 3902/3902/3902 3906/3906/3906
f 3908/3908/3908 3903/3903/3903 3901/3901/3901
f 3908/3908/3908 3901/3901/3901 3909/3909/3909
f 3903/3903/3903 3908/3908/3908 3910/3910/3910
f 3910/3910/3910 3911/3911/3911 3903/3903/3903
f 3912/3912/3912 3911/3911/3911 3910/3910/3910
f 3913/3913/3913 3911/3911/3911 3912/3912/3912
f 3911/3911/3911 3914/3914/3914 3903/3903/3903
f 3898/3898/3898 3903/3903/3903 3914/3914/3914
f 3913/3913/3913 3915/3915/3915 3911/3911/3911
f 3914/3914/3914 3911/3911/3911 3915/3915/3915
f 3916/3916/3916 3915/3915/3915 3913/3913/3913
f 3917/3917/3917 3914/3914/3914 3915/3915/3915
f 3917/3917/3917 3898/3898/3898 3914/3914/3914
f 3918/3918/3918 3898/3898/3898 3917/3917/3917
f 3919/3919/3919 3918/3918/3918 3917/3917/3917
f 3859/3859/3859 3898/3898/3898 3918/3918/3918
f 3918/3918/3918 3919/3919/3919 3920/3920/3920
f 3859/3859/3859 3918/3918/3918 3803/3803/3803
f 3918/3918/3918 3920/3920/3920 3921/3921/3921
f 3918/3918/3918 3921/3921/3921 3803/3803/3803
f 3924/3924/3924 3923/3923/3923 3922/3922/3922
f 3924/3924/3924 3925/3925/3925 3923/3923/3923
f 3928/3928/3928 3927/3927/3927 3926/3926/3926
f 3927/3927/3927 3929/3929/3929 3926/3926/3926
f 3927/3927/3927 3930/3930/3930 3929/3929/3929
f 3931/3931/3931 3929/3929/3929 3930/3930/3930
f 3932/3932/3932 3929/3929/3929 3931/3931/3931
f 3933/3933/3933 3929/3929/3929 3932/3932/3932
f 3933/3933/3933 3934/3934/3934 3929/3929/3929
f 3933/3933/3933 3935/3935/3935 3934/3934/3934
f 3934/3934/3934 3935/3935/3935 3936/3936/3936
f 3935/3935/3935 3937/3937/3937 3936/3936/3936
f 3937/3937/3937 3938/3938/3938 3936/3936/3936
f 3929/3929/3929 3939/3939/3939 3926/3926/3926
f 3926/3926/3926 3939/3939/3939 3940/3940/3940
f 3940/3940/3940 3941/3941/3941 3926/3926/3926
f 3939/3939/3939 3942/3942/3942 3940/3940/3940
f 3939/3939/3939 3943/3943/3943 3942/3942/3942
f 3939/3939/3939 3944/3944/3944 3943/3943/3943
f 3944/3944/3944 3945/3945/3945 3943/3943/3943
f 3944/3944/3944 3946/3946/3946 3945/3945/3945
f 3947/3947/3947 3945/3945/3945 3946/3946/3946
f 3948/3948/3948 3947/3947/3947 3946/3946/3946
f 3951/3951/3951 3950/3950/3950 3949/3949/3949
f 3951/3951/3951 3952/3952/3952 3950/3950/3950
f 3953/3953/3953 3952/3952/3952 3951/3951/3951
f 3954/3954/3954 3952/3952/3952 3953/3953/3953
f 3953/3953/3953 3951/3951/3951 3955/3955/3955
f 3956/3956/3956 3953/3953/3953 3955/3955/3955
f 3957/3957/3957 3955/3955/3955 3951/3951/3951
f 3955/3955/3955 3958/3958/3958 3956/3956/3956
f 3955/3955/3955 3957/3957/3957 3958/3958/3958
f 3956/3956/3956 3958/3958/3958 3959/3959/3959
f 3960/3960/3960 3958/3958/3958 3957/3957/3957
f 3959/3959/3959 3958/3958/3958 3961/3961/3961
f 3961/3961/3961 3958/3958/3958 3960/3960/3960
f 3959/3959/3959 3961/3961/3961 3962/3962/3962
f 3963/3963/3963 3959/3959/3959 3962/3962/3962
f 3960/3960/3960 3964/3964/3964 3961/3961/3961
f 3961/3961/3961 3964/3964/3964 3962/3962/3962
f 3964/3964/3964 3960/3960/3960 3965/3965/3965
f 3964/3964/3964 3965/3965/3965 3962/3962/3962
f 3966/3966/3966 3962/3962/3962 3965/3965/3965
f 3966/3966/3966 3965/3965/3965 3967/3967/3967
f 3968/3968/3968 3966/3966/3966 3967/3967/3967
f 3968/3968/3968 3967/3967/3967 3969/3969/3969
f 3967/3967/3967 3965/3965/3965 3970/3970/3970
f 3965/3965/3965 3971/3971/3971 3970/3970/3970
f 3970/3970/3970 3972/3972/3972 3967/3967/3967
f 3973/3973/3973 3967/3967/3967 3972/3972/3972
f 3969/3969/3969 3967/3967/3967 3973/3973/3973
f 3974/3974/3974 3973/3973/3973 3972/3972/3972
f 3969/3969/3969 3973/3973/3973 3975/3975/3975
f 3973/3973/3973 3974/3974/3974 3975/3975/3975
f 3976/3976/3976 3969/3969/3969 3975/3975/3975
f 3975/3975/3975 3974/3974/3974 3977/3977/3977
f 3976/3976/3976 3975/3975/3975 3977/3977/3977
f 3978/3978/3978 3976/3976/3976 3977/3977/3977
f 3979/3979/3979 3976/3976/3976 3978/3978/3978
f 3980/3980/3980 3978/3978/3978 3977/3977/3977
f 3980/3980/3980 3981/3981/3981 3978/3978/3978
f 3982/3982/3982 3980/3980/3980 3977/3977/3977
f 3977/3977/3977 3983/3983/3983 3982/3982/3982
f 3983/3983/3983 3977/3977/3977 3984/3984/3984
f 3985/3985/3985 3980/3980/3980 3982/3982/3982
f 3986/3986/3986 3985/3985/3985 3982/3982/3982
f 3987/3987/3987 3986/3986/3986 3982/3982/3982
f 3985/3985/3985 3988/3988/3988 3980/3980/3980
f 3980/3980/3980 3988/3988/3988 3981/3981/3981
f 3988/3988/3988 3985/3985/3985 3989/3989/3989
f 3990/3990/3990 3988/3988/3988 3989/3989/3989
f 3989/3989/3989 3991/3991/3991 3990/3990/3990
f 3992/3992/3992 3981/3981/3981 3988/3988/3988
f 3990/3990/3990 3992/3992/3992 3988/3988/3988
f 3991/3991/3991 3993/3993/3993 3990/3990/3990
f 3994/3994/3994 3993/3993/3993 3991/3991/3991
f 3992/3992/3992 3995/3995/3995 3981/3981/3981
f 3981/3981/3981 3995/3995/3995 3996/3996/3996
f 3995/3995/3995 3992/3992/3992 3997/3997/3997
f 3995/3995/3995 3997/3997/3997 3998/3998/3998
f 3997/3997/3997 3999/3999/3999 3998/3998/3998
f 3998/3998/3998 3999/3999/3999 4000/4000/4000
f 3999/3999/3999 4001/4001/4001 4000/4000/4000
f 4001/4001/4001 4002/4002/4002 4000/4000/4000
f 4002/4002/4002 4001/4001/4001 4003/4003/4003
f 4004/4004/4004 3999/3999/3999 3997/3997/3997
f 4004/4004/4004 4001/4001/4001 3999/3999/3999
f 4001/4001/4001 4005/4005/4005 4003/4003/4003
f 4005/4005/4005 4006/4006/4006 4003/4003/4003
f 4007/4007/4007 4001/4001/4001 4004/4004/4004
f 4005/4005/4005 4001/4001/4001 4007/4007/4007
f 4005/4005/4005 4008/4008/4008 4006/4006/4006
f 4006/4006/4006 4008/4008/4008 4009/4009/4009
f 4008/4008/4008 4010/4010/4010 4009/4009/4009
f 4011/4011/4011 4008/4008/4008 4005/4005/4005
f 4005/4005/4005 4007/4007/4007 4011/4011/4011
f 4011/4011/4011 4012/4012/4012 4008/4008/4008
f 4008/4008/4008 4012/4012/4012 4013/4013/4013
f 3997/3997/3997 4014/4014/4014 4004/4004/4004
f 4004/4004/4004 4015/4015/4015 4007/4007/4007
f 4014/4014/4014 4015/4015/4015 4004/4004/4004
f 4016/4016/4016 4011/4011/4011 4007/4007/4007
f 4015/4015/4015 4016/4016/4016 4007/4007/4007
f 4017/4017/4017 4012/4012/4012 4011/4011/4011
f 4011/4011/4011 4016/4016/4016 4017/4017/4017
f 3997/3997/3997 4018/4018/4018 4014/4014/4014
f 3992/3992/3992 4018/4018/4018 3997/3997/3997
f 4012/4012/4012 4017/4017/4017 4019/4019/4019
f 4012/4012/4012 4019/4019/4019 4013/4013/4013
f 4014/4014/4014 4020/4020/4020 4015/4015/4015
f 4018/4018/4018 4020/4020/4020 4014/4014/4014
f 4021/4021/4021 4018/4018/4018 3992/3992/3992
f 4021/4021/4021 3992/3992/3992 3990/3990/3990
f 4017/4017/4017 4016/4016/4016 4022/4022/4022
f 4022/4022/4022 4019/4019/4019 4017/4017/4017
f 4020/4020/4020 4018/4018/4018 4023/4023/4023
f 4021/4021/4021 4023/4023/4023 4018/4018/4018
f 4024/4024/4024 4013/4013/4013 4019/4019/4019
f 4025/4025/4025 4019/4019/4019 4022/4022/4022
f 4019/4019/4019 4025/4025/4025 4024/4024/4024
f 4026/4026/4026 4025/4025/4025 4022/4022/4022
f 4016/4016/4016 4027/4027/4027 4022/4022/4022
f 4026/4026/4026 4022/4022/4022 4027/4027/4027
f 4028/4028/4028 4027/4027/4027 4016/4016/4016
f 4015/4015/4015 4028/4028/4028 4016/4016/4016
f 4020/4020/4020 4029/4029/4029 4015/4015/4015
f 4029/4029/4029 4028/4028/4028 4015/4015/4015
f 4030/4030/4030 4027/4027/4027 4028/4028/4028
f 4030/4030/4030 4026/4026/4026 4027/4027/4027
f 4028/4028/4028 4031/4031/4031 4030/4030/4030
f 4031/4031/4031 4028/4028/4028 4029/4029/4029
f 4013/4013/4013 4024/4024/4024 4032/4032/4032
f 4013/4013/4013 4032/4032/4032 4033/4033/4033
f 4034/4034/4034 4026/4026/4026 4030/4030/4030
f 4034/4034/4034 4030/4030/4030 4031/4031/4031
f 4032/4032/4032 4035/4035/4035 4033/4033/4033
f 4033/4033/4033 4035/4035/4035 4036/4036/4036
f 4037/4037/4037 4029/4029/4029 4020/4020/4020
f 4038/4038/4038 4031/4031/4031 4029/4029/4029
f 4038/4038/4038 4029/4029/4029 4037/4037/4037
f 4039/4039/4039 4037/4037/4037 4020/4020/4020
f 4039/4039/4039 4020/4020/4020 4023/4023/4023
f 4040/4040/4040 4034/4034/4034 4031/4031/4031
f 4040/4040/4040 4031/4031/4031 4038/4038/4038
f 4041/4041/4041 4037/4037/4037 4039/4039/4039
f 4037/4037/4037 4041/4041/4041 4038/4038/4038
f 4042/4042/4042 4039/4039/4039 4023/4023/4023
f 4042/4042/4042 4023/4023/4023 4021/4021/4021
f 4021/4021/4021 4043/4043/4043 4042/4042/4042
f 4021/4021/4021 3990/3990/3990 4043/4043/4043
f 4044/4044/4044 4043/4043/4043 3990/3990/3990
f 4044/4044/4044 4042/4042/4042 4043/4043/4043
f 4044/4044/4044 3990/3990/3990 3993/3993/3993
f 2691/2691/2691 4041/4041/4041 4039/4039/4039
f 2669/2669/2669 2691/2691/2691 4039/4039/4039
f 2669/2669/2669 4039/4039/4039 4042/4042/4042
f 2670/2670/2670 2669/2669/2669 4042/4042/4042
f 2670/2670/2670 4042/4042/4042 4044/4044/4044
f 2686/2686/2686 4041/4041/4041 2691/2691/2691
f 2686/2686/2686 4038/4038/4038 4041/4041/4041
f 4045/4045/4045 2670/2670/2670 4044/4044/4044
f 4045/4045/4045 4044/4044/4044 3993/3993/3993
f 2686/2686/2686 4046/4046/4046 4038/4038/4038
f 2686/2686/2686 2690/2690/2690 4046/4046/4046
f 4046/4046/4046 4040/4040/4040 4038/4038/4038
f 4046/4046/4046 2690/2690/2690 4040/4040/4040
f 2690/2690/2690 4047/4047/4047 4040/4040/4040
f 4040/4040/4040 4047/4047/4047 4034/4034/4034
f 4047/4047/4047 4048/4048/4048 4034/4034/4034
f 4048/4048/4048 4049/4049/4049 4034/4034/4034
f 4048/4048/4048 4050/4050/4050 4049/4049/4049
f 4049/4049/4049 4026/4026/4026 4034/4034/4034
f 4049/4049/4049 4050/4050/4050 4051/4051/4051
f 4051/4051/4051 4026/4026/4026 4049/4049/4049
f 4050/4050/4050 4052/4052/4052 4051/4051/4051
f 4051/4051/4051 4052/4052/4052 4053/4053/4053
f 4051/4051/4051 4054/4054/4054 4026/4026/4026
f 4026/4026/4026 4054/4054/4054 4025/4025/4025
f 4051/4051/4051 4055/4055/4055 4054/4054/4054
f 4051/4051/4051 4053/4053/4053 4055/4055/4055
f 4054/4054/4054 4056/4056/4056 4025/4025/4025
f 4055/4055/4055 4056/4056/4056 4054/4054/4054
f 4025/4025/4025 4056/4056/4056 4024/4024/4024
f 4056/4056/4056 4057/4057/4057 4024/4024/4024
f 4024/4024/4024 4057/4057/4057 4032/4032/4032
f 4056/4056/4056 4055/4055/4055 4058/4058/4058
f 4056/4056/4056 4058/4058/4058 4057/4057/4057
f 4057/4057/4057 4058/4058/4058 4059/4059/4059
f 4032/4032/4032 4057/4057/4057 4060/4060/4060
f 4057/4057/4057 4059/4059/4059 4060/4060/4060
f 4032/4032/4032 4060/4060/4060 4035/4035/4035
f 4058/4058/4058 4055/4055/4055 4061/4061/4061
f 4055/4055/4055 4053/4053/4053 4061/4061/4061
f 4059/4059/4059 4058/4058/4058 4061/4061/4061
f 4060/4060/4060 4062/4062/4062 4035/4035/4035
f 4060/4060/4060 4059/4059/4059 4063/4063/4063
f 4060/4060/4060 4063/4063/4063 4062/4062/4062
f 4035/4035/4035 4062/4062/4062 4064/4064/4064
f 4035/4035/4035 4064/4064/4064 4036/4036/4036
f 4036/4036/4036 4064/4064/4064 4065/4065/4065
f 4036/4036/4036 4065/4065/4065 4066/4066/4066
f 4067/4067/4067 4066/4066/4066 4065/4065/4065
f 4064/4064/4064 4062/4062/4062 4068/4068/4068
f 4065/4065/4065 4064/4064/4064 4068/4068/4068
f 4065/4065/4065 4069/4069/4069 4067/4067/4067
f 4065/4065/4065 4068/4068/4068 4069/4069/4069
f 4069/4069/4069 4070/4070/4070 4067/4067/4067
f 4069/4069/4069 4071/4071/4071 4070/4070/4070
f 4070/4070/4070 4071/4071/4071 4072/4072/4072
f 4063/4063/4063 4073/4073/4073 4062/4062/4062
f 4068/4068/4068 4062/4062/4062 4073/4073/4073
f 4074/4074/4074 4069/4069/4069 4068/4068/4068
f 4074/4074/4074 4071/4071/4071 4069/4069/4069
f 4073/4073/4073 4075/4075/4075 4068/4068/4068
f 4068/4068/4068 4075/4075/4075 4074/4074/4074
f 4063/4063/4063 4076/4076/4076 4073/4073/4073
f 4075/4075/4075 4073/4073/4073 4076/4076/4076
f 4071/4071/4071 4074/4074/4074 4077/4077/4077
f 4075/4075/4075 4077/4077/4077 4074/4074/4074
f 4071/4071/4071 4078/4078/4078 4072/4072/4072
f 4071/4071/4071 4077/4077/4077 4078/4078/4078
f 4072/4072/4072 4078/4078/4078 4079/4079/4079
f 4079/4079/4079 4080/4080/4080 4072/4072/4072
f 4077/4077/4077 4081/4081/4081 4078/4078/4078
f 4081/4081/4081 4082/4082/4082 4078/4078/4078
f 4083/4083/4083 4077/4077/4077 4075/4075/4075
f 4083/4083/4083 4084/4084/4084 4077/4077/4077
f 4085/4085/4085 4076/4076/4076 4063/4063/4063
f 4063/4063/4063 4059/4059/4059 4085/4085/4085
f 4085/4085/4085 4059/4059/4059 4086/4086/4086
f 4086/4086/4086 4076/4076/4076 4085/4085/4085
f 4075/4075/4075 4076/4076/4076 4087/4087/4087
f 4075/4075/4075 4087/4087/4087 4083/4083/4083
f 4059/4059/4059 4088/4088/4088 4086/4086/4086
f 4059/4059/4059 4061/4061/4061 4088/4088/4088
f 4086/4086/4086 4089/4089/4089 4076/4076/4076
f 4089/4089/4089 4087/4087/4087 4076/4076/4076
f 4061/4061/4061 4090/4090/4090 4088/4088/4088
f 4091/4091/4091 4088/4088/4088 4090/4090/4090
f 4088/4088/4088 4091/4091/4091 4086/4086/4086
f 4061/4061/4061 4092/4092/4092 4090/4090/4090
f 4091/4091/4091 4093/4093/4093 4086/4086/4086
f 4093/4093/4093 4089/4089/4089 4086/4086/4086
f 4061/4061/4061 4053/4053/4053 4092/4092/4092
f 4053/4053/4053 4094/4094/4094 4092/4092/4092
f 4053/4053/4053 4095/4095/4095 4094/4094/4094
f 4093/4093/4093 4096/4096/4096 4089/4089/4089
f 4097/4097/4097 4087/4087/4087 4089/4089/4089
f 4096/4096/4096 4097/4097/4097 4089/4089/4089
f 4097/4097/4097 4098/4098/4098 4087/4087/4087
f 4087/4087/4087 4098/4098/4098 4083/4083/4083
f 4097/4097/4097 4096/4096/4096 4099/4099/4099
f 4097/4097/4097 4099/4099/4099 4098/4098/4098
f 4099/4099/4099 4096/4096/4096 4100/4100/4100
f 4100/4100/4100 4101/4101/4101 4099/4099/4099
f 4098/4098/4098 4102/4102/4102 4083/4083/4083
f 4099/4099/4099 4102/4102/4102 4098/4098/4098
f 4084/4084/4084 4083/4083/4083 4102/4102/4102
f 4099/4099/4099 4101/4101/4101 4103/4103/4103
f 4099/4099/4099 4103/4103/4103 4102/4102/4102
f 4102/4102/4102 4104/4104/4104 4084/4084/4084
f 4102/4102/4102 4103/4103/4103 4105/4105/4105
f 4105/4105/4105 4104/4104/4104 4102/4102/4102
f 4101/4101/4101 4106/4106/4106 4103/4103/4103
f 4106/4106/4106 4105/4105/4105 4103/4103/4103
f 4084/4084/4084 4104/4104/4104 4107/4107/4107
f 4084/4084/4084 4107/4107/4107 4108/4108/4108
f 4107/4107/4107 4104/4104/4104 4109/4109/4109
f 4101/4101/4101 4110/4110/4110 4106/4106/4106
f 4110/4110/4110 4101/4101/4101 4111/4111/4111
f 4111/4111/4111 4112/4112/4112 4110/4110/4110
f 4113/4113/4113 4110/4110/4110 4112/4112/4112
f 4114/4114/4114 4109/4109/4109 4104/4104/4104
f 4114/4114/4114 4104/4104/4104 4105/4105/4105
f 4114/4114/4114 4115/4115/4115 4109/4109/4109
f 4114/4114/4114 4105/4105/4105 4115/4115/4115
f 4109/4109/4109 4115/4115/4115 4116/4116/4116
f 4105/4105/4105 4106/4106/4106 4117/4117/4117
f 4110/4110/4110 4117/4117/4117 4106/4106/4106
f 4117/4117/4117 4115/4115/4115 4105/4105/4105
f 4110/4110/4110 4118/4118/4118 4117/4117/4117
f 4110/4110/4110 4113/4113/4113 4118/4118/4118
f 4117/4117/4117 4118/4118/4118 4115/4115/4115
f 4115/4115/4115 4119/4119/4119 4116/4116/4116
f 4115/4115/4115 4118/4118/4118 4119/4119/4119
f 4116/4116/4116 4119/4119/4119 4120/4120/4120
f 4118/4118/4118 4113/4113/4113 4121/4121/4121
f 4118/4118/4118 4121/4121/4121 4119/4119/4119
f 4122/4122/4122 4121/4121/4121 4113/4113/4113
f 4122/4122/4122 4123/4123/4123 4121/4121/4121
f 4119/4119/4119 4121/4121/4121 4123/4123/4123
f 4124/4124/4124 4123/4123/4123 4122/4122/4122
f 4124/4124/4124 4125/4125/4125 4123/4123/4123
f 4120/4120/4120 4119/4119/4119 4126/4126/4126
f 4123/4123/4123 4126/4126/4126 4119/4119/4119
f 4120/4120/4120 4126/4126/4126 4127/4127/4127
f 4123/4123/4123 4125/4125/4125 4128/4128/4128
f 4123/4123/4123 4128/4128/4128 4126/4126/4126
f 4128/4128/4128 4125/4125/4125 4129/4129/4129
f 4128/4128/4128 4129/4129/4129 4126/4126/4126
f 4125/4125/4125 4130/4130/4130 4129/4129/4129
f 4130/4130/4130 4131/4131/4131 4129/4129/4129
f 4126/4126/4126 4132/4132/4132 4127/4127/4127
f 4129/4129/4129 4132/4132/4132 4126/4126/4126
f 4127/4127/4127 4132/4132/4132 4133/4133/4133
f 4129/4129/4129 4131/4131/4131 4134/4134/4134
f 4134/4134/4134 4132/4132/4132 4129/4129/4129
f 4133/4133/4133 4132/4132/4132 4135/4135/4135
f 4132/4132/4132 4134/4134/4134 4135/4135/4135
f 4133/4133/4133 4135/4135/4135 4136/4136/4136
f 4137/4137/4137 4136/4136/4136 4135/4135/4135
f 4138/4138/4138 4136/4136/4136 4137/4137/4137
f 4138/4138/4138 4137/4137/4137 4139/4139/4139
f 4135/4135/4135 4140/4140/4140 4137/4137/4137
f 4135/4135/4135 4134/4134/4134 4140/4140/4140
f 4140/4140/4140 4139/4139/4139 4137/4137/4137
f 4131/4131/4131 4141/4141/4141 4134/4134/4134
f 4141/4141/4141 4131/4131/4131 4142/4142/4142
f 4134/4134/4134 4141/4141/4141 4143/4143/4143
f 4143/4143/4143 4140/4140/4140 4134/4134/4134
f 4143/4143/4143 4141/4141/4141 4144/4144/4144
f 4140/4140/4140 4145/4145/4145 4139/4139/4139
f 4140/4140/4140 4143/4143/4143 4145/4145/4145
f 4144/4144/4144 4146/4146/4146 4143/4143/4143
f 4143/4143/4143 4146/4146/4146 4145/4145/4145
f 4146/4146/4146 4144/4144/4144 4147/4147/4147
f 4147/4147/4147 4148/4148/4148 4146/4146/4146
f 4147/4147/4147 4149/4149/4149 4148/4148/4148
f 4149/4149/4149 4150/4150/4150 4148/4148/4148
f 4148/4148/4148 4150/4150/4150 4151/4151/4151
f 4152/4152/4152 4148/4148/4148 4151/4151/4151
f 4150/4150/4150 4153/4153/4153 4151/4151/4151
f 4150/4150/4150 4154/4154/4154 4153/4153/4153
f 4146/4146/4146 4155/4155/4155 4145/4145/4145
f 4155/4155/4155 4146/4146/4146 4156/4156/4156
f 4145/4145/4145 4155/4155/4155 4157/4157/4157
f 4157/4157/4157 4158/4158/4158 4145/4145/4145
f 4139/4139/4139 4145/4145/4145 4158/4158/4158
f 4139/4139/4139 4158/4158/4158 4159/4159/4159
f 4158/4158/4158 4160/4160/4160 4159/4159/4159
f 4157/4157/4157 4161/4161/4161 4158/4158/4158
f 4161/4161/4161 4160/4160/4160 4158/4158/4158
f 4157/4157/4157 4162/4162/4162 4161/4161/4161
f 4160/4160/4160 4161/4161/4161 4162/4162/4162
f 4162/4162/4162 4157/4157/4157 4163/4163/4163
f 4157/4157/4157 4164/4164/4164 4163/4163/4163
f 4164/4164/4164 4165/4165/4165 4163/4163/4163
f 4160/4160/4160 4162/4162/4162 4166/4166/4166
f 4162/4162/4162 4167/4167/4167 4166/4166/4166
f 4163/4163/4163 4167/4167/4167 4162/4162/4162
f 4167/4167/4167 4168/4168/4168 4166/4166/4166
f 4160/4160/4160 4166/4166/4166 4169/4169/4169
f 4168/4168/4168 4167/4167/4167 4170/4170/4170
f 4167/4167/4167 4163/4163/4163 4170/4170/4170
f 4168/4168/4168 4170/4170/4170 4171/4171/4171
f 4171/4171/4171 4170/4170/4170 4172/4172/4172
f 4170/4170/4170 4173/4173/4173 4172/4172/4172
f 4163/4163/4163 4174/4174/4174 4170/4170/4170
f 4163/4163/4163 4165/4165/4165 4174/4174/4174
f 4170/4170/4170 4174/4174/4174 4175/4175/4175
f 4174/4174/4174 4165/4165/4165 4175/4175/4175
f 4165/4165/4165 4176/4176/4176 4175/4175/4175
f 4160/4160/4160 4169/4169/4169 4177/4177/4177
f 4160/4160/4160 4177/4177/4177 4178/4178/4178
f 4169/4169/4169 4179/4179/4179 4177/4177/4177
f 4177/4177/4177 4179/4179/4179 4180/4180/4180
f 4180/4180/4180 4181/4181/4181 4177/4177/4177
f 4182/4182/4182 4181/4181/4181 4180/4180/4180
f 4183/4183/4183 4181/4181/4181 4182/4182/4182
f 4180/4180/4180 4184/4184/4184 4182/4182/4182
f 4185/4185/4185 4184/4184/4184 4180/4180/4180
f 4185/4185/4185 4186/4186/4186 4184/4184/4184
f 4185/4185/4185 4187/4187/4187 4186/4186/4186
f 4179/4179/4179 4188/4188/4188 4180/4180/4180
f 4188/4188/4188 4179/4179/4179 4189/4189/4189
f 4169/4169/4169 4190/4190/4190 4179/4179/4179
f 4190/4190/4190 4169/4169/4169 4191/4191/4191
f 4191/4191/4191 4192/4192/4192 4190/4190/4190
f 4190/4190/4190 4193/4193/4193 4179/4179/4179
f 4190/4190/4190 4194/4194/4194 4193/4193/4193
f 4193/4193/4193 4194/4194/4194 4195/4195/4195
f 4196/4196/4196 4193/4193/4193 4195/4195/4195
f 4199/4199/4199 4198/4198/4198 4197/4197/4197
f 4197/4197/4197 4200/4200/4200 4199/4199/4199
f 4201/4201/4201 4200/4200/4200 4197/4197/4197
f 4201/4201/4201 4202/4202/4202 4200/4200/4200
f 4202/4202/4202 4203/4203/4203 4200/4200/4200
f 4204/4204/4204 4202/4202/4202 4201/4201/4201
f 4205/4205/4205 4204/4204/4204 4201/4201/4201
f 4208/4208/4208 4207/4207/4207 4206/4206/4206
f 4208/4208/4208 4209/4209/4209 4207/4207/4207
f 4209/4209/4209 4210/4210/4210 4207/4207/4207
f 4207/4207/4207 4210/4210/4210 4211/4211/4211
f 4212/4212/4212 4211/4211/4211 4210/4210/4210
f 4212/4212/4212 4213/4213/4213 4211/4211/4211
f 4212/4212/4212 4214/4214/4214 4213/4213/4213
f 4214/4214/4214 4215/4215/4215 4213/4213/4213
f 4216/4216/4216 4212/4212/4212 4210/4210/4210
f 4209/4209/4209 4217/4217/4217 4210/4210/4210
f 4217/4217/4217 4216/4216/4216 4210/4210/4210
f 4212/4212/4212 4218/4218/4218 4214/4214/4214
f 4216/4216/4216 4218/4218/4218 4212/4212/4212
f 4217/4217/4217 4219/4219/4219 4216/4216/4216
f 4219/4219/4219 4220/4220/4220 4216/4216/4216
f 4220/4220/4220 4218/4218/4218 4216/4216/4216
f 4217/4217/4217 4221/4221/4221 4219/4219/4219
f 4217/4217/4217 4209/4209/4209 4221/4221/4221
f 4222/4222/4222 4221/4221/4221 4209/4209/4209
f 4221/4221/4221 4222/4222/4222 4223/4223/4223
f 4223/4223/4223 4222/4222/4222 4224/4224/4224
f 4209/4209/4209 4225/4225/4225 4222/4222/4222
f 4225/4225/4225 4209/4209/4209 4208/4208/4208
f 4226/4226/4226 4225/4225/4225 4208/4208/4208
f 4226/4226/4226 4208/4208/4208 4227/4227/4227
f 4227/4227/4227 4228/4228/4228 4226/4226/4226
f 4229/4229/4229 4226/4226/4226 4228/4228/4228
f 4226/4226/4226 4230/4230/4230 4225/4225/4225
f 4231/4231/4231 4226/4226/4226 4229/4229/4229
f 4231/4231/4231 4230/4230/4230 4226/4226/4226
f 4232/4232/4232 4222/4222/4222 4225/4225/4225
f 4232/4232/4232 4225/4225/4225 4230/4230/4230
f 4232/4232/4232 4233/4233/4233 4222/4222/4222
f 4233/4233/4233 4232/4232/4232 4230/4230/4230
f 4224/4224/4224 4222/4222/4222 4234/4234/4234
f 4234/4234/4234 4222/4222/4222 4233/4233/4233
f 4224/4224/4224 4234/4234/4234 4235/4235/4235
f 4236/4236/4236 4234/4234/4234 4233/4233/4233
f 4237/4237/4237 4234/4234/4234 4236/4236/4236
f 4235/4235/4235 4238/4238/4238 4224/4224/4224
f 4239/4239/4239 4234/4234/4234 4237/4237/4237
f 4235/4235/4235 4234/4234/4234 4239/4239/4239
f 4231/4231/4231 4229/4229/4229 4240/4240/4240
f 4240/4240/4240 4229/4229/4229 4241/4241/4241
f 4231/4231/4231 4242/4242/4242 4230/4230/4230
f 4242/4242/4242 4233/4233/4233 4230/4230/4230
f 4243/4243/4243 4242/4242/4242 4231/4231/4231
f 4242/4242/4242 4243/4243/4243 4233/4233/4233
f 4244/4244/4244 4231/4231/4231 4240/4240/4240
f 4231/4231/4231 4244/4244/4244 4243/4243/4243
f 4241/4241/4241 4245/4245/4245 4240/4240/4240
f 4240/4240/4240 4245/4245/4245 4244/4244/4244
f 4233/4233/4233 4243/4243/4243 4246/4246/4246
f 4233/4233/4233 4246/4246/4246 4236/4236/4236
f 4243/4243/4243 4244/4244/4244 4247/4247/4247
f 4246/4246/4246 4243/4243/4243 4247/4247/4247
f 4247/4247/4247 4244/4244/4244 4245/4245/4245
f 4247/4247/4247 4236/4236/4236 4246/4246/4246
f 4248/4248/4248 4245/4245/4245 4241/4241/4241
f 4248/4248/4248 4249/4249/4249 4245/4245/4245
f 4250/4250/4250 4248/4248/4248 4241/4241/4241
f 4249/4249/4249 4248/4248/4248 4251/4251/4251
f 4252/4252/4252 4249/4249/4249 4251/4251/4251
f 4252/4252/4252 4253/4253/4253 4249/4249/4249
f 4245/4245/4245 4254/4254/4254 4247/4247/4247
f 4247/4247/4247 4254/4254/4254 4236/4236/4236
f 4245/4245/4245 4249/4249/4249 4254/4254/4254
f 4249/4249/4249 4253/4253/4253 4255/4255/4255
f 4256/4256/4256 4254/4254/4254 4249/4249/4249
f 4249/4249/4249 4255/4255/4255 4256/4256/4256
f 4257/4257/4257 4255/4255/4255 4253/4253/4253
f 4256/4256/4256 4255/4255/4255 4257/4257/4257
f 4257/4257/4257 4253/4253/4253 4258/4258/4258
f 4257/4257/4257 4258/4258/4258 4259/4259/4259
f 4260/4260/4260 4254/4254/4254 4256/4256/4256
f 4236/4236/4236 4254/4254/4254 4260/4260/4260
f 4256/4256/4256 4257/4257/4257 4261/4261/4261
f 4261/4261/4261 4257/4257/4257 4259/4259/4259
f 4261/4261/4261 4260/4260/4260 4256/4256/4256
f 4261/4261/4261 4259/4259/4259 4262/4262/4262
f 4263/4263/4263 4262/4262/4262 4259/4259/4259
f 4259/4259/4259 4264/4264/4264 4263/4263/4263
f 4263/4263/4263 4264/4264/4264 4265/4265/4265
f 4266/4266/4266 4263/4263/4263 4265/4265/4265
f 4267/4267/4267 4261/4261/4261 4262/4262/4262
f 4260/4260/4260 4261/4261/4261 4267/4267/4267
f 4263/4263/4263 4268/4268/4268 4262/4262/4262
f 4268/4268/4268 4267/4267/4267 4262/4262/4262
f 4269/4269/4269 4263/4263/4263 4266/4266/4266
f 4269/4269/4269 4266/4266/4266 4270/4270/4270
f 4271/4271/4271 4263/4263/4263 4269/4269/4269
f 4271/4271/4271 4268/4268/4268 4263/4263/4263
f 4269/4269/4269 4270/4270/4270 4271/4271/4271
f 4271/4271/4271 4272/4272/4272 4268/4268/4268
f 4272/4272/4272 4267/4267/4267 4268/4268/4268
f 4273/4273/4273 4271/4271/4271 4270/4270/4270
f 4273/4273/4273 4272/4272/4272 4271/4271/4271
f 4274/4274/4274 4273/4273/4273 4270/4270/4270
f 4270/4270/4270 4275/4275/4275 4274/4274/4274
f 4276/4276/4276 4260/4260/4260 4267/4267/4267
f 4272/4272/4272 4277/4277/4277 4267/4267/4267
f 4276/4276/4276 4267/4267/4267 4277/4277/4277
f 4276/4276/4276 4278/4278/4278 4260/4260/4260
f 4276/4276/4276 4277/4277/4277 4278/4278/4278
f 4260/4260/4260 4278/4278/4278 4236/4236/4236
f 4279/4279/4279 4277/4277/4277 4272/4272/4272
f 4273/4273/4273 4279/4279/4279 4272/4272/4272
f 4280/4280/4280 4278/4278/4278 4277/4277/4277
f 4280/4280/4280 4236/4236/4236 4278/4278/4278
f 4280/4280/4280 4237/4237/4237 4236/4236/4236
f 4239/4239/4239 4237/4237/4237 4280/4280/4280
f 4274/4274/4274 4281/4281/4281 4273/4273/4273
f 4281/4281/4281 4274/4274/4274 4282/4282/4282
f 4282/4282/4282 4274/4274/4274 4283/4283/4283
f 4273/4273/4273 4281/4281/4281 4284/4284/4284
f 4273/4273/4273 4284/4284/4284 4279/4279/4279
f 4285/4285/4285 4280/4280/4280 4279/4279/4279
f 4285/4285/4285 4279/4279/4279 4284/4284/4284
f 4239/4239/4239 4280/4280/4280 4286/4286/4286
f 4286/4286/4286 4280/4280/4280 4285/4285/4285
f 4284/4284/4284 4287/4287/4287 4285/4285/4285
f 4287/4287/4287 4286/4286/4286 4285/4285/4285
f 4287/4287/4287 4284/4284/4284 4288/4288/4288
f 4289/4289/4289 4286/4286/4286 4287/4287/4287
f 4289/4289/4289 4239/4239/4239 4286/4286/4286
f 4235/4235/4235 4239/4239/4239 4289/4289/4289
f 4289/4289/4289 4290/4290/4290 4235/4235/4235
f 4290/4290/4290 4291/4291/4291 4235/4235/4235
f 4291/4291/4291 4292/4292/4292 4235/4235/4235
f 4235/4235/4235 4292/4292/4292 4238/4238/4238
f 4293/4293/4293 4292/4292/4292 4291/4291/4291
f 4294/4294/4294 4292/4292/4292 4293/4293/4293
f 4295/4295/4295 4238/4238/4238 4292/4292/4292
f 4296/4296/4296 4238/4238/4238 4295/4295/4295
f 4297/4297/4297 4292/4292/4292 4294/4294/4294
f 4295/4295/4295 4292/4292/4292 4297/4297/4297
f 4295/4295/4295 4297/4297/4297 4296/4296/4296
f 4294/4294/4294 4298/4298/4298 4297/4297/4297
f 4297/4297/4297 4298/4298/4298 4296/4296/4296
f 4290/4290/4290 4299/4299/4299 4291/4291/4291
f 4299/4299/4299 4300/4300/4300 4291/4291/4291
f 4301/4301/4301 4300/4300/4300 4299/4299/4299
f 4299/4299/4299 4290/4290/4290 4302/4302/4302
f 4301/4301/4301 4299/4299/4299 4302/4302/4302
f 4300/4300/4300 4301/4301/4301 4303/4303/4303
f 4300/4300/4300 4303/4303/4303 4220/4220/4220
f 4303/4303/4303 4301/4301/4301 4304/4304/4304
f 4304/4304/4304 4301/4301/4301 4305/4305/4305
f 4305/4305/4305 4301/4301/4301 4302/4302/4302
f 4305/4305/4305 4302/4302/4302 4306/4306/4306
f 4306/4306/4306 4302/4302/4302 4307/4307/4307
f 4307/4307/4307 4308/4308/4308 4306/4306/4306
f 4308/4308/4308 4307/4307/4307 4309/4309/4309
f 4309/4309/4309 4307/4307/4307 4310/4310/4310
f 4307/4307/4307 4311/4311/4311 4310/4310/4310
f 4312/4312/4312 4310/4310/4310 4311/4311/4311
f 4307/4307/4307 4302/4302/4302 4313/4313/4313
f 4314/4314/4314 4307/4307/4307 4313/4313/4313
f 4302/4302/4302 4290/4290/4290 4313/4313/4313
f 4313/4313/4313 4315/4315/4315 4314/4314/4314
f 4315/4315/4315 4313/4313/4313 4290/4290/4290
f 4315/4315/4315 4290/4290/4290 4289/4289/4289
f 4315/4315/4315 4289/4289/4289 4316/4316/4316
f 4316/4316/4316 4289/4289/4289 4317/4317/4317
f 4316/4316/4316 4317/4317/4317 4318/4318/4318
f 4321/4321/4321 4320/4320/4320 4319/4319/4319
f 4321/4321/4321 4322/4322/4322 4320/4320/4320
f 4323/4323/4323 4320/4320/4320 4322/4322/4322
f 4324/4324/4324 4320/4320/4320 4323/4323/4323
f 4324/4324/4324 4323/4323/4323 4325/4325/4325
f 4321/4321/4321 4326/4326/4326 4322/4322/4322
f 4326/4326/4326 4321/4321/4321 4327/4327/4327
f 4322/4322/4322 4326/4326/4326 4328/4328/4328
f 4323/4323/4323 4322/4322/4322 4328/4328/4328
f 4328/4328/4328 4326/4326/4326 4329/4329/4329
f 4328/4328/4328 4329/4329/4329 4330/4330/4330
f 4331/4331/4331 4325/4325/4325 4323/4323/4323
f 4328/4328/4328 4331/4331/4331 4323/4323/4323
f 4331/4331/4331 4328/4328/4328 4330/4330/4330
f 4331/4331/4331 4332/4332/4332 4325/4325/4325
f 4330/4330/4330 4333/4333/4333 4331/4331/4331
f 4331/4331/4331 4334/4334/4334 4332/4332/4332
f 4331/4331/4331 4333/4333/4333 4334/4334/4334
f 4334/4334/4334 4333/4333/4333 4335/4335/4335
f 4338/4338/4338 4337/4337/4337 4336/4336/4336
f 4336/4336/4336 4339/4339/4339 4338/4338/4338
f 4339/4339/4339 4336/4336/4336 4340/4340/4340
f 4341/4341/4341 4340/4340/4340 4336/4336/4336
f 4344/4344/4344 4343/4343/4343 4342/4342/4342
f 4344/4344/4344 4342/4342/4342 4345/4345/4345
f 4345/4345/4345 4346/4346/4346 4344/4344/4344
f 4346/4346/4346 4345/4345/4345 4347/4347/4347
f 4348/4348/4348 4347/4347/4347 4345/4345/4345
f 4349/4349/4349 4346/4346/4346 4347/4347/4347
f 4347/4347/4347 4348/4348/4348 4350/4350/4350
f 4348/4348/4348 4351/4351/4351 4350/4350/4350
f 4347/4347/4347 4352/4352/4352 4349/4349/4349
f 4352/4352/4352 4347/4347/4347 4350/4350/4350
f 4353/4353/4353 4350/4350/4350 4351/4351/4351
f 4353/4353/4353 4351/4351/4351 4354/4354/4354
f 4353/4353/4353 4355/4355/4355 4350/4350/4350
f 4355/4355/4355 4352/4352/4352 4350/4350/4350
f 4355/4355/4355 4353/4353/4353 4354/4354/4354
f 4352/4352/4352 4356/4356/4356 4349/4349/4349
f 4356/4356/4356 4357/4357/4357 4349/4349/4349
f 4356/4356/4356 4358/4358/4358 4357/4357/4357
f 4352/4352/4352 4359/4359/4359 4356/4356/4356
f 4359/4359/4359 4358/4358/4358 4356/4356/4356
f 4359/4359/4359 4352/4352/4352 4355/4355/4355
f 4360/4360/4360 4358/4358/4358 4359/4359/4359
f 4361/4361/4361 4359/4359/4359 4355/4355/4355
f 4355/4355/4355 4354/4354/4354 4361/4361/4361
f 4360/4360/4360 4359/4359/4359 4361/4361/4361
f 4362/4362/4362 4361/4361/4361 4354/4354/4354
f 4362/4362/4362 4354/4354/4354 4363/4363/4363
f 4363/4363/4363 4364/4364/4364 4362/4362/4362
f 4360/4360/4360 4361/4361/4361 4365/4365/4365
f 4365/4365/4365 4361/4361/4361 4362/4362/4362
f 4364/4364/4364 4366/4366/4366 4362/4362/4362
f 4366/4366/4366 4365/4365/4365 4362/4362/4362
f 4367/4367/4367 4366/4366/4366 4364/4364/4364
f 4367/4367/4367 4365/4365/4365 4366/4366/4366
f 4364/4364/4364 4368/4368/4368 4367/4367/4367
f 4365/4365/4365 4369/4369/4369 4360/4360/4360
f 4369/4369/4369 4370/4370/4370 4360/4360/4360
f 4371/4371/4371 4370/4370/4370 4369/4369/4369
f 4372/4372/4372 4371/4371/4371 4369/4369/4369
f 4372/4372/4372 4369/4369/4369 4365/4365/4365
f 4367/4367/4367 4372/4372/4372 4365/4365/4365
f 4373/4373/4373 4372/4372/4372 4367/4367/4367
f 4374/4374/4374 4373/4373/4373 4367/4367/4367
f 4375/4375/4375 4373/4373/4373 4374/4374/4374
f 4375/4375/4375 4372/4372/4372 4373/4373/4373
f 4375/4375/4375 4376/4376/4376 4372/4372/4372
f 4377/4377/4377 4376/4376/4376 4375/4375/4375
f 4375/4375/4375 4378/4378/4378 4377/4377/4377
f 4378/4378/4378 4375/4375/4375 4379/4379/4379
f 4382/4382/4382 4381/4381/4381 4380/4380/4380
f 4380/4380/4380 4383/4383/4383 4382/4382/4382
f 4380/4380/4380 4384/4384/4384 4383/4383/4383
f 4385/4385/4385 4384/4384/4384 4380/4380/4380
f 4385/4385/4385 4380/4380/4380 4386/4386/4386
f 4386/4386/4386 4380/4380/4380 4387/4387/4387
f 4388/4388/4388 4385/4385/4385 4386/4386/4386
f 4388/4388/4388 4389/4389/4389 4385/4385/4385
f 4390/4390/4390 4389/4389/4389 4388/4388/4388
f 4391/4391/4391 4390/4390/4390 4388/4388/4388
f 4392/4392/4392 4388/4388/4388 4386/4386/4386
f 4391/4391/4391 4388/4388/4388 4392/4392/4392
f 4393/4393/4393 4386/4386/4386 4387/4387/4387
f 4392/4392/4392 4386/4386/4386 4393/4393/4393
f 4393/4393/4393 4387/4387/4387 4394/4394/4394
f 4394/4394/4394 4387/4387/4387 4395/4395/4395
f 4396/4396/4396 4394/4394/4394 4395/4395/4395
f 4397/4397/4397 4393/4393/4393 4394/4394/4394
f 4392/4392/4392 4393/4393/4393 4397/4397/4397
f 4396/4396/4396 4398/4398/4398 4394/4394/4394
f 4398/4398/4398 4397/4397/4397 4394/4394/4394
f 4399/4399/4399 4391/4391/4391 4392/4392/4392
f 4400/4400/4400 4391/4391/4391 4399/4399/4399
f 4400/4400/4400 4401/4401/4401 4391/4391/4391
f 4400/4400/4400 4402/4402/4402 4401/4401/4401
f 4402/4402/4402 4403/4403/4403 4401/4401/4401
f 4402/4402/4402 4404/4404/4404 4403/4403/4403
f 4404/4404/4404 4402/4402/4402 4405/4405/4405
f 4392/4392/4392 4406/4406/4406 4399/4399/4399
f 4406/4406/4406 4392/4392/4392 4397/4397/4397
f 4407/4407/4407 4400/4400/4400 4399/4399/4399
f 4399/4399/4399 4406/4406/4406 4407/4407/4407
f 4405/4405/4405 4402/4402/4402 4408/4408/4408
f 4408/4408/4408 4409/4409/4409 4405/4405/4405
f 4397/4397/4397 4410/4410/4410 4406/4406/4406
f 4410/4410/4410 4411/4411/4411 4406/4406/4406
f 4406/4406/4406 4411/4411/4411 4407/4407/4407
f 4412/4412/4412 4410/4410/4410 4397/4397/4397
f 4411/4411/4411 4413/4413/4413 4407/4407/4407
f 4398/4398/4398 4412/4412/4412 4397/4397/4397
f 4413/4413/4413 4414/4414/4414 4407/4407/4407
f 4398/4398/4398 4415/4415/4415 4412/4412/4412
f 4415/4415/4415 4416/4416/4416 4412/4412/4412
f 4396/4396/4396 4415/4415/4415 4398/4398/4398
f 4407/4407/4407 4414/4414/4414 4417/4417/4417
f 4400/4400/4400 4407/4407/4407 4417/4417/4417
f 4417/4417/4417 4414/4414/4414 4418/4418/4418
f 4417/4417/4417 4418/4418/4418 4400/4400/4400
f 4419/4419/4419 4416/4416/4416 4415/4415/4415
f 4419/4419/4419 4415/4415/4415 4396/4396/4396
f 4419/4419/4419 4420/4420/4420 4416/4416/4416
f 4421/4421/4421 4419/4419/4419 4396/4396/4396
f 4419/4419/4419 4421/4421/4421 4422/4422/4422
f 4422/4422/4422 4421/4421/4421 4423/4423/4423
f 4422/4422/4422 4423/4423/4423 4424/4424/4424
f 4424/4424/4424 4419/4419/4419 4422/4422/4422
f 4425/4425/4425 4419/4419/4419 4424/4424/4424
f 4426/4426/4426 4400/4400/4400 4418/4418/4418
f 4400/4400/4400 4426/4426/4426 4402/4402/4402
f 4426/4426/4426 4427/4427/4427 4402/4402/4402
f 4408/4408/4408 4402/4402/4402 4427/4427/4427
f 4418/4418/4418 4428/4428/4428 4426/4426/4426
f 4428/4428/4428 4427/4427/4427 4426/4426/4426
f 4429/4429/4429 4408/4408/4408 4427/4427/4427
f 4427/4427/4427 4428/4428/4428 4429/4429/4429
f 4430/4430/4430 4428/4428/4428 4418/4418/4418
f 4430/4430/4430 4418/4418/4418 4431/4431/4431
f 4430/4430/4430 4432/4432/4432 4428/4428/4428
f 4428/4428/4428 4432/4432/4432 4433/4433/4433
f 4433/4433/4433 4429/4429/4429 4428/4428/4428
f 4434/4434/4434 4408/4408/4408 4429/4429/4429
f 4434/4434/4434 4409/4409/4409 4408/4408/4408
f 4429/4429/4429 4433/4433/4433 4435/4435/4435
f 4435/4435/4435 4434/4434/4434 4429/4429/4429
f 4436/4436/4436 4435/4435/4435 4433/4433/4433
f 4436/4436/4436 4437/4437/4437 4435/4435/4435
f 4435/4435/4435 4437/4437/4437 4438/4438/4438
f 4435/4435/4435 4438/4438/4438 4434/4434/4434
f 4438/4438/4438 4439/4439/4439 4434/4434/4434
f 4409/4409/4409 4434/4434/4434 4439/4439/4439
f 4438/4438/4438 4440/4440/4440 4439/4439/4439
f 4409/4409/4409 4439/4439/4439 4441/4441/4441
f 4409/4409/4409 4441/4441/4441 4442/4442/4442
f 4441/4441/4441 4443/4443/4443 4442/4442/4442
f 4440/4440/4440 4444/4444/4444 4439/4439/4439
f 4444/4444/4444 4441/4441/4441 4439/4439/4439
f 4440/4440/4440 4445/4445/4445 4444/4444/4444
f 4444/4444/4444 4445/4445/4445 4441/4441/4441
f 4446/4446/4446 4445/4445/4445 4440/4440/4440
f 4441/4441/4441 4447/4447/4447 4443/4443/4443
f 4447/4447/4447 4441/4441/4441 4445/4445/4445
f 4447/4447/4447 4448/4448/4448 4443/4443/4443
f 4446/4446/4446 4449/4449/4449 4445/4445/4445
f 4446/4446/4446 4450/4450/4450 4449/4449/4449
f 4450/4450/4450 4451/4451/4451 4449/4449/4449
f 4452/4452/4452 4449/4449/4449 4451/4451/4451
f 4445/4445/4445 4449/4449/4449 4453/4453/4453
f 4445/4445/4445 4453/4453/4453 4447/4447/4447
f 4449/4449/4449 4452/4452/4452 4453/4453/4453
f 4448/4448/4448 4447/4447/4447 4454/4454/4454
f 4453/4453/4453 4454/4454/4454 4447/4447/4447
f 4454/4454/4454 4455/4455/4455 4448/4448/4448
f 4452/4452/4452 4456/4456/4456 4453/4453/4453
f 4456/4456/4456 4454/4454/4454 4453/4453/4453
f 4457/4457/4457 4456/4456/4456 4452/4452/4452
f 4455/4455/4455 4454/4454/4454 4458/4458/4458
f 4459/4459/4459 4455/4455/4455 4458/4458/4458
f 4459/4459/4459 4458/4458/4458 4460/4460/4460
f 4454/4454/4454 4461/4461/4461 4458/4458/4458
f 4461/4461/4461 4460/4460/4460 4458/4458/4458
f 4456/4456/4456 4461/4461/4461 4454/4454/4454
f 4461/4461/4461 4462/4462/4462 4460/4460/4460
f 4461/4461/4461 4463/4463/4463 4462/4462/4462
f 4463/4463/4463 4461/4461/4461 4464/4464/4464
f 4456/4456/4456 4464/4464/4464 4461/4461/4461
f 4457/4457/4457 4464/4464/4464 4456/4456/4456
f 4465/4465/4465 4464/4464/4464 4457/4457/4457
f 4468/4468/4468 4467/4467/4467 4466/4466/4466
f 4468/4468/4468 4469/4469/4469 4467/4467/4467
f 4470/4470/4470 4469/4469/4469 4468/4468/4468
f 4470/4470/4470 4471/4471/4471 4469/4469/4469
f 4472/4472/4472 4471/4471/4471 4470/4470/4470
f 4471/4471/4471 4473/4473/4473 4469/4469/4469
f 4469/4469/4469 4474/4474/4474 4467/4467/4467
f 4467/4467/4467 4474/4474/4474 4475/4475/4475
f 4476/4476/4476 4475/4475/4475 4474/4474/4474
f 4477/4477/4477 4476/4476/4476 4474/4474/4474
f 4473/4473/4473 4478/4478/4478 4469/4469/4469
f 4478/4478/4478 4474/4474/4474 4469/4469/4469
f 4477/4477/4477 4474/4474/4474 4478/4478/4478
f 4473/4473/4473 4479/4479/4479 4478/4478/4478
f 4479/4479/4479 4477/4477/4477 4478/4478/4478
f 4482/4482/4482 4481/4481/4481 4480/4480/4480
f 4482/4482/4482 4483/4483/4483 4481/4481/4481
f 4484/4484/4484 4483/4483/4483 4482/4482/4482
f 4485/4485/4485 4481/4481/4481 4483/4483/4483
f 4485/4485/4485 4483/4483/4483 4486/4486/4486
f 4487/4487/4487 4485/4485/4485 4486/4486/4486
f 4488/4488/4488 4485/4485/4485 4487/4487/4487
f 4491/4491/4491 4490/4490/4490 4489/4489/4489
f 4489/4489/4489 4490/4490/4490 4492/4492/4492
f 4492/4492/4492 4493/4493/4493 4489/4489/4489
f 4490/4490/4490 4494/4494/4494 4492/4492/4492
f 4494/4494/4494 4490/4490/4490 4495/4495/4495
f 4496/4496/4496 4494/4494/4494 4495/4495/4495
f 4494/4494/4494 4497/4497/4497 4492/4492/4492
f 4496/4496/4496 4498/4498/4498 4494/4494/4494
f 4499/4499/4499 4498/4498/4498 4496/4496/4496
f 4500/4500/4500 4498/4498/4498 4499/4499/4499
f 4494/4494/4494 4498/4498/4498 4501/4501/4501
f 4502/4502/4502 4500/4500/4500 4499/4499/4499
f 4502/4502/4502 4499/4499/4499 4503/4503/4503
f 4502/4502/4502 4504/4504/4504 4500/4500/4500
f 4505/4505/4505 4502/4502/4502 4503/4503/4503
f 4506/4506/4506 4504/4504/4504 4502/4502/4502
f 4505/4505/4505 4506/4506/4506 4502/4502/4502
f 4507/4507/4507 4494/4494/4494 4501/4501/4501
f 4501/4501/4501 4508/4508/4508 4507/4507/4507
f 4509/4509/4509 4497/4497/4497 4494/4494/4494
f 4507/4507/4507 4509/4509/4509 4494/4494/4494
f 4497/4497/4497 4509/4509/4509 4510/4510/4510
f 4510/4510/4510 4509/4509/4509 4507/4507/4507
f 4507/4507/4507 4508/4508/4508 4510/4510/4510
f 4510/4510/4510 4511/4511/4511 4497/4497/4497
f 4508/4508/4508 4511/4511/4511 4510/4510/4510
f 4508/4508/4508 4512/4512/4512 4511/4511/4511
f 4513/4513/4513 4511/4511/4511 4512/4512/4512
f 4512/4512/4512 4514/4514/4514 4513/4513/4513
f 4515/4515/4515 4514/4514/4514 4512/4512/4512
f 4512/4512/4512 4516/4516/4516 4515/4515/4515
f 4515/4515/4515 4516/4516/4516 4517/4517/4517
f 4518/4518/4518 4517/4517/4517 4516/4516/4516
f 4519/4519/4519 4518/4518/4518 4516/4516/4516
f 4520/4520/4520 4519/4519/4519 4516/4516/4516
f 4521/4521/4521 4520/4520/4520 4516/4516/4516
f 4521/4521/4521 4516/4516/4516 4522/4522/4522
f 4512/4512/4512 4523/4523/4523 4516/4516/4516
f 4516/4516/4516 4523/4523/4523 4522/4522/4522
f 4512/4512/4512 4524/4524/4524 4523/4523/4523
f 4523/4523/4523 4525/4525/4525 4522/4522/4522
f 4523/4523/4523 4524/4524/4524 4526/4526/4526
f 4523/4523/4523 4526/4526/4526 4525/4525/4525
f 4524/4524/4524 4527/4527/4527 4526/4526/4526
f 4526/4526/4526 4527/4527/4527 4525/4525/4525
f 4524/4524/4524 4528/4528/4528 4527/4527/4527
f 4525/4525/4525 4527/4527/4527 4529/4529/4529
f 4528/4528/4528 4530/4530/4530 4527/4527/4527
f 4527/4527/4527 4530/4530/4530 4529/4529/4529
f 4533/4533/4533 4532/4532/4532 4531/4531/4531
f 4533/4533/4533 4534/4534/4534 4532/4532/4532
f 4533/4533/4533 4535/4535/4535 4534/4534/4534
f 4534/4534/4534 4535/4535/4535 4536/4536/4536
f 4534/4534/4534 4537/4537/4537 4532/4532/4532
f 4538/4538/4538 4537/4537/4537 4534/4534/4534
f 4532/4532/4532 4537/4537/4537 4539/4539/4539
f 4532/4532/4532 4539/4539/4539 4540/4540/4540
f 4540/4540/4540 4539/4539/4539 4541/4541/4541
f 4537/4537/4537 4538/4538/4538 4542/4542/4542
f 4539/4539/4539 4537/4537/4537 4542/4542/4542
f 4539/4539/4539 4543/4543/4543 4541/4541/4541
f 4544/4544/4544 4541/4541/4541 4543/4543/4543
f 4545/4545/4545 4543/4543/4543 4539/4539/4539
f 4542/4542/4542 4545/4545/4545 4539/4539/4539
f 4545/4545/4545 4546/4546/4546 4543/4543/4543
f 4547/4547/4547 4543/4543/4543 4546/4546/4546
f 4547/4547/4547 4546/4546/4546 4548/4548/4548
f 4547/4547/4547 4548/4548/4548 4549/4549/4549
f 4546/4546/4546 4545/4545/4545 4550/4550/4550
f 4546/4546/4546 4550/4550/4550 4548/4548/4548
f 4542/4542/4542 4551/4551/4551 4545/4545/4545
f 4545/4545/4545 4551/4551/4551 4550/4550/4550
f 4538/4538/4538 4552/4552/4552 4542/4542/4542
f 4551/4551/4551 4542/4542/4542 4552/4552/4552
f 4551/4551/4551 4552/4552/4552 4553/4553/4553
f 4551/4551/4551 4553/4553/4553 4554/4554/4554
f 4554/4554/4554 4550/4550/4550 4551/4551/4551
f 4553/4553/4553 4552/4552/4552 4555/4555/4555
f 4552/4552/4552 4556/4556/4556 4555/4555/4555
f 4552/4552/4552 4538/4538/4538 4556/4556/4556
f 4538/4538/4538 4557/4557/4557 4556/4556/4556
f 4556/4556/4556 4558/4558/4558 4555/4555/4555
f 4558/4558/4558 4556/4556/4556 4559/4559/4559
f 4559/4559/4559 4556/4556/4556 4560/4560/4560
f 4557/4557/4557 4560/4560/4560 4556/4556/4556
f 4559/4559/4559 4560/4560/4560 4561/4561/4561
f 4560/4560/4560 4562/4562/4562 4561/4561/4561
f 4560/4560/4560 4563/4563/4563 4562/4562/4562
f 4557/4557/4557 4563/4563/4563 4560/4560/4560
f 4563/4563/4563 4557/4557/4557 4564/4564/4564
f 4557/4557/4557 4565/4565/4565 4564/4564/4564
f 4566/4566/4566 4565/4565/4565 4557/4557/4557
f 4565/4565/4565 4566/4566/4566 4567/4567/4567
f 4568/4568/4568 4566/4566/4566 4557/4557/4557
f 4538/4538/4538 4568/4568/4568 4557/4557/4557
f 4538/4538/4538 4569/4569/4569 4568/4568/4568
f 4569/4569/4569 4570/4570/4570 4568/4568/4568
f 4534/4534/4534 4569/4569/4569 4538/4538/4538
f 4570/4570/4570 4569/4569/4569 4571/4571/4571
f 4572/4572/4572 4570/4570/4570 4571/4571/4571
f 4572/4572/4572 4571/4571/4571 4573/4573/4573
f 4571/4571/4571 4574/4574/4574 4573/4573/4573
f 4575/4575/4575 4574/4574/4574 4571/4571/4571
f 4571/4571/4571 4569/4569/4569 4575/4575/4575
f 4575/4575/4575 4569/4569/4569 4534/4534/4534
f 4576/4576/4576 4575/4575/4575 4534/4534/4534
f 4577/4577/4577 4576/4576/4576 4534/4534/4534
f 4536/4536/4536 4577/4577/4577 4534/4534/4534
f 4536/4536/4536 4578/4578/4578 4577/4577/4577
f 4578/4578/4578 4576/4576/4576 4577/4577/4577
f 4579/4579/4579 4578/4578/4578 4536/4536/4536
f 4576/4576/4576 4578/4578/4578 4580/4580/4580
f 4580/4580/4580 4581/4581/4581 4576/4576/4576
f 4584/4584/4584 4583/4583/4583 4582/4582/4582
f 4583/4583/4583 4585/4585/4585 4582/4582/4582
f 4586/4586/4586 4585/4585/4585 4583/4583/4583
f 4583/4583/4583 4587/4587/4587 4586/4586/4586
f 4588/4588/4588 4585/4585/4585 4586/4586/4586
f 4591/4591/4591 4590/4590/4590 4589/4589/4589
f 4589/4589/4589 4592/4592/4592 4591/4591/4591
f 4595/4595/4595 4594/4594/4594 4593/4593/4593
f 4596/4596/4596 4595/4595/4595 4593/4593/4593
f 4596/4596/4596 4593/4593/4593 4597/4597/4597
f 4598/4598/4598 4597/4597/4597 4593/4593/4593
f 4599/4599/4599 4597/4597/4597 4598/4598/4598
f 4600/4600/4600 4596/4596/4596 4597/4597/4597
f 4596/4596/4596 4600/4600/4600 4601/4601/4601
f 4596/4596/4596 4601/4601/4601 4602/4602/4602
f 4602/4602/4602 4601/4601/4601 4603/4603/4603
f 4604/4604/4604 4596/4596/4596 4602/4602/4602
f 4605/4605/4605 4604/4604/4604 4602/4602/4602
f 4596/4596/4596 4604/4604/4604 4606/4606/4606
f 4609/4609/4609 4608/4608/4608 4607/4607/4607
f 4608/4608/4608 4610/4610/4610 4607/4607/4607
f 4611/4611/4611 4610/4610/4610 4608/4608/4608
f 4610/4610/4610 4611/4611/4611 4612/4612/4612
f 4607/4607/4607 4610/4610/4610 4613/4613/4613
f 4613/4613/4613 4610/4610/4610 4614/4614/4614
f 4615/4615/4615 4607/4607/4607 4613/4613/4613
f 4614/4614/4614 4610/4610/4610 4616/4616/4616
f 4616/4616/4616 4610/4610/4610 4612/4612/4612
f 4617/4617/4617 4607/4607/4607 4615/4615/4615
f 4618/4618/4618 4616/4616/4616 4612/4612/4612
f 4619/4619/4619 4617/4617/4617 4615/4615/4615
f 4618/4618/4618 4612/4612/4612 4620/4620/4620
f 4620/4620/4620 4621/4621/4621 4618/4618/4618
f 4618/4618/4618 4621/4621/4621 4622/4622/4622
f 4618/4618/4618 4622/4622/4622 4623/4623/4623
f 4617/4617/4617 4619/4619/4619 4624/4624/4624
f 4624/4624/4624 4619/4619/4619 4625/4625/4625
f 4619/4619/4619 4626/4626/4626 4625/4625/4625
f 4626/4626/4626 4619/4619/4619 4627/4627/4627
f 4628/4628/4628 4625/4625/4625 4626/4626/4626
f 4629/4629/4629 4625/4625/4625 4628/4628/4628
f 4624/4624/4624 4625/4625/4625 4629/4629/4629
f 4630/4630/4630 4624/4624/4624 4629/4629/4629
f 4629/4629/4629 4631/4631/4631 4630/4630/4630
f 4630/4630/4630 4632/4632/4632 4624/4624/4624
f 4632/4632/4632 4633/4633/4633 4624/4624/4624
f 4631/4631/4631 4634/4634/4634 4630/4630/4630
f 4632/4632/4632 4630/4630/4630 4634/4634/4634
f 4631/4631/4631 4635/4635/4635 4634/4634/4634
f 4636/4636/4636 4632/4632/4632 4634/4634/4634
f 4636/4636/4636 4634/4634/4634 4637/4637/4637
f 4636/4636/4636 4637/4637/4637 4638/4638/4638
f 4639/4639/4639 4636/4636/4636 4638/4638/4638
f 4639/4639/4639 4638/4638/4638 4640/4640/4640
f 4641/4641/4641 4639/4639/4639 4640/4640/4640
f 4644/4644/4644 4643/4643/4643 4642/4642/4642
f 4643/4643/4643 4644/4644/4644 4645/4645/4645
f 4644/4644/4644 4646/4646/4646 4645/4645/4645
f 4647/4647/4647 4645/4645/4645 4646/4646/4646
f 4647/4647/4647 4646/4646/4646 4648/4648/4648
f 4649/4649/4649 4647/4647/4647 4648/4648/4648
f 4650/4650/4650 4649/4649/4649 4648/4648/4648
f 4651/4651/4651 4650/4650/4650 4648/4648/4648
f 4654/4654/4654 4653/4653/4653 4652/4652/4652
f 4652/4652/4652 4653/4653/4653 4655/4655/4655
f 4652/4652/4652 4655/4655/4655 4656/4656/4656
f 4657/4657/4657 4655/4655/4655 4653/4653/4653
f 4658/4658/4658 4657/4657/4657 4653/4653/4653
f 4659/4659/4659 4657/4657/4657 4658/4658/4658
f 4660/4660/4660 4659/4659/4659 4658/4658/4658
f 4656/4656/4656 4655/4655/4655 4661/4661/4661
f 4661/4661/4661 4662/4662/4662 4656/4656/4656
f 4655/4655/4655 4657/4657/4657 4663/4663/4663
f 4663/4663/4663 4661/4661/4661 4655/4655/4655
f 4661/4661/4661 4664/4664/4664 4662/4662/4662
f 4662/4662/4662 4664/4664/4664 4665/4665/4665
f 4665/4665/4665 4664/4664/4664 4666/4666/4666
f 4666/4666/4666 4664/4664/4664 4667/4667/4667
f 4668/4668/4668 4667/4667/4667 4664/4664/4664
f 4661/4661/4661 4668/4668/4668 4664/4664/4664
f 4661/4661/4661 4663/4663/4663 4668/4668/4668
f 4669/4669/4669 4668/4668/4668 4663/4663/4663
f 4669/4669/4669 4663/4663/4663 4670/4670/4670
f 4670/4670/4670 4663/4663/4663 4657/4657/4657
f 4671/4671/4671 4670/4670/4670 4657/4657/4657
f 4672/4672/4672 4671/4671/4671 4657/4657/4657
f 4675/4675/4675 4674/4674/4674 4673/4673/4673
f 4674/4674/4674 4676/4676/4676 4673/4673/4673
f 4676/4676/4676 4677/4677/4677 4673/4673/4673
f 4676/4676/4676 4678/4678/4678 4677/4677/4677
f 4678/4678/4678 4679/4679/4679 4677/4677/4677
f 4679/4679/4679 4680/4680/4680 4677/4677/4677
f 4679/4679/4679 4681/4681/4681 4680/4680/4680
f 4680/4680/4680 4681/4681/4681 4682/4682/4682
f 4680/4680/4680 4682/4682/4682 4683/4683/4683
f 4683/4683/4683 4682/4682/4682 4684/4684/4684
f 4683/4683/4683 4684/4684/4684 4685/4685/4685
f 4683/4683/4683 4685/4685/4685 4686/4686/4686
f 4686/4686/4686 4685/4685/4685 4687/4687/4687
f 4686/4686/4686 4687/4687/4687 4688/4688/4688
f 4686/4686/4686 4688/4688/4688 4689/4689/4689
f 4686/4686/4686 4689/4689/4689 4690/4690/4690
f 4693/4693/4693 4692/4692/4692 4691/4691/4691
f 4691/4691/4691 4694/4694/4694 4693/4693/4693
f 4694/4694/4694 4695/4695/4695 4693/4693/4693
f 4694/4694/4694 4696/4696/4696 4695/4695/4695
f 4696/4696/4696 4697/4697/4697 4695/4695/4695
f 4697/4697/4697 4698/4698/4698 4695/4695/4695
f 4699/4699/4699 4696/4696/4696 4694/4694/4694
f 4694/4694/4694 4691/4691/4691 4700/4700/4700
f 4700/4700/4700 4699/4699/4699 4694/4694/4694
f 4701/4701/4701 4700/4700/4700 4691/4691/4691
f 4701/4701/4701 4691/4691/4691 4702/4702/4702
f 4701/4701/4701 4703/4703/4703 4700/4700/4700
f 4700/4700/4700 4704/4704/4704 4699/4699/4699
f 4700/4700/4700 4703/4703/4703 4704/4704/4704
f 4704/4704/4704 4705/4705/4705 4699/4699/4699
f 4704/4704/4704 4706/4706/4706 4705/4705/4705
f 4707/4707/4707 4704/4704/4704 4703/4703/4703
f 4707/4707/4707 4706/4706/4706 4704/4704/4704
f 4708/4708/4708 4707/4707/4707 4703/4703/4703
f 4707/4707/4707 4709/4709/4709 4706/4706/4706
f 4709/4709/4709 4710/4710/4710 4706/4706/4706
f 4711/4711/4711 4710/4710/4710 4709/4709/4709
f 4714/4714/4714 4713/4713/4713 4712/4712/4712
f 4715/4715/4715 4714/4714/4714 4712/4712/4712
f 4715/4715/4715 4712/4712/4712 4716/4716/4716
f 4715/4715/4715 4717/4717/4717 4714/4714/4714
f 4715/4715/4715 4716/4716/4716 4718/4718/4718
f 4719/4719/4719 4718/4718/4718 4716/4716/4716
f 4717/4717/4717 4715/4715/4715 4720/4720/4720
f 4718/4718/4718 4720/4720/4720 4715/4715/4715
f 4717/4717/4717 4720/4720/4720 4721/4721/4721
f 4722/4722/4722 4718/4718/4718 4719/4719/4719
f 4722/4722/4722 4720/4720/4720 4718/4718/4718
f 4723/4723/4723 4722/4722/4722 4719/4719/4719
f 4724/4724/4724 4721/4721/4721 4720/4720/4720
f 4724/4724/4724 4720/4720/4720 4722/4722/4722
f 4725/4725/4725 4721/4721/4721 4724/4724/4724
f 4723/4723/4723 4726/4726/4726 4722/4722/4722
f 4726/4726/4726 4724/4724/4724 4722/4722/4722
f 4727/4727/4727 4726/4726/4726 4723/4723/4723
f 4725/4725/4725 4724/4724/4724 4728/4728/4728
f 4728/4728/4728 4724/4724/4724 4726/4726/4726
f 4725/4725/4725 4728/4728/4728 4729/4729/4729
f 4727/4727/4727 4730/4730/4730 4726/4726/4726
f 4730/4730/4730 4727/4727/4727 4731/4731/4731
f 4726/4726/4726 4732/4732/4732 4728/4728/4728
f 4728/4728/4728 4732/4732/4732 4729/4729/4729
f 4730/4730/4730 4732/4732/4732 4726/4726/4726
f 4731/4731/4731 4733/4733/4733 4730/4730/4730
f 4733/4733/4733 4732/4732/4732 4730/4730/4730
f 4733/4733/4733 4731/4731/4731 4734/4734/4734
f 4729/4729/4729 4732/4732/4732 4735/4735/4735
f 4735/4735/4735 4732/4732/4732 4733/4733/4733
f 4736/4736/4736 4729/4729/4729 4735/4735/4735
f 4735/4735/4735 4737/4737/4737 4736/4736/4736
f 4737/4737/4737 4735/4735/4735 4738/4738/4738
f 4738/4738/4738 4735/4735/4735 4733/4733/4733
f 4739/4739/4739 4737/4737/4737 4738/4738/4738
f 4733/4733/4733 4734/4734/4734 4740/4740/4740
f 4740/4740/4740 4738/4738/4738 4733/4733/4733
f 4740/4740/4740 4734/4734/4734 4741/4741/4741
f 4738/4738/4738 4740/4740/4740 4742/4742/4742
f 4741/4741/4741 4743/4743/4743 4740/4740/4740
f 4743/4743/4743 4742/4742/4742 4740/4740/4740
f 4744/4744/4744 4743/4743/4743 4741/4741/4741
f 4745/4745/4745 4742/4742/4742 4743/4743/4743
f 4744/4744/4744 4746/4746/4746 4743/4743/4743
f 4746/4746/4746 4745/4745/4745 4743/4743/4743
f 4747/4747/4747 4746/4746/4746 4744/4744/4744
f 4745/4745/4745 4746/4746/4746 4748/4748/4748
f 4751/4751/4751 4750/4750/4750 4749/4749/4749
f 4752/4752/4752 4749/4749/4749 4750/4750/4750
f 4753/4753/4753 4749/4749/4749 4752/4752/4752
f 4754/4754/4754 4749/4749/4749 4753/4753/4753
f 4757/4757/4757 4756/4756/4756 4755/4755/4755
f 4756/4756/4756 4758/4758/4758 4755/4755/4755
f 4758/4758/4758 4756/4756/4756 4759/4759/4759
f 4758/4758/4758 4759/4759/4759 4760/4760/4760
f 4759/4759/4759 4761/4761/4761 4760/4760/4760
f 4762/4762/4762 4760/4760/4760 4761/4761/4761
f 4762/4762/4762 4763/4763/4763 4760/4760/4760
f 4766/4766/4766 4765/4765/4765 4764/4764/4764
f 4764/4764/4764 4765/4765/4765 4767/4767/4767
f 4765/4765/4765 4768/4768/4768 4767/4767/4767
f 4768/4768/4768 4765/4765/4765 4769/4769/4769
f 4772/4772/4772 4771/4771/4771 4770/4770/4770
f 4773/4773/4773 4771/4771/4771 4772/4772/4772
f 4771/4771/4771 4773/4773/4773 4774/4774/4774
f 4775/4775/4775 4774/4774/4774 4773/4773/4773
f 4774/4774/4774 4775/4775/4775 4776/4776/4776
f 4777/4777/4777 4775/4775/4775 4773/4773/4773
f 4778/4778/4778 4775/4775/4775 4777/4777/4777
f 4776/4776/4776 4775/4775/4775 4778/4778/4778
f 4776/4776/4776 4778/4778/4778 4779/4779/4779
f 4776/4776/4776 4780/4780/4780 4774/4774/4774
f 4776/4776/4776 4779/4779/4779 4781/4781/4781
f 4782/4782/4782 4780/4780/4780 4776/4776/4776
f 4783/4783/4783 4780/4780/4780 4782/4782/4782
f 4782/4782/4782 4776/4776/4776 4784/4784/4784
f 4782/4782/4782 4784/4784/4784 4783/4783/4783
f 4784/4784/4784 4776/4776/4776 4781/4781/4781
f 4783/4783/4783 4784/4784/4784 4785/4785/4785
f 4784/4784/4784 4781/4781/4781 4786/4786/4786
f 4781/4781/4781 4787/4787/4787 4786/4786/4786
f 4788/4788/4788 4784/4784/4784 4786/4786/4786
f 4787/4787/4787 4789/4789/4789 4786/4786/4786
f 4788/4788/4788 4786/4786/4786 4790/4790/4790
f 4786/4786/4786 4789/4789/4789 4790/4790/4790
f 4790/4790/4790 4789/4789/4789 4791/4791/4791
f 4790/4790/4790 4791/4791/4791 4792/4792/4792
f 4793/4793/4793 4790/4790/4790 4792/4792/4792
f 4792/4792/4792 4791/4791/4791 4794/4794/4794
f 4795/4795/4795 4793/4793/4793 4792/4792/4792
f 4796/4796/4796 4792/4792/4792 4794/4794/4794
f 4796/4796/4796 4795/4795/4795 4792/4792/4792
f 4797/4797/4797 4796/4796/4796 4794/4794/4794
f 4798/4798/4798 4795/4795/4795 4796/4796/4796
f 4798/4798/4798 4796/4796/4796 4797/4797/4797
f 4799/4799/4799 4795/4795/4795 4798/4798/4798
f 4800/4800/4800 4798/4798/4798 4797/4797/4797
f 4800/4800/4800 4797/4797/4797 4801/4801/4801
f 4804/4804/4804 4803/4803/4803 4802/4802/4802
f 4805/4805/4805 4804/4804/4804 4802/4802/4802
f 4805/4805/4805 4802/4802/4802 4806/4806/4806
f 4806/4806/4806 4802/4802/4802 4807/4807/4807
f 4806/4806/4806 4807/4807/4807 4808/4808/4808
f 4806/4806/4806 4808/4808/4808 4809/4809/4809
f 4809/4809/4809 4805/4805/4805 4806/4806/4806
f 4810/4810/4810 4804/4804/4804 4805/4805/4805
f 4804/4804/4804 4810/4810/4810 4811/4811/4811
f 4812/4812/4812 4809/4809/4809 4808/4808/4808
f 4813/4813/4813 4812/4812/4812 4808/4808/4808
f 4810/4810/4810 4814/4814/4814 4811/4811/4811
f 4814/4814/4814 4815/4815/4815 4811/4811/4811
f 4812/4812/4812 4816/4816/4816 4809/4809/4809
f 4817/4817/4817 4816/4816/4816 4812/4812/4812
f 4809/4809/4809 4818/4818/4818 4805/4805/4805
f 4805/4805/4805 4819/4819/4819 4810/4810/4810
f 4818/4818/4818 4819/4819/4819 4805/4805/4805
f 4820/4820/4820 4818/4818/4818 4809/4809/4809
f 4816/4816/4816 4820/4820/4820 4809/4809/4809
f 4816/4816/4816 4821/4821/4821 4820/4820/4820
f 4822/4822/4822 4816/4816/4816 4817/4817/4817
f 4816/4816/4816 4822/4822/4822 4823/4823/4823
f 4822/4822/4822 4824/4824/4824 4823/4823/4823
f 4820/4820/4820 4825/4825/4825 4818/4818/4818
f 4819/4819/4819 4818/4818/4818 4825/4825/4825
f 4814/4814/4814 4810/4810/4810 4826/4826/4826
f 4810/4810/4810 4819/4819/4819 4826/4826/4826
f 4822/4822/4822 4817/4817/4817 4827/4827/4827
f 4828/4828/4828 4827/4827/4827 4817/4817/4817
f 4829/4829/4829 4822/4822/4822 4827/4827/4827
f 4830/4830/4830 4829/4829/4829 4827/4827/4827
f 4831/4831/4831 4822/4822/4822 4829/4829/4829
f 4822/4822/4822 4831/4831/4831 4824/4824/4824
f 4832/4832/4832 4824/4824/4824 4831/4831/4831
f 4833/4833/4833 4820/4820/4820 4824/4824/4824
f 4832/4832/4832 4833/4833/4833 4824/4824/4824
f 4833/4833/4833 4825/4825/4825 4820/4820/4820
f 4819/4819/4819 4825/4825/4825 4834/4834/4834
f 4835/4835/4835 4825/4825/4825 4833/4833/4833
f 4835/4835/4835 4834/4834/4834 4825/4825/4825
f 4832/4832/4832 4836/4836/4836 4833/4833/4833
f 4833/4833/4833 4836/4836/4836 4835/4835/4835
f 4836/4836/4836 4837/4837/4837 4835/4835/4835
f 4837/4837/4837 4838/4838/4838 4835/4835/4835
f 4835/4835/4835 4838/4838/4838 4834/4834/4834
f 4832/4832/4832 4839/4839/4839 4836/4836/4836
f 4834/4834/4834 4838/4838/4838 4840/4840/4840
f 4839/4839/4839 4832/4832/4832 4841/4841/4841
f 4834/4834/4834 4842/4842/4842 4819/4819/4819
f 4842/4842/4842 4834/4834/4834 4840/4840/4840
f 4842/4842/4842 4826/4826/4826 4819/4819/4819
f 4839/4839/4839 4841/4841/4841 4843/4843/4843
f 4844/4844/4844 4839/4839/4839 4843/4843/4843
f 4845/4845/4845 4844/4844/4844 4843/4843/4843
f 4843/4843/4843 4841/4841/4841 4846/4846/4846
f 4846/4846/4846 4841/4841/4841 4847/4847/4847
f 4846/4846/4846 4848/4848/4848 4843/4843/4843
f 4843/4843/4843 4849/4849/4849 4845/4845/4845
f 4849/4849/4849 4843/4843/4843 4848/4848/4848
f 4848/4848/4848 4850/4850/4850 4849/4849/4849
f 4851/4851/4851 4850/4850/4850 4848/4848/4848
f 4852/4852/4852 4845/4845/4845 4849/4849/4849
f 4852/4852/4852 4853/4853/4853 4845/4845/4845
f 4854/4854/4854 4826/4826/4826 4842/4842/4842
f 4854/4854/4854 4842/4842/4842 4855/4855/4855
f 4842/4842/4842 4840/4840/4840 4855/4855/4855
f 4856/4856/4856 4826/4826/4826 4854/4854/4854
f 4856/4856/4856 4814/4814/4814 4826/4826/4826
f 4855/4855/4855 4840/4840/4840 4857/4857/4857
f 4857/4857/4857 4840/4840/4840 4858/4858/4858
f 4855/4855/4855 4857/4857/4857 4859/4859/4859
f 4860/4860/4860 4854/4854/4854 4855/4855/4855
f 4860/4860/4860 4856/4856/4856 4854/4854/4854
f 4860/4860/4860 4855/4855/4855 4861/4861/4861
f 4862/4862/4862 4860/4860/4860 4861/4861/4861
f 4862/4862/4862 4861/4861/4861 4863/4863/4863
f 4863/4863/4863 4864/4864/4864 4862/4862/4862
f 4862/4862/4862 4864/4864/4864 4865/4865/4865
f 4866/4866/4866 4862/4862/4862 4865/4865/4865
f 4867/4867/4867 4862/4862/4862 4866/4866/4866
f 4814/4814/4814 4856/4856/4856 4868/4868/4868
f 4868/4868/4868 4856/4856/4856 4860/4860/4860
f 4815/4815/4815 4814/4814/4814 4868/4868/4868
f 4867/4867/4867 4869/4869/4869 4862/4862/4862
f 4869/4869/4869 4860/4860/4860 4862/4862/4862
f 4868/4868/4868 4860/4860/4860 4869/4869/4869
f 4867/4867/4867 4870/4870/4870 4869/4869/4869
f 4871/4871/4871 4869/4869/4869 4870/4870/4870
f 4872/4872/4872 4869/4869/4869 4871/4871/4871
f 4872/4872/4872 4868/4868/4868 4869/4869/4869
f 4815/4815/4815 4868/4868/4868 4872/4872/4872
f 4873/4873/4873 4815/4815/4815 4872/4872/4872
f 4876/4876/4876 4875/4875/4875 4874/4874/4874
f 4876/4876/4876 4849/4849/4849 4875/4875/4875
f 4876/4876/4876 4877/4877/4877 4849/4849/4849
f 4877/4877/4877 4876/4876/4876 4878/4878/4878
f 4877/4877/4877 4852/4852/4852 4849/4849/4849
f 4879/4879/4879 4877/4877/4877 4878/4878/4878
f 4879/4879/4879 4852/4852/4852 4877/4877/4877
f 4879/4879/4879 4880/4880/4880 4852/4852/4852
f 4852/4852/4852 4880/4880/4880 4881/4881/4881
f 4882/4882/4882 4880/4880/4880 4879/4879/4879
f 4880/4880/4880 4882/4882/4882 4883/4883/4883
f 4884/4884/4884 4883/4883/4883 4882/4882/4882
f 4883/4883/4883 4885/4885/4885 4880/4880/4880
f 4888/4888/4888 4887/4887/4887 4886/4886/4886
f 4887/4887/4887 4889/4889/4889 4886/4886/4886
f 4886/4886/4886 4889/4889/4889 4890/4890/4890
f 4889/4889/4889 4891/4891/4891 4890/4890/4890
f 4887/4887/4887 4891/4891/4891 4889/4889/4889
f 4891/4891/4891 4887/4887/4887 4892/4892/4892
f 4895/4895/4895 4894/4894/4894 4893/4893/4893
f 4893/4893/4893 4894/4894/4894 4896/4896/4896
f 4894/4894/4894 4897/4897/4897 4896/4896/4896
f 4898/4898/4898 4896/4896/4896 4897/4897/4897
f 4897/4897/4897 4899/4899/4899 4898/4898/4898
f 4902/4902/4902 4901/4901/4901 4900/4900/4900
f 4901/4901/4901 4902/4902/4902 4903/4903/4903
f 4903/4903/4903 4902/4902/4902 4904/4904/4904
f 4904/4904/4904 4902/4902/4902 4905/4905/4905
f 4906/4906/4906 4904/4904/4904 4905/4905/4905
f 4901/4901/4901 4903/4903/4903 4907/4907/4907
f 4907/4907/4907 4903/4903/4903 4904/4904/4904
f 4908/4908/4908 4901/4901/4901 4907/4907/4907
f 4908/4908/4908 4907/4907/4907 4909/4909/4909
f 4907/4907/4907 4910/4910/4910 4909/4909/4909
f 4907/4907/4907 4904/4904/4904 4910/4910/4910
f 4904/4904/4904 4911/4911/4911 4910/4910/4910
f 4906/4906/4906 4912/4912/4912 4904/4904/4904
f 4912/4912/4912 4911/4911/4911 4904/4904/4904
f 4906/4906/4906 4913/4913/4913 4912/4912/4912
f 4913/4913/4913 4911/4911/4911 4912/4912/4912
f 4911/4911/4911 4913/4913/4913 4914/4914/4914
f 4915/4915/4915 4913/4913/4913 4906/4906/4906
f 4914/4914/4914 4913/4913/4913 4916/4916/4916
f 4917/4917/4917 4913/4913/4913 4915/4915/4915
f 4913/4913/4913 4917/4917/4917 4916/4916/4916
f 4917/4917/4917 4918/4918/4918 4916/4916/4916
f 4919/4919/4919 4917/4917/4917 4915/4915/4915
f 4920/4920/4920 4918/4918/4918 4917/4917/4917
f 4920/4920/4920 4917/4917/4917 4919/4919/4919
f 4918/4918/4918 4920/4920/4920 4921/4921/4921
f 4922/4922/4922 4920/4920/4920 4919/4919/4919
f 4921/4921/4921 4920/4920/4920 4922/4922/4922
f 4923/4923/4923 4922/4922/4922 4919/4919/4919
f 4921/4921/4921 4922/4922/4922 4924/4924/4924
f 4922/4922/4922 4923/4923/4923 4925/4925/4925
f 4926/4926/4926 4924/4924/4924 4922/4922/4922
f 4926/4926/4926 4922/4922/4922 4925/4925/4925
f 4927/4927/4927 4926/4926/4926 4925/4925/4925
f 4926/4926/4926 4927/4927/4927 4928/4928/4928
f 4927/4927/4927 4925/4925/4925 4929/4929/4929
f 4928/4928/4928 4927/4927/4927 4930/4930/4930
f 4927/4927/4927 4929/4929/4929 4930/4930/4930
f 4929/4929/4929 4931/4931/4931 4930/4930/4930
f 4931/4931/4931 4932/4932/4932 4930/4930/4930
f 4933/4933/4933 4932/4932/4932 4931/4931/4931
f 4934/4934/4934 4931/4931/4931 4929/4929/4929
f 4933/4933/4933 4931/4931/4931 4935/4935/4935
f 4931/4931/4931 4934/4934/4934 4935/4935/4935
f 4935/4935/4935 4934/4934/4934 4936/4936/4936
f 4939/4939/4939 4938/4938/4938 4937/4937/4937
f 4940/4940/4940 4937/4937/4937 4938/4938/4938
f 4940/4940/4940 4938/4938/4938 4941/4941/4941
f 4941/4941/4941 4938/4938/4938 4942/4942/4942
f 4943/4943/4943 4941/4941/4941 4942/4942/4942
f 4940/4940/4940 4944/4944/4944 4937/4937/4937
f 4937/4937/4937 4944/4944/4944 4945/4945/4945
f 4946/4946/4946 4937/4937/4937 4945/4945/4945
f 4947/4947/4947 4940/4940/4940 4941/4941/4941
f 4940/4940/4940 4948/4948/4948 4944/4944/4944
f 4947/4947/4947 4948/4948/4948 4940/4940/4940
f 4945/4945/4945 4944/4944/4944 4949/4949/4949
f 4948/4948/4948 4949/4949/4949 4944/4944/4944
f 4945/4945/4945 4949/4949/4949 4950/4950/4950
f 4950/4950/4950 4951/4951/4951 4945/4945/4945
f 4952/4952/4952 4949/4949/4949 4948/4948/4948
f 4952/4952/4952 4950/4950/4950 4949/4949/4949
f 4953/4953/4953 4947/4947/4947 4941/4941/4941
f 4953/4953/4953 4941/4941/4941 4954/4954/4954
f 4953/4953/4953 4954/4954/4954 4955/4955/4955
f 4955/4955/4955 4956/4956/4956 4953/4953/4953
f 4956/4956/4956 4947/4947/4947 4953/4953/4953
f 4955/4955/4955 4957/4957/4957 4956/4956/4956
f 4956/4956/4956 4957/4957/4957 4958/4958/4958
f 4958/4958/4958 4947/4947/4947 4956/4956/4956
f 4948/4948/4948 4947/4947/4947 4959/4959/4959
f 4958/4958/4958 4959/4959/4959 4947/4947/4947
f 4959/4959/4959 4952/4952/4952 4948/4948/4948
f 4959/4959/4959 4958/4958/4958 4960/4960/4960
f 4959/4959/4959 4960/4960/4960 4952/4952/4952
f 4952/4952/4952 4960/4960/4960 4961/4961/4961
f 4961/4961/4961 4950/4950/4950 4952/4952/4952
f 4960/4960/4960 4962/4962/4962 4961/4961/4961
f 4961/4961/4961 4963/4963/4963 4950/4950/4950
f 4964/4964/4964 4950/4950/4950 4963/4963/4963
f 4965/4965/4965 4964/4964/4964 4963/4963/4963
f 4965/4965/4965 4966/4966/4966 4964/4964/4964
f 4964/4964/4964 4967/4967/4967 4950/4950/4950
f 4967/4967/4967 4951/4951/4951 4950/4950/4950
f 4966/4966/4966 4968/4968/4968 4964/4964/4964
f 4968/4968/4968 4966/4966/4966 4969/4969/4969
f 4969/4969/4969 4045/4045/4045 4968/4968/4968
f 4964/4964/4964 4968/4968/4968 4970/4970/4970
f 4970/4970/4970 4968/4968/4968 4045/4045/4045
f 4964/4964/4964 4970/4970/4970 4967/4967/4967
f 4970/4970/4970 4045/4045/4045 3993/3993/3993
f 4971/4971/4971 4970/4970/4970 3993/3993/3993
f 4972/4972/4972 4970/4970/4970 4971/4971/4971
f 4967/4967/4967 4970/4970/4970 4972/4972/4972
f 4951/4951/4951 4967/4967/4967 4972/4972/4972
f 4973/4973/4973 4951/4951/4951 4972/4972/4972
f 4976/4976/4976 4975/4975/4975 4974/4974/4974
f 4974/4974/4974 4977/4977/4977 4976/4976/4976
f 4976/4976/4976 4977/4977/4977 4978/4978/4978
f 4981/4981/4981 4980/4980/4980 4979/4979/4979
f 4981/4981/4981 4982/4982/4982 4980/4980/4980
f 4982/4982/4982 4983/4983/4983 4980/4980/4980
f 4983/4983/4983 4982/4982/4982 4984/4984/4984
f 4985/4985/4985 4983/4983/4983 4984/4984/4984
f 4988/4988/4988 4987/4987/4987 4986/4986/4986
f 4989/4989/4989 4986/4986/4986 4987/4987/4987
f 4989/4989/4989 4990/4990/4990 4986/4986/4986
f 4993/4993/4993 4992/4992/4992 4991/4991/4991
f 4994/4994/4994 4992/4992/4992 4993/4993/4993
f 4997/4997/4997 4996/4996/4996 4995/4995/4995
f 4998/4998/4998 4995/4995/4995 4996/4996/4996
f 4999/4999/4999 4995/4995/4995 4998/4998/4998
f 4996/4996/4996 5000/5000/5000 4998/4998/4998
f 5001/5001/5001 5000/5000/5000 4996/4996/4996
f 5004/5004/5004 5003/5003/5003 5002/5002/5002
f 5004/5004/5004 5005/5005/5005 5003/5003/5003
f 5008/5008/5008 5007/5007/5007 5006/5006/5006
f 5006/5006/5006 5009/5009/5009 5008/5008/5008
f 5009/5009/5009 5006/5006/5006 5010/5010/5010
f 5011/5011/5011 5009/5009/5009 5010/5010/5010
f 5012/5012/5012 5009/5009/5009 5011/5011/5011
f 5013/5013/5013 5012/5012/5012 5011/5011/5011
f 5011/5011/5011 5010/5010/5010 5014/5014/5014
f 5014/5014/5014 5010/5010/5010 5015/5015/5015
f 5018/5018/5018 5017/5017/5017 5016/5016/5016
f 5018/5018/5018 5016/5016/5016 5019/5019/5019
f 5019/5019/5019 5016/5016/5016 5020/5020/5020
f 5023/5023/5023 5022/5022/5022 5021/5021/5021
f 5021/5021/5021 5022/5022/5022 5024/5024/5024
f 5025/5025/5025 5021/5021/5021 5024/5024/5024
f 5025/5025/5025 5024/5024/5024 5026/5026/5026
f 5029/5029/5029 5028/5028/5028 5027/5027/5027
f 5028/5028/5028 5029/5029/5029 5030/5030/5030
f 5028/5028/5028 5030/5030/5030 5031/5031/5031
f 5031/5031/5031 5032/5032/5032 5028/5028/5028
f 5031/5031/5031 5033/5033/5033 5032/5032/5032
f 5034/5034/5034 5033/5033/5033 5031/5031/5031
f 5035/5035/5035 5030/5030/5030 5029/5029/5029
f 5036/5036/5036 5030/5030/5030 5035/5035/5035
f 5030/5030/5030 5036/5036/5036 5031/5031/5031
f 5036/5036/5036 5035/5035/5035 5037/5037/5037
f 5035/5035/5035 5038/5038/5038 5037/5037/5037
f 5036/5036/5036 5039/5039/5039 5031/5031/5031
f 5036/5036/5036 5037/5037/5037 5039/5039/5039
f 5039/5039/5039 5040/5040/5040 5031/5031/5031
f 5039/5039/5039 5037/5037/5037 5040/5040/5040
f 5040/5040/5040 5041/5041/5041 5031/5031/5031
f 5042/5042/5042 5041/5041/5041 5040/5040/5040
f 5040/5040/5040 5037/5037/5037 5042/5042/5042
f 5037/5037/5037 5043/5043/5043 5042/5042/5042
f 5038/5038/5038 5043/5043/5043 5037/5037/5037
f 5038/5038/5038 5044/5044/5044 5043/5043/5043
f 5047/5047/5047 5046/5046/5046 5045/5045/5045
f 5047/5047/5047 5048/5048/5048 5046/5046/5046
f 5048/5048/5048 5047/5047/5047 5049/5049/5049
f 5050/5050/5050 5049/5049/5049 5047/5047/5047
f 5053/5053/5053 5052/5052/5052 5051/5051/5051
f 5052/5052/5052 5053/5053/5053 5054/5054/5054
f 5055/5055/5055 5052/5052/5052 5054/5054/5054
f 5056/5056/5056 5055/5055/5055 5054/5054/5054
f 5059/5059/5059 5058/5058/5058 5057/5057/5057
f 5057/5057/5057 5060/5060/5060 5059/5059/5059
f 5061/5061/5061 5060/5060/5060 5057/5057/5057
f 5061/5061/5061 5057/5057/5057 5062/5062/5062
f 5062/5062/5062 5057/5057/5057 5063/5063/5063
f 5062/5062/5062 5064/5064/5064 5061/5061/5061
f 5065/5065/5065 5064/5064/5064 5062/5062/5062
f 5066/5066/5066 5065/5065/5065 5062/5062/5062
f 5069/5069/5069 5068/5068/5068 5067/5067/5067
f 5069/5069/5069 5067/5067/5067 5070/5070/5070
f 5069/5069/5069 5070/5070/5070 5071/5071/5071
f 5072/5072/5072 5071/5071/5071 5070/5070/5070
f 5073/5073/5073 5071/5071/5071 5072/5072/5072
f 5074/5074/5074 5073/5073/5073 5072/5072/5072
f 5072/5072/5072 5075/5075/5075 5074/5074/5074
f 5076/5076/5076 5075/5075/5075 5072/5072/5072
f 5077/5077/5077 5076/5076/5076 5072/5072/5072
f 5077/5077/5077 5078/5078/5078 5076/5076/5076
f 5077/5077/5077 5079/5079/5079 5078/5078/5078
f 5079/5079/5079 5077/5077/5077 5080/5080/5080
f 5080/5080/5080 5077/5077/5077 5081/5081/5081
f 5080/5080/5080 5081/5081/5081 5082/5082/5082
f 5080/5080/5080 5082/5082/5082 5083/5083/5083
f 5080/5080/5080 5083/5083/5083 5084/5084/5084
f 5083/5083/5083 5085/5085/5085 5084/5084/5084
f 5083/5083/5083 5082/5082/5082 5086/5086/5086
f 5085/5085/5085 5083/5083/5083 5086/5086/5086
f 5085/5085/5085 5086/5086/5086 5087/5087/5087
f 5086/5086/5086 5088/5088/5088 5087/5087/5087
f 5087/5087/5087 5088/5088/5088 5089/5089/5089
f 5090/5090/5090 5089/5089/5089 5088/5088/5088
f 5088/5088/5088 5091/5091/5091 5090/5090/5090
f 5088/5088/5088 5092/5092/5092 5091/5091/5091
f 5095/5095/5095 5094/5094/5094 5093/5093/5093
f 5095/5095/5095 5096/5096/5096 5094/5094/5094
f 5094/5094/5094 5096/5096/5096 5097/5097/5097
f 5098/5098/5098 5097/5097/5097 5096/5096/5096
f 5097/5097/5097 5099/5099/5099 5094/5094/5094
f 5100/5100/5100 5094/5094/5094 5099/5099/5099
f 5101/5101/5101 5097/5097/5097 5098/5098/5098
f 5102/5102/5102 5101/5101/5101 5098/5098/5098
f 5099/5099/5099 5097/5097/5097 5103/5103/5103
f 5101/5101/5101 5103/5103/5103 5097/5097/5097
f 5103/5103/5103 5104/5104/5104 5099/5099/5099
f 5103/5103/5103 5105/5105/5105 5104/5104/5104
f 5104/5104/5104 5105/5105/5105 5106/5106/5106
f 5105/5105/5105 5107/5107/5107 5106/5106/5106
f 5108/5108/5108 5107/5107/5107 5105/5105/5105
f 5109/5109/5109 5107/5107/5107 5108/5108/5108
f 5110/5110/5110 5109/5109/5109 5108/5108/5108
f 5111/5111/5111 5109/5109/5109 5110/5110/5110
f 5110/5110/5110 5112/5112/5112 5111/5111/5111
f 5113/5113/5113 5103/5103/5103 5101/5101/5101
f 5114/5114/5114 5101/5101/5101 5102/5102/5102
f 5101/5101/5101 5114/5114/5114 5113/5113/5113
f 5102/5102/5102 5115/5115/5115 5114/5114/5114
f 5116/5116/5116 5113/5113/5113 5114/5114/5114
f 5115/5115/5115 5117/5117/5117 5114/5114/5114
f 5116/5116/5116 5114/5114/5114 5117/5117/5117
f 5118/5118/5118 5117/5117/5117 5115/5115/5115
f 5119/5119/5119 5116/5116/5116 5117/5117/5117
f 5117/5117/5117 5120/5120/5120 5119/5119/5119
f 5123/5123/5123 5122/5122/5122 5121/5121/5121
f 5123/5123/5123 5124/5124/5124 5122/5122/5122
f 5125/5125/5125 5122/5122/5122 5124/5124/5124
f 5128/5128/5128 5127/5127/5127 5126/5126/5126
f 5126/5126/5126 5127/5127/5127 5129/5129/5129
f 5127/5127/5127 5130/5130/5130 5129/5129/5129
f 5129/5129/5129 5130/5130/5130 5131/5131/5131
f 5129/5129/5129 5131/5131/5131 5132/5132/5132
f 5131/5131/5131 5133/5133/5133 5132/5132/5132
f 5132/5132/5132 5133/5133/5133 5134/5134/5134
f 5130/5130/5130 5135/5135/5135 5131/5131/5131
f 5131/5131/5131 5135/5135/5135 5133/5133/5133
f 5133/5133/5133 4554/4554/4554 5134/5134/5134
f 5134/5134/5134 4554/4554/4554 5136/5136/5136
f 4554/4554/4554 5137/5137/5137 5136/5136/5136
f 5133/5133/5133 4550/4550/4550 4554/4554/4554
f 5133/5133/5133 5135/5135/5135 4550/4550/4550
f 4548/4548/4548 4550/4550/4550 5135/5135/5135
f 5130/5130/5130 4548/4548/4548 5135/5135/5135
f 5138/5138/5138 4548/4548/4548 5130/5130/5130
f 5127/5127/5127 5138/5138/5138 5130/5130/5130
f 4549/4549/4549 4548/4548/4548 5138/5138/5138
f 5127/5127/5127 5139/5139/5139 5138/5138/5138
f 5140/5140/5140 4549/4549/4549 5138/5138/5138
f 5140/5140/5140 5138/5138/5138 5139/5139/5139
f 5141/5141/5141 5139/5139/5139 5127/5127/5127
f 5142/5142/5142 5141/5141/5141 5127/5127/5127
f 5142/5142/5142 5143/5143/5143 5141/5141/5141
f 5143/5143/5143 5142/5142/5142 5144/5144/5144
f 5143/5143/5143 5144/5144/5144 5145/5145/5145
f 5146/5146/5146 5139/5139/5139 5141/5141/5141
f 5146/5146/5146 5140/5140/5140 5139/5139/5139
f 5140/5140/5140 5146/5146/5146 5147/5147/5147
f 5147/5147/5147 5146/5146/5146 5148/5148/5148
f 4549/4549/4549 5140/5140/5140 5149/5149/5149
f 5150/5150/5150 4549/4549/4549 5149/5149/5149
f 5151/5151/5151 5149/5149/5149 5140/5140/5140
f 5151/5151/5151 5140/5140/5140 5147/5147/5147
f 5152/5152/5152 5151/5151/5151 5147/5147/5147
f 5147/5147/5147 5153/5153/5153 5152/5152/5152
f 5147/5147/5147 5154/5154/5154 5153/5153/5153
f 5147/5147/5147 5148/5148/5148 5155/5155/5155
f 5147/5147/5147 5155/5155/5155 5154/5154/5154
f 5155/5155/5155 5148/5148/5148 5156/5156/5156
f 5155/5155/5155 5156/5156/5156 5157/5157/5157
f 5154/5154/5154 5155/5155/5155 5157/5157/5157
f 5154/5154/5154 5157/5157/5157 5158/5158/5158
f 5161/5161/5161 5160/5160/5160 5159/5159/5159
f 5159/5159/5159 5160/5160/5160 5162/5162/5162
f 5163/5163/5163 5162/5162/5162 5160/5160/5160
f 5163/5163/5163 5160/5160/5160 5164/5164/5164
f 5164/5164/5164 5165/5165/5165 5163/5163/5163
f 5163/5163/5163 5165/5165/5165 5166/5166/5166
f 5165/5165/5165 5167/5167/5167 5166/5166/5166
f 5168/5168/5168 5166/5166/5166 5167/5167/5167
f 5167/5167/5167 5169/5169/5169 5168/5168/5168
f 5169/5169/5169 5167/5167/5167 5170/5170/5170
f 5170/5170/5170 5171/5171/5171 5169/5169/5169
f 5172/5172/5172 5171/5171/5171 5170/5170/5170
f 5173/5173/5173 5171/5171/5171 5172/5172/5172
f 5174/5174/5174 5173/5173/5173 5172/5172/5172
f 5171/5171/5171 5173/5173/5173 5175/5175/5175
f 5176/5176/5176 5173/5173/5173 5174/5174/5174
f 5175/5175/5175 5173/5173/5173 5176/5176/5176
f 5175/5175/5175 5176/5176/5176 5177/5177/5177
f 5176/5176/5176 5174/5174/5174 5178/5178/5178
f 5179/5179/5179 5176/5176/5176 5178/5178/5178
f 5178/5178/5178 5180/5180/5180 5179/5179/5179
f 5180/5180/5180 5181/5181/5181 5179/5179/5179
f 5184/5184/5184 5183/5183/5183 5182/5182/5182
f 5185/5185/5185 5184/5184/5184 5182/5182/5182
f 5188/5188/5188 5187/5187/5187 5186/5186/5186
f 5188/5188/5188 5186/5186/5186 5189/5189/5189
f 5188/5188/5188 5189/5189/5189 5190/5190/5190
f 5188/5188/5188 5190/5190/5190 5191/5191/5191
f 5186/5186/5186 5192/5192/5192 5189/5189/5189
f 5193/5193/5193 5192/5192/5192 5186/5186/5186
f 5193/5193/5193 5194/5194/5194 5192/5192/5192
f 5195/5195/5195 5194/5194/5194 5193/5193/5193
f 5195/5195/5195 5196/5196/5196 5194/5194/5194
f 5196/5196/5196 5197/5197/5197 5194/5194/5194
f 5198/5198/5198 5194/5194/5194 5197/5197/5197
f 5196/5196/5196 5199/5199/5199 5197/5197/5197
f 5197/5197/5197 5200/5200/5200 5198/5198/5198
f 5199/5199/5199 5200/5200/5200 5197/5197/5197
f 5203/5203/5203 5202/5202/5202 5201/5201/5201
f 5203/5203/5203 5204/5204/5204 5202/5202/5202
f 5205/5205/5205 5202/5202/5202 5204/5204/5204
f 5206/5206/5206 5204/5204/5204 5203/5203/5203
f 5205/5205/5205 5204/5204/5204 5207/5207/5207
f 5204/5204/5204 5206/5206/5206 5208/5208/5208
f 5204/5204/5204 5208/5208/5208 5207/5207/5207
f 5211/5211/5211 5210/5210/5210 5209/5209/5209
f 5212/5212/5212 5209/5209/5209 5210/5210/5210
f 5209/5209/5209 5212/5212/5212 5213/5213/5213
f 5209/5209/5209 5213/5213/5213 5214/5214/5214
f 5212/5212/5212 5215/5215/5215 5213/5213/5213
f 5212/5212/5212 5216/5216/5216 5215/5215/5215
f 5216/5216/5216 5217/5217/5217 5215/5215/5215
f 5213/5213/5213 5218/5218/5218 5214/5214/5214
f 5213/5213/5213 5215/5215/5215 5218/5218/5218
f 5209/5209/5209 5214/5214/5214 5219/5219/5219
f 5219/5219/5219 5220/5220/5220 5209/5209/5209
f 5221/5221/5221 5219/5219/5219 5214/5214/5214
f 5219/5219/5219 5221/5221/5221 5222/5222/5222
f 5214/5214/5214 5223/5223/5223 5221/5221/5221
f 5223/5223/5223 5214/5214/5214 5224/5224/5224
f 5214/5214/5214 5225/5225/5225 5224/5224/5224
f 5214/5214/5214 5218/5218/5218 5225/5225/5225
f 5226/5226/5226 5225/5225/5225 5218/5218/5218
f 5226/5226/5226 5227/5227/5227 5225/5225/5225
f 5226/5226/5226 5228/5228/5228 5227/5227/5227
f 5215/5215/5215 5229/5229/5229 5218/5218/5218
f 5229/5229/5229 5226/5226/5226 5218/5218/5218
f 5229/5229/5229 5215/5215/5215 5230/5230/5230
f 5229/5229/5229 5230/5230/5230 5226/5226/5226
f 5217/5217/5217 5230/5230/5230 5215/5215/5215
f 5230/5230/5230 5231/5231/5231 5226/5226/5226
f 5231/5231/5231 5230/5230/5230 5217/5217/5217
f 5231/5231/5231 5228/5228/5228 5226/5226/5226
f 5232/5232/5232 5231/5231/5231 5217/5217/5217
f 5232/5232/5232 5233/5233/5233 5231/5231/5231
f 5228/5228/5228 5231/5231/5231 5233/5233/5233
f 5234/5234/5234 5233/5233/5233 5232/5232/5232
f 5235/5235/5235 5228/5228/5228 5233/5233/5233
f 5236/5236/5236 5228/5228/5228 5235/5235/5235
f 5235/5235/5235 5237/5237/5237 5236/5236/5236
f 5233/5233/5233 5238/5238/5238 5235/5235/5235
f 5238/5238/5238 5233/5233/5233 5234/5234/5234
f 5235/5235/5235 5238/5238/5238 5237/5237/5237
f 5239/5239/5239 5238/5238/5238 5234/5234/5234
f 5240/5240/5240 5239/5239/5239 5234/5234/5234
f 5240/5240/5240 5241/5241/5241 5239/5239/5239
f 5242/5242/5242 5239/5239/5239 5241/5241/5241
f 5243/5243/5243 5237/5237/5237 5242/5242/5242
f 5237/5237/5237 5238/5238/5238 5244/5244/5244
f 5244/5244/5244 5238/5238/5238 5239/5239/5239
f 5242/5242/5242 5237/5237/5237 5244/5244/5244
f 5244/5244/5244 5239/5239/5239 5242/5242/5242
f 5247/5247/5247 5246/5246/5246 5245/5245/5245
f 5247/5247/5247 5245/5245/5245 5248/5248/5248
f 5248/5248/5248 5249/5249/5249 5247/5247/5247
f 5249/5249/5249 5248/5248/5248 5250/5250/5250
f 5250/5250/5250 5248/5248/5248 5251/5251/5251
f 5251/5251/5251 5248/5248/5248 5245/5245/5245
f 5245/5245/5245 5252/5252/5252 5251/5251/5251
f 5255/5255/5255 5254/5254/5254 5253/5253/5253
f 5253/5253/5253 5256/5256/5256 5255/5255/5255
f 5255/5255/5255 5256/5256/5256 5257/5257/5257
f 5255/5255/5255 5257/5257/5257 5258/5258/5258
f 5257/5257/5257 5259/5259/5259 5258/5258/5258
f 5257/5257/5257 5260/5260/5260 5259/5259/5259
f 5260/5260/5260 5261/5261/5261 5259/5259/5259
f 5260/5260/5260 5262/5262/5262 5261/5261/5261
f 5260/5260/5260 5263/5263/5263 5262/5262/5262
f 5263/5263/5263 5264/5264/5264 5262/5262/5262
f 5263/5263/5263 5265/5265/5265 5264/5264/5264
f 5265/5265/5265 5263/5263/5263 5266/5266/5266
f 5267/5267/5267 5265/5265/5265 5266/5266/5266
f 5268/5268/5268 5267/5267/5267 5266/5266/5266
f 5271/5271/5271 5270/5270/5270 5269/5269/5269
f 5271/5271/5271 5269/5269/5269 5272/5272/5272
f 5269/5269/5269 5273/5273/5273 5272/5272/5272
f 5271/5271/5271 5272/5272/5272 5274/5274/5274
f 5273/5273/5273 5275/5275/5275 5272/5272/5272
f 5276/5276/5276 5274/5274/5274 5272/5272/5272
f 5272/5272/5272 5275/5275/5275 5276/5276/5276
f 5279/5279/5279 5278/5278/5278 5277/5277/5277
f 5277/5277/5277 5278/5278/5278 5280/5280/5280
f 5281/5281/5281 5277/5277/5277 5280/5280/5280
f 5282/5282/5282 5277/5277/5277 5281/5281/5281
f 5285/5285/5285 5284/5284/5284 5283/5283/5283
f 5284/5284/5284 5286/5286/5286 5283/5283/5283
f 5289/5289/5289 5288/5288/5288 5287/5287/5287
f 5287/5287/5287 5288/5288/5288 5290/5290/5290
f 5290/5290/5290 5291/5291/5291 5287/5287/5287
f 5291/5291/5291 5292/5292/5292 5287/5287/5287
f 5293/5293/5293 5287/5287/5287 5292/5292/5292
f 5294/5294/5294 5293/5293/5293 5292/5292/5292
f 5295/5295/5295 5293/5293/5293 5294/5294/5294
f 5298/5298/5298 5297/5297/5297 5296/5296/5296
f 5299/5299/5299 5296/5296/5296 5297/5297/5297
f 5297/5297/5297 5300/5300/5300 5299/5299/5299
f 5303/5303/5303 5302/5302/5302 5301/5301/5301
f 5303/5303/5303 5301/5301/5301 5304/5304/5304
f 5306/5306/5306 4214/4214/4214 5305/5305/5305
f 4214/4214/4214 5307/5307/5307 5305/5305/5305
f 5307/5307/5307 4214/4214/4214 4218/4218/4218
f 5305/5305/5305 5307/5307/5307 5308/5308/5308
f 5305/5305/5305 5308/5308/5308 5309/5309/5309
f 4218/4218/4218 5310/5310/5310 5307/5307/5307
f 5310/5310/5310 4218/4218/4218 4220/4220/4220
f 5308/5308/5308 5307/5307/5307 5311/5311/5311
f 5310/5310/5310 5311/5311/5311 5307/5307/5307
f 5312/5312/5312 5308/5308/5308 5311/5311/5311
f 5312/5312/5312 5313/5313/5313 5308/5308/5308
f 5311/5311/5311 5314/5314/5314 5312/5312/5312
f 5314/5314/5314 5311/5311/5311 5315/5315/5315
f 5315/5315/5315 5311/5311/5311 5310/5310/5310
f 5316/5316/5316 5314/5314/5314 5315/5315/5315
f 5317/5317/5317 5316/5316/5316 5315/5315/5315
f 5317/5317/5317 5315/5315/5315 5318/5318/5318
f 5319/5319/5319 5310/5310/5310 4220/4220/4220
f 4303/4303/4303 5319/5319/5319 4220/4220/4220
f 5320/5320/5320 5315/5315/5315 5310/5310/5310
f 5315/5315/5315 5320/5320/5320 5318/5318/5318
f 5320/5320/5320 5310/5310/5310 5319/5319/5319
f 5321/5321/5321 5319/5319/5319 4303/4303/4303
f 5320/5320/5320 5319/5319/5319 5321/5321/5321
f 5318/5318/5318 5320/5320/5320 5321/5321/5321
f 5321/5321/5321 4303/4303/4303 5322/5322/5322
f 5318/5318/5318 5321/5321/5321 5323/5323/5323
f 5323/5323/5323 5321/5321/5321 5324/5324/5324
f 5327/5327/5327 5326/5326/5326 5325/5325/5325
f 5326/5326/5326 5328/5328/5328 5325/5325/5325
f 5329/5329/5329 5325/5325/5325 5328/5328/5328
f 5328/5328/5328 5330/5330/5330 5329/5329/5329
f 5333/5333/5333 5332/5332/5332 5331/5331/5331
f 5334/5334/5334 5333/5333/5333 5331/5331/5331
f 5337/5337/5337 5336/5336/5336 5335/5335/5335
f 5337/5337/5337 5335/5335/5335 5338/5338/5338
f 5341/5341/5341 5340/5340/5340 5339/5339/5339
f 5341/5341/5341 5339/5339/5339 5342/5342/5342
f 5342/5342/5342 5343/5343/5343 5341/5341/5341
f 5346/5346/5346 5345/5345/5345 5344/5344/5344
f 5344/5344/5344 5347/5347/5347 5346/5346/5346
f 5346/5346/5346 5347/5347/5347 5348/5348/5348
f 5351/5351/5351 5350/5350/5350 5349/5349/5349
f 5349/5349/5349 5350/5350/5350 5352/5352/5352
f 5352/5352/5352 5350/5350/5350 5353/5353/5353
f 5356/5356/5356 5355/5355/5355 5354/5354/5354
f 5356/5356/5356 5357/5357/5357 5355/5355/5355
f 5355/5355/5355 5357/5357/5357 5358/5358/5358
f 5358/5358/5358 5357/5357/5357 5359/5359/5359
f 5360/5360/5360 5355/5355/5355 5358/5358/5358
f 5360/5360/5360 5358/5358/5358 5359/5359/5359
f 5363/5363/5363 5362/5362/5362 5361/5361/5361
f 5362/5362/5362 5363/5363/5363 5364/5364/5364
f 5367/5367/5367 5366/5366/5366 5365/5365/5365
f 5367/5367/5367 5365/5365/5365 5368/5368/5368
f 5371/5371/5371 5370/5370/5370 5369/5369/5369
f 5369/5369/5369 5370/5370/5370 5372/5372/5372
f 5370/5370/5370 5373/5373/5373 5372/5372/5372
f 5373/5373/5373 5370/5370/5370 5374/5374/5374
f 5372/5372/5372 5373/5373/5373 5375/5375/5375
f 5376/5376/5376 5372/5372/5372 5375/5375/5375
f 5376/5376/5376 5375/5375/5375 5377/5377/5377
f 5377/5377/5377 5375/5375/5375 5378/5378/5378
f 5379/5379/5379 5378/5378/5378 5375/5375/5375
f 5380/5380/5380 5373/5373/5373 5374/5374/5374
f 5373/5373/5373 5380/5380/5380 5375/5375/5375
f 5375/5375/5375 5380/5380/5380 5379/5379/5379
f 5380/5380/5380 5374/5374/5374 5381/5381/5381
f 5380/5380/5380 5381/5381/5381 5379/5379/5379
f 5384/5384/5384 5383/5383/5383 5382/5382/5382
f 5385/5385/5385 5382/5382/5382 5383/5383/5383
f 5385/5385/5385 5386/5386/5386 5382/5382/5382
f 5382/5382/5382 5386/5386/5386 5387/5387/5387
f 5390/5390/5390 5389/5389/5389 5388/5388/5388
f 5388/5388/5388 5389/5389/5389 5391/5391/5391
f 5391/5391/5391 5389/5389/5389 5392/5392/5392
f 5395/5395/5395 5394/5394/5394 5393/5393/5393
f 5395/5395/5395 5396/5396/5396 5394/5394/5394
f 5399/5399/5399 5398/5398/5398 5397/5397/5397
f 5400/5400/5400 5399/5399/5399 5397/5397/5397
f 5397/5397/5397 5401/5401/5401 5400/5400/5400
f 5397/5397/5397 5402/5402/5402 5401/5401/5401
f 5405/5405/5405 5404/5404/5404 5403/5403/5403
f 5404/5404/5404 5405/5405/5405 5406/5406/5406
f 5407/5407/5407 5406/5406/5406 5405/5405/5405
f 5407/5407/5407 5405/5405/5405 5408/5408/5408
f 5407/5407/5407 5408/5408/5408 5409/5409/5409
f 5404/5404/5404 5406/5406/5406 5410/5410/5410
f 5407/5407/5407 5410/5410/5410 5406/5406/5406
f 5410/5410/5410 5407/5407/5407 5411/5411/5411
f 5412/5412/5412 5404/5404/5404 5410/5410/5410
f 5411/5411/5411 5413/5413/5413 5410/5410/5410
f 5412/5412/5412 5410/5410/5410 5413/5413/5413
f 5413/5413/5413 5411/5411/5411 5414/5414/5414
f 5415/5415/5415 5412/5412/5412 5413/5413/5413
f 5414/5414/5414 5415/5415/5415 5413/5413/5413
f 5416/5416/5416 5415/5415/5415 5414/5414/5414
f 5415/5415/5415 5417/5417/5417 5412/5412/5412
f 5418/5418/5418 5417/5417/5417 5415/5415/5415
f 5418/5418/5418 5419/5419/5419 5417/5417/5417
f 5420/5420/5420 5419/5419/5419 5418/5418/5418
f 5423/5423/5423 5422/5422/5422 5421/5421/5421
f 5423/5423/5423 5421/5421/5421 5424/5424/5424
f 5424/5424/5424 5421/5421/5421 5425/5425/5425
f 5426/5426/5426 5424/5424/5424 5425/5425/5425
f 5429/5429/5429 5428/5428/5428 5427/5427/5427
f 5430/5430/5430 5428/5428/5428 5429/5429/5429
f 5431/5431/5431 5428/5428/5428 5430/5430/5430
f 5431/5431/5431 5432/5432/5432 5428/5428/5428
f 5433/5433/5433 5432/5432/5432 5431/5431/5431
f 5433/5433/5433 5434/5434/5434 5432/5432/5432
f 5435/5435/5435 5434/5434/5434 5433/5433/5433
f 5438/5438/5438 5437/5437/5437 5436/5436/5436
f 5439/5439/5439 5438/5438/5438 5436/5436/5436
f 5440/5440/5440 5439/5439/5439 5436/5436/5436
f 5439/5439/5439 5440/5440/5440 5441/5441/5441
f 5441/5441/5441 5440/5440/5440 5442/5442/5442
f 5443/5443/5443 5441/5441/5441 5442/5442/5442
f 5442/5442/5442 5444/5444/5444 5443/5443/5443
f 5445/5445/5445 5441/5441/5441 5443/5443/5443
f 5444/5444/5444 5446/5446/5446 5443/5443/5443
f 5445/5445/5445 5443/5443/5443 5446/5446/5446
f 5449/5449/5449 5448/5448/5448 5447/5447/5447
f 5447/5447/5447 5450/5450/5450 5449/5449/5449
f 5453/5453/5453 5452/5452/5452 5451/5451/5451
f 5451/5451/5451 5454/5454/5454 5453/5453/5453
f 5457/5457/5457 5456/5456/5456 5455/5455/5455
f 5458/5458/5458 5455/5455/5455 5456/5456/5456
f 5458/5458/5458 5459/5459/5459 5455/5455/5455
f 5462/5462/5462 5461/5461/5461 5460/5460/5460
f 5463/5463/5463 5462/5462/5462 5460/5460/5460
f 5466/5466/5466 5465/5465/5465 5464/5464/5464
f 5467/5467/5467 5464/5464/5464 5465/5465/5465
f 5467/5467/5467 5468/5468/5468 5464/5464/5464
f 5469/5469/5469 5468/5468/5468 5467/5467/5467
f 5469/5469/5469 5470/5470/5470 5468/5468/5468
f 5470/5470/5470 5471/5471/5471 5468/5468/5468
f 5470/5470/5470 5472/5472/5472 5471/5471/5471
f 5473/5473/5473 5471/5471/5471 5472/5472/5472
f 5474/5474/5474 5473/5473/5473 5472/5472/5472
f 5475/5475/5475 5474/5474/5474 5472/5472/5472
f 5475/5475/5475 5476/5476/5476 5474/5474/5474
f 5477/5477/5477 5476/5476/5476 5475/5475/5475
f 5478/5478/5478 5476/5476/5476 5477/5477/5477
f 5479/5479/5479 5478/5478/5478 5477/5477/5477
f 5480/5480/5480 5478/5478/5478 5479/5479/5479
f 5480/5480/5480 5479/5479/5479 5481/5481/5481
f 5480/5480/5480 5481/5481/5481 5482/5482/5482
f 5482/5482/5482 5481/5481/5481 5483/5483/5483
f 5483/5483/5483 5481/5481/5481 5484/5484/5484
f 5483/5483/5483 5484/5484/5484 5485/5485/5485
f 5486/5486/5486 5483/5483/5483 5485/5485/5485
f 5486/5486/5486 5485/5485/5485 5487/5487/5487
f 3603/3603/3603 5487/5487/5487 5485/5485/5485
f 5485/5485/5485 5484/5484/5484 5488/5488/5488
f 5488/5488/5488 5484/5484/5484 2873/2873/2873
f 5488/5488/5488 2873/2873/2873 2872/2872/2872
f 3603/3603/3603 5485/5485/5485 5489/5489/5489
f 3603/3603/3603 5489/5489/5489 2872/2872/2872
f 5488/5488/5488 2872/2872/2872 5489/5489/5489
f 5485/5485/5485 5488/5488/5488 5489/5489/5489
f 5492/5492/5492 5491/5491/5491 5490/5490/5490
f 5491/5491/5491 5492/5492/5492 5493/5493/5493
f 5496/5496/5496 5495/5495/5495 5494/5494/5494
f 5497/5497/5497 5495/5495/5495 5496/5496/5496
f 5498/5498/5498 5495/5495/5495 5497/5497/5497
f 5501/5501/5501 5500/5500/5500 5499/5499/5499
f 5502/5502/5502 5499/5499/5499 5500/5500/5500
f 5505/5505/5505 5504/5504/5504 5503/5503/5503
f 5504/5504/5504 5506/5506/5506 5503/5503/5503
f 5503/5503/5503 5506/5506/5506 5507/5507/5507
f 5508/5508/5508 5506/5506/5506 5504/5504/5504
f 5509/5509/5509 5508/5508/5508 5504/5504/5504
f 5506/5506/5506 5508/5508/5508 5510/5510/5510
f 5506/5506/5506 5511/5511/5511 5507/5507/5507
f 5511/5511/5511 5506/5506/5506 5510/5510/5510
f 5507/5507/5507 5511/5511/5511 5512/5512/5512
f 5511/5511/5511 5510/5510/5510 5513/5513/5513
f 5511/5511/5511 5514/5514/5514 5512/5512/5512
f 5514/5514/5514 5511/5511/5511 5513/5513/5513
f 5512/5512/5512 5514/5514/5514 5515/5515/5515
f 5514/5514/5514 5513/5513/5513 5516/5516/5516
f 5514/5514/5514 5517/5517/5517 5515/5515/5515
f 5517/5517/5517 5514/5514/5514 5516/5516/5516
f 5515/5515/5515 5517/5517/5517 5518/5518/5518
f 5517/5517/5517 5516/5516/5516 5519/5519/5519
f 5517/5517/5517 5520/5520/5520 5518/5518/5518
f 5520/5520/5520 5517/5517/5517 5519/5519/5519
f 5518/5518/5518 5520/5520/5520 5521/5521/5521
f 5520/5520/5520 5519/5519/5519 5522/5522/5522
f 5520/5520/5520 5523/5523/5523 5521/5521/5521
f 5523/5523/5523 5520/5520/5520 5522/5522/5522
f 5521/5521/5521 5523/5523/5523 5524/5524/5524
f 5523/5523/5523 5522/5522/5522 5525/5525/5525
f 5523/5523/5523 5526/5526/5526 5524/5524/5524
f 5526/5526/5526 5523/5523/5523 5525/5525/5525
f 5524/5524/5524 5526/5526/5526 5527/5527/5527
f 5526/5526/5526 5525/5525/5525 5528/5528/5528
f 5526/5526/5526 5529/5529/5529 5527/5527/5527
f 5529/5529/5529 5526/5526/5526 5528/5528/5528
f 5527/5527/5527 5529/5529/5529 5530/5530/5530
f 5529/5529/5529 5528/5528/5528 5531/5531/5531
f 5529/5529/5529 5532/5532/5532 5530/5530/5530
f 5532/5532/5532 5529/5529/5529 5531/5531/5531
f 5530/5530/5530 5532/5532/5532 5533/5533/5533
f 5532/5532/5532 5531/5531/5531 5534/5534/5534
f 5532/5532/5532 5535/5535/5535 5533/5533/5533
f 5535/5535/5535 5532/5532/5532 5534/5534/5534
f 5533/5533/5533 5535/5535/5535 5536/5536/5536
f 5535/5535/5535 5534/5534/5534 5537/5537/5537
f 5535/5535/5535 5538/5538/5538 5536/5536/5536
f 5538/5538/5538 5535/5535/5535 5537/5537/5537
f 5536/5536/5536 5538/5538/5538 5539/5539/5539
f 5538/5538/5538 5537/5537/5537 5540/5540/5540
f 5538/5538/5538 5541/5541/5541 5539/5539/5539
f 5541/5541/5541 5538/5538/5538 5540/5540/5540
f 5539/5539/5539 5541/5541/5541 5542/5542/5542
f 5541/5541/5541 5540/5540/5540 5543/5543/5543
f 5541/5541/5541 5544/5544/5544 5542/5542/5542
f 5544/5544/5544 5541/5541/5541 5543/5543/5543
f 5542/5542/5542 5544/5544/5544 5545/5545/5545
f 5544/5544/5544 5543/5543/5543 5546/5546/5546
f 5544/5544/5544 5547/5547/5547 5545/5545/5545
f 5547/5547/5547 5544/5544/5544 5546/5546/5546
f 5545/5545/5545 5547/5547/5547 5548/5548/5548
f 5547/5547/5547 5546/5546/5546 5549/5549/5549
f 5547/5547/5547 5550/5550/5550 5548/5548/5548
f 5550/5550/5550 5547/5547/5547 5549/5549/5549
f 5548/5548/5548 5550/5550/5550 5551/5551/5551
f 5550/5550/5550 5549/5549/5549 5552/5552/5552
f 5550/5550/5550 5553/5553/5553 5551/5551/5551
f 5553/5553/5553 5550/5550/5550 5552/5552/5552
f 5551/5551/5551 5553/5553/5553 5554/5554/5554
f 5553/5553/5553 5552/5552/5552 5555/5555/5555
f 5553/5553/5553 5556/5556/5556 5554/5554/5554
f 5556/5556/5556 5553/5553/5553 5555/5555/5555
f 5554/5554/5554 5556/5556/5556 5557/5557/5557
f 5556/5556/5556 5555/5555/5555 5558/5558/5558
f 5556/5556/5556 5559/5559/5559 5557/5557/5557
f 5559/5559/5559 5556/5556/5556 5558/5558/5558
f 5557/5557/5557 5559/5559/5559 5560/5560/5560
f 5559/5559/5559 5558/5558/5558 5561/5561/5561
f 5559/5559/5559 5562/5562/5562 5560/5560/5560
f 5562/5562/5562 5559/5559/5559 5561/5561/5561
f 5560/5560/5560 5562/5562/5562 5563/5563/5563
f 5562/5562/5562 5561/5561/5561 5564/5564/5564
f 5562/5562/5562 5565/5565/5565 5563/5563/5563
f 5565/5565/5565 5562/5562/5562 5564/5564/5564
f 5563/5563/5563 5565/5565/5565 5566/5566/5566
f 5565/5565/5565 5564/5564/5564 5567/5567/5567
f 5565/5565/5565 5568/5568/5568 5566/5566/5566
f 5568/5568/5568 5565/5565/5565 5567/5567/5567
f 5566/5566/5566 5568/5568/5568 5569/5569/5569
f 5568/5568/5568 5567/5567/5567 5570/5570/5570
f 5568/5568/5568 5571/5571/5571 5569/5569/5569
f 5571/5571/5571 5568/5568/5568 5570/5570/5570
f 5569/5569/5569 5571/5571/5571 5572/5572/5572
f 5571/5571/5571 5570/5570/5570 5573/5573/5573
f 5571/5571/5571 5574/5574/5574 5572/5572/5572
f 5574/5574/5574 5571/5571/5571 5573/5573/5573
f 5572/5572/5572 5574/5574/5574 5575/5575/5575
f 5574/5574/5574 5573/5573/5573 5576/5576/5576
f 5574/5574/5574 5577/5577/5577 5575/5575/5575
f 5577/5577/5577 5574/5574/5574 5576/5576/5576
f 5580/5580/5580 5579/5579/5579 5578/5578/5578
f 5578/5578/5578 5581/5581/5581 5580/5580/5580
f 5580/5580/5580 5582/5582/5582 5579/5579/5579
f 5581/5581/5581 5582/5582/5582 5580/5580/5580
f 5585/5585/5585 5584/5584/5584 5583/5583/5583
f 5583/5583/5583 5586/5586/5586 5585/5585/5585
f 5587/5587/5587 5584/5584/5584 5585/5585/5585
f 5588/5588/5588 5585/5585/5585 5586/5586/5586
f 5587/5587/5587 5585/5585/5585 5589/5589/5589
f 5589/5589/5589 5585/5585/5585 5588/5588/5588
f 5592/5592/5592 5591/5591/5591 5590/5590/5590
f 5591/5591/5591 5593/5593/5593 5590/5590/5590
f 5594/5594/5594 5591/5591/5591 5592/5592/5592
f 5591/5591/5591 5595/5595/5595 5593/5593/5593
f 5591/5591/5591 5594/5594/5594 5596/5596/5596
f 5595/5595/5595 5591/5591/5591 5597/5597/5597
f 5591/5591/5591 5596/5596/5596 5597/5597/5597
f 5600/5600/5600 5599/5599/5599 5598/5598/5598
f 5601/5601/5601 5600/5600/5600 5598/5598/5598
f 5601/5601/5601 5602/5602/5602 5600/5600/5600
f 5598/5598/5598 5603/5603/5603 5601/5601/5601
f 5599/5599/5599 5600/5600/5600 5604/5604/5604
f 5600/5600/5600 5602/5602/5602 5604/5604/5604
f 5605/5605/5605 5599/5599/5599 5604/5604/5604
f 5603/5603/5603 5606/5606/5606 5601/5601/5601
f 5606/5606/5606 5602/5602/5602 5601/5601/5601
f 5603/5603/5603 5607/5607/5607 5606/5606/5606
f 5605/5605/5605 5604/5604/5604 5608/5608/5608
f 5604/5604/5604 5602/5602/5602 5608/5608/5608
f 5609/5609/5609 5605/5605/5605 5608/5608/5608
f 5607/5607/5607 5610/5610/5610 5606/5606/5606
f 5610/5610/5610 5602/5602/5602 5606/5606/5606
f 5607/5607/5607 5611/5611/5611 5610/5610/5610
f 5609/5609/5609 5608/5608/5608 5612/5612/5612
f 5608/5608/5608 5602/5602/5602 5612/5612/5612
f 5613/5613/5613 5609/5609/5609 5612/5612/5612
f 5614/5614/5614 5602/5602/5602 5610/5610/5610
f 5611/5611/5611 5614/5614/5614 5610/5610/5610
f 5612/5612/5612 5602/5602/5602 5615/5615/5615
f 5613/5613/5613 5612/5612/5612 5615/5615/5615
f 5616/5616/5616 5602/5602/5602 5614/5614/5614
f 5611/5611/5611 5617/5617/5617 5614/5614/5614
f 5617/5617/5617 5616/5616/5616 5614/5614/5614
f 5618/5618/5618 5613/5613/5613 5615/5615/5615
f 5617/5617/5617 5619/5619/5619 5616/5616/5616
f 5618/5618/5618 5615/5615/5615 5620/5620/5620
f 5615/5615/5615 5602/5602/5602 5620/5620/5620
f 5621/5621/5621 5618/5618/5618 5620/5620/5620
f 5619/5619/5619 5622/5622/5622 5616/5616/5616
f 5622/5622/5622 5602/5602/5602 5616/5616/5616
f 5619/5619/5619 5623/5623/5623 5622/5622/5622
f 5621/5621/5621 5620/5620/5620 5624/5624/5624
f 5620/5620/5620 5602/5602/5602 5624/5624/5624
f 5625/5625/5625 5621/5621/5621 5624/5624/5624
f 5623/5623/5623 5626/5626/5626 5622/5622/5622
f 5626/5626/5626 5602/5602/5602 5622/5622/5622
f 5623/5623/5623 5627/5627/5627 5626/5626/5626
f 5625/5625/5625 5624/5624/5624 5628/5628/5628
f 5624/5624/5624 5602/5602/5602 5628/5628/5628
f 5629/5629/5629 5625/5625/5625 5628/5628/5628
f 5630/5630/5630 5602/5602/5602 5626/5626/5626
f 5627/5627/5627 5630/5630/5630 5626/5626/5626
f 5628/5628/5628 5602/5602/5602 5631/5631/5631
f 5629/5629/5629 5628/5628/5628 5631/5631/5631
f 5632/5632/5632 5602/5602/5602 5630/5630/5630
f 5627/5627/5627 5633/5633/5633 5630/5630/5630
f 5633/5633/5633 5632/5632/5632 5630/5630/5630
f 5634/5634/5634 5629/5629/5629 5631/5631/5631
f 5633/5633/5633 5635/5635/5635 5632/5632/5632
f 5634/5634/5634 5631/5631/5631 5636/5636/5636
f 5631/5631/5631 5602/5602/5602 5636/5636/5636
f 5637/5637/5637 5634/5634/5634 5636/5636/5636
f 5635/5635/5635 5638/5638/5638 5632/5632/5632
f 5638/5638/5638 5602/5602/5602 5632/5632/5632
f 5635/5635/5635 5639/5639/5639 5638/5638/5638
f 5637/5637/5637 5636/5636/5636 5640/5640/5640
f 5636/5636/5636 5602/5602/5602 5640/5640/5640
f 5641/5641/5641 5637/5637/5637 5640/5640/5640
f 5639/5639/5639 5642/5642/5642 5638/5638/5638
f 5642/5642/5642 5602/5602/5602 5638/5638/5638
f 5639/5639/5639 5643/5643/5643 5642/5642/5642
f 5641/5641/5641 5640/5640/5640 5644/5644/5644
f 5640/5640/5640 5602/5602/5602 5644/5644/5644
f 5645/5645/5645 5641/5641/5641 5644/5644/5644
f 5646/5646/5646 5602/5602/5602 5642/5642/5642
f 5643/5643/5643 5646/5646/5646 5642/5642/5642
f 5644/5644/5644 5602/5602/5602 5646/5646/5646
f 5645/5645/5645 5644/5644/5644 5646/5646/5646
f 5643/5643/5643 5645/5645/5645 5646/5646/5646
