mtllib emerald_main.mtl
g greenMain
usemtl token
v -0.108 1.39 0.025
v -0.091 1.377 0.036
v -0.078 1.366 0.042
v -0.093 1.762 -0.085
v -0.088 1.739 -0.092
v -0.104 1.789 -0.104
v -0.033 0.901 -0.08
v -0.011 0.875 -0.086
v -0.003 0.898 -0.122
v -0.055 1.407 0.048
v -0.078 1.366 0.042
v -0.075 1.373 0.04
v 0.003 1.774 0.013
v 0.004 1.763 0.012
v 0.003 1.765 0.026
v -0.187 1.123 -0.154
v -0.192 1.112 -0.169
v -0.193 1.11 -0.156
v -0.227 1.093 -0.171
v -0.223 1.098 -0.168
v -0.227 1.101 -0.181
v 0.016 1.662 -0.061
v 0.032 1.673 -0.083
v 0.043 1.686 -0.091
v 0.037 1.627 -0.032
v 0.029 1.605 -0.023
v 0.046 1.644 -0.048
v 0.099 1.633 -0.042
v 0.106 1.642 -0.074
v 0.1 1.631 -0.044
v 0.004 1.763 0.012
v -0.018 1.759 0.035
v 0.003 1.765 0.026
v -0.149 1.612 -0.149
v -0.152 1.614 -0.146
v -0.143 1.607 -0.125
v 0.076 1.811 -0.111
v 0.067 1.789 -0.113
v 0.062 1.77 -0.101
v -0.221 1.155 -0.104
v -0.229 1.143 -0.114
v -0.243 1.124 -0.125
v -0.093 1.762 -0.085
v -0.104 1.763 -0.082
v -0.094 1.763 -0.071
v 0.058 1.809 -0.088
v 0.062 1.803 -0.084
v 0.07 1.816 -0.094
v 0.057 1.76 -0.087
v 0.046 1.759 -0.088
v 0.049 1.761 -0.076
v 0.006 1.473 0.061
v 0.017 1.504 0.057
v 0.006 1.467 0.057
v 0.08 1.47 0.058
v 0.057 1.471 0.063
v 0.106 1.469 0.043
v 0.017 1.743 -0.153
v 0.036 1.755 -0.139
v 0.013 1.75 -0.162
v 0.144 0.116 0.268
v 0.117 0.11 0.233
v 0.146 0.123 0.267
v 0.144 1.097 -0.005
v 0.156 1.089 -0.003
v 0.146 1.09 -0.014
v -0.139 1.612 -0.115
v -0.143 1.607 -0.125
v -0.152 1.614 -0.146
v -0.01 1.756 0.022
v -0.018 1.759 0.035
v 0.004 1.763 0.012
v 0.003 1.774 0.013
v -0.01 1.756 0.022
v 0.004 1.763 0.012
v -0.02 0.92 -0.144
v -0.014 0.913 -0.126
v -0.019 0.933 -0.151
v 0.12 1.097 0.005
v 0.125 1.114 0.007
v 0.122 1.109 -0.003
v -0.263 1.317 -0.276
v -0.252 1.315 -0.26
v -0.244 1.311 -0.261
v -0.144 0.127 -0.197
v -0.131 0.135 -0.195
v -0.184 0.114 -0.176
v 0.09 1.601 -0.163
v 0.105 1.624 -0.133
v 0.091 1.626 -0.151
v 0.083 1.492 0.053
v 0.077 1.498 0.052
v 0.106 1.469 0.043
v 0.058 1.809 -0.088
v 0.07 1.816 -0.094
v 0.068 1.811 -0.102
v -0.253 0.146 -0.089
v -0.251 0.128 -0.12
v -0.247 0.137 -0.118
v -0.05 1.803 0.006
v -0.061 1.804 0.003
v -0.074 1.809 -0.008
v 0.039 1.569 0.025
v 0.042 1.577 0.023
v 0.047 1.583 0.013
v 0.159 1.574 -0.114
v 0.175 1.585 -0.089
v 0.149 1.59 -0.112
v -0.072 1.814 0
v -0.056 1.811 0.004
v -0.074 1.809 -0.008
v 0.137 1.101 -0.03
v 0.125 1.11 -0.029
v 0.118 1.115 -0.024
v -0.115 1.821 -0.09
v -0.12 1.809 -0.104
v -0.118 1.824 -0.098
v 0.089 1.615 -0.013
v 0.09 1.613 -0.013
v 0.077 1.608 -0.012
v 0.055 1.602 -0.01
v 0.076 1.595 0.01
v 0.054 1.606 -0.008
v 0.076 1.595 0.01
v 0.055 1.602 -0.01
v 0.079 1.593 0.01
v -0.164 1.6 -0.137
v -0.166 1.602 -0.136
v -0.17 1.592 -0.127
v 0.015 1.745 -0.006
v 0.002 1.74 0.002
v 0.007 1.745 -0.008
v -0.057 1.71 -0.001
v -0.062 1.742 0.003
v -0.055 1.741 0.003
v 0.077 0 0.391
v 0.166 0.085 0.339
v 0.176 0 0.358
v 0.073 0.085 0.37
v -0.027 0 0.398
v 0.071 0.1 0.361
v 0.162 0.1 0.33
v -0.025 0.1 0.367
v -0.025 0.085 0.376
v -0.129 0 0.377
v -0.119 0.1 0.348
v -0.122 0.085 0.357
v -0.222 0 0.331
v -0.205 0.1 0.305
v -0.21 0.085 0.313
v -0.3 0 0.262
v -0.277 0.1 0.242
v -0.284 0.085 0.248
v -0.358 0 0.176
v -0.33 0.1 0.162
v -0.339 0.085 0.166
v -0.391 0 0.077
v -0.361 0.1 0.071
v -0.37 0.085 0.073
v -0.398 0 -0.027
v -0.367 0.1 -0.025
v -0.376 0.085 -0.025
v -0.377 0 -0.129
v -0.348 0.1 -0.119
v -0.357 0.085 -0.122
v -0.331 0 -0.222
v -0.305 0.1 -0.205
v -0.313 0.085 -0.21
v -0.262 0 -0.3
v -0.242 0.1 -0.277
v -0.248 0.085 -0.284
v -0.176 0 -0.358
v -0.162 0.1 -0.33
v -0.166 0.085 -0.339
v -0.077 0 -0.391
v -0.071 0.1 -0.361
v -0.073 0.085 -0.37
v 0.027 0 -0.398
v 0.025 0.1 -0.367
v 0.025 0.085 -0.376
v 0.129 0 -0.377
v 0.119 0.1 -0.348
v 0.122 0.085 -0.357
v 0.222 0 -0.331
v 0.205 0.1 -0.305
v 0.21 0.085 -0.313
v 0.3 0 -0.262
v 0.277 0.1 -0.242
v 0.284 0.085 -0.248
v 0.358 0 -0.176
v 0.33 0.1 -0.162
v 0.339 0.085 -0.166
v 0.391 0 -0.077
v 0.361 0.1 -0.071
v 0.37 0.085 -0.073
v 0.398 0 0.027
v 0.367 0.1 0.025
v 0.376 0.085 0.025
v 0.377 0 0.129
v 0.348 0.1 0.119
v 0.357 0.085 0.122
v 0.331 0 0.222
v 0.305 0.1 0.205
v 0.313 0.085 0.21
v 0.262 0 0.3
v 0.242 0.1 0.277
v 0.248 0.085 0.284
v 0.176 0 0.358
v 0.162 0.1 0.33
v 0.166 0.085 0.339
v -0.198 1.12 -0.148
v -0.192 1.116 -0.14
v -0.194 1.127 -0.144
v -0.207 1.105 -0.155
v -0.15 1.451 -0.003
v -0.132 1.419 0.011
v -0.154 1.462 -0.012
v -0.131 1.42 0.006
v -0.108 1.39 0.025
v -0.109 1.39 0.027
v -0.091 1.377 0.036
v -0.154 1.462 -0.012
v -0.16 1.478 -0.019
v -0.15 1.451 -0.003
v -0.164 1.502 -0.036
v -0.147 1.354 -0.316
v -0.163 1.356 -0.339
v -0.197 1.286 -0.354
v -0.138 1.377 -0.306
v -0.149 1.386 -0.326
v -0.136 1.415 -0.311
v -0.148 1.35 -0.286
v -0.161 1.327 -0.317
v -0.192 1.28 -0.349
v -0.182 1.264 -0.321
v -0.188 1.266 -0.329
v -0.2 1.264 -0.348
v -0.209 1.237 -0.328
v -0.159 1.326 -0.295
v -0.14 1.389 -0.262
v -0.13 1.4 -0.294
v -0.137 1.408 -0.256
v -0.128 1.413 -0.283
v -0.131 1.436 -0.3
v -0.129 1.421 -0.274
v -0.137 1.427 -0.245
v -0.13 1.445 -0.293
v -0.124 1.439 -0.268
v -0.12 1.465 -0.283
v -0.124 1.458 -0.265
v -0.119 1.474 -0.276
v -0.131 1.507 -0.282
v -0.121 1.458 -0.261
v -0.142 1.431 -0.233
v -0.126 1.552 -0.044
v -0.12 1.591 -0.076
v -0.105 1.587 -0.057
v -0.114 1.611 -0.095
v -0.104 1.622 -0.088
v -0.103 1.59 -0.055
v -0.107 1.643 -0.123
v -0.087 1.618 -0.066
v -0.088 1.637 -0.075
v -0.096 1.653 -0.102
v -0.084 1.65 -0.083
v -0.072 1.638 -0.062
v -0.089 1.662 -0.097
v -0.093 1.666 -0.123
v -0.09 1.678 -0.127
v -0.1 1.651 -0.131
v -0.091 1.668 -0.143
v -0.078 1.691 -0.149
v -0.089 1.663 -0.156
v -0.096 1.232 0.05
v -0.085 1.192 0.048
v -0.094 1.229 0.046
v -0.092 1.217 0.053
v -0.079 1.168 0.06
v -0.069 1.13 0.066
v -0.065 1.118 0.062
v -0.041 1.07 0.08
v -0.041 1.067 0.075
v -0.075 1.373 0.04
v -0.078 1.366 0.042
v -0.091 1.377 0.036
v -0.109 1.39 0.027
v -0.099 1.404 0.028
v -0.132 1.419 0.011
v -0.077 1.417 0.043
v -0.055 1.407 0.048
v -0.064 1.442 0.046
v -0.048 1.42 0.046
v -0.078 1.439 0.042
v -0.104 1.423 0.022
v -0.099 1.437 0.029
v -0.079 1.474 0.034
v -0.093 1.484 0.021
v -0.078 1.501 0.023
v -0.065 1.487 0.034
v -0.068 1.535 0.009
v -0.053 1.487 0.031
v -0.037 1.46 0.046
v -0.025 1.508 0.035
v -0.055 1.527 0.01
v -0.012 1.547 0.021
v -0.053 1.558 -0.011
v -0.041 1.602 -0.043
v -0.054 1.6 -0.039
v -0.026 1.57 -0.004
v 0.005 1.58 -0.002
v -0.015 1.583 -0.01
v 0.029 1.605 -0.023
v -0.032 1.609 -0.04
v 0.004 1.619 -0.031
v 0.046 1.644 -0.048
v -0.055 1.612 -0.041
v -0.062 1.603 -0.046
v -0.053 1.63 -0.049
v -0.018 1.611 -0.032
v -0.029 1.633 -0.04
v -0.014 1.644 -0.042
v 0.027 1.655 -0.051
v 0.02 1.662 -0.057
v 0.043 1.686 -0.091
v 0.053 1.674 -0.092
v 0.052 1.653 -0.066
v 0.088 1.636 -0.046
v 0.061 1.667 -0.093
v 0.074 1.651 -0.073
v 0.067 0.553 0.096
v 0.055 0.605 0.105
v 0.076 0.613 0.131
v 0.054 0.633 0.12
v 0.046 0.659 0.122
v 0.076 0.665 0.145
v 0.052 0.683 0.13
v 0.025 0.696 0.117
v 0.071 0.704 0.142
v 0.083 0.64 0.144
v 0.094 0.582 0.138
v 0.111 0.608 0.129
v 0.099 0.547 0.137
v 0.034 0.772 0.121
v 0.007 0.786 0.103
v -0.006 0.847 0.096
v 0.111 0.631 0.128
v 0.119 0.529 0.131
v 0.103 0.497 0.134
v 0.061 0.796 0.139
v 0.051 0.852 0.132
v 0.07 0.852 0.129
v 0.038 0.924 0.121
v 0.086 0.951 0.11
v 0.032 0.97 0.111
v 0.108 0.698 0.119
v 0.086 0.742 0.131
v 0.096 0.805 0.127
v 0.094 0.866 0.122
v 0.109 0.664 0.123
v 0.081 0.995 0.101
v 0.037 1.007 0.104
v -0.033 0.938 0.073
v -0.038 0.948 0.069
v -0.012 0.985 0.079
v -0.056 0.971 0.061
v 0.02 1.021 0.089
v 0.117 0.931 0.091
v 0.125 0.851 0.103
v 0.109 0.99 0.083
v 0.083 1.044 0.091
v 0.047 1.037 0.098
v 0.112 1.049 0.071
v 0.129 0.807 0.108
v 0.126 0.893 0.09
v 0.131 0.776 0.108
v 0.121 0.993 0.07
v 0.127 0.946 0.076
v 0.118 1.035 0.068
v 0.133 0.863 0.083
v 0.142 0.795 0.09
v 0.148 0.764 0.093
v 0.118 1.071 0.068
v 0.134 0.75 0.107
v 0.151 0.749 0.094
v 0.15 0.705 0.091
v 0.129 0.698 0.109
v 0.151 0.67 0.091
v 0.124 0.669 0.11
v 0.138 0.651 0.098
v 0.153 0.623 0.078
v 0.127 0.629 0.108
v 0.147 0.601 0.083
v 0.155 0.583 0.062
v 0.125 0.603 0.119
v 0.142 0.585 0.098
v 0.159 0.56 0.067
v 0.137 0.554 0.118
v 0.153 0.549 0.096
v 0.137 0.531 0.121
v 0.155 0.498 0.105
v 0.16 0.52 0.089
v 0.171 0.516 0.062
v 0.173 0.486 0.068
v 0.175 0.461 0.067
v 0.135 0.509 0.123
v 0.167 0.46 0.088
v 0.171 0.409 0.083
v 0.128 0.487 0.133
v 0.137 0.465 0.131
v 0.108 0.467 0.132
v 0.115 0.422 0.129
v 0.149 0.477 0.115
v 0.16 0.458 0.106
v 0.161 0.419 0.109
v 0.137 0.394 0.128
v 0.125 0.335 0.128
v 0.147 0.443 0.12
v 0.164 0.36 0.097
v 0.173 0.328 0.082
v 0.159 0.381 0.111
v 0.136 0.33 0.123
v 0.157 0.327 0.109
v 0.141 0.296 0.13
v 0.128 0.298 0.135
v 0.129 0.262 0.13
v 0.157 0.29 0.114
v 0.173 0.259 0.084
v 0.144 0.261 0.122
v 0.158 0.262 0.114
v 0.167 0.217 0.119
v 0.181 0.213 0.091
v 0.143 0.221 0.136
v 0.13 0.222 0.14
v 0.047 1.739 -0.059
v 0.027 1.734 -0.018
v 0.046 1.753 -0.039
v 0.015 1.702 -0.007
v 0.023 1.747 -0.009
v 0.026 1.763 0
v 0.044 1.758 -0.022
v 0.043 1.784 -0.01
v 0.054 1.772 -0.037
v 0.051 1.796 -0.032
v 0.035 1.805 -0.013
v 0.046 1.814 -0.027
v 0.02 1.757 -0.004
v 0.002 1.754 0.019
v 0.002 1.744 0.014
v -0.014 1.746 0.024
v -0.018 1.74 0.022
v -0.01 1.756 0.022
v -0.02 1.746 0.025
v -0.04 1.743 0.018
v 0.003 1.774 0.013
v -0.018 1.752 0.025
v -0.021 1.754 0.024
v -0.038 1.755 0.022
v -0.062 1.742 0.003
v -0.057 1.754 0.006
v -0.005 1.787 0.017
v 0.026 1.779 0.006
v 0.034 1.791 -0.003
v -0.015 1.785 0.027
v -0.013 1.769 0.037
v -0.023 1.77 0.038
v -0.018 1.759 0.035
v -0.041 1.765 0.028
v -0.04 1.774 0.021
v 0.011 1.791 0.011
v 0.012 1.801 0.003
v 0.015 1.811 0.002
v 0 1.804 -0.003
v -0.037 1.778 0.016
v -0.047 1.77 0.009
v -0.033 1.788 0.018
v -0.064 1.784 0.01
v 0.032 1.813 -0.002
v 0.01 1.827 0.017
v 0.031 1.828 0.003
v 0.041 1.834 -0.021
v -0.011 1.819 0.02
v 0.027 1.847 -0.003
v -0.013 1.806 0.015
v -0.024 1.807 0.014
v -0.038 1.805 -0.001
v -0.032 1.824 0.021
v -0.048 1.826 0.018
v -0.02 1.837 0.019
v -0.05 1.803 0.006
v -0.056 1.811 0.004
v -0.074 1.809 -0.008
v -0.072 1.814 0
v -0.069 1.827 0.006
v -0.049 1.867 0.005
v -0.074 1.795 0
v -0.061 1.804 0.003
v -0.082 1.787 -0.005
v -0.065 1.737 -0.009
v -0.084 1.761 -0.016
v -0.03 1.862 0.012
v -0.004 1.862 0.011
v 0.013 1.871 0.001
v 0.032 1.874 -0.02
v -0.016 1.87 0.008
v 0.001 1.878 0.003
v -0.037 1.879 0.004
v -0.059 1.885 -0.012
v -0.068 1.874 -0.014
v -0.071 1.844 -0.007
v 0.019 1.887 -0.015
v -0.029 1.896 0.015
v -0.049 1.886 0.002
v -0.056 1.911 0.002
v 0.033 1.89 -0.038
v 0.022 1.896 -0.009
v 0.004 1.891 0.006
v -0.01 1.897 0.013
v 0.013 1.911 0.002
v -0.014 1.916 0.013
v -0.038 1.914 0.01
v 0.045 1.861 -0.04
v 0.05 1.842 -0.045
v 0.055 1.808 -0.053
v 0.038 1.905 -0.037
v 0.032 1.92 -0.025
v 0.049 1.921 -0.071
v 0.044 1.877 -0.04
v 0.053 1.879 -0.054
v 0.056 1.858 -0.051
v 0.07 1.871 -0.084
v 0.061 1.839 -0.065
v 0.061 1.812 -0.077
v 0.008 1.923 -0.003
v 0.021 1.929 -0.02
v 0.028 1.932 -0.037
v -0.018 1.931 0.004
v 0.004 1.937 -0.019
v -0.032 1.926 0.007
v -0.035 1.935 -0.004
v -0.051 1.928 -0.004
v -0.072 1.915 -0.013
v -0.076 1.894 -0.026
v -0.065 1.932 -0.019
v 0.065 1.086 0.09
v 0.076 1.102 0.079
v 0.054 1.077 0.086
v 0.045 1.069 0.096
v 0.025 1.052 0.097
v 0.026 1.053 0.085
v -0.003 1.041 0.095
v -0.001 1.042 0.084
v -0.017 1.047 0.086
v -0.02 1.046 0.079
v -0.041 1.07 0.08
v -0.041 1.067 0.075
v 0.107 0.201 0.016
v 0.091 0.189 0.039
v 0.104 0.194 0.01
v 0.097 0.203 0.048
v 0.09 0.187 0.07
v 0.095 0.204 0.064
v 0.09 0.173 0.074
v 0.087 0.169 0.038
v 0.097 0.19 0.095
v 0.102 0.209 0.086
v 0.112 0.191 0.126
v 0.096 0.14 0.065
v 0.09 0.145 0.038
v 0.095 0.167 0.088
v 0.117 0.132 0.11
v 0.093 0.134 0.067
v 0.104 0.162 0.109
v 0.107 0.161 0.13
v 0.12 0.169 0.161
v 0.111 0.153 0.162
v 0.128 0.159 0.193
v 0.085 0.137 0.035
v 0.104 0.14 0.002
v 0.086 0.111 0.044
v 0.087 0.111 0.031
v 0.1 0.109 0.082
v 0.101 0.128 0.084
v 0.113 0.119 0.117
v 0.118 0.125 0.14
v 0.114 0.143 0.188
v 0.11 0.111 0.147
v 0.114 0.122 0.188
v 0.107 0.109 0.187
v 0.122 0.142 0.215
v 0.118 0.121 0.215
v 0.117 0.11 0.233
v 0.127 0.121 0.235
v 0.132 0.143 0.235
v 0.148 0.126 0.262
v 0.086 1.648 -0.135
v 0.063 1.667 -0.147
v 0.079 1.65 -0.151
v 0.1 1.645 -0.102
v 0.079 1.65 -0.151
v 0.1 1.645 -0.102
v 0.086 1.648 -0.135
v 0.075 1.647 -0.147
v 0.042 1.646 -0.177
v 0.045 1.649 -0.181
v -0.011 1.646 -0.203
v 0.096 0.932 -0.085
v 0.119 0.924 -0.06
v 0.11 0.985 -0.069
v 0.105 0.879 -0.072
v 0.121 0.893 -0.055
v 0.061 0.905 -0.098
v 0.057 0.93 -0.11
v 0.091 0.843 -0.071
v 0.091 0.976 -0.099
v 0.062 0.843 -0.077
v 0.047 0.872 -0.093
v 0.035 0.828 -0.068
v 0.064 0.821 -0.068
v 0.057 0.95 -0.118
v 0.059 0.963 -0.123
v 0.091 0.988 -0.1
v 0.007 0.936 -0.143
v 0.006 0.955 -0.149
v 0.035 0.929 -0.121
v -0.004 0.945 -0.151
v -0.015 0.968 -0.164
v -0.003 0.898 -0.122
v 0.025 0.88 -0.105
v -0.014 0.913 -0.126
v -0.011 0.875 -0.086
v -0.019 0.933 -0.151
v -0.017 0.955 -0.162
v -0.063 1.001 -0.187
v 0.027 0.856 -0.086
v -0.013 0.861 -0.071
v -0.001 0.833 -0.053
v -0.047 0.974 -0.176
v -0.062 0.967 -0.182
v -0.02 0.92 -0.144
v -0.091 1.024 -0.197
v 0.008 0.806 -0.048
v -0.01 0.818 -0.021
v -0.002 0.793 -0.012
v 0.033 0.801 -0.054
v 0.02 0.769 -0.031
v -0.019 0.781 0.033
v -0.047 0.927 -0.168
v -0.033 0.906 -0.152
v -0.037 0.892 -0.153
v -0.055 0.893 -0.176
v -0.094 0.99 -0.196
v -0.112 1.044 -0.198
v -0.081 0.884 -0.198
v -0.061 0.847 -0.182
v 0.032 0.728 -0.018
v 0.005 0.715 0.044
v 0.04 0.693 -0.012
v 0.016 0.682 0.048
v 0.036 0.659 0.015
v 0.044 0.633 0.002
v 0.053 0.734 -0.036
v 0.065 0.649 -0.015
v -0.117 1.016 -0.198
v -0.136 1.071 -0.19
v 0.045 0.77 -0.046
v 0.07 0.778 -0.054
v 0.079 0.73 -0.041
v 0.103 0.77 -0.045
v 0.082 0.676 -0.027
v 0.139 0.804 -0.011
v 0.134 0.876 -0.029
v 0.142 0.749 -0.005
v 0.106 0.74 -0.037
v 0.124 0.72 -0.019
v 0.146 0.709 -0.002
v 0.141 0.663 0.002
v 0.109 0.701 -0.026
v 0.107 0.655 -0.02
v 0.142 0.636 0.001
v 0.085 0.646 -0.02
v 0.105 0.593 -0.022
v 0.143 0.598 0
v 0.065 0.619 -0.011
v 0.058 0.582 0
v 0.104 0.58 -0.026
v 0.145 0.574 -0.012
v 0.083 0.56 -0.017
v 0.061 0.552 -0.003
v 0.104 0.551 -0.033
v 0.145 0.557 -0.02
v 0.105 0.527 -0.037
v 0.148 0.535 -0.025
v 0.064 0.499 -0.009
v 0.113 0.481 -0.04
v 0.15 0.487 -0.029
v 0.151 0.462 -0.027
v 0.051 0.506 0.025
v 0.056 0.444 0.032
v 0.045 0.536 0.035
v 0.044 0.576 0.049
v 0.068 0.444 -0.013
v 0.114 0.458 -0.041
v 0.118 0.421 -0.038
v 0.151 0.388 -0.024
v 0.118 0.382 -0.034
v 0.152 0.327 -0.016
v 0.123 0.288 -0.017
v 0.153 0.294 -0.011
v 0.156 0.244 -0.007
v 0.096 0.409 -0.023
v 0.073 0.413 -0.011
v 0.074 0.386 -0.006
v 0.102 0.358 -0.016
v 0.083 0.35 0.003
v 0.114 0.325 -0.017
v 0.091 0.321 0.008
v 0.129 0.248 -0.013
v 0.1 0.256 0.017
v 0.156 0.195 -0.004
v 0.131 0.193 -0.012
v 0.105 0.199 0.011
v 0.091 0.203 0.049
v 0.087 0.249 0.049
v 0.1 0.29 0.012
v 0.087 0.274 0.034
v 0.075 0.298 0.043
v 0.08 0.332 0.021
v 0.068 0.361 0.035
v 0.151 0.191 0.009
v 0.153 0.205 0.02
v 0.127 0.202 0.007
v 0.126 0.196 0.001
v 0.107 0.201 0.016
v 0.153 0.168 0.006
v 0.104 0.194 0.01
v 0.128 0.172 -0.003
v 0.131 0.149 0.001
v 0.152 0.147 0.01
v 0.136 0.139 -0.004
v 0.158 0.139 0.007
v 0.161 0.11 0.012
v 0.135 0.112 -0.002
v 0.107 0.112 0.003
v 0.102 0.172 0.005
v 0.091 0.189 0.039
v 0.087 0.169 0.038
v 0.09 0.145 0.038
v 0.106 0.148 0.008
v 0.104 0.14 0.002
v 0.085 0.137 0.035
v 0.087 0.111 0.031
v 0.144 1.397 -0.056
v 0.148 1.406 -0.072
v 0.14 1.411 -0.054
v 0.161 1.37 -0.079
v 0.17 1.325 -0.078
v 0.172 1.364 -0.093
v 0.151 1.412 -0.081
v 0.159 1.425 -0.1
v 0.152 1.429 -0.09
v 0.152 1.445 -0.097
v 0.154 1.457 -0.104
v 0.157 1.467 -0.108
v 0.166 1.439 -0.115
v 0.172 1.47 -0.123
v 0.164 1.487 -0.118
v 0.186 1.48 -0.123
v 0.178 1.509 -0.119
v 0.183 1.448 -0.126
v 0.21 1.497 -0.094
v 0.198 1.529 -0.09
v 0.197 1.458 -0.128
v 0.224 1.453 -0.106
v 0.195 1.419 -0.133
v 0.212 1.423 -0.133
v 0.239 1.406 -0.115
v 0.228 1.393 -0.135
v 0.191 1.382 -0.124
v 0.221 1.35 -0.13
v 0.194 1.346 -0.114
v 0.209 1.333 -0.122
v 0.233 1.331 -0.129
v 0.178 1.327 -0.096
v 0.189 1.301 -0.099
v 0.18 1.302 -0.083
v 0.179 1.289 -0.08
v 0.209 1.303 -0.118
v 0.202 1.29 -0.112
v 0.188 1.284 -0.096
v 0.176 1.251 -0.089
v 0.165 1.257 -0.075
v 0.257 1.325 -0.13
v 0.256 1.36 -0.118
v 0.248 1.289 -0.13
v 0.263 1.294 -0.127
v 0.247 1.263 -0.122
v 0.258 1.263 -0.117
v 0.23 1.197 -0.088
v 0.232 1.29 -0.125
v 0.219 1.283 -0.122
v 0.222 1.251 -0.118
v 0.217 1.201 -0.094
v 0.187 1.167 -0.066
v 0.201 1.161 -0.06
v 0.183 1.127 -0.042
v 0.169 1.09 -0.021
v 0.15 1.094 -0.027
v 0.189 1.245 -0.102
v 0.172 1.216 -0.086
v 0.202 1.205 -0.096
v 0.155 1.133 -0.045
v 0.137 1.101 -0.03
v 0.125 1.11 -0.029
v 0.174 1.171 -0.066
v 0.142 1.148 -0.044
v 0.118 1.115 -0.024
v 0.152 1.182 -0.058
v 0.13 1.146 -0.034
v 0.118 1.136 -0.022
v 0.123 1.148 -0.026
v 0.125 1.157 -0.023
v 0.15 1.225 -0.061
v 0.142 1.239 -0.037
v 0.133 1.205 -0.022
v 0.154 1.261 -0.046
v 0.173 1.293 -0.059
v 0.181 0.195 0.103
v 0.172 0.208 0.062
v 0.189 0.182 0.084
v 0.167 0.214 0.086
v 0.153 0.217 0.099
v 0.163 0.197 0.123
v 0.138 0.217 0.102
v 0.127 0.217 0.105
v 0.193 0.172 0.128
v 0.137 0.19 0.138
v 0.114 0.215 0.1
v 0.112 0.191 0.126
v 0.102 0.209 0.086
v 0.12 0.169 0.161
v 0.156 0.184 0.141
v 0.141 0.178 0.159
v 0.175 0.178 0.148
v 0.148 0.169 0.188
v 0.128 0.159 0.193
v 0.163 0.159 0.238
v 0.166 0.17 0.183
v 0.185 0.166 0.176
v 0.181 0.161 0.221
v 0.199 0.16 0.169
v 0.198 0.157 0.207
v 0.209 0.152 0.149
v 0.195 0.166 0.106
v 0.215 0.146 0.191
v 0.217 0.141 0.159
v 0.224 0.133 0.192
v 0.207 0.149 0.219
v 0.213 0.139 0.228
v 0.188 0.155 0.237
v 0.194 0.143 0.256
v 0.172 0.146 0.262
v 0.154 0.147 0.256
v 0.139 0.156 0.226
v 0.132 0.143 0.235
v 0.122 0.142 0.215
v 0.114 0.143 0.188
v 0.111 0.153 0.162
v 0.128 1.593 -0.133
v 0.149 1.59 -0.112
v 0.122 1.61 -0.122
v 0.164 1.611 -0.07
v 0.175 1.585 -0.089
v 0.133 1.619 -0.101
v 0.178 1.603 -0.06
v 0.154 1.621 -0.033
v 0.146 1.622 -0.059
v 0.123 1.635 -0.062
v 0.108 1.637 -0.106
v 0.105 1.624 -0.133
v 0.075 1.647 -0.147
v 0.091 1.626 -0.151
v 0.1 1.645 -0.102
v 0.106 1.642 -0.074
v 0.088 1.651 -0.085
v 0.1 1.631 -0.044
v 0.099 1.633 -0.042
v 0.124 1.622 -0.032
v 0.088 1.636 -0.046
v 0.126 1.608 0
v 0.09 1.613 -0.013
v 0.155 1.599 0.009
v 0.173 1.607 -0.013
v 0.074 1.651 -0.073
v 0.052 1.653 -0.066
v 0.061 1.667 -0.093
v 0.078 1.66 -0.113
v 0.063 1.667 -0.147
v 0.18 1.61 -0.025
v 0.201 1.596 -0.022
v 0.191 1.595 -0.005
v 0.208 1.584 -0.049
v 0.208 1.569 -0.07
v 0.19 1.562 -0.092
v 0.177 1.558 -0.113
v 0.159 1.574 -0.114
v 0.058 1.672 -0.111
v 0.046 1.679 -0.133
v 0.048 1.683 -0.109
v 0.053 1.674 -0.092
v 0.043 1.686 -0.091
v 0.028 1.685 -0.161
v 0.019 1.705 -0.152
v 0.035 1.673 -0.172
v 0.079 1.65 -0.151
v 0.002 1.676 -0.19
v -0.009 1.689 -0.175
v 0.149 1.384 -0.079
v 0.148 1.406 -0.072
v 0.151 1.412 -0.081
v 0.152 1.398 -0.116
v 0.151 1.423 -0.12
v 0.152 1.429 -0.09
v 0.147 1.449 -0.125
v 0.152 1.445 -0.097
v 0.154 1.457 -0.104
v 0.157 1.467 -0.108
v 0.136 1.414 -0.156
v 0.137 1.393 -0.151
v 0.134 1.441 -0.159
v 0.149 1.372 -0.111
v 0.135 1.365 -0.143
v 0.137 1.321 -0.105
v 0.121 1.298 -0.131
v 0.153 1.472 -0.126
v 0.164 1.487 -0.118
v 0.139 1.465 -0.149
v 0.131 1.484 -0.165
v 0.143 1.487 -0.148
v 0.134 1.508 -0.157
v 0.161 1.497 -0.128
v 0.178 1.509 -0.119
v 0.134 1.323 -0.071
v 0.117 1.331 -0.017
v 0.129 1.295 -0.103
v 0.104 1.255 -0.124
v 0.124 1.292 -0.065
v 0.114 1.31 -0.019
v 0.112 1.259 -0.096
v 0.122 1.282 -0.089
v 0.105 1.233 -0.09
v 0.091 1.199 -0.117
v 0.118 1.267 -0.068
v 0.092 1.182 -0.101
v 0.082 1.154 -0.106
v 0.095 1.164 -0.093
v 0.116 1.268 -0.046
v 0.112 1.235 -0.07
v 0.112 1.197 -0.067
v 0.116 1.24 -0.044
v 0.11 1.276 -0.018
v 0.11 1.248 -0.018
v 0.107 1.29 0.002
v 0.102 1.32 0.017
v 0.103 1.287 0.023
v 0.107 1.23 0.031
v 0.113 1.211 0
v 0.109 1.181 0.016
v 0.103 1.191 0.036
v 0.122 1.182 -0.037
v 0.115 1.176 0.004
v 0.117 1.161 -0.064
v 0.118 1.164 -0.03
v 0.114 1.142 -0.073
v 0.1 1.146 -0.091
v 0.107 1.126 -0.094
v 0.119 1.163 -0.003
v 0.118 1.158 0.009
v 0.123 1.148 -0.026
v 0.119 1.133 -0.059
v 0.105 1.1 -0.092
v 0.095 1.098 -0.103
v 0.122 1.113 -0.066
v 0.118 1.136 -0.022
v 0.11 1.087 -0.091
v 0.115 1.099 -0.063
v 0.106 1.063 -0.095
v 0.091 1.067 -0.113
v 0.091 1.042 -0.115
v 0.091 1.011 -0.112
v 0.116 1.073 -0.06
v 0.118 1.115 -0.024
v 0.11 1.015 -0.079
v 0.094 0.988 -0.101
v 0.117 1.039 -0.059
v 0.124 1.099 0.001
v 0.122 1.109 -0.003
v 0.119 1.119 -0.018
v -0.247 0.137 -0.118
v -0.22 0.153 -0.123
v -0.253 0.146 -0.089
v -0.213 0.16 -0.107
v -0.184 0.174 -0.122
v -0.185 0.168 -0.149
v -0.156 0.194 -0.136
v -0.148 0.201 -0.162
v -0.135 0.212 -0.144
v -0.167 0.179 -0.114
v -0.117 0.212 -0.122
v -0.15 0.184 -0.103
v -0.199 0.165 -0.09
v -0.166 0.174 -0.092
v -0.121 0.187 -0.098
v -0.236 0.157 -0.071
v -0.198 0.163 -0.069
v -0.253 0.15 -0.063
v -0.266 0.134 -0.086
v -0.27 0.138 -0.053
v -0.173 0.154 -0.059
v -0.149 0.167 -0.079
v -0.206 0.151 -0.04
v -0.237 0.154 -0.045
v -0.232 0.149 -0.034
v -0.256 0.142 -0.033
v -0.264 0.126 -0.03
v 0.13 0.222 0.14
v 0.105 0.214 0.114
v 0.129 0.262 0.13
v 0.103 0.26 0.105
v 0.109 0.286 0.11
v 0.128 0.298 0.135
v 0.102 0.329 0.097
v 0.125 0.335 0.128
v 0.097 0.234 0.095
v 0.094 0.209 0.085
v 0.089 0.255 0.083
v 0.092 0.205 0.066
v 0.091 0.291 0.082
v 0.084 0.261 0.067
v 0.087 0.249 0.049
v 0.091 0.203 0.049
v 0.081 0.287 0.063
v 0.075 0.298 0.043
v 0.08 0.326 0.057
v 0.068 0.361 0.035
v 0.08 0.398 0.08
v 0.076 0.369 0.061
v 0.062 0.441 0.058
v 0.091 0.436 0.101
v 0.115 0.422 0.129
v 0.108 0.467 0.132
v 0.071 0.445 0.074
v 0.092 0.482 0.112
v 0.103 0.497 0.134
v 0.065 0.386 0.033
v 0.087 0.517 0.113
v 0.099 0.547 0.137
v 0.067 0.553 0.096
v 0.094 0.582 0.138
v 0.076 0.613 0.131
v 0.073 0.49 0.081
v 0.074 0.386 -0.006
v 0.083 0.35 0.003
v 0.073 0.413 -0.011
v 0.068 0.444 -0.013
v 0.056 0.444 0.032
v 0.064 0.499 -0.009
v 0.065 0.473 0.063
v 0.051 0.506 0.025
v 0.057 0.531 0.069
v 0.054 0.513 0.048
v 0.045 0.536 0.035
v 0.048 0.55 0.055
v 0.044 0.576 0.049
v 0.05 0.558 0.074
v 0.041 0.607 0.088
v 0.055 0.605 0.105
v 0.054 0.633 0.12
v 0.032 0.644 0.089
v 0.046 0.659 0.122
v 0.029 0.668 0.099
v 0.025 0.696 0.117
v 0.016 0.688 0.084
v 0.029 0.642 0.049
v 0.044 0.592 0.052
v 0.058 0.582 0
v 0.061 0.552 -0.003
v 0.044 0.633 0.002
v 0.036 0.659 0.015
v 0.016 0.682 0.048
v -0.002 0.737 0.079
v 0.005 0.715 0.044
v 0.012 0.715 0.095
v 0.003 0.758 0.093
v 0.007 0.786 0.103
v -0.015 0.78 0.075
v -0.019 0.781 0.033
v -0.019 0.842 0.078
v -0.006 0.847 0.096
v -0.025 0.822 0.066
v -0.029 0.818 0.024
v -0.002 0.793 -0.012
v -0.01 0.818 -0.021
v -0.04 0.843 0.012
v -0.001 0.833 -0.053
v -0.033 0.845 0.042
v -0.039 0.88 0.051
v -0.049 0.868 0.001
v -0.013 0.861 -0.071
v -0.011 0.875 -0.086
v -0.057 0.903 -0.009
v -0.048 0.901 0.041
v -0.022 0.899 0.085
v -0.055 0.922 0.026
v -0.062 0.911 -0.013
v -0.033 0.938 0.073
v 0.032 0.97 0.111
v 0.038 0.924 0.121
v 0.051 0.852 0.132
v 0.034 0.772 0.121
v -0.038 0.948 0.069
v -0.057 0.939 0.039
v -0.056 0.971 0.061
v -0.245 1.187 -0.156
v -0.25 1.237 -0.199
v -0.224 1.194 -0.148
v -0.223 1.248 -0.193
v -0.231 1.272 -0.212
v -0.249 1.275 -0.226
v -0.225 1.299 -0.239
v -0.242 1.298 -0.244
v -0.2 1.302 -0.249
v -0.213 1.276 -0.218
v -0.194 1.269 -0.221
v -0.195 1.233 -0.192
v -0.192 1.182 -0.142
v -0.226 1.17 -0.122
v -0.177 1.172 -0.158
v -0.181 1.248 -0.224
v -0.179 1.292 -0.259
v -0.203 1.17 -0.126
v -0.206 1.163 -0.125
v -0.181 1.301 -0.257
v -0.223 1.166 -0.122
v -0.245 1.164 -0.131
v -0.211 1.153 -0.109
v -0.241 1.159 -0.132
v -0.261 1.146 -0.149
v -0.256 1.14 -0.147
v -0.221 1.155 -0.104
v -0.229 1.143 -0.114
v -0.212 1.141 -0.098
v -0.217 1.125 -0.091
v -0.202 1.31 -0.251
v -0.227 1.306 -0.251
v -0.244 1.311 -0.261
v -0.247 1.303 -0.256
v -0.258 1.309 -0.266
v -0.264 1.298 -0.276
v -0.263 1.317 -0.276
v -0.226 1.321 -0.247
v -0.252 1.315 -0.26
v -0.243 1.334 -0.254
v -0.253 1.343 -0.264
v -0.257 1.385 -0.264
v -0.234 1.365 -0.242
v -0.247 1.393 -0.25
v -0.207 1.319 -0.242
v -0.18 1.308 -0.248
v -0.211 1.348 -0.236
v -0.175 1.325 -0.242
v -0.207 1.385 -0.213
v -0.232 1.4 -0.226
v -0.228 1.429 -0.205
v -0.19 1.365 -0.224
v -0.176 1.374 -0.219
v -0.204 1.417 -0.189
v -0.223 1.444 -0.191
v -0.16 1.318 -0.261
v -0.17 1.288 -0.29
v -0.174 1.269 -0.289
v -0.157 1.369 -0.24
v -0.179 1.413 -0.191
v -0.202 1.439 -0.17
v -0.158 1.401 -0.221
v -0.175 1.431 -0.182
v -0.201 1.452 -0.156
v -0.181 1.442 -0.169
v -0.162 1.409 -0.215
v -0.142 1.431 -0.233
v -0.151 1.381 -0.247
v -0.157 1.34 -0.262
v -0.137 1.408 -0.256
v -0.14 1.389 -0.262
v -0.148 1.35 -0.286
v -0.137 1.427 -0.245
v -0.124 1.439 -0.268
v -0.124 1.458 -0.265
v -0.055 0.922 0.026
v -0.062 0.911 -0.013
v -0.073 0.928 0.015
v -0.084 0.922 0.001
v -0.083 0.956 0.038
v -0.095 0.965 0.034
v -0.057 0.908 -0.024
v -0.057 0.903 -0.009
v -0.011 0.875 -0.086
v -0.033 0.901 -0.08
v -0.028 0.892 -0.113
v -0.021 1.754 0.024
v -0.018 1.759 0.035
v -0.01 1.756 0.022
v -0.042 1.763 0.014
v -0.041 1.765 0.028
v -0.148 0.201 -0.162
v -0.145 0.227 -0.162
v -0.152 0.206 -0.132
v -0.147 0.25 -0.129
v -0.142 0.248 -0.161
v -0.141 0.251 -0.116
v -0.143 0.212 -0.103
v -0.135 0.213 -0.092
v -0.132 0.254 -0.1
v -0.151 0.287 -0.13
v -0.152 0.315 -0.164
v -0.147 0.284 -0.105
v -0.139 0.288 -0.095
v -0.146 0.319 -0.111
v -0.139 0.322 -0.099
v -0.143 0.356 -0.098
v -0.155 0.323 -0.133
v -0.16 0.369 -0.163
v -0.167 0.37 -0.134
v -0.159 0.376 -0.108
v -0.17 0.422 -0.164
v -0.171 0.42 -0.123
v -0.168 0.417 -0.11
v -0.176 0.452 -0.111
v -0.173 0.406 -0.139
v -0.177 0.444 -0.141
v -0.178 0.475 -0.151
v -0.167 0.455 -0.184
v -0.167 0.505 -0.19
v -0.18 0.492 -0.141
v -0.177 0.5 -0.163
v -0.175 0.478 -0.106
v -0.182 0.535 -0.154
v -0.182 0.513 -0.124
v -0.176 0.519 -0.103
v -0.186 0.541 -0.126
v -0.188 0.576 -0.119
v -0.182 0.58 -0.148
v -0.18 0.596 -0.092
v -0.169 0.565 -0.08
v -0.16 0.495 -0.089
v -0.172 0.594 -0.074
v -0.178 0.623 -0.064
v -0.189 0.623 -0.103
v -0.178 0.649 -0.059
v -0.185 0.597 -0.105
v -0.185 0.612 -0.13
v -0.189 0.645 -0.103
v -0.179 0.594 -0.165
v -0.17 0.576 -0.18
v -0.181 0.605 -0.174
v -0.188 0.629 -0.143
v -0.198 0.657 -0.162
v -0.193 0.684 -0.099
v -0.179 0.676 -0.055
v -0.197 0.661 -0.145
v -0.203 0.699 -0.154
v -0.191 0.655 -0.113
v -0.193 0.724 -0.071
v -0.184 0.731 -0.046
v -0.19 0.778 -0.036
v -0.202 0.691 -0.122
v -0.206 0.717 -0.129
v -0.205 0.744 -0.144
v -0.214 0.755 -0.112
v -0.211 0.795 -0.135
v -0.21 0.787 -0.071
v -0.22 0.792 -0.107
v -0.214 0.869 -0.127
v -0.215 0.853 -0.066
v -0.19 0.838 -0.027
v -0.187 0.911 -0.02
v -0.222 0.844 -0.104
v -0.22 0.927 -0.102
v -0.215 0.957 -0.125
v -0.213 1.011 -0.123
v -0.215 0.945 -0.063
v -0.185 0.959 -0.017
v -0.213 1.02 -0.061
v -0.188 1.004 -0.016
v -0.215 1.055 -0.095
v -0.212 1.06 -0.117
v -0.203 1.056 -0.046
v -0.194 1.04 -0.023
v -0.208 1.107 -0.061
v -0.193 1.069 -0.027
v -0.206 1.116 -0.06
v -0.212 1.141 -0.098
v -0.217 1.125 -0.091
v -0.214 1.07 -0.07
v -0.224 1.097 -0.088
v -0.221 1.105 -0.09
v -0.22 1.09 -0.097
v -0.243 1.124 -0.125
v -0.229 1.143 -0.114
v -0.237 1.103 -0.125
v -0.243 1.104 -0.144
v -0.235 1.097 -0.137
v -0.217 1.077 -0.141
v -0.205 1.061 -0.13
v -0.035 0.398 -0.186
v -0.04 0.369 -0.174
v -0.049 0.446 -0.139
v -0.031 0.451 -0.188
v -0.05 0.474 -0.139
v -0.034 0.483 -0.178
v -0.036 0.51 -0.173
v -0.084 0.47 -0.116
v -0.079 0.491 -0.117
v -0.131 0.481 -0.099
v -0.05 0.511 -0.138
v -0.054 0.543 -0.126
v -0.041 0.565 -0.167
v -0.069 0.595 -0.112
v -0.042 0.581 -0.164
v -0.043 0.599 -0.163
v -0.066 0.443 -0.125
v -0.047 0.383 -0.148
v -0.088 0.396 -0.115
v -0.069 0.379 -0.128
v -0.053 0.647 -0.13
v -0.045 0.655 -0.147
v -0.056 0.698 -0.117
v -0.064 0.668 -0.094
v -0.055 0.356 -0.139
v -0.045 0.302 -0.143
v -0.065 0.326 -0.132
v -0.09 0.324 -0.119
v -0.058 0.289 -0.131
v -0.05 0.254 -0.144
v -0.109 0.398 -0.108
v -0.076 0.287 -0.119
v -0.056 0.205 -0.134
v -0.049 0.204 -0.145
v -0.06 0.259 -0.127
v -0.072 0.207 -0.116
v -0.073 0.256 -0.116
v -0.095 0.25 -0.105
v -0.099 0.209 -0.099
v -0.104 0.289 -0.107
v -0.132 0.254 -0.1
v -0.135 0.213 -0.092
v -0.12 0.272 -0.101
v -0.139 0.288 -0.095
v -0.108 0.324 -0.11
v -0.139 0.322 -0.099
v -0.143 0.356 -0.098
v -0.148 0.411 -0.096
v -0.168 0.417 -0.11
v -0.159 0.376 -0.108
v -0.146 0.319 -0.111
v -0.16 0.495 -0.089
v -0.176 0.452 -0.111
v -0.175 0.478 -0.106
v -0.176 0.519 -0.103
v -0.15 0.518 -0.089
v -0.169 0.565 -0.08
v -0.122 0.503 -0.099
v -0.116 0.54 -0.092
v -0.14 0.566 -0.085
v -0.144 0.592 -0.075
v -0.172 0.594 -0.074
v -0.178 0.623 -0.064
v -0.134 0.631 -0.059
v -0.178 0.649 -0.059
v -0.113 0.567 -0.086
v -0.085 0.534 -0.106
v -0.086 0.56 -0.097
v -0.074 0.562 -0.108
v -0.095 0.6 -0.081
v -0.119 0.598 -0.076
v -0.094 0.643 -0.071
v -0.129 0.663 -0.048
v -0.179 0.676 -0.055
v -0.089 0.691 -0.057
v -0.061 0.749 -0.072
v -0.107 0.663 -0.058
v -0.123 0.687 -0.039
v -0.087 0.778 -0.031
v -0.058 0.794 -0.057
v -0.153 0.738 -0.037
v -0.123 0.781 -0.024
v -0.184 0.731 -0.046
v -0.19 0.778 -0.036
v -0.101 0.73 -0.041
v -0.087 0.819 -0.022
v -0.057 0.825 -0.049
v -0.164 0.797 -0.028
v -0.19 0.838 -0.027
v -0.144 0.835 -0.016
v -0.057 0.882 -0.037
v -0.043 0.858 -0.081
v -0.125 0.846 -0.009
v -0.142 0.907 -0.006
v -0.168 0.867 -0.019
v -0.187 0.911 -0.02
v -0.185 0.959 -0.017
v -0.085 0.873 -0.013
v -0.158 0.968 -0.004
v -0.188 1.004 -0.016
v -0.119 0.892 0
v -0.124 0.929 0.006
v -0.086 0.908 -0.007
v -0.146 0.981 0.004
v -0.12 0.951 0.014
v -0.112 0.971 0.03
v -0.084 0.922 0.001
v -0.095 0.965 0.034
v -0.057 0.908 -0.024
v -0.175 1.015 -0.011
v -0.194 1.04 -0.023
v -0.056 0.897 -0.033
v -0.026 0.884 -0.11
v -0.03 0.845 -0.123
v -0.093 0.992 0.052
v -0.083 0.956 0.038
v -0.163 1.026 0.001
v -0.177 1.052 -0.012
v -0.193 1.069 -0.027
v -0.161 1.042 0.005
v -0.132 1.006 0.028
v -0.143 1.039 0.023
v -0.113 1.006 0.04
v -0.129 1.057 0.034
v -0.135 1.052 0.035
v -0.1 1.04 0.053
v -0.057 0.939 0.039
v -0.073 0.928 0.015
v -0.055 0.922 0.026
v -0.076 1.011 0.061
v -0.092 1.072 0.053
v -0.114 1.08 0.039
v -0.103 1.123 0.047
v -0.071 1.046 0.068
v -0.028 1.019 0.078
v -0.044 1.006 0.073
v -0.011 1.01 0.082
v -0.072 1.074 0.06
v 0.026 1.053 0.085
v 0.054 1.077 0.086
v -0.001 1.042 0.084
v -0.02 1.046 0.079
v -0.041 1.067 0.075
v -0.065 1.118 0.062
v 0.081 1.08 0.084
v 0.076 1.102 0.079
v 0.095 1.113 0.06
v 0.1 1.078 0.071
v 0.105 1.097 0.061
v 0.105 1.118 0.05
v 0.116 1.08 0.062
v 0.126 1.127 0.05
v 0.115 1.127 0.033
v 0.126 1.106 0.058
v 0.154 1.112 0.048
v 0.12 1.064 0.057
v 0.167 1.097 0.032
v 0.122 1.052 0.045
v 0.148 1.063 0.021
v 0.126 1.035 0.013
v -0.117 0.212 -0.122
v -0.102 0.211 -0.118
v -0.15 0.184 -0.103
v -0.121 0.187 -0.098
v -0.087 0.207 -0.123
v -0.089 0.186 -0.111
v -0.067 0.185 -0.127
v -0.063 0.202 -0.138
v -0.049 0.188 -0.152
v -0.045 0.165 -0.149
v -0.071 0.167 -0.123
v -0.103 0.158 -0.106
v -0.069 0.137 -0.134
v -0.047 0.141 -0.151
v -0.069 0.131 -0.13
v -0.042 0.133 -0.149
v -0.115 0.128 -0.113
v -0.056 0.106 -0.137
v -0.041 0.107 -0.153
v -0.086 0.122 -0.122
v -0.084 0.105 -0.123
v -0.111 0.117 -0.111
v -0.134 0.121 -0.094
v -0.131 0.108 -0.088
v -0.166 0.118 -0.051
v -0.158 0.104 -0.048
v -0.181 0.104 -0.028
v -0.124 0.155 -0.089
v -0.147 0.136 -0.072
v -0.136 0.161 -0.083
v -0.166 0.139 -0.051
v -0.149 0.167 -0.079
v -0.166 0.174 -0.092
v -0.173 0.154 -0.059
v -0.206 0.151 -0.04
v -0.19 0.138 -0.035
v -0.186 0.116 -0.034
v -0.209 0.138 -0.026
v -0.232 0.149 -0.034
v -0.205 0.114 -0.02
v -0.205 0.106 -0.017
v -0.24 0.112 -0.01
v -0.24 0.119 -0.013
v -0.27 0.117 -0.025
v -0.271 0.123 -0.026
v -0.205 0.116 -0.025
v -0.237 0.14 -0.024
v -0.256 0.142 -0.033
v -0.238 0.12 -0.018
v -0.264 0.126 -0.03
v 0.111 1.045 -0.055
v 0.12 1.067 -0.003
v 0.12 1.097 0.005
v 0.123 1.041 0.001
v 0.124 0.972 -0.043
v 0.11 0.985 -0.069
v 0.105 1.016 -0.078
v 0.091 0.976 -0.099
v 0.091 0.988 -0.1
v 0.096 0.932 -0.085
v 0.119 0.924 -0.06
v 0.13 0.937 -0.038
v 0.133 0.981 0.025
v 0.134 0.876 -0.029
v 0.121 0.893 -0.055
v 0.091 0.843 -0.071
v 0.105 0.879 -0.072
v 0.137 0.91 0.007
v 0.127 1.026 0.018
v 0.14 0.851 0.001
v 0.139 0.804 -0.011
v 0.15 0.833 0.042
v 0.141 0.915 0.035
v 0.126 1.035 0.013
v 0.143 1.058 0.007
v 0.14 1.067 -0.005
v 0.159 1.078 0.013
v 0.149 1.08 -0.001
v 0.122 1.052 0.045
v 0.118 1.071 0.068
v 0.12 1.064 0.057
v 0.116 1.08 0.062
v 0.118 1.035 0.068
v 0.121 0.993 0.07
v 0.127 0.946 0.076
v 0.133 0.863 0.083
v 0.148 0.782 0.068
v 0.142 0.795 0.09
v 0.148 0.764 0.093
v 0.152 0.805 0.044
v 0.15 0.755 0.048
v 0.151 0.749 0.094
v 0.149 0.705 0.063
v 0.15 0.705 0.091
v 0.151 0.67 0.091
v 0.146 0.77 0.02
v 0.142 0.749 -0.005
v 0.147 0.731 0.033
v 0.148 0.689 0.03
v 0.146 0.709 -0.002
v 0.141 0.663 0.002
v 0.155 0.639 0.062
v 0.153 0.623 0.078
v 0.163 0.604 0.035
v 0.155 0.583 0.062
v 0.152 0.67 0.057
v 0.151 0.641 0.032
v 0.142 0.636 0.001
v 0.149 0.617 0.014
v 0.143 0.598 0
v 0.145 0.574 -0.012
v 0.166 0.581 0.023
v 0.17 0.535 0.004
v 0.145 0.557 -0.02
v 0.148 0.535 -0.025
v 0.165 0.556 0.034
v 0.159 0.56 0.067
v 0.171 0.516 0.062
v 0.173 0.486 0.068
v 0.172 0.495 0.005
v 0.173 0.473 0.008
v 0.15 0.487 -0.029
v 0.151 0.462 -0.027
v 0.175 0.461 0.067
v 0.151 0.388 -0.024
v 0.174 0.424 0.041
v 0.172 0.426 0.008
v 0.169 0.392 0.008
v 0.152 0.327 -0.016
v 0.175 0.394 0.063
v 0.171 0.409 0.083
v 0.176 0.329 0.06
v 0.173 0.328 0.082
v 0.173 0.259 0.084
v 0.172 0.362 0.037
v 0.165 0.334 0.013
v 0.167 0.304 0.014
v 0.153 0.294 -0.011
v 0.173 0.253 0.021
v 0.156 0.244 -0.007
v 0.173 0.276 0.041
v 0.175 0.255 0.059
v 0.179 0.21 0.061
v 0.181 0.213 0.091
v 0.173 0.202 0.028
v 0.156 0.195 -0.004
v -0.157 1.369 -0.24
v -0.157 1.34 -0.262
v -0.16 1.318 -0.261
v -0.151 1.381 -0.247
v -0.168 1.299 -0.299
v -0.17 1.288 -0.29
v -0.174 1.269 -0.289
v -0.181 1.252 -0.3
v -0.193 1.235 -0.315
v -0.195 1.21 -0.296
v -0.174 1.231 -0.26
v -0.172 1.182 -0.204
v -0.189 1.142 -0.212
v -0.187 1.11 -0.175
v -0.178 1.123 -0.162
v -0.172 1.143 -0.165
v -0.174 1.158 -0.163
v -0.177 1.172 -0.158
v -0.181 1.248 -0.224
v -0.179 1.292 -0.259
v -0.181 1.301 -0.257
v -0.193 1.291 -0.082
v -0.171 1.291 -0.135
v -0.189 1.322 -0.086
v -0.185 1.258 -0.105
v -0.194 1.261 -0.081
v -0.192 1.248 -0.093
v -0.173 1.25 -0.132
v -0.198 1.227 -0.107
v -0.148 1.244 -0.168
v -0.179 1.23 -0.133
v -0.149 1.276 -0.173
v -0.153 1.216 -0.166
v -0.15 1.327 -0.191
v -0.11 1.272 -0.203
v -0.173 1.351 -0.148
v -0.109 1.365 -0.237
v -0.183 1.213 -0.137
v -0.169 1.2 -0.154
v -0.155 1.379 -0.21
v -0.176 1.393 -0.165
v -0.105 1.386 -0.245
v -0.174 1.412 -0.171
v -0.194 1.191 -0.137
v -0.212 1.186 -0.103
v -0.158 1.176 -0.166
v -0.15 1.399 -0.22
v -0.101 1.421 -0.253
v -0.203 1.17 -0.126
v -0.216 1.167 -0.087
v -0.192 1.182 -0.142
v -0.177 1.172 -0.158
v -0.159 1.415 -0.204
v -0.175 1.431 -0.182
v -0.142 1.431 -0.233
v -0.117 1.44 -0.251
v -0.121 1.458 -0.261
v -0.106 1.456 -0.261
v -0.096 1.48 -0.263
v -0.119 1.474 -0.276
v -0.274 0.126 -0.049
v -0.27 0.138 -0.053
v -0.264 0.126 -0.03
v -0.266 0.134 -0.086
v -0.271 0.12 -0.085
v 0.178 1.509 -0.119
v 0.198 1.529 -0.09
v 0.195 1.541 -0.099
v 0.207 1.547 -0.065
v 0.22 1.503 -0.065
v 0.21 1.497 -0.094
v 0.224 1.453 -0.106
v 0.246 1.44 -0.074
v 0.239 1.406 -0.115
v 0.208 1.569 -0.07
v 0.19 1.562 -0.092
v 0.177 1.558 -0.113
v 0.206 1.565 -0.046
v 0.224 1.505 -0.044
v 0.206 1.582 -0.039
v 0.208 1.584 -0.049
v 0.201 1.596 -0.022
v 0.206 1.586 -0.016
v 0.207 1.564 -0.026
v 0.209 1.548 -0.014
v 0.233 1.482 -0.026
v 0.25 1.439 -0.054
v 0.233 1.46 -0.012
v 0.253 1.399 -0.026
v 0.258 1.397 -0.087
v 0.267 1.391 -0.056
v 0.28 1.338 -0.068
v 0.256 1.36 -0.118
v 0.228 1.393 -0.135
v 0.274 1.345 -0.098
v 0.283 1.323 -0.091
v 0.287 1.316 -0.064
v 0.269 1.319 -0.115
v 0.257 1.325 -0.13
v 0.263 1.294 -0.127
v 0.284 1.303 -0.083
v 0.274 1.274 -0.057
v 0.279 1.296 -0.102
v 0.273 1.274 -0.101
v 0.258 1.263 -0.117
v 0.23 1.197 -0.088
v 0.244 1.199 -0.068
v 0.251 1.206 -0.048
v 0.278 1.276 -0.084
v 0.265 1.252 -0.046
v 0.263 1.237 -0.063
v 0.248 1.219 -0.027
v 0.228 1.184 -0.005
v 0.219 1.156 -0.017
v 0.208 1.146 0.012
v 0.186 1.102 0.01
v 0.187 1.11 0.028
v -0.052 0.192 -0.203
v -0.075 0.187 -0.211
v -0.051 0.166 -0.207
v -0.059 0.204 -0.197
v -0.083 0.201 -0.204
v -0.114 0.175 -0.206
v -0.105 0.198 -0.204
v -0.129 0.199 -0.184
v -0.209 1.452 -0.13
v -0.181 1.442 -0.169
v -0.201 1.452 -0.156
v -0.191 1.439 -0.144
v -0.204 1.444 -0.123
v -0.21 1.452 -0.111
v -0.046 0.192 -0.217
v -0.038 0.2 -0.183
v -0.05 0.239 -0.218
v -0.045 0.255 -0.176
v -0.049 0.204 -0.145
v -0.05 0.254 -0.144
v -0.049 0.292 -0.2
v -0.051 0.293 -0.219
v -0.052 0.324 -0.224
v -0.047 0.273 -0.159
v -0.045 0.302 -0.143
v -0.045 0.349 -0.2
v -0.052 0.385 -0.231
v -0.048 0.294 -0.176
v -0.044 0.329 -0.16
v -0.047 0.383 -0.148
v -0.035 0.398 -0.186
v -0.055 0.421 -0.233
v -0.04 0.369 -0.174
v -0.049 0.446 -0.139
v -0.043 0.434 -0.208
v -0.031 0.451 -0.188
v -0.056 0.455 -0.234
v -0.046 0.473 -0.213
v -0.053 0.481 -0.231
v -0.034 0.483 -0.178
v -0.052 0.505 -0.228
v -0.036 0.51 -0.173
v -0.051 0.53 -0.224
v -0.054 0.559 -0.222
v -0.041 0.565 -0.167
v -0.058 0.58 -0.219
v -0.042 0.581 -0.164
v -0.055 0.589 -0.198
v -0.07 0.606 -0.217
v -0.043 0.599 -0.163
v -0.062 0.627 -0.202
v -0.052 0.635 -0.184
v -0.068 0.676 -0.195
v -0.045 0.655 -0.147
v -0.054 0.676 -0.177
v -0.063 0.806 -0.186
v -0.047 0.711 -0.147
v -0.056 0.698 -0.117
v -0.046 0.752 -0.141
v -0.052 0.767 -0.169
v -0.041 0.787 -0.134
v -0.061 0.749 -0.072
v -0.064 0.668 -0.094
v -0.049 0.8 -0.162
v -0.044 0.835 -0.156
v -0.061 0.847 -0.182
v -0.055 0.893 -0.176
v -0.048 0.803 -0.093
v -0.058 0.794 -0.057
v -0.057 0.825 -0.049
v -0.038 0.831 -0.108
v -0.043 0.858 -0.081
v -0.03 0.845 -0.123
v -0.057 0.882 -0.037
v -0.037 0.892 -0.153
v -0.047 0.927 -0.168
v -0.034 0.87 -0.137
v -0.026 0.884 -0.11
v -0.028 0.892 -0.113
v -0.057 0.908 -0.024
v -0.033 0.906 -0.152
v -0.02 0.92 -0.144
v -0.024 0.905 -0.116
v -0.033 0.901 -0.08
v -0.05 0.239 -0.218
v -0.071 0.191 -0.224
v -0.046 0.192 -0.217
v -0.079 0.287 -0.23
v -0.051 0.293 -0.219
v -0.052 0.324 -0.224
v -0.106 0.257 -0.215
v -0.104 0.195 -0.208
v -0.082 0.32 -0.233
v -0.052 0.385 -0.231
v -0.12 0.222 -0.194
v -0.129 0.199 -0.184
v -0.106 0.3 -0.217
v -0.086 0.376 -0.241
v -0.055 0.421 -0.233
v -0.11 0.326 -0.217
v -0.088 0.41 -0.242
v -0.056 0.455 -0.234
v -0.119 0.386 -0.225
v -0.091 0.464 -0.245
v -0.053 0.481 -0.231
v -0.125 0.419 -0.228
v -0.157 0.394 -0.184
v -0.133 0.356 -0.202
v -0.145 0.326 -0.184
v -0.089 0.493 -0.245
v -0.052 0.505 -0.228
v -0.129 0.456 -0.23
v -0.129 0.484 -0.233
v -0.095 0.535 -0.245
v -0.051 0.53 -0.224
v -0.054 0.559 -0.222
v -0.167 0.455 -0.184
v -0.131 0.526 -0.236
v -0.17 0.422 -0.164
v -0.16 0.369 -0.163
v -0.152 0.315 -0.164
v -0.167 0.505 -0.19
v -0.135 0.283 -0.186
v -0.142 0.248 -0.161
v -0.128 0.24 -0.186
v -0.145 0.227 -0.162
v -0.148 0.201 -0.162
v -0.154 0.177 -0.178
v -0.114 0.175 -0.206
v -0.185 0.168 -0.149
v -0.169 0.161 -0.17
v -0.144 0.157 -0.192
v -0.223 0.129 -0.145
v -0.197 0.151 -0.152
v -0.22 0.153 -0.123
v -0.247 0.137 -0.118
v -0.251 0.128 -0.12
v -0.107 0.157 -0.209
v -0.177 0.132 -0.175
v -0.075 0.163 -0.215
v -0.075 0.187 -0.211
v -0.051 0.166 -0.207
v -0.077 0.143 -0.211
v -0.056 0.144 -0.205
v -0.056 0.135 -0.212
v -0.105 0.14 -0.206
v -0.131 0.135 -0.195
v -0.107 0.132 -0.212
v -0.079 0.134 -0.218
v -0.182 0.119 -0.169
v -0.083 0.106 -0.216
v -0.057 0.107 -0.21
v -0.038 0.108 -0.188
v -0.106 0.105 -0.21
v -0.133 0.106 -0.197
v -0.14 0.121 -0.196
v -0.144 0.127 -0.197
v -0.184 0.114 -0.176
v -0.184 0.107 -0.174
v -0.22 0.103 -0.156
v -0.224 0.11 -0.153
v -0.261 0.105 -0.122
v -0.259 0.112 -0.123
v -0.281 0.11 -0.083
v -0.278 0.118 -0.084
v -0.223 0.115 -0.145
v -0.252 0.116 -0.119
v -0.271 0.12 -0.085
v -0.266 0.134 -0.086
v -0.253 0.146 -0.089
v 0.033 1.71 -0.099
v 0.03 1.687 -0.086
v 0.029 1.712 -0.079
v 0.034 1.724 -0.076
v 0.018 1.708 -0.054
v 0.037 1.732 -0.108
v 0.04 1.739 -0.089
v 0.031 1.713 -0.121
v 0.033 1.7 -0.127
v 0.036 1.684 -0.1
v 0.022 1.716 -0.14
v 0.03 1.734 -0.129
v 0.044 1.75 -0.105
v 0.039 1.752 -0.125
v 0.027 1.749 -0.141
v 0.012 1.728 -0.148
v 0 1.739 -0.157
v 0.051 1.772 -0.125
v 0.046 1.759 -0.088
v 0.047 1.739 -0.059
v 0.058 1.786 -0.11
v 0.049 1.761 -0.076
v 0.067 1.816 -0.114
v 0.052 1.764 -0.051
v 0.046 1.753 -0.039
v 0.057 1.797 -0.067
v 0.055 1.781 -0.088
v 0.054 1.772 -0.037
v 0.044 1.758 -0.022
v 0.027 1.734 -0.018
v 0.055 1.808 -0.053
v 0.051 1.796 -0.032
v 0.046 1.814 -0.027
v 0.041 1.834 -0.021
v 0.061 1.812 -0.077
v 0.05 1.842 -0.045
v 0.062 1.803 -0.084
v 0.058 1.809 -0.088
v 0.057 1.788 -0.098
v 0.07 1.816 -0.094
v 0.07 1.823 -0.102
v 0.076 1.811 -0.111
v 0.061 1.839 -0.065
v 0.071 1.84 -0.105
v 0.07 1.871 -0.084
v 0.058 1.836 -0.154
v 0.054 1.797 -0.144
v 0.038 1.775 -0.155
v 0.036 1.755 -0.139
v 0.013 1.75 -0.162
v 0.048 1.846 -0.169
v 0.057 1.865 -0.156
v 0.064 1.855 -0.144
v 0.074 1.862 -0.112
v 0.06 1.878 -0.14
v 0.046 1.875 -0.165
v 0.072 1.876 -0.116
v 0.038 1.89 -0.16
v 0.022 1.882 -0.183
v 0.024 1.905 -0.168
v 0.045 1.916 -0.13
v 0.046 1.904 -0.132
v 0.053 1.903 -0.105
v 0.051 1.922 -0.093
v 0.068 1.881 -0.091
v 0.053 1.879 -0.054
v 0.057 1.891 -0.084
v 0.033 1.89 -0.038
v 0.051 1.909 -0.076
v 0.049 1.921 -0.071
v 0.038 1.905 -0.037
v 0.05 1.901 -0.083
v -0.05 1.676 -0.057
v -0.058 1.69 -0.056
v -0.037 1.681 -0.045
v -0.041 1.638 -0.056
v -0.049 1.655 -0.06
v -0.025 1.666 -0.053
v -0.018 1.684 -0.046
v -0.069 1.645 -0.071
v -0.069 1.667 -0.081
v -0.003 1.683 -0.057
v 0.017 1.697 -0.068
v -0.028 1.642 -0.053
v -0.012 1.662 -0.056
v -0.007 1.648 -0.05
v 0.016 1.662 -0.061
v 0.019 1.684 -0.07
v 0.032 1.673 -0.083
v 0.03 1.687 -0.086
v 0.036 1.684 -0.1
v 0.033 1.71 -0.099
v 0.029 1.712 -0.079
v 0.004 1.695 -0.051
v -0.072 1.638 -0.062
v -0.053 1.63 -0.049
v -0.074 1.612 -0.056
v -0.087 1.618 -0.066
v -0.103 1.59 -0.055
v -0.088 1.637 -0.075
v -0.084 1.65 -0.083
v -0.089 1.662 -0.097
v -0.081 1.664 -0.095
v -0.042 0.133 -0.149
v -0.038 0.108 -0.188
v -0.041 0.107 -0.153
v -0.035 0.135 -0.187
v -0.056 0.135 -0.212
v -0.047 0.141 -0.151
v -0.056 0.144 -0.205
v -0.04 0.144 -0.184
v -0.045 0.165 -0.149
v -0.036 0.167 -0.183
v -0.051 0.166 -0.207
v -0.052 0.192 -0.203
v -0.04 0.191 -0.181
v -0.059 0.204 -0.197
v -0.049 0.188 -0.152
v -0.051 0.203 -0.179
v -0.063 0.202 -0.138
v 0.142 1.425 0.007
v 0.162 1.456 0.026
v 0.154 1.387 -0.009
v 0.176 1.432 0.017
v 0.203 1.363 -0.002
v 0.171 1.345 -0.02
v -0.247 1.393 -0.25
v -0.243 1.334 -0.254
v -0.257 1.385 -0.264
v -0.249 1.424 -0.259
v -0.242 1.43 -0.232
v -0.234 1.365 -0.242
v -0.232 1.4 -0.226
v -0.228 1.429 -0.205
v -0.233 1.471 -0.21
v -0.223 1.444 -0.191
v -0.259 1.384 -0.274
v -0.253 1.343 -0.264
v -0.246 1.454 -0.245
v -0.248 1.442 -0.268
v -0.26 1.355 -0.279
v -0.263 1.317 -0.276
v -0.252 1.315 -0.26
v -0.248 1.436 -0.283
v -0.234 1.505 -0.254
v -0.258 1.386 -0.286
v -0.24 1.501 -0.239
v -0.237 1.488 -0.222
v -0.243 1.524 -0.228
v -0.26 1.374 -0.299
v -0.252 1.397 -0.296
v -0.257 1.358 -0.31
v -0.262 1.334 -0.29
v -0.269 1.314 -0.303
v -0.258 1.309 -0.266
v -0.273 1.304 -0.295
v -0.264 1.298 -0.276
v -0.267 1.276 -0.262
v -0.267 1.288 -0.299
v -0.24 1.51 -0.207
v -0.239 1.553 -0.205
v -0.237 1.544 -0.225
v -0.228 1.572 -0.234
v -0.223 1.582 -0.229
v -0.234 1.566 -0.198
v -0.242 1.298 -0.244
v -0.247 1.303 -0.256
v -0.249 1.275 -0.226
v -0.237 1.528 -0.183
v -0.235 1.541 -0.174
v -0.216 1.556 -0.15
v -0.226 1.488 -0.176
v -0.231 1.507 -0.156
v -0.223 1.537 -0.152
v -0.218 1.468 -0.168
v -0.213 1.518 -0.122
v -0.194 1.561 -0.126
v -0.202 1.439 -0.17
v -0.204 1.417 -0.189
v -0.201 1.452 -0.156
v -0.22 1.476 -0.149
v -0.224 1.508 -0.14
v -0.211 1.463 -0.139
v -0.209 1.452 -0.13
v -0.217 1.479 -0.128
v -0.213 1.494 -0.117
v -0.214 1.478 -0.116
v -0.21 1.452 -0.111
v -0.194 1.482 -0.077
v -0.187 1.505 -0.076
v -0.192 1.523 -0.092
v -0.173 1.576 -0.108
v -0.168 1.533 -0.065
v -0.164 1.502 -0.036
v -0.191 1.461 -0.065
v -0.172 1.541 -0.069
v -0.172 1.583 -0.112
v -0.17 1.592 -0.127
v -0.167 1.509 -0.039
v -0.16 1.478 -0.019
v -0.149 1.532 -0.038
v -0.149 1.548 -0.05
v -0.175 1.467 -0.038
v -0.154 1.462 -0.012
v -0.188 1.443 -0.06
v -0.175 1.442 -0.032
v -0.156 1.445 -0.01
v -0.206 1.429 -0.111
v -0.202 1.402 -0.103
v -0.204 1.444 -0.123
v -0.184 1.395 -0.061
v -0.172 1.413 -0.032
v -0.188 1.413 -0.133
v -0.191 1.439 -0.144
v -0.167 1.388 -0.034
v -0.139 1.387 0.001
v -0.184 1.374 -0.056
v -0.135 1.366 0.002
v -0.157 1.353 -0.022
v -0.191 1.377 -0.081
v -0.19 1.355 -0.093
v -0.184 1.35 -0.053
v -0.159 1.319 -0.017
v -0.188 1.396 -0.127
v -0.174 1.412 -0.171
v -0.175 1.431 -0.182
v -0.181 1.442 -0.169
v -0.176 1.393 -0.165
v -0.173 1.351 -0.148
v -0.182 1.342 -0.113
v -0.171 1.291 -0.135
v -0.189 1.322 -0.086
v -0.182 1.312 -0.045
v -0.193 1.291 -0.082
v -0.142 1.267 0.007
v -0.141 1.308 0.005
v -0.179 1.27 -0.043
v -0.194 1.261 -0.081
v -0.179 1.255 -0.04
v -0.195 1.238 -0.081
v -0.192 1.248 -0.093
v -0.179 1.239 -0.041
v -0.205 1.201 -0.076
v -0.198 1.227 -0.107
v -0.185 1.258 -0.105
v -0.212 1.186 -0.103
v -0.19 1.198 -0.035
v -0.211 1.188 -0.073
v -0.211 1.175 -0.056
v -0.189 1.183 -0.029
v -0.215 1.166 -0.052
v -0.216 1.167 -0.087
v -0.168 1.214 -0.004
v -0.147 1.24 0.017
v -0.121 1.265 0.032
v -0.12 1.289 0.027
v -0.171 1.179 -0.002
v -0.194 1.17 -0.022
v -0.2 1.158 -0.015
v -0.201 1.149 -0.015
v -0.178 1.156 0.003
v -0.164 1.17 0.01
v -0.194 1.125 -0.014
v -0.155 1.181 0.023
v -0.147 1.208 0.019
v -0.155 1.157 0.022
v -0.211 1.142 -0.049
v -0.195 1.07 -0.024
v -0.183 1.053 -0.01
v -0.213 1.115 -0.054
v -0.183 1.075 -0.003
v -0.219 1.138 -0.092
v -0.167 1.041 0.009
v -0.211 1.153 -0.109
v -0.206 1.163 -0.125
v -0.203 1.17 -0.126
v -0.169 1.065 0.01
v -0.149 1.038 0.023
v -0.135 1.052 0.035
v -0.207 1.18 -0.274
v -0.189 1.142 -0.212
v -0.195 1.21 -0.296
v -0.204 1.102 -0.182
v -0.187 1.11 -0.175
v -0.208 1.104 -0.177
v -0.227 1.101 -0.181
v -0.226 1.099 -0.186
v -0.239 1.104 -0.183
v -0.192 1.112 -0.169
v -0.178 1.123 -0.162
v -0.187 1.123 -0.154
v -0.193 1.11 -0.156
v -0.209 1.096 -0.163
v -0.223 1.098 -0.168
v -0.239 1.096 -0.152
v -0.227 1.093 -0.171
v -0.243 1.092 -0.156
v -0.247 1.112 -0.173
v -0.252 1.113 -0.177
v -0.256 1.122 -0.164
v -0.262 1.127 -0.168
v -0.256 1.14 -0.147
v 0.105 1.624 -0.133
v 0.106 1.593 -0.152
v 0.122 1.61 -0.122
v 0.133 1.619 -0.101
v 0.217 0.125 0.231
v 0.213 0.139 0.228
v 0.224 0.133 0.192
v 0.225 0.12 0.194
v 0.22 0.12 0.156
v 0.22 0.13 0.155
v 0.204 0.124 0.111
v 0.217 0.141 0.159
v 0.204 0.137 0.104
v 0.182 0.14 0.058
v 0.206 0.146 0.115
v 0.209 0.152 0.149
v 0.195 0.166 0.106
v 0.174 0.162 0.032
v 0.169 0.145 0.032
v 0.152 0.147 0.01
v 0.153 0.168 0.006
v 0.176 0.179 0.038
v 0.151 0.191 0.009
v 0.153 0.205 0.02
v 0.168 0.203 0.035
v 0.172 0.208 0.062
v 0.189 0.182 0.084
v 0.19 0.162 0.068
v 0.193 0.172 0.128
v 0.181 0.195 0.103
v -0.086 0.122 -0.122
v -0.084 0.105 -0.123
v -0.127 0.104 -0.184
v -0.129 0.12 -0.182
v -0.133 0.106 -0.197
v -0.14 0.121 -0.196
v 0.201 1.161 -0.06
v 0.244 1.199 -0.068
v 0.23 1.197 -0.088
v 0.218 1.162 -0.043
v 0.183 1.127 -0.042
v 0.219 1.156 -0.017
v 0.251 1.206 -0.048
v 0.181 1.093 -0.009
v 0.169 1.09 -0.021
v 0.186 1.102 0.01
v 0.17 1.093 -0.016
v 0.17 1.082 0.002
v 0.176 1.087 0.016
v 0.146 1.09 -0.014
v 0.15 1.098 -0.024
v 0.168 1.089 0.012
v 0.176 1.095 0.033
v 0.132 1.099 -0.013
v 0.144 1.097 -0.005
v 0.125 1.114 0.007
v 0.122 1.109 -0.003
v 0.13 1.11 -0.025
v 0.119 1.119 -0.018
v 0.118 1.115 -0.024
v 0.167 1.097 0.032
v 0.154 1.112 0.048
v 0.165 1.107 0.049
v 0.148 1.12 0.058
v 0.126 1.127 0.05
v 0.132 1.128 0.058
v 0.148 1.063 0.021
v 0.159 1.078 0.013
v 0.149 1.08 -0.001
v 0.143 1.058 0.007
v 0.126 1.035 0.013
v -0.065 1.737 -0.009
v -0.064 1.784 0.01
v -0.06 1.748 -0.002
v -0.047 1.77 0.009
v -0.036 1.755 0.017
v -0.074 1.576 -0.027
v -0.054 1.6 -0.039
v -0.068 1.535 0.009
v -0.062 1.603 -0.046
v 0.019 1.705 -0.152
v -0.009 1.689 -0.175
v 0.028 1.685 -0.161
v -0.016 1.707 -0.165
v -0.034 1.704 -0.168
v -0.025 1.688 -0.179
v -0.02 1.676 -0.196
v 0.002 1.676 -0.19
v -0.044 1.685 -0.176
v -0.049 1.697 -0.169
v -0.052 1.703 -0.159
v -0.078 1.691 -0.149
v -0.076 1.681 -0.158
v -0.071 1.675 -0.17
v -0.091 1.668 -0.143
v -0.017 1.649 -0.208
v -0.046 1.666 -0.203
v -0.047 1.674 -0.196
v -0.078 1.666 -0.188
v -0.087 1.646 -0.203
v -0.111 1.639 -0.191
v 0.045 1.649 -0.181
v 0.035 1.673 -0.172
v 0.079 1.65 -0.151
v -0.011 1.646 -0.203
v -0.049 1.651 -0.214
v -0.109 1.636 -0.193
v -0.132 1.628 -0.171
v -0.149 1.612 -0.149
v -0.152 1.614 -0.146
v -0.084 1.643 -0.203
v -0.049 1.648 -0.21
v -0.069 1.629 -0.217
v -0.11 1.606 -0.234
v -0.105 1.631 -0.206
v -0.13 1.617 -0.219
v -0.123 1.595 -0.245
v -0.156 1.614 -0.228
v -0.175 1.6 -0.245
v -0.195 1.587 -0.26
v -0.169 1.569 -0.276
v -0.197 1.566 -0.258
v -0.206 1.586 -0.251
v -0.05 1.614 -0.227
v -0.031 1.63 -0.214
v -0.004 1.622 -0.208
v 0.045 1.631 -0.182
v -0.047 1.573 -0.237
v 0.042 1.646 -0.177
v 0.075 1.647 -0.147
v 0.091 1.626 -0.151
v -0.071 1.612 -0.229
v -0.064 1.577 -0.24
v 0.019 1.585 -0.207
v 0.04 1.544 -0.203
v 0.065 1.605 -0.177
v 0.09 1.601 -0.163
v 0.085 1.553 -0.182
v 0.046 1.586 -0.194
v 0.065 1.567 -0.187
v -0.092 1.572 -0.25
v 0.106 1.593 -0.152
v 0.105 1.624 -0.133
v -0.128 1.56 -0.268
v -0.085 1.529 -0.259
v -0.106 1.522 -0.27
v -0.043 1.536 -0.243
v -0.01 1.543 -0.225
v -0.007 1.462 -0.23
v -0.046 1.496 -0.248
v 0.053 1.497 -0.2
v -0.131 1.507 -0.282
v -0.096 1.48 -0.263
v -0.119 1.474 -0.276
v -0.074 1.481 -0.26
v -0.106 1.456 -0.261
v -0.08 1.452 -0.26
v -0.047 1.455 -0.248
v -0.079 1.427 -0.255
v -0.153 1.549 -0.283
v -0.16 1.538 -0.281
v -0.182 1.532 -0.272
v -0.199 1.541 -0.262
v -0.139 1.5 -0.283
v -0.12 1.465 -0.283
v -0.156 1.476 -0.294
v -0.13 1.445 -0.293
v -0.131 1.436 -0.3
v -0.136 1.415 -0.311
v -0.161 1.511 -0.286
v -0.17 1.442 -0.312
v -0.149 1.386 -0.326
v -0.175 1.499 -0.287
v -0.183 1.459 -0.304
v -0.182 1.412 -0.326
v -0.209 1.426 -0.319
v -0.19 1.378 -0.336
v -0.163 1.356 -0.339
v -0.215 1.456 -0.302
v -0.223 1.389 -0.329
v -0.208 1.297 -0.354
v -0.197 1.286 -0.354
v -0.229 1.343 -0.341
v -0.234 1.397 -0.319
v -0.224 1.434 -0.31
v -0.237 1.431 -0.301
v -0.226 1.466 -0.292
v -0.249 1.353 -0.327
v -0.257 1.358 -0.31
v -0.254 1.315 -0.329
v -0.228 1.313 -0.348
v -0.269 1.314 -0.303
v -0.273 1.304 -0.295
v -0.26 1.299 -0.324
v -0.267 1.288 -0.299
v -0.252 1.397 -0.296
v -0.26 1.374 -0.299
v -0.248 1.436 -0.283
v -0.258 1.386 -0.286
v -0.232 1.284 -0.349
v -0.246 1.297 -0.338
v -0.238 1.264 -0.342
v -0.263 1.286 -0.316
v -0.254 1.278 -0.329
v -0.263 1.264 -0.306
v -0.234 1.472 -0.28
v -0.234 1.505 -0.254
v -0.206 1.271 -0.354
v -0.253 1.25 -0.319
v -0.253 1.21 -0.28
v -0.268 1.216 -0.261
v -0.266 1.196 -0.239
v -0.25 1.148 -0.218
v -0.207 1.516 -0.27
v -0.192 1.28 -0.349
v -0.147 1.354 -0.316
v -0.2 1.264 -0.348
v -0.216 1.254 -0.345
v -0.209 1.237 -0.328
v -0.221 1.515 -0.261
v -0.215 1.541 -0.254
v -0.22 1.226 -0.323
v -0.23 1.541 -0.241
v -0.24 1.501 -0.239
v -0.243 1.524 -0.228
v -0.237 1.544 -0.225
v -0.228 1.572 -0.234
v -0.216 1.566 -0.252
v -0.223 1.582 -0.229
v -0.235 1.234 -0.322
v -0.22 1.17 -0.266
v -0.237 1.189 -0.278
v -0.239 1.104 -0.183
v -0.252 1.113 -0.177
v -0.21 1.222 -0.318
v -0.222 1.126 -0.214
v -0.226 1.099 -0.186
v -0.204 1.102 -0.182
v -0.207 1.18 -0.274
v -0.195 1.21 -0.296
v -0.193 1.235 -0.315
v -0.182 1.264 -0.321
v 0.132 0.143 0.235
v 0.154 0.147 0.256
v 0.148 0.126 0.262
v 0.172 0.146 0.262
v 0.176 0.131 0.269
v 0.195 0.131 0.261
v 0.194 0.143 0.256
v 0.188 0.155 0.237
v 0.213 0.139 0.228
v 0.217 0.125 0.231
v 0.161 0.11 0.012
v 0.176 0.136 0.03
v 0.158 0.139 0.007
v 0.187 0.11 0.057
v 0.189 0.125 0.062
v 0.193 0.132 0.065
v 0.209 0.119 0.106
v 0.208 0.112 0.107
v 0.226 0.108 0.15
v 0.225 0.114 0.15
v 0.233 0.11 0.196
v 0.232 0.116 0.196
v 0.221 0.123 0.238
v 0.222 0.115 0.241
v 0.04 1.739 -0.089
v 0.034 1.724 -0.076
v 0.047 1.739 -0.059
v 0.036 1.725 -0.053
v 0.018 1.708 -0.054
v 0.011 1.696 -0.012
v 0 1.695 -0.038
v -0.009 1.684 0.001
v 0.004 1.695 -0.051
v 0.029 1.712 -0.079
v -0.016 1.687 -0.027
v -0.018 1.684 -0.046
v 0.017 1.697 -0.068
v -0.037 1.681 -0.045
v -0.035 1.685 -0.026
v -0.058 1.69 -0.056
v -0.052 1.692 -0.035
v -0.073 1.711 -0.06
v -0.039 1.685 -0.001
v -0.057 1.698 -0.011
v -0.093 1.741 -0.055
v -0.084 1.728 -0.078
v -0.048 1.686 0.001
v -0.05 1.688 0.012
v -0.061 1.702 -0.002
v -0.026 1.679 0.017
v -0.033 1.687 0.025
v -0.009 1.68 0.013
v 0.005 1.685 -0.002
v 0.001 1.686 0.017
v 0.018 1.696 -0.006
v 0.009 1.695 0.014
v -0.07 1.612 -0.062
v -0.074 1.612 -0.056
v -0.053 1.63 -0.049
v -0.103 1.59 -0.055
v 0.173 1.293 -0.059
v 0.165 1.257 -0.075
v 0.179 1.289 -0.08
v 0.175 1.305 -0.059
v 0.18 1.302 -0.083
v 0.17 1.325 -0.078
v 0.176 1.302 -0.035
v 0.16 1.272 -0.03
v 0.154 1.261 -0.046
v 0.156 1.255 -0.021
v 0.142 1.239 -0.037
v 0.133 1.205 -0.022
v 0.166 1.268 -0.01
v 0.18 1.293 -0.015
v 0.19 1.305 -0.02
v 0.164 1.247 -0.002
v 0.18 1.315 -0.026
v 0.145 1.18 0.026
v 0.165 1.324 -0.056
v 0.139 1.396 -0.032
v 0.144 1.397 -0.056
v 0.171 1.345 -0.02
v 0.14 1.411 -0.054
v 0.154 1.387 -0.009
v 0.142 1.425 0.007
v 0.128 1.432 -0.021
v 0.129 1.458 0.015
v 0.119 1.452 -0.002
v 0.124 1.471 0.02
v 0.142 1.209 -0.002
v 0.129 1.174 0.013
v 0.128 1.148 0.045
v 0.114 1.145 0.025
v 0.118 1.158 0.009
v 0.119 1.163 -0.003
v 0.125 1.157 -0.023
v 0.15 1.225 -0.061
v 0.123 1.148 -0.026
v 0.019 1.705 -0.152
v 0.046 1.679 -0.133
v 0.037 1.699 -0.128
v 0.048 1.683 -0.109
v 0.043 1.693 -0.111
v 0.043 1.686 -0.091
v -0.033 1.121 0.074
v -0.041 1.07 0.08
v -0.069 1.13 0.066
v -0.043 1.151 0.074
v -0.079 1.168 0.06
v -0.051 1.179 0.073
v -0.062 1.199 0.067
v -0.092 1.217 0.053
v -0.073 1.239 0.06
v -0.096 1.232 0.05
v 0.185 1.111 0.026
v 0.176 1.095 0.033
v 0.177 1.121 0.04
v 0.165 1.107 0.049
v 0.148 1.12 0.058
v 0.157 1.136 0.049
v 0.141 1.143 0.047
v 0.132 1.128 0.058
v 0.122 1.132 0.049
v 0.128 1.145 0.037
v 0.191 1.595 -0.005
v 0.155 1.599 0.009
v 0.173 1.607 -0.013
v 0.185 1.589 0.009
v 0.206 1.586 -0.016
v 0.201 1.596 -0.022
v 0.197 1.573 0.006
v 0.209 1.548 -0.014
v 0.146 1.587 0.024
v 0.168 1.579 0.027
v 0.116 1.595 0.012
v 0.126 1.608 0
v 0.09 1.613 -0.013
v 0.134 1.577 0.03
v 0.079 1.593 0.01
v 0.077 1.608 -0.012
v 0.203 1.54 0.003
v 0.185 1.55 0.023
v 0.233 1.46 -0.012
v 0.233 1.482 -0.026
v 0.219 1.464 0.003
v 0.242 1.378 -0.008
v 0.253 1.399 -0.026
v 0.202 1.504 0.016
v 0.16 1.543 0.041
v 0.185 1.51 0.027
v 0.207 1.461 0.012
v 0.223 1.428 0.002
v 0.144 1.55 0.046
v 0.169 1.483 0.029
v 0.191 1.437 0.017
v 0.167 1.512 0.035
v 0.208 1.388 0.006
v 0.231 1.377 0
v 0.176 1.432 0.017
v 0.203 1.363 -0.002
v 0.162 1.456 0.026
v 0.145 1.482 0.032
v 0.151 1.503 0.038
v 0.132 1.497 0.042
v 0.129 1.458 0.015
v 0.142 1.425 0.007
v 0.124 1.471 0.02
v 0.143 1.514 0.046
v 0.228 1.335 -0.009
v 0.137 1.523 0.046
v 0.121 1.485 0.037
v 0.118 1.464 0.026
v 0.202 1.328 -0.009
v 0.171 1.345 -0.02
v 0.18 1.315 -0.026
v 0.202 1.314 -0.011
v 0.19 1.305 -0.02
v 0.176 1.302 -0.035
v 0.218 1.309 -0.007
v 0.107 1.556 0.04
v 0.114 1.481 0.041
v 0.116 1.445 0.028
v 0.245 1.338 -0.016
v 0.212 1.3 -0.01
v 0.18 1.293 -0.015
v 0.087 1.574 0.028
v 0.243 1.308 -0.015
v 0.264 1.341 -0.031
v 0.219 1.289 -0.005
v 0.25 1.366 -0.018
v 0.192 1.286 -0.003
v 0.18 1.263 0.003
v 0.166 1.268 -0.01
v 0.164 1.247 -0.002
v 0.267 1.391 -0.056
v 0.25 1.439 -0.054
v 0.28 1.338 -0.068
v 0.177 1.235 0.011
v 0.145 1.18 0.026
v 0.273 1.329 -0.047
v 0.287 1.316 -0.064
v 0.266 1.309 -0.03
v 0.274 1.274 -0.057
v 0.26 1.291 -0.026
v 0.249 1.269 -0.02
v 0.265 1.252 -0.046
v 0.236 1.244 -0.01
v 0.248 1.219 -0.027
v 0.198 1.225 0.015
v 0.212 1.189 0.016
v 0.228 1.184 -0.005
v 0.208 1.146 0.012
v 0.157 1.176 0.033
v 0.193 1.149 0.031
v 0.187 1.11 0.028
v 0.178 1.122 0.045
v 0.174 1.167 0.037
v 0.158 1.138 0.055
v 0.139 1.146 0.052
v 0.128 1.148 0.045
v -0.243 1.124 -0.125
v -0.237 1.147 -0.109
v -0.221 1.155 -0.104
v -0.254 1.124 -0.125
v -0.243 1.104 -0.144
v -0.252 1.103 -0.147
v -0.239 1.096 -0.152
v -0.243 1.092 -0.156
v -0.233 1.099 -0.152
v -0.209 1.096 -0.163
v -0.207 1.105 -0.155
v -0.193 1.11 -0.156
v -0.198 1.12 -0.148
v -0.194 1.127 -0.144
v -0.187 1.123 -0.154
v -0.02 1.676 -0.196
v -0.044 1.685 -0.176
v -0.047 1.674 -0.196
v -0.071 1.675 -0.17
v -0.078 1.666 -0.188
v -0.098 1.656 -0.17
v -0.111 1.639 -0.191
v -0.089 1.663 -0.156
v -0.091 1.668 -0.143
v -0.1 1.651 -0.131
v -0.136 1.621 -0.134
v -0.114 1.639 -0.174
v -0.132 1.628 -0.171
v -0.152 1.614 -0.146
v -0.139 1.612 -0.115
v -0.107 1.643 -0.123
v -0.096 1.653 -0.102
v -0.113 1.627 -0.108
v -0.124 1.592 -0.071
v -0.141 1.585 -0.08
v -0.129 1.554 -0.04
v -0.172 1.583 -0.112
v -0.172 1.541 -0.069
v -0.149 1.548 -0.05
v -0.166 1.602 -0.136
v -0.17 1.592 -0.127
v -0.164 1.6 -0.137
v 0.115 1.127 0.033
v 0.105 1.118 0.05
v 0.093 1.152 0.049
v 0.117 1.142 0.023
v 0.114 1.145 0.025
v 0.118 1.158 0.009
v 0.095 1.17 0.037
v 0.115 1.176 0.004
v 0.109 1.181 0.016
v 0.113 1.211 0
v 0.103 1.191 0.036
v 0.063 1.148 0.072
v 0.071 1.105 0.085
v 0.054 1.107 0.086
v 0.067 1.169 0.06
v 0.047 1.147 0.074
v 0.021 1.129 0.075
v 0.038 1.082 0.093
v 0.045 1.069 0.096
v 0.086 1.201 0.047
v 0.107 1.23 0.031
v 0.042 1.179 0.069
v 0.003 1.059 0.095
v 0.025 1.052 0.097
v -0.003 1.041 0.095
v -0.017 1.047 0.086
v -0.012 1.078 0.085
v -0.041 1.07 0.08
v -0.033 1.121 0.074
v 0.086 1.244 0.048
v 0.103 1.287 0.023
v -0.003 1.138 0.072
v -0.043 1.151 0.074
v -0.021 1.178 0.071
v -0.051 1.179 0.073
v -0.043 1.199 0.068
v -0.062 1.199 0.067
v -0.073 1.239 0.06
v -0.053 1.246 0.062
v 0.036 1.241 0.06
v 0.082 1.28 0.044
v 0.042 1.206 0.067
v 0.082 1.313 0.042
v 0.102 1.32 0.017
v -0.017 1.208 0.073
v -0.019 1.242 0.07
v 0.01 1.196 0.073
v 0.004 1.243 0.071
v 0.027 1.16 0.074
v -0.018 1.26 0.071
v 0.002 1.26 0.063
v 0.036 1.272 0.057
v -0.021 1.276 0.063
v 0.045 1.319 0.05
v -0.044 1.276 0.063
v -0.068 1.311 0.05
v -0.015 1.315 0.056
v -0.002 1.342 0.055
v 0.052 1.349 0.048
v -0.03 1.343 0.054
v -0.03 1.374 0.055
v 0.001 1.374 0.057
v -0.054 1.348 0.048
v -0.065 1.354 0.044
v -0.034 1.404 0.055
v -0.07 1.324 0.049
v -0.079 1.306 0.049
v -0.071 1.312 0.055
v -0.093 1.327 0.047
v -0.087 1.355 0.044
v -0.097 1.301 0.046
v -0.078 1.366 0.042
v -0.097 1.268 0.049
v -0.079 1.27 0.056
v -0.096 1.232 0.05
v -0.04 1.402 0.059
v -0.055 1.407 0.048
v -0.042 1.444 0.051
v -0.02 1.431 0.064
v -0.032 1.484 0.044
v -0.018 1.43 0.059
v 0.006 1.473 0.061
v -0.006 1.497 0.048
v -0.014 1.542 0.027
v 0.017 1.504 0.057
v 0.006 1.467 0.057
v 0.004 1.424 0.064
v 0.003 1.535 0.038
v 0.022 1.468 0.06
v 0.039 1.569 0.025
v 0.013 1.594 -0.009
v 0.051 1.565 0.032
v 0.021 1.504 0.051
v 0.037 1.404 0.055
v 0.028 1.582 0.009
v 0.042 1.577 0.023
v 0.039 1.586 0.005
v 0.037 1.627 -0.032
v 0.065 1.581 0.02
v 0.047 1.583 0.013
v 0.053 1.563 0.028
v 0.054 1.606 -0.008
v 0.076 1.595 0.01
v 0.088 1.636 -0.046
v 0.046 1.644 -0.048
v 0.077 1.608 -0.012
v 0.089 1.615 -0.013
v 0.099 1.633 -0.042
v 0.09 1.613 -0.013
v 0.1 1.631 -0.044
v 0.124 1.622 -0.032
v 0.072 1.56 0.034
v 0.046 1.52 0.047
v 0.076 1.525 0.048
v 0.046 1.484 0.054
v 0.077 1.498 0.052
v 0.035 1.468 0.061
v 0.108 1.527 0.045
v 0.11 1.5 0.045
v 0.106 1.469 0.043
v 0.032 1.451 0.06
v 0.049 1.451 0.056
v 0.057 1.471 0.063
v 0.049 1.427 0.056
v 0.076 1.452 0.052
v 0.08 1.47 0.058
v 0.076 1.439 0.053
v 0.075 1.417 0.048
v 0.11 1.455 0.038
v 0.109 1.424 0.031
v 0.121 1.499 0.045
v 0.07 1.387 0.047
v 0.099 1.395 0.036
v 0.09 1.366 0.042
v 0.119 1.407 -0.004
v 0.095 1.343 0.027
v 0.104 1.372 0.013
v 0.117 1.331 -0.017
v 0.114 1.31 -0.019
v 0.133 1.39 -0.036
v 0.149 1.384 -0.079
v 0.14 1.411 -0.054
v 0.148 1.406 -0.072
v 0.128 1.432 -0.021
v 0.118 1.44 0.009
v -0.245 1.187 -0.156
v -0.224 1.194 -0.148
v -0.226 1.17 -0.122
v -0.245 1.164 -0.131
v -0.261 1.146 -0.149
v -0.261 1.172 -0.173
v -0.25 1.237 -0.199
v -0.26 1.154 -0.196
v -0.266 1.21 -0.204
v -0.262 1.127 -0.168
v -0.256 1.14 -0.147
v -0.252 1.113 -0.177
v -0.25 1.148 -0.218
v -0.266 1.196 -0.239
v -0.266 1.235 -0.222
v -0.268 1.216 -0.261
v -0.263 1.265 -0.242
v -0.265 1.252 -0.281
v -0.263 1.264 -0.306
v -0.263 1.286 -0.316
v -0.26 1.299 -0.324
v -0.225 1.299 -0.239
v -0.227 1.306 -0.251
v -0.2 1.302 -0.249
v -0.242 1.298 -0.244
v -0.247 1.303 -0.256
v -0.076 1.894 -0.026
v -0.056 1.911 0.002
v -0.049 1.886 0.002
v -0.059 1.885 -0.012
v -0.037 1.879 0.004
v -0.075 1.889 -0.039
v -0.068 1.874 -0.014
v -0.085 1.858 -0.035
v -0.071 1.844 -0.007
v -0.09 1.844 -0.04
v -0.098 1.857 -0.047
v -0.069 1.827 0.006
v -0.049 1.867 0.005
v -0.081 1.821 -0.015
v -0.072 1.814 0
v -0.087 1.808 -0.025
v -0.074 1.809 -0.008
v -0.061 1.804 0.003
v -0.074 1.795 0
v -0.082 1.787 -0.005
v -0.098 1.829 -0.057
v -0.092 1.789 -0.025
v -0.084 1.761 -0.016
v -0.095 1.774 -0.03
v -0.089 1.752 -0.038
v -0.065 1.737 -0.009
v -0.099 1.796 -0.058
v -0.094 1.763 -0.048
v -0.071 1.728 -0.02
v -0.093 1.741 -0.055
v -0.057 1.71 -0.001
v -0.062 1.733 -0.003
v -0.06 1.748 -0.002
v -0.062 1.742 0.003
v -0.057 1.754 0.006
v -0.094 1.763 -0.071
v -0.057 1.698 -0.011
v -0.061 1.702 -0.002
v -0.051 1.697 0.016
v -0.05 1.688 0.012
v -0.053 1.708 0.006
v -0.055 1.741 0.003
v -0.088 1.739 -0.092
v -0.093 1.762 -0.085
v -0.084 1.728 -0.078
v -0.098 1.773 -0.076
v -0.104 1.763 -0.082
v -0.109 1.792 -0.095
v -0.107 1.773 -0.094
v -0.114 1.812 -0.1
v -0.112 1.811 -0.091
v -0.107 1.818 -0.09
v -0.105 1.81 -0.077
v -0.102 1.796 -0.092
v -0.102 1.811 -0.082
v -0.104 1.811 -0.063
v -0.108 1.823 -0.082
v -0.115 1.821 -0.09
v -0.104 1.834 -0.069
v -0.113 1.852 -0.11
v -0.113 1.824 -0.105
v -0.106 1.869 -0.071
v -0.095 1.882 -0.06
v -0.103 1.892 -0.083
v -0.086 1.897 -0.063
v -0.112 1.885 -0.106
v -0.112 1.876 -0.124
v -0.105 1.89 -0.129
v -0.109 1.869 -0.133
v -0.113 1.831 -0.116
v -0.108 1.828 -0.135
v -0.105 1.795 -0.128
v -0.1 1.774 -0.117
v -0.089 1.767 -0.142
v -0.104 1.789 -0.104
v -0.08 1.753 -0.136
v -0.065 1.743 -0.151
v -0.088 1.745 -0.11
v -0.081 1.745 -0.128
v -0.082 1.709 -0.114
v -0.078 1.717 -0.13
v -0.075 1.698 -0.137
v -0.082 1.675 -0.123
v -0.079 1.705 -0.084
v -0.073 1.711 -0.06
v -0.058 1.69 -0.056
v -0.08 1.671 -0.103
v -0.081 1.664 -0.095
v -0.071 1.689 -0.079
v -0.05 1.676 -0.057
v -0.069 1.667 -0.081
v -0.069 1.645 -0.071
v -0.049 1.655 -0.06
v -0.072 1.915 -0.013
v -0.084 1.919 -0.036
v -0.065 1.932 -0.019
v -0.076 1.931 -0.042
v -0.084 1.925 -0.066
v -0.065 1.937 -0.045
v -0.035 1.943 -0.027
v -0.035 1.935 -0.004
v -0.051 1.928 -0.004
v -0.018 1.941 -0.014
v -0.018 1.931 0.004
v 0.004 1.937 -0.019
v -0.014 1.944 -0.032
v -0.045 1.942 -0.048
v -0.073 1.932 -0.072
v -0.076 1.923 -0.117
v -0.092 1.913 -0.107
v -0.053 1.938 -0.076
v -0.105 1.89 -0.129
v -0.112 1.885 -0.106
v -0.103 1.892 -0.083
v -0.093 1.906 -0.084
v -0.095 1.882 -0.06
v -0.086 1.897 -0.063
v -0.011 1.944 -0.09
v -0.034 1.942 -0.098
v -0.055 1.933 -0.113
v -0.053 1.927 -0.135
v -0.068 1.91 -0.15
v -0.05 1.918 -0.156
v -0.03 1.922 -0.158
v -0.034 1.93 -0.138
v -0.014 1.936 -0.125
v 0.012 1.922 -0.151
v 0.007 1.941 -0.035
v 0.014 1.936 -0.116
v 0.028 1.932 -0.037
v 0.021 1.929 -0.02
v 0.017 1.942 -0.086
v 0.039 1.932 -0.075
v 0.032 1.92 -0.025
v 0.049 1.921 -0.071
v 0.051 1.922 -0.093
v 0.039 1.933 -0.095
v 0.034 1.928 -0.125
v 0.045 1.916 -0.13
v 0.027 1.919 -0.15
v 0.024 1.905 -0.168
v 0.011 1.907 -0.175
v -0.033 0.901 -0.08
v -0.003 0.898 -0.122
v -0.014 0.913 -0.126
v -0.024 0.905 -0.116
v -0.02 0.92 -0.144
v -0.09 1.678 -0.127
v -0.078 1.691 -0.149
v -0.082 1.675 -0.123
v -0.067 1.687 -0.15
v -0.052 1.703 -0.159
v -0.055 1.612 -0.041
v -0.07 1.612 -0.062
v -0.053 1.63 -0.049
v -0.062 1.603 -0.046
v -0.063 1.599 -0.051
v -0.074 1.576 -0.027
v -0.079 1.56 -0.028
v -0.086 1.536 -0.005
v -0.068 1.535 0.009
v -0.089 1.53 -0.008
v -0.078 1.501 0.023
v -0.096 1.483 0.009
v -0.093 1.484 0.021
v -0.104 1.423 0.022
v -0.099 1.437 0.029
v -0.2 1.158 -0.015
v -0.194 1.17 -0.022
v -0.178 1.156 0.003
v -0.181 1.144 0.006
v -0.201 1.149 -0.015
v -0.194 1.125 -0.014
v -0.18 1.092 -0.001
v -0.183 1.075 -0.003
v -0.169 1.065 0.01
v -0.155 1.08 0.018
v -0.162 1.145 0.017
v -0.129 1.137 0.037
v -0.155 1.157 0.022
v -0.164 1.17 0.01
v -0.138 1.096 0.029
v -0.119 1.084 0.043
v -0.117 1.183 0.04
v -0.155 1.181 0.023
v -0.147 1.208 0.019
v -0.108 1.125 0.052
v -0.101 1.173 0.052
v -0.095 1.179 0.046
v -0.085 1.192 0.048
v -0.094 1.229 0.046
v -0.098 1.208 0.053
v -0.096 1.232 0.05
v -0.121 1.205 0.039
v -0.117 1.236 0.035
v -0.097 1.268 0.049
v -0.121 1.265 0.032
v -0.097 1.301 0.046
v -0.147 1.24 0.017
v -0.168 1.214 -0.004
v -0.171 1.179 -0.002
v -0.12 1.289 0.027
v -0.126 1.322 0.016
v -0.093 1.327 0.047
v -0.141 1.308 0.005
v -0.142 1.267 0.007
v -0.159 1.319 -0.017
v -0.157 1.353 -0.022
v -0.135 1.366 0.002
v -0.111 1.345 0.027
v -0.087 1.355 0.044
v -0.116 1.366 0.023
v -0.078 1.366 0.042
v -0.112 1.379 0.024
v -0.108 1.39 0.025
v -0.139 1.387 0.001
v -0.131 1.42 0.006
v -0.156 1.445 -0.01
v -0.154 1.462 -0.012
v -0.172 1.413 -0.032
v -0.175 1.442 -0.032
v -0.041 1.638 -0.056
v -0.014 1.644 -0.042
v -0.053 1.63 -0.049
v -0.028 1.642 -0.053
v -0.007 1.648 -0.05
v 0.016 1.662 -0.061
v 0.02 1.662 -0.057
v 0.043 1.686 -0.091
v -0.084 1.925 -0.066
v -0.093 1.906 -0.084
v -0.092 1.913 -0.107
v -0.09 1.911 -0.064
v -0.084 1.919 -0.036
v -0.087 1.903 -0.045
v -0.084 1.911 -0.029
v -0.072 1.915 -0.013
v 0.013 1.75 -0.162
v 0 1.739 -0.157
v 0.017 1.743 -0.153
v -0.03 1.746 -0.166
v -0.028 1.74 -0.16
v -0.002 1.721 -0.156
v 0.012 1.728 -0.148
v 0.022 1.716 -0.14
v 0.03 1.734 -0.129
v 0.011 1.707 -0.151
v 0.033 1.7 -0.127
v -0.018 1.707 -0.159
v -0.041 1.723 -0.158
v -0.04 1.705 -0.16
v -0.061 1.714 -0.151
v -0.052 1.703 -0.159
v -0.048 1.74 -0.157
v -0.048 1.746 -0.163
v -0.075 1.698 -0.137
v -0.067 1.687 -0.15
v -0.082 1.675 -0.123
v -0.082 1.709 -0.114
v -0.078 1.717 -0.13
v -0.081 1.745 -0.128
v -0.088 1.745 -0.11
v -0.065 1.729 -0.146
v -0.08 1.753 -0.136
v -0.1 1.774 -0.117
v -0.065 1.743 -0.151
v -0.064 1.76 -0.163
v -0.089 1.767 -0.142
v -0.06 1.783 -0.172
v -0.079 1.774 -0.158
v -0.097 1.795 -0.146
v -0.105 1.795 -0.128
v -0.108 1.828 -0.135
v -0.031 1.796 -0.181
v -0.054 1.819 -0.184
v -0.072 1.791 -0.17
v -0.096 1.847 -0.159
v -0.109 1.869 -0.133
v -0.085 1.815 -0.166
v -0.073 1.818 -0.177
v -0.081 1.843 -0.175
v -0.09 1.86 -0.166
v -0.002 1.794 -0.179
v -0.064 1.851 -0.185
v -0.098 1.878 -0.15
v -0.074 1.87 -0.178
v -0.032 1.864 -0.196
v -0.017 1.843 -0.194
v 0 1.841 -0.192
v 0.014 1.839 -0.188
v -0.105 1.89 -0.129
v -0.112 1.876 -0.124
v -0.078 1.888 -0.165
v 0.001 1.864 -0.195
v -0.039 1.882 -0.191
v -0.068 1.91 -0.15
v -0.076 1.923 -0.117
v -0.064 1.896 -0.171
v -0.045 1.902 -0.178
v -0.05 1.918 -0.156
v -0.03 1.922 -0.158
v -0.008 1.886 -0.192
v -0.025 1.907 -0.179
v 0.011 1.907 -0.175
v 0.012 1.922 -0.151
v 0.008 1.886 -0.189
v 0.022 1.882 -0.183
v 0.024 1.905 -0.168
v 0.021 1.862 -0.188
v 0.046 1.875 -0.165
v 0.04 1.855 -0.177
v 0.057 1.865 -0.156
v 0.048 1.846 -0.169
v 0.031 1.822 -0.177
v 0.038 1.775 -0.155
v 0.169 0.145 0.032
v 0.152 0.147 0.01
v 0.158 0.139 0.007
v 0.176 0.136 0.03
v 0.182 0.14 0.058
v 0.193 0.132 0.065
v 0.209 0.119 0.106
v 0.204 0.124 0.111
v 0.225 0.114 0.15
v 0.22 0.12 0.156
v 0.232 0.116 0.196
v 0.225 0.12 0.194
v 0.221 0.123 0.238
v 0.217 0.125 0.231
v 0.199 0.128 0.269
v 0.195 0.131 0.261
v 0.176 0.131 0.269
v 0.179 0.128 0.277
v 0.146 0.123 0.267
v 0.148 0.126 0.262
v 0.127 0.121 0.235
v 0.117 0.11 0.233
v 0.118 0.121 0.215
v 0.091 1.011 -0.112
v 0.061 0.963 -0.126
v 0.094 0.988 -0.101
v 0.062 0.993 -0.132
v 0.01 0.954 -0.152
v 0.064 1.026 -0.134
v 0.091 1.042 -0.115
v 0.091 1.067 -0.113
v 0.016 0.987 -0.157
v -0.015 0.966 -0.168
v 0.02 1.02 -0.156
v -0.021 1.047 -0.178
v -0.015 0.998 -0.177
v -0.064 0.999 -0.191
v -0.06 1.024 -0.196
v -0.098 1.028 -0.201
v 0.059 1.049 -0.134
v 0.017 1.048 -0.157
v -0.094 1.05 -0.205
v -0.12 1.048 -0.201
v -0.091 1.091 -0.201
v -0.115 1.071 -0.204
v -0.057 1.055 -0.195
v -0.139 1.1 -0.192
v -0.142 1.073 -0.192
v -0.046 1.076 -0.183
v -0.111 1.095 -0.201
v 0.008 1.074 -0.161
v -0.014 1.079 -0.176
v 0.025 1.071 -0.148
v -0.05 1.089 -0.18
v -0.172 1.143 -0.165
v -0.178 1.123 -0.162
v -0.187 1.123 -0.154
v -0.138 1.12 -0.189
v -0.136 1.13 -0.19
v -0.174 1.158 -0.163
v -0.11 1.108 -0.202
v -0.107 1.12 -0.195
v -0.086 1.112 -0.188
v -0.137 1.14 -0.189
v -0.094 1.131 -0.183
v -0.147 1.151 -0.179
v -0.169 1.166 -0.167
v -0.177 1.172 -0.158
v -0.158 1.176 -0.166
v -0.131 1.156 -0.179
v -0.077 1.126 -0.183
v -0.098 1.157 -0.19
v -0.124 1.19 -0.189
v -0.066 1.109 -0.184
v -0.045 1.122 -0.187
v -0.153 1.216 -0.166
v -0.169 1.2 -0.154
v -0.112 1.241 -0.195
v -0.148 1.244 -0.168
v -0.095 1.194 -0.196
v -0.08 1.146 -0.189
v -0.11 1.272 -0.203
v -0.149 1.276 -0.173
v -0.087 1.244 -0.203
v -0.025 1.108 -0.179
v -0.006 1.155 -0.176
v -0.058 1.138 -0.187
v -0.04 1.16 -0.186
v -0.073 1.202 -0.196
v -0.03 1.191 -0.188
v 0.003 1.215 -0.188
v 0.021 1.21 -0.178
v 0.013 1.131 -0.163
v -0.067 1.239 -0.203
v 0.014 1.153 -0.166
v 0.032 1.097 -0.143
v 0.056 1.078 -0.127
v 0.085 1.085 -0.114
v 0.054 1.11 -0.122
v 0.056 1.132 -0.122
v 0.061 1.157 -0.125
v 0.095 1.098 -0.103
v 0.11 1.087 -0.091
v 0.105 1.1 -0.092
v 0.084 1.125 -0.105
v 0.107 1.126 -0.094
v 0.1 1.146 -0.091
v 0.082 1.154 -0.106
v 0.095 1.164 -0.093
v 0.091 1.199 -0.117
v 0.039 1.172 -0.151
v 0.073 1.208 -0.138
v 0.081 1.256 -0.147
v 0.104 1.255 -0.124
v 0.121 1.298 -0.131
v 0.094 1.314 -0.16
v 0.135 1.365 -0.143
v 0.102 1.375 -0.174
v 0.137 1.393 -0.151
v 0.05 1.363 -0.198
v 0.068 1.295 -0.168
v 0.105 1.411 -0.179
v 0.136 1.414 -0.156
v 0.134 1.441 -0.159
v 0.048 1.252 -0.168
v 0.03 1.249 -0.182
v 0.008 1.244 -0.19
v 0.015 1.305 -0.201
v -0.007 1.277 -0.2
v -0.06 1.277 -0.211
v -0.008 1.315 -0.211
v 0.018 1.355 -0.212
v -0.087 1.273 -0.21
v -0.084 1.33 -0.23
v -0.109 1.365 -0.237
v -0.053 1.356 -0.236
v -0.008 1.353 -0.223
v -0.002 1.375 -0.224
v -0.084 1.381 -0.247
v -0.105 1.386 -0.245
v -0.101 1.421 -0.253
v -0.051 1.378 -0.242
v 0.066 1.425 -0.196
v -0.047 1.423 -0.246
v -0.117 1.44 -0.251
v 0.105 1.437 -0.181
v 0.067 1.473 -0.197
v 0.105 1.477 -0.181
v 0.131 1.484 -0.165
v 0.134 1.508 -0.157
v 0.11 1.521 -0.168
v 0.089 1.534 -0.179
v 0.116 1.559 -0.159
v 0.128 1.593 -0.133
v 0.122 1.61 -0.122
v 0.149 1.59 -0.112
v 0.139 1.562 -0.139
v 0.159 1.574 -0.114
v 0.177 1.558 -0.113
v 0.152 1.541 -0.134
v 0.162 1.516 -0.132
v 0.161 1.497 -0.128
v 0.143 1.487 -0.148
v 0.178 1.509 -0.119
v 0.195 1.541 -0.099
v -0.235 1.097 -0.137
v -0.217 1.077 -0.141
v -0.226 1.095 -0.149
v -0.205 1.087 -0.15
v -0.205 1.061 -0.13
v -0.207 1.105 -0.155
v -0.233 1.099 -0.152
v -0.193 1.094 -0.143
v -0.192 1.116 -0.14
v -0.197 1.075 -0.14
v -0.184 1.11 -0.153
v -0.189 1.049 -0.158
v -0.212 1.06 -0.117
v -0.192 1.004 -0.161
v -0.213 1.011 -0.123
v -0.215 0.957 -0.125
v -0.179 1.118 -0.154
v -0.194 1.127 -0.144
v -0.139 1.025 -0.195
v -0.123 0.966 -0.203
v -0.141 0.97 -0.2
v -0.144 0.905 -0.2
v -0.194 0.949 -0.161
v -0.194 0.879 -0.164
v -0.214 0.869 -0.127
v -0.094 0.915 -0.204
v -0.122 0.926 -0.205
v -0.083 0.856 -0.199
v -0.087 0.818 -0.201
v -0.063 0.806 -0.186
v -0.145 0.854 -0.198
v -0.145 0.811 -0.2
v -0.091 0.717 -0.206
v -0.068 0.676 -0.195
v -0.192 0.81 -0.17
v -0.211 0.795 -0.135
v -0.196 0.745 -0.155
v -0.205 0.744 -0.144
v -0.203 0.699 -0.154
v -0.186 0.775 -0.173
v -0.179 0.724 -0.175
v -0.158 0.758 -0.193
v -0.085 0.672 -0.208
v -0.062 0.627 -0.202
v -0.07 0.606 -0.217
v -0.15 0.694 -0.2
v -0.14 0.764 -0.206
v -0.137 0.719 -0.213
v -0.107 0.79 -0.203
v -0.109 0.739 -0.207
v -0.128 0.671 -0.215
v -0.1 0.639 -0.217
v -0.115 0.604 -0.227
v -0.134 0.66 -0.212
v -0.084 0.578 -0.228
v -0.058 0.58 -0.219
v -0.099 0.562 -0.241
v -0.154 0.591 -0.219
v -0.142 0.558 -0.229
v -0.17 0.562 -0.181
v -0.152 0.536 -0.21
v -0.177 0.5 -0.163
v -0.178 0.475 -0.151
v -0.182 0.535 -0.154
v -0.182 0.58 -0.148
v -0.17 0.576 -0.18
v -0.181 0.605 -0.174
v -0.136 0.612 -0.219
v -0.151 0.636 -0.206
v -0.177 0.619 -0.185
v -0.198 0.657 -0.162
v -0.173 0.669 -0.185
v -0.17 0.641 -0.194
v -0.184 0.651 -0.177
v -0.089 1.662 -0.097
v -0.082 1.675 -0.123
v -0.081 1.664 -0.095
v -0.09 1.678 -0.127
v 0.083 1.492 0.053
v 0.106 1.469 0.043
v 0.057 1.471 0.063
v 0.056 1.488 0.059
v 0.077 1.498 0.052
v 0.035 1.468 0.061
v 0.013 1.594 -0.009
v 0.029 1.605 -0.023
v 0.037 1.627 -0.032
v 0.005 1.58 -0.002
v 0.018 1.696 -0.006
v 0.009 1.695 0.014
v 0.015 1.715 -0.001
v 0.01 1.706 0.005
v 0.023 1.747 -0.009
v 0.015 1.745 -0.006
v 0.001 1.735 0.01
v 0.002 1.74 0.002
v -0.009 1.739 0.013
v 0.007 1.745 -0.008
v -0.012 1.73 0.02
v -0.025 1.739 0.015
v -0.011 1.722 0.018
v -0.032 1.73 0.019
v -0.047 1.742 0.003
v -0.003 1.698 0.019
v -0.052 1.735 0.003
v -0.055 1.741 0.003
v -0.053 1.708 0.006
v -0.032 1.721 0.018
v -0.019 1.717 0.022
v -0.033 1.699 0.023
v -0.051 1.697 0.016
v -0.011 1.687 0.025
v 0.001 1.686 0.017
v -0.009 1.68 0.013
v -0.026 1.679 0.017
v -0.033 1.687 0.025
v -0.05 1.688 0.012
v -0.016 1.703 0.026
v 0.023 1.747 -0.009
v 0.015 1.702 -0.007
v 0.015 1.715 -0.001
v 0.018 1.696 -0.006
v 0.011 1.696 -0.012
v 0.036 1.725 -0.053
v 0.047 1.739 -0.059
v 0.124 1.471 0.02
v 0.119 1.452 -0.002
v 0.118 1.464 0.026
v 0.118 1.44 0.009
v 0.128 1.432 -0.021
v 0.116 1.445 0.028
v 0.109 1.424 0.031
v 0.12 1.097 0.005
v 0.12 1.067 -0.003
v 0.125 1.114 0.007
v 0.127 1.068 -0.007
v 0.123 1.041 0.001
v 0.14 1.067 -0.005
v 0.144 1.097 -0.005
v 0.149 1.08 -0.001
v 0.156 1.089 -0.003
v 0.003 1.765 0.026
v -0.013 1.769 0.037
v 0.003 1.774 0.013
v -0.018 1.759 0.035
v -0.194 1.561 -0.126
v -0.17 1.592 -0.127
v -0.173 1.576 -0.108
v -0.179 1.592 -0.151
v -0.164 1.6 -0.137
v -0.211 1.579 -0.174
v -0.216 1.556 -0.15
v -0.234 1.566 -0.198
v -0.167 1.605 -0.172
v -0.191 1.598 -0.2
v -0.223 1.582 -0.229
v -0.206 1.586 -0.251
v -0.171 1.605 -0.204
v -0.149 1.612 -0.149
v -0.143 1.607 -0.125
v -0.139 1.612 -0.115
v -0.175 1.6 -0.245
v -0.195 1.587 -0.26
v -0.156 1.614 -0.228
v -0.138 1.622 -0.211
v -0.13 1.617 -0.219
v -0.109 1.636 -0.193
v -0.105 1.631 -0.206
v -0.084 1.643 -0.203
v -0.108 1.823 -0.082
v -0.118 1.824 -0.098
v -0.113 1.824 -0.105
v -0.115 1.821 -0.09
v 0.049 1.761 -0.076
v 0.055 1.781 -0.088
v 0.057 1.76 -0.087
v 0.062 1.77 -0.101
v 0.062 1.783 -0.098
v 0.057 1.788 -0.098
v 0.068 1.811 -0.102
v 0.058 1.809 -0.088
v 0.076 1.811 -0.111
v 0.07 1.816 -0.094
v 0.117 1.142 0.023
v 0.128 1.145 0.037
v 0.115 1.127 0.033
v 0.122 1.132 0.049
v 0.126 1.127 0.05
v 0.132 1.128 0.058
v 0.076 1.811 -0.111
v 0.067 1.816 -0.114
v 0.067 1.789 -0.113
v 0.058 1.786 -0.11
v 0.062 1.77 -0.101
v 0.046 1.759 -0.088
v 0.057 1.76 -0.087
v 0.222 0.115 0.241
v 0.199 0.128 0.269
v 0.221 0.123 0.238
v 0.2 0.121 0.269
v 0.179 0.128 0.277
v 0.178 0.122 0.277
v 0.146 0.123 0.267
v 0.144 0.116 0.268
v -0.148 0.201 -0.162
v -0.152 0.206 -0.132
v -0.135 0.212 -0.144
v -0.143 0.212 -0.103
v -0.117 0.212 -0.122
v -0.135 0.213 -0.092
v -0.102 0.211 -0.118
v -0.099 0.209 -0.099
v -0.087 0.207 -0.123
v -0.072 0.207 -0.116
v -0.063 0.202 -0.138
v -0.056 0.205 -0.134
v -0.049 0.204 -0.145
v -0.051 0.203 -0.179
v -0.038 0.2 -0.183
v -0.046 0.192 -0.217
v -0.059 0.204 -0.197
v -0.071 0.191 -0.224
v -0.083 0.201 -0.204
v -0.104 0.195 -0.208
v -0.105 0.198 -0.204
v -0.129 0.199 -0.184
v -0.107 1.773 -0.094
v -0.104 1.763 -0.082
v -0.093 1.762 -0.085
v -0.104 1.789 -0.104
v -0.114 1.79 -0.105
v -0.115 1.81 -0.11
v -0.12 1.809 -0.104
v -0.113 1.824 -0.105
v -0.118 1.824 -0.098
v 0.045 1.069 0.096
v 0.054 1.107 0.086
v 0.065 1.086 0.09
v 0.071 1.105 0.085
v 0.076 1.102 0.079
v 0.099 1.114 0.061
v 0.093 1.152 0.049
v 0.105 1.118 0.05
v -0.149 1.548 -0.05
v -0.141 1.585 -0.08
v -0.129 1.554 -0.04
v -0.149 1.532 -0.038
v -0.125 1.499 -0.006
v -0.16 1.478 -0.019
v -0.167 1.509 -0.039
v -0.15 1.451 -0.003
v -0.12 1.467 0.009
v -0.119 1.469 0.005
v -0.096 1.483 0.009
v -0.125 1.534 -0.032
v -0.089 1.53 -0.008
v -0.079 1.56 -0.028
v -0.126 1.552 -0.044
v -0.124 1.592 -0.071
v -0.12 1.591 -0.076
v -0.113 1.627 -0.108
v -0.114 1.611 -0.095
v -0.107 1.643 -0.123
v -0.105 1.587 -0.057
v -0.063 1.599 -0.051
v -0.07 1.612 -0.062
v -0.103 1.59 -0.055
v 0.046 1.484 0.054
v 0.077 1.498 0.052
v 0.056 1.488 0.059
v 0.035 1.468 0.061
v 0.015 1.745 -0.006
v 0.002 1.744 0.014
v 0.023 1.747 -0.009
v 0.007 1.745 -0.008
v -0.009 1.739 0.013
v -0.018 1.74 0.022
v -0.025 1.739 0.015
v -0.04 1.743 0.018
v -0.047 1.742 0.003
v -0.055 1.741 0.003
v -0.062 1.742 0.003
v -0.259 0.112 -0.123
v -0.224 0.11 -0.153
v -0.252 0.116 -0.119
v -0.271 0.12 -0.085
v -0.278 0.118 -0.084
v -0.274 0.126 -0.049
v -0.282 0.123 -0.045
v -0.271 0.123 -0.026
v -0.264 0.126 -0.03
v -0.24 0.119 -0.013
v -0.238 0.12 -0.018
v -0.205 0.114 -0.02
v -0.205 0.116 -0.025
v -0.186 0.116 -0.034
v 0.2 0.121 0.269
v 0.144 0.116 0.268
v 0.178 0.122 0.277
v 0.188 0.113 0.245
v 0.146 0.108 0.228
v 0.117 0.11 0.233
v 0.207 0.111 0.229
v 0.222 0.115 0.241
v 0.233 0.11 0.196
v 0.161 0.107 0.198
v 0.125 0.106 0.192
v 0.107 0.109 0.187
v 0.11 0.111 0.147
v 0.131 0.108 0.148
v 0.128 0.112 0.127
v 0.113 0.119 0.117
v 0.156 0.107 0.151
v 0.185 0.108 0.189
v 0.205 0.107 0.177
v 0.206 0.107 0.148
v 0.226 0.108 0.15
v 0.208 0.112 0.107
v 0.16 0.109 0.131
v 0.164 0.112 0.116
v 0.189 0.125 0.062
v 0.121 0.122 0.096
v 0.101 0.128 0.084
v 0.122 0.125 0.079
v -0.282 0.123 -0.045
v -0.281 0.11 -0.083
v -0.278 0.118 -0.084
v -0.282 0.116 -0.045
v -0.271 0.123 -0.026
v -0.27 0.117 -0.025
v -0.115 1.821 -0.09
v -0.107 1.818 -0.09
v -0.114 1.812 -0.1
v -0.12 1.809 -0.104
v 0.061 0.963 -0.126
v 0.059 0.963 -0.123
v 0.094 0.988 -0.101
v 0.01 0.954 -0.152
v 0.006 0.955 -0.149
v -0.015 0.966 -0.168
v -0.015 0.968 -0.164
v -0.063 1.001 -0.187
v -0.064 0.999 -0.191
v -0.091 1.024 -0.197
v -0.098 1.028 -0.201
v -0.112 1.044 -0.198
v -0.12 1.048 -0.201
v -0.142 1.073 -0.192
v -0.136 1.071 -0.19
v -0.179 1.118 -0.154
v -0.187 1.123 -0.154
v -0.194 1.127 -0.144
v 0.168 1.089 0.012
v 0.146 1.09 -0.014
v 0.156 1.089 -0.003
v 0.149 1.08 -0.001
v -0.223 1.166 -0.122
v -0.221 1.155 -0.104
v -0.237 1.147 -0.109
v -0.241 1.159 -0.132
v -0.256 1.14 -0.147
v -0.254 1.124 -0.125
v -0.256 1.122 -0.164
v -0.252 1.103 -0.147
v -0.243 1.092 -0.156
v -0.247 1.112 -0.173
v 0.036 1.755 -0.139
v 0.027 1.749 -0.141
v 0.051 1.772 -0.125
v 0.017 1.743 -0.153
v 0 1.739 -0.157
v -0.042 1.444 0.051
v -0.055 1.407 0.048
v -0.048 1.42 0.046
v -0.037 1.46 0.046
v -0.032 1.484 0.044
v -0.025 1.508 0.035
v -0.014 1.542 0.027
v -0.012 1.547 0.021
v 0.005 1.58 -0.002
v 0.013 1.594 -0.009
v 0.17 1.093 -0.016
v 0.181 1.093 -0.009
v 0.169 1.09 -0.021
v 0.15 1.098 -0.024
v 0.15 1.094 -0.027
v 0.13 1.11 -0.025
v 0.137 1.101 -0.03
v 0.118 1.115 -0.024
v 0.076 1.102 0.079
v 0.099 1.114 0.061
v 0.095 1.113 0.06
v 0.105 1.118 0.05
v 0.122 0.125 0.079
v 0.1 0.109 0.082
v 0.101 0.128 0.084
v 0.173 0.109 0.063
v 0.189 0.125 0.062
v 0.187 0.11 0.057
v 0.176 1.095 0.033
v 0.185 1.111 0.026
v 0.176 1.087 0.016
v 0.186 1.102 0.01
v 0.186 1.102 0.01
v 0.185 1.111 0.026
v 0.187 1.11 0.028
v 0.177 1.121 0.04
v 0.178 1.122 0.045
v 0.157 1.136 0.049
v 0.158 1.138 0.055
v 0.139 1.146 0.052
v 0.141 1.143 0.047
v 0.128 1.145 0.037
v 0.128 1.148 0.045
v 0.117 1.142 0.023
v 0.114 1.145 0.025
v -0.149 1.038 0.023
v -0.135 1.052 0.035
v -0.143 1.039 0.023
v -0.161 1.042 0.005
v -0.167 1.041 0.009
v -0.177 1.052 -0.012
v -0.183 1.053 -0.01
v -0.195 1.07 -0.024
v -0.193 1.069 -0.027
v -0.206 1.116 -0.06
v -0.213 1.115 -0.054
v -0.212 1.141 -0.098
v -0.219 1.138 -0.092
v -0.211 1.153 -0.109
v -0.041 1.765 0.028
v -0.042 1.763 0.014
v -0.04 1.774 0.021
v -0.047 1.77 0.009
v -0.036 1.755 0.017
v -0.021 1.754 0.024
v 0.094 0.988 -0.101
v 0.059 0.963 -0.123
v 0.091 0.988 -0.1
v 0.105 1.016 -0.078
v 0.11 1.015 -0.079
v 0.111 1.045 -0.055
v 0.117 1.039 -0.059
v 0.12 1.097 0.005
v 0.124 1.099 0.001
v 0.122 1.109 -0.003
v 0.036 1.684 -0.1
v 0.043 1.686 -0.091
v 0.032 1.673 -0.083
v 0.043 1.693 -0.111
v 0.037 1.699 -0.128
v 0.033 1.7 -0.127
v 0.011 1.707 -0.151
v 0.019 1.705 -0.152
v -0.018 1.707 -0.159
v -0.016 1.707 -0.165
v -0.04 1.705 -0.16
v -0.034 1.704 -0.168
v -0.052 1.703 -0.159
v -0.038 1.755 0.022
v -0.036 1.755 0.017
v -0.021 1.754 0.024
v -0.057 1.754 0.006
v -0.06 1.748 -0.002
v -0.098 1.773 -0.076
v -0.109 1.792 -0.095
v -0.102 1.796 -0.092
v -0.112 1.811 -0.091
v -0.102 1.811 -0.082
v -0.107 1.818 -0.09
v -0.105 1.81 -0.077
v -0.107 1.818 -0.09
v -0.115 1.821 -0.09
v -0.102 1.811 -0.082
v -0.12 1.809 -0.104
v -0.107 1.773 -0.094
v -0.114 1.79 -0.105
v -0.114 1.812 -0.1
v 0.055 1.602 -0.01
v 0.054 1.606 -0.008
v 0.077 1.608 -0.012
v 0.079 1.593 0.01
v -0.237 1.103 -0.125
v -0.235 1.097 -0.137
v -0.243 1.104 -0.144
v -0.233 1.099 -0.152
v -0.226 1.095 -0.149
v 0.047 1.583 0.013
v 0.039 1.586 0.005
v 0.065 1.581 0.02
v 0.038 1.588 0.011
v 0.042 1.577 0.023
v 0.028 1.582 0.009
v -0.057 0.107 -0.21
v -0.083 0.106 -0.216
v -0.08 0.104 -0.202
v -0.106 0.105 -0.21
v -0.133 0.106 -0.197
v -0.038 0.108 -0.188
v -0.127 0.104 -0.184
v -0.062 0.103 -0.156
v -0.041 0.107 -0.153
v -0.084 0.105 -0.123
v -0.056 0.106 -0.137
v 0.086 0.111 0.044
v 0.1 0.109 0.082
v 0.109 0.108 0.056
v 0.173 0.109 0.063
v 0.115 0.108 0.02
v 0.087 0.111 0.031
v 0.107 0.112 0.003
v 0.135 0.112 -0.002
v 0.161 0.11 0.012
v 0.162 0.108 0.038
v 0.187 0.11 0.057
v -0.129 0.12 -0.182
v -0.11 0.117 -0.125
v -0.086 0.122 -0.122
v -0.14 0.121 -0.196
v -0.111 0.117 -0.111
v -0.143 0.104 -0.099
v -0.131 0.108 -0.088
v -0.158 0.104 -0.048
v -0.155 0.108 -0.141
v -0.184 0.107 -0.174
v -0.22 0.103 -0.156
v -0.161 0.103 -0.114
v -0.178 0.102 -0.056
v -0.181 0.104 -0.028
v -0.229 0.102 -0.118
v -0.261 0.105 -0.122
v -0.281 0.11 -0.083
v -0.205 0.102 -0.093
v -0.214 0.103 -0.043
v -0.205 0.106 -0.017
v -0.24 0.112 -0.01
v -0.261 0.106 -0.082
v -0.228 0.104 -0.067
v -0.247 0.108 -0.039
v -0.27 0.117 -0.025
v -0.282 0.116 -0.045
v 0.102 0.209 0.086
v 0.092 0.205 0.066
v 0.094 0.209 0.085
v 0.105 0.214 0.114
v 0.095 0.204 0.064
v 0.114 0.215 0.1
v 0.091 0.203 0.049
v 0.097 0.203 0.048
v 0.127 0.217 0.105
v 0.13 0.222 0.14
v 0.143 0.221 0.136
v 0.138 0.217 0.102
v 0.167 0.217 0.119
v 0.153 0.217 0.099
v 0.105 0.199 0.011
v 0.107 0.201 0.016
v 0.181 0.213 0.091
v 0.167 0.214 0.086
v 0.127 0.202 0.007
v 0.131 0.193 -0.012
v 0.172 0.208 0.062
v 0.179 0.21 0.061
v 0.173 0.202 0.028
v 0.168 0.203 0.035
v 0.156 0.195 -0.004
v 0.153 0.205 0.02
v 0.162 0.1 0.33
v 0.071 0.1 0.361
v 0.068 0.106 0.344
v 0.154 0.106 0.314
v 0 0.106 0
v 0.242 0.1 0.277
v -0.023 0.106 0.35
v -0.025 0.1 0.367
v 0.231 0.106 0.264
v 0.305 0.1 0.205
v -0.113 0.106 0.332
v -0.119 0.1 0.348
v 0.291 0.106 0.195
v 0.348 0.1 0.119
v -0.195 0.106 0.291
v -0.205 0.1 0.305
v 0.332 0.106 0.113
v -0.264 0.106 0.231
v 0.35 0.106 0.023
v 0.367 0.1 0.025
v -0.277 0.1 0.242
v 0.361 0.1 -0.071
v -0.314 0.106 0.154
v -0.33 0.1 0.162
v 0.344 0.106 -0.068
v 0.33 0.1 -0.162
v -0.344 0.106 0.068
v -0.361 0.1 0.071
v 0.314 0.106 -0.154
v 0.277 0.1 -0.242
v -0.35 0.106 -0.023
v -0.367 0.1 -0.025
v 0.264 0.106 -0.231
v -0.332 0.106 -0.113
v 0.195 0.106 -0.291
v 0.205 0.1 -0.305
v -0.348 0.1 -0.119
v 0.119 0.1 -0.348
v -0.291 0.106 -0.195
v -0.305 0.1 -0.205
v 0.113 0.106 -0.332
v 0.025 0.1 -0.367
v -0.231 0.106 -0.264
v -0.242 0.1 -0.277
v 0.023 0.106 -0.35
v -0.071 0.1 -0.361
v -0.154 0.106 -0.314
v -0.162 0.1 -0.33
v -0.068 0.106 -0.344
vt 0.7842 0.0178
vt 0.7925 0.009
vt 0.7983 0.002
vt 0.9956 0.0209
vt 0.9927 0.0088
vt 0.9849 0.0345
vt 0.9961 0.165
vt 0.9795 0.1794
vt 0.9946 0.1895
vt 0.6826 0.2362
vt 0.6772 0.214
vt 0.6758 0.2174
vt 0.7637 0.3157
vt 0.769 0.3164
vt 0.7681 0.3088
vt 0.9331 0.0322
vt 0.9395 0.0403
vt 0.9404 0.0335
vt 0.5366 0.004
vt 0.5337 0.002
vt 0.5317 0.0094
vt 0.542 0.002
vt 0.5498 0.0162
vt 0.5596 0.0248
vt 0.6841 0.014
vt 0.688 0.002
vt 0.6758 0.0238
vt 0.6807 0.0289
vt 0.6758 0.0457
vt 0.6821 0.0295
vt 0.11 0.0774
vt 0.1199 0.091
vt 0.1176 0.0794
vt 0.5786 0.2053
vt 0.5806 0.2042
vt 0.5781 0.1919
vt 0.4001 0.2832
vt 0.3982 0.2947
vt 0.4043 0.3049
vt 0.5679 0.0246
vt 0.5718 0.0316
vt 0.5786 0.04
vt 0.7739 0.1062
vt 0.7793 0.1057
vt 0.7754 0.0995
vt 0.9351 0.251
vt 0.9336 0.2477
vt 0.9282 0.2551
vt 0.2952 0.3186
vt 0.301 0.3206
vt 0.3008 0.314
vt 0.8584 0.2766
vt 0.8569 0.2595
vt 0.856 0.2795
vt 0.7114 0.0342
vt 0.7114 0.0224
vt 0.707 0.0488
vt 0.6982 0.1785
vt 0.6914 0.1683
vt 0.6938 0.184
vt 0.7671 0.2299
vt 0.7637 0.2515
vt 0.771 0.2305
vt 0.2971 0.259
vt 0.29 0.2566
vt 0.2944 0.2642
vt 0.6631 0.1373
vt 0.6606 0.1428
vt 0.6641 0.1543
vt 0.9746 0.0638
vt 0.9771 0.0699
vt 0.979 0.0542
vt 0.4602 0.0122
vt 0.4685 0.002
vt 0.46 0.0062
vt 0.9917 0.2966
vt 0.9956 0.2866
vt 0.9849 0.3
vt 0.6694 0.0688
vt 0.6709 0.0599
vt 0.6655 0.0626
vt 0.9209 0.2517
vt 0.917 0.2418
vt 0.9126 0.2413
vt 0.3723 0.0999
vt 0.375 0.1069
vt 0.3796 0.0749
vt 0.2216 0.0439
vt 0.2092 0.0261
vt 0.2078 0.037
vt 0.6533 0.2284
vt 0.6519 0.225
vt 0.6504 0.2437
vt 0.9712 0.1802
vt 0.9688 0.1724
vt 0.9644 0.1725
vt 0.4553 0.0508
vt 0.4443 0.0685
vt 0.4497 0.0668
vt 0.9121 0.1481
vt 0.9097 0.1423
vt 0.9023 0.1371
vt 0.1005 0.2964
vt 0.0997 0.2917
vt 0.0945 0.2886
vt 0.8657 0.0703
vt 0.8589 0.0538
vt 0.856 0.0701
vt 0.4478 0.0776
vt 0.4392 0.0736
vt 0.448 0.0824
vt 0.0338 0.0519
vt 0.0328 0.0588
vt 0.0347 0.0634
vt 0.8413 0.002
vt 0.8354 0.0097
vt 0.8428 0.0063
vt 0.5322 0.7451
vt 0.5327 0.7456
vt 0.5254 0.7437
vt 0.7808 0.036
vt 0.7852 0.0228
vt 0.7788 0.0353
vt 0.855 0.1718
vt 0.8457 0.1844
vt 0.8569 0.1714
vt 0.707 0.0066
vt 0.708 0.0078
vt 0.7114 0.002
vt 0.2917 0.0094
vt 0.2947 0.002
vt 0.29 0.0055
vt 0.1232 0.0959
vt 0.1203 0.1126
vt 0.1242 0.1118
vt 0.4253 0.9829
vt 0.4348 0.9912
vt 0.4348 0.9829
vt 0.4253 0.9912
vt 0.4155 0.9829
vt 0.4253 0.9932
vt 0.4348 0.9932
vt 0.4155 0.9927
vt 0.4155 0.9912
vt 0.406 0.9829
vt 0.406 0.9927
vt 0.406 0.9907
vt 0.3965 0.9824
vt 0.3965 0.9927
vt 0.3965 0.9907
vt 0.387 0.9829
vt 0.387 0.9927
vt 0.387 0.9912
vt 0.3774 0.9829
vt 0.3774 0.9927
vt 0.3774 0.9912
vt 0.3679 0.9829
vt 0.3679 0.9927
vt 0.3679 0.9912
vt 0.3584 0.9829
vt 0.3584 0.9927
vt 0.3584 0.9912
vt 0.3489 0.9829
vt 0.3489 0.9927
vt 0.3489 0.9912
vt 0.3394 0.9829
vt 0.3394 0.9927
vt 0.3394 0.9912
vt 0.3298 0.9829
vt 0.3298 0.9927
vt 0.3298 0.9912
vt 0.3201 0.9829
vt 0.3201 0.9927
vt 0.3201 0.9912
vt 0.3105 0.9829
vt 0.3105 0.9927
vt 0.3105 0.9912
vt 0.301 0.9829
vt 0.301 0.9927
vt 0.301 0.9912
vt 0.2915 0.9829
vt 0.2915 0.9927
vt 0.2915 0.9912
vt 0.282 0.9829
vt 0.282 0.9927
vt 0.282 0.9912
vt 0.2725 0.9829
vt 0.2725 0.9927
vt 0.2725 0.9912
vt 0.2629 0.9829
vt 0.2629 0.9927
vt 0.2629 0.9912
vt 0.2534 0.9829
vt 0.2534 0.9927
vt 0.2534 0.9912
vt 0.2438 0.9824
vt 0.2438 0.9927
vt 0.2438 0.9907
vt 0.2343 0.9829
vt 0.2343 0.9927
vt 0.2343 0.9907
vt 0.2247 0.9829
vt 0.2247 0.9927
vt 0.2247 0.9912
vt 0.2152 0.9829
vt 0.2152 0.9932
vt 0.2152 0.9912
vt 0.2057 0.9829
vt 0.2057 0.9932
vt 0.2057 0.9912
vt 0.1251 0.1721
vt 0.13 0.1743
vt 0.1277 0.1685
vt 0.1203 0.1805
vt 0.6011 0.056
vt 0.5908 0.0356
vt 0.604 0.0695
vt 0.5898 0.0362
vt 0.5742 0.0121
vt 0.5752 0.0125
vt 0.563 0.002
vt 0.792 0.3591
vt 0.7949 0.3689
vt 0.7891 0.3484
vt 0.7954 0.3843
vt 0.408 0.7217
vt 0.3943 0.7207
vt 0.3828 0.7578
vt 0.4141 0.7095
vt 0.4023 0.7046
vt 0.4116 0.6895
vt 0.4236 0.7236
vt 0.4062 0.7358
vt 0.3865 0.7607
vt 0.4016 0.7695
vt 0.3967 0.7686
vt 0.386 0.7695
vt 0.3953 0.7842
vt 0.4177 0.7363
vt 0.4368 0.7031
vt 0.4211 0.6973
vt 0.4402 0.6929
vt 0.427 0.6899
vt 0.4182 0.6782
vt 0.4316 0.686
vt 0.4458 0.6826
vt 0.4219 0.6733
vt 0.4353 0.6768
vt 0.428 0.6626
vt 0.437 0.6665
vt 0.4316 0.6577
vt 0.4272 0.6406
vt 0.4395 0.6665
vt 0.4517 0.6807
vt 0.6724 0.002
vt 0.6553 0.024
vt 0.668 0.0214
vt 0.6455 0.0353
vt 0.6504 0.0417
vt 0.6689 0.0233
vt 0.6309 0.0535
vt 0.6646 0.0393
vt 0.6592 0.05
vt 0.6436 0.0593
vt 0.6553 0.0575
vt 0.6685 0.0507
vt 0.647 0.0641
vt 0.6318 0.0663
vt 0.6304 0.0735
vt 0.627 0.0579
vt 0.6211 0.0675
vt 0.6191 0.0809
vt 0.6143 0.065
vt 0.9609 0.0907
vt 0.9614 0.0694
vt 0.959 0.0891
vt 0.9629 0.0826
vt 0.9678 0.0563
vt 0.9722 0.0359
vt 0.9707 0.0293
vt 0.9824 0.0037
vt 0.98 0.0021
vt 0.8237 0.0058
vt 0.8218 0.002
vt 0.8149 0.0083
vt 0.8057 0.0162
vt 0.811 0.0243
vt 0.7939 0.0336
vt 0.8223 0.0319
vt 0.8345 0.0265
vt 0.8296 0.0469
vt 0.8389 0.0341
vt 0.8218 0.0452
vt 0.8086 0.0358
vt 0.811 0.0439
vt 0.8223 0.0664
vt 0.8154 0.0721
vt 0.8237 0.0821
vt 0.8301 0.0739
vt 0.8315 0.1022
vt 0.8379 0.0736
vt 0.8452 0.0576
vt 0.8535 0.0865
vt 0.8389 0.0975
vt 0.8628 0.1094
vt 0.8423 0.1158
vt 0.853 0.1421
vt 0.8452 0.1412
vt 0.8574 0.1234
vt 0.8755 0.129
vt 0.8643 0.131
vt 0.8916 0.1442
vt 0.8579 0.1464
vt 0.8784 0.1526
vt 0.9048 0.1676
vt 0.8447 0.1483
vt 0.8413 0.1431
vt 0.8472 0.1589
vt 0.8657 0.1477
vt 0.8599 0.1611
vt 0.8687 0.1671
vt 0.894 0.1738
vt 0.8906 0.1783
vt 0.9077 0.1924
vt 0.9141 0.1851
vt 0.9097 0.173
vt 0.9292 0.1626
vt 0.9185 0.1808
vt 0.9238 0.1714
vt 0.1393 0.2008
vt 0.1316 0.2301
vt 0.1406 0.235
vt 0.1298 0.2461
vt 0.1249 0.261
vt 0.1392 0.2646
vt 0.1276 0.2744
vt 0.114 0.2822
vt 0.1368 0.2866
vt 0.1429 0.2502
vt 0.1499 0.2169
vt 0.1604 0.2318
vt 0.1528 0.1975
vt 0.1183 0.3254
vt 0.105 0.3333
vt 0.0988 0.3679
vt 0.1604 0.245
vt 0.1649 0.187
vt 0.1556 0.1691
vt 0.1315 0.3391
vt 0.1266 0.3711
vt 0.1378 0.3708
vt 0.1209 0.4121
vt 0.1487 0.4272
vt 0.1181 0.438
vt 0.16 0.283
vt 0.146 0.3081
vt 0.1525 0.3442
vt 0.152 0.3789
vt 0.1599 0.2637
vt 0.1469 0.4521
vt 0.1221 0.4592
vt 0.0861 0.4197
vt 0.0841 0.4255
vt 0.0974 0.4463
vt 0.0748 0.4387
vt 0.1139 0.4668
vt 0.1678 0.416
vt 0.1713 0.3701
vt 0.1647 0.4495
vt 0.1492 0.48
vt 0.1281 0.4761
vt 0.1675 0.4832
vt 0.1727 0.345
vt 0.173 0.3943
vt 0.1737 0.3276
vt 0.1727 0.4512
vt 0.1754 0.4243
vt 0.1711 0.4751
vt 0.1781 0.3772
vt 0.1819 0.3386
vt 0.1852 0.3208
vt 0.1711 0.4956
vt 0.1755 0.3125
vt 0.1866 0.312
vt 0.1864 0.2874
vt 0.1724 0.2832
vt 0.187 0.2671
vt 0.1699 0.2668
vt 0.1791 0.2566
vt 0.1893 0.2405
vt 0.1718 0.2443
vt 0.1854 0.2281
vt 0.1925 0.218
vt 0.1696 0.2291
vt 0.1807 0.2184
vt 0.1959 0.2057
vt 0.176 0.2012
vt 0.1858 0.1981
vt 0.176 0.1881
vt 0.1879 0.1692
vt 0.1908 0.182
vt 0.201 0.1797
vt 0.2017 0.1624
vt 0.2029 0.1483
vt 0.1744 0.1755
vt 0.1964 0.1479
vt 0.1987 0.1189
vt 0.1697 0.163
vt 0.1747 0.1504
vt 0.1582 0.1515
vt 0.1626 0.126
vt 0.1831 0.1577
vt 0.1901 0.1467
vt 0.1903 0.1246
vt 0.1753 0.1101
vt 0.1685 0.0768
vt 0.1816 0.1383
vt 0.1937 0.0907
vt 0.2002 0.0729
vt 0.1892 0.1026
vt 0.1752 0.0737
vt 0.1881 0.0721
vt 0.1769 0.0542
vt 0.1694 0.0555
vt 0.1704 0.0351
vt 0.1879 0.0508
vt 0.2001 0.0336
vt 0.1797 0.0346
vt 0.1884 0.0351
vt 0.1927 0.0097
vt 0.204 0.0071
vt 0.1777 0.0119
vt 0.1696 0.0121
vt 0.2847 0.7964
vt 0.2683 0.7935
vt 0.2822 0.8047
vt 0.2598 0.7744
vt 0.2649 0.8008
vt 0.2654 0.811
vt 0.2786 0.8076
vt 0.2766 0.8232
vt 0.2864 0.8159
vt 0.2839 0.8306
vt 0.2727 0.8359
vt 0.2803 0.8413
vt 0.2637 0.8076
vt 0.2488 0.8047
vt 0.25 0.7998
vt 0.2391 0.8008
vt 0.2374 0.7969
vt 0.2415 0.8066
vt 0.2361 0.8008
vt 0.2249 0.7988
vt 0.2507 0.8174
vt 0.2368 0.8037
vt 0.2355 0.8052
vt 0.2255 0.8062
vt 0.2134 0.7983
vt 0.2162 0.8052
vt 0.2456 0.8252
vt 0.2649 0.8203
vt 0.2708 0.8276
vt 0.2386 0.8242
vt 0.2384 0.8145
vt 0.2351 0.8149
vt 0.236 0.8086
vt 0.2234 0.812
vt 0.2246 0.8159
vt 0.2556 0.8271
vt 0.2568 0.8335
vt 0.259 0.8394
vt 0.2505 0.8354
vt 0.2258 0.8193
vt 0.22 0.8169
vt 0.2275 0.8252
vt 0.2118 0.8237
vt 0.2695 0.8408
vt 0.2542 0.8491
vt 0.2683 0.8496
vt 0.2769 0.8535
vt 0.2415 0.8447
vt 0.2666 0.8613
vt 0.241 0.8364
vt 0.2328 0.8374
vt 0.224 0.8374
vt 0.2328 0.8467
vt 0.22 0.8486
vt 0.2367 0.855
vt 0.2205 0.835
vt 0.2173 0.8394
vt 0.208 0.8384
vt 0.2084 0.8408
vt 0.2091 0.8491
vt 0.2208 0.873
vt 0.2069 0.8301
vt 0.214 0.8354
vt 0.2026 0.8247
vt 0.213 0.7954
vt 0.2029 0.8096
vt 0.2314 0.8701
vt 0.2466 0.8701
vt 0.2576 0.875
vt 0.2715 0.877
vt 0.24 0.875
vt 0.2505 0.8794
vt 0.2284 0.8799
vt 0.2174 0.8838
vt 0.2124 0.877
vt 0.2097 0.8594
vt 0.2632 0.8853
vt 0.2318 0.8906
vt 0.2214 0.8848
vt 0.2172 0.8994
vt 0.2742 0.8867
vt 0.2646 0.8906
vt 0.252 0.8872
vt 0.2432 0.8911
vt 0.2578 0.8994
vt 0.241 0.9023
vt 0.2268 0.9009
vt 0.2817 0.8696
vt 0.2854 0.8579
vt 0.2886 0.8374
vt 0.2773 0.8955
vt 0.2722 0.9048
vt 0.2874 0.9053
vt 0.281 0.8789
vt 0.2881 0.8804
vt 0.2891 0.8677
vt 0.3015 0.8755
vt 0.2937 0.8564
vt 0.2949 0.8403
vt 0.2554 0.9067
vt 0.2651 0.9102
vt 0.2712 0.9116
vt 0.2396 0.9116
vt 0.2549 0.915
vt 0.231 0.9082
vt 0.23 0.9136
vt 0.2207 0.9097
vt 0.2094 0.9019
vt 0.2087 0.8892
vt 0.2147 0.9116
vt 0.4443 0.0953
vt 0.4392 0.088
vt 0.4407 0.101
vt 0.4453 0.1067
vt 0.4438 0.1185
vt 0.437 0.1167
vt 0.4392 0.1338
vt 0.4336 0.1316
vt 0.4326 0.1407
vt 0.4285 0.1417
vt 0.4265 0.1533
vt 0.4238 0.1528
vt 0.0815 0.9746
vt 0.0753 0.9644
vt 0.0779 0.978
vt 0.0824 0.959
vt 0.0741 0.9482
vt 0.0831 0.9507
vt 0.0667 0.9463
vt 0.0648 0.9653
vt 0.0757 0.9346
vt 0.0858 0.9385
vt 0.0763 0.917
vt 0.0494 0.9502
vt 0.052 0.9653
vt 0.0637 0.9385
vt 0.0453 0.9248
vt 0.0459 0.9497
vt 0.0608 0.9268
vt 0.0601 0.9155
vt 0.0645 0.8979
vt 0.0559 0.8984
vt 0.0593 0.8804
vt 0.0478 0.9668
vt 0.049 0.9824
vt 0.0338 0.9624
vt 0.0341 0.9688
vt 0.033 0.9409
vt 0.0429 0.9399
vt 0.038 0.9214
vt 0.0412 0.9087
vt 0.0506 0.8848
vt 0.0338 0.9062
vt 0.0397 0.8848
vt 0.0328 0.8857
vt 0.0505 0.8696
vt 0.039 0.8701
vt 0.0332 0.8604
vt 0.0392 0.8584
vt 0.0508 0.8584
vt 0.0416 0.8428
vt 0.4519 0.1478
vt 0.4392 0.1577
vt 0.449 0.1584
vt 0.4563 0.1266
vt 0.7798 0.1405
vt 0.7739 0.1129
vt 0.7773 0.1312
vt 0.7822 0.1384
vt 0.7964 0.1576
vt 0.7944 0.1595
vt 0.8213 0.1768
vt 0.2377 0.4746
vt 0.2275 0.4702
vt 0.2317 0.5049
vt 0.2344 0.4448
vt 0.2269 0.4529
vt 0.2556 0.4595
vt 0.2568 0.4736
vt 0.2424 0.4238
vt 0.2393 0.5
vt 0.2578 0.4243
vt 0.2642 0.4409
vt 0.2739 0.4155
vt 0.2578 0.4114
vt 0.2563 0.4851
vt 0.2542 0.4924
vt 0.2393 0.5063
vt 0.2812 0.4773
vt 0.281 0.4878
vt 0.2683 0.4729
vt 0.2864 0.4822
vt 0.2915 0.4954
vt 0.2891 0.4556
vt 0.2751 0.4453
vt 0.2947 0.4639
vt 0.2979 0.4424
vt 0.2952 0.4753
vt 0.2925 0.488
vt 0.3157 0.5142
vt 0.2764 0.4316
vt 0.3003 0.4346
vt 0.2957 0.4187
vt 0.3079 0.4988
vt 0.3157 0.4951
vt 0.2964 0.4678
vt 0.3303 0.5273
vt 0.2913 0.4031
vt 0.304 0.4102
vt 0.3005 0.3955
vt 0.2766 0.4004
vt 0.2864 0.3821
vt 0.3149 0.3889
vt 0.3086 0.4719
vt 0.3027 0.4602
vt 0.3049 0.4521
vt 0.312 0.4526
vt 0.332 0.5078
vt 0.3418 0.5391
vt 0.3247 0.4473
vt 0.3152 0.4263
vt 0.281 0.3586
vt 0.303 0.3508
vt 0.2771 0.3384
vt 0.2974 0.3325
vt 0.2825 0.3191
vt 0.2764 0.3047
vt 0.2671 0.3621
vt 0.2627 0.3135
vt 0.3445 0.5225
vt 0.3562 0.5542
vt 0.2708 0.3826
vt 0.2559 0.3872
vt 0.2524 0.3599
vt 0.2384 0.3823
vt 0.252 0.3289
vt 0.2222 0.4016
vt 0.2227 0.4426
vt 0.2207 0.3706
vt 0.2373 0.3652
vt 0.2294 0.354
vt 0.2192 0.3474
vt 0.2224 0.3213
vt 0.2372 0.343
vt 0.2389 0.3169
vt 0.2219 0.3059
vt 0.2512 0.3115
vt 0.2396 0.2815
vt 0.2212 0.2842
vt 0.2632 0.2966
vt 0.2686 0.2751
vt 0.24 0.2742
vt 0.2186 0.2705
vt 0.2527 0.2627
vt 0.2666 0.2583
vt 0.2394 0.2576
vt 0.2177 0.261
vt 0.238 0.2439
vt 0.2156 0.2487
vt 0.2642 0.2278
vt 0.2332 0.2175
vt 0.2141 0.2213
vt 0.2133 0.207
vt 0.2751 0.2322
vt 0.2734 0.1965
vt 0.2795 0.2493
vt 0.2815 0.272
vt 0.2615 0.1968
vt 0.2325 0.2048
vt 0.2306 0.1835
vt 0.2137 0.1647
vt 0.2312 0.1614
vt 0.2144 0.1299
vt 0.2301 0.1079
vt 0.2141 0.1111
vt 0.2129 0.0826
vt 0.2449 0.1768
vt 0.259 0.179
vt 0.2588 0.1636
vt 0.2423 0.1477
vt 0.2551 0.1433
vt 0.2352 0.1289
vt 0.2507 0.1267
vt 0.2275 0.0847
vt 0.2468 0.0894
vt 0.2134 0.0545
vt 0.2264 0.0533
vt 0.2437 0.057
vt 0.2551 0.0593
vt 0.2578 0.0857
vt 0.2461 0.1086
vt 0.2559 0.0996
vt 0.2639 0.1136
vt 0.2585 0.1328
vt 0.2666 0.149
vt 0.6562 0.3035
vt 0.6558 0.3115
vt 0.6689 0.3096
vt 0.6689 0.3064
vt 0.6816 0.3093
vt 0.6548 0.2905
vt 0.6826 0.3054
vt 0.6675 0.2922
vt 0.666 0.2788
vt 0.6558 0.2781
vt 0.6631 0.2734
vt 0.6519 0.2734
vt 0.6504 0.2566
vt 0.6636 0.2576
vt 0.6802 0.2578
vt 0.6831 0.2922
vt 0.6934 0.3025
vt 0.6953 0.291
vt 0.6934 0.2771
vt 0.6812 0.2786
vt 0.6821 0.2737
vt 0.6963 0.2725
vt 0.6948 0.2573
vt 0.9409 0.5991
vt 0.937 0.6045
vt 0.9438 0.6079
vt 0.9287 0.584
vt 0.9238 0.5586
vt 0.9209 0.5806
vt 0.9346 0.6084
vt 0.9277 0.6157
vt 0.9326 0.6182
vt 0.9316 0.627
vt 0.9297 0.6338
vt 0.9282 0.6396
vt 0.9224 0.6235
vt 0.918 0.6411
vt 0.9229 0.6509
vt 0.9097 0.647
vt 0.915 0.6631
vt 0.9116 0.6289
vt 0.8999 0.6567
vt 0.9067 0.6748
vt 0.9033 0.6343
vt 0.8901 0.6313
vt 0.9038 0.6123
vt 0.8945 0.6143
vt 0.8809 0.6045
vt 0.8853 0.5972
vt 0.9072 0.5908
vt 0.8896 0.5728
vt 0.9062 0.5703
vt 0.897 0.5625
vt 0.8828 0.5615
vt 0.9175 0.5596
vt 0.9111 0.5449
vt 0.9175 0.5454
vt 0.9185 0.5381
vt 0.8975 0.5459
vt 0.9019 0.5381
vt 0.9116 0.5347
vt 0.9194 0.5161
vt 0.9268 0.519
vt 0.8691 0.5581
vt 0.8716 0.5781
vt 0.874 0.5376
vt 0.8662 0.5405
vt 0.876 0.5229
vt 0.8701 0.5229
vt 0.8892 0.4851
vt 0.8833 0.5386
vt 0.8911 0.5342
vt 0.8906 0.5161
vt 0.896 0.4871
vt 0.9155 0.4675
vt 0.9087 0.4644
vt 0.9209 0.4448
vt 0.9307 0.4236
vt 0.9404 0.426
vt 0.9102 0.5122
vt 0.9219 0.4956
vt 0.9043 0.4895
vt 0.936 0.448
vt 0.9478 0.4299
vt 0.9546 0.4353
vt 0.9229 0.47
vt 0.9434 0.4573
vt 0.959 0.4382
vt 0.936 0.4766
vt 0.9507 0.4556
vt 0.959 0.4497
vt 0.9556 0.457
vt 0.9551 0.4622
vt 0.937 0.501
vt 0.9443 0.5088
vt 0.9512 0.4895
vt 0.9365 0.522
vt 0.9243 0.54
vt 0.6514 0.4646
vt 0.6509 0.4883
vt 0.6577 0.4741
vt 0.645 0.4756
vt 0.6357 0.47
vt 0.6387 0.4551
vt 0.627 0.47
vt 0.6206 0.4695
vt 0.6553 0.4487
vt 0.6226 0.4492
vt 0.6138 0.4736
vt 0.6099 0.459
vt 0.6084 0.4827
vt 0.6104 0.4385
vt 0.6328 0.4456
vt 0.6226 0.437
vt 0.6431 0.4397
vt 0.623 0.4202
vt 0.6113 0.4194
vt 0.6265 0.3904
vt 0.6338 0.4209
vt 0.6455 0.4226
vt 0.6382 0.3977
vt 0.6543 0.425
vt 0.6494 0.4036
vt 0.6621 0.4355
vt 0.6587 0.4614
vt 0.6606 0.4106
vt 0.6655 0.4287
vt 0.6655 0.4092
vt 0.6533 0.396
vt 0.6553 0.3901
vt 0.6401 0.3879
vt 0.6416 0.3765
vt 0.6284 0.3757
vt 0.6191 0.3809
vt 0.6143 0.3999
vt 0.6089 0.3953
vt 0.6055 0.408
vt 0.604 0.4241
vt 0.605 0.4392
vt 0.0755 0.8066
vt 0.0852 0.792
vt 0.0711 0.8008
vt 0.0892 0.7666
vt 0.0975 0.7759
vt 0.0746 0.7871
vt 0.0958 0.7588
vt 0.0795 0.7461
vt 0.0777 0.7622
vt 0.0649 0.7661
vt 0.0613 0.793
vt 0.0627 0.8091
vt 0.0468 0.8198
vt 0.0563 0.8203
vt 0.0563 0.792
vt 0.0565 0.7749
vt 0.0473 0.7837
vt 0.0499 0.7583
vt 0.0488 0.7578
vt 0.0617 0.7485
vt 0.0433 0.7612
vt 0.0597 0.7305
vt 0.0404 0.7422
vt 0.0753 0.7217
vt 0.0878 0.7324
vt 0.0379 0.7778
vt 0.0244 0.7764
vt 0.033 0.7905
vt 0.045 0.8003
vt 0.0402 0.8213
vt 0.0932 0.7383
vt 0.1047 0.7349
vt 0.0974 0.7261
vt 0.1118 0.749
vt 0.1143 0.7607
vt 0.1066 0.7759
vt 0.1016 0.7891
vt 0.091 0.792
vt 0.0331 0.8018
vt 0.0288 0.8154
vt 0.0275 0.8013
vt 0.0283 0.791
vt 0.0222 0.792
vt 0.0217 0.8335
vt 0.0156 0.8291
vt 0.027 0.8394
vt 0.0495 0.8223
vt 0.0099 0.853
vt 0.002 0.8457
vt 0.9019 0.2505
vt 0.9058 0.2388
vt 0.9014 0.2355
vt 0.8833 0.2428
vt 0.8813 0.2296
vt 0.897 0.2264
vt 0.8784 0.2159
vt 0.8931 0.218
vt 0.8896 0.2122
vt 0.8877 0.2065
vt 0.8608 0.2347
vt 0.8638 0.2457
vt 0.8594 0.2202
vt 0.8862 0.2568
vt 0.8677 0.26
vt 0.8872 0.2834
vt 0.8726 0.2959
vt 0.8784 0.2041
vt 0.8838 0.196
vt 0.8652 0.2074
vt 0.856 0.1975
vt 0.8657 0.1963
vt 0.8604 0.1849
vt 0.8784 0.1909
vt 0.8843 0.1847
vt 0.9048 0.2825
vt 0.9312 0.2783
vt 0.8877 0.2974
vt 0.8745 0.3181
vt 0.9072 0.2988
vt 0.9297 0.2896
vt 0.8896 0.3162
vt 0.8945 0.304
vt 0.8921 0.3298
vt 0.8765 0.3479
vt 0.9048 0.3118
vt 0.8853 0.3569
vt 0.8813 0.3716
vt 0.8896 0.366
vt 0.916 0.3113
vt 0.9033 0.3291
vt 0.9048 0.3486
vt 0.917 0.3262
vt 0.9297 0.3071
vt 0.9302 0.322
vt 0.9399 0.2998
vt 0.9473 0.2839
vt 0.9502 0.3013
vt 0.9551 0.3313
vt 0.9395 0.3413
vt 0.9473 0.3569
vt 0.957 0.3521
vt 0.9214 0.3569
vt 0.9414 0.3596
vt 0.9067 0.3679
vt 0.9243 0.366
vt 0.9019 0.3779
vt 0.8911 0.3757
vt 0.8901 0.3865
vt 0.9385 0.3669
vt 0.9448 0.3694
vt 0.9268 0.3745
vt 0.9097 0.3823
vt 0.8911 0.3999
vt 0.8843 0.4011
vt 0.9062 0.3931
vt 0.9287 0.3811
vt 0.8921 0.4067
vt 0.9072 0.4004
vt 0.8896 0.4192
vt 0.8789 0.4175
vt 0.8774 0.4304
vt 0.8794 0.4465
vt 0.9087 0.4141
vt 0.9272 0.3918
vt 0.8984 0.4448
vt 0.8853 0.4587
vt 0.9092 0.4324
vt 0.9409 0.4006
vt 0.939 0.3953
vt 0.9312 0.3896
vt 0.8184 0.8911
vt 0.8184 0.9058
vt 0.8335 0.8843
vt 0.8276 0.9082
vt 0.8228 0.9253
vt 0.8081 0.9277
vt 0.8179 0.9419
vt 0.8047 0.9492
vt 0.8159 0.9541
vt 0.8291 0.9336
vt 0.8296 0.9614
vt 0.8364 0.9419
vt 0.8384 0.9136
vt 0.8408 0.9316
vt 0.8423 0.957
vt 0.8447 0.8916
vt 0.8501 0.9121
vt 0.8472 0.8818
vt 0.8335 0.877
vt 0.8511 0.8716
vt 0.8579 0.9243
vt 0.8496 0.9395
vt 0.8647 0.9048
vt 0.8584 0.8882
vt 0.8647 0.8896
vt 0.8628 0.877
vt 0.8638 0.8721
vt 0.7749 0.012
vt 0.7588 0.0079
vt 0.77 0.034
vt 0.7539 0.0329
vt 0.7568 0.047
vt 0.772 0.0535
vt 0.749 0.0705
vt 0.7681 0.0739
vt 0.7476 0.0191
vt 0.7422 0.0052
vt 0.7402 0.0303
vt 0.7314 0.0031
vt 0.7397 0.05
vt 0.7314 0.0338
vt 0.7222 0.0272
vt 0.7227 0.002
vt 0.729 0.0474
vt 0.7178 0.0538
vt 0.7256 0.0689
vt 0.7124 0.0876
vt 0.7383 0.1078
vt 0.7275 0.092
vt 0.7241 0.1313
vt 0.75 0.1287
vt 0.7676 0.1207
vt 0.7686 0.1451
vt 0.7339 0.1337
vt 0.7563 0.1534
vt 0.769 0.1619
vt 0.7109 0.1011
vt 0.7563 0.1725
vt 0.77 0.189
vt 0.7451 0.1921
vt 0.7705 0.2076
vt 0.7646 0.2247
vt 0.7373 0.1576
vt 0.6914 0.1014
vt 0.6973 0.0821
vt 0.6885 0.1161
vt 0.687 0.1331
vt 0.71 0.1328
vt 0.689 0.1626
vt 0.7271 0.1487
vt 0.7056 0.1667
vt 0.7295 0.1804
vt 0.7183 0.1702
vt 0.7104 0.183
vt 0.7212 0.1907
vt 0.7178 0.2047
vt 0.7314 0.1948
vt 0.7378 0.2212
vt 0.7485 0.2201
vt 0.7563 0.2355
vt 0.7373 0.2417
vt 0.7568 0.2496
vt 0.7427 0.2544
vt 0.752 0.27
vt 0.7334 0.2651
vt 0.7158 0.2402
vt 0.7192 0.2134
vt 0.6929 0.2079
vt 0.6914 0.1915
vt 0.6924 0.2357
vt 0.6987 0.2496
vt 0.7144 0.2625
vt 0.729 0.2922
vt 0.7104 0.28
vt 0.7388 0.2803
vt 0.7368 0.3035
vt 0.7427 0.3186
vt 0.7251 0.3157
vt 0.7026 0.3162
vt 0.7261 0.3491
vt 0.7378 0.3518
vt 0.7192 0.3381
vt 0.6963 0.3362
vt 0.6807 0.3223
vt 0.6748 0.3362
vt 0.689 0.3499
vt 0.6587 0.3445
vt 0.7056 0.3503
vt 0.71 0.3699
vt 0.6821 0.363
vt 0.6475 0.3596
vt 0.6401 0.3669
vt 0.6758 0.3826
vt 0.7036 0.3811
vt 0.73 0.3799
vt 0.6953 0.3926
vt 0.6733 0.3862
vt 0.7222 0.4011
vt 0.7495 0.4187
vt 0.7554 0.3938
vt 0.7627 0.3547
vt 0.7549 0.311
vt 0.7197 0.4067
vt 0.7017 0.4019
vt 0.7134 0.4192
vt 0.7485 0.6924
vt 0.7505 0.7227
vt 0.7603 0.6963
vt 0.7661 0.7295
vt 0.7637 0.7446
vt 0.7544 0.7461
vt 0.7705 0.7612
vt 0.7607 0.7603
vt 0.7866 0.7632
vt 0.7749 0.7471
vt 0.7866 0.7427
vt 0.7827 0.7207
vt 0.7788 0.689
vt 0.7559 0.6821
vt 0.7896 0.6831
vt 0.7949 0.73
vt 0.8003 0.7568
vt 0.7705 0.6816
vt 0.7686 0.6777
vt 0.7993 0.7612
vt 0.7578 0.6792
vt 0.7456 0.6782
vt 0.7632 0.6714
vt 0.7476 0.6753
vt 0.7378 0.667
vt 0.7402 0.6636
vt 0.7563 0.6724
vt 0.7529 0.665
vt 0.7612 0.6641
vt 0.7578 0.6543
vt 0.7852 0.7676
vt 0.771 0.7651
vt 0.7612 0.7686
vt 0.7588 0.7637
vt 0.7534 0.7671
vt 0.751 0.7603
vt 0.752 0.772
vt 0.771 0.7744
vt 0.7563 0.771
vt 0.7612 0.7822
vt 0.7563 0.7881
vt 0.7539 0.814
vt 0.7651 0.8018
vt 0.7583 0.8184
vt 0.7812 0.7734
vt 0.7979 0.7666
vt 0.7783 0.7915
vt 0.8008 0.7778
vt 0.7778 0.814
vt 0.7646 0.8232
vt 0.7646 0.8408
vt 0.7896 0.8018
vt 0.7974 0.8071
vt 0.7769 0.8335
vt 0.7656 0.8506
vt 0.812 0.7729
vt 0.8096 0.7539
vt 0.8071 0.7427
vt 0.8115 0.8042
vt 0.7925 0.8311
vt 0.7759 0.8472
vt 0.8086 0.8237
vt 0.7935 0.8423
vt 0.7749 0.855
vt 0.7886 0.8491
vt 0.8057 0.8286
vt 0.8193 0.8423
vt 0.8159 0.811
vt 0.814 0.7866
vt 0.8252 0.8281
vt 0.8242 0.8164
vt 0.8223 0.7925
vt 0.8242 0.8398
vt 0.8345 0.8467
vt 0.834 0.8584
vt 0.8755 0.6816
vt 0.875 0.7065
vt 0.8848 0.6904
vt 0.8896 0.7002
vt 0.8936 0.6777
vt 0.9004 0.6821
vt 0.8701 0.7124
vt 0.8721 0.7036
vt 0.8354 0.7441
vt 0.8491 0.7437
vt 0.8423 0.7632
vt 0.4521 0.0226
vt 0.4587 0.0222
vt 0.4526 0.0167
vt 0.4443 0.033
vt 0.4521 0.0339
vt 0.6714 0.4182
vt 0.6719 0.4321
vt 0.687 0.4211
vt 0.689 0.4443
vt 0.6729 0.4429
vt 0.6963 0.4446
vt 0.7026 0.4238
vt 0.709 0.4246
vt 0.7051 0.446
vt 0.688 0.4634
vt 0.6699 0.4783
vt 0.7012 0.4619
vt 0.707 0.4641
vt 0.6982 0.48
vt 0.7051 0.4817
vt 0.7056 0.4995
vt 0.6855 0.4822
vt 0.6699 0.5063
vt 0.6841 0.5068
vt 0.6982 0.5098
vt 0.6685 0.5342
vt 0.6895 0.5332
vt 0.6963 0.5317
vt 0.6948 0.5503
vt 0.6807 0.5259
vt 0.6792 0.5459
vt 0.6743 0.5615
vt 0.6587 0.5518
vt 0.6553 0.5776
vt 0.6792 0.5713
vt 0.668 0.5752
vt 0.6978 0.5635
vt 0.6719 0.5938
vt 0.688 0.582
vt 0.6992 0.585
vt 0.6865 0.5967
vt 0.6895 0.6152
vt 0.6753 0.6167
vt 0.7046 0.625
vt 0.7114 0.6094
vt 0.708 0.5728
vt 0.7148 0.624
vt 0.7188 0.6396
vt 0.6982 0.6396
vt 0.7217 0.6533
vt 0.6973 0.626
vt 0.6846 0.6338
vt 0.6982 0.6509
vt 0.667 0.6245
vt 0.6602 0.6152
vt 0.6621 0.6304
vt 0.6777 0.6426
vt 0.6665 0.6572
vt 0.6992 0.6719
vt 0.7236 0.667
vt 0.6753 0.6597
vt 0.6704 0.6797
vt 0.6924 0.6562
vt 0.7139 0.6924
vt 0.728 0.6963
vt 0.7324 0.7207
vt 0.6865 0.6753
vt 0.6826 0.689
vt 0.6753 0.7031
vt 0.6904 0.709
vt 0.6792 0.73
vt 0.7124 0.7256
vt 0.6929 0.7285
vt 0.6831 0.7686
vt 0.7144 0.7603
vt 0.7373 0.7524
vt 0.7407 0.7905
vt 0.6943 0.7554
vt 0.6953 0.7988
vt 0.6841 0.8145
vt 0.6851 0.8433
vt 0.7158 0.8086
vt 0.7427 0.8159
vt 0.7168 0.8477
vt 0.7427 0.8394
vt 0.6992 0.8662
vt 0.688 0.8687
vt 0.7256 0.8667
vt 0.7388 0.8579
vt 0.7178 0.8936
vt 0.7368 0.8735
vt 0.7183 0.8979
vt 0.6982 0.9111
vt 0.7012 0.9028
vt 0.7124 0.874
vt 0.7021 0.8877
vt 0.7012 0.8921
vt 0.6978 0.8843
vt 0.6812 0.9023
vt 0.688 0.9121
vt 0.6816 0.8911
vt 0.6714 0.8921
vt 0.6758 0.8882
vt 0.6753 0.8779
vt 0.6826 0.8691
vt 0.1138 0.1123
vt 0.1093 0.0959
vt 0.1008 0.1401
vt 0.1159 0.1428
vt 0.1002 0.156
vt 0.1132 0.1608
vt 0.1116 0.1764
vt 0.0787 0.1533
vt 0.0812 0.1653
vt 0.0502 0.1599
vt 0.1002 0.1769
vt 0.0964 0.1953
vt 0.1083 0.2078
vt 0.0867 0.2249
vt 0.1075 0.2166
vt 0.1066 0.2267
vt 0.0898 0.1379
vt 0.1029 0.104
vt 0.076 0.1113
vt 0.0883 0.1017
vt 0.0976 0.2542
vt 0.1038 0.259
vt 0.0944 0.2834
vt 0.0872 0.2659
vt 0.0972 0.0889
vt 0.1032 0.0581
vt 0.091 0.0718
vt 0.0755 0.0707
vt 0.095 0.0507
vt 0.1005 0.0303
vt 0.0639 0.1124
vt 0.0833 0.0493
vt 0.0959 0.0025
vt 0.1013 0.002
vt 0.0932 0.0332
vt 0.0851 0.0041
vt 0.0845 0.0317
vt 0.0715 0.0282
vt 0.0682 0.0052
vt 0.0667 0.0504
vt 0.0498 0.0304
vt 0.0477 0.0073
vt 0.057 0.0409
vt 0.0456 0.05
vt 0.0646 0.0705
vt 0.046 0.0692
vt 0.0438 0.0886
vt 0.0406 0.1201
vt 0.0311 0.1236
vt 0.0358 0.0998
vt 0.0435 0.0674
vt 0.0334 0.1678
vt 0.0266 0.1436
vt 0.0265 0.1582
vt 0.0259 0.1813
vt 0.0385 0.1809
vt 0.0271 0.2078
vt 0.0554 0.1722
vt 0.0578 0.1934
vt 0.044 0.2079
vt 0.0404 0.223
vt 0.0247 0.2239
vt 0.0204 0.2405
vt 0.0446 0.2452
vt 0.0198 0.2556
vt 0.059 0.2086
vt 0.0769 0.1897
vt 0.0755 0.2046
vt 0.0834 0.2061
vt 0.0687 0.2274
vt 0.0547 0.2266
vt 0.0679 0.252
vt 0.0461 0.2634
vt 0.0186 0.2705
vt 0.0692 0.2793
vt 0.0868 0.3123
vt 0.0592 0.2634
vt 0.0481 0.2771
vt 0.0676 0.3289
vt 0.0867 0.3376
vt 0.0313 0.3059
vt 0.0465 0.3306
vt 0.0148 0.3022
vt 0.0108 0.3289
vt 0.0606 0.3013
vt 0.0667 0.3523
vt 0.0861 0.3552
vt 0.0242 0.3398
vt 0.0098 0.363
vt 0.0339 0.3613
vt 0.0852 0.3877
vt 0.0977 0.3743
vt 0.0439 0.3677
vt 0.034 0.4021
vt 0.0211 0.3792
vt 0.0107 0.4045
vt 0.0112 0.4316
vt 0.0667 0.3826
vt 0.0251 0.4368
vt 0.0096 0.457
vt 0.0461 0.3938
vt 0.0426 0.4148
vt 0.0657 0.4026
vt 0.0306 0.4443
vt 0.0443 0.427
vt 0.0459 0.4392
vt 0.0659 0.4109
vt 0.056 0.4351
vt 0.0838 0.4028
vt 0.016 0.4639
vt 0.007 0.4775
vt 0.0848 0.3967
vt 0.1102 0.3892
vt 0.1096 0.3669
vt 0.0552 0.4504
vt 0.0623 0.4299
vt 0.0207 0.4692
vt 0.0152 0.4846
vt 0.008 0.4944
vt 0.0222 0.4788
vt 0.0376 0.4585
vt 0.0302 0.4771
vt 0.0452 0.4583
vt 0.0371 0.4873
vt 0.0337 0.4846
vt 0.0511 0.478
vt 0.0766 0.4204
vt 0.0702 0.4141
vt 0.0791 0.4106
vt 0.0634 0.4612
vt 0.0555 0.4958
vt 0.0445 0.5005
vt 0.0499 0.5249
vt 0.0657 0.481
vt 0.0884 0.4656
vt 0.0803 0.4587
vt 0.0972 0.4604
vt 0.0657 0.4973
vt 0.1176 0.4854
vt 0.1332 0.4988
vt 0.1028 0.4788
vt 0.0928 0.4814
vt 0.0817 0.4934
vt 0.0696 0.522
vt 0.1483 0.501
vt 0.1461 0.5132
vt 0.1588 0.519
vt 0.161 0.4993
vt 0.1647 0.5098
vt 0.1664 0.522
vt 0.1705 0.5005
vt 0.1781 0.5254
vt 0.1718 0.5298
vt 0.1766 0.5156
vt 0.1932 0.5186
vt 0.1736 0.4915
vt 0.2024 0.5103
vt 0.1759 0.4846
vt 0.193 0.4912
vt 0.1813 0.4751
vt 0.8086 0.9023
vt 0.8081 0.895
vt 0.793 0.9229
vt 0.7944 0.9072
vt 0.8062 0.8857
vt 0.7939 0.8882
vt 0.7935 0.8745
vt 0.8032 0.8711
vt 0.7949 0.8618
vt 0.7822 0.8599
vt 0.7837 0.877
vt 0.7783 0.8965
vt 0.7666 0.8745
vt 0.769 0.8608
vt 0.7627 0.875
vt 0.7642 0.8579
vt 0.7612 0.9023
vt 0.749 0.8672
vt 0.75 0.8569
vt 0.7583 0.8857
vt 0.7485 0.8843
vt 0.7554 0.9004
vt 0.7573 0.9146
vt 0.75 0.9136
vt 0.7559 0.9375
vt 0.748 0.9336
vt 0.748 0.9482
vt 0.7769 0.9097
vt 0.7656 0.9243
vt 0.7798 0.9175
vt 0.7676 0.9375
vt 0.7832 0.9248
vt 0.7871 0.9331
vt 0.7764 0.9404
vt 0.7744 0.9604
vt 0.7671 0.9521
vt 0.7544 0.9502
vt 0.7666 0.9634
vt 0.7734 0.9756
vt 0.7534 0.9624
vt 0.749 0.9624
vt 0.7524 0.9829
vt 0.7563 0.9819
vt 0.7554 0.9976
vt 0.7588 0.998
vt 0.7544 0.9614
vt 0.7681 0.9795
vt 0.769 0.9888
vt 0.7573 0.9805
vt 0.7607 0.9937
vt 0.7832 0.245
vt 0.8105 0.2335
vt 0.8149 0.2178
vt 0.8135 0.2471
vt 0.7905 0.2827
vt 0.7764 0.2761
vt 0.771 0.26
vt 0.7583 0.2808
vt 0.7583 0.2749
vt 0.7661 0.304
vt 0.7817 0.3081
vt 0.7939 0.3013
vt 0.8262 0.2783
vt 0.7993 0.3333
vt 0.7842 0.324
vt 0.7734 0.3503
vt 0.7739 0.3313
vt 0.8174 0.3152
vt 0.8223 0.2546
vt 0.8149 0.3462
vt 0.8091 0.3708
vt 0.8369 0.3557
vt 0.8325 0.3125
vt 0.8198 0.2499
vt 0.8184 0.2382
vt 0.812 0.2333
vt 0.8232 0.2277
vt 0.8145 0.2263
vt 0.8359 0.2413
vt 0.8472 0.2312
vt 0.8413 0.235
vt 0.8438 0.2264
vt 0.8467 0.25
vt 0.8486 0.272
vt 0.8521 0.2964
vt 0.856 0.3396
vt 0.8501 0.3821
vt 0.8604 0.375
vt 0.8628 0.3914
vt 0.8384 0.3704
vt 0.8398 0.3962
vt 0.8638 0.3994
vt 0.8477 0.4219
vt 0.8618 0.4221
vt 0.8623 0.4407
vt 0.8252 0.3884
vt 0.812 0.3992
vt 0.832 0.4084
vt 0.8306 0.4304
vt 0.814 0.4204
vt 0.8154 0.4443
vt 0.8477 0.4565
vt 0.856 0.4648
vt 0.8345 0.4749
vt 0.8477 0.4856
vt 0.8447 0.4402
vt 0.832 0.4553
vt 0.8154 0.4585
vt 0.8228 0.4683
vt 0.8145 0.4783
vt 0.8086 0.4907
vt 0.8286 0.4868
vt 0.8193 0.5107
vt 0.8042 0.4995
vt 0.8027 0.5107
vt 0.8345 0.5
vt 0.8506 0.4978
vt 0.8491 0.5205
vt 0.8525 0.5366
vt 0.8198 0.5317
vt 0.8218 0.543
vt 0.8008 0.5356
vt 0.8013 0.5488
vt 0.8521 0.5493
vt 0.8032 0.5874
vt 0.8384 0.5684
vt 0.8213 0.5679
vt 0.8218 0.5854
vt 0.8076 0.6191
vt 0.8501 0.584
vt 0.8599 0.5767
vt 0.8486 0.6182
vt 0.8599 0.6187
vt 0.8608 0.6548
vt 0.8364 0.6016
vt 0.8237 0.6157
vt 0.8247 0.6313
vt 0.8101 0.6367
vt 0.8286 0.6577
vt 0.8125 0.6626
vt 0.8389 0.646
vt 0.8481 0.6572
vt 0.8496 0.6807
vt 0.8647 0.6792
vt 0.8315 0.6846
vt 0.814 0.6885
vt 0.4465 0.7139
vt 0.4353 0.729
vt 0.4353 0.7407
vt 0.4434 0.7075
vt 0.4148 0.751
vt 0.4194 0.7568
vt 0.4192 0.7666
vt 0.4126 0.7759
vt 0.4036 0.7852
vt 0.4131 0.7983
vt 0.4343 0.7871
vt 0.4636 0.813
vt 0.4578 0.8345
vt 0.4773 0.8516
vt 0.4851 0.8447
vt 0.4844 0.8335
vt 0.4851 0.8257
vt 0.4873 0.8184
vt 0.4524 0.7778
vt 0.4343 0.7544
vt 0.4351 0.75
vt 0.9453 0.749
vt 0.9263 0.749
vt 0.9429 0.7681
vt 0.938 0.729
vt 0.9463 0.7305
vt 0.9434 0.7231
vt 0.9277 0.7246
vt 0.9453 0.7104
vt 0.9087 0.7207
vt 0.9312 0.7119
vt 0.9087 0.7397
vt 0.9121 0.7036
vt 0.9072 0.771
vt 0.8818 0.7373
vt 0.9263 0.7856
vt 0.877 0.7939
vt 0.9331 0.7021
vt 0.9229 0.6938
vt 0.9082 0.8022
vt 0.9253 0.8105
vt 0.874 0.8062
vt 0.9238 0.8228
vt 0.9399 0.6885
vt 0.9541 0.6855
vt 0.915 0.6792
vt 0.9038 0.8149
vt 0.8706 0.8281
vt 0.9463 0.6758
vt 0.9585 0.6743
vt 0.9375 0.6826
vt 0.9268 0.6768
vt 0.9111 0.8242
vt 0.9233 0.834
vt 0.8979 0.834
vt 0.8804 0.8394
vt 0.8818 0.8501
vt 0.873 0.8491
vt 0.8662 0.8633
vt 0.8789 0.8604
vt 0.1542 0.0446
vt 0.1608 0.046
vt 0.1545 0.0337
vt 0.1587 0.0632
vt 0.1511 0.0635
vt 0.7256 0.459
vt 0.7432 0.4482
vt 0.7378 0.4414
vt 0.7568 0.4382
vt 0.7583 0.4622
vt 0.7422 0.4653
vt 0.7368 0.489
vt 0.7563 0.4958
vt 0.7339 0.5142
vt 0.7549 0.4265
vt 0.7407 0.4302
vt 0.7285 0.4324
vt 0.7671 0.429
vt 0.7695 0.4612
vt 0.7705 0.4192
vt 0.7656 0.4185
vt 0.7788 0.4119
vt 0.7827 0.4172
vt 0.7778 0.4292
vt 0.7842 0.438
vt 0.7803 0.4734
vt 0.7676 0.4966
vt 0.7876 0.4854
vt 0.7822 0.5181
vt 0.7505 0.519
vt 0.7676 0.522
vt 0.7632 0.5508
vt 0.7339 0.5391
vt 0.7222 0.5215
vt 0.7466 0.5474
vt 0.751 0.5586
vt 0.7661 0.563
vt 0.7368 0.561
vt 0.728 0.5576
vt 0.73 0.5742
vt 0.7554 0.5698
vt 0.7681 0.5854
vt 0.7446 0.5732
vt 0.7446 0.5854
vt 0.7349 0.5908
vt 0.7471 0.6265
vt 0.7593 0.6255
vt 0.7705 0.6221
vt 0.7544 0.584
vt 0.7729 0.5972
vt 0.7637 0.605
vt 0.7817 0.6152
vt 0.7905 0.6333
vt 0.7837 0.6489
vt 0.7974 0.6543
vt 0.7944 0.6777
vt 0.8042 0.6733
vt 0.6182 0.0455
vt 0.6152 0.0337
vt 0.604 0.0464
vt 0.625 0.041
vt 0.6226 0.0286
vt 0.6084 0.0125
vt 0.6211 0.017
vt 0.6221 0.002
vt 0.9395 0.1294
vt 0.918 0.1497
vt 0.9316 0.144
vt 0.9268 0.1356
vt 0.9375 0.1247
vt 0.9424 0.118
vt 0.3203 0.9634
vt 0.3386 0.959
vt 0.3196 0.939
vt 0.3416 0.9302
vt 0.3569 0.957
vt 0.3574 0.9312
vt 0.3286 0.9111
vt 0.3188 0.9102
vt 0.3164 0.894
vt 0.3503 0.9209
vt 0.3586 0.9058
vt 0.3291 0.8813
vt 0.3125 0.8623
vt 0.3413 0.9102
vt 0.3496 0.8916
vt 0.3557 0.8633
vt 0.3376 0.8555
vt 0.311 0.8438
vt 0.3433 0.8706
vt 0.3604 0.8301
vt 0.3252 0.8364
vt 0.3369 0.8276
vt 0.3108 0.8252
vt 0.3223 0.8159
vt 0.312 0.812
vt 0.3418 0.811
vt 0.314 0.7993
vt 0.3438 0.7964
vt 0.3159 0.7866
vt 0.3171 0.771
vt 0.3464 0.7676
vt 0.3181 0.7598
vt 0.3479 0.7598
vt 0.3293 0.7554
vt 0.3181 0.7466
vt 0.3484 0.75
vt 0.3264 0.7354
vt 0.3367 0.7314
vt 0.3293 0.7095
vt 0.3562 0.7207
vt 0.3403 0.7095
vt 0.3345 0.6416
vt 0.3562 0.6914
vt 0.3711 0.6982
vt 0.3596 0.6699
vt 0.3447 0.6621
vt 0.3635 0.6514
vt 0.3936 0.6714
vt 0.3816 0.7139
vt 0.3484 0.6445
vt 0.3518 0.626
vt 0.3369 0.6201
vt 0.3403 0.5957
vt 0.3838 0.6436
vt 0.4014 0.6479
vt 0.4055 0.6318
vt 0.3772 0.6284
vt 0.3904 0.6143
vt 0.3704 0.6211
vt 0.4116 0.6021
vt 0.3538 0.5962
vt 0.3457 0.5781
vt 0.3625 0.6084
vt 0.3774 0.6006
vt 0.3755 0.5967
vt 0.4185 0.5879
vt 0.3552 0.5889
vt 0.3606 0.582
vt 0.3745 0.5894
vt 0.3921 0.5918
vt 0.3049 0.0796
vt 0.3159 0.0525
vt 0.3025 0.053
vt 0.3198 0.1071
vt 0.3052 0.1108
vt 0.3052 0.1282
vt 0.3367 0.09
vt 0.3359 0.0546
vt 0.321 0.1261
vt 0.3047 0.1631
vt 0.3467 0.0699
vt 0.3528 0.057
vt 0.3364 0.1148
vt 0.3225 0.158
vt 0.3059 0.1832
vt 0.3386 0.1296
vt 0.3235 0.1775
vt 0.3064 0.2031
vt 0.3428 0.1635
vt 0.3247 0.208
vt 0.3054 0.2178
vt 0.3457 0.1824
vt 0.3687 0.1683
vt 0.3533 0.1465
vt 0.3618 0.1294
vt 0.324 0.2242
vt 0.3052 0.2313
vt 0.3481 0.2037
vt 0.3474 0.2192
vt 0.3269 0.2483
vt 0.3047 0.2454
vt 0.3064 0.2622
vt 0.374 0.2029
vt 0.3481 0.2437
vt 0.3779 0.1838
vt 0.3728 0.1538
vt 0.3677 0.1231
vt 0.3735 0.2312
vt 0.356 0.1046
vt 0.3628 0.0848
vt 0.3521 0.0806
vt 0.364 0.0729
vt 0.3655 0.058
vt 0.3674 0.0444
vt 0.3418 0.043
vt 0.3879 0.039
vt 0.3767 0.0354
vt 0.3604 0.0329
vt 0.4097 0.0168
vt 0.3945 0.0298
vt 0.4104 0.031
vt 0.4258 0.0215
vt 0.428 0.0164
vt 0.3379 0.033
vt 0.3804 0.0188
vt 0.3193 0.0362
vt 0.3196 0.0499
vt 0.3064 0.0382
vt 0.3206 0.0249
vt 0.3093 0.0256
vt 0.3086 0.0202
vt 0.3367 0.0234
vt 0.3528 0.0207
vt 0.3376 0.0185
vt 0.3213 0.0201
vt 0.3843 0.0114
vt 0.3237 0.0037
vt 0.3093 0.0047
vt 0.3013 0.0048
vt 0.3369 0.0036
vt 0.3538 0.0038
vt 0.3577 0.0122
vt 0.3596 0.016
vt 0.3848 0.0086
vt 0.385 0.0044
vt 0.407 0.0021
vt 0.4097 0.0061
vt 0.4331 0.0031
vt 0.4324 0.007
vt 0.4487 0.0062
vt 0.4475 0.0108
vt 0.4099 0.0092
vt 0.429 0.0095
vt 0.4429 0.012
vt 0.4402 0.02
vt 0.4326 0.0268
vt 0.9067 0.1175
vt 0.9136 0.13
vt 0.917 0.1165
vt 0.9189 0.1097
vt 0.9292 0.1184
vt 0.9023 0.1058
vt 0.9131 0.102
vt 0.8945 0.1162
vt 0.8921 0.1231
vt 0.9067 0.132
vt 0.8838 0.114
vt 0.8906 0.1047
vt 0.9048 0.0956
vt 0.8936 0.0948
vt 0.8838 0.0963
vt 0.8784 0.1078
vt 0.8721 0.1018
vt 0.895 0.084
vt 0.9141 0.0911
vt 0.9302 0.1018
vt 0.9038 0.0764
vt 0.9209 0.09
vt 0.9023 0.0598
vt 0.9346 0.0882
vt 0.9399 0.0941
vt 0.9263 0.0704
vt 0.915 0.0787
vt 0.9424 0.0839
vt 0.9492 0.0914
vt 0.9497 0.1046
vt 0.9341 0.0645
vt 0.9443 0.0707
vt 0.9468 0.0608
vt 0.9492 0.0499
vt 0.9219 0.0619
vt 0.9375 0.0458
vt 0.918 0.0669
vt 0.9155 0.0638
vt 0.9097 0.0753
vt 0.9131 0.0597
vt 0.9092 0.0562
vt 0.9048 0.0626
vt 0.9282 0.0472
vt 0.9077 0.0466
vt 0.9189 0.0301
vt 0.8804 0.049
vt 0.8853 0.0703
vt 0.8774 0.0822
vt 0.8862 0.0932
vt 0.8711 0.0956
vt 0.8711 0.0436
vt 0.8789 0.0331
vt 0.8862 0.0384
vt 0.9043 0.0349
vt 0.8877 0.0264
vt 0.8735 0.0276
vt 0.9019 0.027
vt 0.875 0.0198
vt 0.8613 0.0239
vt 0.8696 0.0113
vt 0.8916 0.0052
vt 0.8911 0.0121
vt 0.9058 0.0126
vt 0.9121 0.0021
vt 0.915 0.0246
vt 0.9331 0.0255
vt 0.9175 0.0193
vt 0.9395 0.0199
vt 0.9209 0.0093
vt 0.9233 0.0029
vt 0.9404 0.0116
vt 0.917 0.0136
vt 0.1139 0.5654
vt 0.1225 0.5703
vt 0.1169 0.5591
vt 0.0918 0.5601
vt 0.1019 0.5649
vt 0.1081 0.5513
vt 0.1191 0.5488
vt 0.0957 0.5747
vt 0.1088 0.5737
vt 0.1179 0.5381
vt 0.1263 0.5259
vt 0.0941 0.5532
vt 0.1061 0.5439
vt 0.0977 0.5415
vt 0.1058 0.5273
vt 0.1187 0.5244
vt 0.1122 0.5156
vt 0.1207 0.5161
vt 0.1185 0.5112
vt 0.134 0.5132
vt 0.1353 0.5176
vt 0.1255 0.5352
vt 0.0919 0.5776
vt 0.0871 0.5679
vt 0.0763 0.5791
vt 0.0802 0.5859
vt 0.0637 0.5962
vt 0.0912 0.5854
vt 0.099 0.582
vt 0.1058 0.5835
vt 0.1069 0.5786
vt 0.3201 0.5713
vt 0.2996 0.5854
vt 0.3181 0.5854
vt 0.3008 0.5698
vt 0.2849 0.5703
vt 0.3184 0.5669
vt 0.2886 0.5654
vt 0.3018 0.5654
vt 0.3201 0.5537
vt 0.3022 0.5522
vt 0.2881 0.5532
vt 0.2903 0.5391
vt 0.3032 0.5396
vt 0.2927 0.5322
vt 0.3179 0.5415
vt 0.3032 0.5327
vt 0.3235 0.5332
vt 0.3931 0.2612
vt 0.4019 0.2783
vt 0.4014 0.2394
vt 0.4109 0.2649
vt 0.4275 0.2262
vt 0.4119 0.2157
vt 0.1245 0.6875
vt 0.1224 0.6558
vt 0.116 0.6836
vt 0.1195 0.7041
vt 0.1342 0.7075
vt 0.1299 0.6724
vt 0.1383 0.6914
vt 0.1501 0.7065
vt 0.1466 0.7295
vt 0.1576 0.7148
vt 0.1105 0.6826
vt 0.1166 0.6611
vt 0.1272 0.7197
vt 0.1146 0.7134
vt 0.1079 0.6675
vt 0.1089 0.6465
vt 0.1186 0.646
vt 0.1068 0.7104
vt 0.1235 0.7476
vt 0.1043 0.6836
vt 0.1309 0.7456
vt 0.1401 0.7383
vt 0.1365 0.7573
vt 0.0975 0.6772
vt 0.0999 0.6899
vt 0.0919 0.6689
vt 0.1017 0.6562
vt 0.0944 0.6455
vt 0.1146 0.6426
vt 0.0982 0.6396
vt 0.1089 0.6367
vt 0.1161 0.625
vt 0.0965 0.6313
vt 0.1477 0.75
vt 0.1488 0.7729
vt 0.1385 0.7681
vt 0.1346 0.7832
vt 0.1377 0.7886
vt 0.1528 0.7798
vt 0.1279 0.6367
vt 0.1211 0.6396
vt 0.137 0.6245
vt 0.1604 0.7598
vt 0.1654 0.7671
vt 0.1803 0.7744
vt 0.1654 0.7383
vt 0.1753 0.748
vt 0.1782 0.7642
vt 0.1707 0.7275
vt 0.1953 0.7544
vt 0.1952 0.7773
vt 0.171 0.7124
vt 0.1606 0.7002
vt 0.1786 0.7188
vt 0.1804 0.7319
vt 0.1843 0.749
vt 0.1866 0.7246
vt 0.1913 0.7188
vt 0.1914 0.7334
vt 0.1979 0.7417
vt 0.1981 0.7334
vt 0.201 0.7192
vt 0.2206 0.7354
vt 0.2219 0.7476
vt 0.2129 0.7573
vt 0.2064 0.7856
vt 0.2299 0.7622
vt 0.2451 0.7456
vt 0.2271 0.7241
vt 0.2271 0.7666
vt 0.2045 0.7891
vt 0.1969 0.7939
vt 0.2437 0.7495
vt 0.2544 0.7329
vt 0.2458 0.7617
vt 0.2393 0.7705
vt 0.2433 0.7271
vt 0.2593 0.7246
vt 0.2305 0.7144
vt 0.2462 0.7134
vt 0.2598 0.7153
vt 0.2014 0.7065
vt 0.2064 0.6924
vt 0.1953 0.7148
vt 0.23 0.6885
vt 0.2465 0.6982
vt 0.1921 0.6982
vt 0.1859 0.7119
vt 0.2462 0.6851
vt 0.2676 0.6841
vt 0.2329 0.6772
vt 0.2683 0.6729
vt 0.2537 0.666
vt 0.2191 0.6792
vt 0.2129 0.6675
vt 0.2345 0.6646
vt 0.2559 0.6479
vt 0.1953 0.6895
vt 0.1736 0.6978
vt 0.1676 0.708
vt 0.1737 0.7139
vt 0.1761 0.6875
vt 0.1853 0.665
vt 0.2029 0.6602
vt 0.1925 0.6328
vt 0.2163 0.6494
vt 0.2385 0.644
vt 0.2179 0.6328
vt 0.2703 0.6201
vt 0.2693 0.6416
vt 0.24 0.6216
vt 0.2186 0.6167
vt 0.2415 0.6138
vt 0.2185 0.6045
vt 0.2123 0.6099
vt 0.2411 0.6055
vt 0.2202 0.5845
vt 0.2046 0.5986
vt 0.2072 0.6152
vt 0.2052 0.5767
vt 0.2433 0.583
vt 0.2212 0.5776
vt 0.23 0.5708
vt 0.2465 0.5752
vt 0.2317 0.5664
vt 0.2129 0.5669
vt 0.2615 0.5918
vt 0.2749 0.6055
vt 0.2854 0.6191
vt 0.2827 0.6318
vt 0.2627 0.5728
vt 0.2496 0.5684
vt 0.2527 0.5615
vt 0.2527 0.5571
vt 0.2642 0.5605
vt 0.2695 0.5684
vt 0.2539 0.5439
vt 0.2771 0.5737
vt 0.2759 0.5884
vt 0.2769 0.5615
vt 0.2334 0.5532
vt 0.2482 0.5146
vt 0.2571 0.5054
vt 0.2308 0.5386
vt 0.2605 0.5171
vt 0.2102 0.5513
vt 0.2686 0.499
vt 0.2023 0.5591
vt 0.1943 0.5645
vt 0.1941 0.5679
vt 0.269 0.5117
vt 0.2778 0.4978
vt 0.2854 0.5049
vt 0.2793 0.7192
vt 0.2761 0.6802
vt 0.2695 0.7314
vt 0.2888 0.6641
vt 0.2791 0.6572
vt 0.2917 0.6611
vt 0.3025 0.666
vt 0.3015 0.6689
vt 0.3098 0.6685
vt 0.2832 0.6543
vt 0.2754 0.6484
vt 0.2817 0.645
vt 0.2849 0.6465
vt 0.2939 0.6528
vt 0.302 0.6577
vt 0.3132 0.6499
vt 0.304 0.6602
vt 0.3149 0.6528
vt 0.3157 0.6631
vt 0.3184 0.6665
vt 0.3218 0.6592
vt 0.325 0.6621
vt 0.3245 0.6489
vt 0.9644 0.3486
vt 0.9814 0.3586
vt 0.9717 0.3406
vt 0.9668 0.3274
vt 0.9927 0.0436
vt 0.9849 0.0456
vt 0.9883 0.0632
vt 0.9951 0.0621
vt 0.9951 0.0827
vt 0.9897 0.0829
vt 0.9932 0.1074
vt 0.9839 0.0811
vt 0.9863 0.1111
vt 0.9844 0.1375
vt 0.9814 0.105
vt 0.978 0.0873
vt 0.9707 0.1112
vt 0.9727 0.1519
vt 0.9819 0.152
vt 0.9805 0.1652
vt 0.9692 0.1672
vt 0.9639 0.1481
vt 0.9575 0.1661
vt 0.9502 0.1598
vt 0.9512 0.1506
vt 0.9487 0.136
vt 0.9624 0.1229
vt 0.9727 0.1312
vt 0.9678 0.0997
vt 0.9551 0.1142
vt 0.2949 0.1962
vt 0.2856 0.1964
vt 0.2849 0.2329
vt 0.2932 0.2322
vt 0.2859 0.2407
vt 0.2937 0.2407
vt 0.9268 0.2217
vt 0.9272 0.1934
vt 0.9126 0.1998
vt 0.9395 0.2126
vt 0.936 0.2352
vt 0.9565 0.2158
vt 0.9409 0.1912
vt 0.9565 0.2401
vt 0.9473 0.2463
vt 0.9692 0.2397
vt 0.9507 0.2462
vt 0.9619 0.2488
vt 0.9717 0.2465
vt 0.9487 0.2615
vt 0.9434 0.2583
vt 0.9678 0.2512
vt 0.9819 0.2488
vt 0.9478 0.2708
vt 0.9546 0.2644
vt 0.9595 0.2773
vt 0.9531 0.2783
vt 0.9399 0.2705
vt 0.9434 0.2786
vt 0.939 0.2781
vt 0.9805 0.2542
vt 0.9893 0.2646
vt 0.9912 0.2578
vt 0.9946 0.2693
vt 0.9873 0.2822
vt 0.9927 0.2793
vt 0.9717 0.2649
vt 0.9678 0.2573
vt 0.9575 0.2617
vt 0.9619 0.2661
vt 0.9634 0.2781
vt 0.7798 0.2045
vt 0.7788 0.2321
vt 0.7827 0.2107
vt 0.7886 0.2238
vt 0.7939 0.2146
vt 0.6611 0.2346
vt 0.6753 0.2502
vt 0.6606 0.2086
vt 0.6709 0.2522
vt 0.502 0.4343
vt 0.5156 0.4258
vt 0.4961 0.4229
vt 0.5205 0.4355
vt 0.5308 0.4343
vt 0.5239 0.4246
vt 0.5195 0.418
vt 0.5078 0.4182
vt 0.5352 0.4231
vt 0.5391 0.4302
vt 0.542 0.4336
vt 0.5571 0.4268
vt 0.5552 0.4207
vt 0.5513 0.4175
vt 0.5654 0.4131
vt 0.5161 0.4023
vt 0.5332 0.4121
vt 0.5347 0.4167
vt 0.5527 0.4119
vt 0.5566 0.4009
vt 0.5718 0.3965
vt 0.4844 0.4023
vt 0.491 0.4163
vt 0.4688 0.4026
vt 0.5137 0.4009
vt 0.5337 0.4036
vt 0.5703 0.395
vt 0.5854 0.3904
vt 0.5972 0.3811
vt 0.5996 0.3823
vt 0.5547 0.3987
vt 0.5342 0.4016
vt 0.5444 0.3911
vt 0.5659 0.3777
vt 0.5664 0.3921
vt 0.5791 0.384
vt 0.5723 0.3713
vt 0.5928 0.3821
vt 0.6016 0.374
vt 0.6108 0.3667
vt 0.5947 0.3567
vt 0.6123 0.3545
vt 0.6182 0.3662
vt 0.5327 0.3821
vt 0.5239 0.3916
vt 0.5088 0.3867
vt 0.4841 0.3918
vt 0.5303 0.3589
vt 0.4863 0.4009
vt 0.4712 0.4016
vt 0.4619 0.3892
vt 0.5449 0.3811
vt 0.5391 0.3608
vt 0.4961 0.3652
vt 0.4846 0.3418
vt 0.4734 0.377
vt 0.4609 0.3748
vt 0.4614 0.3474
vt 0.4822 0.3662
vt 0.4722 0.355
vt 0.5542 0.3579
vt 0.4531 0.3701
vt 0.4556 0.3877
vt 0.5723 0.3508
vt 0.5488 0.333
vt 0.5596 0.3293
vt 0.5269 0.3374
vt 0.5103 0.3413
vt 0.5083 0.2947
vt 0.5283 0.3142
vt 0.4778 0.3149
vt 0.5723 0.3206
vt 0.5547 0.3049
vt 0.5664 0.3018
vt 0.543 0.3054
vt 0.561 0.2913
vt 0.5464 0.2891
vt 0.5293 0.2908
vt 0.5464 0.2744
vt 0.5845 0.345
vt 0.5889 0.3384
vt 0.6025 0.335
vt 0.6133 0.3401
vt 0.5767 0.3167
vt 0.5664 0.2964
vt 0.585 0.3025
vt 0.5708 0.2847
vt 0.5703 0.2795
vt 0.5723 0.2673
vt 0.5894 0.3228
vt 0.5908 0.2832
vt 0.5781 0.251
vt 0.5967 0.3157
vt 0.5996 0.293
vt 0.5962 0.2661
vt 0.6128 0.2737
vt 0.5996 0.2462
vt 0.5845 0.2335
vt 0.6177 0.2913
vt 0.6191 0.2527
vt 0.6079 0.1998
vt 0.6016 0.1932
vt 0.6211 0.2262
vt 0.6265 0.2571
vt 0.6221 0.2788
vt 0.6304 0.2771
vt 0.625 0.2971
vt 0.6343 0.2319
vt 0.6411 0.235
vt 0.6372 0.2098
vt 0.6201 0.2089
vt 0.6479 0.2097
vt 0.6514 0.2034
vt 0.6411 0.201
vt 0.6475 0.1947
vt 0.6392 0.2573
vt 0.644 0.2441
vt 0.6382 0.2798
vt 0.6436 0.2507
vt 0.6221 0.1919
vt 0.6313 0.1996
vt 0.6265 0.1807
vt 0.6436 0.1934
vt 0.6367 0.1886
vt 0.6445 0.1807
vt 0.6309 0.3008
vt 0.6338 0.3193
vt 0.6069 0.1843
vt 0.6372 0.1724
vt 0.6416 0.1493
vt 0.6523 0.1532
vt 0.6538 0.1411
vt 0.647 0.1135
vt 0.6167 0.3259
vt 0.5991 0.1901
vt 0.5776 0.2327
vt 0.604 0.1804
vt 0.6138 0.1747
vt 0.6113 0.1648
vt 0.626 0.3252
vt 0.623 0.3398
vt 0.6182 0.1586
vt 0.6328 0.3401
vt 0.6387 0.3174
vt 0.6421 0.3301
vt 0.6387 0.3418
vt 0.6328 0.3582
vt 0.624 0.3547
vt 0.6304 0.3638
vt 0.627 0.1633
vt 0.6245 0.1263
vt 0.6328 0.1375
vt 0.6445 0.0883
vt 0.6528 0.0936
vt 0.6133 0.1564
vt 0.6313 0.1008
vt 0.6372 0.0854
vt 0.625 0.0874
vt 0.6162 0.1324
vt 0.6069 0.1495
vt 0.6035 0.1638
vt 0.5972 0.1808
vt 0.013 0.1516
vt 0.0156 0.1405
vt 0.0023 0.1448
vt 0.015 0.1306
vt 0.0058 0.1288
vt 0.0054 0.1163
vt 0.0129 0.1163
vt 0.0207 0.118
vt 0.0108 0.1016
vt 0.002 0.0999
vt 0.2075 0.3718
vt 0.1938 0.3611
vt 0.1924 0.375
vt 0.2073 0.3459
vt 0.1995 0.3435
vt 0.196 0.3413
vt 0.2028 0.3186
vt 0.2067 0.3179
vt 0.2087 0.2939
vt 0.2052 0.2944
vt 0.2078 0.2698
vt 0.2043 0.2698
vt 0.2007 0.2493
vt 0.2047 0.2476
vt 0.1747 0.8999
vt 0.181 0.9053
vt 0.1926 0.8994
vt 0.1946 0.9062
vt 0.1919 0.916
vt 0.215 0.9253
vt 0.1993 0.9282
vt 0.2203 0.938
vt 0.1923 0.9248
vt 0.179 0.9072
vt 0.2036 0.939
vt 0.1926 0.938
vt 0.1841 0.9155
vt 0.191 0.9487
vt 0.202 0.9502
vt 0.1825 0.9595
vt 0.1951 0.959
vt 0.1782 0.9673
vt 0.2158 0.9546
vt 0.2083 0.9644
vt 0.1791 0.9795
vt 0.1666 0.9722
vt 0.2156 0.9604
vt 0.2219 0.9629
vt 0.2128 0.9668
vt 0.2275 0.9497
vt 0.231 0.9546
vt 0.2272 0.9395
vt 0.22 0.9297
vt 0.2307 0.9341
vt 0.2192 0.9219
vt 0.2297 0.9292
vt 0.002 0.0104
vt 0.0046 0.0133
vt 0.0113 0.002
vt 0.002 0.0304
vt 0.3953 0.1204
vt 0.3855 0.1003
vt 0.3845 0.1182
vt 0.3953 0.1271
vt 0.3828 0.1254
vt 0.3845 0.1379
vt 0.4087 0.1249
vt 0.4094 0.1085
vt 0.4001 0.1028
vt 0.4136 0.0992
vt 0.4036 0.0903
vt 0.4109 0.0717
vt 0.4207 0.1065
vt 0.4194 0.12
vt 0.418 0.1266
vt 0.4248 0.0948
vt 0.4138 0.1326
vt 0.4377 0.058
vt 0.3958 0.1373
vt 0.406 0.1768
vt 0.3938 0.1772
vt 0.4155 0.1487
vt 0.3943 0.1854
vt 0.4199 0.1718
vt 0.4272 0.1931
vt 0.4106 0.1968
vt 0.4304 0.2112
vt 0.4202 0.2079
vt 0.4326 0.218
vt 0.4229 0.0742
vt 0.4292 0.0547
vt 0.4465 0.0402
vt 0.4343 0.0389
vt 0.426 0.046
vt 0.4197 0.0485
vt 0.4092 0.0455
vt 0.3914 0.0829
vt 0.4075 0.0405
vt 0.4136 0.2988
vt 0.4275 0.2861
vt 0.4165 0.2839
vt 0.4255 0.2727
vt 0.4199 0.2742
vt 0.4238 0.2634
vt 0.0334 0.03
vt 0.0286 0.002
vt 0.0144 0.0349
vt 0.0279 0.0463
vt 0.0097 0.0557
vt 0.0236 0.0619
vt 0.0183 0.0729
vt 0.0035 0.0826
vt 0.0132 0.0951
vt 0.002 0.0909
vt 0.2737 0.002
vt 0.2644 0.0079
vt 0.2791 0.0079
vt 0.2715 0.016
vt 0.2783 0.026
vt 0.2876 0.02
vt 0.292 0.0287
vt 0.2834 0.0349
vt 0.2854 0.0398
vt 0.293 0.0349
vt 0.5874 0.7354
vt 0.5664 0.7378
vt 0.5781 0.7422
vt 0.5825 0.7324
vt 0.5962 0.731
vt 0.5942 0.7363
vt 0.5894 0.7236
vt 0.5981 0.7095
vt 0.5596 0.7314
vt 0.5713 0.7271
vt 0.5444 0.7358
vt 0.5513 0.7432
vt 0.5327 0.7456
vt 0.5522 0.7256
vt 0.5244 0.7349
vt 0.5254 0.7437
vt 0.5933 0.7046
vt 0.5811 0.7109
vt 0.6108 0.6602
vt 0.6123 0.6729
vt 0.6016 0.6626
vt 0.6157 0.6147
vt 0.623 0.6265
vt 0.5913 0.6851
vt 0.5654 0.707
vt 0.5806 0.6885
vt 0.5942 0.6611
vt 0.604 0.6426
vt 0.5562 0.7109
vt 0.5713 0.6733
vt 0.585 0.6475
vt 0.5698 0.6895
vt 0.5952 0.6206
vt 0.6084 0.6143
vt 0.5767 0.6445
vt 0.5933 0.6064
vt 0.5679 0.6582
vt 0.5586 0.6729
vt 0.561 0.6846
vt 0.5503 0.6812
vt 0.5513 0.6597
vt 0.5591 0.6411
vt 0.5479 0.6665
vt 0.5552 0.6909
vt 0.6079 0.5908
vt 0.5522 0.6958
vt 0.5449 0.6748
vt 0.5439 0.6626
vt 0.5938 0.5869
vt 0.5776 0.5962
vt 0.5835 0.5801
vt 0.5938 0.5791
vt 0.5884 0.5737
vt 0.5825 0.5723
vt 0.6021 0.5762
vt 0.5361 0.7139
vt 0.54 0.6719
vt 0.5425 0.6519
vt 0.6182 0.5923
vt 0.5991 0.5713
vt 0.582 0.5669
vt 0.5269 0.7241
vt 0.6167 0.5757
vt 0.6299 0.5942
vt 0.6025 0.5649
vt 0.6206 0.6084
vt 0.5874 0.5635
vt 0.5801 0.5508
vt 0.5742 0.5537
vt 0.5723 0.5415
vt 0.6343 0.6221
vt 0.6245 0.6484
vt 0.6431 0.5923
vt 0.5781 0.5352
vt 0.5591 0.5044
vt 0.6367 0.5874
vt 0.646 0.5801
vt 0.6309 0.5762
vt 0.6387 0.5566
vt 0.6274 0.5664
vt 0.6206 0.5542
vt 0.6318 0.5444
vt 0.6123 0.5405
vt 0.6206 0.5259
vt 0.5894 0.5293
vt 0.5962 0.5093
vt 0.6074 0.5068
vt 0.5947 0.4851
vt 0.5645 0.5024
vt 0.5845 0.4871
vt 0.5815 0.4656
vt 0.5747 0.4722
vt 0.5732 0.4971
vt 0.563 0.481
vt 0.5527 0.4851
vt 0.5474 0.4863
vt 0.978 0.3167
vt 0.9912 0.3154
vt 0.9956 0.3066
vt 0.9775 0.3232
vt 0.9658 0.3145
vt 0.9648 0.3193
vt 0.9609 0.3115
vt 0.959 0.313
vt 0.9634 0.3081
vt 0.9609 0.293
vt 0.9663 0.2927
vt 0.9692 0.2842
vt 0.9751 0.2881
vt 0.9795 0.2866
vt 0.9771 0.281
vt 0.8794 0.9434
vt 0.8882 0.9268
vt 0.876 0.9272
vt 0.8887 0.9097
vt 0.8774 0.9082
vt 0.8853 0.894
vt 0.8716 0.8887
vt 0.895 0.8975
vt 0.9023 0.895
vt 0.9087 0.8882
vt 0.9023 0.8672
vt 0.8809 0.8853
vt 0.8809 0.874
vt 0.8931 0.8594
vt 0.9131 0.8633
vt 0.9126 0.8833
vt 0.9263 0.8872
vt 0.9204 0.8779
vt 0.9414 0.8672
vt 0.9341 0.8579
vt 0.959 0.8608
vt 0.9111 0.8433
vt 0.9365 0.8384
vt 0.9507 0.8496
vt 0.8979 0.8496
vt 0.9023 0.8462
vt 0.897 0.8511
vt 0.54 0.4773
vt 0.5347 0.4697
vt 0.5278 0.4888
vt 0.5439 0.4834
vt 0.5415 0.4851
vt 0.5459 0.4922
vt 0.5298 0.4985
vt 0.5449 0.5024
vt 0.54 0.5054
vt 0.5439 0.522
vt 0.5347 0.5107
vt 0.5088 0.4868
vt 0.5122 0.4626
vt 0.5024 0.4634
vt 0.5122 0.4983
vt 0.5005 0.4858
vt 0.4858 0.4761
vt 0.4927 0.45
vt 0.4968 0.4424
vt 0.5239 0.5161
vt 0.5371 0.5322
vt 0.498 0.5039
vt 0.4739 0.4373
vt 0.4854 0.4331
vt 0.4705 0.427
vt 0.4636 0.4302
vt 0.4666 0.4475
vt 0.4514 0.4434
vt 0.4563 0.4717
vt 0.5239 0.5405
vt 0.5366 0.5645
vt 0.4729 0.481
vt 0.4507 0.488
vt 0.4634 0.5034
vt 0.4463 0.5039
vt 0.4517 0.5151
vt 0.4409 0.5151
vt 0.436 0.5376
vt 0.4465 0.5415
vt 0.4956 0.5386
vt 0.5225 0.5601
vt 0.4978 0.519
vt 0.5225 0.5786
vt 0.5361 0.5825
vt 0.4648 0.52
vt 0.4646 0.5391
vt 0.48 0.5132
vt 0.4768 0.5396
vt 0.489 0.4934
vt 0.4646 0.5493
vt 0.4766 0.5488
vt 0.4958 0.5557
vt 0.4641 0.5581
vt 0.5015 0.582
vt 0.4517 0.5581
vt 0.4395 0.5771
vt 0.468 0.5796
vt 0.4756 0.5947
vt 0.5054 0.5981
vt 0.4602 0.5952
vt 0.4602 0.6128
vt 0.4768 0.6123
vt 0.4475 0.5977
vt 0.4419 0.6011
vt 0.458 0.6289
vt 0.4387 0.585
vt 0.4336 0.5747
vt 0.4375 0.5786
vt 0.4263 0.5864
vt 0.4299 0.6016
vt 0.4243 0.5718
vt 0.4351 0.6084
vt 0.4238 0.5532
vt 0.4329 0.5547
vt 0.4246 0.5332
vt 0.4541 0.6284
vt 0.4468 0.6313
vt 0.4541 0.6514
vt 0.4644 0.644
vt 0.4602 0.6738
vt 0.4661 0.6436
vt 0.4792 0.668
vt 0.4736 0.6812
vt 0.4717 0.7061
vt 0.4854 0.6851
vt 0.4792 0.6646
vt 0.4778 0.6406
vt 0.4797 0.7026
vt 0.488 0.6646
vt 0.501 0.7212
vt 0.4905 0.7349
vt 0.5063 0.7188
vt 0.4885 0.6851
vt 0.4966 0.6289
vt 0.4963 0.728
vt 0.5029 0.7261
vt 0.5034 0.731
vt 0.5059 0.7534
vt 0.5156 0.728
vt 0.5068 0.729
vt 0.5083 0.7178
vt 0.5127 0.7417
vt 0.5225 0.7358
vt 0.5356 0.7598
vt 0.5127 0.7632
vt 0.5254 0.7437
vt 0.5322 0.7451
vt 0.541 0.7573
vt 0.5327 0.7456
vt 0.542 0.7554
vt 0.5532 0.751
vt 0.5181 0.7163
vt 0.5024 0.6938
vt 0.5186 0.6968
vt 0.5015 0.6738
vt 0.519 0.6816
vt 0.4951 0.665
vt 0.5366 0.6978
vt 0.5376 0.6826
vt 0.5356 0.6655
vt 0.4934 0.6553
vt 0.5034 0.6553
vt 0.5068 0.6665
vt 0.5029 0.6416
vt 0.5181 0.6558
vt 0.5195 0.666
vt 0.5181 0.6484
vt 0.5181 0.6367
vt 0.5381 0.6577
vt 0.5386 0.6406
vt 0.5435 0.6821
vt 0.5156 0.6201
vt 0.5322 0.624
vt 0.5269 0.6079
vt 0.5479 0.6309
vt 0.5312 0.5952
vt 0.5376 0.6118
vt 0.5479 0.5884
vt 0.5464 0.5767
vt 0.5586 0.6211
vt 0.5723 0.6177
vt 0.5645 0.6333
vt 0.5708 0.6304
vt 0.5547 0.645
vt 0.5459 0.6489
vt 0.1742 0.5771
vt 0.1802 0.5811
vt 0.1937 0.5684
vt 0.1869 0.5649
vt 0.1758 0.5557
vt 0.1635 0.5693
vt 0.151 0.604
vt 0.1512 0.5601
vt 0.1464 0.5894
vt 0.1659 0.5449
vt 0.1775 0.5522
vt 0.162 0.5376
vt 0.141 0.5562
vt 0.1281 0.582
vt 0.1373 0.603
vt 0.1163 0.5928
vt 0.1268 0.6187
vt 0.1063 0.6118
vt 0.0934 0.6187
vt 0.0879 0.6304
vt 0.0843 0.6372
vt 0.4404 0.1724
vt 0.4338 0.1726
vt 0.4377 0.1868
vt 0.436 0.1637
vt 0.429 0.162
vt 0.1431 0.9204
vt 0.1602 0.9297
vt 0.1606 0.916
vt 0.1522 0.9155
vt 0.1632 0.9121
vt 0.1366 0.918
vt 0.1505 0.9097
vt 0.1377 0.9014
vt 0.1539 0.894
vt 0.1346 0.8936
vt 0.1299 0.9004
vt 0.1609 0.8843
vt 0.1621 0.9062
vt 0.1483 0.8809
vt 0.1572 0.8774
vt 0.1428 0.874
vt 0.1527 0.875
vt 0.1598 0.8726
vt 0.157 0.8672
vt 0.1534 0.8628
vt 0.1249 0.8857
vt 0.1423 0.8643
vt 0.1475 0.8496
vt 0.1394 0.8564
vt 0.1359 0.8442
vt 0.1533 0.8364
vt 0.1242 0.8682
vt 0.13 0.8501
vt 0.1467 0.8315
vt 0.1265 0.8384
vt 0.1583 0.8223
vt 0.1566 0.8345
vt 0.1577 0.8423
vt 0.1597 0.8389
vt 0.1622 0.8452
vt 0.1177 0.8506
vt 0.1533 0.8154
vt 0.1575 0.8174
vt 0.1677 0.8149
vt 0.1659 0.8105
vt 0.1625 0.8208
vt 0.1608 0.8384
vt 0.1075 0.8374
vt 0.1106 0.8501
vt 0.115 0.8315
vt 0.1151 0.8555
vt 0.1112 0.8506
vt 0.1036 0.8657
vt 0.1043 0.8555
vt 0.1005 0.8765
vt 0.1058 0.876
vt 0.1068 0.8799
vt 0.1136 0.875
vt 0.1058 0.8682
vt 0.1111 0.876
vt 0.1212 0.876
vt 0.1105 0.8823
vt 0.1056 0.8809
vt 0.118 0.8882
vt 0.0956 0.8975
vt 0.0983 0.8828
vt 0.1164 0.9072
vt 0.1237 0.9141
vt 0.1107 0.9189
vt 0.1229 0.9219
vt 0.0978 0.9155
vt 0.0881 0.9111
vt 0.0862 0.918
vt 0.0836 0.9067
vt 0.0922 0.8867
vt 0.0828 0.8853
vt 0.0868 0.8677
vt 0.0933 0.8564
vt 0.0812 0.8525
vt 0.0994 0.8638
vt 0.0851 0.8447
vt 0.0792 0.8394
vt 0.0979 0.8408
vt 0.0891 0.8408
vt 0.0968 0.8213
vt 0.0889 0.8257
vt 0.085 0.8154
vt 0.092 0.8032
vt 0.1129 0.8193
vt 0.1257 0.8228
vt 0.1296 0.8115
vt 0.1026 0.8008
vt 0.1066 0.7974
vt 0.1158 0.811
vt 0.1295 0.8037
vt 0.1155 0.7988
vt 0.1207 0.7871
vt 0.1282 0.7925
vt 0.9194 0.9004
vt 0.9155 0.9141
vt 0.9243 0.9028
vt 0.9204 0.9165
vt 0.9189 0.9302
vt 0.9268 0.917
vt 0.9409 0.9043
vt 0.9385 0.8916
vt 0.9297 0.8931
vt 0.9487 0.895
vt 0.9473 0.8857
vt 0.9609 0.8955
vt 0.9526 0.9043
vt 0.938 0.916
vt 0.9253 0.9326
vt 0.9282 0.9565
vt 0.9189 0.9531
vt 0.9365 0.9326
vt 0.9146 0.9668
vt 0.9077 0.9546
vt 0.9102 0.9414
vt 0.916 0.9409
vt 0.9121 0.9282
vt 0.9175 0.9287
vt 0.9604 0.9355
vt 0.9492 0.9424
vt 0.939 0.9521
vt 0.9429 0.9639
vt 0.936 0.9736
vt 0.9463 0.9751
vt 0.9575 0.9741
vt 0.9531 0.9639
vt 0.9629 0.9546
vt 0.979 0.9658
vt 0.9648 0.9038
vt 0.9771 0.9468
vt 0.9761 0.9023
vt 0.9707 0.8945
vt 0.9751 0.9302
vt 0.9863 0.9219
vt 0.9771 0.8955
vt 0.9907 0.9189
vt 0.9946 0.9302
vt 0.9883 0.9326
vt 0.9888 0.9492
vt 0.9946 0.9512
vt 0.9873 0.9634
vt 0.9878 0.9736
vt 0.9814 0.9785
vt 0.1533 0.0128
vt 0.1306 0.0341
vt 0.1366 0.0379
vt 0.144 0.0331
vt 0.1384 0.0491
vt 0.8325 0.2207
vt 0.8403 0.2108
vt 0.8306 0.2166
vt 0.8374 0.2042
vt 0.8477 0.1943
vt 0.668 0.1126
vt 0.6553 0.1124
vt 0.6646 0.1226
vt 0.665 0.1077
vt 0.6621 0.1054
vt 0.6738 0.0922
vt 0.6729 0.0837
vt 0.6851 0.0698
vt 0.6943 0.0691
vt 0.6826 0.0663
vt 0.7012 0.0501
vt 0.6914 0.04
vt 0.6982 0.0408
vt 0.6978 0.0066
vt 0.7021 0.0142
vt 0.0026 0.5449
vt 0.0069 0.5518
vt 0.0128 0.5439
vt 0.0122 0.5371
vt 0.002 0.54
vt 0.0043 0.5254
vt 0.013 0.5073
vt 0.0111 0.4978
vt 0.0172 0.4919
vt 0.0242 0.5005
vt 0.0206 0.5376
vt 0.0368 0.5332
vt 0.0238 0.5444
vt 0.0198 0.5522
vt 0.0326 0.5093
vt 0.0417 0.5029
vt 0.0432 0.5596
vt 0.0237 0.5576
vt 0.0285 0.5732
vt 0.0467 0.5264
vt 0.0504 0.5537
vt 0.0543 0.5566
vt 0.0602 0.5645
vt 0.0554 0.585
vt 0.0521 0.5732
vt 0.0537 0.5869
vt 0.0406 0.5718
vt 0.0433 0.5889
vt 0.0531 0.6074
vt 0.0417 0.606
vt 0.0535 0.626
vt 0.029 0.5913
vt 0.0196 0.5771
vt 0.0176 0.5571
vt 0.0429 0.6196
vt 0.0406 0.6387
vt 0.0555 0.6411
vt 0.0333 0.6299
vt 0.0325 0.6074
vt 0.026 0.6367
vt 0.0274 0.6558
vt 0.0369 0.6631
vt 0.0476 0.6514
vt 0.0592 0.6567
vt 0.0455 0.6631
vt 0.0645 0.6636
vt 0.0478 0.6704
vt 0.0499 0.6768
vt 0.0351 0.6753
vt 0.0386 0.6943
vt 0.027 0.7085
vt 0.0283 0.7183
vt 0.0205 0.6904
vt 0.0185 0.7065
vt 0.6704 0.1312
vt 0.6807 0.1437
vt 0.6729 0.124
vt 0.6733 0.1376
vt 0.6772 0.1488
vt 0.6738 0.162
vt 0.6768 0.1638
vt 0.6606 0.1794
vt 0.1215 0.9365
vt 0.111 0.9268
vt 0.0992 0.9302
vt 0.1222 0.9297
vt 0.1372 0.9341
vt 0.1321 0.9253
vt 0.141 0.9292
vt 0.1505 0.9316
vt 0.5972 0.7725
vt 0.605 0.7661
vt 0.5962 0.7681
vt 0.6206 0.77
vt 0.6201 0.7671
vt 0.6064 0.7559
vt 0.5991 0.7598
vt 0.5947 0.7534
vt 0.5913 0.7632
vt 0.5991 0.7476
vt 0.5898 0.7437
vt 0.6147 0.748
vt 0.6279 0.7573
vt 0.627 0.7466
vt 0.6401 0.752
vt 0.6343 0.7456
vt 0.6318 0.7666
vt 0.6309 0.77
vt 0.6489 0.7427
vt 0.6436 0.7363
vt 0.6548 0.7295
vt 0.6558 0.749
vt 0.6514 0.7534
vt 0.6538 0.7695
vt 0.6597 0.7695
vt 0.6426 0.7603
vt 0.6523 0.7739
vt 0.6655 0.7866
vt 0.6421 0.7681
vt 0.6401 0.7783
vt 0.6562 0.7822
vt 0.6372 0.791
vt 0.6489 0.7861
vt 0.6606 0.7983
vt 0.667 0.7983
vt 0.668 0.8174
vt 0.6196 0.7988
vt 0.6323 0.812
vt 0.644 0.7959
vt 0.6592 0.8281
vt 0.6689 0.8408
vt 0.6519 0.8096
vt 0.6436 0.8115
vt 0.6484 0.8257
vt 0.6548 0.8359
vt 0.6035 0.7974
vt 0.6377 0.8306
vt 0.6611 0.8457
vt 0.644 0.8413
vt 0.6182 0.8374
vt 0.6104 0.8262
vt 0.6011 0.8247
vt 0.5938 0.8237
vt 0.667 0.8525
vt 0.6714 0.8447
vt 0.6479 0.8516
vt 0.6001 0.8379
vt 0.623 0.8481
vt 0.644 0.8643
vt 0.6519 0.8721
vt 0.6392 0.8564
vt 0.6284 0.8599
vt 0.6333 0.8687
vt 0.6221 0.8711
vt 0.6055 0.8506
vt 0.6167 0.8623
vt 0.5972 0.8628
vt 0.5991 0.8711
vt 0.5967 0.8501
vt 0.5898 0.8481
vt 0.5903 0.8613
vt 0.5898 0.8364
vt 0.5786 0.8442
vt 0.5806 0.833
vt 0.5732 0.8384
vt 0.5762 0.8276
vt 0.585 0.8135
vt 0.584 0.7866
vt 0.4197 0.9463
vt 0.4121 0.9609
vt 0.416 0.9619
vt 0.4236 0.9468
vt 0.4241 0.9307
vt 0.4297 0.9248
vt 0.4341 0.8999
vt 0.4304 0.8975
vt 0.4382 0.8735
vt 0.4343 0.8706
vt 0.437 0.8462
vt 0.4329 0.8481
vt 0.426 0.8237
vt 0.4241 0.8281
vt 0.4099 0.8086
vt 0.4087 0.8135
vt 0.397 0.811
vt 0.3975 0.8062
vt 0.3801 0.8154
vt 0.3818 0.8184
vt 0.3728 0.8359
vt 0.3672 0.8379
vt 0.3701 0.8486
vt 0.4661 0.0351
vt 0.4817 0.0071
vt 0.4653 0.0218
vt 0.48 0.0242
vt 0.5073 0.002
vt 0.4788 0.0437
vt 0.4658 0.0527
vt 0.4661 0.067
vt 0.5029 0.0208
vt 0.5195 0.0092
vt 0.5015 0.04
vt 0.5215 0.0558
vt 0.519 0.0271
vt 0.5444 0.0277
vt 0.5425 0.0421
vt 0.563 0.0445
vt 0.4814 0.0565
vt 0.5029 0.0562
vt 0.5601 0.0573
vt 0.5752 0.0562
vt 0.5591 0.0807
vt 0.5723 0.0696
vt 0.5405 0.06
vt 0.5869 0.086
vt 0.5884 0.0703
vt 0.5356 0.072
vt 0.5703 0.0831
vt 0.5073 0.0711
vt 0.5186 0.074
vt 0.499 0.0695
vt 0.5386 0.0798
vt 0.6089 0.1111
vt 0.6123 0.0993
vt 0.6182 0.0996
vt 0.5869 0.0974
vt 0.5859 0.1031
vt 0.6104 0.1198
vt 0.5698 0.0905
vt 0.5688 0.0975
vt 0.5576 0.0928
vt 0.5864 0.1093
vt 0.5625 0.1042
vt 0.5933 0.1157
vt 0.6069 0.1241
vt 0.6123 0.1277
vt 0.6011 0.13
vt 0.584 0.1183
vt 0.5532 0.1013
vt 0.5645 0.1191
vt 0.5791 0.1382
vt 0.5469 0.0915
vt 0.5347 0.0988
vt 0.5981 0.1528
vt 0.6084 0.1439
vt 0.5713 0.1674
vt 0.5952 0.1691
vt 0.5615 0.1403
vt 0.5537 0.1128
vt 0.5693 0.1851
vt 0.5947 0.1875
vt 0.5566 0.1688
vt 0.5239 0.0907
vt 0.5137 0.1175
vt 0.542 0.108
vt 0.5317 0.1207
vt 0.5493 0.1448
vt 0.5259 0.1385
vt 0.5073 0.1526
vt 0.4983 0.1497
vt 0.5044 0.1041
vt 0.5454 0.1664
vt 0.5034 0.1168
vt 0.4956 0.0843
vt 0.4841 0.0735
vt 0.4692 0.0774
vt 0.4858 0.0919
vt 0.4849 0.1046
vt 0.4814 0.119
vt 0.4648 0.085
vt 0.4575 0.0787
vt 0.4604 0.0862
vt 0.4707 0.1006
vt 0.459 0.1009
vt 0.4634 0.1127
vt 0.4717 0.1171
vt 0.4658 0.1232
vt 0.4656 0.1431
vt 0.491 0.1278
vt 0.4731 0.1484
vt 0.4678 0.176
vt 0.457 0.1755
vt 0.4468 0.2
vt 0.4592 0.2092
vt 0.4377 0.239
vt 0.4531 0.2445
vt 0.4358 0.2546
vt 0.4795 0.2374
vt 0.4729 0.1987
vt 0.4504 0.2651
vt 0.4358 0.2666
vt 0.4368 0.2827
vt 0.4844 0.1737
vt 0.4929 0.1719
vt 0.5044 0.1688
vt 0.499 0.2041
vt 0.5117 0.1881
vt 0.5405 0.1879
vt 0.5112 0.2098
vt 0.4958 0.2328
vt 0.5557 0.1855
vt 0.5518 0.2186
vt 0.5649 0.2386
vt 0.5332 0.2334
vt 0.5098 0.2317
vt 0.5059 0.2448
vt 0.5503 0.2479
vt 0.562 0.2507
vt 0.5586 0.2712
vt 0.5317 0.2466
vt 0.4707 0.2734
vt 0.5288 0.2722
vt 0.5679 0.2822
vt 0.4502 0.2803
vt 0.47 0.301
vt 0.4504 0.3032
vt 0.4377 0.3074
vt 0.4365 0.3213
vt 0.4492 0.3289
vt 0.4597 0.3364
vt 0.4465 0.3508
vt 0.4429 0.3701
vt 0.4473 0.3801
vt 0.4333 0.3682
vt 0.436 0.3523
vt 0.4275 0.3591
vt 0.417 0.3501
vt 0.429 0.3403
vt 0.4238 0.3259
vt 0.4248 0.3147
vt 0.4326 0.3088
vt 0.4163 0.3215
vt 0.4084 0.3403
vt 0.4175 0.5688
vt 0.4065 0.5576
vt 0.4106 0.5679
vt 0.3989 0.563
vt 0.4011 0.5483
vt 0.3997 0.5732
vt 0.4146 0.5703
vt 0.3933 0.5669
vt 0.3931 0.5796
vt 0.3958 0.5562
vt 0.3872 0.5767
vt 0.3894 0.5415
vt 0.4062 0.5479
vt 0.3906 0.5161
vt 0.4065 0.52
vt 0.4075 0.489
vt 0.3838 0.5811
vt 0.3938 0.5859
vt 0.3569 0.5278
vt 0.3472 0.4941
vt 0.3579 0.4963
vt 0.3594 0.4597
vt 0.3918 0.4844
vt 0.3911 0.4446
vt 0.4067 0.4387
vt 0.3311 0.4648
vt 0.3464 0.4714
vt 0.3254 0.4314
vt 0.3276 0.4102
vt 0.3159 0.4031
vt 0.3599 0.4304
vt 0.3599 0.406
vt 0.3291 0.3523
vt 0.3171 0.3291
vt 0.3899 0.4053
vt 0.4043 0.3967
vt 0.3936 0.3679
vt 0.3999 0.3677
vt 0.3975 0.3423
vt 0.386 0.3853
vt 0.3818 0.3564
vt 0.3682 0.3755
vt 0.3254 0.3269
vt 0.3135 0.3013
vt 0.3162 0.2891
vt 0.363 0.3394
vt 0.3564 0.3789
vt 0.354 0.3535
vt 0.3381 0.3936
vt 0.3391 0.3645
vt 0.3489 0.3259
vt 0.3328 0.3076
vt 0.3401 0.2876
vt 0.3528 0.3196
vt 0.3225 0.2729
vt 0.3096 0.2744
vt 0.3296 0.2639
vt 0.363 0.2805
vt 0.355 0.2615
vt 0.376 0.2637
vt 0.3628 0.2493
vt 0.3818 0.2288
vt 0.3835 0.214
vt 0.3857 0.2487
vt 0.3862 0.2739
vt 0.3762 0.272
vt 0.3833 0.2886
vt 0.3525 0.2922
vt 0.363 0.3062
vt 0.3792 0.2964
vt 0.394 0.3179
vt 0.3772 0.325
vt 0.3745 0.3088
vt 0.3843 0.3147
vt 0.9897 0.1436
vt 0.9961 0.1565
vt 0.9941 0.1415
vt 0.9927 0.1595
vt 0.3022 0.2842
vt 0.2905 0.2715
vt 0.2913 0.2983
vt 0.3003 0.2986
vt 0.3054 0.2869
vt 0.29 0.3091
vt 0.3923 0.0521
vt 0.3826 0.0582
vt 0.3777 0.0699
vt 0.3977 0.0444
vt 0.6294 0.6606
vt 0.6289 0.668
vt 0.6401 0.6621
vt 0.6348 0.6665
vt 0.6582 0.6572
vt 0.6572 0.6621
vt 0.6514 0.6714
vt 0.6548 0.6699
vt 0.6543 0.6777
vt 0.6572 0.6665
vt 0.6484 0.6802
vt 0.6538 0.687
vt 0.6445 0.6792
vt 0.6489 0.6914
vt 0.6558 0.6982
vt 0.6309 0.6753
vt 0.6514 0.7012
vt 0.6548 0.7021
vt 0.6357 0.7017
vt 0.6431 0.6909
vt 0.6411 0.6846
vt 0.6309 0.6924
vt 0.6294 0.7017
vt 0.624 0.6802
vt 0.623 0.6724
vt 0.6201 0.6777
vt 0.6196 0.688
vt 0.624 0.6924
vt 0.625 0.7007
vt 0.6333 0.6831
vt 0.6807 0.1801
vt 0.6807 0.2053
vt 0.6841 0.1981
vt 0.6816 0.2089
vt 0.6772 0.2089
vt 0.6572 0.1926
vt 0.6553 0.1844
vt 0.9692 0.2172
vt 0.979 0.2295
vt 0.9731 0.2148
vt 0.9858 0.2238
vt 0.9902 0.2388
vt 0.9834 0.2136
vt 0.9941 0.2128
vt 0.2939 0.1819
vt 0.2932 0.1659
vt 0.2915 0.191
vt 0.2893 0.1667
vt 0.2922 0.1521
vt 0.2827 0.1661
vt 0.2808 0.182
vt 0.2786 0.1731
vt 0.2747 0.1777
vt 0.1445 0.139
vt 0.147 0.1499
vt 0.1499 0.1372
vt 0.1409 0.1525
vt 0.6133 0.8882
vt 0.6265 0.8862
vt 0.623 0.876
vt 0.624 0.9009
vt 0.6309 0.8911
vt 0.6089 0.917
vt 0.6035 0.9038
vt 0.5986 0.9331
vt 0.6333 0.9111
vt 0.6226 0.9287
vt 0.6079 0.9492
vt 0.6201 0.959
vt 0.6348 0.9287
vt 0.6411 0.896
vt 0.6411 0.8823
vt 0.6426 0.8765
vt 0.6367 0.9526
vt 0.6274 0.9629
vt 0.6455 0.9409
vt 0.6533 0.9297
vt 0.6587 0.9331
vt 0.6675 0.916
vt 0.6714 0.9233
vt 0.6826 0.9189
vt 0.6792 0.1024
vt 0.6758 0.1119
vt 0.6792 0.1149
vt 0.6763 0.1074
vt 0.7788 0.1652
vt 0.7847 0.1777
vt 0.7856 0.1648
vt 0.7896 0.1707
vt 0.7896 0.179
vt 0.7866 0.1816
vt 0.7939 0.1959
vt 0.7861 0.1945
vt 0.7993 0.1958
vt 0.7939 0.1991
vt 0.2935 0.0659
vt 0.2952 0.0565
vt 0.2849 0.0606
vt 0.2876 0.0506
vt 0.2852 0.0495
vt 0.2856 0.0449
vt 0.9487 0.0314
vt 0.9531 0.0343
vt 0.9531 0.0193
vt 0.9585 0.0172
vt 0.9575 0.0083
vt 0.9673 0.002
vt 0.9614 0.0029
vt 0.002 0.2067
vt 0.0089 0.2223
vt 0.0062 0.2067
vt 0.0052 0.2222
vt 0.0089 0.2345
vt 0.0057 0.2351
vt 0.0065 0.2515
vt 0.0026 0.2524
vt 0.957 0.8315
vt 0.9727 0.8369
vt 0.9683 0.8267
vt 0.9888 0.835
vt 0.981 0.8198
vt 0.9951 0.832
vt 0.9849 0.8125
vt 0.9951 0.813
vt 0.9839 0.8042
vt 0.9888 0.7974
vt 0.978 0.7905
vt 0.9814 0.7871
vt 0.9766 0.7822
vt 0.9585 0.7798
vt 0.958 0.7729
vt 0.9395 0.7734
vt 0.9487 0.7822
vt 0.9331 0.7856
vt 0.9424 0.7939
vt 0.938 0.8042
vt 0.9404 0.8052
vt 0.9478 0.8198
vt 0.853 0.0187
vt 0.8521 0.0132
vt 0.8457 0.0126
vt 0.8496 0.0279
vt 0.8555 0.0287
vt 0.8555 0.0409
vt 0.8594 0.0399
vt 0.8545 0.0488
vt 0.8584 0.0486
vt 0.9385 0.1636
vt 0.9443 0.1846
vt 0.9492 0.1733
vt 0.9536 0.1837
vt 0.9565 0.1823
vt 0.9707 0.1887
vt 0.9692 0.2096
vt 0.9756 0.191
vt 0.7905 0.1103
vt 0.7988 0.1322
vt 0.8018 0.1136
vt 0.7896 0.1005
vt 0.8003 0.0808
vt 0.7808 0.0682
vt 0.7788 0.087
vt 0.7861 0.0501
vt 0.8013 0.0618
vt 0.8022 0.0633
vt 0.8149 0.0714
vt 0.8027 0.1019
vt 0.8213 0.0992
vt 0.8291 0.1176
vt 0.8037 0.1129
vt 0.8081 0.1365
vt 0.8105 0.136
vt 0.8184 0.1575
vt 0.8164 0.1477
vt 0.8242 0.1667
vt 0.8174 0.1332
vt 0.8408 0.1407
vt 0.8384 0.1482
vt 0.8184 0.1353
vt 0.0225 0.0887
vt 0.0248 0.1068
vt 0.0262 0.0936
vt 0.0257 0.0818
vt 0.0054 0.1606
vt 0.0147 0.1693
vt 0.0047 0.1562
vt 0.0038 0.1646
vt 0.0127 0.175
vt 0.0167 0.1804
vt 0.012 0.1836
vt 0.0123 0.1914
vt 0.0036 0.1937
vt 0.003 0.1976
vt 0.002 0.2015
vt 0.1299 0.0623
vt 0.1515 0.0748
vt 0.1331 0.0597
vt 0.1201 0.0438
vt 0.1158 0.0438
vt 0.1144 0.0249
vt 0.11 0.0237
vt 0.1135 0.0126
vt 0.1176 0.0141
vt 0.1288 0.0021
vt 0.1302 0.0045
vt 0.1478 0.0025
vt 0.1484 0.0048
vt 0.1594 0.0077
vt 0.4646 0.8887
vt 0.4924 0.8945
vt 0.4763 0.8867
vt 0.468 0.9023
vt 0.4875 0.9146
vt 0.5024 0.915
vt 0.457 0.9082
vt 0.4504 0.9004
vt 0.4402 0.9224
vt 0.4768 0.9282
vt 0.4944 0.9346
vt 0.5034 0.939
vt 0.4973 0.959
vt 0.4868 0.9565
vt 0.4863 0.9673
vt 0.4929 0.9741
vt 0.4746 0.9526
vt 0.4639 0.9302
vt 0.4526 0.9346
vt 0.449 0.9492
vt 0.4392 0.9463
vt 0.4438 0.9692
vt 0.4707 0.9619
vt 0.4673 0.9697
vt 0.449 0.9941
vt 0.4868 0.9834
vt 0.4958 0.9922
vt 0.4846 0.9922
vt 0.1219 0.2135
vt 0.1152 0.2329
vt 0.1194 0.233
vt 0.1185 0.2137
vt 0.122 0.2026
vt 0.119 0.202
vt 0.2556 0.0528
vt 0.2612 0.0512
vt 0.2573 0.0472
vt 0.2542 0.0451
vt 0.5552 0.7642
vt 0.5562 0.7651
vt 0.5732 0.7476
vt 0.5342 0.7905
vt 0.5352 0.793
vt 0.522 0.8027
vt 0.5244 0.8037
vt 0.5059 0.8286
vt 0.5034 0.8281
vt 0.4963 0.8438
vt 0.4932 0.8472
vt 0.4937 0.8555
vt 0.4907 0.8594
vt 0.4937 0.873
vt 0.4956 0.8706
vt 0.5112 0.8989
vt 0.5103 0.9038
vt 0.5156 0.9092
vt 0.1984 0.2244
vt 0.1975 0.2424
vt 0.1982 0.2345
vt 0.2035 0.2343
vt 0.2433 0.0436
vt 0.2532 0.0374
vt 0.249 0.0332
vt 0.2356 0.0399
vt 0.2261 0.0294
vt 0.2383 0.0202
vt 0.2166 0.0191
vt 0.2267 0.0083
vt 0.2223 0.0026
vt 0.2129 0.0133
vt 0.644 0.0087
vt 0.6416 0.0135
vt 0.6528 0.002
vt 0.6338 0.0179
vt 0.6299 0.0267
vt 0.2913 0.092
vt 0.2881 0.0719
vt 0.2878 0.079
vt 0.2888 0.1007
vt 0.2886 0.1144
vt 0.2842 0.1274
vt 0.2812 0.1459
vt 0.2778 0.1487
vt 0.2676 0.1669
vt 0.2644 0.1747
vt 0.9048 0.2036
vt 0.9043 0.1974
vt 0.9023 0.2037
vt 0.9077 0.2161
vt 0.9053 0.2152
vt 0.916 0.2285
vt 0.9097 0.2233
vt 0.9189 0.2363
vt 0.5957 0.0205
vt 0.5889 0.0066
vt 0.5879 0.0087
vt 0.5835 0.002
vt 0.1543 0.1157
vt 0.1462 0.1273
vt 0.1558 0.1268
vt 0.146 0.0884
vt 0.1544 0.0799
vt 0.1467 0.0808
vt 0.8159 0.1904
vt 0.813 0.1812
vt 0.8066 0.1953
vt 0.8047 0.1866
vt 0.121 0.1556
vt 0.1293 0.1578
vt 0.1309 0.157
vt 0.1361 0.1637
vt 0.1389 0.1637
vt 0.1392 0.1755
vt 0.1422 0.1757
vt 0.1389 0.1855
vt 0.1361 0.184
vt 0.1295 0.1901
vt 0.1338 0.191
vt 0.1203 0.1947
vt 0.1213 0.1969
vt 0.251 0.0102
vt 0.2438 0.002
vt 0.2473 0.0099
vt 0.2556 0.0222
vt 0.2593 0.0204
vt 0.2627 0.0338
vt 0.2664 0.0328
vt 0.2717 0.0426
vt 0.27 0.0436
vt 0.2739 0.0642
vt 0.2783 0.0615
vt 0.2729 0.0867
vt 0.2778 0.0841
vt 0.2715 0.0928
vt 0.9956 0.201
vt 0.9878 0.2
vt 0.9917 0.2058
vt 0.9849 0.2039
vt 0.9902 0.1951
vt 0.9956 0.1946
vt 0.1289 0.0751
vt 0.11 0.0591
vt 0.1266 0.0746
vt 0.1324 0.0925
vt 0.136 0.0917
vt 0.1339 0.1107
vt 0.1382 0.1068
vt 0.1322 0.1437
vt 0.1348 0.1449
vt 0.1342 0.1512
vt 0.8354 0.1658
vt 0.8379 0.1603
vt 0.8315 0.1572
vt 0.8403 0.1707
vt 0.8389 0.1804
vt 0.8364 0.1803
vt 0.8276 0.1954
vt 0.832 0.1952
vt 0.8125 0.203
vt 0.8145 0.2058
vt 0.8013 0.2061
vt 0.8047 0.2094
vt 0.7944 0.2065
vt 0.3977 0.2012
vt 0.3953 0.2026
vt 0.4004 0.2103
vt 0.3872 0.1927
vt 0.3828 0.1921
vt 0.7808 0.3552
vt 0.7759 0.3674
vt 0.7803 0.3701
vt 0.7739 0.3796
vt 0.7783 0.3796
vt 0.7769 0.384
vt 0.9331 0.1541
vt 0.939 0.1548
vt 0.9409 0.1492
vt 0.9341 0.1567
vt 0.002 0.2781
vt 0.0089 0.2576
vt 0.0022 0.2673
vt 0.005 0.2798
vt 0.2756 0.1125
vt 0.2778 0.113
vt 0.2795 0.0979
vt 0.2695 0.0989
vt 0.6597 0.0664
vt 0.6572 0.0735
vt 0.6606 0.0781
vt 0.6543 0.0822
vt 0.6504 0.0795
vt 0.9902 0.3381
vt 0.9849 0.3345
vt 0.9961 0.3479
vt 0.9883 0.3333
vt 0.9956 0.3342
vt 0.9858 0.3271
vt 0.9541 0.3735
vt 0.9487 0.3862
vt 0.9561 0.3857
vt 0.9492 0.3982
vt 0.9531 0.4133
vt 0.9668 0.366
vt 0.9604 0.4111
vt 0.981 0.3816
vt 0.9844 0.3711
vt 0.9951 0.396
vt 0.9907 0.3804
vt 0.9727 0.626
vt 0.9932 0.623
vt 0.981 0.6162
vt 0.9907 0.5845
vt 0.9634 0.6094
vt 0.9663 0.6245
vt 0.9536 0.6118
vt 0.9546 0.5972
vt 0.9639 0.5854
vt 0.9771 0.5879
vt 0.9893 0.5771
vt 0.5142 0.8394
vt 0.5449 0.8354
vt 0.5488 0.8237
vt 0.5063 0.8438
vt 0.5522 0.8374
vt 0.5552 0.8545
vt 0.5615 0.8496
vt 0.5796 0.8677
vt 0.5327 0.8569
vt 0.5127 0.8682
vt 0.5186 0.8882
vt 0.5459 0.8623
vt 0.5732 0.877
vt 0.5869 0.8813
vt 0.5366 0.896
vt 0.5312 0.9121
vt 0.5493 0.9258
vt 0.5518 0.8867
vt 0.5757 0.8965
vt 0.5903 0.8945
vt 0.5903 0.9131
vt 0.5518 0.916
vt 0.563 0.9014
vt 0.5747 0.9136
vt 0.5796 0.9268
vt 0.5684 0.9307
vt 0.9907 0.5293
vt 0.9937 0.541
vt 0.9946 0.5308
vt 0.9917 0.5151
vt 0.9922 0.5415
vt 0.9863 0.5215
vt 0.9922 0.5493
vt 0.9893 0.5493
vt 0.9795 0.5176
vt 0.9819 0.4995
vt 0.9746 0.5
vt 0.9741 0.5181
vt 0.9609 0.5063
vt 0.9658 0.5181
vt 0.9819 0.5674
vt 0.981 0.5649
vt 0.9507 0.5195
vt 0.9575 0.5229
vt 0.9697 0.5669
vt 0.9658 0.5767
vt 0.9526 0.5347
vt 0.9492 0.5347
vt 0.9487 0.5522
vt 0.9517 0.5488
vt 0.9541 0.5698
vt 0.958 0.5581
vt 0.7344 0.9673
vt 0.7354 0.9585
vt 0.7334 0.9585
vt 0.7324 0.9668
vt 0.7002 0.9585
vt 0.7305 0.9761
vt 0.7324 0.9497
vt 0.7344 0.9492
vt 0.729 0.9751
vt 0.7251 0.9829
vt 0.729 0.9419
vt 0.7305 0.9409
vt 0.7236 0.9819
vt 0.7178 0.9888
vt 0.7241 0.9351
vt 0.7251 0.9336
vt 0.7168 0.9873
vt 0.7168 0.9297
vt 0.709 0.9907
vt 0.7095 0.9922
vt 0.7178 0.9282
vt 0.7002 0.9932
vt 0.709 0.9263
vt 0.7095 0.9248
vt 0.7002 0.9917
vt 0.6914 0.9922
vt 0.7002 0.9253
vt 0.7002 0.9233
vt 0.6919 0.9907
vt 0.6826 0.9888
vt 0.6919 0.9263
vt 0.6914 0.9248
vt 0.6836 0.9873
vt 0.6836 0.9297
vt 0.6768 0.9819
vt 0.6758 0.9829
vt 0.6831 0.9282
vt 0.6699 0.9761
vt 0.6768 0.9351
vt 0.6758 0.9336
vt 0.6714 0.9751
vt 0.6665 0.9673
vt 0.6714 0.9419
vt 0.6699 0.9409
vt 0.6685 0.9668
vt 0.6655 0.9585
vt 0.6685 0.9497
vt 0.6665 0.9492
vt 0.667 0.9585
vn -0.627 -0.025 0.779
vn -0.306 0.21 0.929
vn -0.292 0.099 0.952
vn -0.909 -0.417 0.009
vn -0.97 -0.241 -0.031
vn -0.86 -0.388 -0.332
vn -0.548 -0.809 -0.214
vn -0.637 -0.573 -0.516
vn -0.082 -0.614 -0.785
vn -0.402 0.075 0.913
vn -0.292 0.099 0.952
vn -0.517 0.104 0.85
vn 0.677 0.07 0.733
vn 0.301 -0.694 -0.654
vn 0.789 -0.239 0.566
vn -0.032 -0.989 0.146
vn 0.483 -0.843 0.235
vn 0.679 -0.671 0.297
vn -0.02 -0.939 -0.343
vn 0.186 -0.964 -0.189
vn -0.267 -0.926 -0.266
vn 0.071 0.604 0.794
vn 0.223 0.84 0.495
vn 0.417 0.732 0.539
vn -0.143 0.75 0.645
vn -0.174 0.607 0.775
vn 0.127 0.674 0.728
vn 0.274 0.844 0.46
vn 0.338 0.931 0.135
vn 0.198 0.866 0.459
vn 0.301 -0.694 -0.654
vn -0.029 -0.727 0.686
vn 0.789 -0.239 0.566
vn -0.551 0.832 0.067
vn -0.678 0.728 0.1
vn -0.654 0.743 0.142
vn 0.995 -0.021 -0.1
vn 0.587 -0.362 -0.724
vn 0.581 -0.637 -0.507
vn -0.093 0.353 0.931
vn -0.668 0.198 0.717
vn -0.631 -0.291 0.719
vn -0.909 -0.417 0.009
vn -0.845 -0.445 0.298
vn -0.984 -0.177 -0.008
vn 0.878 -0.476 0.059
vn 0.963 -0.267 -0.038
vn 0.908 -0.04 0.417
vn 0.863 -0.429 0.266
vn 0.884 -0.452 -0.121
vn 0.976 -0.217 -0.006
vn -0.211 0.227 0.951
vn -0.099 0.303 0.948
vn 0.089 0.029 0.996
vn 0.346 0.001 0.938
vn 0.147 -0.062 0.987
vn 0.419 -0.118 0.9
vn 0.528 -0.77 -0.359
vn 0.742 -0.542 -0.395
vn 0.313 -0.371 -0.875
vn -0.113 -0.91 0.398
vn -0.407 -0.87 0.279
vn -0.541 0.559 0.629
vn -0.509 -0.169 -0.844
vn 0.364 -0.604 -0.709
vn -0.266 -0.902 -0.34
vn -0.56 0.707 0.433
vn -0.654 0.743 0.142
vn -0.678 0.728 0.1
vn 0.603 -0.208 0.771
vn -0.029 -0.727 0.686
vn 0.301 -0.694 -0.654
vn 0.677 0.07 0.733
vn 0.603 -0.208 0.771
vn 0.301 -0.694 -0.654
vn 0.703 -0.376 -0.604
vn -0.278 -0.718 -0.638
vn 0.324 -0.51 -0.797
vn 0.955 -0.144 -0.26
vn -0.384 -0.132 -0.914
vn 0.401 -0.915 -0.048
vn -0.938 0.008 0.347
vn -0.684 -0.207 0.7
vn -0.346 -0.183 0.92
vn -0.495 0.414 -0.764
vn -0.417 0.088 -0.905
vn -0.489 0.415 -0.768
vn 0.575 0.305 -0.759
vn 0.684 0.544 -0.486
vn 0.619 0.43 -0.657
vn 0.398 0.123 0.909
vn 0.082 0.12 0.989
vn 0.419 -0.118 0.9
vn 0.878 -0.476 0.059
vn 0.908 -0.04 0.417
vn 0.766 -0.302 0.568
vn -0.539 0.806 -0.245
vn -0.762 0.265 -0.591
vn -0.621 0.631 -0.465
vn -0.111 0.498 0.86
vn -0.385 0.54 0.748
vn -0.722 -0.352 0.596
vn -0.287 0.625 0.726
vn -0.087 0.455 0.886
vn -0.023 0.789 0.615
vn 0.557 0.518 -0.649
vn 0.6 0.6 -0.53
vn 0.631 0.518 -0.578
vn -0.624 -0.414 0.663
vn -0.225 -0.524 0.821
vn -0.722 -0.352 0.596
vn -0.232 -0.503 -0.833
vn -0.448 -0.252 -0.858
vn 0.96 0.017 -0.279
vn -0.822 -0.25 0.511
vn -0.966 -0.036 0.256
vn -0.708 0.707 -0.006
vn -0.208 0.783 0.586
vn -0.03 0.827 0.562
vn -0.112 0.79 0.603
vn 0.108 0.819 0.563
vn -0.122 0.751 0.649
vn -0.069 0.721 0.69
vn -0.122 0.751 0.649
vn 0.108 0.819 0.563
vn -0.072 0.729 0.68
vn -0.517 0.846 0.133
vn -0.568 0.767 0.297
vn -0.736 0.607 0.299
vn 0.546 -0.182 0.818
vn 0.229 0.813 0.534
vn 0.238 -0.923 0.302
vn -0.877 -0.169 0.45
vn -0.702 -0.103 0.705
vn -0.167 -0.527 0.833
vn 0.188 0.245 0.951
vn 0.422 0.292 0.858
vn 0.427 0.245 0.87
vn 0.185 0.292 0.938
vn -0.065 0.245 0.967
vn 0.164 0.534 0.83
vn 0.373 0.534 0.759
vn -0.057 0.534 0.844
vn -0.064 0.292 0.954
vn -0.313 0.245 0.917
vn -0.273 0.534 0.8
vn -0.309 0.292 0.905
vn -0.54 0.245 0.805
vn -0.471 0.534 0.703
vn -0.533 0.292 0.794
vn -0.73 0.245 0.638
vn -0.637 0.534 0.557
vn -0.72 0.292 0.629
vn -0.87 0.245 0.427
vn -0.759 0.534 0.373
vn -0.858 0.292 0.422
vn -0.951 0.245 0.188
vn -0.83 0.534 0.164
vn -0.938 0.292 0.185
vn -0.967 0.245 -0.065
vn -0.844 0.534 -0.057
vn -0.954 0.292 -0.064
vn -0.917 0.245 -0.313
vn -0.8 0.534 -0.273
vn -0.905 0.292 -0.309
vn -0.805 0.245 -0.54
vn -0.703 0.534 -0.471
vn -0.794 0.292 -0.533
vn -0.638 0.245 -0.73
vn -0.557 0.534 -0.637
vn -0.629 0.292 -0.72
vn -0.427 0.245 -0.87
vn -0.373 0.534 -0.759
vn -0.422 0.292 -0.858
vn -0.188 0.245 -0.951
vn -0.164 0.534 -0.83
vn -0.185 0.292 -0.938
vn 0.065 0.245 -0.967
vn 0.057 0.534 -0.844
vn 0.064 0.292 -0.954
vn 0.313 0.245 -0.917
vn 0.273 0.534 -0.8
vn 0.309 0.292 -0.905
vn 0.54 0.245 -0.805
vn 0.471 0.534 -0.703
vn 0.533 0.292 -0.794
vn 0.73 0.245 -0.638
vn 0.637 0.534 -0.557
vn 0.72 0.292 -0.629
vn 0.87 0.245 -0.427
vn 0.759 0.534 -0.373
vn 0.858 0.292 -0.422
vn 0.951 0.245 -0.188
vn 0.83 0.534 -0.164
vn 0.938 0.292 -0.185
vn 0.967 0.245 0.065
vn 0.844 0.534 0.057
vn 0.954 0.292 0.064
vn 0.917 0.245 0.313
vn 0.8 0.534 0.273
vn 0.905 0.292 0.309
vn 0.805 0.245 0.54
vn 0.703 0.534 0.471
vn 0.794 0.292 0.533
vn 0.638 0.245 0.73
vn 0.557 0.534 0.637
vn 0.629 0.292 0.72
vn 0.427 0.245 0.87
vn 0.373 0.534 0.759
vn 0.422 0.292 0.858
vn 0.843 -0.534 0.059
vn -0.094 -0.047 -0.995
vn -0.065 -0.889 -0.453
vn 0.613 -0.709 -0.346
vn -0.561 0.164 0.812
vn -0.526 0.037 0.849
vn -0.768 0.115 0.63
vn -0.658 -0.073 0.75
vn -0.627 -0.025 0.779
vn -0.415 0.083 0.906
vn -0.306 0.21 0.929
vn -0.768 0.115 0.63
vn -0.571 0.305 0.762
vn -0.561 0.164 0.812
vn -0.854 0.204 0.478
vn 0.884 -0.298 -0.361
vn 0.453 0.028 -0.891
vn 0.372 -0.029 -0.928
vn 0.952 -0.254 -0.172
vn 0.501 0.144 -0.854
vn 0.559 0.227 -0.798
vn 0.927 -0.35 0.133
vn 0.908 -0.38 -0.174
vn 0.801 -0.246 -0.546
vn 0.867 -0.31 -0.392
vn 0.71 -0.514 -0.481
vn 0.599 -0.526 -0.604
vn 0.465 -0.544 -0.698
vn 0.943 -0.329 -0.05
vn 0.909 -0.315 0.275
vn 0.973 -0.224 -0.056
vn 0.887 -0.255 0.384
vn 0.992 -0.122 0.022
vn 0.706 0.246 -0.664
vn 0.977 -0.172 0.129
vn 0.891 -0.22 0.397
vn 0.777 0.123 -0.617
vn 0.969 -0.186 0.161
vn 0.676 0.106 -0.729
vn 0.957 -0.235 0.171
vn 0.667 -0.143 -0.731
vn 0.338 0.09 -0.937
vn 0.179 -0.596 -0.783
vn 0.111 -0.728 -0.677
vn -0.265 0.541 0.798
vn -0.221 0.676 0.702
vn -0.434 0.549 0.714
vn -0.659 0.547 0.516
vn -0.756 0.458 0.467
vn -0.524 0.378 0.763
vn -0.749 0.6 0.281
vn -0.564 0.443 0.696
vn -0.7 0.41 0.585
vn -0.836 0.427 0.345
vn -0.604 0.539 0.587
vn -0.411 0.497 0.764
vn -0.603 0.651 0.46
vn -0.925 0.37 0.081
vn -0.712 0.68 0.173
vn -0.711 0.7 0.065
vn -0.877 0.42 -0.233
vn -0.517 0.848 -0.117
vn -0.691 0.717 -0.088
vn -0.496 0.053 0.867
vn -0.632 -0.071 0.772
vn -0.224 -0.405 0.886
vn -0.541 0 0.841
vn -0.588 -0.049 0.807
vn -0.547 -0.04 0.836
vn -0.525 -0.047 0.85
vn -0.358 0.015 0.934
vn -0.394 -0.014 0.919
vn -0.517 0.104 0.85
vn -0.292 0.099 0.952
vn -0.306 0.21 0.929
vn -0.415 0.083 0.906
vn -0.455 0.056 0.889
vn -0.526 0.037 0.849
vn -0.417 -0.039 0.908
vn -0.402 0.075 0.913
vn 0.055 0.204 0.978
vn -0.236 0.288 0.928
vn -0.467 0.113 0.877
vn -0.498 0.137 0.856
vn -0.681 0.111 0.724
vn -0.437 0.244 0.866
vn -0.774 0.279 0.568
vn -0.451 0.423 0.786
vn 0.025 0.349 0.937
vn -0.24 0.537 0.809
vn -0.175 0.339 0.924
vn -0.569 0.206 0.796
vn -0.462 0.401 0.791
vn -0.256 0.491 0.833
vn -0.433 0.524 0.734
vn -0.268 0.574 0.774
vn -0.22 0.519 0.826
vn -0.045 0.54 0.84
vn -0.378 0.59 0.713
vn -0.302 0.688 0.66
vn -0.243 0.619 0.747
vn -0.174 0.607 0.775
vn -0.421 0.29 0.859
vn -0.014 0.479 0.878
vn 0.127 0.674 0.728
vn -0.397 0.338 0.853
vn -0.745 0.398 0.536
vn -0.375 0.443 0.814
vn -0.314 0.438 0.842
vn -0.294 0.299 0.908
vn -0.069 0.542 0.838
vn 0.186 0.563 0.805
vn -0.001 0.767 0.643
vn 0.417 0.732 0.539
vn 0.621 0.607 0.496
vn 0.298 0.802 0.517
vn 0.082 0.837 0.541
vn 0.48 0.81 0.338
vn 0.283 0.874 0.396
vn -0.79 -0.23 0.568
vn -0.724 -0.293 0.625
vn -0.664 -0.251 0.705
vn -0.745 -0.278 0.606
vn -0.681 -0.247 0.689
vn -0.023 -0.016 1
vn -0.517 -0.089 0.852
vn -0.639 -0.099 0.763
vn -0.073 0.035 0.997
vn 0.086 -0.031 0.996
vn -0.398 -0.167 0.902
vn 0.502 0.04 0.864
vn -0.357 -0.073 0.931
vn -0.529 -0.006 0.849
vn -0.667 -0.043 0.743
vn -0.598 -0.012 0.801
vn 0.637 0.121 0.761
vn 0.36 0.046 0.932
vn -0.465 -0.073 0.882
vn -0.159 0.026 0.987
vn -0.397 0.056 0.916
vn 0.196 0.144 0.97
vn -0.242 0.123 0.962
vn 0.333 0.193 0.923
vn -0.333 0.193 0.923
vn 0.503 0.047 0.863
vn 0.452 0.03 0.892
vn 0.402 0.055 0.914
vn 0.417 0.148 0.896
vn 0.597 0.108 0.795
vn 0.309 0.187 0.933
vn -0.202 0.218 0.955
vn -0.641 0.066 0.765
vn -0.617 -0.053 0.785
vn -0.453 0.104 0.885
vn -0.433 -0.257 0.864
vn -0.404 0.21 0.891
vn 0.625 0.172 0.761
vn 0.617 0.139 0.775
vn 0.604 0.165 0.78
vn 0.34 0.182 0.923
vn -0.149 0.268 0.952
vn 0.529 0.145 0.836
vn 0.676 0.111 0.728
vn 0.847 0.134 0.515
vn 0.542 0.028 0.84
vn 0.923 0.128 0.363
vn 0.936 0.136 0.325
vn 0.953 0.066 0.297
vn 0.938 0.121 0.324
vn 0.923 0.151 0.353
vn 0.926 0.161 0.343
vn 0.819 0.111 0.563
vn 0.505 0.001 0.863
vn 0.958 0.006 0.286
vn 0.915 -0.007 0.405
vn 0.537 -0.017 0.844
vn 0.933 0.02 0.359
vn 0.586 -0.028 0.81
vn 0.663 -0.089 0.744
vn 0.906 -0.046 0.42
vn 0.767 0.068 0.638
vn 0.864 0.008 0.503
vn 0.958 0.055 0.282
vn 0.762 0.158 0.628
vn 0.874 0.2 0.444
vn 0.947 0.219 0.234
vn 0.662 0.122 0.74
vn 0.889 0.191 0.416
vn 0.705 0.107 0.701
vn 0.836 0.092 0.541
vn 0.918 0.15 0.367
vn 0.978 0.15 0.148
vn 0.983 0.075 0.165
vn 0.994 0.033 0.104
vn 0.646 0.098 0.757
vn 0.926 0.079 0.368
vn 0.954 0.002 0.302
vn 0.27 0.051 0.961
vn 0.363 -0.005 0.932
vn -0.491 -0.116 0.863
vn -0.537 -0.099 0.838
vn 0.772 0.103 0.627
vn 0.837 0.115 0.535
vn 0.857 0.017 0.514
vn 0.33 -0.021 0.943
vn -0.636 -0.055 0.77
vn 0.702 0.009 0.712
vn 0.896 -0.008 0.444
vn 0.951 0.02 0.307
vn 0.711 -0.038 0.702
vn 0.527 0.056 0.848
vn 0.748 0.041 0.662
vn 0.568 0.041 0.822
vn -0.557 0.027 0.83
vn -0.425 0.07 0.903
vn 0.833 0.021 0.552
vn 0.964 0.079 0.255
vn 0.531 0.109 0.84
vn 0.79 0.15 0.595
vn 0.746 -0.254 0.616
vn 0.975 -0.073 0.21
vn 0.432 -0.355 0.829
vn -0.472 -0.212 0.856
vn 0.92 -0.382 0.086
vn 0.848 -0.254 0.466
vn 0.867 -0.411 0.281
vn 0.929 -0.316 0.194
vn 0.612 -0.199 0.765
vn 0.553 -0.369 0.747
vn 0.798 -0.348 0.491
vn 0.834 -0.012 0.551
vn 0.966 -0.125 0.227
vn 0.928 0.13 0.351
vn 0.795 0.123 0.593
vn 0.915 0.094 0.393
vn 0.568 -0.228 0.791
vn 0.586 0.351 0.73
vn 0.577 -0.648 0.497
vn 0.354 -0.294 0.888
vn 0.054 -0.788 0.613
vn 0.603 -0.208 0.771
vn -0.175 -0.27 0.947
vn -0.413 -0.576 0.706
vn 0.677 0.07 0.733
vn 0.016 0.106 0.994
vn -0.39 -0.624 0.677
vn -0.422 0.167 0.891
vn -0.702 -0.103 0.705
vn -0.582 0.728 0.362
vn 0.472 0.373 0.799
vn 0.473 -0.156 0.867
vn 0.626 0.303 0.718
vn 0.431 0.483 0.762
vn 0.502 0.251 0.828
vn -0.406 0.205 0.891
vn -0.029 -0.727 0.686
vn -0.661 -0.518 0.543
vn -0.677 0.57 0.465
vn 0.354 0.338 0.872
vn 0.106 0.469 0.876
vn 0.281 -0.474 0.834
vn 0.35 -0.138 0.926
vn -0.696 0.387 0.604
vn -0.394 -0.217 0.893
vn -0.269 0.362 0.893
vn -0.477 -0.076 0.876
vn 0.654 -0.385 0.651
vn 0.369 -0.014 0.929
vn 0.733 0.13 0.667
vn 0.896 0.137 0.422
vn 0.191 -0.276 0.942
vn 0.719 0.252 0.647
vn 0.621 0.11 0.776
vn -0.575 0.09 0.813
vn -0.432 0.063 0.9
vn -0.208 -0.313 0.927
vn -0.333 -0.022 0.943
vn 0.024 0.21 0.978
vn -0.111 0.498 0.86
vn -0.225 -0.524 0.821
vn -0.722 -0.352 0.596
vn -0.624 -0.414 0.663
vn -0.673 0.15 0.724
vn -0.465 0.335 0.819
vn -0.575 0.427 0.698
vn -0.385 0.54 0.748
vn -0.75 -0.087 0.656
vn -0.74 -0.27 0.616
vn -0.768 -0.333 0.547
vn -0.119 0.304 0.945
vn 0.198 0.3 0.933
vn 0.537 0.338 0.773
vn 0.796 0.311 0.519
vn 0.038 0.051 0.998
vn 0.457 0.066 0.887
vn -0.351 -0.022 0.936
vn -0.732 0.075 0.677
vn -0.749 0.313 0.584
vn -0.78 0.282 0.559
vn 0.793 0.021 0.609
vn -0.2 -0.125 0.972
vn -0.606 -0.311 0.731
vn -0.629 -0.008 0.777
vn 0.901 0.104 0.421
vn 0.798 -0.182 0.575
vn 0.523 -0.192 0.831
vn 0.272 -0.084 0.958
vn 0.622 0.188 0.76
vn 0.216 0.305 0.928
vn -0.306 0.238 0.922
vn 0.848 0.165 0.503
vn 0.91 0.012 0.414
vn 0.966 0.058 0.25
vn 0.928 -0.11 0.356
vn 0.852 0.249 0.46
vn 0.876 0.403 0.264
vn 0.632 0.256 0.731
vn 0.771 0.473 0.427
vn 0.871 0.036 0.49
vn 0.958 0.064 0.281
vn 0.924 -0.13 0.359
vn 0.948 -0.081 0.307
vn 0.462 0.599 0.654
vn 0.519 0.696 0.496
vn 0.555 0.81 0.189
vn 0.183 0.72 0.669
vn 0.328 0.846 0.42
vn -0.201 0.533 0.822
vn -0.212 0.872 0.442
vn -0.443 0.593 0.672
vn -0.742 0.117 0.661
vn -0.753 -0.451 0.479
vn -0.464 0.803 0.373
vn 0.457 -0.117 0.882
vn 0.55 0.127 0.826
vn 0.105 0.096 0.99
vn 0.254 -0.143 0.957
vn 0.298 -0.477 0.827
vn 0.062 -0.232 0.971
vn -0.169 -0.555 0.814
vn 0.053 -0.611 0.79
vn -0.442 -0.182 0.878
vn -0.303 -0.105 0.947
vn -0.358 0.015 0.934
vn -0.394 -0.014 0.919
vn -0.835 0.263 -0.483
vn -0.93 0.307 -0.201
vn -0.7 0.306 -0.646
vn -0.989 0.088 -0.119
vn -0.98 0.171 0.103
vn -0.988 0.115 0.101
vn -0.984 -0.11 0.141
vn -0.987 -0.007 -0.163
vn -0.912 0.183 0.366
vn -0.903 0.059 0.426
vn -0.668 0.511 0.541
vn -0.955 -0.112 0.277
vn -0.986 0.085 -0.145
vn -0.919 -0.224 0.324
vn -0.962 -0.141 0.233
vn -0.93 0.125 0.345
vn -0.943 -0.176 0.281
vn -0.984 -0.07 0.163
vn -0.642 0.651 0.405
vn -0.99 0.034 0.135
vn -0.549 0.777 0.308
vn -0.965 0.159 -0.209
vn -0.614 0.076 -0.786
vn -0.758 -0.638 0.139
vn -0.8 -0.428 -0.421
vn -0.281 -0.799 0.532
vn -0.721 -0.251 0.646
vn -0.839 -0.542 -0.06
vn -1 0.023 -0.009
vn -0.973 0.175 0.152
vn -0.82 -0.56 -0.119
vn -0.976 0.216 0.037
vn -0.75 -0.661 0.011
vn -0.865 0.397 0.305
vn -0.922 0.31 0.232
vn -0.407 -0.87 0.279
vn -0.811 0.363 0.459
vn -0.751 0.408 0.518
vn -0.575 0.508 0.642
vn 0.7 0.674 -0.237
vn 0.583 0.765 -0.274
vn 0.771 0.237 -0.592
vn 0.613 0.782 -0.115
vn 0.771 0.237 -0.592
vn 0.613 0.782 -0.115
vn 0.7 0.674 -0.237
vn 0.681 0.285 -0.674
vn 0.55 0.015 -0.835
vn 0.538 0.233 -0.81
vn 0.356 0.147 -0.923
vn 0.636 -0.11 -0.764
vn 0.819 -0.001 -0.574
vn 0.869 0.034 -0.494
vn 0.573 -0.193 -0.797
vn 0.809 -0.167 -0.564
vn 0.425 -0.242 -0.872
vn 0.47 -0.281 -0.836
vn 0.558 -0.213 -0.802
vn 0.734 -0.104 -0.671
vn 0.119 -0.382 -0.917
vn 0.288 -0.392 -0.874
vn -0.219 -0.483 -0.848
vn 0.037 -0.334 -0.942
vn 0.555 -0.353 -0.753
vn 0.576 -0.519 -0.632
vn 0.859 -0.32 -0.399
vn 0.407 -0.434 -0.803
vn 0.398 -0.441 -0.805
vn 0.452 -0.454 -0.768
vn 0.347 -0.443 -0.826
vn 0.177 -0.428 -0.886
vn -0.082 -0.614 -0.785
vn 0.15 -0.5 -0.853
vn -0.278 -0.718 -0.638
vn -0.637 -0.573 -0.516
vn 0.324 -0.51 -0.797
vn 0.26 -0.358 -0.897
vn 0.096 -0.358 -0.929
vn -0.172 -0.594 -0.786
vn -0.691 -0.531 -0.489
vn -0.674 -0.515 -0.53
vn 0.357 -0.221 -0.907
vn 0.485 -0.005 -0.875
vn 0.703 -0.376 -0.604
vn 0.026 -0.165 -0.986
vn -0.623 -0.415 -0.663
vn -0.827 -0.409 -0.386
vn -0.831 -0.398 -0.388
vn -0.252 -0.4 -0.881
vn -0.731 -0.406 -0.548
vn -0.919 -0.336 -0.207
vn 0.697 -0.007 -0.717
vn 0.798 -0.304 -0.52
vn 0.867 -0.088 -0.491
vn 0.7 -0.014 -0.714
vn 0.307 0.047 -0.951
vn -0.302 -0.087 -0.95
vn 0.372 -0.014 -0.928
vn 0.73 -0.009 -0.683
vn -0.778 -0.346 -0.525
vn -0.895 -0.346 -0.282
vn -0.747 -0.268 -0.609
vn -0.929 -0.315 -0.192
vn -0.919 -0.197 -0.343
vn -0.861 -0.227 -0.455
vn -0.395 -0.308 -0.865
vn -0.426 -0.223 -0.876
vn 0.007 0.074 -0.997
vn -0.564 0.052 -0.824
vn -0.33 -0.335 -0.882
vn -0.001 -0.287 -0.958
vn 0.004 -0.255 -0.967
vn 0.58 -0.144 -0.802
vn -0.073 -0.234 -0.969
vn 0.839 -0.055 -0.542
vn 0.891 -0.073 -0.448
vn 0.87 -0.013 -0.493
vn 0.477 -0.173 -0.862
vn 0.611 -0.105 -0.785
vn 0.89 -0.042 -0.454
vn 0.792 -0.051 -0.607
vn 0.393 -0.19 -0.9
vn 0.403 -0.067 -0.913
vn 0.682 0.04 -0.73
vn -0.151 -0.1 -0.983
vn 0.103 0.037 -0.994
vn 0.628 0.221 -0.746
vn -0.421 -0.129 -0.898
vn -0.833 -0.134 -0.537
vn -0.02 0.281 -0.959
vn 0.595 0.357 -0.721
vn -0.52 0.133 -0.844
vn -0.795 0.021 -0.606
vn -0.222 0.151 -0.963
vn 0.495 0.298 -0.816
vn -0.208 0.077 -0.975
vn 0.537 0.139 -0.832
vn -0.77 -0.017 -0.638
vn -0.223 0.031 -0.974
vn 0.583 0.059 -0.811
vn 0.687 -0.022 -0.727
vn -0.983 -0.088 -0.158
vn -0.992 -0.107 -0.062
vn -0.981 -0.035 -0.188
vn -0.99 -0.058 -0.128
vn -0.798 -0.081 -0.597
vn -0.147 -0.05 -0.988
vn 0.077 -0.074 -0.994
vn 0.638 -0.076 -0.766
vn -0.033 -0.15 -0.988
vn 0.549 -0.123 -0.827
vn -0.267 -0.161 -0.95
vn 0.607 -0.045 -0.793
vn 0.641 -0.045 -0.766
vn -0.507 -0.118 -0.854
vn -0.829 -0.162 -0.536
vn -0.808 -0.197 -0.556
vn -0.598 -0.244 -0.764
vn -0.787 -0.299 -0.54
vn -0.692 -0.208 -0.691
vn -0.742 -0.271 -0.613
vn -0.411 -0.084 -0.908
vn -0.825 -0.086 -0.559
vn 0.649 -0.339 -0.682
vn -0.312 -0.259 -0.914
vn -0.824 -0.097 -0.559
vn -0.956 -0.151 -0.25
vn -0.96 -0.139 -0.243
vn -0.778 -0.186 -0.6
vn -0.839 -0.197 -0.506
vn -0.976 -0.167 -0.139
vn -0.872 -0.203 -0.446
vn -0.986 -0.164 -0.028
vn 0.595 0.278 -0.754
vn 0.528 -0.754 -0.39
vn 0.149 -0.973 0.179
vn -0.034 0.317 -0.948
vn -0.835 0.263 -0.483
vn 0.613 0.012 -0.79
vn -0.7 0.306 -0.646
vn 0.009 0.009 -1
vn 0.035 0.027 -0.999
vn 0.628 0.101 -0.771
vn 0.138 0.066 -0.988
vn 0.628 0.121 -0.769
vn 0.519 -0.679 -0.519
vn 0.127 -0.609 -0.783
vn -0.506 -0.452 -0.735
vn -0.689 0.016 -0.724
vn -0.93 0.307 -0.201
vn -0.987 -0.007 -0.163
vn -0.986 0.085 -0.145
vn -0.653 0.071 -0.754
vn -0.614 0.076 -0.786
vn -0.965 0.159 -0.209
vn -0.8 -0.428 -0.421
vn -0.93 -0.265 -0.256
vn -0.604 -0.735 -0.308
vn 0.82 -0.309 0.482
vn -0.857 -0.194 -0.478
vn -0.915 -0.263 -0.305
vn -0.79 -0.2 -0.58
vn -0.034 -0.527 -0.849
vn -0.808 -0.224 -0.546
vn 0.922 -0.139 -0.361
vn 0.671 -0.351 -0.652
vn 0.622 -0.42 -0.66
vn -0.07 -0.346 -0.936
vn -0.706 -0.156 -0.691
vn -0.43 0.023 -0.903
vn 0.218 -0.182 -0.959
vn 0.398 0.32 -0.86
vn 0.61 0.146 -0.779
vn -0.375 0.018 -0.927
vn 0.76 0.37 -0.534
vn 0.839 0.182 -0.512
vn 0.429 0.347 -0.834
vn 0.754 0.382 -0.533
vn -0.375 -0.067 -0.925
vn 0.454 0.281 -0.846
vn 0.771 0.341 -0.538
vn 0.286 0.111 -0.952
vn -0.625 -0.214 -0.75
vn -0.237 -0.156 -0.959
vn -0.679 -0.181 -0.712
vn -0.411 -0.155 -0.898
vn -0.139 -0.09 -0.986
vn -0.779 -0.171 -0.604
vn -0.771 -0.152 -0.618
vn -0.919 -0.224 -0.324
vn -0.89 0.2 -0.41
vn -0.419 -0.085 -0.904
vn -0.617 -0.078 -0.783
vn -0.793 0.083 -0.604
vn -0.729 0.088 -0.679
vn -0.828 0.252 -0.5
vn 0.374 0.081 -0.924
vn 0.764 0.293 -0.575
vn -0.022 -0.164 -0.986
vn 0.651 -0.127 -0.748
vn 0.147 -0.376 -0.915
vn 0.672 -0.47 -0.573
vn 0.542 -0.614 -0.573
vn -0.273 -0.116 -0.955
vn -0.333 -0.129 -0.934
vn -0.186 -0.272 -0.944
vn 0.098 -0.549 -0.83
vn -0.026 -0.552 -0.833
vn 0.381 -0.656 -0.651
vn 0.481 -0.583 -0.654
vn 0.275 -0.608 -0.745
vn 0.04 -0.556 -0.83
vn -0.51 -0.112 -0.853
vn -0.599 -0.191 -0.778
vn -0.287 -0.382 -0.878
vn -0.234 -0.344 -0.909
vn -0.232 -0.503 -0.833
vn -0.448 -0.252 -0.858
vn -0.359 -0.381 -0.852
vn -0.469 -0.195 -0.861
vn 0.96 0.017 -0.279
vn -0.585 -0.221 -0.78
vn -0.733 0.049 -0.678
vn 0.943 -0.259 -0.206
vn 0.96 0.161 -0.23
vn -0.888 0.119 -0.444
vn -0.828 0.031 -0.56
vn -0.952 0.294 -0.09
vn -0.96 0.268 -0.082
vn -0.89 0.408 -0.204
vn -0.909 0.36 -0.209
vn 0.734 0.646 0.209
vn 0.972 0.185 -0.145
vn 0.92 0.37 -0.13
vn 0.89 0.242 0.386
vn 0.476 -0.069 0.877
vn 0.36 0.789 0.498
vn 0.137 -0.521 0.843
vn 0.019 -0.069 0.998
vn 0.713 0.688 0.133
vn -0.063 0.805 0.589
vn -0.592 0.254 0.765
vn -0.668 0.511 0.541
vn -0.903 0.059 0.426
vn -0.642 0.651 0.405
vn 0.11 0.882 0.459
vn -0.142 0.909 0.391
vn 0.399 0.874 0.28
vn -0.197 0.938 0.283
vn -0.549 0.777 0.308
vn -0.083 0.939 0.333
vn 0.134 0.966 0.221
vn 0.362 0.916 0.176
vn 0.214 0.959 0.182
vn 0.571 0.816 0.088
vn 0.449 0.883 0.14
vn 0.798 0.601 -0.041
vn 0.91 0.401 -0.108
vn 0.729 0.682 0.069
vn 0.896 0.424 -0.127
vn 0.952 0.304 0.048
vn 0.638 0.744 0.201
vn 0.805 0.498 0.324
vn 0.366 0.87 0.329
vn 0.537 0.64 0.55
vn 0.011 0.688 0.726
vn -0.432 0.606 0.668
vn -0.436 0.851 0.294
vn -0.751 0.408 0.518
vn -0.865 0.397 0.305
vn -0.973 0.175 0.152
vn -0.99 0.034 0.135
vn 0.649 0.392 -0.652
vn 0.631 0.518 -0.578
vn 0.658 0.505 -0.558
vn 0.571 0.75 -0.333
vn 0.6 0.6 -0.53
vn 0.603 0.718 -0.346
vn 0.582 0.753 -0.307
vn 0.266 0.941 0.21
vn 0.467 0.868 -0.166
vn 0.366 0.928 0.061
vn 0.618 0.732 -0.287
vn 0.684 0.544 -0.486
vn 0.681 0.285 -0.674
vn 0.619 0.43 -0.657
vn 0.613 0.782 -0.115
vn 0.338 0.931 0.135
vn 0.404 0.889 0.217
vn 0.198 0.866 0.459
vn 0.274 0.844 0.46
vn 0.044 0.909 0.416
vn 0.082 0.837 0.541
vn 0.012 0.843 0.538
vn -0.03 0.827 0.562
vn 0.152 0.812 0.563
vn 0.259 0.848 0.462
vn 0.283 0.874 0.396
vn 0.298 0.802 0.517
vn 0.48 0.81 0.338
vn 0.561 0.828 -0.011
vn 0.583 0.765 -0.274
vn 0.482 0.876 -0.007
vn 0.638 0.77 -0.026
vn 0.459 0.763 0.456
vn 0.696 0.659 -0.285
vn 0.828 0.387 -0.405
vn 0.663 0.452 -0.597
vn 0.63 0.32 -0.708
vn 0.557 0.518 -0.649
vn 0.581 0.813 0.033
vn 0.659 0.725 -0.201
vn 0.812 0.583 -0.023
vn 0.621 0.607 0.496
vn 0.417 0.732 0.539
vn 0.516 0.688 -0.511
vn 0.513 0.645 -0.567
vn 0.498 0.592 -0.633
vn 0.771 0.237 -0.592
vn 0.34 0.511 -0.79
vn 0.248 0.695 -0.674
vn 0.961 -0.147 0.233
vn -0.604 -0.735 -0.308
vn -0.034 -0.527 -0.849
vn 0.982 -0.062 -0.18
vn 0.972 0.042 -0.233
vn 0.922 -0.139 -0.361
vn 0.946 -0.056 -0.318
vn 0.671 -0.351 -0.652
vn 0.622 -0.42 -0.66
vn -0.07 -0.346 -0.936
vn 0.79 -0.045 -0.611
vn 0.775 -0.167 -0.609
vn 0.767 -0.023 -0.641
vn 0.97 -0.202 -0.136
vn 0.766 -0.25 -0.592
vn 0.957 -0.257 -0.134
vn 0.75 -0.308 -0.584
vn 0.861 -0.282 -0.423
vn 0.218 -0.182 -0.959
vn 0.884 -0.096 -0.458
vn 0.622 0.028 -0.783
vn 0.796 -0.068 -0.602
vn 0.579 0.167 -0.798
vn 0.72 -0.22 -0.658
vn 0.61 0.146 -0.779
vn 0.947 -0.214 0.238
vn 0.914 -0.126 0.387
vn 0.927 -0.358 -0.108
vn 0.801 -0.332 -0.499
vn 0.952 -0.222 0.21
vn 0.95 -0.126 0.286
vn 0.92 -0.361 -0.15
vn 0.929 -0.371 0.017
vn 0.945 -0.219 -0.242
vn 0.808 -0.265 -0.526
vn 0.969 -0.247 -0.005
vn 0.897 -0.151 -0.415
vn 0.642 -0.205 -0.739
vn 0.805 0.009 -0.593
vn 0.977 -0.101 0.187
vn 0.963 -0.079 -0.258
vn 0.917 0.025 -0.397
vn 0.997 0.071 0.021
vn 0.98 -0.045 0.195
vn 0.987 0.085 0.138
vn 0.974 -0.027 0.226
vn 0.874 0.051 0.484
vn 0.904 0.092 0.418
vn 0.904 0.07 0.422
vn 0.982 0.091 0.165
vn 0.936 -0.069 0.345
vn 0.781 -0.074 0.62
vn 0.999 0.041 -0.014
vn 0.947 0.129 0.293
vn 0.929 0.061 -0.365
vn 1 0.008 -0.009
vn 0.898 0.063 -0.435
vn 0.675 0.167 -0.719
vn 0.76 0.089 -0.644
vn -0.711 0.701 -0.048
vn 0.339 0.675 0.655
vn 0.96 0.161 -0.23
vn 0.955 0.122 -0.271
vn 0.812 0.096 -0.577
vn 0.63 0.125 -0.766
vn 0.979 -0.049 -0.2
vn 0.943 -0.259 -0.206
vn 0.894 -0.006 -0.449
vn 0.991 -0.126 -0.052
vn 0.896 -0.032 -0.442
vn 0.626 0.082 -0.775
vn 0.694 -0.011 -0.72
vn 0.759 -0.119 -0.64
vn 0.981 0.03 -0.189
vn 0.96 0.017 -0.279
vn 0.923 -0.165 -0.348
vn 0.787 -0.275 -0.553
vn 0.985 -0.129 -0.112
vn 0.999 -0.057 0.008
vn 0.401 -0.915 -0.048
vn -0.324 -0.867 -0.379
vn -0.621 0.631 -0.465
vn -0.514 0.79 -0.336
vn -0.539 0.806 -0.245
vn -0.395 0.912 -0.11
vn -0.485 0.873 -0.05
vn -0.621 0.7 -0.353
vn -0.632 0.773 0.048
vn -0.817 0.418 -0.396
vn -0.655 0.313 0.688
vn -0.395 0.873 0.285
vn -0.569 -0.009 0.822
vn -0.33 0.821 0.465
vn -0.266 0.96 0.084
vn -0.144 0.898 0.415
vn 0.192 0.474 0.859
vn -0.286 0.958 -0.016
vn -0.035 0.952 0.305
vn -0.506 0.862 0
vn -0.811 0.51 -0.287
vn -0.769 0.637 0.062
vn 0.237 0.74 0.629
vn 0.087 0.707 0.702
vn 0.138 0.842 0.521
vn -0.196 0.948 0.252
vn -0.029 0.819 0.573
vn -0.506 0.703 0.5
vn -0.467 0.645 0.605
vn -0.472 -0.212 0.856
vn -0.714 -0.294 0.636
vn -0.425 0.07 0.903
vn -0.774 0.061 0.63
vn -0.794 0.029 0.607
vn -0.557 0.027 0.83
vn -0.826 -0.068 0.56
vn -0.636 -0.055 0.77
vn -0.902 -0.019 0.432
vn -0.929 -0.259 0.266
vn -0.925 -0.037 0.379
vn -0.976 -0.193 0.1
vn -0.871 0.047 0.49
vn -0.985 -0.088 0.146
vn -0.96 -0.139 -0.243
vn -0.956 -0.151 -0.25
vn -0.946 -0.076 0.315
vn -0.976 -0.167 -0.139
vn -0.893 -0.069 0.445
vn -0.986 -0.164 -0.028
vn -0.839 -0.122 0.531
vn -0.928 -0.138 0.346
vn -0.932 -0.096 0.351
vn -0.798 -0.117 0.591
vn -0.537 -0.099 0.838
vn -0.491 -0.116 0.863
vn -0.851 -0.067 0.521
vn -0.844 -0.106 0.526
vn -0.465 -0.073 0.882
vn -0.988 -0.152 0.015
vn -0.82 -0.165 0.547
vn -0.357 -0.073 0.931
vn -0.79 -0.23 0.568
vn -0.398 -0.167 0.902
vn -0.664 -0.251 0.705
vn -0.848 -0.127 0.515
vn -0.808 -0.197 -0.556
vn -0.787 -0.299 -0.54
vn -0.829 -0.162 -0.536
vn -0.798 -0.081 -0.597
vn -0.992 -0.107 -0.062
vn -0.77 -0.017 -0.638
vn -0.934 -0.061 0.353
vn -0.983 -0.088 -0.158
vn -0.891 -0.209 0.404
vn -0.954 -0.183 0.237
vn -0.981 -0.035 -0.188
vn -0.959 -0.167 0.228
vn -0.99 -0.058 -0.128
vn -0.9 -0.267 0.343
vn -0.92 -0.262 0.291
vn -0.724 -0.293 0.625
vn -0.745 -0.278 0.606
vn -0.925 -0.284 0.251
vn -0.681 -0.247 0.689
vn -0.84 -0.331 0.429
vn -0.639 -0.099 0.763
vn -0.937 -0.316 0.147
vn -0.95 -0.29 -0.12
vn -0.966 -0.21 -0.148
vn -0.833 -0.134 -0.537
vn -0.795 0.021 -0.606
vn -0.861 -0.227 -0.455
vn -0.919 -0.197 -0.343
vn -0.929 -0.315 -0.192
vn -0.943 -0.279 0.181
vn -0.895 -0.346 -0.282
vn -0.894 -0.217 0.392
vn -0.819 -0.128 0.559
vn -0.667 -0.043 0.743
vn -0.929 -0.213 0.303
vn -0.919 -0.336 -0.207
vn -0.824 -0.093 0.559
vn -0.598 -0.012 0.801
vn -0.942 -0.164 0.292
vn -0.924 -0.354 -0.146
vn -0.831 -0.398 -0.388
vn -0.827 -0.409 -0.386
vn -0.893 -0.424 -0.152
vn -0.674 -0.515 -0.53
vn -0.961 -0.217 0.17
vn -0.898 -0.167 0.407
vn -0.917 -0.349 -0.194
vn -0.691 -0.531 -0.489
vn -0.637 -0.573 -0.516
vn -0.931 -0.317 -0.18
vn -0.925 -0.154 0.347
vn -0.654 0.008 0.756
vn -0.873 -0.312 0.376
vn -0.599 -0.777 0.195
vn -0.641 0.066 0.765
vn -0.333 0.193 0.923
vn -0.242 0.123 0.962
vn -0.397 0.056 0.916
vn -0.529 -0.006 0.849
vn -0.617 -0.053 0.785
vn -0.545 -0.529 0.65
vn -0.433 -0.257 0.864
vn -0.667 0.481 0.569
vn -0.594 0.483 0.643
vn -0.085 0.688 0.721
vn -0.035 0.619 0.785
vn -0.228 0.632 0.741
vn -0.625 0.544 0.56
vn 0.007 0.747 0.665
vn -0.559 0.627 0.542
vn 0.387 0.602 0.699
vn 0.25 0.651 0.716
vn 0.556 0.527 0.643
vn 0.495 0.577 0.65
vn 0.292 0.797 0.528
vn -0.162 0.667 0.727
vn 0.867 0.46 0.191
vn 0.93 0.247 0.273
vn 0.918 0.243 0.312
vn -0.875 0.484 -0.032
vn -0.692 0.641 0.331
vn 0.609 -0.528 0.591
vn -0.243 0.702 0.669
vn -0.706 0.42 0.571
vn -0.911 0.399 0.103
vn -0.755 0.354 0.552
vn -0.954 0.125 0.272
vn -0.942 0.052 0.331
vn -0.093 0.353 0.931
vn -0.668 0.198 0.717
vn -0.878 0.198 0.435
vn -0.785 0.305 0.539
vn -0.134 -0.47 0.872
vn -0.098 0.783 0.614
vn -0.346 -0.183 0.92
vn -0.552 0.514 0.657
vn -0.747 0.195 0.635
vn -0.795 0.337 0.504
vn -0.938 0.008 0.347
vn -0.316 -0.352 0.881
vn -0.684 -0.207 0.7
vn -0.577 -0.093 0.812
vn -0.81 0.014 0.586
vn -0.894 -0.014 0.449
vn -0.598 -0.236 0.766
vn -0.809 -0.084 0.582
vn -0.086 -0.321 0.943
vn 0.166 -0.48 0.861
vn -0.277 -0.383 0.881
vn 0.376 -0.383 0.844
vn -0.356 -0.49 0.795
vn -0.729 -0.285 0.622
vn -0.798 -0.241 0.552
vn -0.058 -0.472 0.879
vn 0.407 -0.458 0.791
vn -0.364 -0.548 0.753
vn -0.842 -0.263 0.471
vn 0.84 -0.39 0.376
vn 0.951 -0.293 0.096
vn 0.997 -0.074 -0.022
vn 0.742 -0.315 0.592
vn 0.297 -0.555 0.777
vn -0.417 -0.593 0.689
vn 0.761 -0.285 0.583
vn -0.551 -0.781 0.293
vn -0.63 -0.756 0.175
vn -0.762 -0.647 0.036
vn 0.808 -0.262 0.528
vn 0.111 -0.728 -0.677
vn 0.872 -0.292 0.393
vn 0.957 -0.227 0.181
vn 0.887 -0.255 0.384
vn 0.909 -0.315 0.275
vn 0.927 -0.35 0.133
vn 0.891 -0.22 0.397
vn 0.969 -0.186 0.161
vn 0.957 -0.235 0.171
vn -0.873 -0.312 0.376
vn -0.599 -0.777 0.195
vn -0.44 -0.734 0.517
vn -0.088 -0.632 0.77
vn -0.479 -0.527 0.702
vn -0.482 -0.555 0.679
vn -0.417 -0.901 0.121
vn -0.931 -0.317 -0.18
vn -0.637 -0.573 -0.516
vn -0.548 -0.809 -0.214
vn 0.998 -0.041 0.047
vn -0.39 -0.624 0.677
vn -0.029 -0.727 0.686
vn 0.603 -0.208 0.771
vn -0.687 -0.588 0.426
vn -0.661 -0.518 0.543
vn -0.817 0.418 -0.396
vn -0.923 0.108 -0.368
vn -0.927 -0.364 0.094
vn -0.998 0.003 0.058
vn -0.953 -0.072 -0.296
vn -0.922 -0.015 0.387
vn -0.813 -0.419 0.403
vn -0.111 -0.157 0.981
vn -0.25 0.038 0.968
vn -0.993 -0.121 0.013
vn -0.961 -0.154 -0.23
vn -0.933 -0.102 0.344
vn -0.078 0.042 0.996
vn -0.906 -0.106 0.409
vn -0.015 0.037 0.999
vn 0.032 -0.065 0.998
vn -0.981 -0.171 0.091
vn -0.949 -0.176 -0.262
vn -0.976 -0.209 0.061
vn -0.851 -0.172 0.496
vn -0.946 -0.133 -0.295
vn -0.968 -0.151 0.2
vn -0.721 -0.154 0.676
vn -0.886 -0.116 0.448
vn -0.987 -0.153 -0.052
vn -0.994 -0.087 -0.066
vn -0.979 -0.077 -0.188
vn -0.852 -0.096 -0.516
vn -0.851 -0.044 -0.523
vn -0.995 -0.098 -0.035
vn -0.948 -0.064 -0.31
vn -0.904 -0.072 0.422
vn -0.956 -0.019 -0.294
vn -0.99 -0.091 0.11
vn -0.861 -0.122 0.493
vn -0.993 -0.082 0.086
vn -0.992 -0.046 0.116
vn -0.97 0.008 -0.243
vn -0.923 -0.161 0.35
vn -0.499 -0.188 0.846
vn -0.209 -0.108 0.972
vn -0.424 -0.305 0.853
vn -0.543 -0.263 0.797
vn -0.988 -0.087 0.127
vn -0.63 -0.179 0.756
vn -0.987 -0.071 0.146
vn -0.993 -0.095 -0.066
vn -0.981 -0.079 0.176
vn -0.969 -0.185 -0.163
vn -0.907 -0.147 -0.394
vn -0.922 -0.223 -0.317
vn -0.968 -0.248 0.037
vn -0.941 -0.124 -0.316
vn -0.946 -0.172 0.276
vn -0.619 -0.183 0.764
vn -0.971 -0.212 0.112
vn -0.881 -0.016 -0.472
vn -0.972 -0.195 0.129
vn -0.924 -0.208 0.322
vn -0.589 -0.207 0.781
vn -0.657 -0.186 0.73
vn -0.957 -0.209 0.202
vn -0.988 -0.114 -0.101
vn -0.928 -0.031 -0.371
vn -0.974 -0.193 0.12
vn -0.914 -0.026 -0.406
vn -0.916 -0.16 0.368
vn -0.997 -0.078 -0.006
vn -0.914 0.012 -0.405
vn -0.927 -0.035 0.373
vn -0.684 -0.081 0.725
vn -0.684 -0.039 0.729
vn -1 -0.02 0.014
vn -1 0.01 -0.008
vn -0.918 0.026 -0.395
vn -0.949 0.057 -0.309
vn -0.932 0.006 0.363
vn -0.696 -0.035 0.718
vn -0.962 0.024 0.273
vn -0.771 -0.027 0.636
vn -1 -0.021 -0.007
vn -0.959 -0.134 -0.248
vn -0.903 0.033 0.429
vn -0.812 -0.009 0.584
vn -0.879 0.125 0.46
vn -0.885 0.01 0.466
vn -0.863 -0.455 -0.22
vn -0.878 0.198 0.435
vn -0.785 0.305 0.539
vn -0.953 -0.032 0.303
vn -0.954 0.022 0.298
vn -0.894 -0.014 0.448
vn -0.905 -0.34 0.256
vn -0.631 -0.291 0.719
vn -0.668 0.198 0.717
vn -0.883 -0.366 0.294
vn -0.506 -0.701 0.503
vn -0.804 -0.593 -0.051
vn -0.528 -0.65 -0.546
vn -0.764 -0.291 -0.576
vn 0.998 -0.062 0.018
vn 0.966 -0.055 0.254
vn 0.845 -0.019 0.534
vn 0.999 -0.003 0.04
vn 0.803 0.005 0.596
vn 0.998 0.056 0.037
vn 0.998 0.065 0.017
vn 0.389 -0.018 0.921
vn 0.485 -0.11 0.867
vn 0.314 -0.048 0.948
vn 0.821 -0.065 0.566
vn 0.849 0.014 0.528
vn 0.992 0.101 0.07
vn 0.841 -0.077 0.535
vn 0.989 0.052 0.136
vn 0.993 0 0.116
vn 0.542 -0.022 0.84
vn 0.874 -0.022 0.486
vn 0.405 -0.039 0.914
vn 0.577 -0.047 0.815
vn 0.915 -0.103 0.39
vn 0.999 0.023 0.045
vn 0.967 -0.067 0.247
vn 0.842 -0.168 0.513
vn 0.61 0.029 0.792
vn 0.918 0.001 0.396
vn 0.506 0.044 0.861
vn 0.448 0.038 0.894
vn 0.647 0.039 0.761
vn 0.94 -0.01 0.341
vn 0.314 -0.021 0.949
vn 0.463 0.13 0.876
vn 0.765 -0.16 0.624
vn 0.927 -0.214 0.307
vn 0.727 0.022 0.686
vn 0.585 -0.251 0.771
vn 0.532 0.054 0.845
vn 0.327 0.087 0.941
vn 0.308 -0.239 0.921
vn 0.354 0.118 0.928
vn -0.25 0.038 0.968
vn -0.111 -0.157 0.981
vn 0.243 0.009 0.97
vn -0.078 0.042 0.996
vn 0.365 0.031 0.93
vn -0.015 0.037 0.999
vn 0.032 -0.065 0.998
vn -0.041 -0.062 0.997
vn -0.721 -0.154 0.676
vn -0.851 -0.172 0.496
vn -0.906 -0.106 0.409
vn -0.209 -0.108 0.972
vn -0.886 -0.116 0.448
vn -0.904 -0.072 0.422
vn -0.861 -0.122 0.493
vn 0.223 -0.122 0.967
vn -0.499 -0.188 0.846
vn 0.303 -0.176 0.937
vn 0.255 -0.196 0.947
vn 0.13 -0.216 0.968
vn 0.054 -0.333 0.941
vn -0.424 -0.305 0.853
vn -0.543 -0.263 0.797
vn 0.092 -0.32 0.943
vn -0.63 -0.179 0.756
vn 0.202 -0.28 0.939
vn 0.47 -0.176 0.865
vn 0.47 -0.246 0.848
vn 0.668 -0.094 0.738
vn 0.542 -0.211 0.813
vn 0.169 -0.336 0.927
vn 0.595 -0.238 0.768
vn 0.015 -0.33 0.944
vn -0.619 -0.183 0.764
vn 0.67 -0.233 0.705
vn 0.874 -0.177 0.453
vn 0.404 -0.331 0.853
vn 0.019 -0.223 0.975
vn 0.522 -0.225 0.823
vn 0.854 -0.173 0.491
vn -0.209 -0.173 0.962
vn 0.001 -0.201 0.979
vn -0.589 -0.207 0.781
vn -0.657 -0.186 0.73
vn 0.347 -0.203 0.916
vn 0.43 -0.188 0.883
vn 0.839 -0.143 0.525
vn -0.183 -0.179 0.967
vn -0.684 -0.081 0.725
vn -0.23 -0.169 0.958
vn 0.827 -0.142 0.544
vn 0.944 -0.095 0.315
vn 0.014 -0.188 0.982
vn -0.339 -0.118 0.933
vn -0.266 -0.104 0.958
vn -0.684 -0.039 0.729
vn -0.696 -0.035 0.718
vn 0.462 -0.164 0.872
vn -0.424 -0.114 0.898
vn -0.771 -0.027 0.636
vn 0.04 -0.162 0.986
vn -0.217 -0.22 0.951
vn 0.346 -0.271 0.898
vn -0.562 -0.172 0.809
vn -0.341 -0.385 0.857
vn -0.503 -0.413 0.759
vn -0.088 -0.632 0.77
vn -0.482 -0.555 0.679
vn -0.417 -0.901 0.121
vn -0.49 0.022 0.871
vn -0.812 -0.009 0.584
vn 0.812 -0.258 0.524
vn 0.963 -0.096 0.251
vn 0.988 -0.153 0.024
vn -0.462 -0.243 0.853
vn -0.479 -0.527 0.702
vn -0.679 -0.198 0.707
vn -0.692 -0.091 0.716
vn -0.885 0.01 0.466
vn -0.721 -0.327 0.61
vn -0.667 -0.277 0.692
vn -0.596 -0.161 0.787
vn -0.558 -0.144 0.817
vn -0.496 -0.042 0.867
vn -0.494 -0.053 0.868
vn -0.511 -0.012 0.86
vn -0.545 -0.529 0.65
vn -0.44 -0.734 0.517
vn -0.873 -0.312 0.376
vn -0.366 -0.135 0.92
vn -0.442 0.082 0.894
vn -0.375 -0.032 0.926
vn -0.262 0.003 0.965
vn -0.346 0.007 0.938
vn -0.24 -0.016 0.971
vn -0.297 -0.171 0.939
vn -0.155 -0.169 0.973
vn -0.383 0.089 0.919
vn 0.062 -0.232 0.971
vn 0.105 0.096 0.99
vn 0.053 -0.611 0.79
vn -0.303 -0.105 0.947
vn -0.394 -0.014 0.919
vn -0.525 -0.047 0.85
vn 0.326 0.257 0.91
vn 0.55 0.127 0.826
vn 0.626 0.174 0.76
vn 0.479 0.272 0.835
vn 0.199 0.321 0.926
vn 0.405 0.504 0.762
vn 0.477 -0.01 0.879
vn -0.19 0.343 0.92
vn 0.335 0.621 0.708
vn 0.204 0.193 0.959
vn 0.414 -0.323 0.851
vn 0.651 -0.335 0.681
vn 0.572 -0.532 0.625
vn 0.715 -0.509 0.479
vn 0.724 -0.584 0.367
vn 0.873 -0.474 0.12
vn -0.569 -0.009 0.822
vn -0.017 -0.375 0.927
vn -0.33 0.821 0.465
vn 0.192 0.474 0.859
vn 0.427 -0.241 0.872
vn 0.458 0.176 0.872
vn 0.67 0.194 0.716
vn 0.77 -0.103 0.63
vn 0.85 0.342 0.4
vn 0.867 -0.02 0.498
vn 0.603 -0.147 0.785
vn 0.508 -0.205 0.836
vn 0.562 -0.134 0.817
vn 0.852 0.098 0.515
vn 0.452 0.178 0.874
vn 0.871 0.146 0.469
vn 0.559 -0.192 0.807
vn 0.503 -0.533 0.681
vn 0.82 -0.512 0.255
vn -0.235 -0.57 0.787
vn -0.278 -0.842 0.462
vn 0.592 -0.499 0.633
vn 0.752 0.003 0.659
vn 0.742 -0.499 0.449
vn 0.69 0.248 0.68
vn 0.606 -0.635 0.479
vn 0.264 -0.848 0.46
vn 0.678 -0.163 0.717
vn 0.745 -0.207 0.634
vn 0.496 0.312 0.811
vn 0.55 0.298 0.781
vn 0.087 0.707 0.702
vn -0.144 0.898 0.415
vn 0.237 0.74 0.629
vn 0.138 0.842 0.521
vn 0.468 0.397 0.79
vn 0.534 0.308 0.788
vn 0.209 0.361 0.909
vn -0.029 0.819 0.573
vn 0.317 0.573 0.756
vn 0.017 -0.901 0.433
vn -0.189 -0.876 0.442
vn -0.006 0.602 0.799
vn -0.379 -0.842 0.385
vn -0.501 0.607 0.617
vn 0.294 0.342 0.893
vn -0.064 0.461 0.885
vn -0.506 0.703 0.5
vn 0.041 0.506 0.861
vn -0.467 0.645 0.605
vn 0.995 -0.023 -0.103
vn 0.933 0.067 -0.354
vn 0.955 -0.144 -0.26
vn 0.973 0.05 -0.225
vn 0.958 0.114 -0.261
vn 0.869 0.034 -0.494
vn 0.957 -0.093 -0.277
vn 0.734 -0.104 -0.671
vn 0.859 -0.32 -0.399
vn 0.636 -0.11 -0.764
vn 0.819 -0.001 -0.574
vn 0.972 0.08 -0.221
vn 0.992 0.123 0.011
vn 0.891 -0.073 -0.448
vn 0.809 -0.167 -0.564
vn 0.558 -0.213 -0.802
vn 0.573 -0.193 -0.797
vn 0.988 0.078 -0.135
vn 0.993 0.115 -0.009
vn 0.981 0.046 -0.186
vn 0.839 -0.055 -0.542
vn 0.992 0.098 0.085
vn 0.989 0.11 0.099
vn 0.873 -0.474 0.12
vn 0.754 -0.574 -0.319
vn 0.436 -0.295 -0.851
vn 0.731 -0.559 -0.391
vn 0.59 -0.301 -0.749
vn 0.715 -0.509 0.479
vn 0.819 0.111 0.563
vn 0.651 -0.335 0.681
vn 0.477 -0.01 0.879
vn 0.953 0.066 0.297
vn 0.923 0.128 0.363
vn 0.936 0.136 0.325
vn 0.938 0.121 0.324
vn 0.982 0.087 0.169
vn 0.923 0.151 0.353
vn 0.926 0.161 0.343
vn 0.996 0.03 -0.087
vn 0.998 -0.022 -0.059
vn 0.958 0.006 0.286
vn 0.999 0.018 -0.036
vn 0.915 -0.007 0.405
vn 0.933 0.02 0.359
vn 0.983 -0.002 -0.184
vn 0.87 -0.013 -0.493
vn 0.994 -0.01 -0.107
vn 0.993 -0.014 -0.117
vn 0.89 -0.042 -0.454
vn 0.792 -0.051 -0.607
vn 0.989 0.073 0.13
vn 0.906 -0.046 0.42
vn 0.989 0.129 -0.069
vn 0.958 0.055 0.282
vn 0.987 0.107 -0.118
vn 0.932 0.192 -0.307
vn 0.682 0.04 -0.73
vn 0.887 0.139 -0.44
vn 0.628 0.221 -0.746
vn 0.595 0.357 -0.721
vn 0.947 0.224 -0.232
vn 0.952 0.133 -0.278
vn 0.495 0.298 -0.816
vn 0.537 0.139 -0.832
vn 0.982 0.133 0.134
vn 0.947 0.219 0.234
vn 0.978 0.15 0.148
vn 0.983 0.075 0.165
vn 0.967 0.051 -0.25
vn 0.96 -0.005 -0.278
vn 0.583 0.059 -0.811
vn 0.687 -0.022 -0.727
vn 0.994 0.033 0.104
vn 0.638 -0.076 -0.766
vn 0.998 -0.017 -0.065
vn 0.947 -0.043 -0.318
vn 0.949 -0.061 -0.309
vn 0.549 -0.123 -0.827
vn 1 -0.003 0.037
vn 0.954 0.002 0.302
vn 1 0.013 -0.025
vn 0.951 0.02 0.307
vn 0.964 0.079 0.255
vn 0.985 -0.027 -0.171
vn 0.949 -0.03 -0.315
vn 0.944 0.033 -0.329
vn 0.607 -0.045 -0.793
vn 0.944 0.011 -0.33
vn 0.641 -0.045 -0.766
vn 0.99 0.026 -0.14
vn 1 0.036 0
vn 0.995 -0.057 -0.085
vn 0.975 -0.073 0.21
vn 0.938 -0.157 -0.308
vn 0.649 -0.339 -0.682
vn 0.742 -0.315 0.592
vn 0.957 -0.227 0.181
vn 0.84 -0.39 0.376
vn 0.872 -0.292 0.393
vn 0.952 -0.294 -0.084
vn 0.951 -0.293 0.096
vn 0.997 -0.074 -0.022
vn 0.907 -0.297 -0.298
vn 0.741 -0.404 -0.536
vn 0.779 -0.444 -0.442
vn 0.983 -0.13 -0.126
vn 0.986 -0.111 -0.125
vn 0.773 -0.462 -0.434
vn 0.786 -0.505 -0.358
vn 0.1 -0.242 -0.965
vn 0.213 -0.118 -0.97
vn 0.926 0.179 -0.332
vn 0.867 0.46 0.191
vn 0.93 0.247 0.273
vn 0.918 0.243 0.312
vn 0.609 -0.528 0.591
vn -0.997 0.052 -0.064
vn -0.909 -0.073 -0.411
vn -0.995 0.011 -0.103
vn -0.906 0.129 -0.404
vn -0.991 0.061 0.121
vn -0.951 0.262 -0.167
vn -0.846 0.114 -0.52
vn -0.915 0.315 -0.252
vn -0.719 -0.011 -0.695
vn -0.763 0.266 -0.588
vn -0.76 -0.184 -0.623
vn -0.643 0.082 -0.762
vn -0.739 -0.251 -0.625
vn -0.505 -0.261 -0.822
vn -0.928 -0.163 -0.335
vn -0.45 -0.296 -0.842
vn -0.707 0.334 -0.624
vn -0.64 0.141 -0.755
vn -0.76 -0.232 -0.607
vn -0.933 -0.133 -0.336
vn -0.418 -0.181 -0.89
vn -0.92 -0.136 -0.368
vn -0.787 0.242 -0.567
vn -0.95 0.207 -0.235
vn -0.517 0.115 -0.849
vn -0.683 -0.137 -0.718
vn -0.316 -0.204 -0.927
vn -0.875 0.484 -0.032
vn -0.995 0.1 -0.026
vn 0.292 0.797 0.528
vn 0.867 0.46 0.191
vn -0.868 -0.102 -0.486
vn -0.551 -0.781 0.293
vn 0.111 -0.728 -0.677
vn -0.397 -0.387 -0.832
vn 0.179 -0.596 -0.783
vn -0.047 -0.18 -0.982
vn 0.33 -0.086 -0.94
vn 0.667 -0.143 -0.731
vn -0.735 0.678 0.025
vn -0.769 0.637 0.062
vn -0.467 0.645 0.605
vn -0.811 0.51 -0.287
vn -0.748 0.587 -0.311
vn 0.61 0.146 -0.779
vn 0.839 0.182 -0.512
vn 0.798 0.075 -0.597
vn 0.952 0.136 -0.273
vn 0.878 0.356 -0.318
vn 0.76 0.37 -0.534
vn 0.754 0.382 -0.533
vn 0.875 0.368 -0.312
vn 0.771 0.341 -0.538
vn 0.828 0.387 -0.405
vn 0.663 0.452 -0.597
vn 0.63 0.32 -0.708
vn 0.98 0.191 -0.053
vn 0.935 0.326 -0.138
vn 0.997 0.055 0.058
vn 0.696 0.659 -0.285
vn 0.638 0.77 -0.026
vn 0.92 0.259 0.294
vn 0.975 0.223 -0.006
vn 0.912 0.229 0.341
vn 0.938 0.287 0.194
vn 0.948 0.307 0.084
vn 0.86 0.182 0.476
vn 0.877 0.188 0.442
vn 0.883 0.335 -0.329
vn 0.959 0.261 0.109
vn 0.96 0.255 0.116
vn 0.764 0.293 -0.575
vn 0.286 0.111 -0.952
vn 0.9 0.302 -0.312
vn 0.931 0.181 -0.316
vn 0.957 -0.04 0.288
vn 0.821 0.159 -0.548
vn 0.374 0.081 -0.924
vn 0.651 -0.127 -0.748
vn 0.981 -0.183 -0.064
vn 0.913 -0.24 0.331
vn 0.902 -0.106 -0.419
vn 0.836 -0.401 -0.374
vn 0.672 -0.47 -0.573
vn 0.542 -0.614 -0.573
vn 0.772 -0.556 -0.308
vn 0.898 -0.438 0.028
vn 0.948 -0.314 -0.05
vn 0.896 -0.207 0.393
vn 0.937 -0.349 0.039
vn 0.849 -0.147 0.508
vn 0.857 -0.26 0.444
vn 0.874 -0.485 0.035
vn 0.869 -0.312 0.385
vn 0.862 -0.501 0.075
vn 0.836 -0.375 0.399
vn 0.609 0.329 -0.722
vn 0.005 0.265 -0.964
vn 0.634 -0.014 -0.773
vn 0.016 -0.995 -0.102
vn 0.002 -0.767 -0.641
vn -0.406 0.205 -0.891
vn -0.323 0.034 -0.946
vn -0.647 0.225 -0.729
vn -0.874 -0.463 -0.151
vn -0.762 -0.647 0.036
vn -0.63 -0.756 0.175
vn -0.845 -0.376 -0.38
vn -0.847 -0.356 -0.395
vn -0.948 -0.116 0.297
vn 0.774 -0.281 -0.567
vn 0.996 -0.087 0.038
vn 0.736 0.031 -0.677
vn 0.998 0.065 -0.009
vn 0.927 -0.214 0.307
vn 0.94 -0.01 0.341
vn 0.995 -0.01 -0.101
vn 0.722 -0.039 -0.69
vn 0.721 -0.091 -0.687
vn 0.998 -0.037 0.055
vn 0.918 0.001 0.396
vn 0.965 -0.097 -0.242
vn 0.721 -0.055 -0.691
vn 0.997 -0.035 -0.072
vn 0.998 -0.032 0.054
vn 0.874 -0.022 0.486
vn 0.998 -0.062 0.018
vn 0.668 -0.002 -0.744
vn 0.966 -0.055 0.254
vn 0.845 -0.019 0.534
vn 0.896 -0.041 -0.441
vn 0.999 -0.003 0.04
vn 0.559 0.004 -0.829
vn 0.921 0.06 -0.385
vn 0.589 0.041 -0.807
vn 0.998 0.056 0.037
vn 0.738 0.067 -0.672
vn 0.998 0.065 0.017
vn 0.796 0.093 -0.599
vn 0.831 0.172 -0.529
vn 0.992 0.101 0.07
vn 0.752 0.281 -0.596
vn 0.989 0.052 0.136
vn 0.881 0.328 -0.341
vn 0.534 0.217 -0.817
vn 0.993 0 0.116
vn 0.802 0.109 -0.587
vn 0.923 0.078 -0.378
vn 0.697 0.077 -0.713
vn 0.999 0.023 0.045
vn 0.899 0.046 -0.435
vn 0.664 0.022 -0.748
vn 1 -0.009 0.035
vn 0.967 -0.067 0.247
vn 0.996 -0.085 0.03
vn 0.918 0.002 -0.396
vn 0.99 -0.138 0.022
vn 0.874 -0.177 0.453
vn 0.842 -0.168 0.513
vn 0.914 -0.032 -0.406
vn 0.888 -0.064 -0.456
vn 0.73 -0.009 -0.683
vn 0.7 -0.014 -0.714
vn 0.958 -0.153 0.243
vn 0.854 -0.173 0.491
vn 0.839 -0.143 0.525
vn 0.94 -0.178 0.292
vn 0.944 -0.095 0.315
vn 0.988 -0.153 0.024
vn 0.827 -0.142 0.544
vn 0.867 -0.088 -0.491
vn 0.697 -0.007 -0.717
vn 0.951 -0.056 -0.304
vn 0.963 -0.096 0.251
vn 0.998 -0.041 0.047
vn -0.417 -0.901 0.121
vn 0.798 -0.304 -0.52
vn 0.703 -0.376 -0.604
vn 0.837 -0.546 0.033
vn -0.548 -0.809 -0.214
vn 0.736 0.031 -0.677
vn -0.132 -0.322 -0.938
vn 0.774 -0.281 -0.567
vn -0.072 -0.075 -0.995
vn 0.722 -0.039 -0.69
vn 0.721 -0.091 -0.687
vn -0.556 -0.089 -0.827
vn -0.539 -0.212 -0.815
vn -0.077 -0.122 -0.99
vn 0.721 -0.055 -0.691
vn -0.751 -0.053 -0.658
vn -0.647 0.225 -0.729
vn -0.616 -0.083 -0.783
vn -0.103 -0.124 -0.987
vn 0.668 -0.002 -0.744
vn -0.597 -0.141 -0.79
vn -0.092 -0.057 -0.994
vn 0.559 0.004 -0.829
vn -0.605 -0.169 -0.777
vn -0.029 -0.038 -0.999
vn 0.589 0.041 -0.807
vn -0.606 -0.121 -0.787
vn -0.824 -0.148 -0.547
vn -0.712 -0.158 -0.684
vn -0.799 -0.146 -0.583
vn 0.069 0.005 -0.998
vn 0.738 0.067 -0.672
vn -0.639 -0.104 -0.763
vn -0.606 -0.08 -0.792
vn 0.094 0.087 -0.992
vn 0.796 0.093 -0.599
vn 0.831 0.172 -0.529
vn -0.852 -0.096 -0.516
vn -0.534 -0.029 -0.845
vn -0.946 -0.133 -0.295
vn -0.949 -0.176 -0.262
vn -0.961 -0.154 -0.23
vn -0.851 -0.044 -0.523
vn -0.796 -0.129 -0.591
vn -0.953 -0.072 -0.296
vn -0.808 -0.089 -0.582
vn -0.923 0.108 -0.368
vn -0.817 0.418 -0.396
vn -0.617 0.412 -0.67
vn -0.406 0.205 -0.891
vn -0.621 0.7 -0.353
vn -0.604 0.381 -0.7
vn -0.498 0.126 -0.858
vn -0.604 0.282 -0.745
vn -0.592 0.525 -0.611
vn -0.514 0.79 -0.336
vn -0.621 0.631 -0.465
vn -0.762 0.265 -0.591
vn -0.287 -0.06 -0.956
vn -0.496 -0.007 -0.868
vn 0.034 0 -1
vn 0.005 0.265 -0.964
vn 0.634 -0.014 -0.773
vn 0.032 0.113 -0.993
vn 0.608 0.07 -0.791
vn 0.538 0.068 -0.84
vn -0.292 0.117 -0.949
vn -0.417 0.088 -0.905
vn -0.328 0.146 -0.933
vn 0.012 0.119 -0.993
vn -0.534 0.273 -0.8
vn 0 -0.428 -0.904
vn 0.452 -0.54 -0.71
vn 0.686 -0.703 -0.19
vn -0.28 -0.601 -0.749
vn -0.492 -0.679 -0.546
vn -0.025 -0.896 -0.444
vn -0.495 0.414 -0.764
vn -0.489 0.415 -0.768
vn 0.08 -0.968 -0.24
vn -0.067 -0.979 -0.193
vn -0.545 0.426 -0.722
vn -0.289 -0.952 -0.106
vn -0.631 0.543 -0.554
vn -0.49 -0.872 -0.009
vn -0.746 0.595 -0.299
vn -0.556 0.375 -0.742
vn -0.653 0.504 -0.565
vn -0.748 0.587 -0.311
vn -0.811 0.51 -0.287
vn -0.539 0.806 -0.245
vn 0.998 -0.046 0.049
vn 0.896 0.055 0.442
vn 0.899 -0.263 0.35
vn 0.876 -0.482 0.004
vn 0.675 -0.738 -0.01
vn 0.959 -0.248 -0.139
vn 0.923 -0.371 -0.1
vn 0.963 0.012 -0.268
vn 0.903 0.417 -0.104
vn 0.791 0.521 0.32
vn 0.755 0.014 -0.656
vn 0.855 -0.211 -0.473
vn 0.926 -0.368 -0.078
vn 0.826 -0.422 -0.373
vn 0.738 -0.426 -0.523
vn 0.593 -0.129 -0.794
vn 0.245 -0.318 -0.916
vn 0.889 -0.374 -0.264
vn 0.884 -0.452 -0.121
vn 0.92 -0.382 0.086
vn 0.811 -0.436 -0.39
vn 0.976 -0.217 -0.006
vn 0.933 -0.117 -0.34
vn 0.976 -0.215 -0.029
vn 0.867 -0.411 0.281
vn 0.985 -0.138 0.1
vn 0.967 -0.153 0.202
vn 0.966 -0.125 0.227
vn 0.798 -0.348 0.491
vn 0.848 -0.254 0.466
vn 0.966 0.058 0.25
vn 0.928 0.13 0.351
vn 0.915 0.094 0.393
vn 0.896 0.137 0.422
vn 0.948 -0.081 0.307
vn 0.91 0.012 0.414
vn 0.963 -0.267 -0.038
vn 0.878 -0.476 0.059
vn 0.823 -0.043 0.567
vn 0.908 -0.04 0.417
vn 0.988 0.013 0.151
vn 0.995 -0.021 -0.1
vn 0.924 -0.13 0.359
vn 0.994 -0.106 0
vn 0.958 0.064 0.281
vn 0.897 -0.161 -0.412
vn 0.862 -0.254 -0.438
vn 0.654 -0.338 -0.676
vn 0.742 -0.542 -0.395
vn 0.313 -0.371 -0.875
vn 0.726 -0.128 -0.676
vn 0.822 0.194 -0.535
vn 0.941 -0.055 -0.333
vn 0.994 -0.059 -0.091
vn 0.802 0.429 -0.416
vn 0.68 0.373 -0.631
vn 0.899 0.398 -0.18
vn 0.714 0.451 -0.535
vn 0.559 0.294 -0.775
vn 0.602 0.518 -0.608
vn 0.8 0.484 -0.354
vn 0.841 0.437 -0.318
vn 0.901 0.424 -0.091
vn 0.904 0.42 -0.077
vn 0.832 0.529 0.17
vn 0.771 0.473 0.427
vn 0.745 0.589 0.313
vn 0.901 0.104 0.421
vn 0.968 -0.125 0.217
vn 0.876 0.403 0.264
vn 0.928 -0.11 0.356
vn 0.934 0.196 0.299
vn -0.695 -0.219 0.685
vn -0.754 -0.538 0.375
vn -0.316 -0.658 0.684
vn -0.372 0.477 0.796
vn -0.616 0.003 0.788
vn 0.256 -0.24 0.937
vn 0.417 -0.788 0.454
vn -0.43 0.533 0.729
vn -0.746 0.04 0.666
vn 0.513 -0.214 0.832
vn 0.728 -0.169 0.665
vn -0.237 0.377 0.896
vn 0.183 0.161 0.97
vn -0.197 0.636 0.746
vn 0.071 0.604 0.794
vn 0.613 0.113 0.782
vn 0.223 0.84 0.495
vn 0.896 0.055 0.442
vn 0.791 0.521 0.32
vn 0.998 -0.046 0.049
vn 0.899 -0.263 0.35
vn 0.576 -0.785 0.23
vn -0.411 0.497 0.764
vn -0.375 0.443 0.814
vn -0.22 0.036 0.975
vn -0.564 0.443 0.696
vn -0.524 0.378 0.763
vn -0.7 0.41 0.585
vn -0.604 0.539 0.587
vn -0.603 0.651 0.46
vn -0.706 0.449 0.547
vn 0.871 0.146 0.469
vn 0.686 -0.703 -0.19
vn 0.82 -0.512 0.255
vn 0.979 0.058 -0.198
vn 0.538 0.068 -0.84
vn 0.852 0.098 0.515
vn 0.608 0.07 -0.791
vn 0.992 0.054 -0.117
vn 0.867 -0.02 0.498
vn 0.996 -0.001 -0.09
vn 0.634 -0.014 -0.773
vn 0.609 0.329 -0.722
vn 0.936 0.353 -0.006
vn 0.016 -0.995 -0.102
vn 0.85 0.342 0.4
vn 0.72 -0.621 0.309
vn 0.77 -0.103 0.63
vn -0.562 -0.449 0.694
vn -0.099 -0.324 0.941
vn -0.527 -0.418 0.74
vn -0.127 -0.341 0.931
vn -0.198 -0.301 0.933
vn -0.676 -0.387 0.627
vn -0.809 -0.084 0.582
vn -0.577 -0.093 0.812
vn -0.894 -0.014 0.449
vn -0.968 0.081 0.239
vn -0.917 -0.064 0.393
vn -0.598 -0.236 0.766
vn -0.729 -0.285 0.622
vn -0.798 -0.241 0.552
vn -0.943 -0.107 0.315
vn -0.842 -0.263 0.471
vn -0.994 0.093 0.059
vn -0.81 0.014 0.586
vn -0.979 0.063 0.195
vn -0.979 0.192 -0.059
vn -0.978 0.048 0.202
vn -0.938 0.008 0.347
vn -0.684 -0.207 0.7
vn -0.898 0.276 -0.343
vn -0.84 0.329 -0.432
vn -0.976 0.195 -0.096
vn -0.978 0.138 -0.155
vn -0.979 -0.045 0.196
vn -0.986 0.066 -0.154
vn -0.96 0.148 -0.238
vn -0.869 0.268 -0.416
vn -0.889 0.212 -0.407
vn -0.983 0.175 0.053
vn -0.951 0.177 -0.253
vn -0.747 0.195 0.635
vn -0.997 0.084 -0.014
vn -0.795 0.337 0.504
vn -0.952 0.177 0.249
vn -0.968 -0.204 -0.143
vn -0.979 -0.113 0.172
vn -0.98 0.194 0.032
vn -0.917 0.248 -0.312
vn -0.862 0.334 -0.381
vn -0.578 0.816 -0.005
vn -0.758 0.619 0.208
vn -0.559 0.627 0.542
vn -0.552 0.514 0.657
vn -0.625 0.544 0.56
vn -0.982 -0.081 0.168
vn -0.901 0.253 0.352
vn -0.742 0.469 0.479
vn -0.948 -0.231 0.219
vn -0.964 -0.138 0.225
vn -0.861 0.22 0.459
vn -0.86 -0.384 0.336
vn -0.823 0.267 0.501
vn -0.716 0.495 0.493
vn -0.417 -0.593 0.689
vn -0.364 -0.548 0.753
vn -0.63 -0.756 0.175
vn -0.918 -0.377 0.119
vn -0.922 0.032 0.385
vn -0.888 -0.45 -0.093
vn -0.874 -0.463 -0.151
vn -0.957 -0.195 0.218
vn -0.88 0.086 0.467
vn -0.922 -0.061 0.383
vn -0.948 -0.116 0.297
vn -0.872 0.144 0.468
vn -0.82 0.255 0.512
vn -0.772 0.372 0.516
vn -0.775 0.442 0.452
vn -0.834 0.322 0.449
vn -0.854 0.204 0.478
vn -0.894 0.077 0.442
vn -0.737 0.462 0.493
vn -0.611 0.623 0.489
vn -0.736 0.607 0.299
vn -0.654 0.357 0.667
vn -0.571 0.305 0.762
vn -0.513 0.445 0.734
vn -0.572 0.553 0.605
vn -0.817 0.183 0.547
vn -0.768 0.115 0.63
vn -0.916 -0.054 0.399
vn -0.843 -0.006 0.538
vn -0.677 0.006 0.736
vn -0.965 -0.115 0.236
vn -0.985 -0.171 0.025
vn -0.847 -0.356 -0.395
vn -0.912 -0.051 0.408
vn -0.799 -0.118 0.589
vn -0.882 -0.229 -0.411
vn -0.845 -0.376 -0.38
vn -0.801 -0.094 0.592
vn -0.703 -0.064 0.709
vn -0.864 0.055 0.5
vn -0.736 -0.004 0.677
vn -0.747 0.094 0.658
vn -0.959 -0.091 0.268
vn -0.985 -0.135 -0.104
vn -0.908 0.027 0.418
vn -0.761 0.081 0.644
vn -0.922 -0.189 -0.337
vn -0.92 -0.136 -0.368
vn -0.551 -0.781 0.293
vn -0.762 -0.647 0.036
vn -0.933 -0.133 -0.336
vn -0.928 -0.163 -0.335
vn -0.953 -0.107 -0.283
vn -0.909 -0.073 -0.411
vn -0.995 0.011 -0.103
vn -0.886 0.02 0.464
vn -0.997 0.052 -0.064
vn -0.783 0.155 0.602
vn -0.72 0.103 0.686
vn -0.867 0.017 0.499
vn -0.991 0.061 0.121
vn -0.854 0.01 0.52
vn -0.946 0.197 0.259
vn -0.951 0.262 -0.167
vn -0.867 0.219 0.448
vn -0.912 0.342 0.226
vn -0.915 0.315 -0.252
vn -0.906 0.129 -0.404
vn -0.95 0.207 -0.235
vn -0.865 0.245 0.438
vn -0.926 0.32 0.2
vn -0.794 0.503 0.342
vn -0.792 0.346 0.503
vn -0.967 0.091 0.237
vn -0.995 0.1 -0.026
vn -0.817 0.211 0.537
vn -0.704 0.18 0.687
vn -0.639 0.122 0.76
vn -0.688 0.122 0.715
vn -0.773 0.228 0.591
vn -0.67 0.537 0.513
vn -0.738 0.404 0.54
vn -0.899 -0.166 0.405
vn -0.623 0.328 0.71
vn -0.74 0.183 0.647
vn -0.869 -0.102 0.485
vn -0.583 0.164 0.795
vn -0.632 0.136 0.763
vn -0.508 0.025 0.861
vn -0.951 -0.051 0.304
vn -0.887 -0.145 0.438
vn -0.852 -0.301 0.428
vn -0.963 -0.208 0.17
vn -0.828 -0.084 0.555
vn -0.983 -0.169 -0.073
vn -0.702 -0.404 0.587
vn -0.911 0.399 0.103
vn -0.692 0.641 0.331
vn -0.875 0.484 -0.032
vn -0.629 0.01 0.777
vn -0.574 -0.249 0.78
vn -0.494 -0.053 0.868
vn 0.421 -0.676 -0.605
vn 0.773 -0.462 -0.434
vn 0.779 -0.444 -0.442
vn 0.387 -0.742 -0.547
vn 0.786 -0.505 -0.358
vn 0.355 -0.93 -0.093
vn -0.267 -0.926 -0.266
vn -0.044 -0.789 -0.613
vn -0.514 -0.7 -0.496
vn 0.483 -0.843 0.235
vn 0.1 -0.242 -0.965
vn -0.032 -0.989 0.146
vn 0.679 -0.671 0.297
vn 0.382 -0.924 0.016
vn 0.186 -0.964 -0.189
vn 0.181 -0.832 0.524
vn -0.02 -0.939 -0.343
vn -0.604 -0.74 -0.294
vn -0.698 -0.65 -0.301
vn -0.759 -0.519 -0.393
vn -0.94 -0.337 0.055
vn -0.977 -0.196 -0.089
vn -0.942 0.052 0.331
vn 0.684 0.544 -0.486
vn 0.617 0.343 -0.708
vn 0.658 0.505 -0.558
vn 0.603 0.718 -0.346
vn 0.775 0.572 0.267
vn 0.805 0.498 0.324
vn 0.952 0.304 0.048
vn 0.866 0.5 0.004
vn 0.876 0.441 -0.196
vn 0.964 0.147 -0.222
vn 0.924 0.271 -0.27
vn 0.896 0.424 -0.127
vn 0.932 -0.074 -0.354
vn 0.908 0.079 -0.411
vn 0.934 0.301 -0.195
vn 0.798 0.601 -0.041
vn 0.91 0.401 -0.108
vn 0.841 -0.062 -0.538
vn 0.842 0.119 -0.526
vn 0.628 0.101 -0.771
vn 0.613 0.012 -0.79
vn 0.887 0.211 -0.411
vn 0.595 0.278 -0.754
vn 0.528 -0.754 -0.39
vn 0.898 -0.203 -0.391
vn 0.972 0.185 -0.145
vn 0.92 0.37 -0.13
vn 0.939 0.101 -0.328
vn 0.713 0.688 0.133
vn 0.734 0.646 0.209
vn -0.235 -0.57 0.787
vn -0.278 -0.842 0.462
vn -0.342 -0.917 0.205
vn -0.621 -0.66 0.422
vn -0.492 -0.679 -0.546
vn -0.025 -0.896 -0.444
vn 0.381 -0.656 -0.651
vn 0.772 -0.556 -0.308
vn 0.542 -0.614 -0.573
vn 0.691 -0.633 -0.348
vn 0.481 -0.583 -0.654
vn 0.874 -0.485 0.035
vn 0.898 -0.438 0.028
vn 0.729 -0.651 -0.212
vn 0.275 -0.608 -0.745
vn 0.862 -0.501 0.075
vn 0.233 -0.931 -0.28
vn 0.312 -0.937 -0.161
vn 0.621 -0.759 0.194
vn -0.266 -0.902 -0.34
vn -0.332 -0.891 -0.312
vn 0.457 -0.844 0.282
vn 0.623 -0.575 0.53
vn -0.587 -0.802 -0.106
vn -0.509 -0.169 -0.844
vn -0.384 -0.132 -0.914
vn 0.401 -0.915 -0.048
vn -0.61 -0.78 -0.138
vn -0.324 -0.867 -0.379
vn 0.96 0.017 -0.279
vn 0.572 -0.532 0.625
vn 0.414 -0.323 0.851
vn 0.425 -0.33 0.843
vn 0.137 -0.141 0.98
vn -0.19 0.343 0.92
vn -0.131 0.281 0.951
vn 0.724 -0.584 0.367
vn 0.731 -0.559 -0.391
vn 0.59 -0.301 -0.749
vn 0.754 -0.574 -0.319
vn 0.873 -0.474 0.12
vn -0.74 -0.27 0.616
vn -0.477 -0.076 0.876
vn -0.578 -0.144 0.804
vn -0.394 -0.217 0.893
vn -0.497 0.455 0.739
vn -0.53 0.597 0.602
vn -0.045 0.54 0.84
vn -0.24 0.537 0.809
vn -0.745 0.398 0.536
vn 0.513 0.645 -0.567
vn 0.248 0.695 -0.674
vn 0.516 0.688 -0.511
vn 0.188 0.711 -0.677
vn -0.093 0.695 -0.713
vn -0.053 0.7 -0.712
vn 0.096 0.609 -0.788
vn 0.34 0.511 -0.79
vn -0.312 0.705 -0.638
vn -0.429 0.482 -0.764
vn -0.531 0.506 -0.68
vn -0.517 0.848 -0.117
vn -0.669 0.445 -0.595
vn -0.477 0.8 -0.364
vn -0.877 0.42 -0.233
vn 0.277 0.264 -0.924
vn -0.097 0.584 -0.806
vn -0.235 0.796 -0.558
vn -0.435 0.772 -0.464
vn -0.417 0.577 -0.702
vn -0.63 0.668 -0.395
vn 0.538 0.233 -0.81
vn 0.498 0.592 -0.633
vn 0.771 0.237 -0.592
vn 0.356 0.147 -0.923
vn -0.088 0.39 -0.917
vn -0.469 0.874 -0.127
vn -0.719 0.657 -0.227
vn -0.551 0.832 0.067
vn -0.678 0.728 0.1
vn -0.207 0.572 -0.794
vn 0.033 0.217 -0.976
vn -0.098 0.59 -0.801
vn 0.037 0.59 -0.806
vn -0.271 0.791 -0.548
vn 0.001 0.79 -0.613
vn 0.176 0.616 -0.768
vn -0.211 0.891 -0.402
vn -0.19 0.883 -0.429
vn -0.19 0.624 -0.758
vn -0.026 0.534 -0.845
vn -0.494 0.111 -0.863
vn -0.473 0.814 -0.337
vn 0.22 0.304 -0.927
vn 0.25 0.378 -0.891
vn 0.38 0.246 -0.892
vn 0.483 0.305 -0.821
vn 0.339 0.198 -0.919
vn 0.55 0.015 -0.835
vn 0.681 0.285 -0.674
vn 0.619 0.43 -0.657
vn 0.06 0.398 -0.916
vn 0.229 0.299 -0.926
vn 0.397 0.172 -0.901
vn 0.407 0.078 -0.91
vn 0.518 0.273 -0.811
vn 0.575 0.305 -0.759
vn 0.495 0.137 -0.858
vn 0.452 0.199 -0.87
vn 0.417 0.203 -0.886
vn 0.274 0.373 -0.886
vn 0.617 0.343 -0.708
vn 0.684 0.544 -0.486
vn 0.336 0.371 -0.866
vn 0.346 0.151 -0.926
vn 0.401 0.13 -0.907
vn 0.384 0.14 -0.913
vn 0.415 0.091 -0.905
vn 0.414 0.011 -0.91
vn 0.414 0.053 -0.909
vn 0.419 0.074 -0.905
vn 0.338 0.09 -0.937
vn 0.33 -0.086 -0.94
vn 0.667 -0.143 -0.731
vn 0.288 0.02 -0.958
vn -0.047 -0.18 -0.982
vn 0.208 -0.089 -0.974
vn 0.381 -0.033 -0.924
vn 0.153 -0.179 -0.972
vn 0.245 0.254 -0.936
vn -0.244 0.055 -0.968
vn -0.342 0.263 -0.902
vn -0.45 0.229 -0.863
vn 0.22 0.157 -0.963
vn 0.676 0.106 -0.729
vn 0.242 0.313 -0.918
vn 0.777 0.123 -0.617
vn 0.706 0.246 -0.664
vn 0.559 0.227 -0.798
vn -0.006 0.238 -0.971
vn 0.185 0.38 -0.906
vn 0.501 0.144 -0.854
vn -0.061 0.345 -0.937
vn -0.043 0.419 -0.907
vn 0.084 0.324 -0.942
vn -0.152 0.376 -0.914
vn 0.013 0.251 -0.968
vn 0.453 0.028 -0.891
vn -0.203 0.43 -0.879
vn -0.263 0.308 -0.914
vn -0.029 0.153 -0.988
vn 0.372 -0.029 -0.928
vn -0.251 0.224 -0.942
vn -0.621 0.314 -0.718
vn -0.44 0.383 -0.812
vn -0.702 0.327 -0.632
vn -0.479 0.442 -0.758
vn -0.663 0.236 -0.711
vn -0.889 0.212 -0.407
vn -0.739 0.121 -0.663
vn -0.368 0.169 -0.914
vn -0.951 0.177 -0.253
vn -0.997 0.084 -0.014
vn -0.83 0.043 -0.556
vn -0.968 -0.204 -0.143
vn -0.869 0.268 -0.416
vn -0.96 0.148 -0.238
vn -0.898 0.276 -0.343
vn -0.976 0.195 -0.096
vn -0.403 -0.062 -0.913
vn -0.657 0.092 -0.749
vn -0.525 -0.338 -0.781
vn -0.909 -0.098 -0.406
vn -0.772 -0.151 -0.617
vn -0.935 -0.212 -0.284
vn -0.729 0.406 -0.55
vn -0.84 0.329 -0.432
vn -0.077 -0.197 -0.978
vn -0.754 -0.4 -0.521
vn -0.703 -0.492 -0.513
vn -0.97 -0.157 -0.186
vn -0.937 -0.287 -0.203
vn -0.766 -0.484 -0.423
vn -0.421 0.46 -0.782
vn 0.801 -0.246 -0.546
vn 0.884 -0.298 -0.361
vn 0.599 -0.526 -0.604
vn -0.162 -0.53 -0.832
vn 0.465 -0.544 -0.698
vn -0.574 0.415 -0.706
vn -0.556 0.239 -0.796
vn -0.244 -0.657 -0.714
vn -0.781 0.215 -0.586
vn -0.978 0.138 -0.155
vn -0.986 0.066 -0.154
vn -0.917 0.248 -0.312
vn -0.862 0.334 -0.381
vn -0.591 0.195 -0.783
vn -0.578 0.816 -0.005
vn -0.495 -0.573 -0.653
vn -0.187 -0.728 -0.66
vn -0.516 -0.617 -0.594
vn -0.514 -0.7 -0.496
vn -0.759 -0.519 -0.393
vn 0.284 -0.652 -0.703
vn 0.03 -0.755 -0.655
vn -0.044 -0.789 -0.613
vn 0.387 -0.742 -0.547
vn 0.421 -0.676 -0.605
vn 0.779 -0.444 -0.442
vn 0.741 -0.404 -0.536
vn 0.867 -0.31 -0.392
vn -0.751 0.408 0.518
vn -0.432 0.606 0.668
vn -0.575 0.508 0.642
vn 0.011 0.688 0.726
vn -0.048 0.655 0.754
vn 0.537 0.67 0.512
vn 0.537 0.64 0.55
vn 0.366 0.87 0.329
vn 0.805 0.498 0.324
vn 0.775 0.572 0.267
vn 0.519 -0.679 -0.519
vn 0.866 0.065 -0.496
vn 0.628 0.121 -0.769
vn 0.844 -0.493 -0.211
vn 0.336 -0.924 -0.181
vn 0.877 0.412 -0.248
vn 0.881 0.392 -0.264
vn 0.114 -0.961 -0.251
vn 0.375 -0.921 -0.102
vn 0.843 0.497 -0.206
vn 0.332 -0.939 0.084
vn 0.832 0.556 -0.002
vn 0.759 0.603 0.246
vn 0.476 -0.803 0.36
vn 0.923 -0.371 -0.1
vn 0.876 -0.482 0.004
vn 0.92 -0.382 0.086
vn 0.759 -0.651 -0.002
vn 0.675 -0.738 -0.01
vn 0.59 -0.795 -0.141
vn 0.476 -0.874 -0.105
vn 0.112 -0.972 -0.208
vn 0.576 -0.785 0.23
vn 0.899 -0.263 0.35
vn 0.238 -0.969 -0.064
vn 0.417 -0.788 0.454
vn 0.728 -0.169 0.665
vn -0.316 -0.658 0.684
vn -0.16 -0.986 0.045
vn -0.754 -0.538 0.375
vn -0.623 -0.778 0.086
vn -0.826 -0.543 0.153
vn -0.179 -0.977 -0.117
vn -0.801 -0.572 0.178
vn -0.919 -0.381 0.102
vn -0.935 -0.35 0.055
vn -0.471 -0.864 -0.181
vn -0.631 -0.701 0.332
vn -0.978 -0.166 0.131
vn -0.099 -0.987 0.129
vn -0.29 -0.412 0.864
vn 0.186 -0.976 0.119
vn 0.412 -0.879 -0.24
vn 0.588 -0.656 0.472
vn 0.935 -0.325 0.145
vn 0.793 -0.048 0.607
vn -0.306 0.266 0.914
vn -0.22 0.036 0.975
vn -0.375 0.443 0.814
vn -0.524 0.378 0.763
vn -0.909 0.36 -0.209
vn -0.828 0.252 -0.5
vn -0.89 0.2 -0.41
vn -0.964 -0.265 -0.001
vn -0.919 -0.224 -0.324
vn -0.915 -0.263 -0.305
vn -0.905 0.392 0.166
vn -0.866 0.473 0.164
vn -0.89 0.408 -0.204
vn -0.832 0.408 0.377
vn -0.952 0.294 -0.09
vn -0.96 0.268 -0.082
vn -0.727 0.426 0.539
vn -0.587 0.562 0.582
vn -0.511 0.272 0.815
vn -0.657 0.401 0.638
vn -0.762 -0.298 0.575
vn -0.509 0.525 0.681
vn -0.925 -0.373 0.066
vn -0.924 -0.363 0.118
vn -0.93 -0.265 -0.256
vn -0.676 -0.387 0.627
vn 0.82 -0.309 0.482
vn -0.527 -0.418 0.74
vn -0.562 -0.449 0.694
vn 0.221 -0.507 0.833
vn -0.497 -0.45 0.742
vn 0.557 -0.55 0.623
vn 0.199 -0.645 0.738
vn -0.788 0.436 0.435
vn -0.747 0.523 0.411
vn -0.595 0.5 0.628
vn -0.051 0.63 0.774
vn 0.339 0.675 0.655
vn -0.711 0.701 -0.048
vn -0.888 0.119 -0.444
vn -0.828 0.031 -0.56
vn 0.96 0.161 -0.23
vn 0.513 0.645 -0.567
vn 0.659 0.725 -0.201
vn 0.747 0.617 -0.248
vn 0.812 0.583 -0.023
vn 0.33 0.901 0.28
vn 0.417 0.732 0.539
vn -0.109 0.131 0.985
vn -0.358 0.015 0.934
vn -0.547 -0.04 0.836
vn -0.13 0.019 0.991
vn -0.588 -0.049 0.807
vn -0.207 0.051 0.977
vn -0.304 0.086 0.949
vn -0.541 0 0.841
vn -0.267 0.067 0.961
vn -0.496 0.053 0.867
vn 0.733 -0.453 0.507
vn 0.623 -0.575 0.53
vn 0.542 -0.245 0.804
vn 0.425 -0.33 0.843
vn 0.137 -0.141 0.98
vn 0.199 -0.012 0.98
vn -0.219 0.271 0.937
vn -0.131 0.281 0.951
vn -0.694 0.482 0.534
vn -0.738 0.311 0.599
vn 0.459 0.763 0.456
vn 0.152 0.812 0.563
vn 0.259 0.848 0.462
vn 0.479 0.608 0.633
vn 0.92 0.259 0.294
vn 0.638 0.77 -0.026
vn 0.772 0.214 0.598
vn 0.912 0.229 0.341
vn 0.025 0.684 0.729
vn 0.361 0.462 0.81
vn -0.086 0.704 0.705
vn 0.012 0.843 0.538
vn -0.03 0.827 0.562
vn -0.048 0.551 0.833
vn -0.072 0.729 0.68
vn -0.112 0.79 0.603
vn 0.839 0.2 0.506
vn 0.634 0.162 0.756
vn 0.86 0.182 0.476
vn 0.938 0.287 0.194
vn 0.725 0.114 0.68
vn 0.703 0.019 0.711
vn 0.877 0.188 0.442
vn 0.722 0.114 0.682
vn 0.45 0.1 0.887
vn 0.474 -0.025 0.88
vn 0.439 -0.064 0.896
vn 0.417 -0.03 0.909
vn 0.058 0.272 0.96
vn 0.263 -0.152 0.953
vn 0.292 -0.115 0.949
vn 0.307 -0.137 0.942
vn 0.139 -0.174 0.975
vn 0.321 -0.122 0.939
vn -0.127 -0.341 0.931
vn -0.198 -0.301 0.933
vn -0.099 -0.324 0.941
vn -0.018 -0.383 0.923
vn 0.325 -0.267 0.907
vn 0.194 -0.412 0.89
vn -0.497 -0.45 0.742
vn -0.562 -0.449 0.694
vn 0.199 -0.645 0.738
vn 0.316 -0.18 0.931
vn 0.192 -0.148 0.97
vn -0.044 0.033 0.999
vn 0.459 -0.504 0.731
vn 0.936 -0.208 0.286
vn -0.259 -0.196 0.946
vn -0.676 -0.387 0.627
vn -0.762 -0.298 0.575
vn -0.344 -0.107 0.933
vn -0.511 0.272 0.815
vn -0.905 0.392 0.166
vn 0.056 -0.075 0.996
vn -0.059 0.358 0.932
vn 0.607 -0.198 0.769
vn 0.803 -0.18 0.568
vn 0.521 -0.062 0.852
vn -0.109 0.292 0.95
vn -0.587 0.562 0.582
vn -0.079 0.592 0.802
vn 0.44 -0.018 0.898
vn 0.838 0.097 0.537
vn 0.3 0.181 0.937
vn 0.761 0.029 0.647
vn -0.184 0.46 0.869
vn -0.151 0.327 0.933
vn -0.727 0.426 0.539
vn -0.657 0.401 0.638
vn 0.959 0.261 0.109
vn 0.948 0.307 0.084
vn 0.96 0.255 0.116
vn -0.214 0.376 0.902
vn -0.509 0.525 0.681
vn 0.869 0.168 0.466
vn 0.957 -0.04 0.288
vn 0.77 -0.039 0.637
vn 0.913 -0.24 0.331
vn 0.706 -0.128 0.697
vn 0.657 -0.071 0.75
vn 0.896 -0.207 0.393
vn 0.636 0.035 0.771
vn 0.849 -0.147 0.508
vn 0.278 0.242 0.93
vn 0.591 0.068 0.804
vn 0.857 -0.26 0.444
vn 0.869 -0.312 0.385
vn -0.129 0.462 0.877
vn 0.63 0.008 0.776
vn 0.836 -0.375 0.399
vn 0.604 -0.063 0.794
vn 0.262 0.291 0.92
vn 0.312 0.224 0.923
vn -0.156 0.444 0.882
vn -0.595 0.5 0.628
vn -0.631 -0.291 0.719
vn -0.622 0.197 0.758
vn -0.093 0.353 0.931
vn -0.892 -0.045 0.45
vn -0.506 -0.701 0.503
vn -0.897 -0.433 0.087
vn 0.181 -0.832 0.524
vn -0.604 -0.74 -0.294
vn 0.021 -0.936 0.351
vn 0.382 -0.924 0.016
vn 0.613 -0.709 -0.346
vn 0.679 -0.671 0.297
vn 0.843 -0.534 0.059
vn -0.065 -0.889 -0.453
vn -0.032 -0.989 0.146
vn 0.096 0.609 -0.788
vn -0.312 0.705 -0.638
vn -0.235 0.796 -0.558
vn -0.477 0.8 -0.364
vn -0.435 0.772 -0.464
vn -0.643 0.76 -0.096
vn -0.63 0.668 -0.395
vn -0.691 0.717 -0.088
vn -0.877 0.42 -0.233
vn -0.711 0.7 0.065
vn -0.596 0.784 0.176
vn -0.666 0.743 -0.071
vn -0.719 0.657 -0.227
vn -0.678 0.728 0.1
vn -0.56 0.707 0.433
vn -0.749 0.6 0.281
vn -0.836 0.427 0.345
vn -0.52 0.701 0.488
vn -0.341 0.684 0.645
vn -0.57 0.617 0.543
vn -0.344 0.566 0.749
vn -0.611 0.623 0.489
vn -0.737 0.462 0.493
vn -0.572 0.553 0.605
vn -0.568 0.767 0.297
vn -0.736 0.607 0.299
vn -0.517 0.846 0.133
vn 0.335 0.621 0.708
vn 0.405 0.504 0.762
vn 0.623 0.35 0.699
vn 0.289 0.316 0.904
vn -0.051 0.63 0.774
vn 0.339 0.675 0.655
vn 0.74 0.086 0.667
vn 0.947 0.129 0.293
vn 0.936 -0.069 0.345
vn 0.982 0.091 0.165
vn 0.781 -0.074 0.62
vn 0.406 0.36 0.84
vn 0.421 0.28 0.863
vn -0.024 0.3 0.954
vn 0.482 0.183 0.856
vn 0.047 0.232 0.972
vn -0.096 0.208 0.973
vn -0.112 0.28 0.954
vn 0.254 -0.143 0.957
vn 0.44 0.061 0.896
vn 0.904 0.07 0.422
vn 0.296 0.124 0.947
vn -0.228 0.196 0.954
vn 0.298 -0.477 0.827
vn -0.169 -0.555 0.814
vn -0.442 -0.182 0.878
vn -0.173 0.214 0.961
vn -0.358 0.015 0.934
vn -0.109 0.131 0.985
vn 0.411 0.073 0.909
vn 0.904 0.092 0.418
vn -0.029 0.065 0.998
vn -0.13 0.019 0.991
vn -0.034 0.026 0.999
vn -0.207 0.051 0.977
vn -0.124 0.114 0.986
vn -0.304 0.086 0.949
vn -0.267 0.067 0.961
vn -0.2 0.084 0.976
vn 0.288 0.144 0.947
vn 0.409 0.106 0.906
vn 0.338 0.158 0.928
vn 0.435 0.026 0.9
vn 0.874 0.051 0.484
vn -0.098 0.028 0.995
vn -0.163 0.045 0.986
vn 0.044 0.04 0.998
vn 0.171 0.185 0.968
vn 0.086 0.069 0.994
vn -0.053 0.168 0.984
vn 0.202 0.253 0.946
vn 0.185 0.117 0.976
vn 0.036 0.221 0.975
vn 0.161 0.073 0.984
vn -0.224 0.167 0.96
vn -0.137 0.118 0.983
vn 0.01 0.115 0.993
vn 0.075 -0.023 0.997
vn 0.161 -0.042 0.986
vn -0.114 0.024 0.993
vn -0.165 -0.036 0.986
vn 0.044 -0.099 0.994
vn -0.24 0.098 0.966
vn -0.186 0.035 0.982
vn -0.087 -0.155 0.984
vn -0.07 0.214 0.974
vn -0.221 0.058 0.974
vn -0.087 -0.008 0.996
vn -0.5 0.123 0.857
vn -0.347 0.224 0.911
vn -0.526 0.089 0.846
vn -0.292 0.099 0.952
vn -0.495 0.06 0.867
vn -0.198 0.154 0.968
vn -0.496 0.053 0.867
vn -0.292 -0.088 0.953
vn -0.402 0.075 0.913
vn -0.542 0.235 0.807
vn -0.238 0.124 0.963
vn -0.442 0.313 0.84
vn 0.029 -0.065 0.998
vn -0.211 0.227 0.951
vn -0.35 0.328 0.877
vn -0.413 0.554 0.723
vn -0.099 0.303 0.948
vn 0.089 0.029 0.996
vn -0.024 -0.032 0.999
vn -0.264 0.457 0.85
vn -0.064 0.174 0.983
vn -0.287 0.625 0.726
vn -0.352 0.676 0.648
vn 0.031 0.435 0.9
vn 0.271 0.124 0.955
vn 0.176 -0.108 0.979
vn -0.323 0.691 0.646
vn -0.087 0.455 0.886
vn -0.212 0.705 0.677
vn -0.143 0.75 0.645
vn -0.156 0.628 0.763
vn -0.023 0.789 0.615
vn 0.018 0.353 0.936
vn -0.069 0.721 0.69
vn -0.122 0.751 0.649
vn 0.082 0.837 0.541
vn 0.127 0.674 0.728
vn -0.112 0.79 0.603
vn -0.208 0.783 0.586
vn 0.274 0.844 0.46
vn -0.03 0.827 0.562
vn 0.198 0.866 0.459
vn 0.044 0.909 0.416
vn -0.138 0.427 0.894
vn -0.072 0.307 0.949
vn -0.029 0.242 0.97
vn -0.045 0.286 0.957
vn 0.082 0.12 0.989
vn -0.071 0.097 0.993
vn 0.056 0.11 0.992
vn 0.149 -0.045 0.988
vn 0.419 -0.118 0.9
vn 0.139 -0.01 0.99
vn 0.137 -0.143 0.98
vn 0.147 -0.062 0.987
vn 0.193 -0.103 0.976
vn 0.341 -0.179 0.923
vn 0.346 0.001 0.938
vn 0.36 -0.095 0.928
vn 0.337 -0.131 0.932
vn 0.469 -0.375 0.8
vn 0.754 -0.149 0.64
vn 0.078 -0.26 0.962
vn 0.246 -0.053 0.968
vn 0.738 -0.14 0.661
vn 0.535 -0.075 0.841
vn 0.897 -0.183 0.402
vn 0.872 -0.053 0.487
vn 0.884 -0.104 0.455
vn 0.914 -0.126 0.387
vn 0.95 -0.126 0.286
vn 0.912 -0.083 0.401
vn 0.961 -0.147 0.233
vn 0.82 -0.309 0.482
vn -0.604 -0.735 -0.308
vn 0.221 -0.507 0.833
vn 0.971 -0.055 0.234
vn -0.667 0.481 0.569
vn -0.085 0.688 0.721
vn -0.162 0.667 0.727
vn -0.706 0.42 0.571
vn -0.954 0.125 0.272
vn -0.951 0.162 0.264
vn -0.594 0.483 0.643
vn -0.967 -0.211 -0.142
vn -0.961 0.113 0.251
vn -0.977 -0.196 -0.089
vn -0.942 0.052 0.331
vn -0.759 -0.519 -0.393
vn -0.766 -0.484 -0.423
vn -0.937 -0.287 -0.203
vn -0.954 0.194 0.23
vn -0.97 -0.157 -0.186
vn -0.953 0.214 0.214
vn -0.999 0.043 -0.028
vn -0.935 -0.212 -0.284
vn -0.909 -0.098 -0.406
vn -0.83 0.043 -0.556
vn 0.007 0.747 0.665
vn -0.098 0.783 0.614
vn 0.387 0.602 0.699
vn -0.559 0.627 0.542
vn -0.552 0.514 0.657
vn -0.753 -0.451 0.479
vn -0.629 -0.008 0.777
vn -0.606 -0.311 0.731
vn -0.732 0.075 0.677
vn -0.351 -0.022 0.936
vn -0.863 0.114 0.492
vn -0.749 0.313 0.584
vn -0.799 0.224 0.558
vn -0.78 0.282 0.559
vn -0.879 0.053 0.474
vn -0.85 0.12 0.512
vn -0.673 0.15 0.724
vn -0.465 0.335 0.819
vn -0.88 0.086 0.466
vn -0.624 -0.414 0.663
vn -0.885 0.163 0.437
vn -0.722 -0.352 0.596
vn -0.385 0.54 0.748
vn -0.575 0.427 0.698
vn -0.75 -0.087 0.656
vn -0.913 0.038 0.406
vn -0.912 0.075 0.403
vn -0.768 -0.333 0.547
vn -0.951 -0.069 0.303
vn -0.861 -0.343 0.375
vn -0.74 -0.27 0.616
vn -0.986 -0.075 0.145
vn -0.987 -0.155 0.051
vn -0.845 -0.168 0.508
vn -0.919 -0.381 0.102
vn -0.877 -0.169 0.45
vn -0.919 -0.101 0.381
vn -0.578 -0.144 0.804
vn -0.702 -0.103 0.705
vn -0.582 0.728 0.362
vn -0.984 -0.177 -0.008
vn -0.801 -0.572 0.178
vn -0.978 -0.166 0.131
vn -0.643 0.141 0.753
vn -0.631 -0.701 0.332
vn -0.639 0.198 0.743
vn -0.167 -0.527 0.833
vn -0.97 -0.241 -0.031
vn -0.909 -0.417 0.009
vn -0.935 -0.35 0.055
vn -0.93 -0.098 0.354
vn -0.845 -0.445 0.298
vn -0.685 0.087 0.724
vn -0.6 -0.597 -0.533
vn -0.657 -0.241 0.715
vn -0.814 -0.117 0.569
vn -0.687 -0.71 0.152
vn -0.979 -0.199 0.058
vn -0.926 -0.11 0.36
vn -0.938 -0.314 0.152
vn -0.903 -0.065 0.425
vn -0.963 0.061 0.262
vn -0.822 -0.25 0.511
vn -0.962 -0.009 0.274
vn -0.996 0.007 0.087
vn -1 -0.004 -0.016
vn -0.957 0.08 0.279
vn -0.763 0.403 0.505
vn -0.839 0.458 0.295
vn -0.896 0.21 0.391
vn -0.953 0.293 0.078
vn -0.973 0.121 -0.195
vn -0.727 0.582 -0.365
vn -0.922 0.064 -0.382
vn -0.987 -0.066 -0.146
vn -0.914 -0.083 -0.398
vn -0.944 -0.253 -0.21
vn -0.925 -0.361 -0.119
vn -0.794 -0.438 -0.422
vn -0.86 -0.388 -0.332
vn -0.796 -0.459 -0.395
vn -0.602 -0.404 -0.689
vn -0.946 -0.279 -0.168
vn -0.869 -0.24 -0.433
vn -0.987 -0.025 -0.158
vn -0.879 -0.055 -0.474
vn -0.868 0.075 -0.491
vn -0.921 0.378 0.096
vn -0.896 -0.293 0.334
vn -0.826 -0.543 0.153
vn -0.754 -0.538 0.375
vn -0.987 0.042 0.156
vn -0.706 0.449 0.547
vn -0.817 -0.213 0.536
vn -0.695 -0.219 0.685
vn -0.746 0.04 0.666
vn -0.43 0.533 0.729
vn -0.616 0.003 0.788
vn -0.742 0.117 0.661
vn -0.851 0.458 0.258
vn -0.464 0.803 0.373
vn -0.635 0.761 0.134
vn -0.745 0.667 -0.011
vn -0.338 0.939 0.061
vn -0.188 0.964 0.187
vn -0.212 0.872 0.442
vn -0.443 0.593 0.672
vn 0.066 0.933 0.354
vn 0.183 0.72 0.669
vn 0.328 0.846 0.42
vn 0.037 0.998 0.051
vn -0.146 0.989 -0.001
vn -0.448 0.888 -0.103
vn -0.542 0.792 -0.282
vn -0.719 0.685 -0.12
vn -0.29 0.952 -0.096
vn -0.727 0.582 -0.365
vn -0.953 0.293 0.078
vn -0.839 0.458 0.295
vn -0.876 0.449 0.174
vn -0.763 0.403 0.505
vn -0.896 0.21 0.391
vn 0.01 0.997 -0.08
vn -0.153 0.978 -0.144
vn -0.314 0.93 -0.193
vn -0.346 0.866 -0.362
vn -0.566 0.682 -0.464
vn -0.344 0.783 -0.519
vn -0.028 0.864 -0.503
vn -0.118 0.932 -0.342
vn 0.032 0.944 -0.328
vn 0.125 0.878 -0.461
vn 0.262 0.959 0.101
vn 0.164 0.946 -0.281
vn 0.555 0.81 0.189
vn 0.519 0.696 0.496
vn 0.21 0.977 -0.034
vn 0.519 0.843 0.14
vn 0.852 0.249 0.46
vn 0.876 0.403 0.264
vn 0.904 0.42 -0.077
vn 0.467 0.873 -0.142
vn 0.419 0.854 -0.307
vn 0.8 0.484 -0.354
vn 0.448 0.734 -0.51
vn 0.602 0.518 -0.608
vn 0.185 0.701 -0.688
vn -0.548 -0.809 -0.214
vn -0.082 -0.614 -0.785
vn -0.278 -0.718 -0.638
vn 0.837 -0.546 0.033
vn 0.703 -0.376 -0.604
vn -0.712 0.68 0.173
vn -0.517 0.848 -0.117
vn -0.921 0.378 0.096
vn -0.722 0.691 -0.042
vn -0.531 0.506 -0.68
vn -0.397 0.338 0.853
vn -0.306 0.266 0.914
vn -0.375 0.443 0.814
vn -0.745 0.398 0.536
vn -0.427 0.553 0.716
vn -0.53 0.597 0.602
vn -0.483 0.547 0.684
vn -0.639 0.479 0.602
vn -0.24 0.537 0.809
vn -0.521 0.444 0.729
vn -0.451 0.423 0.786
vn -0.604 0.348 0.716
vn -0.774 0.279 0.568
vn -0.498 0.137 0.856
vn -0.681 0.111 0.724
vn -0.738 0.404 0.54
vn -0.67 0.537 0.513
vn -0.623 0.328 0.71
vn -0.624 -0.023 0.781
vn -0.899 -0.166 0.405
vn -0.869 -0.102 0.485
vn -0.659 -0.066 0.749
vn -0.828 -0.084 0.555
vn -0.629 0.01 0.777
vn -0.568 0.006 0.823
vn -0.526 -0.032 0.85
vn -0.53 0.011 0.848
vn -0.508 0.025 0.861
vn -0.74 0.183 0.647
vn -0.567 -0.001 0.824
vn -0.395 -0.064 0.917
vn -0.526 0.057 0.849
vn -0.583 0.164 0.795
vn -0.632 0.136 0.763
vn -0.355 -0.029 0.935
vn -0.259 0.034 0.965
vn -0.112 0.049 0.993
vn -0.632 -0.071 0.772
vn -0.224 -0.405 0.886
vn -0.067 0.057 0.996
vn -0.496 0.053 0.867
vn -0.579 0.05 0.814
vn -0.552 0.079 0.831
vn -0.495 0.06 0.867
vn -0.639 0.122 0.76
vn -0.526 0.089 0.846
vn -0.704 0.18 0.687
vn -0.817 0.211 0.537
vn -0.773 0.228 0.591
vn -0.688 0.122 0.715
vn -0.694 0.102 0.712
vn -0.5 0.123 0.857
vn -0.72 0.103 0.686
vn -0.783 0.155 0.602
vn -0.761 0.081 0.644
vn -0.747 0.094 0.658
vn -0.736 -0.004 0.677
vn -0.662 0.089 0.745
vn -0.347 0.224 0.911
vn -0.633 0.087 0.77
vn -0.292 0.099 0.952
vn -0.553 0.089 0.829
vn -0.627 -0.025 0.779
vn -0.703 -0.064 0.709
vn -0.658 -0.073 0.75
vn -0.677 0.006 0.736
vn -0.768 0.115 0.63
vn -0.799 -0.118 0.589
vn -0.843 -0.006 0.538
vn -0.372 0.477 0.796
vn -0.069 0.542 0.838
vn -0.375 0.443 0.814
vn -0.237 0.377 0.896
vn -0.197 0.636 0.746
vn 0.071 0.604 0.794
vn -0.001 0.767 0.643
vn 0.417 0.732 0.539
vn -0.745 0.667 -0.011
vn -0.876 0.449 0.174
vn -0.719 0.685 -0.12
vn -0.984 0.149 0.1
vn -0.851 0.458 0.258
vn -0.935 -0.303 0.185
vn -0.887 -0.068 0.457
vn -0.742 0.117 0.661
vn 0.313 -0.371 -0.875
vn 0.245 -0.318 -0.916
vn 0.528 -0.77 -0.359
vn 0.012 -0.356 -0.935
vn 0.001 -0.239 -0.971
vn 0.284 -0.041 -0.958
vn 0.593 -0.129 -0.794
vn 0.755 0.014 -0.656
vn 0.855 -0.211 -0.473
vn 0.511 0.381 -0.771
vn 0.903 0.417 -0.104
vn 0.116 0.297 -0.948
vn -0.192 0.004 -0.981
vn -0.16 0.388 -0.908
vn -0.642 0.043 -0.765
vn -0.531 0.506 -0.68
vn -0.319 -0.265 -0.91
vn -0.205 -0.387 -0.899
vn -0.868 0.075 -0.491
vn -0.722 0.691 -0.042
vn -0.921 0.378 0.096
vn -0.987 -0.025 -0.158
vn -0.879 -0.055 -0.474
vn -0.869 -0.24 -0.433
vn -0.946 -0.279 -0.168
vn -0.651 -0.031 -0.759
vn -0.796 -0.459 -0.395
vn -0.925 -0.361 -0.119
vn -0.602 -0.404 -0.689
vn -0.491 -0.379 -0.784
vn -0.794 -0.438 -0.422
vn -0.235 -0.285 -0.929
vn -0.654 -0.309 -0.691
vn -0.813 -0.217 -0.54
vn -0.944 -0.253 -0.21
vn -0.914 -0.083 -0.398
vn -0.053 -0.277 -0.959
vn -0.216 -0.21 -0.954
vn -0.539 -0.266 -0.799
vn -0.836 -0.038 -0.548
vn -0.922 0.064 -0.382
vn -0.714 -0.163 -0.68
vn -0.49 -0.147 -0.859
vn -0.595 -0.084 -0.799
vn -0.729 0.147 -0.668
vn 0.136 -0.288 -0.948
vn -0.38 -0.032 -0.924
vn -0.763 0.336 -0.552
vn -0.509 0.27 -0.817
vn -0.174 0.006 -0.985
vn -0.033 -0.2 -0.979
vn 0.142 -0.229 -0.963
vn 0.333 -0.209 -0.92
vn -0.727 0.582 -0.365
vn -0.973 0.121 -0.195
vn -0.604 0.496 -0.625
vn 0.17 0.037 -0.985
vn -0.268 0.306 -0.914
vn -0.566 0.682 -0.464
vn -0.542 0.792 -0.282
vn -0.511 0.491 -0.705
vn -0.314 0.608 -0.729
vn -0.344 0.783 -0.519
vn -0.028 0.864 -0.503
vn 0.053 0.374 -0.926
vn -0.034 0.687 -0.726
vn 0.185 0.701 -0.688
vn 0.125 0.878 -0.461
vn 0.273 0.397 -0.876
vn 0.559 0.294 -0.775
vn 0.602 0.518 -0.608
vn 0.454 0.07 -0.888
vn 0.68 0.373 -0.631
vn 0.575 0.063 -0.815
vn 0.822 0.194 -0.535
vn 0.726 -0.128 -0.676
vn 0.486 -0.251 -0.837
vn 0.654 -0.338 -0.676
vn 0.842 0.119 -0.526
vn 0.628 0.101 -0.771
vn 0.628 0.121 -0.769
vn 0.866 0.065 -0.496
vn 0.908 0.079 -0.411
vn 0.877 0.412 -0.248
vn 0.881 0.392 -0.264
vn 0.924 0.271 -0.27
vn 0.843 0.497 -0.206
vn 0.876 0.441 -0.196
vn 0.832 0.556 -0.002
vn 0.866 0.5 0.004
vn 0.759 0.603 0.246
vn 0.775 0.572 0.267
vn 0.546 0.63 0.552
vn 0.537 0.67 0.512
vn -0.048 0.655 0.754
vn -0.027 0.586 0.81
vn -0.541 0.559 0.629
vn -0.575 0.508 0.642
vn -0.811 0.363 0.459
vn -0.407 -0.87 0.279
vn -0.922 0.31 0.232
vn 0.759 -0.119 -0.64
vn 0.554 -0.311 -0.772
vn 0.787 -0.275 -0.553
vn 0.543 -0.142 -0.827
vn 0.444 -0.398 -0.803
vn 0.509 -0.004 -0.861
vn 0.694 -0.011 -0.72
vn 0.626 0.082 -0.775
vn 0.485 -0.123 -0.866
vn 0.279 -0.382 -0.881
vn 0.478 -0.002 -0.878
vn 0.431 0.03 -0.902
vn 0.41 -0.103 -0.906
vn 0.122 -0.37 -0.921
vn 0.29 -0.081 -0.954
vn -0.038 -0.286 -0.958
vn 0.467 0.144 -0.872
vn 0.497 0.048 -0.866
vn 0.165 0.004 -0.986
vn -0.421 -0.263 -0.868
vn 0.298 0.227 -0.927
vn -0.207 0.053 -0.977
vn 0.343 0.101 -0.934
vn -0.473 0.1 -0.875
vn -0.626 -0.208 -0.751
vn 0.365 0.233 -0.901
vn -0.187 0.089 -0.979
vn 0.564 -0.037 -0.825
vn 0.395 -0.036 -0.918
vn 0.544 0.106 -0.832
vn 0.26 0.102 -0.96
vn 0.213 -0.118 -0.97
vn 0.1 -0.242 -0.965
vn -0.032 -0.989 0.146
vn -0.479 0.079 -0.874
vn -0.421 0.053 -0.905
vn 0.926 0.179 -0.332
vn -0.051 0.212 -0.976
vn 0.247 0.484 -0.84
vn 0.369 0.352 -0.86
vn -0.111 0.356 -0.928
vn 0.046 0.109 -0.993
vn -0.267 0.434 -0.86
vn -0.416 0.233 -0.879
vn 0.867 0.46 0.191
vn -0.517 0.115 -0.849
vn -0.268 0.026 -0.963
vn -0.025 -0.067 -0.998
vn -0.203 -0.214 -0.956
vn -0.438 -0.041 -0.898
vn 0.048 -0.058 -0.997
vn 0.175 -0.089 -0.98
vn -0.643 0.082 -0.762
vn -0.64 0.141 -0.755
vn -0.469 -0.085 -0.879
vn -0.719 -0.011 -0.695
vn -0.12 -0.11 -0.987
vn 0.041 -0.172 -0.984
vn -0.505 -0.261 -0.822
vn -0.76 -0.184 -0.623
vn -0.167 -0.17 -0.971
vn 0.235 -0.077 -0.969
vn 0.349 -0.135 -0.927
vn 0.019 -0.071 -0.997
vn 0.205 -0.085 -0.975
vn 0.109 -0.159 -0.981
vn 0.162 -0.171 -0.972
vn 0.243 -0.178 -0.954
vn 0.527 -0.23 -0.818
vn 0.593 -0.081 -0.801
vn 0.117 -0.194 -0.974
vn 0.564 -0.192 -0.803
vn 0.656 -0.026 -0.754
vn 0.461 0.186 -0.868
vn 0.463 0.176 -0.869
vn 0.535 0.096 -0.839
vn 0.652 -0.115 -0.75
vn 0.638 -0.272 -0.72
vn 0.63 0.125 -0.766
vn 0.894 -0.006 -0.449
vn 0.812 0.096 -0.577
vn 0.476 0.152 -0.866
vn 0.76 0.089 -0.644
vn 0.675 0.167 -0.719
vn 0.642 -0.205 -0.739
vn 0.805 0.009 -0.593
vn 0.808 -0.265 -0.526
vn 0.611 -0.283 -0.739
vn 0.621 -0.263 -0.739
vn 0.601 -0.262 -0.755
vn 0.801 -0.332 -0.499
vn 0.75 -0.308 -0.584
vn 0.546 -0.268 -0.794
vn 0.766 -0.25 -0.592
vn 0.525 -0.225 -0.821
vn 0.775 -0.167 -0.609
vn 0.442 -0.162 -0.882
vn 0.495 -0.253 -0.831
vn 0.484 -0.106 -0.869
vn 0.79 -0.045 -0.611
vn 0.767 -0.023 -0.641
vn 0.57 -0.208 -0.795
vn 0.522 -0.209 -0.827
vn 0.249 -0.174 -0.953
vn 0.381 -0.214 -0.9
vn 0.188 -0.228 -0.955
vn 0.147 -0.284 -0.947
vn 0.244 -0.286 -0.927
vn 0.412 -0.184 -0.893
vn -0.133 -0.287 -0.949
vn -0.068 -0.326 -0.943
vn -0.45 -0.296 -0.842
vn 0.184 -0.288 -0.94
vn 0.301 -0.222 -0.927
vn 0.392 -0.075 -0.917
vn 0.043 -0.244 -0.969
vn -0.418 -0.181 -0.89
vn -0.316 -0.204 -0.927
vn 0.237 -0.181 -0.955
vn 0.398 -0.045 -0.917
vn 0.352 -0.07 -0.934
vn -0.397 -0.387 -0.832
vn 0.486 -0.027 -0.874
vn 0.398 0.054 -0.916
vn 0.442 0.095 -0.892
vn 0.622 0.028 -0.783
vn 0.579 0.167 -0.798
vn 0.491 0.162 -0.856
vn 0.517 0.022 -0.856
vn 0.6 0.219 -0.77
vn 0.649 0.392 -0.652
vn 0.658 0.505 -0.558
vn 0.631 0.518 -0.578
vn 0.574 0.317 -0.755
vn 0.557 0.518 -0.649
vn 0.63 0.32 -0.708
vn 0.592 0.178 -0.786
vn 0.645 0.047 -0.763
vn 0.72 -0.22 -0.658
vn 0.796 -0.068 -0.602
vn 0.61 0.146 -0.779
vn 0.798 0.075 -0.597
vn -0.804 -0.593 -0.051
vn -0.528 -0.65 -0.546
vn -0.361 -0.578 -0.731
vn 0.135 -0.399 -0.907
vn -0.764 -0.291 -0.576
vn 0.613 -0.709 -0.346
vn 0.021 -0.936 0.351
vn 0.064 0.006 -0.998
vn -0.094 -0.047 -0.995
vn -0.737 -0.025 -0.675
vn -0.601 0.149 -0.785
vn -0.667 0.098 -0.739
vn -0.959 -0.134 -0.248
vn -0.708 0.063 -0.704
vn -0.949 0.057 -0.309
vn -0.918 0.026 -0.395
vn -0.82 -0.418 -0.391
vn -0.065 -0.889 -0.453
vn -0.455 0.108 -0.884
vn 0.053 0.088 -0.995
vn -0.52 0.048 -0.853
vn -0.429 -0.008 -0.903
vn -0.722 0.03 -0.691
vn -0.739 0.022 -0.673
vn -0.914 0.012 -0.405
vn 0.278 -0.022 -0.96
vn -0.098 -0.036 -0.995
vn 0.185 0.018 -0.982
vn 0.271 0.044 -0.961
vn 0.664 0.022 -0.748
vn -0.305 0.012 -0.952
vn -0.337 0.05 -0.94
vn 0.361 0.057 -0.931
vn 0.697 0.077 -0.713
vn -0.722 0.015 -0.692
vn -0.914 -0.026 -0.406
vn -0.799 -0.013 -0.601
vn -0.928 -0.031 -0.371
vn -0.881 -0.016 -0.472
vn -0.643 -0.037 -0.765
vn -0.673 0.001 -0.74
vn -0.605 0.014 -0.796
vn 0.327 0.142 -0.934
vn 0.802 0.109 -0.587
vn 0.534 0.217 -0.817
vn -0.634 0.008 -0.773
vn -0.234 0.095 -0.967
vn -0.239 0.059 -0.969
vn -0.016 0.089 -0.996
vn 0.104 0.075 -0.992
vn -0.038 0.093 -0.995
vn 0.184 0.186 -0.965
vn -0.044 0.224 -0.974
vn -0.53 0.092 -0.843
vn 0.301 0.306 -0.903
vn 0.752 0.281 -0.596
vn 0.029 0.216 -0.976
vn -0.646 0.026 -0.763
vn -0.587 0.024 -0.809
vn -0.898 -0.011 -0.439
vn -0.824 -0.016 -0.566
vn -0.948 -0.064 -0.31
vn -0.979 -0.077 -0.188
vn -0.956 -0.019 -0.294
vn -0.97 0.008 -0.243
vn -0.907 -0.147 -0.394
vn -0.922 -0.223 -0.317
vn -0.323 0.211 -0.922
vn -0.482 0.216 -0.849
vn -0.831 -0.054 -0.554
vn -0.941 -0.124 -0.316
vn -0.632 0.106 -0.768
vn -0.67 0.135 -0.73
vn -0.708 0.068 -0.703
vn -0.603 0.651 0.46
vn -0.921 0.378 0.096
vn -0.706 0.449 0.547
vn -0.712 0.68 0.173
vn 0.398 0.123 0.909
vn 0.419 -0.118 0.9
vn 0.147 -0.062 0.987
vn -0.088 0.525 0.847
vn 0.082 0.12 0.989
vn -0.071 0.097 0.993
vn -0.352 0.676 0.648
vn -0.174 0.607 0.775
vn -0.143 0.75 0.645
vn -0.302 0.688 0.66
vn 0.935 -0.325 0.145
vn 0.793 -0.048 0.607
vn 0.906 -0.063 0.418
vn 0.556 0.227 0.8
vn 0.612 -0.199 0.765
vn 0.546 -0.182 0.818
vn 0.648 0.156 0.745
vn 0.229 0.813 0.534
vn 0.49 -0.397 0.776
vn 0.238 -0.923 0.302
vn 0.198 0.146 0.969
vn -0.256 -0.115 0.96
vn 0.453 0.049 0.89
vn -0.377 0.213 0.901
vn -0.412 -0.351 0.841
vn 0.533 0.251 0.808
vn -0.481 0.168 0.86
vn -0.167 -0.527 0.833
vn -0.639 0.198 0.743
vn -0.362 0.102 0.927
vn 0.053 0.333 0.941
vn -0.391 0.22 0.894
vn -0.643 0.141 0.753
vn 0.21 -0.358 0.91
vn 0.588 -0.656 0.472
vn 0.186 -0.976 0.119
vn -0.099 -0.987 0.129
vn -0.29 -0.412 0.864
vn -0.631 -0.701 0.332
vn 0.166 0.185 0.969
vn 0.612 -0.199 0.765
vn 0.929 -0.316 0.194
vn 0.906 -0.063 0.418
vn 0.935 -0.325 0.145
vn 0.59 -0.795 -0.141
vn 0.759 -0.651 -0.002
vn 0.92 -0.382 0.086
vn 0.199 -0.645 0.738
vn 0.557 -0.55 0.623
vn 0.936 -0.208 0.286
vn 0.971 -0.055 0.234
vn 0.221 -0.507 0.833
vn 0.803 -0.18 0.568
vn 0.754 -0.149 0.64
vn 0.955 -0.144 -0.26
vn 0.933 0.067 -0.354
vn -0.384 -0.132 -0.914
vn -0.204 0.022 -0.979
vn 0.973 0.05 -0.225
vn 0.436 -0.295 -0.851
vn -0.509 -0.169 -0.844
vn 0.59 -0.301 -0.749
vn 0.364 -0.604 -0.709
vn 0.789 -0.239 0.566
vn 0.502 0.251 0.828
vn 0.677 0.07 0.733
vn -0.029 -0.727 0.686
vn -0.716 0.495 0.493
vn -0.736 0.607 0.299
vn -0.775 0.442 0.452
vn -0.601 0.735 0.313
vn -0.517 0.846 0.133
vn -0.626 0.717 0.306
vn -0.742 0.469 0.479
vn -0.758 0.619 0.208
vn -0.472 0.869 0.151
vn -0.466 0.881 0.078
vn -0.578 0.816 -0.005
vn -0.473 0.814 -0.337
vn -0.424 0.906 0.008
vn -0.551 0.832 0.067
vn -0.654 0.743 0.142
vn -0.56 0.707 0.433
vn -0.19 0.883 -0.429
vn -0.19 0.624 -0.758
vn -0.211 0.891 -0.402
vn -0.4 0.916 -0.034
vn 0.001 0.79 -0.613
vn -0.469 0.874 -0.127
vn -0.271 0.791 -0.548
vn -0.207 0.572 -0.794
vn -0.963 0.061 0.262
vn -0.708 0.707 -0.006
vn -1 -0.004 -0.016
vn -0.822 -0.25 0.511
vn 0.976 -0.217 -0.006
vn 0.967 -0.153 0.202
vn 0.863 -0.429 0.266
vn 0.581 -0.637 -0.507
vn 0.707 0.018 0.707
vn 0.823 -0.043 0.567
vn 0.766 -0.302 0.568
vn 0.878 -0.476 0.059
vn 0.995 -0.021 -0.1
vn 0.908 -0.04 0.417
vn 0.289 0.316 0.904
vn -0.738 0.311 0.599
vn 0.335 0.621 0.708
vn -0.694 0.482 0.534
vn -0.19 0.343 0.92
vn -0.131 0.281 0.951
vn 0.995 -0.021 -0.1
vn 0.933 -0.117 -0.34
vn 0.587 -0.362 -0.724
vn 0.811 -0.436 -0.39
vn 0.581 -0.637 -0.507
vn 0.884 -0.452 -0.121
vn 0.863 -0.429 0.266
vn 0.476 -0.803 0.36
vn 0.546 0.63 0.552
vn 0.759 0.603 0.246
vn 0.226 -0.877 0.423
vn -0.027 0.586 0.81
vn 0.029 -0.77 0.637
vn -0.541 0.559 0.629
vn -0.113 -0.91 0.398
vn -0.817 0.418 -0.396
vn -0.927 -0.364 0.094
vn -0.655 0.313 0.688
vn -0.813 -0.419 0.403
vn -0.569 -0.009 0.822
vn -0.111 -0.157 0.981
vn -0.017 -0.375 0.927
vn 0.308 -0.239 0.921
vn 0.427 -0.241 0.872
vn 0.585 -0.251 0.771
vn 0.77 -0.103 0.63
vn 0.765 -0.16 0.624
vn 0.927 -0.214 0.307
vn 0.72 -0.621 0.309
vn 0.996 -0.087 0.038
vn 0.774 -0.281 -0.567
vn 0.016 -0.995 -0.102
vn -0.132 -0.322 -0.938
vn 0.002 -0.767 -0.641
vn -0.539 -0.212 -0.815
vn -0.323 0.034 -0.946
vn -0.647 0.225 -0.729
vn -0.6 -0.597 -0.533
vn -0.845 -0.445 0.298
vn -0.909 -0.417 0.009
vn -0.86 -0.388 -0.332
vn -0.667 -0.444 -0.598
vn 0.182 0.122 -0.976
vn -0.966 -0.036 0.256
vn -1 -0.004 -0.016
vn -0.708 0.707 -0.006
vn 0.254 -0.143 0.957
vn -0.024 0.3 0.954
vn 0.457 -0.117 0.882
vn 0.421 0.28 0.863
vn 0.55 0.127 0.826
vn 0.626 0.267 0.732
vn 0.623 0.35 0.699
vn 0.405 0.504 0.762
vn -0.572 0.553 0.605
vn -0.57 0.617 0.543
vn -0.344 0.566 0.749
vn -0.513 0.445 0.734
vn -0.282 0.428 0.858
vn -0.571 0.305 0.762
vn -0.654 0.357 0.667
vn -0.561 0.164 0.812
vn -0.361 0.266 0.894
vn -0.269 0.365 0.892
vn -0.604 0.348 0.716
vn -0.265 0.505 0.821
vn -0.521 0.444 0.729
vn -0.483 0.547 0.684
vn -0.265 0.541 0.798
vn -0.341 0.684 0.645
vn -0.221 0.676 0.702
vn -0.52 0.701 0.488
vn -0.659 0.547 0.516
vn -0.749 0.6 0.281
vn -0.434 0.549 0.714
vn -0.427 0.553 0.716
vn -0.306 0.266 0.914
vn -0.524 0.378 0.763
vn -0.045 0.286 0.957
vn 0.082 0.12 0.989
vn -0.088 0.525 0.847
vn -0.071 0.097 0.993
vn 0.546 -0.182 0.818
vn 0.577 -0.648 0.497
vn 0.612 -0.199 0.765
vn 0.238 -0.923 0.302
vn 0.49 -0.397 0.776
vn 0.054 -0.788 0.613
vn -0.256 -0.115 0.96
vn -0.413 -0.576 0.706
vn -0.412 -0.351 0.841
vn -0.167 -0.527 0.833
vn -0.702 -0.103 0.705
vn -0.631 0.543 -0.554
vn -0.545 0.426 -0.722
vn -0.653 0.504 -0.565
vn -0.748 0.587 -0.311
vn -0.746 0.595 -0.299
vn -0.735 0.678 0.025
vn -0.767 0.637 0.077
vn -0.501 0.607 0.617
vn -0.467 0.645 0.605
vn -0.006 0.602 0.799
vn 0.041 0.506 0.861
vn 0.317 0.573 0.756
vn 0.294 0.342 0.893
vn 0.534 0.308 0.788
vn 0.226 -0.877 0.423
vn -0.113 -0.91 0.398
vn 0.029 -0.77 0.637
vn 0.061 -0.978 0.201
vn 0.022 -0.991 0.131
vn -0.407 -0.87 0.279
vn 0.058 -0.988 0.144
vn 0.476 -0.803 0.36
vn 0.332 -0.939 0.084
vn 0.037 -0.999 0.029
vn -0.048 -0.999 -0.001
vn -0.75 -0.661 0.011
vn -0.82 -0.56 -0.119
vn -0.058 -0.996 -0.073
vn -0.129 -0.962 -0.239
vn -0.839 -0.542 -0.06
vn -0.014 -0.999 -0.041
vn 0.013 -0.999 0.046
vn 0.026 -0.999 0.031
vn 0.004 -0.999 -0.058
vn 0.375 -0.921 -0.102
vn 0.114 -0.961 -0.251
vn -0.016 -0.991 -0.131
vn -0.062 -0.968 -0.243
vn 0.336 -0.924 -0.181
vn -0.108 -0.962 -0.249
vn -0.721 -0.251 0.646
vn 0.148 -0.76 0.633
vn -0.767 0.637 0.077
vn -0.49 -0.872 -0.009
vn -0.746 0.595 -0.299
vn -0.425 -0.889 0.172
vn -0.501 0.607 0.617
vn -0.379 -0.842 0.385
vn -0.822 -0.25 0.511
vn -0.687 -0.71 0.152
vn -0.657 -0.241 0.715
vn -0.966 -0.036 0.256
vn 0.554 -0.311 -0.772
vn 0.576 -0.519 -0.632
vn 0.787 -0.275 -0.553
vn 0.444 -0.398 -0.803
vn 0.398 -0.441 -0.805
vn 0.279 -0.382 -0.881
vn 0.177 -0.428 -0.886
vn 0.096 -0.358 -0.929
vn 0.122 -0.37 -0.921
vn 0.026 -0.165 -0.986
vn -0.038 -0.286 -0.958
vn -0.302 -0.087 -0.95
vn -0.421 -0.263 -0.868
vn -0.626 -0.208 -0.751
vn -0.564 0.052 -0.824
vn -0.82 -0.418 -0.391
vn -0.032 -0.989 0.146
vn -0.065 -0.889 -0.453
vn 0.457 -0.844 0.282
vn -0.266 -0.902 -0.34
vn 0.364 -0.604 -0.709
vn 0.59 -0.301 -0.749
vn -0.243 0.702 0.669
vn -0.093 0.353 0.931
vn -0.622 0.197 0.758
vn -0.755 0.354 0.552
vn -0.942 0.052 0.331
vn -0.892 -0.045 0.45
vn -0.94 -0.337 0.055
vn -0.897 -0.433 0.087
vn -0.604 -0.74 -0.294
vn -0.698 -0.65 -0.301
vn 0.742 -0.542 -0.395
vn 0.738 -0.426 -0.523
vn 0.889 -0.374 -0.264
vn 0.528 -0.77 -0.359
vn 0.245 -0.318 -0.916
vn -0.542 0.235 0.807
vn -0.402 0.075 0.913
vn -0.236 0.288 0.928
vn -0.569 0.206 0.796
vn -0.442 0.313 0.84
vn -0.462 0.401 0.791
vn -0.413 0.554 0.723
vn -0.433 0.524 0.734
vn -0.302 0.688 0.66
vn -0.352 0.676 0.648
vn 0.233 -0.931 -0.28
vn 0.729 -0.651 -0.212
vn 0.275 -0.608 -0.745
vn -0.332 -0.891 -0.312
vn 0.04 -0.556 -0.83
vn -0.61 -0.78 -0.138
vn -0.232 -0.503 -0.833
vn 0.96 0.017 -0.279
vn 0.55 0.127 0.826
vn 0.626 0.267 0.732
vn 0.626 0.174 0.76
vn 0.405 0.504 0.762
vn 0.148 -0.76 0.633
vn -0.281 -0.799 0.532
vn -0.721 -0.251 0.646
vn 0.183 -0.762 0.621
vn 0.336 -0.924 -0.181
vn 0.844 -0.493 -0.211
vn 0.623 -0.575 0.53
vn 0.733 -0.453 0.507
vn 0.621 -0.759 0.194
vn 0.862 -0.501 0.075
vn 0.862 -0.501 0.075
vn 0.733 -0.453 0.507
vn 0.836 -0.375 0.399
vn 0.542 -0.245 0.804
vn 0.604 -0.063 0.794
vn 0.199 -0.012 0.98
vn 0.312 0.224 0.923
vn -0.156 0.444 0.882
vn -0.219 0.271 0.937
vn -0.738 0.311 0.599
vn -0.595 0.5 0.628
vn 0.289 0.316 0.904
vn -0.051 0.63 0.774
vn -0.574 -0.249 0.78
vn -0.494 -0.053 0.868
vn -0.596 -0.161 0.787
vn -0.721 -0.327 0.61
vn -0.702 -0.404 0.587
vn -0.692 -0.091 0.716
vn -0.852 -0.301 0.428
vn -0.887 -0.145 0.438
vn -0.885 0.01 0.466
vn -0.863 -0.455 -0.22
vn -0.963 -0.208 0.17
vn -0.878 0.198 0.435
vn -0.983 -0.169 -0.073
vn -0.911 0.399 0.103
vn -0.661 -0.518 0.543
vn -0.687 -0.588 0.426
vn -0.677 0.57 0.465
vn -0.394 -0.217 0.893
vn -0.497 0.455 0.739
vn -0.39 -0.624 0.677
vn 0.787 -0.275 -0.553
vn 0.576 -0.519 -0.632
vn 0.859 -0.32 -0.399
vn 0.957 -0.093 -0.277
vn 0.923 -0.165 -0.348
vn 0.995 -0.023 -0.103
vn 0.985 -0.129 -0.112
vn 0.955 -0.144 -0.26
vn 0.999 -0.057 0.008
vn 0.401 -0.915 -0.048
vn 0.791 0.521 0.32
vn 0.417 0.732 0.539
vn 0.223 0.84 0.495
vn 0.33 0.901 0.28
vn 0.747 0.617 -0.248
vn 0.903 0.417 -0.104
vn 0.511 0.381 -0.771
vn 0.513 0.645 -0.567
vn 0.116 0.297 -0.948
vn 0.188 0.711 -0.677
vn -0.16 0.388 -0.908
vn -0.093 0.695 -0.713
vn -0.531 0.506 -0.68
vn -0.422 0.167 0.891
vn -0.497 0.455 0.739
vn -0.39 -0.624 0.677
vn -0.582 0.728 0.362
vn -0.578 -0.144 0.804
vn -0.93 -0.098 0.354
vn -0.685 0.087 0.724
vn -0.926 -0.11 0.36
vn -0.814 -0.117 0.569
vn -0.938 -0.314 0.152
vn -0.687 -0.71 0.152
vn -0.979 -0.199 0.058
vn -0.687 -0.71 0.152
vn -0.822 -0.25 0.511
vn -0.938 -0.314 0.152
vn -0.966 -0.036 0.256
vn -0.6 -0.597 -0.533
vn -0.667 -0.444 -0.598
vn -0.657 -0.241 0.715
vn 0.108 0.819 0.563
vn -0.069 0.721 0.69
vn -0.112 0.79 0.603
vn -0.072 0.729 0.68
vn -0.883 -0.366 0.294
vn -0.804 -0.593 -0.051
vn -0.506 -0.701 0.503
vn 0.021 -0.936 0.351
vn -0.361 -0.578 -0.731
vn -0.023 0.789 0.615
vn -0.212 0.705 0.677
vn -0.156 0.628 0.763
vn -0.236 0.859 0.454
vn -0.087 0.455 0.886
vn -0.323 0.691 0.646
vn 0.452 -0.54 -0.71
vn 0 -0.428 -0.904
vn 0.029 -0.999 -0.039
vn -0.28 -0.601 -0.749
vn -0.492 -0.679 -0.546
vn 0.686 -0.703 -0.19
vn -0.342 -0.917 0.205
vn 0.036 -0.999 0.019
vn 0.82 -0.512 0.255
vn -0.278 -0.842 0.462
vn 0.503 -0.533 0.681
vn -0.758 -0.638 0.139
vn -0.281 -0.799 0.532
vn -0.03 -1 0.022
vn 0.183 -0.762 0.621
vn -0.039 -0.997 -0.071
vn -0.8 -0.428 -0.421
vn -0.506 -0.452 -0.735
vn 0.127 -0.609 -0.783
vn 0.519 -0.679 -0.519
vn 0.045 -0.999 -0.021
vn 0.844 -0.493 -0.211
vn -0.621 -0.66 0.422
vn 0.252 -0.96 -0.12
vn -0.235 -0.57 0.787
vn -0.025 -0.896 -0.444
vn 0.592 -0.499 0.633
vn 0.161 -0.986 -0.052
vn 0.742 -0.499 0.449
vn 0.606 -0.635 0.479
vn 0.196 -0.97 -0.145
vn 0.08 -0.968 -0.24
vn -0.067 -0.979 -0.193
vn 0.072 -0.996 -0.051
vn 0.031 -1 0.012
vn 0.264 -0.848 0.46
vn -0.032 -1 0.011
vn -0.289 -0.952 -0.106
vn -0.49 -0.872 -0.009
vn -0.01 -1 0.003
vn -0.083 -0.994 0.07
vn 0.017 -0.901 0.433
vn -0.189 -0.876 0.442
vn -0.135 -0.99 0.043
vn -0.096 -0.995 0.028
vn -0.185 -0.974 0.131
vn -0.379 -0.842 0.385
vn -0.425 -0.889 0.172
vn -0.903 0.059 0.426
vn -0.976 -0.193 0.1
vn -0.929 -0.259 0.266
vn -0.714 -0.294 0.636
vn -0.988 0.115 0.101
vn -0.592 0.254 0.765
vn -0.956 -0.151 -0.25
vn -0.989 0.088 -0.119
vn 0.019 -0.069 0.998
vn -0.472 -0.212 0.856
vn 0.432 -0.355 0.829
vn 0.137 -0.521 0.843
vn 0.746 -0.254 0.616
vn 0.476 -0.069 0.877
vn -0.824 -0.097 -0.559
vn -0.835 0.263 -0.483
vn 0.975 -0.073 0.21
vn 0.89 0.242 0.386
vn 0.149 -0.973 0.179
vn -0.312 -0.259 -0.914
vn 0.972 0.185 -0.145
vn 0.995 -0.057 -0.085
vn 0.938 -0.157 -0.308
vn 0.898 -0.203 -0.391
vn 0.649 -0.339 -0.682
vn 0.528 -0.754 -0.39
vn 0.145 0.945 0.295
vn 0.064 0.945 0.322
vn 0.007 1 0.036
vn 0.016 1 0.033
vn 0 1 0
vn 0.216 0.945 0.247
vn -0.002 1 0.037
vn -0.022 0.945 0.327
vn 0.024 1 0.028
vn 0.273 0.945 0.183
vn -0.012 1 0.035
vn -0.106 0.945 0.311
vn 0.03 1 0.02
vn 0.311 0.945 0.106
vn -0.02 1 0.03
vn -0.183 0.945 0.273
vn 0.035 1 0.012
vn -0.028 1 0.024
vn 0.037 1 0.002
vn 0.327 0.945 0.022
vn -0.247 0.945 0.216
vn 0.322 0.945 -0.063
vn -0.033 1 0.016
vn -0.295 0.945 0.145
vn 0.036 1 -0.007
vn 0.295 0.945 -0.145
vn -0.036 1 0.007
vn -0.322 0.945 0.063
vn 0.033 1 -0.016
vn 0.247 0.945 -0.216
vn -0.037 1 -0.002
vn -0.327 0.945 -0.022
vn 0.028 1 -0.024
vn -0.035 1 -0.012
vn 0.02 1 -0.03
vn 0.183 0.945 -0.273
vn -0.311 0.945 -0.106
vn 0.106 0.945 -0.311
vn -0.03 1 -0.02
vn -0.273 0.945 -0.183
vn 0.012 1 -0.035
vn 0.022 0.945 -0.327
vn -0.024 1 -0.028
vn -0.216 0.945 -0.247
vn 0.002 1 -0.037
vn -0.063 0.945 -0.322
vn -0.016 1 -0.033
vn -0.145 0.945 -0.295
vn -0.007 1 -0.036
g greenMain_0
f 3/3/3 2/2/2 1/1/1
f 6/6/6 5/5/5 4/4/4
f 9/9/9 8/8/8 7/7/7
f 12/12/12 11/11/11 10/10/10
f 15/15/15 14/14/14 13/13/13
f 18/18/18 17/17/17 16/16/16
f 21/21/21 20/20/20 19/19/19
f 24/24/24 23/23/23 22/22/22
f 27/27/27 26/26/26 25/25/25
f 30/30/30 29/29/29 28/28/28
f 33/33/33 32/32/32 31/31/31
f 36/36/36 35/35/35 34/34/34
f 39/39/39 38/38/38 37/37/37
f 42/42/42 41/41/41 40/40/40
f 45/45/45 44/44/44 43/43/43
f 48/48/48 47/47/47 46/46/46
f 51/51/51 50/50/50 49/49/49
f 54/54/54 53/53/53 52/52/52
f 57/57/57 56/56/56 55/55/55
f 60/60/60 59/59/59 58/58/58
f 63/63/63 62/62/62 61/61/61
f 66/66/66 65/65/65 64/64/64
f 69/69/69 68/68/68 67/67/67
f 72/72/72 71/71/71 70/70/70
f 75/75/75 74/74/74 73/73/73
f 78/78/78 77/77/77 76/76/76
f 81/81/81 80/80/80 79/79/79
f 84/84/84 83/83/83 82/82/82
f 87/87/87 86/86/86 85/85/85
f 90/90/90 89/89/89 88/88/88
f 93/93/93 92/92/92 91/91/91
f 96/96/96 95/95/95 94/94/94
f 99/99/99 98/98/98 97/97/97
f 102/102/102 101/101/101 100/100/100
f 105/105/105 104/104/104 103/103/103
f 108/108/108 107/107/107 106/106/106
f 111/111/111 110/110/110 109/109/109
f 114/114/114 113/113/113 112/112/112
f 117/117/117 116/116/116 115/115/115
f 120/120/120 119/119/119 118/118/118
f 123/123/123 122/122/122 121/121/121
f 126/126/126 125/125/125 124/124/124
f 129/129/129 128/128/128 127/127/127
f 132/132/132 131/131/131 130/130/130
f 135/135/135 134/134/134 133/133/133
f 138/138/138 137/137/137 136/136/136
f 137/137/137 139/139/139 136/136/136
f 136/136/136 139/139/139 140/140/140
f 141/141/141 139/139/139 137/137/137
f 142/142/142 141/141/141 137/137/137
f 139/139/139 141/141/141 143/143/143
f 139/139/139 144/144/144 140/140/140
f 144/144/144 139/139/139 143/143/143
f 140/140/140 144/144/144 145/145/145
f 144/144/144 143/143/143 146/146/146
f 144/144/144 147/147/147 145/145/145
f 147/147/147 144/144/144 146/146/146
f 145/145/145 147/147/147 148/148/148
f 147/147/147 146/146/146 149/149/149
f 147/147/147 150/150/150 148/148/148
f 150/150/150 147/147/147 149/149/149
f 148/148/148 150/150/150 151/151/151
f 150/150/150 149/149/149 152/152/152
f 150/150/150 153/153/153 151/151/151
f 153/153/153 150/150/150 152/152/152
f 151/151/151 153/153/153 154/154/154
f 153/153/153 152/152/152 155/155/155
f 153/153/153 156/156/156 154/154/154
f 156/156/156 153/153/153 155/155/155
f 154/154/154 156/156/156 157/157/157
f 156/156/156 155/155/155 158/158/158
f 156/156/156 159/159/159 157/157/157
f 159/159/159 156/156/156 158/158/158
f 157/157/157 159/159/159 160/160/160
f 159/159/159 158/158/158 161/161/161
f 159/159/159 162/162/162 160/160/160
f 162/162/162 159/159/159 161/161/161
f 160/160/160 162/162/162 163/163/163
f 162/162/162 161/161/161 164/164/164
f 162/162/162 165/165/165 163/163/163
f 165/165/165 162/162/162 164/164/164
f 163/163/163 165/165/165 166/166/166
f 165/165/165 164/164/164 167/167/167
f 165/165/165 168/168/168 166/166/166
f 168/168/168 165/165/165 167/167/167
f 166/166/166 168/168/168 169/169/169
f 168/168/168 167/167/167 170/170/170
f 168/168/168 171/171/171 169/169/169
f 171/171/171 168/168/168 170/170/170
f 169/169/169 171/171/171 172/172/172
f 171/171/171 170/170/170 173/173/173
f 171/171/171 174/174/174 172/172/172
f 174/174/174 171/171/171 173/173/173
f 172/172/172 174/174/174 175/175/175
f 174/174/174 173/173/173 176/176/176
f 174/174/174 177/177/177 175/175/175
f 177/177/177 174/174/174 176/176/176
f 175/175/175 177/177/177 178/178/178
f 177/177/177 176/176/176 179/179/179
f 177/177/177 180/180/180 178/178/178
f 180/180/180 177/177/177 179/179/179
f 178/178/178 180/180/180 181/181/181
f 180/180/180 179/179/179 182/182/182
f 180/180/180 183/183/183 181/181/181
f 183/183/183 180/180/180 182/182/182
f 181/181/181 183/183/183 184/184/184
f 183/183/183 182/182/182 185/185/185
f 183/183/183 186/186/186 184/184/184
f 186/186/186 183/183/183 185/185/185
f 184/184/184 186/186/186 187/187/187
f 186/186/186 185/185/185 188/188/188
f 186/186/186 189/189/189 187/187/187
f 189/189/189 186/186/186 188/188/188
f 187/187/187 189/189/189 190/190/190
f 189/189/189 188/188/188 191/191/191
f 189/189/189 192/192/192 190/190/190
f 192/192/192 189/189/189 191/191/191
f 190/190/190 192/192/192 193/193/193
f 192/192/192 191/191/191 194/194/194
f 192/192/192 195/195/195 193/193/193
f 195/195/195 192/192/192 194/194/194
f 193/193/193 195/195/195 196/196/196
f 195/195/195 194/194/194 197/197/197
f 195/195/195 198/198/198 196/196/196
f 198/198/198 195/195/195 197/197/197
f 196/196/196 198/198/198 199/199/199
f 198/198/198 197/197/197 200/200/200
f 198/198/198 201/201/201 199/199/199
f 201/201/201 198/198/198 200/200/200
f 199/199/199 201/201/201 202/202/202
f 201/201/201 200/200/200 203/203/203
f 201/201/201 204/204/204 202/202/202
f 204/204/204 201/201/201 203/203/203
f 202/202/202 204/204/204 205/205/205
f 204/204/204 203/203/203 206/206/206
f 204/204/204 207/207/207 205/205/205
f 207/207/207 204/204/204 206/206/206
f 205/205/205 207/207/207 208/208/208
f 207/207/207 206/206/206 209/209/209
f 207/207/207 210/210/210 208/208/208
f 210/210/210 207/207/207 209/209/209
f 213/213/213 212/212/212 211/211/211
f 212/212/212 214/214/214 211/211/211
f 217/217/217 216/216/216 215/215/215
f 217/217/217 218/218/218 216/216/216
f 219/219/219 216/216/216 218/218/218
f 216/216/216 219/219/219 220/220/220
f 219/219/219 221/221/221 220/220/220
f 224/224/224 223/223/223 222/222/222
f 225/225/225 222/222/222 223/223/223
f 228/228/228 227/227/227 226/226/226
f 229/229/229 226/226/226 227/227/227
f 230/230/230 229/229/229 227/227/227
f 230/230/230 231/231/231 229/229/229
f 226/226/226 229/229/229 232/232/232
f 226/226/226 232/232/232 233/233/233
f 226/226/226 233/233/233 234/234/234
f 233/233/233 235/235/235 234/234/234
f 234/234/234 235/235/235 236/236/236
f 237/237/237 234/234/234 236/236/236
f 238/238/238 237/237/237 236/236/236
f 236/236/236 235/235/235 238/238/238
f 232/232/232 239/239/239 233/233/233
f 233/233/233 239/239/239 235/235/235
f 240/240/240 232/232/232 229/229/229
f 241/241/241 240/240/240 229/229/229
f 231/231/231 241/241/241 229/229/229
f 242/242/242 240/240/240 241/241/241
f 243/243/243 241/241/241 231/231/231
f 241/241/241 243/243/243 242/242/242
f 244/244/244 243/243/243 231/231/231
f 242/242/242 243/243/243 245/245/245
f 245/245/245 243/243/243 244/244/244
f 246/246/246 242/242/242 245/245/245
f 247/247/247 245/245/245 244/244/244
f 246/246/246 245/245/245 248/248/248
f 245/245/245 247/247/247 248/248/248
f 249/249/249 248/248/248 247/247/247
f 248/248/248 249/249/249 250/250/250
f 251/251/251 250/250/250 249/249/249
f 251/251/251 249/249/249 252/252/252
f 253/253/253 250/250/250 251/251/251
f 254/254/254 250/250/250 253/253/253
f 257/257/257 256/256/256 255/255/255
f 257/257/257 258/258/258 256/256/256
f 259/259/259 258/258/258 257/257/257
f 259/259/259 257/257/257 260/260/260
f 259/259/259 261/261/261 258/258/258
f 262/262/262 259/259/259 260/260/260
f 262/262/262 263/263/263 259/259/259
f 261/261/261 259/259/259 264/264/264
f 265/265/265 259/259/259 263/263/263
f 265/265/265 264/264/264 259/259/259
f 266/266/266 265/265/265 263/263/263
f 267/267/267 264/264/264 265/265/265
f 268/268/268 264/264/264 267/267/267
f 268/268/268 267/267/267 269/269/269
f 270/270/270 264/264/264 268/268/268
f 271/271/271 268/268/268 269/269/269
f 271/271/271 270/270/270 268/268/268
f 272/272/272 271/271/271 269/269/269
f 270/270/270 271/271/271 273/273/273
f 276/276/276 275/275/275 274/274/274
f 275/275/275 277/277/277 274/274/274
f 275/275/275 278/278/278 277/277/277
f 278/278/278 275/275/275 279/279/279
f 280/280/280 279/279/279 275/275/275
f 280/280/280 281/281/281 279/279/279
f 282/282/282 281/281/281 280/280/280
f 285/285/285 284/284/284 283/283/283
f 286/286/286 285/285/285 283/283/283
f 286/286/286 283/283/283 287/287/287
f 288/288/288 286/286/286 287/287/287
f 283/283/283 289/289/289 287/287/287
f 283/283/283 290/290/290 289/289/289
f 290/290/290 291/291/291 289/289/289
f 291/291/291 290/290/290 292/292/292
f 287/287/287 289/289/289 293/293/293
f 289/289/289 291/291/291 293/293/293
f 288/288/288 287/287/287 294/294/294
f 287/287/287 293/293/293 295/295/295
f 294/294/294 287/287/287 295/295/295
f 293/293/293 296/296/296 295/295/295
f 293/293/293 291/291/291 296/296/296
f 295/295/295 296/296/296 297/297/297
f 296/296/296 298/298/298 297/297/297
f 291/291/291 299/299/299 296/296/296
f 296/296/296 299/299/299 298/298/298
f 299/299/299 291/291/291 292/292/292
f 300/300/300 298/298/298 299/299/299
f 301/301/301 299/299/299 292/292/292
f 301/301/301 300/300/300 299/299/299
f 302/302/302 301/301/301 292/292/292
f 301/301/301 302/302/302 303/303/303
f 301/301/301 303/303/303 304/304/304
f 304/304/304 300/300/300 301/301/301
f 304/304/304 303/303/303 305/305/305
f 304/304/304 306/306/306 300/300/300
f 304/304/304 305/305/305 306/306/306
f 306/306/306 307/307/307 300/300/300
f 308/308/308 300/300/300 307/307/307
f 305/305/305 309/309/309 306/306/306
f 306/306/306 309/309/309 307/307/307
f 305/305/305 310/310/310 309/309/309
f 310/310/310 311/311/311 309/309/309
f 309/309/309 311/311/311 307/307/307
f 312/312/312 311/311/311 310/310/310
f 313/313/313 308/308/308 307/307/307
f 307/307/307 311/311/311 313/313/313
f 314/314/314 311/311/311 312/312/312
f 312/312/312 315/315/315 314/314/314
f 308/308/308 313/313/313 316/316/316
f 308/308/308 316/316/316 317/317/317
f 313/313/313 318/318/318 316/316/316
f 311/311/311 319/319/319 313/313/313
f 314/314/314 319/319/319 311/311/311
f 313/313/313 320/320/320 318/318/318
f 319/319/319 320/320/320 313/313/313
f 318/318/318 320/320/320 321/321/321
f 319/319/319 321/321/321 320/320/320
f 319/319/319 314/314/314 321/321/321
f 322/322/322 321/321/321 314/314/314
f 322/322/322 314/314/314 315/315/315
f 321/321/321 322/322/322 323/323/323
f 324/324/324 323/323/323 322/322/322
f 324/324/324 322/322/322 325/325/325
f 315/315/315 326/326/326 322/322/322
f 326/326/326 325/325/325 322/322/322
f 327/327/327 326/326/326 315/315/315
f 328/328/328 325/325/325 326/326/326
f 329/329/329 328/328/328 326/326/326
f 332/332/332 331/331/331 330/330/330
f 332/332/332 333/333/333 331/331/331
f 333/333/333 332/332/332 334/334/334
f 332/332/332 335/335/335 334/334/334
f 334/334/334 335/335/335 336/336/336
f 334/334/334 336/336/336 337/337/337
f 336/336/336 338/338/338 337/337/337
f 336/336/336 335/335/335 338/338/338
f 339/339/339 335/335/335 332/332/332
f 332/332/332 340/340/340 339/339/339
f 341/341/341 339/339/339 340/340/340
f 341/341/341 340/340/340 342/342/342
f 338/338/338 343/343/343 337/337/337
f 337/337/337 343/343/343 344/344/344
f 344/344/344 343/343/343 345/345/345
f 335/335/335 339/339/339 346/346/346
f 339/339/339 341/341/341 346/346/346
f 341/341/341 342/342/342 347/347/347
f 348/348/348 347/347/347 342/342/342
f 338/338/338 349/349/349 343/343/343
f 349/349/349 350/350/350 343/343/343
f 350/350/350 349/349/349 351/351/351
f 350/350/350 351/351/351 352/352/352
f 352/352/352 351/351/351 353/353/353
f 352/352/352 353/353/353 354/354/354
f 338/338/338 335/335/335 355/355/355
f 338/338/338 356/356/356 349/349/349
f 338/338/338 355/355/355 356/356/356
f 351/351/351 349/349/349 357/357/357
f 349/349/349 356/356/356 357/357/357
f 353/353/353 351/351/351 358/358/358
f 357/357/357 358/358/358 351/351/351
f 355/355/355 335/335/335 359/359/359
f 359/359/359 335/335/335 346/346/346
f 354/354/354 353/353/353 360/360/360
f 354/354/354 360/360/360 361/361/361
f 362/362/362 354/354/354 361/361/361
f 362/362/362 361/361/361 363/363/363
f 363/363/363 361/361/361 364/364/364
f 365/365/365 363/363/363 364/364/364
f 364/364/364 361/361/361 366/366/366
f 364/364/364 366/366/366 365/365/365
f 353/353/353 358/358/358 367/367/367
f 358/358/358 357/357/357 368/368/368
f 358/358/358 368/368/368 367/367/367
f 360/360/360 353/353/353 369/369/369
f 369/369/369 353/353/353 367/367/367
f 361/361/361 360/360/360 370/370/370
f 366/366/366 361/361/361 371/371/371
f 371/371/371 361/361/361 370/370/370
f 372/372/372 360/360/360 369/369/369
f 370/370/370 360/360/360 372/372/372
f 368/368/368 357/357/357 373/373/373
f 367/367/367 368/368/368 374/374/374
f 373/373/373 374/374/374 368/368/368
f 357/357/357 375/375/375 373/373/373
f 357/357/357 356/356/356 375/375/375
f 369/369/369 367/367/367 376/376/376
f 376/376/376 367/367/367 377/377/377
f 367/367/367 374/374/374 377/377/377
f 369/369/369 376/376/376 378/378/378
f 372/372/372 369/369/369 378/378/378
f 377/377/377 374/374/374 379/379/379
f 374/374/374 373/373/373 379/379/379
f 380/380/380 379/379/379 373/373/373
f 380/380/380 373/373/373 375/375/375
f 380/380/380 375/375/375 381/381/381
f 382/382/382 372/372/372 378/378/378
f 375/375/375 383/383/383 381/381/381
f 356/356/356 383/383/383 375/375/375
f 381/381/381 383/383/383 384/384/384
f 384/384/384 383/383/383 385/385/385
f 383/383/383 356/356/356 386/386/386
f 386/386/386 385/385/385 383/383/383
f 356/356/356 355/355/355 386/386/386
f 386/386/386 387/387/387 385/385/385
f 355/355/355 388/388/388 386/386/386
f 388/388/388 387/387/387 386/386/386
f 359/359/359 388/388/388 355/355/355
f 388/388/388 389/389/389 387/387/387
f 359/359/359 389/389/389 388/388/388
f 387/387/387 389/389/389 390/390/390
f 359/359/359 391/391/391 389/389/389
f 389/389/389 391/391/391 390/390/390
f 359/359/359 346/346/346 391/391/391
f 390/390/390 391/391/391 392/392/392
f 392/392/392 393/393/393 390/390/390
f 346/346/346 394/394/394 391/391/391
f 391/391/391 394/394/394 392/392/392
f 346/346/346 341/341/341 394/394/394
f 395/395/395 393/393/393 392/392/392
f 394/394/394 395/395/395 392/392/392
f 393/393/393 395/395/395 396/396/396
f 394/394/394 341/341/341 397/397/397
f 395/395/395 394/394/394 397/397/397
f 347/347/347 397/397/397 341/341/341
f 395/395/395 398/398/398 396/396/396
f 395/395/395 397/397/397 398/398/398
f 399/399/399 397/397/397 347/347/347
f 398/398/398 397/397/397 399/399/399
f 398/398/398 399/399/399 400/400/400
f 401/401/401 396/396/396 398/398/398
f 398/398/398 400/400/400 401/401/401
f 396/396/396 401/401/401 402/402/402
f 402/402/402 401/401/401 403/403/403
f 401/401/401 400/400/400 403/403/403
f 403/403/403 400/400/400 404/404/404
f 347/347/347 405/405/405 399/399/399
f 399/399/399 405/405/405 400/400/400
f 400/400/400 406/406/406 404/404/404
f 406/406/406 407/407/407 404/404/404
f 347/347/347 408/408/408 405/405/405
f 409/409/409 405/405/405 408/408/408
f 409/409/409 408/408/408 348/348/348
f 348/348/348 408/408/408 347/347/347
f 410/410/410 409/409/409 348/348/348
f 409/409/409 410/410/410 411/411/411
f 400/400/400 405/405/405 412/412/412
f 400/400/400 412/412/412 406/406/406
f 405/405/405 409/409/409 412/412/412
f 406/406/406 412/412/412 413/413/413
f 412/412/412 409/409/409 413/413/413
f 406/406/406 414/414/414 407/407/407
f 414/414/414 406/406/406 413/413/413
f 409/409/409 411/411/411 415/415/415
f 411/411/411 416/416/416 415/415/415
f 409/409/409 417/417/417 413/413/413
f 417/417/417 414/414/414 413/413/413
f 409/409/409 415/415/415 417/417/417
f 414/414/414 418/418/418 407/407/407
f 418/418/418 419/419/419 407/407/407
f 414/414/414 417/417/417 420/420/420
f 420/420/420 417/417/417 415/415/415
f 414/414/414 420/420/420 418/418/418
f 416/416/416 421/421/421 415/415/415
f 421/421/421 420/420/420 415/415/415
f 420/420/420 422/422/422 418/418/418
f 418/418/418 422/422/422 419/419/419
f 420/420/420 421/421/421 422/422/422
f 416/416/416 423/423/423 421/421/421
f 422/422/422 421/421/421 423/423/423
f 416/416/416 424/424/424 423/423/423
f 424/424/424 425/425/425 423/423/423
f 422/422/422 426/426/426 419/419/419
f 422/422/422 423/423/423 426/426/426
f 419/419/419 426/426/426 427/427/427
f 428/428/428 423/423/423 425/425/425
f 426/426/426 423/423/423 428/428/428
f 429/429/429 427/427/427 426/426/426
f 426/426/426 428/428/428 429/429/429
f 427/427/427 429/429/429 430/430/430
f 429/429/429 428/428/428 430/430/430
f 427/427/427 430/430/430 431/431/431
f 428/428/428 432/432/432 430/430/430
f 428/428/428 425/425/425 432/432/432
f 432/432/432 425/425/425 433/433/433
f 436/436/436 435/435/435 434/434/434
f 434/434/434 435/435/435 437/437/437
f 438/438/438 437/437/437 435/435/435
f 439/439/439 438/438/438 435/435/435
f 439/439/439 435/435/435 440/440/440
f 441/441/441 439/439/439 440/440/440
f 442/442/442 441/441/441 440/440/440
f 441/441/441 442/442/442 443/443/443
f 444/444/444 441/441/441 443/443/443
f 445/445/445 444/444/444 443/443/443
f 438/438/438 439/439/439 446/446/446
f 446/446/446 447/447/447 438/438/438
f 438/438/438 447/447/447 448/448/448
f 447/447/447 449/449/449 448/448/448
f 450/450/450 448/448/448 449/449/449
f 447/447/447 446/446/446 451/451/451
f 449/449/449 447/447/447 451/451/451
f 450/450/450 449/449/449 452/452/452
f 450/450/450 452/452/452 453/453/453
f 451/451/451 446/446/446 454/454/454
f 446/446/446 439/439/439 454/454/454
f 455/455/455 449/449/449 451/451/451
f 455/455/455 452/452/452 449/449/449
f 455/455/455 451/451/451 456/456/456
f 455/455/455 456/456/456 457/457/457
f 452/452/452 455/455/455 457/457/457
f 452/452/452 457/457/457 453/453/453
f 458/458/458 453/453/453 457/457/457
f 458/458/458 457/457/457 459/459/459
f 460/460/460 454/454/454 439/439/439
f 460/460/460 439/439/439 461/461/461
f 441/441/441 461/461/461 439/439/439
f 462/462/462 461/461/461 441/441/441
f 441/441/441 444/444/444 462/462/462
f 460/460/460 463/463/463 454/454/454
f 454/454/454 463/463/463 464/464/464
f 464/464/464 463/463/463 465/465/465
f 465/465/465 466/466/466 464/464/464
f 466/466/466 465/465/465 467/467/467
f 465/465/465 468/468/468 467/467/467
f 469/469/469 461/461/461 462/462/462
f 461/461/461 469/469/469 460/460/460
f 470/470/470 469/469/469 462/462/462
f 469/469/469 470/470/470 460/460/460
f 444/444/444 471/471/471 462/462/462
f 471/471/471 470/470/470 462/462/462
f 460/460/460 470/470/470 472/472/472
f 472/472/472 463/463/463 460/460/460
f 470/470/470 471/471/471 472/472/472
f 468/468/468 465/465/465 473/473/473
f 474/474/474 468/468/468 473/473/473
f 473/473/473 475/475/475 474/474/474
f 475/475/475 473/473/473 465/465/465
f 474/474/474 475/475/475 476/476/476
f 477/477/477 471/471/471 444/444/444
f 471/471/471 477/477/477 478/478/478
f 445/445/445 477/477/477 444/444/444
f 479/479/479 477/477/477 445/445/445
f 479/479/479 478/478/478 477/477/477
f 445/445/445 480/480/480 479/479/479
f 471/471/471 481/481/481 472/472/472
f 471/471/471 478/478/478 481/481/481
f 482/482/482 478/478/478 479/479/479
f 482/482/482 479/479/479 480/480/480
f 472/472/472 481/481/481 483/483/483
f 472/472/472 483/483/483 463/463/463
f 463/463/463 483/483/483 484/484/484
f 481/481/481 484/484/484 483/483/483
f 463/463/463 484/484/484 465/465/465
f 475/475/475 465/465/465 485/485/485
f 484/484/484 485/485/485 465/465/465
f 484/484/484 481/481/481 486/486/486
f 484/484/484 486/486/486 485/485/485
f 487/487/487 485/485/485 486/486/486
f 486/486/486 481/481/481 488/488/488
f 488/488/488 481/481/481 478/478/478
f 487/487/487 486/486/486 488/488/488
f 489/489/489 475/475/475 485/485/485
f 476/476/476 475/475/475 489/489/489
f 485/485/485 487/487/487 490/490/490
f 489/489/489 485/485/485 490/490/490
f 490/490/490 491/491/491 489/489/489
f 492/492/492 490/490/490 487/487/487
f 492/492/492 487/487/487 493/493/493
f 487/487/487 494/494/494 493/493/493
f 476/476/476 489/489/489 495/495/495
f 495/495/495 489/489/489 496/496/496
f 497/497/497 476/476/476 495/495/495
f 498/498/498 476/476/476 497/497/497
f 498/498/498 497/497/497 499/499/499
f 494/494/494 487/487/487 500/500/500
f 487/487/487 488/488/488 500/500/500
f 488/488/488 501/501/501 500/500/500
f 501/501/501 488/488/488 478/478/478
f 502/502/502 501/501/501 478/478/478
f 502/502/502 478/478/478 482/482/482
f 503/503/503 502/502/502 482/482/482
f 503/503/503 482/482/482 480/480/480
f 500/500/500 501/501/501 504/504/504
f 502/502/502 505/505/505 501/501/501
f 501/501/501 505/505/505 504/504/504
f 494/494/494 500/500/500 506/506/506
f 500/500/500 504/504/504 506/506/506
f 494/494/494 506/506/506 507/507/507
f 507/507/507 508/508/508 494/494/494
f 494/494/494 508/508/508 509/509/509
f 510/510/510 502/502/502 503/503/503
f 505/505/505 502/502/502 510/510/510
f 504/504/504 511/511/511 506/506/506
f 506/506/506 511/511/511 512/512/512
f 512/512/512 511/511/511 513/513/513
f 510/510/510 503/503/503 514/514/514
f 515/515/515 505/505/505 510/510/510
f 515/515/515 510/510/510 514/514/514
f 505/505/505 516/516/516 504/504/504
f 515/515/515 516/516/516 505/505/505
f 516/516/516 517/517/517 504/504/504
f 511/511/511 504/504/504 517/517/517
f 518/518/518 517/517/517 516/516/516
f 516/516/516 515/515/515 518/518/518
f 519/519/519 511/511/511 517/517/517
f 519/519/519 517/517/517 518/518/518
f 511/511/511 520/520/520 513/513/513
f 511/511/511 519/519/519 520/520/520
f 514/514/514 503/503/503 521/521/521
f 503/503/503 480/480/480 521/521/521
f 522/522/522 521/521/521 480/480/480
f 522/522/522 480/480/480 523/523/523
f 524/524/524 515/515/515 514/514/514
f 524/524/524 525/525/525 515/515/515
f 525/525/525 518/518/518 515/515/515
f 525/525/525 524/524/524 526/526/526
f 514/514/514 521/521/521 527/527/527
f 528/528/528 514/514/514 527/527/527
f 527/527/527 521/521/521 529/529/529
f 528/528/528 527/527/527 529/529/529
f 529/529/529 521/521/521 522/522/522
f 528/528/528 529/529/529 530/530/530
f 530/530/530 529/529/529 531/531/531
f 529/529/529 522/522/522 531/531/531
f 531/531/531 522/522/522 532/532/532
f 525/525/525 533/533/533 518/518/518
f 533/533/533 519/519/519 518/518/518
f 534/534/534 533/533/533 525/525/525
f 525/525/525 535/535/535 534/534/534
f 533/533/533 534/534/534 536/536/536
f 533/533/533 536/536/536 519/519/519
f 534/534/534 537/537/537 536/536/536
f 536/536/536 538/538/538 519/519/519
f 536/536/536 539/539/539 538/538/538
f 520/520/520 519/519/519 538/538/538
f 538/538/538 539/539/539 540/540/540
f 540/540/540 520/520/520 538/538/538
f 513/513/513 520/520/520 540/540/540
f 540/540/540 541/541/541 513/513/513
f 513/513/513 541/541/541 542/542/542
f 540/540/540 543/543/543 541/541/541
f 546/546/546 545/545/545 544/544/544
f 547/547/547 546/546/546 544/544/544
f 547/547/547 548/548/548 546/546/546
f 548/548/548 549/549/549 546/546/546
f 548/548/548 550/550/550 549/549/549
f 549/549/549 550/550/550 551/551/551
f 552/552/552 551/551/551 550/550/550
f 552/552/552 553/553/553 551/551/551
f 553/553/553 552/552/552 554/554/554
f 555/555/555 553/553/553 554/554/554
f 558/558/558 557/557/557 556/556/556
f 559/559/559 556/556/556 557/557/557
f 557/557/557 560/560/560 559/559/559
f 561/561/561 559/559/559 560/560/560
f 557/557/557 562/562/562 560/560/560
f 557/557/557 563/563/563 562/562/562
f 561/561/561 560/560/560 564/564/564
f 561/561/561 564/564/564 565/565/565
f 565/565/565 564/564/564 566/566/566
f 563/563/563 567/567/567 562/562/562
f 568/568/568 567/567/567 563/563/563
f 562/562/562 569/569/569 560/560/560
f 560/560/560 569/569/569 564/564/564
f 562/562/562 567/567/567 569/569/569
f 570/570/570 569/569/569 567/567/567
f 567/567/567 571/571/571 570/570/570
f 567/567/567 568/568/568 571/571/571
f 564/564/564 569/569/569 572/572/572
f 572/572/572 566/566/566 564/564/564
f 569/569/569 570/570/570 572/572/572
f 572/572/572 573/573/573 566/566/566
f 572/572/572 570/570/570 573/573/573
f 566/566/566 573/573/573 574/574/574
f 575/575/575 574/574/574 573/573/573
f 570/570/570 575/575/575 573/573/573
f 574/574/574 575/575/575 576/576/576
f 571/571/571 568/568/568 577/577/577
f 568/568/568 578/578/578 577/577/577
f 579/579/579 571/571/571 577/577/577
f 580/580/580 579/579/579 577/577/577
f 579/579/579 581/581/581 571/571/571
f 571/571/571 581/581/581 582/582/582
f 571/571/571 582/582/582 570/570/570
f 582/582/582 583/583/583 570/570/570
f 570/570/570 584/584/584 575/575/575
f 583/583/583 584/584/584 570/570/570
f 575/575/575 584/584/584 585/585/585
f 584/584/584 583/583/583 586/586/586
f 584/584/584 587/587/587 585/585/585
f 584/584/584 586/586/586 587/587/587
f 586/586/586 588/588/588 587/587/587
f 587/587/587 589/589/589 585/585/585
f 587/587/587 588/588/588 590/590/590
f 587/587/587 590/590/590 589/589/589
f 590/590/590 588/588/588 591/591/591
f 590/590/590 592/592/592 589/589/589
f 593/593/593 589/589/589 592/592/592
f 593/593/593 592/592/592 594/594/594
f 597/597/597 596/596/596 595/595/595
f 595/595/595 596/596/596 598/598/598
f 601/601/601 600/600/600 599/599/599
f 600/600/600 602/602/602 599/599/599
f 599/599/599 602/602/602 603/603/603
f 599/599/599 603/603/603 604/604/604
f 604/604/604 603/603/603 605/605/605
f 608/608/608 607/607/607 606/606/606
f 606/606/606 607/607/607 609/609/609
f 607/607/607 610/610/610 609/609/609
f 606/606/606 609/609/609 611/611/611
f 611/611/611 612/612/612 606/606/606
f 609/609/609 613/613/613 611/611/611
f 614/614/614 606/606/606 612/612/612
f 613/613/613 615/615/615 611/611/611
f 616/616/616 612/612/612 611/611/611
f 615/615/615 616/616/616 611/611/611
f 617/617/617 616/616/616 615/615/615
f 613/613/613 618/618/618 615/615/615
f 618/618/618 617/617/617 615/615/615
f 614/614/614 612/612/612 619/619/619
f 620/620/620 614/614/614 619/619/619
f 614/614/614 620/620/620 621/621/621
f 619/619/619 622/622/622 620/620/620
f 622/622/622 623/623/623 620/620/620
f 612/612/612 624/624/624 619/619/619
f 624/624/624 622/622/622 619/619/619
f 625/625/625 623/623/623 622/622/622
f 623/623/623 625/625/625 626/626/626
f 624/624/624 627/627/627 622/622/622
f 612/612/612 627/627/627 624/624/624
f 627/627/627 625/625/625 622/622/622
f 616/616/616 628/628/628 612/612/612
f 628/628/628 627/627/627 612/612/612
f 627/627/627 629/629/629 625/625/625
f 627/627/627 628/628/628 630/630/630
f 631/631/631 625/625/625 629/629/629
f 626/626/626 625/625/625 632/632/632
f 625/625/625 631/631/631 632/632/632
f 626/626/626 632/632/632 633/633/633
f 634/634/634 628/628/628 616/616/616
f 630/630/630 628/628/628 634/634/634
f 630/630/630 634/634/634 635/635/635
f 617/617/617 634/634/634 616/616/616
f 635/635/635 634/634/634 617/617/617
f 617/617/617 636/636/636 635/635/635
f 631/631/631 637/637/637 632/632/632
f 637/637/637 633/633/633 632/632/632
f 637/637/637 631/631/631 638/638/638
f 637/637/637 638/638/638 633/633/633
f 631/631/631 639/639/639 638/638/638
f 640/640/640 633/633/633 638/638/638
f 641/641/641 636/636/636 617/617/617
f 641/641/641 642/642/642 636/636/636
f 643/643/643 642/642/642 641/641/641
f 617/617/617 644/644/644 641/641/641
f 618/618/618 644/644/644 617/617/617
f 645/645/645 643/643/643 641/641/641
f 645/645/645 641/641/641 644/644/644
f 643/643/643 645/645/645 646/646/646
f 638/638/638 639/639/639 647/647/647
f 639/639/639 648/648/648 647/647/647
f 647/647/647 648/648/648 649/649/649
f 647/647/647 650/650/650 638/638/638
f 638/638/638 651/651/651 640/640/640
f 651/651/651 652/652/652 640/640/640
f 638/638/638 650/650/650 653/653/653
f 653/653/653 650/650/650 654/654/654
f 655/655/655 646/646/646 645/645/645
f 655/655/655 656/656/656 646/646/646
f 657/657/657 656/656/656 655/655/655
f 657/657/657 658/658/658 656/656/656
f 659/659/659 658/658/658 657/657/657
f 660/660/660 659/659/659 657/657/657
f 661/661/661 655/655/655 645/645/645
f 655/655/655 661/661/661 657/657/657
f 657/657/657 662/662/662 660/660/660
f 657/657/657 661/661/661 662/662/662
f 652/652/652 651/651/651 663/663/663
f 652/652/652 663/663/663 664/664/664
f 661/661/661 645/645/645 665/665/665
f 645/645/645 644/644/644 665/665/665
f 666/666/666 665/665/665 644/644/644
f 666/666/666 644/644/644 618/618/618
f 667/667/667 661/661/661 665/665/665
f 667/667/667 665/665/665 666/666/666
f 668/668/668 666/666/666 618/618/618
f 668/668/668 667/667/667 666/666/666
f 618/618/618 613/613/613 668/668/668
f 667/667/667 669/669/669 661/661/661
f 661/661/661 669/669/669 662/662/662
f 670/670/670 668/668/668 613/613/613
f 671/671/671 670/670/670 613/613/613
f 670/670/670 672/672/672 668/668/668
f 673/673/673 667/667/667 668/668/668
f 668/668/668 672/672/672 673/673/673
f 669/669/669 667/667/667 673/673/673
f 673/673/673 672/672/672 674/674/674
f 672/672/672 675/675/675 674/674/674
f 675/675/675 676/676/676 674/674/674
f 673/673/673 674/674/674 677/677/677
f 677/677/677 669/669/669 673/673/673
f 674/674/674 676/676/676 678/678/678
f 677/677/677 674/674/674 678/678/678
f 669/669/669 677/677/677 678/678/678
f 676/676/676 679/679/679 678/678/678
f 662/662/662 669/669/669 680/680/680
f 680/680/680 669/669/669 678/678/678
f 678/678/678 679/679/679 681/681/681
f 678/678/678 681/681/681 680/680/680
f 681/681/681 679/679/679 682/682/682
f 680/680/680 683/683/683 662/662/662
f 681/681/681 683/683/683 680/680/680
f 660/660/660 662/662/662 683/683/683
f 683/683/683 684/684/684 660/660/660
f 681/681/681 684/684/684 683/683/683
f 682/682/682 685/685/685 681/681/681
f 681/681/681 685/685/685 684/684/684
f 682/682/682 686/686/686 685/685/685
f 684/684/684 685/685/685 687/687/687
f 684/684/684 687/687/687 688/688/688
f 685/685/685 686/686/686 689/689/689
f 689/689/689 687/687/687 685/685/685
f 689/689/689 688/688/688 687/687/687
f 690/690/690 689/689/689 686/686/686
f 689/689/689 690/690/690 691/691/691
f 692/692/692 691/691/691 690/690/690
f 693/693/693 689/689/689 691/691/691
f 688/688/688 689/689/689 693/693/693
f 691/691/691 692/692/692 694/694/694
f 693/693/693 691/691/691 694/694/694
f 695/695/695 694/694/694 692/692/692
f 695/695/695 696/696/696 694/694/694
f 688/688/688 693/693/693 697/697/697
f 697/697/697 693/693/693 698/698/698
f 688/688/688 697/697/697 699/699/699
f 700/700/700 688/688/688 699/699/699
f 693/693/693 694/694/694 701/701/701
f 696/696/696 702/702/702 694/694/694
f 694/694/694 702/702/702 701/701/701
f 696/696/696 703/703/703 702/702/702
f 696/696/696 704/704/704 703/703/703
f 703/703/703 704/704/704 705/705/705
f 706/706/706 705/705/705 704/704/704
f 705/705/705 706/706/706 707/707/707
f 708/708/708 707/707/707 706/706/706
f 709/709/709 707/707/707 708/708/708
f 710/710/710 701/701/701 702/702/702
f 703/703/703 710/710/710 702/702/702
f 705/705/705 710/710/710 703/703/703
f 710/710/710 711/711/711 701/701/701
f 711/711/711 710/710/710 712/712/712
f 705/705/705 712/712/712 710/710/710
f 712/712/712 705/705/705 713/713/713
f 712/712/712 713/713/713 714/714/714
f 715/715/715 713/713/713 705/705/705
f 705/705/705 707/707/707 715/715/715
f 714/714/714 713/713/713 716/716/716
f 716/716/716 713/713/713 715/715/715
f 709/709/709 717/717/717 707/707/707
f 718/718/718 707/707/707 717/717/717
f 719/719/719 717/717/717 709/709/709
f 717/717/717 719/719/719 720/720/720
f 717/717/717 720/720/720 718/718/718
f 720/720/720 721/721/721 718/718/718
f 722/722/722 718/718/718 721/721/721
f 718/718/718 722/722/722 723/723/723
f 724/724/724 715/715/715 707/707/707
f 724/724/724 707/707/707 718/718/718
f 716/716/716 715/715/715 724/724/724
f 718/718/718 723/723/723 725/725/725
f 718/718/718 725/725/725 724/724/724
f 723/723/723 726/726/726 725/725/725
f 726/726/726 724/724/724 725/725/725
f 726/726/726 716/716/716 724/724/724
f 714/714/714 716/716/716 727/727/727
f 727/727/727 716/716/716 726/726/726
f 727/727/727 728/728/728 714/714/714
f 728/728/728 727/727/727 726/726/726
f 731/731/731 730/730/730 729/729/729
f 729/729/729 732/732/732 731/731/731
f 732/732/732 733/733/733 731/731/731
f 732/732/732 729/729/729 734/734/734
f 735/735/735 733/733/733 732/732/732
f 732/732/732 734/734/734 736/736/736
f 736/736/736 735/735/735 732/732/732
f 737/737/737 736/736/736 734/734/734
f 738/738/738 737/737/737 734/734/734
f 738/738/738 739/739/739 737/737/737
f 738/738/738 740/740/740 739/739/739
f 740/740/740 741/741/741 739/739/739
f 739/739/739 741/741/741 742/742/742
f 739/739/739 742/742/742 743/743/743
f 735/735/735 736/736/736 744/744/744
f 736/736/736 737/737/737 744/744/744
f 735/735/735 744/744/744 745/745/745
f 744/744/744 746/746/746 745/745/745
f 746/746/746 744/744/744 747/747/747
f 748/748/748 744/744/744 737/737/737
f 744/744/744 748/748/748 747/747/747
f 748/748/748 737/737/737 739/739/739
f 748/748/748 749/749/749 747/747/747
f 749/749/749 748/748/748 739/739/739
f 739/739/739 743/743/743 749/749/749
f 749/749/749 743/743/743 750/750/750
f 750/750/750 743/743/743 751/751/751
f 754/754/754 753/753/753 752/752/752
f 753/753/753 755/755/755 752/752/752
f 755/755/755 756/756/756 752/752/752
f 757/757/757 756/756/756 755/755/755
f 758/758/758 755/755/755 753/753/753
f 758/758/758 757/757/757 755/755/755
f 758/758/758 759/759/759 757/757/757
f 759/759/759 758/758/758 760/760/760
f 761/761/761 759/759/759 760/760/760
f 761/761/761 762/762/762 759/759/759
f 762/762/762 763/763/763 759/759/759
f 763/763/763 764/764/764 759/759/759
f 759/759/759 764/764/764 757/757/757
f 764/764/764 763/763/763 765/765/765
f 763/763/763 766/766/766 765/765/765
f 766/766/766 767/767/767 765/765/765
f 768/768/768 767/767/767 766/766/766
f 764/764/764 765/765/765 769/769/769
f 765/765/765 767/767/767 769/769/769
f 770/770/770 767/767/767 768/768/768
f 771/771/771 770/770/770 768/768/768
f 767/767/767 770/770/770 772/772/772
f 767/767/767 772/772/772 769/769/769
f 770/770/770 773/773/773 772/772/772
f 774/774/774 764/764/764 769/769/769
f 772/772/772 774/774/774 769/769/769
f 773/773/773 775/775/775 772/772/772
f 772/772/772 775/775/775 774/774/774
f 773/773/773 776/776/776 775/775/775
f 775/775/775 776/776/776 777/777/777
f 777/777/777 774/774/774 775/775/775
f 764/764/764 774/774/774 778/778/778
f 757/757/757 764/764/764 778/778/778
f 779/779/779 774/774/774 777/777/777
f 774/774/774 779/779/779 778/778/778
f 778/778/778 780/780/780 757/757/757
f 778/778/778 779/779/779 781/781/781
f 780/780/780 778/778/778 781/781/781
f 777/777/777 782/782/782 779/779/779
f 781/781/781 779/779/779 782/782/782
f 757/757/757 780/780/780 783/783/783
f 783/783/783 756/756/756 757/757/757
f 784/784/784 756/756/756 783/783/783
f 784/784/784 783/783/783 780/780/780
f 756/756/756 784/784/784 785/785/785
f 784/784/784 786/786/786 785/785/785
f 781/781/781 787/787/787 780/780/780
f 782/782/782 787/787/787 781/781/781
f 780/780/780 788/788/788 784/784/784
f 787/787/787 788/788/788 780/780/780
f 786/786/786 784/784/784 789/789/789
f 784/784/784 788/788/788 789/789/789
f 786/786/786 789/789/789 790/790/790
f 786/786/786 790/790/790 791/791/791
f 792/792/792 782/782/782 777/777/777
f 792/792/792 777/777/777 793/793/793
f 792/792/792 794/794/794 782/782/782
f 795/795/795 794/794/794 792/792/792
f 796/796/796 794/794/794 795/795/795
f 797/797/797 796/796/796 795/795/795
f 798/798/798 796/796/796 797/797/797
f 794/794/794 799/799/799 782/782/782
f 796/796/796 799/799/799 794/794/794
f 782/782/782 799/799/799 787/787/787
f 799/799/799 800/800/800 787/787/787
f 799/799/799 796/796/796 800/800/800
f 800/800/800 788/788/788 787/787/787
f 800/800/800 796/796/796 801/801/801
f 788/788/788 800/800/800 801/801/801
f 802/802/802 796/796/796 798/798/798
f 802/802/802 801/801/801 796/796/796
f 798/798/798 803/803/803 802/802/802
f 798/798/798 804/804/804 803/803/803
f 805/805/805 803/803/803 804/804/804
f 806/806/806 803/803/803 805/805/805
f 806/806/806 807/807/807 803/803/803
f 808/808/808 788/788/788 801/801/801
f 809/809/809 808/808/808 801/801/801
f 788/788/788 808/808/808 789/789/789
f 789/789/789 808/808/808 790/790/790
f 808/808/808 809/809/809 790/790/790
f 810/810/810 801/801/801 802/802/802
f 802/802/802 803/803/803 810/810/810
f 809/809/809 801/801/801 810/810/810
f 807/807/807 811/811/811 803/803/803
f 807/807/807 812/812/812 811/811/811
f 813/813/813 811/811/811 812/812/812
f 803/803/803 814/814/814 810/810/810
f 814/814/814 809/809/809 810/810/810
f 814/814/814 803/803/803 811/811/811
f 813/813/813 815/815/815 811/811/811
f 815/815/815 813/813/813 816/816/816
f 817/817/817 814/814/814 811/811/811
f 817/817/817 811/811/811 815/815/815
f 817/817/817 809/809/809 814/814/814
f 816/816/816 818/818/818 815/815/815
f 817/817/817 815/815/815 818/818/818
f 818/818/818 816/816/816 819/819/819
f 819/819/819 820/820/820 818/818/818
f 818/818/818 820/820/820 821/821/821
f 818/818/818 821/821/821 817/817/817
f 809/809/809 817/817/817 821/821/821
f 821/821/821 822/822/822 809/809/809
f 790/790/790 809/809/809 822/822/822
f 791/791/791 790/790/790 822/822/822
f 791/791/791 822/822/822 823/823/823
f 822/822/822 824/824/824 823/823/823
f 791/791/791 823/823/823 825/825/825
f 826/826/826 791/791/791 825/825/825
f 829/829/829 828/828/828 827/827/827
f 828/828/828 830/830/830 827/827/827
f 831/831/831 827/827/827 830/830/830
f 832/832/832 827/827/827 831/831/831
f 831/831/831 833/833/833 832/832/832
f 833/833/833 834/834/834 832/832/832
f 835/835/835 827/827/827 832/832/832
f 832/832/832 834/834/834 836/836/836
f 834/834/834 837/837/837 836/836/836
f 836/836/836 837/837/837 838/838/838
f 837/837/837 839/839/839 838/838/838
f 840/840/840 836/836/836 838/838/838
f 832/832/832 836/836/836 841/841/841
f 840/840/840 842/842/842 836/836/836
f 841/841/841 836/836/836 842/842/842
f 841/841/841 843/843/843 832/832/832
f 835/835/835 832/832/832 843/843/843
f 840/840/840 844/844/844 842/842/842
f 845/845/845 844/844/844 840/840/840
f 844/844/844 845/845/845 846/846/846
f 841/841/841 842/842/842 847/847/847
f 842/842/842 844/844/844 847/847/847
f 841/841/841 847/847/847 843/843/843
f 847/847/847 844/844/844 846/846/846
f 848/848/848 843/843/843 847/847/847
f 848/848/848 835/835/835 843/843/843
f 849/849/849 847/847/847 846/846/846
f 847/847/847 849/849/849 848/848/848
f 835/835/835 848/848/848 850/850/850
f 848/848/848 849/849/849 851/851/851
f 850/850/850 848/848/848 851/851/851
f 835/835/835 850/850/850 852/852/852
f 835/835/835 852/852/852 853/853/853
f 852/852/852 850/850/850 854/854/854
f 850/850/850 851/851/851 854/854/854
f 852/852/852 854/854/854 855/855/855
f 855/855/855 854/854/854 856/856/856
f 854/854/854 851/851/851 857/857/857
f 857/857/857 856/856/856 854/854/854
f 851/851/851 849/849/849 857/857/857
f 856/856/856 857/857/857 858/858/858
f 857/857/857 849/849/849 859/859/859
f 858/858/858 857/857/857 859/859/859
f 849/849/849 846/846/846 859/859/859
f 858/858/858 859/859/859 860/860/860
f 861/861/861 859/859/859 846/846/846
f 846/846/846 862/862/862 861/861/861
f 862/862/862 846/846/846 863/863/863
f 864/864/864 862/862/862 863/863/863
f 864/864/864 863/863/863 865/865/865
f 845/845/845 863/863/863 846/846/846
f 863/863/863 845/845/845 865/865/865
f 865/865/865 845/845/845 866/866/866
f 845/845/845 867/867/867 866/866/866
f 870/870/870 869/869/869 868/868/868
f 870/870/870 871/871/871 869/869/869
f 871/871/871 872/872/872 869/869/869
f 873/873/873 871/871/871 870/870/870
f 871/871/871 874/874/874 872/872/872
f 874/874/874 871/871/871 875/875/875
f 871/871/871 876/876/876 875/875/875
f 871/871/871 873/873/873 876/876/876
f 873/873/873 877/877/877 876/876/876
f 877/877/877 875/875/875 876/876/876
f 873/873/873 878/878/878 877/877/877
f 879/879/879 878/878/878 873/873/873
f 880/880/880 878/878/878 879/879/879
f 881/881/881 880/880/880 879/879/879
f 880/880/880 882/882/882 878/878/878
f 878/878/878 883/883/883 877/877/877
f 882/882/882 883/883/883 878/878/878
f 882/882/882 884/884/884 883/883/883
f 883/883/883 885/885/885 877/877/877
f 884/884/884 886/886/886 883/883/883
f 885/885/885 887/887/887 877/877/877
f 877/877/877 887/887/887 875/875/875
f 884/884/884 888/888/888 886/886/886
f 875/875/875 887/887/887 889/889/889
f 889/889/889 887/887/887 890/890/890
f 875/875/875 889/889/889 891/891/891
f 892/892/892 875/875/875 891/891/891
f 884/884/884 893/893/893 888/888/888
f 893/893/893 894/894/894 888/888/888
f 893/893/893 884/884/884 895/895/895
f 882/882/882 896/896/896 884/884/884
f 897/897/897 896/896/896 882/882/882
f 898/898/898 875/875/875 892/892/892
f 874/874/874 875/875/875 898/898/898
f 899/899/899 898/898/898 892/892/892
f 874/874/874 898/898/898 899/899/899
f 900/900/900 899/899/899 892/892/892
f 901/901/901 874/874/874 899/899/899
f 901/901/901 902/902/902 874/874/874
f 902/902/902 872/872/872 874/874/874
f 903/903/903 872/872/872 902/902/902
f 904/904/904 872/872/872 903/903/903
f 905/905/905 872/872/872 904/904/904
f 896/896/896 906/906/906 884/884/884
f 906/906/906 895/895/895 884/884/884
f 896/896/896 907/907/907 906/906/906
f 897/897/897 907/907/907 896/896/896
f 895/895/895 906/906/906 908/908/908
f 907/907/907 908/908/908 906/906/906
f 909/909/909 895/895/895 908/908/908
f 910/910/910 909/909/909 908/908/908
f 911/911/911 907/907/907 897/897/897
f 912/912/912 907/907/907 911/911/911
f 897/897/897 913/913/913 911/911/911
f 913/913/913 897/897/897 914/914/914
f 913/913/913 915/915/915 911/911/911
f 916/916/916 911/911/911 915/915/915
f 919/919/919 918/918/918 917/917/917
f 917/917/917 920/920/920 919/919/919
f 921/921/921 919/919/919 920/920/920
f 919/919/919 921/921/921 922/922/922
f 922/922/922 921/921/921 923/923/923
f 924/924/924 922/922/922 923/923/923
f 924/924/924 923/923/923 925/925/925
f 926/926/926 925/925/925 923/923/923
f 920/920/920 927/927/927 921/921/921
f 921/921/921 927/927/927 923/923/923
f 927/927/927 920/920/920 928/928/928
f 923/923/923 927/927/927 929/929/929
f 930/930/930 928/928/928 920/920/920
f 920/920/920 917/917/917 930/930/930
f 930/930/930 931/931/931 928/928/928
f 930/930/930 932/932/932 931/931/931
f 932/932/932 930/930/930 917/917/917
f 932/932/932 933/933/933 931/931/931
f 926/926/926 923/923/923 934/934/934
f 935/935/935 926/926/926 934/934/934
f 936/936/936 923/923/923 929/929/929
f 934/934/934 923/923/923 936/936/936
f 936/936/936 929/929/929 937/937/937
f 937/937/937 938/938/938 936/936/936
f 934/934/934 936/936/936 938/938/938
f 939/939/939 938/938/938 937/937/937
f 940/940/940 934/934/934 938/938/938
f 935/935/935 934/934/934 940/940/940
f 941/941/941 935/935/935 940/940/940
f 942/942/942 932/932/932 917/917/917
f 917/917/917 943/943/943 942/942/942
f 944/944/944 933/933/933 932/932/932
f 942/942/942 944/944/944 932/932/932
f 944/944/944 945/945/945 933/933/933
f 943/943/943 946/946/946 942/942/942
f 942/942/942 946/946/946 944/944/944
f 943/943/943 947/947/947 946/946/946
f 948/948/948 945/945/945 944/944/944
f 944/944/944 946/946/946 949/949/949
f 948/948/948 944/944/944 949/949/949
f 948/948/948 950/950/950 945/945/945
f 950/950/950 951/951/951 945/945/945
f 952/952/952 948/948/948 949/949/949
f 952/952/952 949/949/949 946/946/946
f 948/948/948 952/952/952 950/950/950
f 950/950/950 953/953/953 951/951/951
f 951/951/951 953/953/953 954/954/954
f 953/953/953 955/955/955 954/954/954
f 946/946/946 956/956/956 952/952/952
f 947/947/947 956/956/956 946/946/946
f 957/957/957 950/950/950 952/952/952
f 950/950/950 957/957/957 953/953/953
f 956/956/956 957/957/957 952/952/952
f 957/957/957 958/958/958 953/953/953
f 958/958/958 955/955/955 953/953/953
f 959/959/959 957/957/957 956/956/956
f 959/959/959 958/958/958 957/957/957
f 947/947/947 960/960/960 956/956/956
f 956/956/956 961/961/961 959/959/959
f 960/960/960 961/961/961 956/956/956
f 960/960/960 947/947/947 962/962/962
f 963/963/963 962/962/962 947/947/947
f 963/963/963 964/964/964 962/962/962
f 964/964/964 960/960/960 962/962/962
f 960/960/960 964/964/964 961/961/961
f 961/961/961 964/964/964 965/965/965
f 961/961/961 966/966/966 959/959/959
f 965/965/965 966/966/966 961/961/961
f 965/965/965 967/967/967 966/966/966
f 968/968/968 967/967/967 965/965/965
f 966/966/966 969/969/969 959/959/959
f 959/959/959 969/969/969 958/958/958
f 969/969/969 966/966/966 970/970/970
f 958/958/958 969/969/969 971/971/971
f 971/971/971 955/955/955 958/958/958
f 969/969/969 970/970/970 972/972/972
f 969/969/969 972/972/972 971/971/971
f 971/971/971 973/973/973 955/955/955
f 973/973/973 974/974/974 955/955/955
f 973/973/973 975/975/975 974/974/974
f 972/972/972 970/970/970 976/976/976
f 977/977/977 976/976/976 970/970/970
f 976/976/976 978/978/978 972/972/972
f 972/972/972 979/979/979 971/971/971
f 979/979/979 973/973/973 971/971/971
f 978/978/978 979/979/979 972/972/972
f 973/973/973 980/980/980 975/975/975
f 973/973/973 979/979/979 980/980/980
f 975/975/975 980/980/980 981/981/981
f 982/982/982 979/979/979 978/978/978
f 979/979/979 982/982/982 980/980/980
f 978/978/978 983/983/983 982/982/982
f 980/980/980 982/982/982 984/984/984
f 983/983/983 985/985/985 982/982/982
f 982/982/982 985/985/985 984/984/984
f 985/985/985 986/986/986 984/984/984
f 984/984/984 986/986/986 987/987/987
f 986/986/986 988/988/988 987/987/987
f 988/988/988 986/986/986 989/989/989
f 983/983/983 990/990/990 985/985/985
f 985/985/985 990/990/990 986/986/986
f 991/991/991 990/990/990 983/983/983
f 986/986/986 992/992/992 989/989/989
f 992/992/992 993/993/993 989/989/989
f 994/994/994 992/992/992 986/986/986
f 990/990/990 994/994/994 986/986/986
f 995/995/995 994/994/994 990/990/990
f 995/995/995 990/990/990 991/991/991
f 996/996/996 995/995/995 991/991/991
f 997/997/997 996/996/996 991/991/991
f 1000/1000/1000 999/999/999 998/998/998
f 1000/1000/1000 1001/1001/1001 999/999/999
f 1002/1002/1002 999/999/999 1001/1001/1001
f 999/999/999 1002/1002/1002 1003/1003/1003
f 1002/1002/1002 1004/1004/1004 1003/1003/1003
f 1005/1005/1005 1003/1003/1003 1004/1004/1004
f 1004/1004/1004 1006/1006/1006 1005/1005/1005
f 1004/1004/1004 1007/1007/1007 1006/1006/1006
f 1002/1002/1002 1007/1007/1007 1004/1004/1004
f 1007/1007/1007 1008/1008/1008 1006/1006/1006
f 1009/1009/1009 1008/1008/1008 1007/1007/1007
f 1010/1010/1010 1002/1002/1002 1001/1001/1001
f 1002/1002/1002 1010/1010/1010 1007/1007/1007
f 1011/1011/1011 1009/1009/1009 1007/1007/1007
f 1007/1007/1007 1010/1010/1010 1011/1011/1011
f 1012/1012/1012 1009/1009/1009 1011/1011/1011
f 1001/1001/1001 1000/1000/1000 1013/1013/1013
f 1013/1013/1013 1010/1010/1010 1001/1001/1001
f 1014/1014/1014 1011/1011/1011 1010/1010/1010
f 1010/1010/1010 1013/1013/1013 1014/1014/1014
f 1000/1000/1000 1015/1015/1015 1013/1013/1013
f 1015/1015/1015 1000/1000/1000 1016/1016/1016
f 1016/1016/1016 1017/1017/1017 1015/1015/1015
f 1014/1014/1014 1018/1018/1018 1011/1011/1011
f 1011/1011/1011 1018/1018/1018 1019/1019/1019
f 1020/1020/1020 1018/1018/1018 1014/1014/1014
f 1013/1013/1013 1021/1021/1021 1014/1014/1014
f 1014/1014/1014 1021/1021/1021 1020/1020/1020
f 1015/1015/1015 1021/1021/1021 1013/1013/1013
f 1022/1022/1022 1020/1020/1020 1021/1021/1021
f 1022/1022/1022 1021/1021/1021 1023/1023/1023
f 1015/1015/1015 1023/1023/1023 1021/1021/1021
f 1017/1017/1017 1023/1023/1023 1015/1015/1015
f 1023/1023/1023 1017/1017/1017 1024/1024/1024
f 1027/1027/1027 1026/1026/1026 1025/1025/1025
f 1026/1026/1026 1027/1027/1027 1028/1028/1028
f 1028/1028/1028 1027/1027/1027 1029/1029/1029
f 1027/1027/1027 1030/1030/1030 1029/1029/1029
f 1029/1029/1029 1030/1030/1030 1031/1031/1031
f 1031/1031/1031 1030/1030/1030 1032/1032/1032
f 1033/1033/1033 1026/1026/1026 1028/1028/1028
f 1034/1034/1034 1026/1026/1026 1033/1033/1033
f 1034/1034/1034 1033/1033/1033 1035/1035/1035
f 1035/1035/1035 1033/1033/1033 1028/1028/1028
f 1036/1036/1036 1034/1034/1034 1035/1035/1035
f 1028/1028/1028 1029/1029/1029 1037/1037/1037
f 1035/1035/1035 1028/1028/1028 1037/1037/1037
f 1037/1037/1037 1029/1029/1029 1031/1031/1031
f 1038/1038/1038 1036/1036/1036 1035/1035/1035
f 1038/1038/1038 1035/1035/1035 1037/1037/1037
f 1039/1039/1039 1036/1036/1036 1038/1038/1038
f 1036/1036/1036 1039/1039/1039 1040/1040/1040
f 1039/1039/1039 1038/1038/1038 1041/1041/1041
f 1041/1041/1041 1038/1038/1038 1037/1037/1037
f 1042/1042/1042 1039/1039/1039 1041/1041/1041
f 1037/1037/1037 1043/1043/1043 1041/1041/1041
f 1042/1042/1042 1041/1041/1041 1043/1043/1043
f 1031/1031/1031 1043/1043/1043 1037/1037/1037
f 1044/1044/1044 1042/1042/1042 1043/1043/1043
f 1043/1043/1043 1031/1031/1031 1045/1045/1045
f 1044/1044/1044 1043/1043/1043 1046/1046/1046
f 1046/1046/1046 1043/1043/1043 1045/1045/1045
f 1045/1045/1045 1047/1047/1047 1046/1046/1046
f 1045/1045/1045 1031/1031/1031 1048/1048/1048
f 1031/1031/1031 1032/1032/1032 1048/1048/1048
f 1048/1048/1048 1032/1032/1032 1049/1049/1049
f 1049/1049/1049 1050/1050/1050 1048/1048/1048
f 1045/1045/1045 1048/1048/1048 1051/1051/1051
f 1051/1051/1051 1048/1048/1048 1050/1050/1050
f 1047/1047/1047 1045/1045/1045 1051/1051/1051
f 1050/1050/1050 1052/1052/1052 1051/1051/1051
f 1047/1047/1047 1051/1051/1051 1052/1052/1052
f 1053/1053/1053 1052/1052/1052 1050/1050/1050
f 1054/1054/1054 1044/1044/1044 1046/1046/1046
f 1047/1047/1047 1054/1054/1054 1046/1046/1046
f 1053/1053/1053 1055/1055/1055 1052/1052/1052
f 1053/1053/1053 1056/1056/1056 1055/1055/1055
f 1055/1055/1055 1056/1056/1056 1057/1057/1057
f 1057/1057/1057 1056/1056/1056 1058/1058/1058
f 1057/1057/1057 1058/1058/1058 1059/1059/1059
f 1052/1052/1052 1055/1055/1055 1060/1060/1060
f 1060/1060/1060 1047/1047/1047 1052/1052/1052
f 1060/1060/1060 1055/1055/1055 1057/1057/1057
f 1061/1061/1061 1044/1044/1044 1054/1054/1054
f 1062/1062/1062 1044/1044/1044 1061/1061/1061
f 1063/1063/1063 1061/1061/1061 1054/1054/1054
f 1064/1064/1064 1063/1063/1063 1054/1054/1054
f 1065/1065/1065 1064/1064/1064 1054/1054/1054
f 1054/1054/1054 1047/1047/1047 1065/1065/1065
f 1066/1066/1066 1064/1064/1064 1065/1065/1065
f 1065/1065/1065 1047/1047/1047 1067/1067/1067
f 1067/1067/1067 1047/1047/1047 1060/1060/1060
f 1068/1068/1068 1065/1065/1065 1067/1067/1067
f 1060/1060/1060 1069/1069/1069 1067/1067/1067
f 1057/1057/1057 1069/1069/1069 1060/1060/1060
f 1068/1068/1068 1067/1067/1067 1070/1070/1070
f 1067/1067/1067 1069/1069/1069 1070/1070/1070
f 1071/1071/1071 1068/1068/1068 1070/1070/1070
f 1071/1071/1071 1070/1070/1070 1072/1072/1072
f 1069/1069/1069 1072/1072/1072 1070/1070/1070
f 1073/1073/1073 1071/1071/1071 1072/1072/1072
f 1072/1072/1072 1069/1069/1069 1074/1074/1074
f 1069/1069/1069 1057/1057/1057 1074/1074/1074
f 1072/1072/1072 1074/1074/1074 1073/1073/1073
f 1075/1075/1075 1074/1074/1074 1057/1057/1057
f 1073/1073/1073 1074/1074/1074 1075/1075/1075
f 1057/1057/1057 1076/1076/1076 1075/1075/1075
f 1076/1076/1076 1077/1077/1077 1075/1075/1075
f 1075/1075/1075 1077/1077/1077 1078/1078/1078
f 1077/1077/1077 1079/1079/1079 1078/1078/1078
f 1080/1080/1080 1078/1078/1078 1079/1079/1079
f 1080/1080/1080 1079/1079/1079 1081/1081/1081
f 1080/1080/1080 1082/1082/1082 1078/1078/1078
f 1082/1082/1082 1080/1080/1080 1081/1081/1081
f 1083/1083/1083 1075/1075/1075 1078/1078/1078
f 1083/1083/1083 1078/1078/1078 1082/1082/1082
f 1073/1073/1073 1075/1075/1075 1084/1084/1084
f 1084/1084/1084 1075/1075/1075 1083/1083/1083
f 1084/1084/1084 1085/1085/1085 1073/1073/1073
f 1086/1086/1086 1073/1073/1073 1085/1085/1085
f 1085/1085/1085 1084/1084/1084 1087/1087/1087
f 1087/1087/1087 1084/1084/1084 1083/1083/1083
f 1088/1088/1088 1087/1087/1087 1083/1083/1083
f 1088/1088/1088 1083/1083/1083 1089/1089/1089
f 1089/1089/1089 1083/1083/1083 1082/1082/1082
f 1089/1089/1089 1082/1082/1082 1090/1090/1090
f 1089/1089/1089 1090/1090/1090 1091/1091/1091
f 1081/1081/1081 1092/1092/1092 1082/1082/1082
f 1092/1092/1092 1090/1090/1090 1082/1082/1082
f 1081/1081/1081 1093/1093/1093 1092/1092/1092
f 1090/1090/1090 1092/1092/1092 1093/1093/1093
f 1093/1093/1093 1081/1081/1081 1094/1094/1094
f 1091/1091/1091 1090/1090/1090 1095/1095/1095
f 1095/1095/1095 1090/1090/1090 1093/1093/1093
f 1093/1093/1093 1094/1094/1094 1095/1095/1095
f 1091/1091/1091 1095/1095/1095 1096/1096/1096
f 1095/1095/1095 1094/1094/1094 1097/1097/1097
f 1097/1097/1097 1094/1094/1094 1098/1098/1098
f 1096/1096/1096 1095/1095/1095 1099/1099/1099
f 1095/1095/1095 1097/1097/1097 1099/1099/1099
f 1100/1100/1100 1096/1096/1096 1099/1099/1099
f 1101/1101/1101 1096/1096/1096 1100/1100/1100
f 1102/1102/1102 1101/1101/1101 1100/1100/1100
f 1102/1102/1102 1100/1100/1100 1103/1103/1103
f 1102/1102/1102 1103/1103/1103 1104/1104/1104
f 1100/1100/1100 1099/1099/1099 1105/1105/1105
f 1103/1103/1103 1100/1100/1100 1105/1105/1105
f 1106/1106/1106 1105/1105/1105 1099/1099/1099
f 1099/1099/1099 1097/1097/1097 1106/1106/1106
f 1103/1103/1103 1105/1105/1105 1106/1106/1106
f 1103/1103/1103 1107/1107/1107 1104/1104/1104
f 1108/1108/1108 1104/1104/1104 1107/1107/1107
f 1108/1108/1108 1107/1107/1107 1109/1109/1109
f 1110/1110/1110 1109/1109/1109 1107/1107/1107
f 1103/1103/1103 1111/1111/1111 1107/1107/1107
f 1110/1110/1110 1107/1107/1107 1111/1111/1111
f 1111/1111/1111 1103/1103/1103 1106/1106/1106
f 1097/1097/1097 1112/1112/1112 1106/1106/1106
f 1112/1112/1112 1097/1097/1097 1098/1098/1098
f 1110/1110/1110 1111/1111/1111 1113/1113/1113
f 1114/1114/1114 1110/1110/1110 1113/1113/1113
f 1111/1111/1111 1106/1106/1106 1115/1115/1115
f 1106/1106/1106 1112/1112/1112 1115/1115/1115
f 1115/1115/1115 1112/1112/1112 1116/1116/1116
f 1112/1112/1112 1117/1117/1117 1116/1116/1116
f 1098/1098/1098 1117/1117/1117 1112/1112/1112
f 1098/1098/1098 1118/1118/1118 1117/1117/1117
f 1119/1119/1119 1118/1118/1118 1098/1098/1098
f 1120/1120/1120 1111/1111/1111 1115/1115/1115
f 1113/1113/1113 1111/1111/1111 1120/1120/1120
f 1113/1113/1113 1120/1120/1120 1121/1121/1121
f 1120/1120/1120 1122/1122/1122 1121/1121/1121
f 1125/1125/1125 1124/1124/1124 1123/1123/1123
f 1124/1124/1124 1125/1125/1125 1126/1126/1126
f 1124/1124/1124 1126/1126/1126 1127/1127/1127
f 1127/1127/1127 1128/1128/1128 1124/1124/1124
f 1127/1127/1127 1129/1129/1129 1128/1128/1128
f 1128/1128/1128 1129/1129/1129 1130/1130/1130
f 1131/1131/1131 1129/1129/1129 1127/1127/1127
f 1127/1127/1127 1126/1126/1126 1132/1132/1132
f 1132/1132/1132 1131/1131/1131 1127/1127/1127
f 1133/1133/1133 1132/1132/1132 1126/1126/1126
f 1131/1131/1131 1132/1132/1132 1133/1133/1133
f 1126/1126/1126 1125/1125/1125 1134/1134/1134
f 1133/1133/1133 1126/1126/1126 1134/1134/1134
f 1135/1135/1135 1134/1134/1134 1125/1125/1125
f 1125/1125/1125 1136/1136/1136 1135/1135/1135
f 1134/1134/1134 1135/1135/1135 1137/1137/1137
f 1138/1138/1138 1134/1134/1134 1137/1137/1137
f 1133/1133/1133 1134/1134/1134 1138/1138/1138
f 1139/1139/1139 1133/1133/1133 1138/1138/1138
f 1131/1131/1131 1133/1133/1133 1139/1139/1139
f 1136/1136/1136 1140/1140/1140 1135/1135/1135
f 1136/1136/1136 1141/1141/1141 1140/1140/1140
f 1142/1142/1142 1131/1131/1131 1139/1139/1139
f 1136/1136/1136 1143/1143/1143 1141/1141/1141
f 1143/1143/1143 1136/1136/1136 1144/1144/1144
f 1141/1141/1141 1143/1143/1143 1145/1145/1145
f 1146/1146/1146 1143/1143/1143 1144/1144/1144
f 1146/1146/1146 1144/1144/1144 1147/1147/1147
f 1148/1148/1148 1146/1146/1146 1147/1147/1147
f 1143/1143/1143 1149/1149/1149 1145/1145/1145
f 1145/1145/1145 1149/1149/1149 1150/1150/1150
f 1151/1151/1151 1145/1145/1145 1150/1150/1150
f 1152/1152/1152 1151/1151/1151 1150/1150/1150
f 1131/1131/1131 1142/1142/1142 1153/1153/1153
f 1131/1131/1131 1153/1153/1153 1154/1154/1154
f 1155/1155/1155 1154/1154/1154 1153/1153/1153
f 1156/1156/1156 1154/1154/1154 1155/1155/1155
f 1156/1156/1156 1155/1155/1155 1157/1157/1157
f 1158/1158/1158 1156/1156/1156 1157/1157/1157
f 1157/1157/1157 1155/1155/1155 1159/1159/1159
f 1155/1155/1155 1153/1153/1153 1160/1160/1160
f 1161/1161/1161 1155/1155/1155 1160/1160/1160
f 1160/1160/1160 1162/1162/1162 1161/1161/1161
f 1161/1161/1161 1162/1162/1162 1163/1163/1163
f 1163/1163/1163 1162/1162/1162 1164/1164/1164
f 1162/1162/1162 1160/1160/1160 1165/1165/1165
f 1162/1162/1162 1165/1165/1165 1166/1166/1166
f 1160/1160/1160 1153/1153/1153 1167/1167/1167
f 1160/1160/1160 1167/1167/1167 1165/1165/1165
f 1167/1167/1167 1153/1153/1153 1168/1168/1168
f 1142/1142/1142 1168/1168/1168 1153/1153/1153
f 1165/1165/1165 1167/1167/1167 1169/1169/1169
f 1167/1167/1167 1168/1168/1168 1169/1169/1169
f 1168/1168/1168 1142/1142/1142 1170/1170/1170
f 1168/1168/1168 1170/1170/1170 1169/1169/1169
f 1169/1169/1169 1171/1171/1171 1165/1165/1165
f 1165/1165/1165 1171/1171/1171 1172/1172/1172
f 1171/1171/1171 1173/1173/1173 1172/1172/1172
f 1169/1169/1169 1170/1170/1170 1174/1174/1174
f 1171/1171/1171 1169/1169/1169 1174/1174/1174
f 1170/1170/1170 1175/1175/1175 1174/1174/1174
f 1174/1174/1174 1175/1175/1175 1171/1171/1171
f 1176/1176/1176 1173/1173/1173 1171/1171/1171
f 1171/1171/1171 1175/1175/1175 1176/1176/1176
f 1176/1176/1176 1177/1177/1177 1173/1173/1173
f 1178/1178/1178 1170/1170/1170 1142/1142/1142
f 1175/1175/1175 1170/1170/1170 1178/1178/1178
f 1178/1178/1178 1142/1142/1142 1179/1179/1179
f 1179/1179/1179 1142/1142/1142 1180/1180/1180
f 1181/1181/1181 1175/1175/1175 1178/1178/1178
f 1175/1175/1175 1182/1182/1182 1176/1176/1176
f 1183/1183/1183 1176/1176/1176 1182/1182/1182
f 1184/1184/1184 1175/1175/1175 1181/1181/1181
f 1184/1184/1184 1182/1182/1182 1175/1175/1175
f 1182/1182/1182 1185/1185/1185 1183/1183/1183
f 1186/1186/1186 1183/1183/1183 1185/1185/1185
f 1185/1185/1185 1187/1187/1187 1186/1186/1186
f 1185/1185/1185 1182/1182/1182 1188/1188/1188
f 1188/1188/1188 1182/1182/1182 1184/1184/1184
f 1185/1185/1185 1188/1188/1188 1189/1189/1189
f 1181/1181/1181 1190/1190/1190 1184/1184/1184
f 1190/1190/1190 1181/1181/1181 1191/1191/1191
f 1188/1188/1188 1184/1184/1184 1192/1192/1192
f 1184/1184/1184 1190/1190/1190 1192/1192/1192
f 1189/1189/1189 1188/1188/1188 1192/1192/1192
f 1192/1192/1192 1190/1190/1190 1193/1193/1193
f 1190/1190/1190 1194/1194/1194 1193/1193/1193
f 1195/1195/1195 1189/1189/1189 1192/1192/1192
f 1196/1196/1196 1189/1189/1189 1195/1195/1195
f 1197/1197/1197 1189/1189/1189 1196/1196/1196
f 1200/1200/1200 1199/1199/1199 1198/1198/1198
f 1200/1200/1200 1201/1201/1201 1199/1199/1199
f 1201/1201/1201 1200/1200/1200 1202/1202/1202
f 1203/1203/1203 1201/1201/1201 1202/1202/1202
f 1204/1204/1204 1199/1199/1199 1201/1201/1201
f 1204/1204/1204 1205/1205/1205 1199/1199/1199
f 1206/1206/1206 1205/1205/1205 1204/1204/1204
f 1204/1204/1204 1207/1207/1207 1206/1206/1206
f 1204/1204/1204 1208/1208/1208 1207/1207/1207
f 1211/1211/1211 1210/1210/1210 1209/1209/1209
f 1212/1212/1212 1209/1209/1209 1210/1210/1210
f 1213/1213/1213 1212/1212/1212 1210/1210/1210
f 1216/1216/1216 1215/1215/1215 1214/1214/1214
f 1217/1217/1217 1215/1215/1215 1216/1216/1216
f 1217/1217/1217 1218/1218/1218 1215/1215/1215
f 1219/1219/1219 1217/1217/1217 1216/1216/1216
f 1216/1216/1216 1220/1220/1220 1219/1219/1219
f 1221/1221/1221 1219/1219/1219 1220/1220/1220
f 1221/1221/1221 1222/1222/1222 1219/1219/1219
f 1223/1223/1223 1218/1218/1218 1217/1217/1217
f 1223/1223/1223 1217/1217/1217 1219/1219/1219
f 1218/1218/1218 1223/1223/1223 1224/1224/1224
f 1219/1219/1219 1222/1222/1222 1225/1225/1225
f 1223/1223/1223 1219/1219/1219 1225/1225/1225
f 1222/1222/1222 1226/1226/1226 1225/1225/1225
f 1225/1225/1225 1226/1226/1226 1227/1227/1227
f 1223/1223/1223 1225/1225/1225 1227/1227/1227
f 1227/1227/1227 1226/1226/1226 1228/1228/1228
f 1229/1229/1229 1227/1227/1227 1228/1228/1228
f 1223/1223/1223 1230/1230/1230 1224/1224/1224
f 1230/1230/1230 1223/1223/1223 1227/1227/1227
f 1224/1224/1224 1230/1230/1230 1231/1231/1231
f 1227/1227/1227 1232/1232/1232 1230/1230/1230
f 1230/1230/1230 1232/1232/1232 1231/1231/1231
f 1232/1232/1232 1227/1227/1227 1233/1233/1233
f 1231/1231/1231 1232/1232/1232 1234/1234/1234
f 1232/1232/1232 1233/1233/1233 1235/1235/1235
f 1235/1235/1235 1233/1233/1233 1236/1236/1236
f 1235/1235/1235 1236/1236/1236 1237/1237/1237
f 1232/1232/1232 1235/1235/1235 1238/1238/1238
f 1234/1234/1234 1232/1232/1232 1238/1238/1238
f 1238/1238/1238 1235/1235/1235 1239/1239/1239
f 1239/1239/1239 1234/1234/1234 1238/1238/1238
f 1239/1239/1239 1235/1235/1235 1237/1237/1237
f 1240/1240/1240 1234/1234/1234 1239/1239/1239
f 1240/1240/1240 1239/1239/1239 1237/1237/1237
f 1234/1234/1234 1240/1240/1240 1241/1241/1241
f 1241/1241/1241 1240/1240/1240 1242/1242/1242
f 1237/1237/1237 1243/1243/1243 1240/1240/1240
f 1240/1240/1240 1243/1243/1243 1244/1244/1244
f 1243/1243/1243 1237/1237/1237 1245/1245/1245
f 1246/1246/1246 1244/1244/1244 1243/1243/1243
f 1247/1247/1247 1243/1243/1243 1245/1245/1245
f 1243/1243/1243 1247/1247/1247 1246/1246/1246
f 1247/1247/1247 1245/1245/1245 1248/1248/1248
f 1247/1247/1247 1249/1249/1249 1246/1246/1246
f 1249/1249/1249 1247/1247/1247 1248/1248/1248
f 1246/1246/1246 1249/1249/1249 1250/1250/1250
f 1249/1249/1249 1248/1248/1248 1250/1250/1250
f 1250/1250/1250 1251/1251/1251 1246/1246/1246
f 1250/1250/1250 1248/1248/1248 1252/1252/1252
f 1253/1253/1253 1252/1252/1252 1248/1248/1248
f 1253/1253/1253 1248/1248/1248 1254/1254/1254
f 1255/1255/1255 1252/1252/1252 1253/1253/1253
f 1252/1252/1252 1255/1255/1255 1256/1256/1256
f 1257/1257/1257 1252/1252/1252 1256/1256/1256
f 1257/1257/1257 1256/1256/1256 1258/1258/1258
f 1250/1250/1250 1252/1252/1252 1259/1259/1259
f 1257/1257/1257 1259/1259/1259 1252/1252/1252
f 1260/1260/1260 1250/1250/1250 1259/1259/1259
f 1260/1260/1260 1251/1251/1251 1250/1250/1250
f 1259/1259/1259 1257/1257/1257 1260/1260/1260
f 1257/1257/1257 1258/1258/1258 1261/1261/1261
f 1260/1260/1260 1257/1257/1257 1261/1261/1261
f 1262/1262/1262 1251/1251/1251 1260/1260/1260
f 1262/1262/1262 1263/1263/1263 1251/1251/1251
f 1263/1263/1263 1262/1262/1262 1264/1264/1264
f 1265/1265/1265 1262/1262/1262 1260/1260/1260
f 1264/1264/1264 1262/1262/1262 1265/1265/1265
f 1260/1260/1260 1261/1261/1261 1265/1265/1265
f 1266/1266/1266 1264/1264/1264 1265/1265/1265
f 1267/1267/1267 1261/1261/1261 1258/1258/1258
f 1267/1267/1267 1258/1258/1258 1268/1268/1268
f 1266/1266/1266 1265/1265/1265 1269/1269/1269
f 1270/1270/1270 1266/1266/1266 1269/1269/1269
f 1265/1265/1265 1261/1261/1261 1271/1271/1271
f 1271/1271/1271 1261/1261/1261 1267/1267/1267
f 1265/1265/1265 1271/1271/1271 1269/1269/1269
f 1268/1268/1268 1272/1272/1272 1267/1267/1267
f 1272/1272/1272 1268/1268/1268 1273/1273/1273
f 1273/1273/1273 1274/1274/1274 1272/1272/1272
f 1267/1267/1267 1275/1275/1275 1271/1271/1271
f 1269/1269/1269 1271/1271/1271 1275/1275/1275
f 1275/1275/1275 1267/1267/1267 1272/1272/1272
f 1270/1270/1270 1269/1269/1269 1276/1276/1276
f 1276/1276/1276 1269/1269/1269 1275/1275/1275
f 1277/1277/1277 1270/1270/1270 1276/1276/1276
f 1275/1275/1275 1278/1278/1278 1276/1276/1276
f 1278/1278/1278 1277/1277/1277 1276/1276/1276
f 1275/1275/1275 1272/1272/1272 1278/1278/1278
f 1279/1279/1279 1277/1277/1277 1278/1278/1278
f 1272/1272/1272 1274/1274/1274 1280/1280/1280
f 1278/1278/1278 1272/1272/1272 1280/1280/1280
f 1278/1278/1278 1281/1281/1281 1279/1279/1279
f 1280/1280/1280 1281/1281/1281 1278/1278/1278
f 1282/1282/1282 1279/1279/1279 1281/1281/1281
f 1280/1280/1280 1274/1274/1274 1283/1283/1283
f 1283/1283/1283 1274/1274/1274 1284/1284/1284
f 1284/1284/1284 1285/1285/1285 1283/1283/1283
f 1286/1286/1286 1281/1281/1281 1280/1280/1280
f 1282/1282/1282 1281/1281/1281 1286/1286/1286
f 1286/1286/1286 1280/1280/1280 1283/1283/1283
f 1287/1287/1287 1282/1282/1282 1286/1286/1286
f 1286/1286/1286 1283/1283/1283 1287/1287/1287
f 1288/1288/1288 1282/1282/1282 1287/1287/1287
f 1288/1288/1288 1287/1287/1287 1289/1289/1289
f 1285/1285/1285 1290/1290/1290 1283/1283/1283
f 1287/1287/1287 1283/1283/1283 1290/1290/1290
f 1285/1285/1285 1291/1291/1291 1290/1290/1290
f 1290/1290/1290 1291/1291/1291 1292/1292/1292
f 1287/1287/1287 1290/1290/1290 1292/1292/1292
f 1293/1293/1293 1292/1292/1292 1291/1291/1291
f 1289/1289/1289 1287/1287/1287 1294/1294/1294
f 1287/1287/1287 1292/1292/1292 1294/1294/1294
f 1295/1295/1295 1289/1289/1289 1294/1294/1294
f 1296/1296/1296 1292/1292/1292 1293/1293/1293
f 1296/1296/1296 1293/1293/1293 1297/1297/1297
f 1298/1298/1298 1296/1296/1296 1297/1297/1297
f 1298/1298/1298 1297/1297/1297 1299/1299/1299
f 1298/1298/1298 1299/1299/1299 1300/1300/1300
f 1298/1298/1298 1300/1300/1300 1301/1301/1301
f 1301/1301/1301 1302/1302/1302 1298/1298/1298
f 1292/1292/1292 1296/1296/1296 1303/1303/1303
f 1294/1294/1294 1292/1292/1292 1303/1303/1303
f 1303/1303/1303 1296/1296/1296 1298/1298/1298
f 1304/1304/1304 1294/1294/1294 1303/1303/1303
f 1304/1304/1304 1303/1303/1303 1298/1298/1298
f 1295/1295/1295 1294/1294/1294 1304/1304/1304
f 1304/1304/1304 1298/1298/1298 1302/1302/1302
f 1302/1302/1302 1305/1305/1305 1304/1304/1304
f 1306/1306/1306 1304/1304/1304 1305/1305/1305
f 1306/1306/1306 1295/1295/1295 1304/1304/1304
f 1302/1302/1302 1307/1307/1307 1305/1305/1305
f 1305/1305/1305 1307/1307/1307 1306/1306/1306
f 1308/1308/1308 1307/1307/1307 1302/1302/1302
f 1307/1307/1307 1309/1309/1309 1306/1306/1306
f 1306/1306/1306 1309/1309/1309 1295/1295/1295
f 1307/1307/1307 1310/1310/1310 1309/1309/1309
f 1311/1311/1311 1295/1295/1295 1309/1309/1309
f 1312/1312/1312 1295/1295/1295 1311/1311/1311
f 1312/1312/1312 1313/1313/1313 1295/1295/1295
f 1316/1316/1316 1315/1315/1315 1314/1314/1314
f 1317/1317/1317 1316/1316/1316 1314/1314/1314
f 1318/1318/1318 1316/1316/1316 1317/1317/1317
f 1318/1318/1318 1317/1317/1317 1319/1319/1319
f 1320/1320/1320 1318/1318/1318 1319/1319/1319
f 1318/1318/1318 1321/1321/1321 1316/1316/1316
f 1321/1321/1321 1318/1318/1318 1322/1322/1322
f 1322/1322/1322 1323/1323/1323 1321/1321/1321
f 1320/1320/1320 1324/1324/1324 1318/1318/1318
f 1322/1322/1322 1318/1318/1318 1324/1324/1324
f 1325/1325/1325 1324/1324/1324 1320/1320/1320
f 1322/1322/1322 1324/1324/1324 1325/1325/1325
f 1326/1326/1326 1325/1325/1325 1320/1320/1320
f 1326/1326/1326 1327/1327/1327 1325/1325/1325
f 1328/1328/1328 1327/1327/1327 1326/1326/1326
f 1329/1329/1329 1327/1327/1327 1328/1328/1328
f 1321/1321/1321 1330/1330/1330 1316/1316/1316
f 1330/1330/1330 1331/1331/1331 1316/1316/1316
f 1330/1330/1330 1321/1321/1321 1332/1332/1332
f 1323/1323/1323 1332/1332/1332 1321/1321/1321
f 1330/1330/1330 1333/1333/1333 1331/1331/1331
f 1332/1332/1332 1333/1333/1333 1330/1330/1330
f 1334/1334/1334 1327/1327/1327 1329/1329/1329
f 1329/1329/1329 1335/1335/1335 1334/1334/1334
f 1335/1335/1335 1336/1336/1336 1334/1334/1334
f 1337/1337/1337 1334/1334/1334 1336/1336/1336
f 1334/1334/1334 1337/1337/1337 1327/1327/1327
f 1331/1331/1331 1333/1333/1333 1338/1338/1338
f 1331/1331/1331 1338/1338/1338 1339/1339/1339
f 1340/1340/1340 1338/1338/1338 1333/1333/1333
f 1338/1338/1338 1340/1340/1340 1339/1339/1339
f 1332/1332/1332 1341/1341/1341 1333/1333/1333
f 1333/1333/1333 1341/1341/1341 1340/1340/1340
f 1342/1342/1342 1339/1339/1339 1340/1340/1340
f 1339/1339/1339 1342/1342/1342 1343/1343/1343
f 1344/1344/1344 1341/1341/1341 1332/1332/1332
f 1344/1344/1344 1332/1332/1332 1323/1323/1323
f 1341/1341/1341 1345/1345/1345 1340/1340/1340
f 1345/1345/1345 1342/1342/1342 1340/1340/1340
f 1342/1342/1342 1346/1346/1346 1343/1343/1343
f 1346/1346/1346 1347/1347/1347 1343/1343/1343
f 1342/1342/1342 1348/1348/1348 1346/1346/1346
f 1345/1345/1345 1348/1348/1348 1342/1342/1342
f 1348/1348/1348 1349/1349/1349 1346/1346/1346
f 1348/1348/1348 1350/1350/1350 1349/1349/1349
f 1345/1345/1345 1350/1350/1350 1348/1348/1348
f 1350/1350/1350 1351/1351/1351 1349/1349/1349
f 1351/1351/1351 1350/1350/1350 1345/1345/1345
f 1351/1351/1351 1352/1352/1352 1349/1349/1349
f 1341/1341/1341 1353/1353/1353 1345/1345/1345
f 1353/1353/1353 1351/1351/1351 1345/1345/1345
f 1351/1351/1351 1354/1354/1354 1352/1352/1352
f 1354/1354/1354 1355/1355/1355 1352/1352/1352
f 1354/1354/1354 1351/1351/1351 1356/1356/1356
f 1356/1356/1356 1351/1351/1351 1353/1353/1353
f 1357/1357/1357 1354/1354/1354 1356/1356/1356
f 1357/1357/1357 1356/1356/1356 1353/1353/1353
f 1358/1358/1358 1353/1353/1353 1341/1341/1341
f 1358/1358/1358 1357/1357/1357 1353/1353/1353
f 1358/1358/1358 1359/1359/1359 1357/1357/1357
f 1344/1344/1344 1358/1358/1358 1341/1341/1341
f 1360/1360/1360 1359/1359/1359 1358/1358/1358
f 1360/1360/1360 1358/1358/1358 1344/1344/1344
f 1360/1360/1360 1344/1344/1344 1361/1361/1361
f 1361/1361/1361 1344/1344/1344 1323/1323/1323
f 1361/1361/1361 1362/1362/1362 1360/1360/1360
f 1360/1360/1360 1362/1362/1362 1363/1363/1363
f 1364/1364/1364 1360/1360/1360 1363/1363/1363
f 1361/1361/1361 1365/1365/1365 1362/1362/1362
f 1365/1365/1365 1361/1361/1361 1323/1323/1323
f 1362/1362/1362 1365/1365/1365 1366/1366/1366
f 1365/1365/1365 1367/1367/1367 1366/1366/1366
f 1368/1368/1368 1367/1367/1367 1365/1365/1365
f 1365/1365/1365 1323/1323/1323 1369/1369/1369
f 1370/1370/1370 1365/1365/1365 1369/1369/1369
f 1371/1371/1371 1369/1369/1369 1323/1323/1323
f 1323/1323/1323 1322/1322/1322 1371/1371/1371
f 1369/1369/1369 1371/1371/1371 1372/1372/1372
f 1322/1322/1322 1372/1372/1372 1371/1371/1371
f 1369/1369/1369 1373/1373/1373 1370/1370/1370
f 1373/1373/1373 1369/1369/1369 1372/1372/1372
f 1370/1370/1370 1373/1373/1373 1374/1374/1374
f 1375/1375/1375 1370/1370/1370 1374/1374/1374
f 1374/1374/1374 1376/1376/1376 1375/1375/1375
f 1374/1374/1374 1377/1377/1377 1376/1376/1376
f 1378/1378/1378 1376/1376/1376 1377/1377/1377
f 1373/1373/1373 1379/1379/1379 1374/1374/1374
f 1372/1372/1372 1379/1379/1379 1373/1373/1373
f 1380/1380/1380 1372/1372/1372 1322/1322/1322
f 1325/1325/1325 1380/1380/1380 1322/1322/1322
f 1380/1380/1380 1381/1381/1381 1372/1372/1372
f 1381/1381/1381 1379/1379/1379 1372/1372/1372
f 1325/1325/1325 1382/1382/1382 1380/1380/1380
f 1381/1381/1381 1380/1380/1380 1382/1382/1382
f 1325/1325/1325 1327/1327/1327 1382/1382/1382
f 1382/1382/1382 1383/1383/1383 1381/1381/1381
f 1379/1379/1379 1381/1381/1381 1383/1383/1383
f 1327/1327/1327 1383/1383/1383 1382/1382/1382
f 1379/1379/1379 1384/1384/1384 1374/1374/1374
f 1377/1377/1377 1374/1374/1374 1384/1384/1384
f 1383/1383/1383 1384/1384/1384 1379/1379/1379
f 1377/1377/1377 1384/1384/1384 1383/1383/1383
f 1385/1385/1385 1383/1383/1383 1327/1327/1327
f 1383/1383/1383 1385/1385/1385 1377/1377/1377
f 1337/1337/1337 1385/1385/1385 1327/1327/1327
f 1378/1378/1378 1377/1377/1377 1386/1386/1386
f 1378/1378/1378 1386/1386/1386 1387/1387/1387
f 1385/1385/1385 1337/1337/1337 1388/1388/1388
f 1389/1389/1389 1388/1388/1388 1337/1337/1337
f 1390/1390/1390 1377/1377/1377 1385/1385/1385
f 1386/1386/1386 1377/1377/1377 1390/1390/1390
f 1388/1388/1388 1390/1390/1390 1385/1385/1385
f 1390/1390/1390 1391/1391/1391 1386/1386/1386
f 1387/1387/1387 1386/1386/1386 1391/1391/1391
f 1388/1388/1388 1391/1391/1391 1390/1390/1390
f 1389/1389/1389 1392/1392/1392 1388/1388/1388
f 1393/1393/1393 1392/1392/1392 1389/1389/1389
f 1391/1391/1391 1394/1394/1394 1387/1387/1387
f 1395/1395/1395 1394/1394/1394 1391/1391/1391
f 1387/1387/1387 1394/1394/1394 1396/1396/1396
f 1396/1396/1396 1394/1394/1394 1397/1397/1397
f 1391/1391/1391 1388/1388/1388 1398/1398/1398
f 1388/1388/1388 1392/1392/1392 1398/1398/1398
f 1395/1395/1395 1391/1391/1391 1398/1398/1398
f 1392/1392/1392 1395/1395/1395 1398/1398/1398
f 1399/1399/1399 1392/1392/1392 1393/1393/1393
f 1395/1395/1395 1392/1392/1392 1399/1399/1399
f 1400/1400/1400 1399/1399/1399 1393/1393/1393
f 1397/1397/1397 1394/1394/1394 1401/1401/1401
f 1394/1394/1394 1395/1395/1395 1401/1401/1401
f 1402/1402/1402 1397/1397/1397 1401/1401/1401
f 1401/1401/1401 1395/1395/1395 1403/1403/1403
f 1401/1401/1401 1403/1403/1403 1402/1402/1402
f 1399/1399/1399 1400/1400/1400 1404/1404/1404
f 1405/1405/1405 1404/1404/1404 1400/1400/1400
f 1406/1406/1406 1395/1395/1395 1399/1399/1399
f 1395/1395/1395 1406/1406/1406 1403/1403/1403
f 1403/1403/1403 1406/1406/1406 1407/1407/1407
f 1403/1403/1403 1408/1408/1408 1402/1402/1402
f 1403/1403/1403 1407/1407/1407 1408/1408/1408
f 1402/1402/1402 1408/1408/1408 1409/1409/1409
f 1409/1409/1409 1408/1408/1408 1407/1407/1407
f 1409/1409/1409 1407/1407/1407 1410/1410/1410
f 1406/1406/1406 1399/1399/1399 1411/1411/1411
f 1404/1404/1404 1411/1411/1411 1399/1399/1399
f 1407/1407/1407 1412/1412/1412 1410/1410/1410
f 1410/1410/1410 1412/1412/1412 1413/1413/1413
f 1407/1407/1407 1406/1406/1406 1414/1414/1414
f 1411/1411/1411 1414/1414/1414 1406/1406/1406
f 1414/1414/1414 1415/1415/1415 1407/1407/1407
f 1414/1414/1414 1411/1411/1411 1415/1415/1415
f 1412/1412/1412 1407/1407/1407 1415/1415/1415
f 1411/1411/1411 1404/1404/1404 1416/1416/1416
f 1411/1411/1411 1416/1416/1416 1415/1415/1415
f 1417/1417/1417 1413/1413/1413 1412/1412/1412
f 1415/1415/1415 1418/1418/1418 1412/1412/1412
f 1412/1412/1412 1418/1418/1418 1417/1417/1417
f 1419/1419/1419 1417/1417/1417 1418/1418/1418
f 1420/1420/1420 1419/1419/1419 1418/1418/1418
f 1415/1415/1415 1420/1420/1420 1418/1418/1418
f 1416/1416/1416 1420/1420/1420 1415/1415/1415
f 1420/1420/1420 1421/1421/1421 1419/1419/1419
f 1422/1422/1422 1420/1420/1420 1416/1416/1416
f 1417/1417/1417 1423/1423/1423 1413/1413/1413
f 1417/1417/1417 1419/1419/1419 1423/1423/1423
f 1413/1413/1413 1423/1423/1423 1424/1424/1424
f 1423/1423/1423 1419/1419/1419 1424/1424/1424
f 1422/1422/1422 1416/1416/1416 1425/1425/1425
f 1425/1425/1425 1416/1416/1416 1404/1404/1404
f 1426/1426/1426 1422/1422/1422 1425/1425/1425
f 1404/1404/1404 1426/1426/1426 1425/1425/1425
f 1426/1426/1426 1404/1404/1404 1427/1427/1427
f 1421/1421/1421 1428/1428/1428 1419/1419/1419
f 1429/1429/1429 1428/1428/1428 1421/1421/1421
f 1424/1424/1424 1419/1419/1419 1430/1430/1430
f 1430/1430/1430 1431/1431/1431 1424/1424/1424
f 1424/1424/1424 1431/1431/1431 1432/1432/1432
f 1430/1430/1430 1433/1433/1433 1431/1431/1431
f 1434/1434/1434 1433/1433/1433 1430/1430/1430
f 1419/1419/1419 1434/1434/1434 1430/1430/1430
f 1434/1434/1434 1435/1435/1435 1433/1433/1433
f 1436/1436/1436 1434/1434/1434 1419/1419/1419
f 1434/1434/1434 1436/1436/1436 1435/1435/1435
f 1419/1419/1419 1428/1428/1428 1436/1436/1436
f 1435/1435/1435 1436/1436/1436 1437/1437/1437
f 1437/1437/1437 1438/1438/1438 1435/1435/1435
f 1436/1436/1436 1428/1428/1428 1439/1439/1439
f 1436/1436/1436 1439/1439/1439 1437/1437/1437
f 1429/1429/1429 365/365/365 1428/1428/1428
f 1440/1440/1440 365/365/365 1429/1429/1429
f 1429/1429/1429 1441/1441/1441 1440/1440/1440
f 1441/1441/1441 1442/1442/1442 1440/1440/1440
f 1428/1428/1428 1443/1443/1443 1439/1439/1439
f 365/365/365 1443/1443/1443 1428/1428/1428
f 1439/1439/1439 1444/1444/1444 1437/1437/1437
f 1445/1445/1445 1438/1438/1438 1437/1437/1437
f 1445/1445/1445 1437/1437/1437 1444/1444/1444
f 1445/1445/1445 1444/1444/1444 1446/1446/1446
f 1439/1439/1439 1447/1447/1447 1444/1444/1444
f 1443/1443/1443 1447/1447/1447 1439/1439/1439
f 1443/1443/1443 1448/1448/1448 1447/1447/1447
f 1443/1443/1443 365/365/365 1449/1449/1449
f 1443/1443/1443 1449/1449/1449 1448/1448/1448
f 365/365/365 1450/1450/1450 1449/1449/1449
f 1449/1449/1449 1450/1450/1450 1448/1448/1448
f 1450/1450/1450 365/365/365 366/366/366
f 1444/1444/1444 1447/1447/1447 1451/1451/1451
f 1444/1444/1444 1451/1451/1451 1446/1446/1446
f 1450/1450/1450 366/366/366 1452/1452/1452
f 1448/1448/1448 1450/1450/1450 1452/1452/1452
f 1452/1452/1452 366/366/366 1453/1453/1453
f 1448/1448/1448 1452/1452/1452 1454/1454/1454
f 1448/1448/1448 1454/1454/1454 1455/1455/1455
f 1456/1456/1456 1448/1448/1448 1455/1455/1455
f 1448/1448/1448 1456/1456/1456 1447/1447/1447
f 1447/1447/1447 1456/1456/1456 1451/1451/1451
f 1456/1456/1456 1457/1457/1457 1451/1451/1451
f 1446/1446/1446 1451/1451/1451 1457/1457/1457
f 371/371/371 1453/1453/1453 366/366/366
f 371/371/371 1458/1458/1458 1453/1453/1453
f 1453/1453/1453 1458/1458/1458 1459/1459/1459
f 370/370/370 1458/1458/1458 371/371/371
f 1459/1459/1459 1458/1458/1458 1460/1460/1460
f 1458/1458/1458 370/370/370 1461/1461/1461
f 1460/1460/1460 1458/1458/1458 1461/1461/1461
f 1461/1461/1461 370/370/370 372/372/372
f 1461/1461/1461 372/372/372 382/382/382
f 1461/1461/1461 1462/1462/1462 1460/1460/1460
f 1461/1461/1461 382/382/382 1462/1462/1462
f 1463/1463/1463 1460/1460/1460 1462/1462/1462
f 1464/1464/1464 1462/1462/1462 382/382/382
f 1463/1463/1463 1462/1462/1462 1465/1465/1465
f 1463/1463/1463 1465/1465/1465 1466/1466/1466
f 1465/1465/1465 1462/1462/1462 1467/1467/1467
f 1462/1462/1462 1464/1464/1464 1467/1467/1467
f 1465/1465/1465 1467/1467/1467 1468/1468/1468
f 1467/1467/1467 1464/1464/1464 1468/1468/1468
f 1468/1468/1468 1464/1464/1464 1469/1469/1469
f 1468/1468/1468 1469/1469/1469 1470/1470/1470
f 1470/1470/1470 1469/1469/1469 1471/1471/1471
f 1470/1470/1470 1471/1471/1471 1472/1472/1472
f 1471/1471/1471 1473/1473/1473 1472/1472/1472
f 1476/1476/1476 1475/1475/1475 1474/1474/1474
f 1477/1477/1477 1475/1475/1475 1476/1476/1476
f 1478/1478/1478 1475/1475/1475 1477/1477/1477
f 1478/1478/1478 1477/1477/1477 1479/1479/1479
f 1480/1480/1480 1478/1478/1478 1479/1479/1479
f 1481/1481/1481 1478/1478/1478 1480/1480/1480
f 1482/1482/1482 1481/1481/1481 1480/1480/1480
f 1482/1482/1482 1480/1480/1480 1483/1483/1483
f 1479/1479/1479 1484/1484/1484 1480/1480/1480
f 1483/1483/1483 1480/1480/1480 1484/1484/1484
f 1485/1485/1485 1484/1484/1484 1479/1479/1479
f 1477/1477/1477 1485/1485/1485 1479/1479/1479
f 1484/1484/1484 1486/1486/1486 1483/1483/1483
f 1484/1484/1484 1485/1485/1485 1486/1486/1486
f 1483/1483/1483 1486/1486/1486 1487/1487/1487
f 1487/1487/1487 1486/1486/1486 1488/1488/1488
f 1489/1489/1489 1487/1487/1487 1488/1488/1488
f 1486/1486/1486 1485/1485/1485 1490/1490/1490
f 1486/1486/1486 1490/1490/1490 1488/1488/1488
f 1489/1489/1489 1488/1488/1488 1491/1491/1491
f 1489/1489/1489 1491/1491/1491 1492/1492/1492
f 1493/1493/1493 1491/1491/1491 1488/1488/1488
f 1491/1491/1491 1493/1493/1493 1494/1494/1494
f 1488/1488/1488 1495/1495/1495 1493/1493/1493
f 1490/1490/1490 1495/1495/1495 1488/1488/1488
f 1490/1490/1490 1496/1496/1496 1495/1495/1495
f 1495/1495/1495 1496/1496/1496 1497/1497/1497
f 1496/1496/1496 1498/1498/1498 1497/1497/1497
f 1498/1498/1498 1499/1499/1499 1497/1497/1497
f 1498/1498/1498 1500/1500/1500 1499/1499/1499
f 1501/1501/1501 1490/1490/1490 1485/1485/1485
f 1490/1490/1490 1501/1501/1501 1496/1496/1496
f 1502/1502/1502 1498/1498/1498 1496/1496/1496
f 1502/1502/1502 1496/1496/1496 1501/1501/1501
f 1503/1503/1503 1501/1501/1501 1485/1485/1485
f 1477/1477/1477 1503/1503/1503 1485/1485/1485
f 1504/1504/1504 1502/1502/1502 1501/1501/1501
f 1502/1502/1502 1504/1504/1504 1498/1498/1498
f 1503/1503/1503 1504/1504/1504 1501/1501/1501
f 1477/1477/1477 1505/1505/1505 1503/1503/1503
f 1505/1505/1505 1477/1477/1477 1506/1506/1506
f 1505/1505/1505 1507/1507/1507 1503/1503/1503
f 1503/1503/1503 1507/1507/1507 1504/1504/1504
f 1504/1504/1504 1507/1507/1507 1508/1508/1508
f 1504/1504/1504 1509/1509/1509 1498/1498/1498
f 1508/1508/1508 1509/1509/1509 1504/1504/1504
f 1498/1498/1498 1510/1510/1510 1500/1500/1500
f 1509/1509/1509 1510/1510/1510 1498/1498/1498
f 1508/1508/1508 1511/1511/1511 1509/1509/1509
f 1511/1511/1511 1510/1510/1510 1509/1509/1509
f 1511/1511/1511 1508/1508/1508 1512/1512/1512
f 1510/1510/1510 1513/1513/1513 1500/1500/1500
f 1513/1513/1513 1514/1514/1514 1500/1500/1500
f 1514/1514/1514 1513/1513/1513 1515/1515/1515
f 1513/1513/1513 1516/1516/1516 1515/1515/1515
f 1515/1515/1515 1516/1516/1516 1517/1517/1517
f 1518/1518/1518 1517/1517/1517 1516/1516/1516
f 1511/1511/1511 1519/1519/1519 1510/1510/1510
f 1511/1511/1511 1512/1512/1512 1520/1520/1520
f 1520/1520/1520 1519/1519/1519 1511/1511/1511
f 1521/1521/1521 1520/1520/1520 1512/1512/1512
f 1522/1522/1522 1519/1519/1519 1520/1520/1520
f 1523/1523/1523 1520/1520/1520 1521/1521/1521
f 1522/1522/1522 1520/1520/1520 1523/1523/1523
f 1526/1526/1526 1525/1525/1525 1524/1524/1524
f 1524/1524/1524 1525/1525/1525 1527/1527/1527
f 1527/1527/1527 1528/1528/1528 1524/1524/1524
f 1524/1524/1524 1528/1528/1528 1529/1529/1529
f 1524/1524/1524 1529/1529/1529 1530/1530/1530
f 1529/1529/1529 1531/1531/1531 1530/1530/1530
f 1530/1530/1530 1531/1531/1531 1532/1532/1532
f 1529/1529/1529 1533/1533/1533 1531/1531/1531
f 1528/1528/1528 1534/1534/1534 1529/1529/1529
f 1528/1528/1528 1535/1535/1535 1534/1534/1534
f 1536/1536/1536 1535/1535/1535 1528/1528/1528
f 1535/1535/1535 1537/1537/1537 1534/1534/1534
f 1537/1537/1537 1538/1538/1538 1534/1534/1534
f 1538/1538/1538 1537/1537/1537 1539/1539/1539
f 1540/1540/1540 1538/1538/1538 1539/1539/1539
f 1535/1535/1535 1541/1541/1541 1537/1537/1537
f 1536/1536/1536 1541/1541/1541 1535/1535/1535
f 1527/1527/1527 1542/1542/1542 1528/1528/1528
f 1542/1542/1542 1536/1536/1536 1528/1528/1528
f 1543/1543/1543 1537/1537/1537 1541/1541/1541
f 1543/1543/1543 1544/1544/1544 1537/1537/1537
f 1545/1545/1545 1543/1543/1543 1541/1541/1541
f 1545/1545/1545 1544/1544/1544 1543/1543/1543
f 1536/1536/1536 1546/1546/1546 1541/1541/1541
f 1546/1546/1546 1545/1545/1545 1541/1541/1541
f 1547/1547/1547 1542/1542/1542 1527/1527/1527
f 1548/1548/1548 1547/1547/1547 1527/1527/1527
f 1549/1549/1549 1548/1548/1548 1527/1527/1527
f 1549/1549/1549 1550/1550/1550 1548/1548/1548
f 1551/1551/1551 1550/1550/1550 1549/1549/1549
f 1547/1547/1547 1552/1552/1552 1542/1542/1542
f 1552/1552/1552 1553/1553/1553 1542/1542/1542
f 1554/1554/1554 1553/1553/1553 1552/1552/1552
f 1555/1555/1555 1553/1553/1553 1554/1554/1554
f 1553/1553/1553 1556/1556/1556 1542/1542/1542
f 1536/1536/1536 1542/1542/1542 1556/1556/1556
f 1557/1557/1557 1536/1536/1536 1556/1556/1556
f 1558/1558/1558 1536/1536/1536 1557/1557/1557
f 1536/1536/1536 1558/1558/1558 1546/1546/1546
f 1558/1558/1558 1559/1559/1559 1546/1546/1546
f 1559/1559/1559 1545/1545/1545 1546/1546/1546
f 1559/1559/1559 1560/1560/1560 1545/1545/1545
f 1559/1559/1559 1561/1561/1561 1560/1560/1560
f 1561/1561/1561 1562/1562/1562 1560/1560/1560
f 1545/1545/1545 1560/1560/1560 1563/1563/1563
f 1563/1563/1563 1544/1544/1544 1545/1545/1545
f 1564/1564/1564 1560/1560/1560 1562/1562/1562
f 1560/1560/1560 1564/1564/1564 1563/1563/1563
f 1565/1565/1565 1564/1564/1564 1562/1562/1562
f 1565/1565/1565 1566/1566/1566 1564/1564/1564
f 1565/1565/1565 1567/1567/1567 1566/1566/1566
f 1567/1567/1567 1568/1568/1568 1566/1566/1566
f 1563/1563/1563 1569/1569/1569 1544/1544/1544
f 1563/1563/1563 1564/1564/1564 1569/1569/1569
f 1569/1569/1569 1570/1570/1570 1544/1544/1544
f 1571/1571/1571 1569/1569/1569 1564/1564/1564
f 1571/1571/1571 1570/1570/1570 1569/1569/1569
f 1566/1566/1566 1571/1571/1571 1564/1564/1564
f 1570/1570/1570 1571/1571/1571 1572/1572/1572
f 1571/1571/1571 1566/1566/1566 1572/1572/1572
f 1570/1570/1570 1572/1572/1572 1573/1573/1573
f 1572/1572/1572 1574/1574/1574 1573/1573/1573
f 1566/1566/1566 1568/1568/1568 1575/1575/1575
f 1568/1568/1568 1576/1576/1576 1575/1575/1575
f 1575/1575/1575 1576/1576/1576 1577/1577/1577
f 1576/1576/1576 1578/1578/1578 1577/1577/1577
f 1579/1579/1579 1572/1572/1572 1566/1566/1566
f 1566/1566/1566 1575/1575/1575 1579/1579/1579
f 1579/1579/1579 1574/1574/1574 1572/1572/1572
f 1577/1577/1577 1579/1579/1579 1575/1575/1575
f 1574/1574/1574 1579/1579/1579 1580/1580/1580
f 1579/1579/1579 1577/1577/1577 1580/1580/1580
f 1574/1574/1574 1580/1580/1580 1581/1581/1581
f 1580/1580/1580 1582/1582/1582 1581/1581/1581
f 1580/1580/1580 1577/1577/1577 1582/1582/1582
f 1581/1581/1581 1582/1582/1582 1583/1583/1583
f 1582/1582/1582 1577/1577/1577 1583/1583/1583
f 1583/1583/1583 1577/1577/1577 1584/1584/1584
f 1578/1578/1578 1585/1585/1585 1577/1577/1577
f 1577/1577/1577 1585/1585/1585 1584/1584/1584
f 1585/1585/1585 1586/1586/1586 1584/1584/1584
f 1587/1587/1587 1584/1584/1584 1586/1586/1586
f 1586/1586/1586 1588/1588/1588 1587/1587/1587
f 1578/1578/1578 1589/1589/1589 1585/1585/1585
f 1586/1586/1586 1585/1585/1585 1589/1589/1589
f 1590/1590/1590 1589/1589/1589 1578/1578/1578
f 1591/1591/1591 1589/1589/1589 1590/1590/1590
f 1591/1591/1591 1586/1586/1586 1589/1589/1589
f 1586/1586/1586 1591/1591/1591 1592/1592/1592
f 1586/1586/1586 1593/1593/1593 1588/1588/1588
f 1586/1586/1586 1592/1592/1592 1593/1593/1593
f 1593/1593/1593 1592/1592/1592 1594/1594/1594
f 1588/1588/1588 1593/1593/1593 1595/1595/1595
f 1595/1595/1595 1593/1593/1593 1594/1594/1594
f 1594/1594/1594 1596/1596/1596 1595/1595/1595
f 1592/1592/1592 1597/1597/1597 1594/1594/1594
f 1596/1596/1596 1594/1594/1594 1598/1598/1598
f 1597/1597/1597 1599/1599/1599 1594/1594/1594
f 1598/1598/1598 1594/1594/1594 1600/1600/1600
f 1599/1599/1599 1600/1600/1600 1594/1594/1594
f 1601/1601/1601 1598/1598/1598 1600/1600/1600
f 1599/1599/1599 1601/1601/1601 1600/1600/1600
f 1602/1602/1602 1598/1598/1598 1601/1601/1601
f 1597/1597/1597 1603/1603/1603 1599/1599/1599
f 1603/1603/1603 1601/1601/1601 1599/1599/1599
f 1597/1597/1597 1604/1604/1604 1603/1603/1603
f 1604/1604/1604 1605/1605/1605 1603/1603/1603
f 1605/1605/1605 1604/1604/1604 1606/1606/1606
f 1606/1606/1606 1607/1607/1607 1605/1605/1605
f 1603/1603/1603 1608/1608/1608 1601/1601/1601
f 1603/1603/1603 1605/1605/1605 1608/1608/1608
f 1608/1608/1608 1609/1609/1609 1601/1601/1601
f 1601/1601/1601 1609/1609/1609 1602/1602/1602
f 1608/1608/1608 1605/1605/1605 1609/1609/1609
f 1610/1610/1610 1602/1602/1602 1609/1609/1609
f 1605/1605/1605 1610/1610/1610 1609/1609/1609
f 1611/1611/1611 1602/1602/1602 1610/1610/1610
f 1612/1612/1612 1611/1611/1611 1610/1610/1610
f 1612/1612/1612 1613/1613/1613 1611/1611/1611
f 1605/1605/1605 1614/1614/1614 1610/1610/1610
f 1612/1612/1612 1610/1610/1610 1614/1614/1614
f 1605/1605/1605 1615/1615/1615 1614/1614/1614
f 1607/1607/1607 1615/1615/1615 1605/1605/1605
f 1615/1615/1615 1612/1612/1612 1614/1614/1614
f 1607/1607/1607 1616/1616/1616 1615/1615/1615
f 1616/1616/1616 1612/1612/1612 1615/1615/1615
f 1607/1607/1607 1617/1617/1617 1616/1616/1616
f 1612/1612/1612 1616/1616/1616 1618/1618/1618
f 1612/1612/1612 1618/1618/1618 1613/1613/1613
f 1613/1613/1613 1618/1618/1618 1619/1619/1619
f 1622/1622/1622 1621/1621/1621 1620/1620/1620
f 239/239/239 1621/1621/1621 1622/1622/1622
f 1621/1621/1621 239/239/239 232/232/232
f 1623/1623/1623 1621/1621/1621 232/232/232
f 1622/1622/1622 1624/1624/1624 239/239/239
f 1622/1622/1622 1625/1625/1625 1624/1624/1624
f 239/239/239 1624/1624/1624 235/235/235
f 1625/1625/1625 235/235/235 1624/1624/1624
f 1625/1625/1625 1626/1626/1626 235/235/235
f 1626/1626/1626 1627/1627/1627 235/235/235
f 1627/1627/1627 1628/1628/1628 235/235/235
f 1629/1629/1629 1628/1628/1628 1627/1627/1627
f 1626/1626/1626 1630/1630/1630 1627/1627/1627
f 1630/1630/1630 1629/1629/1629 1627/1627/1627
f 1631/1631/1631 1629/1629/1629 1630/1630/1630
f 1629/1629/1629 1631/1631/1631 1632/1632/1632
f 1632/1632/1632 1631/1631/1631 1633/1633/1633
f 1631/1631/1631 1634/1634/1634 1633/1633/1633
f 1635/1635/1635 1634/1634/1634 1631/1631/1631
f 1636/1636/1636 1635/1635/1635 1631/1631/1631
f 1637/1637/1637 1636/1636/1636 1631/1631/1631
f 1637/1637/1637 1631/1631/1631 1638/1638/1638
f 1638/1638/1638 1631/1631/1631 1630/1630/1630
f 1638/1638/1638 1630/1630/1630 1639/1639/1639
f 1626/1626/1626 1639/1639/1639 1630/1630/1630
f 1640/1640/1640 1639/1639/1639 1626/1626/1626
f 1643/1643/1643 1642/1642/1642 1641/1641/1641
f 1642/1642/1642 1644/1644/1644 1641/1641/1641
f 1644/1644/1644 1645/1645/1645 1641/1641/1641
f 1644/1644/1644 1646/1646/1646 1645/1645/1645
f 1642/1642/1642 1647/1647/1647 1644/1644/1644
f 1644/1644/1644 1647/1647/1647 1648/1648/1648
f 1647/1647/1647 1642/1642/1642 1649/1649/1649
f 1647/1647/1647 1649/1649/1649 1650/1650/1650
f 1647/1647/1647 1650/1650/1650 1648/1648/1648
f 1651/1651/1651 1649/1649/1649 1642/1642/1642
f 1649/1649/1649 1652/1652/1652 1650/1650/1650
f 1651/1651/1651 1642/1642/1642 1653/1653/1653
f 1651/1651/1651 1653/1653/1653 1654/1654/1654
f 1655/1655/1655 1653/1653/1653 1642/1642/1642
f 1653/1653/1653 1656/1656/1656 1654/1654/1654
f 1650/1650/1650 1652/1652/1652 1657/1657/1657
f 1650/1650/1650 1657/1657/1657 1648/1648/1648
f 1652/1652/1652 1658/1658/1658 1657/1657/1657
f 1655/1655/1655 1659/1659/1659 1653/1653/1653
f 1659/1659/1659 1656/1656/1656 1653/1653/1653
f 1660/1660/1660 1659/1659/1659 1655/1655/1655
f 1659/1659/1659 1661/1661/1661 1656/1656/1656
f 1662/1662/1662 1659/1659/1659 1660/1660/1660
f 1657/1657/1657 1663/1663/1663 1648/1648/1648
f 1658/1658/1658 1663/1663/1663 1657/1657/1657
f 1648/1648/1648 1663/1663/1663 1664/1664/1664
f 1658/1658/1658 1665/1665/1665 1663/1663/1663
f 1659/1659/1659 1666/1666/1666 1661/1661/1661
f 1666/1666/1666 1659/1659/1659 1662/1662/1662
f 1666/1666/1666 1667/1667/1667 1661/1661/1661
f 1663/1663/1663 1668/1668/1668 1664/1664/1664
f 1669/1669/1669 1664/1664/1664 1668/1668/1668
f 1663/1663/1663 1670/1670/1670 1668/1668/1668
f 1665/1665/1665 1670/1670/1670 1663/1663/1663
f 1665/1665/1665 1671/1671/1671 1670/1670/1670
f 1666/1666/1666 1662/1662/1662 1672/1672/1672
f 1672/1672/1672 1662/1662/1662 1673/1673/1673
f 1673/1673/1673 1674/1674/1674 1672/1672/1672
f 1674/1674/1674 1666/1666/1666 1672/1672/1672
f 1667/1667/1667 1666/1666/1666 1674/1674/1674
f 1675/1675/1675 1667/1667/1667 1674/1674/1674
f 1675/1675/1675 1674/1674/1674 1676/1676/1676
f 1677/1677/1677 1675/1675/1675 1676/1676/1676
f 1677/1677/1677 1676/1676/1676 1678/1678/1678
f 1678/1678/1678 1676/1676/1676 1679/1679/1679
f 1682/1682/1682 1681/1681/1681 1680/1680/1680
f 1683/1683/1683 1680/1680/1680 1681/1681/1681
f 1683/1683/1683 1684/1684/1684 1680/1680/1680
f 1687/1687/1687 1686/1686/1686 1685/1685/1685
f 1688/1688/1688 1686/1686/1686 1687/1687/1687
f 1688/1688/1688 1689/1689/1689 1686/1686/1686
f 1690/1690/1690 1686/1686/1686 1689/1689/1689
f 1690/1690/1690 1689/1689/1689 1691/1691/1691
f 1689/1689/1689 1692/1692/1692 1691/1691/1691
f 1692/1692/1692 1693/1693/1693 1691/1691/1691
f 1694/1694/1694 1688/1688/1688 1687/1687/1687
f 1695/1695/1695 1694/1694/1694 1687/1687/1687
f 1695/1695/1695 1687/1687/1687 1696/1696/1696
f 1689/1689/1689 1688/1688/1688 1697/1697/1697
f 1697/1697/1697 1688/1688/1688 1694/1694/1694
f 1698/1698/1698 1692/1692/1692 1689/1689/1689
f 1697/1697/1697 1698/1698/1698 1689/1689/1689
f 1699/1699/1699 1697/1697/1697 1694/1694/1694
f 1700/1700/1700 1699/1699/1699 1694/1694/1694
f 1701/1701/1701 1699/1699/1699 1700/1700/1700
f 1701/1701/1701 1702/1702/1702 1699/1699/1699
f 1702/1702/1702 1703/1703/1703 1699/1699/1699
f 1699/1699/1699 1703/1703/1703 1697/1697/1697
f 1702/1702/1702 1704/1704/1704 1703/1703/1703
f 1705/1705/1705 1703/1703/1703 1704/1704/1704
f 1705/1705/1705 1697/1697/1697 1703/1703/1703
f 1705/1705/1705 1698/1698/1698 1697/1697/1697
f 1705/1705/1705 1706/1706/1706 1698/1698/1698
f 1692/1692/1692 1698/1698/1698 1706/1706/1706
f 1705/1705/1705 1707/1707/1707 1706/1706/1706
f 1707/1707/1707 1708/1708/1708 1706/1706/1706
f 1692/1692/1692 1706/1706/1706 1709/1709/1709
f 1709/1709/1709 1706/1706/1706 1710/1710/1710
f 1693/1693/1693 1692/1692/1692 1709/1709/1709
f 1709/1709/1709 1710/1710/1710 1711/1711/1711
f 1712/1712/1712 1693/1693/1693 1709/1709/1709
f 1712/1712/1712 1713/1713/1713 1693/1693/1693
f 1711/1711/1711 1714/1714/1714 1709/1709/1709
f 1712/1712/1712 1709/1709/1709 1714/1714/1714
f 1715/1715/1715 1714/1714/1714 1711/1711/1711
f 1712/1712/1712 1714/1714/1714 1715/1715/1715
f 1715/1715/1715 1711/1711/1711 1716/1716/1716
f 1715/1715/1715 1717/1717/1717 1712/1712/1712
f 1718/1718/1718 1712/1712/1712 1717/1717/1717
f 1717/1717/1717 1719/1719/1719 1718/1718/1718
f 1720/1720/1720 1715/1715/1715 1716/1716/1716
f 1716/1716/1716 1721/1721/1721 1720/1720/1720
f 1715/1715/1715 1722/1722/1722 1717/1717/1717
f 1719/1719/1719 1717/1717/1717 1722/1722/1722
f 1715/1715/1715 1720/1720/1720 1722/1722/1722
f 1722/1722/1722 1723/1723/1723 1719/1719/1719
f 1719/1719/1719 1723/1723/1723 1724/1724/1724
f 1725/1725/1725 1724/1724/1724 1723/1723/1723
f 1725/1725/1725 1723/1723/1723 1726/1726/1726
f 1727/1727/1727 1726/1726/1726 1723/1723/1723
f 1721/1721/1721 1728/1728/1728 1720/1720/1720
f 1720/1720/1720 1728/1728/1728 1722/1722/1722
f 1728/1728/1728 1723/1723/1723 1722/1722/1722
f 1721/1721/1721 1729/1729/1729 1728/1728/1728
f 1728/1728/1728 1730/1730/1730 1723/1723/1723
f 1730/1730/1730 1728/1728/1728 1729/1729/1729
f 1730/1730/1730 1727/1727/1727 1723/1723/1723
f 1729/1729/1729 1731/1731/1731 1730/1730/1730
f 1731/1731/1731 1727/1727/1727 1730/1730/1730
f 1727/1727/1727 1731/1731/1731 1732/1732/1732
f 1727/1727/1727 1732/1732/1732 1733/1733/1733
f 1734/1734/1734 1733/1733/1733 1732/1732/1732
f 1734/1734/1734 1735/1735/1735 1733/1733/1733
f 1735/1735/1735 1734/1734/1734 1736/1736/1736
f 1739/1739/1739 1738/1738/1738 1737/1737/1737
f 1737/1737/1737 1738/1738/1738 1740/1740/1740
f 1740/1740/1740 1738/1738/1738 1741/1741/1741
f 1738/1738/1738 1742/1742/1742 1741/1741/1741
f 1741/1741/1741 1742/1742/1742 1743/1743/1743
f 1744/1744/1744 1743/1743/1743 1742/1742/1742
f 1747/1747/1747 1746/1746/1746 1745/1745/1745
f 1746/1746/1746 1748/1748/1748 1745/1745/1745
f 1745/1745/1745 1748/1748/1748 1749/1749/1749
f 1749/1749/1749 1750/1750/1750 1745/1745/1745
f 1753/1753/1753 1752/1752/1752 1751/1751/1751
f 1754/1754/1754 1752/1752/1752 1753/1753/1753
f 1755/1755/1755 1752/1752/1752 1754/1754/1754
f 1756/1756/1756 1755/1755/1755 1754/1754/1754
f 1757/1757/1757 1754/1754/1754 1753/1753/1753
f 1757/1757/1757 1753/1753/1753 1758/1758/1758
f 1757/1757/1757 1758/1758/1758 1759/1759/1759
f 1756/1756/1756 1754/1754/1754 1760/1760/1760
f 1761/1761/1761 1756/1756/1756 1760/1760/1760
f 1762/1762/1762 1757/1757/1757 1759/1759/1759
f 1763/1763/1763 1762/1762/1762 1759/1759/1759
f 1754/1754/1754 1757/1757/1757 1764/1764/1764
f 1760/1760/1760 1754/1754/1754 1764/1764/1764
f 1764/1764/1764 1757/1757/1757 1762/1762/1762
f 1765/1765/1765 1761/1761/1761 1760/1760/1760
f 1760/1760/1760 1764/1764/1764 1765/1765/1765
f 1761/1761/1761 1765/1765/1765 1766/1766/1766
f 1763/1763/1763 1767/1767/1767 1762/1762/1762
f 1767/1767/1767 1764/1764/1764 1762/1762/1762
f 1768/1768/1768 1767/1767/1767 1763/1763/1763
f 1769/1769/1769 1766/1766/1766 1765/1765/1765
f 1765/1765/1765 1764/1764/1764 1769/1769/1769
f 1764/1764/1764 1767/1767/1767 1769/1769/1769
f 1766/1766/1766 1769/1769/1769 1770/1770/1770
f 1767/1767/1767 1768/1768/1768 1771/1771/1771
f 1772/1772/1772 1767/1767/1767 1771/1771/1771
f 1771/1771/1771 1768/1768/1768 1773/1773/1773
f 1772/1772/1772 1771/1771/1771 1773/1773/1773
f 1774/1774/1774 1772/1772/1772 1773/1773/1773
f 1774/1774/1774 1773/1773/1773 1775/1775/1775
f 1774/1774/1774 1776/1776/1776 1772/1772/1772
f 1774/1774/1774 1775/1775/1775 1777/1777/1777
f 1776/1776/1776 1774/1774/1774 1777/1777/1777
f 1778/1778/1778 1776/1776/1776 1777/1777/1777
f 1779/1779/1779 1778/1778/1778 1777/1777/1777
f 1778/1778/1778 1779/1779/1779 1780/1780/1780
f 1778/1778/1778 1780/1780/1780 1781/1781/1781
f 1782/1782/1782 1781/1781/1781 1780/1780/1780
f 1782/1782/1782 1783/1783/1783 1781/1781/1781
f 1784/1784/1784 1783/1783/1783 1782/1782/1782
f 1784/1784/1784 1782/1782/1782 1785/1785/1785
f 1784/1784/1784 1786/1786/1786 1783/1783/1783
f 1786/1786/1786 1784/1784/1784 1785/1785/1785
f 1785/1785/1785 1787/1787/1787 1786/1786/1786
f 1788/1788/1788 1786/1786/1786 1787/1787/1787
f 1788/1788/1788 1787/1787/1787 1789/1789/1789
f 1786/1786/1786 1788/1788/1788 1790/1790/1790
f 1791/1791/1791 1788/1788/1788 1789/1789/1789
f 1790/1790/1790 1788/1788/1788 1791/1791/1791
f 1792/1792/1792 1791/1791/1791 1789/1789/1789
f 1790/1790/1790 1791/1791/1791 1793/1793/1793
f 1794/1794/1794 1790/1790/1790 1793/1793/1793
f 1795/1795/1795 1793/1793/1793 1791/1791/1791
f 1794/1794/1794 1793/1793/1793 1795/1795/1795
f 1796/1796/1796 1791/1791/1791 1792/1792/1792
f 1795/1795/1795 1791/1791/1791 1796/1796/1796
f 1797/1797/1797 1795/1795/1795 1796/1796/1796
f 1795/1795/1795 1798/1798/1798 1794/1794/1794
f 1798/1798/1798 1795/1795/1795 1797/1797/1797
f 1798/1798/1798 1799/1799/1799 1794/1794/1794
f 1800/1800/1800 1796/1796/1796 1792/1792/1792
f 1797/1797/1797 1796/1796/1796 1800/1800/1800
f 1801/1801/1801 1800/1800/1800 1792/1792/1792
f 1797/1797/1797 1800/1800/1800 1801/1801/1801
f 1801/1801/1801 1792/1792/1792 1802/1802/1802
f 1803/1803/1803 1801/1801/1801 1802/1802/1802
f 1798/1798/1798 1797/1797/1797 1804/1804/1804
f 1798/1798/1798 1804/1804/1804 1805/1805/1805
f 1805/1805/1805 1804/1804/1804 1806/1806/1806
f 1806/1806/1806 1804/1804/1804 1807/1807/1807
f 1807/1807/1807 1804/1804/1804 1797/1797/1797
f 1808/1808/1808 1806/1806/1806 1807/1807/1807
f 1807/1807/1807 1797/1797/1797 1809/1809/1809
f 1808/1808/1808 1807/1807/1807 1809/1809/1809
f 1801/1801/1801 1809/1809/1809 1797/1797/1797
f 1809/1809/1809 1810/1810/1810 1808/1808/1808
f 1811/1811/1811 1801/1801/1801 1803/1803/1803
f 1812/1812/1812 1811/1811/1811 1803/1803/1803
f 1809/1809/1809 1801/1801/1801 1813/1813/1813
f 1811/1811/1811 1813/1813/1813 1801/1801/1801
f 1809/1809/1809 1813/1813/1813 1814/1814/1814
f 1813/1813/1813 1811/1811/1811 1814/1814/1814
f 1814/1814/1814 1811/1811/1811 1815/1815/1815
f 1815/1815/1815 1816/1816/1816 1814/1814/1814
f 1817/1817/1817 1815/1815/1815 1811/1811/1811
f 1818/1818/1818 1815/1815/1815 1817/1817/1817
f 1819/1819/1819 1815/1815/1815 1818/1818/1818
f 1819/1819/1819 1820/1820/1820 1815/1815/1815
f 1823/1823/1823 1822/1822/1822 1821/1821/1821
f 1821/1821/1821 1822/1822/1822 1824/1824/1824
f 1825/1825/1825 1821/1821/1821 1824/1824/1824
f 1826/1826/1826 1825/1825/1825 1824/1824/1824
f 1822/1822/1822 1827/1827/1827 1824/1824/1824
f 1827/1827/1827 1822/1822/1822 1828/1828/1828
f 1824/1824/1824 1829/1829/1829 1826/1826/1826
f 1830/1830/1830 1826/1826/1826 1829/1829/1829
f 1827/1827/1827 1828/1828/1828 1831/1831/1831
f 1832/1832/1832 1831/1831/1831 1828/1828/1828
f 1824/1824/1824 1827/1827/1827 1833/1833/1833
f 1824/1824/1824 1833/1833/1833 1829/1829/1829
f 1830/1830/1830 1829/1829/1829 1834/1834/1834
f 1834/1834/1834 1835/1835/1835 1830/1830/1830
f 1836/1836/1836 1829/1829/1829 1833/1833/1833
f 1836/1836/1836 1834/1834/1834 1829/1829/1829
f 1835/1835/1835 1834/1834/1834 1837/1837/1837
f 1838/1838/1838 1835/1835/1835 1837/1837/1837
f 1834/1834/1834 1836/1836/1836 1839/1839/1839
f 1837/1837/1837 1834/1834/1834 1839/1839/1839
f 1840/1840/1840 1838/1838/1838 1837/1837/1837
f 1841/1841/1841 1838/1838/1838 1840/1840/1840
f 1842/1842/1842 1837/1837/1837 1839/1839/1839
f 1837/1837/1837 1842/1842/1842 1840/1840/1840
f 1842/1842/1842 1839/1839/1839 1843/1843/1843
f 1836/1836/1836 1844/1844/1844 1839/1839/1839
f 1839/1839/1839 1844/1844/1844 1843/1843/1843
f 1844/1844/1844 1836/1836/1836 1845/1845/1845
f 1845/1845/1845 1836/1836/1836 1833/1833/1833
f 1844/1844/1844 1845/1845/1845 1843/1843/1843
f 1841/1841/1841 1840/1840/1840 1846/1846/1846
f 1841/1841/1841 1846/1846/1846 1847/1847/1847
f 1842/1842/1842 1848/1848/1848 1840/1840/1840
f 1848/1848/1848 1842/1842/1842 1843/1843/1843
f 1840/1840/1840 1848/1848/1848 1849/1849/1849
f 1846/1846/1846 1840/1840/1840 1849/1849/1849
f 1850/1850/1850 1847/1847/1847 1846/1846/1846
f 1851/1851/1851 1847/1847/1847 1850/1850/1850
f 1852/1852/1852 1851/1851/1851 1850/1850/1850
f 1849/1849/1849 1848/1848/1848 1853/1853/1853
f 1853/1853/1853 1848/1848/1848 1843/1843/1843
f 1846/1846/1846 1849/1849/1849 1854/1854/1854
f 1854/1854/1854 1849/1849/1849 1853/1853/1853
f 1846/1846/1846 1854/1854/1854 1850/1850/1850
f 1843/1843/1843 1855/1855/1855 1853/1853/1853
f 1856/1856/1856 1855/1855/1855 1843/1843/1843
f 1845/1845/1845 1856/1856/1856 1843/1843/1843
f 1856/1856/1856 1845/1845/1845 1857/1857/1857
f 1854/1854/1854 1853/1853/1853 1858/1858/1858
f 1857/1857/1857 1845/1845/1845 1859/1859/1859
f 1845/1845/1845 1833/1833/1833 1859/1859/1859
f 1860/1860/1860 1857/1857/1857 1859/1859/1859
f 1833/1833/1833 1827/1827/1827 1859/1859/1859
f 1861/1861/1861 1860/1860/1860 1859/1859/1859
f 1827/1827/1827 1861/1861/1861 1859/1859/1859
f 1860/1860/1860 1861/1861/1861 1862/1862/1862
f 1861/1861/1861 1827/1827/1827 1831/1831/1831
f 1862/1862/1862 1861/1861/1861 1831/1831/1831
f 1862/1862/1862 1831/1831/1831 1863/1863/1863
f 1832/1832/1832 1863/1863/1863 1831/1831/1831
f 1864/1864/1864 1863/1863/1863 1832/1832/1832
f 1864/1864/1864 1832/1832/1832 1865/1865/1865
f 1863/1863/1863 1864/1864/1864 1866/1866/1866
f 1867/1867/1867 1866/1866/1866 1864/1864/1864
f 1864/1864/1864 1865/1865/1865 1868/1868/1868
f 1864/1864/1864 1868/1868/1868 1867/1867/1867
f 1867/1867/1867 1868/1868/1868 1869/1869/1869
f 1866/1866/1866 1867/1867/1867 1870/1870/1870
f 1870/1870/1870 1867/1867/1867 1869/1869/1869
f 1870/1870/1870 1871/1871/1871 1866/1866/1866
f 1870/1870/1870 1872/1872/1872 1871/1871/1871
f 1872/1872/1872 1870/1870/1870 1869/1869/1869
f 1872/1872/1872 1869/1869/1869 1873/1873/1873
f 1874/1874/1874 1868/1868/1868 1865/1865/1865
f 1875/1875/1875 1869/1869/1869 1868/1868/1868
f 1868/1868/1868 1874/1874/1874 1875/1875/1875
f 1876/1876/1876 1874/1874/1874 1865/1865/1865
f 1877/1877/1877 1876/1876/1876 1865/1865/1865
f 1878/1878/1878 1876/1876/1876 1877/1877/1877
f 1878/1878/1878 1879/1879/1879 1876/1876/1876
f 1879/1879/1879 1878/1878/1878 1880/1880/1880
f 1879/1879/1879 1880/1880/1880 1881/1881/1881
f 1874/1874/1874 1876/1876/1876 1882/1882/1882
f 1876/1876/1876 1879/1879/1879 1882/1882/1882
f 1883/1883/1883 1875/1875/1875 1874/1874/1874
f 1874/1874/1874 1882/1882/1882 1883/1883/1883
f 1883/1883/1883 1882/1882/1882 1884/1884/1884
f 1879/1879/1879 1885/1885/1885 1882/1882/1882
f 1879/1879/1879 1881/1881/1881 1885/1885/1885
f 1884/1884/1884 1882/1882/1882 1885/1885/1885
f 1875/1875/1875 1886/1886/1886 1869/1869/1869
f 1886/1886/1886 1875/1875/1875 1883/1883/1883
f 1881/1881/1881 1887/1887/1887 1885/1885/1885
f 1887/1887/1887 1884/1884/1884 1885/1885/1885
f 1881/1881/1881 1888/1888/1888 1887/1887/1887
f 1881/1881/1881 1889/1889/1889 1888/1888/1888
f 1890/1890/1890 1884/1884/1884 1887/1887/1887
f 1884/1884/1884 1890/1890/1890 1891/1891/1891
f 1884/1884/1884 1891/1891/1891 1892/1892/1892
f 1893/1893/1893 1883/1883/1883 1884/1884/1884
f 1892/1892/1892 1893/1893/1893 1884/1884/1884
f 1893/1893/1893 1892/1892/1892 1894/1894/1894
f 1894/1894/1894 1886/1886/1886 1883/1883/1883
f 1892/1892/1892 1895/1895/1895 1894/1894/1894
f 1894/1894/1894 1895/1895/1895 1896/1896/1896
f 1897/1897/1897 1894/1894/1894 1896/1896/1896
f 1897/1897/1897 1886/1886/1886 1894/1894/1894
f 1897/1897/1897 1896/1896/1896 1898/1898/1898
f 1899/1899/1899 1897/1897/1897 1898/1898/1898
f 1899/1899/1899 1898/1898/1898 1900/1900/1900
f 1899/1899/1899 1900/1900/1900 1901/1901/1901
f 1902/1902/1902 1886/1886/1886 1897/1897/1897
f 1902/1902/1902 1869/1869/1869 1886/1886/1886
f 1903/1903/1903 1902/1902/1902 1897/1897/1897
f 1873/1873/1873 1869/1869/1869 1902/1902/1902
f 1873/1873/1873 1902/1902/1902 1903/1903/1903
f 1873/1873/1873 1903/1903/1903 1904/1904/1904
f 1905/1905/1905 1873/1873/1873 1904/1904/1904
f 1906/1906/1906 1873/1873/1873 1905/1905/1905
f 1909/1909/1909 1908/1908/1908 1907/1907/1907
f 1909/1909/1909 1907/1907/1907 1910/1910/1910
f 1911/1911/1911 1909/1909/1909 1910/1910/1910
f 1910/1910/1910 1907/1907/1907 1912/1912/1912
f 1910/1910/1910 1912/1912/1912 1913/1913/1913
f 1907/1907/1907 1914/1914/1914 1912/1912/1912
f 1915/1915/1915 1914/1914/1914 1907/1907/1907
f 1907/1907/1907 1916/1916/1916 1915/1915/1915
f 1917/1917/1917 1914/1914/1914 1915/1915/1915
f 1918/1918/1918 1914/1914/1914 1917/1917/1917
f 1912/1912/1912 1914/1914/1914 1918/1918/1918
f 1913/1913/1913 1912/1912/1912 1919/1919/1919
f 1918/1918/1918 1920/1920/1920 1912/1912/1912
f 1919/1919/1919 1912/1912/1912 1920/1920/1920
f 1920/1920/1920 1918/1918/1918 1921/1921/1921
f 1921/1921/1921 1918/1918/1918 1922/1922/1922
f 1921/1921/1921 1922/1922/1922 1923/1923/1923
f 1924/1924/1924 1920/1920/1920 1921/1921/1921
f 1924/1924/1924 1919/1919/1919 1920/1920/1920
f 1919/1919/1919 1925/1925/1925 1913/1913/1913
f 1926/1926/1926 1913/1913/1913 1925/1925/1925
f 1925/1925/1925 1919/1919/1919 1927/1927/1927
f 1927/1927/1927 1919/1919/1919 1924/1924/1924
f 1926/1926/1926 1925/1925/1925 1928/1928/1928
f 1929/1929/1929 1927/1927/1927 1924/1924/1924
f 1930/1930/1930 1926/1926/1926 1928/1928/1928
f 1931/1931/1931 1926/1926/1926 1930/1930/1930
f 1930/1930/1930 1928/1928/1928 1932/1932/1932
f 1933/1933/1933 1932/1932/1932 1928/1928/1928
f 1934/1934/1934 1931/1931/1931 1930/1930/1930
f 1934/1934/1934 1930/1930/1930 1932/1932/1932
f 1934/1934/1934 1935/1935/1935 1931/1931/1931
f 1936/1936/1936 1931/1931/1931 1935/1935/1935
f 1937/1937/1937 1934/1934/1934 1932/1932/1932
f 1938/1938/1938 1934/1934/1934 1937/1937/1937
f 1939/1939/1939 1938/1938/1938 1937/1937/1937
f 1940/1940/1940 1939/1939/1939 1937/1937/1937
f 1941/1941/1941 1937/1937/1937 1932/1932/1932
f 1942/1942/1942 1937/1937/1937 1941/1941/1941
f 1932/1932/1932 1933/1933/1933 1943/1943/1943
f 1941/1941/1941 1932/1932/1932 1943/1943/1943
f 1943/1943/1943 1933/1933/1933 1944/1944/1944
f 1944/1944/1944 1933/1933/1933 1945/1945/1945
f 1946/1946/1946 1941/1941/1941 1943/1943/1943
f 1941/1941/1941 1946/1946/1946 1947/1947/1947
f 1947/1947/1947 1946/1946/1946 1948/1948/1948
f 1949/1949/1949 1941/1941/1941 1947/1947/1947
f 1929/1929/1929 1947/1947/1947 1948/1948/1948
f 1949/1949/1949 1947/1947/1947 1950/1950/1950
f 1947/1947/1947 1929/1929/1929 1950/1950/1950
f 1949/1949/1949 1950/1950/1950 1951/1951/1951
f 1950/1950/1950 1929/1929/1929 1952/1952/1952
f 1952/1952/1952 1929/1929/1929 1953/1953/1953
f 1929/1929/1929 1924/1924/1924 1953/1953/1953
f 1953/1953/1953 1924/1924/1924 1954/1954/1954
f 1924/1924/1924 1955/1955/1955 1954/1954/1954
f 1954/1954/1954 1955/1955/1955 1956/1956/1956
f 1957/1957/1957 1953/1953/1953 1954/1954/1954
f 1952/1952/1952 1953/1953/1953 1957/1957/1957
f 1958/1958/1958 1952/1952/1952 1957/1957/1957
f 1950/1950/1950 1952/1952/1952 1959/1959/1959
f 1959/1959/1959 1952/1952/1952 1958/1958/1958
f 1951/1951/1951 1950/1950/1950 1960/1960/1960
f 1960/1960/1960 1950/1950/1950 1959/1959/1959
f 1961/1961/1961 1959/1959/1959 1958/1958/1958
f 1962/1962/1962 1961/1961/1961 1958/1958/1958
f 1960/1960/1960 1959/1959/1959 1963/1963/1963
f 1951/1951/1951 1960/1960/1960 1963/1963/1963
f 1963/1963/1963 1959/1959/1959 1961/1961/1961
f 1964/1964/1964 1961/1961/1961 1962/1962/1962
f 1964/1964/1964 1962/1962/1962 1965/1965/1965
f 1966/1966/1966 1964/1964/1964 1965/1965/1965
f 1967/1967/1967 1964/1964/1964 1966/1966/1966
f 1964/1964/1964 1968/1968/1968 1961/1961/1961
f 1968/1968/1968 1964/1964/1964 1967/1967/1967
f 1963/1963/1963 1961/1961/1961 1968/1968/1968
f 1967/1967/1967 1969/1969/1969 1968/1968/1968
f 1968/1968/1968 1969/1969/1969 1963/1963/1963
f 1970/1970/1970 1969/1969/1969 1967/1967/1967
f 1971/1971/1971 1951/1951/1951 1963/1963/1963
f 1963/1963/1963 1969/1969/1969 1971/1971/1971
f 1971/1971/1971 1972/1972/1972 1951/1951/1951
f 1973/1973/1973 1972/1972/1972 1971/1971/1971
f 1969/1969/1969 1973/1973/1973 1971/1971/1971
f 1972/1972/1972 1973/1973/1973 1974/1974/1974
f 1975/1975/1975 1969/1969/1969 1970/1970/1970
f 1970/1970/1970 1976/1976/1976 1975/1975/1975
f 1976/1976/1976 1977/1977/1977 1975/1975/1975
f 1974/1974/1974 1975/1975/1975 1977/1977/1977
f 1978/1978/1978 1974/1974/1974 1973/1973/1973
f 1973/1973/1973 1969/1969/1969 1978/1978/1978
f 1975/1975/1975 1978/1978/1978 1969/1969/1969
f 1974/1974/1974 1978/1978/1978 1975/1975/1975
f 1981/1981/1981 1980/1980/1980 1979/1979/1979
f 1982/1982/1982 1981/1981/1981 1979/1979/1979
f 1982/1982/1982 1979/1979/1979 1983/1983/1983
f 1981/1981/1981 1982/1982/1982 1984/1984/1984
f 1985/1985/1985 1981/1981/1981 1984/1984/1984
f 1986/1986/1986 1982/1982/1982 1983/1983/1983
f 1983/1983/1983 1987/1987/1987 1986/1986/1986
f 1985/1985/1985 1984/1984/1984 1988/1988/1988
f 1989/1989/1989 1985/1985/1985 1988/1988/1988
f 1982/1982/1982 1990/1990/1990 1984/1984/1984
f 1984/1984/1984 1990/1990/1990 1991/1991/1991
f 1984/1984/1984 1991/1991/1991 1988/1988/1988
f 1990/1990/1990 1992/1992/1992 1991/1991/1991
f 1993/1993/1993 1991/1991/1991 1992/1992/1992
f 1988/1988/1988 1991/1991/1991 1994/1994/1994
f 1993/1993/1993 1994/1994/1994 1991/1991/1991
f 1989/1989/1989 1988/1988/1988 1994/1994/1994
f 1994/1994/1994 1993/1993/1993 1995/1995/1995
f 1996/1996/1996 1994/1994/1994 1995/1995/1995
f 1989/1989/1989 1994/1994/1994 1996/1996/1996
f 1996/1996/1996 1995/1995/1995 1997/1997/1997
f 1998/1998/1998 1996/1996/1996 1997/1997/1997
f 1999/1999/1999 1989/1989/1989 1996/1996/1996
f 2000/2000/2000 1989/1989/1989 1999/1999/1999
f 2002/2002/2002 1982/1982/1982 2001/2001/2001
f 2003/2003/2003 2002/2002/2002 2001/2001/2001
f 1982/1982/1982 1986/1986/1986 2001/2001/2001
f 2001/2001/2001 2004/2004/2004 2003/2003/2003
f 2005/2005/2005 2003/2003/2003 2004/2004/2004
f 2001/2001/2001 2006/2006/2006 2004/2004/2004
f 1986/1986/1986 2007/2007/2007 2001/2001/2001
f 2007/2007/2007 1986/1986/1986 2008/2008/2008
f 1986/1986/1986 2009/2009/2009 2008/2008/2008
f 2012/2012/2012 2011/2011/2011 2010/2010/2010
f 2013/2013/2013 2010/2010/2010 2011/2011/2011
f 2013/2013/2013 2011/2011/2011 2014/2014/2014
f 2010/2010/2010 2013/2013/2013 2015/2015/2015
f 2016/2016/2016 2013/2013/2013 2014/2014/2014
f 2013/2013/2013 2017/2017/2017 2015/2015/2015
f 2016/2016/2016 2017/2017/2017 2013/2013/2013
f 2018/2018/2018 2015/2015/2015 2017/2017/2017
f 2019/2019/2019 2017/2017/2017 2016/2016/2016
f 2019/2019/2019 2018/2018/2018 2017/2017/2017
f 2019/2019/2019 2016/2016/2016 2020/2020/2020
f 2021/2021/2021 2019/2019/2019 2020/2020/2020
f 2019/2019/2019 2022/2022/2022 2018/2018/2018
f 2022/2022/2022 2019/2019/2019 2021/2021/2021
f 2021/2021/2021 2023/2023/2023 2022/2022/2022
f 2022/2022/2022 2024/2024/2024 2018/2018/2018
f 2023/2023/2023 2025/2025/2025 2022/2022/2022
f 2022/2022/2022 2025/2025/2025 2024/2024/2024
f 2025/2025/2025 2026/2026/2026 2024/2024/2024
f 2029/2029/2029 2028/2028/2028 2027/2027/2027
f 2030/2030/2030 2028/2028/2028 2029/2029/2029
f 2029/2029/2029 2031/2031/2031 2030/2030/2030
f 2032/2032/2032 2031/2031/2031 2029/2029/2029
f 2035/2035/2035 2034/2034/2034 2033/2033/2033
f 2036/2036/2036 2035/2035/2035 2033/2033/2033
f 2036/2036/2036 2033/2033/2033 2037/2037/2037
f 2033/2033/2033 2038/2038/2038 2037/2037/2037
f 2039/2039/2039 2037/2037/2037 2038/2038/2038
f 2037/2037/2037 2039/2039/2039 2040/2040/2040
f 2037/2037/2037 2040/2040/2040 2041/2041/2041
f 2040/2040/2040 2042/2042/2042 2041/2041/2041
f 2043/2043/2043 2035/2035/2035 2036/2036/2036
f 2035/2035/2035 2043/2043/2043 2044/2044/2044
f 2045/2045/2045 2036/2036/2036 2037/2037/2037
f 2045/2045/2045 2037/2037/2037 2041/2041/2041
f 2036/2036/2036 2046/2046/2046 2043/2043/2043
f 2046/2046/2046 2036/2036/2036 2045/2045/2045
f 2047/2047/2047 2044/2044/2044 2043/2043/2043
f 2047/2047/2047 2048/2048/2048 2044/2044/2044
f 2048/2048/2048 2049/2049/2049 2044/2044/2044
f 2050/2050/2050 2043/2043/2043 2046/2046/2046
f 2051/2051/2051 2050/2050/2050 2046/2046/2046
f 2050/2050/2050 2052/2052/2052 2043/2043/2043
f 2052/2052/2052 2047/2047/2047 2043/2043/2043
f 2046/2046/2046 2053/2053/2053 2051/2051/2051
f 2053/2053/2053 2046/2046/2046 2045/2045/2045
f 2045/2045/2045 2054/2054/2054 2053/2053/2053
f 2045/2045/2045 2041/2041/2041 2054/2054/2054
f 2053/2053/2053 2054/2054/2054 2055/2055/2055
f 2056/2056/2056 2047/2047/2047 2052/2052/2052
f 2057/2057/2057 2056/2056/2056 2052/2052/2052
f 2056/2056/2056 2058/2058/2058 2047/2047/2047
f 2058/2058/2058 2059/2059/2059 2047/2047/2047
f 2059/2059/2059 2048/2048/2048 2047/2047/2047
f 2059/2059/2059 2058/2058/2058 2060/2060/2060
f 2060/2060/2060 2048/2048/2048 2059/2059/2059
f 2048/2048/2048 2060/2060/2060 2061/2061/2061
f 2060/2060/2060 2062/2062/2062 2061/2061/2061
f 2061/2061/2061 2062/2062/2062 2063/2063/2063
f 2063/2063/2063 2062/2062/2062 2064/2064/2064
f 2065/2065/2065 2064/2064/2064 2062/2062/2062
f 2055/2055/2055 2054/2054/2054 2066/2066/2066
f 2055/2055/2055 2066/2066/2066 2067/2067/2067
f 2068/2068/2068 2055/2055/2055 2067/2067/2067
f 2069/2069/2069 2068/2068/2068 2067/2067/2067
f 2069/2069/2069 2067/2067/2067 2070/2070/2070
f 2054/2054/2054 2041/2041/2041 2066/2066/2066
f 2071/2071/2071 2070/2070/2070 2067/2067/2067
f 2063/2063/2063 2064/2064/2064 2072/2072/2072
f 2073/2073/2073 2063/2063/2063 2072/2072/2072
f 2074/2074/2074 2072/2072/2072 2064/2064/2064
f 2066/2066/2066 2075/2075/2075 2067/2067/2067
f 2066/2066/2066 2041/2041/2041 2075/2075/2075
f 2071/2071/2071 2067/2067/2067 2076/2076/2076
f 2075/2075/2075 2076/2076/2076 2067/2067/2067
f 2077/2077/2077 2071/2071/2071 2076/2076/2076
f 2075/2075/2075 2041/2041/2041 2078/2078/2078
f 2041/2041/2041 2042/2042/2042 2078/2078/2078
f 2076/2076/2076 2075/2075/2075 2079/2079/2079
f 2078/2078/2078 2079/2079/2079 2075/2075/2075
f 2076/2076/2076 2080/2080/2080 2077/2077/2077
f 2076/2076/2076 2079/2079/2079 2080/2080/2080
f 2081/2081/2081 2078/2078/2078 2042/2042/2042
f 2078/2078/2078 2081/2081/2081 2079/2079/2079
f 2077/2077/2077 2080/2080/2080 2082/2082/2082
f 2077/2077/2077 2082/2082/2082 2083/2083/2083
f 2084/2084/2084 2081/2081/2081 2042/2042/2042
f 2085/2085/2085 2084/2084/2084 2042/2042/2042
f 2086/2086/2086 2081/2081/2081 2084/2084/2084
f 2081/2081/2081 2087/2087/2087 2079/2079/2079
f 2081/2081/2081 2086/2086/2086 2087/2087/2087
f 2079/2079/2079 2088/2088/2088 2080/2080/2080
f 2080/2080/2080 2088/2088/2088 2082/2082/2082
f 2079/2079/2079 2087/2087/2087 2088/2088/2088
f 2089/2089/2089 2087/2087/2087 2086/2086/2086
f 2086/2086/2086 2090/2090/2090 2089/2089/2089
f 2087/2087/2087 2089/2089/2089 2091/2091/2091
f 2088/2088/2088 2087/2087/2087 2091/2091/2091
f 2089/2089/2089 2090/2090/2090 2091/2091/2091
f 2088/2088/2088 2091/2091/2091 2092/2092/2092
f 2088/2088/2088 2092/2092/2092 2082/2082/2082
f 2091/2091/2091 2090/2090/2090 2093/2093/2093
f 2091/2091/2091 2093/2093/2093 2092/2092/2092
f 2090/2090/2090 2094/2094/2094 2093/2093/2093
f 2093/2093/2093 2095/2095/2095 2092/2092/2092
f 2094/2094/2094 2095/2095/2095 2093/2093/2093
f 2082/2082/2082 2092/2092/2092 2096/2096/2096
f 2096/2096/2096 2092/2092/2092 2095/2095/2095
f 2082/2082/2082 2096/2096/2096 2097/2097/2097
f 2097/2097/2097 2083/2083/2083 2082/2082/2082
f 2098/2098/2098 2083/2083/2083 2097/2097/2097
f 2097/2097/2097 2096/2096/2096 2099/2099/2099
f 2098/2098/2098 2097/2097/2097 2099/2099/2099
f 2100/2100/2100 2096/2096/2096 2095/2095/2095
f 2100/2100/2100 2099/2099/2099 2096/2096/2096
f 2094/2094/2094 2101/2101/2101 2095/2095/2095
f 2095/2095/2095 2101/2101/2101 2100/2100/2100
f 2098/2098/2098 2099/2099/2099 2102/2102/2102
f 2103/2103/2103 2098/2098/2098 2102/2102/2102
f 2104/2104/2104 2098/2098/2098 2103/2103/2103
f 2099/2099/2099 2105/2105/2105 2102/2102/2102
f 2099/2099/2099 2100/2100/2100 2105/2105/2105
f 2100/2100/2100 2106/2106/2106 2105/2105/2105
f 2107/2107/2107 2102/2102/2102 2105/2105/2105
f 2108/2108/2108 2102/2102/2102 2107/2107/2107
f 2100/2100/2100 2101/2101/2101 2109/2109/2109
f 2100/2100/2100 2109/2109/2109 2110/2110/2110
f 2111/2111/2111 2101/2101/2101 2094/2094/2094
f 2101/2101/2101 2111/2111/2111 2109/2109/2109
f 2109/2109/2109 2112/2112/2112 2110/2110/2110
f 2111/2111/2111 2112/2112/2112 2109/2109/2109
f 2112/2112/2112 2113/2113/2113 2110/2110/2110
f 2114/2114/2114 2111/2111/2111 2094/2094/2094
f 2111/2111/2111 2114/2114/2114 2115/2115/2115
f 2114/2114/2114 2094/2094/2094 2116/2116/2116
f 2116/2116/2116 2115/2115/2115 2114/2114/2114
f 2112/2112/2112 2111/2111/2111 2117/2117/2117
f 2111/2111/2111 2115/2115/2115 2117/2117/2117
f 2117/2117/2117 2118/2118/2118 2112/2112/2112
f 2116/2116/2116 2119/2119/2119 2115/2115/2115
f 2120/2120/2120 2119/2119/2119 2116/2116/2116
f 2121/2121/2121 2118/2118/2118 2117/2117/2117
f 2121/2121/2121 2122/2122/2122 2118/2118/2118
f 2121/2121/2121 2123/2123/2123 2122/2122/2122
f 2117/2117/2117 2123/2123/2123 2121/2121/2121
f 2123/2123/2123 2124/2124/2124 2122/2122/2122
f 2125/2125/2125 2124/2124/2124 2123/2123/2123
f 2126/2126/2126 2123/2123/2123 2117/2117/2117
f 2126/2126/2126 2117/2117/2117 2115/2115/2115
f 2115/2115/2115 2127/2127/2127 2126/2126/2126
f 2128/2128/2128 2125/2125/2125 2123/2123/2123
f 2126/2126/2126 2128/2128/2128 2123/2123/2123
f 2128/2128/2128 2126/2126/2126 2127/2127/2127
f 2128/2128/2128 2129/2129/2129 2125/2125/2125
f 2119/2119/2119 2130/2130/2130 2115/2115/2115
f 2115/2115/2115 2130/2130/2130 2127/2127/2127
f 2131/2131/2131 2119/2119/2119 2120/2120/2120
f 2119/2119/2119 2131/2131/2131 2130/2130/2130
f 2131/2131/2131 2120/2120/2120 2132/2132/2132
f 2120/2120/2120 2133/2133/2133 2132/2132/2132
f 2134/2134/2134 2130/2130/2130 2131/2131/2131
f 2127/2127/2127 2130/2130/2130 2134/2134/2134
f 2135/2135/2135 2127/2127/2127 2134/2134/2134
f 2127/2127/2127 2135/2135/2135 2136/2136/2136
f 2136/2136/2136 2135/2135/2135 2137/2137/2137
f 2136/2136/2136 2137/2137/2137 2138/2138/2138
f 2136/2136/2136 2138/2138/2138 2127/2127/2127
f 2127/2127/2127 2138/2138/2138 2128/2128/2128
f 2138/2138/2138 2139/2139/2139 2128/2128/2128
f 2128/2128/2128 2139/2139/2139 2129/2129/2129
f 2139/2139/2139 2138/2138/2138 2140/2140/2140
f 2139/2139/2139 2141/2141/2141 2129/2129/2129
f 2142/2142/2142 2129/2129/2129 2141/2141/2141
f 2139/2139/2139 2143/2143/2143 2141/2141/2141
f 2140/2140/2140 2143/2143/2143 2139/2139/2139
f 2144/2144/2144 2143/2143/2143 2140/2140/2140
f 2145/2145/2145 2143/2143/2143 2144/2144/2144
f 2143/2143/2143 2145/2145/2145 2141/2141/2141
f 2146/2146/2146 2145/2145/2145 2144/2144/2144
f 2144/2144/2144 2147/2147/2147 2146/2146/2146
f 2145/2145/2145 2146/2146/2146 2148/2148/2148
f 2145/2145/2145 2148/2148/2148 2141/2141/2141
f 2147/2147/2147 2149/2149/2149 2146/2146/2146
f 2148/2148/2148 2146/2146/2146 2149/2149/2149
f 2150/2150/2150 2149/2149/2149 2147/2147/2147
f 2151/2151/2151 2150/2150/2150 2147/2147/2147
f 2149/2149/2149 2150/2150/2150 2152/2152/2152
f 2148/2148/2148 2149/2149/2149 2153/2153/2153
f 2148/2148/2148 2153/2153/2153 2141/2141/2141
f 2152/2152/2152 2154/2154/2154 2149/2149/2149
f 2153/2153/2153 2149/2149/2149 2154/2154/2154
f 2152/2152/2152 2155/2155/2155 2154/2154/2154
f 2154/2154/2154 2156/2156/2156 2153/2153/2153
f 2156/2156/2156 2154/2154/2154 2155/2155/2155
f 2152/2152/2152 2157/2157/2157 2155/2155/2155
f 2152/2152/2152 2158/2158/2158 2157/2157/2157
f 2159/2159/2159 2141/2141/2141 2153/2153/2153
f 2160/2160/2160 2141/2141/2141 2159/2159/2159
f 2161/2161/2161 2141/2141/2141 2160/2160/2160
f 2161/2161/2161 2162/2162/2162 2141/2141/2141
f 2153/2153/2153 2163/2163/2163 2159/2159/2159
f 2153/2153/2153 2156/2156/2156 2163/2163/2163
f 2155/2155/2155 2164/2164/2164 2156/2156/2156
f 2164/2164/2164 2163/2163/2163 2156/2156/2156
f 2165/2165/2165 2164/2164/2164 2155/2155/2155
f 2155/2155/2155 2166/2166/2166 2165/2165/2165
f 2155/2155/2155 2157/2157/2157 2166/2166/2166
f 2163/2163/2163 2164/2164/2164 2167/2167/2167
f 2163/2163/2163 2167/2167/2167 2168/2168/2168
f 2169/2169/2169 2166/2166/2166 2157/2157/2157
f 2163/2163/2163 2168/2168/2168 2170/2170/2170
f 2171/2171/2171 2163/2163/2163 2170/2170/2170
f 2172/2172/2172 2170/2170/2170 2168/2168/2168
f 2173/2173/2173 2169/2169/2169 2157/2157/2157
f 2173/2173/2173 2157/2157/2157 2158/2158/2158
f 2169/2169/2169 2173/2173/2173 2174/2174/2174
f 2174/2174/2174 2175/2175/2175 2169/2169/2169
f 2173/2173/2173 2176/2176/2176 2174/2174/2174
f 2175/2175/2175 2177/2177/2177 2169/2169/2169
f 2178/2178/2178 2176/2176/2176 2173/2173/2173
f 2178/2178/2178 2173/2173/2173 2158/2158/2158
f 2175/2175/2175 2179/2179/2179 2177/2177/2177
f 2158/2158/2158 2180/2180/2180 2178/2178/2178
f 2158/2158/2158 2181/2181/2181 2180/2180/2180
f 2182/2182/2182 2181/2181/2181 2158/2158/2158
f 2177/2177/2177 2179/2179/2179 2183/2183/2183
f 2184/2184/2184 2183/2183/2183 2179/2179/2179
f 2184/2184/2184 2185/2185/2185 2183/2183/2183
f 2188/2188/2188 2187/2187/2187 2186/2186/2186
f 2189/2189/2189 2186/2186/2186 2187/2187/2187
f 2187/2187/2187 2190/2190/2190 2189/2189/2189
f 2190/2190/2190 2191/2191/2191 2189/2189/2189
f 2191/2191/2191 2192/2192/2192 2189/2189/2189
f 2189/2189/2189 2192/2192/2192 2193/2193/2193
f 2194/2194/2194 2193/2193/2193 2192/2192/2192
f 2195/2195/2195 2191/2191/2191 2190/2190/2190
f 2196/2196/2196 2195/2195/2195 2190/2190/2190
f 2196/2196/2196 2197/2197/2197 2195/2195/2195
f 2198/2198/2198 2191/2191/2191 2195/2195/2195
f 2191/2191/2191 2198/2198/2198 2199/2199/2199
f 2191/2191/2191 2199/2199/2199 2200/2200/2200
f 2191/2191/2191 2200/2200/2200 2192/2192/2192
f 2199/2199/2199 2201/2201/2201 2200/2200/2200
f 2201/2201/2201 2202/2202/2202 2200/2200/2200
f 2201/2201/2201 2203/2203/2203 2202/2202/2202
f 2192/2192/2192 2202/2202/2202 2203/2203/2203
f 2192/2192/2192 2203/2203/2203 2204/2204/2204
f 2194/2194/2194 2192/2192/2192 2204/2204/2204
f 2205/2205/2205 2194/2194/2194 2204/2204/2204
f 2206/2206/2206 2205/2205/2205 2204/2204/2204
f 2207/2207/2207 2205/2205/2205 2206/2206/2206
f 2206/2206/2206 2208/2208/2208 2207/2207/2207
f 2211/2211/2211 2210/2210/2210 2209/2209/2209
f 2209/2209/2209 2212/2212/2212 2211/2211/2211
f 2215/2215/2215 2214/2214/2214 2213/2213/2213
f 2213/2213/2213 2216/2216/2216 2215/2215/2215
f 2215/2215/2215 2216/2216/2216 2217/2217/2217
f 2215/2215/2215 2217/2217/2217 2218/2218/2218
f 2217/2217/2217 2219/2219/2219 2218/2218/2218
f 2218/2218/2218 2220/2220/2220 2215/2215/2215
f 2218/2218/2218 2219/2219/2219 2221/2221/2221
f 2218/2218/2218 2221/2221/2221 2220/2220/2220
f 2222/2222/2222 2221/2221/2221 2219/2219/2219
f 2220/2220/2220 2221/2221/2221 2223/2223/2223
f 2220/2220/2220 2223/2223/2223 2224/2224/2224
f 2225/2225/2225 2224/2224/2224 2223/2223/2223
f 2226/2226/2226 2221/2221/2221 2222/2222/2222
f 2226/2226/2226 2222/2222/2222 2227/2227/2227
f 2226/2226/2226 2227/2227/2227 2228/2228/2228
f 2226/2226/2226 2228/2228/2228 2229/2229/2229
f 2229/2229/2229 2230/2230/2230 2226/2226/2226
f 2230/2230/2230 2229/2229/2229 2231/2231/2231
f 2231/2231/2231 2232/2232/2232 2230/2230/2230
f 2232/2232/2232 2233/2233/2233 2230/2230/2230
f 2230/2230/2230 2233/2233/2233 2234/2234/2234
f 2230/2230/2230 2234/2234/2234 2235/2235/2235
f 2236/2236/2236 2223/2223/2223 2221/2221/2221
f 2236/2236/2236 2221/2221/2221 2226/2226/2226
f 2236/2236/2236 2226/2226/2226 2230/2230/2230
f 2236/2236/2236 2225/2225/2225 2223/2223/2223
f 2236/2236/2236 2230/2230/2230 2235/2235/2235
f 2225/2225/2225 2236/2236/2236 2235/2235/2235
f 2235/2235/2235 2237/2237/2237 2225/2225/2225
f 2238/2238/2238 2237/2237/2237 2235/2235/2235
f 2241/2241/2241 2240/2240/2240 2239/2239/2239
f 2241/2241/2241 2239/2239/2239 2242/2242/2242
f 2241/2241/2241 2242/2242/2242 2243/2243/2243
f 2243/2243/2243 2242/2242/2242 2244/2244/2244
f 2247/2247/2247 2246/2246/2246 2245/2245/2245
f 2246/2246/2246 2248/2248/2248 2245/2245/2245
f 2245/2245/2245 2248/2248/2248 2249/2249/2249
f 2250/2250/2250 2248/2248/2248 2246/2246/2246
f 2251/2251/2251 2250/2250/2250 2246/2246/2246
f 2248/2248/2248 2252/2252/2252 2249/2249/2249
f 2250/2250/2250 2252/2252/2252 2248/2248/2248
f 2252/2252/2252 2253/2253/2253 2249/2249/2249
f 2254/2254/2254 2252/2252/2252 2250/2250/2250
f 2252/2252/2252 2254/2254/2254 2255/2255/2255
f 2254/2254/2254 2256/2256/2256 2255/2255/2255
f 2257/2257/2257 2256/2256/2256 2254/2254/2254
f 2255/2255/2255 2256/2256/2256 2258/2258/2258
f 2255/2255/2255 2258/2258/2258 2259/2259/2259
f 2256/2256/2256 2257/2257/2257 2260/2260/2260
f 2258/2258/2258 2256/2256/2256 2260/2260/2260
f 2260/2260/2260 2257/2257/2257 2261/2261/2261
f 2259/2259/2259 2258/2258/2258 2262/2262/2262
f 2262/2262/2262 2258/2258/2258 2263/2263/2263
f 2262/2262/2262 2263/2263/2263 2264/2264/2264
f 2262/2262/2262 2264/2264/2264 2265/2265/2265
f 2266/2266/2266 2259/2259/2259 2262/2262/2262
f 2262/2262/2262 2265/2265/2265 2267/2267/2267
f 2266/2266/2266 2262/2262/2262 2267/2267/2267
f 2266/2266/2266 2267/2267/2267 2268/2268/2268
f 2260/2260/2260 2261/2261/2261 2269/2269/2269
f 2261/2261/2261 2270/2270/2270 2269/2269/2269
f 2271/2271/2271 2270/2270/2270 2261/2261/2261
f 2270/2270/2270 2271/2271/2271 2272/2272/2272
f 2270/2270/2270 2272/2272/2272 2273/2273/2273
f 2273/2273/2273 2272/2272/2272 2274/2274/2274
f 2260/2260/2260 2269/2269/2269 2275/2275/2275
f 2275/2275/2275 2276/2276/2276 2260/2260/2260
f 2260/2260/2260 2276/2276/2276 2277/2277/2277
f 2275/2275/2275 2278/2278/2278 2276/2276/2276
f 2275/2275/2275 2279/2279/2279 2278/2278/2278
f 2282/2282/2282 2281/2281/2281 2280/2280/2280
f 2282/2282/2282 2283/2283/2283 2281/2281/2281
f 2284/2284/2284 2283/2283/2283 2282/2282/2282
f 2287/2287/2287 2286/2286/2286 2285/2285/2285
f 2285/2285/2285 2286/2286/2286 2288/2288/2288
f 2291/2291/2291 2290/2290/2290 2289/2289/2289
f 2289/2289/2289 2290/2290/2290 2292/2292/2292
f 2290/2290/2290 2293/2293/2293 2292/2292/2292
f 2290/2290/2290 2294/2294/2294 2293/2293/2293
f 2294/2294/2294 2290/2290/2290 2295/2295/2295
f 2296/2296/2296 2295/2295/2295 2290/2290/2290
f 2294/2294/2294 2297/2297/2297 2293/2293/2293
f 2295/2295/2295 2297/2297/2297 2294/2294/2294
f 2297/2297/2297 2298/2298/2298 2293/2293/2293
f 2298/2298/2298 2299/2299/2299 2293/2293/2293
f 2299/2299/2299 2298/2298/2298 2300/2300/2300
f 2298/2298/2298 2297/2297/2297 2301/2301/2301
f 2300/2300/2300 2298/2298/2298 2301/2301/2301
f 2301/2301/2301 2297/2297/2297 2302/2302/2302
f 2301/2301/2301 2303/2303/2303 2300/2300/2300
f 2301/2301/2301 2302/2302/2302 2303/2303/2303
f 2296/2296/2296 2304/2304/2304 2295/2295/2295
f 2305/2305/2305 2295/2295/2295 2304/2304/2304
f 2306/2306/2306 2295/2295/2295 2305/2305/2305
f 2307/2307/2307 2306/2306/2306 2305/2305/2305
f 2308/2308/2308 2307/2307/2307 2305/2305/2305
f 2309/2309/2309 2307/2307/2307 2308/2308/2308
f 2296/2296/2296 2310/2310/2310 2304/2304/2304
f 2311/2311/2311 2310/2310/2310 2296/2296/2296
f 2311/2311/2311 2312/2312/2312 2310/2310/2310
f 2310/2310/2310 2313/2313/2313 2304/2304/2304
f 2304/2304/2304 2314/2314/2314 2305/2305/2305
f 2308/2308/2308 2305/2305/2305 2314/2314/2314
f 2304/2304/2304 2313/2313/2313 2314/2314/2314
f 2309/2309/2309 2308/2308/2308 2315/2315/2315
f 2316/2316/2316 2309/2309/2309 2315/2315/2315
f 2316/2316/2316 2315/2315/2315 2317/2317/2317
f 2316/2316/2316 2317/2317/2317 2318/2318/2318
f 2319/2319/2319 2315/2315/2315 2308/2308/2308
f 2314/2314/2314 2319/2319/2319 2308/2308/2308
f 2313/2313/2313 2320/2320/2320 2314/2314/2314
f 2314/2314/2314 2320/2320/2320 2319/2319/2319
f 2320/2320/2320 2321/2321/2321 2319/2319/2319
f 2322/2322/2322 2319/2319/2319 2321/2321/2321
f 2322/2322/2322 2323/2323/2323 2319/2319/2319
f 2324/2324/2324 2323/2323/2323 2322/2322/2322
f 2324/2324/2324 2322/2322/2322 2325/2325/2325
f 2326/2326/2326 2324/2324/2324 2325/2325/2325
f 2327/2327/2327 2326/2326/2326 2325/2325/2325
f 2328/2328/2328 2327/2327/2327 2325/2325/2325
f 2329/2329/2329 2328/2328/2328 2325/2325/2325
f 2328/2328/2328 2329/2329/2329 2330/2330/2330
f 2328/2328/2328 2330/2330/2330 2331/2331/2331
f 2320/2320/2320 2332/2332/2332 2321/2321/2321
f 2313/2313/2313 2333/2333/2333 2320/2320/2320
f 2333/2333/2333 2332/2332/2332 2320/2320/2320
f 2313/2313/2313 2334/2334/2334 2333/2333/2333
f 2333/2333/2333 2334/2334/2334 2332/2332/2332
f 2335/2335/2335 2334/2334/2334 2313/2313/2313
f 2334/2334/2334 2336/2336/2336 2332/2332/2332
f 2335/2335/2335 2313/2313/2313 2337/2337/2337
f 2337/2337/2337 2338/2338/2338 2335/2335/2335
f 2338/2338/2338 2339/2339/2339 2335/2335/2335
f 2332/2332/2332 2340/2340/2340 2321/2321/2321
f 2332/2332/2332 2336/2336/2336 2340/2340/2340
f 2321/2321/2321 2340/2340/2340 2322/2322/2322
f 2341/2341/2341 2322/2322/2322 2340/2340/2340
f 2336/2336/2336 2341/2341/2341 2340/2340/2340
f 2342/2342/2342 2336/2336/2336 2334/2334/2334
f 2334/2334/2334 2335/2335/2335 2342/2342/2342
f 2342/2342/2342 2343/2343/2343 2336/2336/2336
f 2339/2339/2339 2344/2344/2344 2335/2335/2335
f 2345/2345/2345 2344/2344/2344 2339/2339/2339
f 2345/2345/2345 2346/2346/2346 2344/2344/2344
f 2347/2347/2347 2342/2342/2342 2335/2335/2335
f 2344/2344/2344 2347/2347/2347 2335/2335/2335
f 2342/2342/2342 2347/2347/2347 2343/2343/2343
f 2344/2344/2344 2348/2348/2348 2347/2347/2347
f 2346/2346/2346 2348/2348/2348 2344/2344/2344
f 2347/2347/2347 2348/2348/2348 2343/2343/2343
f 2348/2348/2348 2346/2346/2346 2343/2343/2343
f 2341/2341/2341 2349/2349/2349 2322/2322/2322
f 2322/2322/2322 2349/2349/2349 2325/2325/2325
f 2345/2345/2345 2350/2350/2350 2346/2346/2346
f 2351/2351/2351 2350/2350/2350 2345/2345/2345
f 2349/2349/2349 2352/2352/2352 2325/2325/2325
f 2329/2329/2329 2325/2325/2325 2352/2352/2352
f 2341/2341/2341 2353/2353/2353 2349/2349/2349
f 2349/2349/2349 2354/2354/2354 2352/2352/2352
f 2349/2349/2349 2353/2353/2353 2354/2354/2354
f 2355/2355/2355 2353/2353/2353 2341/2341/2341
f 2336/2336/2336 2355/2355/2355 2341/2341/2341
f 2356/2356/2356 2355/2355/2355 2336/2336/2336
f 2336/2336/2336 2343/2343/2343 2356/2356/2356
f 2343/2343/2343 2357/2357/2357 2356/2356/2356
f 2356/2356/2356 2358/2358/2358 2355/2355/2355
f 2353/2353/2353 2355/2355/2355 2358/2358/2358
f 2358/2358/2358 2356/2356/2356 2357/2357/2357
f 2343/2343/2343 2359/2359/2359 2357/2357/2357
f 2346/2346/2346 2359/2359/2359 2343/2343/2343
f 2354/2354/2354 2360/2360/2360 2352/2352/2352
f 2354/2354/2354 2353/2353/2353 2361/2361/2361
f 2354/2354/2354 2361/2361/2361 2360/2360/2360
f 2360/2360/2360 2361/2361/2361 2362/2362/2362
f 2363/2363/2363 2361/2361/2361 2353/2353/2353
f 2363/2363/2363 2353/2353/2353 2358/2358/2358
f 2363/2363/2363 2364/2364/2364 2361/2361/2361
f 2363/2363/2363 2358/2358/2358 2365/2365/2365
f 2363/2363/2363 2365/2365/2365 2364/2364/2364
f 2358/2358/2358 2366/2366/2366 2365/2365/2365
f 2358/2358/2358 2357/2357/2357 2366/2366/2366
f 2365/2365/2365 2367/2367/2367 2364/2364/2364
f 2367/2367/2367 2365/2365/2365 2366/2366/2366
f 2368/2368/2368 2352/2352/2352 2360/2360/2360
f 2352/2352/2352 2368/2368/2368 2329/2329/2329
f 2360/2360/2360 2369/2369/2369 2368/2368/2368
f 2368/2368/2368 2369/2369/2369 2329/2329/2329
f 2369/2369/2369 2370/2370/2370 2329/2329/2329
f 2370/2370/2370 2371/2371/2371 2329/2329/2329
f 2329/2329/2329 2371/2371/2371 2330/2330/2330
f 2369/2369/2369 2360/2360/2360 2372/2372/2372
f 2360/2360/2360 2373/2373/2373 2372/2372/2372
f 2373/2373/2373 2374/2374/2374 2372/2372/2372
f 2373/2373/2373 2375/2375/2375 2374/2374/2374
f 2375/2375/2375 2376/2376/2376 2374/2374/2374
f 2376/2376/2376 2377/2377/2377 2374/2374/2374
f 2372/2372/2372 2378/2378/2378 2369/2369/2369
f 2370/2370/2370 2369/2369/2369 2378/2378/2378
f 2372/2372/2372 2374/2374/2374 2378/2378/2378
f 2374/2374/2374 2377/2377/2377 2379/2379/2379
f 2379/2379/2379 2377/2377/2377 2380/2380/2380
f 2378/2378/2378 2374/2374/2374 2381/2381/2381
f 2378/2378/2378 2381/2381/2381 2370/2370/2370
f 2374/2374/2374 2382/2382/2382 2381/2381/2381
f 2382/2382/2382 2374/2374/2374 2379/2379/2379
f 2381/2381/2381 2382/2382/2382 2370/2370/2370
f 2379/2379/2379 2380/2380/2380 2383/2383/2383
f 2384/2384/2384 2382/2382/2382 2379/2379/2379
f 2384/2384/2384 2379/2379/2379 2383/2383/2383
f 2380/2380/2380 2385/2385/2385 2383/2383/2383
f 2386/2386/2386 2385/2385/2385 2380/2380/2380
f 2370/2370/2370 2382/2382/2382 2387/2387/2387
f 2382/2382/2382 2384/2384/2384 2387/2387/2387
f 2388/2388/2388 2383/2383/2383 2385/2385/2385
f 2383/2383/2383 2388/2388/2388 2384/2384/2384
f 2386/2386/2386 2389/2389/2389 2385/2385/2385
f 2386/2386/2386 2390/2390/2390 2389/2389/2389
f 2385/2385/2385 2391/2391/2391 2388/2388/2388
f 2385/2385/2385 2389/2389/2389 2391/2391/2391
f 2392/2392/2392 2384/2384/2384 2388/2388/2388
f 2393/2393/2393 2387/2387/2387 2384/2384/2384
f 2384/2384/2384 2392/2392/2392 2393/2393/2393
f 2387/2387/2387 2393/2393/2393 2394/2394/2394
f 2394/2394/2394 2393/2393/2393 2392/2392/2392
f 2395/2395/2395 2370/2370/2370 2387/2387/2387
f 2395/2395/2395 2387/2387/2387 2394/2394/2394
f 2388/2388/2388 2396/2396/2396 2392/2392/2392
f 2388/2388/2388 2391/2391/2391 2396/2396/2396
f 2392/2392/2392 2396/2396/2396 2397/2397/2397
f 2394/2394/2394 2392/2392/2392 2397/2397/2397
f 2396/2396/2396 2391/2391/2391 2398/2398/2398
f 2396/2396/2396 2398/2398/2398 2397/2397/2397
f 2389/2389/2389 2399/2399/2399 2391/2391/2391
f 2391/2391/2391 2399/2399/2399 2398/2398/2398
f 2397/2397/2397 2398/2398/2398 2400/2400/2400
f 2400/2400/2400 2398/2398/2398 2401/2401/2401
f 2402/2402/2402 2401/2401/2401 2398/2398/2398
f 2398/2398/2398 2399/2399/2399 2402/2402/2402
f 2402/2402/2402 2403/2403/2403 2401/2401/2401
f 2394/2394/2394 2397/2397/2397 2404/2404/2404
f 2405/2405/2405 2404/2404/2404 2397/2397/2397
f 2394/2394/2394 2404/2404/2404 2406/2406/2406
f 2404/2404/2404 2407/2407/2407 2406/2406/2406
f 2406/2406/2406 2395/2395/2395 2394/2394/2394
f 2408/2408/2408 2399/2399/2399 2389/2389/2389
f 2390/2390/2390 2408/2408/2408 2389/2389/2389
f 2399/2399/2399 2409/2409/2409 2402/2402/2402
f 2399/2399/2399 2408/2408/2408 2409/2409/2409
f 2410/2410/2410 2409/2409/2409 2408/2408/2408
f 2402/2402/2402 2409/2409/2409 2411/2411/2411
f 2409/2409/2409 2412/2412/2412 2411/2411/2411
f 2410/2410/2410 2412/2412/2412 2409/2409/2409
f 2412/2412/2412 2413/2413/2413 2411/2411/2411
f 2395/2395/2395 2406/2406/2406 2414/2414/2414
f 2414/2414/2414 2406/2406/2406 2415/2415/2415
f 2390/2390/2390 2416/2416/2416 2408/2408/2408
f 2416/2416/2416 2410/2410/2410 2408/2408/2408
f 2412/2412/2412 2417/2417/2417 2413/2413/2413
f 2412/2412/2412 2410/2410/2410 2417/2417/2417
f 2413/2413/2413 2417/2417/2417 2418/2418/2418
f 2413/2413/2413 2418/2418/2418 2419/2419/2419
f 2418/2418/2418 2420/2420/2420 2419/2419/2419
f 2418/2418/2418 2421/2421/2421 2420/2420/2420
f 2414/2414/2414 2422/2422/2422 2395/2395/2395
f 2422/2422/2422 2370/2370/2370 2395/2395/2395
f 2371/2371/2371 2370/2370/2370 2422/2422/2422
f 2416/2416/2416 2390/2390/2390 2423/2423/2423
f 2424/2424/2424 2423/2423/2423 2390/2390/2390
f 2423/2423/2423 2425/2425/2425 2416/2416/2416
f 2425/2425/2425 2426/2426/2426 2416/2416/2416
f 2416/2416/2416 2426/2426/2426 2410/2410/2410
f 2425/2425/2425 2427/2427/2427 2426/2426/2426
f 2428/2428/2428 2422/2422/2422 2414/2414/2414
f 2428/2428/2428 2414/2414/2414 2415/2415/2415
f 2429/2429/2429 2371/2371/2371 2422/2422/2422
f 2429/2429/2429 2422/2422/2422 2428/2428/2428
f 2429/2429/2429 2428/2428/2428 2415/2415/2415
f 2330/2330/2330 2371/2371/2371 2429/2429/2429
f 2430/2430/2430 2410/2410/2410 2426/2426/2426
f 2427/2427/2427 2430/2430/2430 2426/2426/2426
f 2431/2431/2431 2429/2429/2429 2415/2415/2415
f 2431/2431/2431 2415/2415/2415 2432/2432/2432
f 2431/2431/2431 2432/2432/2432 2433/2433/2433
f 2431/2431/2431 2433/2433/2433 2434/2434/2434
f 2434/2434/2434 2435/2435/2435 2431/2431/2431
f 2436/2436/2436 2330/2330/2330 2429/2429/2429
f 2431/2431/2431 2436/2436/2436 2429/2429/2429
f 2435/2435/2435 2436/2436/2436 2431/2431/2431
f 2330/2330/2330 2436/2436/2436 2331/2331/2331
f 2331/2331/2331 2436/2436/2436 2435/2435/2435
f 2331/2331/2331 2435/2435/2435 2437/2437/2437
f 2438/2438/2438 2410/2410/2410 2430/2430/2430
f 2417/2417/2417 2410/2410/2410 2438/2438/2438
f 2438/2438/2438 2418/2418/2418 2417/2417/2417
f 2430/2430/2430 2439/2439/2439 2438/2438/2438
f 2418/2418/2418 2438/2438/2438 2440/2440/2440
f 2439/2439/2439 2440/2440/2440 2438/2438/2438
f 2441/2441/2441 2418/2418/2418 2440/2440/2440
f 2440/2440/2440 2439/2439/2439 2441/2441/2441
f 2441/2441/2441 2421/2421/2421 2418/2418/2418
f 2421/2421/2421 2441/2441/2441 2442/2442/2442
f 2443/2443/2443 2439/2439/2439 2430/2430/2430
f 2427/2427/2427 2443/2443/2443 2430/2430/2430
f 2441/2441/2441 2439/2439/2439 2444/2444/2444
f 2444/2444/2444 2445/2445/2445 2441/2441/2441
f 2446/2446/2446 2445/2445/2445 2444/2444/2444
f 2444/2444/2444 2447/2447/2447 2446/2446/2446
f 2447/2447/2447 2444/2444/2444 2439/2439/2439
f 2447/2447/2447 2439/2439/2439 2443/2443/2443
f 2448/2448/2448 2447/2447/2447 2443/2443/2443
f 2448/2448/2448 2443/2443/2443 2449/2449/2449
f 2427/2427/2427 2449/2449/2449 2443/2443/2443
f 2450/2450/2450 2449/2449/2449 2427/2427/2427
f 2453/2453/2453 2452/2452/2452 2451/2451/2451
f 2453/2453/2453 2454/2454/2454 2452/2452/2452
f 2454/2454/2454 2453/2453/2453 2455/2455/2455
f 2454/2454/2454 2455/2455/2455 2456/2456/2456
f 2457/2457/2457 2454/2454/2454 2456/2456/2456
f 2457/2457/2457 2458/2458/2458 2454/2454/2454
f 2459/2459/2459 2457/2457/2457 2456/2456/2456
f 2459/2459/2459 2456/2456/2456 2460/2460/2460
f 2463/2463/2463 2462/2462/2462 2461/2461/2461
f 2464/2464/2464 2461/2461/2461 2462/2462/2462
f 2462/2462/2462 2465/2465/2465 2464/2464/2464
f 2466/2466/2466 2465/2465/2465 2462/2462/2462
f 2467/2467/2467 2465/2465/2465 2466/2466/2466
f 2468/2468/2468 2465/2465/2465 2467/2467/2467
f 2469/2469/2469 2468/2468/2468 2467/2467/2467
f 2470/2470/2470 2469/2469/2469 2467/2467/2467
f 2471/2471/2471 2469/2469/2469 2470/2470/2470
f 2472/2472/2472 2471/2471/2471 2470/2470/2470
f 2473/2473/2473 2471/2471/2471 2472/2472/2472
f 2473/2473/2473 2474/2474/2474 2471/2471/2471
f 2477/2477/2477 2476/2476/2476 2475/2475/2475
f 2478/2478/2478 2476/2476/2476 2477/2477/2477
f 2478/2478/2478 2479/2479/2479 2476/2476/2476
f 2478/2478/2478 2480/2480/2480 2479/2479/2479
f 2480/2480/2480 2481/2481/2481 2479/2479/2479
f 2480/2480/2480 2482/2482/2482 2481/2481/2481
f 2481/2481/2481 2483/2483/2483 2479/2479/2479
f 2484/2484/2484 2479/2479/2479 2483/2483/2483
f 2481/2481/2481 2485/2485/2485 2483/2483/2483
f 2481/2481/2481 2482/2482/2482 2485/2485/2485
f 2485/2485/2485 2486/2486/2486 2483/2483/2483
f 2483/2483/2483 2486/2486/2486 2487/2487/2487
f 2485/2485/2485 2488/2488/2488 2486/2486/2486
f 2485/2485/2485 2489/2489/2489 2488/2488/2488
f 2482/2482/2482 2489/2489/2489 2485/2485/2485
f 2490/2490/2490 2488/2488/2488 2489/2489/2489
f 2491/2491/2491 2490/2490/2490 2489/2489/2489
f 2490/2490/2490 2491/2491/2491 2492/2492/2492
f 2489/2489/2489 2493/2493/2493 2491/2491/2491
f 2493/2493/2493 2489/2489/2489 2482/2482/2482
f 2491/2491/2491 2494/2494/2494 2492/2492/2492
f 2491/2491/2491 2493/2493/2493 2494/2494/2494
f 2492/2492/2492 2494/2494/2494 2495/2495/2495
f 2496/2496/2496 2492/2492/2492 2495/2495/2495
f 2493/2493/2493 2497/2497/2497 2494/2494/2494
f 2494/2494/2494 2497/2497/2497 2498/2498/2498
f 2498/2498/2498 2499/2499/2499 2494/2494/2494
f 2497/2497/2497 2493/2493/2493 2500/2500/2500
f 2497/2497/2497 2500/2500/2500 2498/2498/2498
f 2482/2482/2482 2500/2500/2500 2493/2493/2493
f 2498/2498/2498 2500/2500/2500 2501/2501/2501
f 2502/2502/2502 2500/2500/2500 2482/2482/2482
f 2502/2502/2502 2482/2482/2482 2503/2503/2503
f 2482/2482/2482 2480/2480/2480 2503/2503/2503
f 2504/2504/2504 2502/2502/2502 2503/2503/2503
f 2505/2505/2505 2503/2503/2503 2480/2480/2480
f 2505/2505/2505 2504/2504/2504 2503/2503/2503
f 2506/2506/2506 2504/2504/2504 2505/2505/2505
f 2509/2509/2509 2508/2508/2508 2507/2507/2507
f 2508/2508/2508 2510/2510/2510 2507/2507/2507
f 2513/2513/2513 2512/2512/2512 2511/2511/2511
f 2514/2514/2514 2513/2513/2513 2511/2511/2511
f 2515/2515/2515 2513/2513/2513 2514/2514/2514
f 2514/2514/2514 2516/2516/2516 2515/2515/2515
f 2511/2511/2511 2517/2517/2517 2514/2514/2514
f 2511/2511/2511 2518/2518/2518 2517/2517/2517
f 2519/2519/2519 2518/2518/2518 2511/2511/2511
f 2520/2520/2520 2518/2518/2518 2519/2519/2519
f 2519/2519/2519 2521/2521/2521 2520/2520/2520
f 2520/2520/2520 2521/2521/2521 2522/2522/2522
f 2517/2517/2517 2518/2518/2518 2523/2523/2523
f 2523/2523/2523 2518/2518/2518 2520/2520/2520
f 2524/2524/2524 2517/2517/2517 2523/2523/2523
f 2524/2524/2524 2525/2525/2525 2517/2517/2517
f 2523/2523/2523 2520/2520/2520 2526/2526/2526
f 2514/2514/2514 2517/2517/2517 2527/2527/2527
f 2526/2526/2526 2520/2520/2520 2528/2528/2528
f 2514/2514/2514 2527/2527/2527 2529/2529/2529
f 2514/2514/2514 2529/2529/2529 2516/2516/2516
f 2516/2516/2516 2529/2529/2529 2530/2530/2530
f 2530/2530/2530 2531/2531/2531 2516/2516/2516
f 2532/2532/2532 2529/2529/2529 2527/2527/2527
f 2532/2532/2532 2530/2530/2530 2529/2529/2529
f 2530/2530/2530 2533/2533/2533 2531/2531/2531
f 2530/2530/2530 2532/2532/2532 2534/2534/2534
f 2534/2534/2534 2535/2535/2535 2530/2530/2530
f 2536/2536/2536 2533/2533/2533 2530/2530/2530
f 2535/2535/2535 2537/2537/2537 2530/2530/2530
f 2536/2536/2536 2530/2530/2530 2537/2537/2537
f 2538/2538/2538 2536/2536/2536 2537/2537/2537
f 2538/2538/2538 2537/2537/2537 2539/2539/2539
f 2520/2520/2520 2540/2540/2540 2528/2528/2528
f 2522/2522/2522 2540/2540/2540 2520/2520/2520
f 2528/2528/2528 2540/2540/2540 2541/2541/2541
f 2528/2528/2528 2541/2541/2541 2542/2542/2542
f 2542/2542/2542 2541/2541/2541 2543/2543/2543
f 2541/2541/2541 2544/2544/2544 2543/2543/2543
f 2541/2541/2541 2545/2545/2545 2544/2544/2544
f 2545/2545/2545 2541/2541/2541 2540/2540/2540
f 2540/2540/2540 2522/2522/2522 2545/2545/2545
f 2546/2546/2546 2545/2545/2545 2522/2522/2522
f 2547/2547/2547 2546/2546/2546 2522/2522/2522
f 2545/2545/2545 2546/2546/2546 2548/2548/2548
f 2551/2551/2551 2550/2550/2550 2549/2549/2549
f 2551/2551/2551 2552/2552/2552 2550/2550/2550
f 2553/2553/2553 2552/2552/2552 2551/2551/2551
f 2552/2552/2552 2553/2553/2553 2554/2554/2554
f 2557/2557/2557 2556/2556/2556 2555/2555/2555
f 2557/2557/2557 2555/2555/2555 2558/2558/2558
f 2559/2559/2559 2557/2557/2557 2558/2558/2558
f 2560/2560/2560 2559/2559/2559 2558/2558/2558
f 2560/2560/2560 2561/2561/2561 2559/2559/2559
f 2559/2559/2559 2561/2561/2561 2562/2562/2562
f 2561/2561/2561 2563/2563/2563 2562/2562/2562
f 2562/2562/2562 2563/2563/2563 2564/2564/2564
f 2567/2567/2567 2566/2566/2566 2565/2565/2565
f 2567/2567/2567 2568/2568/2568 2566/2566/2566
f 2568/2568/2568 2567/2567/2567 2569/2569/2569
f 2569/2569/2569 2567/2567/2567 2570/2570/2570
f 2569/2569/2569 2570/2570/2570 2571/2571/2571
f 2572/2572/2572 2569/2569/2569 2571/2571/2571
f 2572/2572/2572 2571/2571/2571 2573/2573/2573
f 2571/2571/2571 2574/2574/2574 2573/2573/2573
f 2577/2577/2577 2576/2576/2576 2575/2575/2575
f 2578/2578/2578 2575/2575/2575 2576/2576/2576
f 2575/2575/2575 2578/2578/2578 2579/2579/2579
f 2580/2580/2580 2575/2575/2575 2579/2579/2579
f 2579/2579/2579 2578/2578/2578 2581/2581/2581
f 2579/2579/2579 2581/2581/2581 2582/2582/2582
f 2578/2578/2578 2576/2576/2576 2583/2583/2583
f 2578/2578/2578 2584/2584/2584 2581/2581/2581
f 2578/2578/2578 2583/2583/2583 2584/2584/2584
f 2576/2576/2576 2585/2585/2585 2583/2583/2583
f 2576/2576/2576 2586/2586/2586 2585/2585/2585
f 2586/2586/2586 2587/2587/2587 2585/2585/2585
f 2583/2583/2583 2585/2585/2585 2588/2588/2588
f 2583/2583/2583 2588/2588/2588 2584/2584/2584
f 2585/2585/2585 2587/2587/2587 2589/2589/2589
f 2585/2585/2585 2589/2589/2589 2588/2588/2588
f 2589/2589/2589 2587/2587/2587 2590/2590/2590
f 2581/2581/2581 2591/2591/2591 2582/2582/2582
f 2584/2584/2584 2592/2592/2592 2581/2581/2581
f 2591/2591/2591 2581/2581/2581 2592/2592/2592
f 2591/2591/2591 2593/2593/2593 2582/2582/2582
f 2582/2582/2582 2593/2593/2593 2594/2594/2594
f 2591/2591/2591 2595/2595/2595 2593/2593/2593
f 2593/2593/2593 2595/2595/2595 2596/2596/2596
f 2593/2593/2593 2596/2596/2596 2597/2597/2597
f 2592/2592/2592 2598/2598/2598 2591/2591/2591
f 2591/2591/2591 2598/2598/2598 2595/2595/2595
f 2584/2584/2584 2599/2599/2599 2592/2592/2592
f 2592/2592/2592 2600/2600/2600 2598/2598/2598
f 2592/2592/2592 2599/2599/2599 2600/2600/2600
f 2598/2598/2598 2601/2601/2601 2595/2595/2595
f 2600/2600/2600 2601/2601/2601 2598/2598/2598
f 2595/2595/2595 2602/2602/2602 2596/2596/2596
f 2601/2601/2601 2602/2602/2602 2595/2595/2595
f 2584/2584/2584 2603/2603/2603 2599/2599/2599
f 2584/2584/2584 2588/2588/2588 2603/2603/2603
f 2600/2600/2600 2604/2604/2604 2601/2601/2601
f 2605/2605/2605 2602/2602/2602 2601/2601/2601
f 2604/2604/2604 2605/2605/2605 2601/2601/2601
f 2599/2599/2599 2606/2606/2606 2600/2600/2600
f 2606/2606/2606 2604/2604/2604 2600/2600/2600
f 2605/2605/2605 2607/2607/2607 2602/2602/2602
f 2602/2602/2602 2608/2608/2608 2596/2596/2596
f 2602/2602/2602 2607/2607/2607 2608/2608/2608
f 2609/2609/2609 2607/2607/2607 2605/2605/2605
f 2604/2604/2604 2609/2609/2609 2605/2605/2605
f 2609/2609/2609 2610/2610/2610 2607/2607/2607
f 2607/2607/2607 2610/2610/2610 2608/2608/2608
f 2604/2604/2604 2611/2611/2611 2609/2609/2609
f 2612/2612/2612 2604/2604/2604 2606/2606/2606
f 2612/2612/2612 2611/2611/2611 2604/2604/2604
f 2606/2606/2606 2599/2599/2599 2613/2613/2613
f 2613/2613/2613 2612/2612/2612 2606/2606/2606
f 2614/2614/2614 2612/2612/2612 2613/2613/2613
f 2615/2615/2615 2611/2611/2611 2612/2612/2612
f 2615/2615/2615 2612/2612/2612 2614/2614/2614
f 2616/2616/2616 2611/2611/2611 2615/2615/2615
f 2615/2615/2615 2614/2614/2614 2617/2617/2617
f 2599/2599/2599 2618/2618/2618 2613/2613/2613
f 2613/2613/2613 2618/2618/2618 2614/2614/2614
f 2603/2603/2603 2618/2618/2618 2599/2599/2599
f 2619/2619/2619 2608/2608/2608 2610/2610/2610
f 2596/2596/2596 2608/2608/2608 2619/2619/2619
f 2620/2620/2620 2618/2618/2618 2603/2603/2603
f 2620/2620/2620 2614/2614/2614 2618/2618/2618
f 2614/2614/2614 2621/2621/2621 2617/2617/2617
f 2622/2622/2622 2617/2617/2617 2621/2621/2621
f 2610/2610/2610 2623/2623/2623 2619/2619/2619
f 2624/2624/2624 2623/2623/2623 2610/2610/2610
f 2625/2625/2625 2623/2623/2623 2624/2624/2624
f 2625/2625/2625 2626/2626/2626 2623/2623/2623
f 2626/2626/2626 2619/2619/2619 2623/2623/2623
f 2627/2627/2627 2626/2626/2626 2625/2625/2625
f 2628/2628/2628 2627/2627/2627 2625/2625/2625
f 2629/2629/2629 2619/2619/2619 2626/2626/2626
f 2627/2627/2627 2629/2629/2629 2626/2626/2626
f 2630/2630/2630 2620/2620/2620 2603/2603/2603
f 2630/2630/2630 2603/2603/2603 2588/2588/2588
f 2621/2621/2621 2631/2631/2631 2622/2622/2622
f 2622/2622/2622 2631/2631/2631 2632/2632/2632
f 2629/2629/2629 2633/2633/2633 2619/2619/2619
f 2596/2596/2596 2619/2619/2619 2633/2633/2633
f 2634/2634/2634 2629/2629/2629 2627/2627/2627
f 2627/2627/2627 2635/2635/2635 2634/2634/2634
f 2588/2588/2588 2636/2636/2636 2630/2630/2630
f 2636/2636/2636 2588/2588/2588 2589/2589/2589
f 2629/2629/2629 2637/2637/2637 2633/2633/2633
f 2634/2634/2634 2637/2637/2637 2629/2629/2629
f 2637/2637/2637 2638/2638/2638 2633/2633/2633
f 2634/2634/2634 2639/2639/2639 2637/2637/2637
f 2640/2640/2640 2596/2596/2596 2633/2633/2633
f 2640/2640/2640 2633/2633/2633 2638/2638/2638
f 2597/2597/2597 2596/2596/2596 2640/2640/2640
f 2597/2597/2597 2640/2640/2640 2638/2638/2638
f 2635/2635/2635 2641/2641/2641 2634/2634/2634
f 2641/2641/2641 2639/2639/2639 2634/2634/2634
f 2642/2642/2642 2641/2641/2641 2635/2635/2635
f 2642/2642/2642 2639/2639/2639 2641/2641/2641
f 2635/2635/2635 2643/2643/2643 2642/2642/2642
f 2642/2642/2642 2643/2643/2643 2644/2644/2644
f 2638/2638/2638 2645/2645/2645 2597/2597/2597
f 2646/2646/2646 2597/2597/2597 2645/2645/2645
f 2638/2638/2638 2647/2647/2647 2645/2645/2645
f 2648/2648/2648 2642/2642/2642 2644/2644/2644
f 2648/2648/2648 2644/2644/2644 2649/2649/2649
f 2638/2638/2638 2650/2650/2650 2647/2647/2647
f 2650/2650/2650 2651/2651/2651 2647/2647/2647
f 2638/2638/2638 2652/2652/2652 2650/2650/2650
f 2650/2650/2650 2652/2652/2652 2651/2651/2651
f 2638/2638/2638 2637/2637/2637 2652/2652/2652
f 2651/2651/2651 2652/2652/2652 2653/2653/2653
f 2637/2637/2637 2654/2654/2654 2652/2652/2652
f 2653/2653/2653 2652/2652/2652 2654/2654/2654
f 2637/2637/2637 2639/2639/2639 2654/2654/2654
f 2653/2653/2653 2654/2654/2654 2655/2655/2655
f 2654/2654/2654 2639/2639/2639 2655/2655/2655
f 2653/2653/2653 2655/2655/2655 2656/2656/2656
f 2655/2655/2655 2657/2657/2657 2656/2656/2656
f 2655/2655/2655 2639/2639/2639 2657/2657/2657
f 2656/2656/2656 2657/2657/2657 2658/2658/2658
f 2657/2657/2657 2639/2639/2639 2659/2659/2659
f 2642/2642/2642 2659/2659/2659 2639/2639/2639
f 2659/2659/2659 2642/2642/2642 2648/2648/2648
f 2657/2657/2657 2660/2660/2660 2658/2658/2658
f 2657/2657/2657 2659/2659/2659 2660/2660/2660
f 2660/2660/2660 2661/2661/2661 2658/2658/2658
f 2660/2660/2660 2662/2662/2662 2661/2661/2661
f 2648/2648/2648 2663/2663/2663 2659/2659/2659
f 2649/2649/2649 2663/2663/2663 2648/2648/2648
f 2660/2660/2660 2664/2664/2664 2662/2662/2662
f 2662/2662/2662 2664/2664/2664 2665/2665/2665
f 2665/2665/2665 2664/2664/2664 2666/2666/2666
f 2659/2659/2659 2667/2667/2667 2660/2660/2660
f 2660/2660/2660 2667/2667/2667 2664/2664/2664
f 2667/2667/2667 2666/2666/2666 2664/2664/2664
f 2663/2663/2663 2667/2667/2667 2659/2659/2659
f 2668/2668/2668 2666/2666/2666 2667/2667/2667
f 2669/2669/2669 2668/2668/2668 2667/2667/2667
f 2667/2667/2667 2663/2663/2663 2669/2669/2669
f 2669/2669/2669 2663/2663/2663 2649/2649/2649
f 2670/2670/2670 2669/2669/2669 2649/2649/2649
f 2673/2673/2673 2672/2672/2672 2671/2671/2671
f 2674/2674/2674 2671/2671/2671 2672/2672/2672
f 2675/2675/2675 2671/2671/2671 2674/2674/2674
f 2674/2674/2674 2676/2676/2676 2675/2675/2675
f 2677/2677/2677 2675/2675/2675 2676/2676/2676
f 2678/2678/2678 2677/2677/2677 2676/2676/2676
f 2675/2675/2675 2677/2677/2677 2679/2679/2679
f 2680/2680/2680 2679/2679/2679 2677/2677/2677
f 2680/2680/2680 2681/2681/2681 2679/2679/2679
f 2681/2681/2681 2680/2680/2680 2682/2682/2682
f 2682/2682/2682 2683/2683/2683 2681/2681/2681
f 2684/2684/2684 2683/2683/2683 2682/2682/2682
f 2682/2682/2682 2685/2685/2685 2684/2684/2684
f 2688/2688/2688 2687/2687/2687 2686/2686/2686
f 2689/2689/2689 2687/2687/2687 2688/2688/2688
f 2690/2690/2690 2689/2689/2689 2688/2688/2688
f 2690/2690/2690 2691/2691/2691 2689/2689/2689
f 2692/2692/2692 2691/2691/2691 2690/2690/2690
f 2693/2693/2693 2689/2689/2689 2691/2691/2691
f 2694/2694/2694 2689/2689/2689 2693/2693/2693
f 2695/2695/2695 2693/2693/2693 2691/2691/2691
f 2695/2695/2695 2691/2691/2691 2696/2696/2696
f 2692/2692/2692 2697/2697/2697 2691/2691/2691
f 2696/2696/2696 2691/2691/2691 2697/2697/2697
f 2697/2697/2697 2692/2692/2692 2698/2698/2698
f 2696/2696/2696 2697/2697/2697 2698/2698/2698
f 2696/2696/2696 2698/2698/2698 2699/2699/2699
f 2700/2700/2700 2696/2696/2696 2699/2699/2699
f 2701/2701/2701 2695/2695/2695 2696/2696/2696
f 2701/2701/2701 2702/2702/2702 2695/2695/2695
f 2703/2703/2703 2701/2701/2701 2696/2696/2696
f 2703/2703/2703 2696/2696/2696 2700/2700/2700
f 2704/2704/2704 2703/2703/2703 2700/2700/2700
f 2705/2705/2705 2704/2704/2704 2700/2700/2700
f 2706/2706/2706 2704/2704/2704 2705/2705/2705
f 2705/2705/2705 2700/2700/2700 2707/2707/2707
f 2705/2705/2705 2707/2707/2707 2708/2708/2708
f 2705/2705/2705 2708/2708/2708 2709/2709/2709
f 2700/2700/2700 2710/2710/2710 2707/2707/2707
f 2710/2710/2710 2711/2711/2711 2707/2707/2707
f 2710/2710/2710 2700/2700/2700 2712/2712/2712
f 2715/2715/2715 2714/2714/2714 2713/2713/2713
f 2716/2716/2716 2715/2715/2715 2713/2713/2713
f 2717/2717/2717 2715/2715/2715 2716/2716/2716
f 2717/2717/2717 2718/2718/2718 2715/2715/2715
f 2719/2719/2719 2715/2715/2715 2718/2718/2718
f 2720/2720/2720 2719/2719/2719 2718/2718/2718
f 2721/2721/2721 2719/2719/2719 2720/2720/2720
f 2722/2722/2722 2721/2721/2721 2720/2720/2720
f 2721/2721/2721 2723/2723/2723 2719/2719/2719
f 2715/2715/2715 2719/2719/2719 2724/2724/2724
f 2715/2715/2715 2724/2724/2724 2725/2725/2725
f 2724/2724/2724 2726/2726/2726 2725/2725/2725
f 2723/2723/2723 2727/2727/2727 2719/2719/2719
f 2727/2727/2727 2724/2724/2724 2719/2719/2719
f 2726/2726/2726 2724/2724/2724 2728/2728/2728
f 2727/2727/2727 2728/2728/2728 2724/2724/2724
f 2729/2729/2729 2726/2726/2726 2728/2728/2728
f 2729/2729/2729 2730/2730/2730 2726/2726/2726
f 2730/2730/2730 2731/2731/2731 2726/2726/2726
f 2732/2732/2732 2727/2727/2727 2723/2723/2723
f 2733/2733/2733 2732/2732/2732 2723/2723/2723
f 2734/2734/2734 2728/2728/2728 2727/2727/2727
f 2732/2732/2732 2734/2734/2734 2727/2727/2727
f 2735/2735/2735 2731/2731/2731 2730/2730/2730
f 2735/2735/2735 2736/2736/2736 2731/2731/2731
f 2735/2735/2735 2737/2737/2737 2736/2736/2736
f 2737/2737/2737 2735/2735/2735 2738/2738/2738
f 2735/2735/2735 2730/2730/2730 2739/2739/2739
f 2735/2735/2735 2739/2739/2739 2738/2738/2738
f 2729/2729/2729 2739/2739/2739 2730/2730/2730
f 2740/2740/2740 2738/2738/2738 2739/2739/2739
f 2739/2739/2739 2741/2741/2741 2740/2740/2740
f 2739/2739/2739 2729/2729/2729 2741/2741/2741
f 2742/2742/2742 2732/2732/2732 2733/2733/2733
f 2743/2743/2743 2742/2742/2742 2733/2733/2733
f 2741/2741/2741 2729/2729/2729 2744/2744/2744
f 2745/2745/2745 2741/2741/2741 2744/2744/2744
f 2746/2746/2746 2745/2745/2745 2744/2744/2744
f 2744/2744/2744 2729/2729/2729 2746/2746/2746
f 2745/2745/2745 2746/2746/2746 2747/2747/2747
f 2748/2748/2748 2747/2747/2747 2746/2746/2746
f 2749/2749/2749 2747/2747/2747 2748/2748/2748
f 2749/2749/2749 2748/2748/2748 2750/2750/2750
f 2748/2748/2748 2751/2751/2751 2750/2750/2750
f 2752/2752/2752 2732/2732/2732 2742/2742/2742
f 2753/2753/2753 2742/2742/2742 2743/2743/2743
f 2753/2753/2753 2752/2752/2752 2742/2742/2742
f 2752/2752/2752 2754/2754/2754 2732/2732/2732
f 2734/2734/2734 2732/2732/2732 2754/2754/2754
f 2755/2755/2755 2753/2753/2753 2743/2743/2743
f 2756/2756/2756 2755/2755/2755 2743/2743/2743
f 2746/2746/2746 2757/2757/2757 2748/2748/2748
f 2748/2748/2748 2758/2758/2758 2751/2751/2751
f 2748/2748/2748 2757/2757/2757 2758/2758/2758
f 2757/2757/2757 2746/2746/2746 2759/2759/2759
f 2759/2759/2759 2734/2734/2734 2754/2754/2754
f 2746/2746/2746 2729/2729/2729 2759/2759/2759
f 2757/2757/2757 2760/2760/2760 2758/2758/2758
f 2759/2759/2759 2760/2760/2760 2757/2757/2757
f 2759/2759/2759 2754/2754/2754 2760/2760/2760
f 2760/2760/2760 2754/2754/2754 2752/2752/2752
f 2761/2761/2761 2734/2734/2734 2759/2759/2759
f 2759/2759/2759 2729/2729/2729 2761/2761/2761
f 2761/2761/2761 2728/2728/2728 2734/2734/2734
f 2729/2729/2729 2728/2728/2728 2761/2761/2761
f 2758/2758/2758 2760/2760/2760 2762/2762/2762
f 2758/2758/2758 2762/2762/2762 2751/2751/2751
f 2752/2752/2752 2763/2763/2763 2760/2760/2760
f 2762/2762/2762 2760/2760/2760 2763/2763/2763
f 2752/2752/2752 2764/2764/2764 2763/2763/2763
f 2753/2753/2753 2764/2764/2764 2752/2752/2752
f 2762/2762/2762 2763/2763/2763 2765/2765/2765
f 2764/2764/2764 2765/2765/2765 2763/2763/2763
f 2764/2764/2764 2753/2753/2753 2766/2766/2766
f 2766/2766/2766 2753/2753/2753 2755/2755/2755
f 2751/2751/2751 2762/2762/2762 2767/2767/2767
f 2762/2762/2762 2765/2765/2765 2767/2767/2767
f 2767/2767/2767 2765/2765/2765 2768/2768/2768
f 2751/2751/2751 2767/2767/2767 2768/2768/2768
f 2765/2765/2765 2764/2764/2764 2769/2769/2769
f 2764/2764/2764 2766/2766/2766 2769/2769/2769
f 2768/2768/2768 2765/2765/2765 2769/2769/2769
f 2770/2770/2770 2769/2769/2769 2766/2766/2766
f 2771/2771/2771 2766/2766/2766 2755/2755/2755
f 2770/2770/2770 2766/2766/2766 2771/2771/2771
f 2772/2772/2772 2768/2768/2768 2769/2769/2769
f 2772/2772/2772 2769/2769/2769 2770/2770/2770
f 2773/2773/2773 2772/2772/2772 2770/2770/2770
f 2770/2770/2770 2771/2771/2771 2774/2774/2774
f 2770/2770/2770 2774/2774/2774 2773/2773/2773
f 2775/2775/2775 2768/2768/2768 2772/2772/2772
f 2775/2775/2775 2772/2772/2772 2773/2773/2773
f 2775/2775/2775 2773/2773/2773 2776/2776/2776
f 2777/2777/2777 2773/2773/2773 2774/2774/2774
f 2776/2776/2776 2773/2773/2773 2777/2777/2777
f 2778/2778/2778 2768/2768/2768 2775/2775/2775
f 2775/2775/2775 2776/2776/2776 2778/2778/2778
f 2779/2779/2779 2751/2751/2751 2768/2768/2768
f 2778/2778/2778 2780/2780/2780 2768/2768/2768
f 2768/2768/2768 2780/2780/2780 2779/2779/2779
f 2778/2778/2778 2781/2781/2781 2780/2780/2780
f 2778/2778/2778 2776/2776/2776 2781/2781/2781
f 2779/2779/2779 2780/2780/2780 2781/2781/2781
f 2782/2782/2782 2781/2781/2781 2776/2776/2776
f 2783/2783/2783 2779/2779/2779 2781/2781/2781
f 2784/2784/2784 2782/2782/2782 2776/2776/2776
f 2776/2776/2776 2777/2777/2777 2784/2784/2784
f 2783/2783/2783 2785/2785/2785 2779/2779/2779
f 2779/2779/2779 2786/2786/2786 2751/2751/2751
f 2785/2785/2785 2786/2786/2786 2779/2779/2779
f 2786/2786/2786 2750/2750/2750 2751/2751/2751
f 2785/2785/2785 2750/2750/2750 2786/2786/2786
f 2787/2787/2787 2750/2750/2750 2785/2785/2785
f 2777/2777/2777 2788/2788/2788 2784/2784/2784
f 2788/2788/2788 2789/2789/2789 2784/2784/2784
f 2789/2789/2789 2788/2788/2788 2790/2790/2790
f 2791/2791/2791 2790/2790/2790 2788/2788/2788
f 2791/2791/2791 2792/2792/2792 2790/2790/2790
f 2793/2793/2793 2788/2788/2788 2777/2777/2777
f 2788/2788/2788 2793/2793/2793 2791/2791/2791
f 2792/2792/2792 2791/2791/2791 2794/2794/2794
f 2794/2794/2794 2791/2791/2791 2793/2793/2793
f 2792/2792/2792 2794/2794/2794 2795/2795/2795
f 2792/2792/2792 2795/2795/2795 2796/2796/2796
f 2795/2795/2795 2794/2794/2794 2797/2797/2797
f 2798/2798/2798 2794/2794/2794 2793/2793/2793
f 2777/2777/2777 2799/2799/2799 2793/2793/2793
f 2774/2774/2774 2799/2799/2799 2777/2777/2777
f 2795/2795/2795 2800/2800/2800 2796/2796/2796
f 2795/2795/2795 2797/2797/2797 2800/2800/2800
f 2798/2798/2798 2793/2793/2793 2801/2801/2801
f 2793/2793/2793 2799/2799/2799 2801/2801/2801
f 2800/2800/2800 2802/2802/2802 2796/2796/2796
f 2796/2796/2796 2802/2802/2802 2803/2803/2803
f 2800/2800/2800 2797/2797/2797 2804/2804/2804
f 2800/2800/2800 2804/2804/2804 2802/2802/2802
f 2805/2805/2805 2797/2797/2797 2798/2798/2798
f 2805/2805/2805 2798/2798/2798 2801/2801/2801
f 2804/2804/2804 2797/2797/2797 2805/2805/2805
f 2799/2799/2799 2774/2774/2774 2806/2806/2806
f 2774/2774/2774 2771/2771/2771 2806/2806/2806
f 2807/2807/2807 2803/2803/2803 2802/2802/2802
f 2802/2802/2802 2808/2808/2808 2807/2807/2807
f 2807/2807/2807 2809/2809/2809 2803/2803/2803
f 2809/2809/2809 2810/2810/2810 2803/2803/2803
f 2804/2804/2804 2811/2811/2811 2802/2802/2802
f 2802/2802/2802 2811/2811/2811 2812/2812/2812
f 2804/2804/2804 2805/2805/2805 2813/2813/2813
f 2813/2813/2813 2811/2811/2811 2804/2804/2804
f 2809/2809/2809 2814/2814/2814 2810/2810/2810
f 2809/2809/2809 2815/2815/2815 2814/2814/2814
f 2811/2811/2811 2815/2815/2815 2809/2809/2809
f 2815/2815/2815 2811/2811/2811 2589/2589/2589
f 2589/2589/2589 2811/2811/2811 2636/2636/2636
f 2636/2636/2636 2811/2811/2811 2813/2813/2813
f 2816/2816/2816 2810/2810/2810 2814/2814/2814
f 2810/2810/2810 2816/2816/2816 2817/2817/2817
f 2816/2816/2816 2814/2814/2814 2818/2818/2818
f 2818/2818/2818 2819/2819/2819 2816/2816/2816
f 2819/2819/2819 2820/2820/2820 2816/2816/2816
f 2819/2819/2819 2821/2821/2821 2820/2820/2820
f 2820/2820/2820 2821/2821/2821 2822/2822/2822
f 2822/2822/2822 2821/2821/2821 2823/2823/2823
f 2824/2824/2824 2636/2636/2636 2813/2813/2813
f 2630/2630/2630 2636/2636/2636 2824/2824/2824
f 2813/2813/2813 2825/2825/2825 2824/2824/2824
f 2805/2805/2805 2825/2825/2825 2813/2813/2813
f 2824/2824/2824 2826/2826/2826 2630/2630/2630
f 2825/2825/2825 2826/2826/2826 2824/2824/2824
f 2805/2805/2805 2827/2827/2827 2825/2825/2825
f 2805/2805/2805 2801/2801/2801 2827/2827/2827
f 2825/2825/2825 2827/2827/2827 2828/2828/2828
f 2826/2826/2826 2825/2825/2825 2828/2828/2828
f 2801/2801/2801 2829/2829/2829 2827/2827/2827
f 2826/2826/2826 2830/2830/2830 2630/2630/2630
f 2826/2826/2826 2828/2828/2828 2830/2830/2830
f 2830/2830/2830 2620/2620/2620 2630/2630/2630
f 2828/2828/2828 2831/2831/2831 2830/2830/2830
f 2831/2831/2831 2620/2620/2620 2830/2830/2830
f 2828/2828/2828 2832/2832/2832 2831/2831/2831
f 2833/2833/2833 2829/2829/2829 2801/2801/2801
f 2799/2799/2799 2833/2833/2833 2801/2801/2801
f 2833/2833/2833 2834/2834/2834 2829/2829/2829
f 2834/2834/2834 2835/2835/2835 2829/2829/2829
f 2833/2833/2833 2799/2799/2799 2836/2836/2836
f 2833/2833/2833 2836/2836/2836 2834/2834/2834
f 2799/2799/2799 2806/2806/2806 2836/2836/2836
f 2835/2835/2835 2834/2834/2834 2837/2837/2837
f 2837/2837/2837 2838/2838/2838 2835/2835/2835
f 2834/2834/2834 2836/2836/2836 2839/2839/2839
f 2834/2834/2834 2839/2839/2839 2837/2837/2837
f 2836/2836/2836 2806/2806/2806 2840/2840/2840
f 2840/2840/2840 2839/2839/2839 2836/2836/2836
f 2837/2837/2837 2841/2841/2841 2838/2838/2838
f 2838/2838/2838 2841/2841/2841 2832/2832/2832
f 2841/2841/2841 2837/2837/2837 2632/2632/2632
f 2837/2837/2837 2839/2839/2839 2632/2632/2632
f 2632/2632/2632 2832/2832/2832 2841/2841/2841
f 2632/2632/2632 2631/2631/2631 2832/2832/2832
f 2839/2839/2839 2842/2842/2842 2632/2632/2632
f 2839/2839/2839 2840/2840/2840 2842/2842/2842
f 2831/2831/2831 2832/2832/2832 2631/2631/2631
f 2831/2831/2831 2631/2631/2631 2621/2621/2621
f 2831/2831/2831 2621/2621/2621 2843/2843/2843
f 2621/2621/2621 2614/2614/2614 2843/2843/2843
f 2831/2831/2831 2843/2843/2843 2620/2620/2620
f 2843/2843/2843 2614/2614/2614 2620/2620/2620
f 2806/2806/2806 2844/2844/2844 2840/2840/2840
f 2771/2771/2771 2844/2844/2844 2806/2806/2806
f 2840/2840/2840 2844/2844/2844 2845/2845/2845
f 2842/2842/2842 2840/2840/2840 2845/2845/2845
f 2844/2844/2844 2771/2771/2771 2846/2846/2846
f 2844/2844/2844 2846/2846/2846 2845/2845/2845
f 2771/2771/2771 2755/2755/2755 2846/2846/2846
f 2847/2847/2847 2842/2842/2842 2845/2845/2845
f 2847/2847/2847 2845/2845/2845 2846/2846/2846
f 2846/2846/2846 2755/2755/2755 2848/2848/2848
f 2848/2848/2848 2755/2755/2755 2756/2756/2756
f 2849/2849/2849 2846/2846/2846 2848/2848/2848
f 2849/2849/2849 2847/2847/2847 2846/2846/2846
f 2848/2848/2848 2756/2756/2756 2850/2850/2850
f 2849/2849/2849 2848/2848/2848 2850/2850/2850
f 2850/2850/2850 2756/2756/2756 2851/2851/2851
f 2852/2852/2852 2849/2849/2849 2850/2850/2850
f 2852/2852/2852 2847/2847/2847 2849/2849/2849
f 2852/2852/2852 2850/2850/2850 2853/2853/2853
f 2854/2854/2854 2847/2847/2847 2852/2852/2852
f 2853/2853/2853 2854/2854/2854 2852/2852/2852
f 2842/2842/2842 2847/2847/2847 2854/2854/2854
f 2854/2854/2854 2853/2853/2853 2855/2855/2855
f 2856/2856/2856 2842/2842/2842 2854/2854/2854
f 2842/2842/2842 2856/2856/2856 2857/2857/2857
f 2860/2860/2860 2859/2859/2859 2858/2858/2858
f 2860/2860/2860 2858/2858/2858 2861/2861/2861
f 2858/2858/2858 2862/2862/2862 2861/2861/2861
f 2863/2863/2863 2862/2862/2862 2858/2858/2858
f 2864/2864/2864 2863/2863/2863 2858/2858/2858
f 2863/2863/2863 2865/2865/2865 2862/2862/2862
f 2864/2864/2864 2866/2866/2866 2863/2863/2863
f 2865/2865/2865 2863/2863/2863 2866/2866/2866
f 2862/2862/2862 2865/2865/2865 2867/2867/2867
f 2862/2862/2862 2867/2867/2867 2868/2868/2868
f 2869/2869/2869 2867/2867/2867 2865/2865/2865
f 2865/2865/2865 2870/2870/2870 2869/2869/2869
f 2870/2870/2870 2865/2865/2865 2871/2871/2871
f 2866/2866/2866 2871/2871/2871 2865/2865/2865
f 2866/2866/2866 2864/2864/2864 2872/2872/2872
f 2871/2871/2871 2866/2866/2866 2872/2872/2872
f 2074/2074/2074 2872/2872/2872 2864/2864/2864
f 2873/2873/2873 2871/2871/2871 2872/2872/2872
f 2074/2074/2074 2874/2874/2874 2872/2872/2872
f 2074/2074/2074 2064/2064/2064 2874/2874/2874
f 2873/2873/2873 2872/2872/2872 2875/2875/2875
f 2875/2875/2875 2872/2872/2872 2874/2874/2874
f 2064/2064/2064 2875/2875/2875 2874/2874/2874
f 2876/2876/2876 2873/2873/2873 2875/2875/2875
f 2876/2876/2876 2875/2875/2875 2064/2064/2064
f 2876/2876/2876 2064/2064/2064 2065/2065/2065
f 2876/2876/2876 2065/2065/2065 2877/2877/2877
f 2065/2065/2065 2878/2878/2878 2877/2877/2877
f 2881/2881/2881 2880/2880/2880 2879/2879/2879
f 2879/2879/2879 2880/2880/2880 2882/2882/2882
f 2882/2882/2882 2880/2880/2880 2883/2883/2883
f 2886/2886/2886 2885/2885/2885 2884/2884/2884
f 2887/2887/2887 2886/2886/2886 2884/2884/2884
f 2888/2888/2888 2886/2886/2886 2887/2887/2887
f 2884/2884/2884 2889/2889/2889 2887/2887/2887
f 2887/2887/2887 2889/2889/2889 2890/2890/2890
f 2889/2889/2889 2891/2891/2891 2890/2890/2890
f 2891/2891/2891 2892/2892/2892 2890/2890/2890
f 2891/2891/2891 2893/2893/2893 2892/2892/2892
f 2891/2891/2891 2889/2889/2889 2894/2894/2894
f 2894/2894/2894 2893/2893/2893 2891/2891/2891
f 2893/2893/2893 2895/2895/2895 2892/2892/2892
f 2896/2896/2896 2892/2892/2892 2895/2895/2895
f 2893/2893/2893 2897/2897/2897 2895/2895/2895
f 2897/2897/2897 2898/2898/2898 2895/2895/2895
f 2899/2899/2899 2897/2897/2897 2893/2893/2893
f 2899/2899/2899 2900/2900/2900 2897/2897/2897
f 2898/2898/2898 2897/2897/2897 2900/2900/2900
f 2900/2900/2900 2899/2899/2899 2901/2901/2901
f 2901/2901/2901 2899/2899/2899 2902/2902/2902
f 2899/2899/2899 2903/2903/2903 2902/2902/2902
f 2904/2904/2904 2893/2893/2893 2894/2894/2894
f 2893/2893/2893 2904/2904/2904 2899/2899/2899
f 2905/2905/2905 2903/2903/2903 2899/2899/2899
f 2906/2906/2906 2903/2903/2903 2905/2905/2905
f 2907/2907/2907 2905/2905/2905 2899/2899/2899
f 2907/2907/2907 2906/2906/2906 2905/2905/2905
f 2904/2904/2904 2907/2907/2907 2899/2899/2899
f 2907/2907/2907 2908/2908/2908 2906/2906/2906
f 2908/2908/2908 2909/2909/2909 2906/2906/2906
f 2910/2910/2910 2907/2907/2907 2904/2904/2904
f 2911/2911/2911 2908/2908/2908 2907/2907/2907
f 2910/2910/2910 2911/2911/2911 2907/2907/2907
f 2912/2912/2912 2909/2909/2909 2908/2908/2908
f 2913/2913/2913 2908/2908/2908 2911/2911/2911
f 2912/2912/2912 2908/2908/2908 2913/2913/2913
f 2913/2913/2913 2914/2914/2914 2912/2912/2912
f 2912/2912/2912 2915/2915/2915 2909/2909/2909
f 2914/2914/2914 2915/2915/2915 2912/2912/2912
f 2915/2915/2915 2916/2916/2916 2909/2909/2909
f 2917/2917/2917 2916/2916/2916 2915/2915/2915
f 2914/2914/2914 2917/2917/2917 2915/2915/2915
f 2918/2918/2918 2916/2916/2916 2917/2917/2917
f 2919/2919/2919 2911/2911/2911 2910/2910/2910
f 2919/2919/2919 2913/2913/2913 2911/2911/2911
f 2914/2914/2914 2913/2913/2913 2920/2920/2920
f 2914/2914/2914 2920/2920/2920 2921/2921/2921
f 2914/2914/2914 2921/2921/2921 2922/2922/2922
f 2921/2921/2921 2923/2923/2923 2922/2922/2922
f 2922/2922/2922 2924/2924/2924 2914/2914/2914
f 2924/2924/2924 2925/2925/2925 2914/2914/2914
f 2913/2913/2913 2919/2919/2919 2926/2926/2926
f 2926/2926/2926 2919/2919/2919 2927/2927/2927
f 2928/2928/2928 2913/2913/2913 2926/2926/2926
f 2929/2929/2929 2919/2919/2919 2910/2910/2910
f 2930/2930/2930 2919/2919/2919 2929/2929/2929
f 2930/2930/2930 2929/2929/2929 2931/2931/2931
f 2932/2932/2932 2930/2930/2930 2931/2931/2931
f 2932/2932/2932 2931/2931/2931 2933/2933/2933
f 2933/2933/2933 2931/2931/2931 2934/2934/2934
f 2935/2935/2935 2933/2933/2933 2934/2934/2934
f 2936/2936/2936 2929/2929/2929 2910/2910/2910
f 2937/2937/2937 2929/2929/2929 2936/2936/2936
f 2937/2937/2937 2936/2936/2936 2938/2938/2938
f 2936/2936/2936 2910/2910/2910 2939/2939/2939
f 2904/2904/2904 2939/2939/2939 2910/2910/2910
f 2940/2940/2940 2936/2936/2936 2939/2939/2939
f 2941/2941/2941 2936/2936/2936 2940/2940/2940
f 2939/2939/2939 2904/2904/2904 2942/2942/2942
f 2939/2939/2939 2942/2942/2942 2940/2940/2940
f 2940/2940/2940 2942/2942/2942 2943/2943/2943
f 2942/2942/2942 2904/2904/2904 2894/2894/2894
f 2944/2944/2944 2940/2940/2940 2943/2943/2943
f 2942/2942/2942 2894/2894/2894 2945/2945/2945
f 2943/2943/2943 2942/2942/2942 2945/2945/2945
f 2945/2945/2945 2894/2894/2894 2946/2946/2946
f 2946/2946/2946 2894/2894/2894 2889/2889/2889
f 2947/2947/2947 2945/2945/2945 2946/2946/2946
f 2889/2889/2889 2948/2948/2948 2946/2946/2946
f 2947/2947/2947 2949/2949/2949 2945/2945/2945
f 2949/2949/2949 2943/2943/2943 2945/2945/2945
f 2948/2948/2948 2889/2889/2889 2884/2884/2884
f 2943/2943/2943 2949/2949/2949 2950/2950/2950
f 2950/2950/2950 2949/2949/2949 2951/2951/2951
f 2950/2950/2950 2952/2952/2952 2943/2943/2943
f 2952/2952/2952 2953/2953/2953 2943/2943/2943
f 2943/2943/2943 2953/2953/2953 2944/2944/2944
f 2952/2952/2952 2954/2954/2954 2953/2953/2953
f 2954/2954/2954 2955/2955/2955 2953/2953/2953
f 2955/2955/2955 2944/2944/2944 2953/2953/2953
f 2944/2944/2944 2955/2955/2955 2956/2956/2956
f 2957/2957/2957 2956/2956/2956 2955/2955/2955
f 2956/2956/2956 2958/2958/2958 2944/2944/2944
f 2959/2959/2959 2956/2956/2956 2957/2957/2957
f 2960/2960/2960 2959/2959/2959 2957/2957/2957
f 2956/2956/2956 2961/2961/2961 2958/2958/2958
f 2956/2956/2956 2962/2962/2962 2961/2961/2961
f 2958/2958/2958 2961/2961/2961 2926/2926/2926
f 2963/2963/2963 2926/2926/2926 2961/2961/2961
f 2963/2963/2963 2961/2961/2961 2964/2964/2964
f 2964/2964/2964 2965/2965/2965 2963/2963/2963
f 2926/2926/2926 2963/2963/2963 2928/2928/2928
f 2963/2963/2963 2966/2966/2966 2928/2928/2928
f 2966/2966/2966 2967/2967/2967 2928/2928/2928
f 2928/2928/2928 2967/2967/2967 2968/2968/2968
f 2967/2967/2967 2969/2969/2969 2968/2968/2968
f 2966/2966/2966 2970/2970/2970 2967/2967/2967
f 2966/2966/2966 2971/2971/2971 2970/2970/2970
f 2972/2972/2972 2969/2969/2969 2967/2967/2967
f 2970/2970/2970 2972/2972/2972 2967/2967/2967
f 2971/2971/2971 2972/2972/2972 2970/2970/2970
f 2972/2972/2972 2973/2973/2973 2969/2969/2969
f 2971/2971/2971 2974/2974/2974 2972/2972/2972
f 2974/2974/2974 2973/2973/2973 2972/2972/2972
f 2974/2974/2974 2971/2971/2971 2975/2975/2975
f 2973/2973/2973 2974/2974/2974 2976/2976/2976
f 2979/2979/2979 2978/2978/2978 2977/2977/2977
f 2980/2980/2980 2978/2978/2978 2979/2979/2979
f 2981/2981/2981 2978/2978/2978 2980/2980/2980
f 2982/2982/2982 2980/2980/2980 2979/2979/2979
f 2982/2982/2982 2981/2981/2981 2980/2980/2980
f 2983/2983/2983 2982/2982/2982 2979/2979/2979
f 2984/2984/2984 2983/2983/2983 2979/2979/2979
f 2985/2985/2985 2984/2984/2984 2979/2979/2979
f 2983/2983/2983 2984/2984/2984 2986/2986/2986
f 2986/2986/2986 2984/2984/2984 2987/2987/2987
f 2988/2988/2988 2986/2986/2986 2987/2987/2987
f 2989/2989/2989 2983/2983/2983 2986/2986/2986
f 2989/2989/2989 2986/2986/2986 2988/2988/2988
f 2983/2983/2983 2990/2990/2990 2982/2982/2982
f 2989/2989/2989 2990/2990/2990 2983/2983/2983
f 2981/2981/2981 2982/2982/2982 2991/2991/2991
f 2991/2991/2991 2992/2992/2992 2981/2981/2981
f 2981/2981/2981 2992/2992/2992 2993/2993/2993
f 2982/2982/2982 2994/2994/2994 2991/2991/2991
f 2994/2994/2994 2982/2982/2982 2990/2990/2990
f 2991/2991/2991 2994/2994/2994 2992/2992/2992
f 2993/2993/2993 2992/2992/2992 2995/2995/2995
f 2995/2995/2995 2996/2996/2996 2993/2993/2993
f 2996/2996/2996 2997/2997/2997 2993/2993/2993
f 2997/2997/2997 2998/2998/2998 2993/2993/2993
f 2999/2999/2999 2998/2998/2998 2997/2997/2997
f 3000/3000/3000 2998/2998/2998 2999/2999/2999
f 3001/3001/3001 2990/2990/2990 2989/2989/2989
f 3002/3002/3002 2994/2994/2994 2990/2990/2990
f 3001/3001/3001 3002/3002/3002 2990/2990/2990
f 2992/2992/2992 2994/2994/2994 3003/3003/3003
f 3002/3002/3002 3003/3003/3003 2994/2994/2994
f 3004/3004/3004 2992/2992/2992 3003/3003/3003
f 2992/2992/2992 3004/3004/3004 3005/3005/3005
f 3005/3005/3005 3004/3004/3004 3006/3006/3006
f 3006/3006/3006 3004/3004/3004 3007/3007/3007
f 3008/3008/3008 3004/3004/3004 3003/3003/3003
f 3008/3008/3008 3003/3003/3003 3002/3002/3002
f 3004/3004/3004 3008/3008/3008 3007/3007/3007
f 3008/3008/3008 3002/3002/3002 3009/3009/3009
f 3007/3007/3007 3008/3008/3008 3009/3009/3009
f 3009/3009/3009 3002/3002/3002 3001/3001/3001
f 3010/3010/3010 3007/3007/3007 3009/3009/3009
f 3001/3001/3001 2989/2989/2989 3011/3011/3011
f 3011/3011/3011 2989/2989/2989 2988/2988/2988
f 3009/3009/3009 3001/3001/3001 3012/3012/3012
f 3010/3010/3010 3009/3009/3009 3012/3012/3012
f 3013/3013/3013 3011/3011/3011 2988/2988/2988
f 3014/3014/3014 3013/3013/3013 2988/2988/2988
f 3015/3015/3015 3001/3001/3001 3011/3011/3011
f 3013/3013/3013 3015/3015/3015 3011/3011/3011
f 3012/3012/3012 3001/3001/3001 3015/3015/3015
f 3016/3016/3016 3015/3015/3015 3013/3013/3013
f 3016/3016/3016 3013/3013/3013 3017/3017/3017
f 3016/3016/3016 3017/3017/3017 3018/3018/3018
f 3019/3019/3019 3016/3016/3016 3018/3018/3018
f 3020/3020/3020 3015/3015/3015 3016/3016/3016
f 3012/3012/3012 3015/3015/3015 3020/3020/3020
f 3020/3020/3020 3016/3016/3016 3019/3019/3019
f 3021/3021/3021 3012/3012/3012 3020/3020/3020
f 3021/3021/3021 3020/3020/3020 3019/3019/3019
f 3010/3010/3010 3012/3012/3012 3021/3021/3021
f 3022/3022/3022 3021/3021/3021 3019/3019/3019
f 3023/3023/3023 3021/3021/3021 3022/3022/3022
f 3023/3023/3023 3010/3010/3010 3021/3021/3021
f 3023/3023/3023 3022/3022/3022 3024/3024/3024
f 3024/3024/3024 3010/3010/3010 3023/3023/3023
f 3024/3024/3024 3025/3025/3025 3010/3010/3010
f 3028/3028/3028 3027/3027/3027 3026/3026/3026
f 3026/3026/3026 3029/3029/3029 3028/3028/3028
f 3028/3028/3028 3029/3029/3029 3030/3030/3030
f 3033/3033/3033 3032/3032/3032 3031/3031/3031
f 3034/3034/3034 3032/3032/3032 3033/3033/3033
f 3032/3032/3032 3034/3034/3034 3035/3035/3035
f 3038/3038/3038 3037/3037/3037 3036/3036/3036
f 3036/3036/3036 3037/3037/3037 3039/3039/3039
f 3037/3037/3037 3040/3040/3040 3039/3039/3039
f 3040/3040/3040 3041/3041/3041 3039/3039/3039
f 3040/3040/3040 3042/3042/3042 3041/3041/3041
f 3042/3042/3042 3043/3043/3043 3041/3041/3041
f 3041/3041/3041 3043/3043/3043 3044/3044/3044
f 3043/3043/3043 3042/3042/3042 3045/3045/3045
f 3046/3046/3046 3044/3044/3044 3043/3043/3043
f 3047/3047/3047 3043/3043/3043 3045/3045/3045
f 3043/3043/3043 3048/3048/3048 3046/3046/3046
f 3043/3043/3043 3047/3047/3047 3048/3048/3048
f 3047/3047/3047 3049/3049/3049 3048/3048/3048
f 3049/3049/3049 3050/3050/3050 3048/3048/3048
f 3053/3053/3053 3052/3052/3052 3051/3051/3051
f 3054/3054/3054 3053/3053/3053 3051/3051/3051
f 3054/3054/3054 3051/3051/3051 3055/3055/3055
f 3054/3054/3054 3055/3055/3055 3056/3056/3056
f 3057/3057/3057 3054/3054/3054 3056/3056/3056
f 3058/3058/3058 3057/3057/3057 3056/3056/3056
f 3059/3059/3059 3057/3057/3057 3058/3058/3058
f 3059/3059/3059 3060/3060/3060 3057/3057/3057
f 3060/3060/3060 3054/3054/3054 3057/3057/3057
f 3059/3059/3059 1438/1438/1438 3060/3060/3060
f 3061/3061/3061 3053/3053/3053 3054/3054/3054
f 3060/3060/3060 3061/3061/3061 3054/3054/3054
f 3060/3060/3060 3062/3062/3062 3061/3061/3061
f 3061/3061/3061 3063/3063/3063 3053/3053/3053
f 3061/3061/3061 3062/3062/3062 3063/3063/3063
f 3063/3063/3063 3064/3064/3064 3053/3053/3053
f 3060/3060/3060 1438/1438/1438 3065/3065/3065
f 3065/3065/3065 3062/3062/3062 3060/3060/3060
f 3065/3065/3065 1438/1438/1438 3066/3066/3066
f 3066/3066/3066 3062/3062/3062 3065/3065/3065
f 1445/1445/1445 3066/3066/3066 1438/1438/1438
f 1446/1446/1446 3066/3066/3066 1445/1445/1445
f 3062/3062/3062 3067/3067/3067 3063/3063/3063
f 3063/3063/3063 3067/3067/3067 3068/3068/3068
f 3068/3068/3068 3067/3067/3067 3069/3069/3069
f 3070/3070/3070 3062/3062/3062 3066/3066/3066
f 1446/1446/1446 3070/3070/3070 3066/3066/3066
f 3070/3070/3070 3071/3071/3071 3062/3062/3062
f 1446/1446/1446 3071/3071/3071 3070/3070/3070
f 3071/3071/3071 3067/3067/3067 3062/3062/3062
f 3071/3071/3071 1446/1446/1446 3072/3072/3072
f 1446/1446/1446 1457/1457/1457 3072/3072/3072
f 1457/1457/1457 3073/3073/3073 3072/3072/3072
f 3074/3074/3074 3072/3072/3072 3073/3073/3073
f 3071/3071/3071 3072/3072/3072 3075/3075/3075
f 3074/3074/3074 3075/3075/3075 3072/3072/3072
f 3067/3067/3067 3071/3071/3071 3075/3075/3075
f 3075/3075/3075 3074/3074/3074 3076/3076/3076
f 3067/3067/3067 3075/3075/3075 3077/3077/3077
f 3076/3076/3076 3077/3077/3077 3075/3075/3075
f 3067/3067/3067 3077/3077/3077 3069/3069/3069
f 3077/3077/3077 3076/3076/3076 3078/3078/3078
f 3077/3077/3077 3078/3078/3078 3069/3069/3069
f 3078/3078/3078 3076/3076/3076 3079/3079/3079
f 3078/3078/3078 3079/3079/3079 3080/3080/3080
f 3080/3080/3080 3079/3079/3079 3081/3081/3081
f 3082/3082/3082 3078/3078/3078 3080/3080/3080
f 3069/3069/3069 3078/3078/3078 3082/3082/3082
f 3069/3069/3069 3082/3082/3082 3083/3083/3083
f 3083/3083/3083 3084/3084/3084 3069/3069/3069
f 3085/3085/3085 3080/3080/3080 3081/3081/3081
f 3086/3086/3086 3085/3085/3085 3081/3081/3081
f 3086/3086/3086 3081/3081/3081 3087/3087/3087
f 3085/3085/3085 3086/3086/3086 3088/3088/3088
f 3088/3088/3088 3089/3089/3089 3085/3085/3085
f 3086/3086/3086 3090/3090/3090 3088/3088/3088
f 3090/3090/3090 3086/3086/3086 3091/3091/3091
f 3091/3091/3091 3086/3086/3086 3092/3092/3092
f 3086/3086/3086 3087/3087/3087 3093/3093/3093
f 3093/3093/3093 3092/3092/3092 3086/3086/3086
f 3093/3093/3093 3087/3087/3087 3094/3094/3094
f 3093/3093/3093 3094/3094/3094 3095/3095/3095
f 3093/3093/3093 3095/3095/3095 3092/3092/3092
f 3094/3094/3094 3096/3096/3096 3095/3095/3095
f 3092/3092/3092 3095/3095/3095 3097/3097/3097
f 3095/3095/3095 3096/3096/3096 3097/3097/3097
f 3097/3097/3097 3096/3096/3096 3098/3098/3098
f 3092/3092/3092 3097/3097/3097 3099/3099/3099
f 3097/3097/3097 3098/3098/3098 3099/3099/3099
f 3099/3099/3099 3098/3098/3098 3100/3100/3100
f 3100/3100/3100 3101/3101/3101 3099/3099/3099
f 3101/3101/3101 3100/3100/3100 3102/3102/3102
f 3099/3099/3099 3101/3101/3101 3103/3103/3103
f 3104/3104/3104 3103/3103/3103 3101/3101/3101
f 3107/3107/3107 3106/3106/3106 3105/3105/3105
f 3106/3106/3106 3108/3108/3108 3105/3105/3105
f 3106/3106/3106 3109/3109/3109 3108/3108/3108
f 3110/3110/3110 3109/3109/3109 3106/3106/3106
f 3111/3111/3111 3110/3110/3110 3106/3106/3106
f 3112/3112/3112 3110/3110/3110 3111/3111/3111
f 3115/3115/3115 3114/3114/3114 3113/3113/3113
f 3114/3114/3114 3116/3116/3116 3113/3113/3113
f 3114/3114/3114 2948/2948/2948 3116/3116/3116
f 3116/3116/3116 3117/3117/3117 3113/3113/3113
f 2948/2948/2948 3118/3118/3118 3116/3116/3116
f 3116/3116/3116 3118/3118/3118 3117/3117/3117
f 2948/2948/2948 2884/2884/2884 3118/3118/3118
f 3117/3117/3117 3118/3118/3118 3119/3119/3119
f 3118/3118/3118 2884/2884/2884 3119/3119/3119
f 3120/3120/3120 3117/3117/3117 3119/3119/3119
f 3119/3119/3119 2884/2884/2884 3120/3120/3120
f 3123/3123/3123 3122/3122/3122 3121/3121/3121
f 3122/3122/3122 3124/3124/3124 3121/3121/3121
f 3122/3122/3122 3125/3125/3125 3124/3124/3124
f 3122/3122/3122 3126/3126/3126 3125/3125/3125
f 3127/3127/3127 3126/3126/3126 3122/3122/3122
f 3126/3126/3126 3127/3127/3127 3128/3128/3128
f 3127/3127/3127 3129/3129/3129 3128/3128/3128
f 3128/3128/3128 3130/3130/3130 3126/3126/3126
f 3128/3128/3128 3131/3131/3131 3130/3130/3130
f 3126/3126/3126 3130/3130/3130 3132/3132/3132
f 3126/3126/3126 3132/3132/3132 3125/3125/3125
f 3125/3125/3125 3132/3132/3132 3133/3133/3133
f 3133/3133/3133 3132/3132/3132 3134/3134/3134
f 3134/3134/3134 3135/3135/3135 3133/3133/3133
f 3134/3134/3134 3136/3136/3136 3135/3135/3135
f 3125/3125/3125 3133/3133/3133 3137/3137/3137
f 3133/3133/3133 3135/3135/3135 3137/3137/3137
f 3124/3124/3124 3125/3125/3125 3138/3138/3138
f 3125/3125/3125 3137/3137/3137 3138/3138/3138
f 3139/3139/3139 3135/3135/3135 3136/3136/3136
f 3139/3139/3139 3136/3136/3136 3140/3140/3140
f 3139/3139/3139 3140/3140/3140 3141/3141/3141
f 3139/3139/3139 3141/3141/3141 3142/3142/3142
f 3143/3143/3143 3135/3135/3135 3139/3139/3139
f 3144/3144/3144 3135/3135/3135 3143/3143/3143
f 3144/3144/3144 3143/3143/3143 3145/3145/3145
f 3137/3137/3137 3135/3135/3135 3146/3146/3146
f 3146/3146/3146 3135/3135/3135 3144/3144/3144
f 3147/3147/3147 3146/3146/3146 3144/3144/3144
f 3147/3147/3147 3144/3144/3144 3148/3148/3148
f 3147/3147/3147 3149/3149/3149 3146/3146/3146
f 3146/3146/3146 3149/3149/3149 3137/3137/3137
f 3138/3138/3138 3137/3137/3137 3149/3149/3149
f 3149/3149/3149 3150/3150/3150 3138/3138/3138
f 3149/3149/3149 3151/3151/3151 3150/3150/3150
f 3138/3138/3138 3150/3150/3150 3152/3152/3152
f 3151/3151/3151 3153/3153/3153 3150/3150/3150
f 3153/3153/3153 3152/3152/3152 3150/3150/3150
f 3151/3151/3151 3154/3154/3154 3153/3153/3153
f 3151/3151/3151 3155/3155/3155 3154/3154/3154
f 3154/3154/3154 3155/3155/3155 3156/3156/3156
f 3138/3138/3138 3152/3152/3152 3157/3157/3157
f 3157/3157/3157 3152/3152/3152 3158/3158/3158
f 3157/3157/3157 3124/3124/3124 3138/3138/3138
f 3152/3152/3152 3153/3153/3153 3159/3159/3159
f 3154/3154/3154 3159/3159/3159 3153/3153/3153
f 3152/3152/3152 3159/3159/3159 3158/3158/3158
f 3156/3156/3156 3160/3160/3160 3154/3154/3154
f 3161/3161/3161 3160/3160/3160 3156/3156/3156
f 3162/3162/3162 3159/3159/3159 3154/3154/3154
f 3162/3162/3162 3154/3154/3154 3160/3160/3160
f 3163/3163/3163 3159/3159/3159 3162/3162/3162
f 3158/3158/3158 3159/3159/3159 3163/3163/3163
f 3160/3160/3160 3163/3163/3163 3162/3162/3162
f 3164/3164/3164 3163/3163/3163 3160/3160/3160
f 3164/3164/3164 3158/3158/3158 3163/3163/3163
f 3160/3160/3160 3165/3165/3165 3164/3164/3164
f 3165/3165/3165 3160/3160/3160 3161/3161/3161
f 3166/3166/3166 3124/3124/3124 3157/3157/3157
f 3121/3121/3121 3124/3124/3124 3166/3166/3166
f 3164/3164/3164 3167/3167/3167 3158/3158/3158
f 3167/3167/3167 3164/3164/3164 3165/3165/3165
f 3168/3168/3168 3165/3165/3165 3161/3161/3161
f 3169/3169/3169 3167/3167/3167 3165/3165/3165
f 3169/3169/3169 3165/3165/3165 3168/3168/3168
f 3170/3170/3170 3158/3158/3158 3167/3167/3167
f 3169/3169/3169 3170/3170/3170 3167/3167/3167
f 3171/3171/3171 3157/3157/3157 3158/3158/3158
f 3158/3158/3158 3170/3170/3170 3171/3171/3171
f 3172/3172/3172 3166/3166/3166 3157/3157/3157
f 3157/3157/3157 3171/3171/3171 3172/3172/3172
f 3173/3173/3173 3121/3121/3121 3166/3166/3166
f 3166/3166/3166 3172/3172/3172 3173/3173/3173
f 3168/3168/3168 3161/3161/3161 3174/3174/3174
f 3174/3174/3174 3161/3161/3161 3175/3175/3175
f 3176/3176/3176 3169/3169/3169 3168/3168/3168
f 3174/3174/3174 3176/3176/3176 3168/3168/3168
f 3171/3171/3171 3177/3177/3177 3172/3172/3172
f 3177/3177/3177 3171/3171/3171 3170/3170/3170
f 3178/3178/3178 3170/3170/3170 3169/3169/3169
f 3176/3176/3176 3178/3178/3178 3169/3169/3169
f 3174/3174/3174 3179/3179/3179 3176/3176/3176
f 3180/3180/3180 3179/3179/3179 3174/3174/3174
f 3181/3181/3181 3176/3176/3176 3179/3179/3179
f 3176/3176/3176 3181/3181/3181 3178/3178/3178
f 3179/3179/3179 3182/3182/3182 3181/3181/3181
f 3181/3181/3181 3182/3182/3182 3178/3178/3178
f 3179/3179/3179 3183/3183/3183 3182/3182/3182
f 3184/3184/3184 3182/3182/3182 3183/3183/3183
f 3185/3185/3185 3170/3170/3170 3178/3178/3178
f 3177/3177/3177 3170/3170/3170 3185/3185/3185
f 3178/3178/3178 3182/3182/3182 3186/3186/3186
f 3182/3182/3182 3184/3184/3184 3186/3186/3186
f 3186/3186/3186 3185/3185/3185 3178/3178/3178
f 3186/3186/3186 3184/3184/3184 3187/3187/3187
f 3187/3187/3187 3184/3184/3184 3188/3188/3188
f 3189/3189/3189 3185/3185/3185 3186/3186/3186
f 3186/3186/3186 3187/3187/3187 3189/3189/3189
f 3185/3185/3185 3189/3189/3189 3177/3177/3177
f 3189/3189/3189 3187/3187/3187 3190/3190/3190
f 3190/3190/3190 3177/3177/3177 3189/3189/3189
f 3191/3191/3191 3190/3190/3190 3187/3187/3187
f 3190/3190/3190 3192/3192/3192 3177/3177/3177
f 3192/3192/3192 3172/3172/3172 3177/3177/3177
f 3190/3190/3190 3193/3193/3193 3192/3192/3192
f 3172/3172/3172 3192/3192/3192 3173/3173/3173
f 3192/3192/3192 3193/3193/3193 3194/3194/3194
f 3192/3192/3192 3194/3194/3194 3173/3173/3173
f 3193/3193/3193 3195/3195/3195 3194/3194/3194
f 3194/3194/3194 3195/3195/3195 3196/3196/3196
f 3197/3197/3197 3173/3173/3173 3194/3194/3194
f 3194/3194/3194 3196/3196/3196 3197/3197/3197
f 3173/3173/3173 3197/3197/3197 3121/3121/3121
f 3196/3196/3196 3198/3198/3198 3197/3197/3197
f 3198/3198/3198 3121/3121/3121 3197/3197/3197
f 3201/3201/3201 3200/3200/3200 3199/3199/3199
f 3201/3201/3201 3199/3199/3199 3202/3202/3202
f 3199/3199/3199 3203/3203/3203 3202/3202/3202
f 3203/3203/3203 3204/3204/3204 3202/3202/3202
f 3204/3204/3204 3203/3203/3203 3205/3205/3205
f 3205/3205/3205 3203/3203/3203 3206/3206/3206
f 3207/3207/3207 3205/3205/3205 3206/3206/3206
f 3207/3207/3207 3206/3206/3206 3208/3208/3208
f 3207/3207/3207 3208/3208/3208 3209/3209/3209
f 3209/3209/3209 3208/3208/3208 3210/3210/3210
f 3209/3209/3209 3210/3210/3210 3211/3211/3211
f 3210/3210/3210 3212/3212/3212 3211/3211/3211
f 3211/3211/3211 3212/3212/3212 3213/3213/3213
f 3212/3212/3212 3214/3214/3214 3213/3213/3213
f 3213/3213/3213 3214/3214/3214 3215/3215/3215
f 3215/3215/3215 3216/3216/3216 3213/3213/3213
f 3217/3217/3217 3216/3216/3216 3215/3215/3215
f 3217/3217/3217 3215/3215/3215 3218/3218/3218
f 3218/3218/3218 3219/3219/3219 3217/3217/3217
f 3217/3217/3217 3219/3219/3219 3220/3220/3220
f 3221/3221/3221 3220/3220/3220 3219/3219/3219
f 3224/3224/3224 3223/3223/3223 3222/3222/3222
f 3225/3225/3225 3222/3222/3222 3223/3223/3223
f 3225/3225/3225 3223/3223/3223 3226/3226/3226
f 3225/3225/3225 3227/3227/3227 3222/3222/3222
f 3227/3227/3227 3228/3228/3228 3222/3222/3222
f 3229/3229/3229 3228/3228/3228 3227/3227/3227
f 3230/3230/3230 3225/3225/3225 3226/3226/3226
f 3230/3230/3230 3226/3226/3226 3231/3231/3231
f 3225/3225/3225 3232/3232/3232 3227/3227/3227
f 3230/3230/3230 3232/3232/3232 3225/3225/3225
f 3232/3232/3232 3230/3230/3230 3233/3233/3233
f 3233/3233/3233 3230/3230/3230 3234/3234/3234
f 3230/3230/3230 3231/3231/3231 3234/3234/3234
f 3234/3234/3234 3231/3231/3231 3235/3235/3235
f 3235/3235/3235 3236/3236/3236 3234/3234/3234
f 3233/3233/3233 3234/3234/3234 3236/3236/3236
f 3237/3237/3237 3236/3236/3236 3235/3235/3235
f 3238/3238/3238 3227/3227/3227 3232/3232/3232
f 3229/3229/3229 3227/3227/3227 3238/3238/3238
f 3232/3232/3232 3233/3233/3233 3239/3239/3239
f 3238/3238/3238 3232/3232/3232 3239/3239/3239
f 3240/3240/3240 3236/3236/3236 3237/3237/3237
f 3240/3240/3240 3237/3237/3237 3241/3241/3241
f 3242/3242/3242 3236/3236/3236 3240/3240/3240
f 3242/3242/3242 3240/3240/3240 3243/3243/3243
f 3243/3243/3243 3240/3240/3240 3241/3241/3241
f 3244/3244/3244 3236/3236/3236 3242/3242/3242
f 3233/3233/3233 3236/3236/3236 3244/3244/3244
f 3245/3245/3245 3243/3243/3243 3241/3241/3241
f 3241/3241/3241 3246/3246/3246 3245/3245/3245
f 3242/3242/3242 3247/3247/3247 3244/3244/3244
f 3233/3233/3233 3244/3244/3244 3247/3247/3247
f 3243/3243/3243 3245/3245/3245 3248/3248/3248
f 3242/3242/3242 3243/3243/3243 3248/3248/3248
f 3233/3233/3233 3249/3249/3249 3239/3239/3239
f 3247/3247/3247 3250/3250/3250 3233/3233/3233
f 3250/3250/3250 3249/3249/3249 3233/3233/3233
f 3251/3251/3251 3238/3238/3238 3239/3239/3239
f 3239/3239/3239 3249/3249/3249 3251/3251/3251
f 3252/3252/3252 3247/3247/3247 3242/3242/3242
f 3250/3250/3250 3247/3247/3247 3252/3252/3252
f 3253/3253/3253 3245/3245/3245 3246/3246/3246
f 3246/3246/3246 3254/3254/3254 3253/3253/3253
f 3254/3254/3254 3246/3246/3246 3255/3255/3255
f 3253/3253/3253 3256/3256/3256 3245/3245/3245
f 3248/3248/3248 3245/3245/3245 3256/3256/3256
f 3256/3256/3256 3253/3253/3253 3257/3257/3257
f 3248/3248/3248 3256/3256/3256 3257/3257/3257
f 3257/3257/3257 3253/3253/3253 3258/3258/3258
f 3242/3242/3242 3248/3248/3248 3259/3259/3259
f 3259/3259/3259 3248/3248/3248 3257/3257/3257
f 3242/3242/3242 3259/3259/3259 3260/3260/3260
f 3257/3257/3257 3260/3260/3260 3259/3259/3259
f 3252/3252/3252 3242/3242/3242 3261/3261/3261
f 3260/3260/3260 3261/3261/3261 3242/3242/3242
f 3260/3260/3260 3257/3257/3257 3262/3262/3262
f 3258/3258/3258 3262/3262/3262 3257/3257/3257
f 3260/3260/3260 3263/3263/3263 3261/3261/3261
f 3260/3260/3260 3262/3262/3262 3263/3263/3263
f 3264/3264/3264 3262/3262/3262 3258/3258/3258
f 3264/3264/3264 3258/3258/3258 3265/3265/3265
f 3265/3265/3265 3258/3258/3258 3266/3266/3266
f 3266/3266/3266 3267/3267/3267 3265/3265/3265
f 3268/3268/3268 3262/3262/3262 3264/3264/3264
f 3264/3264/3264 3265/3265/3265 3268/3268/3268
f 3262/3262/3262 3268/3268/3268 3263/3263/3263
f 3268/3268/3268 3265/3265/3265 3267/3267/3267
f 3269/3269/3269 3261/3261/3261 3263/3263/3263
f 3270/3270/3270 3263/3263/3263 3268/3268/3268
f 3269/3269/3269 3263/3263/3263 3270/3270/3270
f 3271/3271/3271 3268/3268/3268 3267/3267/3267
f 3271/3271/3271 3270/3270/3270 3268/3268/3268
f 3252/3252/3252 3261/3261/3261 3272/3272/3272
f 3272/3272/3272 3261/3261/3261 3269/3269/3269
f 3252/3252/3252 3272/3272/3272 3273/3273/3273
f 3273/3273/3273 3272/3272/3272 3269/3269/3269
f 3274/3274/3274 3271/3271/3271 3267/3267/3267
f 3274/3274/3274 3267/3267/3267 3275/3275/3275
f 3276/3276/3276 3271/3271/3271 3274/3274/3274
f 3277/3277/3277 3276/3276/3276 3274/3274/3274
f 3278/3278/3278 3270/3270/3270 3271/3271/3271
f 3276/3276/3276 3278/3278/3278 3271/3271/3271
f 3279/3279/3279 3269/3269/3269 3270/3270/3270
f 3270/3270/3270 3278/3278/3278 3279/3279/3279
f 3276/3276/3276 3277/3277/3277 3280/3280/3280
f 3280/3280/3280 3277/3277/3277 3281/3281/3281
f 3282/3282/3282 3278/3278/3278 3276/3276/3276
f 3282/3282/3282 3276/3276/3276 3280/3280/3280
f 3252/3252/3252 3273/3273/3273 3283/3283/3283
f 3273/3273/3273 3284/3284/3284 3283/3283/3283
f 3284/3284/3284 3250/3250/3250 3283/3283/3283
f 3250/3250/3250 3252/3252/3252 3283/3283/3283
f 3285/3285/3285 3273/3273/3273 3269/3269/3269
f 3285/3285/3285 3269/3269/3269 3279/3279/3279
f 3286/3286/3286 3273/3273/3273 3285/3285/3285
f 3286/3286/3286 3284/3284/3284 3273/3273/3273
f 3286/3286/3286 3285/3285/3285 3279/3279/3279
f 3279/3279/3279 3278/3278/3278 3287/3287/3287
f 3278/3278/3278 3282/3282/3282 3287/3287/3287
f 3286/3286/3286 3279/3279/3279 3288/3288/3288
f 3284/3284/3284 3286/3286/3286 3288/3288/3288
f 3279/3279/3279 3287/3287/3287 3288/3288/3288
f 3288/3288/3288 3287/3287/3287 3289/3289/3289
f 3289/3289/3289 3284/3284/3284 3288/3288/3288
f 3284/3284/3284 3289/3289/3289 3290/3290/3290
f 3284/3284/3284 3291/3291/3291 3250/3250/3250
f 3291/3291/3291 3249/3249/3249 3250/3250/3250
f 3292/3292/3292 3287/3287/3287 3282/3282/3282
f 3289/3289/3289 3287/3287/3287 3292/3292/3292
f 3293/3293/3293 3284/3284/3284 3290/3290/3290
f 3284/3284/3284 3293/3293/3293 3291/3291/3291
f 3291/3291/3291 3294/3294/3294 3249/3249/3249
f 3251/3251/3251 3249/3249/3249 3294/3294/3294
f 3294/3294/3294 3295/3295/3295 3251/3251/3251
f 3238/3238/3238 3251/3251/3251 3295/3295/3295
f 3295/3295/3295 3296/3296/3296 3238/3238/3238
f 3296/3296/3296 3229/3229/3229 3238/3238/3238
f 3297/3297/3297 3295/3295/3295 3294/3294/3294
f 3297/3297/3297 3296/3296/3296 3295/3295/3295
f 3298/3298/3298 3294/3294/3294 3291/3291/3291
f 3297/3297/3297 3294/3294/3294 3298/3298/3298
f 3293/3293/3293 3299/3299/3299 3291/3291/3291
f 3299/3299/3299 3298/3298/3298 3291/3291/3291
f 3296/3296/3296 3300/3300/3300 3229/3229/3229
f 3300/3300/3300 3301/3301/3301 3229/3229/3229
f 3300/3300/3300 3302/3302/3302 3301/3301/3301
f 3303/3303/3303 3296/3296/3296 3297/3297/3297
f 3303/3303/3303 3300/3300/3300 3296/3296/3296
f 3298/3298/3298 3303/3303/3303 3297/3297/3297
f 3304/3304/3304 3300/3300/3300 3303/3303/3303
f 3304/3304/3304 3303/3303/3303 3305/3305/3305
f 3305/3305/3305 3303/3303/3303 3298/3298/3298
f 3306/3306/3306 3305/3305/3305 3298/3298/3298
f 3299/3299/3299 3306/3306/3306 3298/3298/3298
f 3307/3307/3307 3305/3305/3305 3306/3306/3306
f 3308/3308/3308 3306/3306/3306 3299/3299/3299
f 3293/3293/3293 3309/3309/3309 3299/3299/3299
f 3290/3290/3290 3309/3309/3309 3293/3293/3293
f 3310/3310/3310 3299/3299/3299 3309/3309/3309
f 3308/3308/3308 3299/3299/3299 3310/3310/3310
f 3310/3310/3310 3309/3309/3309 3290/3290/3290
f 3311/3311/3311 3308/3308/3308 3310/3310/3310
f 3311/3311/3311 3310/3310/3310 3290/3290/3290
f 3312/3312/3312 3308/3308/3308 3311/3311/3311
f 3313/3313/3313 3312/3312/3312 3311/3311/3311
f 3314/3314/3314 3313/3313/3313 3311/3311/3311
f 3314/3314/3314 3315/3315/3315 3313/3313/3313
f 3316/3316/3316 3315/3315/3315 3314/3314/3314
f 3317/3317/3317 3315/3315/3315 3316/3316/3316
f 3316/3316/3316 3314/3314/3314 3318/3318/3318
f 3318/3318/3318 3314/3314/3314 3319/3319/3319
f 3319/3319/3319 3314/3314/3314 3311/3311/3311
f 3320/3320/3320 3316/3316/3316 3318/3318/3318
f 3317/3317/3317 3316/3316/3316 3320/3320/3320
f 3320/3320/3320 3321/3321/3321 3317/3317/3317
f 3321/3321/3321 3320/3320/3320 3322/3322/3322
f 3319/3319/3319 3311/3311/3311 3323/3323/3323
f 3311/3311/3311 3290/3290/3290 3323/3323/3323
f 3318/3318/3318 3319/3319/3319 3323/3323/3323
f 3323/3323/3323 3290/3290/3290 3324/3324/3324
f 3324/3324/3324 3318/3318/3318 3323/3323/3323
f 3289/3289/3289 3324/3324/3324 3290/3290/3290
f 3325/3325/3325 3324/3324/3324 3289/3289/3289
f 3289/3289/3289 3292/3292/3292 3325/3325/3325
f 3325/3325/3325 3326/3326/3326 3324/3324/3324
f 3324/3324/3324 3326/3326/3326 3318/3318/3318
f 3325/3325/3325 3292/3292/3292 3327/3327/3327
f 3325/3325/3325 3327/3327/3327 3326/3326/3326
f 3328/3328/3328 3327/3327/3327 3292/3292/3292
f 3328/3328/3328 3292/3292/3292 3282/3282/3282
f 3329/3329/3329 3326/3326/3326 3327/3327/3327
f 3329/3329/3329 3327/3327/3327 3328/3328/3328
f 3330/3330/3330 3318/3318/3318 3326/3326/3326
f 3326/3326/3326 3329/3329/3329 3330/3330/3330
f 3282/3282/3282 3331/3331/3331 3328/3328/3328
f 3280/3280/3280 3331/3331/3331 3282/3282/3282
f 3331/3331/3331 3280/3280/3280 3332/3332/3332
f 3328/3328/3328 3331/3331/3331 3332/3332/3332
f 3332/3332/3332 3280/3280/3280 3333/3333/3333
f 3329/3329/3329 3328/3328/3328 3334/3334/3334
f 3328/3328/3328 3332/3332/3332 3334/3334/3334
f 3330/3330/3330 3329/3329/3329 3335/3335/3335
f 3335/3335/3335 3329/3329/3329 3334/3334/3334
f 3336/3336/3336 3330/3330/3330 3335/3335/3335
f 3318/3318/3318 3330/3330/3330 3336/3336/3336
f 3336/3336/3336 3335/3335/3335 3334/3334/3334
f 3332/3332/3332 3333/3333/3333 3337/3337/3337
f 3338/3338/3338 3337/3337/3337 3333/3333/3333
f 3337/3337/3337 3338/3338/3338 3339/3339/3339
f 3334/3334/3334 3332/3332/3332 3340/3340/3340
f 3334/3334/3334 3340/3340/3340 3336/3336/3336
f 3332/3332/3332 3337/3337/3337 3340/3340/3340
f 3336/3336/3336 3341/3341/3341 3318/3318/3318
f 3320/3320/3320 3318/3318/3318 3341/3341/3341
f 3336/3336/3336 3340/3340/3340 3342/3342/3342
f 3337/3337/3337 3342/3342/3342 3340/3340/3340
f 3341/3341/3341 3336/3336/3336 3342/3342/3342
f 2367/2367/2367 3337/3337/3337 3339/3339/3339
f 3337/3337/3337 2367/2367/2367 3342/3342/3342
f 2367/2367/2367 3339/3339/3339 2364/2364/2364
f 2364/2364/2364 3339/3339/3339 3343/3343/3343
f 2366/2366/2366 3342/3342/3342 2367/2367/2367
f 2357/2357/2357 3342/3342/3342 2366/2366/2366
f 2357/2357/2357 3341/3341/3341 3342/3342/3342
f 3341/3341/3341 3344/3344/3344 3320/3320/3320
f 3344/3344/3344 3322/3322/3322 3320/3320/3320
f 2357/2357/2357 3345/3345/3345 3341/3341/3341
f 3345/3345/3345 3344/3344/3344 3341/3341/3341
f 2359/2359/2359 3345/3345/3345 2357/2357/2357
f 3346/3346/3346 3322/3322/3322 3344/3344/3344
f 3346/3346/3346 3344/3344/3344 3345/3345/3345
f 3347/3347/3347 3322/3322/3322 3346/3346/3346
f 3347/3347/3347 3346/3346/3346 3348/3348/3348
f 3349/3349/3349 3346/3346/3346 3345/3345/3345
f 2359/2359/2359 3349/3349/3349 3345/3345/3345
f 3348/3348/3348 3346/3346/3346 3349/3349/3349
f 3349/3349/3349 2359/2359/2359 3350/3350/3350
f 3350/3350/3350 2359/2359/2359 2346/2346/2346
f 3351/3351/3351 3350/3350/3350 2346/2346/2346
f 3351/3351/3351 3349/3349/3349 3350/3350/3350
f 2350/2350/2350 3351/3351/3351 2346/2346/2346
f 2350/2350/2350 3352/3352/3352 3351/3351/3351
f 3353/3353/3353 3352/3352/3352 2350/2350/2350
f 3352/3352/3352 3354/3354/3354 3351/3351/3351
f 3351/3351/3351 3355/3355/3355 3349/3349/3349
f 3354/3354/3354 3355/3355/3355 3351/3351/3351
f 3355/3355/3355 3348/3348/3348 3349/3349/3349
f 3355/3355/3355 3354/3354/3354 3356/3356/3356
f 3355/3355/3355 3356/3356/3356 3357/3357/3357
f 3358/3358/3358 3348/3348/3348 3355/3355/3355
f 3355/3355/3355 3357/3357/3357 3358/3358/3358
f 3358/3358/3358 3359/3359/3359 3348/3348/3348
f 3358/3358/3358 3357/3357/3357 3359/3359/3359
f 3359/3359/3359 3360/3360/3360 3348/3348/3348
f 3360/3360/3360 3361/3361/3361 3348/3348/3348
f 3362/3362/3362 3360/3360/3360 3359/3359/3359
f 3359/3359/3359 3357/3357/3357 3362/3362/3362
f 3357/3357/3357 3363/3363/3363 3362/3362/3362
f 3366/3366/3366 3365/3365/3365 3364/3364/3364
f 3367/3367/3367 3365/3365/3365 3366/3366/3366
f 3368/3368/3368 3365/3365/3365 3367/3367/3367
f 3367/3367/3367 3366/3366/3366 3369/3369/3369
f 3366/3366/3366 3370/3370/3370 3369/3369/3369
f 3367/3367/3367 3369/3369/3369 3371/3371/3371
f 3369/3369/3369 3372/3372/3372 3371/3371/3371
f 3373/3373/3373 3368/3368/3368 3367/3367/3367
f 3373/3373/3373 3367/3367/3367 3371/3371/3371
f 3372/3372/3372 3374/3374/3374 3371/3371/3371
f 3371/3371/3371 3374/3374/3374 3373/3373/3373
f 3373/3373/3373 3375/3375/3375 3368/3368/3368
f 3373/3373/3373 3374/3374/3374 3375/3375/3375
f 3368/3368/3368 3375/3375/3375 3376/3376/3376
f 3375/3375/3375 3377/3377/3377 3376/3376/3376
f 3376/3376/3376 3377/3377/3377 3378/3378/3378
f 3378/3378/3378 3377/3377/3377 3379/3379/3379
f 3380/3380/3380 3374/3374/3374 3372/3372/3372
f 3380/3380/3380 3372/3372/3372 3381/3381/3381
f 3380/3380/3380 664/664/664 3374/3374/3374
f 3382/3382/3382 3375/3375/3375 3374/3374/3374
f 3382/3382/3382 3374/3374/3374 664/664/664
f 3375/3375/3375 3382/3382/3382 3377/3377/3377
f 664/664/664 663/663/663 3382/3382/3382
f 663/663/663 3383/3383/3383 3382/3382/3382
f 651/651/651 3383/3383/3383 663/663/663
f 3382/3382/3382 3384/3384/3384 3377/3377/3377
f 3383/3383/3383 3384/3384/3384 3382/3382/3382
f 3384/3384/3384 3385/3385/3385 3377/3377/3377
f 3386/3386/3386 3377/3377/3377 3385/3385/3385
f 3377/3377/3377 3386/3386/3386 3379/3379/3379
f 3379/3379/3379 3386/3386/3386 3387/3387/3387
f 3386/3386/3386 3385/3385/3385 3387/3387/3387
f 3379/3379/3379 3387/3387/3387 3388/3388/3388
f 3383/3383/3383 651/651/651 3389/3389/3389
f 651/651/651 638/638/638 3389/3389/3389
f 638/638/638 653/653/653 3389/3389/3389
f 3389/3389/3389 653/653/653 3385/3385/3385
f 3383/3383/3383 3390/3390/3390 3384/3384/3384
f 3389/3389/3389 3390/3390/3390 3383/3383/3383
f 3389/3389/3389 3385/3385/3385 3390/3390/3390
f 3390/3390/3390 3385/3385/3385 3384/3384/3384
f 653/653/653 3391/3391/3391 3385/3385/3385
f 653/653/653 654/654/654 3391/3391/3391
f 3391/3391/3391 654/654/654 3392/3392/3392
f 3392/3392/3392 654/654/654 3393/3393/3393
f 3385/3385/3385 3391/3391/3391 3394/3394/3394
f 3385/3385/3385 3394/3394/3394 3387/3387/3387
f 3391/3391/3391 3392/3392/3392 3394/3394/3394
f 3394/3394/3394 3395/3395/3395 3387/3387/3387
f 3392/3392/3392 3395/3395/3395 3394/3394/3394
f 3393/3393/3393 3396/3396/3396 3392/3392/3392
f 3393/3393/3393 3397/3397/3397 3396/3396/3396
f 3395/3395/3395 3398/3398/3398 3387/3387/3387
f 3387/3387/3387 3398/3398/3398 3388/3388/3388
f 3398/3398/3398 3399/3399/3399 3388/3388/3388
f 3398/3398/3398 3400/3400/3400 3399/3399/3399
f 3399/3399/3399 3400/3400/3400 3401/3401/3401
f 3400/3400/3400 3402/3402/3402 3401/3401/3401
f 3398/3398/3398 3403/3403/3403 3400/3400/3400
f 3398/3398/3398 3395/3395/3395 3403/3403/3403
f 3403/3403/3403 3404/3404/3404 3400/3400/3400
f 3400/3400/3400 3404/3404/3404 3402/3402/3402
f 3405/3405/3405 3404/3404/3404 3403/3403/3403
f 3395/3395/3395 3405/3405/3405 3403/3403/3403
f 3397/3397/3397 3406/3406/3406 3396/3396/3396
f 3406/3406/3406 3397/3397/3397 3407/3407/3407
f 3406/3406/3406 3407/3407/3407 3408/3408/3408
f 3402/3402/3402 3404/3404/3404 3409/3409/3409
f 3409/3409/3409 3404/3404/3404 3405/3405/3405
f 3395/3395/3395 3410/3410/3410 3405/3405/3405
f 3411/3411/3411 3409/3409/3409 3405/3405/3405
f 3410/3410/3410 3411/3411/3411 3405/3405/3405
f 3412/3412/3412 3410/3410/3410 3395/3395/3395
f 3412/3412/3412 3395/3395/3395 3392/3392/3392
f 3413/3413/3413 3410/3410/3410 3412/3412/3412
f 3392/3392/3392 3413/3413/3413 3412/3412/3412
f 3396/3396/3396 3413/3413/3413 3392/3392/3392
f 3410/3410/3410 3413/3413/3413 3411/3411/3411
f 3396/3396/3396 3411/3411/3411 3413/3413/3413
f 3396/3396/3396 3414/3414/3414 3411/3411/3411
f 3396/3396/3396 3406/3406/3406 3414/3414/3414
f 3414/3414/3414 3409/3409/3409 3411/3411/3411
f 3406/3406/3406 3408/3408/3408 3415/3415/3415
f 3406/3406/3406 3415/3415/3415 3414/3414/3414
f 3415/3415/3415 3408/3408/3408 3416/3416/3416
f 3415/3415/3415 3416/3416/3416 3414/3414/3414
f 3409/3409/3409 3414/3414/3414 3417/3417/3417
f 3417/3417/3417 3414/3414/3414 3416/3416/3416
f 3408/3408/3408 3418/3418/3418 3416/3416/3416
f 3419/3419/3419 3418/3418/3418 3408/3408/3408
f 1852/1852/1852 3418/3418/3418 3419/3419/3419
f 3418/3418/3418 1852/1852/1852 3420/3420/3420
f 3418/3418/3418 3420/3420/3420 3416/3416/3416
f 3420/3420/3420 1852/1852/1852 1850/1850/1850
f 3421/3421/3421 3416/3416/3416 3420/3420/3420
f 3422/3422/3422 3421/3421/3421 3420/3420/3420
f 1850/1850/1850 3422/3422/3422 3420/3420/3420
f 3421/3421/3421 3422/3422/3422 3423/3423/3423
f 1850/1850/1850 1854/1854/1854 3422/3422/3422
f 3422/3422/3422 1854/1854/1854 3424/3424/3424
f 3424/3424/3424 3423/3423/3423 3422/3422/3422
f 1858/1858/1858 3424/3424/3424 1854/1854/1854
f 3423/3423/3423 3424/3424/3424 1858/1858/1858
f 1858/1858/1858 3425/3425/3425 3423/3423/3423
f 1858/1858/1858 3426/3426/3426 3425/3425/3425
f 3427/3427/3427 3423/3423/3423 3425/3425/3425
f 3428/3428/3428 3423/3423/3423 3427/3427/3427
f 3428/3428/3428 3429/3429/3429 3423/3423/3423
f 3423/3423/3423 3429/3429/3429 3421/3421/3421
f 3430/3430/3430 3421/3421/3421 3429/3429/3429
f 3416/3416/3416 3421/3421/3421 3431/3431/3431
f 3431/3431/3431 3417/3417/3417 3416/3416/3416
f 3417/3417/3417 3431/3431/3431 3432/3432/3432
f 3431/3431/3431 3421/3421/3421 3432/3432/3432
f 3433/3433/3433 3421/3421/3421 3430/3430/3430
f 3433/3433/3433 3430/3430/3430 3434/3434/3434
f 3435/3435/3435 3417/3417/3417 3432/3432/3432
f 3409/3409/3409 3417/3417/3417 3435/3435/3435
f 3435/3435/3435 3402/3402/3402 3409/3409/3409
f 3421/3421/3421 3436/3436/3436 3432/3432/3432
f 3436/3436/3436 3421/3421/3421 3433/3433/3433
f 3432/3432/3432 3436/3436/3436 3435/3435/3435
f 3437/3437/3437 3433/3433/3433 3434/3434/3434
f 3434/3434/3434 3402/3402/3402 3437/3437/3437
f 3435/3435/3435 3437/3437/3437 3402/3402/3402
f 3437/3437/3437 3436/3436/3436 3433/3433/3433
f 3437/3437/3437 3435/3435/3435 3436/3436/3436
f 3440/3440/3440 3439/3439/3439 3438/3438/3438
f 3439/3439/3439 3441/3441/3441 3438/3438/3438
f 3444/3444/3444 3443/3443/3443 3442/3442/3442
f 3445/3445/3445 3444/3444/3444 3442/3442/3442
f 3445/3445/3445 3442/3442/3442 3446/3446/3446
f 3447/3447/3447 3444/3444/3444 3445/3445/3445
f 3450/3450/3450 3449/3449/3449 3448/3448/3448
f 3448/3448/3448 3449/3449/3449 3451/3451/3451
f 3454/3454/3454 3453/3453/3453 3452/3452/3452
f 3455/3455/3455 3453/3453/3453 3454/3454/3454
f 3456/3456/3456 3455/3455/3455 3454/3454/3454
f 3455/3455/3455 3456/3456/3456 3457/3457/3457
f 3458/3458/3458 3455/3455/3455 3457/3457/3457
f 3458/3458/3458 3457/3457/3457 3459/3459/3459
f 3458/3458/3458 3459/3459/3459 3460/3460/3460
f 3459/3459/3459 3461/3461/3461 3460/3460/3460
f 3462/3462/3462 3458/3458/3458 3460/3460/3460
f 3462/3462/3462 3460/3460/3460 3463/3463/3463
f 3464/3464/3464 3455/3455/3455 3458/3458/3458
f 3458/3458/3458 3462/3462/3462 3464/3464/3464
f 3463/3463/3463 3465/3465/3465 3462/3462/3462
f 3465/3465/3465 3464/3464/3464 3462/3462/3462
f 3463/3463/3463 3466/3466/3466 3465/3465/3465
f 3453/3453/3453 3455/3455/3455 3467/3467/3467
f 3455/3455/3455 3464/3464/3464 3467/3467/3467
f 3468/3468/3468 3465/3465/3465 3466/3466/3466
f 3468/3468/3468 3466/3466/3466 3469/3469/3469
f 3470/3470/3470 3468/3468/3468 3469/3469/3469
f 3465/3465/3465 3468/3468/3468 3470/3470/3470
f 3471/3471/3471 3464/3464/3464 3465/3465/3465
f 3470/3470/3470 3471/3471/3471 3465/3465/3465
f 3472/3472/3472 3464/3464/3464 3471/3471/3471
f 3472/3472/3472 3467/3467/3467 3464/3464/3464
f 3473/3473/3473 3471/3471/3471 3470/3470/3470
f 3471/3471/3471 3473/3473/3473 3472/3472/3472
f 3474/3474/3474 3473/3473/3473 3470/3470/3470
f 3453/3453/3453 3467/3467/3467 3475/3475/3475
f 3475/3475/3475 3476/3476/3476 3453/3453/3453
f 3475/3475/3475 3477/3477/3477 3476/3476/3476
f 3475/3475/3475 3478/3478/3478 3477/3477/3477
f 3475/3475/3475 3479/3479/3479 3478/3478/3478
f 3474/3474/3474 3479/3479/3479 3473/3473/3473
f 3480/3480/3480 3479/3479/3479 3474/3474/3474
f 3481/3481/3481 3472/3472/3472 3473/3473/3473
f 3472/3472/3472 3481/3481/3481 3467/3467/3467
f 3467/3467/3467 3481/3481/3481 3475/3475/3475
f 3479/3479/3479 3475/3475/3475 3481/3481/3481
f 3473/3473/3473 3479/3479/3479 3481/3481/3481
f 3484/3484/3484 3483/3483/3483 3482/3482/3482
f 3484/3484/3484 3485/3485/3485 3483/3483/3483
f 3486/3486/3486 3483/3483/3483 3485/3485/3485
f 3483/3483/3483 3486/3486/3486 3487/3487/3487
f 3487/3487/3487 3488/3488/3488 3483/3483/3483
f 3491/3491/3491 3490/3490/3490 3489/3489/3489
f 3490/3490/3490 3491/3491/3491 3492/3492/3492
f 3490/3490/3490 3492/3492/3492 3493/3493/3493
f 3494/3494/3494 3492/3492/3492 3491/3491/3491
f 3495/3495/3495 3492/3492/3492 3494/3494/3494
f 3498/3498/3498 3497/3497/3497 3496/3496/3496
f 3498/3498/3498 3499/3499/3499 3497/3497/3497
f 3499/3499/3499 3500/3500/3500 3497/3497/3497
f 3500/3500/3500 3499/3499/3499 3501/3501/3501
f 3502/3502/3502 3499/3499/3499 3498/3498/3498
f 3502/3502/3502 3501/3501/3501 3499/3499/3499
f 3503/3503/3503 3501/3501/3501 3502/3502/3502
f 3503/3503/3503 3502/3502/3502 3504/3504/3504
f 3507/3507/3507 3506/3506/3506 3505/3505/3505
f 3505/3505/3505 3506/3506/3506 3508/3508/3508
f 3511/3511/3511 3510/3510/3510 3509/3509/3509
f 3512/3512/3512 3509/3509/3509 3510/3510/3510
f 3513/3513/3513 3512/3512/3512 3510/3510/3510
f 3509/3509/3509 3512/3512/3512 3514/3514/3514
f 3515/3515/3515 3509/3509/3509 3514/3514/3514
f 3514/3514/3514 3516/3516/3516 3515/3515/3515
f 3517/3517/3517 3514/3514/3514 3512/3512/3512
f 3512/3512/3512 3513/3513/3513 3517/3517/3517
f 3514/3514/3514 3518/3518/3518 3516/3516/3516
f 3518/3518/3518 3514/3514/3514 3517/3517/3517
f 3516/3516/3516 3518/3518/3518 3519/3519/3519
f 3518/3518/3518 3520/3520/3520 3519/3519/3519
f 3521/3521/3521 3518/3518/3518 3517/3517/3517
f 3520/3520/3520 3518/3518/3518 3521/3521/3521
f 3513/3513/3513 3522/3522/3522 3517/3517/3517
f 3522/3522/3522 3521/3521/3521 3517/3517/3517
f 3522/3522/3522 3513/3513/3513 3523/3523/3523
f 3523/3523/3523 3513/3513/3513 3524/3524/3524
f 3521/3521/3521 3525/3525/3525 3520/3520/3520
f 3526/3526/3526 3520/3520/3520 3525/3525/3525
f 3525/3525/3525 3521/3521/3521 3527/3527/3527
f 3528/3528/3528 3521/3521/3521 3522/3522/3522
f 3527/3527/3527 3521/3521/3521 3528/3528/3528
f 3529/3529/3529 3527/3527/3527 3528/3528/3528
f 3528/3528/3528 3522/3522/3522 3530/3530/3530
f 3528/3528/3528 3530/3530/3530 3529/3529/3529
f 3530/3530/3530 3531/3531/3531 3529/3529/3529
f 3530/3530/3530 3532/3532/3532 3531/3531/3531
f 3535/3535/3535 3534/3534/3534 3533/3533/3533
f 3533/3533/3533 3534/3534/3534 3536/3536/3536
f 3539/3539/3539 3538/3538/3538 3537/3537/3537
f 3538/3538/3538 3539/3539/3539 3540/3540/3540
f 3541/3541/3541 3538/3538/3538 3540/3540/3540
f 3541/3541/3541 3542/3542/3542 3538/3538/3538
f 3543/3543/3543 3541/3541/3541 3540/3540/3540
f 3541/3541/3541 3543/3543/3543 3542/3542/3542
f 3544/3544/3544 3542/3542/3542 3543/3543/3543
f 3543/3543/3543 3540/3540/3540 3545/3545/3545
f 3546/3546/3546 3543/3543/3543 3545/3545/3545
f 3549/3549/3549 3548/3548/3548 3547/3547/3547
f 3550/3550/3550 3548/3548/3548 3549/3549/3549
f 3549/3549/3549 3551/3551/3551 3550/3550/3550
f 3552/3552/3552 3550/3550/3550 3551/3551/3551
f 3555/3555/3555 3554/3554/3554 3553/3553/3553
f 3555/3555/3555 3556/3556/3556 3554/3554/3554
f 3555/3555/3555 3557/3557/3557 3556/3556/3556
f 3558/3558/3558 3556/3556/3556 3557/3557/3557
f 3557/3557/3557 3559/3559/3559 3558/3558/3558
f 3562/3562/3562 3561/3561/3561 3560/3560/3560
f 3561/3561/3561 3563/3563/3563 3560/3560/3560
f 3564/3564/3564 3563/3563/3563 3561/3561/3561
f 3565/3565/3565 3563/3563/3563 3564/3564/3564
f 3566/3566/3566 3565/3565/3565 3564/3564/3564
f 3566/3566/3566 3567/3567/3567 3565/3565/3565
f 3570/3570/3570 3569/3569/3569 3568/3568/3568
f 3571/3571/3571 3569/3569/3569 3570/3570/3570
f 3571/3571/3571 3570/3570/3570 3572/3572/3572
f 3573/3573/3573 3571/3571/3571 3572/3572/3572
f 3574/3574/3574 3573/3573/3573 3572/3572/3572
f 3575/3575/3575 3573/3573/3573 3574/3574/3574
f 3576/3576/3576 3575/3575/3575 3574/3574/3574
f 3577/3577/3577 3575/3575/3575 3576/3576/3576
f 3577/3577/3577 3576/3576/3576 3578/3578/3578
f 3577/3577/3577 3578/3578/3578 3579/3579/3579
f 3579/3579/3579 3578/3578/3578 3580/3580/3580
f 3580/3580/3580 3578/3578/3578 3581/3581/3581
f 3580/3580/3580 3581/3581/3581 3582/3582/3582
f 3582/3582/3582 3581/3581/3581 3583/3583/3583
f 3581/3581/3581 3584/3584/3584 3583/3583/3583
f 3585/3585/3585 3583/3583/3583 3584/3584/3584
f 3584/3584/3584 3586/3586/3586 3585/3585/3585
f 3586/3586/3586 3587/3587/3587 3585/3585/3585
f 3588/3588/3588 3587/3587/3587 3586/3586/3586
f 3587/3587/3587 3588/3588/3588 3589/3589/3589
f 3592/3592/3592 3591/3591/3591 3590/3590/3590
f 3592/3592/3592 3590/3590/3590 3593/3593/3593
f 3590/3590/3590 3594/3594/3594 3593/3593/3593
f 3595/3595/3595 3593/3593/3593 3594/3594/3594
f 3594/3594/3594 3596/3596/3596 3595/3595/3595
f 3597/3597/3597 3593/3593/3593 3595/3595/3595
f 3597/3597/3597 3595/3595/3595 3596/3596/3596
f 3597/3597/3597 3596/3596/3596 3598/3598/3598
f 3601/3601/3601 3600/3600/3600 3599/3599/3599
f 3600/3600/3600 3601/3601/3601 3602/3602/3602
f 3601/3601/3601 3603/3603/3603 3602/3602/3602
f 3603/3603/3603 3604/3604/3604 3602/3602/3602
f 3605/3605/3605 3602/3602/3602 3604/3604/3604
f 3605/3605/3605 3604/3604/3604 3606/3606/3606
f 3609/3609/3609 3608/3608/3608 3607/3607/3607
f 3609/3609/3609 3607/3607/3607 3610/3610/3610
f 3611/3611/3611 3609/3609/3609 3610/3610/3610
f 3610/3610/3610 3612/3612/3612 3611/3611/3611
f 3612/3612/3612 3610/3610/3610 3613/3613/3613
f 3612/3612/3612 3614/3614/3614 3611/3611/3611
f 3614/3614/3614 3615/3615/3615 3611/3611/3611
f 288/288/288 3615/3615/3615 3614/3614/3614
f 288/288/288 294/294/294 3615/3615/3615
f 3615/3615/3615 294/294/294 3616/3616/3616
f 3615/3615/3615 3616/3616/3616 3611/3611/3611
f 294/294/294 3617/3617/3617 3616/3616/3616
f 3618/3618/3618 3611/3611/3611 3616/3616/3616
f 3616/3616/3616 3617/3617/3617 3618/3618/3618
f 3618/3618/3618 3609/3609/3609 3611/3611/3611
f 3618/3618/3618 3617/3617/3617 3619/3619/3619
f 3619/3619/3619 3620/3620/3620 3618/3618/3618
f 3621/3621/3621 3609/3609/3609 3618/3618/3618
f 3618/3618/3618 3620/3620/3620 3621/3621/3621
f 3622/3622/3622 3609/3609/3609 3621/3621/3621
f 3622/3622/3622 3621/3621/3621 3623/3623/3623
f 3624/3624/3624 3622/3622/3622 3623/3623/3623
f 3625/3625/3625 3624/3624/3624 3623/3623/3623
f 3624/3624/3624 3625/3625/3625 3626/3626/3626
f 3620/3620/3620 3627/3627/3627 3621/3621/3621
f 3628/3628/3628 3627/3627/3627 3620/3620/3620
f 3628/3628/3628 3629/3629/3629 3627/3627/3627
f 3629/3629/3629 3630/3630/3630 3627/3627/3627
f 3633/3633/3633 3632/3632/3632 3631/3631/3631
f 3634/3634/3634 3633/3633/3633 3631/3631/3631
f 3637/3637/3637 3636/3636/3636 3635/3635/3635
f 3635/3635/3635 3636/3636/3636 3638/3638/3638
f 3636/3636/3636 3639/3639/3639 3638/3638/3638
f 3636/3636/3636 3640/3640/3640 3639/3639/3639
f 3640/3640/3640 3641/3641/3641 3639/3639/3639
f 3640/3640/3640 3642/3642/3642 3641/3641/3641
f 3642/3642/3642 3643/3643/3643 3641/3641/3641
f 3644/3644/3644 3643/3643/3643 3642/3642/3642
f 3645/3645/3645 3644/3644/3644 3642/3642/3642
f 3648/3648/3648 3647/3647/3647 3646/3646/3646
f 3646/3646/3646 3649/3649/3649 3648/3648/3648
f 3650/3650/3650 3649/3649/3649 3646/3646/3646
f 3649/3649/3649 3650/3650/3650 3651/3651/3651
f 3651/3651/3651 3650/3650/3650 3652/3652/3652
f 3652/3652/3652 3653/3653/3653 3651/3651/3651
f 3654/3654/3654 3651/3651/3651 3653/3653/3653
f 3654/3654/3654 3653/3653/3653 3655/3655/3655
f 3656/3656/3656 3654/3654/3654 3655/3655/3655
f 3657/3657/3657 3656/3656/3656 3655/3655/3655
f 3658/3658/3658 3656/3656/3656 3657/3657/3657
f 3658/3658/3658 3657/3657/3657 3659/3659/3659
f 3662/3662/3662 3661/3661/3661 3660/3660/3660
f 3660/3660/3660 3661/3661/3661 3663/3663/3663
f 3661/3661/3661 3664/3664/3664 3663/3663/3663
f 3661/3661/3661 3665/3665/3665 3664/3664/3664
f 3666/3666/3666 3660/3660/3660 3663/3663/3663
f 3666/3666/3666 3667/3667/3667 3660/3660/3660
f 3667/3667/3667 3666/3666/3666 3668/3668/3668
f 3663/3663/3663 3664/3664/3664 3669/3669/3669
f 3663/3663/3663 3669/3669/3669 3666/3666/3666
f 3664/3664/3664 3665/3665/3665 3670/3670/3670
f 3664/3664/3664 3670/3670/3670 3669/3669/3669
f 3665/3665/3665 3671/3671/3671 3670/3670/3670
f 3670/3670/3670 3671/3671/3671 3672/3672/3672
f 3673/3673/3673 3670/3670/3670 3672/3672/3672
f 3669/3669/3669 3670/3670/3670 3673/3673/3673
f 3674/3674/3674 3673/3673/3673 3672/3672/3672
f 3675/3675/3675 3674/3674/3674 3672/3672/3672
f 3669/3669/3669 3673/3673/3673 3676/3676/3676
f 3676/3676/3676 3673/3673/3673 3674/3674/3674
f 3666/3666/3666 3669/3669/3669 3677/3677/3677
f 3677/3677/3677 3669/3669/3669 3676/3676/3676
f 3666/3666/3666 3677/3677/3677 3678/3678/3678
f 3666/3666/3666 3678/3678/3678 3668/3668/3668
f 3678/3678/3678 3677/3677/3677 3676/3676/3676
f 3678/3678/3678 3679/3679/3679 3668/3668/3668
f 3668/3668/3668 3679/3679/3679 3680/3680/3680
f 3679/3679/3679 3681/3681/3681 3680/3680/3680
f 3678/3678/3678 3676/3676/3676 3682/3682/3682
f 3678/3678/3678 3682/3682/3682 3679/3679/3679
f 3676/3676/3676 3674/3674/3674 3682/3682/3682
f 3679/3679/3679 3683/3683/3683 3681/3681/3681
f 3683/3683/3683 3679/3679/3679 3682/3682/3682
f 3683/3683/3683 3682/3682/3682 3674/3674/3674
f 3681/3681/3681 3683/3683/3683 3684/3684/3684
f 3674/3674/3674 3675/3675/3675 3685/3685/3685
f 3685/3685/3685 3683/3683/3683 3674/3674/3674
f 3684/3684/3684 3683/3683/3683 3685/3685/3685
f 3686/3686/3686 3685/3685/3685 3675/3675/3675
f 3684/3684/3684 3685/3685/3685 3687/3687/3687
f 3687/3687/3687 3685/3685/3685 3686/3686/3686
f 3690/3690/3690 3689/3689/3689 3688/3688/3688
f 3689/3689/3689 3691/3691/3691 3688/3688/3688
f 3688/3688/3688 3691/3691/3691 3692/3692/3692
f 3691/3691/3691 3693/3693/3693 3692/3692/3692
f 3696/3696/3696 3695/3695/3695 3694/3694/3694
f 3696/3696/3696 3694/3694/3694 3697/3697/3697
f 3700/3700/3700 3699/3699/3699 3698/3698/3698
f 3701/3701/3701 3698/3698/3698 3699/3699/3699
f 3699/3699/3699 3702/3702/3702 3701/3701/3701
f 3701/3701/3701 3702/3702/3702 3703/3703/3703
f 3703/3703/3703 3702/3702/3702 3704/3704/3704
f 3705/3705/3705 3703/3703/3703 3704/3704/3704
f 3706/3706/3706 3703/3703/3703 3705/3705/3705
f 3705/3705/3705 3707/3707/3707 3706/3706/3706
f 3707/3707/3707 3708/3708/3708 3706/3706/3706
f 3707/3707/3707 3709/3709/3709 3708/3708/3708
f 3709/3709/3709 3710/3710/3710 3708/3708/3708
f 3709/3709/3709 3711/3711/3711 3710/3710/3710
f 3711/3711/3711 3709/3709/3709 3712/3712/3712
f 3711/3711/3711 3712/3712/3712 3713/3713/3713
f 3711/3711/3711 3713/3713/3713 3714/3714/3714
f 3713/3713/3713 3715/3715/3715 3714/3714/3714
f 3718/3718/3718 3717/3717/3717 3716/3716/3716
f 3716/3716/3716 3719/3719/3719 3718/3718/3718
f 3722/3722/3722 3721/3721/3721 3720/3720/3720
f 3722/3722/3722 3720/3720/3720 3723/3723/3723
f 3723/3723/3723 3724/3724/3724 3722/3722/3722
f 3722/3722/3722 3724/3724/3724 3725/3725/3725
f 3724/3724/3724 3726/3726/3726 3725/3725/3725
f 3727/3727/3727 3725/3725/3725 3726/3726/3726
f 3728/3728/3728 3727/3727/3727 3726/3726/3726
f 3728/3728/3728 3726/3726/3726 3729/3729/3729
f 3732/3732/3732 3731/3731/3731 3730/3730/3730
f 3730/3730/3730 3731/3731/3731 3733/3733/3733
f 3731/3731/3731 3734/3734/3734 3733/3733/3733
f 3737/3737/3737 3736/3736/3736 3735/3735/3735
f 3738/3738/3738 3737/3737/3737 3735/3735/3735
f 3738/3738/3738 3735/3735/3735 3739/3739/3739
f 3740/3740/3740 3738/3738/3738 3739/3739/3739
f 3740/3740/3740 3739/3739/3739 3741/3741/3741
f 3742/3742/3742 3740/3740/3740 3741/3741/3741
f 3742/3742/3742 3741/3741/3741 3743/3743/3743
f 3744/3744/3744 3743/3743/3743 3741/3741/3741
f 3747/3747/3747 3746/3746/3746 3745/3745/3745
f 3747/3747/3747 3745/3745/3745 3748/3748/3748
f 3749/3749/3749 3747/3747/3747 3748/3748/3748
f 3749/3749/3749 3748/3748/3748 3750/3750/3750
f 3749/3749/3749 3750/3750/3750 3751/3751/3751
f 3751/3751/3751 3750/3750/3750 3752/3752/3752
f 3755/3755/3755 3754/3754/3754 3753/3753/3753
f 3754/3754/3754 3755/3755/3755 3756/3756/3756
f 3759/3759/3759 3758/3758/3758 3757/3757/3757
f 3758/3758/3758 3760/3760/3760 3757/3757/3757
f 3757/3757/3757 3760/3760/3760 3761/3761/3761
f 3760/3760/3760 3762/3762/3762 3761/3761/3761
f 3765/3765/3765 3764/3764/3764 3763/3763/3763
f 3766/3766/3766 3764/3764/3764 3765/3765/3765
f 3769/3769/3769 3768/3768/3768 3767/3767/3767
f 3768/3768/3768 3769/3769/3769 3770/3770/3770
f 3771/3771/3771 3770/3770/3770 3769/3769/3769
f 3772/3772/3772 3770/3770/3770 3771/3771/3771
f 3772/3772/3772 3771/3771/3771 3773/3773/3773
f 3772/3772/3772 3773/3773/3773 3774/3774/3774
f 3775/3775/3775 3772/3772/3772 3774/3774/3774
f 3774/3774/3774 3776/3776/3776 3775/3775/3775
f 3776/3776/3776 3774/3774/3774 3777/3777/3777
f 3776/3776/3776 3777/3777/3777 3778/3778/3778
f 3777/3777/3777 3779/3779/3779 3778/3778/3778
f 3782/3782/3782 3781/3781/3781 3780/3780/3780
f 3780/3780/3780 3783/3783/3783 3782/3782/3782
f 3784/3784/3784 3783/3783/3783 3780/3780/3780
f 3783/3783/3783 3784/3784/3784 3785/3785/3785
f 3784/3784/3784 3786/3786/3786 3785/3785/3785
f 3787/3787/3787 3785/3785/3785 3786/3786/3786
f 3788/3788/3788 3785/3785/3785 3787/3787/3787
f 3789/3789/3789 3788/3788/3788 3787/3787/3787
f 3789/3789/3789 3787/3787/3787 3790/3790/3790
f 3791/3791/3791 3789/3789/3789 3790/3790/3790
f 3792/3792/3792 3791/3791/3791 3790/3790/3790
f 3791/3791/3791 3792/3792/3792 3793/3793/3793
f 3796/3796/3796 3795/3795/3795 3794/3794/3794
f 3795/3795/3795 3796/3796/3796 3797/3797/3797
f 3798/3798/3798 3795/3795/3795 3797/3797/3797
f 3798/3798/3798 3799/3799/3799 3795/3795/3795
f 3802/3802/3802 3801/3801/3801 3800/3800/3800
f 3803/3803/3803 3802/3802/3802 3800/3800/3800
f 3800/3800/3800 3804/3804/3804 3803/3803/3803
f 3804/3804/3804 3805/3805/3805 3803/3803/3803
f 3804/3804/3804 3806/3806/3806 3805/3805/3805
f 3806/3806/3806 3807/3807/3807 3805/3805/3805
f 3808/3808/3808 3807/3807/3807 3806/3806/3806
f 3809/3809/3809 3807/3807/3807 3808/3808/3808
f 3812/3812/3812 3811/3811/3811 3810/3810/3810
f 3811/3811/3811 3813/3813/3813 3810/3810/3810
f 3813/3813/3813 3814/3814/3814 3810/3810/3810
f 3814/3814/3814 3815/3815/3815 3810/3810/3810
f 3814/3814/3814 3816/3816/3816 3815/3815/3815
f 3814/3814/3814 3817/3817/3817 3816/3816/3816
f 3817/3817/3817 3818/3818/3818 3816/3816/3816
f 3819/3819/3819 3818/3818/3818 3817/3817/3817
f 3820/3820/3820 3818/3818/3818 3819/3819/3819
f 3819/3819/3819 3821/3821/3821 3820/3820/3820
f 3821/3821/3821 3822/3822/3822 3820/3820/3820
f 3825/3825/3825 3824/3824/3824 3823/3823/3823
f 3824/3824/3824 3826/3826/3826 3823/3823/3823
f 3826/3826/3826 3824/3824/3824 3827/3827/3827
f 3830/3830/3830 3829/3829/3829 3828/3828/3828
f 3830/3830/3830 3831/3831/3831 3829/3829/3829
f 3830/3830/3830 3832/3832/3832 3831/3831/3831
f 3831/3831/3831 3832/3832/3832 3833/3833/3833
f 3836/3836/3836 3835/3835/3835 3834/3834/3834
f 3837/3837/3837 3834/3834/3834 3835/3835/3835
f 3840/3840/3840 3839/3839/3839 3838/3838/3838
f 3839/3839/3839 3841/3841/3841 3838/3838/3838
f 3844/3844/3844 3843/3843/3843 3842/3842/3842
f 3845/3845/3845 3844/3844/3844 3842/3842/3842
f 3848/3848/3848 3847/3847/3847 3846/3846/3846
f 3849/3849/3849 3847/3847/3847 3848/3848/3848
f 3849/3849/3849 3850/3850/3850 3847/3847/3847
f 3853/3853/3853 3852/3852/3852 3851/3851/3851
f 3851/3851/3851 3852/3852/3852 3854/3854/3854
f 3851/3851/3851 3854/3854/3854 3855/3855/3855
f 3856/3856/3856 3854/3854/3854 3852/3852/3852
f 3855/3855/3855 3854/3854/3854 3856/3856/3856
f 3859/3859/3859 3858/3858/3858 3857/3857/3857
f 3858/3858/3858 3859/3859/3859 3860/3860/3860
f 3859/3859/3859 3861/3861/3861 3860/3860/3860
f 3862/3862/3862 3859/3859/3859 3857/3857/3857
f 3863/3863/3863 3861/3861/3861 3859/3859/3859
f 3864/3864/3864 3859/3859/3859 3862/3862/3862
f 3864/3864/3864 3863/3863/3863 3859/3859/3859
f 3865/3865/3865 3864/3864/3864 3862/3862/3862
f 3864/3864/3864 3866/3866/3866 3863/3863/3863
f 3865/3865/3865 3867/3867/3867 3864/3864/3864
f 3867/3867/3867 3866/3866/3866 3864/3864/3864
f 3870/3870/3870 3869/3869/3869 3868/3868/3868
f 3871/3871/3871 3869/3869/3869 3870/3870/3870
f 3870/3870/3870 3868/3868/3868 3872/3872/3872
f 3872/3872/3872 3868/3868/3868 3873/3873/3873
f 3874/3874/3874 3872/3872/3872 3873/3873/3873
f 3872/3872/3872 3874/3874/3874 3875/3875/3875
f 3872/3872/3872 3875/3875/3875 3876/3876/3876
f 3871/3871/3871 3870/3870/3870 3877/3877/3877
f 3877/3877/3877 3870/3870/3870 3872/3872/3872
f 3877/3877/3877 3872/3872/3872 3876/3876/3876
f 3871/3871/3871 3877/3877/3877 3878/3878/3878
f 3878/3878/3878 3877/3877/3877 3876/3876/3876
f 3881/3881/3881 3880/3880/3880 3879/3879/3879
f 3880/3880/3880 3882/3882/3882 3879/3879/3879
f 3881/3881/3881 3883/3883/3883 3880/3880/3880
f 3883/3883/3883 3884/3884/3884 3880/3880/3880
f 3883/3883/3883 3885/3885/3885 3884/3884/3884
f 3886/3886/3886 3884/3884/3884 3885/3885/3885
f 3887/3887/3887 3882/3882/3882 3880/3880/3880
f 3880/3880/3880 3884/3884/3884 3887/3887/3887
f 3887/3887/3887 3888/3888/3888 3882/3882/3882
f 3888/3888/3888 3887/3887/3887 3889/3889/3889
f 3890/3890/3890 3889/3889/3889 3887/3887/3887
f 3884/3884/3884 3890/3890/3890 3887/3887/3887
f 3886/3886/3886 3891/3891/3891 3884/3884/3884
f 3886/3886/3886 3892/3892/3892 3891/3891/3891
f 3893/3893/3893 3889/3889/3889 3890/3890/3890
f 3894/3894/3894 3889/3889/3889 3893/3893/3893
f 3893/3893/3893 3895/3895/3895 3894/3894/3894
f 3884/3884/3884 3896/3896/3896 3890/3890/3890
f 3891/3891/3891 3896/3896/3896 3884/3884/3884
f 3890/3890/3890 3896/3896/3896 3893/3893/3893
f 3892/3892/3892 3897/3897/3897 3891/3891/3891
f 3897/3897/3897 3896/3896/3896 3891/3891/3891
f 3892/3892/3892 3898/3898/3898 3897/3897/3897
f 3898/3898/3898 3899/3899/3899 3897/3897/3897
f 3893/3893/3893 3900/3900/3900 3895/3895/3895
f 3896/3896/3896 3900/3900/3900 3893/3893/3893
f 3897/3897/3897 3901/3901/3901 3896/3896/3896
f 3901/3901/3901 3900/3900/3900 3896/3896/3896
f 3899/3899/3899 3902/3902/3902 3897/3897/3897
f 3901/3901/3901 3897/3897/3897 3902/3902/3902
f 3900/3900/3900 3901/3901/3901 3902/3902/3902
f 3895/3895/3895 3900/3900/3900 3902/3902/3902
f 3899/3899/3899 3903/3903/3903 3902/3902/3902
f 3902/3902/3902 3904/3904/3904 3895/3895/3895
f 3904/3904/3904 3902/3902/3902 3903/3903/3903
f 3907/3907/3907 3906/3906/3906 3905/3905/3905
f 3905/3905/3905 3908/3908/3908 3907/3907/3907
f 3905/3905/3905 3906/3906/3906 3909/3909/3909
f 3908/3908/3908 3905/3905/3905 3910/3910/3910
f 3909/3909/3909 3906/3906/3906 3911/3911/3911
f 3909/3909/3909 3911/3911/3911 3912/3912/3912
f 3908/3908/3908 3910/3910/3910 3913/3913/3913
f 3914/3914/3914 3908/3908/3908 3913/3913/3913
f 3915/3915/3915 3914/3914/3914 3913/3913/3913
f 3915/3915/3915 3913/3913/3913 3916/3916/3916
f 3917/3917/3917 3915/3915/3915 3916/3916/3916
f 3917/3917/3917 3916/3916/3916 3918/3918/3918
f 3911/3911/3911 3919/3919/3919 3912/3912/3912
f 3912/3912/3912 3919/3919/3919 3920/3920/3920
f 3917/3917/3917 3918/3918/3918 3921/3921/3921
f 3921/3921/3921 3918/3918/3918 3922/3922/3922
f 3919/3919/3919 3923/3923/3923 3920/3920/3920
f 3923/3923/3923 3919/3919/3919 3924/3924/3924
f 3921/3921/3921 3922/3922/3922 3925/3925/3925
f 3921/3921/3921 3925/3925/3925 3926/3926/3926
f 3926/3926/3926 3925/3925/3925 3927/3927/3927
f 3925/3925/3925 3928/3928/3928 3927/3927/3927
f 3929/3929/3929 3923/3923/3923 3924/3924/3924
f 3928/3928/3928 3929/3929/3929 3927/3927/3927
f 3930/3930/3930 3923/3923/3923 3929/3929/3929
f 3928/3928/3928 3930/3930/3930 3929/3929/3929
f 3933/3933/3933 3932/3932/3932 3931/3931/3931
f 3934/3934/3934 3933/3933/3933 3931/3931/3931
f 3934/3934/3934 3935/3935/3935 3933/3933/3933
f 3931/3931/3931 3936/3936/3936 3934/3934/3934
f 3932/3932/3932 3933/3933/3933 3937/3937/3937
f 3933/3933/3933 3935/3935/3935 3937/3937/3937
f 3938/3938/3938 3932/3932/3932 3937/3937/3937
f 3936/3936/3936 3939/3939/3939 3934/3934/3934
f 3939/3939/3939 3935/3935/3935 3934/3934/3934
f 3936/3936/3936 3940/3940/3940 3939/3939/3939
f 3938/3938/3938 3937/3937/3937 3941/3941/3941
f 3937/3937/3937 3935/3935/3935 3941/3941/3941
f 3942/3942/3942 3938/3938/3938 3941/3941/3941
f 3940/3940/3940 3943/3943/3943 3939/3939/3939
f 3943/3943/3943 3935/3935/3935 3939/3939/3939
f 3940/3940/3940 3944/3944/3944 3943/3943/3943
f 3942/3942/3942 3941/3941/3941 3945/3945/3945
f 3941/3941/3941 3935/3935/3935 3945/3945/3945
f 3946/3946/3946 3942/3942/3942 3945/3945/3945
f 3947/3947/3947 3935/3935/3935 3943/3943/3943
f 3944/3944/3944 3947/3947/3947 3943/3943/3943
f 3945/3945/3945 3935/3935/3935 3948/3948/3948
f 3946/3946/3946 3945/3945/3945 3948/3948/3948
f 3949/3949/3949 3935/3935/3935 3947/3947/3947
f 3944/3944/3944 3950/3950/3950 3947/3947/3947
f 3950/3950/3950 3949/3949/3949 3947/3947/3947
f 3951/3951/3951 3946/3946/3946 3948/3948/3948
f 3950/3950/3950 3952/3952/3952 3949/3949/3949
f 3951/3951/3951 3948/3948/3948 3953/3953/3953
f 3948/3948/3948 3935/3935/3935 3953/3953/3953
f 3954/3954/3954 3951/3951/3951 3953/3953/3953
f 3952/3952/3952 3955/3955/3955 3949/3949/3949
f 3955/3955/3955 3935/3935/3935 3949/3949/3949
f 3952/3952/3952 3956/3956/3956 3955/3955/3955
f 3954/3954/3954 3953/3953/3953 3957/3957/3957
f 3953/3953/3953 3935/3935/3935 3957/3957/3957
f 3958/3958/3958 3954/3954/3954 3957/3957/3957
f 3956/3956/3956 3959/3959/3959 3955/3955/3955
f 3959/3959/3959 3935/3935/3935 3955/3955/3955
f 3956/3956/3956 3960/3960/3960 3959/3959/3959
f 3958/3958/3958 3957/3957/3957 3961/3961/3961
f 3957/3957/3957 3935/3935/3935 3961/3961/3961
f 3962/3962/3962 3958/3958/3958 3961/3961/3961
f 3963/3963/3963 3935/3935/3935 3959/3959/3959
f 3960/3960/3960 3963/3963/3963 3959/3959/3959
f 3961/3961/3961 3935/3935/3935 3964/3964/3964
f 3962/3962/3962 3961/3961/3961 3964/3964/3964
f 3965/3965/3965 3935/3935/3935 3963/3963/3963
f 3960/3960/3960 3966/3966/3966 3963/3963/3963
f 3966/3966/3966 3965/3965/3965 3963/3963/3963
f 3967/3967/3967 3962/3962/3962 3964/3964/3964
f 3966/3966/3966 3968/3968/3968 3965/3965/3965
f 3967/3967/3967 3964/3964/3964 3969/3969/3969
f 3964/3964/3964 3935/3935/3935 3969/3969/3969
f 3970/3970/3970 3967/3967/3967 3969/3969/3969
f 3968/3968/3968 3971/3971/3971 3965/3965/3965
f 3971/3971/3971 3935/3935/3935 3965/3965/3965
f 3968/3968/3968 3972/3972/3972 3971/3971/3971
f 3970/3970/3970 3969/3969/3969 3973/3973/3973
f 3969/3969/3969 3935/3935/3935 3973/3973/3973
f 3974/3974/3974 3970/3970/3970 3973/3973/3973
f 3972/3972/3972 3975/3975/3975 3971/3971/3971
f 3975/3975/3975 3935/3935/3935 3971/3971/3971
f 3972/3972/3972 3976/3976/3976 3975/3975/3975
f 3974/3974/3974 3973/3973/3973 3977/3977/3977
f 3973/3973/3973 3935/3935/3935 3977/3977/3977
f 3978/3978/3978 3974/3974/3974 3977/3977/3977
f 3979/3979/3979 3935/3935/3935 3975/3975/3975
f 3976/3976/3976 3979/3979/3979 3975/3975/3975
f 3977/3977/3977 3935/3935/3935 3979/3979/3979
f 3978/3978/3978 3977/3977/3977 3979/3979/3979
f 3976/3976/3976 3978/3978/3978 3979/3979/3979
