mtllib pearl_alt.mtl
g whiteAlt
usemtl token
v 0.03 1.33 0.061
v 0.025 1.324 0.057
v 0.027 1.327 0.056
v 0.092 1.274 -0.046
v 0.123 1.273 -0.042
v 0.113 1.277 -0.045
v 0.057 0.128 -0.098
v 0.131 0.129 -0.178
v 0.126 0.12 -0.179
v -0.201 0.125 -0.095
v -0.207 0.111 -0.088
v -0.135 0.109 -0.076
v 0.183 0.891 -0.11
v 0.163 0.891 -0.148
v 0.157 0.892 -0.139
v -0.005 1.729 -0.111
v -0.018 1.702 -0.152
v -0.006 1.714 -0.104
v -0.131 0.115 0.073
v -0.159 0.108 0.066
v -0.247 0.116 0.064
v 0.142 0.118 -0.173
v 0.136 0.129 -0.175
v 0.072 0.115 -0.089
v 0.099 0.136 -0.192
v 0.074 0.123 -0.192
v 0.088 0.122 -0.192
v 0.126 0.124 -0.055
v 0.09 0.14 -0.079
v 0.129 0.135 -0.055
v 0.124 1.313 -0.014
v 0.127 1.315 -0.035
v 0.136 1.312 -0.028
v 0.09 0.167 -0.085
v 0.126 0.154 -0.065
v 0.144 0.145 -0.048
v -0.123 0.208 -0.094
v -0.134 0.213 -0.101
v -0.125 0.169 -0.094
v 0.244 0.117 -0.105
v 0.167 0.115 -0.019
v 0.247 0.108 -0.103
v 0.067 1.319 0.025
v 0.065 1.29 0.026
v 0.057 1.29 0.026
v 0.183 0.891 -0.11
v 0.157 0.892 -0.139
v 0.171 0.894 -0.122
v 0.066 0.303 -0.153
v 0.055 0.304 -0.138
v 0.051 0.3 -0.14
v -0.132 1.606 -0.104
v -0.125 1.582 -0.102
v -0.125 1.587 -0.132
v 0.09 0.167 -0.085
v 0.053 0.177 -0.119
v 0.07 0.193 -0.096
v -0.041 1.596 -0.005
v -0.021 1.61 0.004
v -0.021 1.603 0.013
v -0.134 0.15 0.016
v -0.122 0.16 -0.018
v -0.133 0.144 0.036
v -0.127 1.617 -0.078
v -0.12 1.596 -0.072
v -0.136 1.616 -0.081
v 0.014 1.297 0.028
v 0.012 1.283 0.035
v -0.013 1.283 0.047
v -0.008 0.9 -0.13
v -0.014 0.916 -0.148
v -0.025 0.914 -0.137
v 0.01 1.32 0.039
v -0.017 1.327 0.031
v -0.003 1.311 0.031
v 0.064 0.172 -0.102
v 0.053 0.177 -0.119
v 0.09 0.167 -0.085
v 0.2 0.136 -0.132
v 0.153 0.154 -0.16
v 0.225 0.131 -0.12
v 0.2 0.136 -0.132
v 0.225 0.131 -0.12
v 0.242 0.133 -0.104
v -0.114 0.378 -0.025
v -0.12 0.358 -0.027
v -0.132 0.38 -0.015
v 0 0.885 0.039
v -0.028 0.872 0.056
v -0.015 0.87 0.052
v -0.138 1.608 -0.097
v -0.131 1.583 -0.092
v -0.146 1.606 -0.098
v -0.136 1.616 -0.081
v -0.138 1.608 -0.097
v -0.146 1.606 -0.098
v 0.136 1.305 -0.041
v 0.127 1.315 -0.035
v 0.126 1.304 -0.046
v -0.138 0.144 0.091
v -0.138 0.143 0.054
v -0.133 0.144 0.036
v -0.214 0.12 -0.062
v -0.17 0.11 -0.064
v -0.213 0.112 -0.065
v 0.013 1.628 -0.146
v 0.018 1.634 -0.134
v 0.019 1.629 -0.15
v 0.138 0.892 -0.169
v 0.123 0.912 -0.177
v 0.105 0.887 -0.187
v -0.164 0.303 -0.028
v -0.168 0.294 -0.045
v -0.162 0.294 -0.033
v 0.096 1.282 -0.012
v 0.11 1.282 -0.03
v 0.095 1.294 -0.031
v 0.398 0 0.014
v 0.367 0.085 -0.085
v 0.388 0 -0.09
v 0.377 0.085 0.013
v 0.381 0 0.117
v 0.367 0.1 0.013
v 0.358 0.1 -0.083
v 0.351 0.1 0.107
v 0.361 0.085 0.11
v 0.338 0 0.211
v 0.312 0.1 0.195
v 0.32 0.085 0.2
v 0.272 0 0.292
v 0.251 0.1 0.269
v 0.257 0.085 0.276
v 0.187 0 0.352
v 0.173 0.1 0.324
v 0.177 0.085 0.333
v 0.09 0 0.388
v 0.083 0.1 0.358
v 0.085 0.085 0.367
v -0.014 0 0.398
v -0.013 0.1 0.367
v -0.013 0.085 0.377
v -0.117 0 0.381
v -0.107 0.1 0.351
v -0.11 0.085 0.361
v -0.211 0 0.338
v -0.195 0.1 0.312
v -0.2 0.085 0.32
v -0.292 0 0.272
v -0.269 0.1 0.251
v -0.276 0.085 0.257
v -0.352 0 0.187
v -0.324 0.1 0.173
v -0.333 0.085 0.177
v -0.388 0 0.09
v -0.358 0.1 0.083
v -0.367 0.085 0.085
v -0.398 0 -0.014
v -0.367 0.1 -0.013
v -0.377 0.085 -0.013
v -0.381 0 -0.117
v -0.351 0.1 -0.107
v -0.361 0.085 -0.11
v -0.338 0 -0.211
v -0.312 0.1 -0.195
v -0.32 0.085 -0.2
v -0.272 0 -0.292
v -0.251 0.1 -0.269
v -0.257 0.085 -0.276
v -0.187 0 -0.352
v -0.173 0.1 -0.324
v -0.177 0.085 -0.333
v -0.09 0 -0.388
v -0.083 0.1 -0.358
v -0.085 0.085 -0.367
v 0.014 0 -0.398
v 0.013 0.1 -0.367
v 0.013 0.085 -0.377
v 0.117 0 -0.381
v 0.107 0.1 -0.351
v 0.11 0.085 -0.361
v 0.211 0 -0.338
v 0.195 0.1 -0.312
v 0.2 0.085 -0.32
v 0.292 0 -0.272
v 0.269 0.1 -0.251
v 0.276 0.085 -0.257
v 0.352 0 -0.187
v 0.324 0.1 -0.173
v 0.333 0.085 -0.177
v 0.388 0 -0.09
v 0.358 0.1 -0.083
v 0.367 0.085 -0.085
v 0.009 1.292 0.12
v 0.001 1.302 0.109
v 0.043 1.288 0.092
v 0.028 1.297 0.091
v 0.058 1.284 0.079
v 0.001 1.302 0.109
v 0.047 1.298 0.093
v 0.028 1.297 0.091
v 0.058 1.284 0.079
v 0.089 1.29 0.073
v 0.085 1.269 0.061
v 0.051 1.282 0.067
v 0.074 1.27 0.05
v 0.005 1.299 0.058
v 0.032 1.301 0.055
v 0.019 1.307 0.06
v 0.021 1.32 0.053
v 0.035 1.308 0.047
v 0.04 1.292 0.051
v 0.039 1.318 0.047
v 0.065 1.29 0.026
v 0.067 1.307 0.026
v 0.009 1.303 0.044
v 0.019 1.307 0.06
v 0.021 1.32 0.053
v 0.01 1.32 0.039
v 0.024 1.334 0.064
v -0.003 1.311 0.031
v 0.005 1.299 0.058
v 0.019 1.307 0.06
v 0.009 1.303 0.044
v -0.005 1.299 0.04
v -0.003 1.311 0.031
v 0.059 1.289 0.017
v 0.025 1.288 0.041
v 0.058 1.287 0.01
v 0.04 1.292 0.051
v 0.057 1.29 0.026
v 0.065 1.29 0.026
v -0.097 1.264 0.037
v -0.119 1.259 0.015
v -0.118 1.277 0.022
v -0.135 1.272 -0.002
v -0.128 1.29 0.01
v -0.142 1.304 -0.018
v -0.158 1.288 -0.029
v -0.157 1.258 -0.026
v -0.143 1.312 -0.027
v -0.168 1.253 -0.045
v -0.172 1.287 -0.044
v 0.067 1.319 0.025
v 0.057 1.29 0.026
v 0.06 1.303 0.018
v 0.059 1.289 0.017
v 0.075 1.302 0.008
v 0.076 1.31 -0.023
v 0.066 1.298 -0.016
v 0.058 1.287 0.01
v 0.079 1.308 -0.04
v 0.058 1.28 -0.004
v 0.097 1.323 -0.052
v 0.1 1.326 -0.039
v 0.093 1.304 -0.056
v 0.103 1.319 -0.058
v 0.099 1.304 -0.062
v 0.056 1.275 0.003
v 0.059 1.266 -0.001
v 0.063 1.259 0.006
v 0.043 1.259 0.024
v 0.019 1.261 0.041
v 0.019 1.279 0.038
v 0.025 1.288 0.041
v 0.106 0.887 0.002
v 0.096 0.895 0.005
v 0.073 0.883 0.017
v 0.059 0.889 0.023
v -0.015 0.87 0.052
v -0.014 0.861 0.051
v -0.042 0.862 0.067
v -0.035 0.874 0.061
v 0.081 0.894 0.009
v 0.096 0.895 0.005
v 0.07 0.908 0.008
v 0.042 0.891 0.025
v 0.036 0.92 0.017
v 0 0.885 0.039
v 0.076 1.31 -0.023
v 0.1 1.326 -0.039
v 0.075 1.302 0.008
v 0.098 1.31 -0.001
v 0.106 1.323 -0.033
v 0.111 1.325 -0.052
v 0.097 1.323 -0.052
v 0.103 1.319 -0.058
v 0.114 1.321 -0.046
v 0.118 1.32 -0.052
v 0.125 1.31 -0.05
v 0.123 1.323 -0.041
v 0.117 1.324 -0.028
v 0.124 1.313 -0.014
v 0.067 1.319 0.025
v 0.076 1.326 0.036
v 0.136 1.321 -0.002
v 0.143 1.322 0.007
v 0.085 1.328 0.041
v 0.089 1.32 0.059
v 0.152 1.318 0.02
v 0.094 1.323 0.058
v 0.096 1.308 0.075
v 0.161 1.304 0.035
v 0.157 0.92 -0.011
v 0.171 0.888 -0.024
v 0.15 0.886 -0.007
v 0.168 0.923 -0.02
v 0.142 0.933 -0.006
v 0.182 0.89 -0.038
v 0.175 0.941 -0.038
v 0.131 0.985 -0.005
v 0.183 0.918 -0.056
v 0.187 0.891 -0.054
v 0.189 0.89 -0.087
v 0.186 0.926 -0.096
v 0.183 0.891 -0.11
v 0.183 0.946 -0.057
v 0.168 0.986 -0.038
v 0.176 0.925 -0.124
v 0.163 0.891 -0.148
v 0.161 0.933 -0.147
v 0.174 0.942 -0.122
v 0.156 0.982 -0.142
v 0.185 0.945 -0.079
v 0.177 0.987 -0.059
v 0.178 0.987 -0.081
v 0.168 0.985 -0.121
v 0.161 1.034 -0.059
v 0.155 1.026 -0.118
v 0.145 1.024 -0.136
v 0.163 1.034 -0.082
v 0.137 1.068 -0.113
v 0.128 1.066 -0.13
v 0.147 1.073 -0.082
v 0.111 1.112 -0.108
v 0.103 1.107 -0.124
v 0.151 1.03 -0.036
v 0.145 1.076 -0.061
v 0.12 1.116 -0.081
v 0.094 1.133 -0.122
v 0.11 1.141 -0.067
v 0.102 1.146 -0.084
v 0.084 1.147 -0.121
v 0.126 1.1 -0.044
v 0.082 1.123 -0.142
v 0.109 1.081 -0.137
v 0.111 1.049 -0.154
v 0.073 1.097 -0.162
v 0.085 1.057 -0.174
v 0.131 0.979 -0.165
v 0.101 0.976 -0.19
v 0.136 0.938 -0.166
v 0.058 1.129 -0.158
v 0.107 0.926 -0.19
v 0.068 1.155 -0.145
v 0.038 1.181 -0.164
v 0.123 0.912 -0.177
v 0.105 0.887 -0.187
v 0.138 0.892 -0.169
v 0.152 0.893 -0.156
v 0.078 1.164 -0.126
v 0.082 1.187 -0.13
v 0.065 1.186 -0.148
v 0.086 1.166 -0.096
v 0.06 1.208 -0.156
v 0.034 1.203 -0.174
v 0.062 1.241 -0.176
v 0.037 1.226 -0.188
v 0.037 1.246 -0.207
v 0.087 1.189 -0.104
v 0.094 1.169 -0.063
v 0.061 1.261 -0.189
v 0.043 1.274 -0.216
v 0.09 1.19 -0.077
v 0.081 1.213 -0.081
v 0.086 1.199 -0.035
v 0.08 1.199 -0.126
v 0.072 1.206 -0.122
v 0.079 1.211 -0.139
v 0.076 1.229 -0.125
v 0.077 1.232 -0.144
v 0.064 1.28 -0.193
v 0.059 1.29 -0.208
v 0.045 1.29 -0.227
v 0.069 1.281 -0.171
v 0.071 1.26 -0.167
v 0.085 1.276 -0.135
v 0.073 1.287 -0.152
v 0.089 1.287 -0.136
v 0.092 1.287 -0.124
v 0.094 1.288 -0.092
v 0.085 1.259 -0.084
v 0.098 1.292 -0.065
v 0.1 1.299 -0.089
v 0.096 1.287 -0.055
v 0.092 1.274 -0.046
v 0.078 1.248 -0.152
v 0.081 1.252 -0.136
v 0.081 1.242 -0.112
v 0.086 1.251 -0.051
v 0.084 1.233 -0.05
v 0.084 1.267 -0.036
v 0.084 1.234 -0.079
v 0.069 1.242 -0.016
v 0.068 1.264 -0.015
v 0.059 1.266 -0.001
v 0.082 1.216 -0.048
v 0.063 1.233 -0.001
v 0.06 1.25 -0.002
v 0.061 1.215 -0.003
v 0.074 1.195 -0.009
v 0.031 1.262 0.021
v 0.058 1.28 -0.004
v 0.049 1.228 0.012
v 0.09 1.169 -0.028
v 0.037 1.297 0.007
v 0.066 1.298 -0.016
v 0.028 1.23 0.03
v 0.096 1.158 -0.042
v 0.108 1.144 -0.043
v 0.098 1.14 -0.015
v 0.084 1.163 -0.014
v 0.012 1.283 0.035
v 0.014 1.238 0.042
v 0.015 1.22 0.041
v 0.014 1.297 0.028
v 0.039 1.225 0.028
v 0.044 1.205 0.025
v 0.02 1.168 0.04
v 0.065 1.196 0.005
v 0.046 1.161 0.025
v 0.026 1.136 0.04
v 0.066 1.171 0.006
v 0.077 1.137 0.008
v 0.057 1.113 0.031
v 0.106 1.119 -0.012
v 0.088 1.122 0.007
v 0.123 1.071 -0.023
v 0.119 1.053 -0.012
v 0.082 1.075 0.017
v 0.06 1.06 0.036
v 0.103 1.048 0.003
v 0.063 1.023 0.037
v 0.041 1.028 0.05
v 0.041 0.979 0.044
v 0.085 1.033 0.017
v 0.081 0.994 0.024
v 0.096 0.985 0.018
v 0.114 0.938 0.006
v 0.074 0.941 0.032
v 0.099 0.912 0.023
v 0.127 0.917 0.004
v 0.116 0.884 0.009
v -0.153 0.303 -0.024
v -0.135 0.29 -0.03
v -0.151 0.301 -0.021
v -0.164 0.303 -0.028
v -0.167 0.3 -0.026
v -0.162 0.351 -0.033
v -0.151 0.292 -0.029
v -0.162 0.294 -0.033
v -0.148 0.347 -0.028
v -0.132 0.345 -0.032
v -0.136 0.289 -0.033
v 0.124 1.313 -0.014
v 0.117 1.324 -0.028
v 0.127 1.315 -0.035
v 0.123 1.323 -0.041
v 0.125 1.31 -0.05
v 0.126 1.304 -0.046
v 0.091 1.284 -0.032
v 0.095 1.272 -0.031
v 0.089 1.269 -0.019
v 0.095 1.294 -0.031
v 0.081 1.27 -0.013
v 0.096 1.282 -0.012
v 0.075 1.263 0.002
v 0.116 1.27 -0.033
v 0.095 1.272 -0.031
v 0.11 1.282 -0.03
v 0.091 1.284 -0.032
v 0.095 1.294 -0.031
v -0.143 1.312 -0.027
v -0.172 1.287 -0.044
v -0.178 1.299 -0.041
v -0.199 1.294 -0.054
v -0.194 1.284 -0.064
v 0.133 1.241 -0.024
v 0.148 1.234 -0.033
v 0.129 1.25 -0.053
v 0.142 1.24 -0.018
v 0.167 1.226 -0.01
v 0.118 1.244 -0.007
v 0.176 1.229 -0.031
v 0.151 1.236 -0.062
v 0.141 1.238 -0.055
v 0.184 1.232 -0.042
v 0.196 1.227 -0.013
v 0.197 1.24 -0.044
v 0.185 1.245 -0.069
v 0.193 1.229 -0.002
v 0.157 1.24 -0.079
v 0.138 1.246 -0.076
v 0.169 1.249 -0.098
v 0.138 1.242 -0.101
v 0.118 1.255 -0.093
v 0.107 1.259 -0.112
v 0.119 1.251 -0.123
v 0.148 1.248 -0.123
v 0.164 1.267 -0.138
v 0.183 1.262 -0.107
v 0.145 1.274 -0.161
v 0.105 1.27 -0.184
v 0.082 1.274 -0.198
v 0.126 1.274 -0.172
v 0.101 1.296 -0.207
v 0.09 1.278 -0.207
v 0.081 1.287 -0.217
v 0.071 1.282 -0.218
v 0.056 1.296 -0.232
v -0.173 0.292 -0.039
v -0.173 0.298 -0.058
v -0.168 0.294 -0.045
v -0.166 0.3 -0.072
v -0.169 0.3 -0.074
v -0.16 0.297 -0.088
v -0.154 0.299 -0.083
v -0.141 0.295 -0.09
v -0.141 0.291 -0.094
v -0.121 0.291 -0.086
v -0.124 0.294 -0.083
v -0.111 0.295 -0.066
v -0.119 0.293 -0.065
v -0.126 0.294 -0.037
v -0.124 0.293 -0.048
v -0.135 0.29 -0.03
v -0.136 0.289 -0.033
v -0.151 0.292 -0.029
v 0.136 1.312 -0.028
v 0.127 1.315 -0.035
v 0.136 1.305 -0.041
v 0.137 1.305 -0.033
v 0.137 1.303 -0.028
v 0.133 1.307 -0.018
v 0.126 1.308 -0.011
v 0.124 1.313 -0.014
v 0.141 1.32 0.003
v 0.136 1.321 -0.002
v -0.06 1.482 -0.052
v -0.075 1.502 -0.055
v -0.063 1.497 -0.047
v -0.064 1.512 -0.045
v -0.087 1.522 -0.068
v -0.09 1.494 -0.076
v -0.071 1.483 -0.058
v -0.09 1.466 -0.066
v -0.103 1.471 -0.082
v -0.106 1.495 -0.103
v -0.106 1.522 -0.105
v -0.113 1.474 -0.101
v -0.108 1.522 -0.12
v -0.109 1.49 -0.114
v -0.109 1.475 -0.131
v -0.123 1.464 -0.095
v -0.136 1.449 -0.128
v -0.148 1.45 -0.076
v -0.104 1.498 -0.135
v -0.102 1.521 -0.143
v -0.093 1.508 -0.151
v -0.077 1.521 -0.163
v -0.075 1.492 -0.167
v -0.096 1.482 -0.15
v -0.116 1.456 -0.146
v -0.091 1.451 -0.178
v -0.126 1.444 -0.147
v -0.124 1.415 -0.16
v -0.097 1.429 -0.18
v -0.094 1.406 -0.182
v -0.14 1.418 -0.144
v -0.174 1.381 -0.128
v -0.142 1.397 -0.153
v -0.161 1.426 -0.113
v -0.199 1.408 -0.079
v -0.202 1.426 -0.039
v -0.208 1.416 -0.052
v -0.224 1.411 -0.02
v -0.233 1.398 -0.035
v -0.242 1.379 -0.03
v -0.227 1.402 -0.007
v -0.21 1.412 0.003
v -0.218 1.382 0.018
v -0.205 1.392 0.026
v -0.191 1.37 0.061
v -0.15 1.369 -0.153
v -0.122 1.375 -0.167
v -0.097 1.376 -0.18
v -0.05 1.394 -0.21
v -0.058 1.36 -0.208
v -0.097 1.328 -0.181
v -0.063 1.319 -0.204
v -0.063 1.288 -0.199
v -0.139 1.333 -0.16
v -0.092 1.275 -0.179
v -0.059 1.263 -0.195
v -0.092 1.236 -0.174
v -0.179 1.356 -0.137
v -0.179 1.331 -0.137
v -0.208 1.335 -0.105
v -0.205 1.374 -0.092
v -0.134 1.281 -0.159
v -0.124 1.244 -0.156
v -0.222 1.383 -0.057
v -0.238 1.35 -0.044
v -0.212 1.358 -0.085
v -0.114 1.208 -0.151
v -0.085 1.196 -0.166
v -0.069 1.167 -0.164
v -0.22 1.339 -0.067
v -0.218 1.318 -0.058
v -0.227 1.334 -0.019
v -0.094 1.16 -0.145
v -0.057 1.115 -0.159
v -0.233 1.363 -0.009
v -0.218 1.324 -0.002
v -0.209 1.301 -0.025
v -0.224 1.353 0.004
v -0.209 1.334 0.037
v -0.203 1.356 0.052
v -0.177 1.337 0.081
v -0.105 1.314 0.142
v -0.195 1.335 0.059
v -0.185 1.315 0.073
v -0.203 1.305 0.034
v -0.164 1.298 0.099
v -0.11 1.298 0.15
v -0.122 1.273 0.144
v -0.183 1.29 0.072
v -0.155 1.268 0.108
v -0.166 1.257 0.062
v -0.175 1.266 0.036
v -0.145 1.245 0.1
v -0.2 1.293 0.005
v -0.207 1.294 -0.018
v -0.107 1.245 0.156
v -0.105 1.231 0.148
v -0.198 1.287 -0.039
v -0.189 1.283 -0.009
v -0.198 1.295 -0.044
v -0.199 1.294 -0.054
v -0.206 1.315 -0.084
v -0.194 1.284 -0.064
v -0.098 1.26 0.163
v -0.096 1.293 0.157
v -0.088 1.243 0.17
v -0.091 1.228 0.161
v -0.203 1.31 -0.108
v -0.19 1.277 -0.093
v -0.163 1.281 -0.141
v -0.179 1.267 -0.119
v -0.152 1.254 -0.139
v -0.147 1.231 -0.133
v -0.162 1.238 -0.12
v -0.165 1.23 -0.103
v -0.125 1.18 -0.122
v -0.188 1.263 -0.093
v -0.189 1.268 -0.082
v -0.177 1.247 -0.088
v -0.18 1.275 -0.058
v -0.172 1.287 -0.044
v -0.168 1.253 -0.045
v -0.182 1.259 -0.068
v -0.172 1.232 -0.072
v -0.172 1.239 -0.059
v -0.157 1.236 -0.024
v -0.157 1.258 -0.026
v -0.138 1.17 -0.069
v -0.155 1.201 -0.057
v -0.142 1.172 -0.049
v -0.151 1.205 -0.022
v -0.146 1.238 -0.013
v -0.133 1.172 -0.096
v -0.146 1.254 -0.009
v -0.135 1.272 -0.002
v -0.119 1.259 0.015
v -0.113 1.232 0.022
v -0.08 1.248 0.045
v -0.097 1.264 0.037
v -0.084 1.22 0.043
v -0.117 1.201 0.008
v -0.098 1.201 0.027
v -0.08 1.202 0.044
v -0.067 1.157 0.031
v -0.094 1.179 0.022
v -0.122 1.177 -0.012
v -0.107 1.168 0.003
v -0.133 1.147 -0.022
v -0.138 1.174 -0.024
v -0.091 1.155 0.011
v -0.095 1.137 0.019
v -0.077 1.136 0.036
v -0.078 1.124 0.036
v -0.112 1.145 -0.004
v -0.137 1.145 -0.049
v -0.126 1.149 -0.094
v -0.119 1.148 -0.112
v -0.109 1.147 -0.126
v -0.098 1.126 -0.133
v -0.099 1.072 -0.134
v -0.053 1.085 -0.161
v -0.117 1.127 -0.11
v -0.116 1.102 -0.115
v -0.124 1.082 -0.098
v -0.133 1.118 -0.072
v -0.086 1.044 -0.147
v -0.107 0.998 -0.144
v -0.055 1.041 -0.169
v -0.081 0.999 -0.157
v -0.053 0.986 -0.178
v -0.084 0.952 -0.169
v -0.114 1.077 -0.116
v -0.124 1.04 -0.118
v -0.126 1.057 -0.101
v -0.134 1.077 -0.07
v -0.117 0.954 -0.151
v -0.104 0.903 -0.16
v -0.139 1.044 -0.067
v -0.137 1.099 -0.049
v -0.138 1.079 -0.049
v -0.135 1.128 -0.051
v -0.128 1.126 -0.027
v -0.127 1.109 -0.022
v -0.116 1.13 -0.013
v -0.11 1.114 0.012
v -0.096 1.12 0.028
v -0.132 1.09 -0.021
v -0.112 1.095 0.016
v -0.096 1.071 0.039
v -0.121 1.048 0.03
v -0.123 1.098 -0.003
v -0.133 1.047 0.012
v -0.139 1.009 0.019
v -0.125 1.011 0.037
v -0.137 0.968 0.046
v -0.143 1.043 -0.013
v -0.149 1.034 -0.044
v -0.147 0.97 0.03
v -0.14 0.933 0.052
v -0.148 1.014 -0.006
v -0.162 0.968 -0.002
v -0.174 0.914 0.002
v -0.142 0.916 0.055
v -0.121 0.919 0.069
v -0.139 0.885 0.061
v -0.155 0.915 0.038
v -0.159 0.885 0.037
v -0.173 0.883 0.008
v -0.175 0.885 -0.02
v -0.172 0.907 -0.05
v -0.174 0.885 -0.039
v -0.17 0.883 -0.053
v -0.158 0.879 -0.087
v -0.17 0.93 -0.035
v -0.161 0.911 -0.095
v -0.163 0.967 -0.067
v -0.165 0.967 -0.041
v -0.152 1.008 -0.043
v -0.15 1.009 -0.069
v -0.135 1.024 -0.099
v -0.155 0.964 -0.101
v -0.129 1.003 -0.12
v -0.142 0.959 -0.127
v -0.146 0.922 -0.124
v -0.152 0.906 -0.114
v -0.146 0.878 -0.11
v -0.131 0.907 -0.142
v -0.117 0.876 -0.14
v -0.118 0.917 -0.151
v -0.122 1.635 -0.052
v -0.122 1.645 -0.058
v -0.129 1.646 -0.07
v -0.117 1.652 -0.051
v -0.108 1.624 -0.031
v -0.093 1.623 -0.015
v -0.102 1.656 -0.025
v -0.103 1.659 -0.011
v -0.113 1.67 -0.049
v -0.097 1.677 -0.022
v -0.081 1.696 -0.022
v -0.103 1.68 -0.008
v -0.081 1.703 -0.02
v -0.074 1.707 -0.013
v -0.096 1.695 -0.004
v -0.066 1.713 -0.01
v 0.101 1.334 -0.067
v 0.099 1.304 -0.062
v 0.1 1.324 -0.072
v 0.1 1.345 -0.098
v 0.097 1.334 -0.1
v 0.087 1.356 -0.112
v 0.108 1.352 -0.086
v 0.119 1.359 -0.08
v 0.107 1.364 -0.099
v 0.094 1.365 -0.11
v 0.099 1.379 -0.118
v 0.089 1.385 -0.134
v -0.015 1.452 -0.077
v -0.022 1.467 -0.079
v -0.011 1.466 -0.088
v -0.014 1.483 -0.088
v -0.024 1.485 -0.079
v -0.014 1.499 -0.094
v -0.021 1.517 -0.072
v -0.013 1.515 -0.089
v -0.009 1.519 -0.099
v -0.029 1.516 -0.065
v -0.038 1.47 -0.073
v -0.005 1.537 -0.077
v -0.023 1.524 -0.053
v 0.001 1.552 -0.108
v -0.005 1.523 -0.125
v 0.014 1.555 -0.059
v -0.004 1.532 -0.034
v -0.004 1.552 -0.131
v -0.012 1.523 -0.142
v 0.003 1.541 -0.028
v -0.016 1.527 -0.012
v -0.014 1.539 -0.003
v -0.005 1.558 -0.015
v 0.003 1.577 -0.025
v -0.011 1.568 -0.005
v -0.026 1.561 0
v -0.01 1.578 -0.004
v -0.014 1.557 -0.149
v -0.028 1.524 -0.153
v 0.013 1.567 -0.042
v -0.006 1.595 -0.015
v -0.015 1.592 -0.004
v -0.008 1.599 0.004
v -0.015 1.594 0.01
v -0.021 1.603 0.013
v -0.021 1.61 0.004
v -0.011 1.606 -0.014
v 0.009 1.601 -0.023
v -0.013 1.615 -0.017
v -0.028 1.628 -0.01
v 0.001 1.612 -0.024
v 0.015 1.621 -0.041
v 0.017 1.596 -0.031
v 0.023 1.614 -0.058
v 0.02 1.633 -0.073
v 0.006 1.628 -0.04
v 0.023 1.593 -0.055
v 0.024 1.613 -0.084
v 0.018 1.569 -0.07
v 0.016 1.57 -0.088
v 0.005 1.566 -0.111
v 0.012 1.589 -0.107
v 0.013 1.598 -0.121
v 0.015 1.62 -0.12
v 0.005 1.581 -0.117
v 0.013 1.634 -0.125
v 0 1.58 -0.136
v 0.002 1.6 -0.147
v 0.015 1.65 -0.114
v 0.009 1.637 -0.139
v -0.016 1.597 -0.17
v -0.031 1.581 -0.174
v -0.034 1.604 -0.184
v 0.004 1.624 -0.15
v -0.025 1.637 -0.181
v -0.008 1.626 -0.165
v -0.003 1.654 -0.156
v 0.001 1.668 -0.163
v 0.007 1.663 -0.134
v -0.026 1.639 -0.192
v -0.05 1.622 -0.192
v -0.065 1.609 -0.196
v -0.079 1.592 -0.185
v -0.034 1.657 -0.203
v -0.004 1.682 -0.168
v -0.031 1.675 -0.192
v 0.009 1.696 -0.132
v -0.005 1.692 -0.16
v -0.002 1.708 -0.129
v 0.011 1.679 -0.134
v 0.005 1.705 -0.107
v -0.006 1.714 -0.104
v 0.006 1.701 -0.086
v 0.012 1.685 -0.102
v 0.01 1.681 -0.103
v 0.013 1.661 -0.075
v -0.006 1.714 -0.084
v -0.005 1.729 -0.111
v 0.006 1.689 -0.085
v 0.015 1.651 -0.056
v 0.001 1.677 -0.051
v -0.007 1.701 -0.058
v 0.008 1.636 -0.048
v -0.013 1.709 -0.061
v -0.016 1.693 -0.038
v 0.007 1.659 -0.039
v -0.003 1.642 -0.036
v -0.005 1.626 -0.032
v -0.005 1.654 -0.026
v -0.032 1.689 -0.024
v -0.026 1.666 -0.018
v -0.024 1.704 -0.042
v -0.01 1.718 -0.059
v -0.02 1.719 -0.04
v -0.044 1.702 -0.031
v -0.016 1.732 -0.045
v -0.002 1.73 -0.085
v -0.009 1.743 -0.089
v -0.034 1.748 -0.045
v -0.022 1.751 -0.087
v -0.02 1.737 -0.134
v -0.014 1.726 -0.14
v -0.036 1.725 -0.167
v -0.018 1.702 -0.152
v -0.03 1.713 -0.172
v -0.036 1.695 -0.181
v -0.054 1.693 -0.198
v -0.03 1.693 -0.171
v -0.056 1.671 -0.199
v 0.006 1.489 -0.085
v -0.013 1.515 -0.089
v 0.012 1.513 -0.079
v -0.014 1.499 -0.094
v -0.014 1.483 -0.088
v -0.011 1.466 -0.088
v -0.002 1.464 -0.087
v -0.015 1.452 -0.077
v 0.111 0.303 -0.1
v 0.101 0.307 -0.094
v 0.113 0.312 -0.098
v 0.094 0.3 -0.095
v 0.114 0.281 -0.098
v 0.096 0.276 -0.095
v 0.079 0.302 -0.097
v 0.12 0.264 -0.093
v 0.081 0.275 -0.097
v 0.105 0.25 -0.088
v 0.131 0.244 -0.092
v 0.092 0.219 -0.084
v 0.067 0.277 -0.106
v 0.116 0.235 -0.081
v 0.12 0.21 -0.067
v 0.112 0.196 -0.067
v 0.143 0.202 -0.059
v 0.148 0.186 -0.049
v 0.129 0.181 -0.057
v 0.17 0.175 -0.029
v 0.103 0.181 -0.07
v 0.118 0.17 -0.065
v 0.111 0.315 -0.099
v 0.113 0.312 -0.098
v 0.101 0.307 -0.094
v 0.1 0.308 -0.097
v 0.094 0.3 -0.095
v 0.092 0.303 -0.098
v 0.079 0.302 -0.097
v 0.105 0.303 -0.104
v 0.113 0.305 -0.114
v 0.118 0.314 -0.112
v 0.114 0.303 -0.126
v 0.12 0.301 -0.125
v 0.109 0.307 -0.142
v 0.097 0.309 -0.15
v 0.099 0.308 -0.154
v 0.083 0.305 -0.161
v 0.081 0.307 -0.154
v 0.066 0.303 -0.153
v 0.064 0.299 -0.156
v 0.084 0.303 -0.099
v 0.09 0.303 -0.102
v 0.072 0.305 -0.107
v 0.056 0.306 -0.113
v 0.06 0.304 -0.12
v 0.051 0.304 -0.122
v 0.055 0.304 -0.138
v 0.079 0.302 -0.097
v 0.081 0.275 -0.097
v 0.067 0.277 -0.106
v 0.056 0.306 -0.113
v 0.054 0.254 -0.117
v 0.051 0.304 -0.122
v 0.051 0.3 -0.14
v 0.055 0.304 -0.138
v 0.049 0.212 -0.116
v 0.07 0.193 -0.096
v 0.092 0.219 -0.084
v 0.103 0.181 -0.07
v 0.112 0.196 -0.067
v 0.09 0.167 -0.085
v 0.126 0.154 -0.065
v 0.118 0.17 -0.065
v 0.152 0.159 -0.038
v 0.129 0.181 -0.057
v 0.17 0.175 -0.029
v 0.144 0.145 -0.048
v 0.185 0.144 -0.016
v 0.054 0.191 -0.112
v 0.046 0.18 -0.139
v 0.053 0.177 -0.119
v 0.046 0.159 -0.112
v 0.064 0.172 -0.102
v 0.066 0.155 -0.094
v 0.047 0.217 -0.138
v 0.047 0.227 -0.126
v 0.051 0.223 -0.149
v 0.054 0.258 -0.142
v 0.07 0.262 -0.159
v 0.064 0.299 -0.156
v 0.066 0.303 -0.153
v 0.065 0.229 -0.165
v 0.065 0.18 -0.174
v 0.049 0.179 -0.156
v 0.037 0.163 -0.138
v 0.044 0.164 -0.161
v 0.062 0.166 -0.18
v 0.061 0.124 -0.187
v 0.041 0.138 -0.165
v 0.038 0.124 -0.162
v 0.034 0.135 -0.148
v 0.034 0.123 -0.137
v 0.034 0.134 -0.129
v 0.037 0.133 -0.121
v 0.047 0.133 -0.106
v 0.041 0.12 -0.114
v 0.057 0.128 -0.098
v 0.064 0.128 -0.093
v 0.054 0.119 -0.103
v 0.098 1.283 -0.112
v 0.092 1.287 -0.124
v 0.094 1.288 -0.092
v 0.1 1.299 -0.089
v 0.103 0.368 -0.106
v 0.105 0.303 -0.104
v 0.081 0.367 -0.101
v 0.09 0.303 -0.102
v 0.074 0.326 -0.106
v 0.067 0.365 -0.105
v 0.072 0.305 -0.107
v 0.109 0.223 -0.167
v 0.12 0.256 -0.147
v 0.104 0.263 -0.158
v 0.109 0.307 -0.142
v 0.099 0.308 -0.154
v 0.127 0.268 -0.125
v 0.12 0.301 -0.125
v 0.136 0.242 -0.13
v 0.133 0.218 -0.154
v 0.125 0.277 -0.107
v 0.153 0.219 -0.13
v 0.15 0.207 -0.147
v 0.184 0.185 -0.126
v 0.173 0.176 -0.138
v 0.19 0.192 -0.11
v 0.212 0.177 -0.11
v 0.18 0.198 -0.095
v 0.213 0.167 -0.114
v 0.155 0.223 -0.1
v 0.163 0.206 -0.079
v 0.131 0.244 -0.092
v 0.136 0.248 -0.105
v 0.12 0.264 -0.093
v 0.114 0.281 -0.098
v 0.118 0.3 -0.112
v 0.111 0.303 -0.1
v 0.12 0.311 -0.111
v 0.113 0.312 -0.098
v 0.118 0.314 -0.112
v 0.111 0.315 -0.099
v 0.131 0.129 -0.178
v 0.108 0.121 -0.191
v 0.126 0.12 -0.179
v 0.112 0.164 -0.183
v 0.099 0.136 -0.192
v 0.082 0.119 -0.156
v 0.098 0.166 -0.188
v 0.074 0.123 -0.192
v 0.153 0.154 -0.16
v 0.078 0.165 -0.188
v 0.061 0.124 -0.187
v 0.062 0.166 -0.18
v 0.08 0.179 -0.18
v 0.065 0.18 -0.174
v 0.099 0.177 -0.18
v 0.146 0.172 -0.154
v 0.162 0.137 -0.159
v 0.136 0.129 -0.175
v 0.142 0.118 -0.173
v 0.156 0.115 -0.164
v 0.17 0.135 -0.154
v 0.202 0.121 -0.137
v 0.225 0.131 -0.12
v 0.087 1.31 -0.228
v 0.101 1.296 -0.207
v 0.093 1.345 -0.24
v 0.132 1.32 -0.192
v 0.123 1.343 -0.203
v 0.106 1.359 -0.229
v 0.101 1.369 -0.243
v 0.106 1.385 -0.23
v 0.136 1.358 -0.181
v 0.167 1.302 -0.15
v 0.172 1.328 -0.142
v 0.124 1.381 -0.191
v 0.156 1.356 -0.139
v 0.197 1.305 -0.093
v 0.191 1.314 -0.077
v 0.2 1.296 -0.047
v 0.104 1.399 -0.21
v 0.099 1.391 -0.237
v 0.086 1.373 -0.249
v 0.08 1.41 -0.231
v 0.092 1.416 -0.199
v 0.109 1.395 -0.187
v 0.115 1.388 -0.163
v 0.1 1.407 -0.176
v 0.144 1.367 -0.14
v 0.153 1.362 -0.117
v 0.103 1.393 -0.151
v 0.132 1.372 -0.131
v 0.096 1.407 -0.159
v 0.079 1.429 -0.166
v 0.067 1.437 -0.177
v 0.05 1.438 -0.136
v 0.04 1.447 -0.145
v 0.028 1.456 -0.126
v 0.075 1.423 -0.133
v 0.08 1.411 -0.119
v 0.049 1.424 -0.104
v 0.079 1.4 -0.111
v 0.089 1.385 -0.134
v 0.014 1.459 -0.096
v 0.045 1.406 -0.076
v 0.083 1.376 -0.099
v 0.06 1.397 -0.082
v 0.088 1.361 -0.103
v 0.087 1.356 -0.112
v 0.092 1.353 -0.08
v 0.097 1.334 -0.1
v 0.1 1.324 -0.072
v 0.074 1.36 -0.077
v 0.085 1.334 -0.063
v 0.078 1.32 -0.045
v 0.099 1.304 -0.062
v 0.093 1.304 -0.056
v 0.079 1.308 -0.04
v 0.036 1.367 -0.052
v 0.066 1.324 -0.034
v 0.033 1.325 -0.009
v 0.026 1.351 -0.028
v 0.003 1.338 0.011
v -0.001 1.353 0.006
v 0.013 1.368 -0.036
v -0.011 1.374 -0.007
v 0.004 1.387 -0.027
v -0.003 1.311 0.031
v -0.017 1.327 0.031
v -0.005 1.299 0.04
v -0.013 1.283 0.047
v 0.005 1.299 0.058
v -0.019 1.388 -0.01
v -0.031 1.358 0.017
v -0.02 1.403 -0.021
v 0.007 1.404 -0.038
v -0.011 1.419 -0.039
v -0.033 1.418 -0.02
v -0.041 1.437 -0.029
v -0.021 1.443 -0.046
v 0.033 1.42 -0.08
v 0.003 1.446 -0.071
v -0.002 1.464 -0.087
v 0.006 1.467 -0.105
v 0.004 1.478 -0.099
v 0.006 1.489 -0.085
v 0.009 1.469 -0.13
v 0.015 1.459 -0.165
v 0.002 1.496 -0.127
v 0.012 1.513 -0.079
v 0.006 1.521 -0.111
v -0.003 1.522 -0.14
v -0.003 1.497 -0.146
v -0.013 1.523 -0.157
v 0.005 1.472 -0.148
v -0.004 1.481 -0.162
v 0.005 1.459 -0.182
v -0.013 1.484 -0.171
v -0.021 1.523 -0.165
v -0.005 1.654 -0.026
v -0.035 1.639 -0.009
v -0.026 1.666 -0.018
v -0.045 1.667 -0.013
v -0.032 1.689 -0.024
v -0.065 1.646 -0.007
v -0.05 1.626 -0.024
v -0.028 1.628 -0.01
v -0.049 1.618 -0.016
v -0.068 1.629 -0.016
v -0.041 1.61 -0.008
v -0.021 1.61 0.004
v -0.041 1.596 -0.005
v -0.069 1.598 -0.007
v -0.073 1.661 -0.014
v -0.086 1.64 -0.016
v -0.103 1.619 -0.033
v -0.091 1.602 -0.018
v -0.066 1.586 -0.005
v -0.058 1.687 -0.019
v -0.084 1.692 -0.029
v -0.067 1.7 -0.029
v -0.044 1.702 -0.031
v -0.024 1.704 -0.042
v -0.016 1.693 -0.038
v -0.049 1.578 -0.005
v -0.031 1.588 -0.001
v -0.039 1.568 -0.005
v -0.026 1.574 0.004
v -0.01 1.578 -0.004
v -0.015 1.592 -0.004
v -0.011 1.568 -0.005
v -0.026 1.561 0
v -0.052 1.541 -0.018
v -0.075 1.571 -0.017
v -0.067 1.545 -0.024
v -0.03 1.555 -0.005
v -0.005 1.558 -0.015
v -0.032 1.535 -0.008
v -0.014 1.539 -0.003
v 0.012 1.513 -0.079
v -0.013 1.515 -0.089
v 0.006 1.521 -0.111
v -0.009 1.519 -0.099
v -0.005 1.523 -0.125
v -0.003 1.522 -0.14
v -0.012 1.523 -0.142
v -0.013 1.523 -0.157
v -0.021 1.523 -0.165
v -0.028 1.524 -0.153
v -0.053 1.522 -0.151
v -0.039 1.522 -0.172
v -0.057 1.521 -0.171
v -0.077 1.521 -0.163
v -0.102 1.521 -0.143
v -0.081 1.521 -0.136
v -0.093 1.521 -0.124
v -0.108 1.522 -0.12
v -0.106 1.522 -0.105
v -0.096 1.524 -0.11
v -0.098 1.523 -0.096
v -0.087 1.522 -0.068
v -0.082 1.521 -0.081
v -0.058 1.514 -0.071
v -0.064 1.512 -0.045
v -0.041 1.378 0.009
v -0.071 1.36 0.029
v -0.098 1.373 0.024
v -0.079 1.346 0.047
v -0.068 1.333 0.055
v -0.057 1.345 0.038
v -0.031 1.358 0.017
v -0.028 1.327 0.037
v -0.017 1.327 0.031
v 0.003 1.338 0.011
v -0.02 1.334 0.038
v -0.047 1.351 0.041
v -0.049 1.355 0.054
v 0.002 1.334 0.047
v 0.01 1.32 0.039
v 0.024 1.334 0.064
v 0.005 1.337 0.057
v -0.047 1.352 0.06
v -0.064 1.342 0.057
v -0.051 1.351 0.075
v 0.029 1.329 0.085
v -0.032 1.345 0.075
v -0.032 1.333 0.093
v -0.051 1.342 0.081
v -0.047 1.337 0.094
v -0.069 1.327 0.084
v -0.043 1.326 0.1
v -0.064 1.317 0.098
v -0.037 1.319 0.11
v 0.033 1.32 0.097
v 0.031 1.313 0.102
v 0.094 1.308 0.065
v 0.09 1.315 0.056
v 0.083 1.32 0.042
v 0.032 1.332 0.073
v 0.03 1.33 0.061
v 0.073 1.318 0.032
v 0.025 1.324 0.057
v 0.027 1.327 0.056
v 0.021 1.32 0.053
v 0.039 1.318 0.047
v 0.067 1.307 0.026
v -0.18 0.218 0.005
v -0.194 0.196 0.028
v -0.198 0.214 -0.02
v -0.188 0.234 -0.031
v -0.172 0.242 -0.014
v -0.181 0.257 -0.037
v -0.167 0.288 -0.031
v -0.173 0.292 -0.039
v -0.167 0.3 -0.026
v -0.164 0.303 -0.028
v -0.168 0.294 -0.045
v -0.173 0.298 -0.058
v -0.179 0.273 -0.061
v -0.169 0.3 -0.074
v -0.197 0.214 -0.054
v -0.176 0.264 -0.077
v -0.16 0.297 -0.088
v -0.164 0.258 -0.091
v -0.172 0.229 -0.095
v -0.189 0.218 -0.079
v -0.182 0.206 -0.095
v -0.168 0.211 -0.103
v -0.174 0.181 -0.102
v -0.188 0.184 -0.091
v -0.208 0.183 -0.045
v -0.188 0.167 -0.087
v -0.163 0.169 -0.106
v -0.206 0.166 -0.046
v -0.208 0.199 -0.036
v -0.208 0.2 -0.021
v -0.21 0.19 0.025
v -0.215 0.172 -0.016
v -0.219 0.177 0.005
v -0.227 0.176 0.041
v -0.218 0.185 0.056
v -0.226 0.147 0.02
v -0.227 0.148 0.007
v -0.231 0.165 0.04
v -0.237 0.146 0.065
v -0.233 0.168 0.076
v -0.22 0.178 0.083
v -0.227 0.149 0.098
v -0.221 0.168 0.098
v -0.2 0.15 0.115
v 0.012 1.283 0.035
v 0.014 1.238 0.042
v 0.019 1.261 0.041
v 0.019 1.279 0.038
v 0.023 1.295 0.041
v 0.025 1.288 0.041
v 0.04 1.292 0.051
v -0.062 0.897 -0.173
v -0.104 0.903 -0.16
v -0.117 0.876 -0.14
v -0.047 0.92 -0.183
v -0.044 0.897 -0.181
v -0.084 0.952 -0.169
v -0.015 0.923 -0.194
v 0.021 0.963 -0.208
v -0.017 0.904 -0.189
v -0.052 0.955 -0.184
v -0.053 0.986 -0.178
v 0.022 0.912 -0.209
v -0.002 0.886 -0.185
v 0.027 0.888 -0.202
v -0.015 0.997 -0.188
v 0.021 0.93 -0.209
v 0.07 0.924 -0.208
v 0.047 0.917 -0.212
v 0.052 0.887 -0.206
v 0.074 0.886 -0.203
v 0.105 0.887 -0.187
v 0.107 0.926 -0.19
v 0.072 0.974 -0.204
v 0.101 0.976 -0.19
v 0.062 1.05 -0.185
v 0.085 1.057 -0.174
v 0.073 1.097 -0.162
v 0.019 1.013 -0.196
v -0.008 1.042 -0.178
v 0.016 1.045 -0.184
v 0.012 1.077 -0.178
v 0.045 1.099 -0.172
v -0.034 1.025 -0.176
v -0.055 1.041 -0.169
v -0.053 1.085 -0.161
v 0.006 1.116 -0.173
v -0.057 1.115 -0.159
v 0.039 1.12 -0.168
v 0.058 1.129 -0.158
v -0.025 1.135 -0.168
v -0.069 1.167 -0.164
v 0.023 1.162 -0.169
v 0.038 1.181 -0.164
v 0.009 1.2 -0.181
v -0.002 1.145 -0.173
v -0.011 1.179 -0.179
v -0.036 1.171 -0.175
v -0.085 1.196 -0.166
v -0.024 1.206 -0.187
v -0.052 1.207 -0.184
v -0.092 1.236 -0.174
v -0.059 1.263 -0.195
v -0.046 1.243 -0.194
v -0.016 1.287 -0.221
v -0.063 1.288 -0.199
v -0.063 1.319 -0.204
v -0.058 1.36 -0.208
v -0.01 1.352 -0.225
v -0.05 1.394 -0.21
v -0.022 1.22 -0.191
v 0.006 1.211 -0.188
v -0.023 1.261 -0.208
v 0.011 1.237 -0.203
v 0.037 1.226 -0.188
v 0.034 1.203 -0.174
v 0.065 1.186 -0.148
v 0.068 1.155 -0.145
v 0.037 1.246 -0.207
v 0.018 1.255 -0.212
v 0.043 1.274 -0.216
v 0.008 1.273 -0.225
v 0.007 1.291 -0.233
v 0.045 1.29 -0.227
v 0.03 1.315 -0.24
v 0.009 1.314 -0.238
v 0.015 1.342 -0.241
v 0.037 1.339 -0.245
v 0.055 1.311 -0.239
v 0.056 1.296 -0.232
v 0.081 1.287 -0.217
v 0.06 1.325 -0.246
v 0.019 1.36 -0.238
v 0.051 1.354 -0.251
v -0.024 1.39 -0.222
v 0.009 1.406 -0.223
v -0.006 1.431 -0.21
v 0.021 1.415 -0.226
v 0.06 1.388 -0.246
v 0.07 1.349 -0.253
v -0.05 1.422 -0.202
v -0.094 1.406 -0.182
v -0.097 1.429 -0.18
v -0.091 1.451 -0.178
v -0.05 1.45 -0.195
v -0.015 1.459 -0.194
v -0.075 1.492 -0.167
v -0.057 1.494 -0.173
v -0.077 1.521 -0.163
v -0.057 1.521 -0.171
v -0.039 1.522 -0.172
v -0.035 1.487 -0.177
v -0.021 1.523 -0.165
v -0.013 1.484 -0.171
v 0.235 0.177 -0.071
v 0.222 0.181 -0.043
v 0.214 0.187 -0.094
v 0.208 0.189 -0.059
v 0.212 0.178 -0.028
v 0.18 0.198 -0.095
v 0.19 0.192 -0.11
v 0.184 0.185 -0.126
v 0.212 0.177 -0.11
v 0.18 0.196 -0.07
v 0.163 0.206 -0.079
v 0.161 0.194 -0.054
v 0.193 0.188 -0.042
v 0.198 0.176 -0.02
v 0.21 0.164 -0.014
v 0.223 0.167 -0.021
v 0.17 0.175 -0.029
v 0.148 0.186 -0.049
v 0.143 0.202 -0.059
v 0.133 0.222 -0.076
v 0.12 0.21 -0.067
v 0.131 0.244 -0.092
v 0.116 0.235 -0.081
v 0.105 0.25 -0.088
v 0.023 1.229 0.056
v 0.034 1.243 0.065
v 0.019 1.245 0.058
v 0.037 1.231 0.066
v 0.042 1.249 0.073
v 0.054 1.249 0.082
v 0.046 1.237 0.076
v 0.05 1.262 0.077
v 0.051 1.282 0.067
v 0.059 1.263 0.085
v 0.058 1.284 0.079
v 0.035 0.773 -0.16
v 0.049 0.77 -0.169
v 0.05 0.834 -0.175
v 0.037 0.733 -0.152
v 0.063 0.748 -0.172
v 0.024 0.751 -0.134
v 0.009 0.769 -0.119
v 0.033 0.815 -0.164
v 0.02 0.731 -0.112
v 0.024 0.701 -0.108
v 0.039 0.7 -0.145
v 0.042 0.66 -0.146
v 0.006 0.809 -0.125
v 0.014 0.831 -0.152
v 0.029 0.859 -0.172
v 0.016 0.865 -0.161
v 0.025 0.906 -0.183
v 0.007 0.91 -0.17
v 0.002 0.87 -0.137
v -0.002 0.9 -0.149
v -0.014 0.916 -0.148
v -0.008 0.9 -0.13
v 0.002 0.882 -0.111
v -0.011 0.897 -0.107
v -0.025 0.914 -0.137
v 0.008 0.891 -0.06
v -0.001 0.868 -0.125
v 0.015 0.881 -0.059
v 0.027 0.894 -0.008
v 0.031 0.88 -0.027
v 0.033 0.864 -0.027
v 0.007 0.858 -0.066
v 0.042 0.792 -0.037
v 0.014 0.812 -0.066
v 0.015 0.785 -0.091
v 0.027 0.75 -0.063
v 0.037 0.691 -0.064
v 0.056 0.69 -0.038
v 0.078 0.72 -0.021
v 0.075 0.756 -0.018
v 0.068 0.811 -0.017
v 0.055 0.659 -0.048
v 0.039 0.663 -0.068
v 0.026 0.656 -0.106
v 0.031 0.605 -0.111
v 0.045 0.624 -0.077
v 0.062 0.607 -0.062
v 0.049 0.583 -0.083
v 0.074 0.559 -0.075
v 0.045 0.632 -0.151
v 0.077 0.637 -0.168
v 0.08 0.657 -0.167
v 0.085 0.713 -0.17
v 0.058 0.621 -0.162
v 0.068 0.61 -0.177
v 0.048 0.612 -0.152
v 0.039 0.577 -0.168
v 0.056 0.574 -0.185
v 0.04 0.598 -0.138
v 0.034 0.58 -0.123
v 0.036 0.569 -0.127
v 0.033 0.54 -0.172
v 0.054 0.504 -0.194
v 0.025 0.51 -0.137
v 0.029 0.495 -0.174
v 0.049 0.463 -0.195
v 0.05 0.559 -0.091
v 0.063 0.543 -0.088
v 0.039 0.541 -0.118
v 0.05 0.526 -0.098
v 0.042 0.459 -0.101
v 0.021 0.466 -0.138
v 0.043 0.43 -0.097
v 0.02 0.444 -0.167
v 0.044 0.44 -0.192
v 0.043 0.397 -0.172
v 0.019 0.439 -0.135
v 0.046 0.399 -0.1
v 0.03 0.397 -0.153
v 0.041 0.393 -0.174
v 0.028 0.398 -0.129
v 0.026 0.393 -0.153
v 0.046 0.378 -0.173
v 0.026 0.395 -0.127
v 0.031 0.379 -0.152
v 0.051 0.361 -0.169
v 0.038 0.363 -0.145
v 0.041 0.366 -0.126
v 0.053 0.367 -0.105
v 0.068 0.366 -0.094
v 0.056 0.4 -0.093
v 0.055 0.423 -0.092
v 0.133 0.89 -0.161
v 0.096 0.885 -0.184
v 0.096 0.892 -0.179
v 0.105 0.887 -0.187
v 0.138 0.892 -0.169
v 0.152 0.893 -0.156
v 0.157 0.892 -0.139
v 0.074 0.886 -0.203
v 0.071 0.885 -0.197
v 0.042 0.887 -0.199
v 0.052 0.887 -0.206
v 0.027 0.888 -0.202
v 0.006 0.888 -0.185
v -0.002 0.886 -0.185
v -0.017 0.878 -0.168
v -0.017 0.904 -0.189
v -0.044 0.897 -0.181
v -0.036 0.872 -0.16
v -0.062 0.897 -0.173
v -0.025 0.914 -0.137
v -0.068 0.873 -0.156
v -0.117 0.876 -0.14
v -0.046 0.905 -0.138
v -0.027 0.893 -0.12
v -0.104 0.89 -0.133
v -0.129 0.889 -0.115
v -0.146 0.878 -0.11
v -0.148 0.885 -0.091
v -0.158 0.879 -0.087
v -0.163 0.884 -0.059
v -0.17 0.883 -0.053
v -0.172 0.886 -0.022
v -0.174 0.885 -0.039
v -0.175 0.885 -0.02
v -0.173 0.883 0.008
v -0.168 0.883 0.012
v -0.159 0.885 0.037
v -0.148 0.885 0.044
v -0.139 0.885 0.061
v -0.116 0.882 0.072
v -0.115 0.884 0.074
v -0.098 0.883 0.078
v -0.092 0.876 0.073
v -0.069 0.88 0.073
v 0.2 0.136 -0.132
v 0.196 0.149 -0.131
v 0.146 0.172 -0.154
v 0.153 0.154 -0.16
v -0.2 0.15 0.115
v -0.221 0.168 0.098
v -0.198 0.169 0.111
v -0.175 0.149 0.118
v -0.175 0.17 0.113
v -0.159 0.167 0.11
v -0.154 0.147 0.11
v 0.122 0.637 -0.154
v 0.138 0.625 -0.151
v 0.139 0.657 -0.133
v 0.116 0.622 -0.162
v 0.112 0.607 -0.161
v 0.125 0.598 -0.154
v 0.087 0.609 -0.176
v 0.101 0.629 -0.173
v 0.097 0.596 -0.175
v 0.105 0.579 -0.186
v 0.078 0.58 -0.181
v 0.068 0.61 -0.177
v 0.077 0.637 -0.168
v 0.08 0.657 -0.167
v 0.056 0.574 -0.185
v 0.121 0.669 -0.167
v 0.087 0.55 -0.187
v 0.097 0.522 -0.188
v 0.081 0.5 -0.199
v 0.1 0.496 -0.188
v 0.095 0.475 -0.191
v 0.065 0.551 -0.188
v 0.054 0.504 -0.194
v 0.049 0.463 -0.195
v 0.076 0.455 -0.199
v 0.099 0.453 -0.192
v 0.1 0.427 -0.187
v 0.079 0.433 -0.198
v 0.044 0.44 -0.192
v 0.108 0.4 -0.171
v 0.074 0.399 -0.183
v 0.043 0.397 -0.172
v 0.041 0.393 -0.174
v 0.075 0.395 -0.188
v 0.11 0.394 -0.173
v 0.073 0.38 -0.185
v 0.046 0.378 -0.173
v 0.108 0.369 -0.168
v 0.051 0.361 -0.169
v 0.074 0.365 -0.18
v 0.171 0.894 -0.122
v 0.175 0.889 -0.097
v 0.183 0.891 -0.11
v 0.189 0.89 -0.087
v 0.179 0.894 -0.077
v 0.176 0.895 -0.047
v 0.187 0.891 -0.054
v 0.182 0.89 -0.038
v 0.171 0.888 -0.024
v 0.167 0.892 -0.03
v 0.137 0.885 -0.007
v 0.15 0.886 -0.007
v 0.116 0.884 0.009
v 0.106 0.887 0.002
v 0.077 0.879 0.027
v 0.073 0.883 0.017
v -0.014 0.861 0.051
v 0.018 0.864 0.048
v -0.019 0.856 0.065
v -0.042 0.862 0.067
v -0.037 0.859 0.075
v -0.107 1.686 -0.192
v -0.114 1.637 -0.196
v -0.097 1.658 -0.205
v -0.126 1.64 -0.182
v -0.137 1.687 -0.152
v -0.105 1.709 -0.17
v -0.127 1.704 -0.147
v -0.109 1.723 -0.143
v -0.129 1.71 -0.129
v -0.113 1.729 -0.11
v -0.147 1.686 -0.124
v -0.154 1.663 -0.122
v -0.133 1.714 -0.084
v -0.117 1.729 -0.072
v -0.143 1.7 -0.085
v -0.122 1.717 -0.038
v -0.101 1.735 -0.049
v -0.093 1.729 -0.022
v -0.119 1.707 -0.019
v -0.149 1.686 -0.092
v -0.138 1.697 -0.05
v -0.134 1.676 -0.027
v -0.113 1.7 -0.01
v -0.123 1.666 -0.017
v -0.142 1.682 -0.048
v -0.128 1.644 -0.032
v -0.093 1.623 -0.015
v -0.108 1.624 -0.031
v -0.122 1.635 -0.052
v -0.143 1.669 -0.056
v -0.139 1.652 -0.059
v -0.132 1.643 -0.065
v -0.142 1.635 -0.096
v -0.154 1.665 -0.096
v -0.15 1.65 -0.093
v -0.148 1.632 -0.136
v -0.141 1.624 -0.128
v -0.14 1.622 -0.152
v -0.123 1.609 -0.161
v -0.143 1.639 -0.155
v -0.105 1.608 -0.192
v -0.1 1.594 -0.182
v -0.144 1.672 -0.147
v -0.128 1.626 -0.176
v -0.089 1.629 -0.208
v 0.064 0.128 -0.093
v 0.072 0.115 -0.089
v 0.136 0.129 -0.175
v 0.057 0.128 -0.098
v 0.131 0.129 -0.178
v -0.16 0.122 0.124
v -0.18 0.147 0.122
v -0.15 0.145 0.112
v -0.173 0.116 0.131
v -0.197 0.117 0.131
v -0.21 0.136 0.122
v -0.227 0.12 0.118
v -0.207 0.149 0.117
v -0.234 0.141 0.103
v -0.103 1.659 -0.011
v -0.093 1.623 -0.015
v -0.123 1.666 -0.017
v -0.103 1.68 -0.008
v -0.096 1.695 -0.004
v -0.113 1.7 -0.01
v -0.077 1.727 -0.009
v -0.066 1.713 -0.01
v -0.056 1.736 -0.02
v -0.044 1.733 -0.026
v -0.049 1.714 -0.025
v -0.02 1.719 -0.04
v -0.034 1.748 -0.045
v -0.016 1.732 -0.045
v -0.044 1.702 -0.031
v -0.081 1.703 -0.02
v -0.081 1.696 -0.022
v -0.097 1.677 -0.022
v 0.167 0.119 -0.102
v 0.109 0.131 -0.077
v 0.129 0.12 -0.059
v 0.139 0.133 -0.123
v 0.202 0.121 -0.137
v 0.17 0.135 -0.154
v 0.13 0.132 -0.124
v 0.162 0.137 -0.159
v 0.097 0.135 -0.085
v 0.09 0.14 -0.079
v 0.126 0.124 -0.055
v -0.132 0.117 0.08
v -0.133 0.109 0.088
v -0.139 0.119 0.105
v -0.138 0.144 0.091
v -0.131 0.115 0.073
v -0.129 0.134 0.028
v -0.133 0.144 0.036
v -0.15 0.145 0.112
v -0.143 0.113 0.111
v -0.15 0.114 0.118
v -0.16 0.122 0.124
v -0.128 0.116 0.052
v -0.13 0.108 0.058
v -0.128 0.117 0.048
v -0.128 0.116 0.028
v -0.128 0.108 0.042
v -0.117 0.135 -0.017
v -0.108 0.148 -0.053
v -0.108 0.118 -0.043
v -0.115 0.11 -0.024
v -0.106 0.12 -0.052
v -0.123 0.145 -0.008
v -0.122 0.16 -0.018
v -0.112 0.165 -0.068
v -0.104 0.113 -0.076
v -0.106 0.11 -0.058
v -0.108 0.151 -0.075
v -0.107 0.123 -0.084
v -0.11 0.123 -0.092
v -0.118 0.152 -0.098
v -0.125 0.169 -0.094
v -0.115 0.111 -0.097
v -0.138 0.168 -0.105
v -0.134 0.213 -0.101
v -0.123 0.123 -0.106
v -0.136 0.112 -0.113
v -0.057 1.345 0.038
v -0.049 1.355 0.054
v -0.064 1.342 0.057
v -0.068 1.333 0.055
v -0.07 1.338 0.068
v -0.051 1.351 0.075
v -0.051 1.342 0.081
v -0.073 1.328 0.068
v -0.074 1.328 0.055
v -0.069 1.327 0.084
v 0.096 0.371 -0.164
v 0.094 0.327 -0.154
v 0.113 0.368 -0.139
v 0.112 0.328 -0.132
v 0.097 0.309 -0.15
v 0.114 0.303 -0.126
v 0.113 0.305 -0.114
v 0.113 0.369 -0.119
v 0.105 0.303 -0.104
v 0.103 0.368 -0.106
v 0.118 1.32 -0.052
v 0.108 1.306 -0.057
v 0.101 1.334 -0.067
v 0.099 1.304 -0.062
v -0.082 1.521 -0.081
v -0.078 1.53 -0.075
v -0.058 1.514 -0.071
v -0.044 1.516 -0.064
v -0.038 1.47 -0.073
v -0.029 1.516 -0.065
v -0.058 1.495 -0.07
v -0.048 1.461 -0.064
v -0.015 1.452 -0.077
v -0.022 1.467 -0.079
v -0.024 1.485 -0.079
v -0.073 0.855 0.076
v -0.056 0.833 0.064
v -0.078 0.804 0.073
v -0.048 0.795 0.051
v -0.086 0.752 0.073
v -0.035 0.856 0.058
v -0.056 0.748 0.052
v -0.081 0.709 0.056
v -0.071 0.703 0.05
v -0.08 0.678 0.054
v -0.057 0.67 0.032
v -0.099 0.585 0.029
v -0.074 0.612 0.02
v -0.1 0.556 0.015
v -0.056 0.721 0.039
v -0.042 0.732 0.024
v -0.051 0.693 0.027
v -0.018 0.848 0.025
v -0.032 0.792 0.023
v -0.026 0.795 0.007
v 0 0.854 -0.011
v -0.01 0.86 0.029
v -0.028 0.872 0.056
v -0.042 0.7 -0.006
v -0.047 0.672 0.004
v -0.005 0.869 0.034
v 0 0.885 0.039
v 0.036 0.92 0.017
v 0.032 0.899 0.002
v 0.027 0.894 -0.008
v 0.005 0.872 -0.013
v 0.011 0.884 -0.035
v 0.008 0.891 -0.06
v 0.005 0.88 -0.062
v -0.011 0.882 -0.09
v -0.011 0.897 -0.107
v -0.007 0.855 -0.062
v -0.021 0.879 -0.105
v -0.027 0.893 -0.12
v -0.025 0.914 -0.137
v -0.046 0.849 -0.109
v -0.063 0.794 -0.104
v -0.026 0.789 -0.056
v -0.021 0.788 -0.014
v -0.058 0.735 -0.072
v -0.071 0.75 -0.097
v -0.072 0.713 -0.084
v -0.037 0.735 -0.045
v -0.045 0.692 -0.03
v -0.068 0.687 -0.077
v -0.046 0.674 -0.023
v -0.077 0.654 -0.074
v -0.056 0.632 -0.006
v -0.074 0.579 -0.025
v -0.058 0.624 -0.021
v -0.081 0.618 -0.073
v -0.067 0.599 -0.025
v -0.082 0.598 -0.074
v -0.083 0.581 -0.073
v -0.086 0.573 0.01
v -0.08 0.551 -0.027
v -0.089 0.544 0.001
v -0.105 0.53 0.007
v -0.093 0.518 -0.008
v -0.084 0.528 -0.019
v -0.082 0.497 -0.031
v -0.097 0.478 -0.022
v -0.075 0.484 -0.041
v -0.079 0.453 -0.045
v -0.079 0.565 -0.043
v -0.074 0.487 -0.075
v -0.081 0.556 -0.07
v -0.104 0.577 -0.09
v -0.115 0.593 -0.092
v -0.108 0.558 -0.104
v -0.101 0.489 -0.115
v -0.076 0.438 -0.082
v -0.105 0.443 -0.122
v -0.107 0.422 -0.122
v -0.079 0.417 -0.088
v -0.118 0.382 -0.108
v -0.084 0.403 -0.046
v -0.1 0.416 -0.032
v -0.114 0.417 -0.019
v -0.126 0.383 -0.021
v -0.103 0.381 -0.039
v -0.095 0.379 -0.056
v -0.098 0.38 -0.084
v -0.093 0.377 -0.057
v -0.095 0.377 -0.088
v -0.117 0.378 -0.111
v -0.123 0.361 -0.108
v -0.111 0.344 -0.087
v -0.129 0.343 -0.108
v -0.104 0.346 -0.059
v -0.099 0.377 -0.04
v -0.114 0.378 -0.025
v -0.107 0.343 -0.047
v -0.12 0.358 -0.027
v -0.128 0.342 -0.021
v -0.132 0.38 -0.015
v -0.08 1.286 0.159
v -0.037 1.306 0.129
v -0.031 1.294 0.139
v 0.001 1.302 0.109
v -0.009 1.294 0.128
v 0.007 1.29 0.119
v -0.036 1.309 0.112
v -0.05 1.309 0.125
v -0.067 1.303 0.145
v -0.053 1.305 0.104
v -0.068 1.314 0.138
v -0.063 1.301 0.108
v 0.08 1.268 0.069
v 0.07 1.264 0.052
v 0.074 1.27 0.05
v 0.085 1.269 0.061
v -0.089 1.629 -0.208
v -0.084 1.592 -0.187
v -0.065 1.609 -0.196
v -0.054 1.637 -0.208
v -0.026 1.639 -0.192
v -0.034 1.657 -0.203
v -0.062 1.647 -0.21
v -0.045 1.663 -0.204
v -0.031 1.675 -0.192
v -0.071 1.651 -0.208
v -0.056 1.671 -0.199
v -0.054 1.693 -0.198
v -0.082 1.668 -0.209
v -0.097 1.658 -0.205
v -0.114 1.637 -0.196
v -0.107 1.686 -0.192
v -0.086 1.695 -0.196
v -0.06 1.704 -0.194
v -0.03 1.713 -0.172
v -0.036 1.725 -0.167
v 0.056 0.4 -0.093
v 0.074 0.4 -0.087
v 0.068 0.366 -0.094
v 0.078 0.38 -0.089
v 0.092 0.402 -0.089
v 0.096 0.38 -0.089
v 0.109 0.368 -0.096
v 0.111 0.403 -0.095
v 0.112 0.381 -0.095
v 0.082 1.274 -0.198
v 0.107 1.259 -0.112
v 0.119 1.251 -0.123
v 0.077 1.279 -0.184
v 0.071 1.282 -0.218
v 0.056 1.296 -0.232
v 0.096 1.272 -0.131
v 0.074 1.283 -0.167
v 0.089 1.287 -0.136
v 0.118 1.255 -0.093
v 0.098 1.283 -0.112
v 0.092 1.287 -0.124
v 0.106 1.269 -0.092
v 0.106 1.272 -0.071
v 0.1 1.299 -0.089
v 0.112 1.286 -0.059
v 0.12 1.261 -0.062
v 0.138 1.246 -0.076
v 0.151 1.236 -0.062
v 0.141 1.238 -0.055
v 0.129 1.25 -0.053
v 0.148 1.234 -0.033
v 0.115 1.286 -0.051
v 0.123 1.273 -0.042
v 0.13 1.254 -0.036
v 0.133 1.241 -0.024
v 0.131 1.271 -0.031
v 0.142 1.24 -0.018
v 0.117 1.265 -0.015
v 0.127 1.271 -0.025
v -0.247 0.116 0.064
v -0.247 0.106 0.055
v -0.244 0.116 0.044
v -0.243 0.131 0.049
v -0.245 0.133 0.069
v -0.247 0.117 0.07
v -0.243 0.116 0.039
v -0.238 0.118 0.018
v -0.241 0.108 0.026
v -0.224 0.132 -0.025
v -0.247 0.113 0.073
v -0.247 0.112 0.073
v -0.248 0.109 0.075
v -0.244 0.116 0.093
v -0.234 0.141 0.103
v -0.227 0.12 0.118
v -0.234 0.113 0.11
v -0.21 0.136 0.122
v -0.241 0.146 0.065
v -0.231 0.149 0.099
v -0.227 0.148 0.007
v -0.211 0.152 -0.056
v -0.198 0.155 -0.093
v -0.206 0.166 -0.046
v -0.193 0.167 -0.088
v -0.177 0.169 -0.102
v -0.182 0.154 -0.108
v -0.216 0.123 -0.056
v -0.222 0.107 -0.039
v -0.214 0.12 -0.062
v -0.201 0.125 -0.095
v -0.182 0.112 -0.112
v -0.191 0.111 -0.102
v -0.204 0.154 -0.08
v -0.207 0.111 -0.088
v -0.213 0.112 -0.065
v -0.148 0.578 0.018
v -0.129 0.536 0.005
v -0.156 0.551 -0.006
v -0.159 0.591 -0.008
v -0.145 0.603 0.025
v -0.169 0.608 -0.018
v -0.163 0.584 -0.022
v -0.178 0.592 -0.035
v -0.151 0.619 0.014
v -0.136 0.613 0.031
v -0.144 0.629 0.026
v -0.169 0.648 0.009
v -0.147 0.68 0.041
v -0.17 0.688 0.024
v -0.137 0.709 0.052
v -0.159 0.766 0.046
v -0.124 0.762 0.072
v -0.172 0.644 -0.01
v -0.177 0.636 -0.021
v -0.173 0.705 0.006
v -0.176 0.657 -0.031
v -0.154 0.814 0.049
v -0.119 0.817 0.072
v -0.153 0.864 0.045
v -0.117 0.863 0.073
v -0.148 0.885 0.044
v -0.116 0.882 0.072
v -0.168 0.883 0.012
v -0.173 0.819 0.015
v -0.171 0.869 0.014
v -0.175 0.859 -0.018
v -0.172 0.886 -0.022
v -0.166 0.88 -0.054
v -0.163 0.884 -0.059
v -0.148 0.885 -0.091
v -0.177 0.773 0.012
v -0.175 0.731 0.005
v -0.18 0.777 -0.021
v -0.174 0.81 -0.05
v -0.148 0.863 -0.091
v -0.176 0.778 -0.051
v -0.159 0.776 -0.08
v -0.179 0.737 -0.028
v -0.18 0.71 -0.037
v -0.174 0.716 -0.048
v -0.174 0.739 -0.054
v -0.179 0.67 -0.042
v -0.137 0.846 -0.105
v -0.129 0.889 -0.115
v -0.156 0.811 -0.083
v -0.124 0.844 -0.116
v -0.104 0.89 -0.133
v -0.138 0.797 -0.104
v -0.121 0.757 -0.105
v -0.139 0.741 -0.091
v -0.156 0.735 -0.082
v -0.148 0.676 -0.086
v -0.154 0.656 -0.077
v -0.143 0.63 -0.08
v -0.17 0.673 -0.055
v -0.16 0.633 -0.074
v -0.173 0.647 -0.049
v -0.173 0.627 -0.04
v -0.165 0.6 -0.061
v -0.158 0.596 -0.084
v -0.16 0.569 -0.086
v -0.139 0.558 -0.105
v -0.159 0.518 -0.101
v -0.143 0.496 -0.118
v -0.17 0.555 -0.082
v -0.17 0.57 -0.061
v -0.171 0.496 -0.094
v -0.158 0.492 -0.111
v -0.17 0.55 -0.06
v -0.168 0.564 -0.036
v -0.173 0.519 -0.07
v -0.167 0.541 -0.031
v -0.17 0.515 -0.04
v -0.155 0.515 -0.016
v -0.133 0.515 0
v -0.144 0.48 -0.009
v -0.163 0.481 -0.019
v -0.173 0.489 -0.044
v -0.18 0.482 -0.073
v -0.181 0.43 -0.044
v -0.169 0.425 -0.021
v -0.177 0.432 -0.097
v -0.181 0.387 -0.044
v -0.172 0.385 -0.026
v -0.175 0.382 -0.024
v -0.187 0.429 -0.075
v -0.166 0.426 -0.112
v -0.149 0.459 -0.121
v -0.156 0.423 -0.119
v -0.155 0.386 -0.106
v -0.174 0.387 -0.095
v -0.184 0.387 -0.072
v -0.184 0.387 -0.049
v -0.182 0.348 -0.049
v -0.171 0.346 -0.028
v -0.187 0.364 -0.076
v -0.185 0.352 -0.074
v -0.158 0.35 -0.108
v -0.178 0.384 -0.098
v -0.16 0.366 -0.109
v -0.157 0.384 -0.111
v 0.063 1.023 0.037
v 0.081 0.994 0.024
v 0.041 0.979 0.044
v 0.074 0.941 0.032
v 0.055 0.901 0.045
v 0.096 0.985 0.018
v 0.085 1.033 0.017
v 0.099 0.912 0.023
v 0.077 0.879 0.027
v 0.116 0.884 0.009
v 0.018 0.864 0.048
v -0.006 0.883 0.062
v -0.019 0.856 0.065
v -0.02 0.889 0.068
v -0.037 0.859 0.075
v -0.037 0.883 0.076
v -0.035 0.917 0.067
v 0.003 0.916 0.059
v -0.032 0.956 0.064
v 0.032 0.941 0.05
v 0.008 0.973 0.058
v -0.015 1.027 0.059
v -0.034 1.018 0.059
v 0.027 1 0.052
v 0.041 1.028 0.05
v 0.007 1.026 0.059
v -0.006 1.068 0.06
v -0.04 1.063 0.06
v 0.032 1.057 0.049
v 0.06 1.06 0.036
v 0.057 1.113 0.031
v -0.021 1.106 0.055
v -0.046 1.125 0.05
v -0.013 1.133 0.049
v -0.048 1.141 0.052
v 0 1.101 0.053
v 0.03 1.11 0.045
v 0.026 1.136 0.04
v 0.046 1.161 0.025
v 0.02 1.168 0.04
v -0.038 1.16 0.052
v -0.049 1.161 0.048
v -0.052 1.181 0.057
v -0.018 1.172 0.053
v -0.056 1.203 0.06
v -0.018 1.221 0.053
v -0.059 1.221 0.055
v -0.012 1.187 0.053
v 0.015 1.22 0.041
v 0.014 1.238 0.042
v -0.013 1.248 0.052
v -0.041 1.237 0.06
v -0.039 1.25 0.061
v -0.063 1.247 0.06
v -0.044 1.262 0.059
v -0.065 1.265 0.065
v 0.132 0.784 -0.162
v 0.157 0.892 -0.139
v 0.133 0.89 -0.161
v 0.152 0.773 -0.143
v 0.166 0.786 -0.121
v 0.135 0.744 -0.157
v 0.171 0.894 -0.122
v 0.15 0.744 -0.145
v 0.144 0.718 -0.148
v 0.137 0.714 -0.161
v 0.121 0.669 -0.167
v 0.156 0.739 -0.123
v 0.117 0.652 -0.162
v 0.101 0.629 -0.173
v 0.122 0.637 -0.154
v 0.116 0.622 -0.162
v 0.124 0.657 -0.147
v 0.139 0.657 -0.133
v 0.138 0.684 -0.14
v 0.15 0.707 -0.128
v 0.166 0.704 -0.099
v 0.145 0.651 -0.127
v 0.138 0.625 -0.151
v 0.17 0.745 -0.09
v 0.138 0.629 -0.131
v 0.123 0.603 -0.125
v 0.139 0.653 -0.083
v 0.15 0.654 -0.122
v 0.125 0.598 -0.154
v 0.163 0.72 -0.078
v 0.175 0.778 -0.083
v 0.155 0.703 -0.065
v 0.177 0.819 -0.08
v 0.165 0.809 -0.037
v 0.178 0.87 -0.076
v 0.172 0.841 -0.105
v 0.175 0.889 -0.097
v 0.179 0.894 -0.077
v 0.166 0.774 -0.041
v 0.167 0.892 -0.03
v 0.176 0.895 -0.047
v 0.167 0.872 -0.03
v 0.137 0.885 -0.007
v 0.139 0.872 -0.008
v 0.135 0.815 -0.011
v 0.137 0.769 -0.013
v 0.161 0.737 -0.053
v 0.138 0.736 -0.024
v 0.138 0.701 -0.038
v 0.138 0.669 -0.064
v 0.129 0.649 -0.055
v 0.112 0.667 -0.034
v 0.111 0.704 -0.022
v 0.108 0.723 -0.016
v 0.127 0.616 -0.064
v 0.108 0.615 -0.048
v 0.105 0.591 -0.059
v 0.132 0.614 -0.088
v 0.123 0.589 -0.074
v 0.117 0.564 -0.09
v 0.095 0.564 -0.073
v 0.094 0.549 -0.078
v 0.129 0.585 -0.098
v 0.13 0.565 -0.112
v 0.117 0.552 -0.1
v 0.113 0.519 -0.103
v 0.099 0.515 -0.086
v 0.12 0.523 -0.12
v 0.12 0.492 -0.105
v 0.102 0.496 -0.092
v 0.124 0.445 -0.106
v 0.106 0.447 -0.094
v 0.121 0.403 -0.11
v 0.109 0.403 -0.099
v 0.126 0.403 -0.132
v 0.13 0.445 -0.125
v 0.121 0.403 -0.148
v 0.128 0.488 -0.126
v 0.125 0.508 -0.149
v 0.123 0.543 -0.133
v 0.121 0.566 -0.142
v 0.126 0.447 -0.155
v 0.108 0.4 -0.171
v 0.117 0.45 -0.177
v 0.1 0.427 -0.187
v 0.099 0.453 -0.192
v 0.095 0.475 -0.191
v 0.1 0.496 -0.188
v 0.127 0.478 -0.152
v 0.117 0.489 -0.177
v 0.113 0.53 -0.172
v 0.097 0.522 -0.188
v 0.112 0.571 -0.165
v 0.108 0.553 -0.177
v 0.105 0.579 -0.186
v 0.113 0.588 -0.167
v 0.112 0.607 -0.161
v 0.121 0.584 -0.148
v -0.198 0.214 -0.02
v -0.194 0.196 0.028
v -0.21 0.19 0.025
v -0.2 0.19 0.06
v -0.218 0.185 0.056
v -0.189 0.183 0.096
v -0.22 0.178 0.083
v -0.221 0.168 0.098
v -0.198 0.169 0.111
v -0.175 0.17 0.113
v -0.17 0.181 0.101
v -0.159 0.167 0.11
v -0.156 0.179 0.097
v -0.17 0.19 0.076
v -0.145 0.19 0.044
v -0.177 0.195 0.047
v -0.157 0.193 0.046
v -0.149 0.214 0.014
v -0.171 0.202 0.031
v -0.18 0.218 0.005
v -0.163 0.223 0.007
v -0.14 0.228 -0.007
v -0.157 0.24 -0.008
v -0.172 0.242 -0.014
v -0.138 0.244 -0.021
v -0.157 0.384 -0.111
v -0.16 0.366 -0.109
v -0.117 0.378 -0.111
v -0.123 0.361 -0.108
v -0.129 0.343 -0.108
v -0.158 0.35 -0.108
v 0.038 0.124 -0.162
v 0.034 0.123 -0.137
v 0.088 0.122 -0.192
v 0.061 0.124 -0.187
v 0.074 0.123 -0.192
v 0.057 0.128 -0.098
v 0.126 0.12 -0.179
v 0.054 0.119 -0.103
v 0.082 0.119 -0.156
v 0.108 0.121 -0.191
v 0.041 0.12 -0.114
v 0.037 0.133 -0.121
v 0.099 0.136 -0.192
v 0.07 0.134 -0.168
v 0.034 0.134 -0.129
v 0.012 1.239 0.128
v 0.054 1.249 0.082
v 0.003 1.222 0.118
v 0.046 1.237 0.076
v -0.006 1.214 0.106
v 0.037 1.231 0.066
v -0.009 1.217 0.107
v 0.023 1.229 0.056
v -0.022 1.217 0.091
v -0.038 1.215 0.13
v -0.029 1.221 0.135
v -0.001 1.223 0.116
v 0.008 1.243 0.127
v -0.071 1.227 0.167
v -0.03 1.225 0.078
v -0.049 1.215 0.108
v -0.062 1.214 0.134
v -0.088 1.223 0.121
v -0.086 1.219 0.143
v -0.091 1.228 0.161
v -0.105 1.231 0.148
v -0.1 1.226 0.141
v -0.113 1.231 0.103
v -0.145 1.245 0.1
v -0.007 1.227 0.066
v 0.014 1.238 0.042
v -0.013 1.248 0.052
v -0.039 1.25 0.061
v -0.055 1.223 0.096
v -0.036 1.24 0.069
v -0.131 1.238 0.074
v -0.166 1.257 0.062
v -0.175 1.266 0.036
v -0.057 1.238 0.083
v -0.082 1.229 0.109
v -0.08 1.249 0.091
v -0.044 1.262 0.059
v -0.065 1.265 0.065
v -0.094 1.239 0.079
v -0.086 1.255 0.063
v -0.067 1.269 0.057
v -0.085 1.265 0.048
v -0.097 1.264 0.037
v -0.103 1.231 0.089
v -0.102 1.251 0.059
v -0.119 1.269 0.028
v -0.118 1.277 0.022
v -0.128 1.29 0.01
v -0.118 1.239 0.071
v -0.13 1.26 0.033
v -0.158 1.268 0.012
v -0.145 1.291 -0.006
v -0.142 1.304 -0.018
v -0.147 1.254 0.037
v -0.17 1.298 -0.034
v -0.143 1.312 -0.027
v -0.178 1.299 -0.041
v -0.189 1.283 -0.009
v -0.207 1.294 -0.018
v -0.198 1.287 -0.039
v -0.198 1.295 -0.044
v -0.199 1.294 -0.054
v -0.018 1.702 -0.152
v -0.002 1.708 -0.129
v -0.006 1.714 -0.104
v -0.005 1.692 -0.16
v -0.03 1.693 -0.171
v -0.031 1.675 -0.192
v -0.004 1.682 -0.168
v -0.056 1.671 -0.199
v -0.045 1.663 -0.204
v 0.108 0.723 -0.016
v 0.138 0.736 -0.024
v 0.138 0.701 -0.038
v 0.106 0.763 -0.009
v 0.137 0.769 -0.013
v 0.103 0.819 -0.006
v 0.135 0.815 -0.011
v 0.139 0.872 -0.008
v 0.075 0.756 -0.018
v 0.078 0.72 -0.021
v 0.111 0.704 -0.022
v 0.068 0.811 -0.017
v 0.081 0.695 -0.023
v 0.083 0.632 -0.041
v 0.112 0.667 -0.034
v 0.056 0.69 -0.038
v 0.108 0.615 -0.048
v 0.055 0.659 -0.048
v 0.062 0.607 -0.062
v 0.105 0.591 -0.059
v 0.074 0.559 -0.075
v 0.095 0.564 -0.073
v 0.094 0.549 -0.078
v 0.081 0.524 -0.088
v 0.099 0.515 -0.086
v 0.102 0.496 -0.092
v 0.063 0.543 -0.088
v 0.049 0.583 -0.083
v 0.085 0.446 -0.092
v 0.106 0.447 -0.094
v 0.05 0.526 -0.098
v 0.05 0.559 -0.091
v 0.042 0.459 -0.101
v 0.083 0.403 -0.092
v 0.109 0.403 -0.099
v 0.065 0.44 -0.094
v 0.056 0.4 -0.093
v 0.043 0.43 -0.097
v 0.055 0.423 -0.092
v 0.046 0.399 -0.1
v 0.101 1.334 -0.067
v 0.119 1.359 -0.08
v 0.118 1.32 -0.052
v 0.138 1.346 -0.068
v 0.134 1.329 -0.054
v 0.126 1.363 -0.088
v 0.107 1.364 -0.099
v 0.113 1.37 -0.107
v 0.094 1.365 -0.11
v 0.099 1.379 -0.118
v 0.103 1.393 -0.151
v 0.089 1.385 -0.134
v 0.096 1.407 -0.159
v 0.132 1.372 -0.131
v 0.141 1.365 -0.096
v 0.153 1.362 -0.117
v 0.144 1.367 -0.14
v 0.152 1.355 -0.078
v 0.16 1.342 -0.045
v 0.147 1.34 -0.049
v 0.154 1.332 -0.035
v 0.163 1.327 -0.019
v 0.172 1.331 -0.031
v 0.184 1.327 -0.016
v 0.181 1.326 -0.044
v 0.153 1.318 -0.009
v 0.167 1.319 -0.004
v 0.192 1.314 -0.004
v 0.141 1.32 0.003
v 0.126 1.308 -0.011
v 0.133 1.307 -0.018
v 0.153 1.315 0.019
v 0.158 1.306 0.028
v 0.184 1.306 0.011
v -0.023 1.524 -0.053
v -0.004 1.532 -0.034
v -0.005 1.537 -0.077
v -0.016 1.527 -0.012
v -0.043 1.524 -0.051
v -0.029 1.516 -0.065
v -0.021 1.517 -0.072
v -0.044 1.516 -0.064
v -0.078 1.53 -0.075
v -0.065 1.535 -0.04
v -0.04 1.527 -0.023
v -0.032 1.535 -0.008
v -0.014 1.539 -0.003
v -0.052 1.541 -0.018
v -0.067 1.545 -0.024
v 0.08 1.41 -0.231
v 0.099 1.391 -0.237
v 0.086 1.373 -0.249
v 0.093 1.345 -0.24
v 0.101 1.369 -0.243
v 0.106 1.385 -0.23
v 0.087 1.31 -0.228
v 0.101 1.296 -0.207
v 0.09 1.278 -0.207
v 0.105 1.27 -0.184
v 0.217 0.117 -0.006
v 0.231 0.143 -0.02
v 0.231 0.111 -0.01
v 0.203 0.142 -0.007
v 0.205 0.11 -0.004
v 0.187 0.116 -0.007
v 0.195 0.11 -0.005
v 0.179 0.142 -0.015
v 0.167 0.115 -0.019
v 0.172 0.107 -0.016
v 0.042 0.792 -0.037
v 0.033 0.864 -0.027
v 0.069 0.837 -0.013
v 0.104 0.865 -0.004
v 0.065 0.871 -0.01
v 0.106 0.887 0.002
v 0.137 0.885 -0.007
v 0.066 0.884 -0.009
v 0.031 0.88 -0.027
v 0.027 0.894 -0.008
v 0.092 0.884 0.001
v 0.096 0.895 0.005
v 0.07 0.908 0.008
v 0.075 0.891 0.001
v 0.032 0.899 0.002
v 0.036 0.92 0.017
v 0.167 0.115 -0.019
v 0.172 0.107 -0.016
v 0.247 0.108 -0.103
v 0.204 0.108 -0.037
v 0.187 0.116 -0.007
v 0.254 0.109 -0.092
v 0.212 0.117 -0.032
v 0.256 0.116 -0.086
v 0.195 0.11 -0.005
v 0.259 0.11 -0.077
v 0.205 0.11 -0.004
v 0.262 0.111 -0.065
v 0.217 0.117 -0.006
v 0.261 0.116 -0.057
v 0.231 0.111 -0.01
v 0.249 0.112 -0.027
v -0.018 1.63 -0.035
v -0.013 1.615 -0.017
v -0.028 1.628 -0.01
v -0.025 1.639 -0.015
v -0.035 1.639 -0.009
v -0.005 1.654 -0.026
v 0.224 0.117 -0.122
v 0.232 0.107 -0.117
v 0.24 0.116 -0.11
v 0.225 0.131 -0.12
v 0.22 0.118 -0.126
v 0.244 0.117 -0.105
v 0.202 0.121 -0.137
v 0.215 0.11 -0.129
v 0.207 0.111 -0.135
v 0.242 0.133 -0.104
v 0.256 0.132 -0.08
v 0.237 0.146 -0.104
v 0.2 0.136 -0.132
v 0.196 0.149 -0.131
v 0.254 0.147 -0.07
v 0.256 0.116 -0.086
v 0.254 0.109 -0.092
v 0.247 0.108 -0.103
v 0.259 0.132 -0.063
v 0.252 0.132 -0.04
v 0.248 0.145 -0.043
v 0.231 0.143 -0.02
v 0.249 0.112 -0.027
v 0.231 0.111 -0.01
v 0.261 0.116 -0.057
v 0.262 0.111 -0.065
v 0.259 0.11 -0.077
v 0.005 1.459 -0.182
v -0.013 1.484 -0.171
v -0.035 1.487 -0.177
v -0.015 1.459 -0.194
v -0.057 1.494 -0.173
v 0.001 1.445 -0.197
v -0.006 1.431 -0.21
v 0.025 1.449 -0.183
v 0.015 1.459 -0.165
v 0.028 1.44 -0.197
v 0.021 1.415 -0.226
v 0.04 1.447 -0.145
v 0.028 1.456 -0.126
v 0.067 1.437 -0.177
v 0.06 1.433 -0.2
v 0.092 1.416 -0.199
v 0.08 1.41 -0.231
v 0.054 1.431 -0.212
v 0.06 1.388 -0.246
v -0.025 1.637 -0.181
v -0.05 1.622 -0.192
v -0.034 1.604 -0.184
v -0.049 1.6 -0.188
v -0.079 1.592 -0.185
v -0.031 1.581 -0.174
v -0.052 1.579 -0.179
v -0.036 1.546 -0.156
v -0.014 1.557 -0.149
v -0.028 1.524 -0.153
v -0.053 1.522 -0.151
v -0.073 1.574 -0.176
v -0.065 1.544 -0.153
v -0.081 1.521 -0.136
v -0.09 1.544 -0.141
v -0.092 1.576 -0.171
v -0.099 1.597 -0.178
v -0.005 1.654 -0.026
v -0.003 1.642 -0.036
v -0.018 1.63 -0.035
v -0.005 1.626 -0.032
v 0.001 1.612 -0.024
v -0.013 1.615 -0.017
v 0.015 1.621 -0.041
v 0.006 1.628 -0.04
v 0.06 1.303 0.018
v 0.075 1.302 0.008
v 0.067 1.319 0.025
v 0.098 1.31 -0.001
v 0.131 0.985 -0.005
v 0.142 0.933 -0.006
v 0.114 0.938 0.006
v 0.127 0.917 0.004
v 0.15 0.886 -0.007
v 0.116 0.884 0.009
v 0.157 0.92 -0.011
v 0.083 0.403 -0.092
v 0.074 0.4 -0.087
v 0.056 0.4 -0.093
v 0.092 0.402 -0.089
v 0.111 0.403 -0.095
v 0.109 0.403 -0.099
v 0.125 0.402 -0.108
v 0.121 0.403 -0.11
v 0.13 0.401 -0.133
v 0.126 0.403 -0.132
v 0.123 0.401 -0.152
v 0.121 0.403 -0.148
v 0.108 0.4 -0.171
v -0.136 0.112 -0.113
v -0.191 0.111 -0.102
v -0.115 0.111 -0.097
v -0.168 0.113 -0.117
v -0.182 0.112 -0.112
v 0.063 0.325 -0.155
v 0.077 0.368 -0.17
v 0.056 0.361 -0.163
v 0.081 0.307 -0.154
v 0.066 0.303 -0.153
v 0.094 0.327 -0.154
v 0.097 0.309 -0.15
v 0.096 0.371 -0.164
v 0.044 0.362 -0.143
v 0.063 0.325 -0.155
v 0.056 0.361 -0.163
v 0.055 0.304 -0.138
v 0.066 0.303 -0.153
v 0.06 0.304 -0.12
v 0.045 0.366 -0.128
v 0.055 0.365 -0.112
v 0.074 0.326 -0.106
v 0.072 0.305 -0.107
v 0.067 0.365 -0.105
v -0.108 1.402 0.008
v -0.1 1.371 0.018
v -0.128 1.384 0.006
v -0.163 1.421 -0.002
v -0.119 1.419 0
v -0.1 1.371 0.018
v -0.079 1.346 0.047
v -0.098 1.348 0.036
v -0.106 1.365 0.023
v -0.126 1.372 0.014
v -0.128 1.384 0.006
v -0.132 1.371 0.023
v -0.131 1.373 0.031
v -0.141 1.385 0.025
v -0.155 1.401 0.009
v -0.163 1.421 -0.002
v -0.153 1.386 0.031
v -0.128 1.361 0.055
v -0.094 1.342 0.066
v -0.157 1.376 0.05
v -0.112 1.348 0.097
v -0.072 1.331 0.107
v -0.072 1.325 0.133
v -0.173 1.405 0.019
v -0.184 1.391 0.034
v -0.081 1.32 0.142
v -0.068 1.314 0.138
v -0.168 1.374 0.064
v -0.191 1.37 0.061
v -0.105 1.314 0.142
v -0.096 1.293 0.157
v -0.205 1.392 0.026
v -0.189 1.414 0.011
v -0.21 1.412 0.003
v -0.165 1.43 -0.006
v -0.134 1.431 -0.007
v -0.119 1.419 0
v -0.105 1.435 -0.018
v -0.065 1.439 -0.03
v -0.129 1.444 -0.024
v -0.184 1.434 -0.021
v -0.224 1.411 -0.02
v -0.202 1.426 -0.039
v -0.161 1.446 -0.037
v -0.141 1.453 -0.063
v -0.148 1.45 -0.076
v -0.123 1.464 -0.095
v -0.089 1.447 -0.028
v -0.112 1.45 -0.03
v -0.117 1.456 -0.047
v -0.109 1.461 -0.064
v -0.113 1.474 -0.101
v -0.103 1.471 -0.082
v -0.09 1.466 -0.066
v -0.075 1.461 -0.061
v -0.049 1.455 -0.058
v -0.028 1.448 -0.06
v -0.048 1.461 -0.064
v -0.015 1.452 -0.077
v -0.175 0.382 -0.024
v -0.151 0.343 -0.017
v -0.171 0.346 -0.028
v -0.153 0.381 -0.012
v -0.128 0.342 -0.021
v -0.132 0.38 -0.015
v -0.071 1.227 0.167
v -0.091 1.228 0.161
v -0.088 1.243 0.17
v -0.07 1.241 0.171
v -0.027 1.254 0.15
v 0.008 1.243 0.127
v -0.084 1.273 0.165
v -0.098 1.26 0.163
v -0.047 1.264 0.159
v -0.08 1.286 0.159
v -0.096 1.293 0.157
v -0.081 1.32 0.142
v -0.068 1.314 0.138
v -0.031 1.294 0.139
v -0.009 1.294 0.128
v 0.007 1.29 0.119
v -0.067 1.303 0.145
v -0.037 1.306 0.129
v -0.05 1.309 0.125
v 0.012 1.261 0.127
v 0.009 1.292 0.12
v 0.001 1.302 0.109
v 0.017 1.262 0.13
v 0.012 1.239 0.128
v -0.001 1.223 0.116
v 0.003 1.222 0.118
v -0.009 1.217 0.107
v 0.039 1.266 0.11
v 0.054 1.249 0.082
v 0.043 1.288 0.092
v 0.059 1.263 0.085
v 0.058 1.284 0.079
v 0.059 0.889 0.023
v 0.096 0.895 0.005
v 0.081 0.894 0.009
v 0.042 0.891 0.025
v -0.015 0.87 0.052
v 0 0.885 0.039
v 0.014 1.238 0.042
v 0.023 1.229 0.056
v 0.019 1.261 0.041
v 0.019 1.245 0.058
v 0.127 1.265 0.057
v 0.107 1.256 0.055
v 0.094 1.29 0.079
v 0.153 1.251 0.035
v 0.143 1.237 0.022
v 0.136 1.234 0.014
v 0.084 1.263 0.07
v 0.082 1.252 0.028
v 0.08 1.256 0.038
v 0.07 1.264 0.052
v 0.042 1.249 0.073
v 0.034 1.243 0.065
v 0.055 1.249 0.035
v 0.019 1.245 0.058
v 0.043 1.259 0.024
v 0.019 1.261 0.041
v 0.073 1.252 0.017
v 0.063 1.259 0.006
v 0.059 1.266 -0.001
v 0.085 1.256 0.017
v 0.12 1.237 0.003
v 0.075 1.263 0.002
v 0.068 1.264 -0.015
v 0.081 1.27 -0.013
v 0.089 1.269 -0.019
v 0.084 1.267 -0.036
v 0.095 1.272 -0.031
v 0.116 1.27 -0.033
v 0.092 1.269 -0.001
v 0.096 1.282 -0.012
v 0.151 1.231 0.005
v 0.187 1.235 0.006
v 0.195 1.243 0.008
v 0.209 1.243 -0.002
v 0.154 1.255 0.032
v 0.072 0.115 -0.089
v 0.093 0.115 -0.092
v 0.156 0.115 -0.164
v 0.142 0.118 -0.173
v -0.162 0.294 -0.033
v -0.168 0.294 -0.045
v -0.162 0.351 -0.033
v -0.171 0.355 -0.048
v -0.17 0.359 -0.075
v -0.165 0.322 -0.075
v -0.155 0.358 -0.095
v -0.166 0.3 -0.072
v -0.154 0.299 -0.083
v -0.163 0.124 -0.097
v -0.11 0.123 -0.092
v -0.115 0.111 -0.097
v -0.191 0.111 -0.102
v -0.201 0.125 -0.095
v -0.156 0.423 -0.119
v -0.155 0.386 -0.106
v -0.118 0.382 -0.108
v -0.107 0.422 -0.122
v -0.105 0.443 -0.122
v -0.149 0.459 -0.121
v -0.101 0.489 -0.115
v -0.143 0.496 -0.118
v -0.158 0.492 -0.111
v -0.159 0.518 -0.101
v -0.139 0.558 -0.105
v -0.108 0.558 -0.104
v -0.115 0.593 -0.092
v -0.144 0.595 -0.091
v -0.158 0.596 -0.084
v -0.131 0.609 -0.088
v -0.143 0.63 -0.08
v -0.16 0.633 -0.074
v -0.154 0.656 -0.077
v -0.117 0.633 -0.091
v -0.131 0.646 -0.086
v -0.12 0.67 -0.087
v -0.148 0.676 -0.086
v -0.138 0.712 -0.088
v -0.156 0.735 -0.082
v -0.139 0.741 -0.091
v -0.124 0.728 -0.096
v -0.121 0.757 -0.105
v -0.119 0.702 -0.091
v -0.072 0.713 -0.084
v -0.068 0.687 -0.077
v -0.071 0.75 -0.097
v -0.077 0.654 -0.074
v -0.063 0.794 -0.104
v -0.1 0.642 -0.082
v -0.081 0.618 -0.073
v -0.082 0.598 -0.074
v -0.083 0.581 -0.073
v -0.118 0.805 -0.115
v -0.138 0.797 -0.104
v -0.124 0.844 -0.116
v -0.099 0.842 -0.124
v -0.104 0.89 -0.133
v -0.081 0.808 -0.115
v -0.078 0.839 -0.122
v -0.046 0.849 -0.109
v -0.021 0.879 -0.105
v -0.087 0.869 -0.132
v -0.046 0.905 -0.138
v -0.046 0.882 -0.124
v -0.027 0.893 -0.12
v -0.241 0.108 0.026
v -0.186 0.106 0.026
v -0.238 0.118 0.018
v -0.173 0.106 0.038
v -0.128 0.108 0.042
v -0.128 0.116 0.028
v -0.128 0.117 0.048
v -0.231 0.107 0.035
v -0.243 0.116 0.039
v -0.184 0.112 0.042
v -0.128 0.116 0.052
v -0.244 0.116 0.044
v -0.13 0.108 0.058
v -0.247 0.106 0.055
v -0.159 0.108 0.066
v -0.247 0.116 0.064
v -0.131 0.115 0.073
v -0.095 1.137 0.019
v -0.078 1.124 0.036
v -0.096 1.12 0.028
v -0.072 1.097 0.044
v -0.096 1.071 0.039
v -0.043 1.126 0.041
v -0.047 1.141 0.047
v -0.077 1.136 0.036
v -0.044 1.16 0.042
v -0.067 1.157 0.031
v -0.046 1.181 0.048
v -0.08 1.202 0.044
v -0.057 1.203 0.054
v -0.084 1.22 0.043
v -0.059 1.231 0.05
v -0.08 1.248 0.045
v -0.067 1.269 0.057
v -0.085 1.265 0.048
v -0.097 1.264 0.037
v -0.043 1.069 0.051
v -0.081 1.066 0.045
v -0.098 0.981 0.062
v -0.121 1.048 0.03
v -0.125 1.011 0.037
v -0.137 0.968 0.046
v -0.05 1.033 0.054
v -0.035 1.003 0.055
v -0.048 0.911 0.067
v -0.037 0.903 0.065
v -0.035 0.874 0.061
v -0.069 0.88 0.073
v -0.079 1.007 0.057
v -0.064 0.972 0.061
v -0.096 0.931 0.071
v -0.14 0.933 0.052
v -0.121 0.919 0.069
v -0.095 0.912 0.076
v -0.098 0.883 0.078
v -0.115 0.884 0.074
v -0.139 0.885 0.061
v -0.138 0.244 -0.021
v -0.157 0.24 -0.008
v -0.139 0.265 -0.027
v -0.127 0.264 -0.037
v -0.123 0.29 -0.036
v -0.137 0.288 -0.027
v -0.123 0.23 -0.033
v -0.14 0.228 -0.007
v -0.119 0.256 -0.053
v -0.111 0.295 -0.066
v -0.114 0.247 -0.07
v -0.126 0.294 -0.037
v -0.121 0.291 -0.086
v -0.127 0.255 -0.089
v -0.128 0.232 -0.095
v -0.114 0.185 -0.045
v -0.123 0.21 -0.022
v -0.112 0.186 -0.066
v -0.116 0.218 -0.085
v -0.112 0.2 -0.076
v -0.123 0.208 -0.094
v -0.134 0.213 -0.101
v -0.125 0.169 -0.094
v -0.117 0.166 -0.07
v -0.122 0.16 -0.018
v -0.12 0.175 -0.006
v -0.134 0.15 0.016
v -0.125 0.198 -0.002
v -0.128 0.169 0.016
v -0.134 0.207 0.009
v -0.149 0.214 0.014
v -0.145 0.19 0.044
v -0.133 0.183 0.026
v -0.134 0.159 0.055
v -0.141 0.175 0.07
v -0.156 0.179 0.097
v -0.138 0.143 0.054
v -0.133 0.144 0.036
v -0.143 0.148 0.093
v -0.138 0.144 0.091
v -0.154 0.147 0.11
v -0.149 0.167 0.101
v -0.159 0.167 0.11
v 0.07 0.134 -0.168
v 0.099 0.136 -0.192
v 0.088 0.122 -0.192
v 0.034 0.123 -0.137
v 0.034 0.134 -0.129
v -0.028 1.594 0.011
v -0.031 1.588 -0.001
v -0.041 1.596 -0.005
v -0.015 1.594 0.01
v -0.015 1.592 -0.004
v -0.105 1.608 -0.192
v -0.084 1.592 -0.187
v -0.089 1.629 -0.208
v -0.1 1.594 -0.182
v -0.079 1.592 -0.185
v -0.065 1.609 -0.196
v -0.099 1.597 -0.178
v -0.123 1.609 -0.161
v 0.074 1.27 0.05
v 0.05 1.262 0.077
v 0.051 1.282 0.067
v 0.07 1.264 0.052
v 0.042 1.249 0.073
v 0.08 1.256 0.038
v 0.085 1.269 0.061
v 0.089 1.29 0.073
v 0.08 1.268 0.069
v 0.094 1.29 0.079
v 0.096 1.308 0.075
v 0.094 1.299 0.069
v 0.094 1.308 0.065
v 0.089 1.32 0.059
v 0.09 1.315 0.056
v 0.083 1.32 0.042
v 0.076 1.326 0.036
v 0.073 1.318 0.032
v 0.067 1.319 0.025
v 0.067 1.307 0.026
v 0.065 1.29 0.026
v 0.17 0.175 -0.029
v 0.185 0.144 -0.016
v 0.152 0.159 -0.038
v 0.194 0.164 -0.014
v 0.198 0.176 -0.02
v 0.21 0.164 -0.014
v 0.206 0.143 -0.011
v 0.223 0.167 -0.021
v 0.225 0.145 -0.02
v 0.134 1.329 -0.054
v 0.125 1.31 -0.05
v 0.118 1.32 -0.052
v 0.136 1.305 -0.041
v 0.126 1.304 -0.046
v 0.144 0.145 -0.048
v 0.185 0.144 -0.016
v 0.179 0.142 -0.015
v 0.203 0.142 -0.007
v 0.206 0.143 -0.011
v 0.231 0.143 -0.02
v 0.225 0.145 -0.02
v 0.241 0.146 -0.037
v 0.248 0.145 -0.043
v 0.254 0.147 -0.07
v 0.25 0.147 -0.07
v 0.234 0.146 -0.101
v 0.237 0.146 -0.104
v 0.196 0.15 -0.126
v 0.196 0.149 -0.131
v 0.146 0.172 -0.154
v 0.137 1.305 -0.033
v 0.136 1.305 -0.041
v 0.134 1.329 -0.054
v 0.147 1.34 -0.049
v 0.138 1.346 -0.068
v 0.154 1.332 -0.035
v 0.146 1.314 -0.024
v 0.137 1.303 -0.028
v 0.163 1.327 -0.019
v 0.133 1.307 -0.018
v 0.153 1.318 -0.009
v 0.096 0.892 -0.179
v 0.096 0.885 -0.184
v 0.078 0.907 -0.184
v 0.071 0.885 -0.197
v 0.042 0.887 -0.199
v 0.037 0.91 -0.187
v 0.006 0.888 -0.185
v 0.025 0.906 -0.183
v 0.007 0.91 -0.17
v -0.017 0.878 -0.168
v -0.014 0.916 -0.148
v -0.025 0.914 -0.137
v 0.212 0.178 -0.028
v 0.222 0.181 -0.043
v 0.223 0.167 -0.021
v 0.239 0.166 -0.04
v 0.235 0.177 -0.071
v 0.241 0.146 -0.037
v 0.225 0.145 -0.02
v 0.25 0.147 -0.07
v 0.247 0.165 -0.069
v 0.238 0.169 -0.091
v 0.214 0.187 -0.094
v 0.234 0.146 -0.101
v 0.196 0.15 -0.126
v -0.191 0.116 0.02
v -0.186 0.106 0.026
v -0.128 0.116 0.028
v -0.238 0.118 0.018
v -0.079 1.346 0.047
v -0.1 1.371 0.018
v -0.098 1.373 0.024
v -0.111 1.415 0.012
v -0.108 1.402 0.008
v -0.119 1.419 0
v -0.108 1.429 0.005
v -0.065 1.439 -0.03
v -0.019 1.453 -0.06
v -0.028 1.448 -0.06
v -0.015 1.452 -0.077
v -0.002 1.464 -0.087
v -0.112 1.566 -0.076
v -0.131 1.574 -0.095
v -0.117 1.583 -0.075
v -0.105 1.57 -0.072
v 0.101 1.296 -0.207
v 0.145 1.274 -0.161
v 0.132 1.32 -0.192
v 0.167 1.302 -0.15
v 0.164 1.267 -0.138
v 0.183 1.262 -0.107
v 0.192 1.286 -0.108
v 0.172 1.328 -0.142
v 0.201 1.282 -0.086
v 0.197 1.305 -0.093
v 0.198 1.26 -0.072
v 0.204 1.278 -0.054
v 0.2 1.296 -0.047
v 0.185 1.245 -0.069
v 0.169 1.249 -0.098
v 0.206 1.254 -0.048
v 0.197 1.24 -0.044
v 0.21 1.276 -0.019
v 0.211 1.24 -0.015
v 0.196 1.227 -0.013
v 0.209 1.243 -0.002
v 0.193 1.229 -0.002
v 0.202 1.313 -0.018
v 0.201 1.302 -0.006
v 0.194 1.313 -0.049
v 0.191 1.314 -0.077
v 0.176 1.332 -0.076
v 0.181 1.326 -0.044
v 0.184 1.327 -0.016
v 0.192 1.314 -0.004
v 0.184 1.306 0.011
v 0.184 1.292 0.016
v 0.158 1.306 0.028
v 0.153 1.362 -0.117
v 0.156 1.356 -0.139
v 0.16 1.342 -0.045
v 0.172 1.331 -0.031
v 0.152 1.355 -0.078
v 0.141 1.365 -0.096
v 0.198 1.255 0.01
v 0.195 1.243 0.008
v 0.16 1.294 0.033
v 0.16 1.275 0.036
v 0.161 1.304 0.035
v 0.152 1.318 0.02
v 0.153 1.315 0.019
v 0.141 1.32 0.003
v 0.143 1.322 0.007
v 0.136 1.321 -0.002
v 0.161 1.275 0.04
v 0.153 1.251 0.035
v 0.154 1.255 0.032
v 0.143 1.237 0.022
v 0.127 1.265 0.057
v 0.13 1.28 0.062
v 0.131 1.301 0.057
v 0.096 1.308 0.075
v 0.094 1.29 0.079
v 0.16 1.275 0.036
v 0.198 1.255 0.01
v 0.154 1.255 0.032
v 0.195 1.243 0.008
v -0.114 0.378 -0.025
v -0.126 0.383 -0.021
v -0.103 0.381 -0.039
v -0.132 0.38 -0.015
v -0.153 0.381 -0.012
v -0.153 0.384 -0.016
v -0.172 0.385 -0.026
v -0.175 0.382 -0.024
v 0.04 1.292 0.051
v 0.032 1.301 0.055
v 0.023 1.295 0.041
v 0.005 1.299 0.058
v -0.013 1.283 0.047
v 0.012 1.283 0.035
v -0.001 1.353 0.006
v -0.031 1.358 0.017
v -0.011 1.374 -0.007
v 0.003 1.338 0.011
v -0.157 0.24 -0.008
v -0.172 0.242 -0.014
v -0.167 0.288 -0.031
v -0.155 0.269 -0.021
v -0.139 0.265 -0.027
v -0.137 0.288 -0.027
v -0.153 0.294 -0.022
v -0.167 0.3 -0.026
v -0.151 0.301 -0.021
v -0.135 0.29 -0.03
v -0.123 0.29 -0.036
v -0.126 0.294 -0.037
v -0.11 1.298 0.15
v -0.096 1.293 0.157
v -0.122 1.273 0.144
v -0.105 1.314 0.142
v -0.177 1.337 0.081
v 0.16 0.114 -0.024
v 0.149 0.109 -0.034
v 0.144 0.118 -0.038
v 0.179 0.142 -0.015
v 0.167 0.115 -0.019
v 0.129 0.135 -0.055
v 0.144 0.145 -0.048
v 0.126 0.124 -0.055
v 0.13 0.111 -0.052
v 0.137 0.109 -0.045
v 0.129 0.12 -0.059
v 0.109 0.131 -0.077
v 0.167 0.119 -0.102
v 0.165 0.109 -0.093
v 0.207 0.111 -0.135
v 0.202 0.121 -0.137
v -0.224 0.132 -0.025
v -0.18 0.108 -0.027
v -0.222 0.107 -0.039
v -0.18 0.127 -0.022
v -0.127 0.109 -0.023
v -0.126 0.13 -0.016
v -0.117 0.135 -0.017
v -0.115 0.11 -0.024
v 0.03 1.315 -0.24
v 0.045 1.29 -0.227
v 0.056 1.296 -0.232
v 0.059 1.29 -0.208
v 0.077 1.279 -0.184
v 0.064 1.28 -0.193
v 0.069 1.281 -0.171
v 0.074 1.283 -0.167
v 0.073 1.287 -0.152
v 0.089 1.287 -0.136
v 0.142 1.24 -0.018
v 0.117 1.265 -0.015
v 0.118 1.244 -0.007
v 0.112 1.273 -0.021
v 0.092 1.269 -0.001
v 0.096 1.282 -0.012
v 0.11 1.282 -0.03
v 0.002 1.6 -0.147
v 0.015 1.605 -0.152
v 0.011 1.623 -0.157
v 0.004 1.624 -0.15
v 0.133 0.218 -0.154
v 0.12 0.256 -0.147
v 0.109 0.223 -0.167
v 0.129 0.194 -0.163
v 0.15 0.207 -0.147
v 0.173 0.176 -0.138
v 0.092 0.215 -0.176
v 0.087 0.241 -0.168
v 0.104 0.263 -0.158
v 0.086 0.267 -0.163
v 0.099 0.308 -0.154
v 0.083 0.305 -0.161
v 0.064 0.299 -0.156
v 0.07 0.262 -0.159
v 0.065 0.229 -0.165
v 0.077 0.221 -0.173
v 0.08 0.19 -0.177
v 0.065 0.18 -0.174
v 0.096 0.194 -0.178
v 0.097 0.177 -0.176
v 0.146 0.172 -0.154
v 0.196 0.15 -0.126
v 0.213 0.167 -0.114
v -0.081 1.703 -0.02
v -0.074 1.707 -0.013
v -0.049 1.714 -0.025
v -0.066 1.713 -0.01
v 0.13 0.132 -0.124
v 0.162 0.137 -0.159
v 0.156 0.115 -0.164
v 0.093 0.115 -0.092
v 0.097 0.135 -0.085
v 0.09 0.14 -0.079
v 0.072 0.115 -0.089
v 0.064 0.128 -0.093
v 0.066 0.155 -0.094
v 0.129 0.135 -0.055
v 0.101 0.15 -0.076
v 0.144 0.145 -0.048
v 0.09 0.167 -0.085
v 0.064 0.172 -0.102
v -0.174 0.387 -0.095
v -0.184 0.387 -0.072
v -0.178 0.384 -0.098
v -0.155 0.386 -0.106
v -0.157 0.384 -0.111
v -0.117 0.378 -0.111
v -0.118 0.382 -0.108
v -0.16 0.297 -0.088
v -0.164 0.258 -0.091
v -0.141 0.291 -0.094
v -0.149 0.256 -0.096
v -0.121 0.291 -0.086
v -0.172 0.229 -0.095
v -0.152 0.222 -0.104
v -0.127 0.255 -0.089
v -0.168 0.211 -0.103
v -0.128 0.232 -0.095
v -0.174 0.181 -0.102
v -0.134 0.213 -0.101
v -0.16 0.181 -0.108
v -0.163 0.169 -0.106
v -0.138 0.168 -0.105
v -0.165 0.153 -0.113
v -0.177 0.169 -0.102
v -0.182 0.154 -0.108
v -0.138 0.154 -0.111
v -0.118 0.152 -0.098
v -0.168 0.113 -0.117
v -0.182 0.112 -0.112
v -0.138 0.128 -0.114
v -0.123 0.123 -0.106
v -0.136 0.112 -0.113
v 0.035 0.773 -0.16
v 0.05 0.834 -0.175
v 0.033 0.815 -0.164
v 0.029 0.859 -0.172
v 0.071 0.867 -0.181
v 0.07 0.874 -0.184
v 0.025 0.906 -0.183
v 0.037 0.91 -0.187
v 0.078 0.907 -0.184
v 0.096 0.892 -0.179
v 0.093 0.863 -0.179
v 0.133 0.89 -0.161
v 0.132 0.784 -0.162
v 0.073 0.784 -0.178
v 0.049 0.77 -0.169
v 0.063 0.748 -0.172
v 0.089 0.738 -0.174
v 0.037 0.733 -0.152
v 0.092 0.778 -0.178
v 0.135 0.744 -0.157
v 0.085 0.713 -0.17
v 0.039 0.7 -0.145
v 0.042 0.66 -0.146
v 0.118 0.723 -0.164
v 0.137 0.714 -0.161
v 0.099 0.685 -0.167
v -0.037 0.883 0.076
v -0.037 0.859 0.075
v -0.042 0.862 0.067
v -0.035 0.917 0.067
v -0.037 0.903 0.065
v -0.035 0.874 0.061
v -0.032 0.956 0.064
v -0.035 1.003 0.055
v -0.034 1.018 0.059
v -0.04 1.063 0.06
v -0.043 1.069 0.051
v -0.046 1.125 0.05
v -0.043 1.126 0.041
v -0.047 1.141 0.047
v -0.048 1.141 0.052
v -0.044 1.16 0.042
v -0.049 1.161 0.048
v -0.052 1.181 0.057
v -0.046 1.181 0.048
v -0.056 1.203 0.06
v -0.057 1.203 0.054
v -0.059 1.221 0.055
v -0.059 1.231 0.05
v -0.063 1.247 0.06
v -0.067 1.269 0.057
v -0.065 1.265 0.065
v 0.094 1.29 0.079
v 0.131 1.301 0.057
v 0.13 1.28 0.062
v 0.127 1.265 0.057
v 0.092 1.274 -0.046
v 0.123 1.273 -0.042
v 0.127 1.271 -0.025
v 0.131 1.271 -0.031
v 0.118 1.275 -0.025
v 0.11 1.282 -0.03
v 0.117 1.265 -0.015
v 0.112 1.273 -0.021
v -0.044 1.702 -0.031
v -0.067 1.7 -0.029
v -0.081 1.696 -0.022
v -0.084 1.692 -0.029
v -0.113 1.67 -0.049
v -0.135 1.624 -0.127
v -0.123 1.609 -0.161
v -0.141 1.624 -0.128
v -0.136 1.632 -0.102
v -0.142 1.635 -0.096
v -0.132 1.643 -0.065
v -0.129 1.646 -0.07
v -0.122 1.635 -0.052
v -0.058 1.514 -0.071
v -0.058 1.495 -0.07
v -0.064 1.512 -0.045
v -0.063 1.497 -0.047
v -0.06 1.482 -0.052
v -0.048 1.461 -0.064
v -0.049 1.455 -0.058
v 0.152 0.893 -0.156
v 0.157 0.892 -0.139
v 0.157 0.925 -0.147
v 0.136 0.938 -0.166
v 0.152 0.982 -0.141
v 0.131 0.979 -0.165
v 0.132 1.051 -0.131
v 0.111 1.049 -0.154
v 0.109 1.081 -0.137
v 0.103 1.107 -0.124
v 0.157 0.925 -0.147
v 0.157 0.892 -0.139
v 0.163 0.891 -0.148
v 0.161 0.933 -0.147
v 0.156 0.982 -0.142
v 0.152 0.982 -0.141
v 0.145 1.024 -0.136
v 0.132 1.051 -0.131
v 0.128 1.066 -0.13
v 0.103 1.107 -0.124
v -0.066 1.586 -0.005
v -0.075 1.571 -0.017
v -0.091 1.602 -0.018
v -0.099 1.592 -0.03
v -0.103 1.619 -0.033
v -0.118 1.613 -0.056
v -0.106 1.645 -0.039
v -0.086 1.64 -0.016
v -0.067 1.545 -0.024
v -0.091 1.66 -0.026
v -0.073 1.661 -0.014
v -0.084 1.692 -0.029
v -0.113 1.67 -0.049
v -0.117 1.652 -0.051
v -0.122 1.645 -0.058
v -0.129 1.646 -0.07
v -0.094 1.551 -0.059
v -0.065 1.535 -0.04
v -0.04 1.527 -0.023
v -0.078 1.53 -0.075
v -0.105 1.583 -0.05
v -0.127 1.617 -0.078
v -0.132 1.619 -0.092
v -0.136 1.632 -0.102
v -0.132 1.606 -0.104
v -0.135 1.624 -0.127
v -0.12 1.596 -0.072
v -0.125 1.587 -0.132
v -0.123 1.609 -0.161
v -0.105 1.57 -0.072
v -0.092 1.543 -0.079
v -0.095 1.533 -0.093
v -0.082 1.521 -0.081
v -0.098 1.523 -0.096
v -0.096 1.524 -0.11
v -0.11 1.57 -0.086
v -0.11 1.561 -0.104
v -0.117 1.583 -0.075
v -0.104 1.551 -0.123
v -0.125 1.582 -0.102
v -0.093 1.521 -0.124
v -0.09 1.544 -0.141
v -0.081 1.521 -0.136
v -0.115 1.572 -0.14
v -0.109 1.582 -0.161
v -0.092 1.576 -0.171
v -0.099 1.597 -0.178
v -0.128 1.608 -0.082
v -0.136 1.616 -0.081
v -0.138 1.608 -0.097
v -0.134 1.599 -0.087
v -0.131 1.583 -0.092
v -0.123 1.588 -0.089
v -0.131 1.574 -0.095
v -0.146 1.606 -0.098
v -0.142 1.6 -0.105
v -0.132 1.606 -0.104
v -0.132 1.619 -0.092
v -0.142 1.612 -0.102
v -0.139 1.621 -0.088
v -0.127 1.617 -0.078
v -0.136 1.616 -0.081
v -0.142 1.6 -0.105
v -0.131 1.574 -0.095
v -0.125 1.582 -0.102
v -0.132 1.606 -0.104
v -0.142 1.612 -0.102
v -0.132 0.345 -0.032
v -0.124 0.293 -0.048
v -0.136 0.289 -0.033
v -0.123 0.321 -0.043
v -0.118 0.345 -0.044
v -0.11 0.345 -0.06
v -0.114 0.321 -0.064
v -0.119 0.293 -0.065
v -0.115 0.344 -0.086
v -0.124 0.294 -0.083
v -0.12 0.321 -0.084
v -0.129 0.536 0.005
v -0.133 0.515 0
v -0.156 0.551 -0.006
v -0.105 0.53 0.007
v -0.113 0.562 0.021
v -0.1 0.556 0.015
v -0.099 0.585 0.029
v -0.126 0.576 0.031
v -0.148 0.578 0.018
v -0.145 0.603 0.025
v -0.136 0.613 0.031
v -0.115 0.631 0.044
v -0.144 0.629 0.026
v -0.11 0.504 -0.005
v -0.093 0.518 -0.008
v -0.097 0.478 -0.022
v -0.116 0.477 -0.013
v -0.144 0.48 -0.009
v -0.129 0.421 -0.014
v -0.114 0.417 -0.019
v -0.126 0.383 -0.021
v -0.153 0.384 -0.016
v -0.149 0.429 -0.011
v -0.163 0.481 -0.019
v -0.155 0.515 -0.016
v -0.169 0.425 -0.021
v -0.172 0.385 -0.026
v 0.123 0.401 -0.152
v 0.108 0.4 -0.171
v 0.11 0.394 -0.173
v 0.123 0.384 -0.154
v 0.108 0.369 -0.168
v 0.125 0.369 -0.143
v 0.13 0.383 -0.134
v 0.13 0.401 -0.133
v 0.122 0.368 -0.111
v 0.125 0.383 -0.108
v 0.125 0.402 -0.108
v 0.111 0.403 -0.095
v 0.112 0.381 -0.095
v 0.109 0.368 -0.096
v -0.071 1.36 0.029
v -0.041 1.378 0.009
v -0.031 1.358 0.017
v -0.019 1.388 -0.01
v -0.066 1.393 0.008
v -0.098 1.373 0.024
v -0.02 1.403 -0.021
v -0.087 1.389 0.017
v -0.111 1.415 0.012
v -0.087 1.408 0.014
v -0.033 1.418 -0.02
v -0.061 1.423 -0.007
v -0.108 1.429 0.005
v -0.041 1.437 -0.029
v -0.019 1.453 -0.06
v -0.021 1.443 -0.046
v 0.003 1.446 -0.071
v -0.002 1.464 -0.087
v -0.226 0.147 0.02
v -0.237 0.146 0.065
v -0.227 0.148 0.007
v -0.241 0.146 0.065
v -0.231 0.149 0.099
v -0.227 0.149 0.098
v -0.207 0.149 0.117
v -0.234 0.141 0.103
v -0.2 0.15 0.115
v -0.18 0.147 0.122
v -0.175 0.149 0.118
v -0.154 0.147 0.11
v -0.15 0.145 0.112
v -0.138 0.144 0.091
v 0.165 0.109 -0.093
v 0.13 0.111 -0.052
v 0.137 0.109 -0.045
v 0.172 0.108 -0.083
v 0.207 0.111 -0.135
v 0.215 0.11 -0.129
v 0.178 0.114 -0.082
v 0.22 0.118 -0.126
v 0.144 0.118 -0.038
v 0.224 0.117 -0.122
v 0.149 0.109 -0.034
v 0.232 0.107 -0.117
v 0.185 0.107 -0.057
v 0.16 0.114 -0.024
v 0.24 0.116 -0.11
v 0.167 0.115 -0.019
v 0.244 0.117 -0.105
v -0.009 1.743 -0.089
v -0.022 1.751 -0.087
v -0.02 1.737 -0.134
v -0.034 1.745 -0.13
v -0.036 1.725 -0.167
v -0.054 1.745 -0.131
v -0.048 1.73 -0.164
v -0.065 1.715 -0.184
v -0.06 1.704 -0.194
v -0.086 1.695 -0.196
v -0.066 1.733 -0.158
v -0.082 1.716 -0.179
v -0.107 1.686 -0.192
v -0.105 1.709 -0.17
v -0.088 1.731 -0.151
v -0.109 1.723 -0.143
v -0.087 1.741 -0.117
v -0.113 1.729 -0.11
v -0.049 1.753 -0.082
v -0.034 1.748 -0.045
v -0.086 1.746 -0.078
v -0.117 1.729 -0.072
v -0.101 1.735 -0.049
v -0.058 1.751 -0.05
v -0.093 1.729 -0.022
v -0.059 1.745 -0.034
v -0.044 1.733 -0.026
v -0.056 1.736 -0.02
v -0.077 1.727 -0.009
v -0.113 1.7 -0.01
v -0.119 1.707 -0.019
v 0.107 1.256 0.055
v 0.084 1.263 0.07
v 0.094 1.29 0.079
v 0.08 1.268 0.069
v 0.07 1.264 0.052
v 0.011 1.623 -0.157
v 0.015 1.605 -0.152
v 0.019 1.629 -0.15
v 0.013 1.628 -0.146
v 0.013 1.626 -0.132
v 0.018 1.634 -0.134
v 0.013 1.604 -0.14
v 0.015 1.591 -0.143
v -0.074 1.328 0.055
v -0.094 1.342 0.066
v -0.098 1.348 0.036
v -0.073 1.328 0.068
v -0.069 1.327 0.084
v -0.072 1.331 0.107
v -0.064 1.319 0.125
v -0.064 1.317 0.098
v -0.072 1.325 0.133
v -0.06 1.309 0.104
v -0.068 1.314 0.138
v -0.063 1.301 0.108
v -0.06 1.482 -0.052
v -0.071 1.483 -0.058
v -0.075 1.502 -0.055
v -0.049 1.455 -0.058
v -0.075 1.461 -0.061
v -0.09 1.466 -0.066
v -0.079 1.346 0.047
v -0.074 1.328 0.055
v -0.098 1.348 0.036
v -0.068 1.333 0.055
v -0.247 0.116 0.064
v -0.132 0.117 0.08
v -0.131 0.115 0.073
v -0.247 0.117 0.07
v -0.247 0.112 0.073
v -0.248 0.109 0.075
v -0.133 0.109 0.088
v -0.188 0.11 0.092
v -0.139 0.119 0.105
v -0.244 0.116 0.093
v -0.199 0.12 0.099
v -0.143 0.113 0.111
v -0.203 0.113 0.106
v -0.234 0.113 0.11
v -0.15 0.114 0.118
v -0.16 0.122 0.124
v -0.227 0.12 0.118
v -0.173 0.116 0.131
v -0.197 0.117 0.131
v -0.11 0.123 -0.092
v -0.163 0.124 -0.097
v -0.107 0.123 -0.084
v -0.201 0.125 -0.095
v -0.135 0.109 -0.076
v -0.104 0.113 -0.076
v -0.106 0.11 -0.058
v -0.17 0.11 -0.064
v -0.207 0.111 -0.088
v -0.213 0.112 -0.065
v -0.106 0.12 -0.052
v -0.214 0.12 -0.062
v -0.189 0.12 -0.053
v -0.216 0.123 -0.056
v -0.222 0.107 -0.039
v -0.108 0.118 -0.043
v -0.173 0.109 -0.043
v -0.18 0.108 -0.027
v -0.127 0.109 -0.023
v -0.126 0.108 -0.038
v -0.115 0.11 -0.024
v -0.112 1.566 -0.076
v -0.105 1.57 -0.072
v -0.11 1.57 -0.086
v -0.131 1.574 -0.095
v -0.125 1.582 -0.102
v -0.11 1.561 -0.104
v -0.112 0.165 -0.068
v -0.122 0.16 -0.018
v -0.117 0.166 -0.07
v -0.125 0.169 -0.094
v 0.094 1.308 0.065
v 0.031 1.313 0.102
v 0.033 1.32 0.097
v 0.094 1.299 0.069
v 0.047 1.298 0.093
v 0.089 1.29 0.073
v 0.001 1.302 0.109
v -0.037 1.319 0.11
v -0.036 1.309 0.112
v -0.064 1.317 0.098
v -0.06 1.309 0.104
v -0.053 1.305 0.104
v -0.063 1.301 0.108
v 0.097 0.177 -0.176
v 0.065 0.18 -0.174
v 0.08 0.179 -0.18
v 0.099 0.177 -0.18
v 0.146 0.172 -0.154
v -0.126 0.13 -0.016
v -0.128 0.116 0.028
v -0.117 0.135 -0.017
v -0.185 0.126 -0.011
v -0.191 0.116 0.02
v -0.18 0.127 -0.022
v -0.238 0.118 0.018
v -0.224 0.132 -0.025
v -0.039 1.25 0.061
v -0.044 1.262 0.059
v -0.036 1.24 0.069
v -0.03 1.225 0.078
v -0.028 1.594 0.011
v -0.041 1.596 -0.005
v -0.021 1.603 0.013
v -0.015 1.594 0.01
v 0.013 1.598 -0.121
v 0.012 1.581 -0.118
v 0.012 1.589 -0.107
v 0.015 1.591 -0.143
v 0.013 1.604 -0.14
v 0.007 1.604 -0.135
v 0.013 1.626 -0.132
v 0.015 1.62 -0.12
v 0.018 1.634 -0.134
v 0.013 1.634 -0.125
v 0.012 1.589 -0.107
v 0.012 1.581 -0.118
v 0.005 1.581 -0.117
v 0.015 1.591 -0.143
v 0.002 1.6 -0.147
v 0.015 1.605 -0.152
v -0.153 0.303 -0.024
v -0.151 0.292 -0.029
v -0.135 0.29 -0.03
v -0.164 0.303 -0.028
v -0.162 0.294 -0.033
v -0.092 0.876 0.073
v -0.117 0.863 0.073
v -0.116 0.882 0.072
v -0.073 0.855 0.076
v -0.069 0.88 0.073
v -0.028 0.872 0.056
v -0.035 0.856 0.058
v -0.056 0.833 0.064
v -0.119 0.817 0.072
v -0.078 0.804 0.073
v -0.086 0.752 0.073
v -0.124 0.762 0.072
v -0.107 0.736 0.067
v -0.137 0.709 0.052
v -0.098 0.712 0.065
v -0.081 0.709 0.056
v -0.125 0.684 0.052
v -0.147 0.68 0.041
v -0.099 0.684 0.058
v -0.08 0.678 0.054
v -0.11 0.682 0.059
v -0.134 0.345 -0.098
v -0.12 0.321 -0.084
v -0.115 0.344 -0.086
v -0.139 0.317 -0.092
v -0.155 0.358 -0.095
v -0.124 0.294 -0.083
v -0.154 0.299 -0.083
v -0.141 0.295 -0.09
v -0.163 0.169 -0.106
v -0.188 0.167 -0.087
v -0.177 0.169 -0.102
v -0.193 0.167 -0.088
v -0.206 0.166 -0.046
v -0.136 1.616 -0.081
v -0.146 1.606 -0.098
v -0.139 1.621 -0.088
v -0.142 1.612 -0.102
v -0.142 1.6 -0.105
v -0.035 0.874 0.061
v -0.015 0.87 0.052
v -0.028 0.872 0.056
v -0.069 0.88 0.073
v 0.118 1.32 -0.052
v 0.111 1.325 -0.052
v 0.108 1.306 -0.057
v 0.103 1.319 -0.058
v 0.099 1.304 -0.062
v 0.1 1.299 -0.089
v 0.098 1.292 -0.065
v 0.112 1.286 -0.059
v 0.096 1.287 -0.055
v 0.115 1.286 -0.051
v 0.113 1.277 -0.045
v 0.123 1.273 -0.042
v 0.092 1.274 -0.046
v 0.019 1.629 -0.15
v 0.013 1.639 -0.145
v 0.011 1.623 -0.157
v 0.018 1.634 -0.134
v 0.004 1.624 -0.15
v 0.013 1.634 -0.125
v 0.009 1.637 -0.139
v 0.038 0.363 -0.145
v 0.044 0.362 -0.143
v 0.056 0.361 -0.163
v 0.045 0.366 -0.128
v 0.051 0.361 -0.169
v 0.041 0.366 -0.126
v 0.077 0.368 -0.17
v 0.074 0.365 -0.18
v 0.108 0.369 -0.168
v 0.096 0.371 -0.164
v 0.053 0.367 -0.105
v 0.125 0.369 -0.143
v 0.113 0.368 -0.139
v 0.055 0.365 -0.112
v 0.067 0.365 -0.105
v 0.113 0.369 -0.119
v 0.122 0.368 -0.111
v 0.081 0.367 -0.101
v 0.068 0.366 -0.094
v 0.109 0.368 -0.096
v 0.103 0.368 -0.106
v -0.129 0.343 -0.108
v -0.134 0.345 -0.098
v -0.115 0.344 -0.086
v -0.155 0.358 -0.095
v -0.111 0.344 -0.087
v -0.158 0.35 -0.108
v -0.11 0.345 -0.06
v -0.104 0.346 -0.059
v -0.107 0.343 -0.047
v -0.118 0.345 -0.044
v -0.128 0.342 -0.021
v -0.132 0.345 -0.032
v -0.151 0.343 -0.017
v -0.148 0.347 -0.028
v -0.171 0.346 -0.028
v -0.162 0.351 -0.033
v -0.182 0.348 -0.049
v -0.171 0.355 -0.048
v -0.185 0.352 -0.074
v -0.17 0.359 -0.075
v 0.358 0.1 -0.083
v 0.367 0.1 0.013
v 0.35 0.106 0.012
v 0.341 0.106 -0.079
v 0 0.106 0
v 0.324 0.1 -0.173
v 0.335 0.106 0.102
v 0.351 0.1 0.107
v 0.309 0.106 -0.164
v 0.269 0.1 -0.251
v 0.297 0.106 0.186
v 0.312 0.1 0.195
v 0.256 0.106 -0.239
v 0.195 0.1 -0.312
v 0.239 0.106 0.256
v 0.251 0.1 0.269
v 0.186 0.106 -0.297
v 0.164 0.106 0.309
v 0.102 0.106 -0.335
v 0.107 0.1 -0.351
v 0.173 0.1 0.324
v 0.013 0.1 -0.367
v 0.079 0.106 0.341
v 0.083 0.1 0.358
v 0.012 0.106 -0.35
v -0.083 0.1 -0.358
v -0.012 0.106 0.35
v -0.013 0.1 0.367
v -0.079 0.106 -0.341
v -0.173 0.1 -0.324
v -0.102 0.106 0.335
v -0.107 0.1 0.351
v -0.164 0.106 -0.309
v -0.186 0.106 0.297
v -0.239 0.106 -0.256
v -0.251 0.1 -0.269
v -0.195 0.1 0.312
v -0.312 0.1 -0.195
v -0.256 0.106 0.239
v -0.269 0.1 0.251
v -0.297 0.106 -0.186
v -0.351 0.1 -0.107
v -0.309 0.106 0.164
v -0.324 0.1 0.173
v -0.335 0.106 -0.102
v -0.367 0.1 -0.013
v -0.341 0.106 0.079
v -0.358 0.1 0.083
v -0.35 0.106 -0.012
vt 0.0372 0.4868
vt 0.0405 0.4895
vt 0.0407 0.49
vt 0.2327 0.106
vt 0.233 0.0871
vt 0.2305 0.0934
vt 0.3665 0.8223
vt 0.3669 0.7642
vt 0.3604 0.7632
vt 0.7964 0.5459
vt 0.8057 0.5493
vt 0.8066 0.5049
vt 0.792 0.1598
vt 0.7793 0.1381
vt 0.7759 0.1431
vt 0.2986 0.583
vt 0.2825 0.5586
vt 0.2898 0.5869
vt 0.749 0.5635
vt 0.7446 0.5815
vt 0.75 0.6372
vt 0.8452 0.1554
vt 0.853 0.1565
vt 0.8433 0.0945
vt 0.4226 0.202
vt 0.4299 0.2167
vt 0.4309 0.2089
vt 0.7031 0.0042
vt 0.7134 0.0276
vt 0.71 0.0021
vt 0.895 0.3054
vt 0.8965 0.3181
vt 0.9023 0.314
vt 0.7241 0.1306
vt 0.7134 0.1085
vt 0.7031 0.0975
vt 0.627 0.5972
vt 0.6201 0.5938
vt 0.6255 0.6211
vt 0.2001 0.9009
vt 0.199 0.8379
vt 0.1941 0.8989
vt 0.4595 0.2607
vt 0.4583 0.2438
vt 0.4539 0.244
vt 0.7236 0.1635
vt 0.7246 0.1841
vt 0.7261 0.1718
vt 0.8008 0.2233
vt 0.7944 0.2129
vt 0.7915 0.2141
vt 0.6289 0.3572
vt 0.6147 0.3562
vt 0.6172 0.3745
vt 0.9575 0.4646
vt 0.9644 0.488
vt 0.9761 0.4719
vt 0.4539 0.3787
vt 0.4644 0.373
vt 0.4595 0.3662
vt 0.7134 0.0748
vt 0.7197 0.0955
vt 0.7144 0.0624
vt 0.2617 0.2052
vt 0.2661 0.1929
vt 0.2563 0.2048
vt 0.4785 0.2781
vt 0.4692 0.2795
vt 0.4697 0.2949
vt 0.2527 0.3049
vt 0.2408 0.3093
vt 0.2484 0.3171
vt 0.0065 0.2399
vt 0.002 0.2568
vt 0.0118 0.2477
vt 0.4426 0.1151
vt 0.4524 0.1223
vt 0.4331 0.0992
vt 0.7837 0.2255
vt 0.7949 0.2554
vt 0.7808 0.2101
vt 0.2747 0.3176
vt 0.2668 0.3013
vt 0.2563 0.2893
vt 0.9326 0.2949
vt 0.9287 0.2822
vt 0.9209 0.2959
vt 0.9888 0.1711
vt 0.9971 0.1888
vt 0.998 0.1805
vt 0.5933 0.1892
vt 0.5977 0.1744
vt 0.5889 0.1882
vt 0.325 0.2791
vt 0.3232 0.2695
vt 0.3188 0.2688
vt 0.4346 0.122
vt 0.4285 0.1176
vt 0.4277 0.1252
vt 0.2568 0.0738
vt 0.2563 0.0953
vt 0.2588 0.106
vt 0.772 0.0284
vt 0.7651 0.002
vt 0.7666 0.0282
vt 0.4746 0.0278
vt 0.4778 0.0349
vt 0.4778 0.0248
vt 0.0139 0.0736
vt 0.002 0.083
vt 0.0173 0.0944
vt 0.9067 0.1802
vt 0.9009 0.1693
vt 0.9004 0.1769
vt 0.9575 0.0258
vt 0.9575 0.0403
vt 0.9668 0.0411
vt 0.7832 0.938
vt 0.7998 0.9526
vt 0.7998 0.938
vt 0.7832 0.9526
vt 0.7661 0.938
vt 0.7832 0.9561
vt 0.7998 0.9561
vt 0.7661 0.9561
vt 0.7661 0.9526
vt 0.7495 0.938
vt 0.7495 0.9561
vt 0.7495 0.9526
vt 0.7329 0.938
vt 0.7329 0.9561
vt 0.7329 0.9526
vt 0.7158 0.938
vt 0.7158 0.9561
vt 0.7158 0.9526
vt 0.6992 0.938
vt 0.6992 0.9561
vt 0.6992 0.9526
vt 0.6821 0.938
vt 0.6821 0.9561
vt 0.6821 0.9526
vt 0.6655 0.938
vt 0.6655 0.9561
vt 0.6655 0.9526
vt 0.6484 0.938
vt 0.6484 0.9561
vt 0.6484 0.9526
vt 0.6318 0.938
vt 0.6318 0.9561
vt 0.6318 0.9526
vt 0.6152 0.938
vt 0.6152 0.9561
vt 0.6152 0.9526
vt 0.5981 0.938
vt 0.5981 0.9561
vt 0.5981 0.9526
vt 0.5815 0.938
vt 0.5815 0.9561
vt 0.5815 0.9526
vt 0.5645 0.938
vt 0.5645 0.9561
vt 0.5645 0.9526
vt 0.5479 0.938
vt 0.5479 0.9561
vt 0.5479 0.9526
vt 0.5312 0.938
vt 0.5312 0.9561
vt 0.5312 0.9526
vt 0.5142 0.938
vt 0.5142 0.9561
vt 0.5142 0.9526
vt 0.4976 0.938
vt 0.4976 0.9561
vt 0.4976 0.9526
vt 0.4807 0.938
vt 0.4807 0.9561
vt 0.4807 0.9526
vt 0.4639 0.938
vt 0.4639 0.9561
vt 0.4639 0.9526
vt 0.447 0.938
vt 0.447 0.9561
vt 0.447 0.9526
vt 0.4302 0.938
vt 0.4302 0.9561
vt 0.4302 0.9526
vt 0.4133 0.938
vt 0.4133 0.9561
vt 0.4133 0.9526
vt 0.3967 0.938
vt 0.3967 0.9561
vt 0.3967 0.9526
vt 0.4849 0.5317
vt 0.4919 0.5371
vt 0.5039 0.5103
vt 0.5044 0.52
vt 0.5127 0.501
vt 0.605 0.4578
vt 0.5928 0.4265
vt 0.5923 0.4397
vt 0.5835 0.4197
vt 0.5781 0.3979
vt 0.5703 0.4011
vt 0.5752 0.4246
vt 0.563 0.4092
vt 0.8008 0.2078
vt 0.7988 0.1893
vt 0.7949 0.1979
vt 0.7861 0.1969
vt 0.7944 0.1875
vt 0.8052 0.1843
vt 0.7876 0.1848
vt 0.8066 0.1678
vt 0.7954 0.1665
vt 0.4641 0.4995
vt 0.4668 0.5103
vt 0.4761 0.5059
vt 0.4756 0.4963
vt 0.4854 0.5132
vt 0.4697 0.491
vt 0.6167 0.5205
vt 0.626 0.522
vt 0.6191 0.5117
vt 0.6094 0.5098
vt 0.6108 0.5034
vt 0.2086 0.3628
vt 0.189 0.3479
vt 0.2078 0.3667
vt 0.1976 0.3418
vt 0.2075 0.3574
vt 0.212 0.3572
vt 0.4094 0.8677
vt 0.4062 0.8818
vt 0.418 0.877
vt 0.4148 0.8931
vt 0.4272 0.8853
vt 0.4363 0.9043
vt 0.4253 0.9106
vt 0.4053 0.9087
vt 0.4421 0.9102
vt 0.4019 0.9214
vt 0.425 0.9209
vt 0.4802 0.2108
vt 0.4602 0.21
vt 0.4695 0.2153
vt 0.4592 0.2164
vt 0.468 0.2227
vt 0.4744 0.2449
vt 0.4656 0.2395
vt 0.458 0.2211
vt 0.4727 0.2573
vt 0.4526 0.2307
vt 0.4836 0.2656
vt 0.4851 0.2566
vt 0.4702 0.2683
vt 0.4807 0.27
vt 0.4695 0.2729
vt 0.4492 0.2257
vt 0.4429 0.2288
vt 0.4382 0.2238
vt 0.4382 0.2104
vt 0.4392 0.1985
vt 0.4519 0.2004
vt 0.4585 0.1985
vt 0.6924 0.0021
vt 0.6875 0.0082
vt 0.6948 0.022
vt 0.6909 0.0303
vt 0.7026 0.076
vt 0.708 0.0753
vt 0.7075 0.0924
vt 0.7007 0.088
vt 0.9839 0.2812
vt 0.9834 0.2725
vt 0.9756 0.2886
vt 0.9858 0.3052
vt 0.9678 0.3096
vt 0.9897 0.3313
vt 0.4844 0.6777
vt 0.4993 0.688
vt 0.4844 0.6582
vt 0.499 0.6646
vt 0.5034 0.6846
vt 0.5059 0.6973
vt 0.4968 0.6963
vt 0.5005 0.7002
vt 0.5078 0.6934
vt 0.5103 0.6968
vt 0.5146 0.6958
vt 0.5142 0.6904
vt 0.5103 0.6821
vt 0.5146 0.6729
vt 0.4797 0.6475
vt 0.4856 0.6406
vt 0.5225 0.6655
vt 0.5273 0.6602
vt 0.4917 0.6377
vt 0.4941 0.6265
vt 0.5332 0.6523
vt 0.4973 0.6274
vt 0.4993 0.6167
vt 0.5391 0.6431
vt 0.312 0.0269
vt 0.3208 0.005
vt 0.3091 0.0034
vt 0.3184 0.0288
vt 0.3081 0.0352
vt 0.3306 0.0064
vt 0.3303 0.0408
vt 0.3071 0.071
vt 0.3433 0.0256
vt 0.3416 0.0068
vt 0.364 0.0064
vt 0.3701 0.0309
vt 0.3796 0.0069
vt 0.3438 0.0442
vt 0.3303 0.0717
vt 0.3894 0.0302
vt 0.4048 0.0073
vt 0.4045 0.0357
vt 0.3877 0.0414
vt 0.4011 0.0688
vt 0.3584 0.0438
vt 0.3447 0.0723
vt 0.3596 0.0722
vt 0.3865 0.0706
vt 0.3447 0.1041
vt 0.3845 0.0989
vt 0.3967 0.0971
vt 0.3604 0.1044
vt 0.3809 0.1274
vt 0.3921 0.1259
vt 0.3599 0.1306
vt 0.3765 0.157
vt 0.3879 0.1528
vt 0.3289 0.1017
vt 0.3457 0.1323
vt 0.3582 0.1602
vt 0.3853 0.1709
vt 0.3486 0.177
vt 0.3606 0.1805
vt 0.3855 0.1815
vt 0.3337 0.1487
vt 0.3992 0.1649
vt 0.3965 0.1359
vt 0.4082 0.1143
vt 0.4126 0.147
vt 0.4207 0.1201
vt 0.4158 0.067
vt 0.4321 0.0649
vt 0.4163 0.039
vt 0.4094 0.1686
vt 0.4321 0.0305
vt 0.4006 0.1862
vt 0.4126 0.2043
vt 0.4241 0.021
vt 0.4304 0.0042
vt 0.4185 0.0079
vt 0.4102 0.0085
vt 0.3882 0.1926
vt 0.3914 0.2084
vt 0.4026 0.2076
vt 0.3679 0.1941
vt 0.4082 0.2227
vt 0.4194 0.2192
vt 0.4219 0.2451
vt 0.4294 0.2349
vt 0.4424 0.2482
vt 0.3733 0.2096
vt 0.3459 0.1956
vt 0.4307 0.2585
vt 0.4485 0.2676
vt 0.3552 0.2103
vt 0.3577 0.2255
vt 0.3264 0.2166
vt 0.3879 0.2162
vt 0.3855 0.2209
vt 0.397 0.2244
vt 0.3875 0.2365
vt 0.4006 0.2385
vt 0.4331 0.2712
vt 0.4436 0.2783
vt 0.4561 0.2781
vt 0.4182 0.272
vt 0.4155 0.2581
vt 0.3943 0.2688
vt 0.4055 0.2764
vt 0.395 0.2761
vt 0.387 0.2761
vt 0.3655 0.2764
vt 0.3599 0.2568
vt 0.3469 0.2793
vt 0.3638 0.2844
vt 0.3406 0.2761
vt 0.3342 0.2671
vt 0.406 0.2499
vt 0.3948 0.2524
vt 0.3789 0.2456
vt 0.3372 0.2515
vt 0.3364 0.239
vt 0.3271 0.2622
vt 0.3567 0.2399
vt 0.3132 0.2457
vt 0.3125 0.2607
vt 0.3027 0.2617
vt 0.335 0.2278
vt 0.303 0.2395
vt 0.3037 0.2507
vt 0.3042 0.2274
vt 0.3083 0.2136
vt 0.2869 0.2588
vt 0.3044 0.271
vt 0.2944 0.2362
vt 0.3215 0.1956
vt 0.2966 0.2827
vt 0.313 0.2834
vt 0.2793 0.2379
vt 0.3315 0.1885
vt 0.3323 0.179
vt 0.313 0.1761
vt 0.312 0.1915
vt 0.2771 0.2732
vt 0.2725 0.243
vt 0.2717 0.2314
vt 0.2817 0.2827
vt 0.2839 0.2333
vt 0.2861 0.2194
vt 0.2742 0.1954
vt 0.2986 0.2145
vt 0.2847 0.1908
vt 0.2739 0.1731
vt 0.2981 0.1975
vt 0.2974 0.1741
vt 0.281 0.1578
vt 0.3113 0.1617
vt 0.2976 0.1637
vt 0.3193 0.1293
vt 0.3115 0.1174
vt 0.2908 0.1322
vt 0.2778 0.1221
vt 0.301 0.1137
vt 0.2769 0.0969
vt 0.2673 0.1003
vt 0.2717 0.0667
vt 0.2913 0.1031
vt 0.2861 0.0767
vt 0.2908 0.0707
vt 0.2991 0.0386
vt 0.281 0.041
vt 0.2871 0.0216
vt 0.301 0.0248
vt 0.2974 0.0021
vt 0.0247 0.0211
vt 0.0291 0.0087
vt 0.0227 0.0191
vt 0.0268 0.0288
vt 0.0258 0.0303
vt 0.6514 0.7554
vt 0.6582 0.7192
vt 0.6509 0.7202
vt 0.6597 0.7524
vt 0.6694 0.751
vt 0.6665 0.7178
vt 0.7192 0.1584
vt 0.7261 0.1492
vt 0.7207 0.1448
vt 0.7261 0.1409
vt 0.7173 0.1353
vt 0.7134 0.1378
vt 0.2554 0.2108
vt 0.2471 0.2115
vt 0.2448 0.2203
vt 0.2627 0.2112
vt 0.2455 0.2246
vt 0.2544 0.225
vt 0.2408 0.2351
vt 0.2305 0.1168
vt 0.2313 0.1294
vt 0.2372 0.1204
vt 0.2382 0.132
vt 0.2441 0.1294
vt 0.6123 0.0283
vt 0.5957 0.0483
vt 0.604 0.0522
vt 0.6006 0.066
vt 0.5938 0.0634
vt 0.562 0.5234
vt 0.5718 0.5176
vt 0.5586 0.5049
vt 0.5679 0.5273
vt 0.584 0.5322
vt 0.5527 0.5352
vt 0.5889 0.5181
vt 0.5728 0.4988
vt 0.5664 0.5039
vt 0.5942 0.5107
vt 0.6025 0.5293
vt 0.6025 0.5093
vt 0.5942 0.4934
vt 0.6006 0.5361
vt 0.5762 0.4878
vt 0.564 0.4902
vt 0.5835 0.4753
vt 0.5635 0.4739
vt 0.5503 0.4797
vt 0.543 0.4678
vt 0.5508 0.4604
vt 0.5688 0.4597
vt 0.5791 0.45
vt 0.5923 0.4695
vt 0.5669 0.4353
vt 0.54 0.4216
vt 0.5254 0.4131
vt 0.5542 0.4292
vt 0.5371 0.407
vt 0.5303 0.4072
vt 0.5244 0.4009
vt 0.5181 0.4011
vt 0.5078 0.3918
vt 0.1738 0.7207
vt 0.1733 0.7329
vt 0.1765 0.7246
vt 0.1771 0.7412
vt 0.175 0.7427
vt 0.1808 0.7515
vt 0.1843 0.7485
vt 0.1926 0.7534
vt 0.1923 0.7554
vt 0.2048 0.7515
vt 0.2032 0.749
vt 0.2115 0.7388
vt 0.2065 0.7383
vt 0.2031 0.7207
vt 0.204 0.7271
vt 0.1975 0.7158
vt 0.1964 0.7178
vt 0.1876 0.7148
vt 0.6108 0.1164
vt 0.6128 0.1116
vt 0.606 0.1074
vt 0.606 0.1127
vt 0.6045 0.116
vt 0.6069 0.1231
vt 0.6079 0.1281
vt 0.6113 0.1262
vt 0.6162 0.1376
vt 0.6172 0.1344
vt 0.1089 0.4121
vt 0.1071 0.4258
vt 0.1121 0.4224
vt 0.114 0.4321
vt 0.0985 0.4392
vt 0.0934 0.4204
vt 0.1051 0.4124
vt 0.1002 0.4011
vt 0.0894 0.4045
vt 0.0756 0.4207
vt 0.0745 0.439
vt 0.0768 0.4065
vt 0.0642 0.439
vt 0.0679 0.4172
vt 0.0566 0.4077
vt 0.0815 0.4001
vt 0.0593 0.3896
vt 0.095 0.3904
vt 0.0541 0.4229
vt 0.0487 0.4382
vt 0.0431 0.4299
vt 0.0345 0.4382
vt 0.0313 0.4187
vt 0.0432 0.4121
vt 0.0467 0.3948
vt 0.0243 0.3911
vt 0.0465 0.3865
vt 0.0374 0.3667
vt 0.0231 0.3762
vt 0.0179 0.3606
vt 0.0484 0.3689
vt 0.0605 0.3438
vt 0.0443 0.3552
vt 0.0699 0.3743
vt 0.0944 0.3623
vt 0.1204 0.3743
vt 0.113 0.3667
vt 0.1345 0.3638
vt 0.1242 0.3552
vt 0.1283 0.3425
vt 0.1431 0.3577
vt 0.1495 0.365
vt 0.1602 0.3447
vt 0.1649 0.3513
vt 0.1882 0.3362
vt 0.0472 0.3359
vt 0.0331 0.3396
vt 0.0199 0.3401
vt 0.002 0.3525
vt 0.0035 0.3296
vt 0.0206 0.3079
vt 0.0061 0.3018
vt 0.0093 0.2808
vt 0.0418 0.3115
vt 0.0201 0.2717
vt 0.0123 0.2639
vt 0.0272 0.2456
vt 0.0543 0.3267
vt 0.054 0.3101
vt 0.0769 0.3125
vt 0.0856 0.3391
vt 0.041 0.2766
vt 0.0391 0.251
vt 0.1091 0.345
vt 0.1186 0.3228
vt 0.09 0.3286
vt 0.0435 0.2267
vt 0.0322 0.2186
vt 0.0333 0.1991
vt 0.1024 0.3157
vt 0.1088 0.3008
vt 0.1353 0.3118
vt 0.0469 0.1947
vt 0.0367 0.1638
vt 0.1421 0.3318
vt 0.1466 0.3054
vt 0.1307 0.2896
vt 0.1509 0.3247
vt 0.1725 0.312
vt 0.1823 0.3271
vt 0.2018 0.314
vt 0.2413 0.2983
vt 0.1871 0.313
vt 0.1962 0.2988
vt 0.1705 0.2922
vt 0.2136 0.2881
vt 0.2463 0.2878
vt 0.243 0.271
vt 0.1954 0.282
vt 0.219 0.2671
vt 0.1887 0.2603
vt 0.1711 0.2664
vt 0.2136 0.252
vt 0.1508 0.2844
vt 0.135 0.2852
vt 0.2507 0.2517
vt 0.2454 0.2424
vt 0.1212 0.2803
vt 0.1412 0.2776
vt 0.1178 0.2854
vt 0.1105 0.2852
vt 0.0908 0.2996
vt 0.1036 0.2786
vt 0.2551 0.2622
vt 0.2512 0.2842
vt 0.2598 0.2502
vt 0.2534 0.2401
vt 0.0746 0.2957
vt 0.0844 0.2737
vt 0.0515 0.2766
vt 0.0664 0.2666
vt 0.0525 0.2578
vt 0.0565 0.2424
vt 0.0651 0.2473
vt 0.0767 0.2415
vt 0.063 0.2081
vt 0.0839 0.2642
vt 0.0916 0.2673
vt 0.0876 0.2529
vt 0.1075 0.2722
vt 0.1168 0.2803
vt 0.1164 0.2573
vt 0.1012 0.2612
vt 0.0977 0.2432
vt 0.1065 0.2478
vt 0.13 0.2455
vt 0.129 0.2607
vt 0.0992 0.2012
vt 0.108 0.2223
vt 0.1126 0.2021
vt 0.1311 0.2245
vt 0.1376 0.2471
vt 0.081 0.2028
vt 0.1398 0.2578
vt 0.1448 0.2703
vt 0.1556 0.2615
vt 0.16 0.243
vt 0.1747 0.2539
vt 0.17 0.2646
vt 0.1738 0.2349
vt 0.1508 0.222
vt 0.1635 0.2234
vt 0.1741 0.2228
vt 0.1658 0.1901
vt 0.1592 0.2086
vt 0.1375 0.2059
vt 0.147 0.1996
vt 0.1309 0.1859
vt 0.1295 0.204
vt 0.1521 0.1913
vt 0.1575 0.1787
vt 0.1687 0.1783
vt 0.1688 0.17
vt 0.1423 0.1843
vt 0.1127 0.1841
vt 0.0818 0.1869
vt 0.0699 0.1864
vt 0.0598 0.1858
vt 0.0551 0.1714
vt 0.0544 0.135
vt 0.0354 0.1439
vt 0.0708 0.172
vt 0.0674 0.1549
vt 0.0793 0.1415
vt 0.0972 0.1656
vt 0.0452 0.1158
vt 0.0493 0.0835
vt 0.0297 0.1138
vt 0.0364 0.0867
vt 0.0236 0.0768
vt 0.0289 0.0554
vt 0.0672 0.1379
vt 0.066 0.1131
vt 0.077 0.1248
vt 0.0982 0.1385
vt 0.0462 0.0536
vt 0.0371 0.0208
vt 0.1005 0.116
vt 0.1127 0.1533
vt 0.1125 0.1399
vt 0.1113 0.1729
vt 0.1276 0.1713
vt 0.131 0.1598
vt 0.1365 0.1738
vt 0.1531 0.1633
vt 0.1638 0.1672
vt 0.1316 0.1469
vt 0.1561 0.1504
vt 0.1714 0.1342
vt 0.1654 0.1185
vt 0.1434 0.1523
vt 0.1538 0.1178
vt 0.1586 0.0923
vt 0.1708 0.0934
vt 0.1766 0.0643
vt 0.1375 0.1153
vt 0.1167 0.1094
vt 0.1661 0.066
vt 0.1812 0.0411
vt 0.142 0.0957
vt 0.1451 0.0645
vt 0.1482 0.0278
vt 0.1832 0.0293
vt 0.1924 0.0317
vt 0.187 0.0086
vt 0.1721 0.029
vt 0.1715 0.0084
vt 0.1523 0.0071
vt 0.1334 0.0082
vt 0.1127 0.0234
vt 0.1203 0.0087
vt 0.1106 0.0073
vt 0.0874 0.0046
vt 0.1229 0.0388
vt 0.082 0.026
vt 0.1011 0.064
vt 0.1191 0.0641
vt 0.1172 0.0917
vt 0.0997 0.0925
vt 0.0789 0.1026
vt 0.0778 0.0621
vt 0.0645 0.0882
vt 0.0603 0.0584
vt 0.0626 0.0335
vt 0.069 0.0226
vt 0.072 0.0036
vt 0.0497 0.0232
vt 0.051 0.0021
vt 0.0432 0.0303
vt 0.469 0.0096
vt 0.4731 0.0164
vt 0.481 0.0168
vt 0.4683 0.0207
vt 0.4558 0.0025
vt 0.4451 0.0021
vt 0.4517 0.0239
vt 0.4421 0.0255
vt 0.4673 0.0332
vt 0.4497 0.0372
vt 0.4504 0.0503
vt 0.4407 0.0393
vt 0.4485 0.0544
vt 0.4446 0.0569
vt 0.4382 0.0496
vt 0.4426 0.0613
vt 0.603 0.5708
vt 0.606 0.5503
vt 0.5991 0.5635
vt 0.582 0.5781
vt 0.5801 0.5708
vt 0.5723 0.5854
vt 0.5898 0.5825
vt 0.5938 0.5874
vt 0.5811 0.5903
vt 0.5737 0.5918
vt 0.5679 0.6011
vt 0.5576 0.605
vt 0.3357 0.4097
vt 0.3369 0.4194
vt 0.343 0.4189
vt 0.3428 0.4297
vt 0.3369 0.4307
vt 0.3467 0.4404
vt 0.3328 0.4517
vt 0.3438 0.4504
vt 0.3506 0.4529
vt 0.3279 0.4509
vt 0.3328 0.4209
vt 0.3364 0.4644
vt 0.3203 0.4565
vt 0.3567 0.4746
vt 0.3672 0.4556
vt 0.3252 0.4761
vt 0.3086 0.4617
vt 0.3716 0.4744
vt 0.3787 0.4558
vt 0.3044 0.4673
vt 0.2937 0.4585
vt 0.2881 0.4661
vt 0.2961 0.478
vt 0.303 0.491
vt 0.2893 0.4851
vt 0.2854 0.4805
vt 0.2891 0.4915
vt 0.3826 0.4778
vt 0.3853 0.4561
vt 0.3142 0.4839
vt 0.2957 0.5029
vt 0.2883 0.5005
vt 0.2834 0.5049
vt 0.2786 0.502
vt 0.2771 0.5078
vt 0.2834 0.5122
vt 0.2942 0.5098
vt 0.3032 0.5059
vt 0.2969 0.5151
vt 0.292 0.5239
vt 0.3018 0.5137
vt 0.3132 0.519
vt 0.3066 0.5034
vt 0.3247 0.5146
vt 0.3342 0.5273
vt 0.3123 0.5239
vt 0.3228 0.501
vt 0.3416 0.5146
vt 0.332 0.4856
vt 0.3435 0.4861
vt 0.3586 0.4839
vt 0.356 0.4983
vt 0.3652 0.5039
vt 0.3645 0.5186
vt 0.3623 0.4932
vt 0.3682 0.5278
vt 0.3748 0.4929
vt 0.3816 0.5059
vt 0.3608 0.5381
vt 0.3767 0.5298
vt 0.3962 0.5039
vt 0.3987 0.4934
vt 0.405 0.5083
vt 0.3835 0.521
vt 0.4033 0.5298
vt 0.3933 0.5225
vt 0.3877 0.541
vt 0.3923 0.5498
vt 0.3735 0.5469
vt 0.4104 0.5312
vt 0.4102 0.5195
vt 0.4119 0.5112
vt 0.4045 0.5005
vt 0.4175 0.543
vt 0.3953 0.5591
vt 0.4104 0.5547
vt 0.3723 0.5684
vt 0.3899 0.5659
vt 0.3701 0.5757
vt 0.3735 0.5571
vt 0.3562 0.5742
vt 0.354 0.5801
vt 0.3425 0.5713
vt 0.353 0.561
vt 0.3538 0.5581
vt 0.3352 0.5454
vt 0.3408 0.5796
vt 0.3582 0.5894
vt 0.3418 0.564
vt 0.323 0.5391
vt 0.3193 0.5562
vt 0.324 0.5713
vt 0.3179 0.5288
vt 0.3254 0.5762
vt 0.3103 0.5659
vt 0.312 0.5439
vt 0.3098 0.5327
vt 0.3074 0.5229
vt 0.3032 0.541
vt 0.301 0.5635
vt 0.2971 0.5483
vt 0.3127 0.5737
vt 0.3247 0.5825
vt 0.3115 0.5825
vt 0.3052 0.5718
vt 0.3154 0.5913
vt 0.3418 0.5903
vt 0.3442 0.5991
vt 0.3147 0.6021
vt 0.3423 0.604
vt 0.373 0.5947
vt 0.3767 0.5879
vt 0.394 0.5864
vt 0.3845 0.5718
vt 0.3972 0.5791
vt 0.4033 0.5674
vt 0.4136 0.5664
vt 0.3967 0.5659
vt 0.4146 0.5518
vt 0.5288 0.4478
vt 0.5171 0.4636
vt 0.5327 0.4622
vt 0.5161 0.4541
vt 0.5166 0.4443
vt 0.5181 0.4341
vt 0.5239 0.4324
vt 0.5161 0.4255
vt 0.7192 0.4375
vt 0.7134 0.4399
vt 0.7207 0.4429
vt 0.7095 0.4355
vt 0.7212 0.4241
vt 0.71 0.4209
vt 0.6997 0.4368
vt 0.7251 0.4136
vt 0.7007 0.4204
vt 0.7158 0.4053
vt 0.7319 0.4016
vt 0.7085 0.386
vt 0.6929 0.4216
vt 0.7227 0.3958
vt 0.7256 0.3804
vt 0.7207 0.3721
vt 0.7397 0.376
vt 0.7432 0.366
vt 0.7314 0.3628
vt 0.7568 0.3589
vt 0.7153 0.3628
vt 0.7246 0.3564
vt 0.9141 0.9385
vt 0.9136 0.937
vt 0.9106 0.9448
vt 0.9126 0.9448
vt 0.9106 0.9497
vt 0.9131 0.9507
vt 0.9116 0.9595
vt 0.917 0.9424
vt 0.9238 0.9375
vt 0.9229 0.9341
vt 0.9316 0.937
vt 0.9312 0.9331
vt 0.9424 0.9404
vt 0.9473 0.9487
vt 0.9497 0.9473
vt 0.9541 0.958
vt 0.9497 0.959
vt 0.9487 0.9692
vt 0.9507 0.9702
vt 0.9136 0.9561
vt 0.9155 0.9521
vt 0.918 0.9639
vt 0.9219 0.9746
vt 0.9268 0.9722
vt 0.9277 0.978
vt 0.9385 0.9756
vt 0.1821 0.8848
vt 0.1816 0.8667
vt 0.1763 0.8677
vt 0.1716 0.8877
vt 0.1686 0.8521
vt 0.1655 0.8862
vt 0.1536 0.8833
vt 0.1548 0.8857
vt 0.1694 0.8237
vt 0.1827 0.8105
vt 0.1907 0.8281
vt 0.1995 0.8022
vt 0.2013 0.8125
vt 0.1898 0.793
vt 0.2023 0.7842
vt 0.2031 0.7954
vt 0.2203 0.7876
vt 0.2078 0.8022
vt 0.2257 0.7979
vt 0.2137 0.7783
vt 0.2346 0.7773
vt 0.1725 0.8091
vt 0.1539 0.8018
vt 0.1677 0.7998
vt 0.1729 0.7876
vt 0.179 0.7964
vt 0.1846 0.7852
vt 0.1549 0.8271
vt 0.163 0.834
vt 0.147 0.8311
vt 0.1521 0.8545
vt 0.1396 0.8574
vt 0.1421 0.8823
vt 0.144 0.8853
vt 0.1361 0.835
vt 0.1301 0.8013
vt 0.1422 0.8013
vt 0.1548 0.79
vt 0.139 0.791
vt 0.1259 0.792
vt 0.1214 0.7637
vt 0.1366 0.7734
vt 0.139 0.7637
vt 0.1481 0.771
vt 0.1556 0.7627
vt 0.1614 0.7705
vt 0.1664 0.77
vt 0.1768 0.7695
vt 0.171 0.7607
vt 0.182 0.7666
vt 0.1849 0.7661
vt 0.1786 0.7603
vt 0.8843 0.6182
vt 0.8794 0.6089
vt 0.8818 0.6328
vt 0.8862 0.6348
vt 0.2 0.957
vt 0.2013 0.9185
vt 0.1874 0.9561
vt 0.1926 0.9185
vt 0.183 0.9321
vt 0.1785 0.9551
vt 0.182 0.9194
vt 0.3965 0.8828
vt 0.3831 0.9053
vt 0.3904 0.9102
vt 0.3792 0.9404
vt 0.3872 0.9409
vt 0.3679 0.9136
vt 0.3677 0.936
vt 0.3718 0.8955
vt 0.3882 0.8789
vt 0.356 0.9199
vt 0.3723 0.8794
vt 0.384 0.8716
vt 0.3701 0.856
vt 0.3784 0.8506
vt 0.3589 0.8613
vt 0.3596 0.8511
vt 0.3486 0.8652
vt 0.3628 0.8438
vt 0.3518 0.8823
vt 0.3372 0.8711
vt 0.3452 0.8975
vt 0.3547 0.8999
vt 0.3459 0.9106
vt 0.3494 0.9229
vt 0.3589 0.936
vt 0.3506 0.938
vt 0.3582 0.9434
vt 0.3494 0.9438
vt 0.3589 0.9458
vt 0.3496 0.9458
vt 0.6211 0.2087
vt 0.626 0.2233
vt 0.627 0.2119
vt 0.5996 0.2211
vt 0.6167 0.229
vt 0.6274 0.2394
vt 0.5972 0.2305
vt 0.625 0.2449
vt 0.605 0.1931
vt 0.5981 0.2428
vt 0.624 0.2537
vt 0.5977 0.2524
vt 0.5889 0.2413
vt 0.5889 0.2505
vt 0.5908 0.2288
vt 0.5938 0.1982
vt 0.6162 0.1885
vt 0.6211 0.2053
vt 0.6284 0.2013
vt 0.6299 0.192
vt 0.6167 0.1833
vt 0.626 0.1624
vt 0.6196 0.1476
vt 0.4578 0.292
vt 0.4438 0.2822
vt 0.4658 0.3154
vt 0.4341 0.2983
vt 0.4417 0.314
vt 0.4587 0.3252
vt 0.4683 0.332
vt 0.4595 0.3425
vt 0.4272 0.3247
vt 0.4065 0.2861
vt 0.4009 0.304
vt 0.4331 0.3398
vt 0.3989 0.3228
vt 0.3684 0.2886
vt 0.3579 0.2944
vt 0.3374 0.2822
vt 0.446 0.3523
vt 0.4639 0.3469
vt 0.4719 0.3347
vt 0.4597 0.3599
vt 0.4382 0.364
vt 0.4299 0.3494
vt 0.4138 0.345
vt 0.4226 0.3577
vt 0.3992 0.3301
vt 0.3835 0.3269
vt 0.4055 0.3484
vt 0.3931 0.3335
vt 0.4111 0.3577
vt 0.4167 0.3713
vt 0.4219 0.3792
vt 0.3926 0.3794
vt 0.3999 0.385
vt 0.387 0.3906
vt 0.3943 0.3662
vt 0.3833 0.3601
vt 0.3716 0.3706
vt 0.3779 0.3525
vt 0.3938 0.3428
vt 0.3674 0.3918
vt 0.3533 0.3569
vt 0.3682 0.3342
vt 0.3579 0.3506
vt 0.3726 0.3262
vt 0.3792 0.323
vt 0.3591 0.3198
vt 0.3711 0.3083
vt 0.3523 0.301
vt 0.353 0.3259
vt 0.3477 0.3113
vt 0.333 0.2986
vt 0.345 0.2874
vt 0.3406 0.2878
vt 0.3301 0.2903
vt 0.3376 0.3296
vt 0.325 0.3013
vt 0.3074 0.302
vt 0.3213 0.3203
vt 0.2932 0.3108
vt 0.2969 0.3208
vt 0.323 0.3311
vt 0.3049 0.3352
vt 0.3198 0.3433
vt 0.2795 0.2925
vt 0.2795 0.3032
vt 0.2732 0.2842
vt 0.2683 0.2737
vt 0.2617 0.2842
vt 0.3074 0.3445
vt 0.2888 0.3242
vt 0.3137 0.3574
vt 0.3276 0.3533
vt 0.3254 0.366
vt 0.3132 0.365
vt 0.3196 0.3779
vt 0.3313 0.3818
vt 0.3557 0.3665
vt 0.3489 0.384
vt 0.3591 0.397
vt 0.3718 0.3984
vt 0.3679 0.4058
vt 0.3582 0.4133
vt 0.3894 0.3994
vt 0.4131 0.3933
vt 0.3872 0.418
vt 0.3545 0.4294
vt 0.376 0.4348
vt 0.3955 0.436
vt 0.3997 0.4187
vt 0.4067 0.4365
vt 0.4014 0.4019
vt 0.4109 0.408
vt 0.4241 0.3928
vt 0.4163 0.4102
vt 0.4119 0.4368
vt 0.9517 0.11
vt 0.9331 0.1004
vt 0.9385 0.1171
vt 0.9272 0.118
vt 0.9351 0.132
vt 0.9146 0.1047
vt 0.9238 0.092
vt 0.9375 0.0935
vt 0.9243 0.0874
vt 0.9121 0.094
vt 0.9292 0.0822
vt 0.9419 0.0822
vt 0.9297 0.0731
vt 0.9116 0.0747
vt 0.9092 0.1141
vt 0.9009 0.1011
vt 0.8901 0.088
vt 0.8975 0.0773
vt 0.9141 0.0668
vt 0.9189 0.1307
vt 0.9019 0.1335
vt 0.9126 0.1387
vt 0.9272 0.1399
vt 0.939 0.1415
vt 0.9448 0.1342
vt 0.9248 0.0618
vt 0.936 0.0684
vt 0.9307 0.0556
vt 0.9395 0.0594
vt 0.9492 0.0621
vt 0.9458 0.0709
vt 0.9487 0.0558
vt 0.9395 0.0513
vt 0.9224 0.0386
vt 0.9082 0.0577
vt 0.9131 0.0412
vt 0.9365 0.0474
vt 0.9521 0.0491
vt 0.9351 0.0346
vt 0.9468 0.0373
vt 0.9668 0.6475
vt 0.9517 0.6528
vt 0.9629 0.666
vt 0.9541 0.6592
vt 0.9556 0.6743
vt 0.9565 0.6831
vt 0.9517 0.6846
vt 0.9502 0.6929
vt 0.9453 0.6973
vt 0.9419 0.6904
vt 0.9268 0.689
vt 0.9351 0.7012
vt 0.9243 0.7002
vt 0.9131 0.6953
vt 0.8984 0.6826
vt 0.9106 0.6797
vt 0.9038 0.6724
vt 0.895 0.6694
vt 0.897 0.6602
vt 0.9023 0.6636
vt 0.9019 0.6553
vt 0.9087 0.6392
vt 0.9111 0.647
vt 0.9258 0.6411
vt 0.9229 0.6255
vt 0.0707 0.5366
vt 0.0565 0.5571
vt 0.0591 0.5752
vt 0.0441 0.562
vt 0.0392 0.5542
vt 0.0512 0.5469
vt 0.0661 0.5293
vt 0.0543 0.5259
vt 0.0568 0.52
vt 0.0706 0.5068
vt 0.0512 0.5215
vt 0.0472 0.5405
vt 0.0399 0.5415
vt 0.0462 0.5063
vt 0.0515 0.5015
vt 0.0344 0.4917
vt 0.0394 0.5044
vt 0.0362 0.5396
vt 0.0377 0.5513
vt 0.0258 0.542
vt 0.0206 0.4868
vt 0.026 0.5293
vt 0.0128 0.5288
vt 0.0213 0.542
vt 0.0151 0.5381
vt 0.0179 0.5542
vt 0.0091 0.5371
vt 0.0095 0.5498
vt 0.002 0.5312
vt 0.0124 0.4844
vt 0.009 0.4856
vt 0.0362 0.4434
vt 0.0423 0.446
vt 0.0513 0.4514
vt 0.0288 0.4854
vt 0.0372 0.4868
vt 0.0579 0.4583
vt 0.0405 0.4895
vt 0.0407 0.49
vt 0.0423 0.4934
vt 0.0469 0.4812
vt 0.062 0.4629
vt 0.0478 0.7637
vt 0.0341 0.7495
vt 0.0452 0.7793
vt 0.0578 0.7866
vt 0.0629 0.7764
vt 0.0728 0.7905
vt 0.0927 0.7871
vt 0.095 0.792
vt 0.1002 0.7842
vt 0.1022 0.7852
vt 0.0965 0.7959
vt 0.0989 0.8042
vt 0.0828 0.8062
vt 0.1 0.8145
vt 0.0455 0.8013
vt 0.0774 0.8164
vt 0.0984 0.8237
vt 0.0731 0.8257
vt 0.0548 0.8281
vt 0.0479 0.8169
vt 0.04 0.8276
vt 0.0435 0.8335
vt 0.0241 0.832
vt 0.0264 0.8247
vt 0.0256 0.7949
vt 0.0153 0.8228
vt 0.0166 0.835
vt 0.0149 0.7959
vt 0.0356 0.7891
vt 0.0363 0.7798
vt 0.0297 0.7505
vt 0.0186 0.7764
vt 0.0219 0.7627
vt 0.021 0.7397
vt 0.0269 0.7305
vt 0.0027 0.7534
vt 0.003 0.7617
vt 0.0143 0.7407
vt 0.002 0.7246
vt 0.0158 0.7173
vt 0.0226 0.7134
vt 0.0039 0.7041
vt 0.0161 0.7036
vt 0.0044 0.6934
vt 0.4797 0.3152
vt 0.4814 0.342
vt 0.4841 0.3284
vt 0.4846 0.3176
vt 0.4866 0.3079
vt 0.4883 0.312
vt 0.4971 0.3093
vt 0.5024 0.386
vt 0.4771 0.3821
vt 0.4692 0.3989
vt 0.5117 0.3716
vt 0.5132 0.386
vt 0.4895 0.3521
vt 0.5312 0.3701
vt 0.5527 0.3452
vt 0.5298 0.3813
vt 0.5083 0.3503
vt 0.5078 0.3313
vt 0.5527 0.377
vt 0.5391 0.3923
vt 0.5566 0.3914
vt 0.5312 0.3247
vt 0.5527 0.366
vt 0.5825 0.3691
vt 0.5684 0.3735
vt 0.5718 0.3921
vt 0.585 0.3928
vt 0.605 0.3921
vt 0.6055 0.3684
vt 0.5845 0.3386
vt 0.6021 0.3374
vt 0.5786 0.2925
vt 0.5923 0.2876
vt 0.5854 0.2634
vt 0.5518 0.3152
vt 0.5352 0.2974
vt 0.5498 0.2952
vt 0.5479 0.2754
vt 0.5684 0.2625
vt 0.5195 0.3076
vt 0.5068 0.2979
vt 0.5088 0.2705
vt 0.5439 0.2517
vt 0.5059 0.2524
vt 0.5645 0.2495
vt 0.5762 0.2439
vt 0.5254 0.2404
vt 0.4985 0.2205
vt 0.5552 0.2238
vt 0.564 0.2117
vt 0.5459 0.2
vt 0.5396 0.2339
vt 0.5337 0.2133
vt 0.5186 0.2181
vt 0.4885 0.2028
vt 0.5254 0.1969
vt 0.5088 0.1957
vt 0.4844 0.1783
vt 0.5039 0.1617
vt 0.5117 0.1741
vt 0.5298 0.1471
vt 0.5015 0.1465
vt 0.5015 0.1274
vt 0.5044 0.1022
vt 0.5332 0.1074
vt 0.5093 0.0814
vt 0.5264 0.1881
vt 0.5439 0.1937
vt 0.5254 0.1631
vt 0.5464 0.1777
vt 0.563 0.1841
vt 0.5615 0.1982
vt 0.5806 0.2087
vt 0.583 0.228
vt 0.5625 0.1721
vt 0.5508 0.1664
vt 0.5659 0.1547
vt 0.5439 0.1554
vt 0.5435 0.1445
vt 0.5669 0.1451
vt 0.5576 0.1301
vt 0.5444 0.1306
vt 0.5483 0.113
vt 0.562 0.1153
vt 0.5728 0.132
vt 0.5732 0.1412
vt 0.5894 0.147
vt 0.5762 0.124
vt 0.5508 0.1021
vt 0.5703 0.1061
vt 0.5249 0.0839
vt 0.5449 0.0739
vt 0.5361 0.059
vt 0.5527 0.0685
vt 0.5757 0.0852
vt 0.5815 0.1089
vt 0.5093 0.0645
vt 0.4827 0.0739
vt 0.481 0.0599
vt 0.4846 0.0464
vt 0.5098 0.047
vt 0.5312 0.0415
vt 0.4949 0.0215
vt 0.5059 0.0201
vt 0.4939 0.0038
vt 0.5059 0.0035
vt 0.5166 0.0029
vt 0.519 0.0247
vt 0.5278 0.0021
vt 0.5322 0.026
vt 0.1802 0.3633
vt 0.1617 0.3711
vt 0.1948 0.3777
vt 0.1715 0.3809
vt 0.1515 0.3774
vt 0.1946 0.3994
vt 0.2042 0.3936
vt 0.2148 0.3982
vt 0.2048 0.3789
vt 0.178 0.3992
vt 0.1837 0.4106
vt 0.1671 0.4111
vt 0.16 0.3899
vt 0.1459 0.386
vt 0.1422 0.3787
vt 0.1473 0.3701
vt 0.1515 0.405
vt 0.1639 0.4197
vt 0.1704 0.4233
vt 0.1813 0.4299
vt 0.1752 0.4382
vt 0.1913 0.4316
vt 0.1842 0.4414
vt 0.1885 0.4487
vt 0.7212 0.5054
vt 0.729 0.4956
vt 0.7188 0.4941
vt 0.731 0.5034
vt 0.7349 0.4917
vt 0.7432 0.4912
vt 0.7373 0.4993
vt 0.7402 0.4827
vt 0.7407 0.468
vt 0.7471 0.4814
vt 0.7456 0.4668
vt 0.6479 0.6196
vt 0.6416 0.6177
vt 0.6382 0.6592
vt 0.6528 0.5933
vt 0.6396 0.6035
vt 0.665 0.6055
vt 0.6748 0.6172
vt 0.6455 0.6465
vt 0.6792 0.5923
vt 0.6816 0.5728
vt 0.6572 0.5723
vt 0.6567 0.5464
vt 0.6714 0.6426
vt 0.6533 0.6572
vt 0.6401 0.6753
vt 0.6475 0.6792
vt 0.6328 0.7056
vt 0.6416 0.7085
vt 0.6631 0.6826
vt 0.6558 0.7017
vt 0.6567 0.7124
vt 0.668 0.7021
vt 0.6802 0.6904
vt 0.6831 0.7002
vt 0.6641 0.7109
vt 0.7129 0.6958
vt 0.6714 0.6812
vt 0.7139 0.6895
vt 0.7466 0.6978
vt 0.7339 0.689
vt 0.7339 0.6787
vt 0.7095 0.6748
vt 0.7271 0.6323
vt 0.7095 0.6445
vt 0.6929 0.6274
vt 0.7104 0.6045
vt 0.71 0.5669
vt 0.7261 0.5659
vt 0.7368 0.5854
vt 0.7388 0.6084
vt 0.7393 0.6445
vt 0.7197 0.5454
vt 0.7075 0.5488
vt 0.6831 0.5439
vt 0.6797 0.5112
vt 0.7017 0.5234
vt 0.7104 0.5122
vt 0.6973 0.4963
vt 0.7021 0.481
vt 0.6538 0.5288
vt 0.6416 0.5312
vt 0.6421 0.5449
vt 0.6406 0.5806
vt 0.646 0.5215
vt 0.6357 0.5146
vt 0.6528 0.5156
vt 0.6421 0.4927
vt 0.6309 0.491
vt 0.6621 0.5063
vt 0.6719 0.4951
vt 0.6689 0.4875
vt 0.6401 0.469
vt 0.6255 0.4458
vt 0.6631 0.4495
vt 0.6392 0.4397
vt 0.625 0.4189
vt 0.6924 0.4814
vt 0.6938 0.4707
vt 0.6748 0.4692
vt 0.6875 0.4595
vt 0.686 0.4163
vt 0.6621 0.4214
vt 0.6885 0.3977
vt 0.644 0.4065
vt 0.6265 0.4038
vt 0.6401 0.3765
vt 0.6641 0.4038
vt 0.6865 0.3774
vt 0.6528 0.3762
vt 0.6387 0.374
vt 0.668 0.3772
vt 0.6523 0.374
vt 0.6392 0.364
vt 0.6694 0.3752
vt 0.6533 0.3647
vt 0.6421 0.3533
vt 0.6577 0.3542
vt 0.6699 0.3562
vt 0.6831 0.3569
vt 0.6895 0.3562
vt 0.6909 0.3779
vt 0.6914 0.3933
vt 0.447 0.4053
vt 0.4319 0.4324
vt 0.4355 0.4326
vt 0.4292 0.4258
vt 0.4417 0.4021
vt 0.4504 0.3916
vt 0.4622 0.3879
vt 0.4187 0.4487
vt 0.4233 0.4502
vt 0.4226 0.4712
vt 0.4175 0.4644
vt 0.4207 0.4819
vt 0.4333 0.4963
vt 0.4336 0.5024
vt 0.446 0.5127
vt 0.4312 0.5127
vt 0.4375 0.5322
vt 0.4521 0.5259
vt 0.4431 0.5449
vt 0.468 0.5176
vt 0.4561 0.5483
vt 0.4685 0.5835
vt 0.4683 0.5322
vt 0.4807 0.5186
vt 0.4731 0.5737
vt 0.4863 0.5908
vt 0.4907 0.603
vt 0.5044 0.604
vt 0.5068 0.6108
vt 0.5273 0.6138
vt 0.5312 0.6191
vt 0.5537 0.6191
vt 0.5415 0.6216
vt 0.5557 0.6216
vt 0.5752 0.6191
vt 0.5781 0.6157
vt 0.5957 0.6084
vt 0.6001 0.6006
vt 0.6118 0.5938
vt 0.6191 0.5767
vt 0.6211 0.5767
vt 0.6235 0.564
vt 0.6196 0.5596
vt 0.6191 0.5435
vt 0.4932 0.1283
vt 0.4844 0.1313
vt 0.4692 0.1649
vt 0.4812 0.1606
vt 0.7515 0.3389
vt 0.7627 0.3516
vt 0.7637 0.3376
vt 0.751 0.3235
vt 0.7642 0.3235
vt 0.7622 0.3142
vt 0.75 0.3113
vt 0.8867 0.5083
vt 0.8965 0.5156
vt 0.8979 0.4961
vt 0.8833 0.5176
vt 0.8809 0.5264
vt 0.8887 0.5317
vt 0.8657 0.5249
vt 0.874 0.5132
vt 0.8711 0.5332
vt 0.876 0.5435
vt 0.8599 0.543
vt 0.854 0.5244
vt 0.8594 0.5083
vt 0.8608 0.4958
vt 0.8462 0.5464
vt 0.8862 0.4885
vt 0.8652 0.5605
vt 0.8716 0.5781
vt 0.8613 0.5918
vt 0.873 0.5938
vt 0.8701 0.6064
vt 0.8521 0.5601
vt 0.8452 0.5884
vt 0.8418 0.6138
vt 0.8579 0.6182
vt 0.8726 0.6196
vt 0.873 0.6353
vt 0.8599 0.6323
vt 0.8389 0.6279
vt 0.8784 0.6514
vt 0.8574 0.6528
vt 0.8389 0.6538
vt 0.8374 0.6558
vt 0.8574 0.6548
vt 0.8789 0.6553
vt 0.8564 0.6641
vt 0.8403 0.665
vt 0.8784 0.6704
vt 0.8438 0.6753
vt 0.8574 0.6729
vt 0.1577 0.7134
vt 0.1727 0.7104
vt 0.1647 0.7061
vt 0.1786 0.7017
vt 0.1847 0.7075
vt 0.2029 0.709
vt 0.1986 0.7026
vt 0.2086 0.7051
vt 0.2173 0.7114
vt 0.2133 0.7144
vt 0.2279 0.7314
vt 0.2278 0.7241
vt 0.2382 0.7441
vt 0.2345 0.7505
vt 0.2498 0.7676
vt 0.2438 0.77
vt 0.2664 0.8223
vt 0.2642 0.8032
vt 0.2754 0.8247
vt 0.2766 0.8389
vt 0.2817 0.8359
vt 0.7432 0.9219
vt 0.7114 0.9248
vt 0.7246 0.9312
vt 0.7129 0.915
vt 0.7441 0.8945
vt 0.7583 0.9077
vt 0.7559 0.8921
vt 0.7681 0.8896
vt 0.7598 0.8799
vt 0.772 0.8672
vt 0.7432 0.876
vt 0.728 0.8745
vt 0.7622 0.8496
vt 0.772 0.8423
vt 0.7529 0.8501
vt 0.7637 0.8198
vt 0.7759 0.8271
vt 0.772 0.8096
vt 0.7573 0.8066
vt 0.7432 0.8545
vt 0.751 0.8271
vt 0.7373 0.812
vt 0.7529 0.8013
vt 0.73 0.8052
vt 0.7407 0.8262
vt 0.7153 0.8154
vt 0.7017 0.8047
vt 0.7021 0.8154
vt 0.7095 0.8291
vt 0.7324 0.8311
vt 0.7212 0.833
vt 0.7153 0.8374
vt 0.7095 0.8574
vt 0.729 0.8569
vt 0.7197 0.855
vt 0.7075 0.8838
vt 0.7021 0.8789
vt 0.7012 0.8945
vt 0.6929 0.9009
vt 0.7119 0.897
vt 0.6914 0.9224
vt 0.6821 0.9155
vt 0.7344 0.8911
vt 0.7036 0.9111
vt 0.7051 0.9331
vt 0.9463 0.5708
vt 0.9521 0.5732
vt 0.9927 0.5146
vt 0.9419 0.5679
vt 0.9888 0.5132
vt 0.7324 0.5122
vt 0.7485 0.5239
vt 0.7471 0.5059
vt 0.729 0.5195
vt 0.73 0.5347
vt 0.7417 0.543
vt 0.7314 0.5537
vt 0.7495 0.541
vt 0.7446 0.5586
vt 0.4355 0.8472
vt 0.4414 0.8247
vt 0.4226 0.8516
vt 0.4355 0.8604
vt 0.4399 0.8701
vt 0.4292 0.873
vt 0.4517 0.8901
vt 0.4585 0.8813
vt 0.4644 0.8955
vt 0.4722 0.8936
vt 0.469 0.8818
vt 0.4868 0.8843
vt 0.4778 0.9028
vt 0.4893 0.8931
vt 0.4722 0.874
vt 0.4495 0.8745
vt 0.449 0.8706
vt 0.4387 0.8584
vt 0.9346 0.4746
vt 0.9512 0.5098
vt 0.9614 0.4966
vt 0.9229 0.4922
vt 0.9126 0.4543
vt 0.9028 0.4744
vt 0.9219 0.4976
vt 0.9004 0.4792
vt 0.9463 0.5171
vt 0.9502 0.5215
vt 0.9639 0.4985
vt 0.2048 0.1212
vt 0.2 0.126
vt 0.2064 0.1366
vt 0.2219 0.1281
vt 0.2039 0.1168
vt 0.2153 0.0891
vt 0.2216 0.0944
vt 0.2223 0.1412
vt 0.2024 0.1406
vt 0.2032 0.1454
vt 0.2079 0.1494
vt 0.2042 0.1042
vt 0.1995 0.1077
vt 0.205 0.1014
vt 0.2045 0.0893
vt 0.1993 0.0978
vt 0.2161 0.0611
vt 0.2244 0.0387
vt 0.2054 0.0447
vt 0.2009 0.0567
vt 0.2068 0.039
vt 0.2224 0.0665
vt 0.2318 0.0603
vt 0.2346 0.0294
vt 0.2023 0.0244
vt 0.2008 0.0353
vt 0.2258 0.0252
vt 0.209 0.0194
vt 0.2087 0.0149
vt 0.2266 0.0111
vt 0.2371 0.0135
vt 0.2015 0.0116
vt 0.2367 0.0069
vt 0.2644 0.0096
vt 0.2087 0.0061
vt 0.2019 0.0021
vt 0.6118 0.2913
vt 0.6191 0.28
vt 0.6099 0.2776
vt 0.603 0.2793
vt 0.6064 0.2698
vt 0.6162 0.2654
vt 0.6099 0.2605
vt 0.5996 0.2695
vt 0.5991 0.2791
vt 0.5991 0.2581
vt 0.5337 0.9302
vt 0.5269 0.9023
vt 0.5181 0.9282
vt 0.5132 0.9028
vt 0.5244 0.8906
vt 0.5093 0.8872
vt 0.5015 0.8887
vt 0.5049 0.9287
vt 0.4954 0.8872
vt 0.4968 0.9287
vt 0.2117 0.4153
vt 0.2052 0.407
vt 0.2004 0.4246
vt 0.1993 0.405
vt 0.0695 0.8872
vt 0.0718 0.8921
vt 0.0847 0.8823
vt 0.0931 0.8833
vt 0.0969 0.855
vt 0.1022 0.8833
vt 0.0843 0.8706
vt 0.0905 0.8496
vt 0.1107 0.8442
vt 0.1063 0.8535
vt 0.1053 0.8643
vt 0.163 0.6553
vt 0.1711 0.6406
vt 0.1646 0.6216
vt 0.1792 0.6157
vt 0.1643 0.5879
vt 0.1757 0.6558
vt 0.1788 0.5864
vt 0.1747 0.5596
vt 0.1807 0.5566
vt 0.177 0.54
vt 0.1915 0.5347
vt 0.1924 0.4797
vt 0.1992 0.4973
vt 0.2015 0.4609
vt 0.1868 0.5684
vt 0.1973 0.5747
vt 0.1951 0.5498
vt 0.197 0.6504
vt 0.198 0.6143
vt 0.2085 0.6162
vt 0.2207 0.6548
vt 0.1949 0.6587
vt 0.1766 0.666
vt 0.2163 0.5547
vt 0.21 0.5361
vt 0.1918 0.6646
vt 0.1885 0.6743
vt 0.2035 0.6973
vt 0.213 0.6836
vt 0.2195 0.6802
vt 0.2222 0.666
vt 0.2365 0.6738
vt 0.2529 0.6782
vt 0.2542 0.6714
vt 0.2722 0.6729
vt 0.2832 0.6826
vt 0.2542 0.6548
vt 0.2815 0.6709
vt 0.2908 0.6802
vt 0.3022 0.6934
vt 0.2834 0.6514
vt 0.28 0.6157
vt 0.2493 0.6118
vt 0.2223 0.6118
vt 0.2593 0.5771
vt 0.2749 0.5869
vt 0.2666 0.563
vt 0.2421 0.5776
vt 0.2324 0.5488
vt 0.2622 0.5459
vt 0.2273 0.5371
vt 0.2603 0.5244
vt 0.2162 0.5103
vt 0.2286 0.4761
vt 0.2261 0.5049
vt 0.2593 0.5015
vt 0.2285 0.4888
vt 0.2598 0.4883
vt 0.2593 0.4771
vt 0.2056 0.4719
vt 0.2294 0.4575
vt 0.2111 0.4529
vt 0.2068 0.4443
vt 0.2166 0.436
vt 0.2245 0.4426
vt 0.2318 0.4224
vt 0.2258 0.4102
vt 0.2389 0.4141
vt 0.2408 0.3943
vt 0.2399 0.467
vt 0.2607 0.4165
vt 0.2576 0.4609
vt 0.2695 0.4746
vt 0.2708 0.4849
vt 0.2786 0.4619
vt 0.2861 0.4175
vt 0.2649 0.384
vt 0.2903 0.3877
vt 0.2903 0.374
vt 0.269 0.3706
vt 0.283 0.3481
vt 0.2417 0.3613
vt 0.2321 0.3701
vt 0.2236 0.3706
vt 0.2246 0.3484
vt 0.2366 0.3472
vt 0.2482 0.3462
vt 0.2656 0.3467
vt 0.2487 0.3447
vt 0.2673 0.3442
vt 0.2832 0.3455
vt 0.2808 0.3342
vt 0.2681 0.3232
vt 0.281 0.323
vt 0.2494 0.3247
vt 0.2375 0.3445
vt 0.2272 0.3457
vt 0.2417 0.3223
vt 0.2284 0.3325
vt 0.2244 0.3223
vt 0.2206 0.3467
vt 0.0591 0.499
vt 0.0791 0.4722
vt 0.0727 0.4678
vt 0.0931 0.448
vt 0.0803 0.4546
vt 0.0867 0.4443
vt 0.0903 0.4722
vt 0.0812 0.4807
vt 0.0685 0.491
vt 0.0947 0.4827
vt 0.0728 0.4917
vt 0.0922 0.4893
vt 0.8501 0.1616
vt 0.8433 0.1727
vt 0.8457 0.1743
vt 0.8535 0.1671
vt 0.541 0.8882
vt 0.5454 0.9111
vt 0.5566 0.9004
vt 0.5635 0.8833
vt 0.5811 0.8813
vt 0.5757 0.8701
vt 0.5581 0.877
vt 0.5688 0.8667
vt 0.5776 0.8589
vt 0.5532 0.874
vt 0.562 0.8623
vt 0.5635 0.8481
vt 0.5459 0.8638
vt 0.5366 0.8701
vt 0.5264 0.8828
vt 0.5308 0.8525
vt 0.5439 0.8467
vt 0.5601 0.8413
vt 0.5791 0.8359
vt 0.5757 0.8286
vt 0.9932 0.7026
vt 0.9937 0.6919
vt 0.9731 0.6953
vt 0.9814 0.6895
vt 0.9946 0.6812
vt 0.9819 0.6782
vt 0.9746 0.6709
vt 0.9951 0.6694
vt 0.9819 0.6689
vt 0.9375 0.4258
vt 0.9272 0.3674
vt 0.9219 0.3752
vt 0.9414 0.416
vt 0.9438 0.4387
vt 0.9531 0.4485
vt 0.9365 0.3801
vt 0.9438 0.4041
vt 0.9468 0.3831
vt 0.9248 0.3547
vt 0.9438 0.3669
vt 0.9468 0.375
vt 0.9346 0.3538
vt 0.9365 0.3394
vt 0.9551 0.3518
vt 0.9463 0.3313
vt 0.9292 0.3335
vt 0.9189 0.3435
vt 0.9121 0.3345
vt 0.9136 0.3291
vt 0.9214 0.3276
vt 0.9106 0.3145
vt 0.9458 0.3259
vt 0.9375 0.3198
vt 0.9243 0.3162
vt 0.915 0.3081
vt 0.9355 0.3127
vt 0.9146 0.304
vt 0.9316 0.301
vt 0.936 0.3083
vt 0.9219 0.8164
vt 0.916 0.8223
vt 0.9219 0.8286
vt 0.9312 0.8257
vt 0.9326 0.813
vt 0.9229 0.8125
vt 0.9224 0.8325
vt 0.9233 0.8452
vt 0.9165 0.8403
vt 0.9321 0.8735
vt 0.9204 0.811
vt 0.9199 0.8105
vt 0.9175 0.8096
vt 0.9219 0.7983
vt 0.938 0.7925
vt 0.9243 0.7832
vt 0.9199 0.7876
vt 0.9346 0.7808
vt 0.9409 0.8159
vt 0.9429 0.7949
vt 0.9419 0.8521
vt 0.9443 0.8921
vt 0.9473 0.9165
vt 0.9536 0.8867
vt 0.9541 0.9126
vt 0.9551 0.9224
vt 0.9463 0.9263
vt 0.9263 0.8926
vt 0.9165 0.8818
vt 0.9248 0.8965
vt 0.9277 0.917
vt 0.9194 0.9282
vt 0.9189 0.9219
vt 0.9453 0.9082
vt 0.9185 0.9126
vt 0.9189 0.8979
vt 0.707 0.151
vt 0.6982 0.1237
vt 0.6919 0.1338
vt 0.6904 0.1591
vt 0.7114 0.1667
vt 0.6846 0.1703
vt 0.6816 0.1548
vt 0.6738 0.1595
vt 0.7051 0.1771
vt 0.7153 0.173
vt 0.7124 0.1838
vt 0.7017 0.1957
vt 0.7222 0.2164
vt 0.7119 0.2218
vt 0.729 0.2349
vt 0.7256 0.2712
vt 0.7417 0.2688
vt 0.6899 0.1932
vt 0.6826 0.1881
vt 0.7002 0.2324
vt 0.6768 0.2017
vt 0.7271 0.3025
vt 0.7412 0.3042
vt 0.7251 0.3345
vt 0.7422 0.334
vt 0.7241 0.3477
vt 0.7407 0.3462
vt 0.7041 0.3464
vt 0.7056 0.3059
vt 0.7056 0.3374
vt 0.6851 0.3311
vt 0.6816 0.3489
vt 0.6616 0.3445
vt 0.6582 0.3474
vt 0.6377 0.3479
vt 0.7041 0.2761
vt 0.6997 0.2489
vt 0.6831 0.2786
vt 0.6641 0.2996
vt 0.6377 0.3337
vt 0.6641 0.2795
vt 0.645 0.2781
vt 0.6782 0.2529
vt 0.6729 0.2357
vt 0.665 0.2396
vt 0.6616 0.2542
vt 0.6694 0.2096
vt 0.6284 0.323
vt 0.6211 0.3501
vt 0.6431 0.3003
vt 0.6206 0.3218
vt 0.6094 0.3511
vt 0.6289 0.291
vt 0.6274 0.2659
vt 0.6372 0.2554
vt 0.6436 0.2512
vt 0.6406 0.214
vt 0.6465 0.2008
vt 0.6445 0.1842
vt 0.6606 0.2117
vt 0.6484 0.1863
vt 0.665 0.1949
vt 0.6704 0.1823
vt 0.6567 0.165
vt 0.6421 0.1626
vt 0.6411 0.1453
vt 0.6279 0.1378
vt 0.6313 0.1123
vt 0.6196 0.0981
vt 0.6431 0.1364
vt 0.6572 0.146
vt 0.6357 0.098
vt 0.6245 0.0959
vt 0.6577 0.1332
vt 0.6729 0.1422
vt 0.6514 0.1133
vt 0.6758 0.1273
vt 0.6704 0.1104
vt 0.6855 0.1106
vt 0.6953 0.1104
vt 0.6899 0.0878
vt 0.6836 0.0886
vt 0.668 0.0937
vt 0.6494 0.0891
vt 0.6685 0.0557
vt 0.6826 0.0524
vt 0.6343 0.0574
vt 0.668 0.0288
vt 0.6792 0.0272
vt 0.6807 0.025
vt 0.6484 0.0554
vt 0.6245 0.0536
vt 0.6182 0.0748
vt 0.6196 0.0513
vt 0.6279 0.0274
vt 0.6357 0.0283
vt 0.6504 0.0284
vt 0.665 0.0276
vt 0.6646 0.0036
vt 0.6777 0.0021
vt 0.6479 0.0137
vt 0.6489 0.0057
vt 0.6265 0.0043
vt 0.6338 0.0264
vt 0.626 0.0147
vt 0.625 0.0261
vt 0.4526 0.6953
vt 0.4634 0.6772
vt 0.4395 0.668
vt 0.4592 0.6455
vt 0.4482 0.6211
vt 0.4722 0.6719
vt 0.4653 0.7007
vt 0.4741 0.6279
vt 0.4609 0.6079
vt 0.4844 0.6104
vt 0.4253 0.5986
vt 0.4116 0.6099
vt 0.4036 0.5938
vt 0.4031 0.6133
vt 0.3928 0.5957
vt 0.3933 0.6104
vt 0.394 0.6304
vt 0.4167 0.6299
vt 0.3958 0.6543
vt 0.4341 0.645
vt 0.4202 0.665
vt 0.4058 0.6978
vt 0.3943 0.6919
vt 0.4309 0.6807
vt 0.4397 0.6982
vt 0.4192 0.6963
vt 0.4114 0.7222
vt 0.3906 0.7192
vt 0.4341 0.7153
vt 0.4512 0.7178
vt 0.449 0.7495
vt 0.4023 0.7456
vt 0.387 0.7568
vt 0.4067 0.7617
vt 0.3857 0.7666
vt 0.415 0.7422
vt 0.4326 0.7476
vt 0.4302 0.7632
vt 0.4421 0.7788
vt 0.4265 0.7832
vt 0.3921 0.7778
vt 0.385 0.7783
vt 0.3833 0.7905
vt 0.4038 0.7852
vt 0.3809 0.8037
vt 0.4038 0.8149
vt 0.3794 0.8149
vt 0.4077 0.7939
vt 0.4236 0.8145
vt 0.4233 0.8257
vt 0.4072 0.8311
vt 0.3901 0.8247
vt 0.3914 0.8325
vt 0.3767 0.8306
vt 0.3884 0.8398
vt 0.376 0.8418
vt 0.1481 0.6875
vt 0.1338 0.7573
vt 0.1473 0.7559
vt 0.1357 0.6807
vt 0.1225 0.689
vt 0.1448 0.6621
vt 0.1229 0.7583
vt 0.1372 0.6621
vt 0.139 0.646
vt 0.1471 0.6426
vt 0.1505 0.6143
vt 0.1235 0.6587
vt 0.1472 0.603
vt 0.1541 0.5884
vt 0.1425 0.5938
vt 0.1473 0.5835
vt 0.1379 0.606
vt 0.1293 0.6064
vt 0.134 0.624
vt 0.1263 0.6387
vt 0.1079 0.6367
vt 0.1259 0.6025
vt 0.141 0.5854
vt 0.1023 0.6631
vt 0.1279 0.5884
vt 0.1239 0.5723
vt 0.0975 0.604
vt 0.1225 0.6045
vt 0.1422 0.5688
vt 0.0943 0.647
vt 0.098 0.6836
vt 0.0859 0.6357
vt 0.0959 0.7109
vt 0.0685 0.7041
vt 0.0936 0.7432
vt 0.1121 0.7246
vt 0.1071 0.7554
vt 0.0943 0.7583
vt 0.0707 0.6812
vt 0.0641 0.7573
vt 0.0751 0.7593
vt 0.0641 0.7446
vt 0.0487 0.7524
vt 0.049 0.7446
vt 0.0511 0.708
vt 0.0526 0.6782
vt 0.0783 0.6577
vt 0.0594 0.6567
vt 0.0685 0.6348
vt 0.0852 0.6138
vt 0.079 0.6016
vt 0.0651 0.6128
vt 0.0572 0.6367
vt 0.0539 0.6489
vt 0.0848 0.5806
vt 0.074 0.5796
vt 0.0811 0.564
vt 0.1 0.5786
vt 0.0908 0.5625
vt 0.1014 0.5464
vt 0.0901 0.5464
vt 0.0931 0.5366
vt 0.1066 0.5601
vt 0.1154 0.5474
vt 0.1079 0.5391
vt 0.1093 0.5181
vt 0.0985 0.5151
vt 0.1204 0.5205
vt 0.1113 0.5005
vt 0.1022 0.5029
vt 0.1118 0.4705
vt 0.1034 0.4714
vt 0.1141 0.4434
vt 0.1068 0.4434
vt 0.1285 0.4431
vt 0.124 0.4705
vt 0.1388 0.4434
vt 0.1245 0.498
vt 0.139 0.5103
vt 0.1289 0.5332
vt 0.1346 0.5479
vt 0.1432 0.4719
vt 0.153 0.4417
vt 0.1567 0.4734
vt 0.1631 0.459
vt 0.166 0.4753
vt 0.1656 0.4895
vt 0.1638 0.5029
vt 0.1411 0.4915
vt 0.1572 0.4983
vt 0.1538 0.5244
vt 0.1637 0.5195
vt 0.1493 0.5513
vt 0.157 0.5396
vt 0.1627 0.5562
vt 0.1508 0.562
vt 0.1467 0.5742
vt 0.1385 0.5596
vt 0.2942 0.9531
vt 0.2981 0.9229
vt 0.2874 0.9243
vt 0.2949 0.9019
vt 0.283 0.9043
vt 0.3025 0.8794
vt 0.2825 0.8872
vt 0.2825 0.8774
vt 0.2971 0.8696
vt 0.3123 0.8687
vt 0.3149 0.877
vt 0.322 0.8711
vt 0.3237 0.8799
vt 0.3142 0.8926
vt 0.3293 0.9136
vt 0.3096 0.9111
vt 0.3215 0.9121
vt 0.3267 0.9321
vt 0.313 0.9214
vt 0.3062 0.9375
vt 0.3174 0.9365
vt 0.3315 0.9458
vt 0.3203 0.9468
vt 0.3108 0.9502
vt 0.3323 0.9551
vt 0.9731 0.5791
vt 0.9834 0.5811
vt 0.9761 0.5557
vt 0.9863 0.5596
vt 0.9966 0.5625
vt 0.9932 0.5796
vt 0.5439 0.021
vt 0.542 0.0354
vt 0.5723 0.0023
vt 0.5566 0.0057
vt 0.5645 0.0021
vt 0.5684 0.0652
vt 0.6113 0.0098
vt 0.5654 0.0619
vt 0.583 0.0258
vt 0.5996 0.0022
vt 0.5571 0.0546
vt 0.5542 0.05
vt 0.5938 0.0021
vt 0.5752 0.0186
vt 0.5522 0.0452
vt 0.813 0.6523
vt 0.7817 0.6255
vt 0.8066 0.6587
vt 0.7783 0.6313
vt 0.7993 0.6646
vt 0.7715 0.6372
vt 0.8003 0.667
vt 0.7656 0.6465
vt 0.7896 0.6753
vt 0.8159 0.6851
vt 0.8188 0.6792
vt 0.8057 0.6606
vt 0.8125 0.6548
vt 0.8413 0.7061
vt 0.7812 0.6807
vt 0.8013 0.6929
vt 0.8188 0.7007
vt 0.811 0.7188
vt 0.8257 0.7163
vt 0.8374 0.7192
vt 0.8291 0.729
vt 0.8247 0.7256
vt 0.7998 0.7349
vt 0.7983 0.7563
vt 0.7729 0.6665
vt 0.7563 0.6528
vt 0.7637 0.6699
vt 0.77 0.6875
vt 0.7939 0.6973
vt 0.7769 0.689
vt 0.7808 0.7476
vt 0.7739 0.771
vt 0.7568 0.7778
vt 0.7856 0.6982
vt 0.8032 0.7148
vt 0.7891 0.7104
vt 0.7686 0.6909
vt 0.7734 0.7041
vt 0.7837 0.7231
vt 0.7729 0.7183
vt 0.7681 0.7056
vt 0.7622 0.7183
vt 0.7559 0.7261
vt 0.79 0.729
vt 0.7705 0.7285
vt 0.751 0.7412
vt 0.7466 0.7402
vt 0.7368 0.7476
vt 0.7783 0.7388
vt 0.7539 0.748
vt 0.7407 0.7666
vt 0.73 0.7583
vt 0.7202 0.7573
vt 0.7573 0.7593
vt 0.7109 0.7759
vt 0.7144 0.7578
vt 0.7061 0.7812
vt 0.728 0.7881
vt 0.7217 0.7998
vt 0.7085 0.7944
vt 0.7051 0.7944
vt 0.6978 0.7949
vt 0.8335 0.2378
vt 0.8447 0.2228
vt 0.8423 0.2063
vt 0.8418 0.2432
vt 0.8252 0.25
vt 0.8237 0.2642
vt 0.8428 0.2487
vt 0.8071 0.2686
vt 0.8145 0.2722
vt 0.8926 0.2
vt 0.9102 0.2075
vt 0.9102 0.1866
vt 0.8911 0.2241
vt 0.9102 0.2278
vt 0.8896 0.2585
vt 0.9092 0.2561
vt 0.9116 0.2908
vt 0.8721 0.2198
vt 0.8735 0.1981
vt 0.8945 0.1881
vt 0.8682 0.2537
vt 0.8755 0.1825
vt 0.8765 0.1444
vt 0.8945 0.1658
vt 0.8604 0.1797
vt 0.8916 0.1342
vt 0.8589 0.1605
vt 0.8633 0.129
vt 0.8896 0.1193
vt 0.8701 0.0997
vt 0.8833 0.1026
vt 0.8823 0.0934
vt 0.8745 0.0786
vt 0.8853 0.0728
vt 0.8867 0.0614
vt 0.8633 0.09
vt 0.8545 0.1141
vt 0.8765 0.031
vt 0.8896 0.0312
vt 0.8555 0.0794
vt 0.855 0.1
vt 0.8506 0.0386
vt 0.8755 0.0044
vt 0.8911 0.0047
vt 0.8643 0.0273
vt 0.8589 0.0025
vt 0.8506 0.0212
vt 0.8584 0.0168
vt 0.853 0.002
vt 0.4319 0.1371
vt 0.4431 0.146
vt 0.4431 0.1279
vt 0.4561 0.1388
vt 0.4534 0.1298
vt 0.4475 0.1515
vt 0.4351 0.1581
vt 0.4387 0.1633
vt 0.4263 0.165
vt 0.4294 0.1704
vt 0.4314 0.1915
vt 0.4226 0.1804
vt 0.4268 0.1969
vt 0.4507 0.1797
vt 0.457 0.1571
vt 0.4641 0.1707
vt 0.458 0.1854
vt 0.4644 0.1453
vt 0.4707 0.1243
vt 0.4619 0.1265
vt 0.4666 0.118
vt 0.4729 0.1077
vt 0.4783 0.1158
vt 0.4866 0.1064
vt 0.4841 0.1241
vt 0.4666 0.1013
vt 0.4756 0.0978
vt 0.4919 0.0989
vt 0.4595 0.093
vt 0.4495 0.1019
vt 0.4534 0.1064
vt 0.467 0.0831
vt 0.4707 0.077
vt 0.4875 0.0886
vt 0.0851 0.9331
vt 0.0966 0.9209
vt 0.0695 0.9224
vt 0.111 0.9277
vt 0.0868 0.9453
vt 0.0779 0.937
vt 0.0731 0.9316
vt 0.0785 0.9463
vt 0.0724 0.9683
vt 0.0942 0.959
vt 0.1044 0.9429
vt 0.114 0.9375
vt 0.1165 0.9258
vt 0.108 0.9502
vt 0.1044 0.9595
vt 0.5884 0.0714
vt 0.5996 0.0831
vt 0.5918 0.0941
vt 0.5962 0.1114
vt 0.6011 0.0965
vt 0.604 0.087
vt 0.5923 0.1326
vt 0.6016 0.1415
vt 0.5952 0.1522
vt 0.6045 0.1572
vt 0.8857 0.9468
vt 0.9019 0.9385
vt 0.8818 0.9385
vt 0.9009 0.9556
vt 0.8818 0.9541
vt 0.8853 0.9653
vt 0.8813 0.9604
vt 0.9014 0.9702
vt 0.8848 0.978
vt 0.8794 0.9746
vt 0.8516 0.2422
vt 0.8462 0.2861
vt 0.8682 0.2693
vt 0.8901 0.2866
vt 0.8667 0.2903
vt 0.8916 0.2991
vt 0.9106 0.2986
vt 0.8667 0.2979
vt 0.8447 0.2957
vt 0.8433 0.304
vt 0.8823 0.301
vt 0.8853 0.3047
vt 0.8696 0.3125
vt 0.8726 0.3022
vt 0.8462 0.3071
vt 0.8491 0.3201
vt 0.7603 0.9233
vt 0.7637 0.9253
vt 0.8105 0.8672
vt 0.7842 0.9111
vt 0.7734 0.9312
vt 0.8154 0.874
vt 0.7896 0.9141
vt 0.8174 0.8779
vt 0.7788 0.9321
vt 0.8188 0.8833
vt 0.7856 0.9326
vt 0.8213 0.8916
vt 0.7935 0.9307
vt 0.8213 0.897
vt 0.8022 0.9277
vt 0.8135 0.9165
vt 0.8301 0.6294
vt 0.8179 0.6191
vt 0.8125 0.6279
vt 0.8164 0.6357
vt 0.812 0.6357
vt 0.8242 0.6465
vt 0.9697 0.876
vt 0.9629 0.8794
vt 0.9688 0.8838
vt 0.9795 0.8774
vt 0.9702 0.8735
vt 0.9692 0.8867
vt 0.9722 0.8662
vt 0.9644 0.8716
vt 0.9658 0.8677
vt 0.98 0.8877
vt 0.9795 0.9033
vt 0.9888 0.8877
vt 0.9824 0.8696
vt 0.9912 0.8706
vt 0.9893 0.9102
vt 0.9688 0.8994
vt 0.9639 0.8955
vt 0.9639 0.8887
vt 0.9795 0.9146
vt 0.9795 0.9302
vt 0.9888 0.9287
vt 0.9873 0.9443
vt 0.9663 0.939
vt 0.9653 0.9507
vt 0.9688 0.9189
vt 0.9653 0.9136
vt 0.9644 0.9053
vt 0.2257 0.1963
vt 0.2178 0.2081
vt 0.2217 0.2228
vt 0.2335 0.2096
vt 0.2181 0.2374
vt 0.236 0.1991
vt 0.2445 0.2042
vt 0.2269 0.1825
vt 0.2147 0.1891
vt 0.2363 0.1808
vt 0.2556 0.186
vt 0.2015 0.1714
vt 0.189 0.1793
vt 0.2239 0.1545
vt 0.239 0.1593
vt 0.2396 0.1381
vt 0.2607 0.1466
vt 0.2472 0.1641
vt 0.2703 0.1604
vt 0.9004 0.8599
vt 0.8843 0.8696
vt 0.8945 0.8809
vt 0.8853 0.8838
vt 0.8657 0.8887
vt 0.897 0.8955
vt 0.8833 0.897
vt 0.894 0.918
vt 0.9077 0.9106
vt 0.8989 0.9321
vt 0.8833 0.9331
vt 0.8696 0.8999
vt 0.876 0.9189
vt 0.8657 0.9336
vt 0.8594 0.9189
vt 0.8584 0.8989
vt 0.8535 0.8857
vt 0.5825 0.1875
vt 0.5835 0.1788
vt 0.5732 0.1707
vt 0.582 0.168
vt 0.5864 0.1582
vt 0.5767 0.16
vt 0.5957 0.1639
vt 0.5898 0.1692
vt 0.9111 0.3887
vt 0.9121 0.3784
vt 0.9004 0.3835
vt 0.9062 0.3623
vt 0.3083 0.4485
vt 0.3147 0.4155
vt 0.2979 0.4187
vt 0.3062 0.406
vt 0.3198 0.3865
vt 0.2993 0.3853
vt 0.3242 0.408
vt 0.9639 0.4565
vt 0.958 0.4534
vt 0.9473 0.4565
vt 0.9688 0.4548
vt 0.9805 0.459
vt 0.9785 0.4612
vt 0.9883 0.4673
vt 0.9863 0.468
vt 0.9907 0.4822
vt 0.9888 0.4817
vt 0.9858 0.4934
vt 0.9849 0.4912
vt 0.9771 0.5044
vt 0.0449 0.5928
vt 0.0525 0.625
vt 0.0539 0.5801
vt 0.0435 0.6118
vt 0.0468 0.6196
vt 0.2974 0.6353
vt 0.3052 0.6099
vt 0.2927 0.6138
vt 0.3081 0.646
vt 0.2988 0.6489
vt 0.3162 0.6343
vt 0.3176 0.6455
vt 0.3164 0.6079
vt 0.0154 0.9766
vt 0.0071 0.9521
vt 0.002 0.9756
vt 0.0189 0.938
vt 0.0085 0.9375
vt 0.0306 0.938
vt 0.0257 0.9785
vt 0.0356 0.9785
vt 0.0395 0.9531
vt 0.0391 0.939
vt 0.0402 0.978
vt 0.197 0.1913
vt 0.1785 0.1859
vt 0.186 0.2031
vt 0.2081 0.2242
vt 0.2069 0.1975
vt 0.5981 0.7056
vt 0.6123 0.687
vt 0.6001 0.6934
vt 0.5942 0.7026
vt 0.5811 0.7065
vt 0.5771 0.7134
vt 0.5791 0.7007
vt 0.5786 0.6963
vt 0.5713 0.7002
vt 0.5625 0.7114
vt 0.5566 0.7158
vt 0.5635 0.6963
vt 0.5806 0.6812
vt 0.6035 0.6743
vt 0.5615 0.6836
vt 0.5923 0.6538
vt 0.6187 0.6475
vt 0.6196 0.6309
vt 0.5503 0.7031
vt 0.5439 0.6934
vt 0.6138 0.6245
vt 0.6226 0.6279
vt 0.5552 0.6743
vt 0.5391 0.6753
vt 0.5977 0.624
vt 0.604 0.6143
vt 0.5293 0.6982
vt 0.5396 0.7085
vt 0.5259 0.7129
vt 0.5547 0.7202
vt 0.5752 0.7222
vt 0.5859 0.7168
vt 0.5952 0.7285
vt 0.6201 0.7378
vt 0.5781 0.7324
vt 0.542 0.729
vt 0.5161 0.7275
vt 0.5298 0.7407
vt 0.5571 0.7402
vt 0.5693 0.7578
vt 0.5645 0.7661
vt 0.5806 0.7793
vt 0.604 0.7373
vt 0.5894 0.7368
vt 0.5854 0.748
vt 0.5908 0.7593
vt 0.5874 0.7837
vt 0.5938 0.7715
vt 0.603 0.7607
vt 0.6128 0.7583
vt 0.6299 0.7563
vt 0.6436 0.7583
vt 0.6304 0.7607
vt 0.6519 0.7695
vt 0.5088 0.4314
vt 0.4854 0.4163
vt 0.4871 0.429
vt 0.5083 0.4172
vt 0.4849 0.4026
vt 0.5078 0.4048
vt 0.8916 0.603
vt 0.8916 0.6162
vt 0.9014 0.6143
vt 0.9009 0.6021
vt 0.9087 0.5742
vt 0.9014 0.5518
vt 0.9219 0.6113
vt 0.9131 0.6206
vt 0.9155 0.5879
vt 0.9302 0.6089
vt 0.9346 0.6196
vt 0.9521 0.6099
vt 0.9482 0.6016
vt 0.9351 0.5771
vt 0.9355 0.5635
vt 0.9326 0.5527
vt 0.9414 0.6006
vt 0.9429 0.5815
vt 0.9448 0.5903
vt 0.9136 0.5493
vt 0.9336 0.5518
vt 0.9404 0.5566
vt 0.9141 0.5459
vt 0.8989 0.5493
vt 0.8887 0.5581
vt 0.8877 0.5557
vt 0.8848 0.564
vt 0.9165 0.5322
vt 0.9058 0.5225
vt 0.9312 0.5298
vt 0.915 0.5195
vt 0.9292 0.5205
vt 0.9668 0.3342
vt 0.9521 0.3079
vt 0.9561 0.3186
vt 0.9683 0.3467
vt 0.9897 0.3882
vt 0.98 0.3777
vt 0.4587 0.5854
vt 0.45 0.5791
vt 0.4597 0.5996
vt 0.4485 0.5894
vt 0.5601 0.5752
vt 0.5469 0.5747
vt 0.5396 0.5903
vt 0.5762 0.561
vt 0.5693 0.5527
vt 0.5649 0.5479
vt 0.5322 0.585
vt 0.5303 0.5581
vt 0.5298 0.5649
vt 0.5234 0.5737
vt 0.5059 0.5879
vt 0.5005 0.583
vt 0.5132 0.5635
vt 0.491 0.5786
vt 0.5054 0.5566
vt 0.49 0.5674
vt 0.5244 0.5513
vt 0.5181 0.5444
vt 0.5151 0.54
vt 0.5322 0.5508
vt 0.5547 0.541
vt 0.5249 0.5415
vt 0.5205 0.5308
vt 0.5288 0.5317
vt 0.5337 0.5278
vt 0.5303 0.5171
vt 0.5371 0.52
vt 0.5508 0.5181
vt 0.5361 0.5396
vt 0.5381 0.5322
vt 0.5742 0.5415
vt 0.5972 0.542
vt 0.6021 0.543
vt 0.6113 0.5361
vt 0.5767 0.5591
vt 0.9419 0.6382
vt 0.9541 0.6362
vt 0.9897 0.5928
vt 0.981 0.5874
vt 0.2798 0.936
vt 0.2725 0.9365
vt 0.2795 0.9722
vt 0.2703 0.9741
vt 0.2542 0.9766
vt 0.2537 0.9536
vt 0.2408 0.9756
vt 0.2559 0.9404
vt 0.2484 0.9395
vt 0.2795 0.7793
vt 0.2791 0.7471
vt 0.272 0.7505
vt 0.272 0.7964
vt 0.2805 0.8022
vt 0.7563 0.5952
vt 0.7568 0.6177
vt 0.7798 0.6201
vt 0.7856 0.5957
vt 0.7871 0.583
vt 0.7607 0.5732
vt 0.79 0.5552
vt 0.7642 0.5513
vt 0.7554 0.5532
vt 0.7549 0.5376
vt 0.7666 0.5137
vt 0.7856 0.5137
vt 0.7817 0.4924
vt 0.7637 0.4912
vt 0.7559 0.4902
vt 0.772 0.4827
vt 0.7651 0.47
vt 0.7549 0.468
vt 0.7583 0.4543
vt 0.7808 0.4683
vt 0.772 0.46
vt 0.7788 0.4456
vt 0.7617 0.4419
vt 0.7681 0.4202
vt 0.7568 0.4067
vt 0.7671 0.4028
vt 0.7764 0.4109
vt 0.7778 0.3928
vt 0.7793 0.4263
vt 0.8081 0.4194
vt 0.8101 0.4353
vt 0.8081 0.3972
vt 0.8052 0.4556
vt 0.813 0.3704
vt 0.791 0.4626
vt 0.8022 0.4768
vt 0.8022 0.489
vt 0.8013 0.4995
vt 0.7793 0.3643
vt 0.7676 0.3691
vt 0.7754 0.3403
vt 0.7905 0.3416
vt 0.7871 0.3125
vt 0.8018 0.3621
vt 0.8032 0.3435
vt 0.8228 0.3374
vt 0.8379 0.3191
vt 0.7974 0.3254
vt 0.8223 0.3035
vt 0.8228 0.3176
vt 0.8345 0.3105
vt 0.9575 0.8574
vt 0.9561 0.8208
vt 0.9521 0.8564
vt 0.9644 0.8125
vt 0.9658 0.7827
vt 0.9565 0.7827
vt 0.9692 0.7827
vt 0.9624 0.8506
vt 0.9668 0.8594
vt 0.9673 0.8198
vt 0.9722 0.7827
vt 0.9697 0.8599
vt 0.9761 0.7832
vt 0.9766 0.8608
vt 0.9824 0.8027
vt 0.9829 0.8613
vt 0.9858 0.7837
vt 0.8022 0.1615
vt 0.8125 0.1538
vt 0.8018 0.1512
vt 0.8164 0.1373
vt 0.8018 0.1216
vt 0.834 0.1547
vt 0.832 0.1643
vt 0.813 0.1611
vt 0.8335 0.1754
vt 0.8193 0.1737
vt 0.8325 0.1885
vt 0.812 0.201
vt 0.8257 0.2015
vt 0.8091 0.2118
vt 0.8247 0.2186
vt 0.812 0.2288
vt 0.8198 0.2413
vt 0.8086 0.2393
vt 0.8013 0.2385
vt 0.834 0.1205
vt 0.811 0.1188
vt 0.8013 0.067
vt 0.7866 0.1076
vt 0.7842 0.0851
vt 0.7773 0.0591
vt 0.8301 0.0986
vt 0.8394 0.0806
vt 0.832 0.0251
vt 0.8379 0.0201
vt 0.8394 0.0021
vt 0.8193 0.006
vt 0.813 0.0827
vt 0.8218 0.0617
vt 0.8027 0.0367
vt 0.7759 0.0383
vt 0.7876 0.0299
vt 0.8032 0.0256
vt 0.8013 0.0077
vt 0.791 0.0084
vt 0.7764 0.0092
vt 0.6523 0.8223
vt 0.6494 0.8306
vt 0.665 0.8184
vt 0.6646 0.812
vt 0.6807 0.8125
vt 0.6797 0.8188
vt 0.6431 0.8145
vt 0.6416 0.8311
vt 0.6597 0.8018
vt 0.6841 0.7935
vt 0.6538 0.791
vt 0.6836 0.8115
vt 0.6816 0.7808
vt 0.6592 0.7793
vt 0.6445 0.7759
vt 0.6152 0.8066
vt 0.6304 0.8213
vt 0.6152 0.7935
vt 0.6353 0.7817
vt 0.6245 0.7871
vt 0.6294 0.7759
vt 0.6328 0.772
vt 0.6045 0.7759
vt 0.603 0.791
vt 0.5996 0.8237
vt 0.6089 0.8315
vt 0.5933 0.8452
vt 0.623 0.834
vt 0.6045 0.8452
vt 0.6284 0.8408
vt 0.6333 0.8447
vt 0.6177 0.8633
vt 0.6138 0.8521
vt 0.5981 0.8701
vt 0.6089 0.8794
vt 0.6113 0.8965
vt 0.5889 0.8696
vt 0.5889 0.8579
vt 0.5913 0.894
vt 0.5894 0.8926
vt 0.5908 0.9048
vt 0.6035 0.8989
vt 0.604 0.9048
vt 0.4473 0.4553
vt 0.4482 0.4375
vt 0.4382 0.438
vt 0.4387 0.4783
vt 0.4468 0.4844
vt 0.7075 0.3613
vt 0.7002 0.3633
vt 0.6978 0.3699
vt 0.7075 0.3523
vt 0.6978 0.3533
vt 0.8862 0.3452
vt 0.8896 0.3289
vt 0.8745 0.3337
vt 0.894 0.3408
vt 0.8911 0.3254
vt 0.8828 0.3152
vt 0.897 0.3398
vt 0.9102 0.3572
vt 0.1986 0.2286
vt 0.1927 0.248
vt 0.2075 0.2411
vt 0.1943 0.2303
vt 0.1837 0.2456
vt 0.1887 0.2205
vt 0.7158 0.7148
vt 0.7236 0.7285
vt 0.7217 0.7139
vt 0.7275 0.7285
vt 0.7246 0.7402
vt 0.7212 0.7344
vt 0.7183 0.7402
vt 0.7148 0.748
vt 0.7124 0.7446
vt 0.7036 0.748
vt 0.6997 0.752
vt 0.6973 0.7466
vt 0.6929 0.7471
vt 0.6934 0.7393
vt 0.6938 0.7285
vt 0.0213 0.2238
vt 0.0027 0.2141
vt 0.0119 0.2347
vt 0.0147 0.2085
vt 0.0223 0.2057
vt 0.015 0.1986
vt 0.002 0.201
vt 0.0164 0.1907
vt 0.0029 0.1893
vt 0.4744 0.2032
vt 0.4688 0.1909
vt 0.4641 0.197
vt 0.4756 0.188
vt 0.4697 0.1871
vt 0.0651 0.8525
vt 0.0904 0.834
vt 0.0871 0.833
vt 0.1015 0.8291
vt 0.1031 0.8315
vt 0.1185 0.8374
vt 0.1146 0.8369
vt 0.1237 0.8481
vt 0.1278 0.8516
vt 0.1311 0.8682
vt 0.1287 0.8677
vt 0.1185 0.8862
vt 0.1201 0.8882
vt 0.0948 0.9009
vt 0.0946 0.9038
vt 0.0643 0.917
vt 0.1178 0.4021
vt 0.1181 0.4077
vt 0.1356 0.4172
vt 0.1436 0.4136
vt 0.1476 0.4275
vt 0.1372 0.4043
vt 0.1246 0.396
vt 0.1162 0.3987
vt 0.1335 0.3926
vt 0.1191 0.3911
vt 0.1271 0.3855
vt 0.0111 0.1053
vt 0.0063 0.1052
vt 0.0212 0.1172
vt 0.0061 0.122
vt 0.008 0.1417
vt 0.0234 0.1447
vt 0.0085 0.1655
vt 0.0202 0.1528
vt 0.0231 0.1648
vt 0.002 0.181
vt 0.0275 0.178
vt 0.0256 0.1855
vt 0.3032 0.8521
vt 0.3142 0.8535
vt 0.2988 0.8438
vt 0.3123 0.8433
vt 0.3335 0.8511
vt 0.3103 0.8291
vt 0.2979 0.8286
vt 0.333 0.8296
vt 0.3325 0.8423
vt 0.3472 0.8452
vt 0.3489 0.8574
vt 0.354 0.8291
vt 0.3706 0.832
vt 0.8188 0.4209
vt 0.8247 0.4175
vt 0.8188 0.3813
vt 0.8174 0.4504
vt 0.8589 0.6787
vt 0.877 0.6992
vt 0.8784 0.6948
vt 0.9082 0.7031
vt 0.8994 0.7061
vt 0.9111 0.7114
vt 0.9185 0.7085
vt 0.9253 0.7349
vt 0.9355 0.7573
vt 0.9316 0.7568
vt 0.9351 0.769
vt 0.9434 0.7769
vt 0.1733 0.4573
vt 0.179 0.4709
vt 0.1854 0.4602
vt 0.1765 0.4519
vt 0.3347 0.6299
vt 0.3196 0.6602
vt 0.3508 0.6396
vt 0.3384 0.667
vt 0.3152 0.6753
vt 0.3115 0.6963
vt 0.3281 0.6948
vt 0.3564 0.6729
vt 0.3254 0.71
vt 0.3411 0.7051
vt 0.3105 0.7197
vt 0.3223 0.7314
vt 0.3347 0.7363
vt 0.3 0.7217
vt 0.3025 0.7021
vt 0.3062 0.7354
vt 0.2964 0.7383
vt 0.3213 0.7554
vt 0.2966 0.7583
vt 0.2876 0.7598
vt 0.2983 0.7671
vt 0.2893 0.7671
vt 0.3464 0.7559
vt 0.3384 0.7642
vt 0.3462 0.7349
vt 0.3469 0.7158
vt 0.3591 0.7173
vt 0.355 0.7393
vt 0.3557 0.7578
vt 0.3467 0.7656
vt 0.3411 0.7764
vt 0.332 0.7798
vt 0.3411 0.7886
vt 0.3794 0.6899
vt 0.375 0.6748
vt 0.366 0.7388
vt 0.3584 0.7476
vt 0.3743 0.7168
vt 0.3816 0.7046
vt 0.3064 0.7749
vt 0.2983 0.7739
vt 0.3335 0.792
vt 0.3206 0.7939
vt 0.3398 0.793
vt 0.3494 0.7827
vt 0.3477 0.7822
vt 0.3506 0.772
vt 0.3525 0.7749
vt 0.3518 0.7686
vt 0.3201 0.7964
vt 0.3042 0.7935
vt 0.3066 0.791
vt 0.2947 0.7842
vt 0.3135 0.8086
vt 0.3237 0.812
vt 0.3379 0.8081
vt 0.3428 0.8213
vt 0.3306 0.8242
vt 0.6201 0.4207
vt 0.6069 0.3975
vt 0.6069 0.4246
vt 0.5991 0.3992
vt 0.1932 0.0715
vt 0.1906 0.0796
vt 0.203 0.0645
vt 0.1863 0.0838
vt 0.1837 0.0977
vt 0.1863 0.0984
vt 0.1927 0.1112
vt 0.1915 0.1135
vt 0.6094 0.4629
vt 0.6069 0.4678
vt 0.6157 0.4744
vt 0.6045 0.4861
vt 0.6108 0.498
vt 0.6196 0.4822
vt 0.9927 0.0722
vt 0.9731 0.0756
vt 0.9858 0.0865
vt 0.9956 0.0623
vt 0.9097 0.3979
vt 0.9004 0.3987
vt 0.9033 0.4277
vt 0.9111 0.416
vt 0.9209 0.4131
vt 0.9224 0.4277
vt 0.9126 0.4316
vt 0.9033 0.4351
vt 0.9136 0.436
vt 0.9233 0.429
vt 0.9302 0.4287
vt 0.9292 0.4314
vt 0.9634 0.0114
vt 0.96 0.0021
vt 0.9473 0.0195
vt 0.9736 0.0085
vt 0.9888 0.0572
vt 0.2449 0.0313
vt 0.2408 0.0385
vt 0.2474 0.0414
vt 0.2656 0.0249
vt 0.2457 0.0278
vt 0.2603 0.053
vt 0.2678 0.0484
vt 0.252 0.0533
vt 0.2426 0.051
vt 0.2413 0.0462
vt 0.2493 0.0563
vt 0.2576 0.0689
vt 0.2483 0.0887
vt 0.2411 0.0817
vt 0.2427 0.1138
vt 0.2502 0.1152
vt 0.0168 0.0684
vt 0.0021 0.0419
vt 0.002 0.0675
vt 0.0139 0.0414
vt 0.0028 0.0096
vt 0.016 0.0088
vt 0.0186 0.0031
vt 0.0038 0.0021
vt 0.9521 0.3748
vt 0.9619 0.3826
vt 0.9688 0.3789
vt 0.9717 0.3943
vt 0.9839 0.4094
vt 0.9751 0.4043
vt 0.979 0.4185
vt 0.9824 0.4207
vt 0.9819 0.4304
vt 0.9927 0.4404
vt 0.468 0.0502
vt 0.4504 0.0681
vt 0.4648 0.0669
vt 0.4448 0.0718
vt 0.4475 0.0853
vt 0.4382 0.0829
vt 0.4409 0.0671
vt 0.5005 0.4519
vt 0.5088 0.4485
vt 0.5059 0.437
vt 0.5015 0.4365
vt 0.4958 0.46
vt 0.488 0.4363
vt 0.4807 0.4565
vt 0.4932 0.4746
vt 0.5063 0.4668
vt 0.521 0.4854
vt 0.4705 0.4617
vt 0.4673 0.4458
vt 0.4783 0.4321
vt 0.4673 0.4299
vt 0.4751 0.4045
vt 0.4653 0.4065
vt 0.4539 0.4104
vt 0.4573 0.4326
vt 0.4539 0.4534
vt 0.4609 0.458
vt 0.4629 0.4771
vt 0.4539 0.4834
vt 0.4729 0.4749
vt 0.4736 0.4851
vt 0.5044 0.4883
vt 0.5352 0.502
vt 0.5459 0.4912
vt 0.936 0.022
vt 0.9399 0.0178
vt 0.9316 0.0021
vt 0.9419 0.0127
vt 0.834 0.9302
vt 0.8369 0.9097
vt 0.8228 0.9131
vt 0.8228 0.9541
vt 0.8359 0.9517
vt 0.8394 0.9565
vt 0.8223 0.9683
vt 0.8311 0.9741
vt 0.8496 0.9727
vt 0.8359 0.9287
vt 0.8462 0.9487
vt 0.8428 0.9189
vt 0.8574 0.9561
vt 0.8608 0.9741
vt 0.4839 0.2988
vt 0.4692 0.3047
vt 0.4856 0.3015
vt 0.4915 0.2874
vt 0.4944 0.2886
vt 0.4958 0.2629
vt 0.4934 0.2634
vt 0.0159 0.5674
vt 0.0133 0.5913
vt 0.027 0.5713
vt 0.0219 0.5923
vt 0.0391 0.5713
vt 0.0082 0.6089
vt 0.02 0.6133
vt 0.0357 0.5928
vt 0.0106 0.6196
vt 0.0351 0.6069
vt 0.0068 0.6377
vt 0.0309 0.6182
vt 0.0154 0.6377
vt 0.0134 0.645
vt 0.0285 0.6455
vt 0.0122 0.6543
vt 0.005 0.645
vt 0.0021 0.6538
vt 0.0283 0.6543
vt 0.0407 0.6553
vt 0.0103 0.6792
vt 0.002 0.6797
vt 0.0281 0.6699
vt 0.0379 0.6729
vt 0.0297 0.6797
vt 0.834 0.426
vt 0.8433 0.3889
vt 0.833 0.4006
vt 0.8306 0.3738
vt 0.8555 0.3691
vt 0.855 0.3643
vt 0.8276 0.3455
vt 0.835 0.3425
vt 0.8599 0.3445
vt 0.8706 0.3538
vt 0.8691 0.3711
vt 0.8936 0.355
vt 0.8931 0.4194
vt 0.8569 0.4192
vt 0.8423 0.4277
vt 0.8511 0.4409
vt 0.8662 0.4473
vt 0.8359 0.4504
vt 0.8687 0.4229
vt 0.8945 0.4436
vt 0.8643 0.4622
vt 0.8369 0.47
vt 0.8389 0.4944
vt 0.8848 0.4561
vt 0.896 0.4619
vt 0.8726 0.4795
vt 0.9688 0.0632
vt 0.9683 0.0482
vt 0.9629 0.05
vt 0.9634 0.084
vt 0.9619 0.0756
vt 0.959 0.0571
vt 0.9609 0.1086
vt 0.9556 0.1378
vt 0.958 0.1471
vt 0.9585 0.1748
vt 0.9531 0.1788
vt 0.9526 0.2134
vt 0.9473 0.2139
vt 0.9507 0.2238
vt 0.9536 0.2236
vt 0.9478 0.2351
vt 0.9517 0.2358
vt 0.957 0.2484
vt 0.9512 0.2485
vt 0.959 0.262
vt 0.9551 0.262
vt 0.9561 0.2732
vt 0.9531 0.2795
vt 0.9595 0.2893
vt 0.957 0.3027
vt 0.9624 0.3008
vt 0.4385 0.5894
vt 0.4453 0.5659
vt 0.4321 0.5669
vt 0.4226 0.5688
vt 0.5352 0.5103
vt 0.5552 0.5122
vt 0.5581 0.5234
vt 0.5601 0.519
vt 0.5522 0.5234
vt 0.5469 0.5205
vt 0.5518 0.5303
vt 0.5483 0.5259
vt 0.1835 0.118
vt 0.1847 0.1324
vt 0.1896 0.1409
vt 0.1851 0.1429
vt 0.1733 0.1619
vt 0.0059 0.4016
vt 0.0125 0.3806
vt 0.002 0.4011
vt 0.0056 0.4172
vt 0.002 0.4211
vt 0.0086 0.4397
vt 0.0105 0.4365
vt 0.0154 0.4478
vt 0.4072 0.4773
vt 0.407 0.4656
vt 0.3914 0.4758
vt 0.3933 0.467
vt 0.396 0.458
vt 0.4036 0.4453
vt 0.3997 0.4417
vt 0.8252 0.4746
vt 0.8135 0.4741
vt 0.8184 0.4968
vt 0.8315 0.5063
vt 0.8149 0.5371
vt 0.8311 0.5352
vt 0.8071 0.5859
vt 0.8232 0.5845
vt 0.811 0.6069
vt 0.8018 0.625
vt 0.9336 0.2563
vt 0.9336 0.2766
vt 0.9375 0.2771
vt 0.9355 0.251
vt 0.9326 0.2206
vt 0.9302 0.2207
vt 0.9263 0.1946
vt 0.9185 0.1776
vt 0.9155 0.1682
vt 0.9004 0.1429
vt 0.4966 0.7646
vt 0.4871 0.772
vt 0.5078 0.7729
vt 0.501 0.7803
vt 0.519 0.7822
vt 0.5146 0.7974
vt 0.5361 0.7861
vt 0.5332 0.771
vt 0.4695 0.7773
vt 0.5464 0.7778
vt 0.5469 0.7705
vt 0.5674 0.7803
vt 0.5532 0.793
vt 0.5405 0.7939
vt 0.5361 0.7988
vt 0.5366 0.8066
vt 0.4736 0.8003
vt 0.4629 0.7881
vt 0.4575 0.7773
vt 0.4595 0.811
vt 0.4949 0.7935
vt 0.5176 0.8115
vt 0.519 0.8213
vt 0.5278 0.8276
vt 0.5103 0.8286
vt 0.5225 0.8442
vt 0.5039 0.8081
vt 0.4973 0.8481
vt 0.5127 0.8672
vt 0.4866 0.8081
vt 0.468 0.8135
vt 0.4617 0.8228
vt 0.4539 0.8149
vt 0.4551 0.8247
vt 0.4551 0.834
vt 0.4858 0.8174
vt 0.48 0.8296
vt 0.4951 0.8101
vt 0.4734 0.8423
vt 0.4946 0.8276
vt 0.4539 0.8438
vt 0.469 0.855
vt 0.4539 0.8521
vt 0.4878 0.854
vt 0.4941 0.8677
vt 0.4902 0.8745
vt 0.5039 0.8789
vt 0.5112 0.8145
vt 0.5171 0.8135
vt 0.5117 0.8237
vt 0.5063 0.8188
vt 0.4954 0.8213
vt 0.4978 0.8174
vt 0.4888 0.8232
vt 0.5103 0.8247
vt 0.5063 0.8296
vt 0.6108 0.3132
vt 0.6108 0.3059
vt 0.6045 0.312
vt 0.6064 0.3027
vt 0.6143 0.2964
vt 0.6084 0.2981
vt 0.4797 0.2257
vt 0.4866 0.2418
vt 0.4905 0.2367
vt 0.4858 0.2224
vt 0.48 0.2184
vt 0.8486 0.7402
vt 0.8584 0.7075
vt 0.8491 0.7056
vt 0.8555 0.7251
vt 0.8564 0.7402
vt 0.8667 0.7402
vt 0.8691 0.7256
vt 0.8691 0.7075
vt 0.8828 0.7397
vt 0.8804 0.7085
vt 0.8809 0.7251
vt 0.7456 0.0952
vt 0.7427 0.0826
vt 0.7285 0.1047
vt 0.7598 0.092
vt 0.7559 0.1112
vt 0.7632 0.1075
vt 0.7642 0.1251
vt 0.748 0.1197
vt 0.7344 0.121
vt 0.7363 0.136
vt 0.7412 0.142
vt 0.7549 0.1533
vt 0.7368 0.1521
vt 0.7563 0.076
vt 0.7671 0.0842
vt 0.7642 0.0601
vt 0.7524 0.0593
vt 0.7358 0.0611
vt 0.7451 0.0256
vt 0.7544 0.023
vt 0.7466 0.0021
vt 0.73 0.0032
vt 0.7329 0.0303
vt 0.7241 0.0619
vt 0.729 0.0828
vt 0.7202 0.0276
vt 0.7188 0.0037
vt 0.3813 0.6138
vt 0.3809 0.6021
vt 0.377 0.6006
vt 0.3704 0.6128
vt 0.3611 0.604
vt 0.3608 0.6196
vt 0.3699 0.6245
vt 0.3813 0.6255
vt 0.3606 0.6396
vt 0.3699 0.6416
vt 0.3816 0.6416
vt 0.3821 0.6499
vt 0.3682 0.6504
vt 0.3604 0.6494
vt 0.0034 0.9058
vt 0.0159 0.8857
vt 0.002 0.8784
vt 0.0222 0.8711
vt 0.0255 0.9028
vt 0.0122 0.9238
vt 0.0324 0.8726
vt 0.023 0.917
vt 0.0407 0.9331
vt 0.0359 0.9165
vt 0.0427 0.8813
vt 0.0462 0.8999
vt 0.0502 0.9312
vt 0.0554 0.8862
vt 0.0664 0.8726
vt 0.0594 0.8735
vt 0.0616 0.8574
vt 0.0737 0.8613
vt 0.6851 0.7642
vt 0.6792 0.7363
vt 0.6846 0.772
vt 0.6772 0.7363
vt 0.6836 0.7153
vt 0.6865 0.7163
vt 0.6997 0.7051
vt 0.6821 0.7129
vt 0.7031 0.7061
vt 0.7163 0.7021
vt 0.7188 0.7051
vt 0.7314 0.71
vt 0.7344 0.709
vt 0.7412 0.7222
vt 0.647 0.8535
vt 0.625 0.8809
vt 0.6299 0.8853
vt 0.6514 0.8599
vt 0.6729 0.8252
vt 0.6787 0.8291
vt 0.6553 0.8604
vt 0.6816 0.8311
vt 0.6343 0.8896
vt 0.6846 0.833
vt 0.6377 0.8921
vt 0.6904 0.8364
vt 0.6606 0.876
vt 0.645 0.8984
vt 0.6953 0.8408
vt 0.6494 0.9014
vt 0.6978 0.8433
vt 0.2773 0.8691
vt 0.2688 0.8677
vt 0.2695 0.8975
vt 0.2603 0.8945
vt 0.2585 0.9175
vt 0.2482 0.895
vt 0.2512 0.9155
vt 0.2396 0.9277
vt 0.2429 0.9341
vt 0.2266 0.9346
vt 0.2396 0.9111
vt 0.229 0.9243
vt 0.2131 0.9316
vt 0.2147 0.918
vt 0.2262 0.9062
vt 0.2133 0.9009
vt 0.2277 0.8853
vt 0.2113 0.8799
vt 0.2524 0.8643
vt 0.2622 0.8408
vt 0.229 0.8604
vt 0.2098 0.856
vt 0.2203 0.8418
vt 0.2472 0.8433
vt 0.2258 0.8252
vt 0.2472 0.833
vt 0.2566 0.8281
vt 0.2489 0.8242
vt 0.2361 0.8174
vt 0.2135 0.8174
vt 0.2097 0.8223
vt 0.272 0.5254
vt 0.2769 0.5405
vt 0.2947 0.5332
vt 0.2803 0.543
vt 0.2773 0.5498
vt 0.8379 0.2908
vt 0.835 0.2795
vt 0.834 0.2942
vt 0.8311 0.2939
vt 0.8223 0.2927
vt 0.8237 0.2974
vt 0.8276 0.2783
vt 0.8291 0.2703
vt 0.7319 0.4241
vt 0.7422 0.4324
vt 0.7466 0.4119
vt 0.7324 0.4333
vt 0.7319 0.4446
vt 0.7344 0.4607
vt 0.7261 0.4729
vt 0.7246 0.4541
vt 0.7305 0.4783
vt 0.7188 0.4578
vt 0.7227 0.4819
vt 0.7134 0.4609
vt 0.9185 0.0187
vt 0.9116 0.019
vt 0.9092 0.0309
vt 0.9253 0.0021
vt 0.9092 0.0059
vt 0.9004 0.0088
vt 0.9326 0.4468
vt 0.9209 0.4434
vt 0.9341 0.4583
vt 0.9243 0.4395
vt 0.9521 0.7773
vt 0.96 0.7017
vt 0.9551 0.7012
vt 0.9561 0.7773
vt 0.958 0.7769
vt 0.9595 0.7773
vt 0.9648 0.7026
vt 0.9692 0.7378
vt 0.9761 0.7061
vt 0.9707 0.7744
vt 0.9736 0.7446
vt 0.9805 0.7085
vt 0.9785 0.7471
vt 0.9819 0.7676
vt 0.9854 0.7129
vt 0.9897 0.7192
vt 0.9863 0.7627
vt 0.9941 0.7271
vt 0.9946 0.7432
vt 0.1289 0.895
vt 0.1266 0.9292
vt 0.1337 0.8926
vt 0.1289 0.9536
vt 0.1394 0.9111
vt 0.1389 0.8906
vt 0.1504 0.8916
vt 0.1478 0.9331
vt 0.1337 0.9575
vt 0.1486 0.9614
vt 0.1542 0.8916
vt 0.1504 0.9614
vt 0.1556 0.9448
vt 0.1544 0.9629
vt 0.1655 0.9663
vt 0.1603 0.8926
vt 0.1615 0.9346
vt 0.1721 0.939
vt 0.1738 0.9043
vt 0.1637 0.9038
vt 0.1729 0.8965
vt 0.2654 0.1379
vt 0.2708 0.141
vt 0.2666 0.1312
vt 0.2512 0.1254
vt 0.2559 0.1205
vt 0.2659 0.1183
vt 0.9243 0.2588
vt 0.9194 0.2292
vt 0.9214 0.26
vt 0.916 0.2742
vt 0.979 0.1696
vt 0.9819 0.2081
vt 0.9868 0.207
vt 0.9731 0.1696
vt 0.9731 0.1981
vt 0.9678 0.1721
vt 0.9751 0.2264
vt 0.9858 0.2502
vt 0.9795 0.2499
vt 0.9844 0.2673
vt 0.9795 0.2651
vt 0.9771 0.2603
vt 0.9746 0.2666
vt 0.8604 0.2091
vt 0.8579 0.2281
vt 0.8623 0.2196
vt 0.8628 0.208
vt 0.8486 0.1798
vt 0.9717 0.0994
vt 0.998 0.0993
vt 0.9707 0.0938
vt 0.9761 0.1344
vt 0.9946 0.1375
vt 0.9692 0.1317
vt 0.9941 0.166
vt 0.9678 0.1583
vt 0.2732 0.0179
vt 0.272 0.0257
vt 0.2786 0.0115
vt 0.2839 0.002
vt 0.895 0.0419
vt 0.8965 0.0508
vt 0.9014 0.0369
vt 0.8955 0.0326
vt 0.9302 0.1571
vt 0.9282 0.1464
vt 0.9209 0.1515
vt 0.9438 0.153
vt 0.9424 0.1602
vt 0.939 0.1619
vt 0.9375 0.1754
vt 0.9297 0.1714
vt 0.9385 0.1802
vt 0.9331 0.1801
vt 0.9966 0.3672
vt 0.9961 0.3594
vt 0.9912 0.3604
vt 0.9971 0.3428
vt 0.9888 0.3403
vt 0.9976 0.3364
vt 0.6099 0.4404
vt 0.6167 0.4387
vt 0.6177 0.429
vt 0.6094 0.4473
vt 0.6157 0.446
vt 0.7695 0.3022
vt 0.7539 0.2944
vt 0.7549 0.3059
vt 0.7808 0.2896
vt 0.7832 0.3044
vt 0.8076 0.2993
vt 0.8037 0.29
vt 0.791 0.2756
vt 0.7529 0.2661
vt 0.7773 0.2581
vt 0.7729 0.2266
vt 0.7495 0.2327
vt 0.7603 0.217
vt 0.7412 0.2004
vt 0.7656 0.2024
vt 0.7754 0.2008
vt 0.7485 0.1855
vt 0.7349 0.183
vt 0.7651 0.1855
vt 0.7759 0.1815
vt 0.7578 0.1838
vt 0.9854 0.6323
vt 0.9946 0.6475
vt 0.9976 0.6328
vt 0.9829 0.6494
vt 0.9731 0.6245
vt 0.9922 0.6636
vt 0.9736 0.6606
vt 0.9819 0.6631
vt 0.7944 0.1294
vt 0.7798 0.1182
vt 0.7861 0.1271
vt 0.7773 0.1181
vt 0.7705 0.0938
vt 0.1937 0.1536
vt 0.1875 0.1641
vt 0.1965 0.158
vt 0.1913 0.1667
vt 0.1837 0.1688
vt 0.9893 0.0138
vt 0.9834 0.002
vt 0.9863 0.0099
vt 0.9976 0.034
vt 0.8706 0.325
vt 0.8667 0.322
vt 0.8643 0.333
vt 0.8608 0.3252
vt 0.8589 0.335
vt 0.9619 0.4111
vt 0.9614 0.4277
vt 0.9707 0.4314
vt 0.96 0.4341
vt 0.9727 0.4368
vt 0.9712 0.4407
vt 0.9785 0.4426
vt 0.9575 0.4402
vt 0.7554 0.3923
vt 0.7515 0.3884
vt 0.7495 0.3967
vt 0.7559 0.3806
vt 0.7446 0.3916
vt 0.7524 0.3743
vt 0.7485 0.384
vt 0.4805 0.7563
vt 0.4812 0.7529
vt 0.4692 0.7461
vt 0.4905 0.752
vt 0.4661 0.7495
vt 0.4919 0.7544
vt 0.4648 0.7339
vt 0.459 0.7354
vt 0.4656 0.7153
vt 0.468 0.7227
vt 0.5039 0.7466
vt 0.4797 0.7046
vt 0.4824 0.7119
vt 0.4993 0.7451
vt 0.5034 0.7388
vt 0.4944 0.7114
vt 0.4988 0.7061
vt 0.5054 0.73
vt 0.5098 0.7373
vt 0.5078 0.7134
vt 0.502 0.7173
vt 0.2742 0.6875
vt 0.271 0.6938
vt 0.2827 0.7007
vt 0.2588 0.6958
vt 0.2856 0.6997
vt 0.2563 0.6885
vt 0.2869 0.7163
vt 0.2905 0.7173
vt 0.2886 0.7246
vt 0.2822 0.7266
vt 0.2764 0.7407
vt 0.2737 0.7339
vt 0.2627 0.7437
vt 0.2639 0.7373
vt 0.2499 0.7368
vt 0.2556 0.7339
vt 0.2427 0.7246
vt 0.2495 0.7251
vt 0.2408 0.7095
vt 0.2495 0.709
vt 0.9077 0.8242
vt 0.9097 0.8086
vt 0.9067 0.8086
vt 0.9043 0.8237
vt 0.8477 0.8086
vt 0.9014 0.8394
vt 0.9048 0.7935
vt 0.9077 0.7925
vt 0.8984 0.8379
vt 0.8916 0.8521
vt 0.8989 0.7793
vt 0.9014 0.7773
vt 0.8892 0.8501
vt 0.8789 0.8618
vt 0.8892 0.7671
vt 0.8916 0.7646
vt 0.877 0.8594
vt 0.8774 0.7578
vt 0.8628 0.8652
vt 0.8638 0.8682
vt 0.8789 0.7549
vt 0.8477 0.8701
vt 0.8633 0.752
vt 0.8638 0.7485
vt 0.8477 0.8672
vt 0.832 0.8682
vt 0.8477 0.7495
vt 0.8481 0.7466
vt 0.8325 0.8652
vt 0.8169 0.8618
vt 0.8325 0.7515
vt 0.832 0.7485
vt 0.8184 0.8594
vt 0.8184 0.7573
vt 0.8062 0.8501
vt 0.8042 0.8521
vt 0.8169 0.7549
vt 0.7944 0.8394
vt 0.8062 0.7671
vt 0.8042 0.7646
vt 0.7969 0.8379
vt 0.7881 0.8242
vt 0.7969 0.7788
vt 0.7944 0.7773
vt 0.791 0.8237
vt 0.7861 0.8081
vt 0.791 0.793
vt 0.7881 0.7925
vt 0.7891 0.8081
vn 0.065 0.93 -0.362
vn 0.535 0.75 -0.39
vn -0.114 0.714 -0.691
vn 0.772 -0.574 -0.274
vn -0.739 -0.67 0.075
vn 0.114 -0.516 -0.849
vn 0.108 -0.758 0.643
vn 0.715 -0.314 -0.625
vn 0.513 -0.815 0.268
vn -0.469 -0.295 -0.832
vn -0.403 -0.718 -0.568
vn 0.057 -0.85 -0.523
vn 0.9 -0.202 -0.386
vn 0.706 -0.247 -0.665
vn 0.717 -0.12 -0.687
vn 0.945 0.223 -0.238
vn 0.742 0.437 -0.508
vn 0.958 0.264 -0.117
vn 0.873 -0.365 0.323
vn -0.024 -0.867 0.498
vn -0.361 -0.774 0.52
vn -0.245 -0.848 -0.469
vn -0.431 -0.619 -0.657
vn -0.55 -0.825 -0.132
vn -0.157 -0.254 -0.954
vn -0.212 -0.01 -0.977
vn 0.559 -0.771 0.303
vn -0.681 -0.132 0.72
vn -0.437 -0.138 0.889
vn -0.566 0.192 0.802
vn 0.037 0.987 -0.157
vn 0.697 0.715 -0.057
vn 0.595 0.801 0.069
vn -0.572 -0.055 0.818
vn -0.542 0.097 0.835
vn -0.64 0.164 0.75
vn 0.696 -0.013 -0.718
vn 0.337 0.076 -0.938
vn 0.811 0.097 -0.577
vn -0.005 -0.702 -0.712
vn -0.537 -0.837 0.11
vn -0.384 -0.8 -0.461
vn -0.389 0.808 -0.443
vn -0.816 0.221 -0.534
vn -0.336 0.907 0.255
vn 0.9 -0.202 -0.386
vn 0.717 -0.12 -0.687
vn 0.885 -0.095 -0.456
vn -0.555 0.107 -0.825
vn -0.99 -0.06 -0.125
vn -0.956 0.016 -0.292
vn -0.945 -0.185 -0.27
vn -0.801 -0.541 -0.256
vn -0.915 -0.364 -0.178
vn -0.572 -0.055 0.818
vn -0.829 0.14 0.541
vn -0.635 -0.019 0.772
vn -0.28 0.146 0.949
vn 0.054 0.729 0.683
vn -0.181 0.551 0.814
vn 0.964 0.099 0.246
vn 0.978 -0.029 0.209
vn 0.909 0.389 0.151
vn -0.89 -0.083 0.449
vn -0.869 -0.335 0.364
vn -0.703 -0.116 0.702
vn 0.586 0.382 0.714
vn 0.695 0.45 0.561
vn 0.491 0.792 -0.362
vn -0.677 -0.699 -0.23
vn 0.37 -0.792 0.486
vn 0.379 -0.897 0.227
vn 0.593 0.279 -0.755
vn 0.526 0.678 0.514
vn 0.75 0.502 0.432
vn -0.428 0.622 0.656
vn -0.829 0.14 0.541
vn -0.572 -0.055 0.818
vn 0.541 0.541 -0.645
vn 0.525 0.318 -0.789
vn 0.552 0.365 -0.749
vn 0.541 0.541 -0.645
vn 0.552 0.365 -0.749
vn 0.734 0.221 -0.643
vn 0.63 -0.06 0.774
vn 0.677 -0.183 0.713
vn 0.264 -0.001 0.964
vn 0.411 -0.84 -0.353
vn 0.578 -0.287 0.764
vn -0.381 -0.117 -0.917
vn -0.461 -0.37 0.807
vn -0.659 -0.135 0.74
vn -0.929 -0.123 0.35
vn -0.703 -0.116 0.702
vn -0.461 -0.37 0.807
vn -0.929 -0.123 0.35
vn -0.674 0.689 0.265
vn 0.697 0.715 -0.057
vn 0.581 0.804 -0.128
vn 0.932 0.289 0.218
vn 0.992 0.074 0.102
vn 0.909 0.389 0.151
vn -0.976 -0.21 0.054
vn -0.061 -0.864 0.5
vn -0.276 -0.899 0.339
vn 0.928 -0.244 0.282
vn 0.951 0.292 0.102
vn 0.925 0.199 -0.323
vn 0.605 -0.194 -0.772
vn 0.568 0.015 -0.823
vn 0.473 -0.309 -0.825
vn 0.095 0.898 -0.429
vn -0.977 0.116 0.182
vn -0.645 0.13 0.753
vn -0.049 -0.77 -0.636
vn -0.565 -0.759 0.324
vn -0.001 -1 0.003
vn 0.969 0.245 0.034
vn 0.932 0.292 -0.215
vn 0.945 0.245 -0.218
vn 0.956 0.292 0.033
vn 0.927 0.245 0.283
vn 0.845 0.534 0.03
vn 0.824 0.534 -0.19
vn 0.809 0.534 0.247
vn 0.915 0.292 0.28
vn 0.822 0.245 0.514
vn 0.717 0.534 0.448
vn 0.811 0.292 0.507
vn 0.661 0.245 0.709
vn 0.577 0.534 0.619
vn 0.652 0.292 0.7
vn 0.455 0.245 0.856
vn 0.397 0.534 0.747
vn 0.449 0.292 0.844
vn 0.218 0.245 0.945
vn 0.19 0.534 0.824
vn 0.215 0.292 0.932
vn -0.034 0.245 0.969
vn -0.03 0.534 0.845
vn -0.033 0.292 0.956
vn -0.283 0.245 0.927
vn -0.247 0.534 0.809
vn -0.28 0.292 0.915
vn -0.514 0.245 0.822
vn -0.448 0.534 0.717
vn -0.507 0.292 0.811
vn -0.709 0.245 0.661
vn -0.619 0.534 0.577
vn -0.7 0.292 0.652
vn -0.856 0.245 0.455
vn -0.747 0.534 0.397
vn -0.844 0.292 0.449
vn -0.945 0.245 0.218
vn -0.824 0.534 0.19
vn -0.932 0.292 0.215
vn -0.969 0.245 -0.034
vn -0.845 0.534 -0.03
vn -0.956 0.292 -0.033
vn -0.927 0.245 -0.283
vn -0.809 0.534 -0.247
vn -0.915 0.292 -0.28
vn -0.822 0.245 -0.514
vn -0.717 0.534 -0.448
vn -0.811 0.292 -0.507
vn -0.661 0.245 -0.709
vn -0.577 0.534 -0.619
vn -0.652 0.292 -0.7
vn -0.455 0.245 -0.856
vn -0.397 0.534 -0.747
vn -0.449 0.292 -0.844
vn -0.218 0.245 -0.945
vn -0.19 0.534 -0.824
vn -0.215 0.292 -0.932
vn 0.034 0.245 -0.969
vn 0.03 0.534 -0.845
vn 0.033 0.292 -0.956
vn 0.283 0.245 -0.927
vn 0.247 0.534 -0.809
vn 0.28 0.292 -0.915
vn 0.514 0.245 -0.822
vn 0.448 0.534 -0.717
vn 0.507 0.292 -0.811
vn 0.709 0.245 -0.661
vn 0.619 0.534 -0.577
vn 0.7 0.292 -0.652
vn 0.856 0.245 -0.455
vn 0.747 0.534 -0.397
vn 0.844 0.292 -0.449
vn 0.945 0.245 -0.218
vn 0.824 0.534 -0.19
vn 0.932 0.292 -0.215
vn 0.493 0.589 0.641
vn 0.287 0.454 0.844
vn 0.622 0.518 0.587
vn 0.447 -0.277 0.85
vn 0.42 -0.543 0.727
vn 0.287 0.454 0.844
vn 0.323 -0.345 0.881
vn 0.447 -0.277 0.85
vn 0.42 -0.543 0.727
vn 0.104 -0.175 0.979
vn -0.233 -0.63 0.741
vn 0.656 -0.442 0.611
vn 0.015 -0.561 0.828
vn 0.028 0.459 -0.888
vn -0.31 0.426 -0.85
vn 0.221 -0.235 -0.946
vn 0.466 0.061 -0.883
vn -0.593 -0.13 -0.794
vn -0.483 0.545 -0.685
vn -0.371 0.449 -0.813
vn -0.816 0.221 -0.534
vn -0.577 0.304 -0.758
vn 0.619 -0.603 -0.503
vn 0.221 -0.235 -0.946
vn 0.466 0.061 -0.883
vn 0.593 0.279 -0.755
vn 0.284 0.958 0.01
vn 0.75 0.502 0.432
vn 0.028 0.459 -0.888
vn 0.221 -0.235 -0.946
vn 0.619 -0.603 -0.503
vn 0.891 -0.293 0.346
vn 0.75 0.502 0.432
vn -0.513 0.829 -0.224
vn -0.267 0.797 -0.542
vn -0.697 0.547 -0.463
vn -0.483 0.545 -0.685
vn -0.336 0.907 0.255
vn -0.816 0.221 -0.534
vn -0.45 -0.858 0.248
vn -0.669 -0.042 0.742
vn -0.772 -0.417 0.479
vn -0.774 0.063 0.629
vn -0.775 -0.628 -0.069
vn -0.771 -0.604 0.202
vn -0.743 0.152 0.652
vn -0.823 0.044 0.567
vn -0.608 -0.702 0.371
vn -0.869 -0.107 0.484
vn -0.619 -0.207 0.757
vn -0.389 0.808 -0.443
vn -0.336 0.907 0.255
vn -0.783 0.387 -0.488
vn -0.513 0.829 -0.224
vn -0.531 0.823 -0.2
vn -0.569 0.816 0.096
vn 0.232 0.676 0.7
vn -0.697 0.547 -0.463
vn -0.102 0.984 0.146
vn 0.374 0.342 0.862
vn -0.56 0.731 -0.39
vn -0.282 0.947 0.153
vn -0.45 0.713 -0.537
vn -0.063 0.382 -0.922
vn 0.424 0.476 0.771
vn -0.745 0.015 -0.667
vn 0.602 -0.189 0.776
vn -0.435 -0.712 -0.551
vn -0.403 -0.69 -0.602
vn -0.309 -0.395 -0.865
vn -0.531 0.107 -0.841
vn -0.267 0.797 -0.542
vn -0.085 -0.765 0.639
vn -0.616 -0.78 -0.112
vn -0.157 -0.705 -0.692
vn -0.349 -0.185 -0.918
vn -0.381 -0.117 -0.917
vn -0.268 -0.507 -0.819
vn -0.881 -0.394 -0.262
vn -0.583 -0.621 0.525
vn -0.269 -0.474 -0.838
vn -0.616 -0.78 -0.112
vn -0.4 -0.863 -0.308
vn -0.248 -0.415 -0.875
vn 0.168 -0.97 -0.177
vn 0.411 -0.84 -0.353
vn -0.569 0.816 0.096
vn -0.282 0.947 0.153
vn -0.531 0.823 -0.2
vn -0.307 0.95 -0.052
vn -0.039 0.962 0.268
vn 0.314 0.781 -0.539
vn -0.56 0.731 -0.39
vn -0.063 0.382 -0.922
vn 0.347 0.915 -0.208
vn -0.203 0.521 0.83
vn 0.028 0.588 0.809
vn 0.529 0.802 -0.279
vn 0.206 0.921 0.331
vn 0.037 0.987 -0.157
vn -0.389 0.808 -0.443
vn -0.241 0.93 -0.278
vn -0.062 0.937 -0.344
vn 0.169 0.985 0.043
vn 0.057 0.996 0.074
vn -0.736 0.384 0.558
vn 0.347 0.865 0.362
vn 0.29 0.854 0.433
vn 0.373 0.559 0.741
vn 0.528 0.569 0.63
vn 0.503 0.059 0.862
vn 0.698 -0.339 0.631
vn 0.515 -0.197 0.834
vn 0.73 0.212 0.65
vn 0.559 0.12 0.821
vn 0.91 -0.141 0.39
vn 0.791 0.141 0.596
vn 0.606 0.126 0.785
vn 0.983 0.085 0.162
vn 0.944 -0.288 0.16
vn 0.989 -0.15 0.004
vn 0.983 0.128 -0.132
vn 0.9 -0.202 -0.386
vn 0.97 0.091 0.228
vn 0.749 0.188 0.636
vn 0.892 0.071 -0.446
vn 0.706 -0.247 -0.665
vn 0.748 0.111 -0.655
vn 0.917 0.157 -0.368
vn 0.752 0.197 -0.628
vn 0.982 0.14 -0.125
vn 0.942 0.239 0.235
vn 0.961 0.231 -0.148
vn 0.913 0.217 -0.347
vn 0.908 0.339 0.247
vn 0.872 0.343 -0.351
vn 0.627 0.311 -0.714
vn 0.926 0.348 -0.146
vn 0.811 0.453 -0.371
vn 0.657 0.417 -0.628
vn 0.873 0.453 -0.183
vn 0.792 0.471 -0.388
vn 0.75 0.43 -0.503
vn 0.749 0.257 0.611
vn 0.875 0.415 0.247
vn 0.843 0.473 -0.255
vn 0.752 0.451 -0.481
vn 0.884 0.466 -0.031
vn 0.827 0.477 -0.299
vn 0.824 0.379 -0.421
vn 0.858 0.369 0.356
vn 0.679 0.354 -0.643
vn 0.708 0.4 -0.583
vn 0.649 0.315 -0.692
vn 0.491 0.35 -0.798
vn 0.503 0.313 -0.806
vn 0.665 0.218 -0.715
vn 0.533 0.195 -0.823
vn 0.666 0.094 -0.74
vn 0.479 0.202 -0.854
vn 0.521 0.008 -0.854
vn 0.679 0.128 -0.723
vn 0.464 -0.096 -0.88
vn 0.568 0.015 -0.823
vn 0.473 -0.309 -0.825
vn 0.605 -0.194 -0.772
vn 0.771 -0.22 -0.598
vn 0.944 -0.035 -0.326
vn 0.891 -0.076 -0.448
vn 0.613 -0.082 -0.786
vn 0.934 0.218 -0.282
vn 0.656 -0.295 -0.694
vn 0.445 -0.423 -0.789
vn 0.723 -0.386 -0.573
vn 0.431 -0.553 -0.713
vn 0.419 -0.485 -0.768
vn 0.964 0.182 -0.196
vn 0.955 0.295 -0.023
vn 0.795 -0.273 -0.541
vn 0.462 -0.439 -0.771
vn 0.97 0.232 -0.068
vn 0.985 0.134 -0.106
vn 0.925 0.301 0.231
vn 0.899 0.432 0.066
vn 0.987 0.15 -0.06
vn 0.896 -0.077 -0.439
vn 0.984 -0.163 -0.074
vn 0.908 -0.217 -0.357
vn 0.73 -0.459 -0.506
vn 0.28 -0.853 -0.442
vn 0.204 -0.577 -0.791
vn 0.922 -0.193 -0.335
vn 0.906 -0.067 -0.418
vn 0.954 -0.191 -0.233
vn 0.861 -0.432 -0.268
vn -0.754 -0.596 0.276
vn 0.732 -0.682 0.011
vn 0.9 -0.433 -0.056
vn 0.976 -0.205 -0.075
vn 0.656 -0.729 -0.192
vn -0.851 -0.471 0.234
vn 0.783 -0.562 -0.267
vn 0.772 -0.574 -0.274
vn 0.921 -0.097 -0.376
vn 0.971 -0.164 -0.172
vn 0.978 -0.176 -0.112
vn 0.987 -0.16 0.028
vn 0.964 -0.125 0.234
vn 0.805 -0.483 0.344
vn 0.992 -0.111 -0.059
vn 0.882 -0.033 0.471
vn 0.774 -0.397 0.492
vn 0.602 -0.189 0.776
vn 0.974 0.103 0.203
vn 0.843 -0.041 0.536
vn 0.706 0.09 0.702
vn 0.858 0.165 0.486
vn 0.836 0.291 0.466
vn 0.663 0.151 0.733
vn 0.374 0.342 0.862
vn 0.732 0.146 0.666
vn 0.93 0.244 0.275
vn 0.607 0.352 0.713
vn 0.232 0.676 0.7
vn 0.632 0.192 0.75
vn 0.868 0.473 0.154
vn 0.875 0.439 0.207
vn 0.789 0.377 0.485
vn 0.767 0.284 0.576
vn 0.695 0.45 0.561
vn 0.776 -0.362 0.517
vn 0.423 0.018 0.906
vn 0.586 0.382 0.714
vn 0.6 0.223 0.768
vn 0.6 0.07 0.797
vn 0.4 0.024 0.917
vn 0.746 0.176 0.643
vn 0.551 0.131 0.824
vn 0.324 0.148 0.935
vn 0.713 0.158 0.683
vn 0.632 0.288 0.719
vn 0.516 0.154 0.843
vn 0.801 0.246 0.546
vn 0.645 0.199 0.738
vn 0.794 0.272 0.543
vn 0.675 0.173 0.718
vn 0.619 0.084 0.781
vn 0.517 0.102 0.85
vn 0.599 0.11 0.793
vn 0.562 -0.01 0.828
vn 0.384 0.012 0.923
vn 0.416 0.008 0.909
vn 0.596 0.086 0.798
vn 0.474 0.037 0.88
vn 0.52 0.072 0.852
vn 0.506 0.086 0.858
vn 0.459 0.082 0.885
vn 0.49 0.012 0.872
vn 0.505 0.065 0.86
vn 0.454 -0.37 0.811
vn 0.234 0.663 -0.711
vn 0.202 0.979 0.018
vn 0.25 0.433 0.866
vn 0.095 0.898 -0.429
vn -0.651 0.019 0.759
vn -0.738 -0.253 0.625
vn 0.049 0.087 0.995
vn -0.645 0.13 0.753
vn -0.099 -0.306 0.947
vn 0.408 -0.397 0.822
vn 0.565 0.02 0.825
vn 0.037 0.987 -0.157
vn 0.206 0.921 0.331
vn 0.697 0.715 -0.057
vn 0.529 0.802 -0.279
vn 0.028 0.588 0.809
vn 0.581 0.804 -0.128
vn 0.621 -0.126 0.773
vn 0.313 -0.464 0.828
vn 0.632 -0.588 0.505
vn -0.001 -1 0.003
vn 0.645 -0.763 0.057
vn -0.049 -0.77 -0.636
vn 0.12 -0.92 -0.372
vn 0.055 -0.984 0.171
vn 0.313 -0.464 0.828
vn -0.565 -0.759 0.324
vn 0.621 -0.126 0.773
vn -0.001 -1 0.003
vn -0.608 -0.702 0.371
vn -0.619 -0.207 0.757
vn -0.181 -0.696 0.695
vn -0.727 -0.68 0.093
vn -0.846 -0.504 0.173
vn -0.752 -0.577 0.32
vn -0.346 -0.935 -0.074
vn -0.81 -0.585 0.044
vn -0.533 -0.805 -0.263
vn -0.141 -0.989 0.033
vn -0.5 -0.604 -0.622
vn -0.05 -0.982 -0.179
vn -0.211 -0.955 -0.208
vn -0.553 -0.806 -0.211
vn 0.241 -0.916 -0.322
vn 0.389 -0.918 -0.075
vn 0.614 -0.694 -0.376
vn 0.478 -0.793 -0.378
vn 0.253 -0.848 0.466
vn 0.087 -0.966 -0.242
vn -0.492 -0.867 0.084
vn 0.386 -0.859 -0.337
vn -0.138 -0.987 -0.086
vn -0.605 -0.78 0.155
vn -0.645 -0.754 0.128
vn -0.285 -0.946 -0.151
vn 0.206 -0.904 -0.373
vn 0.66 -0.502 -0.559
vn 0.725 -0.504 -0.469
vn 0.57 -0.472 -0.673
vn 0.253 -0.841 -0.478
vn -0.369 -0.916 -0.16
vn 0.409 -0.684 -0.605
vn 0.607 -0.373 -0.702
vn 0.445 -0.625 -0.642
vn 0.4 -0.517 -0.757
vn -0.442 -0.86 -0.255
vn 0.112 -0.613 -0.782
vn -0.93 0.3 0.214
vn -0.891 0.454 0.024
vn -0.977 0.116 0.182
vn -0.938 0.182 -0.294
vn -0.85 0.309 -0.427
vn -0.521 0.261 -0.813
vn -0.545 0.05 -0.837
vn 0.061 0.159 -0.985
vn 0.065 0.104 -0.993
vn 0.724 0.041 -0.688
vn 0.753 0.09 -0.652
vn 0.995 0.101 -0.02
vn 0.961 0.274 -0.012
vn 0.232 0.933 0.276
vn 0.835 -0.058 0.547
vn 0.202 0.979 0.018
vn 0.565 0.02 0.825
vn 0.049 0.087 0.995
vn 0.595 0.801 0.069
vn 0.697 0.715 -0.057
vn -0.674 0.689 0.265
vn -0.67 0.553 0.495
vn -0.278 0.943 -0.184
vn -0.198 0.963 -0.18
vn 0.23 0.848 -0.477
vn 0.037 0.987 -0.157
vn 0.011 0.98 -0.2
vn -0.062 0.937 -0.344
vn 0.557 0.031 0.83
vn -0.729 -0.102 0.676
vn 0.588 -0.153 0.794
vn 0.368 0.662 0.653
vn -0.641 0.524 0.562
vn -0.799 0.077 0.596
vn -0.517 -0.081 0.852
vn -0.458 0.412 0.788
vn -0.67 0.531 0.52
vn -0.906 0.131 0.403
vn -0.909 0.212 0.359
vn -0.797 0.57 0.198
vn -0.9 0.424 -0.102
vn -0.99 0.123 -0.062
vn -0.817 0.519 -0.25
vn -0.559 0.829 0.015
vn -0.718 0.621 -0.315
vn -0.571 0.8 -0.182
vn -0.926 0.05 -0.375
vn -0.691 0.592 -0.414
vn -0.696 0.042 -0.717
vn -0.351 0.736 -0.578
vn -0.484 0.313 -0.817
vn -0.748 0.292 -0.597
vn -0.668 0.522 -0.531
vn -0.521 0.344 -0.782
vn -0.688 0.366 -0.626
vn -0.614 0.239 -0.752
vn -0.514 0.123 -0.849
vn -0.506 0.038 -0.862
vn -0.696 0.365 -0.618
vn -0.708 0.352 -0.613
vn -0.604 0.215 -0.767
vn -0.703 0.567 -0.428
vn -0.689 0.563 -0.455
vn -0.56 0.807 -0.19
vn -0.652 0.672 -0.35
vn -0.646 0.76 0.073
vn -0.825 0.463 -0.324
vn -0.992 0.117 -0.057
vn -0.83 0.361 0.425
vn -0.479 0.745 0.466
vn -0.845 0.188 0.501
vn -0.48 0.605 0.634
vn -0.47 0.521 0.713
vn -0.535 0.114 -0.837
vn -0.47 0.046 -0.881
vn -0.52 0.017 -0.854
vn -0.419 0.145 -0.896
vn -0.451 0.014 -0.893
vn -0.502 -0.034 -0.864
vn -0.461 -0.066 -0.885
vn -0.477 -0.152 -0.866
vn -0.467 -0.03 -0.884
vn -0.482 -0.109 -0.869
vn -0.409 -0.221 -0.885
vn -0.453 -0.201 -0.869
vn -0.692 0.204 -0.693
vn -0.626 -0.073 -0.776
vn -0.857 0.051 -0.512
vn -0.792 0.289 -0.538
vn -0.479 -0.124 -0.869
vn -0.534 -0.225 -0.815
vn -0.823 0.235 -0.517
vn -0.963 -0.193 -0.186
vn -0.886 0.131 -0.445
vn -0.602 -0.338 -0.724
vn -0.448 -0.294 -0.845
vn -0.412 -0.241 -0.879
vn -0.889 -0.171 -0.425
vn -0.848 -0.498 -0.184
vn -0.899 -0.415 0.139
vn -0.595 -0.268 -0.757
vn -0.385 -0.067 -0.921
vn -0.92 -0.114 0.374
vn -0.906 -0.356 0.229
vn -0.857 -0.514 -0.039
vn -0.901 -0.13 0.414
vn -0.911 -0.134 0.391
vn -0.841 0.072 0.537
vn -0.642 0.176 0.746
vn -0.284 0.619 0.732
vn -0.815 -0.059 0.577
vn -0.832 -0.053 0.552
vn -0.884 -0.386 0.263
vn -0.722 0.054 0.69
vn -0.569 0.27 0.776
vn -0.683 0.044 0.729
vn -0.854 -0.356 0.381
vn -0.792 -0.288 0.538
vn -0.708 -0.697 0.115
vn -0.626 -0.776 -0.066
vn -0.653 -0.711 0.26
vn -0.839 -0.519 0.165
vn -0.781 -0.619 0.083
vn -0.706 -0.259 0.659
vn -0.656 -0.638 0.403
vn 0.023 -0.849 -0.529
vn -0.429 -0.898 -0.099
vn -0.495 -0.819 -0.289
vn -0.727 -0.68 0.093
vn -0.883 -0.435 -0.177
vn -0.846 -0.504 0.173
vn -0.488 0.123 0.864
vn -0.226 0.312 0.923
vn -0.299 -0.075 0.951
vn -0.426 -0.687 0.589
vn -0.847 -0.24 -0.474
vn -0.923 -0.363 -0.128
vn -0.61 -0.194 -0.768
vn -0.776 -0.337 -0.533
vn -0.601 -0.288 -0.746
vn -0.687 -0.39 -0.614
vn -0.712 -0.451 -0.538
vn -0.827 -0.478 -0.294
vn -0.742 -0.401 -0.538
vn -0.892 -0.396 -0.221
vn -0.913 -0.385 0.133
vn -0.88 -0.474 -0.028
vn -0.779 -0.302 0.55
vn -0.619 -0.207 0.757
vn -0.869 -0.107 0.484
vn -0.912 -0.287 0.295
vn -0.89 -0.453 -0.047
vn -0.914 -0.301 0.273
vn -0.867 -0.092 0.49
vn -0.823 0.044 0.567
vn -0.905 -0.383 -0.187
vn -0.888 -0.459 -0.027
vn -0.944 -0.326 0.053
vn -0.854 -0.301 0.426
vn -0.714 -0.127 0.689
vn -0.853 -0.441 -0.281
vn -0.756 0.012 0.655
vn -0.774 0.063 0.629
vn -0.669 -0.042 0.742
vn -0.664 -0.075 0.744
vn -0.493 -0.095 0.865
vn -0.45 -0.858 0.248
vn -0.508 -0.025 0.861
vn -0.693 -0.254 0.674
vn -0.647 -0.258 0.717
vn -0.501 -0.297 0.812
vn -0.508 -0.066 0.859
vn -0.599 -0.324 0.732
vn -0.67 -0.242 0.702
vn -0.679 -0.226 0.698
vn -0.837 -0.184 0.515
vn -0.833 -0.265 0.487
vn -0.652 -0.029 0.757
vn -0.693 0.366 0.62
vn -0.534 0.272 0.8
vn -0.333 0.158 0.93
vn -0.694 -0.081 0.715
vn -0.99 -0.119 -0.078
vn -0.946 -0.11 -0.304
vn -0.852 -0.233 -0.469
vn -0.731 -0.224 -0.645
vn -0.608 -0.063 -0.792
vn -0.601 0.104 -0.793
vn -0.355 0.087 -0.931
vn -0.846 -0.009 -0.533
vn -0.809 0.02 -0.587
vn -0.919 0.048 -0.391
vn -0.964 0.016 -0.265
vn -0.522 0.154 -0.839
vn -0.573 0.214 -0.791
vn -0.433 0.161 -0.887
vn -0.503 0.178 -0.846
vn -0.419 0.182 -0.89
vn -0.445 0.084 -0.892
vn -0.811 0.107 -0.576
vn -0.777 0.193 -0.599
vn -0.922 0.174 -0.345
vn -0.958 0.073 -0.278
vn -0.575 0.138 -0.806
vn -0.419 -0.2 -0.886
vn -0.934 0.213 -0.287
vn -0.996 0.069 0.058
vn -0.986 0.167 0.001
vn -0.995 -0.03 0.098
vn -0.88 -0.133 0.456
vn -0.911 0.201 0.361
vn -0.835 0.173 0.522
vn -0.817 0.317 0.481
vn -0.593 0.257 0.763
vn -0.94 0.242 0.241
vn -0.753 0.246 0.61
vn -0.482 0.232 0.845
vn -0.623 0.247 0.742
vn -0.866 0.289 0.409
vn -0.867 0.255 0.427
vn -0.85 0.275 0.449
vn -0.601 0.266 0.754
vn -0.543 0.229 0.807
vn -0.947 0.236 0.218
vn -0.977 0.214 -0.031
vn -0.855 0.252 0.453
vn -0.507 0.242 0.828
vn -0.942 0.264 0.208
vn -0.944 0.251 0.214
vn -0.963 0.154 0.221
vn -0.702 0.135 0.699
vn -0.374 0.264 0.889
vn -0.63 -0.202 0.75
vn -0.849 0.151 0.506
vn -0.841 -0.084 0.534
vn -0.951 -0.107 0.289
vn -1 -0.02 -0.024
vn -0.984 0.054 -0.169
vn -0.983 -0.16 -0.09
vn -0.892 -0.351 -0.284
vn -0.866 -0.424 -0.264
vn -0.988 0.153 -0.026
vn -0.955 -0.004 -0.297
vn -0.964 0.193 -0.18
vn -0.975 0.224 0.014
vn -0.971 0.24 0.021
vn -0.935 0.275 -0.223
vn -0.896 0.276 -0.346
vn -0.919 0.203 -0.339
vn -0.761 0.247 -0.6
vn -0.76 0.172 -0.627
vn -0.813 0.035 -0.58
vn -0.844 -0.159 -0.513
vn -0.622 -0.658 -0.426
vn -0.681 -0.182 -0.709
vn -0.368 -0.861 -0.352
vn -0.615 0.042 -0.787
vn -0.233 -0.921 -0.311
vn -0.79 -0.235 0.566
vn -0.796 -0.435 0.421
vn 0.946 -0.323 -0.04
vn 0.106 -0.954 -0.282
vn 0.476 -0.712 0.516
vn 0.932 0.024 -0.363
vn 0.227 -0.131 0.965
vn 0.11 -0.152 0.982
vn 0.88 -0.465 -0.096
vn 0.571 -0.692 0.441
vn 0.328 -0.312 0.892
vn 0.579 -0.706 0.408
vn 0.504 -0.823 0.262
vn -0.034 -0.017 1
vn 0.389 -0.129 0.912
vn -0.583 0.473 0.661
vn 0.424 0.476 0.771
vn 0.451 0.555 0.699
vn -0.835 0.287 0.47
vn 0.798 0.583 0.152
vn 0.751 0.458 0.475
vn -0.74 0.567 0.362
vn -0.204 0.71 0.674
vn -0.518 0.629 0.58
vn -0.565 0.507 0.651
vn -0.185 0.798 0.574
vn 0.75 0.457 0.478
vn -0.06 0.874 0.483
vn 0.493 0.197 0.847
vn 0.249 0.195 0.949
vn 0.198 0.168 0.965
vn 0.675 -0.133 0.725
vn 0.405 -0.119 0.907
vn 0.795 -0.416 0.441
vn 0.2 0.452 0.869
vn 0.973 -0.11 0.205
vn 0.283 -0.449 0.847
vn 0.37 0.129 0.92
vn 0.796 -0.604 -0.012
vn 0.333 -0.938 0.091
vn 0.93 -0.35 -0.116
vn 0.982 0.163 -0.09
vn 0.85 -0.525 -0.039
vn 0.584 -0.812 -0.01
vn 0.917 -0.13 -0.376
vn 0.765 0.168 -0.622
vn 0.869 -0.353 0.347
vn 0.284 -0.896 0.343
vn 0.458 -0.107 0.882
vn 0.759 -0.01 0.651
vn 0.774 -0.135 0.618
vn 0.623 -0.243 0.744
vn 0.129 -0.139 0.982
vn 0.69 0.083 0.719
vn 0.676 -0.253 -0.692
vn 0.229 0.38 -0.896
vn 0.915 -0.206 0.347
vn 0.755 0.032 0.655
vn 0.572 -0.48 0.665
vn 0.903 0.272 0.332
vn 0.414 -0.697 0.584
vn -0.181 0.551 0.814
vn 0.054 0.729 0.683
vn 0.737 0.47 0.485
vn 0.607 0.117 0.786
vn 0.651 0.593 0.473
vn 0.264 0.459 0.849
vn 0.457 0.551 0.699
vn 0.774 0.441 0.454
vn 0.878 -0.075 0.472
vn 0.973 0.153 0.174
vn 0.975 0.214 0.057
vn 0.668 0.447 0.595
vn 0.985 -0.145 0.088
vn 0.992 -0.003 -0.123
vn 0.975 -0.22 -0.026
vn 0.923 -0.305 -0.235
vn 0.921 -0.231 -0.314
vn 0.942 -0.211 -0.259
vn 0.984 -0.086 -0.154
vn 0.963 -0.074 -0.258
vn 0.796 -0.466 -0.386
vn 0.981 0.104 -0.162
vn 0.905 -0.232 -0.357
vn 0.632 -0.358 -0.687
vn 0.978 0.158 -0.14
vn 0.856 0.251 -0.452
vn 0.692 -0.218 -0.688
vn 0.439 -0.403 -0.803
vn 0.479 -0.155 -0.864
vn 0.61 0.039 -0.791
vn 0.731 -0.267 -0.628
vn 0.737 -0.016 -0.675
vn 0.86 -0.162 -0.484
vn 0.866 -0.091 -0.491
vn 0.964 0.007 -0.265
vn 0.696 -0.354 -0.624
vn 0.41 -0.312 -0.857
vn 0.265 -0.558 -0.787
vn -0.086 -0.477 -0.875
vn 0.599 0.004 -0.801
vn 0.737 0.284 -0.614
vn 0.315 0.614 -0.724
vn 0.878 0.415 -0.24
vn 0.492 0.686 -0.536
vn 0.361 0.886 -0.29
vn 0.985 -0.024 -0.172
vn 0.822 0.569 0.006
vn 0.958 0.264 -0.117
vn 0.887 0.398 0.235
vn 0.988 0.123 0.094
vn 0.99 0.14 0.021
vn 0.958 0.279 0.075
vn 0.962 0.22 0.159
vn 0.945 0.223 -0.238
vn 0.941 0.247 0.229
vn 0.952 0.174 0.254
vn 0.852 0.425 0.306
vn 0.803 0.467 0.37
vn 0.869 -0.006 0.495
vn 0.861 0.275 0.429
vn 0.614 0.464 0.639
vn 0.801 0.229 0.553
vn 0.482 -0.301 0.823
vn 0.224 0.421 0.879
vn 0.626 0.075 0.776
vn 0.36 0.448 0.818
vn 0.382 0.247 0.891
vn 0.638 0.245 0.73
vn 0.935 -0.09 0.344
vn 0.68 0.006 0.733
vn 0.306 0.204 0.93
vn 0.716 0.504 0.483
vn 0.974 0.194 0.12
vn 0.68 0.733 0.014
vn 0.41 0.832 0.374
vn 0.252 0.967 -0.035
vn 0.534 0.759 -0.371
vn 0.87 0.271 -0.412
vn 0.41 0.676 -0.612
vn 0.742 0.437 -0.508
vn 0.711 0.295 -0.638
vn 0.76 -0.027 -0.649
vn 0.417 0.236 -0.877
vn 0.445 0.595 -0.669
vn 0.328 0.324 -0.887
vn 0.861 -0.233 0.452
vn 0.2 0.452 0.869
vn 0.816 0.252 0.52
vn 0.405 -0.119 0.907
vn 0.198 0.168 0.965
vn 0.249 0.195 0.949
vn 0.496 0.519 0.696
vn -0.06 0.874 0.483
vn 0.605 -0.008 0.796
vn 0.189 -0.054 0.98
vn 0.646 0.043 0.762
vn 0.063 0.045 0.997
vn 0.41 0.256 0.875
vn -0.016 0.134 0.991
vn -0.426 0.073 0.902
vn 0.411 0.322 0.853
vn -0.374 0.083 0.924
vn -0.074 0.243 0.967
vn 0.509 0.555 0.658
vn -0.498 0.14 0.856
vn -0.598 0.023 0.801
vn -0.091 0.44 0.894
vn -0.249 0.389 0.887
vn -0.44 0.185 0.878
vn -0.124 0.536 0.835
vn -0.317 0.514 0.797
vn -0.509 0.117 0.853
vn -0.417 0.43 0.8
vn -0.566 -0.081 0.821
vn -0.571 -0.192 0.798
vn -0.511 0.849 -0.137
vn 0.646 0.043 0.762
vn 0.189 -0.054 0.98
vn -0.492 0.83 -0.264
vn 0.063 0.045 0.997
vn -0.126 0.948 0.292
vn -0.426 0.073 0.902
vn 0.391 0.164 0.906
vn 0.894 0.21 0.396
vn -0.294 0.869 -0.398
vn 0.887 0.27 -0.375
vn 0.916 0.287 -0.282
vn 0.774 0.369 -0.514
vn 0.666 0.112 -0.738
vn 0.56 0.209 -0.802
vn 0.066 0.178 -0.982
vn 0.045 -0.038 -0.998
vn -0.555 0.107 -0.825
vn -0.554 0.039 -0.832
vn 0.014 0.958 0.285
vn 0.018 0.055 0.999
vn -0.476 0.302 0.826
vn -0.714 0.152 0.683
vn -0.873 0.004 0.487
vn -0.971 0.119 0.206
vn -0.99 -0.06 -0.125
vn -0.426 0.073 0.902
vn -0.374 0.083 0.924
vn -0.598 0.023 0.801
vn -0.714 0.152 0.683
vn -0.928 0.078 0.365
vn -0.971 0.119 0.206
vn -0.956 0.016 -0.292
vn -0.99 -0.06 -0.125
vn -0.792 0.032 0.61
vn -0.635 -0.019 0.772
vn -0.498 0.14 0.856
vn -0.566 -0.081 0.821
vn -0.44 0.185 0.878
vn -0.572 -0.055 0.818
vn -0.542 0.097 0.835
vn -0.571 -0.192 0.798
vn -0.591 -0.003 0.807
vn -0.509 0.117 0.853
vn -0.417 0.43 0.8
vn -0.64 0.164 0.75
vn -0.435 0.224 0.872
vn -0.827 -0.143 0.543
vn -0.982 0.178 0.058
vn -0.829 0.14 0.541
vn -0.794 0.269 0.545
vn -0.428 0.622 0.656
vn -0.535 0.194 0.822
vn -0.993 0.047 -0.108
vn -0.99 0.13 0.056
vn -0.858 0.139 -0.495
vn -0.928 0.065 -0.368
vn -0.551 0.106 -0.827
vn -0.554 0.039 -0.832
vn -0.555 0.107 -0.825
vn -0.633 0.185 -0.751
vn -0.568 0.231 -0.79
vn -0.851 0.219 -0.479
vn -0.955 0.287 0.075
vn -0.823 0.23 -0.52
vn -0.61 0.227 -0.759
vn -0.529 -0.422 -0.736
vn -0.799 0.145 -0.583
vn -0.377 -0.896 -0.237
vn -0.979 0.091 -0.185
vn 0.231 -0.83 0.508
vn -0.765 -0.478 0.432
vn -0.859 -0.468 -0.208
vn -0.718 0.046 0.694
vn -0.496 -0.845 -0.199
vn 0.108 -0.758 0.643
vn -0.662 -0.747 0.066
vn 0.27 -0.873 0.406
vn -0.85 -0.453 0.269
vn 0.732 -0.682 0.011
vn 0.9 -0.433 -0.056
vn -0.851 -0.471 0.234
vn 0.482 -0.171 0.859
vn 0.391 0.164 0.906
vn 0.074 -0.291 0.954
vn 0.018 0.055 0.999
vn -0.461 -0.089 0.883
vn -0.363 -0.197 0.911
vn -0.476 0.302 0.826
vn 0.431 0.252 -0.867
vn 0.733 0.281 -0.62
vn 0.484 0.202 -0.852
vn 0.774 0.369 -0.514
vn 0.56 0.209 -0.802
vn 0.915 0.28 -0.291
vn 0.916 0.287 -0.282
vn 0.824 0.451 -0.343
vn 0.587 0.345 -0.732
vn 0.901 0.341 0.268
vn 0.719 0.602 -0.347
vn 0.596 0.357 -0.719
vn 0.62 0.501 -0.604
vn 0.548 0.138 -0.825
vn 0.549 0.785 -0.286
vn 0.55 0.576 -0.604
vn 0.493 0.87 0.021
vn 0.579 0.167 -0.798
vn 0.736 0.675 0.047
vn 0.512 0.771 0.378
vn 0.509 0.555 0.658
vn 0.866 0.49 0.1
vn 0.411 0.322 0.853
vn 0.41 0.256 0.875
vn 0.92 0.131 0.368
vn 0.605 -0.008 0.796
vn 0.968 0.042 0.247
vn 0.646 0.043 0.762
vn -0.294 0.869 -0.398
vn -0.511 0.849 -0.137
vn 0.715 -0.314 -0.625
vn -0.004 -0.653 -0.757
vn 0.513 -0.815 0.268
vn 0.472 0.274 -0.838
vn -0.157 -0.254 -0.954
vn -0.335 -0.889 -0.312
vn 0.21 0.302 -0.93
vn -0.212 -0.01 -0.977
vn 0.525 0.318 -0.789
vn -0.2 0.23 -0.952
vn -0.529 -0.422 -0.736
vn -0.61 0.227 -0.759
vn -0.081 0.774 -0.628
vn -0.568 0.231 -0.79
vn 0.329 0.653 -0.682
vn 0.507 0.241 -0.828
vn 0.865 -0.428 -0.261
vn -0.431 -0.619 -0.657
vn -0.245 -0.848 -0.469
vn 0.42 -0.903 0.088
vn -0.018 -0.825 -0.564
vn 0.177 -0.357 -0.917
vn 0.552 0.365 -0.749
vn 0.472 -0.4 -0.785
vn 0.607 -0.373 -0.702
vn 0.565 -0.302 -0.768
vn 0.709 -0.163 -0.686
vn 0.822 0.013 -0.569
vn 0.824 -0.122 -0.554
vn 0.654 0.021 -0.756
vn 0.846 0.253 -0.47
vn 0.815 0.119 -0.567
vn 0.778 -0.109 -0.619
vn 0.86 0.276 -0.429
vn 0.8 0.551 -0.238
vn 0.803 0.569 -0.178
vn 0.915 0.348 -0.205
vn 0.809 0.588 -0.015
vn 0.955 0.274 -0.117
vn 0.735 0.625 -0.263
vn 0.491 0.508 -0.708
vn 0.214 0.192 -0.958
vn 0.242 0.692 -0.68
vn 0.62 0.757 -0.204
vn 0.717 0.697 -0.032
vn 0.591 0.797 0.121
vn 0.722 0.687 0.079
vn 0.58 0.814 -0.013
vn 0.691 0.723 0.018
vn 0.46 0.804 0.376
vn 0.381 0.896 0.229
vn 0.8 0.558 0.22
vn 0.632 0.768 0.107
vn 0.404 0.911 -0.087
vn 0.585 0.765 0.27
vn 0.469 0.883 -0.009
vn 0.599 0.797 0.073
vn 0.588 0.753 0.294
vn 0.725 0.53 0.441
vn 0.613 0.659 0.436
vn 0.838 0.309 0.449
vn 0.75 0.457 0.478
vn 0.645 0.629 0.435
vn 0.558 0.615 0.557
vn 0.833 0.366 0.415
vn 0.649 0.393 0.65
vn 0.982 0.186 0.027
vn 0.751 0.458 0.475
vn 0.785 0.493 0.374
vn 0.798 0.583 0.152
vn 0.451 0.555 0.699
vn 0.549 0.492 0.675
vn 0.591 0.49 0.641
vn 0.624 0.501 0.6
vn 0.424 0.476 0.771
vn -0.45 0.713 -0.537
vn -0.102 0.984 0.146
vn 0.601 0.385 0.701
vn 0.573 0.555 0.603
vn 0.569 0.521 0.636
vn 0.545 0.609 0.576
vn 0.562 0.477 0.676
vn 0.568 0.528 0.631
vn 0.647 0.399 0.649
vn 0.578 0.517 0.632
vn 0.64 0.263 0.722
vn 0.75 0.502 0.432
vn 0.526 0.678 0.514
vn 0.891 -0.293 0.346
vn 0.491 0.792 -0.362
vn 0.028 0.459 -0.888
vn 0.425 0.543 0.724
vn 0.369 0.522 0.769
vn 0.458 0.461 0.76
vn 0.558 0.499 0.663
vn 0.549 0.511 0.662
vn 0.49 0.416 0.766
vn 0.286 0.733 0.617
vn 0.52 0.533 0.668
vn 0.593 0.574 0.564
vn 0.592 0.535 0.602
vn 0.496 0.519 0.696
vn 0.781 0.588 0.211
vn 0.998 -0.002 0.062
vn 0.861 -0.233 0.452
vn 0.805 0.593 -0.02
vn 0.579 0.79 -0.204
vn 0.983 0.087 -0.16
vn 0.816 0.252 0.52
vn 0.89 0.441 -0.117
vn 0.891 0.291 -0.349
vn 0.928 0.218 -0.303
vn 0.768 0.373 -0.521
vn 0.854 0.5 -0.138
vn 0.781 0.453 -0.429
vn 0.445 0.691 -0.57
vn 0.45 0.398 -0.799
vn 0.385 0.554 -0.738
vn 0.626 0.075 0.776
vn 0.084 -0.118 0.989
vn 0.382 0.247 0.891
vn 0.092 0.262 0.96
vn 0.36 0.448 0.818
vn -0.091 -0.063 0.994
vn -0.08 -0.252 0.964
vn 0.264 0.459 0.849
vn -0.1 0.498 0.861
vn -0.142 -0.054 0.988
vn -0.336 0.381 0.861
vn 0.054 0.729 0.683
vn -0.28 0.146 0.949
vn -0.257 0.213 0.943
vn -0.332 0.284 0.899
vn -0.523 -0.105 0.846
vn -0.74 0.032 0.672
vn -0.588 0.074 0.805
vn -0.354 -0.215 0.91
vn -0.092 0.394 0.915
vn -0.389 0.07 0.918
vn -0.121 0.164 0.979
vn 0.306 0.204 0.93
vn 0.638 0.245 0.73
vn 0.614 0.464 0.639
vn -0.133 0.009 0.991
vn -0.19 -0.172 0.967
vn -0.266 -0.32 0.91
vn 0.037 -0.224 0.974
vn 0.69 0.083 0.719
vn 0.572 -0.48 0.665
vn 0.623 -0.243 0.744
vn 0.129 -0.139 0.982
vn -0.41 -0.405 0.817
vn -0.577 -0.356 0.735
vn -0.649 -0.527 0.549
vn -0.161 -0.157 0.975
vn 0.759 -0.01 0.651
vn -0.357 -0.43 0.829
vn 0.458 -0.107 0.882
vn 0.816 0.252 0.52
vn 0.2 0.452 0.869
vn 0.89 0.441 -0.117
vn 0.973 -0.11 0.205
vn 0.982 0.163 -0.09
vn 0.891 0.291 -0.349
vn 0.765 0.168 -0.622
vn 0.768 0.373 -0.521
vn 0.385 0.554 -0.738
vn 0.229 0.38 -0.896
vn -0.231 0.489 -0.841
vn 0.086 0.583 -0.808
vn -0.211 0.572 -0.792
vn -0.351 0.736 -0.578
vn -0.691 0.592 -0.414
vn -0.491 0.409 -0.769
vn -0.831 0.34 -0.441
vn -0.9 0.424 -0.102
vn -0.909 0.212 0.359
vn -0.995 -0.101 -0.008
vn -0.655 0.704 0.276
vn -0.641 0.524 0.562
vn -0.267 0.773 0.575
vn 0.195 0.332 0.923
vn 0.368 0.662 0.653
vn 0.318 0.537 0.781
vn 0.214 0.629 0.748
vn -0.143 0.388 0.91
vn -0.061 0.568 0.821
vn -0.423 0.757 0.498
vn 0.202 0.784 0.587
vn 0.369 0.522 0.769
vn 0.481 0.746 0.46
vn 0.526 0.678 0.514
vn 0.562 0.477 0.676
vn 0.189 0.563 -0.805
vn 0.192 0.81 -0.555
vn 0.015 0.999 -0.052
vn 0.393 0.723 -0.568
vn 0.593 0.279 -0.755
vn 0.284 0.958 0.01
vn 0.286 0.917 -0.278
vn 0.074 0.97 0.231
vn -0.701 0.705 -0.11
vn -0.21 0.905 0.37
vn 0.249 0.874 0.417
vn 0.163 0.901 0.402
vn 0.118 0.792 0.599
vn -0.309 0.756 0.577
vn -0.249 0.652 0.716
vn 0.218 0.963 0.156
vn -0.292 0.626 0.723
vn 0.421 0.755 0.503
vn -0.005 0.567 0.824
vn 0.303 0.691 0.656
vn 0.317 0.146 0.938
vn 0.323 0.631 0.705
vn 0.291 0.889 0.353
vn 0.115 0.991 0.071
vn 0.264 0.957 0.119
vn 0.065 0.93 -0.362
vn -0.246 0.89 -0.384
vn 0.535 0.75 -0.39
vn -0.114 0.714 -0.691
vn 0.466 0.061 -0.883
vn -0.371 0.449 -0.813
vn -0.577 0.304 -0.758
vn -0.522 0.717 0.462
vn -0.37 0.875 0.314
vn -0.766 0.611 0.198
vn -0.883 0.416 0.22
vn -0.583 0.476 0.659
vn -0.89 0.296 0.347
vn -0.668 0.161 0.727
vn -0.93 0.3 0.214
vn -0.651 0.019 0.759
vn 0.095 0.898 -0.429
vn -0.977 0.116 0.182
vn -0.891 0.454 0.024
vn -0.962 0.251 -0.103
vn -0.85 0.309 -0.427
vn -0.94 0.308 -0.145
vn -0.857 0.229 -0.462
vn -0.521 0.261 -0.813
vn -0.52 0.2 -0.831
vn -0.602 0.266 -0.753
vn -0.892 0.219 -0.396
vn -0.716 0.172 -0.677
vn -0.309 0.111 -0.945
vn -0.496 -0.036 -0.868
vn -0.869 0.045 -0.493
vn -0.944 0.084 -0.318
vn -0.859 0.121 -0.497
vn -0.18 0.194 -0.964
vn -0.936 0.21 -0.282
vn -0.931 0.338 -0.137
vn -0.9 0.433 -0.038
vn -0.606 0.79 0.098
vn -0.961 0.087 -0.26
vn -0.902 0.425 -0.072
vn -0.82 0.563 -0.104
vn -0.497 0.862 0.1
vn -0.945 0.219 -0.242
vn -0.892 0.418 -0.17
vn -0.965 0.168 -0.2
vn -0.928 0.372 -0.004
vn -0.918 0.354 0.179
vn -0.419 0.855 0.303
vn -0.731 0.413 0.543
vn -0.583 0.486 0.651
vn -0.307 0.369 0.877
vn 0.695 0.45 0.561
vn 0.776 -0.362 0.517
vn -0.309 -0.395 -0.865
vn -0.531 0.107 -0.841
vn -0.088 0.774 -0.626
vn -0.267 0.797 -0.542
vn -0.483 0.545 -0.685
vn -0.299 -0.39 -0.871
vn -0.419 -0.2 -0.886
vn -0.368 -0.861 -0.352
vn -0.334 -0.08 -0.939
vn -0.23 -0.464 -0.855
vn -0.445 0.084 -0.892
vn -0.338 -0.09 -0.937
vn -0.138 0.137 -0.981
vn -0.288 -0.413 -0.864
vn -0.349 0.04 -0.936
vn -0.419 0.182 -0.89
vn -0.291 -0.228 -0.929
vn -0.353 -0.566 -0.745
vn -0.267 -0.542 -0.797
vn -0.305 0.215 -0.928
vn -0.197 0.04 -0.979
vn 0.278 0.01 -0.96
vn 0.06 -0.029 -0.998
vn 0.009 -0.354 -0.935
vn 0.324 -0.233 -0.917
vn 0.473 -0.309 -0.825
vn 0.521 0.008 -0.854
vn 0.212 0.181 -0.96
vn 0.533 0.195 -0.823
vn 0.169 0.277 -0.946
vn 0.503 0.313 -0.806
vn 0.491 0.35 -0.798
vn -0.103 0.26 -0.96
vn -0.241 0.192 -0.952
vn -0.129 0.248 -0.96
vn -0.13 0.154 -0.979
vn 0.159 0.265 -0.951
vn -0.217 0.196 -0.957
vn -0.433 0.161 -0.887
vn -0.355 0.087 -0.931
vn -0.093 0.063 -0.994
vn -0.385 -0.067 -0.921
vn 0.252 0.156 -0.955
vn 0.479 0.202 -0.854
vn -0.193 -0.157 -0.968
vn -0.412 -0.241 -0.879
vn 0.274 -0.038 -0.961
vn 0.464 -0.096 -0.88
vn 0.235 -0.348 -0.907
vn 0.052 -0.079 -0.996
vn 0.066 -0.223 -0.973
vn -0.212 -0.266 -0.94
vn -0.448 -0.294 -0.845
vn -0.055 -0.275 -0.959
vn -0.293 -0.279 -0.915
vn -0.453 -0.201 -0.869
vn -0.409 -0.221 -0.885
vn -0.277 -0.293 -0.915
vn -0.4 -0.141 -0.906
vn -0.477 -0.152 -0.866
vn -0.461 -0.066 -0.885
vn -0.451 0.014 -0.893
vn -0.391 -0.019 -0.92
vn -0.419 0.145 -0.896
vn -0.122 -0.36 -0.925
vn 0.024 -0.496 -0.868
vn -0.212 -0.399 -0.892
vn -0.01 -0.474 -0.88
vn 0.431 -0.553 -0.713
vn 0.445 -0.423 -0.789
vn 0.613 -0.082 -0.786
vn 0.679 0.128 -0.723
vn 0.419 -0.485 -0.768
vn -0.008 -0.462 -0.887
vn 0.462 -0.439 -0.771
vn -0.055 -0.487 -0.872
vn -0.118 -0.346 -0.931
vn 0.204 -0.577 -0.791
vn -0.011 -0.258 -0.966
vn -0.429 -0.052 -0.902
vn -0.38 0.057 -0.923
vn -0.168 -0.196 -0.966
vn 0.076 -0.408 -0.91
vn 0.112 -0.613 -0.782
vn 0.4 -0.517 -0.757
vn 0.127 -0.377 -0.917
vn -0.322 0.187 -0.928
vn -0.249 0.122 -0.961
vn -0.319 0.19 -0.928
vn -0.261 0.268 -0.927
vn -0.124 0.474 -0.872
vn -0.132 0.532 -0.836
vn -0.131 0.376 -0.917
vn 0.156 -0.135 -0.979
vn -0.325 0.231 -0.917
vn -0.506 0.038 -0.862
vn -0.514 0.123 -0.849
vn -0.521 0.344 -0.782
vn -0.23 0.353 -0.907
vn 0.085 0.545 -0.834
vn -0.484 0.313 -0.817
vn -0.212 0.289 -0.934
vn -0.351 0.736 -0.578
vn -0.211 0.572 -0.792
vn 0.086 0.583 -0.808
vn 0.143 0.376 -0.916
vn 0.385 0.554 -0.738
vn 0.45 0.398 -0.799
vn 0.539 0.843 0.007
vn 0.46 0.857 0.231
vn 0.436 0.883 -0.173
vn 0.329 0.939 0.095
vn 0.304 0.834 0.461
vn 0.493 0.87 0.021
vn 0.549 0.785 -0.286
vn 0.62 0.501 -0.604
vn 0.55 0.576 -0.604
vn 0.229 0.953 0.196
vn 0.512 0.771 0.378
vn 0.079 0.841 0.536
vn 0.097 0.93 0.354
vn -0.064 0.725 0.686
vn 0.261 0.296 0.918
vn 0.584 0.4 0.707
vn -0.417 0.43 0.8
vn -0.317 0.514 0.797
vn -0.124 0.536 0.835
vn 0.261 0.615 0.744
vn -0.249 0.389 0.887
vn 0.509 0.555 0.658
vn -0.091 0.44 0.894
vn -0.074 0.243 0.967
vn 0.257 -0.88 -0.399
vn 0.35 -0.901 -0.256
vn 0.392 -0.72 -0.572
vn 0.468 -0.873 -0.137
vn 0.716 -0.698 0.027
vn 0.808 -0.491 0.327
vn 0.613 -0.755 0.233
vn 0.866 -0.319 0.385
vn 0.656 -0.442 0.611
vn 0.955 -0.056 0.29
vn 0.42 -0.543 0.727
vn -0.746 -0.115 -0.656
vn -0.426 -0.114 -0.897
vn -0.277 -0.09 -0.957
vn -0.681 -0.214 -0.7
vn -0.314 -0.271 -0.91
vn -0.85 -0.238 -0.469
vn -0.976 -0.17 -0.136
vn -0.656 -0.172 -0.735
vn -0.979 -0.202 0.013
vn -0.993 -0.099 -0.065
vn -0.708 -0.101 -0.7
vn -0.763 -0.018 -0.646
vn -0.98 -0.15 -0.131
vn -0.809 -0.223 -0.543
vn -0.39 -0.2 -0.899
vn -0.778 -0.192 -0.598
vn -0.312 -0.474 -0.823
vn -0.193 -0.979 0.056
vn -0.945 -0.153 -0.288
vn -0.862 -0.348 -0.367
vn 0.37 -0.792 0.486
vn -0.677 -0.699 -0.23
vn -0.935 -0.326 0.144
vn -0.222 -0.932 -0.287
vn 0.379 -0.897 0.227
vn -0.337 -0.939 0.065
vn -0.997 -0.059 0.05
vn -0.929 -0.111 0.354
vn 0.341 -0.901 0.266
vn -0.621 -0.51 0.595
vn -0.703 -0.143 0.697
vn -0.939 -0.049 0.34
vn -0.677 -0.132 0.724
vn -0.916 -0.143 0.376
vn -0.969 -0.145 0.198
vn -0.875 -0.148 0.462
vn -0.903 -0.138 0.406
vn -0.643 -0.158 0.75
vn -0.435 -0.101 0.895
vn -0.408 -0.098 0.908
vn -0.426 -0.116 0.897
vn -0.631 -0.241 0.737
vn -0.897 -0.149 0.417
vn -0.996 -0.083 -0.031
vn -0.986 -0.128 0.106
vn -0.846 -0.196 0.495
vn -0.575 -0.292 0.764
vn -0.774 -0.244 0.584
vn -0.3 -0.37 0.879
vn -0.81 0.01 -0.586
vn -0.338 0.206 -0.918
vn -0.326 0.062 -0.943
vn -0.235 -0.088 -0.968
vn -0.629 0.255 -0.734
vn -0.38 0.35 -0.856
vn -0.855 0.214 -0.472
vn -0.898 0.256 -0.358
vn -0.425 0.217 -0.879
vn -0.952 0.203 -0.23
vn -0.989 -0.114 0.09
vn -0.993 0.071 0.095
vn -0.862 0.136 -0.488
vn -0.434 0.106 -0.895
vn -0.97 0.104 0.221
vn -0.875 0.096 -0.473
vn -0.49 0.03 -0.872
vn -0.847 -0.152 0.509
vn -0.43 -0.301 0.851
vn -0.877 0.038 0.478
vn -0.586 -0.033 0.81
vn -0.556 0.037 0.831
vn -0.969 0.108 0.224
vn -0.745 -0.024 0.667
vn -0.909 -0.082 -0.408
vn -0.51 -0.214 -0.833
vn -0.578 -0.296 -0.761
vn -0.964 -0.059 0.26
vn -0.76 -0.176 0.625
vn -0.933 -0.182 -0.31
vn -0.615 -0.022 -0.788
vn -0.944 -0.089 0.317
vn -0.948 -0.099 -0.302
vn -0.571 -0.292 -0.768
vn -0.893 -0.243 0.38
vn -0.894 -0.408 -0.184
vn -0.489 -0.626 -0.607
vn -0.797 -0.597 -0.093
vn -0.808 -0.489 0.331
vn -0.665 -0.389 0.637
vn -0.283 -0.592 0.754
vn -0.289 -0.068 0.955
vn -0.16 0.008 0.987
vn 0.559 -0.084 -0.825
vn -0.245 -0.837 0.489
vn 0.254 -0.242 -0.937
vn 0.473 -0.309 -0.825
vn 0.605 -0.194 -0.772
vn 0.771 -0.22 -0.598
vn 0.717 -0.12 -0.687
vn 0.324 -0.233 -0.917
vn -0.196 -0.666 0.72
vn 0.053 -0.588 0.807
vn 0.009 -0.354 -0.935
vn -0.267 -0.542 -0.797
vn 0.479 -0.578 0.661
vn -0.353 -0.566 -0.745
vn 0.457 -0.873 0.172
vn -0.288 -0.413 -0.864
vn -0.23 -0.464 -0.855
vn 0.182 -0.936 0.303
vn -0.299 -0.39 -0.871
vn 0.379 -0.897 0.227
vn 0.005 -0.982 0.189
vn -0.368 -0.861 -0.352
vn 0.371 -0.891 0.263
vn 0.494 -0.533 -0.687
vn -0.161 -0.717 -0.678
vn -0.573 -0.477 -0.666
vn -0.622 -0.658 -0.426
vn -0.788 -0.33 -0.521
vn -0.866 -0.424 -0.264
vn -0.396 -0.915 -0.077
vn -0.892 -0.351 -0.284
vn -0.998 -0.02 -0.061
vn -0.983 -0.16 -0.09
vn -1 -0.02 -0.024
vn -0.951 -0.107 0.289
vn -0.955 0.001 0.296
vn -0.841 -0.084 0.534
vn -0.732 0.006 0.681
vn -0.63 -0.202 0.75
vn -0.468 -0.046 0.883
vn -0.36 0.017 0.933
vn -0.003 -0.068 0.998
vn -0.026 -0.048 0.999
vn 0.251 0.029 0.967
vn 0.541 0.541 -0.645
vn 0.535 0.462 -0.708
vn 0.507 0.241 -0.828
vn 0.525 0.318 -0.789
vn -0.307 0.369 0.877
vn -0.583 0.486 0.651
vn -0.293 0.516 0.805
vn 0.109 0.308 0.945
vn 0.041 0.473 0.88
vn 0.426 0.336 0.84
vn 0.559 0.335 0.758
vn 0.599 0.202 -0.775
vn 0.876 -0.131 -0.463
vn 0.697 0.036 -0.716
vn 0.515 -0.027 -0.857
vn 0.52 0.043 -0.853
vn 0.907 -0.279 -0.316
vn 0.246 0.088 -0.965
vn 0.186 0.078 -0.979
vn 0.217 0.423 -0.879
vn 0.418 0.199 -0.886
vn 0.02 0.201 -0.979
vn -0.38 0.35 -0.856
vn -0.338 0.206 -0.918
vn -0.326 0.062 -0.943
vn -0.425 0.217 -0.879
vn 0.398 -0.056 -0.916
vn 0.027 0.144 -0.989
vn 0.531 0.093 -0.842
vn 0.06 0.087 -0.994
vn 0.564 0.061 -0.824
vn 0.491 -0.002 -0.871
vn 0.008 0.175 -0.984
vn -0.434 0.106 -0.895
vn -0.49 0.03 -0.872
vn 0.031 -0.032 -0.999
vn 0.485 -0.027 -0.874
vn 0.533 -0.244 -0.81
vn 0.055 -0.282 -0.958
vn -0.51 -0.214 -0.833
vn 0.681 -0.184 -0.709
vn -0.02 -0.28 -0.96
vn -0.578 -0.296 -0.761
vn -0.615 -0.022 -0.788
vn 0.03 0.072 -0.997
vn 0.554 -0.078 -0.829
vn 0.035 -0.239 -0.97
vn -0.571 -0.292 -0.768
vn 0.464 -0.534 -0.707
vn -0.489 -0.626 -0.607
vn 0.103 -0.649 -0.753
vn 0.885 -0.095 -0.456
vn 0.84 -0.515 -0.168
vn 0.9 -0.202 -0.386
vn 0.989 -0.15 0.004
vn 0.885 -0.435 0.163
vn 0.059 -0.998 -0.027
vn 0.944 -0.288 0.16
vn 0.91 -0.141 0.39
vn 0.698 -0.339 0.631
vn 0.867 -0.327 0.377
vn 0.459 -0.429 0.778
vn 0.515 -0.197 0.834
vn 0.454 -0.37 0.811
vn -0.085 -0.765 0.639
vn 0.423 -0.634 0.647
vn -0.157 -0.705 -0.692
vn -0.268 -0.507 -0.819
vn 0.387 -0.595 0.705
vn 0.365 -0.615 0.699
vn -0.881 -0.394 -0.262
vn 0.103 -0.354 0.93
vn -0.653 0.353 -0.67
vn -0.63 -0.048 -0.775
vn -0.468 0.111 -0.877
vn -0.791 0.118 -0.601
vn -0.799 0.333 -0.501
vn -0.555 0.64 -0.532
vn -0.698 0.599 -0.392
vn -0.527 0.786 -0.324
vn -0.741 0.645 -0.187
vn -0.561 0.818 -0.125
vn -0.887 0.427 -0.176
vn -0.992 0.029 -0.123
vn -0.747 0.665 0.009
vn -0.589 0.806 0.057
vn -0.86 0.509 0.028
vn -0.683 0.668 0.293
vn -0.44 0.868 0.23
vn -0.417 0.788 0.453
vn -0.695 0.483 0.533
vn -0.958 0.274 0.078
vn -0.869 0.416 0.269
vn -0.862 0.028 0.507
vn -0.469 0.222 0.854
vn -0.595 -0.194 0.78
vn -0.953 0.138 0.27
vn -0.754 -0.45 0.478
vn 0.476 -0.712 0.516
vn 0.106 -0.954 -0.282
vn -0.233 -0.921 -0.311
vn -0.951 -0.134 0.278
vn -0.866 -0.421 0.27
vn -0.476 -0.854 0.208
vn -0.692 -0.673 0.26
vn -0.989 0.014 0.146
vn -0.919 -0.34 0.198
vn -0.953 -0.293 -0.075
vn -0.579 -0.79 0.203
vn -0.769 -0.598 -0.227
vn -0.806 -0.481 -0.345
vn -0.891 0.019 -0.453
vn -0.505 -0.481 -0.716
vn -0.545 -0.755 -0.363
vn -0.903 0.158 -0.399
vn -0.766 -0.357 -0.535
vn -0.18 -0.3 -0.937
vn -0.662 -0.747 0.066
vn -0.55 -0.825 -0.132
vn -0.431 -0.619 -0.657
vn 0.108 -0.758 0.643
vn 0.715 -0.314 -0.625
vn 0.234 -0.324 0.917
vn 0.097 0.428 0.898
vn 0.598 0.379 0.707
vn 0.292 -0.708 0.643
vn -0.161 -0.148 0.976
vn -0.339 0.334 0.88
vn -0.476 -0.238 0.847
vn -0.297 0.613 0.732
vn -0.804 0.311 0.507
vn 0.227 -0.131 0.965
vn 0.476 -0.712 0.516
vn -0.595 -0.194 0.78
vn 0.328 -0.312 0.892
vn -0.034 -0.017 1
vn -0.469 0.222 0.854
vn -0.098 0.553 0.827
vn 0.389 -0.129 0.912
vn 0.14 0.654 0.744
vn 0.526 0.315 0.79
vn 0.477 -0.233 0.847
vn 0.68 0.006 0.733
vn 0.41 0.832 0.374
vn 0.716 0.504 0.483
vn 0.306 0.204 0.93
vn 0.579 -0.706 0.408
vn 0.571 -0.692 0.441
vn 0.88 -0.465 -0.096
vn -0.381 -0.844 -0.377
vn -0.299 -0.94 -0.166
vn -0.459 -0.827 -0.325
vn -0.215 -0.953 -0.213
vn 0.177 -0.357 -0.917
vn -0.018 -0.825 -0.564
vn 0.645 -0.511 0.569
vn 0.865 -0.428 -0.261
vn 0.375 -0.795 0.477
vn -0.437 -0.138 0.889
vn -0.681 -0.132 0.72
vn 0.468 -0.851 -0.239
vn 0.203 -0.952 -0.231
vn 0.631 -0.601 0.49
vn 0.932 0.289 0.218
vn 0.873 -0.365 0.323
vn 0.969 0.164 0.184
vn 0.909 0.389 0.151
vn 0.598 0.379 0.707
vn 0.397 -0.906 -0.148
vn 0.241 -0.758 0.606
vn 0.234 -0.324 0.917
vn 0.541 -0.609 -0.58
vn 0.187 -0.844 -0.502
vn 0.54 -0.687 0.487
vn 0.369 -0.873 -0.318
vn 0.264 -0.964 0.012
vn 0.949 -0.113 0.293
vn 0.957 0.233 0.177
vn 0.788 -0.614 -0.05
vn 0.73 -0.474 0.492
vn 0.669 -0.629 0.395
vn 0.909 0.308 0.28
vn 0.978 -0.029 0.209
vn 0.801 0.599 -0.002
vn 0.739 -0.589 -0.327
vn 0.178 -0.851 0.494
vn 0.958 0.221 -0.181
vn 0.515 -0.525 -0.678
vn 0.79 -0.609 -0.074
vn 0.763 0.25 -0.596
vn 0.811 0.097 -0.577
vn 0.292 -0.817 0.497
vn 0.365 0.156 -0.918
vn 0.337 0.076 -0.938
vn 0.632 0.033 -0.774
vn 0.11 -0.909 -0.403
vn 0.202 0.784 0.587
vn 0.015 0.999 -0.052
vn -0.701 0.705 -0.11
vn -0.423 0.757 0.498
vn -0.779 0.534 0.328
vn -0.21 0.905 0.37
vn -0.309 0.756 0.577
vn 0.111 0.993 0.041
vn 0.339 0.891 0.302
vn 0.218 0.963 0.156
vn 0.588 -0.456 -0.668
vn 0.589 -0.172 -0.79
vn 0.824 -0.413 -0.389
vn 0.936 -0.063 -0.346
vn 0.666 0.112 -0.738
vn 0.887 0.27 -0.375
vn 0.894 0.21 0.396
vn 0.886 -0.33 0.326
vn 0.391 0.164 0.906
vn 0.482 -0.171 0.859
vn -0.203 0.521 0.83
vn -0.606 0.326 0.726
vn -0.583 0.473 0.661
vn 0.424 0.476 0.771
vn -0.267 0.773 0.575
vn -0.578 -0.68 0.451
vn 0.195 0.332 0.923
vn -0.277 -0.455 0.847
vn 0.37 0.129 0.92
vn 0.283 -0.449 0.847
vn 0.713 0.118 0.691
vn 0.62 0.429 0.658
vn -0.06 0.874 0.483
vn 0.493 0.197 0.847
vn 0.675 -0.133 0.725
vn 0.158 -0.031 0.987
vn 0.479 -0.145 0.866
vn 0.228 -0.059 0.972
vn 0.734 -0.159 0.66
vn 0.285 -0.122 0.951
vn 0.691 -0.215 0.69
vn 0.694 -0.168 0.7
vn 0.445 -0.218 0.869
vn 0.618 -0.145 0.773
vn 0.418 -0.261 0.87
vn 0.734 -0.279 0.619
vn 0.396 -0.326 0.859
vn 0.799 -0.36 0.482
vn 0.487 -0.355 0.798
vn 0.764 -0.21 0.61
vn 0.929 -0.182 0.322
vn 0.891 -0.14 0.432
vn 0.844 -0.308 0.439
vn 0.883 -0.186 0.431
vn 0.924 -0.237 0.299
vn 0.952 -0.299 0.065
vn 0.763 -0.53 0.37
vn 0.578 -0.287 0.764
vn 0.979 -0.193 0.066
vn 0.959 -0.214 0.183
vn 0.71 -0.576 0.406
vn 0.411 -0.84 -0.353
vn 0.168 -0.97 -0.177
vn 0.427 -0.691 0.583
vn 0.341 -0.901 0.266
vn 0.841 -0.54 0.046
vn 0.78 -0.599 -0.184
vn -0.337 -0.939 0.065
vn 0.89 -0.357 -0.284
vn 0.759 -0.445 -0.476
vn -0.222 -0.932 -0.287
vn 0.864 -0.338 -0.373
vn 0.63 -0.484 -0.607
vn 0.494 -0.533 -0.687
vn 0.379 -0.897 0.227
vn 0.654 -0.297 -0.695
vn 0.585 -0.267 -0.766
vn 0.868 -0.279 -0.412
vn 0.964 -0.263 0.046
vn 0.78 -0.264 -0.567
vn 0.361 -0.267 -0.894
vn 0.518 -0.243 -0.82
vn 0.917 -0.27 -0.295
vn 0.931 -0.203 -0.302
vn 0.661 -0.167 -0.731
vn 0.931 -0.21 -0.298
vn 0.727 -0.179 -0.663
vn 0.917 -0.321 0.24
vn 0.952 -0.293 0.092
vn 0.918 -0.239 -0.316
vn 0.786 -0.073 -0.614
vn 0.929 -0.281 -0.243
vn 0.82 -0.053 -0.569
vn 0.857 -0.03 -0.515
vn 0.868 -0.32 0.379
vn 0.994 -0.02 0.111
vn 0.837 -0.234 0.495
vn 0.181 -0.398 0.899
vn 0.66 -0.318 0.681
vn 0.899 -0.094 0.427
vn 0.7 -0.239 0.673
vn 0.583 -0.2 0.787
vn 0.989 -0.022 0.145
vn 0.905 -0.116 0.408
vn 0.988 -0.092 -0.12
vn 0.943 0.079 -0.323
vn 0.929 0.11 -0.354
vn 0.671 0.259 -0.695
vn 0.235 0.192 -0.953
vn 0.483 0.213 -0.849
vn 0.566 0.144 -0.812
vn 0.965 -0.037 -0.258
vn 0.45 0.022 -0.893
vn 0.363 -0.254 -0.896
vn 0.88 -0.264 -0.395
vn 0.322 -0.292 -0.9
vn 0.896 -0.262 0.36
vn 0.63 -0.152 0.761
vn 0.496 -0.141 0.857
vn 0.385 -0.096 0.918
vn 0.66 -0.199 0.724
vn 0.915 -0.401 0.044
vn 0.854 -0.338 -0.394
vn 0.964 -0.255 0.077
vn 0.888 -0.256 -0.382
vn 0.385 -0.122 -0.915
vn 0.389 -0.232 -0.892
vn 0.777 -0.466 -0.423
vn 0.241 -0.467 -0.851
vn 0.899 -0.437 -0.016
vn 0.811 -0.221 0.542
vn 0.63 -0.06 0.774
vn 0.741 -0.522 0.423
vn 0.677 -0.183 0.713
vn 0.388 -0.417 0.822
vn 0.264 -0.001 0.964
vn 0.191 0.372 0.909
vn 0.254 0.813 0.523
vn 0.346 0.5 0.794
vn 0.287 0.454 0.844
vn 0.464 0.429 0.775
vn 0.418 0.366 0.832
vn 0.034 0.816 0.576
vn 0.131 0.989 0.072
vn 0.368 0.477 0.798
vn -0.315 0.949 0.032
vn 0.581 0.531 0.617
vn 0.208 0.949 -0.237
vn -0.871 0.232 0.433
vn 0.404 -0.564 0.72
vn 0.015 -0.561 0.828
vn -0.233 -0.63 0.741
vn -0.18 -0.3 -0.937
vn -0.061 -0.592 -0.804
vn 0.265 -0.558 -0.787
vn 0.318 -0.379 -0.869
vn 0.696 -0.354 -0.624
vn 0.599 0.004 -0.801
vn 0.049 0.041 -0.998
vn 0.116 0.428 -0.896
vn 0.315 0.614 -0.724
vn 0.081 0.096 -0.992
vn 0.328 0.324 -0.887
vn 0.417 0.236 -0.877
vn -0.055 0.207 -0.977
vn -0.468 0.111 -0.877
vn -0.63 -0.048 -0.775
vn -0.653 0.353 -0.67
vn -0.244 0.504 -0.828
vn 0.122 0.538 -0.834
vn 0.711 0.295 -0.638
vn 0.41 0.676 -0.612
vn -0.289 -0.068 0.955
vn -0.169 0.104 0.98
vn -0.283 -0.592 0.754
vn -0.077 -0.182 0.98
vn 0.171 0.227 0.959
vn 0.135 -0.204 0.97
vn 0.292 -0.684 0.669
vn 0.498 0.25 0.831
vn 0.571 -0.071 0.818
vn -0.369 -0.916 -0.16
vn -0.645 -0.754 0.128
vn -0.285 -0.946 -0.151
vn -0.594 -0.803 0.051
vn -0.442 -0.86 -0.255
vn 0.112 -0.613 -0.782
vn -0.886 -0.371 0.278
vn -0.481 -0.86 0.168
vn -0.754 -0.596 0.276
vn -0.605 -0.78 0.155
vn -0.85 -0.453 0.269
vn 0.732 -0.682 0.011
vn -0.826 -0.553 0.113
vn -0.888 -0.318 0.333
vn -0.851 -0.471 0.234
vn -0.827 -0.464 0.316
vn -0.709 -0.643 0.291
vn -0.492 -0.867 0.084
vn -0.211 -0.955 -0.208
vn -0.553 -0.806 -0.211
vn -0.81 -0.585 0.044
vn -0.346 -0.935 -0.074
vn -0.704 -0.705 -0.084
vn -0.739 -0.67 0.075
vn -0.97 -0.169 0.176
vn -0.752 -0.577 0.32
vn -0.83 -0.502 -0.246
vn -0.533 -0.805 -0.263
vn -0.36 -0.474 -0.804
vn -0.502 -0.731 -0.461
vn -0.361 -0.774 0.52
vn -0.123 -0.986 -0.113
vn -0.197 -0.771 -0.605
vn -0.831 0.531 -0.164
vn -0.97 0.244 0.003
vn -0.134 -0.94 -0.313
vn -0.809 -0.582 0.083
vn -0.631 -0.551 -0.546
vn -0.308 -0.78 -0.544
vn -0.865 -0.49 -0.113
vn -0.976 0.138 0.167
vn 0.069 -0.512 -0.856
vn -0.415 -0.909 -0.034
vn -0.697 -0.578 0.425
vn -0.804 0.311 0.507
vn -0.476 -0.238 0.847
vn -0.23 -0.932 0.281
vn -0.339 0.334 0.88
vn -0.922 0.368 -0.122
vn -0.611 0.715 0.339
vn -0.892 0.418 -0.17
vn -0.879 0.416 -0.231
vn -0.807 0.284 -0.517
vn -0.936 0.21 -0.282
vn -0.683 0.661 -0.313
vn -0.347 0.741 -0.575
vn -0.498 0.193 -0.846
vn -0.814 -0.287 -0.505
vn -0.573 -0.761 0.304
vn -0.976 -0.21 0.054
vn -0.469 -0.295 -0.832
vn -0.515 -0.053 -0.856
vn -0.199 -0.75 0.63
vn -0.925 0.194 -0.326
vn -0.403 -0.718 -0.568
vn -0.276 -0.899 0.339
vn -0.727 -0.241 0.644
vn -0.349 -0.337 0.875
vn -0.789 -0.201 0.581
vn -0.909 -0.132 0.396
vn -0.742 -0.079 0.666
vn -0.82 -0.234 0.523
vn -0.873 -0.153 0.463
vn -0.997 -0.073 0.025
vn -0.792 -0.226 0.568
vn -0.496 -0.086 0.864
vn -0.589 -0.222 0.777
vn -0.81 -0.244 0.534
vn -0.544 -0.229 0.807
vn -0.848 -0.105 0.52
vn -0.507 -0.159 0.847
vn -0.736 -0.045 0.675
vn -0.365 -0.073 0.928
vn -0.978 -0.071 0.197
vn -0.989 -0.039 0.145
vn -0.981 -0.009 0.19
vn -0.992 -0.07 0.107
vn -0.724 0.058 0.688
vn -0.318 0.014 0.948
vn -0.738 0.087 0.668
vn -0.373 0.029 0.927
vn -0.732 0.006 0.681
vn -0.468 -0.046 0.883
vn -0.955 0.001 0.296
vn -0.952 0.063 0.299
vn -0.94 0.09 0.328
vn -0.996 0.088 -0.034
vn -0.998 -0.02 -0.061
vn -0.933 0.1 -0.347
vn -0.396 -0.915 -0.077
vn -0.788 -0.33 -0.521
vn -0.953 -0.005 0.302
vn -0.963 -0.065 0.261
vn -1 0.032 -0.013
vn -0.94 0.072 -0.333
vn -0.864 0.049 -0.501
vn -0.954 0.037 -0.298
vn -0.769 -0.049 -0.638
vn -1 -0.025 -0.011
vn -1 0.002 -0.018
vn -0.879 -0.045 -0.475
vn -0.918 -0.054 -0.393
vn -0.994 -0.053 -0.099
vn -0.742 0.001 -0.671
vn -0.573 -0.477 -0.666
vn -0.833 0.033 -0.551
vn -0.481 -0.091 -0.872
vn -0.161 -0.717 -0.678
vn -0.623 -0.119 -0.773
vn -0.098 -0.229 -0.968
vn -0.504 -0.08 -0.86
vn -0.75 -0.056 -0.66
vn -0.593 -0.045 -0.804
vn -0.739 -0.012 -0.673
vn -0.333 0.087 -0.939
vn -0.813 0.017 -0.582
vn -0.771 0.047 -0.635
vn -0.927 -0.078 -0.367
vn -0.947 0.01 -0.32
vn -0.927 0.082 -0.367
vn -0.75 0.161 -0.641
vn -0.688 0.206 -0.696
vn -0.199 0.236 -0.951
vn -0.628 0.195 -0.753
vn -0.053 0.174 -0.983
vn -0.917 0.138 -0.375
vn -0.97 0.092 -0.224
vn -0.872 0.141 -0.469
vn -0.669 0.157 -0.726
vn -0.996 -0.012 0.092
vn -0.946 -0.141 0.292
vn -0.995 0.096 -0.032
vn -0.917 -0.057 0.394
vn -0.959 0.046 0.279
vn -0.738 -0.061 0.672
vn -0.311 -0.221 0.924
vn -0.175 -0.076 0.981
vn -0.756 0.082 0.649
vn -0.949 0.124 0.29
vn -0.988 0.144 -0.052
vn -0.949 0.055 0.311
vn -0.715 0.013 0.699
vn -0.867 0.038 -0.498
vn -0.961 0.05 0.272
vn -0.726 0.07 0.685
vn -0.76 -0.041 0.649
vn -0.997 0.028 -0.076
vn -0.709 -0.028 -0.704
vn -0.188 0.056 -0.98
vn -0.187 -0.194 -0.963
vn -0.24 -0.157 -0.958
vn -0.792 -0.027 -0.61
vn -0.994 0.02 -0.109
vn -0.973 0.067 0.221
vn -0.896 -0.375 0.239
vn -0.679 -0.39 0.622
vn -0.966 -0.094 -0.241
vn -0.522 -0.808 -0.273
vn -0.395 -0.729 -0.56
vn -0.796 -0.042 -0.604
vn -0.427 -0.139 -0.894
vn -0.188 0.173 -0.967
vn 0.562 -0.01 0.828
vn 0.474 0.037 0.88
vn 0.416 0.008 0.909
vn 0.459 0.082 0.885
vn 0.384 -0.101 0.918
vn 0.52 0.072 0.852
vn 0.596 0.086 0.798
vn 0.49 0.012 0.872
vn 0.423 -0.634 0.647
vn 0.454 -0.37 0.811
vn 0.387 -0.595 0.705
vn 0.348 -0.087 0.934
vn 0.365 -0.615 0.699
vn 0.336 0.072 0.939
vn 0.103 -0.354 0.93
vn -0.341 0.143 0.929
vn 0.085 0.118 0.989
vn 0.246 0.04 0.969
vn -0.027 0.047 0.999
vn 0.307 0.036 0.951
vn 0.211 0.015 0.977
vn 0.043 0.003 0.999
vn -0.15 0.019 0.989
vn 0.319 -0.064 0.946
vn 0.384 0.012 0.923
vn 0.153 0.005 0.988
vn 0.14 0.08 0.987
vn -0.302 0.02 0.953
vn 0.337 0.108 0.935
vn 0.517 0.102 0.85
vn 0.516 0.154 0.843
vn -0.008 0.158 0.987
vn -0.442 0.075 0.894
vn 0.17 0.07 0.983
vn -0.118 -0.059 0.991
vn 0.222 0.156 0.962
vn 0.332 0.142 0.933
vn 0.324 0.148 0.935
vn 0.551 0.131 0.824
vn 0.4 0.024 0.917
vn -0.007 -0.115 0.993
vn -0.897 -0.151 0.415
vn -0.269 -0.186 0.945
vn 0.204 -0.063 0.977
vn 0.032 0.021 1
vn 0.247 -0.006 0.969
vn -0.176 -0.021 0.984
vn 0.313 0.005 0.95
vn 0.423 0.018 0.906
vn 0.776 -0.362 0.517
vn -0.12 -0.962 0.243
vn 0.101 -0.191 0.977
vn -0.39 -0.832 0.395
vn -0.523 -0.233 0.82
vn -0.538 -0.717 -0.444
vn -0.065 -0.95 -0.306
vn 0.53 -0.027 -0.848
vn 0.717 -0.12 -0.687
vn 0.559 -0.084 -0.825
vn 0.78 -0.042 -0.625
vn 0.901 -0.06 -0.43
vn 0.465 -0.043 -0.884
vn 0.885 -0.095 -0.456
vn 0.843 -0.065 -0.534
vn 0.887 -0.147 -0.438
vn 0.567 -0.029 -0.823
vn 0.398 -0.056 -0.916
vn 0.916 -0.118 -0.384
vn 0.842 -0.237 -0.485
vn 0.186 0.078 -0.979
vn 0.599 0.202 -0.775
vn 0.515 -0.027 -0.857
vn 0.849 -0.161 -0.504
vn 0.697 0.036 -0.716
vn 0.813 -0.197 -0.547
vn 0.877 -0.12 -0.466
vn 0.969 -0.232 -0.087
vn 0.831 -0.015 -0.557
vn 0.876 -0.131 -0.463
vn 0.974 -0.128 -0.189
vn 0.88 -0.444 0.167
vn 0.976 -0.212 -0.043
vn 0.914 -0.338 0.224
vn 0.917 -0.384 0.113
vn 0.907 -0.279 -0.316
vn 0.952 -0.199 0.231
vn 0.995 -0.099 0.022
vn 0.854 -0.345 0.391
vn 0.998 -0.036 0.052
vn 0.858 -0.05 0.511
vn 0.996 -0.038 0.085
vn 0.979 -0.031 -0.201
vn 0.84 -0.515 -0.168
vn 0.885 -0.435 0.163
vn 0.878 -0.144 0.457
vn 0.867 -0.327 0.377
vn 0.059 -0.998 -0.027
vn 0.86 -0.06 0.507
vn 0.459 -0.429 0.778
vn 0.45 -0.076 0.89
vn 0.439 -0.06 0.896
vn 0.448 -0.143 0.882
vn 0.828 -0.278 0.488
vn 0.562 -0.261 0.785
vn 0.681 -0.296 0.669
vn 0.868 -0.338 0.364
vn 0.796 -0.244 0.554
vn 0.377 -0.309 0.873
vn 0.236 -0.238 0.942
vn 0.12 -0.21 0.97
vn 0.816 -0.251 0.52
vn 0.354 -0.334 0.874
vn 0.165 -0.452 0.876
vn 0.988 -0.15 -0.022
vn 0.754 -0.393 0.526
vn 0.691 -0.464 0.554
vn 0.322 -0.471 0.822
vn 0.366 -0.279 0.888
vn 0.991 -0.118 0.055
vn 0.996 -0.092 0.01
vn 0.759 -0.267 0.593
vn 0.814 0.009 0.58
vn 0.42 -0.139 0.897
vn 0.973 0 0.23
vn 0.808 0.076 0.584
vn 0.294 -0.05 0.955
vn 0.804 -0.031 0.594
vn 0.359 -0.03 0.933
vn 0.873 0.022 0.487
vn 0.438 0.033 0.898
vn 0.999 0.034 -0.035
vn 0.996 -0.046 0.079
vn 0.929 -0.08 -0.362
vn 0.987 0.097 0.128
vn 0.975 0.111 -0.193
vn 0.997 -0.042 -0.061
vn 0.958 0.049 -0.282
vn 0.955 -0.096 -0.281
vn 0.681 -0.184 -0.709
vn 0.823 -0.093 -0.56
vn 0.533 -0.244 -0.81
vn 0.485 -0.027 -0.874
vn 0.491 -0.002 -0.871
vn 0.564 0.061 -0.824
vn 0.975 0.039 -0.221
vn 0.807 0.061 -0.587
vn 0.86 0.087 -0.503
vn 0.531 0.093 -0.842
vn 0.933 0.021 -0.359
vn 0.855 -0.019 -0.519
vn 0.418 0.199 -0.886
vn 0.851 0.055 -0.522
vn 0.52 0.043 -0.853
vn 0.977 -0.161 -0.141
vn -0.766 0.611 0.198
vn -0.37 0.875 0.314
vn -0.606 0.79 0.098
vn -0.222 0.955 0.195
vn -0.497 0.862 0.1
vn -0.172 0.901 0.399
vn -0.419 0.855 0.303
vn -0.583 0.486 0.651
vn -0.293 0.516 0.805
vn 0.041 0.473 0.88
vn 0.104 0.857 0.505
vn 0.426 0.336 0.84
vn 0.488 0.783 0.385
vn 0.12 0.962 0.246
vn 0.571 0.735 0.365
vn -0.061 0.974 0.217
vn 0.176 0.907 0.382
vn 0.318 0.736 0.598
vn -0.144 0.834 0.531
vn -0.522 0.717 0.462
vn -0.034 0.741 0.671
vn 0.608 0.536 0.585
vn 0.039 0.527 0.849
vn -0.583 0.476 0.659
vn 0.627 0.307 0.716
vn -0.188 0.173 -0.967
vn -0.427 -0.139 -0.894
vn 0.385 -0.122 -0.915
vn 0.389 -0.232 -0.892
vn 0.241 -0.467 -0.851
vn -0.395 -0.729 -0.56
vn -0.377 -0.896 -0.237
vn 0.231 -0.83 0.508
vn 0.559 -0.771 0.303
vn -0.529 -0.422 -0.736
vn -0.212 -0.01 -0.977
vn 0.108 -0.758 0.643
vn 0.513 -0.815 0.268
vn 0.27 -0.873 0.406
vn -0.335 -0.889 -0.312
vn -0.004 -0.653 -0.757
vn -0.496 -0.845 -0.199
vn -0.859 -0.468 -0.208
vn -0.157 -0.254 -0.954
vn 0.528 -0.678 0.512
vn -0.765 -0.478 0.432
vn 0.629 -0.503 0.593
vn 0.808 -0.491 0.327
vn 0.544 -0.751 0.374
vn 0.613 -0.755 0.233
vn 0.239 -0.971 -0.019
vn 0.468 -0.873 -0.137
vn 0.072 -0.983 0.171
vn 0.257 -0.88 -0.399
vn -0.032 -0.962 -0.272
vn 0.155 -0.961 0.226
vn 0.43 -0.637 0.64
vn 0.35 -0.696 0.626
vn 0.429 -0.333 0.839
vn 0.229 -0.625 0.746
vn -0.265 -0.764 -0.589
vn -0.125 -0.971 -0.206
vn -0.062 -0.991 0.12
vn -0.25 -0.952 -0.18
vn -0.241 -0.957 0.162
vn -0.426 -0.687 0.589
vn -0.656 -0.638 0.403
vn -0.462 -0.886 0.034
vn -0.354 -0.935 0.001
vn -0.653 -0.711 0.26
vn -0.303 -0.698 -0.649
vn 0.776 -0.362 0.517
vn -0.12 -0.962 0.243
vn -0.39 -0.832 0.395
vn -0.363 -0.762 -0.537
vn -0.48 -0.538 -0.693
vn -0.294 -0.94 -0.173
vn -0.708 -0.697 0.115
vn -0.626 -0.776 -0.066
vn -0.455 -0.54 -0.708
vn -0.141 -0.785 -0.603
vn 0.06 -0.739 -0.671
vn -0.538 -0.717 -0.444
vn -0.065 -0.95 -0.306
vn 0.484 -0.75 -0.451
vn 0.44 -0.805 -0.399
vn -0.388 -0.761 0.52
vn -0.036 -0.954 0.3
vn -0.45 -0.858 0.248
vn 0.047 -0.94 -0.336
vn 0.204 -0.82 -0.535
vn 0.26 -0.724 -0.639
vn -0.772 -0.417 0.479
vn -0.775 -0.628 -0.069
vn 0.083 -0.879 -0.469
vn 0.247 -0.803 -0.542
vn 0.059 -0.864 -0.5
vn 0.42 -0.672 -0.61
vn -0.771 -0.604 0.202
vn -0.158 -0.917 -0.366
vn 0.409 -0.701 -0.584
vn -0.608 -0.702 0.371
vn -0.181 -0.696 0.695
vn -0.429 -0.898 -0.099
vn -0.781 -0.619 0.083
vn 0.023 -0.849 -0.529
vn -0.495 -0.819 -0.289
vn -0.727 -0.68 0.093
vn 0.742 0.437 -0.508
vn 0.361 0.886 -0.29
vn 0.958 0.264 -0.117
vn 0.492 0.686 -0.536
vn 0.445 0.595 -0.669
vn 0.315 0.614 -0.724
vn 0.737 0.284 -0.614
vn 0.328 0.324 -0.887
vn 0.116 0.428 -0.896
vn 0.12 -0.21 0.97
vn 0.562 -0.261 0.785
vn 0.681 -0.296 0.669
vn -0.04 -0.121 0.992
vn 0.448 -0.143 0.882
vn -0.06 -0.06 0.997
vn 0.439 -0.06 0.896
vn 0.45 -0.076 0.89
vn -0.408 -0.098 0.908
vn -0.435 -0.101 0.895
vn 0.236 -0.238 0.942
vn -0.426 -0.116 0.897
vn -0.205 -0.231 0.951
vn -0.211 -0.318 0.924
vn 0.377 -0.309 0.873
vn -0.643 -0.158 0.75
vn 0.354 -0.334 0.874
vn -0.631 -0.241 0.737
vn -0.575 -0.292 0.764
vn 0.165 -0.452 0.876
vn -0.3 -0.37 0.879
vn 0.322 -0.471 0.822
vn 0.366 -0.279 0.888
vn -0.244 -0.145 0.959
vn 0.42 -0.139 0.897
vn 0.294 -0.05 0.955
vn -0.43 -0.301 0.851
vn -0.774 -0.244 0.584
vn -0.085 -0.016 0.996
vn 0.359 -0.03 0.933
vn -0.586 -0.033 0.81
vn -0.847 -0.152 0.509
vn -0.556 0.037 0.831
vn 0.067 0.067 0.996
vn 0.438 0.033 0.898
vn -0.13 0.076 0.989
vn -0.289 -0.068 0.955
vn -0.745 -0.024 0.667
vn -0.16 0.008 0.987
vn -0.76 -0.176 0.625
vn -0.583 0.473 0.661
vn -0.204 0.71 0.674
vn -0.203 0.521 0.83
vn -0.183 0.723 0.666
vn -0.531 0.527 0.664
vn 0.021 0.892 0.452
vn -0.518 0.629 0.58
vn 0.14 0.922 0.361
vn -0.565 0.507 0.651
vn -0.185 0.798 0.574
vn 0.46 0.804 0.376
vn 0.75 0.457 0.478
vn 0.8 0.558 0.22
vn 0.381 0.896 0.229
vn 0.28 0.934 0.223
vn 0.691 0.723 0.018
vn 0.58 0.814 -0.013
vn 0.244 0.896 0.372
vn 0.463 0.856 0.23
vn -0.528 0.649 0.547
vn -0.585 0.584 0.562
vn -0.257 0.834 0.488
vn 0.342 0.914 0.217
vn 0.385 0.886 0.256
vn 0.635 0.772 -0.013
vn -0.315 0.949 0.012
vn 0.074 0.947 0.311
vn 0.473 0.701 0.534
vn 0.011 0.98 -0.2
vn 0.23 0.848 -0.477
vn -0.198 0.963 -0.18
vn 0.325 0.868 0.375
vn 0.559 0.615 0.556
vn 0.543 0.502 0.673
vn 0.333 -0.938 0.091
vn 0.584 -0.812 -0.01
vn 0.796 -0.604 -0.012
vn 0.284 -0.896 0.343
vn -0.24 -0.936 0.26
vn 0.283 -0.449 0.847
vn 0.795 -0.416 0.441
vn -0.277 -0.455 0.847
vn -0.578 -0.68 0.451
vn -0.5 -0.809 0.31
vn -0.271 -0.921 0.28
vn -0.357 -0.43 0.829
vn 0.458 -0.107 0.882
vn -0.41 -0.405 0.817
vn -0.649 -0.527 0.549
vn 0.242 0.692 -0.68
vn 0.491 0.508 -0.708
vn 0.214 0.192 -0.958
vn 0.565 -0.302 -0.768
vn 0.654 0.021 -0.756
vn 0.846 0.253 -0.47
vn 0.472 -0.4 -0.785
vn 0.607 -0.373 -0.702
vn 0.445 -0.625 -0.642
vn 0.253 -0.841 -0.478
vn 0.423 -0.39 0.818
vn 0.562 0.358 0.746
vn 0.2 -0.745 0.636
vn 0.058 0.296 0.954
vn 0.128 -0.812 0.569
vn -0.197 -0.384 0.902
vn -0.292 -0.943 -0.158
vn -0.477 0.35 0.807
vn -0.537 -0.837 0.11
vn -0.438 -0.884 -0.161
vn -0.677 -0.132 0.724
vn -0.703 -0.143 0.697
vn -0.322 -0.111 0.94
vn -0.035 -0.127 0.991
vn -0.322 -0.102 0.941
vn -0.085 -0.765 0.639
vn 0.459 -0.429 0.778
vn -0.289 -0.47 0.834
vn -0.621 -0.51 0.595
vn 0.341 -0.901 0.266
vn -0.008 -0.766 0.643
vn -0.616 -0.78 -0.112
vn -0.4 -0.863 -0.308
vn -0.129 -0.596 0.792
vn 0.427 -0.691 0.583
vn 0.168 -0.97 -0.177
vn -0.537 -0.837 0.11
vn -0.438 -0.884 -0.161
vn -0.384 -0.8 -0.461
vn 0.239 -0.946 0.218
vn -0.197 -0.384 0.902
vn 0.362 -0.926 0.109
vn -0.131 -0.986 -0.104
vn 0.799 -0.59 -0.117
vn -0.292 -0.943 -0.158
vn -0.225 -0.932 -0.285
vn 0.128 -0.812 0.569
vn 0.339 -0.933 0.126
vn 0.423 -0.39 0.818
vn 0.9 -0.301 0.315
vn 0.2 -0.745 0.636
vn 0.777 -0.216 0.591
vn 0.699 0.055 0.713
vn 0.651 0.593 0.473
vn 0.264 0.459 0.849
vn 0.741 -0.248 0.624
vn 0.084 -0.118 0.989
vn 0.626 0.075 0.776
vn -0.307 -0.723 -0.619
vn -0.064 -0.965 -0.254
vn 0.526 -0.84 0.135
vn 0.552 0.365 -0.749
vn 0.702 -0.66 -0.27
vn -0.005 -0.702 -0.712
vn 0.177 -0.357 -0.917
vn 0.437 -0.896 0.086
vn -0.279 -0.831 -0.482
vn 0.734 0.221 -0.643
vn 0.889 0.269 -0.372
vn 0.618 0.452 -0.644
vn 0.541 0.541 -0.645
vn 0.535 0.462 -0.708
vn 0.805 0.579 -0.129
vn 0.799 -0.59 -0.117
vn 0.362 -0.926 0.109
vn -0.384 -0.8 -0.461
vn 0.965 0.253 0.067
vn 0.847 0.268 0.459
vn 0.741 0.572 0.351
vn 0.562 0.358 0.746
vn 0.777 -0.216 0.591
vn 0.2 -0.745 0.636
vn 0.9 -0.301 0.315
vn 0.339 -0.933 0.126
vn -0.225 -0.932 -0.285
vn 0.445 0.691 -0.57
vn 0.45 0.398 -0.799
vn 0.143 0.376 -0.916
vn 0.085 0.545 -0.834
vn -0.212 0.289 -0.934
vn 0.257 0.638 -0.726
vn -0.124 0.474 -0.872
vn 0.323 0.906 -0.272
vn 0.579 0.79 -0.204
vn 0.049 0.803 -0.594
vn -0.132 0.532 -0.836
vn 0.469 0.883 -0.009
vn 0.599 0.797 0.073
vn 0.404 0.911 -0.087
vn 0.364 0.886 -0.287
vn 0.62 0.757 -0.204
vn 0.242 0.692 -0.68
vn 0.058 0.755 -0.653
vn -0.131 0.376 -0.917
vn 0.731 -0.267 -0.628
vn 0.41 -0.312 -0.857
vn 0.479 -0.155 -0.864
vn 0.103 -0.285 -0.953
vn -0.086 -0.477 -0.875
vn 0.439 -0.403 -0.803
vn 0.094 -0.49 -0.866
vn 0.182 -0.358 -0.916
vn 0.676 -0.253 -0.692
vn 0.229 0.38 -0.896
vn -0.231 0.489 -0.841
vn -0.135 -0.577 -0.806
vn -0.226 -0.502 -0.835
vn -0.491 0.409 -0.769
vn -0.557 -0.525 -0.644
vn -0.418 -0.567 -0.709
vn -0.557 -0.588 -0.587
vn 0.626 0.075 0.776
vn 0.482 -0.301 0.823
vn 0.699 0.055 0.713
vn 0.224 0.421 0.879
vn 0.457 0.551 0.699
vn 0.651 0.593 0.473
vn 0.774 0.441 0.454
vn 0.668 0.447 0.595
vn -0.783 0.387 -0.488
vn -0.531 0.823 -0.2
vn -0.389 0.808 -0.443
vn -0.307 0.95 -0.052
vn 0.606 0.126 0.785
vn 0.559 0.12 0.821
vn 0.506 0.086 0.858
vn 0.505 0.065 0.86
vn 0.515 -0.197 0.834
vn 0.454 -0.37 0.811
vn 0.503 0.059 0.862
vn 0.067 0.067 0.996
vn -0.169 0.104 0.98
vn -0.289 -0.068 0.955
vn 0.171 0.227 0.959
vn 0.498 0.25 0.831
vn 0.438 0.033 0.898
vn 0.887 0.148 0.438
vn 0.873 0.022 0.487
vn 0.991 0.131 -0.038
vn 0.999 0.034 -0.035
vn 0.869 0.222 -0.442
vn 0.929 -0.08 -0.362
vn 0.681 -0.184 -0.709
vn 0.11 -0.909 -0.403
vn -0.199 -0.75 0.63
vn 0.292 -0.817 0.497
vn -0.103 -0.447 -0.889
vn -0.515 -0.053 -0.856
vn -0.527 -0.25 -0.812
vn 0.133 -0.598 -0.791
vn -0.482 -0.474 -0.737
vn 0.045 -0.038 -0.998
vn -0.555 0.107 -0.825
vn 0.589 -0.172 -0.79
vn 0.666 0.112 -0.738
vn 0.588 -0.456 -0.668
vn -0.917 -0.366 -0.161
vn -0.527 -0.25 -0.812
vn -0.482 -0.474 -0.737
vn -0.99 -0.06 -0.125
vn -0.555 0.107 -0.825
vn -0.873 0.004 0.487
vn -0.892 -0.299 0.34
vn -0.717 -0.258 0.648
vn -0.461 -0.089 0.883
vn -0.476 0.302 0.826
vn -0.363 -0.197 0.911
vn -0.397 0.096 0.913
vn -0.542 0.248 0.803
vn -0.01 0.302 0.954
vn 0.136 0.456 0.88
vn -0.133 0.645 0.753
vn -0.542 0.248 0.803
vn -0.061 0.568 0.821
vn 0.268 0.845 0.463
vn 0.217 0.72 0.659
vn 0.161 0.734 0.659
vn -0.01 0.302 0.954
vn 0.618 0.762 0.197
vn 0.462 0.825 0.327
vn 0.53 0.702 0.475
vn 0.467 0.667 0.582
vn 0.136 0.456 0.88
vn 0.3 0.771 0.562
vn 0.455 0.871 0.185
vn 0.484 0.873 0.069
vn 0.306 0.887 0.346
vn 0.273 0.918 0.288
vn 0.491 0.866 0.093
vn 0.287 0.864 0.413
vn 0.213 0.705 0.677
vn -0.046 0.773 0.632
vn -0.01 0.706 0.708
vn 0.581 0.531 0.617
vn -0.067 0.802 0.594
vn -0.47 0.521 0.713
vn -0.284 0.619 0.732
vn -0.226 0.312 0.923
vn -0.48 0.605 0.634
vn -0.16 0.766 0.623
vn -0.479 0.745 0.466
vn -0.112 0.813 0.571
vn 0.045 0.665 0.746
vn -0.133 0.645 0.753
vn 0.143 0.645 0.75
vn -0.01 0.944 0.329
vn -0.076 0.893 0.443
vn -0.348 0.893 0.287
vn -0.646 0.76 0.073
vn -0.56 0.807 -0.19
vn -0.269 0.95 0.157
vn -0.298 0.946 0.127
vn -0.571 0.8 -0.182
vn -0.559 0.829 0.015
vn 0.169 0.77 0.616
vn -0.064 0.907 0.417
vn -0.226 0.934 0.276
vn -0.133 0.947 0.293
vn -0.797 0.57 0.198
vn -0.67 0.531 0.52
vn -0.458 0.412 0.788
vn -0.012 0.709 0.705
vn 0.27 0.68 0.682
vn 0.061 0.955 0.291
vn 0.62 0.429 0.658
vn -0.06 0.874 0.483
vn -0.76 -0.041 0.649
vn -0.16 -0.351 0.923
vn -0.679 -0.39 0.622
vn -0.202 -0.033 0.979
vn 0.388 -0.417 0.822
vn 0.264 -0.001 0.964
vn 0.229 -0.625 0.746
vn -0.426 -0.687 0.589
vn -0.299 -0.075 0.951
vn 0.271 0.02 0.962
vn 0.486 -0.042 0.873
vn 0.429 -0.333 0.839
vn 0.091 0.349 0.933
vn -0.488 0.123 0.864
vn 0.336 0.29 0.896
vn 0.191 0.372 0.909
vn -0.226 0.312 0.923
vn -0.01 0.706 0.708
vn 0.581 0.531 0.617
vn 0.346 0.5 0.794
vn 0.464 0.429 0.775
vn 0.418 0.366 0.832
vn 0.368 0.477 0.798
vn 0.254 0.813 0.523
vn 0.131 0.989 0.072
vn 0.366 0.2 0.909
vn 0.493 0.589 0.641
vn 0.287 0.454 0.844
vn 0.567 0.121 0.815
vn 0.629 -0.503 0.593
vn 0.35 -0.696 0.626
vn 0.544 -0.751 0.374
vn 0.072 -0.983 0.171
vn 0.729 0.032 0.684
vn 0.808 -0.491 0.327
vn 0.622 0.518 0.587
vn 0.955 -0.056 0.29
vn 0.42 -0.543 0.727
vn -0.349 -0.185 -0.918
vn -0.616 -0.78 -0.112
vn -0.269 -0.474 -0.838
vn -0.248 -0.415 -0.875
vn -0.381 -0.117 -0.917
vn 0.411 -0.84 -0.353
vn 0.776 -0.362 0.517
vn 0.257 -0.88 -0.399
vn -0.309 -0.395 -0.865
vn 0.392 -0.72 -0.572
vn 0.31 -0.508 0.804
vn 0.177 -0.689 0.702
vn 0.271 -0.116 0.956
vn 0.388 -0.613 0.688
vn 0.143 -0.802 0.58
vn -0.157 -0.952 0.264
vn -0.034 -0.812 0.583
vn -0.177 -0.969 0.171
vn 0.278 -0.852 0.443
vn 0.404 -0.564 0.72
vn 0.716 -0.698 0.027
vn 0.35 -0.901 -0.256
vn -0.099 -0.939 -0.329
vn 0.392 -0.72 -0.572
vn -0.403 -0.69 -0.602
vn -0.309 -0.395 -0.865
vn -0.005 -0.911 -0.412
vn -0.435 -0.712 -0.551
vn 0.602 -0.189 0.776
vn -0.385 -0.744 -0.546
vn -0.328 -0.932 -0.153
vn 0.12 -0.92 -0.372
vn 0.774 -0.397 0.492
vn 0.645 -0.763 0.057
vn 0.632 -0.588 0.505
vn 0.805 -0.483 0.344
vn 0.313 -0.464 0.828
vn 0.055 -0.984 0.171
vn -0.426 -0.586 -0.69
vn -0.049 -0.77 -0.636
vn -0.158 -0.974 0.164
vn 0.19 -0.674 0.714
vn 0.411 -0.408 0.815
vn 0.864 -0.086 0.497
vn 0.421 -0.475 0.773
vn -0.55 -0.825 -0.132
vn 0.313 -0.856 0.41
vn 0.42 -0.903 0.088
vn -0.245 -0.848 -0.469
vn -0.645 0.13 0.753
vn -0.977 0.116 0.182
vn -0.738 -0.253 0.625
vn -0.959 -0.268 0.087
vn -0.841 -0.478 -0.254
vn -0.898 -0.122 -0.423
vn -0.451 -0.789 -0.418
vn -0.938 0.182 -0.294
vn -0.545 0.05 -0.837
vn -0.056 -0.662 0.748
vn 0.79 -0.609 -0.074
vn 0.292 -0.817 0.497
vn -0.199 -0.75 0.63
vn -0.469 -0.295 -0.832
vn -0.187 -0.194 -0.963
vn -0.24 -0.157 -0.958
vn 0.322 -0.292 -0.9
vn 0.363 -0.254 -0.896
vn 0.45 0.022 -0.893
vn -0.188 0.056 -0.98
vn 0.566 0.144 -0.812
vn -0.053 0.174 -0.983
vn -0.669 0.157 -0.726
vn -0.628 0.195 -0.753
vn -0.199 0.236 -0.951
vn 0.483 0.213 -0.849
vn 0.235 0.192 -0.953
vn -0.177 0.344 -0.922
vn -0.75 0.161 -0.641
vn -0.233 0.149 -0.961
vn -0.333 0.087 -0.939
vn -0.771 0.047 -0.635
vn -0.739 -0.012 -0.673
vn 0.194 0.059 -0.979
vn -0.245 -0.052 -0.968
vn 0.13 -0.055 -0.99
vn -0.593 -0.045 -0.804
vn -0.257 -0.056 -0.965
vn -0.75 -0.056 -0.66
vn -0.504 -0.08 -0.86
vn -0.002 -0.248 -0.969
vn -0.098 -0.229 -0.968
vn 0.089 -0.159 -0.983
vn 0.518 -0.243 -0.82
vn 0.661 -0.167 -0.731
vn 0.361 -0.267 -0.894
vn 0.727 -0.179 -0.663
vn 0.585 -0.267 -0.766
vn 0.376 0.031 -0.926
vn 0.786 -0.073 -0.614
vn 0.82 -0.053 -0.569
vn 0.857 -0.03 -0.515
vn -0.099 -0.195 -0.976
vn -0.623 -0.119 -0.773
vn -0.481 -0.091 -0.872
vn -0.151 -0.21 -0.966
vn -0.161 -0.717 -0.678
vn 0.127 -0.36 -0.924
vn 0.305 -0.254 -0.917
vn 0.654 -0.297 -0.695
vn 0.63 -0.484 -0.607
vn 0.045 -0.206 -0.978
vn 0.371 -0.891 0.263
vn 0.421 -0.423 -0.802
vn 0.494 -0.533 -0.687
vn -0.308 -0.78 -0.544
vn 0.047 -0.86 -0.508
vn -0.631 -0.551 -0.546
vn -0.006 -0.924 0.381
vn 0.264 -0.964 0.012
vn 0.369 -0.873 -0.318
vn 0.54 -0.687 0.487
vn -0.096 -0.839 0.535
vn -0.809 -0.582 0.083
vn -0.044 -0.788 0.615
vn 0.541 -0.609 -0.58
vn -0.197 -0.771 -0.605
vn 0.187 -0.844 -0.502
vn -0.123 -0.986 -0.113
vn -0.024 -0.867 0.498
vn -0.361 -0.774 0.52
vn 0.873 -0.365 0.323
vn -0.693 0.366 0.62
vn -0.333 0.158 0.93
vn -0.593 0.257 0.763
vn -0.217 0.175 0.96
vn -0.482 0.232 0.845
vn -0.424 0.012 0.906
vn -0.469 0.03 0.882
vn -0.534 0.272 0.8
vn -0.621 0.005 0.784
vn -0.508 -0.066 0.859
vn -0.55 -0.351 0.757
vn -0.501 -0.297 0.812
vn -0.497 -0.232 0.836
vn -0.508 -0.025 0.861
vn -0.524 -0.05 0.85
vn -0.493 -0.095 0.865
vn -0.388 -0.761 0.52
vn -0.036 -0.954 0.3
vn -0.45 -0.858 0.248
vn -0.413 0.078 0.907
vn -0.198 0.163 0.966
vn -0.264 0.203 0.943
vn -0.623 0.247 0.742
vn -0.601 0.266 0.754
vn -0.543 0.229 0.807
vn -0.035 0.129 0.991
vn -0.075 0.098 0.992
vn 0.204 0.085 0.976
vn -0.076 0.039 0.996
vn -0.583 -0.621 0.525
vn 0.251 0.029 0.967
vn -0.015 0.167 0.986
vn 0.063 0.134 0.989
vn -0.069 0.197 0.978
vn -0.507 0.242 0.828
vn -0.374 0.264 0.889
vn 0.042 0.147 0.988
vn -0.003 -0.068 0.998
vn -0.36 0.017 0.933
vn -0.63 -0.202 0.75
vn 0.627 0.307 0.716
vn 0.039 0.527 0.849
vn 0.515 0.121 0.849
vn 0.797 0.024 0.603
vn 0.855 -0.008 0.519
vn 0.469 0.006 0.883
vn 0.896 0.164 0.414
vn 0.608 0.536 0.585
vn 0.948 0.006 0.317
vn 0.995 0.101 -0.02
vn 0.997 0.027 -0.079
vn 0.232 0.933 0.276
vn 0.724 0.041 -0.688
vn 0.589 0.048 -0.807
vn 0.565 0.205 -0.799
vn 0.991 -0.023 0.135
vn 0.928 0.241 0.285
vn 0.998 -0.033 0.065
vn 0.871 0.117 -0.477
vn 0.967 -0.038 -0.25
vn 0.696 -0.013 -0.718
vn 0.337 0.076 -0.938
vn 0.811 0.097 -0.577
vn 0.994 -0.004 -0.11
vn 0.978 -0.029 0.209
vn 0.974 -0.051 0.222
vn 0.964 0.099 0.246
vn 0.903 0.28 0.325
vn 0.972 -0.08 0.22
vn 0.73 0.506 0.46
vn 0.318 0.736 0.598
vn 0.571 0.735 0.365
vn 0.909 0.277 0.311
vn 0.985 0.002 0.174
vn 0.866 0.418 0.274
vn 0.488 0.783 0.385
vn 0.992 0.074 0.102
vn 0.909 0.389 0.151
vn 0.918 0.208 0.338
vn 0.932 0.289 0.218
vn 0.559 0.335 0.758
vn 0.84 0.286 0.46
vn 0.426 0.336 0.84
vn 0.528 -0.678 0.512
vn -0.157 -0.254 -0.954
vn 0.559 -0.771 0.303
vn 0.231 -0.83 0.508
vn -0.765 -0.478 0.432
vn -0.514 -0.277 0.812
vn -0.19 -0.172 0.967
vn -0.28 0.146 0.949
vn 0.414 -0.697 0.584
vn 0.572 -0.48 0.665
vn -0.505 -0.481 -0.716
vn -0.061 -0.592 -0.804
vn -0.18 -0.3 -0.937
vn -0.545 -0.755 -0.363
vn -0.086 -0.477 -0.875
vn 0.265 -0.558 -0.787
vn -0.557 -0.588 -0.587
vn -0.806 -0.481 -0.345
vn 0.015 -0.561 0.828
vn 0.866 -0.319 0.385
vn 0.656 -0.442 0.611
vn 0.404 -0.564 0.72
vn 0.716 -0.698 0.027
vn 0.278 -0.852 0.443
vn -0.233 -0.63 0.741
vn 0.104 -0.175 0.979
vn -0.871 0.232 0.433
vn 0.271 -0.116 0.956
vn 0.373 0.559 0.741
vn 0.351 0.353 0.867
vn 0.323 0.631 0.705
vn -0.736 0.384 0.558
vn 0.291 0.889 0.353
vn 0.115 0.991 0.071
vn -0.241 0.93 -0.278
vn -0.246 0.89 -0.384
vn -0.389 0.808 -0.443
vn -0.577 0.304 -0.758
vn -0.816 0.221 -0.534
vn -0.417 0.43 0.8
vn -0.435 0.224 0.872
vn -0.591 -0.003 0.807
vn -0.3 0.241 0.923
vn -0.064 0.725 0.686
vn 0.261 0.296 0.918
vn 0.122 0.272 0.955
vn 0.584 0.4 0.707
vn 0.563 0.242 0.791
vn -0.531 0.527 0.664
vn 0.028 0.588 0.809
vn -0.203 0.521 0.83
vn -0.674 0.689 0.265
vn 0.581 0.804 -0.128
vn -0.64 0.164 0.75
vn -0.435 0.224 0.872
vn -0.477 0.35 0.807
vn 0.058 0.296 0.954
vn 0.122 0.272 0.955
vn 0.562 0.358 0.746
vn 0.563 0.242 0.791
vn 0.843 0.275 0.463
vn 0.741 0.572 0.351
vn 0.805 0.579 -0.129
vn 0.918 0.388 -0.077
vn 0.706 0.345 -0.619
vn 0.618 0.452 -0.644
vn 0.547 0.263 -0.795
vn 0.535 0.462 -0.708
vn 0.507 0.241 -0.828
vn -0.67 0.553 0.495
vn -0.674 0.689 0.265
vn -0.531 0.527 0.664
vn -0.528 0.649 0.547
vn -0.183 0.723 0.666
vn -0.585 0.584 0.562
vn -0.713 0.688 0.134
vn -0.278 0.943 -0.184
vn -0.257 0.834 0.488
vn -0.198 0.963 -0.18
vn -0.315 0.949 0.012
vn 0.254 -0.242 -0.937
vn -0.245 -0.837 0.489
vn -0.084 -0.668 -0.739
vn -0.196 -0.666 0.72
vn 0.053 -0.588 0.807
vn 0.064 -0.993 0.1
vn 0.479 -0.578 0.661
vn -0.312 -0.474 -0.823
vn -0.193 -0.979 0.056
vn 0.457 -0.873 0.172
vn 0.37 -0.792 0.486
vn 0.379 -0.897 0.227
vn 0.304 0.834 0.461
vn 0.46 0.857 0.231
vn 0.584 0.4 0.707
vn 0.806 0.447 0.388
vn 0.539 0.843 0.007
vn 0.843 0.275 0.463
vn 0.563 0.242 0.791
vn 0.918 0.388 -0.077
vn 0.914 0.406 0.008
vn 0.781 0.4 -0.479
vn 0.436 0.883 -0.173
vn 0.706 0.345 -0.619
vn 0.547 0.263 -0.795
vn 0.02 -0.879 -0.476
vn 0.047 -0.86 -0.508
vn 0.369 -0.873 -0.318
vn -0.631 -0.551 -0.546
vn -0.061 0.568 0.821
vn -0.542 0.248 0.803
vn -0.143 0.388 0.91
vn -0.111 0.367 0.923
vn -0.397 0.096 0.913
vn -0.133 0.645 0.753
vn -0.186 0.903 0.388
vn -0.01 0.944 0.329
vn 0.188 0.876 0.443
vn 0.061 0.955 0.291
vn -0.06 0.874 0.483
vn 0.496 0.519 0.696
vn -0.499 -0.676 0.542
vn -0.612 -0.764 -0.205
vn -0.741 -0.26 0.619
vn -0.843 -0.448 0.297
vn 0.607 -0.373 -0.702
vn 0.57 -0.472 -0.673
vn 0.709 -0.163 -0.686
vn 0.778 -0.109 -0.619
vn 0.66 -0.502 -0.559
vn 0.725 -0.504 -0.469
vn 0.872 -0.134 -0.472
vn 0.86 0.276 -0.429
vn 0.96 -0.065 -0.271
vn 0.915 0.348 -0.205
vn 0.846 -0.425 -0.323
vn 0.986 0.106 -0.131
vn 0.955 0.274 -0.117
vn 0.478 -0.793 -0.378
vn 0.386 -0.859 -0.337
vn 0.939 -0.205 -0.276
vn 0.614 -0.694 -0.376
vn 0.99 0.135 0.048
vn 0.94 -0.325 -0.1
vn 0.389 -0.918 -0.075
vn 0.864 -0.086 0.497
vn 0.253 -0.848 0.466
vn 0.877 0.479 -0.024
vn 0.832 0.212 0.514
vn 0.834 0.539 -0.116
vn 0.809 0.588 -0.015
vn 0.719 0.692 0.071
vn 0.635 0.772 -0.013
vn 0.385 0.886 0.256
vn 0.473 0.701 0.534
vn 0.543 0.502 0.673
vn 0.666 0.145 0.732
vn 0.559 0.615 0.556
vn 0.691 0.723 0.018
vn 0.803 0.569 -0.178
vn 0.463 0.856 0.23
vn 0.342 0.914 0.217
vn 0.244 0.896 0.372
vn 0.28 0.934 0.223
vn 0.612 -0.032 0.79
vn 0.411 -0.408 0.815
vn 0.66 0.175 0.731
vn 0.64 -0.081 0.764
vn 0.528 0.569 0.63
vn 0.347 0.865 0.362
vn 0.325 0.868 0.375
vn 0.011 0.98 -0.2
vn 0.169 0.985 0.043
vn -0.062 0.937 -0.344
vn 0.634 -0.073 0.77
vn 0.388 -0.613 0.688
vn 0.421 -0.475 0.773
vn 0.143 -0.802 0.58
vn 0.31 -0.508 0.804
vn 0.487 -0.062 0.871
vn 0.514 0.284 0.809
vn 0.373 0.559 0.741
vn 0.271 -0.116 0.956
vn 0.64 -0.081 0.764
vn 0.612 -0.032 0.79
vn 0.421 -0.475 0.773
vn 0.411 -0.408 0.815
vn 0.63 -0.06 0.774
vn 0.385 -0.096 0.918
vn 0.66 -0.199 0.724
vn 0.264 -0.001 0.964
vn -0.202 -0.033 0.979
vn -0.146 -0.019 0.989
vn -0.726 0.07 0.685
vn -0.76 -0.041 0.649
vn -0.483 0.545 -0.685
vn -0.31 0.426 -0.85
vn -0.088 0.774 -0.626
vn 0.028 0.459 -0.888
vn 0.491 0.792 -0.362
vn 0.695 0.45 0.561
vn 0.568 0.528 0.631
vn 0.369 0.522 0.769
vn 0.578 0.517 0.632
vn 0.562 0.477 0.676
vn 0.039 0.527 0.849
vn -0.583 0.476 0.659
vn -0.668 0.161 0.727
vn 0.129 0.264 0.956
vn 0.515 0.121 0.849
vn 0.469 0.006 0.883
vn -0.106 -0.016 0.994
vn -0.651 0.019 0.759
vn 0.25 0.433 0.866
vn 0.202 0.979 0.018
vn 0.855 -0.008 0.519
vn 0.232 0.933 0.276
vn -0.569 0.27 0.776
vn -0.226 0.312 0.923
vn -0.683 0.044 0.729
vn -0.284 0.619 0.732
vn -0.642 0.176 0.746
vn -0.216 -0.744 0.633
vn -0.47 -0.848 -0.245
vn -0.757 -0.386 0.527
vn -0.477 0.35 0.807
vn -0.537 -0.837 0.11
vn -0.566 0.192 0.802
vn -0.64 0.164 0.75
vn -0.681 -0.132 0.72
vn -0.622 -0.779 -0.082
vn 0.152 -0.93 0.335
vn -0.459 -0.827 -0.325
vn -0.299 -0.94 -0.166
vn -0.381 -0.844 -0.377
vn -0.419 -0.825 -0.38
vn -0.279 -0.831 -0.482
vn 0.177 -0.357 -0.917
vn -0.865 -0.49 -0.113
vn -0.072 -0.761 0.645
vn -0.573 -0.761 0.304
vn -0.069 -0.663 0.746
vn -0.027 -0.69 0.724
vn 0.081 -0.99 0.113
vn 0.949 -0.113 0.293
vn 0.73 -0.474 0.492
vn -0.011 -0.258 -0.966
vn 0.204 -0.577 -0.791
vn 0.112 -0.613 -0.782
vn 0.28 -0.853 -0.442
vn -0.594 -0.803 0.051
vn 0.73 -0.459 -0.506
vn 0.922 -0.193 -0.335
vn -0.481 -0.86 0.168
vn 0.861 -0.432 -0.268
vn -0.754 -0.596 0.276
vn -0.533 -0.805 -0.263
vn -0.36 -0.474 -0.804
vn -0.5 -0.604 -0.622
vn -0.545 -0.518 -0.659
vn -0.426 -0.586 -0.69
vn -0.049 -0.77 -0.636
vn -0.565 -0.759 0.324
vn 0.632 -0.358 -0.687
vn 0.584 -0.333 -0.74
vn -0.098 0.109 -0.989
vn 0.61 0.039 -0.791
vn 0.587 0.345 -0.732
vn 0.733 0.281 -0.62
vn 0.431 0.252 -0.867
vn 0.462 0.101 -0.881
vn 0.596 0.357 -0.719
vn 0.548 0.138 -0.825
vn 0.192 0.201 -0.96
vn 0.033 0.251 -0.967
vn 0.484 0.202 -0.852
vn 0.057 0.128 -0.99
vn 0.56 0.209 -0.802
vn 0.066 0.178 -0.982
vn -0.554 0.039 -0.832
vn -0.551 0.106 -0.827
vn -0.633 0.185 -0.751
vn -0.314 0.19 -0.93
vn -0.245 0.081 -0.966
vn -0.568 0.231 -0.79
vn 0.253 0.036 -0.967
vn 0.27 0.154 -0.951
vn 0.507 0.241 -0.828
vn 0.547 0.263 -0.795
vn 0.579 0.167 -0.798
vn 0.579 -0.706 0.408
vn 0.504 -0.823 0.262
vn 0.477 -0.233 0.847
vn 0.389 -0.129 0.912
vn 0.645 -0.511 0.569
vn 0.865 -0.428 -0.261
vn 0.42 -0.903 0.088
vn 0.313 -0.856 0.41
vn 0.375 -0.795 0.477
vn -0.437 -0.138 0.889
vn -0.55 -0.825 -0.132
vn -0.662 -0.747 0.066
vn -0.535 0.194 0.822
vn -0.566 0.192 0.802
vn -0.453 0.277 0.847
vn -0.64 0.164 0.75
vn -0.572 -0.055 0.818
vn -0.428 0.622 0.656
vn -0.792 -0.027 -0.61
vn -0.994 0.02 -0.109
vn -0.796 -0.042 -0.604
vn -0.24 -0.157 -0.958
vn -0.188 0.173 -0.967
vn 0.385 -0.122 -0.915
vn 0.322 -0.292 -0.9
vn -0.521 0.261 -0.813
vn -0.52 0.2 -0.831
vn 0.065 0.104 -0.993
vn 0.047 0.154 -0.987
vn 0.724 0.041 -0.688
vn -0.602 0.266 -0.753
vn 0.012 0.174 -0.985
vn 0.589 0.048 -0.807
vn -0.309 0.111 -0.945
vn 0.565 0.205 -0.799
vn -0.496 -0.036 -0.868
vn 0.337 0.076 -0.938
vn -0.054 0.064 -0.997
vn -0.18 0.194 -0.964
vn 0.365 0.156 -0.918
vn -0.051 0.172 -0.984
vn -0.347 0.741 -0.575
vn -0.498 0.193 -0.846
vn 0.273 0.175 -0.946
vn 0.763 0.25 -0.596
vn -0.103 -0.447 -0.889
vn -0.515 -0.053 -0.856
vn 0.217 0.099 -0.971
vn 0.632 0.033 -0.774
vn 0.11 -0.909 -0.403
vn -0.746 -0.115 -0.656
vn -0.277 -0.09 -0.957
vn -0.656 -0.172 -0.735
vn -0.39 -0.2 -0.899
vn -0.047 -0.101 -0.994
vn -0.011 -0.154 -0.988
vn -0.312 -0.474 -0.823
vn 0.064 -0.993 0.1
vn -0.084 -0.668 -0.739
vn 0.254 -0.242 -0.937
vn 0.319 -0.012 -0.948
vn 0.559 -0.084 -0.825
vn 0.53 -0.027 -0.848
vn -0.154 -0.057 -0.986
vn -0.426 -0.114 -0.897
vn -0.314 -0.271 -0.91
vn 0.057 -0.151 -0.987
vn -0.681 -0.214 -0.7
vn 0.256 -0.049 -0.965
vn 0.465 -0.043 -0.884
vn -0.235 -0.088 -0.968
vn -0.708 -0.101 -0.7
vn -0.763 -0.018 -0.646
vn 0.231 0.016 -0.973
vn 0.567 -0.029 -0.823
vn 0.078 0.004 -0.997
vn -0.341 0.143 0.929
vn 0.103 -0.354 0.93
vn -0.881 -0.394 -0.262
vn 0.085 0.118 0.989
vn -0.076 0.039 0.996
vn -0.583 -0.621 0.525
vn -0.027 0.047 0.999
vn -0.075 0.098 0.992
vn -0.15 0.019 0.989
vn -0.302 0.02 0.953
vn -0.413 0.078 0.907
vn -0.442 0.075 0.894
vn -0.424 0.012 0.906
vn -0.469 0.03 0.882
vn -0.118 -0.059 0.991
vn -0.621 0.005 0.784
vn -0.897 -0.151 0.415
vn -0.269 -0.186 0.945
vn -0.55 -0.351 0.757
vn 0.032 0.021 1
vn -0.497 -0.232 0.836
vn -0.176 -0.021 0.984
vn -0.524 -0.05 0.85
vn -0.523 -0.233 0.82
vn -0.388 -0.761 0.52
vn -0.065 -0.95 -0.306
vn 0.271 -0.116 0.956
vn 0.514 0.284 0.809
vn 0.487 -0.062 0.871
vn 0.31 -0.508 0.804
vn 0.772 -0.574 -0.274
vn -0.739 -0.67 0.075
vn -0.502 -0.731 -0.461
vn -0.83 -0.502 -0.246
vn -0.447 -0.858 -0.253
vn -0.565 -0.759 0.324
vn -0.36 -0.474 -0.804
vn -0.545 -0.518 -0.659
vn 0.306 0.204 0.93
vn -0.121 0.164 0.979
vn 0.571 -0.692 0.441
vn -0.389 0.07 0.918
vn 0.11 -0.152 0.982
vn -0.912 -0.408 -0.04
vn -0.806 -0.481 -0.345
vn -0.579 -0.79 0.203
vn -0.865 -0.452 0.218
vn -0.692 -0.673 0.26
vn -0.476 -0.854 0.208
vn -0.796 -0.435 0.421
vn -0.233 -0.921 -0.311
vn 0.195 0.332 0.923
vn 0.713 0.118 0.691
vn 0.368 0.662 0.653
vn 0.588 -0.153 0.794
vn 0.557 0.031 0.83
vn 0.62 0.429 0.658
vn 0.27 0.68 0.682
vn 0.771 -0.22 -0.598
vn 0.717 -0.12 -0.687
vn 0.625 0.095 -0.775
vn 0.666 0.094 -0.74
vn 0.636 0.221 -0.739
vn 0.665 0.218 -0.715
vn 0.646 0.314 -0.696
vn 0.649 0.315 -0.692
vn 0.708 0.4 -0.583
vn 0.75 0.43 -0.503
vn 0.625 0.095 -0.775
vn 0.717 -0.12 -0.687
vn 0.706 -0.247 -0.665
vn 0.748 0.111 -0.655
vn 0.752 0.197 -0.628
vn 0.636 0.221 -0.739
vn 0.627 0.311 -0.714
vn 0.646 0.314 -0.696
vn 0.657 0.417 -0.628
vn 0.75 0.43 -0.503
vn -0.354 -0.215 0.91
vn -0.577 -0.356 0.735
vn -0.588 0.074 0.805
vn -0.775 -0.322 0.543
vn -0.74 0.032 0.672
vn -0.871 -0.146 0.469
vn -0.753 0.052 0.656
vn -0.523 -0.105 0.846
vn -0.649 -0.527 0.549
vn -0.637 0.199 0.745
vn -0.332 0.284 0.899
vn -0.389 0.07 0.918
vn 0.11 -0.152 0.982
vn 0.946 -0.323 -0.04
vn -0.79 -0.235 0.566
vn -0.796 -0.435 0.421
vn -0.761 -0.528 0.377
vn -0.5 -0.809 0.31
vn -0.271 -0.921 0.28
vn -0.578 -0.68 0.451
vn -0.846 -0.386 0.368
vn -0.89 -0.083 0.449
vn -0.983 0.114 0.143
vn -0.865 -0.452 0.218
vn -0.945 -0.185 -0.27
vn -0.912 -0.408 -0.04
vn -0.869 -0.335 0.364
vn -0.915 -0.364 -0.178
vn -0.806 -0.481 -0.345
vn -0.843 -0.448 0.297
vn -0.764 -0.543 0.348
vn -0.845 -0.363 0.393
vn -0.267 0.773 0.575
vn -0.655 0.704 0.276
vn -0.995 -0.101 -0.008
vn -0.753 -0.639 0.153
vn -0.882 -0.455 0.12
vn -0.741 -0.26 0.619
vn -0.86 -0.461 -0.219
vn -0.801 -0.541 -0.256
vn -0.831 0.34 -0.441
vn -0.557 -0.525 -0.644
vn -0.491 0.409 -0.769
vn -0.777 -0.529 -0.341
vn -0.69 -0.469 -0.551
vn -0.418 -0.567 -0.709
vn -0.557 -0.588 -0.587
vn -0.798 -0.503 0.333
vn -0.703 -0.116 0.702
vn -0.461 -0.37 0.807
vn -0.725 -0.224 0.651
vn -0.659 -0.135 0.74
vn -0.772 -0.123 0.624
vn -0.612 -0.764 -0.205
vn -0.929 -0.123 0.35
vn -0.581 -0.28 -0.764
vn -0.945 -0.185 -0.27
vn -0.983 0.114 0.143
vn -0.329 0.636 -0.698
vn -0.613 0.775 0.154
vn -0.89 -0.083 0.449
vn -0.703 -0.116 0.702
vn -0.581 -0.28 -0.764
vn -0.612 -0.764 -0.205
vn -0.801 -0.541 -0.256
vn -0.945 -0.185 -0.27
vn -0.329 0.636 -0.698
vn 0.408 -0.397 0.822
vn 0.835 -0.058 0.547
vn 0.565 0.02 0.825
vn 0.814 -0.135 0.564
vn 0.615 -0.645 0.454
vn 0.888 -0.454 0.077
vn 0.983 -0.175 0.057
vn 0.961 0.274 -0.012
vn 0.723 -0.489 -0.489
vn 0.753 0.09 -0.652
vn 0.746 -0.195 -0.637
vn -0.349 -0.337 0.875
vn -0.311 -0.221 0.924
vn -0.789 -0.201 0.581
vn 0.181 -0.398 0.899
vn 0.088 -0.473 0.876
vn 0.487 -0.355 0.798
vn 0.396 -0.326 0.859
vn -0.198 -0.35 0.916
vn -0.727 -0.241 0.644
vn -0.742 -0.079 0.666
vn -0.496 -0.086 0.864
vn -0.182 -0.248 0.952
vn -0.589 -0.222 0.777
vn 0.229 -0.365 0.902
vn 0.66 -0.318 0.681
vn 0.583 -0.2 0.787
vn 0.263 -0.166 0.951
vn -0.175 -0.076 0.981
vn 0.214 -0.091 0.973
vn 0.496 -0.141 0.857
vn 0.385 -0.096 0.918
vn -0.146 -0.019 0.989
vn -0.176 -0.042 0.983
vn -0.756 0.082 0.649
vn -0.738 -0.061 0.672
vn -0.715 0.013 0.699
vn -0.726 0.07 0.685
vn 0.869 0.222 -0.442
vn 0.681 -0.184 -0.709
vn 0.554 -0.078 -0.829
vn 0.855 -0.105 -0.507
vn 0.464 -0.534 -0.707
vn 0.722 -0.659 -0.211
vn 0.991 -0.133 -0.025
vn 0.991 0.131 -0.038
vn 0.703 -0.666 0.25
vn 0.903 -0.103 0.416
vn 0.887 0.148 0.438
vn 0.498 0.25 0.831
vn 0.571 -0.071 0.818
vn 0.292 -0.684 0.669
vn 0.214 0.629 0.748
vn 0.318 0.537 0.781
vn 0.369 0.522 0.769
vn 0.425 0.543 0.724
vn 0.346 0.384 0.856
vn -0.143 0.388 0.91
vn 0.458 0.461 0.76
vn 0.23 0.246 0.941
vn -0.111 0.367 0.923
vn 0.228 0.439 0.869
vn 0.49 0.416 0.766
vn 0.331 0.584 0.741
vn -0.186 0.903 0.388
vn 0.286 0.733 0.617
vn 0.188 0.876 0.443
vn 0.52 0.533 0.668
vn 0.592 0.535 0.602
vn 0.496 0.519 0.696
vn -0.945 0.219 -0.242
vn -0.928 0.372 -0.004
vn -0.892 0.418 -0.17
vn -0.922 0.368 -0.122
vn -0.611 0.715 0.339
vn -0.731 0.413 0.543
vn -0.297 0.613 0.732
vn -0.804 0.311 0.507
vn -0.307 0.369 0.877
vn 0.097 0.428 0.898
vn 0.109 0.308 0.945
vn 0.559 0.335 0.758
vn 0.598 0.379 0.707
vn 0.932 0.289 0.218
vn -0.419 -0.825 -0.38
vn -0.622 -0.779 -0.082
vn 0.152 -0.93 0.335
vn 0.198 -0.963 0.181
vn -0.279 -0.831 -0.482
vn 0.437 -0.896 0.086
vn 0.454 -0.781 0.429
vn 0.702 -0.66 -0.27
vn -0.757 -0.386 0.527
vn -0.307 -0.723 -0.619
vn -0.47 -0.848 -0.245
vn -0.064 -0.965 -0.254
vn 0.333 -0.887 0.319
vn -0.216 -0.744 0.633
vn 0.526 -0.84 0.135
vn -0.537 -0.837 0.11
vn -0.005 -0.702 -0.712
vn 0.68 0.733 0.014
vn 0.252 0.967 -0.035
vn 0.534 0.759 -0.371
vn 0.184 0.939 -0.289
vn 0.41 0.676 -0.612
vn -0.103 0.966 -0.237
vn 0.094 0.845 -0.527
vn -0.024 0.725 -0.689
vn 0.122 0.538 -0.834
vn -0.244 0.504 -0.828
vn -0.124 0.888 -0.442
vn -0.319 0.731 -0.603
vn -0.653 0.353 -0.67
vn -0.555 0.64 -0.532
vn -0.33 0.868 -0.371
vn -0.527 0.786 -0.324
vn -0.293 0.94 -0.171
vn -0.561 0.818 -0.125
vn -0.061 0.997 -0.059
vn 0.41 0.832 0.374
vn -0.329 0.944 -0.003
vn -0.589 0.806 0.057
vn -0.44 0.868 0.23
vn -0.16 0.974 0.163
vn -0.417 0.788 0.453
vn -0.106 0.875 0.473
vn 0.526 0.315 0.79
vn 0.14 0.654 0.744
vn -0.098 0.553 0.827
vn -0.469 0.222 0.854
vn -0.695 0.483 0.533
vn 0.177 -0.689 0.702
vn -0.034 -0.812 0.583
vn 0.271 -0.116 0.956
vn -0.871 0.232 0.433
vn 0.404 -0.564 0.72
vn -0.098 0.109 -0.989
vn 0.584 -0.333 -0.74
vn 0.925 0.199 -0.323
vn 0.928 -0.244 0.282
vn 0.957 -0.272 -0.104
vn 0.951 0.292 0.102
vn 0.959 0.066 0.274
vn 0.314 -0.786 -0.533
vn 0.339 0.891 0.302
vn 0.484 0.873 0.069
vn 0.268 0.845 0.463
vn 0.111 0.993 0.041
vn 0.218 0.963 0.156
vn 0.491 0.866 0.093
vn 0.938 0.292 0.187
vn 0.421 0.755 0.503
vn 0.287 0.864 0.413
vn 0.627 0.357 0.692
vn 0.581 0.531 0.617
vn 0.208 0.949 -0.237
vn 0.557 0.031 0.83
vn -0.517 -0.081 0.852
vn -0.729 -0.102 0.676
vn 0.27 0.68 0.682
vn -0.012 0.709 0.705
vn -0.458 0.412 0.788
vn -0.061 0.568 0.821
vn 0.339 0.891 0.302
vn 0.268 0.845 0.463
vn -0.423 0.757 0.498
vn -0.361 -0.774 0.52
vn 0.468 -0.851 -0.239
vn 0.873 -0.365 0.323
vn -0.134 -0.94 -0.313
vn 0.069 -0.512 -0.856
vn -0.415 -0.909 -0.034
vn 0.203 -0.952 -0.231
vn -0.036 -0.924 0.38
vn 0.631 -0.601 0.49
vn -0.697 -0.578 0.425
vn 0.004 -0.979 0.205
vn 0.397 -0.906 -0.148
vn 0.055 -0.917 -0.395
vn -0.23 -0.932 0.281
vn 0.241 -0.758 0.606
vn 0.234 -0.324 0.917
vn -0.476 -0.238 0.847
vn 0.292 -0.708 0.643
vn -0.161 -0.148 0.976
vn 0.79 -0.609 -0.074
vn -0.056 -0.662 0.748
vn 0.515 -0.525 -0.678
vn -0.469 -0.295 -0.832
vn 0.057 -0.85 -0.523
vn 0.739 -0.589 -0.327
vn 0.178 -0.851 0.494
vn -0.061 -0.864 0.5
vn -0.403 -0.718 -0.568
vn -0.276 -0.899 0.339
vn 0.669 -0.629 0.395
vn -0.976 -0.21 0.054
vn -0.004 -0.892 -0.453
vn -0.814 -0.287 -0.505
vn -0.573 -0.761 0.304
vn 0.788 -0.614 -0.05
vn 0.045 -0.854 -0.518
vn -0.072 -0.761 0.645
vn -0.027 -0.69 0.724
vn 0.1 -0.895 -0.435
vn 0.73 -0.474 0.492
vn -0.499 -0.676 0.542
vn -0.843 -0.448 0.297
vn -0.753 -0.639 0.153
vn -0.612 -0.764 -0.205
vn -0.801 -0.541 -0.256
vn -0.882 -0.455 0.12
vn 0.801 0.599 -0.002
vn 0.978 -0.029 0.209
vn 0.994 -0.004 -0.11
vn 0.811 0.097 -0.577
vn 0.323 0.631 0.705
vn 0.317 0.146 0.938
vn 0.303 0.691 0.656
vn 0.351 0.353 0.867
vn 0.323 -0.345 0.881
vn 0.104 -0.175 0.979
vn 0.287 0.454 0.844
vn -0.005 0.567 0.824
vn 0.034 0.816 0.576
vn 0.421 0.755 0.503
vn 0.627 0.357 0.692
vn -0.315 0.949 0.032
vn 0.208 0.949 -0.237
vn 0.27 0.154 -0.951
vn -0.568 0.231 -0.79
vn -0.081 0.774 -0.628
vn 0.329 0.653 -0.682
vn 0.507 0.241 -0.828
vn 0.081 -0.99 0.113
vn 0.369 -0.873 -0.318
vn 0.949 -0.113 0.293
vn 0.007 -0.961 -0.276
vn 0.02 -0.879 -0.476
vn -0.069 -0.663 0.746
vn -0.631 -0.551 -0.546
vn -0.865 -0.49 -0.113
vn -0.39 -0.832 0.395
vn -0.538 -0.717 -0.444
vn -0.48 -0.538 -0.693
vn -0.265 -0.764 -0.589
vn -0.514 -0.277 0.812
vn -0.28 0.146 0.949
vn -0.181 0.551 0.814
vn 0.414 -0.697 0.584
vn 0.984 -0.086 -0.154
vn 0.808 -0.589 -0.009
vn 0.942 -0.211 -0.259
vn 0.314 -0.786 -0.533
vn 0.959 0.066 0.274
vn 0.989 0.12 0.088
vn 0.957 -0.272 -0.104
vn 0.963 -0.074 -0.258
vn 0.951 0.292 0.102
vn 0.981 0.104 -0.162
vn 0.942 -0.211 -0.259
vn 0.808 -0.589 -0.009
vn 0.796 -0.466 -0.386
vn 0.314 -0.786 -0.533
vn 0.632 -0.358 -0.687
vn 0.584 -0.333 -0.74
vn 0.234 0.663 -0.711
vn 0.049 0.087 0.995
vn 0.202 0.979 0.018
vn 0.095 0.898 -0.429
vn -0.645 0.13 0.753
vn -0.026 -0.048 0.999
vn -0.373 0.029 0.927
vn -0.468 -0.046 0.883
vn 0.158 -0.031 0.987
vn 0.251 0.029 0.967
vn 0.578 -0.287 0.764
vn 0.691 -0.215 0.69
vn 0.479 -0.145 0.866
vn -0.318 0.014 0.948
vn 0.228 -0.059 0.972
vn 0.285 -0.122 0.951
vn -0.365 -0.073 0.928
vn -0.183 -0.238 0.954
vn -0.507 -0.159 0.847
vn 0.048 -0.225 0.973
vn 0.445 -0.218 0.869
vn -0.402 -0.203 0.893
vn -0.544 -0.229 0.807
vn 0.156 -0.241 0.958
vn 0.418 -0.261 0.87
vn -0.201 -0.208 0.957
vn -0.088 -0.527 -0.845
vn 0.746 -0.195 -0.637
vn 0.723 -0.489 -0.489
vn -0.026 -0.189 -0.981
vn -0.451 -0.789 -0.418
vn 0.753 0.09 -0.652
vn -0.545 0.05 -0.837
vn 0.061 0.159 -0.985
vn -0.18 0.194 -0.964
vn -0.859 0.121 -0.497
vn -0.347 0.741 -0.575
vn -0.683 0.661 -0.313
vn -0.936 0.21 -0.282
vn -0.703 -0.116 0.702
vn -0.929 -0.123 0.35
vn -0.613 0.775 0.154
vn -0.329 0.636 -0.698
vn -0.581 -0.28 -0.764
vn -0.583 -0.621 0.525
vn -0.381 -0.117 -0.917
vn 0.578 -0.287 0.764
vn 0.251 0.029 0.967
vn -0.203 0.521 0.83
vn 0.314 0.781 -0.539
vn -0.606 0.326 0.726
vn -0.063 0.382 -0.922
vn 0.424 0.476 0.771
vn -0.851 -0.471 0.234
vn 0.656 -0.729 -0.192
vn -0.827 -0.464 0.316
vn 0.783 -0.562 -0.267
vn -0.704 -0.705 -0.084
vn 0.114 -0.516 -0.849
vn -0.739 -0.67 0.075
vn 0.772 -0.574 -0.274
vn 0.925 0.199 -0.323
vn 0.097 0.903 -0.418
vn -0.098 0.109 -0.989
vn 0.951 0.292 0.102
vn 0.61 0.039 -0.791
vn 0.981 0.104 -0.162
vn 0.856 0.251 -0.452
vn -0.797 -0.597 -0.093
vn -0.917 -0.366 -0.161
vn -0.482 -0.474 -0.737
vn -0.892 -0.299 0.34
vn -0.489 -0.626 -0.607
vn -0.808 -0.489 0.331
vn 0.133 -0.598 -0.791
vn 0.103 -0.649 -0.753
vn 0.464 -0.534 -0.707
vn 0.588 -0.456 -0.668
vn -0.665 -0.389 0.637
vn 0.722 -0.659 -0.211
vn 0.824 -0.413 -0.389
vn -0.717 -0.258 0.648
vn -0.363 -0.197 0.911
vn 0.886 -0.33 0.326
vn 0.703 -0.666 0.25
vn 0.074 -0.291 0.954
vn -0.283 -0.592 0.754
vn 0.292 -0.684 0.669
vn 0.482 -0.171 0.859
vn 0.241 -0.467 -0.851
vn -0.088 -0.527 -0.845
vn 0.723 -0.489 -0.489
vn -0.451 -0.789 -0.418
vn 0.777 -0.466 -0.423
vn -0.395 -0.729 -0.56
vn 0.888 -0.454 0.077
vn 0.899 -0.437 -0.016
vn 0.741 -0.522 0.423
vn 0.615 -0.645 0.454
vn 0.388 -0.417 0.822
vn 0.408 -0.397 0.822
vn -0.16 -0.351 0.923
vn -0.099 -0.306 0.947
vn -0.679 -0.39 0.622
vn -0.738 -0.253 0.625
vn -0.896 -0.375 0.239
vn -0.959 -0.268 0.087
vn -0.522 -0.808 -0.273
vn -0.841 -0.478 -0.254
vn 0.32 0.945 -0.074
vn 0.328 0.945 0.011
vn 0.037 1 0.001
vn 0.036 1 -0.008
vn 0 1 0
vn 0.29 0.945 -0.154
vn 0.035 1 0.011
vn 0.314 0.945 0.096
vn 0.032 1 -0.017
vn 0.24 0.945 -0.224
vn 0.031 1 0.019
vn 0.278 0.945 0.174
vn 0.027 1 -0.025
vn 0.174 0.945 -0.278
vn 0.025 1 0.027
vn 0.224 0.945 0.24
vn 0.019 1 -0.031
vn 0.017 1 0.032
vn 0.011 1 -0.035
vn 0.096 0.945 -0.314
vn 0.154 0.945 0.29
vn 0.011 0.945 -0.328
vn 0.008 1 0.036
vn 0.074 0.945 0.32
vn 0.001 1 -0.037
vn -0.074 0.945 -0.32
vn -0.001 1 0.037
vn -0.011 0.945 0.328
vn -0.008 1 -0.036
vn -0.154 0.945 -0.29
vn -0.011 1 0.035
vn -0.096 0.945 0.314
vn -0.017 1 -0.032
vn -0.019 1 0.031
vn -0.025 1 -0.027
vn -0.224 0.945 -0.24
vn -0.174 0.945 0.278
vn -0.278 0.945 -0.174
vn -0.027 1 0.025
vn -0.24 0.945 0.224
vn -0.031 1 -0.019
vn -0.314 0.945 -0.096
vn -0.032 1 0.017
vn -0.29 0.945 0.154
vn -0.035 1 -0.011
vn -0.328 0.945 -0.011
vn -0.036 1 0.008
vn -0.32 0.945 0.074
vn -0.037 1 -0.001
g whiteAlt_0
f 3/3/3 2/2/2 1/1/1
f 6/6/6 5/5/5 4/4/4
f 9/9/9 8/8/8 7/7/7
f 12/12/12 11/11/11 10/10/10
f 15/15/15 14/14/14 13/13/13
f 18/18/18 17/17/17 16/16/16
f 21/21/21 20/20/20 19/19/19
f 24/24/24 23/23/23 22/22/22
f 27/27/27 26/26/26 25/25/25
f 30/30/30 29/29/29 28/28/28
f 33/33/33 32/32/32 31/31/31
f 36/36/36 35/35/35 34/34/34
f 39/39/39 38/38/38 37/37/37
f 42/42/42 41/41/41 40/40/40
f 45/45/45 44/44/44 43/43/43
f 48/48/48 47/47/47 46/46/46
f 51/51/51 50/50/50 49/49/49
f 54/54/54 53/53/53 52/52/52
f 57/57/57 56/56/56 55/55/55
f 60/60/60 59/59/59 58/58/58
f 63/63/63 62/62/62 61/61/61
f 66/66/66 65/65/65 64/64/64
f 69/69/69 68/68/68 67/67/67
f 72/72/72 71/71/71 70/70/70
f 75/75/75 74/74/74 73/73/73
f 78/78/78 77/77/77 76/76/76
f 81/81/81 80/80/80 79/79/79
f 84/84/84 83/83/83 82/82/82
f 87/87/87 86/86/86 85/85/85
f 90/90/90 89/89/89 88/88/88
f 93/93/93 92/92/92 91/91/91
f 96/96/96 95/95/95 94/94/94
f 99/99/99 98/98/98 97/97/97
f 102/102/102 101/101/101 100/100/100
f 105/105/105 104/104/104 103/103/103
f 108/108/108 107/107/107 106/106/106
f 111/111/111 110/110/110 109/109/109
f 114/114/114 113/113/113 112/112/112
f 117/117/117 116/116/116 115/115/115
f 120/120/120 119/119/119 118/118/118
f 119/119/119 121/121/121 118/118/118
f 118/118/118 121/121/121 122/122/122
f 123/123/123 121/121/121 119/119/119
f 124/124/124 123/123/123 119/119/119
f 121/121/121 123/123/123 125/125/125
f 121/121/121 126/126/126 122/122/122
f 126/126/126 121/121/121 125/125/125
f 122/122/122 126/126/126 127/127/127
f 126/126/126 125/125/125 128/128/128
f 126/126/126 129/129/129 127/127/127
f 129/129/129 126/126/126 128/128/128
f 127/127/127 129/129/129 130/130/130
f 129/129/129 128/128/128 131/131/131
f 129/129/129 132/132/132 130/130/130
f 132/132/132 129/129/129 131/131/131
f 130/130/130 132/132/132 133/133/133
f 132/132/132 131/131/131 134/134/134
f 132/132/132 135/135/135 133/133/133
f 135/135/135 132/132/132 134/134/134
f 133/133/133 135/135/135 136/136/136
f 135/135/135 134/134/134 137/137/137
f 135/135/135 138/138/138 136/136/136
f 138/138/138 135/135/135 137/137/137
f 136/136/136 138/138/138 139/139/139
f 138/138/138 137/137/137 140/140/140
f 138/138/138 141/141/141 139/139/139
f 141/141/141 138/138/138 140/140/140
f 139/139/139 141/141/141 142/142/142
f 141/141/141 140/140/140 143/143/143
f 141/141/141 144/144/144 142/142/142
f 144/144/144 141/141/141 143/143/143
f 142/142/142 144/144/144 145/145/145
f 144/144/144 143/143/143 146/146/146
f 144/144/144 147/147/147 145/145/145
f 147/147/147 144/144/144 146/146/146
f 145/145/145 147/147/147 148/148/148
f 147/147/147 146/146/146 149/149/149
f 147/147/147 150/150/150 148/148/148
f 150/150/150 147/147/147 149/149/149
f 148/148/148 150/150/150 151/151/151
f 150/150/150 149/149/149 152/152/152
f 150/150/150 153/153/153 151/151/151
f 153/153/153 150/150/150 152/152/152
f 151/151/151 153/153/153 154/154/154
f 153/153/153 152/152/152 155/155/155
f 153/153/153 156/156/156 154/154/154
f 156/156/156 153/153/153 155/155/155
f 154/154/154 156/156/156 157/157/157
f 156/156/156 155/155/155 158/158/158
f 156/156/156 159/159/159 157/157/157
f 159/159/159 156/156/156 158/158/158
f 157/157/157 159/159/159 160/160/160
f 159/159/159 158/158/158 161/161/161
f 159/159/159 162/162/162 160/160/160
f 162/162/162 159/159/159 161/161/161
f 160/160/160 162/162/162 163/163/163
f 162/162/162 161/161/161 164/164/164
f 162/162/162 165/165/165 163/163/163
f 165/165/165 162/162/162 164/164/164
f 163/163/163 165/165/165 166/166/166
f 165/165/165 164/164/164 167/167/167
f 165/165/165 168/168/168 166/166/166
f 168/168/168 165/165/165 167/167/167
f 166/166/166 168/168/168 169/169/169
f 168/168/168 167/167/167 170/170/170
f 168/168/168 171/171/171 169/169/169
f 171/171/171 168/168/168 170/170/170
f 169/169/169 171/171/171 172/172/172
f 171/171/171 170/170/170 173/173/173
f 171/171/171 174/174/174 172/172/172
f 174/174/174 171/171/171 173/173/173
f 172/172/172 174/174/174 175/175/175
f 174/174/174 173/173/173 176/176/176
f 174/174/174 177/177/177 175/175/175
f 177/177/177 174/174/174 176/176/176
f 175/175/175 177/177/177 178/178/178
f 177/177/177 176/176/176 179/179/179
f 177/177/177 180/180/180 178/178/178
f 180/180/180 177/177/177 179/179/179
f 178/178/178 180/180/180 181/181/181
f 180/180/180 179/179/179 182/182/182
f 180/180/180 183/183/183 181/181/181
f 183/183/183 180/180/180 182/182/182
f 181/181/181 183/183/183 184/184/184
f 183/183/183 182/182/182 185/185/185
f 183/183/183 186/186/186 184/184/184
f 186/186/186 183/183/183 185/185/185
f 184/184/184 186/186/186 187/187/187
f 186/186/186 185/185/185 188/188/188
f 186/186/186 189/189/189 187/187/187
f 189/189/189 186/186/186 188/188/188
f 187/187/187 189/189/189 190/190/190
f 189/189/189 188/188/188 191/191/191
f 189/189/189 192/192/192 190/190/190
f 192/192/192 189/189/189 191/191/191
f 195/195/195 194/194/194 193/193/193
f 195/195/195 196/196/196 194/194/194
f 197/197/197 196/196/196 195/195/195
f 200/200/200 199/199/199 198/198/198
f 199/199/199 200/200/200 201/201/201
f 199/199/199 201/201/201 202/202/202
f 201/201/201 203/203/203 202/202/202
f 203/203/203 201/201/201 204/204/204
f 205/205/205 203/203/203 204/204/204
f 208/208/208 207/207/207 206/206/206
f 207/207/207 208/208/208 209/209/209
f 210/210/210 207/207/207 209/209/209
f 211/211/211 207/207/207 210/210/210
f 212/212/212 210/210/210 209/209/209
f 210/210/210 213/213/213 211/211/211
f 210/210/210 212/212/212 213/213/213
f 213/213/213 212/212/212 214/214/214
f 217/217/217 216/216/216 215/215/215
f 215/215/215 218/218/218 217/217/217
f 219/219/219 217/217/217 218/218/218
f 218/218/218 215/215/215 220/220/220
f 223/223/223 222/222/222 221/221/221
f 223/223/223 221/221/221 224/224/224
f 225/225/225 223/223/223 224/224/224
f 228/228/228 227/227/227 226/226/226
f 227/227/227 229/229/229 226/226/226
f 226/226/226 229/229/229 230/230/230
f 230/230/230 229/229/229 231/231/231
f 234/234/234 233/233/233 232/232/232
f 234/234/234 235/235/235 233/233/233
f 236/236/236 235/235/235 234/234/234
f 236/236/236 237/237/237 235/235/235
f 237/237/237 238/238/238 235/235/235
f 238/238/238 239/239/239 235/235/235
f 240/240/240 238/238/238 237/237/237
f 238/238/238 241/241/241 239/239/239
f 240/240/240 242/242/242 238/238/238
f 242/242/242 241/241/241 238/238/238
f 245/245/245 244/244/244 243/243/243
f 245/245/245 246/246/246 244/244/244
f 245/245/245 247/247/247 246/246/246
f 246/246/246 247/247/247 248/248/248
f 246/246/246 248/248/248 249/249/249
f 250/250/250 246/246/246 249/249/249
f 251/251/251 249/249/249 248/248/248
f 249/249/249 252/252/252 250/250/250
f 253/253/253 251/251/251 248/248/248
f 248/248/248 254/254/254 253/253/253
f 255/255/255 251/251/251 253/253/253
f 256/256/256 255/255/255 253/253/253
f 256/256/256 257/257/257 255/255/255
f 252/252/252 258/258/258 250/250/250
f 252/252/252 259/259/259 258/258/258
f 258/258/258 259/259/259 260/260/260
f 261/261/261 258/258/258 260/260/260
f 262/262/262 258/258/258 261/261/261
f 263/263/263 258/258/258 262/262/262
f 250/250/250 258/258/258 263/263/263
f 250/250/250 263/263/263 264/264/264
f 267/267/267 266/266/266 265/265/265
f 266/266/266 267/267/267 268/268/268
f 269/269/269 268/268/268 267/267/267
f 269/269/269 267/267/267 270/270/270
f 269/269/269 270/270/270 271/271/271
f 272/272/272 269/269/269 271/271/271
f 275/275/275 274/274/274 273/273/273
f 275/275/275 273/273/273 276/276/276
f 275/275/275 276/276/276 277/277/277
f 278/278/278 277/277/277 276/276/276
f 281/281/281 280/280/280 279/279/279
f 281/281/281 282/282/282 280/280/280
f 280/280/280 282/282/282 283/283/283
f 283/283/283 284/284/284 280/280/280
f 280/280/280 284/284/284 285/285/285
f 285/285/285 284/284/284 286/286/286
f 287/287/287 284/284/284 283/283/283
f 284/284/284 287/287/287 288/288/288
f 288/288/288 287/287/287 289/289/289
f 290/290/290 289/289/289 287/287/287
f 287/287/287 283/283/283 290/290/290
f 283/283/283 291/291/291 290/290/290
f 282/282/282 291/291/291 283/283/283
f 292/292/292 291/291/291 282/282/282
f 292/292/292 282/282/282 293/293/293
f 293/293/293 294/294/294 292/292/292
f 292/292/292 294/294/294 295/295/295
f 294/294/294 296/296/296 295/295/295
f 297/297/297 296/296/296 294/294/294
f 297/297/297 294/294/294 298/298/298
f 299/299/299 296/296/296 297/297/297
f 298/298/298 300/300/300 297/297/297
f 297/297/297 300/300/300 299/299/299
f 300/300/300 298/298/298 301/301/301
f 302/302/302 299/299/299 300/300/300
f 301/301/301 302/302/302 300/300/300
f 305/305/305 304/304/304 303/303/303
f 304/304/304 306/306/306 303/303/303
f 307/307/307 303/303/303 306/306/306
f 304/304/304 308/308/308 306/306/306
f 309/309/309 307/307/307 306/306/306
f 308/308/308 309/309/309 306/306/306
f 309/309/309 310/310/310 307/307/307
f 311/311/311 309/309/309 308/308/308
f 308/308/308 312/312/312 311/311/311
f 312/312/312 313/313/313 311/311/311
f 314/314/314 311/311/311 313/313/313
f 313/313/313 315/315/315 314/314/314
f 309/309/309 311/311/311 316/316/316
f 316/316/316 311/311/311 314/314/314
f 310/310/310 309/309/309 317/317/317
f 317/317/317 309/309/309 316/316/316
f 314/314/314 315/315/315 318/318/318
f 318/318/318 315/315/315 319/319/319
f 320/320/320 318/318/318 319/319/319
f 321/321/321 318/318/318 320/320/320
f 314/314/314 318/318/318 321/321/321
f 322/322/322 321/321/321 320/320/320
f 316/316/316 314/314/314 323/323/323
f 321/321/321 323/323/323 314/314/314
f 324/324/324 316/316/316 323/323/323
f 317/317/317 316/316/316 324/324/324
f 321/321/321 325/325/325 323/323/323
f 324/324/324 323/323/323 325/325/325
f 322/322/322 326/326/326 321/321/321
f 326/326/326 325/325/325 321/321/321
f 317/317/317 324/324/324 327/327/327
f 324/324/324 325/325/325 327/327/327
f 328/328/328 326/326/326 322/322/322
f 329/329/329 328/328/328 322/322/322
f 330/330/330 325/325/325 326/326/326
f 330/330/330 326/326/326 328/328/328
f 327/327/327 325/325/325 330/330/330
f 329/329/329 331/331/331 328/328/328
f 330/330/330 328/328/328 331/331/331
f 329/329/329 332/332/332 331/331/331
f 333/333/333 330/330/330 331/331/331
f 327/327/327 330/330/330 333/333/333
f 334/334/334 331/331/331 332/332/332
f 334/334/334 333/333/333 331/331/331
f 335/335/335 334/334/334 332/332/332
f 336/336/336 317/317/317 327/327/327
f 310/310/310 317/317/317 336/336/336
f 337/337/337 327/327/327 333/333/333
f 327/327/327 337/337/337 336/336/336
f 334/334/334 338/338/338 333/333/333
f 333/333/333 338/338/338 337/337/337
f 339/339/339 334/334/334 335/335/335
f 339/339/339 338/338/338 334/334/334
f 340/340/340 337/337/337 338/338/338
f 339/339/339 341/341/341 338/338/338
f 340/340/340 338/338/338 341/341/341
f 339/339/339 335/335/335 342/342/342
f 341/341/341 339/339/339 342/342/342
f 343/343/343 336/336/336 337/337/337
f 343/343/343 337/337/337 340/340/340
f 342/342/342 335/335/335 344/344/344
f 344/344/344 335/335/335 345/345/345
f 344/344/344 345/345/345 346/346/346
f 344/344/344 346/346/346 347/347/347
f 346/346/346 348/348/348 347/347/347
f 346/346/346 349/349/349 348/348/348
f 348/348/348 349/349/349 350/350/350
f 349/349/349 351/351/351 350/350/350
f 347/347/347 352/352/352 344/344/344
f 350/350/350 351/351/351 353/353/353
f 344/344/344 352/352/352 354/354/354
f 342/342/342 344/344/344 354/354/354
f 355/355/355 354/354/354 352/352/352
f 353/353/353 351/351/351 356/356/356
f 353/353/353 356/356/356 357/357/357
f 351/351/351 358/358/358 356/356/356
f 351/351/351 359/359/359 358/358/358
f 342/342/342 354/354/354 360/360/360
f 361/361/361 360/360/360 354/354/354
f 361/361/361 354/354/354 362/362/362
f 363/363/363 342/342/342 360/360/360
f 363/363/363 341/341/341 342/342/342
f 361/361/361 362/362/362 364/364/364
f 364/364/364 362/362/362 365/365/365
f 365/365/365 366/366/366 364/364/364
f 366/366/366 365/365/365 367/367/367
f 366/366/366 367/367/367 368/368/368
f 360/360/360 369/369/369 363/363/363
f 369/369/369 360/360/360 361/361/361
f 341/341/341 363/363/363 370/370/370
f 341/341/341 370/370/370 340/340/340
f 371/371/371 366/366/366 368/368/368
f 372/372/372 371/371/371 368/368/368
f 373/373/373 363/363/363 369/369/369
f 373/373/373 370/370/370 363/363/363
f 374/374/374 373/373/373 369/369/369
f 374/374/374 375/375/375 373/373/373
f 373/373/373 375/375/375 370/370/370
f 369/369/369 361/361/361 376/376/376
f 376/376/376 377/377/377 369/369/369
f 377/377/377 374/374/374 369/369/369
f 376/376/376 361/361/361 378/378/378
f 376/376/376 378/378/378 377/377/377
f 361/361/361 364/364/364 378/378/378
f 379/379/379 377/377/377 378/378/378
f 377/377/377 379/379/379 374/374/374
f 378/378/378 364/364/364 380/380/380
f 380/380/380 379/379/379 378/378/378
f 366/366/366 380/380/380 364/364/364
f 381/381/381 371/371/371 372/372/372
f 382/382/382 381/381/381 372/372/372
f 383/383/383 382/382/382 372/372/372
f 381/381/381 384/384/384 371/371/371
f 385/385/385 366/366/366 371/371/371
f 384/384/384 385/385/385 371/371/371
f 384/384/384 386/386/386 385/385/385
f 387/387/387 386/386/386 384/384/384
f 387/387/387 388/388/388 386/386/386
f 389/389/389 386/386/386 388/388/388
f 386/386/386 389/389/389 390/390/390
f 386/386/386 390/390/390 391/391/391
f 390/390/390 392/392/392 391/391/391
f 393/393/393 392/392/392 390/390/390
f 391/391/391 392/392/392 394/394/394
f 395/395/395 391/391/391 394/394/394
f 385/385/385 396/396/396 366/366/366
f 396/396/396 380/380/380 366/366/366
f 397/397/397 396/396/396 385/385/385
f 396/396/396 397/397/397 380/380/380
f 397/397/397 385/385/385 386/386/386
f 379/379/379 380/380/380 397/397/397
f 398/398/398 397/397/397 386/386/386
f 398/398/398 379/379/379 397/397/397
f 391/391/391 398/398/398 386/386/386
f 379/379/379 398/398/398 374/374/374
f 391/391/391 395/395/395 399/399/399
f 400/400/400 391/391/391 399/399/399
f 401/401/401 400/400/400 399/399/399
f 399/399/399 395/395/395 401/401/401
f 391/391/391 402/402/402 398/398/398
f 398/398/398 402/402/402 374/374/374
f 400/400/400 402/402/402 391/391/391
f 400/400/400 374/374/374 402/402/402
f 403/403/403 400/400/400 401/401/401
f 401/401/401 404/404/404 403/403/403
f 405/405/405 403/403/403 404/404/404
f 406/406/406 374/374/374 400/400/400
f 406/406/406 375/375/375 374/374/374
f 407/407/407 400/400/400 403/403/403
f 408/408/408 403/403/403 405/405/405
f 407/407/407 403/403/403 408/408/408
f 409/409/409 406/406/406 400/400/400
f 407/407/407 409/409/409 400/400/400
f 375/375/375 406/406/406 410/410/410
f 406/406/406 409/409/409 410/410/410
f 408/408/408 405/405/405 411/411/411
f 405/405/405 412/412/412 411/411/411
f 407/407/407 408/408/408 413/413/413
f 409/409/409 407/407/407 413/413/413
f 414/414/414 375/375/375 410/410/410
f 375/375/375 414/414/414 370/370/370
f 412/412/412 415/415/415 411/411/411
f 412/412/412 416/416/416 415/415/415
f 408/408/408 411/411/411 417/417/417
f 408/408/408 417/417/417 413/413/413
f 370/370/370 414/414/414 418/418/418
f 370/370/370 418/418/418 340/340/340
f 340/340/340 418/418/418 419/419/419
f 419/419/419 343/343/343 340/340/340
f 420/420/420 419/419/419 418/418/418
f 420/420/420 418/418/418 414/414/414
f 420/420/420 343/343/343 419/419/419
f 421/421/421 414/414/414 410/410/410
f 420/420/420 414/414/414 421/421/421
f 415/415/415 422/422/422 411/411/411
f 422/422/422 423/423/423 411/411/411
f 417/417/417 411/411/411 423/423/423
f 424/424/424 417/417/417 423/423/423
f 415/415/415 425/425/425 422/422/422
f 417/417/417 424/424/424 426/426/426
f 413/413/413 417/417/417 426/426/426
f 424/424/424 427/427/427 426/426/426
f 426/426/426 427/427/427 413/413/413
f 424/424/424 428/428/428 427/427/427
f 427/427/427 409/409/409 413/413/413
f 410/410/410 409/409/409 429/429/429
f 427/427/427 429/429/429 409/409/409
f 427/427/427 428/428/428 430/430/430
f 430/430/430 429/429/429 427/427/427
f 428/428/428 431/431/431 430/430/430
f 432/432/432 410/410/410 429/429/429
f 430/430/430 432/432/432 429/429/429
f 421/421/421 410/410/410 432/432/432
f 432/432/432 430/430/430 433/433/433
f 433/433/433 421/421/421 432/432/432
f 433/433/433 420/420/420 421/421/421
f 433/433/433 430/430/430 434/434/434
f 435/435/435 420/420/420 433/433/433
f 435/435/435 343/343/343 420/420/420
f 436/436/436 433/433/433 434/434/434
f 436/436/436 435/435/435 433/433/433
f 435/435/435 437/437/437 343/343/343
f 336/336/336 343/343/343 437/437/437
f 437/437/437 435/435/435 438/438/438
f 438/438/438 336/336/336 437/437/437
f 436/436/436 438/438/438 435/435/435
f 438/438/438 310/310/310 336/336/336
f 439/439/439 436/436/436 434/434/434
f 440/440/440 439/439/439 434/434/434
f 441/441/441 438/438/438 436/436/436
f 438/438/438 441/441/441 310/310/310
f 441/441/441 436/436/436 439/439/439
f 442/442/442 439/439/439 440/440/440
f 443/443/443 442/442/442 440/440/440
f 442/442/442 443/443/443 444/444/444
f 445/445/445 441/441/441 439/439/439
f 442/442/442 445/445/445 439/439/439
f 441/441/441 445/445/445 310/310/310
f 446/446/446 445/445/445 442/442/442
f 445/445/445 447/447/447 310/310/310
f 448/448/448 310/310/310 447/447/447
f 447/447/447 449/449/449 448/448/448
f 450/450/450 448/448/448 449/449/449
f 450/450/450 451/451/451 448/448/448
f 452/452/452 451/451/451 450/450/450
f 455/455/455 454/454/454 453/453/453
f 453/453/453 456/456/456 455/455/455
f 456/456/456 457/457/457 455/455/455
f 460/460/460 459/459/459 458/458/458
f 461/461/461 458/458/458 459/459/459
f 461/461/461 459/459/459 462/462/462
f 463/463/463 462/462/462 459/459/459
f 466/466/466 465/465/465 464/464/464
f 465/465/465 466/466/466 467/467/467
f 467/467/467 466/466/466 468/468/468
f 466/466/466 469/469/469 468/468/468
f 472/472/472 471/471/471 470/470/470
f 473/473/473 472/472/472 470/470/470
f 474/474/474 472/472/472 473/473/473
f 473/473/473 475/475/475 474/474/474
f 474/474/474 475/475/475 476/476/476
f 479/479/479 478/478/478 477/477/477
f 480/480/480 478/478/478 479/479/479
f 481/481/481 480/480/480 479/479/479
f 484/484/484 483/483/483 482/482/482
f 484/484/484 485/485/485 483/483/483
f 485/485/485 486/486/486 483/483/483
f 489/489/489 488/488/488 487/487/487
f 487/487/487 488/488/488 490/490/490
f 488/488/488 491/491/491 490/490/490
f 490/490/490 491/491/491 492/492/492
f 493/493/493 491/491/491 488/488/488
f 493/493/493 488/488/488 494/494/494
f 494/494/494 488/488/488 495/495/495
f 496/496/496 493/493/493 494/494/494
f 497/497/497 491/491/491 493/493/493
f 497/497/497 493/493/493 496/496/496
f 496/496/496 498/498/498 497/497/497
f 499/499/499 498/498/498 496/496/496
f 497/497/497 500/500/500 491/491/491
f 501/501/501 496/496/496 494/494/494
f 499/499/499 496/496/496 501/501/501
f 501/501/501 494/494/494 502/502/502
f 503/503/503 499/499/499 501/501/501
f 501/501/501 502/502/502 504/504/504
f 503/503/503 501/501/501 504/504/504
f 504/504/504 502/502/502 505/505/505
f 506/506/506 504/504/504 505/505/505
f 507/507/507 504/504/504 506/506/506
f 503/503/503 504/504/504 508/508/508
f 508/508/508 504/504/504 507/507/507
f 509/509/509 503/503/503 508/508/508
f 510/510/510 503/503/503 509/509/509
f 509/509/509 508/508/508 511/511/511
f 508/508/508 507/507/507 512/512/512
f 512/512/512 507/507/507 513/513/513
f 511/511/511 508/508/508 514/514/514
f 514/514/514 508/508/508 512/512/512
f 514/514/514 515/515/515 511/511/511
f 515/515/515 514/514/514 512/512/512
f 512/512/512 513/513/513 516/516/516
f 517/517/517 516/516/516 513/513/513
f 517/517/517 513/513/513 518/518/518
f 518/518/518 519/519/519 517/517/517
f 522/522/522 521/521/521 520/520/520
f 521/521/521 522/522/522 523/523/523
f 524/524/524 521/521/521 523/523/523
f 524/524/524 523/523/523 525/525/525
f 525/525/525 523/523/523 526/526/526
f 527/527/527 525/525/525 526/526/526
f 527/527/527 528/528/528 525/525/525
f 528/528/528 527/527/527 529/529/529
f 527/527/527 530/530/530 529/529/529
f 529/529/529 530/530/530 531/531/531
f 530/530/530 532/532/532 531/531/531
f 532/532/532 533/533/533 531/531/531
f 533/533/533 532/532/532 534/534/534
f 533/533/533 534/534/534 535/535/535
f 535/535/535 534/534/534 536/536/536
f 536/536/536 537/537/537 535/535/535
f 540/540/540 539/539/539 538/538/538
f 538/538/538 541/541/541 540/540/540
f 542/542/542 541/541/541 538/538/538
f 542/542/542 538/538/538 543/543/543
f 544/544/544 543/543/543 538/538/538
f 538/538/538 545/545/545 544/544/544
f 545/545/545 546/546/546 544/544/544
f 547/547/547 546/546/546 545/545/545
f 550/550/550 549/549/549 548/548/548
f 551/551/551 549/549/549 550/550/550
f 552/552/552 549/549/549 551/551/551
f 549/549/549 552/552/552 553/553/553
f 553/553/553 554/554/554 549/549/549
f 553/553/553 555/555/555 554/554/554
f 555/555/555 553/553/553 556/556/556
f 553/553/553 552/552/552 557/557/557
f 553/553/553 557/557/557 556/556/556
f 552/552/552 558/558/558 557/557/557
f 556/556/556 557/557/557 559/559/559
f 560/560/560 557/557/557 558/558/558
f 557/557/557 561/561/561 559/559/559
f 561/561/561 557/557/557 560/560/560
f 561/561/561 562/562/562 559/559/559
f 559/559/559 562/562/562 563/563/563
f 562/562/562 564/564/564 563/563/563
f 565/565/565 563/563/563 564/564/564
f 566/566/566 561/561/561 560/560/560
f 566/566/566 562/562/562 561/561/561
f 566/566/566 560/560/560 567/567/567
f 568/568/568 566/566/566 567/567/567
f 567/567/567 569/569/569 568/568/568
f 569/569/569 570/570/570 568/568/568
f 571/571/571 566/566/566 568/568/568
f 571/571/571 562/562/562 566/566/566
f 568/568/568 570/570/570 571/571/571
f 571/571/571 572/572/572 562/562/562
f 571/571/571 570/570/570 572/572/572
f 572/572/572 564/564/564 562/562/562
f 573/573/573 572/572/572 570/570/570
f 573/573/573 574/574/574 572/572/572
f 574/574/574 564/564/564 572/572/572
f 573/573/573 575/575/575 574/574/574
f 576/576/576 575/575/575 573/573/573
f 576/576/576 577/577/577 575/575/575
f 574/574/574 575/575/575 578/578/578
f 564/564/564 574/574/574 578/578/578
f 564/564/564 578/578/578 579/579/579
f 578/578/578 575/575/575 580/580/580
f 575/575/575 577/577/577 580/580/580
f 580/580/580 579/579/579 578/578/578
f 579/579/579 581/581/581 564/564/564
f 581/581/581 565/565/565 564/564/564
f 565/565/565 581/581/581 582/582/582
f 579/579/579 582/582/582 581/581/581
f 583/583/583 565/565/565 582/582/582
f 584/584/584 583/583/583 582/582/582
f 584/584/584 585/585/585 583/583/583
f 585/585/585 584/584/584 586/586/586
f 582/582/582 586/586/586 584/584/584
f 582/582/582 587/587/587 586/586/586
f 586/586/586 588/588/588 585/585/585
f 586/586/586 587/587/587 588/588/588
f 589/589/589 585/585/585 588/588/588
f 588/588/588 590/590/590 589/589/589
f 587/587/587 590/590/590 588/588/588
f 591/591/591 589/589/589 590/590/590
f 591/591/591 590/590/590 592/592/592
f 579/579/579 580/580/580 593/593/593
f 580/580/580 594/594/594 593/593/593
f 580/580/580 577/577/577 594/594/594
f 577/577/577 595/595/595 594/594/594
f 596/596/596 595/595/595 577/577/577
f 596/596/596 597/597/597 595/595/595
f 595/595/595 597/597/597 598/598/598
f 595/595/595 598/598/598 594/594/594
f 598/598/598 597/597/597 599/599/599
f 599/599/599 600/600/600 598/598/598
f 594/594/594 598/598/598 601/601/601
f 593/593/593 594/594/594 601/601/601
f 600/600/600 602/602/602 598/598/598
f 598/598/598 602/602/602 601/601/601
f 602/602/602 600/600/600 603/603/603
f 602/602/602 603/603/603 604/604/604
f 593/593/593 605/605/605 579/579/579
f 593/593/593 601/601/601 606/606/606
f 605/605/605 593/593/593 606/606/606
f 605/605/605 606/606/606 607/607/607
f 579/579/579 605/605/605 608/608/608
f 605/605/605 607/607/607 608/608/608
f 579/579/579 608/608/608 582/582/582
f 609/609/609 601/601/601 602/602/602
f 606/606/606 601/601/601 609/609/609
f 610/610/610 602/602/602 604/604/604
f 609/609/609 602/602/602 610/610/610
f 611/611/611 582/582/582 608/608/608
f 587/587/587 582/582/582 611/611/611
f 611/611/611 608/608/608 612/612/612
f 612/612/612 587/587/587 611/611/611
f 608/608/608 607/607/607 613/613/613
f 613/613/613 612/612/612 608/608/608
f 604/604/604 614/614/614 610/610/610
f 614/614/614 604/604/604 615/615/615
f 615/615/615 616/616/616 614/614/614
f 607/607/607 617/617/617 613/613/613
f 613/613/613 617/617/617 612/612/612
f 617/617/617 618/618/618 612/612/612
f 607/607/607 618/618/618 617/617/617
f 619/619/619 587/587/587 612/612/612
f 619/619/619 612/612/612 618/618/618
f 614/614/614 616/616/616 620/620/620
f 620/620/620 616/616/616 621/621/621
f 622/622/622 587/587/587 619/619/619
f 623/623/623 622/622/622 619/619/619
f 587/587/587 622/622/622 590/590/590
f 624/624/624 619/619/619 618/618/618
f 623/623/623 619/619/619 624/624/624
f 590/590/590 622/622/622 625/625/625
f 625/625/625 622/622/622 623/623/623
f 590/590/590 625/625/625 626/626/626
f 625/625/625 623/623/623 626/626/626
f 590/590/590 626/626/626 627/627/627
f 592/592/592 590/590/590 627/627/627
f 592/592/592 627/627/627 628/628/628
f 628/628/628 629/629/629 592/592/592
f 630/630/630 627/627/627 626/626/626
f 627/627/627 630/630/630 628/628/628
f 631/631/631 630/630/630 626/626/626
f 630/630/630 631/631/631 628/628/628
f 623/623/623 632/632/632 626/626/626
f 626/626/626 632/632/632 631/631/631
f 628/628/628 631/631/631 633/633/633
f 634/634/634 628/628/628 633/633/633
f 634/634/634 633/633/633 635/635/635
f 631/631/631 636/636/636 633/633/633
f 631/631/631 632/632/632 636/636/636
f 633/633/633 636/636/636 637/637/637
f 635/635/635 633/633/633 637/637/637
f 632/632/632 638/638/638 636/636/636
f 637/637/637 636/636/636 638/638/638
f 638/638/638 632/632/632 639/639/639
f 637/637/637 638/638/638 640/640/640
f 641/641/641 639/639/639 632/632/632
f 632/632/632 623/623/623 641/641/641
f 642/642/642 639/639/639 641/641/641
f 641/641/641 623/623/623 642/642/642
f 624/624/624 642/642/642 623/623/623
f 643/643/643 637/637/637 640/640/640
f 635/635/635 637/637/637 643/643/643
f 644/644/644 643/643/643 640/640/640
f 624/624/624 645/645/645 642/642/642
f 645/645/645 646/646/646 642/642/642
f 645/645/645 624/624/624 647/647/647
f 618/618/618 647/647/647 624/624/624
f 618/618/618 648/648/648 647/647/647
f 649/649/649 648/648/648 618/618/618
f 649/649/649 618/618/618 607/607/607
f 650/650/650 648/648/648 649/649/649
f 635/635/635 643/643/643 651/651/651
f 635/635/635 651/651/651 652/652/652
f 643/643/643 653/653/653 651/651/651
f 644/644/644 653/653/653 643/643/643
f 644/644/644 654/654/654 653/653/653
f 655/655/655 649/649/649 607/607/607
f 607/607/607 606/606/606 655/655/655
f 656/656/656 650/650/650 649/649/649
f 655/655/655 656/656/656 649/649/649
f 606/606/606 657/657/657 655/655/655
f 606/606/606 609/609/609 657/657/657
f 655/655/655 657/657/657 658/658/658
f 658/658/658 656/656/656 655/655/655
f 657/657/657 609/609/609 659/659/659
f 659/659/659 658/658/658 657/657/657
f 659/659/659 609/609/609 610/610/610
f 660/660/660 659/659/659 610/610/610
f 610/610/610 614/614/614 660/660/660
f 658/658/658 659/659/659 661/661/661
f 659/659/659 660/660/660 661/661/661
f 662/662/662 658/658/658 661/661/661
f 661/661/661 660/660/660 662/662/662
f 663/663/663 660/660/660 614/614/614
f 663/663/663 662/662/662 660/660/660
f 663/663/663 614/614/614 620/620/620
f 658/658/658 664/664/664 656/656/656
f 662/662/662 664/664/664 658/658/658
f 665/665/665 656/656/656 664/664/664
f 656/656/656 665/665/665 650/650/650
f 664/664/664 662/662/662 666/666/666
f 664/664/664 666/666/666 665/665/665
f 665/665/665 667/667/667 650/650/650
f 650/650/650 667/667/667 668/668/668
f 667/667/667 669/669/669 668/668/668
f 665/665/665 670/670/670 667/667/667
f 666/666/666 670/670/670 665/665/665
f 669/669/669 667/667/667 670/670/670
f 666/666/666 671/671/671 670/670/670
f 666/666/666 662/662/662 671/671/671
f 669/669/669 670/670/670 672/672/672
f 671/671/671 672/672/672 670/670/670
f 669/669/669 672/672/672 673/673/673
f 674/674/674 669/669/669 673/673/673
f 662/662/662 675/675/675 671/671/671
f 672/672/672 671/671/671 676/676/676
f 675/675/675 676/676/676 671/671/671
f 676/676/676 677/677/677 672/672/672
f 675/675/675 677/677/677 676/676/676
f 672/672/672 678/678/678 673/673/673
f 672/672/672 677/677/677 678/678/678
f 674/674/674 673/673/673 679/679/679
f 673/673/673 678/678/678 679/679/679
f 680/680/680 675/675/675 662/662/662
f 680/680/680 662/662/662 663/663/663
f 681/681/681 674/674/674 679/679/679
f 682/682/682 674/674/674 681/681/681
f 681/681/681 683/683/683 682/682/682
f 684/684/684 681/681/681 679/679/679
f 683/683/683 681/681/681 684/684/684
f 683/683/683 684/684/684 685/685/685
f 686/686/686 683/683/683 685/685/685
f 685/685/685 684/684/684 687/687/687
f 684/684/684 679/679/679 688/688/688
f 679/679/679 678/678/678 688/688/688
f 687/687/687 684/684/684 689/689/689
f 688/688/688 689/689/689 684/684/684
f 687/687/687 689/689/689 690/690/690
f 689/689/689 691/691/691 690/690/690
f 688/688/688 692/692/692 689/689/689
f 692/692/692 691/691/691 689/689/689
f 688/688/688 678/678/678 693/693/693
f 688/688/688 694/694/694 692/692/692
f 693/693/693 694/694/694 688/688/688
f 695/695/695 694/694/694 693/693/693
f 678/678/678 696/696/696 693/693/693
f 696/696/696 695/695/695 693/693/693
f 696/696/696 678/678/678 677/677/677
f 677/677/677 695/695/695 696/696/696
f 697/697/697 691/691/691 692/692/692
f 697/697/697 692/692/692 694/694/694
f 697/697/697 698/698/698 691/691/691
f 691/691/691 698/698/698 699/699/699
f 699/699/699 698/698/698 700/700/700
f 701/701/701 697/697/697 694/694/694
f 695/695/695 701/701/701 694/694/694
f 697/697/697 701/701/701 698/698/698
f 677/677/677 702/702/702 695/695/695
f 702/702/702 677/677/677 675/675/675
f 702/702/702 675/675/675 703/703/703
f 703/703/703 675/675/675 680/680/680
f 703/703/703 680/680/680 704/704/704
f 704/704/704 680/680/680 663/663/663
f 704/704/704 663/663/663 705/705/705
f 663/663/663 620/620/620 705/705/705
f 705/705/705 620/620/620 706/706/706
f 704/704/704 705/705/705 706/706/706
f 706/706/706 620/620/620 621/621/621
f 706/706/706 621/621/621 707/707/707
f 621/621/621 708/708/708 707/707/707
f 704/704/704 706/706/706 709/709/709
f 704/704/704 709/709/709 703/703/703
f 709/709/709 706/706/706 710/710/710
f 707/707/707 710/710/710 706/706/706
f 703/703/703 709/709/709 711/711/711
f 710/710/710 711/711/711 709/709/709
f 703/703/703 712/712/712 702/702/702
f 711/711/711 712/712/712 703/703/703
f 707/707/707 708/708/708 713/713/713
f 707/707/707 713/713/713 714/714/714
f 708/708/708 715/715/715 713/713/713
f 715/715/715 716/716/716 713/713/713
f 713/713/713 716/716/716 714/714/714
f 715/715/715 717/717/717 716/716/716
f 716/716/716 717/717/717 718/718/718
f 714/714/714 716/716/716 718/718/718
f 710/710/710 707/707/707 719/719/719
f 719/719/719 711/711/711 710/710/710
f 707/707/707 720/720/720 719/719/719
f 707/707/707 714/714/714 720/720/720
f 711/711/711 719/719/719 721/721/721
f 719/719/719 720/720/720 721/721/721
f 711/711/711 721/721/721 722/722/722
f 712/712/712 711/711/711 722/722/722
f 714/714/714 718/718/718 723/723/723
f 718/718/718 724/724/724 723/723/723
f 721/721/721 720/720/720 725/725/725
f 722/722/722 721/721/721 725/725/725
f 712/712/712 722/722/722 726/726/726
f 725/725/725 727/727/727 722/722/722
f 726/726/726 722/722/722 727/727/727
f 712/712/712 726/726/726 728/728/728
f 712/712/712 728/728/728 702/702/702
f 728/728/728 695/695/695 702/702/702
f 728/728/728 729/729/729 695/695/695
f 729/729/729 701/701/701 695/695/695
f 730/730/730 728/728/728 726/726/726
f 729/729/729 728/728/728 730/730/730
f 701/701/701 729/729/729 731/731/731
f 731/731/731 729/729/729 730/730/730
f 701/701/701 731/731/731 698/698/698
f 732/732/732 698/698/698 731/731/731
f 730/730/730 732/732/732 731/731/731
f 733/733/733 698/698/698 732/732/732
f 730/730/730 726/726/726 734/734/734
f 726/726/726 727/727/727 734/734/734
f 733/733/733 732/732/732 735/735/735
f 735/735/735 736/736/736 733/733/733
f 735/735/735 737/737/737 736/736/736
f 730/730/730 738/738/738 732/732/732
f 732/732/732 738/738/738 735/735/735
f 730/730/730 734/734/734 738/738/738
f 738/738/738 739/739/739 735/735/735
f 735/735/735 739/739/739 737/737/737
f 734/734/734 739/739/739 738/738/738
f 737/737/737 739/739/739 740/740/740
f 740/740/740 741/741/741 737/737/737
f 741/741/741 740/740/740 742/742/742
f 734/734/734 743/743/743 739/739/739
f 727/727/727 743/743/743 734/734/734
f 743/743/743 740/740/740 739/739/739
f 744/744/744 743/743/743 727/727/727
f 725/725/725 744/744/744 727/727/727
f 740/740/740 745/745/745 742/742/742
f 742/742/742 745/745/745 746/746/746
f 743/743/743 747/747/747 740/740/740
f 743/743/743 744/744/744 747/747/747
f 740/740/740 747/747/747 748/748/748
f 740/740/740 748/748/748 745/745/745
f 745/745/745 748/748/748 749/749/749
f 745/745/745 750/750/750 746/746/746
f 746/746/746 750/750/750 751/751/751
f 751/751/751 750/750/750 752/752/752
f 745/745/745 753/753/753 750/750/750
f 753/753/753 752/752/752 750/750/750
f 745/745/745 749/749/749 753/753/753
f 752/752/752 753/753/753 754/754/754
f 749/749/749 754/754/754 753/753/753
f 749/749/749 755/755/755 754/754/754
f 756/756/756 755/755/755 749/749/749
f 757/757/757 756/756/756 749/749/749
f 758/758/758 756/756/756 757/757/757
f 759/759/759 758/758/758 757/757/757
f 760/760/760 759/759/759 757/757/757
f 748/748/748 761/761/761 749/749/749
f 761/761/761 757/757/757 749/749/749
f 762/762/762 760/760/760 757/757/757
f 757/757/757 761/761/761 763/763/763
f 763/763/763 762/762/762 757/757/757
f 761/761/761 748/748/748 764/764/764
f 761/761/761 764/764/764 763/763/763
f 748/748/748 765/765/765 764/764/764
f 765/765/765 748/748/748 747/747/747
f 744/744/744 765/765/765 747/747/747
f 766/766/766 764/764/764 765/765/765
f 766/766/766 765/765/765 744/744/744
f 766/766/766 763/763/763 764/764/764
f 725/725/725 766/766/766 744/744/744
f 767/767/767 766/766/766 725/725/725
f 767/767/767 763/763/763 766/766/766
f 720/720/720 767/767/767 725/725/725
f 763/763/763 767/767/767 768/768/768
f 768/768/768 762/762/762 763/763/763
f 720/720/720 769/769/769 767/767/767
f 769/769/769 768/768/768 767/767/767
f 714/714/714 769/769/769 720/720/720
f 770/770/770 769/769/769 714/714/714
f 769/769/769 770/770/770 768/768/768
f 714/714/714 723/723/723 770/770/770
f 770/770/770 771/771/771 768/768/768
f 771/771/771 762/762/762 768/768/768
f 770/770/770 723/723/723 771/771/771
f 771/771/771 772/772/772 762/762/762
f 760/760/760 762/762/762 772/772/772
f 772/772/772 773/773/773 760/760/760
f 773/773/773 772/772/772 774/774/774
f 774/774/774 772/772/772 771/771/771
f 774/774/774 775/775/775 773/773/773
f 774/774/774 724/724/724 775/775/775
f 723/723/723 776/776/776 771/771/771
f 723/723/723 724/724/724 776/776/776
f 776/776/776 774/774/774 771/771/771
f 774/774/774 776/776/776 724/724/724
f 779/779/779 778/778/778 777/777/777
f 778/778/778 780/780/780 777/777/777
f 780/780/780 781/781/781 777/777/777
f 782/782/782 781/781/781 780/780/780
f 780/780/780 783/783/783 782/782/782
f 783/783/783 784/784/784 782/782/782
f 785/785/785 783/783/783 780/780/780
f 783/783/783 786/786/786 784/784/784
f 785/785/785 786/786/786 783/783/783
f 785/785/785 787/787/787 786/786/786
f 788/788/788 784/784/784 786/786/786
f 786/786/786 789/789/789 788/788/788
f 789/789/789 790/790/790 788/788/788
f 788/788/788 790/790/790 791/791/791
f 791/791/791 790/790/790 792/792/792
f 795/795/795 794/794/794 793/793/793
f 796/796/796 795/795/795 793/793/793
f 797/797/797 795/795/795 796/796/796
f 796/796/796 798/798/798 797/797/797
f 793/793/793 799/799/799 796/796/796
f 800/800/800 799/799/799 793/793/793
f 799/799/799 800/800/800 801/801/801
f 801/801/801 796/796/796 799/799/799
f 801/801/801 798/798/798 796/796/796
f 801/801/801 802/802/802 798/798/798
f 798/798/798 802/802/802 803/803/803
f 804/804/804 798/798/798 803/803/803
f 807/807/807 806/806/806 805/805/805
f 806/806/806 807/807/807 808/808/808
f 806/806/806 808/808/808 809/809/809
f 810/810/810 809/809/809 808/808/808
f 809/809/809 810/810/810 811/811/811
f 811/811/811 810/810/810 812/812/812
f 811/811/811 812/812/812 813/813/813
f 814/814/814 809/809/809 811/811/811
f 815/815/815 809/809/809 814/814/814
f 813/813/813 816/816/816 811/811/811
f 811/811/811 816/816/816 817/817/817
f 816/816/816 813/813/813 818/818/818
f 813/813/813 819/819/819 818/818/818
f 818/818/818 820/820/820 816/816/816
f 816/816/816 820/820/820 821/821/821
f 819/819/819 822/822/822 818/818/818
f 823/823/823 822/822/822 819/819/819
f 821/821/821 820/820/820 824/824/824
f 821/821/821 824/824/824 825/825/825
f 825/825/825 824/824/824 826/826/826
f 826/826/826 824/824/824 827/827/827
f 827/827/827 824/824/824 828/828/828
f 829/829/829 827/827/827 828/828/828
f 829/829/829 830/830/830 827/827/827
f 831/831/831 829/829/829 828/828/828
f 832/832/832 822/822/822 823/823/823
f 823/823/823 833/833/833 832/832/832
f 824/824/824 820/820/820 834/834/834
f 824/824/824 834/834/834 828/828/828
f 828/828/828 835/835/835 831/831/831
f 831/831/831 835/835/835 836/836/836
f 837/837/837 836/836/836 835/835/835
f 838/838/838 836/836/836 837/837/837
f 839/839/839 838/838/838 837/837/837
f 840/840/840 839/839/839 837/837/837
f 841/841/841 837/837/837 835/835/835
f 840/840/840 837/837/837 841/841/841
f 828/828/828 842/842/842 835/835/835
f 835/835/835 842/842/842 841/841/841
f 841/841/841 843/843/843 840/840/840
f 840/840/840 843/843/843 844/844/844
f 845/845/845 843/843/843 841/841/841
f 845/845/845 841/841/841 842/842/842
f 845/845/845 842/842/842 846/846/846
f 842/842/842 828/828/828 847/847/847
f 842/842/842 847/847/847 846/846/846
f 828/828/828 834/834/834 847/847/847
f 847/847/847 848/848/848 846/846/846
f 846/846/846 848/848/848 849/849/849
f 846/846/846 849/849/849 850/850/850
f 834/834/834 851/851/851 847/847/847
f 847/847/847 851/851/851 848/848/848
f 851/851/851 852/852/852 848/848/848
f 848/848/848 852/852/852 849/849/849
f 851/851/851 853/853/853 852/852/852
f 834/834/834 853/853/853 851/851/851
f 834/834/834 820/820/820 853/853/853
f 854/854/854 853/853/853 820/820/820
f 853/853/853 854/854/854 852/852/852
f 818/818/818 854/854/854 820/820/820
f 855/855/855 854/854/854 818/818/818
f 822/822/822 855/855/855 818/818/818
f 856/856/856 852/852/852 854/854/854
f 856/856/856 854/854/854 855/855/855
f 856/856/856 857/857/857 852/852/852
f 857/857/857 858/858/858 852/852/852
f 856/856/856 855/855/855 859/859/859
f 852/852/852 858/858/858 860/860/860
f 861/861/861 855/855/855 822/822/822
f 855/855/855 861/861/861 859/859/859
f 832/832/832 861/861/861 822/822/822
f 861/861/861 862/862/862 859/859/859
f 862/862/862 861/861/861 832/832/832
f 863/863/863 852/852/852 860/860/860
f 860/860/860 864/864/864 863/863/863
f 849/849/849 852/852/852 863/863/863
f 862/862/862 832/832/832 865/865/865
f 866/866/866 865/865/865 832/832/832
f 865/865/865 866/866/866 867/867/867
f 868/868/868 862/862/862 865/865/865
f 869/869/869 865/865/865 867/867/867
f 870/870/870 868/868/868 865/865/865
f 869/869/869 870/870/870 865/865/865
f 871/871/871 868/868/868 870/870/870
f 864/864/864 868/868/868 871/871/871
f 869/869/869 871/871/871 870/870/870
f 871/871/871 869/869/869 872/872/872
f 873/873/873 864/864/864 871/871/871
f 863/863/863 864/864/864 873/873/873
f 871/871/871 872/872/872 873/873/873
f 869/869/869 874/874/874 872/872/872
f 874/874/874 869/869/869 875/875/875
f 874/874/874 875/875/875 876/876/876
f 876/876/876 875/875/875 877/877/877
f 878/878/878 872/872/872 874/874/874
f 872/872/872 878/878/878 879/879/879
f 880/880/880 879/879/879 878/878/878
f 881/881/881 872/872/872 879/879/879
f 882/882/882 881/881/881 879/879/879
f 882/882/882 883/883/883 881/881/881
f 884/884/884 873/873/873 872/872/872
f 881/881/881 884/884/884 872/872/872
f 885/885/885 881/881/881 883/883/883
f 883/883/883 886/886/886 885/885/885
f 886/886/886 887/887/887 885/885/885
f 881/881/881 888/888/888 884/884/884
f 888/888/888 881/881/881 885/885/885
f 888/888/888 873/873/873 884/884/884
f 888/888/888 885/885/885 887/887/887
f 889/889/889 873/873/873 888/888/888
f 889/889/889 888/888/888 887/887/887
f 873/873/873 889/889/889 863/863/863
f 890/890/890 863/863/863 889/889/889
f 890/890/890 849/849/849 863/863/863
f 886/886/886 891/891/891 887/887/887
f 892/892/892 891/891/891 886/886/886
f 889/889/889 893/893/893 890/890/890
f 889/889/889 887/887/887 893/893/893
f 890/890/890 894/894/894 849/849/849
f 895/895/895 890/890/890 893/893/893
f 890/890/890 895/895/895 894/894/894
f 896/896/896 893/893/893 887/887/887
f 893/893/893 896/896/896 895/895/895
f 897/897/897 849/849/849 894/894/894
f 850/850/850 849/849/849 897/897/897
f 896/896/896 887/887/887 898/898/898
f 887/887/887 891/891/891 898/898/898
f 899/899/899 895/895/895 896/896/896
f 896/896/896 898/898/898 899/899/899
f 894/894/894 895/895/895 900/900/900
f 900/900/900 897/897/897 894/894/894
f 900/900/900 895/895/895 899/899/899
f 850/850/850 897/897/897 901/901/901
f 902/902/902 850/850/850 901/901/901
f 901/901/901 897/897/897 903/903/903
f 897/897/897 900/900/900 903/903/903
f 899/899/899 903/903/903 900/900/900
f 899/899/899 904/904/904 903/903/903
f 904/904/904 905/905/905 903/903/903
f 899/899/899 898/898/898 906/906/906
f 907/907/907 898/898/898 891/891/891
f 906/906/906 898/898/898 907/907/907
f 906/906/906 907/907/907 908/908/908
f 909/909/909 906/906/906 908/908/908
f 908/908/908 907/907/907 910/910/910
f 907/907/907 891/891/891 911/911/911
f 907/907/907 911/911/911 910/910/910
f 911/911/911 891/891/891 892/892/892
f 911/911/911 912/912/912 910/910/910
f 911/911/911 892/892/892 912/912/912
f 912/912/912 913/913/913 910/910/910
f 914/914/914 913/913/913 912/912/912
f 915/915/915 912/912/912 892/892/892
f 915/915/915 892/892/892 916/916/916
f 916/916/916 917/917/917 915/915/915
f 916/916/916 892/892/892 918/918/918
f 917/917/917 916/916/916 919/919/919
f 918/918/918 919/919/919 916/916/916
f 919/919/919 918/918/918 920/920/920
f 921/921/921 919/919/919 920/920/920
f 918/918/918 922/922/922 920/920/920
f 920/920/920 923/923/923 921/921/921
f 920/920/920 922/922/922 923/923/923
f 926/926/926 925/925/925 924/924/924
f 927/927/927 924/924/924 925/925/925
f 928/928/928 924/924/924 927/927/927
f 928/928/928 929/929/929 924/924/924
f 929/929/929 930/930/930 924/924/924
f 929/929/929 931/931/931 930/930/930
f 934/934/934 933/933/933 932/932/932
f 935/935/935 932/932/932 933/933/933
f 935/935/935 936/936/936 932/932/932
f 937/937/937 936/936/936 935/935/935
f 938/938/938 937/937/937 935/935/935
f 937/937/937 939/939/939 936/936/936
f 940/940/940 937/937/937 938/938/938
f 939/939/939 937/937/937 941/941/941
f 940/940/940 941/941/941 937/937/937
f 939/939/939 941/941/941 942/942/942
f 943/943/943 941/941/941 940/940/940
f 940/940/940 944/944/944 943/943/943
f 941/941/941 943/943/943 945/945/945
f 943/943/943 946/946/946 945/945/945
f 943/943/943 947/947/947 946/946/946
f 946/946/946 947/947/947 948/948/948
f 947/947/947 949/949/949 948/948/948
f 950/950/950 949/949/949 947/947/947
f 950/950/950 951/951/951 949/949/949
f 952/952/952 950/950/950 947/947/947
f 952/952/952 953/953/953 950/950/950
f 956/956/956 955/955/955 954/954/954
f 957/957/957 956/956/956 954/954/954
f 957/957/957 958/958/958 956/956/956
f 959/959/959 958/958/958 957/957/957
f 960/960/960 958/958/958 959/959/959
f 957/957/957 954/954/954 961/961/961
f 959/959/959 957/957/957 961/961/961
f 962/962/962 961/961/961 954/954/954
f 963/963/963 962/962/962 954/954/954
f 964/964/964 962/962/962 963/963/963
f 964/964/964 963/963/963 965/965/965
f 966/966/966 964/964/964 965/965/965
f 966/966/966 967/967/967 964/964/964
f 967/967/967 966/966/966 968/968/968
f 967/967/967 968/968/968 969/969/969
f 970/970/970 967/967/967 969/969/969
f 971/971/971 970/970/970 969/969/969
f 972/972/972 971/971/971 969/969/969
f 961/961/961 973/973/973 959/959/959
f 974/974/974 973/973/973 961/961/961
f 959/959/959 973/973/973 960/960/960
f 975/975/975 973/973/973 974/974/974
f 975/975/975 960/960/960 973/973/973
f 976/976/976 960/960/960 975/975/975
f 976/976/976 975/975/975 977/977/977
f 977/977/977 978/978/978 976/976/976
f 979/979/979 978/978/978 977/977/977
f 982/982/982 981/981/981 980/980/980
f 980/980/980 983/983/983 982/982/982
f 982/982/982 983/983/983 984/984/984
f 983/983/983 985/985/985 984/984/984
f 986/986/986 984/984/984 985/985/985
f 986/986/986 985/985/985 987/987/987
f 982/982/982 984/984/984 988/988/988
f 982/982/982 988/988/988 989/989/989
f 982/982/982 989/989/989 990/990/990
f 991/991/991 990/990/990 989/989/989
f 992/992/992 990/990/990 991/991/991
f 989/989/989 993/993/993 991/991/991
f 993/993/993 994/994/994 991/991/991
f 994/994/994 995/995/995 991/991/991
f 994/994/994 996/996/996 995/995/995
f 997/997/997 995/995/995 996/996/996
f 997/997/997 996/996/996 998/998/998
f 996/996/996 994/994/994 999/999/999
f 999/999/999 1000/1000/1000 996/996/996
f 988/988/988 1001/1001/1001 989/989/989
f 1002/1002/1002 1001/1001/1001 988/988/988
f 989/989/989 1001/1001/1001 1003/1003/1003
f 1001/1001/1001 1002/1002/1002 1003/1003/1003
f 1002/1002/1002 1004/1004/1004 1003/1003/1003
f 1003/1003/1003 1004/1004/1004 1005/1005/1005
f 1004/1004/1004 1006/1006/1006 1005/1005/1005
f 1007/1007/1007 1002/1002/1002 988/988/988
f 988/988/988 1008/1008/1008 1007/1007/1007
f 988/988/988 984/984/984 1008/1008/1008
f 1009/1009/1009 1007/1007/1007 1008/1008/1008
f 1009/1009/1009 1002/1002/1002 1007/1007/1007
f 1010/1010/1010 1008/1008/1008 984/984/984
f 1009/1009/1009 1008/1008/1008 1010/1010/1010
f 986/986/986 1010/1010/1010 984/984/984
f 1010/1010/1010 986/986/986 1011/1011/1011
f 1011/1011/1011 986/986/986 1012/1012/1012
f 1012/1012/1012 986/986/986 1013/1013/1013
f 1010/1010/1010 1011/1011/1011 1014/1014/1014
f 1009/1009/1009 1010/1010/1010 1014/1014/1014
f 1015/1015/1015 1009/1009/1009 1014/1014/1014
f 1016/1016/1016 1002/1002/1002 1009/1009/1009
f 1009/1009/1009 1015/1015/1015 1016/1016/1016
f 1016/1016/1016 1017/1017/1017 1002/1002/1002
f 1017/1017/1017 1004/1004/1004 1002/1002/1002
f 1015/1015/1015 1018/1018/1018 1016/1016/1016
f 1018/1018/1018 1017/1017/1017 1016/1016/1016
f 1019/1019/1019 1018/1018/1018 1015/1015/1015
f 1020/1020/1020 1018/1018/1018 1019/1019/1019
f 1020/1020/1020 1021/1021/1021 1018/1018/1018
f 1018/1018/1018 1021/1021/1021 1017/1017/1017
f 1021/1021/1021 1020/1020/1020 1022/1022/1022
f 1022/1022/1022 1023/1023/1023 1021/1021/1021
f 1017/1017/1017 1021/1021/1021 1023/1023/1023
f 1023/1023/1023 1022/1022/1022 1024/1024/1024
f 1025/1025/1025 1023/1023/1023 1024/1024/1024
f 1017/1017/1017 1023/1023/1023 1025/1025/1025
f 1017/1017/1017 1025/1025/1025 1004/1004/1004
f 1004/1004/1004 1025/1025/1025 1026/1026/1026
f 1004/1004/1004 1026/1026/1026 1027/1027/1027
f 1004/1004/1004 1027/1027/1027 1006/1006/1006
f 1027/1027/1027 1026/1026/1026 1028/1028/1028
f 1027/1027/1027 1029/1029/1029 1006/1006/1006
f 1027/1027/1027 1028/1028/1028 1029/1029/1029
f 1030/1030/1030 1006/1006/1006 1029/1029/1029
f 1028/1028/1028 1031/1031/1031 1029/1029/1029
f 1034/1034/1034 1033/1033/1033 1032/1032/1032
f 1035/1035/1035 1034/1034/1034 1032/1032/1032
f 1038/1038/1038 1037/1037/1037 1036/1036/1036
f 1039/1039/1039 1037/1037/1037 1038/1038/1038
f 1039/1039/1039 1038/1038/1038 1040/1040/1040
f 1041/1041/1041 1040/1040/1040 1038/1038/1038
f 1040/1040/1040 1042/1042/1042 1039/1039/1039
f 1045/1045/1045 1044/1044/1044 1043/1043/1043
f 1045/1045/1045 1046/1046/1046 1044/1044/1044
f 1047/1047/1047 1046/1046/1046 1045/1045/1045
f 1046/1046/1046 1048/1048/1048 1044/1044/1044
f 1049/1049/1049 1048/1048/1048 1046/1046/1046
f 1044/1044/1044 1048/1048/1048 1050/1050/1050
f 1050/1050/1050 1051/1051/1051 1044/1044/1044
f 1049/1049/1049 1052/1052/1052 1048/1048/1048
f 1052/1052/1052 1050/1050/1050 1048/1048/1048
f 1050/1050/1050 1053/1053/1053 1051/1051/1051
f 1051/1051/1051 1053/1053/1053 1054/1054/1054
f 1054/1054/1054 1053/1053/1053 1055/1055/1055
f 1054/1054/1054 1055/1055/1055 1056/1056/1056
f 1055/1055/1055 1053/1053/1053 1057/1057/1057
f 1056/1056/1056 1055/1055/1055 1058/1058/1058
f 1053/1053/1053 1059/1059/1059 1057/1057/1057
f 1056/1056/1056 1058/1058/1058 1060/1060/1060
f 1053/1053/1053 1061/1061/1061 1059/1059/1059
f 1061/1061/1061 1053/1053/1053 1050/1050/1050
f 1059/1059/1059 1061/1061/1061 1062/1062/1062
f 1061/1061/1061 1063/1063/1063 1062/1062/1062
f 1064/1064/1064 1061/1061/1061 1050/1050/1050
f 1061/1061/1061 1064/1064/1064 1063/1063/1063
f 1064/1064/1064 1050/1050/1050 1052/1052/1052
f 1063/1063/1063 1064/1064/1064 1065/1065/1065
f 1064/1064/1064 1052/1052/1052 1065/1065/1065
f 1065/1065/1065 1052/1052/1052 1066/1066/1066
f 1066/1066/1066 1052/1052/1052 1067/1067/1067
f 1068/1068/1068 1066/1066/1066 1067/1067/1067
f 1052/1052/1052 1049/1049/1049 1067/1067/1067
f 1068/1068/1068 1067/1067/1067 1069/1069/1069
f 1067/1067/1067 1049/1049/1049 1069/1069/1069
f 1069/1069/1069 1070/1070/1070 1068/1068/1068
f 1071/1071/1071 1069/1069/1069 1049/1049/1049
f 1069/1069/1069 1071/1071/1071 1070/1070/1070
f 1071/1071/1071 1072/1072/1072 1070/1070/1070
f 1075/1075/1075 1074/1074/1074 1073/1073/1073
f 1076/1076/1076 1073/1073/1073 1074/1074/1074
f 1077/1077/1077 1076/1076/1076 1074/1074/1074
f 1074/1074/1074 1078/1078/1078 1077/1077/1077
f 1076/1076/1076 1077/1077/1077 1079/1079/1079
f 1079/1079/1079 1077/1077/1077 1080/1080/1080
f 1076/1076/1076 1081/1081/1081 1073/1073/1073
f 1079/1079/1079 1081/1081/1081 1076/1076/1076
f 1079/1079/1079 1080/1080/1080 1082/1082/1082
f 1080/1080/1080 1083/1083/1083 1082/1082/1082
f 1082/1082/1082 1083/1083/1083 1084/1084/1084
f 1085/1085/1085 1082/1082/1082 1084/1084/1084
f 1085/1085/1085 1084/1084/1084 1086/1086/1086
f 1087/1087/1087 1082/1082/1082 1085/1085/1085
f 1082/1082/1082 1087/1087/1087 1079/1079/1079
f 1079/1079/1079 1087/1087/1087 1088/1088/1088
f 1088/1088/1088 1081/1081/1081 1079/1079/1079
f 1081/1081/1081 1089/1089/1089 1073/1073/1073
f 1090/1090/1090 1073/1073/1073 1089/1089/1089
f 1090/1090/1090 1089/1089/1089 1091/1091/1091
f 1089/1089/1089 1092/1092/1092 1091/1091/1091
f 1089/1089/1089 1081/1081/1081 1093/1093/1093
f 1093/1093/1093 1081/1081/1081 1094/1094/1094
f 1095/1095/1095 1094/1094/1094 1081/1081/1081
f 1098/1098/1098 1097/1097/1097 1096/1096/1096
f 1099/1099/1099 1097/1097/1097 1098/1098/1098
f 1100/1100/1100 1099/1099/1099 1098/1098/1098
f 1100/1100/1100 1098/1098/1098 1101/1101/1101
f 1102/1102/1102 1101/1101/1101 1098/1098/1098
f 1102/1102/1102 1103/1103/1103 1101/1101/1101
f 1103/1103/1103 1100/1100/1100 1101/1101/1101
f 1104/1104/1104 1099/1099/1099 1100/1100/1100
f 1100/1100/1100 1103/1103/1103 1104/1104/1104
f 1104/1104/1104 1105/1105/1105 1099/1099/1099
f 1106/1106/1106 1105/1105/1105 1104/1104/1104
f 1107/1107/1107 1106/1106/1106 1104/1104/1104
f 1107/1107/1107 1104/1104/1104 1103/1103/1103
f 1107/1107/1107 1108/1108/1108 1106/1106/1106
f 1106/1106/1106 1108/1108/1108 1109/1109/1109
f 1108/1108/1108 1110/1110/1110 1109/1109/1109
f 1109/1109/1109 1110/1110/1110 1111/1111/1111
f 1103/1103/1103 1112/1112/1112 1107/1107/1107
f 1112/1112/1112 1103/1103/1103 1113/1113/1113
f 1114/1114/1114 1113/1113/1113 1103/1103/1103
f 1113/1113/1113 1115/1115/1115 1112/1112/1112
f 1115/1115/1115 1116/1116/1116 1112/1112/1112
f 1107/1107/1107 1112/1112/1112 1117/1117/1117
f 1107/1107/1107 1117/1117/1117 1108/1108/1108
f 1112/1112/1112 1116/1116/1116 1117/1117/1117
f 1117/1117/1117 1118/1118/1118 1108/1108/1108
f 1116/1116/1116 1119/1119/1119 1117/1117/1117
f 1119/1119/1119 1118/1118/1118 1117/1117/1117
f 1108/1108/1108 1118/1118/1118 1120/1120/1120
f 1108/1108/1108 1120/1120/1120 1121/1121/1121
f 1120/1120/1120 1118/1118/1118 1122/1122/1122
f 1119/1119/1119 1122/1122/1122 1118/1118/1118
f 1120/1120/1120 1122/1122/1122 1123/1123/1123
f 1119/1119/1119 1124/1124/1124 1122/1122/1122
f 1119/1119/1119 1116/1116/1116 1124/1124/1124
f 1116/1116/1116 1125/1125/1125 1124/1124/1124
f 1116/1116/1116 1126/1126/1126 1125/1125/1125
f 1125/1125/1125 1126/1126/1126 1127/1127/1127
f 1128/1128/1128 1127/1127/1127 1126/1126/1126
f 1127/1127/1127 1128/1128/1128 1129/1129/1129
f 1125/1125/1125 1130/1130/1130 1124/1124/1124
f 1125/1125/1125 1127/1127/1127 1130/1130/1130
f 1124/1124/1124 1130/1130/1130 1131/1131/1131
f 1130/1130/1130 1127/1127/1127 1132/1132/1132
f 1131/1131/1131 1130/1130/1130 1132/1132/1132
f 1131/1131/1131 1133/1133/1133 1124/1124/1124
f 1134/1134/1134 1124/1124/1124 1133/1133/1133
f 1127/1127/1127 1129/1129/1129 1135/1135/1135
f 1127/1127/1127 1135/1135/1135 1132/1132/1132
f 1131/1131/1131 1132/1132/1132 1136/1136/1136
f 1133/1133/1133 1131/1131/1131 1136/1136/1136
f 1133/1133/1133 1137/1137/1137 1134/1134/1134
f 1138/1138/1138 1133/1133/1133 1136/1136/1136
f 1137/1137/1137 1133/1133/1133 1138/1138/1138
f 1139/1139/1139 1134/1134/1134 1137/1137/1137
f 1139/1139/1139 1140/1140/1140 1134/1134/1134
f 1141/1141/1141 1140/1140/1140 1139/1139/1139
f 1139/1139/1139 1137/1137/1137 1141/1141/1141
f 1140/1140/1140 1141/1141/1141 1142/1142/1142
f 1141/1141/1141 1143/1143/1143 1142/1142/1142
f 1141/1141/1141 1137/1137/1137 1144/1144/1144
f 1137/1137/1137 1138/1138/1138 1144/1144/1144
f 1141/1141/1141 1145/1145/1145 1143/1143/1143
f 1141/1141/1141 1144/1144/1144 1145/1145/1145
f 1146/1146/1146 1143/1143/1143 1145/1145/1145
f 1146/1146/1146 1145/1145/1145 1144/1144/1144
f 1146/1146/1146 1147/1147/1147 1143/1143/1143
f 1146/1146/1146 1148/1148/1148 1147/1147/1147
f 1148/1148/1148 1146/1146/1146 1149/1149/1149
f 416/416/416 1149/1149/1149 1146/1146/1146
f 1144/1144/1144 1150/1150/1150 1146/1146/1146
f 1150/1150/1150 1144/1144/1144 1138/1138/1138
f 1151/1151/1151 416/416/416 1146/1146/1146
f 1146/1146/1146 1150/1150/1150 1151/1151/1151
f 1151/1151/1151 1152/1152/1152 416/416/416
f 1152/1152/1152 415/415/415 416/416/416
f 1151/1151/1151 1153/1153/1153 1152/1152/1152
f 1151/1151/1151 1150/1150/1150 1153/1153/1153
f 1154/1154/1154 415/415/415 1152/1152/1152
f 1152/1152/1152 1153/1153/1153 1154/1154/1154
f 425/425/425 415/415/415 1154/1154/1154
f 1154/1154/1154 1153/1153/1153 1155/1155/1155
f 1153/1153/1153 1156/1156/1156 1155/1155/1155
f 1153/1153/1153 1150/1150/1150 1156/1156/1156
f 1155/1155/1155 1156/1156/1156 1157/1157/1157
f 1156/1156/1156 1150/1150/1150 1158/1158/1158
f 1150/1150/1150 1138/1138/1138 1158/1158/1158
f 1157/1157/1157 1156/1156/1156 1158/1158/1158
f 1154/1154/1154 1159/1159/1159 425/425/425
f 1154/1154/1154 1160/1160/1160 1159/1159/1159
f 425/425/425 1159/1159/1159 1161/1161/1161
f 1161/1161/1161 1162/1162/1162 425/425/425
f 1161/1161/1161 1163/1163/1163 1162/1162/1162
f 1157/1157/1157 1158/1158/1158 1164/1164/1164
f 1164/1164/1164 1165/1165/1165 1157/1157/1157
f 1158/1158/1158 1166/1166/1166 1164/1164/1164
f 1138/1138/1138 1167/1167/1167 1158/1158/1158
f 1158/1158/1158 1167/1167/1167 1166/1166/1166
f 1136/1136/1136 1167/1167/1167 1138/1138/1138
f 1168/1168/1168 1166/1166/1166 1167/1167/1167
f 1167/1167/1167 1136/1136/1136 1168/1168/1168
f 1168/1168/1168 1169/1169/1169 1166/1166/1166
f 1168/1168/1168 1170/1170/1170 1169/1169/1169
f 1171/1171/1171 1170/1170/1170 1168/1168/1168
f 1136/1136/1136 1172/1172/1172 1168/1168/1168
f 1172/1172/1172 1171/1171/1171 1168/1168/1168
f 1172/1172/1172 1136/1136/1136 1132/1132/1132
f 1172/1172/1172 1173/1173/1173 1171/1171/1171
f 1172/1172/1172 1132/1132/1132 1173/1173/1173
f 1173/1173/1173 1132/1132/1132 1135/1135/1135
f 1135/1135/1135 1174/1174/1174 1173/1173/1173
f 1135/1135/1135 1175/1175/1175 1174/1174/1174
f 1129/1129/1129 1175/1175/1175 1135/1135/1135
f 1174/1174/1174 1175/1175/1175 1176/1176/1176
f 1177/1177/1177 1174/1174/1174 1176/1176/1176
f 1178/1178/1178 1175/1175/1175 1129/1129/1129
f 1175/1175/1175 1178/1178/1178 1176/1176/1176
f 1179/1179/1179 1178/1178/1178 1129/1129/1129
f 1177/1177/1177 1176/1176/1176 1180/1180/1180
f 1180/1180/1180 1176/1176/1176 1178/1178/1178
f 1180/1180/1180 1181/1181/1181 1177/1177/1177
f 1181/1181/1181 1180/1180/1180 1182/1182/1182
f 1180/1180/1180 1183/1183/1183 1182/1182/1182
f 1180/1180/1180 1184/1184/1184 1183/1183/1183
f 1180/1180/1180 1178/1178/1178 1184/1184/1184
f 1183/1183/1183 1184/1184/1184 1185/1185/1185
f 1179/1179/1179 1186/1186/1186 1178/1178/1178
f 1184/1184/1184 1178/1178/1178 1186/1186/1186
f 1187/1187/1187 1186/1186/1186 1179/1179/1179
f 1186/1186/1186 1187/1187/1187 1184/1184/1184
f 1185/1185/1185 1184/1184/1184 1187/1187/1187
f 1188/1188/1188 1187/1187/1187 1179/1179/1179
f 1188/1188/1188 1189/1189/1189 1187/1187/1187
f 1189/1189/1189 1185/1185/1185 1187/1187/1187
f 1190/1190/1190 1185/1185/1185 1189/1189/1189
f 1193/1193/1193 1192/1192/1192 1191/1191/1191
f 1194/1194/1194 1192/1192/1192 1193/1193/1193
f 1194/1194/1194 1193/1193/1193 1195/1195/1195
f 1196/1196/1196 1192/1192/1192 1194/1194/1194
f 1197/1197/1197 1192/1192/1192 1196/1196/1196
f 1197/1197/1197 1198/1198/1198 1192/1192/1192
f 1198/1198/1198 1197/1197/1197 1199/1199/1199
f 1200/1200/1200 1197/1197/1197 1196/1196/1196
f 1199/1199/1199 1197/1197/1197 1200/1200/1200
f 1198/1198/1198 1199/1199/1199 1201/1201/1201
f 1198/1198/1198 1201/1201/1201 1202/1202/1202
f 1203/1203/1203 1202/1202/1202 1201/1201/1201
f 1201/1201/1201 1199/1199/1199 1204/1204/1204
f 1199/1199/1199 1200/1200/1200 1204/1204/1204
f 1204/1204/1204 1203/1203/1203 1201/1201/1201
f 1205/1205/1205 1196/1196/1196 1194/1194/1194
f 1206/1206/1206 1196/1196/1196 1205/1205/1205
f 1206/1206/1206 1200/1200/1200 1196/1196/1196
f 1206/1206/1206 1207/1207/1207 1200/1200/1200
f 1207/1207/1207 1208/1208/1208 1200/1200/1200
f 1208/1208/1208 1204/1204/1204 1200/1200/1200
f 1208/1208/1208 1209/1209/1209 1204/1204/1204
f 1209/1209/1209 1203/1203/1203 1204/1204/1204
f 1205/1205/1205 1194/1194/1194 1210/1210/1210
f 1211/1211/1211 1205/1205/1205 1210/1210/1210
f 1211/1211/1211 1210/1210/1210 1212/1212/1212
f 1210/1210/1210 1213/1213/1213 1212/1212/1212
f 1195/1195/1195 1210/1210/1210 1194/1194/1194
f 1195/1195/1195 1213/1213/1213 1210/1210/1210
f 1195/1195/1195 1214/1214/1214 1213/1213/1213
f 1215/1215/1215 1214/1214/1214 1195/1195/1195
f 1209/1209/1209 1216/1216/1216 1203/1203/1203
f 1216/1216/1216 1217/1217/1217 1203/1203/1203
f 1209/1209/1209 1218/1218/1218 1216/1216/1216
f 1216/1216/1216 1219/1219/1219 1217/1217/1217
f 1218/1218/1218 1219/1219/1219 1216/1216/1216
f 1219/1219/1219 1220/1220/1220 1217/1217/1217
f 1217/1217/1217 1220/1220/1220 1221/1221/1221
f 1222/1222/1222 1220/1220/1220 1219/1219/1219
f 1218/1218/1218 1222/1222/1222 1219/1219/1219
f 1223/1223/1223 1222/1222/1222 1218/1218/1218
f 1224/1224/1224 1218/1218/1218 1209/1209/1209
f 1225/1225/1225 1224/1224/1224 1209/1209/1209
f 1226/1226/1226 1224/1224/1224 1225/1225/1225
f 1227/1227/1227 1223/1223/1223 1218/1218/1218
f 1227/1227/1227 1218/1218/1218 1224/1224/1224
f 1223/1223/1223 1227/1227/1227 1228/1228/1228
f 1224/1224/1224 1229/1229/1229 1227/1227/1227
f 1228/1228/1228 1227/1227/1227 1230/1230/1230
f 1227/1227/1227 1229/1229/1229 1230/1230/1230
f 1233/1233/1233 1232/1232/1232 1231/1231/1231
f 1232/1232/1232 1233/1233/1233 1234/1234/1234
f 1235/1235/1235 1234/1234/1234 1233/1233/1233
f 1235/1235/1235 1233/1233/1233 1236/1236/1236
f 1237/1237/1237 1235/1235/1235 1236/1236/1236
f 1237/1237/1237 1236/1236/1236 1238/1238/1238
f 1239/1239/1239 1237/1237/1237 1238/1238/1238
f 1240/1240/1240 1237/1237/1237 1239/1239/1239
f 1241/1241/1241 1240/1240/1240 1239/1239/1239
f 1241/1241/1241 1239/1239/1239 1242/1242/1242
f 1241/1241/1241 1242/1242/1242 1243/1243/1243
f 1244/1244/1244 1241/1241/1241 1243/1243/1243
f 1245/1245/1245 1241/1241/1241 1244/1244/1244
f 1245/1245/1245 1246/1246/1246 1241/1241/1241
f 1245/1245/1245 1247/1247/1247 1246/1246/1246
f 1245/1245/1245 1248/1248/1248 1247/1247/1247
f 1248/1248/1248 1249/1249/1249 1247/1247/1247
f 1249/1249/1249 1250/1250/1250 1247/1247/1247
f 1250/1250/1250 1249/1249/1249 1251/1251/1251
f 1249/1249/1249 1252/1252/1252 1251/1251/1251
f 1252/1252/1252 1253/1253/1253 1251/1251/1251
f 1253/1253/1253 1252/1252/1252 1254/1254/1254
f 1254/1254/1254 1252/1252/1252 1255/1255/1255
f 1258/1258/1258 1257/1257/1257 1256/1256/1256
f 1257/1257/1257 1258/1258/1258 1259/1259/1259
f 1257/1257/1257 1259/1259/1259 1260/1260/1260
f 1261/1261/1261 1257/1257/1257 1260/1260/1260
f 1262/1262/1262 1257/1257/1257 1261/1261/1261
f 1263/1263/1263 1262/1262/1262 1261/1261/1261
f 1264/1264/1264 1262/1262/1262 1263/1263/1263
f 1265/1265/1265 1262/1262/1262 1264/1264/1264
f 1266/1266/1266 1263/1263/1263 1261/1261/1261
f 1266/1266/1266 1264/1264/1264 1263/1263/1263
f 1266/1266/1266 1261/1261/1261 1267/1267/1267
f 1268/1268/1268 1267/1267/1267 1261/1261/1261
f 1266/1266/1266 1269/1269/1269 1264/1264/1264
f 1266/1266/1266 1267/1267/1267 1269/1269/1269
f 1270/1270/1270 1264/1264/1264 1269/1269/1269
f 1270/1270/1270 1269/1269/1269 1271/1271/1271
f 1269/1269/1269 1272/1272/1272 1271/1271/1271
f 1269/1269/1269 1267/1267/1267 1272/1272/1272
f 1267/1267/1267 1268/1268/1268 1272/1272/1272
f 1268/1268/1268 1273/1273/1273 1272/1272/1272
f 1272/1272/1272 1273/1273/1273 1271/1271/1271
f 1273/1273/1273 1268/1268/1268 1274/1274/1274
f 1274/1274/1274 1275/1275/1275 1273/1273/1273
f 1276/1276/1276 1271/1271/1271 1273/1273/1273
f 1276/1276/1276 1273/1273/1273 1277/1277/1277
f 1273/1273/1273 1275/1275/1275 1277/1277/1277
f 1276/1276/1276 1277/1277/1277 1278/1278/1278
f 1277/1277/1277 1275/1275/1275 1279/1279/1279
f 1277/1277/1277 1279/1279/1279 1278/1278/1278
f 1278/1278/1278 1279/1279/1279 1280/1280/1280
f 1280/1280/1280 1279/1279/1279 1281/1281/1281
f 1281/1281/1281 1282/1282/1282 1280/1280/1280
f 1280/1280/1280 1282/1282/1282 1278/1278/1278
f 1281/1281/1281 1283/1283/1283 1282/1282/1282
f 1284/1284/1284 1282/1282/1282 1283/1283/1283
f 1284/1284/1284 1278/1278/1278 1282/1282/1282
f 1278/1278/1278 1284/1284/1284 1276/1276/1276
f 1284/1284/1284 1285/1285/1285 1276/1276/1276
f 1285/1285/1285 1284/1284/1284 1286/1286/1286
f 1276/1276/1276 1285/1285/1285 1287/1287/1287
f 1276/1276/1276 1287/1287/1287 1288/1288/1288
f 1289/1289/1289 1276/1276/1276 1288/1288/1288
f 1290/1290/1290 1276/1276/1276 1289/1289/1289
f 1290/1290/1290 1271/1271/1271 1276/1276/1276
f 1291/1291/1291 1290/1290/1290 1289/1289/1289
f 1291/1291/1291 1271/1271/1271 1290/1290/1290
f 1291/1291/1291 1289/1289/1289 1292/1292/1292
f 1271/1271/1271 1291/1291/1291 1293/1293/1293
f 1293/1293/1293 1294/1294/1294 1271/1271/1271
f 1294/1294/1294 1295/1295/1295 1271/1271/1271
f 1294/1294/1294 1296/1296/1296 1295/1295/1295
f 1294/1294/1294 1291/1291/1291 1296/1296/1296
f 1296/1296/1296 1291/1291/1291 1292/1292/1292
f 1296/1296/1296 1292/1292/1292 1297/1297/1297
f 1300/1300/1300 1299/1299/1299 1298/1298/1298
f 1298/1298/1298 1301/1301/1301 1300/1300/1300
f 1302/1302/1302 1301/1301/1301 1298/1298/1298
f 1303/1303/1303 1301/1301/1301 1302/1302/1302
f 1303/1303/1303 1302/1302/1302 1304/1304/1304
f 1305/1305/1305 1303/1303/1303 1304/1304/1304
f 1306/1306/1306 1305/1305/1305 1304/1304/1304
f 1307/1307/1307 1305/1305/1305 1306/1306/1306
f 1307/1307/1307 1308/1308/1308 1305/1305/1305
f 1309/1309/1309 1303/1303/1303 1305/1305/1305
f 1310/1310/1310 1303/1303/1303 1309/1309/1309
f 1303/1303/1303 1310/1310/1310 1301/1301/1301
f 1310/1310/1310 1309/1309/1309 1311/1311/1311
f 1312/1312/1312 1301/1301/1301 1310/1310/1310
f 1301/1301/1301 1312/1312/1312 1300/1300/1300
f 1311/1311/1311 1313/1313/1313 1310/1310/1310
f 1312/1312/1312 1310/1310/1310 1313/1313/1313
f 1313/1313/1313 1311/1311/1311 1314/1314/1314
f 1314/1314/1314 1315/1315/1315 1313/1313/1313
f 1315/1315/1315 1316/1316/1316 1313/1313/1313
f 1316/1316/1316 1317/1317/1317 1313/1313/1313
f 1313/1313/1313 1317/1317/1317 1312/1312/1312
f 1316/1316/1316 1318/1318/1318 1317/1317/1317
f 1316/1316/1316 1319/1319/1319 1318/1318/1318
f 1318/1318/1318 1319/1319/1319 1320/1320/1320
f 1317/1317/1317 1318/1318/1318 1321/1321/1321
f 1320/1320/1320 1321/1321/1321 1318/1318/1318
f 1322/1322/1322 1312/1312/1312 1317/1317/1317
f 1321/1321/1321 1322/1322/1322 1317/1317/1317
f 1321/1321/1321 1320/1320/1320 1323/1323/1323
f 1324/1324/1324 1323/1323/1323 1320/1320/1320
f 1321/1321/1321 1323/1323/1323 1325/1325/1325
f 1322/1322/1322 1321/1321/1321 1325/1325/1325
f 1326/1326/1326 1312/1312/1312 1322/1322/1322
f 1300/1300/1300 1312/1312/1312 1326/1326/1326
f 1327/1327/1327 1300/1300/1300 1326/1326/1326
f 1326/1326/1326 1322/1322/1322 1327/1327/1327
f 1328/1328/1328 1300/1300/1300 1327/1327/1327
f 1325/1325/1325 1329/1329/1329 1322/1322/1322
f 1327/1327/1327 1322/1322/1322 1329/1329/1329
f 1328/1328/1328 1327/1327/1327 1330/1330/1330
f 1329/1329/1329 1330/1330/1330 1327/1327/1327
f 1331/1331/1331 1328/1328/1328 1330/1330/1330
f 1331/1331/1331 1330/1330/1330 1329/1329/1329
f 1332/1332/1332 1328/1328/1328 1331/1331/1331
f 1329/1329/1329 1325/1325/1325 1333/1333/1333
f 1325/1325/1325 1334/1334/1334 1333/1333/1333
f 1329/1329/1329 1333/1333/1333 1335/1335/1335
f 1329/1329/1329 1335/1335/1335 1331/1331/1331
f 1333/1333/1333 1336/1336/1336 1335/1335/1335
f 1337/1337/1337 1332/1332/1332 1331/1331/1331
f 1331/1331/1331 1335/1335/1335 1337/1337/1337
f 1335/1335/1335 1336/1336/1336 1337/1337/1337
f 1338/1338/1338 1332/1332/1332 1337/1337/1337
f 1336/1336/1336 1339/1339/1339 1337/1337/1337
f 1337/1337/1337 1340/1340/1340 1338/1338/1338
f 1340/1340/1340 1337/1337/1337 1339/1339/1339
f 1339/1339/1339 1341/1341/1341 1340/1340/1340
f 1344/1344/1344 1343/1343/1343 1342/1342/1342
f 1345/1345/1345 1344/1344/1344 1342/1342/1342
f 1342/1342/1342 1346/1346/1346 1345/1345/1345
f 1345/1345/1345 1346/1346/1346 1347/1347/1347
f 1348/1348/1348 1347/1347/1347 1346/1346/1346
f 1351/1351/1351 1350/1350/1350 1349/1349/1349
f 1350/1350/1350 1352/1352/1352 1349/1349/1349
f 1352/1352/1352 1353/1353/1353 1349/1349/1349
f 1354/1354/1354 1352/1352/1352 1350/1350/1350
f 1352/1352/1352 1355/1355/1355 1353/1353/1353
f 1356/1356/1356 1355/1355/1355 1352/1352/1352
f 1357/1357/1357 1353/1353/1353 1355/1355/1355
f 1354/1354/1354 1358/1358/1358 1352/1352/1352
f 1358/1358/1358 1356/1356/1356 1352/1352/1352
f 1359/1359/1359 1358/1358/1358 1354/1354/1354
f 1355/1355/1355 1360/1360/1360 1357/1357/1357
f 1357/1357/1357 1360/1360/1360 1361/1361/1361
f 1360/1360/1360 1362/1362/1362 1361/1361/1361
f 1363/1363/1363 1358/1358/1358 1359/1359/1359
f 1363/1363/1363 1356/1356/1356 1358/1358/1358
f 1364/1364/1364 1360/1360/1360 1355/1355/1355
f 1356/1356/1356 1364/1364/1364 1355/1355/1355
f 1356/1356/1356 1365/1365/1365 1364/1364/1364
f 1360/1360/1360 1366/1366/1366 1362/1362/1362
f 1366/1366/1366 1360/1360/1360 1364/1364/1364
f 1366/1366/1366 1364/1364/1364 1365/1365/1365
f 1362/1362/1362 1366/1366/1366 1367/1367/1367
f 1365/1365/1365 1367/1367/1367 1366/1366/1366
f 1368/1368/1368 1367/1367/1367 1365/1365/1365
f 1365/1365/1365 1369/1369/1369 1368/1368/1368
f 1369/1369/1369 1365/1365/1365 1370/1370/1370
f 1371/1371/1371 1370/1370/1370 1365/1365/1365
f 1365/1365/1365 1356/1356/1356 1371/1371/1371
f 1372/1372/1372 1370/1370/1370 1371/1371/1371
f 1371/1371/1371 1373/1373/1373 1372/1372/1372
f 1374/1374/1374 1372/1372/1372 1373/1373/1373
f 1373/1373/1373 1375/1375/1375 1374/1374/1374
f 1376/1376/1376 1371/1371/1371 1356/1356/1356
f 1373/1373/1373 1371/1371/1371 1376/1376/1376
f 1363/1363/1363 1376/1376/1376 1356/1356/1356
f 1377/1377/1377 1376/1376/1376 1363/1363/1363
f 1373/1373/1373 1376/1376/1376 1378/1378/1378
f 1376/1376/1376 1377/1377/1377 1378/1378/1378
f 1373/1373/1373 1378/1378/1378 1379/1379/1379
f 1377/1377/1377 1379/1379/1379 1378/1378/1378
f 1375/1375/1375 1373/1373/1373 1380/1380/1380
f 1380/1380/1380 1373/1373/1373 1379/1379/1379
f 1381/1381/1381 1377/1377/1377 1363/1363/1363
f 1381/1381/1381 1363/1363/1363 1359/1359/1359
f 1382/1382/1382 1381/1381/1381 1359/1359/1359
f 1383/1383/1383 1381/1381/1381 1382/1382/1382
f 1377/1377/1377 1381/1381/1381 1383/1383/1383
f 1383/1383/1383 1379/1379/1379 1377/1377/1377
f 1384/1384/1384 1379/1379/1379 1383/1383/1383
f 1380/1380/1380 1379/1379/1379 1384/1384/1384
f 1384/1384/1384 1383/1383/1383 1385/1385/1385
f 1375/1375/1375 1380/1380/1380 1386/1386/1386
f 1386/1386/1386 1380/1380/1380 1384/1384/1384
f 1375/1375/1375 1386/1386/1386 1387/1387/1387
f 1384/1384/1384 1385/1385/1385 1388/1388/1388
f 1388/1388/1388 1385/1385/1385 1389/1389/1389
f 1390/1390/1390 1387/1387/1387 1386/1386/1386
f 1391/1391/1391 1387/1387/1387 1390/1390/1390
f 1392/1392/1392 1391/1391/1391 1390/1390/1390
f 1386/1386/1386 1384/1384/1384 1393/1393/1393
f 1390/1390/1390 1386/1386/1386 1393/1393/1393
f 1393/1393/1393 1384/1384/1384 1388/1388/1388
f 1390/1390/1390 1393/1393/1393 1394/1394/1394
f 1394/1394/1394 1393/1393/1393 1388/1388/1388
f 1390/1390/1390 1394/1394/1394 1392/1392/1392
f 1388/1388/1388 1389/1389/1389 1395/1395/1395
f 1394/1394/1394 1388/1388/1388 1395/1395/1395
f 1396/1396/1396 1395/1395/1395 1389/1389/1389
f 1394/1394/1394 1395/1395/1395 1397/1397/1397
f 1392/1392/1392 1394/1394/1394 1397/1397/1397
f 1395/1395/1395 1396/1396/1396 1398/1398/1398
f 1397/1397/1397 1395/1395/1395 1398/1398/1398
f 1398/1398/1398 1396/1396/1396 1399/1399/1399
f 1399/1399/1399 1400/1400/1400 1398/1398/1398
f 1401/1401/1401 1398/1398/1398 1400/1400/1400
f 1397/1397/1397 1398/1398/1398 1401/1401/1401
f 1402/1402/1402 1401/1401/1401 1400/1400/1400
f 1403/1403/1403 1402/1402/1402 1400/1400/1400
f 1404/1404/1404 1402/1402/1402 1403/1403/1403
f 1404/1404/1404 1405/1405/1405 1402/1402/1402
f 1405/1405/1405 1406/1406/1406 1402/1402/1402
f 1407/1407/1407 1406/1406/1406 1405/1405/1405
f 1401/1401/1401 1408/1408/1408 1397/1397/1397
f 1392/1392/1392 1397/1397/1397 1409/1409/1409
f 1409/1409/1409 1397/1397/1397 1408/1408/1408
f 1408/1408/1408 1401/1401/1401 1410/1410/1410
f 1402/1402/1402 1410/1410/1410 1401/1401/1401
f 1409/1409/1409 1408/1408/1408 1411/1411/1411
f 1392/1392/1392 1409/1409/1409 1411/1411/1411
f 1408/1408/1408 1410/1410/1410 1411/1411/1411
f 1412/1412/1412 1392/1392/1392 1411/1411/1411
f 1412/1412/1412 1413/1413/1413 1392/1392/1392
f 1391/1391/1391 1392/1392/1392 1413/1413/1413
f 1414/1414/1414 1391/1391/1391 1413/1413/1413
f 1414/1414/1414 1415/1415/1415 1391/1391/1391
f 1416/1416/1416 1412/1412/1412 1411/1411/1411
f 1416/1416/1416 1411/1411/1411 1417/1417/1417
f 1410/1410/1410 1417/1417/1417 1411/1411/1411
f 1418/1418/1418 1416/1416/1416 1417/1417/1417
f 1419/1419/1419 1417/1417/1417 1410/1410/1410
f 1418/1418/1418 1417/1417/1417 1419/1419/1419
f 1402/1402/1402 1419/1419/1419 1410/1410/1410
f 1420/1420/1420 1418/1418/1418 1419/1419/1419
f 1402/1402/1402 1420/1420/1420 1419/1419/1419
f 1421/1421/1421 1418/1418/1418 1420/1420/1420
f 1421/1421/1421 1420/1420/1420 1422/1422/1422
f 1402/1402/1402 1423/1423/1423 1420/1420/1420
f 1422/1422/1422 1420/1420/1420 1423/1423/1423
f 1406/1406/1406 1423/1423/1423 1402/1402/1402
f 1422/1422/1422 1423/1423/1423 1424/1424/1424
f 1406/1406/1406 1424/1424/1424 1423/1423/1423
f 1425/1425/1425 1422/1422/1422 1424/1424/1424
f 1425/1425/1425 1426/1426/1426 1422/1422/1422
f 1426/1426/1426 1427/1427/1427 1422/1422/1422
f 1426/1426/1426 1428/1428/1428 1427/1427/1427
f 1429/1429/1429 1426/1426/1426 1425/1425/1425
f 1428/1428/1428 1426/1426/1426 1429/1429/1429
f 1430/1430/1430 1424/1424/1424 1406/1406/1406
f 1431/1431/1431 1425/1425/1425 1424/1424/1424
f 1431/1431/1431 1424/1424/1424 1430/1430/1430
f 1432/1432/1432 1430/1430/1430 1406/1406/1406
f 1432/1432/1432 1406/1406/1406 1407/1407/1407
f 1433/1433/1433 1430/1430/1430 1432/1432/1432
f 1431/1431/1431 1430/1430/1430 1433/1433/1433
f 1434/1434/1434 1432/1432/1432 1407/1407/1407
f 1434/1434/1434 1433/1433/1433 1432/1432/1432
f 1431/1431/1431 1433/1433/1433 1435/1435/1435
f 1434/1434/1434 1435/1435/1435 1433/1433/1433
f 1431/1431/1431 1435/1435/1435 1436/1436/1436
f 1431/1431/1431 1437/1437/1437 1425/1425/1425
f 1425/1425/1425 1437/1437/1437 1429/1429/1429
f 1437/1437/1437 1431/1431/1431 1436/1436/1436
f 1407/1407/1407 1438/1438/1438 1434/1434/1434
f 1438/1438/1438 1407/1407/1407 1439/1439/1439
f 1438/1438/1438 1439/1439/1439 1440/1440/1440
f 1440/1440/1440 1441/1441/1441 1438/1438/1438
f 1442/1442/1442 1434/1434/1434 1438/1438/1438
f 1441/1441/1441 1442/1442/1442 1438/1438/1438
f 1442/1442/1442 1443/1443/1443 1434/1434/1434
f 1444/1444/1444 1442/1442/1442 1441/1441/1441
f 1442/1442/1442 1445/1445/1445 1443/1443/1443
f 1444/1444/1444 1445/1445/1445 1442/1442/1442
f 1446/1446/1446 1445/1445/1445 1444/1444/1444
f 1447/1447/1447 1445/1445/1445 1446/1446/1446
f 1448/1448/1448 1445/1445/1445 1447/1447/1447
f 1445/1445/1445 1448/1448/1448 1449/1449/1449
f 1450/1450/1450 1449/1449/1449 1448/1448/1448
f 1449/1449/1449 1450/1450/1450 1451/1451/1451
f 1454/1454/1454 1453/1453/1453 1452/1452/1452
f 1454/1454/1454 1455/1455/1455 1453/1453/1453
f 1455/1455/1455 1456/1456/1456 1453/1453/1453
f 1457/1457/1457 1455/1455/1455 1454/1454/1454
f 1457/1457/1457 1454/1454/1454 1458/1458/1458
f 1459/1459/1459 1458/1458/1458 1454/1454/1454
f 1460/1460/1460 1459/1459/1459 1454/1454/1454
f 1455/1455/1455 1457/1457/1457 1461/1461/1461
f 1461/1461/1461 1457/1457/1457 1462/1462/1462
f 1463/1463/1463 1461/1461/1461 1462/1462/1462
f 1461/1461/1461 1464/1464/1464 1455/1455/1455
f 1455/1455/1455 1464/1464/1464 1456/1456/1456
f 1463/1463/1463 1464/1464/1464 1461/1461/1461
f 1465/1465/1465 1456/1456/1456 1464/1464/1464
f 1463/1463/1463 1465/1465/1465 1464/1464/1464
f 1466/1466/1466 1456/1456/1456 1465/1465/1465
f 1467/1467/1467 1456/1456/1456 1466/1466/1466
f 1463/1463/1463 1468/1468/1468 1465/1465/1465
f 1469/1469/1469 1468/1468/1468 1463/1463/1463
f 1463/1463/1463 1470/1470/1470 1469/1469/1469
f 1462/1462/1462 1471/1471/1471 1463/1463/1463
f 1463/1463/1463 1471/1471/1471 1470/1470/1470
f 1472/1472/1472 1470/1470/1470 1471/1471/1471
f 1462/1462/1462 1473/1473/1473 1471/1471/1471
f 1474/1474/1474 1472/1472/1472 1471/1471/1471
f 1471/1471/1471 1473/1473/1473 1474/1474/1474
f 1473/1473/1473 1475/1475/1475 1474/1474/1474
f 1478/1478/1478 1477/1477/1477 1476/1476/1476
f 1477/1477/1477 1479/1479/1479 1476/1476/1476
f 1477/1477/1477 1480/1480/1480 1479/1479/1479
f 1481/1481/1481 1479/1479/1479 1480/1480/1480
f 1479/1479/1479 1481/1481/1481 1482/1482/1482
f 1481/1481/1481 1480/1480/1480 1483/1483/1483
f 1481/1481/1481 1483/1483/1483 1484/1484/1484
f 1484/1484/1484 1485/1485/1485 1481/1481/1481
f 1486/1486/1486 1485/1485/1485 1484/1484/1484
f 1489/1489/1489 1488/1488/1488 1487/1487/1487
f 1487/1487/1487 1488/1488/1488 1490/1490/1490
f 1491/1491/1491 1490/1490/1490 1488/1488/1488
f 1490/1490/1490 1492/1492/1492 1487/1487/1487
f 1487/1487/1487 1492/1492/1492 1493/1493/1493
f 1494/1494/1494 1487/1487/1487 1493/1493/1493
f 1492/1492/1492 1490/1490/1490 1495/1495/1495
f 1495/1495/1495 1493/1493/1493 1492/1492/1492
f 1495/1495/1495 1490/1490/1490 1496/1496/1496
f 1490/1490/1490 1497/1497/1497 1496/1496/1496
f 1497/1497/1497 1498/1498/1498 1496/1496/1496
f 1499/1499/1499 1494/1494/1494 1493/1493/1493
f 1499/1499/1499 1500/1500/1500 1494/1494/1494
f 1501/1501/1501 1494/1494/1494 1500/1500/1500
f 1502/1502/1502 1501/1501/1501 1500/1500/1500
f 1502/1502/1502 1503/1503/1503 1501/1501/1501
f 1502/1502/1502 1504/1504/1504 1503/1503/1503
f 1505/1505/1505 1502/1502/1502 1500/1500/1500
f 1505/1505/1505 1500/1500/1500 1499/1499/1499
f 1504/1504/1504 1502/1502/1502 1506/1506/1506
f 1506/1506/1506 1502/1502/1502 1505/1505/1505
f 1506/1506/1506 1507/1507/1507 1504/1504/1504
f 1506/1506/1506 1508/1508/1508 1507/1507/1507
f 1505/1505/1505 1509/1509/1509 1506/1506/1506
f 1509/1509/1509 1508/1508/1508 1506/1506/1506
f 1508/1508/1508 1509/1509/1509 1510/1510/1510
f 1511/1511/1511 1508/1508/1508 1510/1510/1510
f 1510/1510/1510 1509/1509/1509 1512/1512/1512
f 1505/1505/1505 1513/1513/1513 1509/1509/1509
f 1505/1505/1505 1499/1499/1499 1513/1513/1513
f 1509/1509/1509 1514/1514/1514 1512/1512/1512
f 1509/1509/1509 1513/1513/1513 1514/1514/1514
f 1515/1515/1515 1512/1512/1512 1514/1514/1514
f 1515/1515/1515 1514/1514/1514 1516/1516/1516
f 1516/1516/1516 1514/1514/1514 1517/1517/1517
f 1514/1514/1514 1518/1518/1518 1517/1517/1517
f 1514/1514/1514 1513/1513/1513 1518/1518/1518
f 1518/1518/1518 1519/1519/1519 1517/1517/1517
f 1513/1513/1513 1520/1520/1520 1518/1518/1518
f 1499/1499/1499 1520/1520/1520 1513/1513/1513
f 1518/1518/1518 1520/1520/1520 1519/1519/1519
f 1499/1499/1499 1521/1521/1521 1520/1520/1520
f 1499/1499/1499 1493/1493/1493 1521/1521/1521
f 1520/1520/1520 1521/1521/1521 1522/1522/1522
f 1521/1521/1521 1493/1493/1493 1522/1522/1522
f 1520/1520/1520 1522/1522/1522 1519/1519/1519
f 1493/1493/1493 1495/1495/1495 1522/1522/1522
f 1522/1522/1522 1495/1495/1495 1523/1523/1523
f 1496/1496/1496 1523/1523/1523 1495/1495/1495
f 1524/1524/1524 1519/1519/1519 1522/1522/1522
f 1522/1522/1522 1523/1523/1523 1524/1524/1524
f 1519/1519/1519 1524/1524/1524 1525/1525/1525
f 1526/1526/1526 1519/1519/1519 1525/1525/1525
f 1526/1526/1526 1527/1527/1527 1519/1519/1519
f 1523/1523/1523 1528/1528/1528 1524/1524/1524
f 1523/1523/1523 1496/1496/1496 1529/1529/1529
f 1523/1523/1523 1529/1529/1529 1528/1528/1528
f 1529/1529/1529 1496/1496/1496 1530/1530/1530
f 1498/1498/1498 1530/1530/1530 1496/1496/1496
f 1530/1530/1530 1498/1498/1498 1531/1531/1531
f 1529/1529/1529 1532/1532/1532 1528/1528/1528
f 1529/1529/1529 1530/1530/1530 1532/1532/1532
f 1530/1530/1530 1531/1531/1531 1532/1532/1532
f 1532/1532/1532 1533/1533/1533 1528/1528/1528
f 1533/1533/1533 1532/1532/1532 1534/1534/1534
f 1532/1532/1532 1531/1531/1531 1534/1534/1534
f 1533/1533/1533 1534/1534/1534 1535/1535/1535
f 1536/1536/1536 1531/1531/1531 1498/1498/1498
f 1498/1498/1498 1537/1537/1537 1536/1536/1536
f 1538/1538/1538 1537/1537/1537 1498/1498/1498
f 1538/1538/1538 1498/1498/1498 1539/1539/1539
f 1537/1537/1537 1540/1540/1540 1536/1536/1536
f 1540/1540/1540 1537/1537/1537 1541/1541/1541
f 1536/1536/1536 1540/1540/1540 1542/1542/1542
f 1541/1541/1541 1542/1542/1542 1540/1540/1540
f 1542/1542/1542 1531/1531/1531 1536/1536/1536
f 1541/1541/1541 1543/1543/1543 1542/1542/1542
f 1544/1544/1544 1543/1543/1543 1541/1541/1541
f 1531/1531/1531 1542/1542/1542 1545/1545/1545
f 1543/1543/1543 1545/1545/1545 1542/1542/1542
f 1531/1531/1531 1545/1545/1545 1546/1546/1546
f 1531/1531/1531 1546/1546/1546 1534/1534/1534
f 1545/1545/1545 1543/1543/1543 1546/1546/1546
f 1546/1546/1546 1547/1547/1547 1534/1534/1534
f 1546/1546/1546 1543/1543/1543 1547/1547/1547
f 1543/1543/1543 1544/1544/1544 1548/1548/1548
f 1544/1544/1544 1549/1549/1549 1548/1548/1548
f 1543/1543/1543 1548/1548/1548 1550/1550/1550
f 1543/1543/1543 1550/1550/1550 1547/1547/1547
f 1548/1548/1548 1549/1549/1549 1551/1551/1551
f 1548/1548/1548 1551/1551/1551 1550/1550/1550
f 1549/1549/1549 1552/1552/1552 1551/1551/1551
f 1534/1534/1534 1547/1547/1547 1553/1553/1553
f 1553/1553/1553 1554/1554/1554 1534/1534/1534
f 1547/1547/1547 1555/1555/1555 1553/1553/1553
f 1547/1547/1547 1550/1550/1550 1555/1555/1555
f 1555/1555/1555 1556/1556/1556 1553/1553/1553
f 1556/1556/1556 1555/1555/1555 1557/1557/1557
f 1555/1555/1555 1550/1550/1550 1557/1557/1557
f 1557/1557/1557 1550/1550/1550 1558/1558/1558
f 1558/1558/1558 1550/1550/1550 1551/1551/1551
f 1558/1558/1558 1559/1559/1559 1557/1557/1557
f 1551/1551/1551 1552/1552/1552 1560/1560/1560
f 1560/1560/1560 1558/1558/1558 1551/1551/1551
f 1552/1552/1552 1561/1561/1561 1560/1560/1560
f 1560/1560/1560 1561/1561/1561 1562/1562/1562
f 1558/1558/1558 1563/1563/1563 1559/1559/1559
f 1560/1560/1560 1563/1563/1563 1558/1558/1558
f 1559/1559/1559 1563/1563/1563 1564/1564/1564
f 1565/1565/1565 1560/1560/1560 1562/1562/1562
f 1560/1560/1560 1565/1565/1565 1563/1563/1563
f 1562/1562/1562 1566/1566/1566 1565/1565/1565
f 1567/1567/1567 1563/1563/1563 1565/1565/1565
f 1563/1563/1563 1567/1567/1567 1564/1564/1564
f 1566/1566/1566 1568/1568/1568 1565/1565/1565
f 1567/1567/1567 1565/1565/1565 1568/1568/1568
f 1566/1566/1566 1569/1569/1569 1568/1568/1568
f 1567/1567/1567 1568/1568/1568 1570/1570/1570
f 1564/1564/1564 1567/1567/1567 1570/1570/1570
f 1568/1568/1568 1569/1569/1569 1571/1571/1571
f 1568/1568/1568 1571/1571/1571 1570/1570/1570
f 1572/1572/1572 1571/1571/1571 1569/1569/1569
f 1572/1572/1572 1573/1573/1573 1571/1571/1571
f 1571/1571/1571 1573/1573/1573 1574/1574/1574
f 1571/1571/1571 1574/1574/1574 1570/1570/1570
f 1574/1574/1574 1575/1575/1575 1570/1570/1570
f 1570/1570/1570 1575/1575/1575 1564/1564/1564
f 1564/1564/1564 1575/1575/1575 1576/1576/1576
f 1576/1576/1576 1577/1577/1577 1564/1564/1564
f 1577/1577/1577 1578/1578/1578 1564/1564/1564
f 1581/1581/1581 1580/1580/1580 1579/1579/1579
f 1579/1579/1579 1580/1580/1580 1582/1582/1582
f 1583/1583/1583 1579/1579/1579 1582/1582/1582
f 1584/1584/1584 1579/1579/1579 1583/1583/1583
f 1584/1584/1584 1585/1585/1585 1579/1579/1579
f 1582/1582/1582 1580/1580/1580 1586/1586/1586
f 1586/1586/1586 1580/1580/1580 1587/1587/1587
f 1588/1588/1588 1586/1586/1586 1587/1587/1587
f 1586/1586/1586 1588/1588/1588 1589/1589/1589
f 1589/1589/1589 1588/1588/1588 1590/1590/1590
f 1588/1588/1588 1591/1591/1591 1590/1590/1590
f 1591/1591/1591 1592/1592/1592 1590/1590/1590
f 1592/1592/1592 1591/1591/1591 1593/1593/1593
f 1594/1594/1594 1592/1592/1592 1593/1593/1593
f 1594/1594/1594 1593/1593/1593 1595/1595/1595
f 1593/1593/1593 1596/1596/1596 1595/1595/1595
f 1595/1595/1595 1596/1596/1596 1597/1597/1597
f 1593/1593/1593 1598/1598/1598 1596/1596/1596
f 1599/1599/1599 1597/1597/1597 1596/1596/1596
f 1600/1600/1600 1597/1597/1597 1599/1599/1599
f 1598/1598/1598 1601/1601/1601 1596/1596/1596
f 1596/1596/1596 1601/1601/1601 1599/1599/1599
f 1599/1599/1599 1601/1601/1601 1600/1600/1600
f 1598/1598/1598 1602/1602/1602 1601/1601/1601
f 1600/1600/1600 1601/1601/1601 1603/1603/1603
f 1600/1600/1600 1603/1603/1603 1604/1604/1604
f 1605/1605/1605 1600/1600/1600 1604/1604/1604
f 1605/1605/1605 1604/1604/1604 1606/1606/1606
f 1605/1605/1605 1606/1606/1606 1607/1607/1607
f 1607/1607/1607 1606/1606/1606 1608/1608/1608
f 1607/1607/1607 1608/1608/1608 1609/1609/1609
f 1609/1609/1609 1608/1608/1608 1610/1610/1610
f 1611/1611/1611 1609/1609/1609 1610/1610/1610
f 1611/1611/1611 1610/1610/1610 1612/1612/1612
f 1612/1612/1612 1610/1610/1610 1613/1613/1613
f 1610/1610/1610 1614/1614/1614 1613/1613/1613
f 1613/1613/1613 1614/1614/1614 1615/1615/1615
f 1615/1615/1615 1614/1614/1614 1616/1616/1616
f 1615/1615/1615 1616/1616/1616 1617/1617/1617
f 1618/1618/1618 1617/1617/1617 1616/1616/1616
f 1619/1619/1619 1617/1617/1617 1618/1618/1618
f 1618/1618/1618 1620/1620/1620 1619/1619/1619
f 1618/1618/1618 1621/1621/1621 1620/1620/1620
f 1620/1620/1620 1621/1621/1621 1622/1622/1622
f 1625/1625/1625 1624/1624/1624 1623/1623/1623
f 1625/1625/1625 1623/1623/1623 1626/1626/1626
f 1629/1629/1629 1628/1628/1628 1627/1627/1627
f 1627/1627/1627 1630/1630/1630 1629/1629/1629
f 1629/1629/1629 1630/1630/1630 1631/1631/1631
f 1631/1631/1631 1630/1630/1630 1632/1632/1632
f 1632/1632/1632 1630/1630/1630 1633/1633/1633
f 1636/1636/1636 1635/1635/1635 1634/1634/1634
f 1634/1634/1634 1635/1635/1635 1637/1637/1637
f 1637/1637/1637 1635/1635/1635 1638/1638/1638
f 1635/1635/1635 1639/1639/1639 1638/1638/1638
f 1640/1640/1640 1637/1637/1637 1638/1638/1638
f 1641/1641/1641 1637/1637/1637 1640/1640/1640
f 1638/1638/1638 1642/1642/1642 1640/1640/1640
f 1642/1642/1642 1638/1638/1638 1643/1643/1643
f 1642/1642/1642 1644/1644/1644 1640/1640/1640
f 1642/1642/1642 1643/1643/1643 1644/1644/1644
f 1641/1641/1641 1640/1640/1640 1645/1645/1645
f 1640/1640/1640 1644/1644/1644 1645/1645/1645
f 1646/1646/1646 1641/1641/1641 1645/1645/1645
f 1641/1641/1641 1646/1646/1646 1647/1647/1647
f 1645/1645/1645 1644/1644/1644 1648/1648/1648
f 1649/1649/1649 1641/1641/1641 1647/1647/1647
f 1643/1643/1643 1650/1650/1650 1644/1644/1644
f 1643/1643/1643 1651/1651/1651 1650/1650/1650
f 1651/1651/1651 1652/1652/1652 1650/1650/1650
f 1653/1653/1653 1652/1652/1652 1651/1651/1651
f 1653/1653/1653 1654/1654/1654 1652/1652/1652
f 1644/1644/1644 1655/1655/1655 1648/1648/1648
f 1650/1650/1650 1655/1655/1655 1644/1644/1644
f 1650/1650/1650 1652/1652/1652 1655/1655/1655
f 1648/1648/1648 1655/1655/1655 1656/1656/1656
f 1652/1652/1652 1656/1656/1656 1655/1655/1655
f 1656/1656/1656 1652/1652/1652 1657/1657/1657
f 1654/1654/1654 1658/1658/1658 1652/1652/1652
f 1652/1652/1652 1658/1658/1658 1657/1657/1657
f 1659/1659/1659 1658/1658/1658 1654/1654/1654
f 1660/1660/1660 1658/1658/1658 1659/1659/1659
f 1658/1658/1658 1661/1661/1661 1657/1657/1657
f 1660/1660/1660 1661/1661/1661 1658/1658/1658
f 1661/1661/1661 1662/1662/1662 1657/1657/1657
f 1663/1663/1663 1661/1661/1661 1660/1660/1660
f 1661/1661/1661 1664/1664/1664 1662/1662/1662
f 1661/1661/1661 1663/1663/1663 1664/1664/1664
f 1662/1662/1662 1664/1664/1664 1665/1665/1665
f 1665/1665/1665 1664/1664/1664 1666/1666/1666
f 1667/1667/1667 1664/1664/1664 1663/1663/1663
f 1666/1666/1666 1664/1664/1664 1667/1667/1667
f 1667/1667/1667 1663/1663/1663 1668/1668/1668
f 1666/1666/1666 1667/1667/1667 1669/1669/1669
f 1668/1668/1668 1669/1669/1669 1667/1667/1667
f 1666/1666/1666 1669/1669/1669 1670/1670/1670
f 1668/1668/1668 1671/1671/1671 1669/1669/1669
f 1669/1669/1669 1672/1672/1672 1670/1670/1670
f 1671/1671/1671 1673/1673/1673 1669/1669/1669
f 1669/1669/1669 1673/1673/1673 1672/1672/1672
f 1676/1676/1676 1675/1675/1675 1674/1674/1674
f 1676/1676/1676 1677/1677/1677 1675/1675/1675
f 1677/1677/1677 1678/1678/1678 1675/1675/1675
f 1678/1678/1678 1677/1677/1677 1679/1679/1679
f 1679/1679/1679 1677/1677/1677 1680/1680/1680
f 1680/1680/1680 1681/1681/1681 1679/1679/1679
f 1681/1681/1681 1682/1682/1682 1679/1679/1679
f 1679/1679/1679 1682/1682/1682 1683/1683/1683
f 1684/1684/1684 1683/1683/1683 1682/1682/1682
f 1682/1682/1682 1685/1685/1685 1684/1684/1684
f 1685/1685/1685 1686/1686/1686 1684/1684/1684
f 1684/1684/1684 1686/1686/1686 1687/1687/1687
f 1686/1686/1686 1688/1688/1688 1687/1687/1687
f 1689/1689/1689 1687/1687/1687 1688/1688/1688
f 1689/1689/1689 1688/1688/1688 1690/1690/1690
f 1688/1688/1688 1691/1691/1691 1690/1690/1690
f 1690/1690/1690 1691/1691/1691 1692/1692/1692
f 1692/1692/1692 1693/1693/1693 1690/1690/1690
f 1692/1692/1692 1694/1694/1694 1693/1693/1693
f 1697/1697/1697 1696/1696/1696 1695/1695/1695
f 1696/1696/1696 1698/1698/1698 1695/1695/1695
f 1695/1695/1695 1698/1698/1698 1699/1699/1699
f 1695/1695/1695 1699/1699/1699 1700/1700/1700
f 1699/1699/1699 1701/1701/1701 1700/1700/1700
f 1702/1702/1702 1700/1700/1700 1701/1701/1701
f 1701/1701/1701 1703/1703/1703 1702/1702/1702
f 1704/1704/1704 1702/1702/1702 1703/1703/1703
f 1705/1705/1705 1701/1701/1701 1699/1699/1699
f 1701/1701/1701 1705/1705/1705 1703/1703/1703
f 1699/1699/1699 1706/1706/1706 1705/1705/1705
f 1707/1707/1707 1704/1704/1704 1703/1703/1703
f 1707/1707/1707 1708/1708/1708 1704/1704/1704
f 1703/1703/1703 1705/1705/1705 1709/1709/1709
f 1709/1709/1709 1707/1707/1707 1703/1703/1703
f 1710/1710/1710 1708/1708/1708 1707/1707/1707
f 1710/1710/1710 1707/1707/1707 1709/1709/1709
f 1708/1708/1708 1710/1710/1710 1711/1711/1711
f 1710/1710/1710 1712/1712/1712 1711/1711/1711
f 1713/1713/1713 1712/1712/1712 1710/1710/1710
f 1705/1705/1705 1714/1714/1714 1709/1709/1709
f 1705/1705/1705 1706/1706/1706 1714/1714/1714
f 1710/1710/1710 1709/1709/1709 1715/1715/1715
f 1713/1713/1713 1710/1710/1710 1715/1715/1715
f 1709/1709/1709 1714/1714/1714 1715/1715/1715
f 1713/1713/1713 1715/1715/1715 1716/1716/1716
f 1713/1713/1713 1716/1716/1716 1717/1717/1717
f 1717/1717/1717 1716/1716/1716 1718/1718/1718
f 1719/1719/1719 1715/1715/1715 1714/1714/1714
f 1716/1716/1716 1715/1715/1715 1719/1719/1719
f 1720/1720/1720 1718/1718/1718 1716/1716/1716
f 1720/1720/1720 1721/1721/1721 1718/1718/1718
f 1720/1720/1720 1722/1722/1722 1721/1721/1721
f 1723/1723/1723 1722/1722/1722 1720/1720/1720
f 1724/1724/1724 1716/1716/1716 1719/1719/1719
f 1714/1714/1714 1724/1724/1724 1719/1719/1719
f 1720/1720/1720 1716/1716/1716 1724/1724/1724
f 1723/1723/1723 1720/1720/1720 1725/1725/1725
f 1720/1720/1720 1724/1724/1724 1725/1725/1725
f 1723/1723/1723 1725/1725/1725 1726/1726/1726
f 1727/1727/1727 1726/1726/1726 1725/1725/1725
f 1728/1728/1728 1724/1724/1724 1714/1714/1714
f 1724/1724/1724 1728/1728/1728 1725/1725/1725
f 1706/1706/1706 1728/1728/1728 1714/1714/1714
f 1725/1725/1725 1728/1728/1728 1729/1729/1729
f 1725/1725/1725 1729/1729/1729 1727/1727/1727
f 1706/1706/1706 1729/1729/1729 1728/1728/1728
f 1730/1730/1730 1727/1727/1727 1729/1729/1729
f 1729/1729/1729 1706/1706/1706 1730/1730/1730
f 1730/1730/1730 1731/1731/1731 1727/1727/1727
f 1731/1731/1731 1730/1730/1730 1732/1732/1732
f 1732/1732/1732 1733/1733/1733 1731/1731/1731
f 1706/1706/1706 1734/1734/1734 1730/1730/1730
f 1732/1732/1732 1730/1730/1730 1734/1734/1734
f 1733/1733/1733 1732/1732/1732 1735/1735/1735
f 1736/1736/1736 1733/1733/1733 1735/1735/1735
f 1734/1734/1734 1706/1706/1706 1737/1737/1737
f 1699/1699/1699 1737/1737/1737 1706/1706/1706
f 1737/1737/1737 1699/1699/1699 1734/1734/1734
f 1699/1699/1699 1698/1698/1698 1734/1734/1734
f 1738/1738/1738 1732/1732/1732 1734/1734/1734
f 1738/1738/1738 1734/1734/1734 1698/1698/1698
f 1735/1735/1735 1732/1732/1732 1738/1738/1738
f 1696/1696/1696 1738/1738/1738 1698/1698/1698
f 1735/1735/1735 1738/1738/1738 1696/1696/1696
f 1735/1735/1735 1696/1696/1696 1739/1739/1739
f 1742/1742/1742 1741/1741/1741 1740/1740/1740
f 1740/1740/1740 1743/1743/1743 1742/1742/1742
f 1742/1742/1742 1743/1743/1743 1744/1744/1744
f 1747/1747/1747 1746/1746/1746 1745/1745/1745
f 1746/1746/1746 1748/1748/1748 1745/1745/1745
f 1749/1749/1749 1748/1748/1748 1746/1746/1746
f 1750/1750/1750 1749/1749/1749 1746/1746/1746
f 1750/1750/1750 1751/1751/1751 1749/1749/1749
f 1750/1750/1750 1746/1746/1746 1752/1752/1752
f 1753/1753/1753 1750/1750/1750 1752/1752/1752
f 1756/1756/1756 1755/1755/1755 1754/1754/1754
f 1756/1756/1756 1754/1754/1754 1757/1757/1757
f 1757/1757/1757 1758/1758/1758 1756/1756/1756
f 1758/1758/1758 1759/1759/1759 1756/1756/1756
f 1760/1760/1760 1759/1759/1759 1758/1758/1758
f 1760/1760/1760 1758/1758/1758 1761/1761/1761
f 1761/1761/1761 1762/1762/1762 1760/1760/1760
f 1761/1761/1761 1763/1763/1763 1762/1762/1762
f 1761/1761/1761 1764/1764/1764 1763/1763/1763
f 1765/1765/1765 1763/1763/1763 1764/1764/1764
f 1765/1765/1765 1766/1766/1766 1763/1763/1763
f 1767/1767/1767 1766/1766/1766 1765/1765/1765
f 1764/1764/1764 1768/1768/1768 1765/1765/1765
f 1768/1768/1768 1764/1764/1764 1769/1769/1769
f 1768/1768/1768 1769/1769/1769 1770/1770/1770
f 1770/1770/1770 1769/1769/1769 1771/1771/1771
f 1774/1774/1774 1773/1773/1773 1772/1772/1772
f 1775/1775/1775 1772/1772/1772 1773/1773/1773
f 1776/1776/1776 1772/1772/1772 1775/1775/1775
f 1777/1777/1777 1776/1776/1776 1775/1775/1775
f 1777/1777/1777 1775/1775/1775 1778/1778/1778
f 1777/1777/1777 1778/1778/1778 1779/1779/1779
f 1780/1780/1780 1778/1778/1778 1775/1775/1775
f 1775/1775/1775 1773/1773/1773 1780/1780/1780
f 1780/1780/1780 1773/1773/1773 1781/1781/1781
f 1781/1781/1781 1773/1773/1773 1782/1782/1782
f 1785/1785/1785 1784/1784/1784 1783/1783/1783
f 1786/1786/1786 1785/1785/1785 1783/1783/1783
f 1787/1787/1787 1786/1786/1786 1783/1783/1783
f 1787/1787/1787 1788/1788/1788 1786/1786/1786
f 1786/1786/1786 1788/1788/1788 1789/1789/1789
f 1785/1785/1785 1786/1786/1786 1790/1790/1790
f 1791/1791/1791 1785/1785/1785 1790/1790/1790
f 1791/1791/1791 1790/1790/1790 1792/1792/1792
f 1792/1792/1792 1790/1790/1790 1793/1793/1793
f 1787/1787/1787 1794/1794/1794 1788/1788/1788
f 1795/1795/1795 1794/1794/1794 1787/1787/1787
f 1794/1794/1794 1796/1796/1796 1788/1788/1788
f 1796/1796/1796 1797/1797/1797 1788/1788/1788
f 1796/1796/1796 1798/1798/1798 1797/1797/1797
f 1788/1788/1788 1797/1797/1797 1799/1799/1799
f 1788/1788/1788 1799/1799/1799 1800/1800/1800
f 1800/1800/1800 1799/1799/1799 1801/1801/1801
f 1799/1799/1799 1802/1802/1802 1801/1801/1801
f 1801/1801/1801 1803/1803/1803 1800/1800/1800
f 1788/1788/1788 1800/1800/1800 1804/1804/1804
f 1789/1789/1789 1788/1788/1788 1804/1804/1804
f 1789/1789/1789 1804/1804/1804 1805/1805/1805
f 1804/1804/1804 1800/1800/1800 1805/1805/1805
f 1805/1805/1805 1800/1800/1800 1806/1806/1806
f 1803/1803/1803 1807/1807/1807 1800/1800/1800
f 1803/1803/1803 1808/1808/1808 1807/1807/1807
f 1800/1800/1800 1807/1807/1807 1809/1809/1809
f 1806/1806/1806 1800/1800/1800 1809/1809/1809
f 1807/1807/1807 1810/1810/1810 1809/1809/1809
f 1811/1811/1811 1809/1809/1809 1810/1810/1810
f 1806/1806/1806 1809/1809/1809 1812/1812/1812
f 1809/1809/1809 1811/1811/1811 1812/1812/1812
f 1813/1813/1813 1806/1806/1806 1812/1812/1812
f 1812/1812/1812 1811/1811/1811 1814/1814/1814
f 1813/1813/1813 1812/1812/1812 1815/1815/1815
f 1816/1816/1816 1813/1813/1813 1815/1815/1815
f 1812/1812/1812 1814/1814/1814 1817/1817/1817
f 1817/1817/1817 1814/1814/1814 1818/1818/1818
f 1821/1821/1821 1820/1820/1820 1819/1819/1819
f 1821/1821/1821 1819/1819/1819 1822/1822/1822
f 1822/1822/1822 1823/1823/1823 1821/1821/1821
f 1823/1823/1823 1824/1824/1824 1821/1821/1821
f 1824/1824/1824 1823/1823/1823 1825/1825/1825
f 1822/1822/1822 1826/1826/1826 1823/1823/1823
f 1826/1826/1826 1825/1825/1825 1823/1823/1823
f 1826/1826/1826 1822/1822/1822 1827/1827/1827
f 1828/1828/1828 1825/1825/1825 1826/1826/1826
f 1831/1831/1831 1830/1830/1830 1829/1829/1829
f 1831/1831/1831 1832/1832/1832 1830/1830/1830
f 1830/1830/1830 1832/1832/1832 1833/1833/1833
f 1832/1832/1832 1834/1834/1834 1833/1833/1833
f 1835/1835/1835 1834/1834/1834 1832/1832/1832
f 1836/1836/1836 1832/1832/1832 1831/1831/1831
f 1835/1835/1835 1832/1832/1832 1836/1836/1836
f 1835/1835/1835 1836/1836/1836 1837/1837/1837
f 1837/1837/1837 1836/1836/1836 1838/1838/1838
f 1841/1841/1841 1840/1840/1840 1839/1839/1839
f 1841/1841/1841 1842/1842/1842 1840/1840/1840
f 1845/1845/1845 1844/1844/1844 1843/1843/1843
f 1844/1844/1844 1845/1845/1845 1846/1846/1846
f 1846/1846/1846 1845/1845/1845 1847/1847/1847
f 1848/1848/1848 1846/1846/1846 1847/1847/1847
f 1849/1849/1849 1847/1847/1847 1845/1845/1845
f 1850/1850/1850 1847/1847/1847 1849/1849/1849
f 1850/1850/1850 1851/1851/1851 1847/1847/1847
f 1847/1847/1847 1851/1851/1851 1852/1852/1852
f 1847/1847/1847 1852/1852/1852 1853/1853/1853
f 1856/1856/1856 1855/1855/1855 1854/1854/1854
f 1856/1856/1856 1857/1857/1857 1855/1855/1855
f 1857/1857/1857 1856/1856/1856 1858/1858/1858
f 1857/1857/1857 1859/1859/1859 1855/1855/1855
f 1858/1858/1858 1860/1860/1860 1857/1857/1857
f 1861/1861/1861 1860/1860/1860 1858/1858/1858
f 1860/1860/1860 1861/1861/1861 1862/1862/1862
f 1861/1861/1861 1863/1863/1863 1862/1862/1862
f 1862/1862/1862 1863/1863/1863 1864/1864/1864
f 1865/1865/1865 1864/1864/1864 1863/1863/1863
f 1866/1866/1866 1864/1864/1864 1865/1865/1865
f 1865/1865/1865 1867/1867/1867 1866/1866/1866
f 1862/1862/1862 1868/1868/1868 1860/1860/1860
f 1868/1868/1868 1869/1869/1869 1860/1860/1860
f 1860/1860/1860 1869/1869/1869 1857/1857/1857
f 1862/1862/1862 1870/1870/1870 1868/1868/1868
f 1864/1864/1864 1870/1870/1870 1862/1862/1862
f 1868/1868/1868 1870/1870/1870 1869/1869/1869
f 1859/1859/1859 1857/1857/1857 1871/1871/1871
f 1869/1869/1869 1872/1872/1872 1857/1857/1857
f 1857/1857/1857 1872/1872/1872 1871/1871/1871
f 1869/1869/1869 1873/1873/1873 1872/1872/1872
f 1872/1872/1872 1873/1873/1873 1871/1871/1871
f 1873/1873/1873 1874/1874/1874 1871/1871/1871
f 1859/1859/1859 1871/1871/1871 1875/1875/1875
f 1875/1875/1875 1871/1871/1871 1874/1874/1874
f 1859/1859/1859 1875/1875/1875 1876/1876/1876
f 1870/1870/1870 1877/1877/1877 1869/1869/1869
f 1877/1877/1877 1873/1873/1873 1869/1869/1869
f 1878/1878/1878 1870/1870/1870 1864/1864/1864
f 1870/1870/1870 1878/1878/1878 1877/1877/1877
f 1879/1879/1879 1876/1876/1876 1875/1875/1875
f 1880/1880/1880 1876/1876/1876 1879/1879/1879
f 1879/1879/1879 1881/1881/1881 1880/1880/1880
f 1879/1879/1879 1882/1882/1882 1881/1881/1881
f 1882/1882/1882 1879/1879/1879 1883/1883/1883
f 1879/1879/1879 1875/1875/1875 1884/1884/1884
f 1883/1883/1883 1879/1879/1879 1884/1884/1884
f 1874/1874/1874 1884/1884/1884 1875/1875/1875
f 1883/1883/1883 1884/1884/1884 1885/1885/1885
f 1886/1886/1886 1883/1883/1883 1885/1885/1885
f 1885/1885/1885 1884/1884/1884 1887/1887/1887
f 1886/1886/1886 1885/1885/1885 1887/1887/1887
f 1884/1884/1884 1874/1874/1874 1887/1887/1887
f 1886/1886/1886 1887/1887/1887 1888/1888/1888
f 1889/1889/1889 1886/1886/1886 1888/1888/1888
f 1890/1890/1890 1887/1887/1887 1874/1874/1874
f 1888/1888/1888 1887/1887/1887 1890/1890/1890
f 1891/1891/1891 1889/1889/1889 1888/1888/1888
f 1889/1889/1889 1891/1891/1891 1892/1892/1892
f 1889/1889/1889 1892/1892/1892 1893/1893/1893
f 1888/1888/1888 1894/1894/1894 1891/1891/1891
f 1894/1894/1894 1888/1888/1888 1890/1890/1890
f 1894/1894/1894 1890/1890/1890 1895/1895/1895
f 1874/1874/1874 1896/1896/1896 1890/1890/1890
f 1890/1890/1890 1896/1896/1896 1895/1895/1895
f 1897/1897/1897 1896/1896/1896 1874/1874/1874
f 1874/1874/1874 1873/1873/1873 1897/1897/1897
f 1873/1873/1873 1877/1877/1877 1897/1897/1897
f 1895/1895/1895 1896/1896/1896 1898/1898/1898
f 1895/1895/1895 1898/1898/1898 1899/1899/1899
f 1899/1899/1899 1898/1898/1898 1900/1900/1900
f 1897/1897/1897 1901/1901/1901 1896/1896/1896
f 1877/1877/1877 1901/1901/1901 1897/1897/1897
f 1896/1896/1896 1901/1901/1901 1898/1898/1898
f 1900/1900/1900 1898/1898/1898 1902/1902/1902
f 1898/1898/1898 1901/1901/1901 1902/1902/1902
f 1902/1902/1902 1901/1901/1901 1877/1877/1877
f 1900/1900/1900 1902/1902/1902 1903/1903/1903
f 1877/1877/1877 1878/1878/1878 1902/1902/1902
f 1903/1903/1903 1902/1902/1902 1904/1904/1904
f 1878/1878/1878 1904/1904/1904 1902/1902/1902
f 1904/1904/1904 1905/1905/1905 1903/1903/1903
f 1878/1878/1878 1906/1906/1906 1904/1904/1904
f 1906/1906/1906 1878/1878/1878 1864/1864/1864
f 1866/1866/1866 1906/1906/1906 1864/1864/1864
f 1907/1907/1907 1906/1906/1906 1866/1866/1866
f 1904/1904/1904 1908/1908/1908 1905/1905/1905
f 1906/1906/1906 1908/1908/1908 1904/1904/1904
f 1905/1905/1905 1908/1908/1908 1909/1909/1909
f 1910/1910/1910 1908/1908/1908 1906/1906/1906
f 1910/1910/1910 1909/1909/1909 1908/1908/1908
f 1910/1910/1910 1906/1906/1906 1907/1907/1907
f 1910/1910/1910 1911/1911/1911 1909/1909/1909
f 1907/1907/1907 1911/1911/1911 1910/1910/1910
f 1907/1907/1907 1912/1912/1912 1911/1911/1911
f 1913/1913/1913 1907/1907/1907 1866/1866/1866
f 1913/1913/1913 1914/1914/1914 1907/1907/1907
f 1913/1913/1913 1866/1866/1866 1867/1867/1867
f 1913/1913/1913 1867/1867/1867 1915/1915/1915
f 1915/1915/1915 1914/1914/1914 1913/1913/1913
f 1915/1915/1915 1867/1867/1867 1916/1916/1916
f 1917/1917/1917 1915/1915/1915 1916/1916/1916
f 1917/1917/1917 1918/1918/1918 1915/1915/1915
f 1915/1915/1915 1918/1918/1918 1914/1914/1914
f 1919/1919/1919 1918/1918/1918 1917/1917/1917
f 1920/1920/1920 1919/1919/1919 1917/1917/1917
f 1919/1919/1919 1921/1921/1921 1918/1918/1918
f 1918/1918/1918 1921/1921/1921 1914/1914/1914
f 1922/1922/1922 1919/1919/1919 1920/1920/1920
f 1922/1922/1922 1921/1921/1921 1919/1919/1919
f 1907/1907/1907 1923/1923/1923 1912/1912/1912
f 1907/1907/1907 1914/1914/1914 1923/1923/1923
f 1921/1921/1921 1924/1924/1924 1914/1914/1914
f 1921/1921/1921 1922/1922/1922 1924/1924/1924
f 1914/1914/1914 1925/1925/1925 1923/1923/1923
f 1912/1912/1912 1923/1923/1923 1925/1925/1925
f 1914/1914/1914 1924/1924/1924 1925/1925/1925
f 1912/1912/1912 1925/1925/1925 1926/1926/1926
f 1912/1912/1912 1926/1926/1926 1927/1927/1927
f 1927/1927/1927 1926/1926/1926 1928/1928/1928
f 1928/1928/1928 1926/1926/1926 1925/1925/1925
f 1928/1928/1928 1925/1925/1925 1924/1924/1924
f 1928/1928/1928 1924/1924/1924 1929/1929/1929
f 1924/1924/1924 1930/1930/1930 1929/1929/1929
f 1922/1922/1922 1930/1930/1930 1924/1924/1924
f 1930/1930/1930 1931/1931/1931 1929/1929/1929
f 1930/1930/1930 1932/1932/1932 1931/1931/1931
f 1930/1930/1930 1933/1933/1933 1932/1932/1932
f 1932/1932/1932 1933/1933/1933 1934/1934/1934
f 1922/1922/1922 1935/1935/1935 1930/1930/1930
f 1935/1935/1935 1933/1933/1933 1930/1930/1930
f 1935/1935/1935 1922/1922/1922 1936/1936/1936
f 1936/1936/1936 1922/1922/1922 1920/1920/1920
f 1937/1937/1937 1936/1936/1936 1920/1920/1920
f 1938/1938/1938 1936/1936/1936 1937/1937/1937
f 1938/1938/1938 1939/1939/1939 1936/1936/1936
f 1936/1936/1936 1939/1939/1939 1935/1935/1935
f 1933/1933/1933 1935/1935/1935 1940/1940/1940
f 1939/1939/1939 1940/1940/1940 1935/1935/1935
f 1933/1933/1933 1941/1941/1941 1934/1934/1934
f 1940/1940/1940 1941/1941/1941 1933/1933/1933
f 1942/1942/1942 1940/1940/1940 1939/1939/1939
f 1941/1941/1941 1940/1940/1940 1942/1942/1942
f 1943/1943/1943 1934/1934/1934 1941/1941/1941
f 1941/1941/1941 1942/1942/1942 1943/1943/1943
f 1934/1934/1934 1943/1943/1943 1944/1944/1944
f 1943/1943/1943 1945/1945/1945 1944/1944/1944
f 1943/1943/1943 1946/1946/1946 1945/1945/1945
f 1947/1947/1947 1945/1945/1945 1946/1946/1946
f 1943/1943/1943 1948/1948/1948 1946/1946/1946
f 1942/1942/1942 1948/1948/1948 1943/1943/1943
f 1942/1942/1942 1939/1939/1939 1949/1949/1949
f 1949/1949/1949 1948/1948/1948 1942/1942/1942
f 1950/1950/1950 1949/1949/1949 1939/1939/1939
f 1948/1948/1948 1949/1949/1949 1951/1951/1951
f 1950/1950/1950 1951/1951/1951 1949/1949/1949
f 1952/1952/1952 1951/1951/1951 1950/1950/1950
f 1953/1953/1953 1951/1951/1951 1952/1952/1952
f 1953/1953/1953 1952/1952/1952 1954/1954/1954
f 1957/1957/1957 1956/1956/1956 1955/1955/1955
f 1957/1957/1957 1958/1958/1958 1956/1956/1956
f 1959/1959/1959 1958/1958/1958 1957/1957/1957
f 1958/1958/1958 1959/1959/1959 1960/1960/1960
f 1958/1958/1958 1961/1961/1961 1956/1956/1956
f 1962/1962/1962 1956/1956/1956 1961/1961/1961
f 1963/1963/1963 1956/1956/1956 1962/1962/1962
f 1964/1964/1964 1962/1962/1962 1961/1961/1961
f 1964/1964/1964 1965/1965/1965 1962/1962/1962
f 1966/1966/1966 1965/1965/1965 1964/1964/1964
f 1969/1969/1969 1968/1968/1968 1967/1967/1967
f 1967/1967/1967 1970/1970/1970 1969/1969/1969
f 1973/1973/1973 1972/1972/1972 1971/1971/1971
f 1974/1974/1974 1973/1973/1973 1971/1971/1971
f 1974/1974/1974 1975/1975/1975 1973/1973/1973
f 1974/1974/1974 1976/1976/1976 1975/1975/1975
f 1974/1974/1974 1977/1977/1977 1976/1976/1976
f 1971/1971/1971 1977/1977/1977 1974/1974/1974
f 1976/1976/1976 1977/1977/1977 1978/1978/1978
f 1978/1978/1978 1979/1979/1979 1976/1976/1976
f 1978/1978/1978 1977/1977/1977 1980/1980/1980
f 1977/1977/1977 1971/1971/1971 1980/1980/1980
f 1978/1978/1978 1980/1980/1980 1981/1981/1981
f 1980/1980/1980 1982/1982/1982 1981/1981/1981
f 1980/1980/1980 1971/1971/1971 1983/1983/1983
f 1980/1980/1980 1983/1983/1983 1982/1982/1982
f 1983/1983/1983 1971/1971/1971 1984/1984/1984
f 1984/1984/1984 1971/1971/1971 1985/1985/1985
f 1986/1986/1986 1983/1983/1983 1984/1984/1984
f 1986/1986/1986 1987/1987/1987 1983/1983/1983
f 1987/1987/1987 1988/1988/1988 1983/1983/1983
f 1988/1988/1988 1982/1982/1982 1983/1983/1983
f 1989/1989/1989 1982/1982/1982 1988/1988/1988
f 1988/1988/1988 1990/1990/1990 1989/1989/1989
f 1993/1993/1993 1992/1992/1992 1991/1991/1991
f 1993/1993/1993 1994/1994/1994 1992/1992/1992
f 1992/1992/1992 1994/1994/1994 1995/1995/1995
f 1993/1993/1993 1996/1996/1996 1994/1994/1994
f 1994/1994/1994 1996/1996/1996 1995/1995/1995
f 1993/1993/1993 1997/1997/1997 1996/1996/1996
f 1995/1995/1995 1996/1996/1996 1998/1998/1998
f 1996/1996/1996 1997/1997/1997 1999/1999/1999
f 1998/1998/1998 1996/1996/1996 1999/1999/1999
f 2002/2002/2002 2001/2001/2001 2000/2000/2000
f 2003/2003/2003 2000/2000/2000 2001/2001/2001
f 2000/2000/2000 2003/2003/2003 2004/2004/2004
f 2005/2005/2005 2004/2004/2004 2003/2003/2003
f 2001/2001/2001 2006/2006/2006 2003/2003/2003
f 2007/2007/2007 2003/2003/2003 2006/2006/2006
f 2008/2008/2008 2007/2007/2007 2006/2006/2006
f 2001/2001/2001 2009/2009/2009 2006/2006/2006
f 2010/2010/2010 2008/2008/2008 2006/2006/2006
f 2010/2010/2010 2011/2011/2011 2008/2008/2008
f 2006/2006/2006 2012/2012/2012 2010/2010/2010
f 2009/2009/2009 2012/2012/2012 2006/2006/2006
f 2013/2013/2013 2010/2010/2010 2012/2012/2012
f 2012/2012/2012 2009/2009/2009 2013/2013/2013
f 2013/2013/2013 2014/2014/2014 2010/2010/2010
f 2015/2015/2015 2014/2014/2014 2013/2013/2013
f 2013/2013/2013 2009/2009/2009 2016/2016/2016
f 2016/2016/2016 2015/2015/2015 2013/2013/2013
f 2016/2016/2016 2009/2009/2009 2017/2017/2017
f 2016/2016/2016 2017/2017/2017 2018/2018/2018
f 2018/2018/2018 2019/2019/2019 2016/2016/2016
f 2020/2020/2020 2015/2015/2015 2016/2016/2016
f 2016/2016/2016 2019/2019/2019 2020/2020/2020
f 2019/2019/2019 2021/2021/2021 2020/2020/2020
f 2015/2015/2015 2020/2020/2020 2022/2022/2022
f 2023/2023/2023 2022/2022/2022 2020/2020/2020
f 2024/2024/2024 2023/2023/2023 2020/2020/2020
f 2020/2020/2020 2025/2025/2025 2024/2024/2024
f 2026/2026/2026 2023/2023/2023 2024/2024/2024
f 2024/2024/2024 2025/2025/2025 2026/2026/2026
f 2025/2025/2025 2027/2027/2027 2026/2026/2026
f 2026/2026/2026 2027/2027/2027 2028/2028/2028
f 2029/2029/2029 2026/2026/2026 2028/2028/2028
f 2032/2032/2032 2031/2031/2031 2030/2030/2030
f 2033/2033/2033 2032/2032/2032 2030/2030/2030
f 2030/2030/2030 2034/2034/2034 2033/2033/2033
f 2030/2030/2030 2035/2035/2035 2034/2034/2034
f 2032/2032/2032 2033/2033/2033 2036/2036/2036
f 2037/2037/2037 2036/2036/2036 2033/2033/2033
f 2038/2038/2038 2036/2036/2036 2037/2037/2037
f 2039/2039/2039 2037/2037/2037 2033/2033/2033
f 2034/2034/2034 2039/2039/2039 2033/2033/2033
f 2035/2035/2035 2040/2040/2040 2034/2034/2034
f 2035/2035/2035 2041/2041/2041 2040/2040/2040
f 2034/2034/2034 2040/2040/2040 2042/2042/2042
f 2034/2034/2034 2042/2042/2042 2043/2043/2043
f 2044/2044/2044 2034/2034/2034 2043/2043/2043
f 2044/2044/2044 2043/2043/2043 2045/2045/2045
f 2043/2043/2043 2046/2046/2046 2045/2045/2045
f 2045/2045/2045 2047/2047/2047 2044/2044/2044
f 2048/2048/2048 2034/2034/2034 2044/2044/2044
f 2039/2039/2039 2034/2034/2034 2048/2048/2048
f 2049/2049/2049 2048/2048/2048 2044/2044/2044
f 2039/2039/2039 2048/2048/2048 2050/2050/2050
f 2050/2050/2050 2051/2051/2051 2039/2039/2039
f 2050/2050/2050 2052/2052/2052 2051/2051/2051
f 2052/2052/2052 2050/2050/2050 2053/2053/2053
f 2054/2054/2054 2052/2052/2052 2053/2053/2053
f 2054/2054/2054 2055/2055/2055 2052/2052/2052
f 2055/2055/2055 2056/2056/2056 2052/2052/2052
f 2057/2057/2057 2039/2039/2039 2051/2051/2051
f 2039/2039/2039 2057/2057/2057 2058/2058/2058
f 2051/2051/2051 2059/2059/2059 2057/2057/2057
f 2052/2052/2052 2056/2056/2056 2060/2060/2060
f 2061/2061/2061 2060/2060/2060 2056/2056/2056
f 2060/2060/2060 2061/2061/2061 2062/2062/2062
f 2051/2051/2051 2052/2052/2052 2063/2063/2063
f 2052/2052/2052 2060/2060/2060 2063/2063/2063
f 2063/2063/2063 2059/2059/2059 2051/2051/2051
f 2060/2060/2060 2064/2064/2064 2063/2063/2063
f 2064/2064/2064 2059/2059/2059 2063/2063/2063
f 2064/2064/2064 2065/2065/2065 2059/2059/2059
f 2068/2068/2068 2067/2067/2067 2066/2066/2066
f 2069/2069/2069 2068/2068/2068 2066/2066/2066
f 2069/2069/2069 2066/2066/2066 2070/2070/2070
f 2071/2071/2071 2069/2069/2069 2070/2070/2070
f 2068/2068/2068 2069/2069/2069 2072/2072/2072
f 2069/2069/2069 2071/2071/2071 2072/2072/2072
f 2073/2073/2073 2072/2072/2072 2071/2071/2071
f 2074/2074/2074 2071/2071/2071 2070/2070/2070
f 2075/2075/2075 2074/2074/2074 2070/2070/2070
f 2074/2074/2074 2075/2075/2075 2076/2076/2076
f 2077/2077/2077 2074/2074/2074 2076/2076/2076
f 2074/2074/2074 2077/2077/2077 2071/2071/2071
f 2076/2076/2076 2078/2078/2078 2077/2077/2077
f 2079/2079/2079 2077/2077/2077 2078/2078/2078
f 2080/2080/2080 2079/2079/2079 2078/2078/2078
f 2081/2081/2081 2079/2079/2079 2080/2080/2080
f 2081/2081/2081 2080/2080/2080 2082/2082/2082
f 2071/2071/2071 2077/2077/2077 2083/2083/2083
f 2077/2077/2077 2079/2079/2079 2083/2083/2083
f 2084/2084/2084 2073/2073/2073 2071/2071/2071
f 2083/2083/2083 2084/2084/2084 2071/2071/2071
f 2085/2085/2085 2083/2083/2083 2079/2079/2079
f 2085/2085/2085 2079/2079/2079 2081/2081/2081
f 2083/2083/2083 2086/2086/2086 2084/2084/2084
f 2085/2085/2085 2086/2086/2086 2083/2083/2083
f 2081/2081/2081 2082/2082/2082 2087/2087/2087
f 2088/2088/2088 2087/2087/2087 2082/2082/2082
f 2088/2088/2088 2089/2089/2089 2087/2087/2087
f 2090/2090/2090 2089/2089/2089 2088/2088/2088
f 2091/2091/2091 2089/2089/2089 2090/2090/2090
f 2091/2091/2091 2090/2090/2090 2092/2092/2092
f 2091/2091/2091 2093/2093/2093 2089/2089/2089
f 2094/2094/2094 2087/2087/2087 2089/2089/2089
f 2094/2094/2094 2081/2081/2081 2087/2087/2087
f 2093/2093/2093 2095/2095/2095 2089/2089/2089
f 2089/2089/2089 2095/2095/2095 2094/2094/2094
f 2093/2093/2093 2096/2096/2096 2095/2095/2095
f 2096/2096/2096 2094/2094/2094 2095/2095/2095
f 2097/2097/2097 2096/2096/2096 2093/2093/2093
f 2098/2098/2098 2096/2096/2096 2097/2097/2097
f 2097/2097/2097 2099/2099/2099 2098/2098/2098
f 2099/2099/2099 2100/2100/2100 2098/2098/2098
f 2094/2094/2094 2101/2101/2101 2081/2081/2081
f 2081/2081/2081 2101/2101/2101 2102/2102/2102
f 2081/2081/2081 2102/2102/2102 2085/2085/2085
f 2103/2103/2103 2101/2101/2101 2094/2094/2094
f 2096/2096/2096 2103/2103/2103 2094/2094/2094
f 2103/2103/2103 2102/2102/2102 2101/2101/2101
f 2098/2098/2098 2104/2104/2104 2096/2096/2096
f 2100/2100/2100 2105/2105/2105 2098/2098/2098
f 2105/2105/2105 2104/2104/2104 2098/2098/2098
f 2106/2106/2106 2103/2103/2103 2096/2096/2096
f 2104/2104/2104 2106/2106/2106 2096/2096/2096
f 2104/2104/2104 2107/2107/2107 2106/2106/2106
f 2108/2108/2108 2102/2102/2102 2103/2103/2103
f 2106/2106/2106 2108/2108/2108 2103/2103/2103
f 2109/2109/2109 2085/2085/2085 2102/2102/2102
f 2102/2102/2102 2108/2108/2108 2109/2109/2109
f 2109/2109/2109 2108/2108/2108 2110/2110/2110
f 2111/2111/2111 2108/2108/2108 2106/2106/2106
f 2107/2107/2107 2111/2111/2111 2106/2106/2106
f 2110/2110/2110 2108/2108/2108 2111/2111/2111
f 2112/2112/2112 2085/2085/2085 2109/2109/2109
f 2109/2109/2109 2110/2110/2110 2112/2112/2112
f 2085/2085/2085 2112/2112/2112 2086/2086/2086
f 2113/2113/2113 2105/2105/2105 2100/2100/2100
f 2114/2114/2114 2113/2113/2113 2100/2100/2100
f 2105/2105/2105 2115/2115/2115 2104/2104/2104
f 2107/2107/2107 2104/2104/2104 2115/2115/2115
f 2105/2105/2105 2113/2113/2113 2115/2115/2115
f 2114/2114/2114 2116/2116/2116 2113/2113/2113
f 2114/2114/2114 2117/2117/2117 2116/2116/2116
f 2113/2113/2113 2116/2116/2116 2118/2118/2118
f 2118/2118/2118 2115/2115/2115 2113/2113/2113
f 2107/2107/2107 2115/2115/2115 2118/2118/2118
f 2118/2118/2118 2119/2119/2119 2107/2107/2107
f 2107/2107/2107 2119/2119/2119 2120/2120/2120
f 2107/2107/2107 2120/2120/2120 2121/2121/2121
f 2121/2121/2121 2111/2111/2111 2107/2107/2107
f 2111/2111/2111 2121/2121/2121 2110/2110/2110
f 2110/2110/2110 2121/2121/2121 2122/2122/2122
f 2110/2110/2110 2122/2122/2122 2123/2123/2123
f 2122/2122/2122 2124/2124/2124 2123/2123/2123
f 2110/2110/2110 2123/2123/2123 2125/2125/2125
f 2125/2125/2125 2112/2112/2112 2110/2110/2110
f 2126/2126/2126 2125/2125/2125 2123/2123/2123
f 2112/2112/2112 2125/2125/2125 2127/2127/2127
f 2126/2126/2126 2127/2127/2127 2125/2125/2125
f 2127/2127/2127 2086/2086/2086 2112/2112/2112
f 2127/2127/2127 2128/2128/2128 2086/2086/2086
f 2126/2126/2126 2128/2128/2128 2127/2127/2127
f 2128/2128/2128 2084/2084/2084 2086/2086/2086
f 2128/2128/2128 2073/2073/2073 2084/2084/2084
f 2129/2129/2129 2128/2128/2128 2126/2126/2126
f 2129/2129/2129 2073/2073/2073 2128/2128/2128
f 2130/2130/2130 2129/2129/2129 2126/2126/2126
f 2131/2131/2131 2129/2129/2129 2130/2130/2130
f 2130/2130/2130 2132/2132/2132 2131/2131/2131
f 2132/2132/2132 2133/2133/2133 2131/2131/2131
f 2132/2132/2132 2134/2134/2134 2133/2133/2133
f 2131/2131/2131 2135/2135/2135 2129/2129/2129
f 2131/2131/2131 2133/2133/2133 2135/2135/2135
f 2135/2135/2135 2136/2136/2136 2129/2129/2129
f 2129/2129/2129 2136/2136/2136 2073/2073/2073
f 2133/2133/2133 2137/2137/2137 2135/2135/2135
f 2137/2137/2137 2136/2136/2136 2135/2135/2135
f 2133/2133/2133 2138/2138/2138 2137/2137/2137
f 2136/2136/2136 2139/2139/2139 2073/2073/2073
f 2073/2073/2073 2139/2139/2139 2140/2140/2140
f 2140/2140/2140 2072/2072/2072 2073/2073/2073
f 2136/2136/2136 2141/2141/2141 2139/2139/2139
f 2141/2141/2141 2136/2136/2136 2137/2137/2137
f 2139/2139/2139 2141/2141/2141 2140/2140/2140
f 2140/2140/2140 2142/2142/2142 2072/2072/2072
f 2072/2072/2072 2142/2142/2142 2068/2068/2068
f 2143/2143/2143 2142/2142/2142 2140/2140/2140
f 2141/2141/2141 2143/2143/2143 2140/2140/2140
f 2142/2142/2142 2144/2144/2144 2068/2068/2068
f 2142/2142/2142 2143/2143/2143 2144/2144/2144
f 2068/2068/2068 2144/2144/2144 2145/2145/2145
f 2144/2144/2144 2146/2146/2146 2145/2145/2145
f 2143/2143/2143 2147/2147/2147 2144/2144/2144
f 2141/2141/2141 2148/2148/2148 2143/2143/2143
f 2147/2147/2147 2143/2143/2143 2148/2148/2148
f 2137/2137/2137 2149/2149/2149 2141/2141/2141
f 2141/2141/2141 2149/2149/2149 2148/2148/2148
f 2148/2148/2148 2150/2150/2150 2147/2147/2147
f 2148/2148/2148 2149/2149/2149 2150/2150/2150
f 2147/2147/2147 2150/2150/2150 2151/2151/2151
f 2152/2152/2152 2149/2149/2149 2137/2137/2137
f 2137/2137/2137 2138/2138/2138 2152/2152/2152
f 2150/2150/2150 2153/2153/2153 2151/2151/2151
f 2151/2151/2151 2153/2153/2153 2154/2154/2154
f 2155/2155/2155 2154/2154/2154 2153/2153/2153
f 2149/2149/2149 2156/2156/2156 2150/2150/2150
f 2149/2149/2149 2152/2152/2152 2156/2156/2156
f 2152/2152/2152 2138/2138/2138 2157/2157/2157
f 2158/2158/2158 2157/2157/2157 2138/2138/2138
f 2157/2157/2157 2158/2158/2158 2159/2159/2159
f 2160/2160/2160 2157/2157/2157 2159/2159/2159
f 2157/2157/2157 2160/2160/2160 2161/2161/2161
f 2157/2157/2157 2161/2161/2161 2152/2152/2152
f 2156/2156/2156 2152/2152/2152 2161/2161/2161
f 2161/2161/2161 2162/2162/2162 2156/2156/2156
f 2162/2162/2162 2150/2150/2150 2156/2156/2156
f 2162/2162/2162 2153/2153/2153 2150/2150/2150
f 2153/2153/2153 2163/2163/2163 2155/2155/2155
f 2163/2163/2163 2153/2153/2153 2162/2162/2162
f 2155/2155/2155 2163/2163/2163 2164/2164/2164
f 2165/2165/2165 2155/2155/2155 2164/2164/2164
f 2162/2162/2162 2166/2166/2166 2163/2163/2163
f 2164/2164/2164 2163/2163/2163 2166/2166/2166
f 2167/2167/2167 2164/2164/2164 2166/2166/2166
f 2166/2166/2166 2168/2168/2168 2167/2167/2167
f 2169/2169/2169 2166/2166/2166 2162/2162/2162
f 2170/2170/2170 2168/2168/2168 2166/2166/2166
f 2166/2166/2166 2169/2169/2169 2170/2170/2170
f 2170/2170/2170 2169/2169/2169 2171/2171/2171
f 2174/2174/2174 2173/2173/2173 2172/2172/2172
f 2174/2174/2174 2175/2175/2175 2173/2173/2173
f 2174/2174/2174 2176/2176/2176 2175/2175/2175
f 2173/2173/2173 2175/2175/2175 2177/2177/2177
f 2178/2178/2178 2173/2173/2173 2177/2177/2177
f 2175/2175/2175 2176/2176/2176 2179/2179/2179
f 2180/2180/2180 2179/2179/2179 2176/2176/2176
f 2179/2179/2179 2180/2180/2180 2181/2181/2181
f 2176/2176/2176 2182/2182/2182 2180/2180/2180
f 2182/2182/2182 2176/2176/2176 2183/2183/2183
f 2184/2184/2184 2182/2182/2182 2183/2183/2183
f 2184/2184/2184 2183/2183/2183 2185/2185/2185
f 2184/2184/2184 2185/2185/2185 2186/2186/2186
f 2187/2187/2187 2186/2186/2186 2185/2185/2185
f 2185/2185/2185 2188/2188/2188 2187/2187/2187
f 2185/2185/2185 2183/2183/2183 2189/2189/2189
f 2188/2188/2188 2185/2185/2185 2189/2189/2189
f 2176/2176/2176 2189/2189/2189 2183/2183/2183
f 2190/2190/2190 2188/2188/2188 2189/2189/2189
f 2176/2176/2176 2191/2191/2191 2189/2189/2189
f 2174/2174/2174 2191/2191/2191 2176/2176/2176
f 2189/2189/2189 2191/2191/2191 2192/2192/2192
f 2190/2190/2190 2189/2189/2189 2192/2192/2192
f 2192/2192/2192 2191/2191/2191 2174/2174/2174
f 2193/2193/2193 2190/2190/2190 2192/2192/2192
f 2190/2190/2190 2193/2193/2193 2194/2194/2194
f 2174/2174/2174 2195/2195/2195 2192/2192/2192
f 2195/2195/2195 2174/2174/2174 2196/2196/2196
f 2192/2192/2192 2195/2195/2195 2197/2197/2197
f 2192/2192/2192 2197/2197/2197 2193/2193/2193
f 2197/2197/2197 2195/2195/2195 2196/2196/2196
f 2194/2194/2194 2193/2193/2193 2198/2198/2198
f 2193/2193/2193 2197/2197/2197 2198/2198/2198
f 2199/2199/2199 2194/2194/2194 2198/2198/2198
f 2200/2200/2200 2197/2197/2197 2196/2196/2196
f 2197/2197/2197 2200/2200/2200 2198/2198/2198
f 2200/2200/2200 2196/2196/2196 2201/2201/2201
f 2202/2202/2202 2200/2200/2200 2201/2201/2201
f 2199/2199/2199 2198/2198/2198 2203/2203/2203
f 2199/2199/2199 2203/2203/2203 2204/2204/2204
f 2203/2203/2203 2205/2205/2205 2204/2204/2204
f 2206/2206/2206 2204/2204/2204 2205/2205/2205
f 2203/2203/2203 2198/2198/2198 2207/2207/2207
f 2198/2198/2198 2200/2200/2200 2207/2207/2207
f 2205/2205/2205 2203/2203/2203 2207/2207/2207
f 2208/2208/2208 2207/2207/2207 2200/2200/2200
f 2208/2208/2208 2200/2200/2200 2202/2202/2202
f 2205/2205/2205 2207/2207/2207 2208/2208/2208
f 2208/2208/2208 2202/2202/2202 2209/2209/2209
f 2205/2205/2205 2208/2208/2208 2209/2209/2209
f 2209/2209/2209 2202/2202/2202 2210/2210/2210
f 2205/2205/2205 2209/2209/2209 2211/2211/2211
f 2212/2212/2212 2206/2206/2206 2205/2205/2205
f 2206/2206/2206 2212/2212/2212 2213/2213/2213
f 2213/2213/2213 2212/2212/2212 2214/2214/2214
f 2205/2205/2205 2215/2215/2215 2212/2212/2212
f 2214/2214/2214 2212/2212/2212 2215/2215/2215
f 2211/2211/2211 2215/2215/2215 2205/2205/2205
f 2216/2216/2216 2214/2214/2214 2215/2215/2215
f 2216/2216/2216 2215/2215/2215 2217/2217/2217
f 2218/2218/2218 2216/2216/2216 2217/2217/2217
f 2215/2215/2215 2211/2211/2211 2219/2219/2219
f 2219/2219/2219 2217/2217/2217 2215/2215/2215
f 2219/2219/2219 2211/2211/2211 2220/2220/2220
f 2217/2217/2217 2219/2219/2219 2220/2220/2220
f 2220/2220/2220 2221/2221/2221 2217/2217/2217
f 2222/2222/2222 2217/2217/2217 2221/2221/2221
f 2223/2223/2223 2218/2218/2218 2217/2217/2217
f 2217/2217/2217 2222/2222/2222 2223/2223/2223
f 2223/2223/2223 2222/2222/2222 2224/2224/2224
f 2225/2225/2225 2218/2218/2218 2223/2223/2223
f 2225/2225/2225 2223/2223/2223 2224/2224/2224
f 2224/2224/2224 2226/2226/2226 2225/2225/2225
f 2227/2227/2227 2225/2225/2225 2226/2226/2226
f 2230/2230/2230 2229/2229/2229 2228/2228/2228
f 2229/2229/2229 2231/2231/2231 2228/2228/2228
f 2231/2231/2231 2229/2229/2229 2232/2232/2232
f 2231/2231/2231 2233/2233/2233 2228/2228/2228
f 2234/2234/2234 2232/2232/2232 2229/2229/2229
f 2231/2231/2231 2235/2235/2235 2233/2233/2233
f 2233/2233/2233 2235/2235/2235 2236/2236/2236
f 2236/2236/2236 2237/2237/2237 2233/2233/2233
f 2237/2237/2237 2236/2236/2236 2238/2238/2238
f 2239/2239/2239 2235/2235/2235 2231/2231/2231
f 2232/2232/2232 2239/2239/2239 2231/2231/2231
f 2235/2235/2235 2239/2239/2239 2236/2236/2236
f 2236/2236/2236 2240/2240/2240 2238/2238/2238
f 2238/2238/2238 2240/2240/2240 2241/2241/2241
f 2241/2241/2241 2240/2240/2240 2242/2242/2242
f 2242/2242/2242 2243/2243/2243 2241/2241/2241
f 2240/2240/2240 2244/2244/2244 2242/2242/2242
f 2244/2244/2244 2240/2240/2240 2236/2236/2236
f 2244/2244/2244 2245/2245/2245 2242/2242/2242
f 2236/2236/2236 2246/2246/2246 2244/2244/2244
f 2246/2246/2246 2245/2245/2245 2244/2244/2244
f 2236/2236/2236 2247/2247/2247 2246/2246/2246
f 2246/2246/2246 2247/2247/2247 2245/2245/2245
f 2247/2247/2247 2236/2236/2236 2239/2239/2239
f 2247/2247/2247 2239/2239/2239 2248/2248/2248
f 2247/2247/2247 2249/2249/2249 2245/2245/2245
f 2247/2247/2247 2248/2248/2248 2249/2249/2249
f 2249/2249/2249 2250/2250/2250 2245/2245/2245
f 2232/2232/2232 2251/2251/2251 2239/2239/2239
f 2251/2251/2251 2248/2248/2248 2239/2239/2239
f 2249/2249/2249 2252/2252/2252 2250/2250/2250
f 2252/2252/2252 2253/2253/2253 2250/2250/2250
f 2252/2252/2252 2254/2254/2254 2253/2253/2253
f 2254/2254/2254 2252/2252/2252 2255/2255/2255
f 2249/2249/2249 2255/2255/2255 2252/2252/2252
f 2249/2249/2249 2248/2248/2248 2255/2255/2255
f 2255/2255/2255 2248/2248/2248 2254/2254/2254
f 2256/2256/2256 2250/2250/2250 2253/2253/2253
f 2257/2257/2257 2248/2248/2248 2251/2251/2251
f 2258/2258/2258 2251/2251/2251 2232/2232/2232
f 2257/2257/2257 2251/2251/2251 2258/2258/2258
f 2259/2259/2259 2254/2254/2254 2248/2248/2248
f 2257/2257/2257 2259/2259/2259 2248/2248/2248
f 2232/2232/2232 2260/2260/2260 2258/2258/2258
f 2261/2261/2261 2258/2258/2258 2260/2260/2260
f 2261/2261/2261 2260/2260/2260 2262/2262/2262
f 2260/2260/2260 2232/2232/2232 2263/2263/2263
f 2260/2260/2260 2263/2263/2263 2262/2262/2262
f 2263/2263/2263 2232/2232/2232 2234/2234/2234
f 2263/2263/2263 2234/2234/2234 2262/2262/2262
f 2264/2264/2264 2262/2262/2262 2234/2234/2234
f 2265/2265/2265 2262/2262/2262 2264/2264/2264
f 2257/2257/2257 2258/2258/2258 2266/2266/2266
f 2266/2266/2266 2258/2258/2258 2261/2261/2261
f 2262/2262/2262 2265/2265/2265 2267/2267/2267
f 2265/2265/2265 2268/2268/2268 2267/2267/2267
f 2269/2269/2269 2262/2262/2262 2267/2267/2267
f 2269/2269/2269 2261/2261/2261 2262/2262/2262
f 2269/2269/2269 2267/2267/2267 2270/2270/2270
f 2271/2271/2271 2269/2269/2269 2270/2270/2270
f 2261/2261/2261 2269/2269/2269 2271/2271/2271
f 2272/2272/2272 2261/2261/2261 2271/2271/2271
f 2273/2273/2273 2261/2261/2261 2272/2272/2272
f 2261/2261/2261 2273/2273/2273 2266/2266/2266
f 2266/2266/2266 2274/2274/2274 2257/2257/2257
f 2274/2274/2274 2266/2266/2266 2273/2273/2273
f 2275/2275/2275 2274/2274/2274 2273/2273/2273
f 2259/2259/2259 2257/2257/2257 2274/2274/2274
f 2259/2259/2259 2274/2274/2274 2275/2275/2275
f 2259/2259/2259 2275/2275/2275 2276/2276/2276
f 2277/2277/2277 2259/2259/2259 2276/2276/2276
f 2254/2254/2254 2259/2259/2259 2277/2277/2277
f 2278/2278/2278 2277/2277/2277 2276/2276/2276
f 2278/2278/2278 2254/2254/2254 2277/2277/2277
f 2278/2278/2278 2276/2276/2276 2279/2279/2279
f 2279/2279/2279 2276/2276/2276 2280/2280/2280
f 2276/2276/2276 2281/2281/2281 2280/2280/2280
f 2279/2279/2279 2282/2282/2282 2278/2278/2278
f 2278/2278/2278 2282/2282/2282 2254/2254/2254
f 2283/2283/2283 2282/2282/2282 2279/2279/2279
f 2284/2284/2284 2282/2282/2282 2283/2283/2283
f 2282/2282/2282 2285/2285/2285 2254/2254/2254
f 2253/2253/2253 2254/2254/2254 2285/2285/2285
f 2286/2286/2286 2282/2282/2282 2284/2284/2284
f 2282/2282/2282 2286/2286/2286 2285/2285/2285
f 2287/2287/2287 2286/2286/2286 2284/2284/2284
f 2287/2287/2287 2284/2284/2284 2288/2288/2288
f 2289/2289/2289 2287/2287/2287 2288/2288/2288
f 2286/2286/2286 2290/2290/2290 2285/2285/2285
f 2285/2285/2285 2290/2290/2290 2253/2253/2253
f 2286/2286/2286 2287/2287/2287 2290/2290/2290
f 2287/2287/2287 2291/2291/2291 2290/2290/2290
f 2290/2290/2290 2291/2291/2291 2253/2253/2253
f 2292/2292/2292 2287/2287/2287 2289/2289/2289
f 2291/2291/2291 2287/2287/2287 2292/2292/2292
f 2289/2289/2289 2293/2293/2293 2292/2292/2292
f 2294/2294/2294 2293/2293/2293 2289/2289/2289
f 2293/2293/2293 2295/2295/2295 2292/2292/2292
f 2292/2292/2292 2295/2295/2295 2291/2291/2291
f 2296/2296/2296 2293/2293/2293 2294/2294/2294
f 2293/2293/2293 2296/2296/2296 2295/2295/2295
f 2297/2297/2297 2296/2296/2296 2294/2294/2294
f 2298/2298/2298 2296/2296/2296 2297/2297/2297
f 2299/2299/2299 2298/2298/2298 2297/2297/2297
f 2300/2300/2300 2298/2298/2298 2299/2299/2299
f 2301/2301/2301 2300/2300/2300 2299/2299/2299
f 2298/2298/2298 2300/2300/2300 2302/2302/2302
f 2302/2302/2302 2303/2303/2303 2298/2298/2298
f 2298/2298/2298 2303/2303/2303 2296/2296/2296
f 2303/2303/2303 2302/2302/2302 2304/2304/2304
f 2296/2296/2296 2305/2305/2305 2295/2295/2295
f 2296/2296/2296 2303/2303/2303 2305/2305/2305
f 2305/2305/2305 2306/2306/2306 2295/2295/2295
f 2291/2291/2291 2295/2295/2295 2307/2307/2307
f 2307/2307/2307 2295/2295/2295 2306/2306/2306
f 2291/2291/2291 2307/2307/2307 2308/2308/2308
f 2307/2307/2307 2306/2306/2306 2308/2308/2308
f 2253/2253/2253 2291/2291/2291 2308/2308/2308
f 2303/2303/2303 2304/2304/2304 2309/2309/2309
f 2309/2309/2309 2304/2304/2304 2310/2310/2310
f 2311/2311/2311 2309/2309/2309 2310/2310/2310
f 2311/2311/2311 2310/2310/2310 2312/2312/2312
f 2313/2313/2313 2311/2311/2311 2312/2312/2312
f 2311/2311/2311 2313/2313/2313 2314/2314/2314
f 2315/2315/2315 2311/2311/2311 2314/2314/2314
f 2305/2305/2305 2303/2303/2303 2316/2316/2316
f 2303/2303/2303 2309/2309/2309 2316/2316/2316
f 2311/2311/2311 2316/2316/2316 2309/2309/2309
f 2305/2305/2305 2316/2316/2316 2306/2306/2306
f 2316/2316/2316 2311/2311/2311 2317/2317/2317
f 2317/2317/2317 2311/2311/2311 2315/2315/2315
f 2316/2316/2316 2317/2317/2317 2306/2306/2306
f 2318/2318/2318 2317/2317/2317 2315/2315/2315
f 2318/2318/2318 2306/2306/2306 2317/2317/2317
f 2319/2319/2319 2318/2318/2318 2315/2315/2315
f 2306/2306/2306 2318/2318/2318 2320/2320/2320
f 2308/2308/2308 2306/2306/2306 2320/2320/2320
f 2321/2321/2321 2318/2318/2318 2319/2319/2319
f 2320/2320/2320 2318/2318/2318 2321/2321/2321
f 2321/2321/2321 2319/2319/2319 2322/2322/2322
f 2322/2322/2322 2323/2323/2323 2321/2321/2321
f 2320/2320/2320 2321/2321/2321 2323/2323/2323
f 2323/2323/2323 2322/2322/2322 2324/2324/2324
f 2324/2324/2324 2256/2256/2256 2323/2323/2323
f 2256/2256/2256 2320/2320/2320 2323/2323/2323
f 2325/2325/2325 2308/2308/2308 2320/2320/2320
f 2325/2325/2325 2320/2320/2320 2256/2256/2256
f 2325/2325/2325 2253/2253/2253 2308/2308/2308
f 2253/2253/2253 2325/2325/2325 2256/2256/2256
f 2328/2328/2328 2327/2327/2327 2326/2326/2326
f 2329/2329/2329 2327/2327/2327 2328/2328/2328
f 2330/2330/2330 2329/2329/2329 2328/2328/2328
f 2331/2331/2331 2329/2329/2329 2330/2330/2330
f 2332/2332/2332 2331/2331/2331 2330/2330/2330
f 2333/2333/2333 2331/2331/2331 2332/2332/2332
f 2334/2334/2334 2331/2331/2331 2333/2333/2333
f 2335/2335/2335 2331/2331/2331 2334/2334/2334
f 2336/2336/2336 2331/2331/2331 2335/2335/2335
f 2337/2337/2337 2336/2336/2336 2335/2335/2335
f 2337/2337/2337 2338/2338/2338 2336/2336/2336
f 2339/2339/2339 2331/2331/2331 2336/2336/2336
f 2338/2338/2338 2339/2339/2339 2336/2336/2336
f 2329/2329/2329 2331/2331/2331 2339/2339/2339
f 2339/2339/2339 2338/2338/2338 2340/2340/2340
f 2327/2327/2327 2329/2329/2329 2341/2341/2341
f 2329/2329/2329 2339/2339/2339 2341/2341/2341
f 2340/2340/2340 2342/2342/2342 2339/2339/2339
f 2339/2339/2339 2342/2342/2342 2341/2341/2341
f 2340/2340/2340 2343/2343/2343 2342/2342/2342
f 2327/2327/2327 2341/2341/2341 2344/2344/2344
f 2341/2341/2341 2342/2342/2342 2344/2344/2344
f 2342/2342/2342 2343/2343/2343 2344/2344/2344
f 2345/2345/2345 2327/2327/2327 2344/2344/2344
f 2343/2343/2343 2346/2346/2346 2344/2344/2344
f 2344/2344/2344 2346/2346/2346 2345/2345/2345
f 2347/2347/2347 2346/2346/2346 2343/2343/2343
f 2346/2346/2346 2348/2348/2348 2345/2345/2345
f 2348/2348/2348 2346/2346/2346 2347/2347/2347
f 2349/2349/2349 2345/2345/2345 2348/2348/2348
f 2347/2347/2347 2350/2350/2350 2348/2348/2348
f 2353/2353/2353 2352/2352/2352 2351/2351/2351
f 2353/2353/2353 2354/2354/2354 2352/2352/2352
f 2354/2354/2354 2355/2355/2355 2352/2352/2352
f 2355/2355/2355 2356/2356/2356 2352/2352/2352
f 2359/2359/2359 2358/2358/2358 2357/2357/2357
f 2360/2360/2360 2359/2359/2359 2357/2357/2357
f 2360/2360/2360 2361/2361/2361 2359/2359/2359
f 2364/2364/2364 2363/2363/2363 2362/2362/2362
f 2363/2363/2363 2364/2364/2364 2365/2365/2365
f 2363/2363/2363 2365/2365/2365 2366/2366/2366
f 2365/2365/2365 2364/2364/2364 2367/2367/2367
f 2365/2365/2365 2367/2367/2367 2368/2368/2368
f 2365/2365/2365 2368/2368/2368 2369/2369/2369
f 2369/2369/2369 2368/2368/2368 2370/2370/2370
f 2370/2370/2370 2368/2368/2368 2371/2371/2371
f 2374/2374/2374 2373/2373/2373 2372/2372/2372
f 2375/2375/2375 2373/2373/2373 2374/2374/2374
f 2376/2376/2376 2375/2375/2375 2374/2374/2374
f 2377/2377/2377 2375/2375/2375 2376/2376/2376
f 2374/2374/2374 2378/2378/2378 2376/2376/2376
f 2377/2377/2377 2376/2376/2376 2379/2379/2379
f 2378/2378/2378 2380/2380/2380 2376/2376/2376
f 2376/2376/2376 2380/2380/2380 2379/2379/2379
f 2378/2378/2378 2381/2381/2381 2380/2380/2380
f 2381/2381/2381 2378/2378/2378 2382/2382/2382
f 2378/2378/2378 2383/2383/2383 2382/2382/2382
f 2383/2383/2383 2384/2384/2384 2382/2382/2382
f 2384/2384/2384 2385/2385/2385 2382/2382/2382
f 2382/2382/2382 2385/2385/2385 2381/2381/2381
f 2379/2379/2379 2380/2380/2380 2386/2386/2386
f 2380/2380/2380 2381/2381/2381 2387/2387/2387
f 2386/2386/2386 2380/2380/2380 2387/2387/2387
f 2381/2381/2381 2385/2385/2385 2388/2388/2388
f 2381/2381/2381 2388/2388/2388 2387/2387/2387
f 2387/2387/2387 2388/2388/2388 2389/2389/2389
f 2388/2388/2388 2390/2390/2390 2389/2389/2389
f 2388/2388/2388 2385/2385/2385 2390/2390/2390
f 2385/2385/2385 2391/2391/2391 2390/2390/2390
f 2392/2392/2392 2390/2390/2390 2391/2391/2391
f 2393/2393/2393 2390/2390/2390 2392/2392/2392
f 2389/2389/2389 2390/2390/2390 2393/2393/2393
f 2392/2392/2392 2394/2394/2394 2393/2393/2393
f 2393/2393/2393 2394/2394/2394 2389/2389/2389
f 2395/2395/2395 2394/2394/2394 2392/2392/2392
f 2396/2396/2396 2379/2379/2379 2386/2386/2386
f 2397/2397/2397 2379/2379/2379 2396/2396/2396
f 2396/2396/2396 2398/2398/2398 2397/2397/2397
f 2398/2398/2398 2396/2396/2396 2386/2386/2386
f 2399/2399/2399 2398/2398/2398 2386/2386/2386
f 2386/2386/2386 2387/2387/2387 2400/2400/2400
f 2400/2400/2400 2387/2387/2387 2389/2389/2389
f 2400/2400/2400 2401/2401/2401 2386/2386/2386
f 2402/2402/2402 2394/2394/2394 2395/2395/2395
f 2403/2403/2403 2402/2402/2402 2395/2395/2395
f 2404/2404/2404 2402/2402/2402 2403/2403/2403
f 2405/2405/2405 2401/2401/2401 2400/2400/2400
f 2405/2405/2405 2400/2400/2400 2406/2406/2406
f 2400/2400/2400 2389/2389/2389 2406/2406/2406
f 2407/2407/2407 2401/2401/2401 2405/2405/2405
f 2406/2406/2406 2407/2407/2407 2405/2405/2405
f 2407/2407/2407 2408/2408/2408 2401/2401/2401
f 2408/2408/2408 2407/2407/2407 2409/2409/2409
f 2406/2406/2406 2389/2389/2389 2410/2410/2410
f 2407/2407/2407 2406/2406/2406 2410/2410/2410
f 2409/2409/2409 2407/2407/2407 2411/2411/2411
f 2407/2407/2407 2410/2410/2410 2411/2411/2411
f 2412/2412/2412 2409/2409/2409 2411/2411/2411
f 2412/2412/2412 2411/2411/2411 2413/2413/2413
f 2411/2411/2411 2414/2414/2414 2413/2413/2413
f 2410/2410/2410 2389/2389/2389 2415/2415/2415
f 2415/2415/2415 2389/2389/2389 2394/2394/2394
f 2410/2410/2410 2416/2416/2416 2411/2411/2411
f 2414/2414/2414 2411/2411/2411 2416/2416/2416
f 2410/2410/2410 2415/2415/2415 2416/2416/2416
f 2417/2417/2417 2414/2414/2414 2416/2416/2416
f 2418/2418/2418 2414/2414/2414 2417/2417/2417
f 2419/2419/2419 2418/2418/2418 2417/2417/2417
f 2415/2415/2415 2394/2394/2394 2420/2420/2420
f 2416/2416/2416 2415/2415/2415 2420/2420/2420
f 2416/2416/2416 2420/2420/2420 2417/2417/2417
f 2420/2420/2420 2394/2394/2394 2402/2402/2402
f 2421/2421/2421 2420/2420/2420 2402/2402/2402
f 2417/2417/2417 2420/2420/2420 2421/2421/2421
f 2417/2417/2417 2421/2421/2421 2422/2422/2422
f 2423/2423/2423 2419/2419/2419 2417/2417/2417
f 2423/2423/2423 2417/2417/2417 2422/2422/2422
f 2424/2424/2424 2419/2419/2419 2423/2423/2423
f 2421/2421/2421 2402/2402/2402 2425/2425/2425
f 2421/2421/2421 2425/2425/2425 2422/2422/2422
f 2425/2425/2425 2402/2402/2402 2404/2404/2404
f 2422/2422/2422 2425/2425/2425 2404/2404/2404
f 2426/2426/2426 2424/2424/2424 2423/2423/2423
f 2426/2426/2426 2423/2423/2423 2422/2422/2422
f 2427/2427/2427 2424/2424/2424 2426/2426/2426
f 2427/2427/2427 2426/2426/2426 2428/2428/2428
f 2429/2429/2429 2422/2422/2422 2404/2404/2404
f 2429/2429/2429 2404/2404/2404 2430/2430/2430
f 2431/2431/2431 2422/2422/2422 2429/2429/2429
f 2426/2426/2426 2422/2422/2422 2431/2431/2431
f 2432/2432/2432 2426/2426/2426 2431/2431/2431
f 2426/2426/2426 2432/2432/2432 2428/2428/2428
f 2428/2428/2428 2432/2432/2432 2433/2433/2433
f 2436/2436/2436 2435/2435/2435 2434/2434/2434
f 2434/2434/2434 2435/2435/2435 2437/2437/2437
f 2438/2438/2438 2434/2434/2434 2437/2437/2437
f 2439/2439/2439 2438/2438/2438 2437/2437/2437
f 2439/2439/2439 2437/2437/2437 2440/2440/2440
f 2441/2441/2441 2438/2438/2438 2439/2439/2439
f 2439/2439/2439 2442/2442/2442 2441/2441/2441
f 2445/2445/2445 2444/2444/2444 2443/2443/2443
f 2443/2443/2443 2444/2444/2444 2446/2446/2446
f 2444/2444/2444 2447/2447/2447 2446/2446/2446
f 2448/2448/2448 2446/2446/2446 2447/2447/2447
f 2448/2448/2448 2447/2447/2447 2449/2449/2449
f 2448/2448/2448 2449/2449/2449 2450/2450/2450
f 2451/2451/2451 2443/2443/2443 2446/2446/2446
f 2451/2451/2451 2446/2446/2446 2448/2448/2448
f 2452/2452/2452 2443/2443/2443 2451/2451/2451
f 2452/2452/2452 2453/2453/2453 2443/2443/2443
f 2454/2454/2454 2451/2451/2451 2448/2448/2448
f 2455/2455/2455 2453/2453/2453 2452/2452/2452
f 2455/2455/2455 2456/2456/2456 2453/2453/2453
f 2457/2457/2457 2453/2453/2453 2456/2456/2456
f 2452/2452/2452 2458/2458/2458 2455/2455/2455
f 2456/2456/2456 2455/2455/2455 2458/2458/2458
f 2456/2456/2456 2459/2459/2459 2457/2457/2457
f 2458/2458/2458 2460/2460/2460 2456/2456/2456
f 2456/2456/2456 2460/2460/2460 2461/2461/2461
f 2456/2456/2456 2462/2462/2462 2459/2459/2459
f 2463/2463/2463 2456/2456/2456 2461/2461/2461
f 2463/2463/2463 2462/2462/2462 2456/2456/2456
f 2463/2463/2463 2464/2464/2464 2462/2462/2462
f 2463/2463/2463 2465/2465/2465 2464/2464/2464
f 2463/2463/2463 2466/2466/2466 2465/2465/2465
f 2466/2466/2466 2467/2467/2467 2465/2465/2465
f 2466/2466/2466 2468/2468/2468 2467/2467/2467
f 2466/2466/2466 2463/2463/2463 2469/2469/2469
f 2469/2469/2469 2463/2463/2463 2470/2470/2470
f 2468/2468/2468 2466/2466/2466 2471/2471/2471
f 2471/2471/2471 2472/2472/2472 2468/2468/2468
f 2473/2473/2473 2466/2466/2466 2469/2469/2469
f 2473/2473/2473 2471/2471/2471 2466/2466/2466
f 2473/2473/2473 2469/2469/2469 2474/2474/2474
f 2473/2473/2473 2475/2475/2475 2471/2471/2471
f 2471/2471/2471 2476/2476/2476 2472/2472/2472
f 2472/2472/2472 2476/2476/2476 2477/2477/2477
f 2478/2478/2478 2471/2471/2471 2475/2475/2475
f 2478/2478/2478 2476/2476/2476 2471/2471/2471
f 2478/2478/2478 2479/2479/2479 2476/2476/2476
f 2475/2475/2475 2480/2480/2480 2478/2478/2478
f 2479/2479/2479 2478/2478/2478 2481/2481/2481
f 2481/2481/2481 2478/2478/2478 2480/2480/2480
f 2482/2482/2482 2481/2481/2481 2480/2480/2480
f 2485/2485/2485 2484/2484/2484 2483/2483/2483
f 2485/2485/2485 2486/2486/2486 2484/2484/2484
f 2486/2486/2486 2485/2485/2485 2487/2487/2487
f 2484/2484/2484 2486/2486/2486 2488/2488/2488
f 2489/2489/2489 2484/2484/2484 2488/2488/2488
f 2488/2488/2488 2490/2490/2490 2489/2489/2489
f 2490/2490/2490 2491/2491/2491 2489/2489/2489
f 2490/2490/2490 2492/2492/2492 2491/2491/2491
f 2492/2492/2492 2490/2490/2490 2493/2493/2493
f 2492/2492/2492 2493/2493/2493 2494/2494/2494
f 2495/2495/2495 2494/2494/2494 2493/2493/2493
f 2493/2493/2493 2490/2490/2490 2496/2496/2496
f 2488/2488/2488 2497/2497/2497 2490/2490/2490
f 2497/2497/2497 2496/2496/2496 2490/2490/2490
f 2496/2496/2496 2497/2497/2497 2498/2498/2498
f 2496/2496/2496 2498/2498/2498 2499/2499/2499
f 2488/2488/2488 2500/2500/2500 2497/2497/2497
f 2500/2500/2500 2488/2488/2488 2486/2486/2486
f 2501/2501/2501 2500/2500/2500 2486/2486/2486
f 2502/2502/2502 2501/2501/2501 2486/2486/2486
f 2503/2503/2503 2501/2501/2501 2502/2502/2502
f 2501/2501/2501 2503/2503/2503 2504/2504/2504
f 2505/2505/2505 2501/2501/2501 2504/2504/2504
f 2506/2506/2506 2505/2505/2505 2504/2504/2504
f 2505/2505/2505 2506/2506/2506 2507/2507/2507
f 2506/2506/2506 2504/2504/2504 2508/2508/2508
f 2508/2508/2508 2509/2509/2509 2506/2506/2506
f 2510/2510/2510 2506/2506/2506 2509/2509/2509
f 2511/2511/2511 2509/2509/2509 2508/2508/2508
f 2512/2512/2512 2511/2511/2511 2508/2508/2508
f 2512/2512/2512 2508/2508/2508 2513/2513/2513
f 2511/2511/2511 2514/2514/2514 2509/2509/2509
f 2510/2510/2510 2509/2509/2509 2514/2514/2514
f 2515/2515/2515 2510/2510/2510 2514/2514/2514
f 2510/2510/2510 2515/2515/2515 2516/2516/2516
f 2519/2519/2519 2518/2518/2518 2517/2517/2517
f 2517/2517/2517 2518/2518/2518 2520/2520/2520
f 2517/2517/2517 2520/2520/2520 2521/2521/2521
f 2522/2522/2522 2517/2517/2517 2521/2521/2521
f 2517/2517/2517 2522/2522/2522 2523/2523/2523
f 2521/2521/2521 2524/2524/2524 2522/2522/2522
f 2525/2525/2525 2524/2524/2524 2521/2521/2521
f 2521/2521/2521 2526/2526/2526 2525/2525/2525
f 2521/2521/2521 2527/2527/2527 2526/2526/2526
f 2520/2520/2520 2527/2527/2527 2521/2521/2521
f 2528/2528/2528 2527/2527/2527 2520/2520/2520
f 2529/2529/2529 2528/2528/2528 2520/2520/2520
f 2527/2527/2527 2528/2528/2528 2530/2530/2530
f 2531/2531/2531 2527/2527/2527 2530/2530/2530
f 2533/2533/2533 1436/1436/1436 2532/2532/2532
f 2533/2533/2533 2534/2534/2534 1436/1436/1436
f 2534/2534/2534 1437/1437/1437 1436/1436/1436
f 2534/2534/2534 2535/2535/2535 1437/1437/1437
f 1437/1437/1437 2535/2535/2535 1429/1429/1429
f 2536/2536/2536 2535/2535/2535 2534/2534/2534
f 2537/2537/2537 2536/2536/2536 2534/2534/2534
f 2535/2535/2535 2538/2538/2538 1429/1429/1429
f 1428/1428/1428 1429/1429/1429 2538/2538/2538
f 2538/2538/2538 2539/2539/2539 1428/1428/1428
f 1428/1428/1428 2539/2539/2539 2540/2540/2540
f 2539/2539/2539 2541/2541/2541 2540/2540/2540
f 2544/2544/2544 2543/2543/2543 2542/2542/2542
f 2542/2542/2542 2543/2543/2543 2545/2545/2545
f 2545/2545/2545 2546/2546/2546 2542/2542/2542
f 2547/2547/2547 2546/2546/2546 2545/2545/2545
f 2547/2547/2547 2548/2548/2548 2546/2546/2546
f 2549/2549/2549 2547/2547/2547 2545/2545/2545
f 2549/2549/2549 2550/2550/2550 2547/2547/2547
f 2550/2550/2550 2551/2551/2551 2547/2547/2547
f 2553/2553/2553 2552/2552/2552 2454/2454/2454
f 2553/2553/2553 2454/2454/2454 2554/2554/2554
f 2554/2554/2554 2454/2454/2454 2448/2448/2448
f 2554/2554/2554 2448/2448/2448 2555/2555/2555
f 2555/2555/2555 2448/2448/2448 2450/2450/2450
f 2556/2556/2556 2553/2553/2553 2554/2554/2554
f 2556/2556/2556 2554/2554/2554 2555/2555/2555
f 2557/2557/2557 2555/2555/2555 2450/2450/2450
f 2555/2555/2555 2557/2557/2557 2556/2556/2556
f 2450/2450/2450 2558/2558/2558 2557/2557/2557
f 2559/2559/2559 2553/2553/2553 2556/2556/2556
f 2559/2559/2559 2556/2556/2556 2557/2557/2557
f 2560/2560/2560 2553/2553/2553 2559/2559/2559
f 2561/2561/2561 2560/2560/2560 2559/2559/2559
f 2562/2562/2562 2559/2559/2559 2557/2557/2557
f 2562/2562/2562 2557/2557/2557 2563/2563/2563
f 2564/2564/2564 2562/2562/2562 2563/2563/2563
f 2561/2561/2561 2559/2559/2559 2565/2565/2565
f 2559/2559/2559 2562/2562/2562 2565/2565/2565
f 2565/2565/2565 2562/2562/2562 2564/2564/2564
f 2566/2566/2566 2561/2561/2561 2565/2565/2565
f 2567/2567/2567 2565/2565/2565 2564/2564/2564
f 2566/2566/2566 2565/2565/2565 2567/2567/2567
f 2570/2570/2570 2569/2569/2569 2568/2568/2568
f 2570/2570/2570 2571/2571/2571 2569/2569/2569
f 2569/2569/2569 2571/2571/2571 2572/2572/2572
f 2573/2573/2573 2571/2571/2571 2570/2570/2570
f 2574/2574/2574 2572/2572/2572 2571/2571/2571
f 2571/2571/2571 2573/2573/2573 2574/2574/2574
f 2574/2574/2574 2573/2573/2573 2575/2575/2575
f 2576/2576/2576 2572/2572/2572 2574/2574/2574
f 2575/2575/2575 2577/2577/2577 2574/2574/2574
f 2577/2577/2577 2576/2576/2576 2574/2574/2574
f 2578/2578/2578 2576/2576/2576 2577/2577/2577
f 2579/2579/2579 2578/2578/2578 2577/2577/2577
f 2578/2578/2578 2579/2579/2579 2580/2580/2580
f 2580/2580/2580 2579/2579/2579 2581/2581/2581
f 2580/2580/2580 2581/2581/2581 2582/2582/2582
f 2582/2582/2582 2581/2581/2581 2583/2583/2583
f 2586/2586/2586 2585/2585/2585 2584/2584/2584
f 2584/2584/2584 2587/2587/2587 2586/2586/2586
f 2587/2587/2587 2588/2588/2588 2586/2586/2586
f 2587/2587/2587 2584/2584/2584 2589/2589/2589
f 2588/2588/2588 2587/2587/2587 2589/2589/2589
f 2592/2592/2592 2591/2591/2591 2590/2590/2590
f 2593/2593/2593 2592/2592/2592 2590/2590/2590
f 2590/2590/2590 2594/2594/2594 2593/2593/2593
f 2595/2595/2595 2592/2592/2592 2593/2593/2593
f 2596/2596/2596 2593/2593/2593 2594/2594/2594
f 2596/2596/2596 2594/2594/2594 2597/2597/2597
f 2597/2597/2597 2598/2598/2598 2596/2596/2596
f 2593/2593/2593 2599/2599/2599 2595/2595/2595
f 2599/2599/2599 2600/2600/2600 2595/2595/2595
f 2601/2601/2601 2600/2600/2600 2599/2599/2599
f 2601/2601/2601 2599/2599/2599 2602/2602/2602
f 2601/2601/2601 2602/2602/2602 2603/2603/2603
f 2604/2604/2604 2600/2600/2600 2601/2601/2601
f 2605/2605/2605 2595/2595/2595 2600/2600/2600
f 2595/2595/2595 2605/2605/2605 2606/2606/2606
f 2606/2606/2606 2607/2607/2607 2595/2595/2595
f 2600/2600/2600 2604/2604/2604 2608/2608/2608
f 2608/2608/2608 2605/2605/2605 2600/2600/2600
f 2604/2604/2604 2609/2609/2609 2608/2608/2608
f 2610/2610/2610 2609/2609/2609 2604/2604/2604
f 2611/2611/2611 2609/2609/2609 2610/2610/2610
f 2612/2612/2612 2609/2609/2609 2611/2611/2611
f 2612/2612/2612 2611/2611/2611 2613/2613/2613
f 2609/2609/2609 2612/2612/2612 2614/2614/2614
f 2614/2614/2614 2608/2608/2608 2609/2609/2609
f 2608/2608/2608 2614/2614/2614 2605/2605/2605
f 2605/2605/2605 2614/2614/2614 2615/2615/2615
f 2615/2615/2615 2616/2616/2616 2605/2605/2605
f 2619/2619/2619 2618/2618/2618 2617/2617/2617
f 2620/2620/2620 2619/2619/2619 2617/2617/2617
f 2621/2621/2621 2619/2619/2619 2620/2620/2620
f 2620/2620/2620 2617/2617/2617 2622/2622/2622
f 2623/2623/2623 2620/2620/2620 2622/2622/2622
f 2617/2617/2617 2624/2624/2624 2622/2622/2622
f 2617/2617/2617 2625/2625/2625 2624/2624/2624
f 2623/2623/2623 2622/2622/2622 2626/2626/2626
f 2622/2622/2622 2624/2624/2624 2626/2626/2626
f 2623/2623/2623 2626/2626/2626 2627/2627/2627
f 2625/2625/2625 2628/2628/2628 2624/2624/2624
f 2625/2625/2625 2629/2629/2629 2628/2628/2628
f 2630/2630/2630 2624/2624/2624 2628/2628/2628
f 2631/2631/2631 2624/2624/2624 2630/2630/2630
f 2624/2624/2624 2631/2631/2631 2626/2626/2626
f 2631/2631/2631 2630/2630/2630 2632/2632/2632
f 2631/2631/2631 2632/2632/2632 2633/2633/2633
f 2627/2627/2627 2626/2626/2626 2634/2634/2634
f 2626/2626/2626 2631/2631/2631 2634/2634/2634
f 2634/2634/2634 2631/2631/2631 2633/2633/2633
f 2627/2627/2627 2634/2634/2634 2635/2635/2635
f 2634/2634/2634 2633/2633/2633 2635/2635/2635
f 2638/2638/2638 2637/2637/2637 2636/2636/2636
f 2637/2637/2637 2638/2638/2638 2639/2639/2639
f 2639/2639/2639 2640/2640/2640 2637/2637/2637
f 2638/2638/2638 2641/2641/2641 2639/2639/2639
f 2641/2641/2641 2642/2642/2642 2639/2639/2639
f 2640/2640/2640 2639/2639/2639 2642/2642/2642
f 2643/2643/2643 2642/2642/2642 2641/2641/2641
f 2641/2641/2641 2644/2644/2644 2643/2643/2643
f 2643/2643/2643 2644/2644/2644 2645/2645/2645
f 2645/2645/2645 2646/2646/2646 2643/2643/2643
f 2640/2640/2640 2642/2642/2642 2647/2647/2647
f 2647/2647/2647 2642/2642/2642 2643/2643/2643
f 2643/2643/2643 2646/2646/2646 2648/2648/2648
f 2643/2643/2643 2648/2648/2648 2647/2647/2647
f 2646/2646/2646 2649/2649/2649 2648/2648/2648
f 2650/2650/2650 2648/2648/2648 2649/2649/2649
f 2651/2651/2651 2648/2648/2648 2650/2650/2650
f 2651/2651/2651 2647/2647/2647 2648/2648/2648
f 2651/2651/2651 2640/2640/2640 2647/2647/2647
f 2652/2652/2652 2640/2640/2640 2651/2651/2651
f 2655/2655/2655 2654/2654/2654 2653/2653/2653
f 2656/2656/2656 2654/2654/2654 2655/2655/2655
f 2657/2657/2657 2656/2656/2656 2655/2655/2655
f 2657/2657/2657 2655/2655/2655 2658/2658/2658
f 2659/2659/2659 2656/2656/2656 2657/2657/2657
f 2660/2660/2660 2656/2656/2656 2659/2659/2659
f 2663/2663/2663 2662/2662/2662 2661/2661/2661
f 2663/2663/2663 2664/2664/2664 2662/2662/2662
f 2667/2667/2667 2666/2666/2666 2665/2665/2665
f 2668/2668/2668 2666/2666/2666 2667/2667/2667
f 2669/2669/2669 2666/2666/2666 2668/2668/2668
f 2670/2670/2670 2669/2669/2669 2668/2668/2668
f 2666/2666/2666 2669/2669/2669 2671/2671/2671
f 2674/2674/2674 2673/2673/2673 2672/2672/2672
f 2675/2675/2675 2672/2672/2672 2673/2673/2673
f 2676/2676/2676 2672/2672/2672 2675/2675/2675
f 2676/2676/2676 2677/2677/2677 2672/2672/2672
f 2677/2677/2677 2676/2676/2676 2678/2678/2678
f 2678/2678/2678 2679/2679/2679 2677/2677/2677
f 2679/2679/2679 2678/2678/2678 2680/2680/2680
f 2681/2681/2681 2679/2679/2679 2680/2680/2680
f 2682/2682/2682 2681/2681/2681 2680/2680/2680
f 2682/2682/2682 2683/2683/2683 2681/2681/2681
f 2682/2682/2682 2684/2684/2684 2683/2683/2683
f 2687/2687/2687 2686/2686/2686 2685/2685/2685
f 2685/2685/2685 2686/2686/2686 2688/2688/2688
f 2688/2688/2688 2686/2686/2686 2689/2689/2689
f 2692/2692/2692 2691/2691/2691 2690/2690/2690
f 2691/2691/2691 2693/2693/2693 2690/2690/2690
f 2690/2690/2690 2693/2693/2693 2694/2694/2694
f 2691/2691/2691 2695/2695/2695 2693/2693/2693
f 2695/2695/2695 2696/2696/2696 2693/2693/2693
f 2695/2695/2695 2691/2691/2691 2697/2697/2697
f 2700/2700/2700 2699/2699/2699 2698/2698/2698
f 2698/2698/2698 2699/2699/2699 2701/2701/2701
f 2699/2699/2699 2702/2702/2702 2701/2701/2701
f 2701/2701/2701 2703/2703/2703 2698/2698/2698
f 2698/2698/2698 2703/2703/2703 2704/2704/2704
f 2705/2705/2705 2704/2704/2704 2703/2703/2703
f 2705/2705/2705 2703/2703/2703 2706/2706/2706
f 2703/2703/2703 2707/2707/2707 2706/2706/2706
f 2708/2708/2708 2705/2705/2705 2706/2706/2706
f 2711/2711/2711 2710/2710/2710 2709/2709/2709
f 2712/2712/2712 2711/2711/2711 2709/2709/2709
f 2713/2713/2713 2712/2712/2712 2709/2709/2709
f 2716/2716/2716 2715/2715/2715 2714/2714/2714
f 2714/2714/2714 2717/2717/2717 2716/2716/2716
f 2718/2718/2718 2717/2717/2717 2714/2714/2714
f 2714/2714/2714 2719/2719/2719 2718/2718/2718
f 2720/2720/2720 2717/2717/2717 2718/2718/2718
f 2720/2720/2720 2718/2718/2718 2719/2719/2719
f 2716/2716/2716 2717/2717/2717 2721/2721/2721
f 2720/2720/2720 2721/2721/2721 2717/2717/2717
f 2722/2722/2722 2720/2720/2720 2719/2719/2719
f 2721/2721/2721 2720/2720/2720 2722/2722/2722
f 2722/2722/2722 2719/2719/2719 2723/2723/2723
f 2723/2723/2723 2719/2719/2719 2724/2724/2724
f 2722/2722/2722 2723/2723/2723 2725/2725/2725
f 2722/2722/2722 2725/2725/2725 2721/2721/2721
f 2716/2716/2716 2721/2721/2721 2726/2726/2726
f 2727/2727/2727 2716/2716/2716 2726/2726/2726
f 2726/2726/2726 2721/2721/2721 2728/2728/2728
f 2728/2728/2728 2721/2721/2721 2725/2725/2725
f 2726/2726/2726 2729/2729/2729 2727/2727/2727
f 2726/2726/2726 2728/2728/2728 2729/2729/2729
f 2727/2727/2727 2729/2729/2729 2730/2730/2730
f 2729/2729/2729 2731/2731/2731 2730/2730/2730
f 2723/2723/2723 2732/2732/2732 2725/2725/2725
f 2724/2724/2724 2732/2732/2732 2723/2723/2723
f 2725/2725/2725 2733/2733/2733 2728/2728/2728
f 2732/2732/2732 2733/2733/2733 2725/2725/2725
f 2734/2734/2734 2731/2731/2731 2729/2729/2729
f 2735/2735/2735 2731/2731/2731 2734/2734/2734
f 2729/2729/2729 2728/2728/2728 2736/2736/2736
f 2728/2728/2728 2733/2733/2733 2736/2736/2736
f 2729/2729/2729 2736/2736/2736 2734/2734/2734
f 2734/2734/2734 2736/2736/2736 2737/2737/2737
f 2736/2736/2736 2733/2733/2733 2737/2737/2737
f 2734/2734/2734 2737/2737/2737 2738/2738/2738
f 2738/2738/2738 2739/2739/2739 2734/2734/2734
f 2733/2733/2733 2740/2740/2740 2737/2737/2737
f 2732/2732/2732 2741/2741/2741 2733/2733/2733
f 2733/2733/2733 2741/2741/2741 2740/2740/2740
f 2724/2724/2724 2741/2741/2741 2732/2732/2732
f 2741/2741/2741 2742/2742/2742 2740/2740/2740
f 2724/2724/2724 2743/2743/2743 2741/2741/2741
f 2741/2741/2741 2743/2743/2743 2742/2742/2742
f 2743/2743/2743 2724/2724/2724 2744/2744/2744
f 2724/2724/2724 2745/2745/2745 2744/2744/2744
f 2745/2745/2745 2746/2746/2746 2744/2744/2744
f 2747/2747/2747 2746/2746/2746 2745/2745/2745
f 2746/2746/2746 2748/2748/2748 2744/2744/2744
f 2748/2748/2748 2743/2743/2743 2744/2744/2744
f 2743/2743/2743 2749/2749/2749 2742/2742/2742
f 2750/2750/2750 2742/2742/2742 2749/2749/2749
f 2750/2750/2750 2749/2749/2749 2751/2751/2751
f 2752/2752/2752 2749/2749/2749 2743/2743/2743
f 2749/2749/2749 2752/2752/2752 2751/2751/2751
f 2743/2743/2743 2748/2748/2748 2752/2752/2752
f 2752/2752/2752 2753/2753/2753 2751/2751/2751
f 2752/2752/2752 2748/2748/2748 2753/2753/2753
f 2754/2754/2754 2751/2751/2751 2753/2753/2753
f 2753/2753/2753 2755/2755/2755 2754/2754/2754
f 2756/2756/2756 2746/2746/2746 2747/2747/2747
f 2746/2746/2746 2756/2756/2756 2748/2748/2748
f 2748/2748/2748 2757/2757/2757 2753/2753/2753
f 2756/2756/2756 2757/2757/2757 2748/2748/2748
f 2753/2753/2753 2758/2758/2758 2755/2755/2755
f 2757/2757/2757 2758/2758/2758 2753/2753/2753
f 2758/2758/2758 2759/2759/2759 2755/2755/2755
f 2758/2758/2758 2757/2757/2757 2759/2759/2759
f 2755/2755/2755 2759/2759/2759 2760/2760/2760
f 2759/2759/2759 2761/2761/2761 2760/2760/2760
f 2762/2762/2762 2761/2761/2761 2759/2759/2759
f 2762/2762/2762 2759/2759/2759 2763/2763/2763
f 2763/2763/2763 2759/2759/2759 2757/2757/2757
f 2757/2757/2757 2756/2756/2756 2763/2763/2763
f 2763/2763/2763 2756/2756/2756 2764/2764/2764
f 2747/2747/2747 2764/2764/2764 2756/2756/2756
f 2765/2765/2765 2764/2764/2764 2747/2747/2747
f 2765/2765/2765 2766/2766/2766 2764/2764/2764
f 2765/2765/2765 2767/2767/2767 2766/2766/2766
f 2770/2770/2770 2769/2769/2769 2768/2768/2768
f 2768/2768/2768 2769/2769/2769 2771/2771/2771
f 2771/2771/2771 2769/2769/2769 2772/2772/2772
f 2771/2771/2771 2772/2772/2772 2773/2773/2773
f 2776/2776/2776 2775/2775/2775 2774/2774/2774
f 2776/2776/2776 2774/2774/2774 2777/2777/2777
f 2774/2774/2774 2778/2778/2778 2777/2777/2777
f 2779/2779/2779 2778/2778/2778 2774/2774/2774
f 2776/2776/2776 2777/2777/2777 2780/2780/2780
f 2780/2780/2780 2781/2781/2781 2776/2776/2776
f 2782/2782/2782 2777/2777/2777 2778/2778/2778
f 2780/2780/2780 2777/2777/2777 2782/2782/2782
f 2781/2781/2781 2780/2780/2780 2783/2783/2783
f 2784/2784/2784 2781/2781/2781 2783/2783/2783
f 2783/2783/2783 2785/2785/2785 2784/2784/2784
f 2785/2785/2785 2783/2783/2783 2786/2786/2786
f 2780/2780/2780 2782/2782/2782 2787/2787/2787
f 2783/2783/2783 2780/2780/2780 2787/2787/2787
f 2782/2782/2782 2778/2778/2778 2787/2787/2787
f 2787/2787/2787 2778/2778/2778 2788/2788/2788
f 2789/2789/2789 2788/2788/2788 2778/2778/2778
f 2790/2790/2790 2786/2786/2786 2783/2783/2783
f 2783/2783/2783 2791/2791/2791 2790/2790/2790
f 2790/2790/2790 2792/2792/2792 2786/2786/2786
f 2789/2789/2789 2778/2778/2778 2793/2793/2793
f 2779/2779/2779 2793/2793/2793 2778/2778/2778
f 2789/2789/2789 2793/2793/2793 2794/2794/2794
f 2789/2789/2789 2794/2794/2794 2795/2795/2795
f 2796/2796/2796 2793/2793/2793 2779/2779/2779
f 2793/2793/2793 2796/2796/2796 2794/2794/2794
f 2779/2779/2779 2797/2797/2797 2796/2796/2796
f 2779/2779/2779 2798/2798/2798 2797/2797/2797
f 2799/2799/2799 2797/2797/2797 2798/2798/2798
f 2798/2798/2798 2800/2800/2800 2799/2799/2799
f 2801/2801/2801 2794/2794/2794 2796/2796/2796
f 2796/2796/2796 2797/2797/2797 2801/2801/2801
f 2797/2797/2797 2802/2802/2802 2801/2801/2801
f 2801/2801/2801 2803/2803/2803 2794/2794/2794
f 2802/2802/2802 2804/2804/2804 2801/2801/2801
f 2804/2804/2804 2803/2803/2803 2801/2801/2801
f 2804/2804/2804 2805/2805/2805 2803/2803/2803
f 2808/2808/2808 2807/2807/2807 2806/2806/2806
f 2808/2808/2808 2806/2806/2806 2809/2809/2809
f 2806/2806/2806 2810/2810/2810 2809/2809/2809
f 2809/2809/2809 2810/2810/2810 2811/2811/2811
f 2814/2814/2814 2813/2813/2813 2812/2812/2812
f 2814/2814/2814 2815/2815/2815 2813/2813/2813
f 2818/2818/2818 2817/2817/2817 2816/2816/2816
f 2817/2817/2817 2819/2819/2819 2816/2816/2816
f 2817/2817/2817 2820/2820/2820 2819/2819/2819
f 2817/2817/2817 2821/2821/2821 2820/2820/2820
f 2821/2821/2821 2817/2817/2817 2822/2822/2822
f 2822/2822/2822 2823/2823/2823 2821/2821/2821
f 2824/2824/2824 2823/2823/2823 2822/2822/2822
f 2824/2824/2824 2822/2822/2822 2825/2825/2825
f 2826/2826/2826 2823/2823/2823 2824/2824/2824
f 2827/2827/2827 2823/2823/2823 2826/2826/2826
f 2823/2823/2823 2827/2827/2827 2828/2828/2828
f 2827/2827/2827 2829/2829/2829 2828/2828/2828
f 2830/2830/2830 2828/2828/2828 2829/2829/2829
f 2830/2830/2830 2829/2829/2829 2831/2831/2831
f 2828/2828/2828 2830/2830/2830 2832/2832/2832
f 2832/2832/2832 2823/2823/2823 2828/2828/2828
f 2830/2830/2830 2833/2833/2833 2832/2832/2832
f 2834/2834/2834 2832/2832/2832 2833/2833/2833
f 2835/2835/2835 2823/2823/2823 2832/2832/2832
f 2835/2835/2835 2832/2832/2832 2834/2834/2834
f 2836/2836/2836 2821/2821/2821 2823/2823/2823
f 2835/2835/2835 2836/2836/2836 2823/2823/2823
f 2835/2835/2835 2834/2834/2834 2837/2837/2837
f 2838/2838/2838 2837/2837/2837 2834/2834/2834
f 2839/2839/2839 2837/2837/2837 2838/2838/2838
f 2840/2840/2840 2839/2839/2839 2838/2838/2838
f 2838/2838/2838 2841/2841/2841 2840/2840/2840
f 2841/2841/2841 2842/2842/2842 2840/2840/2840
f 2842/2842/2842 2841/2841/2841 2843/2843/2843
f 2844/2844/2844 2835/2835/2835 2837/2837/2837
f 2844/2844/2844 2837/2837/2837 2845/2845/2845
f 492/492/492 2835/2835/2835 2844/2844/2844
f 2835/2835/2835 492/492/492 2836/2836/2836
f 492/492/492 2846/2846/2846 2836/2836/2836
f 2846/2846/2846 2821/2821/2821 2836/2836/2836
f 491/491/491 2846/2846/2846 492/492/492
f 2846/2846/2846 491/491/491 500/500/500
f 2821/2821/2821 2846/2846/2846 2847/2847/2847
f 2847/2847/2847 2846/2846/2846 500/500/500
f 2847/2847/2847 2820/2820/2820 2821/2821/2821
f 500/500/500 2848/2848/2848 2847/2847/2847
f 2820/2820/2820 2847/2847/2847 2848/2848/2848
f 500/500/500 2849/2849/2849 2848/2848/2848
f 2848/2848/2848 2850/2850/2850 2820/2820/2820
f 2853/2853/2853 2852/2852/2852 2851/2851/2851
f 2853/2853/2853 2851/2851/2851 2854/2854/2854
f 2857/2857/2857 2856/2856/2856 2855/2855/2855
f 2858/2858/2858 2856/2856/2856 2857/2857/2857
f 2859/2859/2859 2856/2856/2856 2858/2858/2858
f 2860/2860/2860 2856/2856/2856 2859/2859/2859
f 2861/2861/2861 2860/2860/2860 2859/2859/2859
f 2860/2860/2860 2862/2862/2862 2856/2856/2856
f 2860/2860/2860 2861/2861/2861 2863/2863/2863
f 2862/2862/2862 2860/2860/2860 2863/2863/2863
f 2866/2866/2866 2865/2865/2865 2864/2864/2864
f 2867/2867/2867 2866/2866/2866 2864/2864/2864
f 2868/2868/2868 2867/2867/2867 2864/2864/2864
f 2871/2871/2871 2870/2870/2870 2869/2869/2869
f 2872/2872/2872 2871/2871/2871 2869/2869/2869
f 2869/2869/2869 2873/2873/2873 2872/2872/2872
f 2873/2873/2873 2869/2869/2869 2874/2874/2874
f 2875/2875/2875 2873/2873/2873 2874/2874/2874
f 2875/2875/2875 2874/2874/2874 2876/2876/2876
f 2877/2877/2877 2876/2876/2876 2874/2874/2874
f 2876/2876/2876 2877/2877/2877 2878/2878/2878
f 2879/2879/2879 2875/2875/2875 2876/2876/2876
f 2880/2880/2880 2875/2875/2875 2879/2879/2879
f 2879/2879/2879 2881/2881/2881 2880/2880/2880
f 2881/2881/2881 2879/2879/2879 2882/2882/2882
f 2882/2882/2882 2879/2879/2879 2883/2883/2883
f 2884/2884/2884 2882/2882/2882 2883/2883/2883
f 2884/2884/2884 2881/2881/2881 2882/2882/2882
f 2885/2885/2885 2884/2884/2884 2883/2883/2883
f 2886/2886/2886 2885/2885/2885 2883/2883/2883
f 2887/2887/2887 2885/2885/2885 2886/2886/2886
f 2884/2884/2884 2885/2885/2885 2888/2888/2888
f 2884/2884/2884 2888/2888/2888 2881/2881/2881
f 2888/2888/2888 2885/2885/2885 2889/2889/2889
f 2890/2890/2890 2888/2888/2888 2889/2889/2889
f 2889/2889/2889 2885/2885/2885 2891/2891/2891
f 2890/2890/2890 2889/2889/2889 2891/2891/2891
f 2890/2890/2890 2891/2891/2891 2892/2892/2892
f 2892/2892/2892 2891/2891/2891 2893/2893/2893
f 2893/2893/2893 2894/2894/2894 2892/2892/2892
f 2894/2894/2894 2895/2895/2895 2892/2892/2892
f 2894/2894/2894 2896/2896/2896 2895/2895/2895
f 2897/2897/2897 2892/2892/2892 2895/2895/2895
f 2897/2897/2897 2890/2890/2890 2892/2892/2892
f 2898/2898/2898 2897/2897/2897 2895/2895/2895
f 2898/2898/2898 2895/2895/2895 2896/2896/2896
f 2898/2898/2898 2899/2899/2899 2897/2897/2897
f 2899/2899/2899 2890/2890/2890 2897/2897/2897
f 2900/2900/2900 2898/2898/2898 2896/2896/2896
f 2901/2901/2901 2890/2890/2890 2899/2899/2899
f 2902/2902/2902 2900/2900/2900 2896/2896/2896
f 2890/2890/2890 2901/2901/2901 2903/2903/2903
f 2890/2890/2890 2903/2903/2903 2888/2888/2888
f 2901/2901/2901 2904/2904/2904 2903/2903/2903
f 2888/2888/2888 2903/2903/2903 2904/2904/2904
f 2888/2888/2888 2904/2904/2904 2881/2881/2881
f 2904/2904/2904 2905/2905/2905 2881/2881/2881
f 2905/2905/2905 2906/2906/2906 2881/2881/2881
f 2902/2902/2902 2896/2896/2896 2907/2907/2907
f 2907/2907/2907 2896/2896/2896 2908/2908/2908
f 2909/2909/2909 2907/2907/2907 2908/2908/2908
f 2909/2909/2909 2910/2910/2910 2907/2907/2907
f 2910/2910/2910 2909/2909/2909 2911/2911/2911
f 2912/2912/2912 2902/2902/2902 2907/2907/2907
f 2912/2912/2912 2907/2907/2907 2910/2910/2910
f 2902/2902/2902 2912/2912/2912 2913/2913/2913
f 2913/2913/2913 2912/2912/2912 2910/2910/2910
f 2914/2914/2914 2902/2902/2902 2913/2913/2913
f 2915/2915/2915 2914/2914/2914 2913/2913/2913
f 2911/2911/2911 2916/2916/2916 2910/2910/2910
f 2913/2913/2913 2910/2910/2910 2916/2916/2916
f 2917/2917/2917 2916/2916/2916 2911/2911/2911
f 2915/2915/2915 2913/2913/2913 2918/2918/2918
f 2916/2916/2916 2918/2918/2918 2913/2913/2913
f 2918/2918/2918 2916/2916/2916 2917/2917/2917
f 2919/2919/2919 2915/2915/2915 2918/2918/2918
f 2919/2919/2919 2918/2918/2918 2917/2917/2917
f 2922/2922/2922 2921/2921/2921 2920/2920/2920
f 2923/2923/2923 2920/2920/2920 2921/2921/2921
f 2921/2921/2921 2924/2924/2924 2923/2923/2923
f 2925/2925/2925 2924/2924/2924 2921/2921/2921
f 2924/2924/2924 2926/2926/2926 2923/2923/2923
f 2923/2923/2923 2927/2927/2927 2920/2920/2920
f 2920/2920/2920 2927/2927/2927 2928/2928/2928
f 2929/2929/2929 2923/2923/2923 2926/2926/2926
f 2927/2927/2927 2923/2923/2923 2929/2929/2929
f 2928/2928/2928 2927/2927/2927 2929/2929/2929
f 2926/2926/2926 2930/2930/2930 2929/2929/2929
f 2929/2929/2929 2931/2931/2931 2928/2928/2928
f 2930/2930/2930 2931/2931/2931 2929/2929/2929
f 2930/2930/2930 2932/2932/2932 2931/2931/2931
f 2932/2932/2932 2933/2933/2933 2931/2931/2931
f 2933/2933/2933 2932/2932/2932 2934/2934/2934
f 2933/2933/2933 2934/2934/2934 2935/2935/2935
f 2932/2932/2932 2936/2936/2936 2934/2934/2934
f 2939/2939/2939 2938/2938/2938 2937/2937/2937
f 2938/2938/2938 2939/2939/2939 2940/2940/2940
f 2941/2941/2941 2940/2940/2940 2939/2939/2939
f 2938/2938/2938 2940/2940/2940 2942/2942/2942
f 2938/2938/2938 2942/2942/2942 2943/2943/2943
f 2944/2944/2944 2938/2938/2938 2943/2943/2943
f 2944/2944/2944 2943/2943/2943 2945/2945/2945
f 2946/2946/2946 2944/2944/2944 2945/2945/2945
f 2945/2945/2945 2947/2947/2947 2946/2946/2946
f 2946/2946/2946 2947/2947/2947 2948/2948/2948
f 2948/2948/2948 2947/2947/2947 2949/2949/2949
f 2948/2948/2948 2949/2949/2949 2950/2950/2950
f 2950/2950/2950 2949/2949/2949 2951/2951/2951
f 2952/2952/2952 2950/2950/2950 2951/2951/2951
f 2951/2951/2951 2953/2953/2953 2952/2952/2952
f 2952/2952/2952 2953/2953/2953 2954/2954/2954
f 2955/2955/2955 2952/2952/2952 2954/2954/2954
f 2956/2956/2956 2942/2942/2942 2940/2940/2940
f 2957/2957/2957 2956/2956/2956 2940/2940/2940
f 2941/2941/2941 2957/2957/2957 2940/2940/2940
f 2941/2941/2941 2958/2958/2958 2957/2957/2957
f 2941/2941/2941 2959/2959/2959 2958/2958/2958
f 2959/2959/2959 2960/2960/2960 2958/2958/2958
f 2961/2961/2961 2958/2958/2958 2960/2960/2960
f 2957/2957/2957 2962/2962/2962 2956/2956/2956
f 2962/2962/2962 2963/2963/2963 2956/2956/2956
f 2964/2964/2964 2963/2963/2963 2962/2962/2962
f 2964/2964/2964 2965/2965/2965 2963/2963/2963
f 2966/2966/2966 2965/2965/2965 2964/2964/2964
f 2966/2966/2966 2964/2964/2964 2967/2967/2967
f 2968/2968/2968 2962/2962/2962 2957/2957/2957
f 2958/2958/2958 2968/2968/2968 2957/2957/2957
f 2968/2968/2968 2969/2969/2969 2962/2962/2962
f 2958/2958/2958 2969/2969/2969 2968/2968/2968
f 2969/2969/2969 2964/2964/2964 2962/2962/2962
f 2961/2961/2961 2970/2970/2970 2958/2958/2958
f 2958/2958/2958 2970/2970/2970 2969/2969/2969
f 2970/2970/2970 2964/2964/2964 2969/2969/2969
f 2961/2961/2961 2971/2971/2971 2970/2970/2970
f 2972/2972/2972 2970/2970/2970 2971/2971/2971
f 2973/2973/2973 2967/2967/2967 2964/2964/2964
f 2964/2964/2964 2970/2970/2970 2973/2973/2973
f 2970/2970/2970 2972/2972/2972 2973/2973/2973
f 2967/2967/2967 2973/2973/2973 2974/2974/2974
f 2975/2975/2975 2974/2974/2974 2973/2973/2973
f 2972/2972/2972 2975/2975/2975 2973/2973/2973
f 2975/2975/2975 2972/2972/2972 2976/2976/2976
f 2979/2979/2979 2978/2978/2978 2977/2977/2977
f 2977/2977/2977 2980/2980/2980 2979/2979/2979
f 2980/2980/2980 2981/2981/2981 2979/2979/2979
f 2981/2981/2981 2982/2982/2982 2979/2979/2979
f 2983/2983/2983 2980/2980/2980 2977/2977/2977
f 2984/2984/2984 2983/2983/2983 2977/2977/2977
f 2980/2980/2980 2985/2985/2985 2981/2981/2981
f 2983/2983/2983 2985/2985/2985 2980/2980/2980
f 2985/2985/2985 2986/2986/2986 2981/2981/2981
f 2987/2987/2987 2986/2986/2986 2985/2985/2985
f 2981/2981/2981 2986/2986/2986 2988/2988/2988
f 2989/2989/2989 2986/2986/2986 2987/2987/2987
f 2989/2989/2989 2987/2987/2987 2990/2990/2990
f 2990/2990/2990 2987/2987/2987 2991/2991/2991
f 2983/2983/2983 2992/2992/2992 2985/2985/2985
f 2984/2984/2984 2993/2993/2993 2983/2983/2983
f 2993/2993/2993 2992/2992/2992 2983/2983/2983
f 2985/2985/2985 2994/2994/2994 2987/2987/2987
f 2992/2992/2992 2994/2994/2994 2985/2985/2985
f 2991/2991/2991 2987/2987/2987 2995/2995/2995
f 2987/2987/2987 2994/2994/2994 2996/2996/2996
f 2996/2996/2996 2995/2995/2995 2987/2987/2987
f 2995/2995/2995 2997/2997/2997 2991/2991/2991
f 2997/2997/2997 2995/2995/2995 2996/2996/2996
f 2998/2998/2998 2991/2991/2991 2997/2997/2997
f 2997/2997/2997 2996/2996/2996 2999/2999/2999
f 3000/3000/3000 2999/2999/2999 2996/2996/2996
f 2994/2994/2994 3000/3000/3000 2996/2996/2996
f 3000/3000/3000 2994/2994/2994 2992/2992/2992
f 3001/3001/3001 3000/3000/3000 2992/2992/2992
f 3001/3001/3001 2992/2992/2992 3002/3002/3002
f 3002/3002/3002 2992/2992/2992 2993/2993/2993
f 3003/3003/3003 3001/3001/3001 3002/3002/3002
f 3004/3004/3004 3002/3002/3002 2993/2993/2993
f 3004/3004/3004 2993/2993/2993 2984/2984/2984
f 3003/3003/3003 3002/3002/3002 3005/3005/3005
f 3005/3005/3005 3002/3002/3002 3004/3004/3004
f 2984/2984/2984 3006/3006/3006 3004/3004/3004
f 3007/3007/3007 3006/3006/3006 2984/2984/2984
f 3006/3006/3006 3007/3007/3007 3008/3008/3008
f 3008/3008/3008 3004/3004/3004 3006/3006/3006
f 3005/3005/3005 3004/3004/3004 3009/3009/3009
f 3009/3009/3009 3004/3004/3004 3008/3008/3008
f 3003/3003/3003 3005/3005/3005 3010/3010/3010
f 3009/3009/3009 3010/3010/3010 3005/3005/3005
f 3009/3009/3009 3008/3008/3008 3011/3011/3011
f 3011/3011/3011 3010/3010/3010 3009/3009/3009
f 3011/3011/3011 3008/3008/3008 3012/3012/3012
f 3003/3003/3003 3010/3010/3010 3013/3013/3013
f 3014/3014/3014 3003/3003/3003 3013/3013/3013
f 3013/3013/3013 3010/3010/3010 3015/3015/3015
f 3015/3015/3015 3010/3010/3010 3011/3011/3011
f 3013/3013/3013 3015/3015/3015 3016/3016/3016
f 3016/3016/3016 3015/3015/3015 3017/3017/3017
f 3018/3018/3018 3011/3011/3011 3012/3012/3012
f 3015/3015/3015 3011/3011/3011 3018/3018/3018
f 3017/3017/3017 3015/3015/3015 3018/3018/3018
f 3019/3019/3019 3018/3018/3018 3012/3012/3012
f 3019/3019/3019 3017/3017/3017 3018/3018/3018
f 3022/3022/3022 3021/3021/3021 3020/3020/3020
f 3023/3023/3023 3022/3022/3022 3020/3020/3020
f 3024/3024/3024 3023/3023/3023 3020/3020/3020
f 3027/3027/3027 3026/3026/3026 3025/3025/3025
f 3026/3026/3026 3028/3028/3028 3025/3025/3025
f 3029/3029/3029 3028/3028/3028 3026/3026/3026
f 3032/3032/3032 3031/3031/3031 3030/3030/3030
f 3031/3031/3031 3033/3033/3033 3030/3030/3030
f 3033/3033/3033 3031/3031/3031 3034/3034/3034
f 3035/3035/3035 3034/3034/3034 3031/3031/3031
f 3034/3034/3034 3036/3036/3036 3033/3033/3033
f 3037/3037/3037 3033/3033/3033 3036/3036/3036
f 3040/3040/3040 3039/3039/3039 3038/3038/3038
f 3041/3041/3041 3038/3038/3038 3039/3039/3039
f 3042/3042/3042 3041/3041/3041 3039/3039/3039
f 3042/3042/3042 3043/3043/3043 3041/3041/3041
f 3046/3046/3046 3045/3045/3045 3044/3044/3044
f 3045/3045/3045 3046/3046/3046 3047/3047/3047
f 3048/3048/3048 3045/3045/3045 3047/3047/3047
f 3048/3048/3048 3049/3049/3049 3045/3045/3045
f 3050/3050/3050 3049/3049/3049 3048/3048/3048
f 3048/3048/3048 3051/3051/3051 3050/3050/3050
f 3051/3051/3051 3052/3052/3052 3050/3050/3050
f 3052/3052/3052 3051/3051/3051 3053/3053/3053
f 3051/3051/3051 3054/3054/3054 3053/3053/3053
f 3054/3054/3054 3055/3055/3055 3053/3053/3053
f 3056/3056/3056 3055/3055/3055 3054/3054/3054
f 3056/3056/3056 3057/3057/3057 3055/3055/3055
f 3056/3056/3056 3058/3058/3058 3057/3057/3057
f 3061/3061/3061 3060/3060/3060 3059/3059/3059
f 3059/3059/3059 3060/3060/3060 3062/3062/3062
f 3062/3062/3062 3063/3063/3063 3059/3059/3059
f 3063/3063/3063 3062/3062/3062 3064/3064/3064
f 3062/3062/3062 3060/3060/3060 3065/3065/3065
f 3062/3062/3062 3065/3065/3065 3064/3064/3064
f 3065/3065/3065 3066/3066/3066 3064/3064/3064
f 3065/3065/3065 3067/3067/3067 3066/3066/3066
f 3070/3070/3070 3069/3069/3069 3068/3068/3068
f 3068/3068/3068 3069/3069/3069 3071/3071/3071
f 3071/3071/3071 3069/3069/3069 3072/3072/3072
f 3075/3075/3075 3074/3074/3074 3073/3073/3073
f 3074/3074/3074 3075/3075/3075 3076/3076/3076
f 3077/3077/3077 3074/3074/3074 3076/3076/3076
f 3076/3076/3076 3078/3078/3078 3077/3077/3077
f 3079/3079/3079 3077/3077/3077 3078/3078/3078
f 3078/3078/3078 3080/3080/3080 3079/3079/3079
f 3080/3080/3080 3078/3078/3078 3081/3081/3081
f 3080/3080/3080 3081/3081/3081 3082/3082/3082
f 3083/3083/3083 3080/3080/3080 3082/3082/3082
f 3084/3084/3084 3083/3083/3083 3082/3082/3082
f 3085/3085/3085 3084/3084/3084 3082/3082/3082
f 3085/3085/3085 3086/3086/3086 3084/3084/3084
f 3087/3087/3087 3086/3086/3086 3085/3085/3085
f 3087/3087/3087 3088/3088/3088 3086/3086/3086
f 3091/3091/3091 3090/3090/3090 3089/3089/3089
f 3089/3089/3089 3092/3092/3092 3091/3091/3091
f 3092/3092/3092 3093/3093/3093 3091/3091/3091
f 3089/3089/3089 3094/3094/3094 3092/3092/3092
f 3094/3094/3094 3089/3089/3089 3095/3095/3095
f 3095/3095/3095 3089/3089/3089 3096/3096/3096
f 3095/3095/3095 3097/3097/3097 3094/3094/3094
f 3095/3095/3095 3096/3096/3096 3098/3098/3098
f 3098/3098/3098 3097/3097/3097 3095/3095/3095
f 3099/3099/3099 3097/3097/3097 3098/3098/3098
f 3102/3102/3102 3101/3101/3101 3100/3100/3100
f 3101/3101/3101 3102/3102/3102 3103/3103/3103
f 3104/3104/3104 3103/3103/3103 3102/3102/3102
f 3104/3104/3104 3102/3102/3102 3105/3105/3105
f 3104/3104/3104 3105/3105/3105 3106/3106/3106
f 3106/3106/3106 3105/3105/3105 3107/3107/3107
f 3107/3107/3107 3108/3108/3108 3106/3106/3106
f 3109/3109/3109 3106/3106/3106 3108/3108/3108
f 3110/3110/3110 3109/3109/3109 3108/3108/3108
f 3109/3109/3109 3110/3110/3110 3111/3111/3111
f 3114/3114/3114 3113/3113/3113 3112/3112/3112
f 3115/3115/3115 3113/3113/3113 3114/3114/3114
f 3116/3116/3116 3113/3113/3113 3115/3115/3115
f 3114/3114/3114 3117/3117/3117 3115/3115/3115
f 3118/3118/3118 3117/3117/3117 3114/3114/3114
f 3115/3115/3115 3117/3117/3117 3119/3119/3119
f 3120/3120/3120 3116/3116/3116 3115/3115/3115
f 3115/3115/3115 3119/3119/3119 3120/3120/3120
f 3121/3121/3121 3116/3116/3116 3120/3120/3120
f 3120/3120/3120 3119/3119/3119 3121/3121/3121
f 3122/3122/3122 3116/3116/3116 3121/3121/3121
f 1058/1058/1058 3122/3122/3122 3121/3121/3121
f 3121/3121/3121 3119/3119/3119 3123/3123/3123
f 1060/1060/1060 1058/1058/1058 3121/3121/3121
f 1060/1060/1060 3121/3121/3121 3123/3123/3123
f 1060/1060/1060 3123/3123/3123 3124/3124/3124
f 3127/3127/3127 3126/3126/3126 3125/3125/3125
f 3125/3125/3125 3126/3126/3126 3128/3128/3128
f 3131/3131/3131 3130/3130/3130 3129/3129/3129
f 3130/3130/3130 3131/3131/3131 3132/3132/3132
f 3132/3132/3132 3133/3133/3133 3130/3130/3130
f 3133/3133/3133 3132/3132/3132 3134/3134/3134
f 3134/3134/3134 3132/3132/3132 3135/3135/3135
f 3134/3134/3134 3135/3135/3135 3136/3136/3136
f 3136/3136/3136 3135/3135/3135 3137/3137/3137
f 3136/3136/3136 3137/3137/3137 3138/3138/3138
f 3138/3138/3138 3137/3137/3137 3139/3139/3139
f 3137/3137/3137 3140/3140/3140 3139/3139/3139
f 3143/3143/3143 3142/3142/3142 3141/3141/3141
f 3141/3141/3141 3144/3144/3144 3143/3143/3143
f 3147/3147/3147 3146/3146/3146 3145/3145/3145
f 3147/3147/3147 3148/3148/3148 3146/3146/3146
f 3148/3148/3148 3149/3149/3149 3146/3146/3146
f 3148/3148/3148 3150/3150/3150 3149/3149/3149
f 3151/3151/3151 3150/3150/3150 3148/3148/3148
f 3152/3152/3152 3151/3151/3151 3148/3148/3148
f 3153/3153/3153 3151/3151/3151 3152/3152/3152
f 3154/3154/3154 3153/3153/3153 3152/3152/3152
f 3150/3150/3150 3151/3151/3151 3155/3155/3155
f 3151/3151/3151 3153/3153/3153 3155/3155/3155
f 3154/3154/3154 3156/3156/3156 3153/3153/3153
f 3156/3156/3156 3155/3155/3155 3153/3153/3153
f 3157/3157/3157 3156/3156/3156 3154/3154/3154
f 3155/3155/3155 3158/3158/3158 3150/3150/3150
f 3150/3150/3150 3158/3158/3158 3159/3159/3159
f 3155/3155/3155 3160/3160/3160 3158/3158/3158
f 3156/3156/3156 3160/3160/3160 3155/3155/3155
f 3160/3160/3160 3161/3161/3161 3158/3158/3158
f 3162/3162/3162 3160/3160/3160 3156/3156/3156
f 3162/3162/3162 3156/3156/3156 3157/3157/3157
f 3160/3160/3160 3163/3163/3163 3161/3161/3161
f 3162/3162/3162 3163/3163/3163 3160/3160/3160
f 3161/3161/3161 3163/3163/3163 3164/3164/3164
f 3163/3163/3163 3165/3165/3165 3164/3164/3164
f 3163/3163/3163 3162/3162/3162 3165/3165/3165
f 3164/3164/3164 3165/3165/3165 3166/3166/3166
f 3167/3167/3167 3162/3162/3162 3157/3157/3157
f 3168/3168/3168 3165/3165/3165 3162/3162/3162
f 3168/3168/3168 3162/3162/3162 3167/3167/3167
f 3167/3167/3167 3157/3157/3157 3169/3169/3169
f 3157/3157/3157 3170/3170/3170 3169/3169/3169
f 3170/3170/3170 3171/3171/3171 3169/3169/3169
f 3169/3169/3169 3172/3172/3172 3167/3167/3167
f 3171/3171/3171 3172/3172/3172 3169/3169/3169
f 3172/3172/3172 3173/3173/3173 3167/3167/3167
f 3167/3167/3167 3173/3173/3173 3174/3174/3174
f 3168/3168/3168 3167/3167/3167 3174/3174/3174
f 3175/3175/3175 3168/3168/3168 3174/3174/3174
f 3176/3176/3176 3168/3168/3168 3175/3175/3175
f 3165/3165/3165 3168/3168/3168 3176/3176/3176
f 3177/3177/3177 3176/3176/3176 3175/3175/3175
f 3171/3171/3171 3170/3170/3170 3178/3178/3178
f 3170/3170/3170 3179/3179/3179 3178/3178/3178
f 3171/3171/3171 3180/3180/3180 3172/3172/3172
f 3171/3171/3171 3178/3178/3178 3180/3180/3180
f 3172/3172/3172 3180/3180/3180 3181/3181/3181
f 3178/3178/3178 3182/3182/3182 3180/3180/3180
f 3182/3182/3182 3178/3178/3178 3183/3183/3183
f 3165/3165/3165 3176/3176/3176 3184/3184/3184
f 3185/3185/3185 3165/3165/3165 3184/3184/3184
f 3186/3186/3186 3184/3184/3184 3176/3176/3176
f 3176/3176/3176 3177/3177/3177 3186/3186/3186
f 3187/3187/3187 3184/3184/3184 3186/3186/3186
f 3188/3188/3188 3186/3186/3186 3177/3177/3177
f 3186/3186/3186 3188/3188/3188 3187/3187/3187
f 3189/3189/3189 3188/3188/3188 3177/3177/3177
f 3190/3190/3190 3189/3189/3189 3177/3177/3177
f 3191/3191/3191 3189/3189/3189 3190/3190/3190
f 3192/3192/3192 3189/3189/3189 3191/3191/3191
f 3193/3193/3193 3192/3192/3192 3191/3191/3191
f 3188/3188/3188 3194/3194/3194 3187/3187/3187
f 3194/3194/3194 3195/3195/3195 3187/3187/3187
f 3195/3195/3195 3196/3196/3196 3187/3187/3187
f 3197/3197/3197 3196/3196/3196 3195/3195/3195
f 3195/3195/3195 3194/3194/3194 3198/3198/3198
f 3198/3198/3198 3194/3194/3194 3199/3199/3199
f 3194/3194/3194 3188/3188/3188 3199/3199/3199
f 3200/3200/3200 3199/3199/3199 3188/3188/3188
f 3200/3200/3200 3188/3188/3188 3201/3201/3201
f 3200/3200/3200 3201/3201/3201 3202/3202/3202
f 3205/3205/3205 3204/3204/3204 3203/3203/3203
f 3206/3206/3206 3204/3204/3204 3205/3205/3205
f 3209/3209/3209 3208/3208/3208 3207/3207/3207
f 3207/3207/3207 3208/3208/3208 3210/3210/3210
f 3210/3210/3210 3208/3208/3208 3211/3211/3211
f 3208/3208/3208 3212/3212/3212 3211/3211/3211
f 3213/3213/3213 3211/3211/3211 3212/3212/3212
f 3211/3211/3211 3213/3213/3213 3214/3214/3214
f 3217/3217/3217 3216/3216/3216 3215/3215/3215
f 3218/3218/3218 3216/3216/3216 3217/3217/3217
f 3219/3219/3219 3218/3218/3218 3217/3217/3217
f 3219/3219/3219 3217/3217/3217 3220/3220/3220
f 3223/3223/3223 3222/3222/3222 3221/3221/3221
f 3221/3221/3221 3222/3222/3222 3224/3224/3224
f 3227/3227/3227 3226/3226/3226 3225/3225/3225
f 3228/3228/3228 3227/3227/3227 3225/3225/3225
f 3228/3228/3228 3225/3225/3225 3229/3229/3229
f 3230/3230/3230 3228/3228/3228 3229/3229/3229
f 3231/3231/3231 3227/3227/3227 3228/3228/3228
f 3228/3228/3228 3230/3230/3230 3231/3231/3231
f 3227/3227/3227 3231/3231/3231 3232/3232/3232
f 3233/3233/3233 3232/3232/3232 3231/3231/3231
f 3231/3231/3231 3230/3230/3230 3233/3233/3233
f 3233/3233/3233 3230/3230/3230 3234/3234/3234
f 3234/3234/3234 3230/3230/3230 3235/3235/3235
f 3236/3236/3236 3234/3234/3234 3235/3235/3235
f 3239/3239/3239 3238/3238/3238 3237/3237/3237
f 3237/3237/3237 3238/3238/3238 3240/3240/3240
f 3241/3241/3241 3237/3237/3237 3240/3240/3240
f 3244/3244/3244 3243/3243/3243 3242/3242/3242
f 3245/3245/3245 3244/3244/3244 3242/3242/3242
f 3246/3246/3246 3245/3245/3245 3242/3242/3242
f 3245/3245/3245 3247/3247/3247 3244/3244/3244
f 3247/3247/3247 3245/3245/3245 3248/3248/3248
f 3244/3244/3244 3247/3247/3247 3249/3249/3249
f 3244/3244/3244 3249/3249/3249 3250/3250/3250
f 3250/3250/3250 3251/3251/3251 3244/3244/3244
f 3252/3252/3252 3250/3250/3250 3249/3249/3249
f 3253/3253/3253 3252/3252/3252 3249/3249/3249
f 3250/3250/3250 3252/3252/3252 3254/3254/3254
f 3254/3254/3254 3255/3255/3255 3250/3250/3250
f 3255/3255/3255 3254/3254/3254 3256/3256/3256
f 3257/3257/3257 3256/3256/3256 3254/3254/3254
f 3260/3260/3260 3259/3259/3259 3258/3258/3258
f 3258/3258/3258 3259/3259/3259 3261/3261/3261
f 3262/3262/3262 3261/3261/3261 3259/3259/3259
f 3261/3261/3261 3262/3262/3262 3263/3263/3263
f 3264/3264/3264 3263/3263/3263 3262/3262/3262
f 3262/3262/3262 3265/3265/3265 3264/3264/3264
f 3268/3268/3268 3267/3267/3267 3266/3266/3266
f 3268/3268/3268 3269/3269/3269 3267/3267/3267
f 3268/3268/3268 3270/3270/3270 3269/3269/3269
f 3269/3269/3269 3270/3270/3270 3271/3271/3271
f 3271/3271/3271 3270/3270/3270 3272/3272/3272
f 3270/3270/3270 3273/3273/3273 3272/3272/3272
f 3274/3274/3274 3272/3272/3272 3273/3273/3273
f 3274/3274/3274 3273/3273/3273 3275/3275/3275
f 3278/3278/3278 3277/3277/3277 3276/3276/3276
f 3279/3279/3279 3277/3277/3277 3278/3278/3278
f 3280/3280/3280 3279/3279/3279 3278/3278/3278
f 3280/3280/3280 3281/3281/3281 3279/3279/3279
f 3279/3279/3279 3281/3281/3281 3282/3282/3282
f 3285/3285/3285 3284/3284/3284 3283/3283/3283
f 3286/3286/3286 3285/3285/3285 3283/3283/3283
f 3289/3289/3289 3288/3288/3288 3287/3287/3287
f 3289/3289/3289 3287/3287/3287 3290/3290/3290
f 3287/3287/3287 3291/3291/3291 3290/3290/3290
f 3290/3290/3290 3291/3291/3291 3292/3292/3292
f 3290/3290/3290 3293/3293/3293 3289/3289/3289
f 3293/3293/3293 3294/3294/3294 3289/3289/3289
f 3294/3294/3294 3295/3295/3295 3289/3289/3289
f 3296/3296/3296 3295/3295/3295 3294/3294/3294
f 3295/3295/3295 3296/3296/3296 3297/3297/3297
f 3297/3297/3297 3296/3296/3296 3298/3298/3298
f 3298/3298/3298 3296/3296/3296 3299/3299/3299
f 3296/3296/3296 3300/3300/3300 3299/3299/3299
f 3300/3300/3300 3296/3296/3296 3294/3294/3294
f 3300/3300/3300 3294/3294/3294 3301/3301/3301
f 3294/3294/3294 3302/3302/3302 3301/3301/3301
f 3302/3302/3302 3294/3294/3294 3293/3293/3293
f 3301/3301/3301 3302/3302/3302 3303/3303/3303
f 3293/3293/3293 3303/3303/3303 3302/3302/3302
f 3301/3301/3301 3303/3303/3303 3304/3304/3304
f 3293/3293/3293 3305/3305/3305 3303/3303/3303
f 3305/3305/3305 3304/3304/3304 3303/3303/3303
f 3293/3293/3293 3290/3290/3290 3305/3305/3305
f 3305/3305/3305 3306/3306/3306 3304/3304/3304
f 3305/3305/3305 3307/3307/3307 3306/3306/3306
f 3290/3290/3290 3307/3307/3307 3305/3305/3305
f 3292/3292/3292 3307/3307/3307 3290/3290/3290
f 3308/3308/3308 3307/3307/3307 3292/3292/3292
f 3292/3292/3292 3309/3309/3309 3308/3308/3308
f 3312/3312/3312 3311/3311/3311 3310/3310/3310
f 3311/3311/3311 3312/3312/3312 3313/3313/3313
f 3316/3316/3316 3315/3315/3315 3314/3314/3314
f 3317/3317/3317 3316/3316/3316 3314/3314/3314
f 3317/3317/3317 3314/3314/3314 3318/3318/3318
f 3317/3317/3317 3318/3318/3318 3319/3319/3319
f 3320/3320/3320 3317/3317/3317 3319/3319/3319
f 3319/3319/3319 3321/3321/3321 3320/3320/3320
f 3322/3322/3322 3321/3321/3321 3319/3319/3319
f 3322/3322/3322 3319/3319/3319 3323/3323/3323
f 3323/3323/3323 3324/3324/3324 3322/3322/3322
f 3323/3323/3323 3325/3325/3325 3324/3324/3324
f 3325/3325/3325 3326/3326/3326 3324/3324/3324
f 3322/3322/3322 3324/3324/3324 3326/3326/3326
f 3326/3326/3326 3327/3327/3327 3322/3322/3322
f 3330/3330/3330 3329/3329/3329 3328/3328/3328
f 3330/3330/3330 3328/3328/3328 3331/3331/3331
f 3330/3330/3330 3331/3331/3331 3332/3332/3332
f 3333/3333/3333 3332/3332/3332 3331/3331/3331
f 3331/3331/3331 3334/3334/3334 3333/3333/3333
f 3337/3337/3337 3336/3336/3336 3335/3335/3335
f 3337/3337/3337 3338/3338/3338 3336/3336/3336
f 3339/3339/3339 3338/3338/3338 3337/3337/3337
f 3338/3338/3338 3340/3340/3340 3336/3336/3336
f 3340/3340/3340 3338/3338/3338 3341/3341/3341
f 3339/3339/3339 3342/3342/3342 3338/3338/3338
f 3338/3338/3338 3342/3342/3342 3341/3341/3341
f 3340/3340/3340 3341/3341/3341 3343/3343/3343
f 3342/3342/3342 3344/3344/3344 3341/3341/3341
f 3341/3341/3341 3345/3345/3345 3343/3343/3343
f 3344/3344/3344 3346/3346/3346 3341/3341/3341
f 3345/3345/3345 3341/3341/3341 3347/3347/3347
f 3346/3346/3346 3347/3347/3347 3341/3341/3341
f 3347/3347/3347 3348/3348/3348 3345/3345/3345
f 3346/3346/3346 3349/3349/3349 3347/3347/3347
f 3347/3347/3347 3349/3349/3349 3348/3348/3348
f 3349/3349/3349 3350/3350/3350 3348/3348/3348
f 3351/3351/3351 3348/3348/3348 3350/3350/3350
f 3351/3351/3351 3350/3350/3350 3352/3352/3352
f 3350/3350/3350 3349/3349/3349 3353/3353/3353
f 3349/3349/3349 3354/3354/3354 3353/3353/3353
f 3352/3352/3352 3350/3350/3350 3355/3355/3355
f 3350/3350/3350 3353/3353/3353 3355/3355/3355
f 3352/3352/3352 3355/3355/3355 3356/3356/3356
f 3354/3354/3354 3357/3357/3357 3353/3353/3353
f 3357/3357/3357 3355/3355/3355 3353/3353/3353
f 3357/3357/3357 3354/3354/3354 3358/3358/3358
f 3357/3357/3357 3359/3359/3359 3355/3355/3355
f 3357/3357/3357 3358/3358/3358 3359/3359/3359
f 3362/3362/3362 3361/3361/3361 3360/3360/3360
f 3363/3363/3363 3361/3361/3361 3362/3362/3362
f 3364/3364/3364 3361/3361/3361 3363/3363/3363
f 3363/3363/3363 3365/3365/3365 3364/3364/3364
f 3365/3365/3365 3363/3363/3363 3366/3366/3366
f 3367/3367/3367 3365/3365/3365 3366/3366/3366
f 3368/3368/3368 3365/3365/3365 3367/3367/3367
f 3368/3368/3368 3369/3369/3369 3365/3365/3365
f 3365/3365/3365 3369/3369/3369 3370/3370/3370
f 3365/3365/3365 3370/3370/3370 3364/3364/3364
f 3371/3371/3371 3370/3370/3370 3369/3369/3369
f 3371/3371/3371 3372/3372/3372 3370/3370/3370
f 3364/3364/3364 3373/3373/3373 3361/3361/3361
f 3370/3370/3370 3373/3373/3373 3364/3364/3364
f 3373/3373/3373 3374/3374/3374 3361/3361/3361
f 3373/3373/3373 3375/3375/3375 3374/3374/3374
f 3373/3373/3373 3376/3376/3376 3375/3375/3375
f 3375/3375/3375 3376/3376/3376 3377/3377/3377
f 3370/3370/3370 3378/3378/3378 3373/3373/3373
f 3372/3372/3372 3378/3378/3378 3370/3370/3370
f 3378/3378/3378 3376/3376/3376 3373/3373/3373
f 3376/3376/3376 3378/3378/3378 3372/3372/3372
f 3372/3372/3372 3379/3379/3379 3376/3376/3376
f 3376/3376/3376 3380/3380/3380 3377/3377/3377
f 3380/3380/3380 3381/3381/3381 3377/3377/3377
f 3381/3381/3381 3380/3380/3380 3382/3382/3382
f 3379/3379/3379 3383/3383/3383 3376/3376/3376
f 3383/3383/3383 3380/3380/3380 3376/3376/3376
f 3379/3379/3379 3384/3384/3384 3383/3383/3383
f 3383/3383/3383 3384/3384/3384 1649/1649/1649
f 3380/3380/3380 3383/3383/3383 3385/3385/3385
f 3383/3383/3383 1649/1649/1649 3385/3385/3385
f 3385/3385/3385 1647/1647/1647 3380/3380/3380
f 1649/1649/1649 1647/1647/1647 3385/3385/3385
f 3388/3388/3388 3387/3387/3387 3386/3386/3386
f 3388/3388/3388 3386/3386/3386 3389/3389/3389
f 3390/3390/3390 3388/3388/3388 3389/3389/3389
f 3390/3390/3390 3391/3391/3391 3388/3388/3388
f 3390/3390/3390 3389/3389/3389 3392/3392/3392
f 3392/3392/3392 3393/3393/3393 3390/3390/3390
f 3394/3394/3394 3393/3393/3393 3392/3392/3392
f 3395/3395/3395 3393/3393/3393 3394/3394/3394
f 3396/3396/3396 3393/3393/3393 3395/3395/3395
f 3397/3397/3397 3396/3396/3396 3395/3395/3395
f 3398/3398/3398 3396/3396/3396 3397/3397/3397
f 3397/3397/3397 3399/3399/3399 3398/3398/3398
f 3399/3399/3399 3397/3397/3397 3400/3400/3400
f 3400/3400/3400 3401/3401/3401 3399/3399/3399
f 3400/3400/3400 3402/3402/3402 3401/3401/3401
f 3401/3401/3401 3402/3402/3402 3403/3403/3403
f 3404/3404/3404 3401/3401/3401 3403/3403/3403
f 3404/3404/3404 3403/3403/3403 3405/3405/3405
f 3404/3404/3404 3405/3405/3405 3406/3406/3406
f 3406/3406/3406 3405/3405/3405 3407/3407/3407
f 3408/3408/3408 3406/3406/3406 3407/3407/3407
f 3409/3409/3409 3408/3408/3408 3407/3407/3407
f 3410/3410/3410 3408/3408/3408 3409/3409/3409
f 3410/3410/3410 3409/3409/3409 3411/3411/3411
f 3414/3414/3414 3413/3413/3413 3412/3412/3412
f 3415/3415/3415 3414/3414/3414 3412/3412/3412
f 3417/3417/3417 2841/2841/2841 3416/3416/3416
f 2843/2843/2843 2841/2841/2841 3417/3417/3417
f 3417/3417/3417 3418/3418/3418 2843/2843/2843
f 3419/3419/3419 3418/3418/3418 3417/3417/3417
f 3418/3418/3418 3420/3420/3420 2843/2843/2843
f 3421/3421/3421 2843/2843/2843 3420/3420/3420
f 3420/3420/3420 3418/3418/3418 3422/3422/3422
f 3423/3423/3423 3421/3421/3421 3420/3420/3420
f 3423/3423/3423 3420/3420/3420 3422/3422/3422
f 3426/3426/3426 3425/3425/3425 3424/3424/3424
f 3427/3427/3427 3425/3425/3425 3426/3426/3426
f 3426/3426/3426 3428/3428/3428 3427/3427/3427
f 3431/3431/3431 3430/3430/3430 3429/3429/3429
f 3431/3431/3431 3429/3429/3429 3432/3432/3432
f 3433/3433/3433 3431/3431/3431 3432/3432/3432
f 3433/3433/3433 3432/3432/3432 3434/3434/3434
f 3435/3435/3435 3434/3434/3434 3432/3432/3432
f 3435/3435/3435 3436/3436/3436 3434/3434/3434
f 3439/3439/3439 3438/3438/3438 3437/3437/3437
f 3439/3439/3439 3440/3440/3440 3438/3438/3438
f 3441/3441/3441 3438/3438/3438 3440/3440/3440
f 3441/3441/3441 3442/3442/3442 3438/3438/3438
f 3441/3441/3441 3443/3443/3443 3442/3442/3442
f 3446/3446/3446 3445/3445/3445 3444/3444/3444
f 3446/3446/3446 3444/3444/3444 3447/3447/3447
f 3448/3448/3448 3446/3446/3446 3447/3447/3447
f 3448/3448/3448 3447/3447/3447 3449/3449/3449
f 3450/3450/3450 3448/3448/3448 3449/3449/3449
f 3451/3451/3451 3450/3450/3450 3449/3449/3449
f 3451/3451/3451 3452/3452/3452 3450/3450/3450
f 3453/3453/3453 3450/3450/3450 3452/3452/3452
f 3456/3456/3456 3455/3455/3455 3454/3454/3454
f 3457/3457/3457 3456/3456/3456 3454/3454/3454
f 3458/3458/3458 3457/3457/3457 3454/3454/3454
f 3459/3459/3459 3458/3458/3458 3454/3454/3454
f 3460/3460/3460 3458/3458/3458 3459/3459/3459
f 3460/3460/3460 3459/3459/3459 3461/3461/3461
f 3462/3462/3462 3460/3460/3460 3461/3461/3461
f 3463/3463/3463 3462/3462/3462 3461/3461/3461
f 3466/3466/3466 3465/3465/3465 3464/3464/3464
f 3467/3467/3467 3465/3465/3465 3466/3466/3466
f 3466/3466/3466 3468/3468/3468 3467/3467/3467
f 3468/3468/3468 3469/3469/3469 3467/3467/3467
f 3470/3470/3470 3469/3469/3469 3468/3468/3468
f 3470/3470/3470 3468/3468/3468 3471/3471/3471
f 3465/3465/3465 3467/3467/3467 3472/3472/3472
f 3473/3473/3473 3470/3470/3470 3471/3471/3471
f 3473/3473/3473 3471/3471/3471 3474/3474/3474
f 3473/3473/3473 3474/3474/3474 3475/3475/3475
f 3475/3475/3475 3476/3476/3476 3473/3473/3473
f 3476/3476/3476 3470/3470/3470 3473/3473/3473
f 3476/3476/3476 3477/3477/3477 3470/3470/3470
f 3470/3470/3470 3477/3477/3477 3469/3469/3469
f 3477/3477/3477 3478/3478/3478 3469/3469/3469
f 3469/3469/3469 3478/3478/3478 3479/3479/3479
f 3472/3472/3472 3467/3467/3467 3480/3480/3480
f 3472/3472/3472 3480/3480/3480 3481/3481/3481
f 3481/3481/3481 3482/3482/3482 3472/3472/3472
f 3480/3480/3480 3483/3483/3483 3481/3481/3481
f 3467/3467/3467 3469/3469/3469 3484/3484/3484
f 3467/3467/3467 3484/3484/3484 3480/3480/3480
f 3479/3479/3479 3485/3485/3485 3469/3469/3469
f 3486/3486/3486 3485/3485/3485 3479/3479/3479
f 3486/3486/3486 3479/3479/3479 3487/3487/3487
f 3488/3488/3488 3486/3486/3486 3487/3487/3487
f 3489/3489/3489 3488/3488/3488 3487/3487/3487
f 3469/3469/3469 3485/3485/3485 3490/3490/3490
f 3484/3484/3484 3469/3469/3469 3490/3490/3490
f 3489/3489/3489 3491/3491/3491 3488/3488/3488
f 3492/3492/3492 3491/3491/3491 3489/3489/3489
f 3484/3484/3484 3493/3493/3493 3480/3480/3480
f 3484/3484/3484 3490/3490/3490 3493/3493/3493
f 3480/3480/3480 3494/3494/3494 3483/3483/3483
f 3480/3480/3480 3493/3493/3493 3494/3494/3494
f 3494/3494/3494 3495/3495/3495 3483/3483/3483
f 3494/3494/3494 3493/3493/3493 3495/3495/3495
f 3496/3496/3496 3483/3483/3483 3495/3495/3495
f 3495/3495/3495 3497/3497/3497 3496/3496/3496
f 3498/3498/3498 3497/3497/3497 3495/3495/3495
f 3499/3499/3499 3495/3495/3495 3493/3493/3493
f 3495/3495/3495 3499/3499/3499 3498/3498/3498
f 3498/3498/3498 3499/3499/3499 3500/3500/3500
f 3501/3501/3501 3493/3493/3493 3490/3490/3490
f 3502/3502/3502 3498/3498/3498 3500/3500/3500
f 3502/3502/3502 3500/3500/3500 3503/3503/3503
f 3504/3504/3504 3498/3498/3498 3502/3502/3502
f 3503/3503/3503 3491/3491/3491 3502/3502/3502
f 3505/3505/3505 3504/3504/3504 3502/3502/3502
f 3505/3505/3505 3506/3506/3506 3504/3504/3504
f 3491/3491/3491 3507/3507/3507 3502/3502/3502
f 3505/3505/3505 3502/3502/3502 3507/3507/3507
f 3507/3507/3507 3491/3491/3491 3508/3508/3508
f 3507/3507/3507 3508/3508/3508 3505/3505/3505
f 3508/3508/3508 3491/3491/3491 3492/3492/3492
f 3508/3508/3508 3509/3509/3509 3505/3505/3505
f 3492/3492/3492 3510/3510/3510 3508/3508/3508
f 3509/3509/3509 3508/3508/3508 3510/3510/3510
f 3511/3511/3511 3501/3501/3501 3490/3490/3490
f 3511/3511/3511 3490/3490/3490 3512/3512/3512
f 3513/3513/3513 3511/3511/3511 3512/3512/3512
f 3511/3511/3511 3513/3513/3513 3514/3514/3514
f 3514/3514/3514 3513/3513/3513 3515/3515/3515
f 3514/3514/3514 3516/3516/3516 3511/3511/3511
f 3516/3516/3516 3501/3501/3501 3511/3511/3511
f 3514/3514/3514 3515/3515/3515 3516/3516/3516
f 3501/3501/3501 3516/3516/3516 3515/3515/3515
f 3517/3517/3517 3501/3501/3501 3515/3515/3515
f 3515/3515/3515 3518/3518/3518 3517/3517/3517
f 3518/3518/3518 3519/3519/3519 3517/3517/3517
f 3522/3522/3522 3521/3521/3521 3520/3520/3520
f 3522/3522/3522 3523/3523/3523 3521/3521/3521
f 3521/3521/3521 3523/3523/3523 3524/3524/3524
f 3524/3524/3524 3523/3523/3523 3525/3525/3525
f 3528/3528/3528 3527/3527/3527 3526/3526/3526
f 3529/3529/3529 3528/3528/3528 3526/3526/3526
f 3529/3529/3529 3526/3526/3526 3530/3530/3530
f 3533/3533/3533 3532/3532/3532 3531/3531/3531
f 3532/3532/3532 3534/3534/3534 3531/3531/3531
f 3531/3531/3531 3534/3534/3534 3535/3535/3535
f 3535/3535/3535 3534/3534/3534 3536/3536/3536
f 3534/3534/3534 3532/3532/3532 3537/3537/3537
f 3534/3534/3534 3537/3537/3537 3536/3536/3536
f 3532/3532/3532 3538/3538/3538 3537/3537/3537
f 3536/3536/3536 3537/3537/3537 3539/3539/3539
f 3537/3537/3537 3538/3538/3538 3540/3540/3540
f 3537/3537/3537 3541/3541/3541 3539/3539/3539
f 3537/3537/3537 3540/3540/3540 3541/3541/3541
f 3544/3544/3544 3543/3543/3543 3542/3542/3542
f 3543/3543/3543 3545/3545/3545 3542/3542/3542
f 3542/3542/3542 3545/3545/3545 3546/3546/3546
f 3545/3545/3545 3547/3547/3547 3546/3546/3546
f 3546/3546/3546 3547/3547/3547 3548/3548/3548
f 3542/3542/3542 3546/3546/3546 3549/3549/3549
f 3548/3548/3548 3549/3549/3549 3546/3546/3546
f 3542/3542/3542 3549/3549/3549 3550/3550/3550
f 3550/3550/3550 3549/3549/3549 3551/3551/3551
f 3551/3551/3551 3549/3549/3549 3552/3552/3552
f 3552/3552/3552 3549/3549/3549 3553/3553/3553
f 3549/3549/3549 3548/3548/3548 3553/3553/3553
f 3554/3554/3554 3552/3552/3552 3553/3553/3553
f 3545/3545/3545 3543/3543/3543 3555/3555/3555
f 3556/3556/3556 3545/3545/3545 3555/3555/3555
f 3557/3557/3557 3556/3556/3556 3555/3555/3555
f 3543/3543/3543 3558/3558/3558 3555/3555/3555
f 3557/3557/3557 3555/3555/3555 3558/3558/3558
f 3543/3543/3543 3559/3559/3559 3558/3558/3558
f 3560/3560/3560 3557/3557/3557 3558/3558/3558
f 3560/3560/3560 3558/3558/3558 3559/3559/3559
f 3561/3561/3561 3557/3557/3557 3560/3560/3560
f 3561/3561/3561 3560/3560/3560 3562/3562/3562
f 3562/3562/3562 3560/3560/3560 3563/3563/3563
f 3564/3564/3564 3560/3560/3560 3559/3559/3559
f 3564/3564/3564 3563/3563/3563 3560/3560/3560
f 3559/3559/3559 3565/3565/3565 3564/3564/3564
f 3559/3559/3559 3566/3566/3566 3565/3565/3565
f 3567/3567/3567 3564/3564/3564 3565/3565/3565
f 3563/3563/3563 3564/3564/3564 3567/3567/3567
f 3563/3563/3563 3567/3567/3567 3568/3568/3568
f 3571/3571/3571 3570/3570/3570 3569/3569/3569
f 3571/3571/3571 3569/3569/3569 3572/3572/3572
f 3571/3571/3571 3572/3572/3572 3573/3573/3573
f 3572/3572/3572 3574/3574/3574 3573/3573/3573
f 3569/3569/3569 3575/3575/3575 3572/3572/3572
f 3575/3575/3575 3574/3574/3574 3572/3572/3572
f 3576/3576/3576 3575/3575/3575 3569/3569/3569
f 3577/3577/3577 3574/3574/3574 3575/3575/3575
f 3576/3576/3576 3578/3578/3578 3575/3575/3575
f 3578/3578/3578 3577/3577/3577 3575/3575/3575
f 3579/3579/3579 3578/3578/3578 3576/3576/3576
f 3578/3578/3578 3579/3579/3579 3580/3580/3580
f 3581/3581/3581 3578/3578/3578 3580/3580/3580
f 3577/3577/3577 3578/3578/3578 3581/3581/3581
f 3582/3582/3582 3577/3577/3577 3581/3581/3581
f 3585/3585/3585 3584/3584/3584 3583/3583/3583
f 3584/3584/3584 3585/3585/3585 3586/3586/3586
f 3584/3584/3584 3586/3586/3586 3587/3587/3587
f 3587/3587/3587 3588/3588/3588 3584/3584/3584
f 3589/3589/3589 3587/3587/3587 3586/3586/3586
f 3590/3590/3590 3588/3588/3588 3587/3587/3587
f 3591/3591/3591 3588/3588/3588 3590/3590/3590
f 3592/3592/3592 3587/3587/3587 3589/3589/3589
f 3590/3590/3590 3587/3587/3587 3592/3592/3592
f 3592/3592/3592 3591/3591/3591 3590/3590/3590
f 3593/3593/3593 3592/3592/3592 3589/3589/3589
f 3594/3594/3594 3591/3591/3591 3592/3592/3592
f 3593/3593/3593 3594/3594/3594 3592/3592/3592
f 3594/3594/3594 3595/3595/3595 3591/3591/3591
f 3593/3593/3593 3596/3596/3596 3594/3594/3594
f 3594/3594/3594 3596/3596/3596 3595/3595/3595
f 3596/3596/3596 3597/3597/3597 3595/3595/3595
f 3598/3598/3598 3597/3597/3597 3596/3596/3596
f 3599/3599/3599 3597/3597/3597 3598/3598/3598
f 3599/3599/3599 3600/3600/3600 3597/3597/3597
f 3603/3603/3603 3602/3602/3602 3601/3601/3601
f 3603/3603/3603 3604/3604/3604 3602/3602/3602
f 3604/3604/3604 3605/3605/3605 3602/3602/3602
f 3605/3605/3605 3606/3606/3606 3602/3602/3602
f 3605/3605/3605 3607/3607/3607 3606/3606/3606
f 3607/3607/3607 3605/3605/3605 3608/3608/3608
f 3607/3607/3607 3609/3609/3609 3606/3606/3606
f 3610/3610/3610 3609/3609/3609 3607/3607/3607
f 3609/3609/3609 3610/3610/3610 3611/3611/3611
f 3611/3611/3611 3610/3610/3610 3612/3612/3612
f 3613/3613/3613 3612/3612/3612 3610/3610/3610
f 3614/3614/3614 3612/3612/3612 3613/3613/3613
f 3617/3617/3617 3616/3616/3616 3615/3615/3615
f 3618/3618/3618 3617/3617/3617 3615/3615/3615
f 3619/3619/3619 3618/3618/3618 3615/3615/3615
f 3619/3619/3619 3620/3620/3620 3618/3618/3618
f 3618/3618/3618 3621/3621/3621 3617/3617/3617
f 3618/3618/3618 3620/3620/3620 3621/3621/3621
f 3620/3620/3620 3622/3622/3622 3621/3621/3621
f 3621/3621/3621 3623/3623/3623 3617/3617/3617
f 3624/3624/3624 3621/3621/3621 3622/3622/3622
f 3624/3624/3624 3623/3623/3623 3621/3621/3621
f 3624/3624/3624 3625/3625/3625 3623/3623/3623
f 3626/3626/3626 3625/3625/3625 3624/3624/3624
f 3626/3626/3626 3627/3627/3627 3625/3625/3625
f 3627/3627/3627 3628/3628/3628 3625/3625/3625
f 3627/3627/3627 3626/3626/3626 3629/3629/3629
f 3627/3627/3627 3629/3629/3629 3628/3628/3628
f 3630/3630/3630 3628/3628/3628 3629/3629/3629
f 3631/3631/3631 3630/3630/3630 3629/3629/3629
f 3634/3634/3634 3633/3633/3633 3632/3632/3632
f 3635/3635/3635 3633/3633/3633 3634/3634/3634
f 3636/3636/3636 3635/3635/3635 3634/3634/3634
f 3637/3637/3637 3633/3633/3633 3635/3635/3635
f 3638/3638/3638 3635/3635/3635 3636/3636/3636
f 3637/3637/3637 3635/3635/3635 3638/3638/3638
f 3639/3639/3639 3638/3638/3638 3636/3636/3636
f 3640/3640/3640 3639/3639/3639 3636/3636/3636
f 3641/3641/3641 3639/3639/3639 3640/3640/3640
f 3642/3642/3642 3638/3638/3638 3639/3639/3639
f 3637/3637/3637 3638/3638/3638 3642/3642/3642
f 3643/3643/3643 3639/3639/3639 3641/3641/3641
f 3643/3643/3643 3642/3642/3642 3639/3639/3639
f 3644/3644/3644 3643/3643/3643 3641/3641/3641
f 3643/3643/3643 3644/3644/3644 3645/3645/3645
f 3646/3646/3646 3642/3642/3642 3643/3643/3643
f 3643/3643/3643 3645/3645/3645 3646/3646/3646
f 3646/3646/3646 3637/3637/3637 3642/3642/3642
f 3647/3647/3647 3646/3646/3646 3645/3645/3645
f 3648/3648/3648 3646/3646/3646 3647/3647/3647
f 3646/3646/3646 3648/3648/3648 3637/3637/3637
f 3647/3647/3647 3649/3649/3649 3648/3648/3648
f 3637/3637/3637 3650/3650/3650 3633/3633/3633
f 3648/3648/3648 3650/3650/3650 3637/3637/3637
f 3650/3650/3650 3651/3651/3651 3633/3633/3633
f 3649/3649/3649 3652/3652/3652 3648/3648/3648
f 3648/3648/3648 3652/3652/3652 3650/3650/3650
f 3653/3653/3653 3652/3652/3652 3649/3649/3649
f 3654/3654/3654 3652/3652/3652 3653/3653/3653
f 3652/3652/3652 3655/3655/3655 3650/3650/3650
f 3652/3652/3652 3654/3654/3654 3655/3655/3655
f 3651/3651/3651 3650/3650/3650 3655/3655/3655
f 3654/3654/3654 3656/3656/3656 3655/3655/3655
f 3655/3655/3655 3657/3657/3657 3651/3651/3651
f 3657/3657/3657 3655/3655/3655 3656/3656/3656
f 3651/3651/3651 3657/3657/3657 3658/3658/3658
f 3658/3658/3658 3657/3657/3657 3659/3659/3659
f 3659/3659/3659 3657/3657/3657 3656/3656/3656
f 3660/3660/3660 3659/3659/3659 3656/3656/3656
f 3656/3656/3656 3661/3661/3661 3660/3660/3660
f 3656/3656/3656 3662/3662/3662 3661/3661/3661
f 3665/3665/3665 3664/3664/3664 3663/3663/3663
f 3666/3666/3666 3664/3664/3664 3665/3665/3665
f 3664/3664/3664 3666/3666/3666 3667/3667/3667
f 3670/3670/3670 3669/3669/3669 3668/3668/3668
f 3669/3669/3669 3670/3670/3670 3671/3671/3671
f 3672/3672/3672 3669/3669/3669 3671/3671/3671
f 3671/3671/3671 3673/3673/3673 3672/3672/3672
f 3672/3672/3672 3674/3674/3674 3669/3669/3669
f 3674/3674/3674 3675/3675/3675 3669/3669/3669
f 3678/3678/3678 3677/3677/3677 3676/3676/3676
f 3676/3676/3676 3677/3677/3677 3679/3679/3679
f 3679/3679/3679 3677/3677/3677 3680/3680/3680
f 3680/3680/3680 3677/3677/3677 3681/3681/3681
f 3681/3681/3681 3682/3682/3682 3680/3680/3680
f 3682/3682/3682 3683/3683/3683 3680/3680/3680
f 3681/3681/3681 3684/3684/3684 3682/3682/3682
f 3682/3682/3682 3685/3685/3685 3683/3683/3683
f 3686/3686/3686 3682/3682/3682 3684/3684/3684
f 3687/3687/3687 3685/3685/3685 3682/3682/3682
f 3686/3686/3686 3687/3687/3687 3682/3682/3682
f 3690/3690/3690 3689/3689/3689 3688/3688/3688
f 3691/3691/3691 3688/3688/3688 3689/3689/3689
f 3689/3689/3689 3692/3692/3692 3691/3691/3691
f 3693/3693/3693 3692/3692/3692 3689/3689/3689
f 3696/3696/3696 3695/3695/3695 3694/3694/3694
f 3694/3694/3694 3695/3695/3695 3697/3697/3697
f 3700/3700/3700 3699/3699/3699 3698/3698/3698
f 3699/3699/3699 3701/3701/3701 3698/3698/3698
f 3699/3699/3699 3702/3702/3702 3701/3701/3701
f 3699/3699/3699 3703/3703/3703 3702/3702/3702
f 3704/3704/3704 3703/3703/3703 3699/3699/3699
f 3704/3704/3704 3705/3705/3705 3703/3703/3703
f 3705/3705/3705 3704/3704/3704 3706/3706/3706
f 3705/3705/3705 3707/3707/3707 3703/3703/3703
f 3708/3708/3708 3705/3705/3705 3706/3706/3706
f 3707/3707/3707 3705/3705/3705 3708/3708/3708
f 3708/3708/3708 3706/3706/3706 3709/3709/3709
f 3707/3707/3707 3708/3708/3708 3710/3710/3710
f 3709/3709/3709 3710/3710/3710 3708/3708/3708
f 3707/3707/3707 3710/3710/3710 3711/3711/3711
f 3709/3709/3709 3711/3711/3711 3710/3710/3710
f 3709/3709/3709 3712/3712/3712 3711/3711/3711
f 3711/3711/3711 3712/3712/3712 3713/3713/3713
f 3714/3714/3714 3711/3711/3711 3713/3713/3713
f 3715/3715/3715 3714/3714/3714 3713/3713/3713
f 3715/3715/3715 3716/3716/3716 3714/3714/3714
f 3719/3719/3719 3718/3718/3718 3717/3717/3717
f 3718/3718/3718 3719/3719/3719 3720/3720/3720
f 3719/3719/3719 3721/3721/3721 3720/3720/3720
f 3719/3719/3719 3722/3722/3722 3721/3721/3721
f 3723/3723/3723 3721/3721/3721 3722/3722/3722
f 3724/3724/3724 3721/3721/3721 3723/3723/3723
f 3724/3724/3724 3725/3725/3725 3721/3721/3721
f 3724/3724/3724 3726/3726/3726 3725/3725/3725
f 3724/3724/3724 3723/3723/3723 3727/3727/3727
f 3728/3728/3728 3724/3724/3724 3727/3727/3727
f 3727/3727/3727 3729/3729/3729 3728/3728/3728
f 3729/3729/3729 3730/3730/3730 3728/3728/3728
f 3729/3729/3729 3731/3731/3731 3730/3730/3730
f 3732/3732/3732 3729/3729/3729 3727/3727/3727
f 3733/3733/3733 3731/3731/3731 3729/3729/3729
f 3732/3732/3732 3733/3733/3733 3729/3729/3729
f 3733/3733/3733 3734/3734/3734 3731/3731/3731
f 3735/3735/3735 3734/3734/3734 3733/3733/3733
f 3732/3732/3732 3736/3736/3736 3733/3733/3733
f 3736/3736/3736 3735/3735/3735 3733/3733/3733
f 3732/3732/3732 3737/3737/3737 3736/3736/3736
f 3737/3737/3737 3735/3735/3735 3736/3736/3736
f 3740/3740/3740 3739/3739/3739 3738/3738/3738
f 3740/3740/3740 3738/3738/3738 3741/3741/3741
f 3740/3740/3740 3741/3741/3741 3742/3742/3742
f 3742/3742/3742 3743/3743/3743 3740/3740/3740
f 3746/3746/3746 3745/3745/3745 3744/3744/3744
f 3746/3746/3746 3744/3744/3744 3747/3747/3747
f 3750/3750/3750 3749/3749/3749 3748/3748/3748
f 3751/3751/3751 3748/3748/3748 3749/3749/3749
f 3752/3752/3752 3751/3751/3751 3749/3749/3749
f 3753/3753/3753 3751/3751/3751 3752/3752/3752
f 3749/3749/3749 3754/3754/3754 3752/3752/3752
f 3755/3755/3755 3754/3754/3754 3749/3749/3749
f 3756/3756/3756 3754/3754/3754 3755/3755/3755
f 3756/3756/3756 3755/3755/3755 3757/3757/3757
f 3757/3757/3757 3758/3758/3758 3756/3756/3756
f 3758/3758/3758 3759/3759/3759 3756/3756/3756
f 3758/3758/3758 3760/3760/3760 3759/3759/3759
f 3763/3763/3763 3762/3762/3762 3761/3761/3761
f 3764/3764/3764 3763/3763/3763 3761/3761/3761
f 3765/3765/3765 3764/3764/3764 3761/3761/3761
f 3768/3768/3768 3767/3767/3767 3766/3766/3766
f 3766/3766/3766 3767/3767/3767 3769/3769/3769
f 3769/3769/3769 3767/3767/3767 3770/3770/3770
f 3766/3766/3766 3769/3769/3769 3771/3771/3771
f 3770/3770/3770 3772/3772/3772 3769/3769/3769
f 3771/3771/3771 3769/3769/3769 3773/3773/3773
f 3769/3769/3769 3772/3772/3772 3773/3773/3773
f 3776/3776/3776 3775/3775/3775 3774/3774/3774
f 3776/3776/3776 3774/3774/3774 3777/3777/3777
f 3780/3780/3780 3779/3779/3779 3778/3778/3778
f 3780/3780/3780 3778/3778/3778 3781/3781/3781
f 3784/3784/3784 3783/3783/3783 3782/3782/3782
f 3782/3782/3782 3783/3783/3783 3785/3785/3785
f 3782/3782/3782 3785/3785/3785 3786/3786/3786
f 3782/3782/3782 3786/3786/3786 3787/3787/3787
f 3787/3787/3787 3786/3786/3786 3788/3788/3788
f 3787/3787/3787 3789/3789/3789 3782/3782/3782
f 3788/3788/3788 3789/3789/3789 3787/3787/3787
f 3790/3790/3790 3789/3789/3789 3788/3788/3788
f 3791/3791/3791 3789/3789/3789 3790/3790/3790
f 3794/3794/3794 3793/3793/3793 3792/3792/3792
f 3795/3795/3795 3793/3793/3793 3794/3794/3794
f 3795/3795/3795 3794/3794/3794 3796/3796/3796
f 3797/3797/3797 3795/3795/3795 3796/3796/3796
f 3800/3800/3800 3799/3799/3799 3798/3798/3798
f 3798/3798/3798 3799/3799/3799 3801/3801/3801
f 3799/3799/3799 3802/3802/3802 3801/3801/3801
f 3805/3805/3805 3804/3804/3804 3803/3803/3803
f 3804/3804/3804 3806/3806/3806 3803/3803/3803
f 3803/3803/3803 3806/3806/3806 3807/3807/3807
f 3806/3806/3806 3808/3808/3808 3807/3807/3807
f 3806/3806/3806 3809/3809/3809 3808/3808/3808
f 3806/3806/3806 3810/3810/3810 3809/3809/3809
f 3804/3804/3804 3811/3811/3811 3806/3806/3806
f 3812/3812/3812 3806/3806/3806 3811/3811/3811
f 3811/3811/3811 3813/3813/3813 3812/3812/3812
f 3811/3811/3811 3814/3814/3814 3813/3813/3813
f 3815/3815/3815 3813/3813/3813 3814/3814/3814
f 3814/3814/3814 3816/3816/3816 3815/3815/3815
f 3815/3815/3815 3817/3817/3817 3813/3813/3813
f 3817/3817/3817 3818/3818/3818 3813/3813/3813
f 3816/3816/3816 3819/3819/3819 3815/3815/3815
f 3819/3819/3819 3817/3817/3817 3815/3815/3815
f 3816/3816/3816 3820/3820/3820 3819/3819/3819
f 3554/3554/3554 3819/3819/3819 3820/3820/3820
f 3553/3553/3553 3819/3819/3819 3554/3554/3554
f 3818/3818/3818 3817/3817/3817 3821/3821/3821
f 3821/3821/3821 3822/3822/3822 3818/3818/3818
f 3548/3548/3548 3822/3822/3822 3821/3821/3821
f 3821/3821/3821 3553/3553/3553 3548/3548/3548
f 3553/3553/3553 3823/3823/3823 3819/3819/3819
f 3819/3819/3819 3823/3823/3823 3817/3817/3817
f 3823/3823/3823 3553/3553/3553 3821/3821/3821
f 3817/3817/3817 3823/3823/3823 3821/3821/3821
f 3826/3826/3826 3825/3825/3825 3824/3824/3824
f 3825/3825/3825 3827/3827/3827 3824/3824/3824
f 3824/3824/3824 3827/3827/3827 3828/3828/3828
f 3827/3827/3827 3825/3825/3825 3829/3829/3829
f 3827/3827/3827 3830/3830/3830 3828/3828/3828
f 3829/3829/3829 3831/3831/3831 3827/3827/3827
f 3827/3827/3827 3831/3831/3831 3830/3830/3830
f 3834/3834/3834 3833/3833/3833 3832/3832/3832
f 3835/3835/3835 3833/3833/3833 3834/3834/3834
f 3835/3835/3835 3836/3836/3836 3833/3833/3833
f 3839/3839/3839 3838/3838/3838 3837/3837/3837
f 3839/3839/3839 3840/3840/3840 3838/3838/3838
f 3841/3841/3841 3838/3838/3838 3840/3840/3840
f 3844/3844/3844 3843/3843/3843 3842/3842/3842
f 3845/3845/3845 3844/3844/3844 3842/3842/3842
f 3848/3848/3848 3847/3847/3847 3846/3846/3846
f 3848/3848/3848 3849/3849/3849 3847/3847/3847
f 3848/3848/3848 3850/3850/3850 3849/3849/3849
f 3853/3853/3853 3852/3852/3852 3851/3851/3851
f 3854/3854/3854 3852/3852/3852 3853/3853/3853
f 3854/3854/3854 3853/3853/3853 3855/3855/3855
f 3854/3854/3854 3855/3855/3855 3856/3856/3856
f 3855/3855/3855 3857/3857/3857 3856/3856/3856
f 3854/3854/3854 3856/3856/3856 3858/3858/3858
f 3861/3861/3861 3860/3860/3860 3859/3859/3859
f 3860/3860/3860 3862/3862/3862 3859/3859/3859
f 3861/3861/3861 3863/3863/3863 3860/3860/3860
f 3862/3862/3862 3860/3860/3860 3864/3864/3864
f 3865/3865/3865 3860/3860/3860 3863/3863/3863
f 3864/3864/3864 3860/3860/3860 3865/3865/3865
f 3868/3868/3868 3867/3867/3867 3866/3866/3866
f 3869/3869/3869 3866/3866/3866 3867/3867/3867
f 3868/3868/3868 3866/3866/3866 3870/3870/3870
f 3869/3869/3869 3871/3871/3871 3866/3866/3866
f 3870/3870/3870 3872/3872/3872 3868/3868/3868
f 3870/3870/3870 3873/3873/3873 3872/3872/3872
f 3874/3874/3874 3872/3872/3872 3873/3873/3873
f 3875/3875/3875 3872/3872/3872 3874/3874/3874
f 3869/3869/3869 3876/3876/3876 3871/3871/3871
f 3875/3875/3875 3874/3874/3874 3877/3877/3877
f 3877/3877/3877 3878/3878/3878 3875/3875/3875
f 3869/3869/3869 3879/3879/3879 3876/3876/3876
f 3879/3879/3879 3880/3880/3880 3876/3876/3876
f 3877/3877/3877 3881/3881/3881 3878/3878/3878
f 3877/3877/3877 3882/3882/3882 3881/3881/3881
f 3883/3883/3883 3876/3876/3876 3880/3880/3880
f 3883/3883/3883 3884/3884/3884 3876/3876/3876
f 3882/3882/3882 3885/3885/3885 3881/3881/3881
f 3885/3885/3885 3884/3884/3884 3883/3883/3883
f 3881/3881/3881 3885/3885/3885 3886/3886/3886
f 3885/3885/3885 3883/3883/3883 3886/3886/3886
f 3889/3889/3889 3888/3888/3888 3887/3887/3887
f 3887/3887/3887 3888/3888/3888 3890/3890/3890
f 3889/3889/3889 3887/3887/3887 3891/3891/3891
f 3892/3892/3892 3887/3887/3887 3890/3890/3890
f 3891/3891/3891 3893/3893/3893 3889/3889/3889
f 3891/3891/3891 3894/3894/3894 3893/3893/3893
f 3894/3894/3894 3895/3895/3895 3893/3893/3893
f 3893/3893/3893 3895/3895/3895 3896/3896/3896
f 3896/3896/3896 3895/3895/3895 3897/3897/3897
f 3898/3898/3898 3896/3896/3896 3897/3897/3897
f 3897/3897/3897 3899/3899/3899 3898/3898/3898
f 3898/3898/3898 3899/3899/3899 3900/3900/3900
f 3900/3900/3900 3899/3899/3899 3901/3901/3901
f 3900/3900/3900 3901/3901/3901 3902/3902/3902
f 3902/3902/3902 3901/3901/3901 3903/3903/3903
f 3904/3904/3904 3902/3902/3902 3903/3903/3903
f 3905/3905/3905 3904/3904/3904 3903/3903/3903
f 3905/3905/3905 3892/3892/3892 3890/3890/3890
f 3906/3906/3906 3904/3904/3904 3905/3905/3905
f 3890/3890/3890 3906/3906/3906 3905/3905/3905
f 3909/3909/3909 3908/3908/3908 3907/3907/3907
f 3910/3910/3910 3909/3909/3909 3907/3907/3907
f 3910/3910/3910 3911/3911/3911 3909/3909/3909
f 3907/3907/3907 3912/3912/3912 3910/3910/3910
f 3908/3908/3908 3909/3909/3909 3913/3913/3913
f 3909/3909/3909 3911/3911/3911 3913/3913/3913
f 3914/3914/3914 3908/3908/3908 3913/3913/3913
f 3912/3912/3912 3915/3915/3915 3910/3910/3910
f 3915/3915/3915 3911/3911/3911 3910/3910/3910
f 3912/3912/3912 3916/3916/3916 3915/3915/3915
f 3914/3914/3914 3913/3913/3913 3917/3917/3917
f 3913/3913/3913 3911/3911/3911 3917/3917/3917
f 3918/3918/3918 3914/3914/3914 3917/3917/3917
f 3916/3916/3916 3919/3919/3919 3915/3915/3915
f 3919/3919/3919 3911/3911/3911 3915/3915/3915
f 3916/3916/3916 3920/3920/3920 3919/3919/3919
f 3918/3918/3918 3917/3917/3917 3921/3921/3921
f 3917/3917/3917 3911/3911/3911 3921/3921/3921
f 3922/3922/3922 3918/3918/3918 3921/3921/3921
f 3923/3923/3923 3911/3911/3911 3919/3919/3919
f 3920/3920/3920 3923/3923/3923 3919/3919/3919
f 3921/3921/3921 3911/3911/3911 3924/3924/3924
f 3922/3922/3922 3921/3921/3921 3924/3924/3924
f 3925/3925/3925 3911/3911/3911 3923/3923/3923
f 3920/3920/3920 3926/3926/3926 3923/3923/3923
f 3926/3926/3926 3925/3925/3925 3923/3923/3923
f 3927/3927/3927 3922/3922/3922 3924/3924/3924
f 3926/3926/3926 3928/3928/3928 3925/3925/3925
f 3927/3927/3927 3924/3924/3924 3929/3929/3929
f 3924/3924/3924 3911/3911/3911 3929/3929/3929
f 3930/3930/3930 3927/3927/3927 3929/3929/3929
f 3928/3928/3928 3931/3931/3931 3925/3925/3925
f 3931/3931/3931 3911/3911/3911 3925/3925/3925
f 3928/3928/3928 3932/3932/3932 3931/3931/3931
f 3930/3930/3930 3929/3929/3929 3933/3933/3933
f 3929/3929/3929 3911/3911/3911 3933/3933/3933
f 3934/3934/3934 3930/3930/3930 3933/3933/3933
f 3932/3932/3932 3935/3935/3935 3931/3931/3931
f 3935/3935/3935 3911/3911/3911 3931/3931/3931
f 3932/3932/3932 3936/3936/3936 3935/3935/3935
f 3934/3934/3934 3933/3933/3933 3937/3937/3937
f 3933/3933/3933 3911/3911/3911 3937/3937/3937
f 3938/3938/3938 3934/3934/3934 3937/3937/3937
f 3939/3939/3939 3911/3911/3911 3935/3935/3935
f 3936/3936/3936 3939/3939/3939 3935/3935/3935
f 3937/3937/3937 3911/3911/3911 3940/3940/3940
f 3938/3938/3938 3937/3937/3937 3940/3940/3940
f 3941/3941/3941 3911/3911/3911 3939/3939/3939
f 3936/3936/3936 3942/3942/3942 3939/3939/3939
f 3942/3942/3942 3941/3941/3941 3939/3939/3939
f 3943/3943/3943 3938/3938/3938 3940/3940/3940
f 3942/3942/3942 3944/3944/3944 3941/3941/3941
f 3943/3943/3943 3940/3940/3940 3945/3945/3945
f 3940/3940/3940 3911/3911/3911 3945/3945/3945
f 3946/3946/3946 3943/3943/3943 3945/3945/3945
f 3944/3944/3944 3947/3947/3947 3941/3941/3941
f 3947/3947/3947 3911/3911/3911 3941/3941/3941
f 3944/3944/3944 3948/3948/3948 3947/3947/3947
f 3946/3946/3946 3945/3945/3945 3949/3949/3949
f 3945/3945/3945 3911/3911/3911 3949/3949/3949
f 3950/3950/3950 3946/3946/3946 3949/3949/3949
f 3948/3948/3948 3951/3951/3951 3947/3947/3947
f 3951/3951/3951 3911/3911/3911 3947/3947/3947
f 3948/3948/3948 3952/3952/3952 3951/3951/3951
f 3950/3950/3950 3949/3949/3949 3953/3953/3953
f 3949/3949/3949 3911/3911/3911 3953/3953/3953
f 3954/3954/3954 3950/3950/3950 3953/3953/3953
f 3955/3955/3955 3911/3911/3911 3951/3951/3951
f 3952/3952/3952 3955/3955/3955 3951/3951/3951
f 3953/3953/3953 3911/3911/3911 3955/3955/3955
f 3954/3954/3954 3953/3953/3953 3955/3955/3955
f 3952/3952/3952 3954/3954/3954 3955/3955/3955
