mtllib saffron_alt.mtl
g mustardAlt
usemtl token
v 0.14 1.565 0.093
v 0.137 1.571 0.098
v 0.133 1.577 0.102
v 0.12 1.57 0.082
v 0.112 1.571 0.088
v 0.127 1.561 0.079
v 0.108 1.585 0.1
v 0.114 1.57 0.104
v 0.112 1.571 0.088
v -0.154 0.943 -0.175
v -0.115 0.934 -0.222
v -0.125 0.964 -0.239
v -0.38 1.384 0.007
v -0.333 1.384 0.017
v -0.346 1.394 -0.007
v 0.116 1.567 0.048
v 0.12 1.57 0.037
v 0.127 1.57 0.053
v -0.277 1.166 0.115
v -0.289 1.149 0.122
v -0.296 1.143 0.132
v 0.127 1.572 0.108
v 0.131 1.561 0.11
v 0.134 1.563 0.099
v -0.245 1.109 0.019
v -0.255 1.104 0.016
v -0.241 1.115 0.023
v 0.018 1.734 -0.062
v 0.021 1.75 -0.074
v 0.016 1.763 -0.076
v -0.131 1.744 -0.006
v -0.118 1.751 -0.006
v -0.121 1.746 0.001
v 0.023 1.753 -0.053
v 0.016 1.754 -0.057
v 0.024 1.75 -0.065
v -0.112 1.856 0.03
v -0.103 1.839 0.053
v -0.103 1.838 0.044
v 0.046 1.695 0.035
v 0.024 1.687 0.034
v 0.035 1.683 0.037
v -0.046 1.635 -0.011
v -0.008 1.638 -0.034
v -0.035 1.63 -0.021
v -0.01 1.64 -0.039
v -0.035 1.63 -0.021
v -0.008 1.638 -0.034
v 0.14 1.6 0.117
v 0.127 1.572 0.108
v 0.142 1.604 0.11
v 0.083 1.533 -0.121
v 0.085 1.521 -0.124
v 0.078 1.528 -0.102
v 0.005 1.771 0.083
v 0.029 1.784 0.056
v 0.017 1.769 0.072
v -0.046 1.635 -0.011
v -0.035 1.63 -0.021
v -0.06 1.636 -0.01
v -0.034 1.691 0.072
v -0.046 1.692 0.064
v -0.051 1.696 0.069
v -0.249 1.137 0.029
v -0.241 1.14 0.035
v -0.244 1.149 0.027
v 0.05 1.542 -0.081
v 0.049 1.535 -0.08
v 0.039 1.526 -0.06
v -0.411 1.222 0.084
v -0.402 1.225 0.067
v -0.425 1.259 0.068
v -0.237 1.078 0.08
v -0.238 1.078 0.07
v -0.246 1.095 0.085
v 0.09 1.522 -0.121
v 0.078 1.528 -0.102
v 0.085 1.521 -0.124
v -0.198 1.494 0.071
v -0.203 1.5 0.075
v -0.202 1.529 0.069
v -0.192 0.196 0.008
v -0.192 0.19 0.015
v -0.21 0.19 -0.02
v 0.158 1.614 0.075
v 0.13 1.633 0.095
v 0.133 1.639 0.087
v 0.005 1.771 0.083
v -0.005 1.764 0.074
v -0.002 1.78 0.08
v -0.229 1.096 0.049
v -0.232 1.092 0.038
v -0.237 1.099 0.04
v 0.09 0.099 -0.094
v 0.093 0.105 -0.093
v 0.097 0.098 -0.117
v 0.083 1.533 -0.121
v 0.078 1.544 -0.103
v 0.084 1.546 -0.123
v -0.078 1.702 0.084
v -0.07 1.688 0.078
v -0.065 1.69 0.07
v -0.229 1.089 0.097
v -0.231 1.073 0.075
v -0.237 1.078 0.08
v -0.215 0.933 -0.141
v -0.206 0.931 -0.144
v -0.157 0.937 -0.16
v 0.006 1.787 0.08
v 0.003 1.774 0.08
v -0.002 1.78 0.08
v 0.179 1.595 0.056
v 0.17 1.61 0.06
v 0.172 1.609 0.047
v -0.062 0.899 -0.019
v -0.05 0.93 0.007
v -0.055 0.924 -0.022
v -0.1 1.678 -0.113
v -0.121 1.677 -0.095
v -0.126 1.687 -0.099
v -0.05 0.93 0.007
v -0.059 0.922 -0.031
v -0.055 0.924 -0.022
v -0.176 0.911 -0.133
v -0.129 0.929 -0.145
v -0.148 0.92 -0.141
v -0.14 1.434 0.069
v -0.153 1.442 0.071
v -0.164 1.45 0.075
v 0.137 1.613 0.084
v 0.145 1.601 0.079
v 0.133 1.614 0.086
v 0.14 1.617 0.056
v 0.148 1.619 0.053
v 0.127 1.636 0.07
v 0.024 1.767 -0.081
v 0.021 1.75 -0.074
v 0.027 1.786 -0.075
v -0.042 1.248 0.05
v -0.042 1.233 0.053
v -0.04 1.247 0.053
v -0.153 0.191 0.008
v -0.171 0.194 0.034
v -0.168 0.199 0.027
v 0.183 1.597 0.075
v 0.192 1.546 0.063
v 0.185 1.59 0.086
v 0.189 1.585 0.094
v 0.191 1.554 0.09
v 0.192 1.534 0.085
v 0.192 1.517 0.067
v 0.185 1.493 0.078
v 0.193 1.498 0.066
v 0.188 1.506 0.044
v 0.188 1.549 0.046
v 0.187 1.582 0.105
v 0.175 1.589 0.114
v 0.177 1.596 0.104
v 0.183 1.575 0.109
v 0.178 1.552 0.102
v 0.174 1.542 0.099
v 0.202 1.302 -0.02
v 0.172 1.253 -0.033
v 0.19 1.322 0.01
v 0.199 1.281 -0.038
v 0.181 1.254 -0.063
v 0.194 1.268 -0.066
v 0.168 1.243 -0.046
v 0.174 1.254 -0.075
v 0.154 1.248 -0.028
v 0.163 1.24 -0.057
v 0.152 1.236 -0.046
v 0.149 1.242 -0.067
v 0.137 1.241 -0.04
v 0.135 1.244 -0.059
v 0.133 1.26 -0.093
v 0.124 1.25 -0.041
v 0.122 1.255 -0.068
v 0.119 1.287 -0.129
v 0.104 1.27 -0.054
v 0.113 1.266 -0.035
v 0.099 1.287 -0.11
v 0.11 1.314 -0.157
v 0.084 1.306 -0.096
v 0.086 1.32 -0.15
v 0.092 1.349 -0.199
v 0.06 1.348 -0.142
v 0.063 1.355 -0.196
v 0.052 1.369 -0.192
v 0.075 1.39 -0.243
v 0.051 1.382 -0.223
v 0.03 1.414 -0.226
v 0.029 1.417 -0.246
v 0.049 1.428 -0.271
v 0.03 1.45 -0.279
v 0.137 1.571 0.098
v 0.146 1.596 0.1
v 0.133 1.577 0.102
v 0.139 1.601 0.088
v 0.131 1.581 0.09
v 0.137 1.613 0.084
v 0.122 1.584 0.086
v 0.133 1.614 0.086
v 0.14 1.57 0.085
v 0.12 1.593 0.088
v 0.124 1.617 0.073
v 0.113 1.594 0.078
v 0.116 1.628 0.072
v 0.103 1.596 0.077
v 0.121 1.581 0.073
v 0.114 1.579 0.069
v 0.118 1.568 0.074
v 0.099 1.587 0.08
v 0.108 1.57 0.074
v 0.133 1.569 0.078
v 0.136 1.559 0.08
v 0.127 1.561 0.079
v 0.12 1.57 0.082
v 0.146 1.596 0.1
v 0.137 1.571 0.098
v 0.145 1.574 0.101
v 0.152 1.582 0.106
v 0.164 1.573 0.104
v 0.15 1.572 0.11
v 0.134 1.563 0.099
v 0.145 1.574 0.101
v 0.137 1.571 0.098
v 0.154 1.564 0.095
v 0.152 1.552 0.099
v 0.157 1.559 0.108
v 0.114 1.57 0.104
v 0.13 1.556 0.092
v 0.112 1.571 0.088
v 0.127 1.561 0.079
v 0.137 1.556 0.089
v 0.136 1.559 0.08
v 0.134 1.563 0.099
v 0.123 1.574 0.081
v 0.12 1.57 0.082
v 0.122 1.584 0.086
v 0.121 1.581 0.073
v 0.113 1.594 0.078
v 0.118 1.568 0.074
v 0.131 1.467 -0.147
v 0.142 1.428 -0.123
v 0.122 1.427 -0.102
v 0.154 1.398 -0.1
v 0.13 1.405 -0.081
v 0.138 1.377 -0.061
v 0.148 1.38 -0.07
v 0.166 1.376 -0.075
v 0.068 1.387 -0.12
v 0.065 1.37 -0.123
v 0.062 1.367 -0.123
v 0.072 1.357 -0.105
v 0.06 1.348 -0.142
v 0.084 1.306 -0.096
v 0.078 1.39 -0.101
v 0.068 1.405 -0.123
v 0.1 1.421 -0.095
v 0.071 1.421 -0.127
v 0.089 1.448 -0.124
v 0.076 1.45 -0.138
v 0.082 1.472 -0.142
v 0.085 1.325 -0.075
v 0.1 1.29 -0.053
v 0.104 1.27 -0.054
v 0.094 1.346 -0.063
v 0.104 1.283 -0.044
v 0.113 1.266 -0.035
v 0.105 1.305 -0.032
v 0.108 1.309 -0.048
v 0.108 1.364 -0.055
v 0.116 1.356 -0.054
v 0.138 1.377 -0.061
v 0.13 1.405 -0.081
v 0.106 1.398 -0.075
v 0.122 1.427 -0.102
v 0.109 1.46 -0.128
v 0.131 1.467 -0.147
v 0.096 1.471 -0.134
v 0.087 1.509 -0.151
v 0.079 1.485 -0.15
v 0.099 1.518 -0.155
v 0.085 1.53 -0.147
v -0.05 1.7 0.072
v -0.04 1.71 0.076
v -0.062 1.694 0.077
v -0.065 1.69 0.07
v -0.078 1.702 0.084
v -0.065 1.69 0.07
v -0.051 1.696 0.069
v -0.05 1.7 0.072
v -0.034 1.691 0.072
v -0.055 1.683 0.074
v 0.036 1.615 -0.16
v 0.021 1.627 -0.144
v -0.002 1.632 -0.181
v 0.043 1.603 -0.128
v 0.062 1.592 -0.141
v 0.068 1.565 -0.111
v 0.084 1.546 -0.123
v 0.078 1.544 -0.103
v 0.041 1.573 -0.094
v 0.02 1.614 -0.113
v 0.007 1.635 -0.129
v 0.002 1.636 -0.13
v -0.023 1.665 -0.145
v -0.013 1.65 -0.166
v -0.025 1.664 -0.143
v -0.003 1.656 -0.113
v -0.027 1.675 -0.133
v -0.056 1.678 -0.154
v -0.056 1.687 -0.139
v -0.091 1.681 -0.142
v -0.088 1.69 -0.129
v -0.109 1.689 -0.117
v -0.119 1.68 -0.125
v -0.09 1.681 -0.145
v -0.1 1.671 -0.153
v -0.057 1.666 -0.173
v -0.128 1.671 -0.135
v -0.126 1.687 -0.099
v -0.1 1.678 -0.113
v -0.15 1.668 -0.111
v -0.162 1.654 -0.114
v -0.188 1.65 -0.08
v -0.174 1.664 -0.079
v -0.194 1.644 -0.042
v -0.174 1.655 -0.047
v -0.157 1.669 -0.054
v -0.146 1.678 -0.097
v -0.156 1.675 -0.079
v -0.143 1.683 -0.072
v -0.121 1.677 -0.095
v -0.153 1.667 -0.055
v -0.138 1.641 -0.029
v 0.012 0.096 -0.155
v 0.013 0.119 -0.157
v 0.022 0.099 -0.127
v 0.022 0.121 -0.129
v 0.009 0.148 -0.158
v 0.053 0.12 -0.109
v 0.051 0.099 -0.108
v 0.022 0.15 -0.13
v 0.011 0.164 -0.158
v 0.025 0.166 -0.132
v 0.054 0.149 -0.109
v 0.073 0.172 -0.106
v 0.053 0.181 -0.116
v 0.067 0.182 -0.108
v 0.114 0.186 -0.094
v 0.111 0.196 -0.097
v 0.073 0.15 -0.1
v 0.093 0.105 -0.093
v 0.09 0.099 -0.094
v 0.108 0.1 -0.088
v 0.107 0.153 -0.087
v 0.061 0.111 -0.106
v 0.07 0.099 -0.101
v 0.061 0.1 -0.105
v 0.06 0.099 -0.105
v 0.061 0.099 -0.105
v 0.123 0.191 -0.095
v 0.144 0.198 -0.107
v 0.134 0.206 -0.108
v 0.158 0.185 -0.106
v 0.145 0.182 -0.091
v 0.143 0.176 -0.086
v 0.175 0.164 -0.081
v 0.133 0.148 -0.079
v 0.172 0.161 -0.076
v 0.199 0.152 -0.066
v 0.174 0.135 -0.062
v 0.176 0.116 -0.061
v 0.173 0.097 -0.062
v 0.221 0.101 -0.045
v 0.218 0.133 -0.052
v 0.257 0.107 -0.046
v 0.25 0.136 -0.055
v 0.238 0.146 -0.065
v 0.292 0.113 -0.064
v 0.284 0.141 -0.073
v 0.013 0.119 -0.157
v 0.012 0.096 -0.155
v 0.025 0.096 -0.175
v 0.026 0.118 -0.174
v 0.009 0.148 -0.158
v 0.026 0.155 -0.179
v 0.011 0.164 -0.158
v 0.024 0.168 -0.176
v -0.081 0.937 -0.084
v -0.107 0.925 -0.117
v -0.09 0.935 -0.094
v -0.078 0.888 -0.093
v -0.095 0.89 -0.124
v -0.051 0.951 -0.052
v -0.067 0.846 -0.097
v -0.079 0.848 -0.124
v -0.063 0.789 -0.128
v -0.053 0.791 -0.101
v -0.048 0.722 -0.135
v -0.045 0.843 -0.075
v -0.036 0.725 -0.108
v -0.032 0.629 -0.145
v -0.05 0.887 -0.072
v -0.001 0.882 -0.047
v -0.031 0.794 -0.079
v 0.006 0.837 -0.052
v 0.004 0.94 -0.036
v -0.019 0.955 -0.036
v -0.038 0.967 -0.034
v 0.002 0.963 -0.032
v 0.049 0.939 -0.054
v -0.028 0.982 -0.022
v 0.001 0.984 -0.025
v -0.013 1.013 -0.006
v 0.019 0.921 -0.046
v 0.041 0.964 -0.05
v 0.004 1.015 -0.015
v -0.005 1.047 0.005
v 0.008 1.048 -0.005
v 0.019 1.124 0.006
v 0.009 1.144 0.019
v 0.014 1.141 0.025
v 0.035 0.985 -0.047
v 0.031 1.019 -0.037
v 0.074 0.987 -0.071
v 0.08 0.967 -0.073
v 0.087 0.943 -0.074
v 0.052 0.884 -0.053
v 0.096 0.89 -0.075
v 0.06 0.837 -0.055
v 0.101 0.848 -0.078
v 0.104 0.805 -0.082
v 0.073 0.746 -0.063
v 0.107 0.753 -0.087
v 0.11 0.692 -0.093
v 0.079 0.706 -0.069
v 0.09 0.646 -0.082
v 0.116 0.628 -0.098
v 0.03 0.738 -0.06
v 0.039 0.691 -0.066
v 0.018 0.795 -0.055
v -0.014 0.731 -0.084
v 0.035 0.91 -0.05
v 0.02 0.92 -0.044
v -0.003 0.678 -0.088
v 0.05 0.657 -0.074
v -0.026 0.671 -0.112
v 0.008 0.642 -0.09
v -0.019 0.634 -0.113
v 0.059 0.631 -0.081
v 0.074 0.583 -0.091
v 0.016 0.617 -0.092
v -0.019 0.608 -0.112
v -0.034 0.6 -0.145
v 0.023 0.58 -0.099
v -0.01 0.576 -0.119
v -0.029 0.57 -0.146
v 0.026 0.545 -0.107
v -0.007 0.544 -0.123
v -0.005 0.5 -0.125
v -0.026 0.501 -0.15
v 0.104 0.62 -0.089
v 0.098 0.562 -0.094
v 0.115 0.552 -0.102
v 0.073 0.539 -0.1
v 0.115 0.525 -0.102
v 0.114 0.495 -0.103
v 0.066 0.499 -0.107
v 0.112 0.46 -0.103
v 0.026 0.499 -0.111
v 0.064 0.459 -0.11
v 0.117 0.4 -0.108
v 0.027 0.456 -0.11
v 0.075 0.395 -0.112
v 0.117 0.341 -0.111
v -0.005 0.457 -0.122
v 0.082 0.333 -0.112
v 0.124 0.306 -0.109
v 0.04 0.389 -0.113
v 0.087 0.296 -0.107
v 0.142 0.277 -0.1
v 0.05 0.324 -0.113
v 0.008 0.386 -0.118
v -0.029 0.456 -0.148
v -0.034 0.502 -0.183
v -0.034 0.561 -0.179
v -0.017 0.384 -0.14
v 0.019 0.319 -0.117
v -0.009 0.314 -0.135
v 0.055 0.285 -0.109
v 0.025 0.277 -0.117
v -0.004 0.272 -0.133
v 0.094 0.264 -0.102
v 0.06 0.251 -0.107
v 0.028 0.242 -0.11
v 0 0.235 -0.129
v 0.123 0.24 -0.099
v 0.148 0.221 -0.098
v 0.109 0.202 -0.089
v 0.068 0.187 -0.087
v 0.036 0.175 -0.097
v 0.02 0.204 -0.112
v 0.015 0.169 -0.125
v -0.102 1.652 -0.162
v -0.133 1.651 -0.136
v -0.117 1.613 -0.192
v -0.154 1.611 -0.156
v -0.16 1.648 -0.113
v -0.172 1.564 -0.178
v -0.137 1.565 -0.213
v -0.204 1.566 -0.147
v -0.24 1.562 -0.115
v -0.214 1.614 -0.098
v -0.188 1.647 -0.084
v -0.188 1.65 -0.08
v -0.244 1.611 -0.072
v -0.274 1.562 -0.094
v -0.21 1.626 -0.083
v -0.196 1.64 -0.042
v -0.222 1.621 -0.07
v -0.26 1.604 -0.062
v -0.292 1.561 -0.082
v -0.226 1.627 -0.035
v -0.209 1.617 -0.005
v -0.232 1.608 0.007
v -0.253 1.612 -0.022
v -0.279 1.597 -0.052
v -0.304 1.559 -0.074
v -0.281 1.595 -0.045
v -0.304 1.56 -0.069
v -0.312 1.554 -0.062
v -0.258 1.603 -0.019
v -0.307 1.574 -0.032
v -0.322 1.541 -0.054
v -0.288 1.586 -0.01
v -0.327 1.551 -0.026
v -0.336 1.527 -0.045
v -0.306 1.57 0
v -0.343 1.532 -0.007
v -0.298 1.569 0.024
v -0.274 1.589 0.016
v -0.234 1.603 0.01
v -0.329 1.547 0.007
v -0.342 1.524 0.021
v -0.363 1.501 0.024
v -0.33 1.541 0.023
v -0.31 1.551 0.03
v -0.231 1.093 0.08
v -0.232 1.096 0.089
v -0.229 1.089 0.097
v -0.237 1.078 0.08
v -0.244 1.174 0.056
v -0.222 1.159 0.041
v -0.202 1.154 0.046
v -0.191 1.151 0.054
v -0.216 1.16 0.071
v -0.21 1.151 0.082
v -0.19 1.133 0.08
v -0.243 1.153 0.107
v -0.243 1.169 0.09
v -0.245 1.176 0.071
v -0.272 1.172 0.049
v -0.253 1.16 0.03
v -0.266 1.179 0.09
v -0.277 1.166 0.115
v -0.261 1.18 0.07
v -0.277 1.175 0.058
v -0.281 1.172 0.057
v -0.29 1.162 0.057
v -0.277 1.148 0.019
v -0.263 1.149 0.015
v -0.287 1.142 0.028
v -0.229 1.089 0.097
v -0.232 1.096 0.089
v -0.243 1.1 0.09
v -0.246 1.099 0.105
v -0.22 1.089 0.104
v -0.231 1.073 0.075
v -0.213 1.089 0.091
v -0.224 1.077 0.072
v -0.228 1.081 0.063
v -0.238 1.078 0.07
v -0.237 1.078 0.08
v -0.252 1.112 0.085
v -0.247 1.12 0.076
v -0.257 1.104 0.102
v -0.272 1.128 0.078
v -0.241 1.127 0.066
v -0.278 1.12 0.09
v -0.288 1.119 0.104
v -0.295 1.131 0.091
v -0.26 1.131 0.059
v -0.245 1.131 0.05
v -0.304 1.138 0.094
v -0.304 1.136 0.108
v -0.28 1.136 0.063
v -0.296 1.15 0.077
v -0.27 1.131 0.039
v -0.28 1.132 0.025
v -0.287 1.14 0.043
v -0.287 1.142 0.028
v -0.257 1.132 0.037
v -0.242 1.134 0.044
v -0.241 1.14 0.035
v -0.249 1.137 0.029
v -0.307 1.143 0.065
v -0.292 1.162 0.068
v -0.29 1.162 0.057
v -0.315 1.13 0.075
v -0.32 1.125 0.09
v -0.355 1.179 0.071
v -0.367 1.175 0.09
v -0.377 1.191 0.065
v -0.319 1.124 0.105
v -0.31 1.131 0.123
v -0.299 1.139 0.118
v -0.296 1.143 0.132
v -0.289 1.149 0.122
v -0.385 1.188 0.113
v -0.383 1.19 0.089
v -0.402 1.225 0.067
v -0.411 1.222 0.084
v -0.416 1.221 0.108
v -0.438 1.256 0.084
v -0.425 1.259 0.068
v -0.442 1.257 0.107
v -0.46 1.287 0.087
v -0.464 1.293 0.102
v -0.479 1.316 0.082
v -0.482 1.317 0.098
v -0.479 1.318 0.111
v -0.468 1.307 0.071
v -0.453 1.304 0.062
v -0.235 1.096 0.082
v -0.231 1.093 0.08
v -0.246 1.095 0.085
v -0.237 1.078 0.08
v -0.232 1.096 0.089
v -0.235 1.096 0.082
v -0.246 1.095 0.085
v -0.231 1.093 0.08
v -0.238 1.078 0.07
v -0.228 1.081 0.063
v -0.247 1.099 0.07
v -0.254 1.102 0.08
v -0.252 1.113 0.073
v -0.254 1.108 0.066
v -0.248 1.119 0.062
v -0.247 1.12 0.076
v -0.241 1.127 0.066
v -0.245 1.131 0.05
v -0.243 1.105 0.054
v -0.238 1.089 0.055
v -0.249 1.125 0.048
v -0.238 1.112 0.038
v -0.239 1.127 0.045
v -0.242 1.134 0.044
v -0.232 1.107 0.033
v -0.237 1.099 0.04
v -0.232 1.092 0.038
v -0.232 1.107 0.033
v -0.236 1.114 0.024
v -0.246 1.125 0.038
v -0.244 1.134 0.029
v -0.241 1.14 0.035
v -0.242 1.134 0.044
v -0.244 1.134 0.029
v -0.236 1.114 0.024
v -0.231 1.129 0.023
v -0.236 1.139 0.03
v -0.216 1.134 0.04
v -0.221 1.144 0.04
v -0.214 1.147 0.039
v -0.206 1.141 0.038
v -0.222 1.159 0.041
v -0.202 1.154 0.046
v -0.244 1.149 0.027
v -0.241 1.14 0.035
v -0.253 1.16 0.03
v -0.244 1.174 0.056
v -0.263 1.149 0.015
v -0.247 1.132 0.021
v -0.245 1.109 0.019
v -0.241 1.115 0.023
v -0.272 1.136 0.016
v -0.255 1.104 0.016
v -0.277 1.148 0.019
v -0.287 1.142 0.028
v -0.259 1.178 0.096
v -0.271 1.164 0.124
v -0.309 1.211 0.127
v -0.295 1.223 0.1
v -0.261 1.18 0.07
v -0.297 1.226 0.08
v -0.318 1.229 0.132
v -0.301 1.244 0.102
v -0.342 1.262 0.139
v -0.313 1.278 0.106
v -0.367 1.291 0.148
v -0.341 1.303 0.111
v -0.353 1.327 0.114
v -0.351 1.32 0.087
v -0.393 1.318 0.151
v -0.361 1.336 0.086
v -0.372 1.34 0.12
v -0.409 1.337 0.149
v -0.375 1.346 0.11
v -0.39 1.355 0.129
v -0.396 1.369 0.132
v -0.238 1.112 0.038
v -0.243 1.105 0.054
v -0.244 1.116 0.033
v -0.241 1.115 0.023
v -0.25 1.091 0.049
v -0.238 1.089 0.055
v -0.252 1.096 0.023
v -0.261 1.102 0.023
v -0.255 1.104 0.016
v -0.176 0.911 -0.133
v -0.148 0.92 -0.141
v -0.157 0.937 -0.16
v -0.129 0.929 -0.145
v -0.154 0.943 -0.175
v -0.215 0.933 -0.141
v -0.168 0.968 -0.19
v -0.125 0.964 -0.239
v -0.128 0.925 -0.162
v -0.122 0.928 -0.2
v -0.115 0.934 -0.222
v -0.102 0.895 -0.185
v -0.111 0.912 -0.148
v -0.107 0.925 -0.117
v -0.1 0.9 -0.138
v -0.099 0.922 -0.221
v -0.074 0.898 -0.225
v -0.066 0.93 -0.252
v 0.008 1.048 -0.005
v 0.019 1.124 0.006
v 0.03 1.089 -0.015
v 0.03 1.048 -0.028
v 0.049 1.103 -0.043
v 0.031 1.019 -0.037
v 0.004 1.015 -0.015
v 0.051 1.055 -0.054
v 0.06 1.115 -0.069
v 0.06 1.024 -0.064
v 0.074 0.987 -0.071
v 0.067 1.069 -0.085
v 0.065 1.131 -0.099
v 0.079 1.034 -0.097
v 0.09 0.992 -0.11
v 0.094 0.97 -0.112
v 0.08 0.967 -0.073
v 0.099 0.946 -0.114
v 0.087 0.943 -0.074
v 0.107 0.894 -0.116
v 0.096 0.89 -0.075
v 0.101 0.848 -0.078
v 0.095 0.976 -0.166
v 0.098 0.946 -0.168
v 0.093 1.002 -0.165
v 0.103 0.895 -0.171
v 0.086 1.051 -0.138
v 0.083 1.05 -0.19
v 0.083 1.082 -0.17
v 0.11 0.849 -0.119
v 0.105 0.847 -0.173
v 0.105 0.801 -0.174
v 0.074 1.089 -0.12
v 0.111 0.805 -0.121
v 0.104 0.805 -0.082
v 0.078 1.11 -0.154
v 0.073 1.101 -0.194
v 0.071 1.147 -0.138
v 0.07 1.12 -0.189
v 0.058 1.152 -0.182
v 0.111 0.751 -0.126
v 0.103 0.747 -0.175
v 0.096 0.704 -0.176
v 0.107 0.753 -0.087
v 0.11 0.711 -0.129
v 0.11 0.692 -0.093
v 0.113 0.685 -0.131
v 0.117 0.642 -0.13
v 0.118 0.624 -0.118
v 0.111 0.6 -0.163
v 0.116 0.628 -0.098
v 0.119 0.592 -0.127
v 0.115 0.552 -0.102
v 0.118 0.564 -0.128
v 0.115 0.525 -0.102
v 0.114 0.544 -0.154
v 0.112 0.567 -0.157
v 0.114 0.502 -0.153
v 0.114 0.495 -0.103
v 0.113 0.46 -0.148
v 0.112 0.46 -0.103
v 0.117 0.397 -0.148
v 0.117 0.4 -0.108
v 0.121 0.337 -0.144
v 0.117 0.341 -0.111
v 0.131 0.302 -0.144
v 0.124 0.306 -0.109
v 0.13 0.295 -0.134
v 0.131 0.27 -0.14
v 0.134 0.283 -0.119
v 0.142 0.277 -0.1
v 0.077 1.555 -0.129
v 0.06 1.588 -0.142
v 0.07 1.578 -0.155
v 0.033 1.611 -0.162
v 0.048 1.599 -0.174
v 0.016 1.608 -0.206
v -0.001 1.627 -0.183
v 0.032 1.592 -0.224
v 0.065 1.592 -0.19
v 0.082 1.571 -0.169
v 0.068 1.588 -0.199
v 0.033 1.581 -0.233
v 0.087 1.571 -0.182
v 0.091 1.568 -0.209
v 0.097 1.562 -0.24
v 0.109 1.563 -0.213
v 0.088 1.552 -0.158
v 0.105 1.552 -0.188
v 0.187 0.157 -0.156
v 0.159 0.184 -0.133
v 0.144 0.176 -0.159
v 0.186 0.141 -0.169
v 0.144 0.153 -0.174
v 0.114 0.187 -0.155
v 0.219 0.13 -0.162
v 0.22 0.146 -0.15
v 0.243 0.143 -0.141
v 0.25 0.131 -0.146
v 0.264 0.143 -0.124
v 0.277 0.134 -0.124
v 0.216 0.097 -0.17
v 0.261 0.099 -0.149
v 0.187 0.099 -0.176
v 0.285 0.105 -0.125
v 0.294 0.139 -0.098
v 0.303 0.112 -0.092
v 0.273 0.146 -0.103
v 0.131 0.119 -0.18
v 0.121 0.104 -0.181
v 0.105 0.098 -0.182
v 0.074 0.098 -0.183
v 0.115 0.156 -0.178
v 0.071 0.118 -0.183
v 0.045 0.118 -0.181
v 0.047 0.097 -0.181
v 0.025 0.096 -0.175
v 0.026 0.118 -0.174
v 0.026 0.155 -0.179
v 0.043 0.16 -0.183
v 0.072 0.156 -0.182
v 0.101 0.192 -0.16
v 0.123 0.201 -0.136
v 0.131 0.193 -0.133
v 0.134 0.206 -0.108
v 0.144 0.198 -0.107
v 0.07 0.174 -0.175
v 0.068 0.182 -0.176
v 0.044 0.175 -0.178
v 0.024 0.168 -0.176
v -0.385 1.188 0.113
v -0.31 1.131 0.123
v -0.319 1.124 0.105
v -0.357 1.176 0.13
v -0.338 1.189 0.14
v -0.296 1.143 0.132
v -0.271 1.164 0.124
v -0.309 1.211 0.127
v -0.374 1.194 0.135
v -0.416 1.221 0.108
v -0.353 1.207 0.149
v -0.318 1.229 0.132
v -0.406 1.229 0.134
v -0.442 1.257 0.107
v -0.386 1.24 0.15
v -0.342 1.262 0.139
v -0.431 1.269 0.134
v -0.39 1.273 0.146
v -0.367 1.291 0.148
v -0.415 1.276 0.147
v -0.458 1.299 0.124
v -0.464 1.293 0.102
v -0.479 1.318 0.111
v -0.437 1.303 0.147
v -0.393 1.318 0.151
v -0.409 1.337 0.149
v -0.467 1.329 0.131
v -0.452 1.325 0.143
v -0.422 1.363 0.146
v -0.39 1.355 0.129
v -0.372 1.34 0.12
v -0.462 1.357 0.131
v -0.475 1.355 0.117
v -0.475 1.365 0.106
v -0.485 1.35 0.098
v -0.484 1.338 0.109
v -0.488 1.334 0.092
v -0.482 1.317 0.098
v -0.006 1.121 0.029
v -0.042 1.043 0.035
v -0.028 1.085 0.036
v -0.018 1.043 0.016
v -0.005 1.047 0.005
v 0.009 1.144 0.019
v -0.013 1.013 -0.006
v -0.026 1.013 0.011
v -0.053 1.012 0.035
v -0.028 0.982 -0.022
v -0.037 0.979 0.007
v -0.038 0.967 -0.034
v -0.065 0.977 0.037
v -0.044 0.957 0.005
v -0.07 0.952 0.041
v -0.097 0.974 0.073
v -0.086 1.013 0.061
v -0.1 0.953 0.078
v -0.103 0.929 0.083
v -0.051 0.951 -0.052
v -0.106 0.876 0.088
v -0.05 0.93 0.007
v -0.059 0.922 -0.031
v -0.077 0.886 -0.056
v -0.076 0.877 0.046
v -0.111 0.832 0.09
v -0.068 0.914 0.034
v -0.064 0.894 0.017
v -0.062 0.876 -0.005
v -0.081 0.83 0.051
v -0.07 0.831 -0.001
v -0.085 0.789 0.054
v -0.116 0.791 0.088
v -0.074 0.788 0.007
v -0.121 0.739 0.086
v -0.091 0.735 0.057
v -0.08 0.73 0.014
v -0.086 0.684 0.018
v -0.098 0.689 0.058
v -0.125 0.688 0.083
v -0.096 0.648 0.025
v -0.103 0.638 -0.021
v -0.106 0.612 -0.016
v -0.104 0.62 0.03
v -0.116 0.575 -0.015
v -0.119 0.604 0.067
v -0.132 0.616 0.083
v -0.138 0.572 0.076
v -0.117 0.576 0.035
v -0.126 0.54 -0.019
v -0.125 0.571 0.06
v -0.129 0.532 0.028
v -0.131 0.496 -0.029
v -0.13 0.543 0.055
v -0.141 0.538 0.069
v -0.142 0.507 0.064
v -0.136 0.489 0.01
v -0.144 0.477 0.057
v -0.14 0.45 0.001
v -0.145 0.443 0.05
v -0.132 0.454 -0.035
v -0.148 0.386 0.001
v -0.155 0.384 0.043
v -0.136 0.46 -0.068
v -0.137 0.503 -0.062
v -0.136 0.389 -0.065
v -0.14 0.386 -0.033
v -0.141 0.32 -0.066
v -0.145 0.321 -0.034
v -0.144 0.279 -0.067
v -0.153 0.325 -0.001
v -0.161 0.327 0.033
v -0.144 0.282 -0.035
v -0.139 0.244 -0.068
v -0.151 0.287 -0.002
v -0.162 0.292 0.034
v -0.145 0.248 -0.036
v -0.131 0.175 -0.067
v -0.131 0.183 -0.032
v -0.149 0.255 0.001
v -0.16 0.261 0.048
v -0.143 0.196 0.008
v -0.152 0.229 0.026
v -0.162 0.209 0.045
v 0.189 1.427 0.063
v 0.167 1.486 0.093
v 0.187 1.489 0.087
v 0.168 1.424 0.07
v 0.151 1.487 0.091
v 0.169 1.415 0.068
v 0.192 1.405 0.055
v 0.191 1.362 0.034
v 0.147 1.426 0.064
v 0.137 1.491 0.082
v 0.161 1.36 0.044
v 0.19 1.322 0.01
v 0.131 1.435 0.052
v 0.129 1.499 0.066
v 0.126 1.444 0.038
v 0.145 1.405 0.056
v 0.119 1.441 0.038
v 0.127 1.454 0.019
v 0.122 1.413 0.049
v 0.111 1.424 0.032
v 0.135 1.367 0.038
v 0.118 1.368 0.026
v 0.112 1.39 0.015
v 0.109 1.357 -0.003
v 0.159 1.318 0.022
v 0.11 1.308 -0.01
v 0.103 1.327 -0.023
v 0.113 1.266 -0.035
v 0.132 1.326 0.018
v 0.156 1.279 -0.007
v 0.172 1.253 -0.033
v 0.154 1.248 -0.028
v 0.122 1.267 -0.021
v 0.124 1.25 -0.041
v 0.137 1.241 -0.04
v 0.138 1.286 -0.003
v 0.142 1.253 -0.025
v 0.152 1.236 -0.046
v -0.042 1.564 0.003
v -0.043 1.601 -0.001
v -0.03 1.599 -0.01
v -0.061 1.573 0.01
v -0.059 1.52 0.018
v -0.077 1.532 0.021
v -0.058 1.604 0.005
v -0.1 1.551 0.021
v -0.086 1.584 0.011
v -0.076 1.613 0.006
v -0.096 1.625 -0.001
v -0.082 1.564 0.016
v -0.105 1.609 -0.002
v -0.111 1.641 -0.014
v -0.126 1.617 -0.014
v -0.125 1.655 -0.03
v -0.109 1.579 0.006
v -0.139 1.577 0.026
v -0.138 1.641 -0.029
v -0.138 1.672 -0.05
v -0.153 1.667 -0.055
v -0.143 1.683 -0.072
v -0.156 1.675 -0.079
v -0.135 1.556 0.039
v -0.159 1.569 0.039
v -0.095 1.529 0.032
v -0.151 1.614 -0.001
v -0.163 1.636 -0.02
v -0.131 1.535 0.046
v -0.126 1.507 0.057
v -0.08 1.499 0.038
v -0.174 1.655 -0.047
v -0.157 1.669 -0.054
v -0.175 1.608 0.013
v -0.186 1.629 -0.011
v -0.194 1.644 -0.042
v -0.188 1.626 -0.013
v -0.196 1.64 -0.042
v -0.209 1.617 -0.005
v -0.176 1.604 0.012
v -0.081 1.467 0.052
v -0.063 1.47 0.038
v -0.087 1.446 0.055
v -0.051 1.448 0.034
v -0.106 1.468 0.059
v -0.082 1.437 0.05
v -0.072 1.429 0.048
v -0.029 1.413 0.022
v -0.046 1.402 0.032
v -0.049 1.401 0.029
v -0.194 1.597 0.021
v -0.215 1.588 0.036
v -0.232 1.608 0.007
v -0.234 1.603 0.01
v -0.253 1.612 -0.022
v -0.258 1.603 -0.019
v -0.279 1.597 -0.052
v -0.259 1.575 0.043
v -0.274 1.589 0.016
v -0.285 1.559 0.045
v -0.298 1.569 0.024
v -0.31 1.551 0.03
v -0.29 1.527 0.06
v -0.306 1.57 0
v -0.329 1.547 0.007
v -0.271 1.54 0.06
v -0.243 1.551 0.06
v -0.312 1.534 0.043
v -0.33 1.541 0.023
v -0.342 1.524 0.021
v -0.322 1.517 0.056
v -0.363 1.501 0.024
v -0.332 1.494 0.064
v -0.379 1.48 0.046
v -0.257 1.518 0.069
v -0.204 1.56 0.055
v -0.293 1.478 0.081
v -0.35 1.474 0.078
v -0.232 1.525 0.072
v -0.182 1.566 0.043
v -0.377 1.43 0.107
v -0.41 1.438 0.085
v -0.322 1.447 0.098
v -0.353 1.434 0.101
v -0.277 1.447 0.08
v -0.349 1.412 0.106
v -0.367 1.386 0.12
v -0.329 1.389 0.096
v -0.349 1.36 0.103
v -0.375 1.346 0.11
v -0.396 1.369 0.132
v -0.403 1.407 0.12
v -0.433 1.41 0.098
v -0.248 1.502 0.072
v -0.243 1.48 0.068
v -0.423 1.383 0.139
v -0.456 1.38 0.115
v -0.226 1.501 0.077
v -0.43 1.373 0.134
v -0.409 1.363 0.134
v -0.39 1.355 0.129
v -0.463 1.364 0.114
v -0.422 1.363 0.146
v -0.471 1.373 0.084
v -0.228 1.478 0.07
v -0.245 1.455 0.056
v -0.233 1.457 0.055
v -0.202 1.529 0.069
v -0.21 1.479 0.068
v -0.226 1.455 0.051
v -0.203 1.5 0.075
v -0.198 1.494 0.071
v -0.174 1.529 0.059
v -0.205 1.471 0.072
v -0.173 1.496 0.07
v -0.181 1.46 0.073
v -0.161 1.571 0.034
v -0.147 1.531 0.047
v -0.157 1.523 0.054
v -0.156 1.493 0.067
v -0.208 1.43 0.05
v -0.249 1.44 0.025
v -0.135 1.498 0.058
v -0.128 1.442 0.069
v -0.155 1.525 0.058
v -0.164 1.45 0.075
v -0.197 1.409 0.05
v -0.247 1.42 0.023
v -0.267 1.435 0.006
v -0.264 1.413 0.002
v -0.286 1.444 -0.019
v -0.134 1.499 0.061
v -0.107 1.467 0.057
v -0.285 1.423 -0.021
v -0.304 1.465 -0.051
v -0.284 1.406 -0.027
v -0.278 1.37 -0.035
v -0.245 1.403 0.017
v -0.257 1.35 -0.01
v -0.268 1.322 -0.041
v -0.248 1.287 -0.012
v -0.253 1.25 -0.036
v -0.242 1.216 -0.002
v -0.249 1.203 -0.031
v -0.239 1.163 0.004
v -0.248 1.17 -0.028
v -0.24 1.148 0.007
v -0.25 1.154 -0.026
v -0.249 1.148 -0.025
v -0.237 1.143 0.009
v -0.255 1.113 -0.017
v -0.23 1.147 0.023
v -0.23 1.161 0.021
v -0.24 1.324 0.004
v -0.237 1.284 0.005
v -0.243 1.362 0.008
v -0.201 1.36 0.04
v -0.198 1.321 0.03
v -0.199 1.283 0.029
v -0.206 1.141 0.038
v -0.214 1.147 0.039
v -0.195 1.162 0.047
v -0.216 1.134 0.04
v -0.202 1.154 0.046
v -0.191 1.151 0.054
v -0.231 1.129 0.023
v -0.156 1.14 0.073
v -0.242 1.109 0.017
v -0.236 1.114 0.024
v -0.246 1.108 0.013
v -0.243 1.104 0.017
v -0.232 1.107 0.033
v -0.232 1.092 0.038
v -0.243 1.071 0.023
v -0.248 1.084 0.013
v -0.256 1.093 -0.014
v -0.262 1.045 -0.04
v -0.266 1.08 -0.059
v -0.25 1.033 0.004
v -0.264 0.983 -0.035
v -0.226 1.081 0.05
v -0.229 1.096 0.049
v -0.223 1.068 0.061
v -0.218 1.08 0.062
v -0.217 1.036 0.071
v -0.246 1.029 0.023
v -0.252 0.981 0.006
v -0.195 1.067 0.075
v -0.21 1.086 0.064
v -0.207 1.098 0.062
v -0.175 1.098 0.069
v -0.2 1.102 0.062
v -0.192 1.107 0.062
v -0.189 1.133 0.051
v -0.245 0.98 0.035
v -0.256 0.955 0.007
v -0.266 0.956 -0.036
v -0.258 0.926 0.008
v -0.195 0.988 0.08
v -0.245 0.955 0.036
v -0.245 0.927 0.038
v -0.258 0.877 0.006
v -0.196 0.96 0.081
v -0.199 0.93 0.081
v -0.246 0.879 0.038
v -0.242 0.83 0.034
v -0.245 0.781 0.003
v -0.165 1.036 0.081
v -0.203 0.879 0.08
v -0.238 0.783 0.032
v -0.243 0.725 0.003
v -0.235 0.728 0.028
v -0.243 0.676 0.002
v -0.207 0.786 0.073
v -0.206 0.832 0.077
v -0.149 0.878 0.092
v -0.145 0.93 0.089
v -0.142 0.955 0.086
v -0.139 0.977 0.084
v -0.103 0.929 0.083
v -0.1 0.953 0.078
v -0.106 0.876 0.088
v -0.097 0.974 0.073
v -0.153 0.833 0.091
v -0.111 0.832 0.09
v -0.116 0.791 0.088
v -0.123 1.02 0.077
v -0.086 1.013 0.061
v -0.156 0.79 0.088
v -0.121 0.739 0.086
v -0.142 1.076 0.072
v -0.206 0.733 0.065
v -0.16 0.737 0.082
v -0.125 0.688 0.083
v -0.162 0.694 0.078
v -0.235 0.682 0.024
v -0.107 1.058 0.068
v -0.156 1.137 0.062
v -0.189 1.143 0.053
v -0.117 1.123 0.062
v -0.086 1.107 0.06
v -0.059 1.098 0.052
v -0.072 1.047 0.054
v -0.028 1.085 0.036
v -0.042 1.043 0.035
v -0.053 1.012 0.035
v -0.065 0.977 0.037
v -0.024 1.884 0.081
v 0.005 1.883 0.042
v 0.003 1.859 0.069
v 0.014 1.865 0.036
v 0.008 1.889 0.013
v 0.008 1.844 0.054
v -0.008 1.84 0.072
v 0.009 1.834 0.063
v 0.017 1.872 0.006
v 0.014 1.88 -0.019
v 0.016 1.87 -0.033
v 0.008 1.886 -0.036
v 0.02 1.861 -0.012
v 0.018 1.858 0.017
v 0.031 1.839 0.003
v 0.013 1.856 0.039
v 0.02 1.836 0.047
v 0.028 1.837 0.03
v 0.025 1.792 0.061
v 0.007 1.809 0.072
v 0.006 1.787 0.08
v -0.002 1.78 0.08
v -0.008 1.777 0.086
v -0.005 1.764 0.074
v -0.008 1.756 0.08
v 0.029 1.784 0.056
v -0.004 1.759 0.06
v 0.001 1.737 0.078
v 0.004 1.749 0.061
v 0.031 1.795 0.032
v 0.005 1.721 0.092
v -0.005 1.722 0.1
v 0.005 1.734 0.069
v 0.033 1.743 0.041
v 0.03 1.803 -0.002
v 0.033 1.786 0.014
v 0.03 1.787 -0.019
v 0.038 1.759 0.005
v 0.036 1.823 -0.011
v 0.033 1.842 -0.016
v 0.037 1.831 -0.029
v 0.027 1.857 -0.053
v 0.034 1.841 -0.049
v 0.03 1.788 -0.034
v 0.032 1.758 -0.029
v 0.032 1.758 -0.02
v 0.038 1.715 -0.015
v 0.033 1.778 0.036
v 0.03 1.776 0.054
v 0.017 1.769 0.072
v 0.029 1.764 0.037
v 0.032 1.734 -0.008
v 0.039 1.69 0.014
v 0.046 1.668 0.001
v 0.037 1.751 0.024
v 0.023 1.756 0.048
v 0.015 1.762 0.056
v 0.035 1.735 0.015
v 0.029 1.721 0.034
v 0.025 1.712 0.014
v 0.033 1.688 0.028
v 0.023 1.727 0.051
v 0.026 1.708 0.04
v 0.024 1.687 0.034
v 0.036 1.664 0.022
v 0.021 1.697 0.046
v 0.009 1.722 0.062
v 0.007 1.711 0.064
v 0.011 1.723 0.07
v 0.007 1.717 0.079
v 0.001 1.711 0.089
v -0.006 1.712 0.096
v 0.041 1.639 0.025
v 0.018 1.669 0.043
v 0.037 1.621 0.026
v 0.042 1.653 -0.003
v 0.034 1.626 0.041
v 0.028 1.61 0.039
v 0.011 1.611 0.059
v 0.015 1.602 0.051
v 0.013 1.671 0.045
v 0.011 1.69 0.05
v 0.007 1.686 0.061
v 0.002 1.667 0.062
v 0.018 1.638 0.05
v -0.006 1.658 0.073
v -0.006 1.68 0.07
v -0.116 1.682 -0.029
v -0.12 1.686 -0.05
v -0.116 1.711 -0.048
v -0.12 1.661 -0.032
v -0.126 1.673 -0.05
v -0.121 1.657 -0.038
v -0.133 1.66 -0.054
v -0.111 1.641 -0.014
v -0.106 1.686 -0.011
v -0.094 1.625 -0.006
v -0.116 1.71 -0.025
v -0.092 1.653 -0.005
v -0.076 1.645 -0.005
v -0.076 1.61 -0.007
v -0.059 1.604 -0.01
v -0.06 1.636 -0.01
v -0.048 1.598 -0.019
v -0.078 1.651 0
v -0.046 1.635 -0.011
v -0.091 1.672 -0.003
v -0.105 1.706 -0.005
v -0.111 1.725 -0.004
v -0.117 1.729 -0.016
v -0.109 1.73 0.011
v -0.034 1.615 -0.025
v -0.029 1.596 -0.03
v -0.035 1.63 -0.021
v -0.01 1.64 -0.039
v -0.014 1.604 -0.041
v -0.007 1.633 -0.047
v -0.004 1.611 -0.046
v 0.009 1.613 -0.047
v 0.006 1.678 -0.076
v 0.01 1.71 -0.048
v 0.005 1.724 -0.069
v 0.007 1.689 -0.06
v 0.005 1.67 -0.056
v 0.003 1.648 -0.067
v -0.001 1.656 -0.045
v 0.002 1.652 -0.084
v -0.01 1.64 -0.039
v 0.006 1.629 -0.075
v 0 1.638 -0.092
v 0.003 1.619 -0.06
v -0.007 1.633 -0.047
v -0.034 1.615 -0.025
v -0.004 1.611 -0.046
v -0.026 0.501 -0.15
v -0.034 0.561 -0.179
v -0.029 0.57 -0.146
v -0.038 0.595 -0.18
v -0.034 0.6 -0.145
v -0.033 0.622 -0.176
v -0.032 0.629 -0.145
v -0.048 0.722 -0.135
v -0.051 0.721 -0.168
v -0.063 0.789 -0.128
v -0.064 0.785 -0.171
v -0.079 0.848 -0.124
v -0.033 0.721 -0.218
v -0.023 0.663 -0.22
v -0.014 0.621 -0.217
v -0.018 0.594 -0.226
v -0.016 0.552 -0.226
v -0.043 0.782 -0.222
v -0.034 0.502 -0.183
v -0.015 0.5 -0.23
v -0.051 0.835 -0.228
v -0.031 0.458 -0.184
v -0.029 0.456 -0.148
v -0.012 0.455 -0.23
v -0.017 0.384 -0.14
v -0.02 0.384 -0.173
v -0.008 0.382 -0.218
v -0.009 0.314 -0.135
v -0.01 0.313 -0.168
v -0.003 0.31 -0.213
v -0.004 0.272 -0.133
v -0.004 0.27 -0.165
v 0.001 0.267 -0.209
v 0 0.235 -0.129
v 0.002 0.235 -0.162
v 0.015 0.169 -0.125
v 0.005 0.231 -0.205
v 0.008 0.166 -0.157
v 0.011 0.164 -0.196
v 0.116 1.636 0.08
v 0.103 1.596 0.077
v 0.116 1.628 0.072
v 0.096 1.597 0.085
v 0.099 1.587 0.08
v 0.117 1.633 0.091
v 0.096 1.586 0.091
v 0.096 1.596 0.093
v -0.205 0.173 -0.101
v -0.179 0.172 -0.111
v -0.22 0.172 -0.12
v -0.236 0.174 -0.084
v -0.211 0.178 -0.082
v -0.243 0.18 -0.084
v -0.217 0.184 -0.057
v -0.238 0.18 -0.049
v -0.245 0.185 -0.048
v -0.21 0.19 -0.02
v -0.229 0.192 -0.015
v -0.192 0.196 0.008
v -0.199 0.201 0.019
v -0.168 0.199 0.027
v -0.206 0.931 -0.144
v -0.176 0.911 -0.133
v -0.157 0.937 -0.16
v -0.215 0.933 -0.141
v -0.011 1.378 0.009
v -0.046 1.402 0.032
v -0.029 1.413 0.022
v -0.011 1.397 0.008
v 0.001 1.378 -0.004
v -0.025 1.41 0.012
v -0.029 1.43 0.013
v -0.038 1.427 0.024
v -0.029 1.454 0.012
v -0.054 1.45 0.033
v -0.042 1.449 0.019
v -0.042 1.471 0.017
v -0.08 1.499 0.038
v -0.071 1.505 0.023
v -0.098 1.543 0.021
v -0.095 1.529 0.032
v -0.1 1.551 0.021
v -0.1 1.678 -0.113
v -0.08 1.679 -0.125
v -0.089 1.7 -0.105
v -0.072 1.697 -0.114
v -0.052 1.692 -0.118
v -0.059 1.674 -0.133
v -0.032 1.662 -0.125
v -0.067 1.711 -0.11
v -0.027 1.681 -0.11
v -0.013 1.647 -0.108
v -0.045 1.709 -0.111
v -0.01 1.663 -0.1
v 0 1.638 -0.092
v 0.002 1.652 -0.084
v 0.006 1.678 -0.076
v -0.022 1.702 -0.102
v -0.001 1.703 -0.087
v 0.005 1.724 -0.069
v -0.079 1.721 -0.104
v -0.061 1.728 -0.109
v -0.038 1.731 -0.107
v -0.021 1.731 -0.098
v -0.098 1.721 -0.092
v -0.111 1.69 -0.095
v -0.099 1.754 -0.104
v -0.087 1.782 -0.119
v -0.108 1.801 -0.109
v -0.005 1.733 -0.084
v -0.068 1.764 -0.12
v -0.066 1.803 -0.126
v -0.089 1.814 -0.122
v -0.114 1.83 -0.105
v -0.053 1.775 -0.121
v -0.099 1.856 -0.11
v -0.113 1.859 -0.1
v -0.046 1.741 -0.113
v -0.03 1.753 -0.113
v -0.008 1.759 -0.101
v -0.036 1.801 -0.121
v -0.073 1.839 -0.123
v -0.062 1.87 -0.116
v -0.092 1.87 -0.106
v -0.111 1.872 -0.094
v -0.106 1.884 -0.086
v -0.088 1.887 -0.093
v -0.064 1.886 -0.102
v -0.057 1.841 -0.124
v -0.038 1.833 -0.123
v -0.016 1.805 -0.115
v -0.015 1.841 -0.114
v 0.002 1.805 -0.102
v 0.011 1.774 -0.088
v -0.045 1.88 -0.11
v -0.043 1.863 -0.117
v -0.037 1.892 -0.099
v -0.054 1.896 -0.09
v -0.024 1.868 -0.11
v -0.03 1.885 -0.104
v -0.019 1.886 -0.089
v -0.022 1.896 -0.086
v -0.005 1.892 -0.065
v -0.002 1.882 -0.07
v 0.016 1.87 -0.033
v 0.008 1.886 -0.036
v -0.005 1.875 -0.092
v -0.003 1.865 -0.097
v 0.016 1.872 -0.066
v 0.021 1.863 -0.07
v 0.002 1.833 -0.104
v 0.021 1.839 -0.074
v 0.027 1.857 -0.053
v 0.034 1.841 -0.049
v 0.012 1.813 -0.09
v 0.025 1.805 -0.061
v 0.017 1.799 -0.081
v 0.026 1.791 -0.048
v 0.037 1.831 -0.029
v 0.03 1.788 -0.034
v 0.022 1.793 -0.061
v 0.026 1.773 -0.042
v 0.017 1.783 -0.074
v 0.032 1.758 -0.029
v 0.008 1.758 -0.075
v 0.016 1.763 -0.076
v 0.023 1.789 -0.077
v 0.009 1.735 -0.064
v 0.018 1.734 -0.062
v 0.013 1.73 -0.051
v 0.01 1.71 -0.048
v 0.021 1.735 -0.039
v 0.024 1.767 -0.081
v 0.021 1.75 -0.074
v 0.027 1.786 -0.075
v 0.032 1.725 -0.037
v 0.027 1.757 -0.036
v 0.032 1.702 -0.036
v 0.038 1.685 -0.025
v 0.007 1.689 -0.06
v 0.005 1.67 -0.056
v 0.035 1.667 -0.02
v -0.001 1.656 -0.045
v 0.042 1.653 -0.003
v 0.046 1.668 0.001
v 0.038 1.715 -0.015
v 0.023 1.753 -0.053
v 0.018 1.766 -0.054
v 0.025 1.782 -0.055
v 0.016 1.754 -0.057
v 0.032 1.632 0.003
v 0.037 1.621 0.026
v 0.027 1.617 0.016
v -0.008 1.638 -0.034
v -0.01 1.64 -0.039
v -0.011 1.626 -0.026
v 0.019 1.608 0.028
v -0.046 1.635 -0.011
v -0.015 1.613 -0.015
v 0.011 1.599 0.038
v -0.059 1.625 0.002
v -0.047 1.613 0.004
v -0.066 1.634 0.002
v -0.078 1.651 0
v -0.081 0.937 -0.084
v -0.077 0.886 -0.056
v -0.051 0.951 -0.052
v -0.09 0.935 -0.094
v -0.094 0.888 -0.087
v -0.102 0.844 -0.08
v -0.105 0.913 -0.103
v -0.121 0.891 -0.109
v -0.107 0.925 -0.117
v -0.127 0.849 -0.097
v -0.179 0.842 -0.104
v -0.115 0.92 -0.122
v -0.129 0.929 -0.145
v -0.132 0.79 -0.086
v -0.181 0.894 -0.124
v -0.176 0.911 -0.133
v -0.215 0.933 -0.141
v -0.203 0.904 -0.122
v -0.145 0.912 -0.133
v -0.129 0.897 -0.113
v -0.242 0.885 -0.091
v -0.236 0.91 -0.104
v -0.256 0.929 -0.095
v -0.217 0.869 -0.1
v -0.236 0.833 -0.085
v -0.202 0.856 -0.103
v -0.229 0.781 -0.082
v -0.175 0.785 -0.094
v -0.171 0.721 -0.086
v -0.224 0.72 -0.078
v -0.225 0.664 -0.074
v -0.139 0.723 -0.077
v -0.176 0.666 -0.082
v -0.222 0.625 -0.07
v -0.145 0.668 -0.074
v -0.178 0.627 -0.079
v -0.229 0.602 -0.08
v -0.115 0.724 -0.06
v -0.119 0.67 -0.056
v -0.18 0.602 -0.089
v -0.23 0.579 -0.083
v -0.181 0.573 -0.09
v -0.231 0.559 -0.086
v -0.237 0.512 -0.095
v -0.148 0.629 -0.071
v -0.147 0.604 -0.077
v -0.095 0.728 -0.034
v -0.12 0.633 -0.053
v -0.187 0.513 -0.102
v -0.239 0.467 -0.1
v -0.1 0.675 -0.028
v -0.189 0.47 -0.107
v -0.229 0.394 -0.106
v -0.183 0.395 -0.106
v -0.228 0.324 -0.113
v -0.182 0.324 -0.107
v -0.227 0.265 -0.116
v -0.181 0.246 -0.108
v -0.22 0.172 -0.12
v -0.179 0.172 -0.111
v -0.156 0.509 -0.087
v -0.155 0.465 -0.097
v -0.151 0.392 -0.095
v -0.151 0.322 -0.098
v -0.151 0.556 -0.079
v -0.15 0.579 -0.077
v -0.118 0.609 -0.055
v -0.128 0.577 -0.052
v -0.132 0.548 -0.054
v -0.137 0.503 -0.062
v -0.136 0.46 -0.068
v -0.136 0.389 -0.065
v -0.141 0.32 -0.066
v -0.151 0.279 -0.1
v -0.144 0.279 -0.067
v -0.15 0.243 -0.102
v -0.139 0.244 -0.068
v -0.126 0.54 -0.019
v -0.131 0.496 -0.029
v -0.116 0.575 -0.015
v -0.106 0.612 -0.016
v -0.103 0.638 -0.021
v -0.086 0.684 0.018
v -0.08 0.73 0.014
v -0.089 0.792 -0.045
v -0.074 0.788 0.007
v -0.084 0.841 -0.056
v -0.07 0.831 -0.001
v -0.062 0.876 -0.005
v -0.062 0.899 -0.019
v -0.05 0.93 0.007
v -0.065 0.905 -0.041
v -0.055 0.924 -0.022
v -0.059 0.922 -0.031
v 0.074 1.168 -0.135
v 0.062 1.2 -0.135
v 0.06 1.173 -0.179
v 0.066 1.157 -0.181
v 0.081 1.15 -0.137
v 0.058 1.152 -0.182
v 0.027 1.154 -0.223
v 0.04 1.158 -0.215
v 0.053 1.204 -0.182
v 0.037 1.123 -0.219
v 0.025 1.118 -0.229
v 0.07 1.12 -0.189
v 0.037 1.105 -0.221
v 0.073 1.101 -0.194
v 0.03 1.083 -0.227
v 0.035 1.203 -0.218
v 0.022 1.175 -0.227
v 0.042 1.248 -0.185
v 0.025 1.247 -0.223
v 0.039 1.288 -0.189
v 0.024 1.158 -0.227
v -0.008 1.163 -0.24
v 0.073 1.082 -0.198
v 0.083 1.082 -0.17
v 0.083 1.05 -0.19
v 0.039 1.041 -0.224
v 0.009 1.25 -0.235
v -0.007 1.157 -0.239
v 0.021 1.043 -0.23
v -0.022 1.051 -0.248
v 0.055 0.995 -0.219
v 0.054 1.031 -0.214
v 0.08 1.014 -0.186
v 0.093 1.002 -0.165
v 0.061 0.95 -0.22
v 0.095 0.976 -0.166
v 0.098 0.946 -0.168
v 0.103 0.895 -0.171
v 0 1.121 -0.241
v -0.053 1.114 -0.256
v 0.067 0.891 -0.22
v 0.105 0.847 -0.173
v -0.042 1.084 -0.256
v -0.066 1.164 -0.244
v 0.071 0.794 -0.212
v 0.105 0.801 -0.174
v 0.103 0.747 -0.175
v 0.072 0.739 -0.21
v 0.096 0.704 -0.176
v 0.035 0.936 -0.237
v 0.031 0.965 -0.235
v 0.041 0.84 -0.231
v 0.038 0.889 -0.236
v -0.009 0.932 -0.25
v -0.01 0.963 -0.25
v 0.044 0.791 -0.224
v -0.009 0.887 -0.247
v -0.011 0.99 -0.248
v -0.003 0.836 -0.24
v 0.049 0.735 -0.222
v 0.003 0.786 -0.234
v 0.072 0.692 -0.211
v -0.066 0.93 -0.252
v -0.069 0.961 -0.261
v -0.072 0.99 -0.265
v -0.115 0.934 -0.222
v -0.125 0.964 -0.239
v -0.129 0.992 -0.246
v -0.142 1.058 -0.243
v -0.027 0.916 -0.249
v -0.043 0.899 -0.244
v -0.059 0.884 -0.235
v -0.051 0.835 -0.228
v -0.043 0.782 -0.222
v -0.033 0.721 -0.218
v -0.09 1.055 -0.264
v 0.011 0.728 -0.231
v -0.099 1.087 -0.259
v -0.143 1.087 -0.236
v -0.069 1.065 -0.259
v -0.105 1.113 -0.252
v -0.143 1.111 -0.228
v -0.131 1.168 -0.206
v -0.107 1.167 -0.226
v 0.019 0.673 -0.231
v -0.023 0.663 -0.22
v -0.014 0.621 -0.217
v -0.073 1.127 -0.25
v -0.076 1.151 -0.242
v -0.066 1.169 -0.247
v -0.107 1.172 -0.231
v -0.01 1.178 -0.24
v -0.066 1.183 -0.244
v -0.013 1.21 -0.242
v -0.106 1.185 -0.23
v -0.137 1.174 -0.214
v -0.02 1.255 -0.247
v -0.068 1.212 -0.244
v -0.136 1.186 -0.212
v -0.173 1.173 -0.186
v -0.171 1.186 -0.184
v -0.108 1.214 -0.231
v -0.137 1.213 -0.213
v -0.172 1.212 -0.185
v -0.141 1.254 -0.217
v -0.112 1.255 -0.239
v -0.116 1.3 -0.247
v -0.072 1.255 -0.251
v -0.075 1.298 -0.263
v -0.026 1.297 -0.258
v -0.077 1.34 -0.273
v -0.119 1.343 -0.256
v -0.028 1.335 -0.269
v 0.001 1.291 -0.242
v -0.068 1.379 -0.283
v -0.117 1.389 -0.259
v -0.024 1.369 -0.274
v -0.002 1.33 -0.252
v 0.017 1.288 -0.228
v -0.054 1.427 -0.288
v -0.008 1.406 -0.274
v 0 1.367 -0.254
v 0.015 1.327 -0.236
v 0.037 1.323 -0.192
v -0.117 1.44 -0.265
v -0.154 1.343 -0.223
v -0.158 1.446 -0.231
v -0.114 1.497 -0.263
v -0.153 1.502 -0.229
v -0.058 1.485 -0.286
v -0.096 1.552 -0.247
v -0.137 1.565 -0.213
v -0.073 1.606 -0.223
v -0.117 1.613 -0.192
v -0.062 1.645 -0.186
v -0.102 1.652 -0.162
v -0.101 1.658 -0.164
v -0.133 1.651 -0.136
v -0.049 1.535 -0.276
v -0.031 1.592 -0.244
v -0.057 1.61 -0.221
v -0.032 1.621 -0.203
v -0.032 1.624 -0.202
v -0.001 1.627 -0.183
v -0.057 1.649 -0.185
v -0.002 1.632 -0.181
v -0.057 1.666 -0.173
v -0.1 1.671 -0.153
v -0.013 1.65 -0.166
v 0.021 1.627 -0.144
v -0.023 1.665 -0.145
v -0.056 1.678 -0.154
v 0.036 1.615 -0.16
v 0.033 1.611 -0.162
v 0.06 1.588 -0.142
v 0.062 1.592 -0.141
v 0.016 1.608 -0.206
v -0.01 1.578 -0.258
v 0.009 1.568 -0.262
v 0.032 1.592 -0.224
v -0.024 1.528 -0.282
v -0.005 1.524 -0.282
v -0.023 1.478 -0.287
v -0.002 1.482 -0.283
v 0 1.522 -0.28
v 0.013 1.564 -0.26
v -0.022 1.437 -0.286
v 0.005 1.452 -0.273
v 0.016 1.439 -0.262
v -0.029 1.424 -0.282
v 0 1.42 -0.269
v 0.015 1.462 -0.282
v 0.029 1.417 -0.246
v 0.03 1.45 -0.279
v 0.022 1.501 -0.286
v 0.046 1.478 -0.288
v 0.049 1.428 -0.271
v 0.027 1.552 -0.271
v 0.075 1.45 -0.28
v 0.075 1.39 -0.243
v 0.106 1.405 -0.242
v 0.092 1.349 -0.199
v 0.067 1.517 -0.284
v 0.033 1.581 -0.233
v 0.065 1.592 -0.19
v 0.128 1.358 -0.199
v 0.11 1.314 -0.157
v 0.098 1.474 -0.271
v 0.046 1.561 -0.25
v 0.082 1.545 -0.262
v 0.138 1.319 -0.16
v 0.119 1.287 -0.129
v 0.15 1.289 -0.129
v 0.133 1.26 -0.093
v 0.075 1.565 -0.235
v 0.068 1.588 -0.199
v 0.097 1.562 -0.24
v 0.11 1.512 -0.254
v 0.121 1.523 -0.234
v 0.109 1.563 -0.213
v 0.125 1.527 -0.21
v 0.136 1.483 -0.203
v 0.128 1.469 -0.238
v 0.138 1.467 -0.223
v 0.123 1.441 -0.242
v 0.137 1.444 -0.217
v 0.146 1.464 -0.187
v 0.147 1.441 -0.173
v 0.14 1.409 -0.208
v 0.157 1.414 -0.157
v 0.153 1.386 -0.186
v 0.166 1.341 -0.143
v 0.171 1.375 -0.121
v 0.18 1.3 -0.105
v 0.183 1.348 -0.1
v 0.186 1.278 -0.09
v 0.199 1.315 -0.081
v 0.164 1.28 -0.104
v 0.157 1.258 -0.091
v 0.149 1.242 -0.067
v 0.163 1.24 -0.057
v 0.174 1.254 -0.075
v 0.19 1.27 -0.079
v 0.204 1.304 -0.075
v 0.181 1.254 -0.063
v 0.194 1.268 -0.066
v 0.123 0.191 -0.095
v 0.158 0.185 -0.106
v 0.145 0.182 -0.091
v 0.186 0.166 -0.101
v 0.175 0.164 -0.081
v 0.213 0.156 -0.096
v 0.199 0.152 -0.066
v 0.255 0.15 -0.09
v 0.238 0.146 -0.065
v 0.268 0.149 -0.085
v 0.25 0.136 -0.055
v 0.284 0.141 -0.073
v 0.294 0.139 -0.098
v 0.273 0.146 -0.103
v 0.215 0.155 -0.124
v 0.189 0.165 -0.128
v 0.159 0.184 -0.133
v 0.144 0.198 -0.107
v 0.131 0.193 -0.133
v 0.144 0.176 -0.159
v 0.114 0.187 -0.155
v 0.187 0.157 -0.156
v 0.22 0.146 -0.15
v 0.243 0.143 -0.141
v 0.264 0.143 -0.124
v 0.277 0.134 -0.124
v -0.042 1.233 0.053
v -0.037 1.281 0.04
v -0.015 1.271 0.031
v -0.042 1.248 0.05
v -0.08 1.679 -0.125
v -0.1 1.678 -0.113
v -0.109 1.689 -0.117
v -0.088 1.69 -0.129
v -0.056 1.687 -0.139
v -0.059 1.674 -0.133
v -0.032 1.662 -0.125
v -0.038 1.674 -0.134
v -0.027 1.675 -0.133
v -0.013 1.647 -0.108
v -0.003 1.656 -0.113
v 0 1.638 -0.092
v 0.011 1.643 -0.094
v 0.006 1.629 -0.075
v -0.109 1.73 0.011
v -0.121 1.746 0.001
v -0.113 1.748 0.017
v -0.117 1.727 0.002
v -0.131 1.744 -0.006
v -0.123 1.728 -0.008
v -0.168 0.199 0.027
v -0.199 0.201 0.019
v -0.162 0.209 0.045
v -0.195 0.257 0.026
v -0.16 0.261 0.048
v -0.233 0.25 -0.015
v -0.229 0.192 -0.015
v -0.248 0.247 -0.041
v -0.245 0.185 -0.048
v -0.238 0.18 -0.049
v -0.249 0.281 -0.04
v -0.224 0.282 -0.009
v -0.249 0.321 -0.038
v -0.233 0.324 -0.012
v -0.25 0.387 -0.034
v -0.236 0.388 -0.006
v -0.259 0.455 -0.021
v -0.239 0.453 0.006
v -0.258 0.499 -0.015
v -0.241 0.496 0.011
v -0.252 0.539 -0.01
v -0.198 0.289 0.032
v -0.214 0.305 0.01
v -0.194 0.325 0.027
v -0.194 0.386 0.033
v -0.19 0.447 0.04
v -0.188 0.269 0.032
v -0.17 0.283 0.036
v -0.162 0.292 0.034
v -0.161 0.327 0.033
v -0.155 0.384 0.043
v -0.145 0.443 0.05
v -0.193 0.489 0.047
v -0.144 0.477 0.057
v -0.191 0.53 0.055
v -0.142 0.507 0.064
v -0.141 0.538 0.069
v -0.238 0.534 0.014
v -0.236 0.555 0.016
v -0.246 0.581 -0.004
v -0.235 0.583 0.021
v -0.196 0.586 0.059
v -0.236 0.623 0.031
v -0.246 0.616 0.003
v -0.238 0.639 0.003
v -0.166 0.545 0.067
v -0.162 0.588 0.075
v -0.138 0.572 0.076
v -0.132 0.616 0.083
v -0.231 0.647 0.026
v -0.164 0.626 0.078
v -0.164 0.655 0.078
v -0.204 0.634 0.06
v -0.203 0.659 0.055
v -0.205 0.69 0.055
v -0.15 0.151 0.101
v -0.138 0.136 0.071
v -0.141 0.133 0.123
v -0.158 0.148 0.129
v -0.154 0.137 0.15
v -0.18 0.142 0.178
v -0.182 0.155 0.107
v -0.187 0.149 0.16
v -0.205 0.147 0.159
v -0.207 0.139 0.181
v -0.21 0.153 0.104
v -0.23 0.143 0.131
v -0.236 0.146 0.093
v -0.227 0.134 0.157
v -0.24 0.131 0.125
v -0.246 0.13 0.09
v -0.244 0.141 0.057
v -0.179 0.165 0.077
v -0.151 0.162 0.072
v -0.205 0.165 0.072
v -0.233 0.156 0.061
v -0.236 0.153 0.015
v -0.222 0.175 0.021
v -0.229 0.156 -0.024
v -0.21 0.185 -0.006
v -0.201 0.182 0.042
v -0.174 0.183 0.048
v -0.153 0.177 0.041
v -0.192 0.19 0.015
v -0.21 0.19 -0.02
v -0.171 0.194 0.034
v -0.153 0.191 0.008
v -0.192 0.196 0.008
v -0.168 0.199 0.027
v 0.151 1.588 0.122
v 0.155 1.582 0.115
v 0.146 1.568 0.119
v 0.15 1.572 0.11
v 0.152 1.582 0.106
v 0.157 1.559 0.108
v 0.154 1.564 0.095
v 0.145 1.574 0.101
v 0.13 1.647 0.062
v 0.127 1.636 0.07
v 0.097 1.64 0.092
v 0.14 1.617 0.056
v 0.147 1.618 0.044
v -0.175 0.1 -0.009
v -0.235 0.097 -0.013
v -0.237 0.105 -0.009
v -0.185 0.097 -0.013
v -0.144 0.098 -0.015
v -0.144 0.104 -0.011
v -0.353 1.434 0.101
v -0.35 1.474 0.078
v -0.322 1.447 0.098
v -0.349 1.412 0.106
v -0.329 1.389 0.096
v -0.307 1.419 0.096
v -0.277 1.447 0.08
v -0.004 1.611 -0.046
v 0.003 1.619 -0.06
v 0.009 1.613 -0.047
v 0.011 1.643 -0.094
v 0.006 1.629 -0.075
v 0.019 1.63 -0.078
v 0.02 1.617 -0.058
v 0.01 1.608 -0.038
v -0.008 1.606 -0.032
v -0.014 1.604 -0.041
v -0.012 1.598 -0.023
v -0.029 1.596 -0.03
v -0.023 1.598 -0.024
v -0.03 1.599 -0.01
v -0.054 1.604 -0.003
v -0.048 1.598 -0.019
v -0.043 1.601 -0.001
v -0.059 1.604 -0.01
v -0.058 1.604 0.005
v -0.076 1.61 -0.007
v -0.076 1.613 0.006
v -0.094 1.625 -0.006
v -0.096 1.625 -0.001
v -0.111 1.641 -0.014
v 0.014 1.141 0.025
v -0.002 1.116 0.034
v 0.014 1.185 0.027
v -0.012 1.177 0.043
v -0.01 1.226 0.037
v 0.013 1.232 0.026
v -0.015 1.271 0.031
v 0.011 1.266 0.021
v 0.006 1.278 0.021
v -0.017 1.111 0.043
v -0.021 1.083 0.041
v -0.042 1.233 0.053
v -0.02 1.314 0.023
v 0 1.312 0.015
v -0.002 1.345 0.009
v -0.038 1.179 0.057
v -0.047 1.122 0.06
v -0.051 1.097 0.06
v -0.079 1.132 0.071
v -0.058 1.1 0.063
v -0.082 1.111 0.072
v -0.073 1.182 0.065
v -0.112 1.143 0.074
v -0.114 1.123 0.076
v -0.08 1.228 0.059
v -0.109 1.187 0.063
v -0.153 1.157 0.067
v -0.197 1.195 0.041
v -0.151 1.192 0.055
v -0.118 1.225 0.056
v -0.08 1.23 0.061
v -0.156 1.223 0.048
v -0.085 1.245 0.058
v -0.04 1.247 0.053
v -0.115 1.243 0.053
v -0.118 1.226 0.058
v -0.156 1.239 0.047
v -0.161 1.239 0.044
v -0.15 1.282 0.044
v -0.11 1.281 0.051
v -0.086 1.246 0.055
v -0.073 1.281 0.05
v -0.042 1.248 0.05
v -0.037 1.281 0.04
v -0.111 1.312 0.05
v -0.076 1.311 0.047
v -0.148 1.314 0.048
v -0.042 1.312 0.035
v -0.199 1.241 0.032
v -0.146 1.349 0.055
v -0.234 1.24 0.011
v -0.232 1.194 0.019
v -0.109 1.345 0.054
v -0.143 1.395 0.068
v -0.076 1.342 0.046
v -0.103 1.385 0.059
v -0.043 1.343 0.031
v -0.072 1.382 0.045
v -0.016 1.379 0.008
v 0.001 1.378 -0.004
v -0.14 1.434 0.069
v -0.154 1.406 0.064
v -0.153 1.442 0.071
v -0.175 1.423 0.063
v -0.147 0.122 -0.05
v -0.147 0.099 -0.058
v -0.144 0.098 -0.015
v -0.144 0.104 -0.011
v -0.144 0.099 0.006
v -0.143 0.152 0.005
v -0.146 0.149 -0.046
v -0.14 0.098 0.049
v -0.153 0.191 0.008
v -0.151 0.172 -0.036
v -0.142 0.147 0.032
v -0.15 0.18 -0.039
v -0.155 0.181 -0.055
v -0.161 0.169 -0.088
v -0.159 0.153 -0.092
v -0.153 0.177 0.041
v -0.138 0.136 0.071
v -0.151 0.162 0.072
v -0.15 0.151 0.101
v -0.137 0.098 0.077
v -0.138 0.119 0.124
v -0.141 0.133 0.123
v -0.135 0.101 0.126
v -0.154 0.137 0.15
v -0.15 0.124 0.156
v -0.147 0.107 0.16
v -0.18 0.142 0.178
v -0.174 0.113 0.189
v -0.019 1.77 0.089
v -0.017 1.783 0.086
v -0.017 1.763 0.078
v -0.023 1.786 0.092
v -0.03 1.806 0.087
v 0.027 1.757 -0.036
v 0.023 1.753 -0.053
v 0.021 1.735 -0.039
v 0.021 1.733 -0.051
v 0.024 1.75 -0.065
v -0.06 1.517 0.014
v -0.071 1.505 0.023
v -0.098 1.543 0.021
v -0.031 1.497 0.006
v -0.027 1.536 -0.004
v -0.048 1.551 0.003
v -0.031 1.491 0.008
v -0.042 1.471 0.017
v -0.011 1.519 -0.005
v -0.007 1.499 0.003
v -0.015 1.537 -0.012
v -0.004 1.48 0.005
v -0.029 1.474 0.01
v -0.027 1.562 -0.002
v -0.012 1.554 -0.011
v -0.037 1.569 -0.002
v -0.025 1.58 -0.005
v -0.003 1.583 -0.022
v -0.012 1.598 -0.023
v -0.027 1.589 -0.009
v -0.03 1.599 -0.01
v -0.029 1.454 0.012
v -0.042 1.449 0.019
v -0.038 1.427 0.024
v -0.016 1.469 0.013
v 0.001 1.468 0.003
v -0.012 1.434 0.012
v -0.029 1.43 0.013
v -0.025 1.41 0.012
v -0.011 1.397 0.008
v 0.002 1.412 -0.001
v 0.001 1.378 -0.004
v -0.051 1.097 0.06
v -0.021 1.083 0.041
v -0.028 1.085 0.036
v -0.059 1.098 0.052
v -0.058 1.1 0.063
v -0.082 1.111 0.072
v -0.086 1.107 0.06
v -0.114 1.123 0.076
v -0.117 1.123 0.062
v -0.156 1.14 0.073
v -0.156 1.137 0.062
v -0.189 1.143 0.053
v -0.191 1.151 0.054
v 0.098 1.537 0.039
v 0.122 1.513 0.043
v 0.098 1.547 0.028
v 0.13 1.523 0.02
v 0.127 1.511 0.041
v 0.138 1.512 0.061
v 0.135 1.517 0.023
v 0.126 1.444 0.038
v 0.127 1.511 0.041
v 0.129 1.499 0.066
v 0.127 1.454 0.019
v 0.135 1.517 0.023
v 0.138 1.465 -0.002
v 0.123 1.451 0.017
v 0.119 1.441 0.038
v 0.111 1.424 0.032
v 0.118 1.435 0.009
v 0.112 1.39 0.015
v 0.136 1.448 -0.01
v 0.118 1.405 -0.003
v 0.109 1.357 -0.003
v 0.13 1.418 -0.024
v 0.111 1.377 -0.019
v 0.153 1.454 -0.022
v 0.155 1.47 -0.012
v 0.149 1.426 -0.041
v 0.128 1.392 -0.037
v 0.149 1.402 -0.057
v 0.148 1.38 -0.07
v 0.138 1.377 -0.061
v 0.116 1.356 -0.054
v 0.104 1.339 -0.038
v 0.108 1.309 -0.048
v 0.104 1.283 -0.044
v 0.103 1.327 -0.023
v 0.105 1.305 -0.032
v 0.113 1.266 -0.035
v 0.071 1.147 -0.138
v 0.081 1.15 -0.137
v 0.058 1.152 -0.182
v 0.079 1.132 -0.095
v 0.065 1.131 -0.099
v 0.073 1.12 -0.067
v 0.06 1.115 -0.069
v 0.056 1.102 -0.034
v 0.049 1.103 -0.043
v 0.035 1.087 -0.007
v 0.03 1.089 -0.015
v 0.024 1.12 0.013
v 0.164 1.573 0.104
v 0.15 1.591 0.082
v 0.146 1.596 0.1
v 0.139 1.601 0.088
v 0.137 1.613 0.084
v 0.145 1.601 0.079
v -0.227 0.265 -0.116
v -0.243 0.18 -0.084
v -0.22 0.172 -0.12
v -0.248 0.244 -0.079
v -0.245 0.185 -0.048
v -0.248 0.247 -0.041
v -0.248 0.279 -0.076
v -0.228 0.324 -0.113
v -0.249 0.281 -0.04
v -0.251 0.321 -0.074
v -0.229 0.394 -0.106
v -0.249 0.321 -0.038
v -0.255 0.389 -0.069
v -0.239 0.467 -0.1
v -0.25 0.387 -0.034
v -0.266 0.459 -0.059
v -0.237 0.512 -0.095
v -0.259 0.455 -0.021
v -0.261 0.505 -0.054
v -0.231 0.559 -0.086
v -0.258 0.499 -0.015
v -0.252 0.557 -0.046
v -0.23 0.579 -0.083
v -0.252 0.539 -0.01
v -0.25 0.578 -0.042
v -0.246 0.581 -0.004
v -0.229 0.602 -0.08
v -0.246 0.616 0.003
v -0.249 0.606 -0.04
v -0.222 0.625 -0.07
v -0.238 0.628 -0.033
v -0.238 0.639 0.003
v -0.225 0.664 -0.074
v -0.244 0.668 -0.033
v -0.243 0.676 0.002
v -0.243 0.725 0.003
v -0.245 0.723 -0.036
v -0.224 0.72 -0.078
v -0.245 0.781 0.003
v -0.229 0.781 -0.082
v -0.248 0.78 -0.039
v -0.258 0.877 0.006
v -0.236 0.833 -0.085
v -0.254 0.83 -0.041
v -0.261 0.879 -0.042
v -0.258 0.926 0.008
v -0.242 0.885 -0.091
v -0.265 0.924 -0.038
v -0.266 0.956 -0.036
v -0.256 0.897 -0.057
v -0.255 0.912 -0.073
v -0.256 0.929 -0.095
v -0.264 0.959 -0.097
v -0.268 0.987 -0.098
v -0.264 0.983 -0.035
v -0.265 1.053 -0.112
v -0.262 1.045 -0.04
v -0.232 0.99 -0.158
v -0.225 0.962 -0.153
v -0.262 1.059 -0.071
v -0.266 1.08 -0.059
v -0.215 0.933 -0.141
v -0.236 0.91 -0.104
v -0.203 0.904 -0.122
v -0.168 0.968 -0.19
v -0.177 0.992 -0.2
v -0.129 0.992 -0.246
v -0.125 0.964 -0.239
v -0.142 1.058 -0.243
v -0.186 1.049 -0.206
v -0.143 1.087 -0.236
v -0.231 1.056 -0.166
v -0.183 1.082 -0.201
v -0.143 1.111 -0.228
v -0.224 1.085 -0.165
v -0.178 1.113 -0.195
v -0.131 1.168 -0.206
v -0.162 1.168 -0.174
v -0.217 1.11 -0.163
v -0.197 1.167 -0.147
v -0.221 1.165 -0.125
v -0.258 1.085 -0.119
v -0.25 1.111 -0.124
v -0.247 1.127 -0.112
v -0.245 1.159 -0.084
v -0.263 1.109 -0.071
v -0.256 1.093 -0.014
v -0.255 1.113 -0.017
v -0.249 1.148 -0.025
v -0.248 1.164 -0.084
v -0.25 1.154 -0.026
v -0.226 1.169 -0.125
v -0.245 1.178 -0.084
v -0.248 1.17 -0.028
v -0.225 1.182 -0.124
v -0.244 1.208 -0.085
v -0.249 1.203 -0.031
v -0.203 1.185 -0.152
v -0.205 1.172 -0.154
v -0.226 1.212 -0.125
v -0.251 1.252 -0.089
v -0.253 1.25 -0.036
v -0.171 1.186 -0.184
v -0.173 1.173 -0.186
v -0.172 1.212 -0.185
v -0.204 1.211 -0.153
v -0.235 1.253 -0.128
v -0.262 1.297 -0.091
v -0.268 1.322 -0.041
v -0.174 1.253 -0.186
v -0.141 1.254 -0.217
v -0.209 1.253 -0.156
v -0.243 1.299 -0.132
v -0.146 1.301 -0.221
v -0.116 1.3 -0.247
v -0.119 1.343 -0.256
v -0.178 1.301 -0.189
v -0.213 1.3 -0.16
v -0.154 1.343 -0.223
v -0.117 1.389 -0.259
v -0.184 1.343 -0.195
v -0.219 1.343 -0.165
v -0.187 1.391 -0.197
v -0.158 1.446 -0.231
v -0.252 1.343 -0.134
v -0.222 1.391 -0.167
v -0.192 1.446 -0.2
v -0.188 1.505 -0.195
v -0.153 1.502 -0.229
v -0.271 1.341 -0.092
v -0.255 1.392 -0.131
v -0.225 1.446 -0.168
v -0.282 1.386 -0.088
v -0.278 1.37 -0.035
v -0.293 1.437 -0.084
v -0.284 1.406 -0.027
v -0.285 1.423 -0.021
v -0.26 1.443 -0.133
v -0.3 1.449 -0.068
v -0.304 1.465 -0.051
v -0.311 1.506 -0.069
v -0.301 1.503 -0.084
v -0.274 1.47 -0.109
v -0.292 1.503 -0.094
v -0.256 1.5 -0.129
v -0.304 1.559 -0.074
v -0.304 1.56 -0.069
v -0.312 1.554 -0.062
v -0.292 1.561 -0.082
v -0.274 1.562 -0.094
v -0.24 1.562 -0.115
v -0.204 1.566 -0.147
v -0.172 1.564 -0.178
v -0.137 1.565 -0.213
v -0.482 1.317 0.098
v -0.479 1.316 0.082
v -0.488 1.334 0.092
v -0.481 1.338 0.075
v -0.471 1.324 0.067
v -0.468 1.307 0.071
v -0.465 1.345 0.058
v -0.487 1.343 0.086
v -0.484 1.338 0.109
v -0.485 1.35 0.098
v -0.479 1.354 0.075
v -0.482 1.357 0.084
v -0.466 1.367 0.061
v -0.438 1.372 0.032
v -0.445 1.394 0.042
v -0.409 1.405 0.011
v -0.471 1.373 0.084
v -0.422 1.419 0.025
v -0.449 1.405 0.068
v -0.456 1.38 0.115
v -0.433 1.41 0.098
v -0.425 1.436 0.047
v -0.385 1.44 -0.006
v -0.41 1.438 0.085
v -0.392 1.464 0.015
v -0.356 1.471 -0.033
v -0.403 1.456 0.047
v -0.379 1.48 0.046
v -0.359 1.499 -0.019
v -0.363 1.501 0.024
v -0.331 1.49 -0.052
v -0.343 1.532 -0.007
v -0.336 1.527 -0.045
v -0.327 1.551 -0.026
v -0.32 1.498 -0.062
v -0.322 1.541 -0.054
v -0.314 1.5 -0.069
v -0.304 1.465 -0.051
v -0.312 1.554 -0.062
v 0.018 1.734 -0.062
v 0.009 1.735 -0.064
v 0.013 1.73 -0.051
v 0.021 1.733 -0.051
v 0.021 1.735 -0.039
v -0.161 0.169 -0.088
v -0.152 0.173 -0.095
v -0.183 0.169 -0.108
v -0.131 0.175 -0.067
v -0.155 0.181 -0.055
v -0.131 0.183 -0.032
v -0.15 0.18 -0.039
v -0.153 0.191 0.008
v -0.143 0.196 0.008
v -0.168 0.199 0.027
v -0.162 0.209 0.045
v -0.453 1.304 0.062
v -0.46 1.287 0.087
v -0.425 1.259 0.068
v -0.438 1.256 0.084
v -0.277 1.175 0.058
v -0.261 1.18 0.07
v -0.297 1.226 0.08
v -0.31 1.219 0.066
v -0.281 1.172 0.057
v -0.29 1.162 0.057
v -0.307 1.242 0.079
v -0.301 1.244 0.102
v -0.313 1.278 0.106
v -0.327 1.27 0.078
v -0.341 1.303 0.111
v -0.328 1.202 0.06
v -0.307 1.143 0.065
v -0.321 1.231 0.066
v -0.345 1.298 0.084
v -0.351 1.32 0.087
v -0.344 1.189 0.063
v -0.315 1.13 0.075
v -0.355 1.179 0.071
v -0.33 1.205 0.057
v -0.342 1.255 0.063
v -0.348 1.19 0.057
v -0.342 1.218 0.052
v -0.363 1.202 0.05
v -0.377 1.191 0.065
v -0.365 1.243 0.058
v -0.386 1.232 0.059
v -0.402 1.225 0.067
v -0.363 1.282 0.068
v -0.407 1.263 0.062
v -0.425 1.259 0.068
v -0.383 1.27 0.059
v -0.421 1.293 0.054
v -0.453 1.304 0.062
v -0.375 1.306 0.059
v -0.401 1.299 0.051
v -0.381 1.326 0.061
v -0.365 1.33 0.078
v -0.361 1.336 0.086
v -0.393 1.322 0.058
v -0.423 1.321 0.052
v -0.387 1.341 0.038
v -0.361 1.336 0.055
v -0.338 1.364 0.043
v -0.456 1.32 0.059
v -0.471 1.324 0.067
v -0.468 1.307 0.071
v -0.443 1.329 0.049
v -0.465 1.345 0.058
v -0.412 1.358 0.028
v -0.438 1.372 0.032
v -0.38 1.384 0.007
v -0.409 1.405 0.011
v -0.359 1.37 0.023
v -0.333 1.384 0.017
v -0.318 1.379 0.038
v -0.299 1.398 0.017
v -0.346 1.394 -0.007
v -0.368 1.421 -0.014
v -0.422 1.419 0.025
v -0.385 1.44 -0.006
v -0.346 1.438 -0.029
v -0.356 1.471 -0.033
v -0.331 1.49 -0.052
v -0.322 1.409 -0.015
v -0.313 1.452 -0.042
v -0.32 1.498 -0.062
v -0.304 1.465 -0.051
v -0.286 1.444 -0.019
v -0.3 1.426 -0.017
v -0.275 1.422 0.01
v -0.267 1.435 0.006
v -0.256 1.435 0.024
v -0.262 1.426 0.026
v -0.249 1.44 0.025
v 0.03 1.089 -0.015
v 0.019 1.124 0.006
v 0.024 1.12 0.013
v 0.014 1.141 0.025
v 0.197 1.511 0.041
v 0.197 1.458 0.013
v 0.198 1.496 0.071
v 0.203 1.439 0.046
v 0.187 1.489 0.087
v 0.202 1.442 0.001
v 0.189 1.427 0.063
v 0.21 1.417 0.037
v 0.192 1.405 0.055
v 0.206 1.408 -0.019
v 0.21 1.374 0.018
v 0.191 1.362 0.034
v 0.21 1.375 -0.014
v 0.211 1.378 -0.036
v 0.205 1.334 -0.005
v 0.19 1.322 0.01
v 0.202 1.302 -0.02
v 0.211 1.342 -0.05
v 0.199 1.281 -0.038
v 0.206 1.323 -0.061
v 0.194 1.268 -0.066
v 0.204 1.304 -0.075
v 0.292 0.113 -0.064
v 0.284 0.141 -0.073
v 0.303 0.112 -0.092
v 0.294 0.139 -0.098
v 0.102 1.634 0.091
v 0.116 1.636 0.08
v 0.103 1.628 0.085
v 0.116 1.628 0.072
v 0.12 1.627 0.064
v 0.132 1.615 0.06
v 0.124 1.617 0.073
v 0.139 1.599 0.067
v 0.145 1.601 0.079
v 0.133 1.614 0.086
v 0.099 1.625 0.078
v 0.112 1.632 0.054
v 0.091 1.63 0.072
v 0.09 1.613 0.093
v 0.082 1.616 0.082
v 0.078 1.613 0.093
v 0.074 1.621 0.085
v -0.207 0.139 0.181
v -0.18 0.142 0.178
v -0.174 0.113 0.189
v -0.204 0.112 0.191
v -0.232 0.105 0.163
v -0.227 0.134 0.157
v -0.24 0.131 0.125
v -0.245 0.099 0.136
v -0.23 0.143 0.131
v 0.134 0.209 -0.14
v 0.148 0.221 -0.098
v 0.142 0.277 -0.1
v 0.131 0.27 -0.14
v 0.134 0.283 -0.119
v 0.13 0.295 -0.134
v 0.111 0.196 -0.178
v 0.103 0.253 -0.187
v 0.131 0.302 -0.144
v 0.085 0.183 -0.201
v 0.106 0.306 -0.171
v 0.121 0.337 -0.144
v 0.082 0.245 -0.208
v 0.095 0.327 -0.192
v 0.117 0.397 -0.148
v 0.079 0.28 -0.211
v 0.09 0.392 -0.199
v 0.113 0.46 -0.148
v 0.074 0.32 -0.214
v 0.091 0.458 -0.205
v 0.114 0.502 -0.153
v 0.068 0.386 -0.219
v 0.09 0.501 -0.208
v 0.114 0.544 -0.154
v 0.07 0.455 -0.23
v 0.085 0.556 -0.207
v 0.112 0.567 -0.157
v 0.069 0.5 -0.231
v 0.044 0.272 -0.219
v 0.041 0.313 -0.225
v 0.036 0.381 -0.233
v 0.035 0.452 -0.246
v 0.047 0.237 -0.217
v 0.05 0.174 -0.208
v 0.049 0.169 -0.202
v 0.083 0.179 -0.195
v 0.011 0.164 -0.196
v 0.005 0.231 -0.205
v 0.001 0.267 -0.209
v -0.003 0.31 -0.213
v -0.008 0.382 -0.218
v -0.012 0.455 -0.23
v 0.031 0.499 -0.244
v -0.015 0.5 -0.23
v 0.027 0.57 -0.236
v -0.016 0.552 -0.226
v 0.064 0.55 -0.227
v 0.024 0.604 -0.236
v -0.018 0.594 -0.226
v 0.062 0.585 -0.224
v 0.083 0.591 -0.209
v 0.023 0.63 -0.224
v 0.063 0.621 -0.225
v 0.057 0.646 -0.217
v 0.111 0.6 -0.163
v 0.119 0.592 -0.127
v 0.118 0.564 -0.128
v 0.118 0.624 -0.118
v 0.106 0.647 -0.173
v 0.117 0.642 -0.13
v 0.113 0.685 -0.131
v 0.085 0.633 -0.21
v 0.099 0.671 -0.174
v 0.11 0.711 -0.129
v 0.076 0.657 -0.206
v 0.111 0.751 -0.126
v 0.053 0.685 -0.223
v -0.252 1.113 0.073
v -0.247 1.12 0.076
v -0.243 1.1 0.09
v -0.254 1.102 0.08
v -0.246 1.095 0.085
v -0.238 1.078 0.07
v -0.232 1.096 0.089
v -0.053 1.89 0.058
v -0.075 1.871 0.073
v -0.077 1.878 0.054
v -0.057 1.881 0.083
v -0.042 1.887 0.084
v -0.037 1.893 0.061
v -0.024 1.884 0.081
v -0.055 1.899 0.039
v -0.01 1.896 0.043
v 0.005 1.883 0.042
v -0.034 1.901 0.044
v -0.004 1.899 0.019
v 0.008 1.889 0.013
v 0.003 1.894 -0.009
v 0.014 1.88 -0.019
v -0.018 1.906 -0.007
v -0.006 1.897 -0.027
v 0.008 1.886 -0.036
v -0.005 1.892 -0.065
v -0.03 1.906 0.018
v -0.058 1.904 0.012
v -0.024 1.902 -0.057
v -0.022 1.896 -0.086
v -0.047 1.904 -0.07
v -0.037 1.892 -0.099
v -0.054 1.896 -0.09
v -0.037 1.908 -0.047
v -0.046 1.908 -0.028
v -0.066 1.909 -0.05
v -0.088 1.887 -0.093
v -0.064 1.886 -0.102
v -0.09 1.898 -0.069
v -0.106 1.884 -0.086
v -0.066 1.909 -0.032
v -0.095 1.903 -0.049
v -0.113 1.891 -0.068
v -0.115 1.896 -0.042
v -0.123 1.883 -0.07
v -0.111 1.872 -0.094
v -0.124 1.888 -0.043
v -0.12 1.889 -0.007
v -0.098 1.904 -0.032
v -0.098 1.9 -0.007
v -0.079 1.905 -0.007
v -0.092 1.893 0.014
v -0.075 1.893 0.035
v 0.005 1.452 -0.273
v -0.022 1.437 -0.286
v 0.015 1.444 -0.253
v 0 1.42 -0.269
v 0.025 1.428 -0.236
v -0.008 1.406 -0.274
v 0.011 1.406 -0.251
v 0.03 1.414 -0.226
v 0.033 1.743 0.041
v 0.004 1.749 0.061
v 0.023 1.756 0.048
v 0.015 1.762 0.056
v -0.004 1.759 0.06
v 0.001 1.766 0.062
v -0.135 1.672 -0.078
v -0.143 1.683 -0.072
v -0.121 1.677 -0.095
v -0.133 1.66 -0.054
v -0.132 1.664 -0.048
v -0.121 1.657 -0.038
v 0.17 1.61 0.06
v 0.138 1.635 0.072
v 0.172 1.609 0.047
v 0.133 1.639 0.087
v 0.127 1.636 0.07
v 0.158 1.614 0.075
v 0.178 1.602 0.069
v 0.179 1.595 0.056
v 0.183 1.597 0.075
v 0.116 1.636 0.08
v 0.117 1.633 0.091
v 0.097 1.64 0.092
v 0.16 1.613 0.093
v 0.143 1.622 0.096
v 0.151 1.612 0.08
v 0.132 1.62 0.093
v 0.132 1.616 0.106
v 0.108 1.585 0.1
v 0.145 1.618 0.106
v 0.171 1.597 0.096
v 0.185 1.59 0.086
v 0.189 1.585 0.094
v 0.177 1.596 0.104
v -0.026 1.759 0.069
v -0.037 1.769 0.084
v -0.017 1.763 0.078
v -0.025 1.767 0.092
v -0.047 1.777 0.092
v -0.019 1.77 0.089
v 0.03 1.692 0.043
v 0.007 1.711 0.064
v 0.021 1.697 0.046
v 0.024 1.687 0.034
v 0.046 1.695 0.035
v -0.422 1.363 0.146
v -0.43 1.373 0.134
v -0.409 1.363 0.134
v -0.39 1.355 0.129
v 0.034 1.404 -0.04
v 0.007 1.398 -0.008
v 0.027 1.427 -0.03
v 0.052 1.426 -0.06
v 0.042 1.466 -0.048
v 0.059 1.448 -0.073
v 0.054 1.465 -0.06
v 0.085 1.5 -0.107
v 0.049 1.491 -0.059
v 0.082 1.504 -0.1
v 0.09 1.522 -0.121
v 0.071 1.513 -0.088
v 0.054 1.522 -0.074
v 0.078 1.528 -0.102
v 0.05 1.542 -0.081
v 0.078 1.544 -0.103
v 0.083 1.533 -0.121
v 0.041 1.573 -0.094
v 0.033 1.583 -0.069
v 0.02 1.614 -0.113
v 0.038 1.56 -0.066
v 0.039 1.526 -0.06
v 0.024 1.568 -0.049
v 0.026 1.516 -0.045
v 0.007 1.57 -0.034
v 0.01 1.608 -0.038
v -0.012 1.598 -0.023
v -0.003 1.583 -0.022
v 0.02 1.617 -0.058
v 0.024 1.611 -0.089
v 0.019 1.63 -0.078
v 0.011 1.643 -0.094
v 0.002 1.636 -0.13
v -0.003 1.656 -0.113
v -0.2 1.113 0.093
v -0.243 1.153 0.107
v -0.19 1.133 0.08
v -0.231 1.126 0.108
v -0.206 1.105 0.096
v -0.215 1.099 0.105
v -0.249 1.138 0.116
v -0.277 1.166 0.115
v -0.256 1.118 0.118
v -0.22 1.089 0.104
v -0.246 1.099 0.105
v -0.257 1.104 0.102
v -0.282 1.127 0.12
v -0.288 1.119 0.104
v -0.304 1.136 0.108
v -0.299 1.139 0.118
v -0.273 1.139 0.122
v -0.289 1.149 0.122
v -0.189 1.143 0.053
v -0.19 1.133 0.08
v -0.191 1.151 0.054
v -0.184 1.121 0.07
v -0.189 1.133 0.051
v -0.192 1.107 0.062
v -0.192 1.113 0.079
v -0.2 1.113 0.093
v -0.204 1.094 0.075
v -0.206 1.105 0.096
v -0.204 1.103 0.069
v -0.207 1.098 0.062
v -0.21 1.086 0.064
v 0.074 1.623 0.094
v 0.086 1.644 0.079
v 0.09 1.646 0.087
v 0.085 1.619 0.101
v 0.078 1.613 0.093
v 0.09 1.613 0.093
v 0.097 1.64 0.092
v 0.102 1.634 0.091
v 0.116 1.636 0.08
v 0.112 1.632 0.054
v 0.12 1.627 0.064
v 0.123 1.607 0.05
v 0.132 1.615 0.06
v 0.139 1.599 0.067
v 0.131 1.583 0.054
v 0.126 1.583 0.032
v 0.127 1.57 0.053
v 0.12 1.57 0.037
v 0.142 1.583 0.065
v 0.15 1.591 0.082
v 0.145 1.601 0.079
v 0.152 1.571 0.08
v 0.164 1.573 0.104
v 0.144 1.562 0.064
v 0.129 1.536 0.062
v 0.115 1.556 0.055
v 0.116 1.567 0.048
v 0.101 1.571 0.056
v 0.106 1.583 0.056
v 0.093 1.569 0.054
v 0.091 1.597 0.079
v 0.1 1.55 0.049
v 0.162 1.56 0.096
v 0.158 1.551 0.087
v 0.178 1.552 0.102
v 0.175 1.573 0.11
v 0.174 1.542 0.099
v 0.183 1.575 0.109
v 0.155 1.582 0.115
v 0.151 1.588 0.122
v 0.175 1.589 0.114
v 0.187 1.582 0.105
v 0.147 1.597 0.123
v 0.152 1.604 0.115
v 0.14 1.6 0.117
v 0.142 1.604 0.11
v 0.155 1.528 0.083
v 0.148 1.522 0.074
v 0.169 1.51 0.088
v 0.192 1.534 0.085
v 0.191 1.554 0.09
v 0.185 1.493 0.078
v 0.173 1.491 0.082
v 0.161 1.491 0.077
v 0.138 1.512 0.061
v 0.143 1.497 0.062
v 0.127 1.511 0.041
v 0.129 1.526 0.062
v 0.122 1.513 0.043
v 0.111 1.532 0.053
v 0.098 1.537 0.039
v 0.083 1.575 0.053
v 0.08 1.599 0.073
v 0.085 1.613 0.076
v 0.103 1.606 0.07
v 0.081 1.61 0.068
v -0.237 0.105 -0.009
v -0.235 0.097 -0.013
v -0.224 0.098 -0.063
v -0.223 0.157 -0.056
v -0.215 0.12 -0.085
v -0.217 0.099 -0.084
v -0.203 0.122 -0.102
v -0.204 0.1 -0.104
v -0.218 0.164 -0.082
v -0.208 0.156 -0.102
v -0.205 0.173 -0.101
v -0.211 0.178 -0.082
v -0.216 0.175 -0.056
v -0.217 0.184 -0.057
v -0.229 0.156 -0.024
v -0.214 0.183 -0.022
v -0.21 0.19 -0.02
v -0.21 0.185 -0.006
v -0.236 0.153 0.015
v -0.242 0.115 0.016
v -0.244 0.141 0.057
v -0.248 0.113 0.054
v -0.25 0.099 0.054
v -0.254 0.097 0.083
v -0.246 0.13 0.09
v -0.245 0.099 0.136
v -0.24 0.131 0.125
v -0.463 1.364 0.114
v -0.422 1.363 0.146
v -0.462 1.357 0.131
v -0.475 1.365 0.106
v -0.471 1.373 0.084
v -0.482 1.357 0.084
v -0.485 1.35 0.098
v -0.479 1.354 0.075
v -0.466 1.367 0.061
v 0.175 1.358 -0.082
v 0.204 1.304 -0.075
v 0.206 1.323 -0.061
v 0.175 1.377 -0.075
v 0.166 1.376 -0.075
v 0.148 1.38 -0.07
v 0.211 1.342 -0.05
v 0.149 1.402 -0.057
v 0.177 1.404 -0.061
v 0.211 1.378 -0.036
v 0.206 1.408 -0.019
v 0.179 1.432 -0.05
v 0.149 1.426 -0.041
v 0.202 1.442 0.001
v 0.176 1.456 -0.023
v 0.153 1.454 -0.022
v 0.197 1.458 0.013
v 0.174 1.469 -0.007
v 0.197 1.511 0.041
v 0.155 1.47 -0.012
v 0.173 1.522 0.018
v 0.15 1.522 0.016
v 0.067 1.469 -0.09
v 0.057 1.448 -0.077
v 0.059 1.448 -0.073
v 0.085 1.5 -0.107
v 0.081 1.499 -0.11
v 0.085 1.521 -0.124
v 0.09 1.522 -0.121
v 0.147 1.618 0.044
v 0.126 1.651 0.055
v 0.152 1.606 0.026
v 0.13 1.647 0.062
v 0.09 1.646 0.087
v 0.097 1.64 0.092
v 0.086 1.644 0.079
v 0.12 1.648 0.049
v 0.114 1.643 0.048
v 0.086 1.639 0.073
v 0.175 1.573 0.11
v 0.164 1.573 0.104
v 0.152 1.582 0.106
v 0.155 1.582 0.115
v -0.147 0.122 -0.05
v -0.157 0.101 -0.093
v -0.147 0.099 -0.058
v -0.159 0.123 -0.092
v -0.181 0.1 -0.112
v -0.159 0.153 -0.092
v -0.146 0.149 -0.046
v -0.151 0.172 -0.036
v -0.183 0.123 -0.11
v -0.203 0.122 -0.102
v -0.204 0.1 -0.104
v -0.208 0.156 -0.102
v -0.183 0.153 -0.112
v -0.161 0.169 -0.088
v -0.183 0.169 -0.108
v -0.205 0.173 -0.101
v -0.179 0.172 -0.111
v -0.277 1.166 0.115
v -0.296 1.143 0.132
v -0.271 1.164 0.124
v -0.266 1.179 0.09
v -0.259 1.178 0.096
v -0.261 1.18 0.07
v 0.101 1.571 0.056
v 0.091 1.597 0.079
v 0.106 1.583 0.056
v 0.103 1.606 0.07
v 0.108 1.588 0.048
v 0.116 1.567 0.048
v 0.12 1.57 0.037
v 0.103 1.588 0.038
v 0.121 1.569 0.027
v 0.1 1.61 0.061
v 0.089 1.616 0.069
v 0.085 1.613 0.076
v 0.065 1.37 -0.123
v 0.06 1.348 -0.142
v 0.062 1.367 -0.123
v 0.057 1.346 -0.105
v 0.053 1.317 -0.141
v 0.063 1.385 -0.1
v 0.068 1.387 -0.12
v 0.068 1.405 -0.123
v 0.052 1.314 -0.103
v 0.049 1.286 -0.138
v 0.057 1.448 -0.077
v 0.071 1.421 -0.127
v 0.076 1.457 -0.115
v 0.076 1.45 -0.138
v 0.082 1.472 -0.142
v 0.051 1.428 -0.066
v 0.067 1.469 -0.09
v 0.047 1.382 -0.067
v 0.032 1.403 -0.043
v 0.087 1.504 -0.125
v 0.081 1.499 -0.11
v 0.085 1.521 -0.124
v 0.046 1.343 -0.07
v 0.027 1.383 -0.038
v 0.001 1.378 -0.004
v -0.002 1.345 0.009
v 0.086 1.513 -0.134
v 0.079 1.485 -0.15
v 0.087 1.529 -0.136
v 0.083 1.533 -0.121
v 0.091 1.518 -0.147
v 0.087 1.509 -0.151
v 0.092 1.533 -0.147
v 0.088 1.552 -0.158
v 0.081 1.549 -0.143
v 0.083 1.533 -0.121
v 0.077 1.555 -0.129
v 0.07 1.578 -0.155
v 0.082 1.571 -0.169
v 0.087 1.571 -0.182
v 0.1 1.61 0.061
v 0.089 1.616 0.069
v 0.094 1.605 0.054
v 0.103 1.588 0.038
v 0.108 1.588 0.048
v 0.091 1.591 0.039
v 0.109 1.557 0.019
v 0.121 1.569 0.027
v 0.122 1.553 0.017
v 0.098 1.547 0.028
v 0.141 1.573 0.017
v 0.13 1.576 0.022
v 0.13 1.523 0.02
v 0.137 1.597 0.023
v 0.139 1.545 0.014
v 0.15 1.522 0.016
v 0.135 1.517 0.023
v 0.138 1.465 -0.002
v 0.155 1.47 -0.012
v 0.136 1.448 -0.01
v 0.158 1.548 0.018
v 0.173 1.547 0.026
v 0.17 1.519 0.023
v 0.188 1.506 0.044
v 0.188 1.549 0.046
v 0.145 1.605 0.023
v 0.158 1.579 0.023
v 0.12 1.648 0.049
v 0.114 1.643 0.048
v 0.126 1.651 0.055
v 0.152 1.606 0.026
v 0.17 1.581 0.032
v 0.159 1.607 0.036
v 0.147 1.618 0.044
v 0.172 1.609 0.047
v 0.148 1.619 0.053
v 0.138 1.635 0.072
v 0.127 1.636 0.07
v 0.179 1.595 0.056
v 0.183 1.597 0.075
v 0.192 1.546 0.063
v 0.192 1.517 0.067
v -0.245 1.159 -0.084
v -0.221 1.165 -0.125
v -0.226 1.169 -0.125
v -0.205 1.172 -0.154
v -0.197 1.167 -0.147
v -0.162 1.168 -0.174
v -0.173 1.173 -0.186
v -0.131 1.168 -0.206
v -0.137 1.174 -0.214
v -0.107 1.172 -0.231
v -0.107 1.167 -0.226
v -0.277 1.447 0.08
v -0.243 1.48 0.068
v -0.245 1.455 0.056
v -0.272 1.42 0.071
v -0.298 1.397 0.08
v -0.307 1.419 0.096
v -0.322 1.37 0.075
v -0.329 1.389 0.096
v -0.349 1.36 0.103
v 0.026 1.516 -0.045
v 0.049 1.535 -0.08
v 0.023 1.514 -0.048
v 0.039 1.526 -0.06
v 0.026 1.516 -0.045
v 0.023 1.514 -0.048
v 0.005 1.565 -0.037
v 0.007 1.57 -0.034
v -0.003 1.583 -0.022
v 0.108 1.585 0.1
v 0.112 1.571 0.088
v 0.096 1.586 0.091
v 0.104 1.593 0.101
v 0.096 1.596 0.093
v 0.132 1.62 0.093
v 0.117 1.633 0.091
v 0.13 1.633 0.095
v 0.133 1.639 0.087
v 0.151 1.612 0.08
v 0.158 1.614 0.075
v 0.178 1.602 0.069
v -0.103 1.838 0.044
v -0.103 1.839 0.053
v -0.089 1.833 0.059
v -0.096 1.836 0.059
v -0.099 1.83 0.064
v -0.075 1.85 0.061
v -0.084 1.854 0.076
v -0.057 1.866 0.085
v 0.134 1.563 0.099
v 0.131 1.561 0.11
v 0.152 1.552 0.099
v 0.139 1.561 0.117
v 0.157 1.559 0.108
v -0.28 1.136 0.063
v -0.296 1.15 0.077
v -0.295 1.131 0.091
v -0.292 1.162 0.068
v -0.288 1.152 0.059
v -0.287 1.14 0.043
v -0.29 1.162 0.057
v -0.287 1.142 0.028
v 0.157 1.559 0.108
v 0.139 1.561 0.117
v 0.146 1.568 0.119
v 0.133 1.568 0.12
v 0.131 1.561 0.11
v 0.151 1.588 0.122
v 0.127 1.572 0.108
v 0.147 1.597 0.123
v 0.14 1.6 0.117
v 0.098 1.547 0.028
v 0.109 1.557 0.019
v 0.091 1.591 0.039
v 0.09 1.571 0.036
v 0.098 1.537 0.039
v 0.083 1.575 0.053
v 0.08 1.585 0.044
v 0.094 1.605 0.054
v 0.08 1.597 0.061
v 0.08 1.599 0.073
v 0.081 1.61 0.068
v 0.089 1.616 0.069
v 0.085 1.613 0.076
v -0.133 1.651 -0.136
v -0.101 1.658 -0.164
v -0.1 1.671 -0.153
v -0.128 1.671 -0.135
v -0.162 1.654 -0.114
v -0.16 1.648 -0.113
v -0.188 1.65 -0.08
v 0.129 1.499 0.066
v 0.127 1.511 0.041
v 0.143 1.497 0.062
v 0.137 1.491 0.082
v 0.151 1.487 0.091
v 0.161 1.491 0.077
v 0.167 1.486 0.093
v 0.173 1.491 0.082
v 0.185 1.493 0.078
v 0.187 1.489 0.087
v 0.193 1.498 0.066
v 0.198 1.496 0.071
v 0.197 1.511 0.041
v 0.188 1.506 0.044
v 0.173 1.522 0.018
v 0.17 1.519 0.023
v 0.15 1.522 0.016
v 0.103 1.628 0.085
v 0.09 1.613 0.093
v 0.102 1.634 0.091
v 0.085 1.619 0.101
v -0.048 1.551 0.003
v -0.06 1.517 0.014
v -0.059 1.52 0.018
v -0.042 1.564 0.003
v -0.03 1.599 -0.01
v -0.059 1.52 0.018
v -0.06 1.517 0.014
v -0.098 1.543 0.021
v -0.077 1.532 0.021
v -0.1 1.551 0.021
v 0.074 1.621 0.085
v 0.074 1.623 0.094
v 0.078 1.613 0.093
v 0.086 1.644 0.079
v 0.086 1.639 0.073
v 0.082 1.616 0.082
v 0.091 1.63 0.072
v 0.114 1.643 0.048
v 0.112 1.632 0.054
v 0.124 1.609 0.036
v 0.123 1.607 0.05
v 0.137 1.597 0.023
v 0.126 1.583 0.032
v 0.13 1.576 0.022
v 0.12 1.57 0.037
v 0.121 1.569 0.027
v -0.132 1.664 -0.048
v -0.138 1.672 -0.05
v -0.143 1.683 -0.072
v -0.125 1.655 -0.03
v -0.121 1.657 -0.038
v -0.111 1.641 -0.014
v -0.046 1.402 0.032
v -0.011 1.378 0.009
v -0.049 1.401 0.029
v -0.016 1.379 0.008
v 0.001 1.378 -0.004
v -0.099 0.922 -0.221
v -0.074 0.898 -0.225
v -0.066 0.93 -0.252
v -0.059 0.884 -0.235
v -0.102 0.895 -0.185
v -0.078 0.872 -0.201
v -0.063 0.855 -0.214
v -0.078 0.842 -0.176
v -0.095 0.89 -0.124
v -0.1 0.9 -0.138
v -0.107 0.925 -0.117
v -0.111 0.912 -0.148
v 0.034 1.404 -0.04
v 0.005 1.378 -0.005
v 0.007 1.398 -0.008
v 0.001 1.378 -0.004
v 0.002 1.412 -0.001
v 0.009 1.41 -0.017
v 0.01 1.43 -0.02
v 0.007 1.452 -0.003
v 0.001 1.468 0.003
v 0.007 1.472 -0.018
v 0.019 1.448 -0.032
v -0.004 1.48 0.005
v 0.016 1.469 -0.03
v 0.004 1.496 -0.022
v -0.007 1.499 0.003
v -0.011 1.519 -0.005
v 0.023 1.514 -0.048
v 0.049 1.535 -0.08
v -0.003 1.539 -0.027
v -0.015 1.537 -0.012
v 0.005 1.565 -0.037
v -0.012 1.554 -0.011
v 0.001 1.561 -0.023
v -0.003 1.583 -0.022
v 0.146 1.464 -0.187
v 0.136 1.483 -0.203
v 0.138 1.467 -0.223
v 0.134 1.485 -0.167
v 0.131 1.501 -0.183
v 0.125 1.527 -0.21
v 0.131 1.467 -0.147
v 0.147 1.441 -0.173
v 0.142 1.428 -0.123
v 0.157 1.414 -0.157
v 0.154 1.398 -0.1
v 0.171 1.375 -0.121
v 0.183 1.348 -0.1
v 0.166 1.376 -0.075
v 0.175 1.358 -0.082
v 0.199 1.315 -0.081
v 0.204 1.304 -0.075
v 0.099 1.518 -0.155
v 0.11 1.522 -0.167
v 0.085 1.53 -0.147
v 0.088 1.546 -0.158
v 0.121 1.527 -0.189
v 0.105 1.552 -0.188
v 0.088 1.552 -0.158
v 0.109 1.563 -0.213
v -0.019 1.886 -0.089
v -0.005 1.875 -0.092
v -0.002 1.882 -0.07
v 0.016 1.872 -0.066
v 0.016 1.87 -0.033
v 0.027 1.857 -0.053
v 0.021 1.863 -0.07
v 0.02 1.861 -0.012
v 0.033 1.842 -0.016
v 0.031 1.839 0.003
v 0.137 1.556 0.089
v 0.14 1.57 0.085
v 0.136 1.559 0.08
v 0.14 1.565 0.093
v 0.134 1.563 0.099
v 0.137 1.571 0.098
v 0.133 1.577 0.102
v 0.131 1.581 0.09
v -0.13 1.787 -0.004
v -0.143 1.781 -0.012
v -0.133 1.775 -0.017
v -0.132 1.788 0.006
v -0.125 1.786 0.009
v 0.134 1.563 0.099
v 0.13 1.556 0.092
v 0.114 1.57 0.104
v 0.127 1.572 0.108
v 0.117 1.586 0.109
v 0.108 1.585 0.1
v 0.132 1.616 0.106
v 0.142 1.604 0.11
v 0.145 1.618 0.106
v 0.16 1.599 0.099
v 0.171 1.597 0.096
v -0.005 1.722 0.1
v 0.005 1.721 0.092
v -0.006 1.712 0.096
v -0.02 1.719 0.09
v -0.022 1.74 0.081
v -0.013 1.743 0.086
v -0.008 1.756 0.08
v -0.017 1.763 0.078
v -0.008 1.777 0.086
v -0.026 1.759 0.069
v -0.017 1.783 0.086
v -0.03 1.806 0.087
v -0.01 1.822 0.08
v 0.007 1.809 0.072
v 0.009 1.834 0.063
v -0.008 1.84 0.072
v -0.032 1.83 0.082
v -0.028 1.844 0.076
v -0.051 1.831 0.081
v -0.023 1.786 0.092
v -0.028 1.87 0.086
v 0.003 1.859 0.069
v -0.024 1.884 0.081
v -0.042 1.887 0.084
v -0.058 1.853 0.068
v -0.038 1.859 0.081
v -0.043 1.873 0.09
v -0.057 1.881 0.083
v -0.057 1.866 0.085
v -0.062 1.87 0.086
v -0.075 1.871 0.073
v -0.084 1.854 0.076
v -0.075 1.85 0.061
v -0.094 1.851 0.06
v -0.077 1.832 0.07
v -0.089 1.833 0.059
v -0.098 1.858 0.045
v -0.077 1.878 0.054
v -0.103 1.839 0.053
v -0.096 1.836 0.059
v -0.112 1.856 0.03
v -0.094 1.82 0.054
v -0.103 1.838 0.044
v -0.063 1.795 0.084
v -0.049 1.792 0.09
v -0.019 1.77 0.089
v -0.025 1.767 0.092
v -0.047 1.777 0.092
v -0.06 1.78 0.087
v -0.087 1.781 0.06
v -0.093 1.803 0.051
v -0.081 1.769 0.068
v -0.107 1.834 0.044
v -0.111 1.81 0.04
v -0.135 1.834 0.01
v -0.116 1.854 0.022
v -0.131 1.854 0.009
v -0.139 1.859 -0.008
v -0.141 1.831 -0.009
v -0.14 1.796 -0.019
v -0.125 1.786 0.009
v -0.118 1.878 0.007
v -0.107 1.78 0.033
v -0.118 1.774 0.02
v -0.088 1.883 0.033
v -0.099 1.752 0.05
v -0.119 1.767 0.013
v -0.132 1.788 0.006
v -0.113 1.748 0.017
v -0.121 1.746 0.001
v -0.118 1.751 -0.006
v -0.127 1.776 0.003
v -0.143 1.781 -0.012
v -0.137 1.758 -0.008
v -0.131 1.744 -0.006
v -0.139 1.753 -0.018
v -0.111 1.771 0.032
v -0.113 1.75 0.026
v -0.107 1.751 0.033
v -0.107 1.7 0.04
v -0.115 1.709 0.018
v -0.113 1.689 0.022
v -0.1 1.655 0.046
v -0.096 1.727 0.043
v -0.098 1.668 0.053
v -0.08 1.684 0.063
v -0.083 1.643 0.063
v -0.07 1.616 0.066
v -0.078 1.661 0.063
v -0.062 1.626 0.074
v -0.047 1.616 0.075
v -0.053 1.607 0.07
v -0.034 1.6 0.069
v -0.045 1.648 0.072
v -0.012 1.609 0.072
v -0.008 1.599 0.065
v -0.069 1.684 0.067
v -0.048 1.666 0.069
v 0.011 1.611 0.059
v 0.015 1.602 0.051
v -0.074 1.706 0.053
v -0.063 1.687 0.064
v -0.084 1.73 0.06
v -0.089 1.751 0.061
v -0.066 1.76 0.074
v -0.081 1.746 0.069
v -0.049 1.758 0.078
v -0.037 1.769 0.084
v -0.065 1.716 0.07
v -0.033 1.75 0.075
v -0.065 1.737 0.079
v -0.053 1.729 0.08
v -0.06 1.7 0.07
v -0.033 1.724 0.078
v -0.04 1.71 0.076
v -0.05 1.7 0.072
v -0.051 1.696 0.069
v -0.046 1.692 0.064
v -0.028 1.713 0.081
v -0.03 1.724 0.086
v -0.008 1.709 0.084
v -0.044 1.67 0.064
v -0.034 1.691 0.072
v -0.015 1.669 0.075
v -0.022 1.679 0.072
v -0.011 1.687 0.077
v -0.006 1.68 0.07
v 0.007 1.686 0.061
v 0.002 1.667 0.062
v -0.006 1.658 0.073
v -0.03 1.636 0.073
v -0.007 1.631 0.069
v 0.018 1.638 0.05
v 0.034 1.626 0.041
v 0.018 1.669 0.043
v -0.147 1.531 0.047
v -0.131 1.535 0.046
v -0.155 1.525 0.058
v -0.157 1.523 0.054
v -0.272 1.136 0.016
v -0.261 1.102 0.023
v -0.255 1.104 0.016
v -0.28 1.132 0.025
v -0.287 1.142 0.028
v 0.024 1.12 0.013
v 0.014 1.141 0.025
v 0.014 1.185 0.027
v 0.024 1.16 0.019
v 0.033 1.178 0.004
v 0.013 1.232 0.026
v 0.036 1.112 -0.002
v 0.035 1.087 -0.007
v 0.056 1.102 -0.034
v 0.056 1.126 -0.03
v 0.073 1.12 -0.067
v 0.024 1.228 0.008
v 0.011 1.266 0.021
v 0.05 1.182 -0.021
v 0.062 1.187 -0.055
v 0.046 1.234 -0.025
v 0.043 1.25 -0.026
v 0.018 1.27 0.003
v 0.018 1.28 0.011
v 0.006 1.278 0.021
v 0.019 1.284 -0.003
v 0 1.312 0.015
v 0.017 1.317 -0.003
v 0.077 1.151 -0.094
v 0.079 1.132 -0.095
v 0.081 1.15 -0.137
v 0.074 1.168 -0.135
v 0.064 1.193 -0.091
v 0.062 1.2 -0.135
v 0.054 1.23 -0.14
v 0.057 1.231 -0.101
v 0.053 1.204 -0.182
v 0.06 1.173 -0.179
v 0.042 1.248 -0.185
v 0.014 1.344 -0.015
v 0.028 1.344 -0.036
v 0.03 1.314 -0.032
v 0.044 1.313 -0.067
v 0.032 1.283 -0.024
v 0.046 1.284 -0.06
v 0.051 1.285 -0.097
v 0.053 1.25 -0.07
v 0.053 1.249 -0.116
v 0.045 1.25 -0.024
v 0.055 1.249 -0.069
v 0.058 1.234 -0.064
v 0.059 1.233 -0.101
v 0.056 1.232 -0.063
v 0.056 1.232 -0.141
v 0.05 1.245 -0.144
v 0.039 1.288 -0.189
v -0.118 1.878 0.007
v -0.116 1.854 0.022
v -0.12 1.889 -0.007
v -0.131 1.854 0.009
v -0.133 1.872 -0.007
v -0.139 1.859 -0.008
v -0.126 1.883 -0.047
v -0.124 1.888 -0.043
v -0.123 1.883 -0.07
v -0.135 1.874 -0.035
v -0.123 1.878 -0.068
v -0.111 1.872 -0.094
v -0.142 1.847 -0.043
v -0.141 1.831 -0.009
v -0.134 1.864 -0.068
v -0.124 1.856 -0.087
v -0.113 1.859 -0.1
v -0.114 1.83 -0.105
v -0.14 1.841 -0.066
v -0.145 1.823 -0.045
v -0.14 1.796 -0.019
v -0.128 1.839 -0.088
v -0.139 1.825 -0.066
v -0.128 1.814 -0.087
v -0.108 1.801 -0.109
v -0.137 1.794 -0.069
v -0.126 1.78 -0.083
v -0.141 1.794 -0.048
v -0.133 1.753 -0.05
v -0.112 1.749 -0.091
v -0.099 1.754 -0.104
v -0.138 1.771 -0.029
v -0.123 1.749 -0.075
v -0.106 1.72 -0.082
v -0.098 1.721 -0.092
v -0.112 1.723 -0.07
v -0.114 1.708 -0.074
v -0.119 1.727 -0.038
v -0.121 1.691 -0.074
v -0.111 1.69 -0.095
v -0.116 1.711 -0.048
v -0.12 1.686 -0.05
v -0.126 1.673 -0.05
v -0.133 1.66 -0.054
v -0.135 1.672 -0.078
v -0.121 1.677 -0.095
v -0.1 1.678 -0.113
v -0.089 1.7 -0.105
v -0.116 1.71 -0.025
v -0.116 1.682 -0.029
v -0.117 1.729 -0.016
v -0.127 1.755 -0.023
v -0.123 1.728 -0.008
v -0.139 1.753 -0.018
v -0.131 1.744 -0.006
v -0.143 1.781 -0.012
v -0.133 1.775 -0.017
v -0.13 1.787 -0.004
v -0.125 1.786 0.009
v -0.098 1.9 -0.007
v -0.12 1.889 -0.007
v -0.092 1.893 0.014
v -0.075 1.893 0.035
v -0.055 1.899 0.039
v -0.053 1.89 0.058
v 0.049 1.286 -0.138
v 0.053 1.249 -0.116
v 0.053 1.317 -0.141
v 0.06 1.348 -0.142
v 0.046 1.359 -0.2
v 0.052 1.369 -0.192
v 0.03 1.344 -0.218
v 0.016 1.366 -0.237
v 0.037 1.395 -0.212
v 0.03 1.414 -0.226
v 0.011 1.406 -0.251
v 0.142 1.604 0.11
v 0.16 1.599 0.099
v 0.152 1.604 0.115
v 0.177 1.596 0.104
v 0.175 1.589 0.114
v 0.171 1.597 0.096
v 0.03 1.776 0.054
v 0.029 1.764 0.037
v 0.015 1.762 0.056
v 0.017 1.769 0.072
v 0.001 1.766 0.062
v -0.005 1.764 0.074
v 0.005 1.771 0.083
v -0.004 1.759 0.06
v 0.016 1.439 -0.262
v 0.005 1.452 -0.273
v 0.015 1.444 -0.253
v 0.025 1.428 -0.236
v 0.029 1.417 -0.246
v 0.03 1.414 -0.226
v -0.006 1.712 0.096
v -0.008 1.709 0.084
v -0.02 1.719 0.09
v 0.001 1.711 0.089
v -0.001 1.715 0.075
v 0.007 1.717 0.079
v 0.007 1.711 0.064
v 0.014 1.141 0.025
v 0.009 1.144 0.019
v -0.006 1.121 0.029
v -0.002 1.116 0.034
v -0.028 1.085 0.036
v -0.021 1.083 0.041
v -0.249 1.137 0.029
v -0.244 1.149 0.027
v -0.247 1.132 0.021
v -0.244 1.116 0.033
v -0.241 1.115 0.023
v -0.008 1.709 0.084
v 0.015 1.687 0.067
v -0.005 1.687 0.084
v -0.031 1.689 0.086
v -0.028 1.713 0.081
v -0.062 1.694 0.077
v -0.04 1.71 0.076
v -0.06 1.683 0.083
v -0.078 1.702 0.084
v -0.07 1.688 0.078
v 0.052 1.426 -0.06
v 0.057 1.448 -0.077
v 0.051 1.428 -0.066
v 0.059 1.448 -0.073
v 0.05 1.542 -0.081
v 0.054 1.522 -0.074
v 0.049 1.535 -0.08
v 0.049 1.491 -0.059
v 0.016 1.469 -0.03
v 0.038 1.461 -0.047
v 0.042 1.466 -0.048
v 0.019 1.448 -0.032
v 0.027 1.427 -0.03
v 0.01 1.43 -0.02
v 0.009 1.41 -0.017
v 0.007 1.398 -0.008
v 0.023 1.789 -0.077
v 0.022 1.793 -0.061
v 0.017 1.783 -0.074
v 0.03 1.795 -0.057
v 0.027 1.786 -0.075
v 0.026 1.791 -0.048
v 0.037 1.621 0.026
v 0.027 1.617 0.016
v 0.019 1.608 0.028
v 0.028 1.61 0.039
v 0.015 1.602 0.051
v 0.011 1.599 0.038
v 0.002 1.596 0.045
v -0.027 1.594 0.057
v -0.008 1.599 0.065
v -0.015 1.613 -0.015
v -0.034 1.6 0.069
v -0.022 1.604 -0.002
v -0.031 1.604 0.004
v -0.047 1.613 0.004
v -0.041 1.597 0.058
v -0.053 1.607 0.07
v -0.054 1.605 0.056
v -0.059 1.625 0.002
v -0.068 1.613 0.053
v -0.07 1.616 0.066
v -0.066 1.634 0.002
v -0.081 1.626 0.046
v -0.1 1.655 0.046
v -0.078 1.651 0
v -0.101 1.657 0.034
v -0.091 1.672 -0.003
v -0.175 0.1 -0.009
v -0.144 0.099 0.006
v -0.144 0.104 -0.011
v -0.174 0.098 0.013
v -0.237 0.105 -0.009
v -0.25 0.099 0.054
v -0.14 0.098 0.049
v -0.196 0.097 0.049
v -0.254 0.097 0.083
v -0.174 0.096 0.074
v -0.137 0.098 0.077
v -0.135 0.101 0.126
v -0.211 0.095 0.077
v -0.171 0.096 0.126
v -0.147 0.107 0.16
v -0.212 0.096 0.123
v -0.245 0.099 0.136
v -0.232 0.105 0.163
v -0.186 0.103 0.161
v -0.174 0.113 0.189
v -0.204 0.112 0.191
v 0.096 1.586 0.091
v 0.112 1.571 0.088
v 0.099 1.587 0.08
v 0.108 1.57 0.074
v 0.118 1.568 0.074
v 0.12 1.57 0.082
v 0.123 1.574 0.081
v 0.007 1.711 0.064
v -0.008 1.709 0.084
v -0.001 1.715 0.075
v 0.015 1.687 0.067
v 0.03 1.692 0.043
v 0.03 1.68 0.05
v 0.046 1.695 0.035
v -0.221 1.144 0.04
v -0.241 1.14 0.035
v -0.236 1.139 0.03
v -0.244 1.134 0.029
v 0.091 1.518 -0.147
v 0.085 1.53 -0.147
v 0.087 1.509 -0.151
v 0.092 1.533 -0.147
v 0.088 1.546 -0.158
v 0.088 1.552 -0.158
v 0.035 1.683 0.037
v 0.03 1.68 0.05
v 0.046 1.695 0.035
v 0.023 1.681 0.044
v 0.024 1.687 0.034
v 0.011 1.69 0.05
v 0.007 1.686 0.061
v 0.015 1.687 0.067
v -0.005 1.687 0.084
v -0.011 1.687 0.077
v -0.031 1.689 0.086
v -0.034 1.691 0.072
v -0.055 1.683 0.074
v -0.06 1.683 0.083
v -0.07 1.688 0.078
v -0.065 1.69 0.07
v -0.029 1.413 0.022
v -0.051 1.448 0.034
v -0.054 1.45 0.033
v -0.063 1.47 0.038
v -0.08 1.499 0.038
v 0.03 1.795 -0.057
v 0.026 1.773 -0.042
v 0.026 1.791 -0.048
v 0.025 1.782 -0.055
v 0.027 1.786 -0.075
v 0.026 1.765 -0.071
v 0.018 1.766 -0.054
v 0.016 1.754 -0.057
v 0.024 1.75 -0.065
v 0.06 1.588 -0.142
v 0.077 1.555 -0.129
v 0.062 1.592 -0.141
v 0.084 1.546 -0.123
v 0.083 1.533 -0.121
v -0.239 1.127 0.045
v -0.246 1.125 0.038
v -0.242 1.134 0.044
v -0.232 1.107 0.033
v -0.247 1.099 0.07
v -0.238 1.089 0.055
v -0.254 1.108 0.066
v -0.228 1.081 0.063
v -0.226 1.081 0.05
v -0.218 1.08 0.062
v -0.211 1.095 0.088
v -0.204 1.094 0.075
v -0.206 1.105 0.096
v -0.21 1.086 0.064
v 0.026 1.765 -0.071
v 0.027 1.786 -0.075
v 0.021 1.75 -0.074
v 0.024 1.75 -0.065
v 0.018 1.734 -0.062
v 0.021 1.733 -0.051
v -0.101 1.657 0.034
v -0.113 1.689 0.022
v -0.1 1.655 0.046
v -0.091 1.672 -0.003
v -0.105 1.706 -0.005
v -0.115 1.709 0.018
v -0.109 1.73 0.011
v -0.113 1.748 0.017
v -0.113 1.75 0.026
v -0.118 1.774 0.02
v -0.238 1.089 0.055
v -0.226 1.081 0.05
v -0.229 1.096 0.049
v -0.237 1.099 0.04
v -0.252 1.096 0.023
v -0.241 1.115 0.023
v -0.255 1.104 0.016
v -0.238 1.112 0.038
v -0.196 1.64 -0.042
v -0.188 1.65 -0.08
v -0.194 1.644 -0.042
v -0.188 1.647 -0.084
v -0.183 0.169 -0.108
v -0.152 0.173 -0.095
v -0.171 0.2 -0.107
v -0.146 0.205 -0.085
v -0.131 0.175 -0.067
v -0.228 1.081 0.063
v -0.224 1.077 0.072
v -0.211 1.095 0.088
v -0.213 1.089 0.091
v -0.206 1.105 0.096
v -0.215 1.099 0.105
v -0.22 1.089 0.104
v 0.07 0.099 -0.101
v 0.09 0.099 -0.094
v 0.097 0.098 -0.117
v 0.06 0.099 -0.105
v 0.051 0.099 -0.108
v 0.022 0.099 -0.127
v 0.016 0.096 -0.146
v 0.109 0.097 -0.152
v 0.012 0.096 -0.155
v 0.025 0.096 -0.175
v 0.047 0.097 -0.181
v 0.074 0.098 -0.183
v 0.105 0.098 -0.182
v 0.121 0.104 -0.181
v 0.104 0.101 -0.122
v 0.093 0.105 -0.093
v 0.12 0.098 -0.112
v 0.108 0.1 -0.088
v 0.152 0.099 -0.147
v 0.194 0.095 -0.13
v 0.187 0.099 -0.176
v 0.216 0.097 -0.17
v 0.261 0.099 -0.149
v 0.163 0.097 -0.103
v 0.173 0.097 -0.062
v 0.231 0.096 -0.079
v 0.221 0.101 -0.045
v 0.266 0.102 -0.083
v 0.257 0.107 -0.046
v 0.292 0.113 -0.064
v 0.303 0.112 -0.092
v 0.285 0.105 -0.125
v 0.24 0.096 -0.12
v -0.244 1.116 0.033
v -0.257 1.132 0.037
v -0.249 1.137 0.029
v -0.259 1.108 0.035
v -0.243 1.105 0.054
v -0.266 1.12 0.034
v -0.27 1.131 0.039
v -0.28 1.132 0.025
v -0.261 1.102 0.023
v -0.25 1.091 0.049
v -0.25 1.099 0.054
v -0.238 1.089 0.055
v -0.256 1.435 0.024
v -0.226 1.455 0.051
v -0.249 1.44 0.025
v -0.233 1.457 0.055
v -0.262 1.426 0.026
v -0.245 1.455 0.056
v -0.272 1.42 0.071
v -0.29 1.398 0.037
v -0.275 1.422 0.01
v -0.299 1.398 0.017
v -0.318 1.379 0.038
v -0.298 1.397 0.08
v -0.322 1.37 0.075
v -0.338 1.364 0.043
v -0.361 1.336 0.055
v -0.346 1.339 0.077
v -0.349 1.36 0.103
v -0.375 1.346 0.11
v -0.361 1.336 0.086
v -0.365 1.33 0.078
v -0.381 1.326 0.061
v -0.393 1.322 0.058
v 0.025 1.792 0.061
v 0.029 1.784 0.056
v 0.003 1.774 0.08
v 0.006 1.787 0.08
v -0.109 1.73 0.011
v -0.111 1.725 -0.004
v -0.117 1.727 0.002
v -0.123 1.728 -0.008
v -0.117 1.729 -0.016
v 0.034 1.404 -0.04
v 0.052 1.426 -0.06
v 0.051 1.428 -0.066
v 0.032 1.403 -0.043
v 0.005 1.378 -0.005
v 0.001 1.378 -0.004
v -0.184 1.121 0.07
v -0.192 1.107 0.062
v -0.2 1.102 0.062
v -0.192 1.113 0.079
v -0.204 1.103 0.069
v -0.207 1.098 0.062
v 0.148 1.619 0.053
v 0.147 1.618 0.044
v 0.159 1.607 0.036
v 0.14 1.617 0.056
v -0.094 1.851 0.06
v -0.099 1.83 0.064
v -0.096 1.836 0.059
v -0.084 1.854 0.076
v -0.311 1.506 -0.069
v -0.314 1.5 -0.069
v -0.304 1.465 -0.051
v -0.312 1.554 -0.062
v -0.115 1.243 0.053
v -0.086 1.246 0.055
v -0.085 1.245 0.058
v -0.04 1.247 0.053
v -0.042 1.248 0.05
v 0.003 1.774 0.08
v 0.029 1.784 0.056
v 0.005 1.771 0.083
v -0.002 1.78 0.08
v 0.129 0 -0.377
v 0.026 0.085 -0.376
v 0.027 0 -0.398
v 0.122 0.085 -0.357
v 0.223 0 -0.331
v 0.119 0.1 -0.348
v 0.025 0.1 -0.367
v 0.205 0.1 -0.305
v 0.211 0.085 -0.313
v 0.301 0 -0.262
v 0.277 0.1 -0.241
v 0.284 0.085 -0.248
v 0.358 0 -0.175
v 0.33 0.1 -0.161
v 0.339 0.085 -0.166
v 0.391 0 -0.076
v 0.361 0.1 -0.071
v 0.37 0.085 -0.072
v 0.398 0 0.027
v 0.367 0.1 0.025
v 0.376 0.085 0.026
v 0.377 0 0.129
v 0.348 0.1 0.119
v 0.357 0.085 0.122
v 0.331 0 0.223
v 0.305 0.1 0.205
v 0.313 0.085 0.211
v 0.262 0 0.301
v 0.241 0.1 0.277
v 0.248 0.085 0.284
v 0.175 0 0.358
v 0.161 0.1 0.33
v 0.166 0.085 0.339
v 0.076 0 0.391
v 0.071 0.1 0.361
v 0.072 0.085 0.37
v -0.027 0 0.398
v -0.025 0.1 0.367
v -0.026 0.085 0.376
v -0.129 0 0.377
v -0.119 0.1 0.348
v -0.122 0.085 0.357
v -0.223 0 0.331
v -0.205 0.1 0.305
v -0.211 0.085 0.313
v -0.301 0 0.262
v -0.277 0.1 0.241
v -0.284 0.085 0.248
v -0.358 0 0.175
v -0.33 0.1 0.161
v -0.339 0.085 0.166
v -0.391 0 0.076
v -0.361 0.1 0.071
v -0.37 0.085 0.072
v -0.398 0 -0.027
v -0.367 0.1 -0.025
v -0.376 0.085 -0.026
v -0.377 0 -0.129
v -0.348 0.1 -0.119
v -0.357 0.085 -0.122
v -0.331 0 -0.223
v -0.305 0.1 -0.205
v -0.313 0.085 -0.211
v -0.262 0 -0.301
v -0.241 0.1 -0.277
v -0.248 0.085 -0.284
v -0.175 0 -0.358
v -0.161 0.1 -0.33
v -0.166 0.085 -0.339
v -0.076 0 -0.391
v -0.071 0.1 -0.361
v -0.072 0.085 -0.37
v 0.027 0 -0.398
v 0.025 0.1 -0.367
v 0.026 0.085 -0.376
v -0.235 0.097 -0.013
v -0.203 0.097 -0.07
v -0.224 0.098 -0.063
v -0.217 0.099 -0.084
v -0.204 0.1 -0.104
v -0.185 0.097 -0.013
v -0.181 0.1 -0.112
v -0.172 0.097 -0.07
v -0.144 0.098 -0.015
v -0.157 0.101 -0.093
v -0.147 0.099 -0.058
v 0.111 0.196 -0.178
v 0.085 0.183 -0.201
v 0.101 0.192 -0.16
v 0.134 0.209 -0.14
v 0.083 0.179 -0.195
v 0.123 0.201 -0.136
v 0.068 0.182 -0.176
v 0.044 0.175 -0.178
v 0.049 0.169 -0.202
v 0.148 0.221 -0.098
v 0.134 0.206 -0.108
v 0.111 0.196 -0.097
v 0.109 0.202 -0.089
v 0.024 0.168 -0.176
v 0.05 0.174 -0.208
v 0.011 0.164 -0.196
v 0.011 0.164 -0.158
v 0.008 0.166 -0.157
v 0.025 0.166 -0.132
v 0.015 0.169 -0.125
v 0.053 0.181 -0.116
v 0.036 0.175 -0.097
v 0.067 0.182 -0.108
v 0.068 0.187 -0.087
v 0.025 0.1 -0.367
v 0.119 0.1 -0.348
v 0.114 0.106 -0.331
v 0.024 0.106 -0.35
v 0 0.106 0
v -0.071 0.1 -0.361
v 0.196 0.106 -0.291
v 0.205 0.1 -0.305
v -0.067 0.106 -0.344
v -0.161 0.1 -0.33
v 0.264 0.106 -0.23
v 0.277 0.1 -0.241
v -0.154 0.106 -0.315
v -0.241 0.1 -0.277
v 0.315 0.106 -0.154
v 0.33 0.1 -0.161
v -0.23 0.106 -0.264
v 0.344 0.106 -0.067
v -0.291 0.106 -0.196
v -0.305 0.1 -0.205
v 0.361 0.1 -0.071
v -0.348 0.1 -0.119
v 0.35 0.106 0.024
v 0.367 0.1 0.025
v -0.331 0.106 -0.114
v -0.367 0.1 -0.025
v 0.331 0.106 0.114
v 0.348 0.1 0.119
v -0.35 0.106 -0.024
v -0.361 0.1 0.071
v 0.291 0.106 0.196
v 0.305 0.1 0.205
v -0.344 0.106 0.067
v 0.23 0.106 0.264
v -0.315 0.106 0.154
v -0.33 0.1 0.161
v 0.241 0.1 0.277
v -0.277 0.1 0.241
v 0.154 0.106 0.315
v 0.161 0.1 0.33
v -0.264 0.106 0.23
v -0.205 0.1 0.305
v 0.067 0.106 0.344
v 0.071 0.1 0.361
v -0.196 0.106 0.291
v -0.119 0.1 0.348
v -0.024 0.106 0.35
v -0.025 0.1 0.367
v -0.114 0.106 0.331
vt 0.7744 0.1426
vt 0.7749 0.1466
vt 0.7764 0.15
vt 0.9966 0.1643
vt 0.9976 0.1603
vt 0.9902 0.1678
vt 0.8564 0.0454
vt 0.855 0.0538
vt 0.8633 0.0527
vt 0.2942 0.2515
vt 0.2993 0.2195
vt 0.2827 0.2129
vt 0.8608 0.4631
vt 0.8633 0.4888
vt 0.8735 0.4783
vt 0.5747 0.3489
vt 0.5747 0.3428
vt 0.5688 0.3496
vt 0.7373 0.0146
vt 0.7314 0.0054
vt 0.7256 0.0023
vt 0.4717 0.2517
vt 0.4773 0.252
vt 0.4768 0.2458
vt 0.9932 0.1899
vt 0.9902 0.1963
vt 0.9966 0.1873
vt 0.5962 0.2078
vt 0.603 0.1986
vt 0.603 0.1918
vt 0.6255 0.0939
vt 0.6274 0.087
vt 0.623 0.0875
vt 0.3962 0.082
vt 0.4001 0.0816
vt 0.3975 0.076
vt 0.9199 0.1992
vt 0.9292 0.21
vt 0.9297 0.2051
vt 0.9214 0.4045
vt 0.917 0.3936
vt 0.9146 0.3994
vt 0.8589 0.1388
vt 0.8608 0.1196
vt 0.855 0.134
vt 0.3135 0.0023
vt 0.3044 0.0155
vt 0.3154 0.0044
vt 0.002 0.1368
vt 0.0043 0.1521
vt 0.0059 0.1346
vt 0.078 0.4456
vt 0.0721 0.4436
vt 0.0754 0.4558
vt 0.7534 0.0545
vt 0.7607 0.0364
vt 0.7524 0.0464
vt 0.4048 0.1732
vt 0.4121 0.1769
vt 0.4016 0.1659
vt 0.4192 0.1348
vt 0.4214 0.1271
vt 0.4177 0.1254
vt 0.396 0.0583
vt 0.3909 0.0602
vt 0.3933 0.0651
vt 0.4209 0.3076
vt 0.417 0.3083
vt 0.4124 0.3196
vt 0.7744 0.0895
vt 0.7847 0.0883
vt 0.7803 0.0695
vt 0.4607 0.0092
vt 0.457 0.0023
vt 0.4556 0.0145
vt 0.0829 0.1628
vt 0.0855 0.1741
vt 0.0859 0.1619
vt 0.7393 0.1432
vt 0.7363 0.1462
vt 0.7397 0.162
vt 0.0059 0.1124
vt 0.002 0.111
vt 0.0021 0.1293
vt 0.218 0.3708
vt 0.2285 0.3865
vt 0.2319 0.3818
vt 0.6187 0.3323
vt 0.6123 0.3289
vt 0.6143 0.3374
vt 0.4905 0.1296
vt 0.488 0.1338
vt 0.4924 0.1364
vt 0.4885 0.0156
vt 0.4917 0.0155
vt 0.488 0.0021
vt 0.3049 0.4644
vt 0.2952 0.4705
vt 0.3062 0.4714
vt 0.0128 0.0114
vt 0.0205 0.0069
vt 0.0191 0.0023
vt 0.0964 0.3062
vt 0.0904 0.2957
vt 0.0884 0.2988
vt 0.0844 0.1075
vt 0.0829 0.1117
vt 0.0863 0.1354
vt 0.6436 0.1388
vt 0.6421 0.1321
vt 0.6392 0.1355
vt 0.4861 0.2888
vt 0.4827 0.2971
vt 0.4893 0.2966
vt 0.564 0.4893
vt 0.5527 0.5063
vt 0.5669 0.5029
vt 0.2244 0.3921
vt 0.2234 0.4062
vt 0.2296 0.4053
vt 0.2125 0.0314
vt 0.2233 0.0146
vt 0.2198 0.0181
vt 0.9849 0.3774
vt 0.9956 0.3521
vt 0.9902 0.3628
vt 0.6304 0.0435
vt 0.6274 0.0369
vt 0.623 0.0317
vt 0.8516 0.0091
vt 0.855 0.0022
vt 0.8496 0.01
vt 0.292 0.2568
vt 0.2881 0.2576
vt 0.2966 0.2683
vt 0.3027 0.1398
vt 0.2991 0.1309
vt 0.3 0.1497
vt 0.9971 0.0099
vt 0.9966 0.002
vt 0.9956 0.0095
vt 0.0829 0.1404
vt 0.0842 0.1566
vt 0.0868 0.1526
vt 0.4548 0.4175
vt 0.4624 0.3901
vt 0.4497 0.4138
vt 0.4463 0.4111
vt 0.4485 0.3945
vt 0.4514 0.3835
vt 0.4607 0.3748
vt 0.4539 0.3621
vt 0.4612 0.3647
vt 0.4714 0.3689
vt 0.4705 0.3916
vt 0.4404 0.4094
vt 0.4341 0.4133
vt 0.4392 0.4167
vt 0.4375 0.4058
vt 0.4407 0.3936
vt 0.4412 0.3882
vt 0.6865 0.7939
vt 0.6875 0.7739
vt 0.666 0.7925
vt 0.6958 0.7886
vt 0.7065 0.7729
vt 0.7109 0.7798
vt 0.6943 0.769
vt 0.7124 0.7666
vt 0.6812 0.7642
vt 0.6997 0.7637
vt 0.6914 0.7593
vt 0.7026 0.7534
vt 0.6851 0.752
vt 0.6958 0.7471
vt 0.7144 0.7388
vt 0.6826 0.7441
vt 0.6978 0.7373
vt 0.7329 0.7236
vt 0.686 0.73
vt 0.6768 0.7388
vt 0.7178 0.7158
vt 0.7471 0.7129
vt 0.7065 0.71
vt 0.7388 0.7002
vt 0.7681 0.6938
vt 0.7285 0.687
vt 0.7603 0.6782
vt 0.7559 0.6724
vt 0.7905 0.6758
vt 0.7739 0.6655
vt 0.771 0.6533
vt 0.7827 0.6484
vt 0.8013 0.6548
vt 0.8018 0.6426
vt 0.9199 0.3635
vt 0.9146 0.3777
vt 0.9214 0.3669
vt 0.9204 0.3809
vt 0.9248 0.3694
vt 0.9224 0.3872
vt 0.9302 0.3711
vt 0.9243 0.3879
vt 0.9209 0.3628
vt 0.9312 0.376
vt 0.9316 0.3896
vt 0.9365 0.3765
vt 0.936 0.3962
vt 0.9424 0.3774
vt 0.9336 0.3694
vt 0.938 0.3677
vt 0.9351 0.3618
vt 0.9443 0.3726
vt 0.9404 0.3625
vt 0.9258 0.3625
vt 0.9238 0.3567
vt 0.9292 0.3574
vt 0.9321 0.363
vt 0.5503 0.3655
vt 0.5366 0.3601
vt 0.5381 0.3647
vt 0.5425 0.3696
vt 0.5376 0.3755
vt 0.5371 0.3691
vt 0.4292 0.3745
vt 0.4355 0.3806
vt 0.4343 0.376
vt 0.4302 0.3848
vt 0.4231 0.384
vt 0.427 0.3884
vt 0.6167 0.5776
vt 0.6226 0.5679
vt 0.6123 0.5693
vt 0.6187 0.5615
vt 0.626 0.5654
vt 0.624 0.5605
vt 0.6265 0.5713
vt 0.9932 0.2861
vt 0.9917 0.2839
vt 0.9902 0.2922
vt 0.9971 0.2903
vt 0.9927 0.2976
vt 0.9961 0.2825
vt 0.5728 0.3865
vt 0.5615 0.3987
vt 0.5688 0.4155
vt 0.5493 0.4102
vt 0.5596 0.4263
vt 0.5503 0.437
vt 0.5464 0.4292
vt 0.5366 0.4229
vt 0.459 0.8623
vt 0.4568 0.8521
vt 0.4548 0.8506
vt 0.4639 0.8447
vt 0.4502 0.8389
vt 0.4722 0.8145
vt 0.468 0.8643
vt 0.4583 0.873
vt 0.4817 0.8828
vt 0.459 0.8823
vt 0.4695 0.8979
vt 0.4597 0.8994
vt 0.4626 0.9126
vt 0.4773 0.8252
vt 0.49 0.8047
vt 0.4917 0.793
vt 0.4844 0.8384
vt 0.4937 0.8008
vt 0.5 0.7905
vt 0.4966 0.8135
vt 0.4949 0.8164
vt 0.4939 0.8486
vt 0.4983 0.8438
vt 0.5093 0.8564
vt 0.501 0.873
vt 0.4888 0.8687
vt 0.4927 0.8862
vt 0.48 0.9053
vt 0.4893 0.9092
vt 0.4717 0.9121
vt 0.4639 0.9341
vt 0.4592 0.9199
vt 0.4692 0.9399
vt 0.4631 0.9468
vt 0.9458 0.12
vt 0.9556 0.1305
vt 0.9399 0.1108
vt 0.936 0.1058
vt 0.9478 0.0974
vt 0.0652 0.2019
vt 0.0684 0.2089
vt 0.0706 0.2098
vt 0.0659 0.2183
vt 0.0614 0.2076
vt 0.6646 0.8115
vt 0.6528 0.8164
vt 0.6694 0.8369
vt 0.6479 0.8008
vt 0.6592 0.793
vt 0.6436 0.7837
vt 0.6533 0.7764
vt 0.6406 0.7759
vt 0.6284 0.7954
vt 0.6348 0.8115
vt 0.6421 0.8213
vt 0.6411 0.8242
vt 0.645 0.8418
vt 0.6587 0.8403
vt 0.6436 0.8428
vt 0.6304 0.8242
vt 0.6372 0.8418
vt 0.6436 0.8623
vt 0.6348 0.8594
vt 0.6299 0.8799
vt 0.623 0.8755
vt 0.6118 0.8853
vt 0.6143 0.8931
vt 0.6318 0.8804
vt 0.6343 0.8877
vt 0.6538 0.8667
vt 0.6187 0.9004
vt 0.5981 0.8916
vt 0.6118 0.8799
vt 0.6006 0.9077
vt 0.5996 0.915
vt 0.5757 0.9233
vt 0.5776 0.9155
vt 0.5527 0.9194
vt 0.5596 0.9087
vt 0.5669 0.9004
vt 0.5933 0.9028
vt 0.5811 0.9048
vt 0.5796 0.896
vt 0.5972 0.8882
vt 0.5684 0.8984
vt 0.5562 0.8848
vt 0.002 0.6035
vt 0.0142 0.6035
vt 0.0033 0.5938
vt 0.0153 0.5933
vt 0.0296 0.6055
vt 0.0146 0.5747
vt 0.0037 0.5757
vt 0.0308 0.5942
vt 0.0383 0.604
vt 0.0394 0.5928
vt 0.0306 0.5742
vt 0.0426 0.564
vt 0.0474 0.5757
vt 0.0481 0.5669
vt 0.0501 0.5405
vt 0.0556 0.543
vt 0.0306 0.563
vt 0.0065 0.5518
vt 0.0034 0.5532
vt 0.0039 0.543
vt 0.0324 0.5435
vt 0.0102 0.5698
vt 0.0034 0.5645
vt 0.0042 0.5698
vt 0.0035 0.5703
vt 0.0036 0.5698
vt 0.0529 0.5366
vt 0.0565 0.5283
vt 0.0606 0.5327
vt 0.0494 0.5205
vt 0.0482 0.5244
vt 0.0448 0.5249
vt 0.0385 0.5078
vt 0.03 0.5283
vt 0.0367 0.5083
vt 0.0319 0.4929
vt 0.0227 0.5049
vt 0.0125 0.5034
vt 0.0026 0.5054
vt 0.0046 0.4783
vt 0.0219 0.4807
vt 0.008 0.4602
vt 0.0235 0.4651
vt 0.0286 0.4731
vt 0.011 0.4456
vt 0.0259 0.4509
vt 0.8672 0.5767
vt 0.8662 0.5889
vt 0.8779 0.5889
vt 0.8779 0.5771
vt 0.8672 0.5615
vt 0.8804 0.5581
vt 0.8672 0.5532
vt 0.8784 0.5513
vt 0.6313 0.4226
vt 0.6123 0.416
vt 0.625 0.4219
vt 0.6318 0.396
vt 0.6177 0.397
vt 0.6528 0.4302
vt 0.6362 0.373
vt 0.625 0.3743
vt 0.6328 0.3418
vt 0.6431 0.3428
vt 0.6396 0.3052
vt 0.6519 0.3711
vt 0.6509 0.3066
vt 0.6465 0.2539
vt 0.6499 0.3955
vt 0.6797 0.3926
vt 0.6582 0.3445
vt 0.6821 0.3679
vt 0.6841 0.4243
vt 0.6724 0.4326
vt 0.6631 0.4392
vt 0.6841 0.4368
vt 0.7046 0.4236
vt 0.6699 0.4473
vt 0.6846 0.4485
vt 0.6807 0.4644
vt 0.6899 0.4138
vt 0.7007 0.4377
vt 0.688 0.4656
vt 0.6865 0.4827
vt 0.6919 0.4834
vt 0.6997 0.5254
vt 0.6963 0.5356
vt 0.6997 0.5342
vt 0.6982 0.4487
vt 0.6978 0.4673
vt 0.7139 0.45
vt 0.7173 0.439
vt 0.7202 0.4263
vt 0.7061 0.3936
vt 0.7246 0.3972
vt 0.7095 0.3679
vt 0.7271 0.3738
vt 0.7275 0.3506
vt 0.7148 0.3181
vt 0.728 0.322
vt 0.7285 0.2886
vt 0.7168 0.2959
vt 0.7207 0.2632
vt 0.731 0.2537
vt 0.6929 0.3135
vt 0.6968 0.2881
vt 0.688 0.3447
vt 0.666 0.3098
vt 0.6978 0.4077
vt 0.6909 0.4136
vt 0.6714 0.281
vt 0.7012 0.2693
vt 0.6553 0.2771
vt 0.6768 0.2612
vt 0.6582 0.2566
vt 0.7046 0.2549
vt 0.7104 0.2288
vt 0.6802 0.2476
vt 0.6587 0.2429
vt 0.645 0.2383
vt 0.6831 0.2272
vt 0.6616 0.2253
vt 0.6475 0.222
vt 0.6831 0.208
vt 0.6631 0.2076
vt 0.6636 0.1835
vt 0.6484 0.184
vt 0.7261 0.2494
vt 0.7222 0.2175
vt 0.73 0.212
vt 0.7085 0.2046
vt 0.73 0.1974
vt 0.729 0.1805
vt 0.7036 0.1829
vt 0.7285 0.1615
vt 0.6821 0.1829
vt 0.7021 0.1609
vt 0.7295 0.1288
vt 0.6826 0.1595
vt 0.707 0.1259
vt 0.729 0.0966
vt 0.6641 0.1598
vt 0.7109 0.0922
vt 0.7329 0.0773
vt 0.689 0.1228
vt 0.7144 0.072
vt 0.7441 0.0615
vt 0.6943 0.0875
vt 0.6719 0.1212
vt 0.647 0.1597
vt 0.6387 0.1847
vt 0.6392 0.2172
vt 0.6548 0.1202
vt 0.6772 0.0842
vt 0.6597 0.0819
vt 0.6973 0.066
vt 0.6807 0.0617
vt 0.6626 0.0589
vt 0.7192 0.0543
vt 0.7007 0.0474
vt 0.6831 0.0424
vt 0.6655 0.0387
vt 0.7349 0.0414
vt 0.7476 0.0307
vt 0.729 0.0206
vt 0.708 0.0123
vt 0.6899 0.0056
vt 0.6792 0.0217
vt 0.6738 0.0023
vt 0.1909 0.2434
vt 0.2041 0.2646
vt 0.2059 0.2289
vt 0.2227 0.2603
vt 0.2152 0.2839
vt 0.2356 0.2479
vt 0.2219 0.2205
vt 0.2479 0.2727
vt 0.2659 0.2944
vt 0.2426 0.3052
vt 0.226 0.3066
vt 0.2252 0.3088
vt 0.2537 0.3252
vt 0.2788 0.3181
vt 0.239 0.3115
vt 0.2223 0.3328
vt 0.2434 0.3215
vt 0.2642 0.3345
vt 0.2869 0.3286
vt 0.2384 0.343
vt 0.2222 0.3577
vt 0.2334 0.3689
vt 0.2515 0.3564
vt 0.2734 0.344
vt 0.2922 0.3359
vt 0.2727 0.3484
vt 0.2915 0.3389
vt 0.2949 0.3445
vt 0.2544 0.3591
vt 0.2856 0.3611
vt 0.2986 0.3513
vt 0.27 0.3704
vt 0.2964 0.3689
vt 0.3054 0.3596
vt 0.2788 0.3801
vt 0.3015 0.3831
vt 0.2693 0.3926
vt 0.2568 0.3828
vt 0.2343 0.3713
vt 0.2908 0.3887
vt 0.2954 0.3997
vt 0.3074 0.4055
vt 0.2881 0.3982
vt 0.2744 0.3987
vt 0.9336 0.3145
vt 0.9297 0.3127
vt 0.9253 0.3164
vt 0.9331 0.3228
vt 0.8667 0.9478
vt 0.8789 0.938
vt 0.8799 0.9263
vt 0.8774 0.9185
vt 0.8633 0.9292
vt 0.8589 0.9238
vt 0.8638 0.9136
vt 0.8389 0.937
vt 0.8481 0.9399
vt 0.8584 0.9453
vt 0.8652 0.9639
vt 0.8794 0.957
vt 0.8438 0.9526
vt 0.8281 0.9546
vt 0.8555 0.9541
vt 0.8594 0.9648
vt 0.8589 0.9678
vt 0.8574 0.9722
vt 0.8804 0.9722
vt 0.8853 0.9653
vt 0.874 0.9761
vt 0.4431 0.1497
vt 0.4475 0.1464
vt 0.4446 0.1404
vt 0.4355 0.1416
vt 0.4409 0.1565
vt 0.4553 0.1439
vt 0.4497 0.1578
vt 0.4587 0.1479
vt 0.4631 0.1434
vt 0.4573 0.1389
vt 0.4514 0.142
vt 0.4456 0.134
vt 0.4519 0.1354
vt 0.4348 0.1344
vt 0.4458 0.121
vt 0.4587 0.1368
vt 0.4375 0.1198
vt 0.4277 0.1171
vt 0.4333 0.1105
vt 0.459 0.1244
vt 0.467 0.1312
vt 0.4299 0.1057
vt 0.4219 0.1083
vt 0.4529 0.1135
vt 0.4417 0.1069
vt 0.4683 0.1143
vt 0.4749 0.1057
vt 0.4631 0.1056
vt 0.4719 0.1027
vt 0.4727 0.1216
vt 0.4714 0.1317
vt 0.4766 0.1302
vt 0.4785 0.1247
vt 0.4463 0.0985
vt 0.4478 0.1077
vt 0.4541 0.1065
vt 0.4387 0.0953
vt 0.4292 0.0957
vt 0.4331 0.0715
vt 0.4202 0.0683
vt 0.4324 0.0576
vt 0.4204 0.0992
vt 0.4119 0.1078
vt 0.417 0.1132
vt 0.4099 0.1177
vt 0.4167 0.12
vt 0.4033 0.0629
vt 0.4175 0.0591
vt 0.426 0.0439
vt 0.4146 0.0417
vt 0.3999 0.0435
vt 0.4094 0.0263
vt 0.4211 0.0305
vt 0.395 0.0286
vt 0.4031 0.0144
vt 0.3936 0.0151
vt 0.4021 0.0023
vt 0.3923 0.0036
vt 0.3855 0.0081
vt 0.4111 0.0065
vt 0.4189 0.013
vt 0.8711 0.4443
vt 0.873 0.4424
vt 0.8662 0.4436
vt 0.8701 0.4338
vt 0.937 0.0099
vt 0.9395 0.0073
vt 0.936 0.0022
vt 0.9409 0.0087
vt 0.0697 0.5728
vt 0.0751 0.5708
vt 0.0678 0.5605
vt 0.0614 0.5591
vt 0.0651 0.5532
vt 0.069 0.5557
vt 0.0718 0.5493
vt 0.0647 0.5493
vt 0.071 0.5449
vt 0.0789 0.5425
vt 0.0772 0.5571
vt 0.0776 0.5664
vt 0.0792 0.5459
vt 0.0869 0.5532
vt 0.0825 0.5449
vt 0.0829 0.541
vt 0.0904 0.5566
vt 0.0858 0.561
vt 0.0878 0.5645
vt 0.7109 0.4978
vt 0.7148 0.4937
vt 0.7065 0.4875
vt 0.7114 0.4827
vt 0.7085 0.4797
vt 0.7041 0.4832
vt 0.9692 0.5864
vt 0.958 0.5898
vt 0.9663 0.5923
vt 0.9722 0.5913
vt 0.9688 0.603
vt 0.9746 0.6006
vt 0.9766 0.6045
vt 0.9731 0.6079
vt 0.9829 0.6006
vt 0.98 0.6118
vt 0.9771 0.5864
vt 0.9727 0.5889
vt 0.9839 0.582
vt 0.9912 0.5913
vt 0.9775 0.5742
vt 0.9683 0.5835
vt 0.9556 0.5845
vt 0.9585 0.5869
vt 0.9702 0.5693
vt 0.9526 0.5781
vt 0.9771 0.5679
vt 0.9736 0.564
vt 0.4739 0.261
vt 0.4565 0.2529
vt 0.4478 0.2795
vt 0.4648 0.2861
vt 0.4871 0.2622
vt 0.4751 0.2883
vt 0.4434 0.2896
vt 0.4629 0.2981
vt 0.4353 0.3086
vt 0.4585 0.3179
vt 0.426 0.3252
vt 0.4507 0.3315
vt 0.4465 0.3452
vt 0.4617 0.3413
vt 0.4192 0.3401
vt 0.4604 0.3503
vt 0.4399 0.3525
vt 0.4177 0.3511
vt 0.4451 0.3564
vt 0.4321 0.3613
vt 0.4292 0.3691
vt 0.6445 0.097
vt 0.6445 0.1063
vt 0.6489 0.0957
vt 0.6489 0.0903
vt 0.0674 0.5259
vt 0.0668 0.5332
vt 0.0809 0.5205
vt 0.0788 0.5156
vt 0.0837 0.5171
vt 0.7612 0.9829
vt 0.7754 0.9731
vt 0.7666 0.9639
vt 0.7856 0.9668
vt 0.7656 0.9546
vt 0.7363 0.9868
vt 0.7544 0.9487
vt 0.7695 0.9121
vt 0.7832 0.957
vt 0.7788 0.9336
vt 0.7783 0.9194
vt 0.7935 0.9385
vt 0.7954 0.9614
vt 0.8042 0.979
vt 0.8042 0.9653
vt 0.7881 0.917
vt 0.8022 0.9097
vt 0.8013 0.8926
vt 0.5137 0.7886
vt 0.5098 0.8286
vt 0.522 0.8101
vt 0.5283 0.7886
vt 0.5391 0.8179
vt 0.5332 0.7734
vt 0.5176 0.7715
vt 0.5454 0.7925
vt 0.5542 0.8237
vt 0.5518 0.7759
vt 0.5576 0.7568
vt 0.5635 0.7998
vt 0.5698 0.8325
vt 0.5713 0.7812
vt 0.5791 0.7593
vt 0.5811 0.748
vt 0.5591 0.7461
vt 0.5825 0.7354
vt 0.561 0.7339
vt 0.5854 0.708
vt 0.563 0.7061
vt 0.5654 0.6841
vt 0.6079 0.751
vt 0.6094 0.7354
vt 0.6069 0.7646
vt 0.6118 0.7085
vt 0.5923 0.79
vt 0.6177 0.7896
vt 0.6079 0.8066
vt 0.5869 0.6846
vt 0.6133 0.6836
vt 0.6133 0.6592
vt 0.5815 0.8101
vt 0.5884 0.6616
vt 0.5679 0.6616
vt 0.5991 0.8213
vt 0.6177 0.8164
vt 0.5898 0.8403
vt 0.6147 0.8267
vt 0.6094 0.8433
vt 0.5908 0.6333
vt 0.6133 0.6313
vt 0.6128 0.6084
vt 0.5708 0.6343
vt 0.5923 0.6123
vt 0.5742 0.6025
vt 0.5933 0.5986
vt 0.5938 0.5762
vt 0.5879 0.5669
vt 0.6089 0.5547
vt 0.5776 0.5688
vt 0.5923 0.5503
vt 0.5796 0.5293
vt 0.5933 0.5356
vt 0.5796 0.5151
vt 0.605 0.5249
vt 0.6064 0.5371
vt 0.605 0.5029
vt 0.5801 0.499
vt 0.6021 0.481
vt 0.5796 0.481
vt 0.6025 0.4478
vt 0.5825 0.4495
vt 0.6016 0.4167
vt 0.5845 0.4187
vt 0.603 0.3982
vt 0.585 0.4004
vt 0.5977 0.3948
vt 0.6011 0.3813
vt 0.5913 0.3882
vt 0.5835 0.3853
vt 0.2329 0.7578
vt 0.2449 0.7534
vt 0.2422 0.7446
vt 0.2632 0.748
vt 0.2576 0.7388
vt 0.2812 0.7271
vt 0.2861 0.7432
vt 0.2754 0.7139
vt 0.2512 0.7266
vt 0.2382 0.7349
vt 0.2515 0.7212
vt 0.2766 0.7095
vt 0.2378 0.7266
vt 0.2406 0.7109
vt 0.2428 0.6934
vt 0.2314 0.7061
vt 0.2329 0.7397
vt 0.2288 0.7202
vt 0.9209 0.6245
vt 0.9351 0.6138
vt 0.9307 0.6016
vt 0.9121 0.6211
vt 0.9185 0.5991
vt 0.937 0.5869
vt 0.9062 0.6392
vt 0.9146 0.6421
vt 0.9136 0.6558
vt 0.9067 0.6582
vt 0.9131 0.6689
vt 0.9082 0.6758
vt 0.8882 0.6362
vt 0.8892 0.6631
vt 0.8892 0.6206
vt 0.8926 0.6797
vt 0.9111 0.689
vt 0.8965 0.6948
vt 0.915 0.6772
vt 0.9004 0.5908
vt 0.8921 0.5859
vt 0.8887 0.5771
vt 0.8887 0.5615
vt 0.9199 0.5835
vt 0.8999 0.5601
vt 0.8994 0.5469
vt 0.8882 0.5483
vt 0.8877 0.5381
vt 0.8994 0.5386
vt 0.9194 0.5376
vt 0.9224 0.5454
vt 0.9204 0.561
vt 0.9399 0.5796
vt 0.9443 0.5947
vt 0.9404 0.5996
vt 0.9473 0.606
vt 0.9429 0.6104
vt 0.9302 0.561
vt 0.9346 0.5596
vt 0.9302 0.5474
vt 0.9268 0.5371
vt 0.0611 0.8501
vt 0.1027 0.8179
vt 0.0948 0.8145
vt 0.0793 0.8438
vt 0.091 0.8511
vt 0.1118 0.8247
vt 0.1237 0.8369
vt 0.1042 0.8638
vt 0.0709 0.8535
vt 0.0432 0.8691
vt 0.0845 0.8613
vt 0.1001 0.8735
vt 0.0534 0.8735
vt 0.0295 0.8896
vt 0.0671 0.8799
vt 0.0889 0.8926
vt 0.04 0.896
vt 0.0644 0.8984
vt 0.0771 0.9087
vt 0.0513 0.9004
vt 0.024 0.9131
vt 0.017 0.9097
vt 0.0105 0.9238
vt 0.0392 0.9155
vt 0.0635 0.9238
vt 0.0544 0.9346
vt 0.0203 0.9302
vt 0.0305 0.9277
vt 0.0472 0.9492
vt 0.0612 0.9448
vt 0.069 0.936
vt 0.0234 0.9458
vt 0.0139 0.9448
vt 0.0118 0.9502
vt 0.0047 0.9419
vt 0.0073 0.9351
vt 0.002 0.9331
vt 0.0064 0.9233
vt 0.0502 0.4976
vt 0.0411 0.4568
vt 0.043 0.4788
vt 0.0543 0.4563
vt 0.0623 0.4585
vt 0.0573 0.5093
vt 0.0659 0.4409
vt 0.0558 0.4409
vt 0.0389 0.4407
vt 0.0715 0.4246
vt 0.0558 0.4231
vt 0.076 0.4167
vt 0.0357 0.4219
vt 0.0554 0.4116
vt 0.0333 0.4092
vt 0.0126 0.4207
vt 0.0203 0.4409
vt 0.0098 0.4092
vt 0.0068 0.397
vt 0.0825 0.4082
vt 0.0039 0.3689
vt 0.0536 0.3975
vt 0.0706 0.3933
vt 0.0801 0.374
vt 0.0297 0.3696
vt 0.0021 0.3464
vt 0.0372 0.3887
vt 0.0461 0.3784
vt 0.0573 0.3689
vt 0.0263 0.3447
vt 0.0542 0.3455
vt 0.0241 0.3235
vt 0.002 0.3245
vt 0.0492 0.323
vt 0.0025 0.2974
vt 0.0219 0.2952
vt 0.0451 0.293
vt 0.042 0.2683
vt 0.0201 0.271
vt 0.0031 0.2708
vt 0.0368 0.2496
vt 0.0581 0.2443
vt 0.0554 0.2311
vt 0.0327 0.2351
vt 0.0532 0.2114
vt 0.0121 0.2269
vt 0.0021 0.233
vt 0.0045 0.21
vt 0.0282 0.2122
vt 0.0537 0.193
vt 0.0142 0.2094
vt 0.0296 0.1891
vt 0.0574 0.17
vt 0.0162 0.1948
vt 0.0075 0.1921
vt 0.0098 0.1759
vt 0.0373 0.1666
vt 0.0129 0.1603
vt 0.041 0.1461
vt 0.0162 0.1426
vt 0.0602 0.1479
vt 0.0397 0.1126
vt 0.0176 0.1118
vt 0.076 0.1512
vt 0.0727 0.1737
vt 0.0746 0.114
vt 0.0579 0.1125
vt 0.0741 0.0781
vt 0.0577 0.0785
vt 0.0741 0.0565
vt 0.0401 0.0804
vt 0.0217 0.0818
vt 0.0582 0.058
vt 0.0756 0.0381
vt 0.0406 0.0608
vt 0.0211 0.0633
vt 0.0584 0.0401
vt 0.0763 0.0023
vt 0.0592 0.0065
vt 0.0397 0.0439
vt 0.0146 0.047
vt 0.0369 0.0131
vt 0.0267 0.0303
vt 0.0155 0.0198
vt 0.9238 0.2715
vt 0.9175 0.3057
vt 0.9272 0.3074
vt 0.9141 0.2703
vt 0.9087 0.3062
vt 0.9141 0.2646
vt 0.9243 0.259
vt 0.9199 0.2343
vt 0.9014 0.2712
vt 0.8994 0.3088
vt 0.9053 0.2328
vt 0.9146 0.2107
vt 0.8906 0.2764
vt 0.8921 0.3132
vt 0.8848 0.2812
vt 0.8984 0.2588
vt 0.8813 0.2798
vt 0.8818 0.2871
vt 0.8848 0.2632
vt 0.8755 0.2698
vt 0.8901 0.2368
vt 0.8779 0.2373
vt 0.873 0.2502
vt 0.8677 0.2313
vt 0.8999 0.2085
vt 0.8672 0.2029
vt 0.8608 0.2141
vt 0.8638 0.1783
vt 0.8843 0.2133
vt 0.8931 0.186
vt 0.897 0.1708
vt 0.8877 0.168
vt 0.8716 0.1793
vt 0.8691 0.1693
vt 0.8765 0.1642
vt 0.8838 0.1901
vt 0.8818 0.1708
vt 0.8833 0.1609
vt 0.2146 0.7783
vt 0.2136 0.7988
vt 0.2189 0.7974
vt 0.2058 0.7832
vt 0.2084 0.7534
vt 0.1996 0.7603
vt 0.207 0.8008
vt 0.1873 0.771
vt 0.193 0.7891
vt 0.1971 0.8057
vt 0.1855 0.8125
vt 0.1959 0.7783
vt 0.1807 0.8032
vt 0.1753 0.8213
vt 0.1671 0.8081
vt 0.1648 0.8291
vt 0.1797 0.7866
vt 0.1677 0.7856
vt 0.158 0.8213
vt 0.1541 0.8389
vt 0.1453 0.8359
vt 0.1476 0.8447
vt 0.1395 0.8403
vt 0.1721 0.7739
vt 0.1594 0.7812
vt 0.1923 0.7588
vt 0.1566 0.8062
vt 0.1464 0.8188
vt 0.1753 0.7617
vt 0.1801 0.7461
vt 0.2013 0.7422
vt 0.1357 0.8291
vt 0.1436 0.8369
vt 0.1461 0.8027
vt 0.1359 0.8145
vt 0.1259 0.8228
vt 0.1345 0.813
vt 0.125 0.8208
vt 0.1251 0.8076
vt 0.1456 0.8003
vt 0.2034 0.7241
vt 0.2102 0.7256
vt 0.2003 0.7124
vt 0.2158 0.7134
vt 0.1913 0.7246
vt 0.202 0.707
vt 0.207 0.7021
vt 0.2252 0.6938
vt 0.2178 0.6875
vt 0.2158 0.6865
vt 0.1377 0.7969
vt 0.1292 0.7915
vt 0.115 0.8027
vt 0.1142 0.7998
vt 0.0986 0.8052
vt 0.096 0.7998
vt 0.079 0.7969
vt 0.1072 0.7847
vt 0.0939 0.792
vt 0.0936 0.7754
vt 0.0826 0.7808
vt 0.0779 0.771
vt 0.0938 0.7573
vt 0.0742 0.7812
vt 0.0633 0.769
vt 0.1038 0.7646
vt 0.1183 0.771
vt 0.079 0.7617
vt 0.0658 0.7656
vt 0.0591 0.7559
vt 0.076 0.7515
vt 0.0483 0.7427
vt 0.0719 0.7393
vt 0.0442 0.731
vt 0.113 0.7524
vt 0.1387 0.7764
vt 0.0961 0.73
vt 0.0654 0.728
vt 0.1266 0.7563
vt 0.1481 0.7793
vt 0.056 0.7031
vt 0.0343 0.7075
vt 0.0838 0.7124
vt 0.0681 0.7056
vt 0.1042 0.7129
vt 0.0705 0.6929
vt 0.0635 0.6782
vt 0.0795 0.6802
vt 0.0704 0.6636
vt 0.0577 0.6562
vt 0.0504 0.6689
vt 0.0449 0.6899
vt 0.0246 0.6919
vt 0.1182 0.7432
vt 0.1203 0.7314
vt 0.0377 0.6768
vt 0.0157 0.6748
vt 0.1305 0.7427
vt 0.033 0.6709
vt 0.0437 0.6655
vt 0.0532 0.6611
vt 0.0115 0.666
vt 0.0393 0.6655
vt 0.002 0.6709
vt 0.1287 0.73
vt 0.1168 0.7173
vt 0.1231 0.7183
vt 0.1422 0.7588
vt 0.1375 0.7305
vt 0.1261 0.7173
vt 0.1426 0.7422
vt 0.1443 0.7393
vt 0.155 0.7583
vt 0.1411 0.7261
vt 0.1578 0.7397
vt 0.1537 0.7202
vt 0.1572 0.7822
vt 0.1672 0.7598
vt 0.1632 0.7554
vt 0.1659 0.7383
vt 0.1353 0.7031
vt 0.1091 0.7085
vt 0.1753 0.7412
vt 0.181 0.71
vt 0.1652 0.7559
vt 0.1631 0.7144
vt 0.141 0.6914
vt 0.1099 0.6973
vt 0.0959 0.7061
vt 0.0969 0.6938
vt 0.0815 0.7104
vt 0.1766 0.7417
vt 0.1901 0.7236
vt 0.0817 0.6992
vt 0.066 0.7227
vt 0.0809 0.6895
vt 0.0827 0.6689
vt 0.1098 0.6875
vt 0.0981 0.6582
vt 0.0871 0.6426
vt 0.1027 0.623
vt 0.0959 0.6021
vt 0.1077 0.583
vt 0.0988 0.5757
vt 0.1105 0.5537
vt 0.0997 0.5571
vt 0.1107 0.5449
vt 0.0994 0.5483
vt 0.1001 0.5449
vt 0.1123 0.5425
vt 0.098 0.5254
vt 0.1187 0.5439
vt 0.1186 0.5527
vt 0.1099 0.644
vt 0.1119 0.6211
vt 0.1093 0.665
vt 0.1375 0.6636
vt 0.137 0.6416
vt 0.1361 0.6206
vt 0.134 0.541
vt 0.1304 0.5444
vt 0.1414 0.5532
vt 0.1292 0.5371
vt 0.1378 0.5483
vt 0.145 0.5464
vt 0.1182 0.5342
vt 0.167 0.54
vt 0.111 0.5234
vt 0.116 0.5259
vt 0.1085 0.5225
vt 0.1107 0.5205
vt 0.1195 0.522
vt 0.1206 0.5137
vt 0.112 0.502
vt 0.1076 0.5088
vt 0.0985 0.5142
vt 0.0901 0.4871
vt 0.085 0.5068
vt 0.1049 0.4802
vt 0.0903 0.4524
vt 0.1245 0.5068
vt 0.1242 0.5161
vt 0.1294 0.4998
vt 0.1321 0.5068
vt 0.1306 0.4741
vt 0.1104 0.478
vt 0.1038 0.4512
vt 0.1465 0.4998
vt 0.137 0.5103
vt 0.1382 0.5171
vt 0.1562 0.5166
vt 0.1418 0.519
vt 0.1459 0.522
vt 0.1455 0.5361
vt 0.1132 0.4504
vt 0.1021 0.4365
vt 0.0892 0.4373
vt 0.101 0.4202
vt 0.1458 0.4556
vt 0.1133 0.4368
vt 0.1133 0.4209
vt 0.101 0.3931
vt 0.1471 0.4395
vt 0.146 0.4229
vt 0.1131 0.3938
vt 0.1141 0.3667
vt 0.1071 0.3394
vt 0.1635 0.4822
vt 0.1434 0.3943
vt 0.1159 0.3401
vt 0.1083 0.3081
vt 0.117 0.3093
vt 0.1078 0.2803
vt 0.1403 0.342
vt 0.1411 0.3677
vt 0.1743 0.3938
vt 0.1759 0.4229
vt 0.1772 0.4368
vt 0.1783 0.449
vt 0.197 0.4221
vt 0.1976 0.4355
vt 0.1962 0.3923
vt 0.1982 0.4475
vt 0.172 0.3684
vt 0.194 0.3679
vt 0.1913 0.3447
vt 0.1853 0.4734
vt 0.2019 0.4692
vt 0.17 0.3442
vt 0.188 0.3157
vt 0.1741 0.5049
vt 0.139 0.312
vt 0.1669 0.3145
vt 0.1854 0.2871
vt 0.1647 0.2905
vt 0.1163 0.2834
vt 0.1921 0.4946
vt 0.165 0.5386
vt 0.1459 0.542
vt 0.1859 0.5308
vt 0.2018 0.522
vt 0.2148 0.5166
vt 0.208 0.4883
vt 0.2283 0.5098
vt 0.2208 0.4863
vt 0.2147 0.469
vt 0.2086 0.4487
vt 0.8618 0.1547
vt 0.8867 0.1543
vt 0.873 0.1409
vt 0.8916 0.1444
vt 0.9019 0.1573
vt 0.8809 0.1331
vt 0.8691 0.1306
vt 0.8765 0.1273
vt 0.9072 0.1482
vt 0.9194 0.1522
vt 0.9272 0.1469
vt 0.9272 0.1556
vt 0.917 0.1421
vt 0.9019 0.1407
vt 0.9111 0.1304
vt 0.8901 0.1393
vt 0.8872 0.1284
vt 0.8975 0.129
vt 0.8804 0.1048
vt 0.8716 0.1142
vt 0.8687 0.1019
vt 0.8657 0.099
vt 0.8618 0.0969
vt 0.8687 0.0899
vt 0.8652 0.0851
vt 0.8838 0.1008
vt 0.876 0.0869
vt 0.8677 0.075
vt 0.877 0.0818
vt 0.8965 0.1063
vt 0.8613 0.0663
vt 0.855 0.0672
vt 0.873 0.0735
vt 0.8921 0.0782
vt 0.9136 0.111
vt 0.9062 0.1016
vt 0.9224 0.1021
vt 0.9116 0.0873
vt 0.9194 0.1216
vt 0.9214 0.132
vt 0.9287 0.126
vt 0.9395 0.1399
vt 0.9385 0.1311
vt 0.9302 0.1027
vt 0.9277 0.0867
vt 0.9233 0.0867
vt 0.9219 0.0632
vt 0.895 0.0975
vt 0.8848 0.0963
vt 0.874 0.0926
vt 0.8936 0.0898
vt 0.917 0.0736
vt 0.9072 0.0497
vt 0.915 0.0377
vt 0.9019 0.0825
vt 0.8872 0.0853
vt 0.8818 0.0888
vt 0.9058 0.074
vt 0.895 0.0665
vt 0.9048 0.0614
vt 0.8989 0.0485
vt 0.8857 0.0695
vt 0.8911 0.0597
vt 0.8945 0.0482
vt 0.9028 0.0357
vt 0.8877 0.0536
vt 0.877 0.067
vt 0.8755 0.0611
vt 0.874 0.0674
vt 0.8682 0.0646
vt 0.8623 0.0609
vt 0.8574 0.0614
vt 0.9019 0.022
vt 0.8887 0.0386
vt 0.9009 0.0126
vt 0.9165 0.0297
vt 0.8921 0.0153
vt 0.8921 0.0067
vt 0.8789 0.0071
vt 0.8838 0.0022
vt 0.8867 0.0398
vt 0.8838 0.0497
vt 0.8774 0.0479
vt 0.876 0.0372
vt 0.8853 0.0218
vt 0.8687 0.0323
vt 0.8701 0.0446
vt 0.5557 0.9458
vt 0.5571 0.9521
vt 0.5723 0.9492
vt 0.543 0.9487
vt 0.5498 0.9556
vt 0.5405 0.9507
vt 0.5425 0.9604
vt 0.5308 0.9404
vt 0.5576 0.9365
vt 0.5215 0.9292
vt 0.5718 0.9448
vt 0.5381 0.9282
vt 0.5332 0.9194
vt 0.5127 0.9194
vt 0.5088 0.9106
vt 0.5278 0.9111
vt 0.5054 0.9058
vt 0.5371 0.9194
vt 0.5278 0.9033
vt 0.5493 0.9272
vt 0.5693 0.9355
vt 0.5801 0.9385
vt 0.583 0.9443
vt 0.5835 0.9346
vt 0.5156 0.8994
vt 0.5044 0.8979
vt 0.5244 0.8994
vt 0.5303 0.8892
vt 0.5093 0.8916
vt 0.5264 0.8882
vt 0.5132 0.8867
vt 0.5146 0.8794
vt 0.6499 0.0377
vt 0.6367 0.0544
vt 0.646 0.062
vt 0.6421 0.0436
vt 0.6396 0.0335
vt 0.645 0.0215
vt 0.6333 0.0258
vt 0.6533 0.0239
vt 0.6289 0.0176
vt 0.6494 0.0116
vt 0.6567 0.0166
vt 0.6411 0.0065
vt 0.6328 0.014
vt 0.6177 0.0045
vt 0.6333 0.0023
vt 0.8149 0.6587
vt 0.8281 0.627
vt 0.8125 0.6226
vt 0.8276 0.6094
vt 0.811 0.6069
vt 0.8267 0.5952
vt 0.8115 0.5918
vt 0.8037 0.543
vt 0.8198 0.5439
vt 0.7979 0.5078
vt 0.8193 0.5098
vt 0.7935 0.4768
vt 0.8477 0.5435
vt 0.8501 0.5737
vt 0.8501 0.5962
vt 0.854 0.6099
vt 0.854 0.6323
vt 0.8481 0.5112
vt 0.8301 0.6582
vt 0.8564 0.6592
vt 0.8496 0.4839
vt 0.8311 0.6816
vt 0.8135 0.6821
vt 0.8569 0.6831
vt 0.8115 0.7202
vt 0.8276 0.7197
vt 0.8521 0.7212
vt 0.8105 0.7568
vt 0.8267 0.7573
vt 0.8501 0.7588
vt 0.8101 0.7788
vt 0.8262 0.7798
vt 0.8491 0.7812
vt 0.8086 0.7979
vt 0.8257 0.7983
vt 0.8096 0.833
vt 0.8477 0.8003
vt 0.8242 0.8345
vt 0.8442 0.8354
vt 0.9468 0.2795
vt 0.9453 0.302
vt 0.9507 0.2839
vt 0.9399 0.301
vt 0.9434 0.3066
vt 0.9409 0.2815
vt 0.9375 0.3074
vt 0.936 0.3018
vt 0.9575 0.6235
vt 0.9683 0.6138
vt 0.9468 0.6167
vt 0.9448 0.6367
vt 0.9575 0.6333
vt 0.9414 0.6382
vt 0.959 0.6475
vt 0.9497 0.6548
vt 0.9468 0.6562
vt 0.9688 0.6646
vt 0.96 0.6699
vt 0.9824 0.6753
vt 0.981 0.6816
vt 0.9976 0.6807
vt 0.6265 0.0594
vt 0.6265 0.0796
vt 0.6455 0.085
vt 0.623 0.0548
vt 0.7749 0.0954
vt 0.7568 0.1086
vt 0.7651 0.1147
vt 0.7754 0.1055
vt 0.7842 0.095
vt 0.771 0.113
vt 0.77 0.1238
vt 0.7622 0.1222
vt 0.77 0.1375
vt 0.7549 0.1351
vt 0.7642 0.1345
vt 0.7651 0.1469
vt 0.7471 0.1625
vt 0.7568 0.1655
vt 0.7534 0.1869
vt 0.7476 0.1788
vt 0.7524 0.1909
vt 0.3308 0.813
vt 0.322 0.813
vt 0.3232 0.8252
vt 0.3157 0.8237
vt 0.3052 0.8208
vt 0.3118 0.8105
vt 0.2954 0.8032
vt 0.3118 0.832
vt 0.29 0.8145
vt 0.2815 0.7949
vt 0.3003 0.8306
vt 0.2786 0.8037
vt 0.2717 0.7896
vt 0.2693 0.7979
vt 0.2651 0.813
vt 0.2859 0.8267
vt 0.2712 0.8271
vt 0.2644 0.8394
vt 0.3176 0.8379
vt 0.3081 0.8413
vt 0.2954 0.8438
vt 0.2844 0.8438
vt 0.3259 0.8374
vt 0.3335 0.8198
vt 0.3286 0.8574
vt 0.3247 0.873
vt 0.3342 0.8843
vt 0.2732 0.8447
vt 0.3142 0.8628
vt 0.3142 0.8857
vt 0.3262 0.8921
vt 0.3369 0.9014
vt 0.3066 0.8691
vt 0.3298 0.9165
vt 0.3352 0.918
vt 0.3008 0.8496
vt 0.2922 0.856
vt 0.2776 0.8599
vt 0.2966 0.8843
vt 0.3181 0.9067
vt 0.3105 0.9243
vt 0.3252 0.9243
vt 0.3333 0.9253
vt 0.3289 0.9326
vt 0.3201 0.9346
vt 0.3088 0.9341
vt 0.3093 0.9077
vt 0.2986 0.9028
vt 0.2849 0.8867
vt 0.2839 0.9077
vt 0.2725 0.8862
vt 0.2656 0.8696
vt 0.3 0.9307
vt 0.3003 0.9204
vt 0.2932 0.937
vt 0.301 0.9399
vt 0.2881 0.9233
vt 0.2905 0.9336
vt 0.2812 0.9341
vt 0.2827 0.9395
vt 0.2695 0.9375
vt 0.2688 0.9316
vt 0.2517 0.9243
vt 0.2568 0.9336
vt 0.2744 0.9277
vt 0.2744 0.9214
vt 0.2581 0.9258
vt 0.2561 0.9204
vt 0.2727 0.9028
vt 0.2563 0.9062
vt 0.2491 0.917
vt 0.2451 0.9072
vt 0.2649 0.8911
vt 0.2522 0.8867
vt 0.2605 0.8833
vt 0.2489 0.8784
vt 0.2396 0.9019
vt 0.244 0.8765
vt 0.2542 0.8799
vt 0.2477 0.8682
vt 0.2585 0.873
vt 0.2419 0.8594
vt 0.2632 0.8594
vt 0.26 0.8618
vt 0.2551 0.877
vt 0.2615 0.8457
vt 0.2559 0.8452
vt 0.2566 0.8428
vt 0.2581 0.8311
vt 0.2502 0.8462
vt 0.2561 0.8647
vt 0.2568 0.8545
vt 0.2534 0.876
vt 0.2438 0.8398
vt 0.2465 0.8589
vt 0.2437 0.8267
vt 0.2382 0.8169
vt 0.2615 0.8193
vt 0.2622 0.8081
vt 0.2388 0.8062
vt 0.2634 0.7998
vt 0.2317 0.7979
vt 0.2288 0.8066
vt 0.2363 0.834
vt 0.2517 0.856
vt 0.2546 0.8643
vt 0.251 0.8735
vt 0.2563 0.8569
vt 0.236 0.7861
vt 0.2289 0.7798
vt 0.2365 0.7773
vt 0.2654 0.7896
vt 0.2673 0.7905
vt 0.2656 0.7822
vt 0.2383 0.772
vt 0.2815 0.7881
vt 0.2656 0.7754
vt 0.2411 0.7671
vt 0.2866 0.7822
vt 0.2793 0.7744
vt 0.29 0.7871
vt 0.2974 0.7974
vt 0.7637 0.4314
vt 0.7568 0.4026
vt 0.7422 0.439
vt 0.7705 0.4304
vt 0.771 0.4041
vt 0.7744 0.3794
vt 0.7798 0.4182
vt 0.7896 0.406
vt 0.7837 0.4246
vt 0.79 0.3821
vt 0.8193 0.3784
vt 0.7886 0.4216
vt 0.8003 0.4268
vt 0.791 0.3491
vt 0.8237 0.4075
vt 0.8228 0.417
vt 0.8452 0.4294
vt 0.835 0.4128
vt 0.8066 0.4172
vt 0.7944 0.4089
vt 0.8501 0.4021
vt 0.8491 0.4163
vt 0.8584 0.427
vt 0.8389 0.3933
vt 0.8457 0.3733
vt 0.8311 0.386
vt 0.8413 0.344
vt 0.8149 0.3467
vt 0.8115 0.3108
vt 0.8379 0.3101
vt 0.8384 0.2786
vt 0.793 0.3115
vt 0.8135 0.2798
vt 0.8354 0.2571
vt 0.7959 0.2812
vt 0.814 0.2581
vt 0.8413 0.244
vt 0.7773 0.3125
vt 0.7783 0.282
vt 0.8169 0.2445
vt 0.8423 0.2313
vt 0.8179 0.2281
vt 0.8433 0.2203
vt 0.8481 0.1938
vt 0.7969 0.2593
vt 0.7974 0.2456
vt 0.7617 0.3145
vt 0.7783 0.2615
vt 0.8228 0.1947
vt 0.8501 0.1691
vt 0.7637 0.2849
vt 0.8252 0.1702
vt 0.8462 0.1281
vt 0.8213 0.1287
vt 0.8467 0.0886
vt 0.8213 0.0887
vt 0.8467 0.0561
vt 0.8208 0.0453
vt 0.8438 0.004
vt 0.8208 0.0037
vt 0.8037 0.192
vt 0.8052 0.1677
vt 0.8027 0.1268
vt 0.8032 0.0876
vt 0.7998 0.2184
vt 0.7988 0.2313
vt 0.7778 0.248
vt 0.7827 0.2303
vt 0.7852 0.214
vt 0.7896 0.1887
vt 0.79 0.1648
vt 0.7896 0.125
vt 0.792 0.0867
vt 0.8037 0.064
vt 0.7939 0.0637
vt 0.8037 0.0435
vt 0.792 0.0439
vt 0.7754 0.2094
vt 0.7798 0.1848
vt 0.7695 0.229
vt 0.7646 0.2499
vt 0.7642 0.2642
vt 0.748 0.2898
vt 0.7451 0.3159
vt 0.7612 0.3501
vt 0.7432 0.3481
vt 0.7603 0.3774
vt 0.7427 0.3721
vt 0.7393 0.3972
vt 0.7422 0.4102
vt 0.731 0.4275
vt 0.7476 0.4136
vt 0.7388 0.4241
vt 0.7427 0.4231
vt 0.3313 0.5718
vt 0.3376 0.5898
vt 0.3469 0.5742
vt 0.344 0.5654
vt 0.3276 0.561
vt 0.3486 0.5625
vt 0.3723 0.5635
vt 0.3645 0.5659
vt 0.3513 0.5918
vt 0.3667 0.5459
vt 0.3748 0.5435
vt 0.343 0.5444
vt 0.3667 0.5356
vt 0.3425 0.5337
vt 0.3718 0.5229
vt 0.3674 0.5918
vt 0.3762 0.5757
vt 0.3577 0.6172
vt 0.3735 0.6162
vt 0.3601 0.6396
vt 0.3748 0.5659
vt 0.3943 0.5688
vt 0.3435 0.5225
vt 0.3325 0.5229
vt 0.3364 0.5044
vt 0.3662 0.4998
vt 0.3845 0.6182
vt 0.3938 0.5654
vt 0.377 0.5005
vt 0.4036 0.5054
vt 0.3572 0.4734
vt 0.3567 0.4937
vt 0.3372 0.4844
vt 0.3269 0.4775
vt 0.3542 0.4478
vt 0.3257 0.4626
vt 0.3242 0.4458
vt 0.3225 0.4167
vt 0.3906 0.5454
vt 0.4219 0.541
vt 0.3506 0.4148
vt 0.3215 0.3899
vt 0.4155 0.5239
vt 0.426 0.5693
vt 0.3472 0.3596
vt 0.3215 0.3633
vt 0.3232 0.3328
vt 0.3459 0.3284
vt 0.3269 0.3083
vt 0.3708 0.4397
vt 0.3726 0.4565
vt 0.3667 0.3855
vt 0.3691 0.4131
vt 0.397 0.4375
vt 0.3975 0.4551
vt 0.3635 0.3577
vt 0.3967 0.4126
vt 0.3979 0.4705
vt 0.3921 0.3833
vt 0.3606 0.3259
vt 0.3872 0.355
vt 0.3464 0.302
vt 0.4277 0.4363
vt 0.4309 0.4543
vt 0.4331 0.4707
vt 0.449 0.439
vt 0.457 0.4558
vt 0.4607 0.4719
vt 0.4668 0.5088
vt 0.4065 0.4285
vt 0.4143 0.4192
vt 0.4209 0.4104
vt 0.4153 0.3826
vt 0.4099 0.353
vt 0.4041 0.3179
vt 0.4429 0.5078
vt 0.3828 0.3223
vt 0.4465 0.5259
vt 0.4663 0.5254
vt 0.4309 0.5132
vt 0.449 0.5405
vt 0.4648 0.5396
vt 0.4543 0.5718
vt 0.4451 0.5713
vt 0.3782 0.2908
vt 0.3992 0.2854
vt 0.3938 0.2612
vt 0.4312 0.5483
vt 0.4314 0.562
vt 0.4268 0.5723
vt 0.446 0.5737
vt 0.3958 0.5771
vt 0.4263 0.5801
vt 0.3977 0.5957
vt 0.4456 0.5811
vt 0.4587 0.5747
vt 0.4021 0.6211
vt 0.4272 0.5967
vt 0.458 0.5815
vt 0.4729 0.5742
vt 0.4714 0.5815
vt 0.4468 0.5977
vt 0.4585 0.5972
vt 0.4724 0.5967
vt 0.4614 0.6201
vt 0.45 0.6211
vt 0.4536 0.6465
vt 0.4307 0.6211
vt 0.4348 0.645
vt 0.4075 0.6445
vt 0.4373 0.6694
vt 0.457 0.6709
vt 0.4106 0.666
vt 0.3901 0.6416
vt 0.4346 0.6914
vt 0.4565 0.6968
vt 0.4092 0.6855
vt 0.3933 0.6636
vt 0.3789 0.6396
vt 0.428 0.7188
vt 0.4009 0.707
vt 0.3928 0.6846
vt 0.3816 0.6621
vt 0.3616 0.6592
vt 0.4578 0.7256
vt 0.4697 0.6709
vt 0.4736 0.7295
vt 0.4526 0.7568
vt 0.4717 0.7637
vt 0.4299 0.7515
vt 0.4443 0.7886
vt 0.4587 0.7969
vt 0.4224 0.8188
vt 0.4456 0.8267
vt 0.4133 0.8433
vt 0.4304 0.8457
vt 0.4307 0.8496
vt 0.4424 0.8452
vt 0.4231 0.7793
vt 0.4058 0.8086
vt 0.4175 0.8223
vt 0.4065 0.8291
vt 0.4023 0.8296
vt 0.3804 0.832
vt 0.4109 0.8447
vt 0.3806 0.835
vt 0.4087 0.8535
vt 0.428 0.8569
vt 0.3835 0.8447
vt 0.3613 0.8315
vt 0.385 0.8535
vt 0.4045 0.8608
vt 0.3564 0.8247
vt 0.3579 0.8232
vt 0.3398 0.8101
vt 0.3391 0.812
vt 0.3755 0.8213
vt 0.3992 0.8042
vt 0.3896 0.7983
vt 0.3699 0.812
vt 0.4106 0.7759
vt 0.4009 0.7734
vt 0.4114 0.7476
vt 0.3979 0.7466
vt 0.3979 0.7725
vt 0.3867 0.7959
vt 0.4106 0.7241
vt 0.3936 0.7324
vt 0.3877 0.7275
vt 0.4136 0.7168
vt 0.3958 0.7144
vt 0.3887 0.7393
vt 0.3757 0.7129
vt 0.3811 0.7314
vt 0.3872 0.7603
vt 0.3743 0.7476
vt 0.3699 0.7192
vt 0.3813 0.7891
vt 0.3572 0.7314
vt 0.3503 0.6973
vt 0.334 0.7061
vt 0.3337 0.6743
vt 0.3625 0.7695
vt 0.3713 0.8062
vt 0.3462 0.812
vt 0.314 0.6792
vt 0.3162 0.6548
vt 0.3435 0.7451
vt 0.3674 0.7944
vt 0.3503 0.7856
vt 0.3015 0.6572
vt 0.3059 0.6392
vt 0.2896 0.6401
vt 0.292 0.6235
vt 0.3491 0.7964
vt 0.3464 0.8096
vt 0.3379 0.7949
vt 0.334 0.7666
vt 0.3242 0.7729
vt 0.3267 0.7954
vt 0.3176 0.7754
vt 0.3103 0.7505
vt 0.3213 0.7427
vt 0.313 0.7412
vt 0.325 0.7266
vt 0.3123 0.728
vt 0.302 0.7393
vt 0.2993 0.7261
vt 0.3093 0.7085
vt 0.2908 0.7114
vt 0.2986 0.6953
vt 0.2834 0.6699
vt 0.2766 0.6895
vt 0.269 0.647
vt 0.2666 0.6738
vt 0.2632 0.6338
vt 0.2542 0.6548
vt 0.2773 0.6353
vt 0.2783 0.6226
vt 0.2788 0.6133
vt 0.2693 0.6128
vt 0.2664 0.6206
vt 0.2588 0.6294
vt 0.2505 0.6484
vt 0.2605 0.6201
vt 0.2542 0.6279
vt 0.9478 0.47
vt 0.96 0.4539
vt 0.9502 0.4578
vt 0.9624 0.439
vt 0.9497 0.4409
vt 0.9644 0.4243
vt 0.9468 0.4263
vt 0.9688 0.4021
vt 0.9526 0.4065
vt 0.9683 0.3948
vt 0.9502 0.3984
vt 0.9648 0.3843
vt 0.9795 0.384
vt 0.9785 0.3953
vt 0.979 0.4282
vt 0.9766 0.4421
vt 0.9736 0.458
vt 0.958 0.4614
vt 0.9688 0.4724
vt 0.9844 0.4705
vt 0.9771 0.4849
vt 0.9902 0.4478
vt 0.9932 0.4302
vt 0.9922 0.417
vt 0.9873 0.4038
vt 0.9897 0.3967
vt 0.8506 0.3279
vt 0.8506 0.3579
vt 0.8613 0.3516
vt 0.8496 0.3369
vt 0.0805 0.3274
vt 0.0802 0.3367
vt 0.0867 0.342
vt 0.0871 0.3325
vt 0.0856 0.3167
vt 0.0778 0.3169
vt 0.0703 0.3003
vt 0.0776 0.3052
vt 0.0781 0.2991
vt 0.0615 0.2859
vt 0.067 0.2815
vt 0.0563 0.2756
vt 0.0589 0.2698
vt 0.0506 0.269
vt 0.7329 0.5781
vt 0.7417 0.5869
vt 0.7432 0.5791
vt 0.731 0.584
vt 0.7407 0.5933
vt 0.7314 0.5894
vt 0.1523 0.0126
vt 0.1346 0.0139
vt 0.1588 0.0183
vt 0.1378 0.0455
vt 0.1604 0.0474
vt 0.1102 0.0416
vt 0.1122 0.0086
vt 0.0974 0.0395
vt 0.0981 0.0047
vt 0.1013 0.0023
vt 0.0972 0.0589
vt 0.1159 0.0591
vt 0.0974 0.0814
vt 0.1107 0.0827
vt 0.0977 0.1185
vt 0.1103 0.1186
vt 0.0956 0.1564
vt 0.1107 0.1553
vt 0.0972 0.1812
vt 0.1109 0.1791
vt 0.1013 0.2036
vt 0.1376 0.0633
vt 0.1252 0.0721
vt 0.1387 0.0837
vt 0.1399 0.1175
vt 0.1433 0.1521
vt 0.1429 0.0521
vt 0.1531 0.0601
vt 0.1566 0.0649
vt 0.1571 0.0847
vt 0.1624 0.1168
vt 0.1687 0.1499
vt 0.1429 0.1753
vt 0.1704 0.1687
vt 0.1453 0.1986
vt 0.173 0.1855
vt 0.1744 0.2029
vt 0.1129 0.2006
vt 0.1142 0.2123
vt 0.1053 0.2273
vt 0.1156 0.2283
vt 0.1432 0.23
vt 0.118 0.2499
vt 0.1069 0.2466
vt 0.1096 0.2607
vt 0.1608 0.2067
vt 0.1646 0.2312
vt 0.1772 0.2219
vt 0.1818 0.2467
vt 0.1193 0.2637
vt 0.1639 0.2524
vt 0.1635 0.2688
vt 0.1393 0.2566
vt 0.1388 0.2705
vt 0.1378 0.2883
vt 0.3835 0.9146
vt 0.3826 0.8965
vt 0.3745 0.9248
vt 0.3828 0.9312
vt 0.3765 0.9419
vt 0.3857 0.9614
vt 0.3997 0.9238
vt 0.3923 0.9531
vt 0.4021 0.9561
vt 0.3989 0.9683
vt 0.415 0.9272
vt 0.4207 0.9458
vt 0.4307 0.9268
vt 0.4146 0.959
vt 0.4275 0.9443
vt 0.437 0.9268
vt 0.4417 0.9082
vt 0.4033 0.9072
vt 0.3896 0.8999
vt 0.4185 0.9097
vt 0.4351 0.9087
vt 0.4453 0.8848
vt 0.4368 0.8853
vt 0.4487 0.8623
vt 0.4351 0.8687
vt 0.4216 0.8926
vt 0.4062 0.8911
vt 0.396 0.8833
vt 0.4219 0.877
vt 0.438 0.8613
vt 0.4067 0.8828
vt 0.4019 0.8657
vt 0.4229 0.873
vt 0.4067 0.8789
vt 0.9634 0.2489
vt 0.9678 0.2455
vt 0.9639 0.2375
vt 0.9692 0.2396
vt 0.9727 0.2454
vt 0.9722 0.2321
vt 0.978 0.2354
vt 0.9731 0.2406
vt 0.9302 0.1726
vt 0.9248 0.1774
vt 0.9268 0.194
vt 0.9146 0.1678
vt 0.915 0.1605
vt 0.0043 0.0197
vt 0.0023 0.0547
vt 0.0068 0.0547
vt 0.002 0.0263
vt 0.0027 0.003
vt 0.0063 0.0023
vt 0.6255 0.626
vt 0.623 0.6484
vt 0.6411 0.6328
vt 0.6279 0.6133
vt 0.6372 0.6006
vt 0.6489 0.6172
vt 0.6616 0.6333
vt 0.6226 0.4563
vt 0.6216 0.4482
vt 0.6162 0.4536
vt 0.6235 0.429
vt 0.6226 0.4397
vt 0.6162 0.436
vt 0.6123 0.4458
vt 0.6143 0.4583
vt 0.6221 0.4644
vt 0.627 0.4607
vt 0.6226 0.4695
vt 0.6328 0.4692
vt 0.6284 0.4712
vt 0.6294 0.4795
vt 0.6406 0.4873
vt 0.6401 0.478
vt 0.6348 0.4863
vt 0.6445 0.4849
vt 0.6411 0.4922
vt 0.6528 0.4893
vt 0.6509 0.4961
vt 0.6616 0.4929
vt 0.6621 0.4958
vt 0.6719 0.4917
vt 0.2484 0.541
vt 0.2416 0.5269
vt 0.2488 0.5654
vt 0.2383 0.561
vt 0.238 0.5884
vt 0.2482 0.5923
vt 0.234 0.6143
vt 0.2461 0.6113
vt 0.2438 0.6177
vt 0.2352 0.5244
vt 0.2328 0.5088
vt 0.2242 0.5928
vt 0.2302 0.6377
vt 0.2394 0.6367
vt 0.2371 0.6553
vt 0.2268 0.562
vt 0.2228 0.5303
vt 0.2206 0.5161
vt 0.2076 0.5361
vt 0.2172 0.5181
vt 0.2063 0.5244
vt 0.2096 0.564
vt 0.1904 0.542
vt 0.1898 0.5308
vt 0.2048 0.5898
vt 0.1903 0.5669
vt 0.1674 0.5498
vt 0.1393 0.5713
vt 0.1664 0.5698
vt 0.1842 0.5879
vt 0.205 0.5908
vt 0.1626 0.5869
vt 0.202 0.5991
vt 0.2252 0.6006
vt 0.1853 0.5981
vt 0.1844 0.5889
vt 0.1626 0.5957
vt 0.1594 0.5962
vt 0.1649 0.6201
vt 0.1875 0.6196
vt 0.201 0.5996
vt 0.2069 0.6196
vt 0.2235 0.6011
vt 0.2241 0.6196
vt 0.1868 0.6367
vt 0.2046 0.6362
vt 0.1667 0.6382
vt 0.2208 0.6367
vt 0.1367 0.5972
vt 0.1689 0.6577
vt 0.1143 0.5967
vt 0.1169 0.5703
vt 0.1885 0.6553
vt 0.1731 0.6836
vt 0.2047 0.6538
vt 0.1925 0.6782
vt 0.2192 0.6543
vt 0.2065 0.6763
vt 0.2294 0.6743
vt 0.2362 0.6738
vt 0.175 0.7051
vt 0.1665 0.6899
vt 0.1682 0.71
vt 0.1552 0.6987
vt 0.9492 0.1493
vt 0.937 0.1453
vt 0.9365 0.1664
vt 0.9395 0.1685
vt 0.937 0.1768
vt 0.9653 0.176
vt 0.9639 0.1511
vt 0.9365 0.1978
vt 0.9863 0.1794
vt 0.9761 0.1571
vt 0.9629 0.1898
vt 0.9805 0.1552
vt 0.9805 0.1479
vt 0.9746 0.1326
vt 0.9653 0.1302
vt 0.9785 0.1958
vt 0.957 0.2083
vt 0.9707 0.2113
vt 0.9648 0.2256
vt 0.936 0.2115
vt 0.9473 0.2354
vt 0.9551 0.235
vt 0.938 0.2358
vt 0.9575 0.2512
vt 0.9502 0.2532
vt 0.9414 0.2551
vt 0.9595 0.2698
vt 0.9443 0.2742
vt 0.3979 0.0911
vt 0.4001 0.098
vt 0.4041 0.0875
vt 0.3962 0.0999
vt 0.3975 0.1102
vt 0.6143 0.5972
vt 0.6118 0.5894
vt 0.603 0.5967
vt 0.6016 0.5903
vt 0.6108 0.583
vt 0.9512 0.3301
vt 0.9468 0.3225
vt 0.9307 0.3457
vt 0.9663 0.3179
vt 0.9663 0.3411
vt 0.9561 0.3499
vt 0.9668 0.314
vt 0.9624 0.3022
vt 0.9751 0.3311
vt 0.979 0.3188
vt 0.9717 0.3418
vt 0.981 0.3071
vt 0.9683 0.3037
vt 0.9668 0.3564
vt 0.9736 0.3523
vt 0.9609 0.3608
vt 0.9673 0.3672
vt 0.9766 0.3696
vt 0.9717 0.3784
vt 0.9653 0.373
vt 0.9639 0.3787
vt 0.9683 0.292
vt 0.9624 0.2891
vt 0.9658 0.2756
vt 0.9761 0.3008
vt 0.9839 0.3003
vt 0.978 0.28
vt 0.9683 0.2773
vt 0.9707 0.2656
vt 0.978 0.2576
vt 0.9839 0.2666
vt 0.9824 0.2461
vt 0.5986 0.3459
vt 0.6055 0.3286
vt 0.6006 0.3284
vt 0.5928 0.3455
vt 0.5962 0.3494
vt 0.5894 0.3611
vt 0.5835 0.3574
vt 0.5767 0.373
vt 0.5713 0.3679
vt 0.5576 0.3848
vt 0.5542 0.3804
vt 0.5376 0.3865
vt 0.5366 0.3909
vt 0.6177 0.4929
vt 0.6196 0.5078
vt 0.624 0.4907
vt 0.6353 0.5073
vt 0.6216 0.5098
vt 0.6123 0.5205
vt 0.6343 0.5112
vt 0.728 0.4924
vt 0.7266 0.457
vt 0.7148 0.4631
vt 0.7378 0.4873
vt 0.7373 0.4534
vt 0.75 0.4814
vt 0.7383 0.4888
vt 0.7271 0.4939
vt 0.7285 0.5029
vt 0.7412 0.4971
vt 0.7373 0.521
vt 0.7539 0.4905
vt 0.7476 0.5132
vt 0.7456 0.5386
vt 0.7603 0.5059
vt 0.7544 0.5283
vt 0.7632 0.4873
vt 0.7578 0.4788
vt 0.7715 0.502
vt 0.7661 0.5205
vt 0.7798 0.5146
vt 0.7866 0.5264
vt 0.7803 0.5278
vt 0.7725 0.5396
vt 0.7627 0.5483
vt 0.7681 0.564
vt 0.7651 0.5776
vt 0.7549 0.5542
vt 0.7598 0.5664
vt 0.7622 0.5869
vt 0.0812 0.204
vt 0.0869 0.2026
vt 0.0668 0.1833
vt 0.0933 0.2245
vt 0.0854 0.2249
vt 0.0952 0.24
vt 0.0877 0.2413
vt 0.092 0.26
vt 0.0869 0.2566
vt 0.086 0.2778
vt 0.0819 0.2747
vt 0.0837 0.2903
vt 0.0677 0.49
vt 0.0777 0.4795
vt 0.0668 0.4766
vt 0.0721 0.4731
vt 0.0737 0.4668
vt 0.0784 0.4736
vt 0.5454 0.6968
vt 0.5264 0.7422
vt 0.5483 0.7466
vt 0.5229 0.708
vt 0.5078 0.7397
vt 0.5039 0.7065
vt 0.5215 0.6895
vt 0.5439 0.6655
vt 0.5029 0.6885
vt 0.52 0.667
vt 0.54 0.6279
vt 0.502 0.667
vt 0.5166 0.6309
vt 0.5352 0.5889
vt 0.4998 0.6313
vt 0.5098 0.5933
vt 0.5327 0.5649
vt 0.4917 0.5952
vt 0.5078 0.5688
vt 0.5293 0.5396
vt 0.4888 0.5718
vt 0.5054 0.541
vt 0.5283 0.5293
vt 0.4873 0.5503
vt 0.5039 0.5298
vt 0.4854 0.5278
vt 0.5269 0.5171
vt 0.4817 0.5098
vt 0.5029 0.5151
vt 0.5229 0.5044
vt 0.5015 0.5029
vt 0.4832 0.4973
vt 0.5244 0.4841
vt 0.5005 0.4814
vt 0.4827 0.4773
vt 0.4824 0.4509
vt 0.502 0.4526
vt 0.5269 0.4541
vt 0.4819 0.4211
vt 0.5278 0.4216
vt 0.5029 0.4216
vt 0.4783 0.3701
vt 0.5283 0.3936
vt 0.5029 0.395
vt 0.502 0.3689
vt 0.4773 0.3442
vt 0.5298 0.366
vt 0.4993 0.345
vt 0.498 0.3279
vt 0.5107 0.3596
vt 0.5186 0.3513
vt 0.5298 0.3423
vt 0.5293 0.3262
vt 0.5293 0.3113
vt 0.4978 0.3135
vt 0.5366 0.2761
vt 0.501 0.2805
vt 0.5654 0.3098
vt 0.5645 0.325
vt 0.5166 0.2727
vt 0.5098 0.2617
vt 0.5601 0.3401
vt 0.5376 0.3525
vt 0.5522 0.3557
vt 0.5928 0.3218
vt 0.5962 0.3086
vt 0.6274 0.3086
vt 0.6245 0.3237
vt 0.6245 0.2737
vt 0.5977 0.2786
vt 0.6201 0.2581
vt 0.5698 0.2747
vt 0.5957 0.2607
vt 0.6162 0.2449
vt 0.5708 0.2588
vt 0.5933 0.244
vt 0.6069 0.2147
vt 0.5859 0.2145
vt 0.5708 0.2456
vt 0.5659 0.2153
vt 0.5508 0.2163
vt 0.541 0.2593
vt 0.5449 0.2452
vt 0.5396 0.2366
vt 0.5259 0.2195
vt 0.5161 0.2461
vt 0.4888 0.2549
vt 0.4902 0.2441
vt 0.4954 0.2253
vt 0.5254 0.2166
vt 0.4956 0.222
vt 0.5498 0.214
vt 0.5259 0.2092
vt 0.4971 0.2136
vt 0.5498 0.207
vt 0.5269 0.1932
vt 0.4983 0.1959
vt 0.5679 0.2058
vt 0.5684 0.2124
vt 0.5498 0.1914
vt 0.5273 0.1699
vt 0.5005 0.1708
vt 0.5894 0.2052
vt 0.5903 0.2123
vt 0.5898 0.191
vt 0.5679 0.1915
vt 0.5503 0.1692
vt 0.5264 0.1459
vt 0.5005 0.1323
vt 0.5898 0.1691
vt 0.6108 0.1688
vt 0.5688 0.1694
vt 0.5503 0.1447
vt 0.6123 0.1438
vt 0.6309 0.144
vt 0.6348 0.1214
vt 0.5903 0.1439
vt 0.5698 0.144
vt 0.6123 0.1213
vt 0.6367 0.0967
vt 0.5923 0.121
vt 0.5713 0.1215
vt 0.5933 0.0957
vt 0.6152 0.0662
vt 0.5503 0.1213
vt 0.5718 0.0955
vt 0.5938 0.0665
vt 0.5918 0.0346
vt 0.6152 0.0362
vt 0.5259 0.1221
vt 0.5483 0.0951
vt 0.5718 0.066
vt 0.522 0.0982
vt 0.4956 0.1071
vt 0.5176 0.071
vt 0.4902 0.0876
vt 0.4873 0.0784
vt 0.5479 0.0681
vt 0.5083 0.0645
vt 0.4993 0.056
vt 0.5068 0.0344
vt 0.5166 0.0357
vt 0.5337 0.0533
vt 0.5229 0.0356
vt 0.5464 0.0371
vt 0.5107 0.0057
vt 0.5083 0.0055
vt 0.5034 0.0085
vt 0.5171 0.0047
vt 0.5259 0.0041
vt 0.5425 0.0042
vt 0.5649 0.0023
vt 0.5864 0.0031
vt 0.6099 0.0028
vt 0.8184 0.9204
vt 0.8271 0.9214
vt 0.8203 0.9106
vt 0.8311 0.9087
vt 0.8369 0.9165
vt 0.8354 0.9263
vt 0.8428 0.9048
vt 0.8237 0.9058
vt 0.812 0.9087
vt 0.8174 0.9019
vt 0.8311 0.8994
vt 0.8257 0.8979
vt 0.8413 0.8926
vt 0.8613 0.8896
vt 0.8555 0.877
vt 0.8784 0.8711
vt 0.8276 0.8892
vt 0.8682 0.8628
vt 0.8403 0.8706
vt 0.8145 0.8848
vt 0.8271 0.8682
vt 0.8564 0.8535
vt 0.8916 0.8511
vt 0.8389 0.8521
vt 0.8789 0.8374
vt 0.9111 0.8335
vt 0.8604 0.8423
vt 0.8647 0.8281
vt 0.9038 0.8174
vt 0.8799 0.8169
vt 0.9263 0.8228
vt 0.9004 0.7993
vt 0.9214 0.8018
vt 0.9131 0.7881
vt 0.9336 0.8184
vt 0.9292 0.7935
vt 0.9385 0.8169
vt 0.9312 0.8369
vt 0.9351 0.7866
vt 0.6333 0.2455
vt 0.6284 0.2462
vt 0.6328 0.2522
vt 0.6367 0.2502
vt 0.6387 0.2566
vt 0.9614 0.4927
vt 0.9648 0.4875
vt 0.9468 0.4858
vt 0.9795 0.4978
vt 0.9702 0.5078
vt 0.9858 0.5151
vt 0.9751 0.5151
vt 0.9819 0.5391
vt 0.9868 0.5376
vt 0.9775 0.5508
vt 0.9834 0.5591
vt 0.9185 0.3125
vt 0.9038 0.3218
vt 0.9204 0.3376
vt 0.9097 0.3394
vt 0.6343 0.5317
vt 0.623 0.5347
vt 0.6411 0.5615
vt 0.6504 0.5571
vt 0.6367 0.5298
vt 0.6411 0.5244
vt 0.6465 0.5703
vt 0.6387 0.5718
vt 0.645 0.5918
vt 0.6592 0.5884
vt 0.6577 0.6079
vt 0.6621 0.5474
vt 0.6489 0.5132
vt 0.6567 0.5645
vt 0.667 0.6006
vt 0.6694 0.6162
vt 0.6704 0.5396
vt 0.6519 0.5059
vt 0.6748 0.5342
vt 0.6636 0.5493
vt 0.6689 0.5781
vt 0.6733 0.54
vt 0.6709 0.5566
vt 0.6826 0.5469
vt 0.688 0.541
vt 0.6826 0.5708
vt 0.6938 0.5645
vt 0.7012 0.5605
vt 0.6797 0.5942
vt 0.7051 0.583
vt 0.7139 0.5801
vt 0.6924 0.5869
vt 0.7144 0.6006
vt 0.7305 0.6069
vt 0.6875 0.6079
vt 0.7041 0.6035
vt 0.6904 0.6196
vt 0.6787 0.6221
vt 0.6753 0.625
vt 0.6982 0.6172
vt 0.7158 0.6167
vt 0.6982 0.6279
vt 0.6807 0.6255
vt 0.6704 0.6416
vt 0.7324 0.6162
vt 0.7393 0.6187
vt 0.7368 0.6084
vt 0.7271 0.6216
vt 0.7378 0.6304
vt 0.7144 0.6382
vt 0.7275 0.646
vt 0.7007 0.6538
vt 0.7158 0.6655
vt 0.6855 0.645
vt 0.6729 0.6533
vt 0.6602 0.6509
vt 0.6543 0.6616
vt 0.6841 0.6592
vt 0.6978 0.6748
vt 0.7202 0.6738
vt 0.7056 0.686
vt 0.6885 0.6846
vt 0.6948 0.7041
vt 0.6846 0.7148
vt 0.6729 0.668
vt 0.6729 0.6929
vt 0.6807 0.7197
vt 0.6694 0.7007
vt 0.6533 0.688
vt 0.6611 0.6782
vt 0.6416 0.6753
vt 0.6387 0.6831
vt 0.6289 0.6826
vt 0.6318 0.6782
vt 0.625 0.6855
vt 0.0852 0.0416
vt 0.0829 0.0594
vt 0.0876 0.063
vt 0.0836 0.0736
vt 0.4319 0.2729
vt 0.4458 0.2449
vt 0.4167 0.2649
vt 0.4302 0.2347
vt 0.407 0.261
vt 0.4524 0.2361
vt 0.4192 0.2284
vt 0.4363 0.2229
vt 0.4238 0.2168
vt 0.4634 0.2184
vt 0.4456 0.2004
vt 0.4341 0.1943
vt 0.4612 0.2012
vt 0.4727 0.2024
vt 0.4558 0.1794
vt 0.446 0.1727
vt 0.4634 0.1624
vt 0.4797 0.1837
vt 0.4717 0.151
vt 0.4844 0.1736
vt 0.4844 0.1442
vt 0.491 0.1633
vt 0.7314 0.5728
vt 0.7461 0.5703
vt 0.731 0.5571
vt 0.7451 0.5562
vt 0.542 0.5249
vt 0.5513 0.5308
vt 0.5454 0.5249
vt 0.5552 0.5293
vt 0.5605 0.5298
vt 0.5649 0.5356
vt 0.5562 0.5337
vt 0.5625 0.5415
vt 0.5571 0.5464
vt 0.5503 0.5415
vt 0.5488 0.5205
vt 0.5649 0.5234
vt 0.5503 0.5151
vt 0.5386 0.519
vt 0.543 0.5122
vt 0.5366 0.5122
vt 0.54 0.5083
vt 0.8784 0.5161
vt 0.8799 0.5024
vt 0.8633 0.4966
vt 0.8628 0.5127
vt 0.8584 0.5337
vt 0.8755 0.5322
vt 0.874 0.5454
vt 0.855 0.5464
vt 0.8809 0.5386
vt 0.3 0.028
vt 0.2847 0.0345
vt 0.2886 0.0664
vt 0.3018 0.0622
vt 0.2964 0.0698
vt 0.301 0.0768
vt 0.3196 0.0202
vt 0.3252 0.0529
vt 0.302 0.0806
vt 0.3374 0.0133
vt 0.3208 0.0831
vt 0.3079 0.1005
vt 0.3401 0.0485
vt 0.3308 0.0949
vt 0.3105 0.1343
vt 0.3428 0.0679
vt 0.3342 0.1313
vt 0.3127 0.1702
vt 0.3457 0.0908
vt 0.3347 0.1692
vt 0.3132 0.1941
vt 0.3501 0.1283
vt 0.3364 0.1934
vt 0.313 0.2177
vt 0.3506 0.1672
vt 0.3386 0.2247
vt 0.3147 0.231
vt 0.3516 0.1926
vt 0.3628 0.0636
vt 0.3657 0.0869
vt 0.3699 0.1255
vt 0.3723 0.1656
vt 0.3606 0.0435
vt 0.3574 0.008
vt 0.3572 0.0049
vt 0.3376 0.0109
vt 0.3762 0.0023
vt 0.3811 0.0405
vt 0.384 0.0609
vt 0.3872 0.0852
vt 0.3901 0.1257
vt 0.3948 0.1671
vt 0.3743 0.192
vt 0.3967 0.1927
vt 0.375 0.2325
vt 0.3965 0.2222
vt 0.3533 0.2214
vt 0.3767 0.252
vt 0.3975 0.2461
vt 0.3542 0.2407
vt 0.3403 0.2443
vt 0.375 0.2666
vt 0.3538 0.2617
vt 0.3557 0.2759
vt 0.3167 0.2498
vt 0.3059 0.2452
vt 0.3064 0.2294
vt 0.3047 0.2629
vt 0.321 0.2761
vt 0.3071 0.2734
vt 0.3098 0.2974
vt 0.3391 0.2683
vt 0.3252 0.29
vt 0.3105 0.3125
vt 0.343 0.282
vt 0.3098 0.3354
vt 0.3589 0.2974
vt 0.2991 0.4314
vt 0.3027 0.4355
vt 0.3076 0.4238
vt 0.2993 0.4253
vt 0.3049 0.4207
vt 0.3062 0.4106
vt 0.3135 0.4214
vt 0.9141 0.9248
vt 0.9224 0.936
vt 0.9272 0.9268
vt 0.9116 0.938
vt 0.9038 0.936
vt 0.9053 0.9233
vt 0.8955 0.9312
vt 0.9185 0.9155
vt 0.895 0.9097
vt 0.8877 0.9062
vt 0.9067 0.9141
vt 0.896 0.896
vt 0.8906 0.8911
vt 0.897 0.8809
vt 0.8936 0.874
vt 0.9072 0.8853
vt 0.9053 0.8735
vt 0.8994 0.8662
vt 0.9111 0.854
vt 0.9092 0.9004
vt 0.9243 0.9019
vt 0.9189 0.8613
vt 0.9233 0.8462
vt 0.9331 0.8584
vt 0.9331 0.8423
vt 0.9404 0.8496
vt 0.9238 0.8687
vt 0.9253 0.8799
vt 0.9395 0.8726
vt 0.958 0.854
vt 0.9473 0.8452
vt 0.9546 0.8662
vt 0.9658 0.8608
vt 0.936 0.8813
vt 0.9541 0.8774
vt 0.9663 0.8711
vt 0.9629 0.8848
vt 0.9717 0.8716
vt 0.9697 0.8574
vt 0.9678 0.8857
vt 0.9595 0.9033
vt 0.9526 0.8872
vt 0.9482 0.8994
vt 0.9385 0.896
vt 0.9419 0.9092
vt 0.9292 0.9165
vt 0.7617 0.213
vt 0.7539 0.1962
vt 0.7578 0.2218
vt 0.7441 0.2108
vt 0.7485 0.2306
vt 0.7368 0.2059
vt 0.7363 0.2202
vt 0.7407 0.235
vt 0.542 0.5493
vt 0.5464 0.562
vt 0.5503 0.5532
vt 0.5542 0.5571
vt 0.5522 0.5674
vt 0.5566 0.5635
vt 0.7715 0.1672
vt 0.7778 0.1719
vt 0.7744 0.1558
vt 0.7651 0.1796
vt 0.7671 0.1824
vt 0.7632 0.186
vt 0.5654 0.468
vt 0.5522 0.4834
vt 0.5728 0.4692
vt 0.543 0.4836
vt 0.5513 0.49
vt 0.5547 0.4717
vt 0.5615 0.4622
vt 0.5688 0.4641
vt 0.5591 0.458
vt 0.5439 0.4944
vt 0.5376 0.4917
vt 0.5332 0.5029
vt 0.5449 0.4675
vt 0.5396 0.4763
vt 0.5503 0.4751
vt 0.5396 0.4829
vt 0.5322 0.4807
vt 0.5312 0.4949
vt 0.5347 0.4731
vt 0.5454 0.4607
vt 0.5537 0.4551
vt 0.5498 0.4512
vt 0.542 0.4558
vt 0.4626 0.4202
vt 0.4592 0.4302
vt 0.469 0.4233
vt 0.467 0.4321
vt 0.4556 0.436
vt 0.4697 0.4297
vt 0.2896 0.3037
vt 0.2981 0.3188
vt 0.2942 0.3066
vt 0.2944 0.2998
vt 0.2827 0.2966
vt 0.2827 0.0162
vt 0.2881 0.0225
vt 0.2917 0.0118
vt 0.2981 0.0023
vt 0.2549 0.395
vt 0.2341 0.3923
vt 0.2488 0.4077
vt 0.2686 0.4075
vt 0.2607 0.4287
vt 0.2766 0.4189
vt 0.269 0.428
vt 0.2981 0.4468
vt 0.2676 0.4421
vt 0.2939 0.449
vt 0.3059 0.4587
vt 0.2861 0.4539
vt 0.2756 0.459
vt 0.2944 0.4617
vt 0.2788 0.4697
vt 0.2952 0.4705
vt 0.3049 0.4644
vt 0.2839 0.4863
vt 0.2695 0.4915
vt 0.2898 0.5083
vt 0.2693 0.479
vt 0.2661 0.4607
vt 0.2578 0.4836
vt 0.2566 0.4556
vt 0.2474 0.4846
vt 0.2499 0.5049
vt 0.2386 0.4995
vt 0.2394 0.4917
vt 0.262 0.5098
vt 0.2781 0.5063
vt 0.2717 0.5166
vt 0.2788 0.5234
vt 0.2954 0.5205
vt 0.2859 0.5308
vt 0.6318 0.7007
vt 0.6562 0.7222
vt 0.644 0.6978
vt 0.6401 0.7153
vt 0.6274 0.7036
vt 0.6235 0.707
vt 0.647 0.7241
vt 0.6636 0.7402
vt 0.6353 0.7275
vt 0.6177 0.7095
vt 0.624 0.7241
vt 0.6265 0.7314
vt 0.6406 0.7422
vt 0.6357 0.7485
vt 0.6455 0.7568
vt 0.6475 0.7524
vt 0.6475 0.7363
vt 0.6533 0.7456
vt 0.7788 0.4702
vt 0.7642 0.4646
vt 0.7773 0.4746
vt 0.7705 0.4583
vt 0.7793 0.4644
vt 0.7734 0.4504
vt 0.7642 0.4539
vt 0.7554 0.4536
vt 0.7637 0.4434
vt 0.7524 0.4492
vt 0.7676 0.448
vt 0.7705 0.4456
vt 0.7686 0.4387
vt 0.0728 0.3682
vt 0.0856 0.3645
vt 0.0866 0.3601
vt 0.0708 0.3606
vt 0.0668 0.366
vt 0.0672 0.3591
vt 0.0832 0.3557
vt 0.0795 0.353
vt 0.0807 0.3474
vt 0.9463 0.9878
vt 0.9526 0.9854
vt 0.9517 0.9736
vt 0.9585 0.9785
vt 0.9639 0.9692
vt 0.957 0.96
vt 0.9502 0.9604
vt 0.9541 0.9526
vt 0.9478 0.9531
vt 0.9648 0.96
vt 0.9722 0.9648
vt 0.9688 0.9702
vt 0.9731 0.9531
vt 0.9839 0.9546
vt 0.9658 0.9482
vt 0.957 0.9336
vt 0.9482 0.9448
vt 0.9478 0.9512
vt 0.9409 0.9531
vt 0.9438 0.96
vt 0.9365 0.9521
vt 0.9399 0.9683
vt 0.9395 0.9414
vt 0.9814 0.9473
vt 0.9775 0.9419
vt 0.9912 0.9424
vt 0.9907 0.9546
vt 0.9883 0.937
vt 0.9951 0.9556
vt 0.9814 0.96
vt 0.9805 0.9634
vt 0.9917 0.9639
vt 0.9966 0.9595
vt 0.9785 0.9678
vt 0.9795 0.9722
vt 0.9736 0.9697
vt 0.9731 0.9722
vt 0.9756 0.9287
vt 0.9697 0.9258
vt 0.9834 0.9185
vt 0.9951 0.9321
vt 0.9961 0.9438
vt 0.9902 0.9092
vt 0.9849 0.9077
vt 0.9771 0.9077
vt 0.9619 0.9194
vt 0.9648 0.9111
vt 0.9521 0.9189
vt 0.9575 0.9277
vt 0.9502 0.9204
vt 0.9463 0.9312
vt 0.9365 0.9341
vt 0.9307 0.9556
vt 0.9331 0.9692
vt 0.9365 0.9771
vt 0.9448 0.9736
vt 0.9326 0.9756
vt 0.9858 0.0546
vt 0.9897 0.0524
vt 0.9893 0.0263
vt 0.959 0.0292
vt 0.9775 0.0134
vt 0.9888 0.0142
vt 0.9771 0.0032
vt 0.9888 0.0023
vt 0.9551 0.0156
vt 0.959 0.0043
vt 0.9502 0.0042
vt 0.9478 0.0142
vt 0.9492 0.0282
vt 0.9448 0.0279
vt 0.9595 0.046
vt 0.9453 0.0446
vt 0.9414 0.0448
vt 0.9443 0.0517
vt 0.9609 0.0666
vt 0.9805 0.0681
vt 0.9668 0.0883
vt 0.9819 0.0879
vt 0.9888 0.0879
vt 0.9902 0.1033
vt 0.9727 0.1054
vt 0.9888 0.1277
vt 0.9722 0.1215
vt 0.2175 0.4141
vt 0.2072 0.3843
vt 0.2079 0.4097
vt 0.2201 0.4221
vt 0.233 0.4243
vt 0.2307 0.4302
vt 0.222 0.4297
vt 0.2366 0.4309
vt 0.2473 0.4258
vt 0.0376 0.7461
vt 0.0201 0.7148
vt 0.0166 0.7261
vt 0.0361 0.7573
vt 0.041 0.7563
vt 0.05 0.7588
vt 0.0116 0.7368
vt 0.0471 0.7715
vt 0.0321 0.7725
vt 0.009 0.7573
vt 0.0085 0.7749
vt 0.0292 0.7891
vt 0.0437 0.7856
vt 0.007 0.7944
vt 0.0256 0.8027
vt 0.0385 0.8018
vt 0.0072 0.8042
vt 0.0238 0.8105
vt 0.002 0.835
vt 0.0354 0.8105
vt 0.0195 0.8413
vt 0.0327 0.8408
vt 0.0091 0.074
vt 0.0125 0.0616
vt 0.0104 0.0614
vt 0.0021 0.0923
vt 0.0048 0.092
vt 0.0054 0.1052
vt 0.002 0.1056
vt 0.4016 0.1346
vt 0.4109 0.1447
vt 0.4023 0.124
vt 0.4075 0.1476
vt 0.4246 0.1689
vt 0.4202 0.1705
vt 0.4287 0.1654
vt 0.4158 0.1425
vt 0.4192 0.1429
vt 0.4294 0.1616
vt 0.2512 0.4478
vt 0.2522 0.4409
vt 0.2495 0.4348
vt 0.245 0.4382
vt 0.9658 0.8369
vt 0.9531 0.8228
vt 0.9526 0.835
vt 0.9668 0.8218
vt 0.9526 0.8052
vt 0.9839 0.8218
vt 0.9819 0.8379
vt 0.9961 0.8369
vt 0.9663 0.8047
vt 0.9658 0.7949
vt 0.9526 0.7939
vt 0.9863 0.7925
vt 0.9839 0.8042
vt 0.9941 0.8213
vt 0.9937 0.8052
vt 0.9961 0.7944
vt 0.9956 0.8066
vt 0.0682 0.2505
vt 0.0614 0.2625
vt 0.0729 0.2542
vt 0.0696 0.2356
vt 0.0743 0.2374
vt 0.0686 0.2246
vt 0.3064 0.5312
vt 0.3213 0.5454
vt 0.3132 0.5303
vt 0.3267 0.5386
vt 0.3162 0.5259
vt 0.3044 0.5244
vt 0.3062 0.5176
vt 0.3164 0.5215
vt 0.3057 0.5122
vt 0.3289 0.5347
vt 0.332 0.5405
vt 0.3301 0.5454
vt 0.2629 0.1824
vt 0.2715 0.1705
vt 0.2622 0.1808
vt 0.2527 0.1697
vt 0.2698 0.1544
vt 0.2515 0.1904
vt 0.2617 0.1914
vt 0.2637 0.2007
vt 0.2507 0.153
vt 0.2676 0.1384
vt 0.2389 0.2233
vt 0.2661 0.2087
vt 0.261 0.2278
vt 0.2725 0.224
vt 0.2751 0.2357
vt 0.2322 0.2128
vt 0.2467 0.2341
vt 0.2321 0.1888
vt 0.2179 0.1997
vt 0.2676 0.2524
vt 0.2593 0.2499
vt 0.2671 0.2615
vt 0.2335 0.1685
vt 0.2142 0.1893
vt 0.1932 0.1864
vt 0.1862 0.1692
vt 0.272 0.2573
vt 0.2788 0.2424
vt 0.2732 0.2654
vt 0.2651 0.2673
vt 0.2793 0.2595
vt 0.2805 0.2549
vt 0.2795 0.2676
vt 0.2844 0.2773
vt 0.2754 0.2761
vt 0.2651 0.2673
vt 0.2678 0.2791
vt 0.2795 0.2913
vt 0.2883 0.2874
vt 0.2961 0.2874
vt 0.1512 0.9453
vt 0.1556 0.9487
vt 0.1562 0.9424
vt 0.1542 0.9326
vt 0.1495 0.9321
vt 0.1604 0.9341
vt 0.1541 0.9141
vt 0.1462 0.9214
vt 0.1477 0.9116
vt 0.1584 0.9082
vt 0.1367 0.9238
vt 0.1422 0.9253
vt 0.1426 0.894
vt 0.1383 0.937
vt 0.1387 0.9072
vt 0.1322 0.8936
vt 0.139 0.8906
vt 0.1423 0.8604
vt 0.1349 0.8628
vt 0.1445 0.8501
vt 0.1276 0.9092
vt 0.1174 0.9082
vt 0.1198 0.8921
vt 0.1058 0.8843
vt 0.1056 0.9092
vt 0.1335 0.9424
vt 0.1263 0.9272
vt 0.1426 0.9673
vt 0.146 0.9644
vt 0.1378 0.9688
vt 0.1292 0.9424
vt 0.1181 0.9282
vt 0.1235 0.9429
vt 0.1283 0.9497
vt 0.1139 0.9448
vt 0.1262 0.9502
vt 0.1279 0.9595
vt 0.1344 0.9604
vt 0.1088 0.936
vt 0.1028 0.9375
vt 0.0998 0.9077
vt 0.0992 0.8906
vt 0.7363 0.1381
vt 0.7417 0.1129
vt 0.7393 0.1136
vt 0.7451 0.095
vt 0.75 0.0972
vt 0.7637 0.0771
vt 0.7559 0.0725
vt 0.7734 0.0552
vt 0.7695 0.052
vt 0.7817 0.0379
vt 0.7827 0.0405
vt 0.4543 0.0521
vt 0.4675 0.0709
vt 0.4736 0.0567
vt 0.4604 0.0363
vt 0.4504 0.0237
vt 0.4402 0.036
vt 0.4487 0.0078
vt 0.436 0.0188
vt 0.4285 0.0023
vt 0.0636 0.3511
vt 0.0692 0.3284
vt 0.0614 0.3503
vt 0.0675 0.3411
vt 0.9956 0.3105
vt 0.9937 0.3093
vt 0.9863 0.3374
vt 0.9878 0.3398
vt 0.9849 0.3469
vt 0.5225 0.8564
vt 0.5151 0.8564
vt 0.5234 0.8643
vt 0.5273 0.8584
vt 0.5293 0.8643
vt 0.543 0.8442
vt 0.5503 0.853
vt 0.5508 0.8452
vt 0.5542 0.8452
vt 0.5386 0.8369
vt 0.5396 0.8335
vt 0.5322 0.8242
vt 0.7563 0.2388
vt 0.751 0.2401
vt 0.7505 0.2493
vt 0.749 0.2454
vt 0.7456 0.245
vt 0.752 0.2576
vt 0.7417 0.2554
vt 0.7417 0.2725
vt 0.3235 0.5869
vt 0.3171 0.5869
vt 0.3269 0.5957
vt 0.3152 0.5923
vt 0.323 0.6001
vt 0.9937 0.219
vt 0.9863 0.2289
vt 0.9966 0.2362
vt 0.9795 0.2234
vt 0.9854 0.2185
vt 0.9917 0.2098
vt 0.9795 0.2177
vt 0.9902 0.2019
vt 0.3201 0.4761
vt 0.3123 0.4773
vt 0.3167 0.4814
vt 0.3096 0.4814
vt 0.3066 0.4778
vt 0.3198 0.4927
vt 0.3044 0.4836
vt 0.3179 0.4976
vt 0.313 0.499
vt 0.6616 0.4727
vt 0.6685 0.467
vt 0.6543 0.4478
vt 0.6558 0.4592
vt 0.6558 0.4778
vt 0.6455 0.4568
vt 0.6499 0.4512
vt 0.6475 0.4402
vt 0.6411 0.4446
vt 0.6348 0.4436
vt 0.6372 0.4375
vt 0.6387 0.4341
vt 0.6338 0.436
vt 0.7915 0.561
vt 0.7871 0.5405
vt 0.7798 0.5459
vt 0.7798 0.5605
vt 0.7891 0.5786
vt 0.7925 0.5786
vt 0.7915 0.6011
vt 0.0112 0.6533
vt 0.0231 0.6587
vt 0.0152 0.647
vt 0.0044 0.6465
vt 0.002 0.6377
vt 0.0108 0.6353
vt 0.0036 0.6294
vt 0.0107 0.6279
vt 0.0147 0.623
vt 0.0104 0.6201
vt 0.0222 0.6206
vt 0.0203 0.6167
vt 0.0357 0.6226
vt 0.0326 0.627
vt 0.0432 0.6392
vt 0.0397 0.6396
vt 0.0398 0.6514
vt 0.2369 0.4653
vt 0.2288 0.4719
vt 0.2401 0.4688
vt 0.2321 0.4768
vt 0.4492 0.0707
vt 0.4412 0.0528
vt 0.4395 0.0542
vt 0.45 0.0781
vt 0.459 0.0966
vt 0.916 0.0022
vt 0.9146 0.0036
vt 0.9297 0.0233
vt 0.9233 0.0113
vt 0.9341 0.0242
vt 0.0576 0.6265
vt 0.0569 0.6313
vt 0.0624 0.6299
vt 0.0452 0.6216
vt 0.0479 0.6182
vt 0.0605 0.624
vt 0.0532 0.6172
vt 0.0459 0.6006
vt 0.0521 0.604
vt 0.0641 0.5928
vt 0.0655 0.6001
vt 0.071 0.584
vt 0.0783 0.5903
vt 0.082 0.5845
vt 0.0851 0.5938
vt 0.0857 0.5889
vt 0.7622 0.0207
vt 0.7617 0.0246
vt 0.7734 0.0314
vt 0.7534 0.0133
vt 0.7583 0.0127
vt 0.7471 0.0022
vt 0.1875 0.2296
vt 0.2018 0.2113
vt 0.1855 0.2285
vt 0.199 0.2118
vt 0.2058 0.2021
vt 0.8374 0.438
vt 0.8438 0.4504
vt 0.8589 0.4341
vt 0.8516 0.4583
vt 0.8193 0.4524
vt 0.8315 0.4644
vt 0.8403 0.4729
vt 0.8188 0.4802
vt 0.7905 0.4548
vt 0.7964 0.4495
vt 0.7852 0.4368
vt 0.7998 0.4436
vt 0.8945 0.7046
vt 0.8726 0.6914
vt 0.874 0.7017
vt 0.8711 0.6909
vt 0.8696 0.709
vt 0.8789 0.708
vt 0.8809 0.7183
vt 0.8721 0.73
vt 0.8677 0.7388
vt 0.8794 0.7407
vt 0.8882 0.728
vt 0.8662 0.7446
vt 0.8867 0.7393
vt 0.8809 0.7534
vt 0.8667 0.7549
vt 0.8696 0.7656
vt 0.8965 0.7622
vt 0.9175 0.7739
vt 0.8818 0.7759
vt 0.8726 0.7749
vt 0.8887 0.79
vt 0.8726 0.7842
vt 0.8809 0.7876
vt 0.8794 0.7993
vt 0.8984 0.3489
vt 0.9048 0.3596
vt 0.9155 0.3508
vt 0.8857 0.3608
vt 0.894 0.3694
vt 0.9067 0.3833
vt 0.875 0.3506
vt 0.8911 0.3364
vt 0.8647 0.3293
vt 0.8848 0.322
vt 0.855 0.3135
vt 0.8691 0.301
vt 0.8604 0.2864
vt 0.8442 0.301
vt 0.8496 0.2915
vt 0.8535 0.2681
vt 0.8511 0.2622
vt 0.874 0.3784
vt 0.8818 0.3806
vt 0.8672 0.385
vt 0.873 0.3936
vt 0.895 0.3835
vt 0.8916 0.397
vt 0.8735 0.3967
vt 0.9053 0.4028
vt 0.217 0.0068
vt 0.2096 0.0023
vt 0.2036 0.0145
vt 0.1921 0.0131
vt 0.1853 0.0324
vt 0.1825 0.0185
vt 0.1899 0.01
vt 0.1788 0.0443
vt 0.1718 0.0391
vt 0.1693 0.0511
vt 0.5601 0.5908
vt 0.5625 0.5986
vt 0.5649 0.5928
vt 0.5586 0.5952
vt 0.5542 0.5942
vt 0.5552 0.5991
vt 0.5527 0.6025
vt 0.5586 0.6045
vt 0.186 0.1938
vt 0.1884 0.2023
vt 0.1924 0.198
vt 0.1808 0.1932
vt 0.1802 0.189
vt 0.4797 0.0061
vt 0.4763 0.0022
vt 0.4702 0.0099
vt 0.4778 0.0113
vt 0.4727 0.0191
vt 0.4663 0.0183
vt 0.4797 0.0359
vt 0.4858 0.0289
vt 0.4868 0.0367
vt 0.4932 0.0261
vt 0.4985 0.0253
vt 0.7886 0.8125
vt 0.7925 0.8115
vt 0.7871 0.8066
vt 0.7788 0.811
vt 0.7754 0.8228
vt 0.7817 0.8242
vt 0.7832 0.8315
vt 0.7783 0.8359
vt 0.7842 0.8442
vt 0.7715 0.834
vt 0.7793 0.8472
vt 0.7725 0.8604
vt 0.7817 0.8696
vt 0.7896 0.8623
vt 0.7896 0.8765
vt 0.7812 0.8799
vt 0.7705 0.874
vt 0.772 0.8823
vt 0.7598 0.875
vt 0.7769 0.8491
vt 0.7729 0.8975
vt 0.7871 0.8906
vt 0.7744 0.9053
vt 0.7656 0.9067
vt 0.7539 0.8872
vt 0.7671 0.8906
vt 0.7661 0.8989
vt 0.7573 0.9038
vt 0.7578 0.8945
vt 0.7549 0.897
vt 0.7456 0.8979
vt 0.7412 0.8882
vt 0.7437 0.8857
vt 0.7329 0.8862
vt 0.7441 0.8755
vt 0.7354 0.8755
vt 0.728 0.8906
vt 0.7407 0.9014
vt 0.7266 0.8794
vt 0.7319 0.8774
vt 0.7178 0.8887
vt 0.7319 0.8682
vt 0.7251 0.8789
vt 0.7544 0.8545
vt 0.7627 0.8525
vt 0.7769 0.8403
vt 0.7739 0.8389
vt 0.7642 0.8438
vt 0.7563 0.8452
vt 0.7368 0.8462
vt 0.7319 0.8589
vt 0.7417 0.8398
vt 0.7231 0.8765
vt 0.7197 0.8628
vt 0.7017 0.8765
vt 0.7139 0.8877
vt 0.7036 0.8882
vt 0.6958 0.8911
vt 0.6948 0.875
vt 0.6938 0.855
vt 0.707 0.8491
vt 0.71 0.9014
vt 0.7212 0.8457
vt 0.7129 0.8423
vt 0.731 0.9048
vt 0.7285 0.8296
vt 0.7109 0.8389
vt 0.7026 0.8501
vt 0.7148 0.8271
vt 0.7085 0.8262
vt 0.7061 0.8281
vt 0.7046 0.8433
vt 0.6934 0.8462
vt 0.6968 0.833
vt 0.7007 0.8247
vt 0.6938 0.8306
vt 0.7188 0.8408
vt 0.7163 0.8286
vt 0.7212 0.8286
vt 0.7222 0.8003
vt 0.7139 0.8052
vt 0.7153 0.7939
vt 0.7275 0.7744
vt 0.7285 0.8154
vt 0.7295 0.7817
vt 0.7412 0.791
vt 0.7397 0.7671
vt 0.7471 0.752
vt 0.7427 0.7773
vt 0.7529 0.7573
vt 0.7612 0.752
vt 0.7568 0.7466
vt 0.7671 0.7427
vt 0.7617 0.7705
vt 0.7793 0.748
vt 0.7803 0.7427
vt 0.7476 0.791
vt 0.7598 0.7808
vt 0.7891 0.749
vt 0.79 0.7441
vt 0.7427 0.8032
vt 0.7505 0.7925
vt 0.7383 0.8174
vt 0.7358 0.8291
vt 0.751 0.8345
vt 0.7417 0.8262
vt 0.7603 0.833
vt 0.7681 0.8394
vt 0.75 0.8086
vt 0.7686 0.8281
vt 0.7524 0.8213
vt 0.7588 0.8169
vt 0.7534 0.7998
vt 0.769 0.8135
vt 0.7651 0.8057
vt 0.7593 0.8003
vt 0.7578 0.7979
vt 0.7598 0.7954
vt 0.7725 0.8076
vt 0.7725 0.8135
vt 0.7837 0.8052
vt 0.7607 0.7827
vt 0.7681 0.7949
vt 0.7783 0.7822
vt 0.7744 0.7876
vt 0.7808 0.793
vt 0.7822 0.7886
vt 0.7876 0.792
vt 0.7856 0.7808
vt 0.7827 0.7759
vt 0.7695 0.7637
vt 0.7817 0.7607
vt 0.7915 0.7646
vt 0.7983 0.7578
vt 0.7905 0.7827
vt 0.96 0.1072
vt 0.9629 0.0994
vt 0.9526 0.1092
vt 0.9541 0.111
vt 0.8584 0.2377
vt 0.8564 0.2568
vt 0.8618 0.2556
vt 0.8525 0.24
vt 0.8496 0.2343
vt 0.1886 0.0516
vt 0.1813 0.0625
vt 0.1802 0.0853
vt 0.1859 0.0724
vt 0.1948 0.0821
vt 0.1803 0.1103
vt 0.1981 0.0472
vt 0.2006 0.0341
vt 0.2177 0.0421
vt 0.2153 0.0547
vt 0.2368 0.0517
vt 0.1913 0.1078
vt 0.1825 0.1281
vt 0.2102 0.0839
vt 0.2289 0.0864
vt 0.2113 0.1112
vt 0.2111 0.1201
vt 0.1929 0.13
vt 0.1892 0.1344
vt 0.1815 0.1344
vt 0.1957 0.1376
vt 0.1838 0.152
vt 0.1956 0.1545
vt 0.2505 0.0676
vt 0.2517 0.0576
vt 0.2727 0.0671
vt 0.2703 0.0769
vt 0.2471 0.0899
vt 0.2683 0.0933
vt 0.2698 0.1089
vt 0.2507 0.1097
vt 0.2898 0.0954
vt 0.2898 0.0791
vt 0.2898 0.1187
vt 0.2007 0.1689
vt 0.2139 0.1686
vt 0.2119 0.1528
vt 0.2318 0.1526
vt 0.2084 0.1367
vt 0.2284 0.1372
vt 0.2477 0.1376
vt 0.2346 0.1188
vt 0.2578 0.1196
vt 0.2125 0.1189
vt 0.2346 0.1173
vt 0.2323 0.1121
vt 0.2515 0.1111
vt 0.2319 0.1103
vt 0.2686 0.111
vt 0.271 0.1171
vt 0.291 0.1393
vt 0.8774 0.4082
vt 0.8662 0.4163
vt 0.8857 0.407
vt 0.874 0.4224
vt 0.8833 0.4177
vt 0.8818 0.425
vt 0.9048 0.4116
vt 0.9028 0.4087
vt 0.917 0.4116
vt 0.897 0.4167
vt 0.916 0.4143
vt 0.9312 0.4177
vt 0.8999 0.4314
vt 0.8828 0.4397
vt 0.9141 0.4219
vt 0.9258 0.4265
vt 0.9341 0.4248
vt 0.9365 0.4404
vt 0.9121 0.4346
vt 0.9004 0.4443
vt 0.8877 0.4587
vt 0.9253 0.4353
vt 0.9121 0.4431
vt 0.9248 0.449
vt 0.9399 0.4563
vt 0.9141 0.46
vt 0.9229 0.4675
vt 0.9028 0.4597
vt 0.9053 0.4822
vt 0.9297 0.4841
vt 0.939 0.4814
vt 0.8936 0.4724
vt 0.9199 0.4846
vt 0.9263 0.5
vt 0.9326 0.4995
vt 0.9185 0.498
vt 0.9209 0.5063
vt 0.9009 0.4961
vt 0.9194 0.5156
vt 0.9316 0.5161
vt 0.9067 0.5049
vt 0.9072 0.5186
vt 0.9062 0.5254
vt 0.9072 0.5322
vt 0.9189 0.5264
vt 0.9302 0.5234
vt 0.9434 0.5225
vt 0.9409 0.5107
vt 0.895 0.5054
vt 0.8975 0.5205
vt 0.8901 0.4949
vt 0.8921 0.4812
vt 0.8853 0.4958
vt 0.8872 0.4819
vt 0.8828 0.4873
vt 0.8838 0.4668
vt 0.8882 0.47
vt 0.8818 0.4636
vt 0.876 0.4641
vt 0.7183 0.9146
vt 0.7065 0.9082
vt 0.7251 0.9102
vt 0.7388 0.9102
vt 0.75 0.9136
vt 0.7544 0.9082
vt 0.3452 0.6387
vt 0.3391 0.6177
vt 0.3438 0.6558
vt 0.3401 0.6733
vt 0.3579 0.6802
vt 0.3538 0.6855
vt 0.3701 0.6714
vt 0.3811 0.6841
vt 0.3655 0.7002
vt 0.3713 0.7109
vt 0.3862 0.7065
vt 0.5425 0.5908
vt 0.5513 0.5835
vt 0.542 0.5845
vt 0.5522 0.5737
vt 0.5469 0.5728
vt 0.5552 0.5781
vt 0.4841 0.2202
vt 0.4802 0.2109
vt 0.4758 0.2236
vt 0.48 0.2319
vt 0.4697 0.2299
vt 0.4688 0.2373
vt 0.4756 0.2405
vt 0.4663 0.2294
vt 0.6182 0.3501
vt 0.6221 0.343
vt 0.6133 0.3474
vt 0.606 0.3567
vt 0.6123 0.3628
vt 0.6016 0.3645
vt 0.8198 0.4453
vt 0.8169 0.4397
vt 0.812 0.4448
vt 0.8228 0.4402
vt 0.8188 0.4336
vt 0.8237 0.4343
vt 0.8208 0.427
vt 0.407 0.2074
vt 0.4106 0.2089
vt 0.4165 0.1965
vt 0.4136 0.1937
vt 0.4268 0.177
vt 0.4224 0.1759
vt 0.8564 0.3745
vt 0.8579 0.3809
vt 0.8608 0.3723
vt 0.855 0.3635
vt 0.8604 0.3633
vt 0.7241 0.5186
vt 0.7114 0.5088
vt 0.7119 0.5166
vt 0.7134 0.5298
vt 0.7266 0.5293
vt 0.7158 0.5479
vt 0.7251 0.5366
vt 0.7095 0.5459
vt 0.7202 0.5557
vt 0.7124 0.5527
vt 0.7256 0.4329
vt 0.7373 0.4473
vt 0.7285 0.4341
vt 0.7354 0.447
vt 0.2084 0.3679
vt 0.2124 0.3552
vt 0.2076 0.363
vt 0.2122 0.335
vt 0.1984 0.321
vt 0.208 0.3154
vt 0.2103 0.3191
vt 0.1997 0.3069
vt 0.2048 0.2937
vt 0.1964 0.2954
vt 0.1964 0.2827
vt 0.1976 0.2751
vt 0.4897 0.0421
vt 0.4878 0.0507
vt 0.4922 0.0447
vt 0.4827 0.0514
vt 0.4871 0.0424
vt 0.4827 0.0569
vt 0.3035 0.6118
vt 0.3066 0.604
vt 0.2988 0.6021
vt 0.2942 0.6089
vt 0.2854 0.604
vt 0.292 0.5996
vt 0.2861 0.5962
vt 0.2742 0.5825
vt 0.2737 0.5938
vt 0.3159 0.5752
vt 0.2664 0.5806
vt 0.3074 0.5742
vt 0.3025 0.5698
vt 0.2996 0.5615
vt 0.2712 0.5747
vt 0.2622 0.5703
vt 0.2698 0.5674
vt 0.2981 0.5542
vt 0.269 0.5591
vt 0.2612 0.5605
vt 0.2971 0.5508
vt 0.27 0.5513
vt 0.2664 0.5405
vt 0.2961 0.5435
vt 0.2729 0.5376
vt 0.2952 0.5361
vt 0.9443 0.687
vt 0.9619 0.689
vt 0.9595 0.6812
vt 0.9487 0.6973
vt 0.9146 0.6968
vt 0.9185 0.7295
vt 0.9707 0.709
vt 0.9443 0.7188
vt 0.9219 0.7446
vt 0.959 0.7271
vt 0.9775 0.7222
vt 0.9863 0.7456
vt 0.9414 0.7344
vt 0.9688 0.7515
vt 0.9863 0.7642
vt 0.9482 0.7568
vt 0.9346 0.7686
vt 0.9458 0.7793
vt 0.9678 0.771
vt 0.978 0.7822
vt 0.9639 0.7886
vt 0.666 0.502
vt 0.6704 0.5103
vt 0.6729 0.501
vt 0.6782 0.5054
vt 0.6802 0.5112
vt 0.6758 0.5137
vt 0.6768 0.5156
vt 0.9585 0.5498
vt 0.9575 0.563
vt 0.9609 0.5566
vt 0.9453 0.5498
vt 0.9482 0.5347
vt 0.9414 0.5386
vt 0.9502 0.5278
vt 0.4839 0.1042
vt 0.4827 0.1155
vt 0.4861 0.1134
vt 0.4856 0.1179
vt 0.0833 0.0837
vt 0.0865 0.0904
vt 0.0858 0.0788
vt 0.0829 0.092
vt 0.0865 0.0991
vt 0.087 0.1022
vt 0.269 0.0491
vt 0.2617 0.0489
vt 0.272 0.0544
vt 0.2637 0.0438
vt 0.2688 0.0431
vt 0.2581 0.0391
vt 0.252 0.0389
vt 0.2502 0.0442
vt 0.2382 0.0367
vt 0.2408 0.0323
vt 0.2325 0.0239
vt 0.239 0.0202
vt 0.2344 0.0096
vt 0.2288 0.0086
vt 0.23 0.0023
vt 0.2346 0.0039
vt 0.9253 0.037
vt 0.936 0.0592
vt 0.938 0.0605
vt 0.9424 0.0732
vt 0.9526 0.0921
vt 0.2316 0.46
vt 0.2234 0.4485
vt 0.2266 0.458
vt 0.2297 0.4531
vt 0.2399 0.4553
vt 0.238 0.4438
vt 0.228 0.4448
vt 0.229 0.4382
vt 0.2347 0.4363
vt 0.6382 0.2382
vt 0.6274 0.2207
vt 0.6372 0.2401
vt 0.623 0.2158
vt 0.623 0.209
vt 0.9951 0.2732
vt 0.9902 0.2725
vt 0.9937 0.2771
vt 0.9971 0.2617
vt 0.4729 0.3054
vt 0.4829 0.3074
vt 0.4741 0.3005
vt 0.4805 0.3142
vt 0.488 0.3127
vt 0.4827 0.3193
vt 0.4702 0.3281
vt 0.478 0.3296
vt 0.4663 0.3325
vt 0.4832 0.3245
vt 0.0839 0.0225
vt 0.0842 0.0363
vt 0.0878 0.0134
vt 0.0839 0.0136
vt 0.0869 0.0031
vt 0.0829 0.0023
vt 0.2832 0.2063
vt 0.2871 0.1892
vt 0.2773 0.2075
vt 0.3037 0.1982
vt 0.3022 0.1807
vt 0.2891 0.1791
vt 0.2935 0.168
vt 0.2898 0.1583
vt 0.2854 0.1572
vt 0.2876 0.1444
vt 0.417 0.2966
vt 0.4124 0.3022
vt 0.4214 0.3005
vt 0.4231 0.2942
vt 0.4211 0.282
vt 0.4331 0.2881
vt 0.4263 0.2783
vt 0.4314 0.2932
vt 0.9956 0.1549
vt 0.9902 0.135
vt 0.9937 0.1547
vt 0.9922 0.1331
vt 0.8218 0.0023
vt 0.8032 0.0043
vt 0.8154 0.0197
vt 0.7983 0.0226
vt 0.7871 0.0058
vt 0.469 0.0762
vt 0.4663 0.0803
vt 0.4766 0.0864
vt 0.4734 0.0888
vt 0.4824 0.0902
vt 0.479 0.0966
vt 0.4734 0.0971
vt 0.1714 0.8623
vt 0.171 0.8735
vt 0.1837 0.873
vt 0.1716 0.8574
vt 0.1718 0.8521
vt 0.176 0.835
vt 0.184 0.8291
vt 0.2024 0.873
vt 0.1879 0.8252
vt 0.1996 0.8286
vt 0.2065 0.8384
vt 0.2118 0.8511
vt 0.2162 0.8657
vt 0.2185 0.874
vt 0.187 0.8755
vt 0.171 0.875
vt 0.1852 0.8848
vt 0.1716 0.8833
vt 0.2072 0.895
vt 0.2061 0.918
vt 0.2271 0.9067
vt 0.2291 0.9219
vt 0.2261 0.9473
vt 0.1877 0.9072
vt 0.1694 0.9189
vt 0.1876 0.9443
vt 0.1693 0.9448
vt 0.1951 0.9604
vt 0.1758 0.9624
vt 0.1904 0.9761
vt 0.2058 0.9771
vt 0.2189 0.9629
vt 0.2087 0.9419
vt 0.261 0.0103
vt 0.2712 0.0167
vt 0.2737 0.0137
vt 0.2561 0.0184
vt 0.2549 0.0056
vt 0.2634 0.0222
vt 0.27 0.0239
vt 0.2708 0.0324
vt 0.2527 0.0219
vt 0.2462 0.0105
vt 0.251 0.0098
vt 0.245 0.0023
vt 0.7114 0.9458
vt 0.7021 0.9683
vt 0.7124 0.9497
vt 0.6982 0.9648
vt 0.7095 0.9429
vt 0.6958 0.9585
vt 0.6816 0.9453
vt 0.6978 0.9287
vt 0.7158 0.9321
vt 0.7075 0.9194
vt 0.6914 0.9131
vt 0.6709 0.9321
vt 0.6694 0.918
vt 0.6851 0.9023
vt 0.6733 0.8916
vt 0.6636 0.9048
vt 0.6479 0.9082
vt 0.6392 0.894
vt 0.6558 0.8975
vt 0.6592 0.8936
vt 0.666 0.8813
vt 0.665 0.8735
vt 0.5732 0.4355
vt 0.5693 0.4324
vt 0.5635 0.4492
vt 0.5708 0.4485
vt 0.174 0.0141
vt 0.1705 0.0074
vt 0.1686 0.0113
vt 0.1639 0.007
vt 0.1654 0.0023
vt 0.6235 0.1831
vt 0.6294 0.1686
vt 0.6274 0.1659
vt 0.6216 0.1815
vt 0.6143 0.207
vt 0.6123 0.2084
vt 0.7754 0.0169
vt 0.7783 0.0106
vt 0.7764 0.0062
vt 0.769 0.0142
vt 0.772 0.0052
vt 0.7754 0.0023
vt 0.2098 0.4365
vt 0.2118 0.4316
vt 0.2072 0.4253
vt 0.2134 0.4392
vt 0.9971 0.2432
vt 0.9941 0.2563
vt 0.9976 0.2527
vt 0.9902 0.2416
vt 0.1709 0.0829
vt 0.1721 0.0802
vt 0.1639 0.0611
vt 0.1702 0.1093
vt 0.855 0.0398
vt 0.8594 0.0249
vt 0.8584 0.024
vt 0.8687 0.0022
vt 0.8691 0.0038
vt 0.0659 0.3215
vt 0.056 0.3032
vt 0.0643 0.323
vt 0.069 0.3223
vt 0.4517 0.9814
vt 0.46 0.9888
vt 0.46 0.9814
vt 0.4517 0.9888
vt 0.4431 0.9814
vt 0.4517 0.9902
vt 0.46 0.9902
vt 0.4431 0.9902
vt 0.4431 0.9888
vt 0.4348 0.9814
vt 0.4348 0.9902
vt 0.4348 0.9888
vt 0.4263 0.9814
vt 0.4263 0.9902
vt 0.4263 0.9888
vt 0.418 0.9814
vt 0.418 0.9902
vt 0.418 0.9888
vt 0.4094 0.9814
vt 0.4094 0.9902
vt 0.4094 0.9888
vt 0.4011 0.9814
vt 0.4011 0.9902
vt 0.4011 0.9888
vt 0.3926 0.9814
vt 0.3926 0.9902
vt 0.3926 0.9888
vt 0.3843 0.9814
vt 0.3843 0.9902
vt 0.3843 0.9888
vt 0.3757 0.9814
vt 0.3757 0.9902
vt 0.3757 0.9888
vt 0.3674 0.9814
vt 0.3674 0.9902
vt 0.3674 0.9888
vt 0.3589 0.9814
vt 0.3589 0.9902
vt 0.3589 0.9888
vt 0.3506 0.9814
vt 0.3506 0.9902
vt 0.3506 0.9888
vt 0.342 0.9814
vt 0.342 0.9902
vt 0.342 0.9888
vt 0.3337 0.9814
vt 0.3337 0.9902
vt 0.3337 0.9888
vt 0.3252 0.9814
vt 0.3252 0.9902
vt 0.3252 0.9888
vt 0.3169 0.9814
vt 0.3169 0.9902
vt 0.3169 0.9888
vt 0.3083 0.9814
vt 0.3083 0.9902
vt 0.3083 0.9888
vt 0.3 0.9814
vt 0.3 0.9902
vt 0.3 0.9888
vt 0.2915 0.9814
vt 0.2915 0.9902
vt 0.2915 0.9888
vt 0.2832 0.9814
vt 0.2832 0.9902
vt 0.2832 0.9888
vt 0.2747 0.9814
vt 0.2747 0.9902
vt 0.2747 0.9888
vt 0.2664 0.9814
vt 0.2664 0.9902
vt 0.2664 0.9888
vt 0.2578 0.9814
vt 0.2578 0.9902
vt 0.2578 0.9888
vt 0.75 0.6484
vt 0.7563 0.6157
vt 0.7471 0.623
vt 0.7471 0.6113
vt 0.75 0.5996
vt 0.7739 0.6401
vt 0.7598 0.5923
vt 0.771 0.6108
vt 0.7939 0.6328
vt 0.7744 0.5972
vt 0.7852 0.6123
vt 0.6445 0.9653
vt 0.6519 0.9482
vt 0.6338 0.9634
vt 0.6294 0.9834
vt 0.6484 0.9482
vt 0.6255 0.9785
vt 0.6367 0.9438
vt 0.6328 0.9316
vt 0.646 0.9297
vt 0.6108 0.998
vt 0.6133 0.9893
vt 0.603 0.979
vt 0.5996 0.98
vt 0.6289 0.9214
vt 0.6494 0.9292
vt 0.6367 0.9111
vt 0.6172 0.918
vt 0.6162 0.9165
vt 0.6064 0.9297
vt 0.6011 0.9258
vt 0.6035 0.9468
vt 0.5908 0.9419
vt 0.6016 0.9546
vt 0.5913 0.959
vt 0.5327 0.9736
vt 0.5337 0.9658
vt 0.5322 0.9658
vt 0.5312 0.9731
vt 0.5029 0.9658
vt 0.5298 0.981
vt 0.5312 0.958
vt 0.5327 0.9575
vt 0.5283 0.9805
vt 0.5249 0.9878
vt 0.5283 0.9512
vt 0.5298 0.9502
vt 0.5234 0.9863
vt 0.5181 0.9927
vt 0.5234 0.9448
vt 0.5249 0.9438
vt 0.5176 0.9912
vt 0.5176 0.9404
vt 0.5103 0.9941
vt 0.5107 0.9956
vt 0.5186 0.939
vt 0.5029 0.9966
vt 0.5103 0.9375
vt 0.5107 0.936
vt 0.5029 0.9951
vt 0.4949 0.9956
vt 0.5029 0.936
vt 0.5029 0.9346
vt 0.4951 0.9941
vt 0.4873 0.9927
vt 0.4954 0.9375
vt 0.4949 0.936
vt 0.488 0.9912
vt 0.488 0.9404
vt 0.4819 0.9863
vt 0.481 0.9878
vt 0.4873 0.939
vt 0.4761 0.981
vt 0.4819 0.9448
vt 0.481 0.9438
vt 0.4773 0.9805
vt 0.4729 0.9736
vt 0.4773 0.9512
vt 0.4761 0.9502
vt 0.4744 0.9731
vt 0.4719 0.9658
vt 0.4744 0.958
vt 0.4729 0.9575
vt 0.4734 0.9658
vn 0.958 -0.043 0.285
vn 0.279 0.031 -0.96
vn 0.661 0.063 -0.748
vn -0.156 -0.379 -0.912
vn -0.713 -0.691 0.118
vn -0.523 -0.593 -0.612
vn -0.631 -0.095 0.77
vn -0.648 -0.598 0.471
vn -0.713 -0.691 0.118
vn -0.459 -0.718 -0.523
vn -0.57 -0.542 -0.618
vn -0.548 -0.415 -0.727
vn -0.14 -0.465 -0.875
vn 0.285 -0.803 -0.523
vn -0.005 -0.688 -0.726
vn 0.408 0.563 0.719
vn 0.104 0.979 0.179
vn -0.547 0.307 0.778
vn 0.676 0.191 0.712
vn 0.343 -0.162 0.925
vn 0.141 -0.173 0.975
vn -0.528 -0.163 0.833
vn -0.654 -0.751 0.089
vn -0.304 -0.953 -0.011
vn 0.293 0.012 -0.956
vn -0.033 -0.203 -0.979
vn 0.892 -0.046 -0.45
vn 0.45 -0.629 -0.634
vn 0.208 -0.536 -0.818
vn -0.296 -0.118 -0.948
vn -0.737 -0.219 0.64
vn -0.717 -0.085 0.692
vn -0.877 0.003 0.481
vn 0.979 0.014 -0.201
vn 0.967 0.191 0.166
vn 0.994 -0.088 0.066
vn -0.724 0.374 0.58
vn -0.887 -0.085 0.454
vn -0.823 -0.06 0.564
vn 0.801 0.59 -0.106
vn 0.944 0.126 0.305
vn 0.478 -0.732 -0.485
vn -0.437 -0.658 -0.613
vn 0.376 -0.651 -0.659
vn 0.504 -0.306 0.808
vn 0.81 -0.434 0.395
vn 0.504 -0.306 0.808
vn 0.376 -0.651 -0.659
vn -0.742 0.432 0.513
vn -0.528 -0.163 0.833
vn -0.084 0.383 0.92
vn 0.96 0.096 0.262
vn 0.992 0.112 0.06
vn 0.798 0.142 0.585
vn 0.148 -0.394 0.907
vn 0.923 0.106 0.371
vn 0.635 -0.523 0.568
vn -0.437 -0.658 -0.613
vn 0.504 -0.306 0.808
vn 0.307 -0.152 0.939
vn -0.182 -0.849 0.497
vn -0.259 -0.252 0.933
vn -0.034 -0.955 -0.294
vn 0.938 -0.202 0.283
vn 0.133 -0.465 -0.875
vn 0.486 0.201 -0.851
vn 0.721 0.337 0.605
vn 0.565 0.227 0.793
vn 0.806 -0.019 0.592
vn -0.716 -0.618 -0.324
vn -0.593 -0.42 -0.687
vn -0.512 -0.401 -0.76
vn -0.656 -0.515 0.552
vn -0.675 -0.516 -0.527
vn -0.577 -0.568 0.587
vn 0.96 0.277 0.044
vn 0.798 0.142 0.585
vn 0.992 0.112 0.06
vn 0.144 0.106 0.984
vn 0.238 0.014 0.971
vn 0.206 0.295 0.933
vn -0.47 -0.683 0.56
vn -0.424 0.864 0.273
vn -0.232 -0.917 0.326
vn 0.673 0.485 0.558
vn 0.245 0.338 0.909
vn 0.465 0.823 0.327
vn 0.148 -0.394 0.907
vn 0.693 -0.605 0.391
vn 0.405 -0.078 0.911
vn -0.625 -0.656 -0.423
vn -0.879 0.042 0.474
vn 0.508 -0.657 -0.557
vn -0.005 -0.805 0.593
vn -0.287 -0.255 0.923
vn 0.06 -0.997 0.052
vn 0.952 -0.04 0.302
vn 0.712 0.343 0.612
vn 0.917 0.369 0.152
vn -0.368 0.619 0.694
vn -0.771 -0.635 -0.055
vn -0.312 -0.03 -0.949
vn -0.582 -0.721 0.377
vn 0.122 -0.983 0.14
vn -0.656 -0.515 0.552
vn -0.493 -0.531 -0.689
vn -0.26 -0.592 -0.763
vn -0.06 -0.82 -0.568
vn 0.496 0.116 0.86
vn 0.551 0.328 0.767
vn 0.405 -0.078 0.911
vn 0.932 0.273 -0.239
vn 0.689 0.717 0.104
vn 0.688 0.57 -0.45
vn 0.944 -0.205 -0.258
vn 0.957 -0.207 0.207
vn 0.971 -0.162 -0.175
vn -0.222 0.932 -0.288
vn -0.01 0.993 0.121
vn -0.225 0.973 -0.052
vn 0.957 -0.207 0.207
vn 0.926 -0.343 -0.159
vn 0.971 -0.162 -0.175
vn -0.092 -0.561 -0.823
vn -0.298 -0.932 -0.207
vn 0.142 -0.793 -0.593
vn 0.05 -0.116 0.992
vn -0.091 -0.338 0.937
vn 0.005 -0.027 1
vn -0.229 -0.236 -0.944
vn -0.766 -0.583 0.269
vn -0.037 -0.821 -0.569
vn 0.845 0.498 0.193
vn 0.136 0.82 -0.556
vn 0.617 0.671 0.411
vn 0.621 -0.12 -0.775
vn 0.208 -0.536 -0.818
vn 0.983 0.063 -0.173
vn 0.224 0.259 0.939
vn 0.318 0.109 0.941
vn 0.173 0.155 0.973
vn 0.983 0.023 0.184
vn 0.083 0.853 0.516
vn 0.047 -0.73 0.681
vn 0.919 0.39 -0.044
vn 0.986 0.103 -0.13
vn 0.917 0.4 -0.017
vn 0.951 0.308 -0.014
vn 0.953 -0.064 0.295
vn 0.818 -0.189 0.543
vn 0.999 -0.049 -0.008
vn 0.545 0.12 0.83
vn 0.73 0.545 0.413
vn 0.884 0.427 -0.19
vn 0.898 0.129 -0.42
vn 0.896 0.192 0.402
vn 0.505 0.306 0.807
vn 0.569 0.794 0.215
vn 0.559 -0.227 0.798
vn 0.256 -0.399 0.88
vn -0.007 -0.289 0.957
vn 0.848 -0.373 0.378
vn 0.545 -0.63 0.553
vn 0.535 -0.477 0.697
vn 0.902 -0.399 0.165
vn 0.677 -0.735 0.009
vn 0.903 -0.422 -0.082
vn 0.581 -0.782 0.226
vn 0.431 -0.752 -0.498
vn 0.177 -0.684 0.708
vn 0.376 -0.879 -0.293
vn -0.029 -0.987 0.159
vn -0.069 -0.903 -0.424
vn -0.366 -0.87 0.33
vn -0.43 -0.875 -0.222
vn -0.242 -0.818 -0.522
vn -0.626 -0.752 0.205
vn -0.606 -0.764 -0.22
vn -0.19 -0.782 -0.594
vn -0.82 -0.572 0.014
vn -0.801 -0.445 0.4
vn -0.645 -0.707 -0.292
vn -0.12 -0.762 -0.637
vn -0.907 -0.418 0.05
vn -0.594 -0.732 -0.335
vn 0 -0.744 -0.668
vn -0.153 -0.974 -0.168
vn -0.486 -0.762 -0.428
vn -0.21 -0.828 -0.52
vn 0.061 -0.651 -0.757
vn -0.53 -0.689 -0.493
vn 0.231 -0.611 -0.757
vn -0.555 -0.668 -0.496
vn -0.133 -0.565 -0.814
vn -0.219 -0.445 -0.868
vn 0.279 0.031 -0.96
vn -0.319 -0.822 -0.472
vn 0.661 0.063 -0.748
vn -0.049 -0.637 -0.769
vn 0.812 0.044 -0.581
vn -0.229 -0.236 -0.944
vn 0.498 0.206 -0.843
vn -0.037 -0.821 -0.569
vn 0.871 0.411 -0.268
vn 0.47 -0.166 -0.867
vn -0.302 -0.657 -0.691
vn 0.453 -0.05 -0.89
vn -0.772 -0.289 -0.566
vn -0.446 0.137 -0.885
vn 0.698 0.339 -0.631
vn -0.115 0.106 -0.988
vn 0.298 -0.833 -0.466
vn -0.832 -0.316 -0.457
vn -0.714 -0.636 -0.292
vn 0.149 0.38 -0.913
vn 0.58 -0.501 -0.642
vn -0.523 -0.593 -0.612
vn -0.156 -0.379 -0.912
vn -0.319 -0.822 -0.472
vn 0.279 0.031 -0.96
vn 0.4 0.205 -0.894
vn 0.136 -0.689 -0.712
vn -0.726 -0.424 0.542
vn 0.994 0.106 0.043
vn -0.304 -0.953 -0.011
vn 0.4 0.205 -0.894
vn 0.279 0.031 -0.96
vn 0.456 0.212 -0.864
vn 0.111 -0.903 -0.414
vn 0.795 -0.425 0.432
vn -0.648 -0.598 0.471
vn -0.388 -0.906 0.17
vn -0.713 -0.691 0.118
vn -0.523 -0.593 -0.612
vn 0.572 -0.82 -0.017
vn 0.58 -0.501 -0.642
vn -0.304 -0.953 -0.011
vn 0.983 -0.173 -0.057
vn -0.156 -0.379 -0.912
vn 0.498 0.206 -0.843
vn 0.698 0.339 -0.631
vn 0.453 -0.05 -0.89
vn 0.298 -0.833 -0.466
vn 0.713 0.472 0.519
vn 0.776 0.516 0.362
vn 0.321 0.678 0.661
vn 0.771 0.565 0.294
vn 0.332 0.644 0.689
vn -0.33 0.874 0.358
vn -0.083 0.958 -0.274
vn 0.763 0.645 0.051
vn -0.249 -0.014 0.968
vn -0.885 -0.056 0.462
vn 0.969 -0.215 0.124
vn -0.916 -0.032 0.399
vn -0.153 -0.974 -0.168
vn -0.907 -0.418 0.05
vn -0.779 0.265 0.568
vn 0.676 0.215 0.705
vn -0.403 0.572 0.715
vn 0.436 0.119 0.892
vn -0.458 0.484 0.746
vn 0.647 0.067 0.759
vn 0.778 0.027 0.627
vn -0.914 -0.081 0.397
vn -0.912 -0.1 0.399
vn -0.82 -0.572 0.014
vn -0.762 0.143 0.631
vn -0.928 -0.137 0.347
vn -0.801 -0.445 0.4
vn -0.983 -0.091 0.159
vn -0.945 0.088 0.315
vn -0.476 0.349 0.808
vn -0.886 0.464 0.02
vn -0.33 0.874 0.358
vn 0.332 0.644 0.689
vn -0.408 0.479 0.777
vn 0.321 0.678 0.661
vn 0.233 0.593 0.771
vn 0.713 0.472 0.519
vn -0.266 0.379 0.886
vn 0.323 0.305 0.896
vn 0.977 0.124 0.174
vn 0.464 0.304 0.832
vn 0.788 0.202 0.582
vn -0.746 0.61 0.267
vn -0.246 0.032 0.969
vn -0.053 0.7 0.712
vn -0.312 -0.03 -0.949
vn -0.368 0.619 0.694
vn -0.312 -0.03 -0.949
vn -0.034 -0.955 -0.294
vn -0.746 0.61 0.267
vn -0.182 -0.849 0.497
vn 0.119 -0.869 -0.481
vn 0.645 0.75 -0.147
vn 0.635 0.772 -0.023
vn 0.48 0.694 -0.537
vn 0.627 0.669 0.399
vn 0.731 0.647 0.216
vn 0.677 0.56 0.478
vn 0.917 0.369 0.152
vn 0.712 0.343 0.612
vn 0.755 0.522 0.396
vn 0.811 0.558 0.178
vn 0.609 0.74 0.285
vn 0.8 0.559 -0.217
vn 0.495 0.831 -0.254
vn 0.489 0.751 -0.442
vn 0.66 0.692 -0.294
vn 0.618 0.786 0.031
vn 0.533 0.83 -0.167
vn 0.149 0.821 -0.551
vn 0.198 0.975 -0.104
vn -0.136 0.899 -0.415
vn 0.043 0.999 0.014
vn -0.027 1 -0.009
vn -0.405 0.829 -0.386
vn -0.168 0.821 -0.546
vn -0.368 0.648 -0.667
vn 0.079 0.73 -0.679
vn -0.539 0.515 -0.667
vn -0.225 0.973 -0.052
vn -0.222 0.932 -0.288
vn -0.579 0.703 -0.413
vn -0.711 0.364 -0.601
vn -0.772 0.604 -0.199
vn -0.619 0.779 -0.103
vn -0.516 0.79 0.333
vn -0.285 0.82 0.495
vn -0.292 0.795 0.532
vn -0.404 0.886 -0.229
vn -0.516 0.856 0.01
vn -0.075 0.967 0.245
vn -0.01 0.993 0.121
vn -0.271 0.754 0.599
vn -0.115 0.601 0.791
vn -0.971 -0.233 -0.057
vn -0.996 -0.055 -0.077
vn -0.453 -0.77 0.45
vn -0.756 0.02 0.654
vn -0.989 -0.025 -0.147
vn -0.464 0.03 0.885
vn -0.249 -0.863 0.439
vn -0.739 0.068 0.67
vn -0.944 -0.33 -0.004
vn -0.534 -0.27 0.801
vn -0.476 0.128 0.87
vn -0.387 0.178 0.905
vn -0.114 -0.812 0.573
vn 0.113 -0.847 0.52
vn -0.263 0.238 0.935
vn 0.122 -0.381 0.917
vn -0.385 0.065 0.92
vn -0.287 -0.255 0.923
vn -0.005 -0.805 0.593
vn -0.333 -0.575 0.747
vn -0.323 0.095 0.941
vn -0.355 0.067 0.932
vn -0.223 -0.806 0.548
vn -0.356 0.055 0.933
vn -0.048 -0.998 0.043
vn -0.357 0.034 0.934
vn 0.14 0.583 0.801
vn 0.516 0.822 0.241
vn 0.892 -0.384 0.239
vn 0.527 0.817 0.234
vn 0.27 0.799 0.537
vn -0.136 0.366 0.92
vn 0.32 0.877 0.357
vn -0.318 0.116 0.941
vn -0.136 0.488 0.862
vn 0.047 0.805 0.591
vn -0.294 0.181 0.938
vn -0.334 0.031 0.942
vn -0.161 -0.899 0.408
vn -0.038 -0.649 0.759
vn -0.1 0.357 0.929
vn 0.31 -0.483 0.819
vn 0.224 0.525 0.821
vn 0.149 0.901 0.407
vn 0.669 -0.347 0.656
vn 0.538 0.621 0.57
vn -0.996 -0.055 -0.077
vn -0.971 -0.233 -0.057
vn -0.157 -0.964 -0.214
vn -0.589 -0.062 -0.806
vn -0.989 -0.025 -0.147
vn -0.523 -0.019 -0.852
vn -0.944 -0.33 -0.004
vn 0.091 -0.962 -0.255
vn -0.198 -0.882 0.427
vn -0.663 -0.608 0.437
vn 0.782 -0.3 -0.546
vn -0.731 -0.231 0.642
vn -0.908 -0.345 0.238
vn 0.211 -0.613 0.762
vn -0.809 -0.258 0.527
vn -0.935 -0.315 0.161
vn -0.953 -0.245 0.178
vn -0.794 -0.255 0.551
vn -0.944 -0.218 0.249
vn -0.53 -0.178 0.829
vn -0.801 -0.228 0.554
vn -0.975 -0.115 0.189
vn -0.519 -0.213 0.828
vn -0.244 -0.181 0.953
vn -0.528 -0.211 0.823
vn -0.207 -0.129 0.97
vn -0.07 -0.177 0.982
vn -0.245 -0.413 0.877
vn 0.51 -0.74 0.438
vn 0.25 -0.239 0.938
vn 0.437 0.013 0.899
vn 0.462 -0.596 0.656
vn 0.365 -0.327 0.872
vn 0.541 -0.441 0.716
vn 0.314 -0.16 0.936
vn 0.473 0.002 0.881
vn 0.566 -0.286 0.773
vn 0.644 -0.249 0.723
vn 0.647 -0.231 0.727
vn 0.47 -0.299 0.831
vn 0.643 -0.358 0.678
vn 0.625 -0.162 0.764
vn 0.546 -0.11 0.831
vn 0.65 -0.15 0.745
vn 0.776 0.166 0.608
vn 0.746 0.168 0.644
vn 0.755 0.126 0.643
vn 0.295 -0.002 0.956
vn 0.748 0.089 0.658
vn 0.282 -0.031 0.959
vn 0.787 0.011 0.618
vn 0.762 -0.003 0.647
vn 0.326 -0.067 0.943
vn 0.851 -0.014 0.525
vn 0.855 0.011 0.519
vn 0.333 -0.109 0.937
vn 0.335 -0.11 0.936
vn 0.882 0.014 0.471
vn -0.171 -0.142 0.975
vn -0.157 -0.204 0.966
vn -0.198 -0.125 0.972
vn -0.553 -0.198 0.81
vn 0.197 -0.044 0.979
vn 0.182 -0.058 0.981
vn -0.515 -0.203 0.833
vn -0.118 -0.241 0.963
vn -0.8 -0.186 0.57
vn -0.422 -0.183 0.888
vn -0.77 -0.104 0.63
vn -0.052 -0.229 0.972
vn -0.062 -0.191 0.979
vn -0.3 -0.209 0.931
vn -0.692 -0.167 0.703
vn -0.953 -0.08 0.292
vn -0.274 -0.241 0.931
vn -0.631 -0.246 0.735
vn -0.922 -0.107 0.371
vn -0.271 -0.148 0.951
vn -0.607 -0.092 0.789
vn -0.611 -0.02 0.792
vn -0.896 -0.001 0.445
vn 0.347 -0.13 0.929
vn 0.192 -0.169 0.967
vn 0.715 -0.062 0.696
vn -0.105 -0.153 0.982
vn 0.789 -0.047 0.612
vn 0.696 -0.06 0.716
vn -0.109 -0.09 0.99
vn 0.583 -0.037 0.812
vn -0.244 -0.046 0.969
vn -0.08 -0.051 0.996
vn 0.619 -0.008 0.786
vn -0.199 -0.042 0.979
vn -0.06 -0.039 0.998
vn 0.587 0.048 0.808
vn -0.563 -0.031 0.825
vn -0.025 0.04 0.999
vn 0.471 0.282 0.836
vn -0.102 -0.02 0.995
vn -0.051 0.145 0.988
vn 0.823 0.221 0.524
vn -0.091 0.033 0.995
vn -0.426 -0.028 0.904
vn -0.922 -0.067 0.382
vn -0.99 -0.01 -0.14
vn -0.992 -0.041 -0.123
vn -0.884 -0.09 0.459
vn -0.375 -0.023 0.927
vn -0.858 -0.079 0.507
vn -0.172 0.044 0.984
vn -0.365 0.038 0.93
vn -0.864 -0.048 0.501
vn -0.117 0.134 0.984
vn -0.165 0.185 0.969
vn -0.341 0.165 0.926
vn -0.932 -0.122 0.343
vn 0.044 0.138 0.989
vn 0.979 0.038 0.202
vn 0.022 0.04 0.999
vn -0.084 -0.035 0.996
vn -0.37 -0.312 0.875
vn -0.683 -0.031 0.729
vn -0.861 -0.358 0.36
vn -0.449 0.576 -0.684
vn -0.57 0.512 -0.643
vn -0.479 0.582 -0.658
vn -0.579 0.549 -0.603
vn -0.569 0.562 -0.601
vn -0.627 0.432 -0.648
vn -0.564 0.43 -0.704
vn -0.637 0.415 -0.65
vn -0.57 0.427 -0.702
vn -0.584 0.542 -0.604
vn -0.632 0.692 -0.35
vn -0.772 0.604 -0.199
vn -0.527 0.701 -0.481
vn -0.524 0.41 -0.746
vn -0.632 0.755 -0.173
vn -0.512 0.849 0.132
vn -0.439 0.87 -0.224
vn -0.513 0.786 -0.345
vn -0.544 0.403 -0.736
vn -0.381 0.919 0.099
vn -0.113 0.848 0.518
vn -0.199 0.842 0.501
vn -0.491 0.849 0.193
vn -0.582 0.756 -0.3
vn -0.703 0.336 -0.627
vn -0.628 0.778 -0.007
vn -0.819 0.47 -0.328
vn -0.779 0.422 -0.463
vn -0.48 0.837 0.262
vn -0.699 0.705 -0.12
vn -0.775 0.34 -0.533
vn -0.542 0.829 0.139
vn -0.779 0.618 -0.103
vn -0.807 0.288 -0.517
vn -0.661 0.727 0.184
vn -0.833 0.55 -0.056
vn -0.565 0.704 0.432
vn -0.372 0.844 0.387
vn -0.265 0.835 0.482
vn -0.704 0.693 0.154
vn -0.686 0.621 0.379
vn -0.737 0.647 0.194
vn -0.659 0.579 0.481
vn -0.571 0.603 0.558
vn -0.602 0.073 0.795
vn -0.595 -0.792 -0.139
vn -0.582 -0.721 0.377
vn -0.656 -0.515 0.552
vn 0.221 0.934 -0.282
vn 0.34 0.704 -0.624
vn 0.222 0.967 -0.12
vn 0.243 0.723 0.646
vn 0.464 0.864 0.195
vn 0.563 0.624 0.541
vn 0.676 0.376 0.634
vn 0.448 0.499 0.742
vn 0.424 0.768 0.48
vn 0.356 0.933 0.049
vn -0.244 0.829 -0.503
vn 0.106 0.773 -0.625
vn 0.553 0.623 0.554
vn 0.676 0.191 0.712
vn 0.59 0.732 -0.339
vn 0.299 0.555 -0.776
vn -0.184 0.205 -0.961
vn -0.344 0.065 -0.937
vn -0.448 0.61 -0.654
vn 0.094 0.348 -0.933
vn -0.89 0.185 -0.417
vn -0.582 -0.721 0.377
vn -0.595 -0.792 -0.139
vn -0.732 -0.679 0.057
vn -0.393 -0.795 0.462
vn 0.225 -0.607 0.762
vn 0.122 -0.983 0.14
vn 0.7 -0.688 0.192
vn 0.761 -0.589 -0.274
vn -0.26 -0.934 -0.245
vn -0.675 -0.516 -0.527
vn -0.656 -0.515 0.552
vn -0.356 -0.727 -0.587
vn -0.654 -0.488 -0.577
vn -0.376 -0.924 0.069
vn -0.307 -0.826 -0.473
vn -0.595 -0.726 -0.345
vn -0.422 -0.762 -0.491
vn -0.516 -0.835 0.191
vn -0.601 -0.651 -0.464
vn -0.125 -0.985 -0.114
vn -0.294 -0.938 -0.182
vn 0.194 -0.93 -0.313
vn -0.003 -0.994 0.111
vn -0.594 -0.775 -0.217
vn -0.224 -0.708 -0.67
vn -0.262 -0.935 0.241
vn -0.754 -0.583 -0.301
vn -0.886 -0.46 0.059
vn -0.89 0.185 -0.417
vn 0.395 -0.68 0.618
vn -0.453 -0.846 -0.281
vn 0.133 -0.465 -0.875
vn 0.938 -0.202 0.283
vn -0.109 -0.417 -0.902
vn -0.016 -0.863 -0.505
vn -0.344 0.065 -0.937
vn -0.318 -0.7 -0.64
vn -0.537 -0.811 -0.233
vn -0.473 -0.594 -0.65
vn -0.667 -0.697 -0.263
vn -0.604 -0.58 -0.547
vn -0.539 -0.788 0.297
vn -0.355 -0.627 0.693
vn 0.155 -0.828 0.539
vn 0.141 -0.173 0.975
vn 0.343 -0.162 0.925
vn -0.702 -0.687 0.19
vn -0.728 -0.662 -0.182
vn -0.593 -0.42 -0.687
vn -0.716 -0.618 -0.324
vn -0.76 -0.63 0.158
vn -0.766 -0.536 -0.355
vn -0.512 -0.401 -0.76
vn -0.809 -0.537 0.242
vn -0.777 -0.544 -0.316
vn -0.826 -0.532 0.186
vn -0.843 -0.45 -0.295
vn -0.867 -0.495 0.048
vn -0.808 -0.376 0.455
vn -0.661 -0.507 -0.553
vn -0.483 -0.379 -0.79
vn 0.024 -0.905 0.425
vn -0.602 0.073 0.795
vn -0.577 -0.568 0.587
vn -0.656 -0.515 0.552
vn -0.595 -0.792 -0.139
vn 0.024 -0.905 0.425
vn -0.577 -0.568 0.587
vn -0.602 0.073 0.795
vn -0.675 -0.516 -0.527
vn -0.26 -0.934 -0.245
vn -0.82 -0.489 -0.298
vn -0.974 -0.102 0.201
vn -0.896 0.293 0.333
vn -0.941 -0.191 -0.279
vn -0.958 0.273 -0.08
vn -0.654 -0.488 -0.577
vn -0.595 -0.726 -0.345
vn -0.294 -0.938 -0.182
vn -0.986 0.104 -0.126
vn -0.465 -0.861 -0.208
vn -0.918 0.001 -0.397
vn -0.094 0.556 -0.826
vn -0.975 -0.15 -0.166
vn -0.453 -0.846 -0.281
vn -0.97 -0.107 0.219
vn 0.508 -0.657 -0.557
vn -0.879 0.042 0.474
vn -0.97 -0.107 0.219
vn -0.996 -0.084 0.037
vn -0.924 -0.368 0.103
vn -0.778 0.144 -0.611
vn 0.133 -0.465 -0.875
vn -0.453 -0.846 -0.281
vn -0.778 0.144 -0.611
vn -0.996 -0.084 0.037
vn -0.845 0.456 0.278
vn 0.17 0.754 -0.635
vn -0.411 0.896 0.169
vn 0.36 0.088 -0.929
vn -0.809 0.233 0.54
vn -0.759 0.425 0.493
vn 0.34 0.704 -0.624
vn 0.222 0.967 -0.12
vn 0.486 0.201 -0.851
vn 0.133 -0.465 -0.875
vn 0.106 0.773 -0.625
vn 0.221 0.934 -0.282
vn 0.094 0.348 -0.933
vn 0.678 0.159 -0.718
vn 0.293 0.012 -0.956
vn 0.892 -0.046 -0.45
vn -0.263 -0.14 -0.955
vn -0.033 -0.203 -0.979
vn -0.448 0.61 -0.654
vn -0.89 0.185 -0.417
vn 0.819 0.486 0.305
vn 0.566 0.205 0.798
vn 0.524 0.261 0.811
vn 0.801 0.483 0.353
vn 0.59 0.732 -0.339
vn 0.739 0.556 -0.382
vn 0.539 0.193 0.82
vn 0.88 0.315 0.354
vn 0.47 0.16 0.868
vn 0.815 0.519 0.257
vn 0.401 0.197 0.895
vn 0.774 0.542 0.328
vn 0.716 0.534 0.45
vn 0.831 0.389 -0.397
vn 0.234 0.188 0.954
vn 0.953 0.018 0.303
vn 0.609 0.557 0.564
vn 0.151 0.203 0.967
vn 0.643 -0.177 0.746
vn 0.619 0.285 0.732
vn 0.388 -0.075 0.918
vn -0.094 0.556 -0.826
vn -0.986 0.104 -0.126
vn 0.265 0.601 0.754
vn 0.892 -0.046 -0.45
vn -0.506 -0.852 0.136
vn -0.465 -0.861 -0.208
vn 0.242 -0.807 -0.539
vn -0.806 -0.56 -0.193
vn -0.033 -0.203 -0.979
vn -0.092 -0.561 -0.823
vn 0.142 -0.793 -0.593
vn -0.06 -0.82 -0.568
vn -0.298 -0.932 -0.207
vn -0.459 -0.718 -0.523
vn -0.493 -0.531 -0.689
vn -0.501 -0.558 -0.662
vn -0.548 -0.415 -0.727
vn -0.681 -0.732 -0.036
vn -0.695 -0.66 -0.285
vn -0.57 -0.542 -0.618
vn -0.84 -0.504 -0.198
vn -0.707 -0.674 0.217
vn -0.663 -0.608 0.437
vn -0.879 -0.456 0.139
vn -0.519 -0.616 -0.593
vn -0.677 -0.434 -0.595
vn -0.26 -0.304 -0.917
vn 0.647 -0.231 0.727
vn 0.47 -0.299 0.831
vn 0.722 -0.309 0.62
vn 0.753 -0.155 0.639
vn 0.89 -0.279 0.361
vn 0.65 -0.15 0.745
vn 0.566 -0.286 0.773
vn 0.837 -0.011 0.546
vn 0.958 -0.214 0.192
vn 0.792 0.082 0.604
vn 0.776 0.166 0.608
vn 0.925 0.096 0.366
vn 0.979 -0.182 0.088
vn 0.936 0.131 0.328
vn 0.959 0.185 0.212
vn 0.971 0.173 0.164
vn 0.746 0.168 0.644
vn 0.982 0.151 0.114
vn 0.755 0.126 0.643
vn 0.99 0.119 0.07
vn 0.748 0.089 0.658
vn 0.787 0.011 0.618
vn 0.946 0.116 -0.304
vn 0.938 0.115 -0.328
vn 0.978 0.106 -0.182
vn 0.928 0.09 -0.362
vn 0.985 0.125 0.121
vn 0.896 0.042 -0.441
vn 0.986 0.158 -0.05
vn 0.999 0.037 0.038
vn 0.897 0.01 -0.442
vn 0.914 -0.007 -0.407
vn 0.968 0.136 0.213
vn 1 0.01 0.018
vn 0.762 -0.003 0.647
vn 0.984 0.175 0.037
vn 0.798 0.215 -0.562
vn 0.988 -0.134 -0.071
vn 0.834 0.323 -0.447
vn 0.859 0.132 -0.495
vn 0.999 -0.02 -0.047
vn 0.905 -0.071 -0.418
vn 0.897 -0.017 -0.441
vn 0.851 -0.014 0.525
vn 0.991 0.041 -0.128
vn 0.855 0.011 0.519
vn 0.984 0.112 -0.135
vn 0.991 0.065 -0.114
vn 1 0.033 -0.019
vn 0.918 -0.001 -0.396
vn 0.882 0.014 0.471
vn 1 0.011 -0.032
vn 0.715 -0.062 0.696
vn 0.998 -0.042 -0.05
vn 0.789 -0.047 0.612
vn 0.957 0.002 -0.292
vn 0.922 -0.001 -0.387
vn 0.972 -0.024 -0.233
vn 0.696 -0.06 0.716
vn 0.976 -0.002 -0.218
vn 0.583 -0.037 0.812
vn 0.957 0.047 -0.286
vn 0.619 -0.008 0.786
vn 0.954 0.089 -0.287
vn 0.587 0.048 0.808
vn 0.905 0.137 -0.403
vn 0.471 0.282 0.836
vn 0.988 0.14 0.069
vn 0.911 0.017 -0.413
vn 0.928 0.322 -0.19
vn 0.823 0.221 0.524
vn 0.939 0.332 -0.086
vn 0.793 0.587 -0.158
vn 0.744 0.64 0.193
vn 0.598 0.739 -0.312
vn 0.504 0.859 -0.084
vn 0.315 0.833 -0.456
vn 0.338 0.777 -0.53
vn 0.358 0.783 -0.509
vn 0.455 0.887 -0.085
vn 0.738 0.609 0.29
vn 0.412 0.857 -0.31
vn 0.346 0.745 -0.571
vn 0.688 0.673 0.271
vn 0.506 0.861 -0.049
vn 0.552 0.633 -0.543
vn 0.782 0.621 -0.047
vn 0.802 0.435 0.409
vn 0.763 0.504 0.404
vn 0.386 0.75 -0.538
vn 0.436 0.854 -0.283
vn 0.258 0.713 -0.652
vn 0.234 0.32 -0.918
vn 0.165 0.317 -0.934
vn 0.335 0.657 -0.676
vn 0.357 0.3 -0.885
vn 0.34 0.778 -0.528
vn 0.304 0.856 -0.418
vn 0.484 0.31 -0.818
vn 0.395 0.8 -0.452
vn 0.663 0.399 -0.633
vn 0.227 -0.75 -0.622
vn 0.446 -0.688 -0.572
vn 0.034 -0.777 -0.628
vn 0.646 -0.676 -0.353
vn 0.823 0.53 -0.203
vn 0.868 -0.496 -0.028
vn 0.275 0.942 -0.189
vn 0.09 0.086 -0.992
vn 0.013 -0.926 -0.377
vn 0.112 -0.779 -0.617
vn 0.022 -0.692 -0.721
vn 0.115 0.292 -0.95
vn 0.018 0.017 -1
vn -0.181 -0.048 -0.982
vn -0.048 -0.852 -0.522
vn -0.157 -0.964 -0.214
vn -0.589 -0.062 -0.806
vn -0.523 -0.019 -0.852
vn -0.088 0.093 -0.992
vn 0.09 0.191 -0.978
vn 0.581 -0.399 -0.71
vn 0.828 -0.432 -0.359
vn 0.399 0.816 -0.417
vn 0.892 -0.384 0.239
vn 0.516 0.822 0.241
vn 0.239 0.251 -0.938
vn 0.344 -0.937 -0.056
vn 0.274 -0.938 -0.213
vn 0.091 -0.962 -0.255
vn -0.702 -0.687 0.19
vn -0.355 -0.627 0.693
vn -0.539 -0.788 0.297
vn -0.432 -0.564 0.704
vn 0.114 -0.148 0.982
vn 0.141 -0.173 0.975
vn 0.566 0.205 0.798
vn 0.524 0.261 0.811
vn -0.485 -0.512 0.709
vn -0.76 -0.63 0.158
vn 0.099 -0.063 0.993
vn 0.539 0.193 0.82
vn -0.604 -0.473 0.642
vn -0.809 -0.537 0.242
vn -0.086 -0.11 0.99
vn 0.47 0.16 0.868
vn -0.65 -0.381 0.657
vn 0.096 0.015 0.995
vn 0.401 0.197 0.895
vn -0.241 -0.136 0.961
vn -0.712 -0.436 0.55
vn -0.826 -0.532 0.186
vn -0.808 -0.376 0.455
vn -0.338 -0.204 0.919
vn 0.234 0.188 0.954
vn 0.151 0.203 0.967
vn -0.706 -0.134 0.695
vn -0.356 0.042 0.934
vn -0.05 0.35 0.936
vn 0.619 0.285 0.732
vn 0.609 0.557 0.564
vn -0.464 0.477 0.747
vn -0.768 0.299 0.566
vn -0.599 0.744 0.295
vn -0.918 0.351 0.185
vn -0.879 0.014 0.476
vn -0.986 -0.157 -0.053
vn -0.867 -0.495 0.048
vn 0.771 -0.287 0.568
vn 0.558 -0.208 0.804
vn 0.518 -0.339 0.785
vn 0.634 -0.247 0.733
vn 0.644 -0.249 0.723
vn 0.643 -0.358 0.678
vn 0.541 -0.441 0.716
vn 0.705 -0.335 0.625
vn 0.632 -0.19 0.751
vn 0.462 -0.596 0.656
vn 0.825 -0.313 0.471
vn 0.51 -0.74 0.438
vn 0.731 -0.115 0.672
vn 0.928 -0.265 0.263
vn 0.802 -0.041 0.596
vn 0.539 0.07 0.84
vn 0.546 0.016 0.837
vn 0.546 0.099 0.832
vn 0.548 0.055 0.834
vn 0.211 -0.613 0.762
vn 0.558 -0.007 0.83
vn 0.957 -0.207 0.207
vn 0.926 -0.343 -0.159
vn 0.882 -0.203 -0.425
vn 0.873 -0.048 0.487
vn 0.484 -0.028 0.875
vn 0.88 -0.086 0.467
vn 0.921 -0.205 0.331
vn 0.985 -0.166 -0.049
vn 0.902 -0.06 0.427
vn 0.987 -0.149 -0.051
vn 0.889 -0.08 0.451
vn 0.432 -0.09 0.897
vn 0.993 -0.106 -0.045
vn 0.36 -0.08 0.929
vn 0.863 -0.084 0.499
vn 0.992 -0.118 -0.037
vn 0.984 -0.175 0.009
vn 0.83 -0.13 0.543
vn 0.36 -0.068 0.93
vn 0.967 -0.233 0.1
vn 0.951 -0.152 -0.268
vn 0.965 -0.221 -0.143
vn 0.955 -0.238 0.177
vn 0.961 -0.256 -0.101
vn 0.858 -0.188 0.479
vn 0.295 -0.078 0.952
vn 0.242 -0.218 0.945
vn 0.954 -0.275 0.123
vn 0.982 -0.177 -0.062
vn 0.884 -0.26 0.388
vn 0.967 -0.234 0.103
vn 0.997 -0.072 -0.028
vn 0.932 -0.223 0.287
vn 0.145 -0.2 0.969
vn 0.462 -0.27 0.845
vn 0.978 -0.158 0.139
vn 0.517 -0.217 0.828
vn 0.982 -0.117 0.149
vn 0.614 -0.163 0.772
vn 0.996 -0.068 0.053
vn 0.979 -0.108 0.173
vn 0.52 -0.184 0.834
vn 0.934 0.028 -0.358
vn 0.919 0.028 -0.393
vn 0.983 -0.045 -0.179
vn 0.982 -0.091 0.165
vn 0.994 -0.06 -0.092
vn 0.983 -0.052 0.173
vn 0.993 0.025 -0.113
vn 0.973 -0.049 0.224
vn 0.535 -0.109 0.838
vn 0.992 0.011 0.123
vn 0.994 0.086 -0.07
vn 0.974 0.042 0.223
vn 0.746 0.113 0.656
vn 0.987 0.127 0.096
vn 0.957 -0.268 -0.114
vn 0.988 -0.111 0.112
vn 0.977 0.131 0.167
vn 0.402 0.108 0.909
vn 0.939 -0.063 0.337
vn 0.944 0.046 0.326
vn -0.085 -0.207 0.975
vn 0.613 -0.229 0.756
vn 0.125 -0.211 0.969
vn 0.599 -0.162 0.784
vn 0.03 -0.352 0.936
vn -0.391 -0.105 0.915
vn 0.036 -0.363 0.931
vn 0.561 -0.327 0.761
vn 0.511 -0.426 0.747
vn -0.48 -0.318 0.817
vn -0.756 -0.002 0.654
vn 0.046 -0.443 0.896
vn 0.535 -0.477 0.697
vn -0.754 -0.135 0.642
vn -0.938 0.145 0.317
vn -0.979 0.055 0.195
vn -0.336 -0.302 0.892
vn -0.82 0.416 0.393
vn -0.97 0.146 -0.194
vn -0.654 -0.15 0.741
vn -0.982 0.068 0.175
vn -0.398 -0.364 0.842
vn -0.776 -0.237 0.585
vn -1 0.017 0.023
vn -0.979 0.031 0.2
vn 0.082 -0.528 0.845
vn -0.787 -0.302 0.539
vn -0.984 -0.039 0.171
vn -0.801 -0.445 0.4
vn -0.446 -0.417 0.792
vn 0.205 -0.563 0.8
vn 0.545 -0.63 0.553
vn 0.177 -0.684 0.708
vn -0.514 -0.489 0.705
vn -0.626 -0.752 0.205
vn -0.366 -0.87 0.33
vn -0.291 -0.472 0.832
vn -0.186 -0.641 0.745
vn -0.029 -0.987 0.159
vn 0.57 0.049 0.82
vn 0.492 0.26 0.831
vn 0.502 0.558 0.661
vn 0.275 0.158 0.948
vn 0.374 -0.107 0.921
vn 0.175 0.101 0.979
vn 0.277 0.27 0.922
vn 0.306 0.429 0.85
vn -0.092 0.207 0.974
vn 0.087 0.463 0.882
vn -0.265 0.365 0.893
vn 0.015 0.287 0.958
vn -0.385 0.247 0.889
vn -0.543 0.149 0.826
vn 0.034 0.543 0.839
vn -0.292 0.576 0.764
vn 0.231 0.502 0.833
vn 0.357 0.579 0.733
vn -0.115 0.601 0.791
vn -0.18 0.733 0.656
vn -0.271 0.754 0.599
vn -0.075 0.967 0.245
vn -0.516 0.856 0.01
vn 0.358 0.448 0.819
vn 0.061 0.501 0.863
vn 0.487 0.432 0.759
vn 0.264 0.659 0.705
vn 0.083 0.77 0.633
vn 0.29 0.373 0.881
vn 0.335 0.342 0.878
vn 0.511 0.387 0.767
vn -0.285 0.82 0.495
vn -0.292 0.795 0.532
vn 0.125 0.643 0.756
vn -0.171 0.759 0.629
vn -0.516 0.79 0.333
vn -0.276 0.768 0.578
vn -0.512 0.849 0.132
vn -0.113 0.848 0.518
vn -0.089 0.656 0.75
vn 0.444 0.197 0.874
vn 0.67 0.247 0.7
vn 0.349 -0.039 0.937
vn 0.568 0.108 0.816
vn 0.177 0.074 0.981
vn 0.385 -0.005 0.923
vn 0.382 -0.095 0.919
vn 0.596 0.045 0.802
vn 0.419 -0.179 0.89
vn 0.514 -0.006 0.858
vn 0.12 0.721 0.683
vn 0.01 0.706 0.708
vn -0.199 0.842 0.501
vn -0.265 0.835 0.482
vn -0.491 0.849 0.193
vn -0.48 0.837 0.262
vn -0.582 0.756 -0.3
vn -0.195 0.685 0.703
vn -0.372 0.844 0.387
vn -0.415 0.56 0.717
vn -0.565 0.704 0.432
vn -0.571 0.603 0.558
vn -0.25 0.428 0.868
vn -0.661 0.727 0.184
vn -0.704 0.693 0.154
vn -0.203 0.402 0.893
vn -0.074 0.471 0.879
vn -0.462 0.625 0.629
vn -0.659 0.579 0.481
vn -0.686 0.621 0.379
vn -0.5 0.566 0.655
vn -0.737 0.647 0.194
vn -0.343 0.596 0.726
vn -0.573 0.751 0.327
vn -0.103 0.305 0.947
vn 0.138 0.508 0.851
vn 0.025 0.311 0.95
vn -0.312 0.652 0.691
vn -0.042 0.309 0.95
vn 0.264 0.522 0.811
vn -0.133 0.607 0.783
vn -0.452 0.737 0.501
vn 0.106 0.316 0.943
vn 0.042 0.392 0.919
vn 0.45 -0.05 0.892
vn 0.329 0.115 0.937
vn 0.395 0.059 0.917
vn 0.546 -0.227 0.806
vn 0.56 -0.414 0.717
vn 0.643 -0.177 0.746
vn 0.388 -0.075 0.918
vn -0.062 0.591 0.804
vn -0.572 0.697 0.432
vn 0.067 0.058 0.996
vn 0.282 -0.251 0.926
vn -0.19 0.482 0.855
vn -0.657 0.573 0.49
vn -0.029 -0.013 1
vn -0.43 0.244 0.869
vn 0.314 0.546 0.777
vn 0.619 0.285 0.732
vn -0.543 0.662 0.516
vn -0.05 0.35 0.936
vn -0.818 0.575 0.02
vn -0.015 -0.421 0.907
vn 0.61 -0.546 0.574
vn 0.15 -0.719 0.679
vn 0.206 0.295 0.933
vn -0.169 -0.271 0.948
vn -0.357 -0.492 0.794
vn 0.238 0.014 0.971
vn 0.144 0.106 0.984
vn 0.301 0.344 0.889
vn -0.258 -0.254 0.932
vn 0.119 0.209 0.971
vn -0.18 -0.158 0.971
vn 0.107 0.475 0.874
vn 0.194 0.428 0.883
vn 0.22 0.325 0.92
vn 0.254 0.231 0.939
vn -0.457 -0.281 0.844
vn -0.468 -0.424 0.776
vn 0.225 0.185 0.957
vn 0.295 0.061 0.954
vn 0.013 0.366 0.93
vn 0.005 -0.027 1
vn -0.433 -0.19 0.881
vn -0.581 -0.24 0.778
vn -0.452 -0.849 0.274
vn -0.747 -0.218 0.628
vn -0.446 -0.865 -0.229
vn 0.029 0.04 0.999
vn 0.266 0.112 0.958
vn -0.919 -0.165 0.357
vn -0.845 -0.444 -0.298
vn -0.946 -0.199 0.256
vn -0.949 -0.219 0.226
vn -0.604 -0.215 0.768
vn -0.813 -0.181 0.553
vn -0.966 -0.197 0.168
vn -0.889 -0.099 0.448
vn -0.987 -0.122 0.107
vn -0.943 -0.018 0.332
vn -0.997 -0.059 0.059
vn -0.93 0.024 0.368
vn -0.997 0.031 0.077
vn -0.926 -0.017 0.378
vn -0.994 0.039 0.104
vn -0.984 0.156 0.083
vn -0.888 0.18 0.424
vn -0.964 0.204 0.172
vn -0.717 -0.344 0.607
vn -0.722 0.051 0.689
vn -0.626 -0.092 0.774
vn -0.671 0.004 0.741
vn -0.626 -0.182 0.758
vn -0.448 -0.197 0.872
vn -0.444 -0.132 0.887
vn -0.416 0.025 0.909
vn -0.759 0.425 0.493
vn -0.809 0.233 0.54
vn -0.474 0.164 0.865
vn -0.411 0.896 0.169
vn 0.222 0.967 -0.12
vn 0.243 0.723 0.646
vn -0.845 0.456 0.278
vn -0.253 -0.08 0.964
vn -0.769 0.246 0.59
vn -0.996 -0.084 0.037
vn -0.915 0.182 0.36
vn -0.834 0.112 0.54
vn -0.97 -0.107 0.219
vn -0.879 0.042 0.474
vn -0.885 0.037 0.464
vn -0.946 0.011 0.323
vn -0.973 0.027 0.23
vn -0.989 0.022 0.146
vn -0.999 0.036 0.045
vn -0.963 0.03 0.268
vn -0.988 0.054 0.144
vn -0.929 -0.006 0.37
vn -0.625 -0.656 -0.423
vn -0.843 0.051 0.536
vn -0.402 -0.187 0.896
vn -0.639 0.005 0.769
vn -0.905 0.072 0.419
vn -0.958 0.077 0.278
vn -0.17 0.156 0.973
vn -0.049 0 0.999
vn -0.033 0.243 0.97
vn -0.069 0.224 0.972
vn 0.259 -0.317 0.913
vn 0.164 0.207 0.964
vn -0.05 0.247 0.968
vn -0.822 0.004 0.57
vn -0.951 0.1 0.294
vn -0.997 0.006 0.085
vn -0.968 -0.002 0.252
vn -0.382 -0.016 0.924
vn -0.784 0.054 0.619
vn -0.778 0.02 0.627
vn -0.98 -0.077 0.185
vn -0.446 0.051 0.894
vn -0.459 0.042 0.888
vn -0.797 -0.04 0.603
vn -0.864 -0.096 0.493
vn -0.987 -0.096 0.131
vn -0.006 0.1 0.995
vn -0.502 -0.006 0.865
vn -0.866 -0.085 0.492
vn -0.989 -0.027 0.144
vn -0.856 -0.066 0.513
vn -0.987 -0.055 0.154
vn -0.551 -0.106 0.828
vn -0.549 -0.035 0.835
vn -0.069 0.014 0.998
vn -0.015 0.078 0.997
vn 0.03 0.099 0.995
vn 0.083 0.077 0.994
vn 0.548 0.055 0.834
vn 0.546 0.099 0.832
vn 0.558 -0.007 0.83
vn 0.539 0.07 0.84
vn -0.129 -0.025 0.991
vn 0.484 -0.028 0.875
vn 0.432 -0.09 0.897
vn 0.24 0.112 0.964
vn 0.546 0.016 0.837
vn -0.172 -0.085 0.981
vn 0.36 -0.08 0.929
vn 0.099 0.15 0.984
vn -0.57 -0.122 0.812
vn -0.23 -0.081 0.97
vn 0.36 -0.068 0.93
vn -0.307 -0.071 0.949
vn -0.819 -0.077 0.568
vn 0.266 0.067 0.962
vn -0.154 -0.052 0.987
vn 0.296 -0.123 0.947
vn -0.017 -0.111 0.994
vn 0.131 -0.135 0.982
vn 0.323 -0.201 0.925
vn 0.449 -0.076 0.891
vn 0.518 -0.339 0.785
vn 0.558 -0.208 0.804
vn 0.632 -0.19 0.751
vn 0.731 -0.115 0.672
vn 0.487 0.623 0.612
vn 0.761 0.533 0.371
vn 0.745 0.196 0.638
vn 0.927 0.26 0.271
vn 0.804 0.583 0.116
vn 0.836 0.182 0.518
vn 0.453 0.043 0.89
vn 0.667 0.33 0.668
vn 0.942 0.325 0.077
vn 0.858 0.509 -0.064
vn 0.833 0.553 -0.023
vn 0.755 0.637 -0.152
vn 0.885 0.46 0.071
vn 0.912 0.383 0.145
vn 0.962 0.246 0.119
vn 0.875 0.349 0.336
vn 0.821 0.31 0.479
vn 0.948 0.242 0.205
vn 0.783 0.168 0.599
vn 0.569 0.198 0.798
vn 0.496 0.116 0.86
vn 0.405 -0.078 0.911
vn 0.328 -0.039 0.944
vn 0.693 -0.605 0.391
vn 0.708 0.32 0.629
vn 0.923 0.106 0.371
vn 0.761 0.165 0.628
vn 0.888 0.383 0.254
vn 0.567 0.358 0.742
vn 0.996 0.058 0.067
vn 0.821 0.232 0.522
vn 0.16 0.274 0.948
vn 0.777 0.264 0.571
vn 0.875 0.028 0.482
vn 0.999 -0.028 0.04
vn 0.985 0.172 -0.016
vn 0.999 0.015 -0.043
vn 0.996 0.047 -0.08
vn 0.986 -0.073 0.15
vn 0.896 0.433 0.103
vn 0.995 0.004 -0.098
vn 0.889 0.447 -0.103
vn 0.958 0.028 -0.283
vn 0.988 -0.079 -0.135
vn 0.966 0.069 -0.248
vn 0.992 0.059 -0.11
vn 0.988 0.141 -0.057
vn 0.989 0.052 0.14
vn 0.84 -0.391 0.375
vn 0.635 -0.523 0.568
vn 0.915 -0.181 0.362
vn 0.996 0.016 0.09
vn 0.929 0.22 0.299
vn 1 0.03 0.021
vn 0.983 0.048 0.178
vn 0.71 0.1 0.697
vn 0.561 -0.56 0.611
vn 0.962 -0.273 -0.015
vn 0.961 -0.246 0.127
vn 0.913 0.13 0.387
vn 0.769 0.227 0.598
vn 0.756 -0.116 0.645
vn 0.973 -0.133 0.187
vn 0.944 0.126 0.305
vn 0.838 0.127 0.531
vn 0.901 0.268 0.34
vn 0.776 -0.127 0.617
vn 0.798 0.176 0.576
vn 0.977 0.09 0.195
vn 0.948 -0.23 0.221
vn 0.573 -0.799 0.182
vn -0.161 -0.692 0.703
vn 0.918 0.089 0.387
vn 0.733 0.157 0.662
vn 0.871 -0.484 -0.087
vn 0.777 -0.406 -0.482
vn 0.77 0.033 0.637
vn 0.729 -0.625 0.277
vn 0.583 -0.089 0.808
vn 0.566 -0.696 0.441
vn 0.784 0.087 0.614
vn 0.708 -0.579 0.405
vn 0.478 -0.749 0.46
vn 0.752 0.056 0.657
vn 0.622 0.093 0.777
vn 0.447 -0.051 0.893
vn 0.525 -0.094 0.846
vn -0.938 0.057 0.344
vn -0.956 0.252 0.153
vn -0.998 0.029 -0.053
vn -0.898 0.073 0.435
vn -0.855 0.397 0.332
vn -0.65 0.507 0.566
vn -0.43 0.832 0.351
vn -0.543 0.149 0.826
vn -0.778 -0.058 0.625
vn -0.013 0.18 0.983
vn -0.971 -0.116 0.208
vn -0.335 -0.047 0.941
vn 0.036 -0.14 0.99
vn 0.322 0.391 0.862
vn 0.544 0.289 0.788
vn 0.307 -0.152 0.939
vn 0.517 0.507 0.689
vn -0.745 -0.606 -0.28
vn -0.437 -0.658 -0.613
vn -0.885 -0.446 -0.136
vn -0.966 -0.253 -0.052
vn -0.841 -0.456 0.292
vn -0.935 -0.356 -0.004
vn -0.983 -0.093 -0.16
vn 0.548 -0.088 0.832
vn 0.467 0.47 0.75
vn 0.504 -0.306 0.808
vn 0.81 -0.434 0.395
vn 0.441 0.346 0.828
vn 0.788 -0.011 0.615
vn 0.438 0.331 0.836
vn 0.019 0.88 0.474
vn 0.94 -0.011 -0.342
vn 0.836 0.101 -0.54
vn 0.928 0.043 -0.371
vn 0.856 -0.109 -0.505
vn 0.866 -0.329 -0.377
vn 0.986 -0.051 0.156
vn 0.723 -0.567 -0.396
vn 0.933 0.034 -0.359
vn 0.81 -0.434 0.395
vn 0.953 0.257 0.161
vn 0.663 0.742 0.097
vn 0.505 0.593 0.626
vn 0.788 -0.011 0.615
vn 0.548 -0.088 0.832
vn 0.438 0.331 0.836
vn -0.896 -0.001 0.445
vn -0.992 -0.041 -0.123
vn -0.922 -0.107 0.371
vn -0.981 0.018 -0.192
vn -0.953 -0.08 0.292
vn -0.98 -0.078 -0.181
vn -0.975 -0.115 0.189
vn -0.944 -0.218 0.249
vn -0.97 -0.186 -0.157
vn -0.953 -0.245 0.178
vn -0.957 -0.217 -0.194
vn -0.935 -0.315 0.161
vn -0.747 -0.137 -0.651
vn -0.67 -0.126 -0.731
vn -0.663 0.028 -0.749
vn -0.67 0.086 -0.737
vn -0.702 0.021 -0.712
vn -0.676 -0.166 -0.718
vn -0.99 -0.01 -0.14
vn -0.655 0.012 -0.756
vn -0.595 -0.212 -0.775
vn -0.969 -0.134 -0.208
vn -0.922 -0.067 0.382
vn -0.676 -0.131 -0.725
vn -0.884 -0.09 0.459
vn -0.981 -0.138 -0.134
vn -0.744 -0.133 -0.655
vn -0.858 -0.079 0.507
vn -0.989 -0.124 -0.086
vn -0.757 -0.121 -0.642
vn -0.864 -0.048 0.501
vn -0.987 -0.146 -0.07
vn -0.742 -0.162 -0.65
vn -0.932 -0.122 0.343
vn -0.989 -0.137 -0.049
vn -0.861 -0.358 0.36
vn -0.746 -0.149 -0.649
vn -0.989 -0.13 0.065
vn -0.731 -0.362 -0.578
vn -0.556 0.757 0.343
vn -0.446 0.137 -0.885
vn -0.772 -0.289 -0.566
vn -0.888 0.348 -0.302
vn -0.832 -0.316 -0.457
vn -0.566 0.521 0.639
vn -0.797 -0.56 0.226
vn -0.794 0.352 0.495
vn -0.272 -0.929 -0.25
vn 0.268 -0.071 -0.961
vn -0.364 -0.15 -0.919
vn -0.174 -0.981 0.083
vn -0.475 -0.866 0.156
vn -0.924 -0.115 -0.364
vn -0.092 -0.983 0.161
vn -0.033 -0.978 0.207
vn -0.97 -0.162 0.182
vn -0.232 -0.917 0.326
vn -0.753 -0.288 0.591
vn -0.47 -0.683 0.56
vn -0.645 -0.198 0.738
vn 0.047 -0.73 0.681
vn -0.26 -0.592 -0.763
vn -0.092 -0.561 -0.823
vn -0.06 -0.82 -0.568
vn -0.493 -0.531 -0.689
vn 0.574 -0.218 0.79
vn 0.419 -0.179 0.89
vn 0.596 0.045 0.802
vn 0.594 -0.03 0.804
vn 0.723 0.13 0.679
vn 0.456 0.152 0.877
vn 0.444 0.058 0.895
vn 0.757 0.285 0.588
vn 0.199 0.046 0.979
vn 0.699 0.257 0.667
vn 0.618 0.186 0.764
vn 0.542 0.209 0.814
vn 0.511 0.387 0.767
vn 0.557 0.409 0.723
vn 0.558 0.301 0.773
vn 0.487 0.432 0.759
vn 0.306 0.429 0.85
vn -0.222 0.932 -0.288
vn 0.014 0.98 -0.199
vn -0.458 0.399 -0.794
vn -0.192 0.486 -0.853
vn 0.225 0.445 -0.867
vn 0.32 0.938 -0.132
vn 0.603 0.621 -0.502
vn -0.177 0.247 -0.953
vn 0.56 0.288 -0.777
vn 0.561 0.826 0.063
vn 0.226 0.186 -0.956
vn 0.734 0.125 -0.667
vn 0.663 0.742 0.097
vn 0.933 0.034 -0.359
vn 0.94 -0.011 -0.342
vn 0.527 0.138 -0.838
vn 0.76 0.102 -0.642
vn 0.928 0.043 -0.371
vn -0.374 -0.118 -0.92
vn -0.073 -0.155 -0.985
vn 0.324 -0.097 -0.941
vn 0.572 -0.116 -0.812
vn -0.661 -0.002 -0.75
vn -0.697 0.45 -0.559
vn -0.548 -0.252 -0.798
vn -0.375 -0.178 -0.91
vn -0.656 -0.11 -0.747
vn 0.76 -0.122 -0.639
vn -0.124 -0.249 -0.96
vn -0.022 -0.053 -0.999
vn -0.373 0.026 -0.928
vn -0.633 0.052 -0.772
vn 0.129 -0.156 -0.979
vn -0.412 0.25 -0.876
vn -0.639 0.264 -0.722
vn 0.072 -0.283 -0.957
vn 0.363 -0.224 -0.905
vn 0.595 -0.247 -0.765
vn 0.24 -0.078 -0.968
vn -0.227 0.183 -0.957
vn -0.151 0.422 -0.894
vn -0.324 0.531 -0.783
vn -0.578 0.51 -0.637
vn -0.402 0.73 -0.552
vn -0.247 0.801 -0.545
vn -0.182 0.715 -0.675
vn 0.051 0.159 -0.986
vn 0.217 0.07 -0.974
vn 0.459 -0.075 -0.885
vn 0.44 0.157 -0.884
vn 0.658 -0.08 -0.749
vn 0.784 -0.208 -0.584
vn 0.044 0.572 -0.819
vn 0.166 0.262 -0.951
vn 0.097 0.846 -0.524
vn -0.124 0.906 -0.406
vn 0.399 0.364 -0.841
vn 0.453 0.55 -0.701
vn 0.581 0.593 -0.558
vn 0.344 0.853 -0.393
vn 0.636 0.733 -0.238
vn 0.665 0.691 -0.283
vn 0.833 0.553 -0.023
vn 0.755 0.637 -0.152
vn 0.566 0.624 -0.539
vn 0.686 0.307 -0.66
vn 0.637 0.756 -0.148
vn 0.812 0.259 -0.523
vn 0.724 0.12 -0.68
vn 0.858 0.061 -0.51
vn 0.889 0.447 -0.103
vn 0.958 0.028 -0.283
vn 0.855 -0.025 -0.519
vn 0.925 -0.112 -0.363
vn 0.881 -0.021 -0.472
vn 0.98 -0.078 -0.181
vn 0.995 0.004 -0.098
vn 0.988 -0.079 -0.135
vn 0.879 0.228 -0.417
vn 0.92 -0.087 -0.381
vn 0.79 -0.054 -0.611
vn 0.966 0.069 -0.248
vn 0.768 -0.367 -0.526
vn -0.296 -0.118 -0.948
vn -0.238 0.619 -0.749
vn 0.665 -0.333 -0.668
vn 0.45 -0.629 -0.634
vn 0.85 -0.364 -0.381
vn 0.836 0.101 -0.54
vn 0.686 -0.032 -0.728
vn 0.621 -0.12 -0.775
vn 0.208 -0.536 -0.818
vn 0.983 0.063 -0.173
vn 0.819 0.068 -0.569
vn 0.887 -0.064 -0.458
vn 0.698 -0.023 -0.716
vn 0.884 -0.09 -0.459
vn 0.856 -0.109 -0.505
vn 0.866 -0.329 -0.377
vn 0.666 -0.402 -0.629
vn 0.723 -0.567 -0.396
vn 0.777 -0.406 -0.482
vn 1 0.03 0.021
vn 0.988 0.141 -0.057
vn 0.979 0.014 -0.201
vn 0.982 -0.186 -0.031
vn 0.958 -0.288 -0.018
vn 0.967 0.191 0.166
vn 0.57 -0.584 -0.578
vn 0.871 -0.484 -0.087
vn 0.441 -0.75 -0.492
vn 0.376 -0.651 -0.659
vn 0.81 -0.434 0.395
vn 0.128 -0.622 -0.773
vn 0.417 -0.825 -0.381
vn -0.437 -0.658 -0.613
vn 0.118 -0.731 -0.671
vn 0.297 -0.912 -0.285
vn -0.644 -0.618 -0.451
vn -0.548 -0.748 -0.375
vn -0.667 -0.564 -0.486
vn -0.745 -0.606 -0.28
vn -0.198 -0.882 0.427
vn 0.882 -0.203 -0.425
vn 0.211 -0.613 0.762
vn 0.782 -0.3 -0.546
vn 0.761 -0.213 -0.613
vn 0.665 -0.198 -0.72
vn 0.721 -0.278 -0.635
vn 0.37 -0.329 -0.869
vn -0.663 -0.608 0.437
vn 0.306 -0.24 -0.921
vn 0.001 -0.24 -0.971
vn 0.507 -0.558 -0.657
vn -0.298 -0.932 -0.207
vn 0.367 -0.178 -0.913
vn 0.013 -0.422 -0.906
vn -0.092 -0.561 -0.823
vn -0.493 -0.531 -0.689
vn -0.39 -0.568 -0.725
vn 0.24 -0.682 -0.691
vn 0.249 -0.545 -0.801
vn -0.777 -0.213 -0.593
vn -0.572 -0.386 -0.724
vn -0.851 -0.315 -0.421
vn -0.413 -0.196 -0.889
vn -0.698 -0.148 -0.701
vn -0.292 -0.312 -0.904
vn -0.573 -0.133 -0.809
vn -0.021 -0.155 -0.988
vn 0.011 -0.097 -0.995
vn -0.548 -0.073 -0.833
vn -0.578 -0.09 -0.811
vn 0.407 -0.128 -0.905
vn 0.003 -0.081 -0.997
vn -0.583 0.16 -0.797
vn 0.41 -0.1 -0.906
vn -0.02 0.127 -0.992
vn -0.578 0.281 -0.767
vn 0.709 -0.154 -0.688
vn 0.706 -0.107 -0.7
vn 0.03 0.193 -0.981
vn -0.553 0.125 -0.824
vn 0.094 0.122 -0.988
vn -0.541 0.208 -0.815
vn -0.537 0.178 -0.825
vn 0.41 0.06 -0.91
vn 0.474 0.072 -0.878
vn 0.888 -0.146 -0.436
vn 0.745 -0.011 -0.667
vn 0.081 0.149 -0.985
vn -0.544 0.053 -0.837
vn 0.915 -0.14 -0.378
vn 0.054 0.077 -0.996
vn -0.456 0.021 -0.89
vn 0.153 0.022 -0.988
vn -0.429 0.039 -0.902
vn 0.209 0.022 -0.978
vn -0.324 0.018 -0.946
vn 0.203 0.035 -0.979
vn -0.364 -0.15 -0.919
vn 0.268 -0.071 -0.961
vn 0.615 0.104 -0.781
vn 0.572 0.081 -0.816
vn 0.659 0.01 -0.752
vn 0.658 0.003 -0.753
vn 0.595 0.067 -0.801
vn 0.566 -0.052 -0.823
vn 0.839 -0.128 -0.528
vn 0.867 -0.194 -0.459
vn 0.908 -0.079 -0.412
vn 0.919 0.028 -0.393
vn 0.934 0.028 -0.358
vn 0.983 -0.045 -0.179
vn 0.994 -0.06 -0.092
vn 0.708 0.026 -0.705
vn 0.993 0.025 -0.113
vn 0.668 0.028 -0.744
vn 0.994 0.086 -0.07
vn 0.982 -0.177 -0.062
vn 0.997 -0.072 -0.028
vn 0.961 -0.256 -0.101
vn 0.965 -0.221 -0.143
vn 0.951 -0.152 -0.268
vn 0.984 -0.175 0.009
vn 0.992 -0.118 -0.037
vn 0.904 -0.158 -0.397
vn 0.993 -0.106 -0.045
vn 0.891 -0.17 -0.421
vn 0.987 -0.149 -0.051
vn 0.985 -0.166 -0.049
vn 0.944 -0.205 -0.258
vn 0.957 -0.207 0.207
vn 0.905 -0.258 -0.338
vn 0.971 -0.162 -0.175
vn 0.926 -0.343 -0.159
vn 0.934 0.346 -0.086
vn 0.954 0.284 -0.1
vn 0.893 0.259 -0.37
vn 0.893 0.014 -0.449
vn 0.98 -0.072 -0.185
vn 0.859 0.132 -0.495
vn 0.626 0.096 -0.774
vn 0.803 -0.081 -0.591
vn 0.933 0.176 -0.313
vn 0.705 0.184 -0.685
vn 0.449 0.036 -0.893
vn 0.834 0.323 -0.447
vn 0.619 0.056 -0.783
vn 0.798 0.215 -0.562
vn 0.514 0.04 -0.857
vn 0.78 0.076 -0.621
vn 0.464 0.001 -0.886
vn 0.946 0.124 -0.301
vn 0.823 0.093 -0.561
vn 0.939 0.018 -0.343
vn 0.461 -0.097 -0.882
vn 0.221 -0.026 -0.975
vn 0.69 0.099 -0.717
vn 0.986 0.158 -0.05
vn 0.896 0.042 -0.441
vn 0.491 0.039 -0.871
vn 0.455 -0.036 -0.89
vn 0.245 0.134 -0.96
vn 0.388 0.028 -0.921
vn 0.323 0.031 -0.946
vn 0.627 0.1 -0.772
vn 0.674 0.057 -0.737
vn 0.778 -0.084 -0.623
vn 0.978 0.106 -0.182
vn 0.719 0.097 -0.688
vn 0.946 0.116 -0.304
vn 0.938 0.115 -0.328
vn 0.928 0.09 -0.362
vn 0.353 0.051 -0.935
vn 0.114 0.152 -0.982
vn 0.702 0.02 -0.712
vn 0.897 0.01 -0.442
vn 0.227 0.005 -0.974
vn -0.04 0.122 -0.992
vn 0.654 -0.031 -0.755
vn 0.914 -0.007 -0.407
vn 0.905 -0.071 -0.418
vn 0.668 -0.016 -0.744
vn 0.897 -0.017 -0.441
vn 0.384 0.055 -0.922
vn 0.376 0.132 -0.917
vn 0.349 -0.086 -0.933
vn 0.345 -0.051 -0.937
vn 0.174 -0.017 -0.985
vn 0.248 0.014 -0.969
vn 0.312 -0.057 -0.949
vn 0.037 -0.119 -0.992
vn 0.332 0.057 -0.941
vn -0.017 -0.137 -0.99
vn 0.33 0.012 -0.944
vn -0.019 -0.089 -0.996
vn 0.712 0.017 -0.702
vn -0.26 -0.304 -0.917
vn -0.107 -0.233 -0.967
vn -0.009 -0.035 -1
vn -0.57 -0.542 -0.618
vn -0.548 -0.415 -0.727
vn -0.512 -0.138 -0.848
vn -0.533 -0.015 -0.846
vn -0.02 -0.135 -0.991
vn -0.132 -0.285 -0.949
vn -0.457 -0.267 -0.848
vn -0.595 -0.212 -0.775
vn -0.676 -0.166 -0.718
vn -0.747 -0.137 -0.651
vn -0.118 0.01 -0.993
vn -0.049 -0.034 -0.998
vn -0.229 0.12 -0.966
vn -0.579 0.198 -0.792
vn 0.139 0.035 -0.99
vn -0.338 0.317 -0.886
vn -0.581 0.35 -0.735
vn -0.636 0.224 -0.739
vn -0.494 0.236 -0.836
vn -0.024 -0.057 -0.998
vn -0.67 -0.126 -0.731
vn -0.663 0.028 -0.749
vn -0.115 0.368 -0.922
vn -0.335 0.209 -0.918
vn -0.107 -0.028 -0.994
vn -0.417 -0.191 -0.889
vn 0.204 0.006 -0.979
vn -0.105 0.051 -0.993
vn 0.168 -0.063 -0.984
vn -0.401 -0.011 -0.916
vn -0.526 -0.378 -0.762
vn 0.183 -0.159 -0.97
vn -0.106 -0.093 -0.99
vn -0.579 0.016 -0.815
vn -0.547 -0.594 -0.589
vn -0.664 0.029 -0.747
vn -0.397 -0.146 -0.906
vn -0.588 -0.108 -0.801
vn -0.673 -0.062 -0.737
vn -0.639 -0.128 -0.759
vn -0.435 -0.205 -0.877
vn -0.506 -0.198 -0.839
vn -0.083 -0.229 -0.97
vn -0.128 -0.251 -0.959
vn 0.227 -0.242 -0.943
vn -0.167 -0.205 -0.964
vn -0.542 -0.121 -0.831
vn 0.225 -0.21 -0.951
vn 0.551 -0.104 -0.828
vn -0.166 -0.103 -0.981
vn -0.515 -0.067 -0.854
vn 0.305 -0.158 -0.939
vn 0.596 -0.139 -0.791
vn 0.815 0.005 -0.579
vn -0.164 -0.053 -0.985
vn 0.441 -0.138 -0.887
vn 0.685 -0.131 -0.717
vn 0.799 -0.079 -0.596
vn 0.92 -0.137 -0.367
vn -0.511 -0.029 -0.859
vn -0.676 -0.116 -0.728
vn -0.662 -0.014 -0.75
vn -0.473 0.231 -0.85
vn -0.635 0.24 -0.734
vn -0.251 0.143 -0.958
vn -0.419 0.428 -0.8
vn -0.564 0.43 -0.704
vn -0.334 0.578 -0.745
vn -0.479 0.582 -0.658
vn -0.179 0.685 -0.706
vn -0.449 0.576 -0.684
vn -0.473 0.425 -0.772
vn -0.57 0.512 -0.643
vn -0.277 0.375 -0.885
vn -0.069 0.664 -0.745
vn 0.033 0.75 -0.662
vn 0.073 0.745 -0.664
vn 0.238 0.766 -0.598
vn 0.338 0.777 -0.53
vn 0.078 0.559 -0.825
vn 0.48 0.694 -0.537
vn 0.079 0.73 -0.679
vn -0.368 0.648 -0.667
vn 0.489 0.751 -0.442
vn 0.635 0.772 -0.023
vn 0.495 0.831 -0.254
vn 0.149 0.821 -0.551
vn 0.645 0.75 -0.147
vn 0.598 0.739 -0.312
vn 0.793 0.587 -0.158
vn 0.731 0.647 0.216
vn 0.315 0.833 -0.456
vn 0.033 0.657 -0.753
vn 0.225 0.59 -0.775
vn 0.358 0.783 -0.509
vn -0.082 0.299 -0.951
vn 0.12 0.235 -0.964
vn 0.088 0.04 -0.995
vn 0.139 -0.051 -0.989
vn 0.138 0.28 -0.95
vn 0.225 0.552 -0.803
vn 0.259 -0.07 -0.963
vn 0.518 -0.298 -0.802
vn -0.556 -0.673 -0.488
vn 0.246 -0.283 -0.927
vn 0.69 -0.06 -0.721
vn -0.266 -0.354 -0.896
vn -0.555 -0.668 -0.496
vn -0.219 -0.445 -0.868
vn -0.046 0.136 -0.99
vn 0.013 -0.043 -0.999
vn -0.133 -0.565 -0.814
vn 0.042 0.514 -0.856
vn 0.315 -0.283 -0.906
vn 0.061 -0.651 -0.757
vn 0.484 -0.431 -0.762
vn 0 -0.744 -0.668
vn 0.236 0.27 -0.934
vn 0.346 0.745 -0.571
vn 0.455 0.887 -0.085
vn 0.463 -0.527 -0.712
vn -0.12 -0.762 -0.637
vn 0.582 -0.025 -0.813
vn 0.2 0.686 -0.7
vn 0.383 0.506 -0.772
vn 0.436 -0.57 -0.696
vn -0.19 -0.782 -0.594
vn 0.409 -0.605 -0.683
vn -0.242 -0.818 -0.522
vn 0.196 0.833 -0.517
vn 0.412 0.857 -0.31
vn 0.552 0.633 -0.543
vn 0.673 0.212 -0.708
vn 0.87 0.273 -0.412
vn 0.782 0.621 -0.047
vn 0.938 0.342 -0.055
vn 0.954 0.258 -0.155
vn 0.841 0.07 -0.537
vn 0.918 0.124 -0.375
vn 0.715 -0.244 -0.655
vn 0.905 -0.113 -0.41
vn 0.986 0.168 0.015
vn 0.978 0.209 -0.02
vn 0.819 -0.112 -0.562
vn 0.958 0.271 -0.093
vn 0.884 -0.094 -0.458
vn 0.872 -0.161 -0.462
vn 0.96 0.253 -0.115
vn 0.817 -0.209 -0.537
vn 0.935 0.238 -0.262
vn 0.679 -0.331 -0.656
vn 0.831 0.068 -0.552
vn 0.573 -0.515 -0.637
vn 0.187 -0.756 -0.627
vn -0.069 -0.903 -0.424
vn 0.376 -0.879 -0.293
vn 0.431 -0.752 -0.498
vn 0.767 -0.44 -0.468
vn 0.948 -0.048 -0.314
vn 0.677 -0.735 0.009
vn 0.903 -0.422 -0.082
vn 0.14 0.583 0.801
vn 0.527 0.817 0.234
vn 0.27 0.799 0.537
vn 0.417 0.898 0.14
vn 0.32 0.877 0.357
vn 0.2 0.976 0.093
vn 0.047 0.805 0.591
vn 0.118 0.99 0.076
vn 0.149 0.901 0.407
vn 0.198 0.952 0.234
vn 0.224 0.525 0.821
vn 0.538 0.621 0.57
vn 0.823 0.53 -0.203
vn 0.275 0.942 -0.189
vn 0.262 0.956 -0.135
vn 0.463 0.875 -0.138
vn 0.436 0.854 -0.283
vn 0.516 0.822 0.241
vn 0.399 0.816 -0.417
vn 0.258 0.713 -0.652
vn 0.335 0.657 -0.676
vn 0.386 0.75 -0.538
vn 0.34 0.778 -0.528
vn 0.304 0.856 -0.418
vn 0.395 0.8 -0.452
vn 0.663 0.399 -0.633
vn 0.318 0.109 0.941
vn 0.364 0.209 0.908
vn 0.42 0.191 0.887
vn 0.224 0.259 0.939
vn 0.014 0.98 -0.199
vn -0.222 0.932 -0.288
vn -0.027 1 -0.009
vn 0.043 0.999 0.014
vn 0.198 0.975 -0.104
vn 0.32 0.938 -0.132
vn 0.603 0.621 -0.502
vn 0.007 0.525 0.851
vn 0.533 0.83 -0.167
vn 0.561 0.826 0.063
vn 0.618 0.786 0.031
vn 0.663 0.742 0.097
vn 0.767 0.642 -0.013
vn 0.953 0.257 0.161
vn -0.983 -0.093 -0.16
vn -0.877 0.003 0.481
vn -0.973 -0.13 0.194
vn -0.616 -0.519 0.593
vn -0.737 -0.219 0.64
vn -0.702 -0.68 -0.214
vn 0.047 -0.73 0.681
vn -0.645 -0.198 0.738
vn -0.085 -0.207 0.975
vn -0.673 -0.056 0.738
vn 0.402 0.108 0.909
vn -0.784 -0.012 0.621
vn -0.753 -0.288 0.591
vn -0.972 -0.054 0.229
vn -0.97 -0.162 0.182
vn -0.033 -0.978 0.207
vn -0.951 -0.023 0.309
vn -0.785 -0.016 0.62
vn -0.952 -0.049 0.302
vn -0.782 -0.082 0.618
vn -0.951 -0.113 0.289
vn -0.761 -0.128 0.635
vn -0.933 -0.098 0.347
vn -0.684 -0.114 0.72
vn -0.953 0.042 0.3
vn -0.688 -0.065 0.723
vn -0.958 0.095 0.269
vn -0.568 -0.01 0.823
vn -0.769 0.002 0.64
vn -0.498 -0.03 0.867
vn -0.511 -0.102 0.854
vn -0.435 -0.103 0.894
vn -0.403 -0.05 0.914
vn -0.233 0.263 0.937
vn 0.746 0.113 0.656
vn 0.535 -0.109 0.838
vn 0.52 -0.184 0.834
vn 0.614 -0.163 0.772
vn -0.469 -0.153 0.87
vn 0.517 -0.217 0.828
vn -0.521 -0.135 0.843
vn 0.462 -0.27 0.845
vn 0.145 -0.2 0.969
vn -0.718 -0.033 0.695
vn -0.754 -0.034 0.656
vn -0.974 0.016 0.227
vn -0.76 -0.129 0.637
vn -0.579 -0.121 0.806
vn -0.779 -0.003 0.627
vn -0.979 0.141 0.151
vn -0.993 0.033 0.116
vn -0.283 -0.197 0.939
vn -0.297 -0.128 0.946
vn 0.242 -0.218 0.945
vn 0.295 -0.078 0.952
vn -0.828 0.067 0.558
vn -0.339 -0.027 0.94
vn -0.301 0.013 0.954
vn -0.547 -0.007 0.837
vn -0.614 0.042 0.788
vn -0.585 -0.14 0.799
vn 0.584 0.787 0.199
vn 0.985 0.17 -0.004
vn 0.886 0.419 0.196
vn 0.352 0.914 0.205
vn 0.665 0.637 0.39
vn 0.374 0.643 0.668
vn 0.026 0.978 0.21
vn 0.081 0.976 0.204
vn -0.241 0.947 0.212
vn -0.409 0.538 0.737
vn -0.218 0.955 0.2
vn -0.487 0.854 0.18
vn -0.555 0.807 0.202
vn -0.792 0.417 0.444
vn -0.912 0.339 0.232
vn -0.952 0.293 0.085
vn -0.946 0.32 -0.046
vn 0.047 0.909 0.414
vn 0.612 0.727 0.311
vn -0.279 0.899 0.336
vn -0.798 0.599 0.072
vn -0.946 0.304 -0.113
vn -0.667 0.74 0.081
vn -0.957 0.254 -0.143
vn -0.692 0.721 0.043
vn -0.344 0.879 0.331
vn 0.035 0.875 0.483
vn 0.796 0.555 0.24
vn -0.424 0.864 0.273
vn -0.232 -0.917 0.326
vn 0.083 0.853 0.516
vn 0.983 0.023 0.184
vn -0.47 -0.683 0.56
vn 0.047 -0.73 0.681
vn 0.215 -0.151 0.965
vn 0.195 -0.836 0.513
vn 0.371 -0.281 0.885
vn 0.994 0.106 0.043
vn 0.136 -0.689 -0.712
vn 0.795 -0.425 0.432
vn 0.456 0.212 -0.864
vn 0.4 0.205 -0.894
vn 0.665 0.632 0.398
vn 0.617 0.671 0.411
vn 0.233 0.603 0.764
vn 0.845 0.498 0.193
vn 0.807 0.587 -0.069
vn -0.024 -0.999 0.04
vn -0.218 -0.965 0.144
vn -0.723 -0.673 -0.154
vn 0.007 -0.998 0.064
vn 0.344 -0.938 0.054
vn 0.731 -0.679 0.067
vn 0.042 0.392 0.919
vn -0.312 0.652 0.691
vn 0.106 0.316 0.943
vn 0.329 0.115 0.937
vn 0.546 -0.227 0.806
vn 0.394 -0.132 0.91
vn 0.45 -0.05 0.892
vn 0.438 0.331 0.836
vn 0.505 0.593 0.626
vn 0.019 0.88 0.474
vn 0.767 0.642 -0.013
vn 0.953 0.257 0.161
vn 0.78 0.591 0.206
vn 0.856 0.366 0.365
vn 0.692 0.221 0.688
vn -0.168 0.914 0.371
vn 0.441 0.346 0.828
vn 0.505 0.327 0.799
vn 0.467 0.47 0.75
vn -0.101 0.995 -0.006
vn 0.502 0.558 0.661
vn 0.217 0.969 -0.117
vn 0.517 0.507 0.689
vn 0.492 0.26 0.831
vn 0.544 0.289 0.788
vn 0.277 0.27 0.922
vn 0.322 0.391 0.862
vn 0.087 0.463 0.882
vn -0.013 0.18 0.983
vn -0.265 0.365 0.893
vn -0.543 0.149 0.826
vn 0.625 -0.162 0.764
vn 0.71 -0.189 0.678
vn 0.631 0.023 0.776
vn 0.503 0.013 0.864
vn 0.458 0.114 0.881
vn 0.624 0.105 0.774
vn 0.42 0.191 0.887
vn 0.659 0.155 0.736
vn 0.562 0.242 0.791
vn 0.499 -0.073 0.864
vn 0.582 -0.535 0.613
vn 0.318 0.109 0.941
vn 0.44 0.189 0.878
vn 0.591 0.185 0.785
vn 0.597 0.19 0.779
vn 0.337 0.04 0.941
vn 0.398 -0.02 0.917
vn 0.32 -0.345 0.882
vn 0.221 0.094 0.971
vn 0.068 -0.554 0.83
vn 0.079 -0.387 0.918
vn 0.118 0.104 0.988
vn 0.018 0.205 0.979
vn -0.187 -0.405 0.895
vn 0.063 0.075 0.995
vn -0.076 0.175 0.981
vn -0.187 0.298 0.936
vn -0.423 0.161 0.892
vn -0.209 0.235 0.949
vn -0.134 0.111 0.985
vn 0.053 0.123 0.991
vn -0.259 0.16 0.953
vn -0.002 0.307 0.952
vn 0.173 0.155 0.973
vn -0.15 0.123 0.981
vn -0.148 0.14 0.979
vn -0.265 0.296 0.917
vn -0.272 0.097 0.958
vn -0.251 0.002 0.968
vn -0.073 0.051 0.996
vn 0.03 0.159 0.987
vn 0.145 0.135 0.98
vn 0.224 0.259 0.939
vn 0.364 0.209 0.908
vn 0.013 -0.045 0.999
vn 0.221 0.069 0.973
vn -0.242 -0.143 0.959
vn 0.398 0.159 0.904
vn -0.412 0.111 0.904
vn -0.196 -0.203 0.959
vn -0.643 0.088 0.761
vn -0.674 0.062 0.736
vn 0.117 -0.141 0.983
vn -0.093 -0.171 0.981
vn 0.331 -0.007 0.943
vn 0.297 -0.066 0.953
vn 0.489 0.107 0.866
vn 0.464 0.017 0.886
vn 0.519 0.069 0.853
vn 0.723 0.13 0.679
vn 0.05 -0.116 0.992
vn -0.271 -0.086 0.958
vn -0.091 -0.338 0.937
vn -0.262 -0.287 0.921
vn 0.989 0.009 -0.148
vn 0.746 -0.647 -0.161
vn 0.344 -0.938 0.054
vn 0.731 -0.679 0.067
vn 0.915 -0.392 -0.1
vn 0.993 0.105 -0.056
vn 0.976 0.139 -0.169
vn 0.746 -0.66 -0.088
vn 0.983 0.023 0.184
vn 0.977 0.18 -0.115
vn 0.987 0.157 -0.013
vn 0.461 -0.882 0.097
vn 0.434 -0.889 0.147
vn 0.84 -0.459 -0.29
vn 0.869 0.094 -0.486
vn 0.796 0.555 0.24
vn 0.985 0.17 -0.004
vn 0.612 0.727 0.311
vn 0.584 0.787 0.199
vn 0.724 -0.69 0
vn 0.982 0.144 0.12
vn 0.886 0.419 0.196
vn 0.542 -0.83 0.137
vn 0.665 0.637 0.39
vn 0.803 0.353 0.481
vn 0.538 -0.709 0.455
vn 0.374 0.643 0.668
vn 0.423 -0.351 0.835
vn 0.562 -0.1 0.821
vn 0.339 -0.05 0.939
vn -0.364 -0.422 0.83
vn 0.133 0.115 0.984
vn 0.158 0.184 0.97
vn 0.887 -0.064 -0.458
vn 0.979 0.014 -0.201
vn 0.686 -0.032 -0.728
vn 0.89 -0.455 0
vn 0.994 -0.088 0.066
vn 0.398 0.185 0.898
vn 0.557 0.409 0.723
vn 0.558 0.301 0.773
vn 0.327 0.239 0.914
vn 0.397 0.151 0.905
vn 0.581 -0.001 0.814
vn 0.328 0.183 0.927
vn 0.542 0.209 0.814
vn 0.637 0.281 0.718
vn 0.605 0.291 0.741
vn 0.65 0.132 0.749
vn 0.66 0.232 0.714
vn 0.227 0.185 0.956
vn 0.307 -0.005 0.952
vn 0.626 -0.044 0.778
vn 0.019 0.167 0.986
vn 0.444 0.233 0.865
vn 0.717 0.281 0.638
vn 0.505 0.327 0.799
vn 0.343 0.283 0.896
vn 0.502 0.558 0.661
vn 0.199 0.046 0.979
vn 0.618 0.186 0.764
vn 0.757 0.285 0.588
vn 0.237 0.152 0.959
vn 0.735 0.124 0.667
vn 0.426 -0.039 0.904
vn 0.444 0.058 0.895
vn 0.456 0.152 0.877
vn 0.594 -0.03 0.804
vn 0.735 -0.048 0.676
vn 0.723 0.13 0.679
vn 0.32 -0.345 0.882
vn 0.582 -0.535 0.613
vn 0.518 -0.339 0.785
vn 0.323 -0.201 0.925
vn 0.068 -0.554 0.83
vn 0.079 -0.387 0.918
vn 0.131 -0.135 0.982
vn -0.187 -0.405 0.895
vn -0.017 -0.111 0.994
vn -0.253 -0.08 0.964
vn -0.154 -0.052 0.987
vn 0.296 -0.123 0.947
vn 0.243 0.723 0.646
vn -0.821 -0.563 -0.092
vn -0.679 -0.732 -0.05
vn -0.691 -0.283 -0.665
vn -0.463 -0.47 -0.751
vn -0.995 0.012 -0.104
vn -0.708 -0.292 0.644
vn -0.767 0.128 -0.629
vn -0.979 0.055 0.195
vn -0.995 0.012 -0.104
vn -0.938 0.145 0.317
vn -0.97 0.146 -0.194
vn -0.767 0.128 -0.629
vn -0.76 0.281 -0.586
vn -0.858 0.498 -0.128
vn -0.82 0.416 0.393
vn -0.982 0.068 0.175
vn -0.889 0.25 -0.385
vn -1 0.017 0.023
vn -0.73 0.365 -0.578
vn -0.931 0.24 -0.277
vn -0.979 0.031 0.2
vn -0.797 0.376 -0.473
vn -0.937 0.298 -0.186
vn -0.367 0.561 -0.742
vn -0.196 0.455 -0.869
vn -0.51 0.522 -0.684
vn -0.763 0.396 -0.511
vn -0.48 0.456 -0.749
vn -0.083 0.958 -0.274
vn -0.33 0.874 0.358
vn -0.886 0.464 0.02
vn -0.95 0.166 -0.263
vn -0.945 0.088 0.315
vn -0.928 -0.137 0.347
vn -0.984 -0.039 0.171
vn -0.983 -0.091 0.159
vn -0.801 -0.445 0.4
vn 0.988 -0.134 -0.071
vn 0.98 -0.072 -0.185
vn 0.859 0.132 -0.495
vn 0.888 -0.456 -0.067
vn 0.979 -0.182 0.088
vn 0.961 -0.145 0.234
vn 0.958 -0.214 0.192
vn 0.849 -0.418 0.324
vn 0.89 -0.279 0.361
vn 0.495 -0.612 0.617
vn 0.722 -0.309 0.62
vn 0.368 -0.332 0.869
vn -0.726 -0.424 0.542
vn -0.888 -0.363 0.282
vn -0.319 -0.822 -0.472
vn -0.049 -0.637 -0.769
vn -0.229 -0.236 -0.944
vn -0.766 -0.583 0.269
vn -0.324 0.018 -0.946
vn -0.924 -0.115 -0.364
vn -0.364 -0.15 -0.919
vn -0.956 -0.026 -0.294
vn -0.97 -0.162 0.182
vn -0.972 -0.054 0.229
vn -0.953 -0.019 -0.303
vn -0.429 0.039 -0.902
vn -0.951 -0.023 0.309
vn -0.955 -0.028 -0.297
vn -0.456 0.021 -0.89
vn -0.952 -0.049 0.302
vn -0.951 -0.062 -0.304
vn -0.544 0.053 -0.837
vn -0.951 -0.113 0.289
vn -0.971 -0.021 -0.238
vn -0.537 0.178 -0.825
vn -0.933 -0.098 0.347
vn -0.966 0.145 -0.215
vn -0.541 0.208 -0.815
vn -0.953 0.042 0.3
vn -0.957 0.18 -0.229
vn -0.553 0.125 -0.824
vn -0.958 0.095 0.269
vn -0.982 0.096 -0.159
vn -0.974 0.016 0.227
vn -0.578 0.281 -0.767
vn -0.979 0.141 0.151
vn -0.949 0.234 -0.21
vn -0.583 0.16 -0.797
vn -0.968 0.115 -0.223
vn -0.993 0.033 0.116
vn -0.578 -0.09 -0.811
vn -0.974 -0.079 -0.214
vn -0.987 -0.055 0.154
vn -0.989 -0.027 0.144
vn -0.975 -0.044 -0.22
vn -0.548 -0.073 -0.833
vn -0.987 -0.096 0.131
vn -0.573 -0.133 -0.809
vn -0.982 -0.102 -0.158
vn -0.98 -0.077 0.185
vn -0.698 -0.148 -0.701
vn -0.976 -0.135 -0.175
vn -0.986 -0.114 -0.121
vn -0.968 -0.002 0.252
vn -0.777 -0.213 -0.593
vn -0.996 -0.087 0.029
vn -0.997 0.006 0.085
vn -0.942 -0.107 -0.318
vn -0.942 -0.261 -0.209
vn -0.851 -0.315 -0.421
vn -0.924 -0.19 -0.333
vn -0.972 -0.032 -0.232
vn -0.988 0.054 0.144
vn -0.954 0.029 -0.298
vn -0.989 0.022 0.146
vn -0.748 -0.141 -0.648
vn -0.619 -0.378 -0.688
vn -0.999 0.018 -0.037
vn -0.999 0.036 0.045
vn -0.493 -0.531 -0.689
vn -0.572 -0.386 -0.724
vn -0.39 -0.568 -0.725
vn -0.501 -0.558 -0.662
vn -0.606 -0.261 -0.751
vn -0.512 -0.138 -0.848
vn -0.548 -0.415 -0.727
vn -0.533 -0.015 -0.846
vn -0.641 -0.054 -0.766
vn -0.579 0.198 -0.792
vn -0.765 0.019 -0.644
vn -0.647 0.201 -0.735
vn -0.581 0.35 -0.735
vn -0.728 0.212 -0.652
vn -0.626 0.363 -0.69
vn -0.636 0.224 -0.739
vn -0.67 0.167 -0.724
vn -0.661 0.344 -0.667
vn -0.625 0.228 -0.747
vn -0.748 0.282 -0.601
vn -0.919 0.15 -0.365
vn -0.829 0.275 -0.487
vn -0.879 0.364 -0.308
vn -0.953 0.235 -0.194
vn -0.974 0.223 -0.035
vn -0.973 0.027 0.23
vn -0.964 0.204 0.172
vn -0.984 0.156 0.083
vn -0.977 0.009 -0.214
vn -0.994 0.039 0.104
vn -0.829 -0.137 -0.542
vn -0.977 0.064 -0.206
vn -0.997 0.031 0.077
vn -0.849 -0.005 -0.528
vn -0.969 -0.099 -0.228
vn -0.997 -0.059 0.059
vn -0.75 0.022 -0.662
vn -0.662 -0.38 -0.646
vn -0.838 -0.138 -0.528
vn -0.958 -0.194 -0.213
vn -0.987 -0.122 0.107
vn -0.664 0.029 -0.747
vn -0.547 -0.594 -0.589
vn -0.673 -0.062 -0.737
vn -0.73 -0.087 -0.678
vn -0.824 -0.181 -0.536
vn -0.957 -0.219 -0.19
vn -0.966 -0.197 0.168
vn -0.672 -0.088 -0.735
vn -0.639 -0.128 -0.759
vn -0.684 -0.132 -0.718
vn -0.793 -0.198 -0.576
vn -0.675 -0.155 -0.722
vn -0.506 -0.198 -0.839
vn -0.542 -0.121 -0.831
vn -0.661 -0.147 -0.736
vn -0.656 -0.157 -0.739
vn -0.676 -0.116 -0.728
vn -0.515 -0.067 -0.854
vn -0.662 -0.13 -0.738
vn -0.66 -0.123 -0.741
vn -0.673 -0.087 -0.734
vn -0.662 -0.014 -0.75
vn -0.809 -0.109 -0.578
vn -0.692 -0.06 -0.719
vn -0.684 0.013 -0.729
vn -0.674 0.252 -0.694
vn -0.635 0.24 -0.734
vn -0.953 -0.183 -0.242
vn -0.794 -0.068 -0.604
vn -0.709 0.035 -0.704
vn -0.942 -0.183 -0.279
vn -0.949 -0.219 0.226
vn -0.916 -0.162 -0.368
vn -0.946 -0.199 0.256
vn -0.919 -0.165 0.357
vn -0.755 0.004 -0.656
vn -0.946 -0.306 -0.105
vn -0.845 -0.444 -0.298
vn -0.803 -0.054 -0.594
vn -0.793 -0.027 -0.608
vn -0.771 0 -0.637
vn -0.699 0.082 -0.71
vn -0.682 0.198 -0.704
vn -0.703 0.336 -0.627
vn -0.819 0.47 -0.328
vn -0.779 0.422 -0.463
vn -0.544 0.403 -0.736
vn -0.524 0.41 -0.746
vn -0.57 0.427 -0.702
vn -0.637 0.415 -0.65
vn -0.627 0.432 -0.648
vn -0.564 0.43 -0.704
vn -0.867 -0.495 0.048
vn -0.843 -0.45 -0.295
vn -0.986 -0.157 -0.053
vn -0.803 -0.102 -0.587
vn -0.645 -0.223 -0.731
vn -0.661 -0.507 -0.553
vn -0.588 -0.12 -0.8
vn -0.96 0.201 -0.197
vn -0.879 0.014 0.476
vn -0.918 0.351 0.185
vn -0.816 0.287 -0.501
vn -0.879 0.469 -0.084
vn -0.811 0.243 -0.533
vn -0.518 -0.191 -0.834
vn -0.788 0.303 -0.537
vn -0.477 -0.098 -0.874
vn -0.818 0.575 0.02
vn -0.73 0.341 -0.593
vn -0.796 0.605 0.006
vn -0.657 0.573 0.49
vn -0.572 0.697 0.432
vn -0.791 0.595 -0.147
vn -0.7 0.076 -0.71
vn -0.452 0.737 0.501
vn -0.803 0.496 -0.331
vn -0.675 0.021 -0.737
vn -0.684 0.723 0.099
vn -0.573 0.751 0.327
vn -0.847 0.372 -0.38
vn -0.737 0.647 0.194
vn -0.585 -0.128 -0.8
vn -0.833 0.55 -0.056
vn -0.807 0.288 -0.517
vn -0.779 0.618 -0.103
vn -0.62 -0.156 -0.769
vn -0.775 0.34 -0.533
vn -0.475 -0.158 -0.866
vn -0.845 -0.444 -0.298
vn -0.779 0.422 -0.463
vn 0.45 -0.629 -0.634
vn 0.665 -0.333 -0.668
vn 0.85 -0.364 -0.381
vn 0.89 -0.455 0
vn 0.686 -0.032 -0.728
vn 0.84 -0.459 -0.29
vn 0.652 -0.293 -0.699
vn 0.212 -0.053 -0.976
vn 0.957 -0.268 -0.114
vn 0.434 -0.889 0.147
vn 0.988 -0.111 0.112
vn 0.461 -0.882 0.097
vn 0.983 0.023 0.184
vn 0.939 -0.063 0.337
vn 0.047 -0.73 0.681
vn -0.085 -0.207 0.975
vn -0.483 -0.379 -0.79
vn -0.777 -0.544 -0.316
vn -0.512 -0.401 -0.76
vn -0.766 -0.536 -0.355
vn 0.299 0.555 -0.776
vn 0.59 0.732 -0.339
vn 0.739 0.556 -0.382
vn 0.348 0.35 -0.87
vn -0.184 0.205 -0.961
vn -0.344 0.065 -0.937
vn 0.709 0.419 -0.567
vn 0.88 0.315 0.354
vn 0.815 0.519 0.257
vn 0.586 0.5 -0.637
vn 0.774 0.542 0.328
vn 0.043 -0.006 -0.999
vn -0.109 -0.417 -0.902
vn 0.44 0.298 -0.847
vn 0.727 0.397 -0.56
vn 0.831 0.389 -0.397
vn -0.138 -0.307 -0.941
vn -0.318 -0.7 -0.64
vn -0.473 -0.594 -0.65
vn 0.357 -0.088 -0.93
vn 0.288 0.321 -0.902
vn 0.098 -0.537 -0.838
vn 0.182 0.143 -0.973
vn -0.231 -0.204 -0.951
vn -0.604 -0.58 -0.547
vn 0.017 0.18 -0.983
vn -0.271 -0.061 -0.96
vn -0.593 -0.42 -0.687
vn 0.4 0.181 -0.898
vn -0.182 -0.195 -0.964
vn -0.512 -0.401 -0.76
vn 0.148 0.005 -0.989
vn -0.232 -0.234 -0.944
vn -0.483 -0.379 -0.79
vn 0.49 0.073 -0.869
vn 0.109 -0.064 -0.992
vn 0.597 -0.191 -0.779
vn 0.733 -0.495 -0.466
vn 0.953 0.018 0.303
vn 0.21 -0.435 -0.876
vn -0.071 -0.338 -0.938
vn 0.134 -0.64 -0.757
vn 0.481 -0.726 -0.493
vn 0.542 -0.734 -0.409
vn -0.348 -0.279 -0.895
vn -0.645 -0.223 -0.731
vn -0.661 -0.507 -0.553
vn -0.323 -0.354 -0.878
vn -0.588 -0.12 -0.8
vn -0.201 -0.458 -0.866
vn -0.518 -0.191 -0.834
vn -0.14 -0.465 -0.875
vn -0.477 -0.098 -0.874
vn 0.263 -0.656 -0.708
vn 0.285 -0.803 -0.523
vn 0.585 -0.788 -0.19
vn 0.472 -0.756 -0.453
vn -0.005 -0.688 -0.726
vn -0.396 -0.33 -0.857
vn -0.73 0.341 -0.593
vn -0.7 0.076 -0.71
vn -0.297 -0.365 -0.883
vn -0.675 0.021 -0.737
vn -0.585 -0.128 -0.8
vn 0.215 -0.643 -0.736
vn -0.013 -0.492 -0.87
vn -0.62 -0.156 -0.769
vn -0.845 -0.444 -0.298
vn -0.446 -0.865 -0.229
vn 0.462 -0.592 -0.66
vn 0.583 -0.654 -0.481
vn -0.452 -0.849 0.274
vn 0.71 -0.662 -0.239
vn 0.75 -0.661 -0.021
vn -0.468 -0.424 0.776
vn 0.722 -0.309 0.62
vn 0.47 -0.299 0.831
vn 0.368 -0.332 0.869
vn 0.625 -0.162 0.764
vn 0.918 0.28 -0.28
vn 0.912 0.267 -0.313
vn 0.977 0.029 0.21
vn 0.976 0.057 0.213
vn 0.599 -0.162 0.784
vn 0.9 0.352 -0.256
vn 0.613 -0.229 0.756
vn 0.98 0.026 0.198
vn 0.561 -0.327 0.761
vn 0.918 0.249 -0.309
vn 0.952 -0.174 0.252
vn 0.511 -0.426 0.747
vn 1 -0.012 0.025
vn 0.898 0.213 -0.384
vn 0.937 -0.209 0.28
vn 0.535 -0.477 0.697
vn 0.848 -0.373 0.378
vn 0.953 0.06 -0.299
vn 0.902 -0.399 0.165
vn 0.916 0.06 -0.396
vn 0.903 -0.422 -0.082
vn 0.948 -0.048 -0.314
vn 0.669 -0.347 0.656
vn 0.538 0.621 0.57
vn 0.868 -0.496 -0.028
vn 0.823 0.53 -0.203
vn 0.61 -0.051 0.791
vn -0.556 0.757 0.343
vn 0.617 -0.697 0.364
vn -0.772 -0.289 -0.566
vn -0.557 -0.822 0.12
vn -0.789 -0.499 0.359
vn -0.302 -0.657 -0.691
vn -0.79 -0.345 0.507
vn -0.766 -0.583 0.269
vn -0.037 -0.821 -0.569
vn 0.172 -0.94 -0.293
vn -0.781 -0.451 -0.432
vn -0.44 -0.516 -0.735
vn 0.558 -0.799 0.224
vn -0.127 -0.7 -0.703
vn -0.433 -0.874 0.222
vn -0.884 -0.007 -0.468
vn -0.409 0.538 0.737
vn 0.374 0.643 0.668
vn 0.423 -0.351 0.835
vn -0.289 -0.476 0.831
vn -0.55 -0.667 0.502
vn -0.792 0.417 0.444
vn -0.912 0.339 0.232
vn -0.706 -0.648 0.286
vn -0.487 0.854 0.18
vn 0.906 -0.112 -0.407
vn 0.979 0.038 0.202
vn 0.823 0.221 0.524
vn 0.911 0.017 -0.413
vn 0.928 0.322 -0.19
vn 0.988 0.14 0.069
vn 0.805 -0.222 -0.55
vn 0.781 0.053 -0.622
vn 0.905 0.137 -0.403
vn 0.474 -0.184 -0.861
vn 0.8 0.072 -0.595
vn 0.954 0.089 -0.287
vn 0.528 -0.04 -0.848
vn 0.832 -0.008 -0.556
vn 0.957 0.047 -0.286
vn 0.586 -0.019 -0.81
vn 0.836 -0.012 -0.549
vn 0.976 -0.002 -0.218
vn 0.509 -0.032 -0.86
vn 0.878 -0.05 -0.475
vn 0.972 -0.024 -0.233
vn 0.539 -0.081 -0.838
vn 0.853 0.035 -0.521
vn 0.957 0.002 -0.292
vn 0.588 -0.092 -0.803
vn 0.821 0.058 -0.568
vn 0.922 -0.001 -0.387
vn 0.521 0.066 -0.851
vn -0.005 -0.107 -0.994
vn 0.009 -0.116 -0.993
vn -0.013 -0.133 -0.991
vn 0.002 -0.103 -0.995
vn -0.01 -0.114 -0.994
vn -0.024 -0.252 -0.967
vn 0.116 -0.993 -0.029
vn 0.356 -0.931 0.083
vn -0.731 -0.362 -0.578
vn -0.746 -0.149 -0.649
vn -0.742 -0.162 -0.65
vn -0.757 -0.121 -0.642
vn -0.744 -0.133 -0.655
vn -0.676 -0.131 -0.725
vn -0.036 0.071 -0.997
vn -0.655 0.012 -0.756
vn 0.006 0.06 -0.998
vn -0.702 0.021 -0.712
vn 0.44 0.109 -0.891
vn -0.045 0.151 -0.987
vn -0.67 0.086 -0.737
vn 0.417 0.036 -0.908
vn 0.787 -0.004 -0.617
vn -0.057 0.096 -0.994
vn 0.356 0.119 -0.927
vn 0.292 0.082 -0.953
vn 0.918 -0.001 -0.396
vn 1 0.011 -0.032
vn 0.998 -0.042 -0.05
vn 1 0.033 -0.019
vn 0.911 0.083 -0.404
vn 0.991 0.065 -0.114
vn 0.984 0.112 -0.135
vn 0.75 0.072 -0.657
vn 0.875 0.147 -0.46
vn 0.991 0.041 -0.128
vn 0.667 0.155 -0.729
vn 0.999 -0.02 -0.047
vn 0.35 -0.014 -0.937
vn -0.896 0.293 0.333
vn -0.654 -0.488 -0.577
vn -0.732 -0.679 0.057
vn -0.974 -0.102 0.201
vn -0.577 -0.568 0.587
vn -0.675 -0.516 -0.527
vn -0.595 -0.792 -0.139
vn -0.395 0.856 0.332
vn -0.641 0.649 0.409
vn -0.599 0.693 0.402
vn -0.461 0.765 0.45
vn -0.044 0.833 0.552
vn 0.006 0.941 0.337
vn 0.487 0.623 0.612
vn -0.277 0.908 0.315
vn 0.427 0.844 0.324
vn 0.761 0.533 0.371
vn 0.029 0.953 0.302
vn 0.459 0.877 0.141
vn 0.804 0.583 0.116
vn 0.641 0.762 -0.087
vn 0.858 0.509 -0.064
vn 0.273 0.962 -0.015
vn 0.502 0.856 -0.119
vn 0.755 0.637 -0.152
vn 0.636 0.733 -0.238
vn 0.08 0.988 0.13
vn -0.162 0.972 0.172
vn 0.337 0.931 -0.139
vn 0.344 0.853 -0.393
vn 0 0.954 -0.301
vn 0.097 0.846 -0.524
vn -0.124 0.906 -0.406
vn 0.183 0.979 -0.095
vn 0.027 0.999 0.043
vn -0.099 0.978 -0.183
vn -0.247 0.801 -0.545
vn -0.182 0.715 -0.675
vn -0.202 0.909 -0.366
vn -0.402 0.73 -0.552
vn -0.072 0.996 0.059
vn -0.267 0.942 -0.203
vn -0.388 0.868 -0.31
vn -0.497 0.866 -0.049
vn -0.746 0.548 -0.378
vn -0.578 0.51 -0.637
vn -0.777 0.629 -0.018
vn -0.624 0.723 0.298
vn -0.287 0.957 0.056
vn -0.354 0.896 0.27
vn -0.189 0.962 0.196
vn -0.427 0.816 0.39
vn -0.41 0.8 0.437
vn 0.518 -0.298 -0.802
vn 0.259 -0.07 -0.963
vn 0.604 -0.33 -0.725
vn 0.69 -0.06 -0.721
vn 0.405 -0.486 -0.775
vn 0.441 -0.138 -0.887
vn 0.778 -0.112 -0.619
vn 0.231 -0.611 -0.757
vn 0.875 0.028 0.482
vn 0.567 0.358 0.742
vn 0.71 0.1 0.697
vn 0.561 -0.56 0.611
vn 0.761 0.165 0.628
vn 0.286 -0.884 0.369
vn -0.197 0.878 0.435
vn -0.075 0.967 0.245
vn -0.01 0.993 0.121
vn -0.43 0.832 0.351
vn 0.831 0.544 -0.118
vn -0.65 0.507 0.566
vn 0.689 0.717 0.104
vn 0.443 0.862 -0.246
vn 0.688 0.57 -0.45
vn 0.465 0.823 0.327
vn 0.617 0.671 0.411
vn 0.673 0.485 0.558
vn 0.664 0.748 -0.022
vn 0.932 0.273 -0.239
vn 0.919 0.39 -0.044
vn -0.556 0.757 0.343
vn -0.566 0.521 0.639
vn 0.233 0.603 0.764
vn 0.601 0.768 0.224
vn 0.172 0.981 -0.091
vn 0.499 0.862 0.088
vn 0.08 0.399 0.914
vn -0.588 0.562 0.582
vn -0.631 -0.095 0.77
vn 0.379 0.562 0.735
vn 0.627 0.693 0.356
vn 0.917 0.4 -0.017
vn 0.951 0.308 -0.014
vn 0.569 0.794 0.215
vn -0.159 -0.296 0.942
vn 0.006 -0.815 0.579
vn -0.364 -0.422 0.83
vn 0.031 -0.486 0.874
vn -0.174 -0.235 0.956
vn 0.562 -0.1 0.821
vn 0.543 0.719 0.433
vn 0.798 0.176 0.576
vn 0.901 0.268 0.34
vn 0.944 0.126 0.305
vn 0.801 0.59 -0.106
vn -0.05 0.35 0.936
vn -0.43 0.244 0.869
vn 0.314 0.546 0.777
vn 0.619 0.285 0.732
vn 0.82 -0.198 0.537
vn 0.764 0 0.646
vn 0.714 0.04 0.699
vn 0.839 -0.093 0.536
vn 0.712 0.062 0.699
vn 0.892 -0.125 0.434
vn 0.798 -0.054 0.6
vn 0.941 -0.277 0.193
vn 0.596 0.264 0.758
vn 0.827 0.086 0.555
vn 0.96 0.277 0.044
vn 0.742 0.181 0.645
vn 0.561 0.32 0.764
vn 0.798 0.142 0.585
vn 0.721 0.337 0.605
vn 0.712 0.343 0.612
vn 0.967 0.048 0.251
vn 0.755 0.522 0.396
vn 0.91 0.322 0.262
vn 0.811 0.558 0.178
vn 0.829 0.176 0.531
vn 0.806 -0.019 0.592
vn 0.75 0.112 0.651
vn 0.601 -0.184 0.778
vn 0.597 0.007 0.803
vn 0.692 0.221 0.688
vn 0.505 0.327 0.799
vn 0.717 0.281 0.638
vn 0.856 0.366 0.365
vn 0.961 0.27 -0.057
vn 0.78 0.591 0.206
vn 0.767 0.642 -0.013
vn 0.8 0.559 -0.217
vn 0.618 0.786 0.031
vn 0.625 0.094 0.775
vn 0.448 0.499 0.742
vn 0.676 0.376 0.634
vn 0.441 0.162 0.882
vn 0.688 -0.15 0.71
vn 0.475 -0.051 0.878
vn 0.329 0.179 0.927
vn 0.676 0.191 0.712
vn 0.054 -0.3 0.953
vn 0.225 -0.607 0.762
vn -0.393 -0.795 0.462
vn -0.376 -0.924 0.069
vn -0.256 -0.529 0.809
vn -0.516 -0.835 0.191
vn -0.003 -0.994 0.111
vn 0.155 -0.828 0.539
vn 0.192 0.062 0.979
vn 0.343 -0.162 0.925
vn 0.296 -0.123 0.947
vn 0.676 0.376 0.634
vn 0.243 0.723 0.646
vn 0.992 -0.116 0.042
vn -0.05 0.247 0.968
vn 0.164 0.207 0.964
vn 0.833 -0.426 0.354
vn 0.625 0.094 0.775
vn 0.735 -0.656 0.17
vn 0.688 -0.15 0.71
vn 0.774 -0.619 -0.135
vn -0.033 0.243 0.97
vn -0.049 0 0.999
vn -0.738 0.349 0.577
vn -0.563 0.817 -0.12
vn -0.167 0.896 0.411
vn 0.002 0.035 1
vn -0.433 -0.874 0.222
vn 0.558 -0.799 0.224
vn 0.233 0.603 0.764
vn 0.61 -0.051 0.791
vn -0.556 0.757 0.343
vn -0.781 -0.451 -0.432
vn -0.557 -0.822 0.12
vn -0.923 -0.272 0.274
vn -0.789 -0.499 0.359
vn -0.79 -0.345 0.507
vn -0.856 -0.097 0.507
vn -0.972 0.086 -0.219
vn -0.547 0.307 0.778
vn 0.104 0.979 0.179
vn -0.785 -0.032 0.619
vn -0.888 -0.363 0.282
vn -0.766 -0.583 0.269
vn -0.869 -0.129 0.479
vn -0.726 -0.424 0.542
vn -0.683 0.02 0.73
vn -0.43 0.043 0.902
vn -0.188 0.144 0.972
vn 0.408 0.563 0.719
vn 0.322 -0.317 0.892
vn 0.796 -0.133 0.59
vn -0.302 -0.51 0.806
vn 0.204 -0.336 0.919
vn -0.516 -0.27 0.813
vn -0.729 -0.258 0.634
vn -0.801 -0.075 0.593
vn 0.256 -0.399 0.88
vn -0.135 -0.427 0.894
vn -0.007 -0.289 0.957
vn 0.559 -0.227 0.798
vn 0.195 -0.836 0.513
vn 0.215 -0.151 0.965
vn 0.505 0.306 0.807
vn 0.896 0.192 0.402
vn -0.059 0.335 0.94
vn 0.282 0.896 0.345
vn -0.742 0.432 0.513
vn -0.084 0.383 0.92
vn -0.692 -0.096 0.715
vn -0.666 -0.075 0.743
vn -0.038 -0.271 0.961
vn 0.818 -0.189 0.543
vn 0.953 -0.064 0.295
vn 0.545 0.12 0.83
vn -0.019 0.288 0.958
vn -0.411 0.453 0.791
vn -0.708 -0.292 0.644
vn -0.345 0.602 0.72
vn -0.995 0.012 -0.104
vn -0.724 -0.243 0.646
vn -0.679 -0.732 -0.05
vn -0.542 -0.449 0.711
vn -0.821 -0.563 -0.092
vn -0.831 -0.489 0.266
vn -0.738 -0.338 0.584
vn -0.057 0.492 0.869
vn 0.83 0.11 0.548
vn -0.791 0.523 -0.319
vn -0.723 -0.673 -0.154
vn -0.218 -0.965 0.144
vn -0.909 -0.329 -0.258
vn -0.97 0.114 -0.216
vn -0.91 0.023 -0.415
vn -0.728 -0.581 -0.365
vn -0.63 0.008 -0.776
vn -0.42 -0.693 -0.586
vn -0.948 0.106 -0.301
vn -0.703 -0.007 -0.711
vn -0.272 -0.929 -0.25
vn -0.475 -0.866 0.156
vn -0.947 0.308 -0.094
vn -0.092 -0.983 0.161
vn -0.957 0.254 -0.143
vn -0.883 0.466 0.044
vn -0.232 -0.917 0.326
vn -0.692 0.721 0.043
vn -0.946 0.304 -0.113
vn -0.979 0.102 -0.18
vn -0.946 0.32 -0.046
vn -0.978 0.169 -0.12
vn -0.316 -0.939 -0.132
vn -0.701 -0.713 0.029
vn -0.952 0.293 0.085
vn -0.706 -0.648 0.286
vn -0.912 0.339 0.232
vn -0.543 0.662 0.516
vn -0.05 0.35 0.936
vn -0.464 0.477 0.747
vn -0.599 0.744 0.295
vn -0.818 0.575 0.02
vn -0.879 0.469 -0.084
vn -0.918 0.351 0.185
vn -0.816 0.287 -0.501
vn -0.811 0.243 -0.533
vn 0.853 0.366 -0.374
vn 0.948 -0.048 -0.314
vn 0.916 0.06 -0.396
vn 0.541 0.351 -0.765
vn 0.763 0.645 0.051
vn -0.083 0.958 -0.274
vn 0.953 0.06 -0.299
vn -0.48 0.456 -0.749
vn 0.487 0.369 -0.792
vn 0.898 0.213 -0.384
vn 0.918 0.249 -0.309
vn 0.43 0.525 -0.734
vn -0.51 0.522 -0.684
vn 0.9 0.352 -0.256
vn 0.393 0.685 -0.614
vn -0.367 0.561 -0.742
vn 0.912 0.267 -0.313
vn 0.531 0.46 -0.711
vn 0.918 0.28 -0.28
vn -0.196 0.455 -0.869
vn 0.499 0.477 -0.723
vn -0.081 0.301 -0.95
vn 0.931 -0.287 0.226
vn 0.939 -0.157 0.304
vn 0.892 -0.125 0.434
vn 0.941 -0.277 0.193
vn 0.925 -0.379 0
vn 0.992 0.112 0.06
vn 0.96 0.277 0.044
vn 0.807 0.587 -0.069
vn 0.33 0.921 -0.207
vn 0.527 0.514 -0.677
vn 0.665 0.632 0.398
vn -0.167 0.896 0.411
vn 0.233 0.603 0.764
vn -0.563 0.817 -0.12
vn -0.033 0.772 -0.634
vn -0.533 0.336 -0.776
vn -0.711 0.183 -0.679
vn -0.135 -0.427 0.894
vn -0.726 -0.424 0.542
vn 0.136 -0.689 -0.712
vn 0.195 -0.836 0.513
vn 0.989 0.009 -0.148
vn 0.711 -0.548 -0.44
vn 0.746 -0.647 -0.161
vn 0.855 0.051 -0.517
vn 0.174 -0.727 -0.665
vn 0.869 0.094 -0.486
vn 0.976 0.139 -0.169
vn 0.977 0.18 -0.115
vn 0.193 0.016 -0.981
vn -0.63 0.008 -0.776
vn -0.42 -0.693 -0.586
vn -0.703 -0.007 -0.711
vn 0.182 0.026 -0.983
vn 0.84 -0.459 -0.29
vn 0.212 -0.053 -0.976
vn -0.272 -0.929 -0.25
vn 0.268 -0.071 -0.961
vn 0.676 0.191 0.712
vn 0.141 -0.173 0.975
vn 0.566 0.205 0.798
vn 0.553 0.623 0.554
vn 0.819 0.486 0.305
vn 0.59 0.732 -0.339
vn 0.322 -0.317 0.892
vn 0.204 -0.336 0.919
vn 0.796 -0.133 0.59
vn 0.83 0.11 0.548
vn 0.889 0.449 -0.095
vn 0.408 0.563 0.719
vn 0.104 0.979 0.179
vn 0.305 0.632 -0.713
vn -0.128 0.613 -0.779
vn 0.598 0.729 -0.333
vn 0.009 0.998 -0.071
vn -0.057 0.492 0.869
vn -0.885 -0.056 0.462
vn -0.153 -0.974 -0.168
vn 0.969 -0.215 0.124
vn 0.967 -0.156 0.201
vn 0.976 -0.157 -0.151
vn 0.944 -0.091 0.316
vn -0.249 -0.014 0.968
vn 0.676 0.215 0.705
vn 0.992 -0.082 0.101
vn 0.99 -0.044 -0.133
vn 0.939 -0.157 0.304
vn 0.436 0.119 0.892
vn 0.931 -0.205 0.303
vn 0.647 0.067 0.759
vn 0.778 0.027 0.627
vn 0.908 -0.102 0.407
vn 0.931 -0.287 0.226
vn 0.872 -0.084 0.483
vn 0.837 -0.164 0.522
vn 0.979 -0.106 0.172
vn 0.925 -0.379 0
vn 0.992 0.112 0.06
vn 0.923 -0.041 0.381
vn 0.82 0.017 0.572
vn 0.723 0.13 0.679
vn 0.597 0.19 0.779
vn 0.984 -0.174 0.042
vn 0.977 0.124 0.174
vn 0.936 0.219 0.278
vn 0.969 0.111 0.219
vn 0.983 -0.181 -0.018
vn 0.323 0.305 0.896
vn 0.987 0.151 0.062
vn 0.802 0.435 0.409
vn 0.885 0.39 0.253
vn 0.938 0.31 0.158
vn 0.939 0.332 -0.086
vn 0.744 0.64 0.193
vn 0.738 0.609 0.29
vn 0.688 0.673 0.271
vn 0.598 0.729 -0.333
vn 0.009 0.998 -0.071
vn -0.226 0.731 -0.644
vn 0.305 0.632 -0.713
vn 0.889 0.449 -0.095
vn -0.338 0.501 -0.797
vn -0.412 0.153 -0.898
vn -0.128 0.613 -0.779
vn -0.296 0.017 -0.955
vn -0.691 -0.283 -0.665
vn 0.072 0.167 -0.983
vn -0.592 0.166 -0.789
vn -0.463 -0.47 -0.751
vn -0.44 0.227 -0.869
vn -0.016 -0.016 -1
vn -0.081 0.301 -0.95
vn -0.767 0.128 -0.629
vn -0.76 0.281 -0.586
vn -0.196 0.455 -0.869
vn -0.73 0.365 -0.578
vn 0.373 0.086 -0.924
vn 0.676 0.085 -0.731
vn 0.646 0.267 -0.715
vn 0.884 0.427 -0.19
vn 0.898 0.129 -0.42
vn 0.011 0.414 -0.911
vn 0.425 0.148 -0.893
vn -0.033 0.772 -0.634
vn -0.533 0.336 -0.776
vn 0.33 0.921 -0.207
vn 0.527 0.514 -0.677
vn 0.737 0.233 -0.634
vn 0.533 0.603 -0.593
vn 0.807 0.587 -0.069
vn 0.688 0.57 -0.45
vn 0.136 0.82 -0.556
vn 0.443 0.862 -0.246
vn 0.617 0.671 0.411
vn 0.932 0.273 -0.239
vn 0.919 0.39 -0.044
vn 0.986 0.103 -0.13
vn 0.999 -0.049 -0.008
vn -0.953 0.235 -0.194
vn -0.748 0.282 -0.601
vn -0.829 -0.137 -0.542
vn -0.662 -0.38 -0.646
vn -0.625 0.228 -0.747
vn -0.67 0.167 -0.724
vn -0.547 -0.594 -0.589
vn -0.636 0.224 -0.739
vn -0.526 -0.378 -0.762
vn -0.417 -0.191 -0.889
vn -0.494 0.236 -0.836
vn 0.45 -0.05 0.892
vn 0.282 -0.251 0.926
vn 0.61 -0.546 0.574
vn 0.73 -0.552 0.402
vn 0.671 -0.63 0.389
vn 0.394 -0.132 0.91
vn 0.759 -0.623 0.189
vn 0.546 -0.227 0.806
vn 0.56 -0.414 0.717
vn 0.601 -0.184 0.778
vn 0.565 0.227 0.793
vn 0.708 0.11 0.697
vn 0.806 -0.019 0.592
vn 0.601 -0.184 0.778
vn 0.708 0.11 0.697
vn 0.57 -0.093 0.816
vn 0.597 0.007 0.803
vn 0.717 0.281 0.638
vn -0.631 -0.095 0.77
vn -0.713 -0.691 0.118
vn -0.797 -0.56 0.226
vn -0.244 0.13 0.961
vn -0.794 0.352 0.495
vn 0.08 0.399 0.914
vn -0.566 0.521 0.639
vn 0.245 0.338 0.909
vn 0.465 0.823 0.327
vn 0.499 0.862 0.088
vn 0.673 0.485 0.558
vn 0.664 0.748 -0.022
vn -0.823 -0.06 0.564
vn -0.887 -0.085 0.454
vn -0.482 -0.162 0.861
vn -0.946 -0.324 0.023
vn -0.131 -0.512 0.849
vn 0.093 -0.487 0.868
vn -0.225 -0.427 0.876
vn -0.062 -0.699 0.712
vn -0.304 -0.953 -0.011
vn -0.654 -0.751 0.089
vn 0.111 -0.903 -0.414
vn -0.084 -0.799 0.595
vn 0.795 -0.425 0.432
vn -0.594 -0.775 -0.217
vn -0.224 -0.708 -0.67
vn -0.601 -0.651 -0.464
vn -0.016 -0.863 -0.505
vn -0.934 -0.334 0.129
vn -0.886 -0.46 0.059
vn -0.344 0.065 -0.937
vn -0.89 0.185 -0.417
vn 0.795 -0.425 0.432
vn -0.084 -0.799 0.595
vn 0.371 -0.281 0.885
vn -0.612 -0.029 0.791
vn -0.654 -0.751 0.089
vn 0.215 -0.151 0.965
vn -0.528 -0.163 0.833
vn -0.059 0.335 0.94
vn -0.742 0.432 0.513
vn -0.691 -0.283 -0.665
vn -0.412 0.153 -0.898
vn -0.338 0.501 -0.797
vn -0.826 -0.149 -0.543
vn -0.821 -0.563 -0.092
vn -0.831 -0.489 0.266
vn -0.885 0.124 -0.448
vn -0.226 0.731 -0.644
vn -0.927 0.261 -0.27
vn -0.738 -0.338 0.584
vn -0.791 0.523 -0.319
vn 0.009 0.998 -0.071
vn -0.057 0.492 0.869
vn -0.57 0.512 -0.643
vn -0.473 0.425 -0.772
vn -0.368 0.648 -0.667
vn -0.539 0.515 -0.667
vn -0.711 0.364 -0.601
vn -0.569 0.562 -0.601
vn -0.772 0.604 -0.199
vn -0.938 0.145 0.317
vn -0.995 0.012 -0.104
vn -0.345 0.602 0.72
vn -0.756 -0.002 0.654
vn -0.391 -0.105 0.915
vn -0.411 0.453 0.791
vn 0.125 -0.211 0.969
vn -0.019 0.288 0.958
vn 0.545 0.12 0.83
vn 0.599 -0.162 0.784
vn 0.73 0.545 0.413
vn 0.977 0.029 0.21
vn 0.918 0.28 -0.28
vn 0.884 0.427 -0.19
vn 0.499 0.477 -0.723
vn 0.646 0.267 -0.715
vn -0.081 0.301 -0.95
vn 0.617 -0.697 0.364
vn 0.558 -0.799 0.224
vn 0.61 -0.051 0.791
vn 0.002 0.035 1
vn 0.581 -0.001 0.814
vn 0.398 0.185 0.898
vn 0.374 -0.107 0.921
vn 0.57 0.049 0.82
vn 0.502 0.558 0.661
vn 0.374 -0.107 0.921
vn 0.398 0.185 0.898
vn 0.558 0.301 0.773
vn 0.175 0.101 0.979
vn 0.306 0.429 0.85
vn -0.884 -0.007 -0.468
vn -0.738 0.349 0.577
vn -0.433 -0.874 0.222
vn -0.563 0.817 -0.12
vn -0.711 0.183 -0.679
vn -0.127 -0.7 -0.703
vn -0.44 -0.516 -0.735
vn -0.533 0.336 -0.776
vn -0.781 -0.451 -0.432
vn -0.863 -0.054 -0.502
vn -0.923 -0.272 0.274
vn -0.44 0.227 -0.869
vn -0.972 0.086 -0.219
vn -0.592 0.166 -0.789
vn 0.104 0.979 0.179
vn -0.128 0.613 -0.779
vn 0.831 0.544 -0.118
vn -0.18 0.733 0.656
vn -0.075 0.967 0.245
vn -0.292 0.576 0.764
vn -0.65 0.507 0.566
vn -0.543 0.149 0.826
vn 0.419 -0.179 0.89
vn 0.574 -0.218 0.79
vn 0.514 -0.006 0.858
vn 0.519 0.069 0.853
vn 0.723 0.13 0.679
vn -0.519 -0.616 -0.593
vn -0.677 -0.434 -0.595
vn -0.26 -0.304 -0.917
vn -0.457 -0.267 -0.848
vn -0.84 -0.504 -0.198
vn -0.765 -0.385 -0.517
vn -0.846 -0.264 -0.464
vn -0.932 -0.319 -0.175
vn -0.908 -0.345 0.238
vn -0.879 -0.456 0.139
vn -0.663 -0.608 0.437
vn -0.707 -0.674 0.217
vn 0.82 -0.198 0.537
vn 0.762 -0.399 0.51
vn 0.764 0 0.646
vn 0.723 0.13 0.679
vn 0.735 -0.048 0.676
vn 0.612 0.325 0.721
vn 0.849 0.028 0.527
vn 0.93 0.016 0.368
vn 0.735 0.124 0.667
vn 0.893 0.149 0.426
vn 0.641 0.121 0.758
vn 0.66 0.232 0.714
vn 0.683 0.155 0.714
vn 0.802 0.187 0.566
vn 0.605 0.291 0.741
vn 0.637 0.281 0.718
vn 0.708 0.11 0.697
vn 0.565 0.227 0.793
vn 0.749 0.097 0.656
vn 0.65 0.132 0.749
vn 0.57 -0.093 0.816
vn 0.626 -0.044 0.778
vn 0.845 -0.051 0.533
vn 0.717 0.281 0.638
vn 0.986 0.168 0.015
vn 0.954 0.258 -0.155
vn 0.918 0.124 -0.375
vn 0.815 0.424 0.395
vn 0.916 0.348 0.199
vn 0.938 0.342 -0.055
vn 0.713 0.472 0.519
vn 0.978 0.209 -0.02
vn 0.776 0.516 0.362
vn 0.958 0.271 -0.093
vn 0.771 0.565 0.294
vn 0.96 0.253 -0.115
vn 0.935 0.238 -0.262
vn 0.763 0.645 0.051
vn 0.853 0.366 -0.374
vn 0.831 0.068 -0.552
vn 0.948 -0.048 -0.314
vn 0.464 0.304 0.832
vn 0.702 0.435 0.564
vn 0.788 0.202 0.582
vn 0.772 0.354 0.527
vn 0.817 0.461 0.346
vn 0.763 0.504 0.404
vn 0.802 0.435 0.409
vn 0.782 0.621 -0.047
vn 0.581 0.593 -0.558
vn 0.566 0.624 -0.539
vn 0.665 0.691 -0.283
vn 0.637 0.756 -0.148
vn 0.833 0.553 -0.023
vn 0.889 0.447 -0.103
vn 0.812 0.259 -0.523
vn 0.885 0.46 0.071
vn 0.896 0.433 0.103
vn 0.962 0.246 0.119
vn 0.572 -0.82 -0.017
vn 0.871 0.411 -0.268
vn 0.58 -0.501 -0.642
vn 0.958 -0.043 0.285
vn -0.304 -0.953 -0.011
vn 0.279 0.031 -0.96
vn 0.661 0.063 -0.748
vn 0.812 0.044 -0.581
vn -0.956 0.23 0.181
vn -0.958 0.256 0.126
vn -0.997 -0.078 -0.035
vn -0.771 0.092 0.631
vn -0.858 -0.152 0.49
vn -0.304 -0.953 -0.011
vn -0.388 -0.906 0.17
vn -0.648 -0.598 0.471
vn -0.528 -0.163 0.833
vn -0.407 0.125 0.905
vn -0.631 -0.095 0.77
vn -0.588 0.562 0.582
vn -0.084 0.383 0.92
vn 0.379 0.562 0.735
vn 0.435 0.717 0.545
vn 0.627 0.693 0.356
vn 0.16 0.274 0.948
vn 0.821 0.232 0.522
vn -0.161 -0.692 0.703
vn -0.524 -0.133 0.841
vn -0.337 0.336 0.879
vn -0.403 0.414 0.816
vn 0.708 0.32 0.629
vn -0.364 -0.422 0.83
vn 0.328 -0.039 0.944
vn -0.159 -0.296 0.942
vn 0.339 -0.05 0.939
vn 0.158 0.184 0.97
vn 0.362 0.217 0.907
vn 0.569 0.198 0.798
vn 0.667 0.33 0.668
vn 0.453 0.043 0.89
vn 0.047 0.304 0.952
vn 0.023 -0.005 1
vn -0.229 0.314 0.921
vn 0.133 0.115 0.984
vn 0.352 -0.046 0.935
vn 0.745 0.196 0.638
vn 0.487 0.623 0.612
vn -0.044 0.833 0.552
vn -0.286 -0.177 0.942
vn -0.162 -0.539 0.827
vn 0.05 -0.025 0.999
vn -0.461 0.765 0.45
vn -0.062 -0.699 0.712
vn -0.441 0.172 0.881
vn -0.641 0.649 0.409
vn -0.225 -0.427 0.876
vn 0.093 -0.487 0.868
vn -0.809 0.389 0.442
vn -0.55 0.194 0.812
vn -0.482 -0.162 0.861
vn -0.734 0.486 0.475
vn -0.599 0.693 0.402
vn -0.887 -0.085 0.454
vn -0.946 -0.324 0.023
vn -0.724 0.374 0.58
vn -0.68 -0.048 0.731
vn -0.823 -0.06 0.564
vn -0.571 0.089 0.816
vn -0.12 0.183 0.976
vn 0.562 -0.1 0.821
vn 0.031 -0.486 0.874
vn -0.174 -0.235 0.956
vn -0.576 -0.133 0.806
vn -0.761 0.075 0.645
vn -0.714 -0.09 0.694
vn -0.642 -0.018 0.767
vn -0.701 0.154 0.697
vn -0.763 -0.135 0.632
vn -0.866 -0.034 0.499
vn -0.713 0.332 0.618
vn -0.681 0.344 0.646
vn -0.965 0.2 0.167
vn -0.98 -0.022 0.194
vn -0.957 -0.149 0.252
vn -0.858 -0.152 0.49
vn -0.688 0.515 0.513
vn -0.758 -0.069 0.649
vn -0.864 -0.132 0.485
vn -0.622 0.581 0.525
vn -0.833 -0.042 0.551
vn -0.9 -0.252 0.354
vn -0.771 0.092 0.631
vn -0.973 -0.13 0.194
vn -0.877 0.003 0.481
vn -0.717 -0.085 0.692
vn -0.719 -0.337 0.608
vn -0.958 0.256 0.126
vn -0.639 -0.229 0.734
vn -0.737 -0.219 0.64
vn -0.684 -0.254 -0.684
vn -0.724 0.042 0.689
vn -0.927 -0.013 0.375
vn -0.806 -0.011 0.592
vn -0.782 0.06 0.621
vn -1 -0.025 0.029
vn -0.949 -0.291 -0.124
vn -0.891 -0.336 0.307
vn -0.638 -0.019 0.77
vn -0.697 0.012 0.717
vn -0.482 0.15 0.863
vn -0.622 -0.112 0.775
vn -0.677 -0.538 0.503
vn -0.298 0.066 0.952
vn -0.248 0.025 0.968
vn 0.023 -0.031 1
vn -0.403 -0.677 0.615
vn -0.047 -0.633 0.772
vn -0.094 0.121 0.988
vn 0.254 -0.127 0.959
vn 0.292 -0.802 0.521
vn -0.14 0.163 0.977
vn -0.133 0.162 0.978
vn 0.583 -0.089 0.808
vn 0.566 -0.696 0.441
vn -0.406 0.088 0.91
vn -0.087 0.169 0.982
vn -0.698 -0.348 0.625
vn -0.706 -0.042 0.707
vn -0.409 -0.241 0.88
vn -0.583 -0.013 0.812
vn -0.012 -0.277 0.961
vn 0.006 -0.815 0.579
vn -0.619 -0.302 0.726
vn 0.057 0.313 0.948
vn -0.355 -0.014 0.935
vn -0.124 -0.074 0.99
vn -0.511 -0.254 0.821
vn -0.2 -0.114 0.973
vn -0.246 0.032 0.969
vn -0.746 0.61 0.267
vn -0.034 -0.955 -0.294
vn -0.259 -0.252 0.933
vn -0.27 0.08 0.959
vn -0.588 0.173 0.79
vn 0.315 -0.122 0.941
vn -0.129 0.282 0.951
vn -0.182 -0.849 0.497
vn -0.024 0.067 0.998
vn -0.211 -0.119 0.97
vn -0.022 -0.933 0.36
vn 0.525 -0.094 0.846
vn 0.478 -0.749 0.46
vn 0.752 0.056 0.657
vn 0.447 -0.051 0.893
vn -0.02 -0.073 0.997
vn 0.425 -0.038 0.904
vn 0.622 0.093 0.777
vn 0.77 0.033 0.637
vn 0.733 0.157 0.662
vn 0.194 0.428 0.883
vn 0.29 0.373 0.881
vn 0.013 0.366 0.93
vn 0.22 0.325 0.92
vn -0.263 -0.14 -0.955
vn -0.806 -0.56 -0.193
vn -0.033 -0.203 -0.979
vn -0.754 -0.583 -0.301
vn -0.89 0.185 -0.417
vn 0.368 -0.332 0.869
vn 0.625 -0.162 0.764
vn 0.631 0.023 0.776
vn 0.749 -0.024 0.663
vn 0.819 0.044 0.572
vn 0.624 0.105 0.774
vn 0.803 -0.073 0.591
vn 0.495 -0.612 0.617
vn 0.849 -0.418 0.324
vn 0.869 -0.011 0.495
vn 0.961 -0.145 0.234
vn 0.839 0.133 0.528
vn 0.659 0.155 0.736
vn 0.885 0.075 0.458
vn 0.958 0.142 0.25
vn 0.891 0.116 0.439
vn 0.861 0.235 0.45
vn 0.857 0.15 0.492
vn 0.793 0.44 0.421
vn 0.562 0.242 0.791
vn 0.83 0.16 0.535
vn 0.591 0.185 0.785
vn 0.823 0.174 0.541
vn 0.967 0.197 0.16
vn 0.888 -0.456 -0.067
vn 0.98 -0.072 -0.185
vn 0.934 0.346 -0.086
vn 0.966 0.251 0.056
vn 0.954 0.284 -0.1
vn 0.973 0.188 -0.133
vn 0.994 0.107 -0.028
vn 0.933 0.176 -0.313
vn 0.893 0.259 -0.37
vn 0.946 0.124 -0.301
vn 0.839 0.13 0.529
vn 0.867 0.063 0.495
vn 0.905 0.153 0.397
vn 0.954 0.052 0.295
vn 0.883 0.2 0.424
vn 0.964 0.118 0.239
vn 0.999 0.032 0.037
vn 0.964 0.225 0.144
vn 0.987 0.146 -0.061
vn 0.916 0.226 0.331
vn 0.932 0.351 0.086
vn 0.981 0.117 0.151
vn 0.98 0.192 -0.041
vn 0.986 0.099 0.137
vn 0.968 0.172 -0.184
vn 0.977 0.156 -0.148
vn 0.939 0.018 -0.343
vn -0.688 0.515 0.513
vn -0.713 0.332 0.618
vn -0.624 0.723 0.298
vn -0.681 0.344 0.646
vn -0.793 0.543 0.276
vn -0.965 0.2 0.167
vn -0.852 0.518 -0.084
vn -0.777 0.629 -0.018
vn -0.746 0.548 -0.378
vn -0.893 0.448 -0.037
vn -0.826 0.449 -0.34
vn -0.578 0.51 -0.637
vn -0.983 0.178 -0.038
vn -0.98 -0.022 0.194
vn -0.869 0.384 -0.311
vn -0.78 0.261 -0.569
vn -0.639 0.264 -0.722
vn -0.633 0.052 -0.772
vn -0.947 0.103 -0.305
vn -1 -0.005 -0.03
vn -0.957 -0.149 0.252
vn -0.817 0.085 -0.571
vn -0.935 -0.001 -0.356
vn -0.813 -0.061 -0.578
vn -0.656 -0.11 -0.747
vn -0.919 -0.156 -0.362
vn -0.81 -0.186 -0.556
vn -0.986 -0.154 -0.069
vn -0.928 -0.354 -0.112
vn -0.716 -0.263 -0.647
vn -0.548 -0.252 -0.798
vn -0.959 -0.255 0.12
vn -0.861 -0.313 -0.402
vn -0.83 -0.157 -0.535
vn -0.661 -0.002 -0.75
vn -0.926 -0.278 -0.254
vn -0.938 0.25 -0.239
vn -0.937 -0.351 -0.004
vn -0.865 0.488 -0.121
vn -0.697 0.45 -0.559
vn -0.998 0.029 -0.053
vn -0.956 0.252 0.153
vn -0.855 0.397 0.332
vn -0.43 0.832 0.351
vn -0.197 0.878 0.435
vn -0.01 0.993 0.121
vn -0.222 0.932 -0.288
vn -0.458 0.399 -0.794
vn -0.971 -0.116 0.208
vn -0.938 0.057 0.344
vn -0.935 -0.356 -0.004
vn -0.874 -0.442 -0.202
vn -0.702 -0.68 -0.214
vn -0.684 -0.254 -0.684
vn -0.737 -0.219 0.64
vn -0.958 0.256 0.126
vn -0.997 -0.078 -0.035
vn -0.956 0.23 0.181
vn -0.858 -0.152 0.49
vn -0.354 0.896 0.27
vn -0.624 0.723 0.298
vn -0.427 0.816 0.39
vn -0.41 0.8 0.437
vn -0.277 0.908 0.315
vn -0.395 0.856 0.332
vn 0.99 -0.044 -0.133
vn 0.987 0.146 -0.061
vn 0.976 -0.157 -0.151
vn -0.153 -0.974 -0.168
vn 0.874 -0.185 -0.45
vn -0.21 -0.828 -0.52
vn 0.814 -0.169 -0.556
vn 0.768 -0.069 -0.637
vn 0.759 -0.113 -0.641
vn 0.231 -0.611 -0.757
vn 0.778 -0.112 -0.619
vn -0.084 0.383 0.92
vn 0.435 0.717 0.545
vn 0.282 0.896 0.345
vn 0.569 0.794 0.215
vn 0.505 0.306 0.807
vn 0.627 0.693 0.356
vn 0.84 -0.391 0.375
vn 0.915 -0.181 0.362
vn 0.561 -0.56 0.611
vn 0.635 -0.523 0.568
vn 0.286 -0.884 0.369
vn 0.693 -0.605 0.391
vn 0.148 -0.394 0.907
vn 0.761 0.165 0.628
vn -0.556 -0.673 -0.488
vn 0.518 -0.298 -0.802
vn 0.604 -0.33 -0.725
vn 0.405 -0.486 -0.775
vn -0.555 -0.668 -0.496
vn 0.231 -0.611 -0.757
vn -0.161 -0.692 0.703
vn 0.315 -0.122 0.941
vn -0.524 -0.133 0.841
vn 0.573 -0.799 0.182
vn 0.623 -0.708 0.332
vn 0.948 -0.23 0.221
vn 0.798 0.176 0.576
vn 0.625 -0.162 0.764
vn 0.643 -0.358 0.678
vn 0.771 -0.287 0.568
vn 0.71 -0.189 0.678
vn 0.518 -0.339 0.785
vn 0.582 -0.535 0.613
vn 0.938 -0.202 0.283
vn 0.486 0.201 -0.851
vn 0.678 0.159 -0.718
vn 0.265 0.601 0.754
vn 0.892 -0.046 -0.45
vn 0.315 -0.122 0.941
vn 0.732 -0.064 0.679
vn 0.382 -0.276 0.882
vn -0.12 -0.211 0.97
vn -0.27 0.08 0.959
vn -0.053 0.7 0.712
vn -0.246 0.032 0.969
vn -0.105 -0.323 0.941
vn -0.368 0.619 0.694
vn -0.771 -0.635 -0.055
vn 0.839 -0.093 0.536
vn 0.939 -0.157 0.304
vn 0.908 -0.102 0.407
vn 0.892 -0.125 0.434
vn 0.721 0.337 0.605
vn 0.561 0.32 0.764
vn 0.565 0.227 0.793
vn 0.596 0.264 0.758
vn 0.683 0.155 0.714
vn 0.512 0.162 0.844
vn 0.712 0.062 0.699
vn 0.641 0.121 0.758
vn 0.714 0.04 0.699
vn 0.849 0.028 0.527
vn 0.612 0.325 0.721
vn 0.764 0 0.646
vn -0.238 0.619 -0.749
vn 0.879 0.228 -0.417
vn 0.79 -0.054 -0.611
vn 0.958 0.286 0.035
vn 0.983 0.063 -0.173
vn 0.98 -0.078 -0.181
vn 0.871 -0.484 -0.087
vn 0.441 -0.75 -0.492
vn 0.417 -0.825 -0.381
vn 0.729 -0.625 0.277
vn 0.566 -0.696 0.441
vn 0.297 -0.912 -0.285
vn 0.094 -0.992 -0.089
vn -0.066 -0.996 -0.061
vn 0.292 -0.802 0.521
vn 0.118 -0.731 -0.671
vn -0.047 -0.633 0.772
vn 0.171 -0.931 -0.323
vn -0.344 -0.897 -0.278
vn -0.548 -0.748 -0.375
vn -0.331 -0.937 -0.112
vn -0.403 -0.677 0.615
vn -0.502 -0.853 -0.146
vn -0.644 -0.618 -0.451
vn -0.549 -0.81 -0.206
vn -0.677 -0.538 0.503
vn -0.667 -0.564 -0.486
vn -0.738 -0.649 -0.183
vn -0.891 -0.336 0.307
vn -0.745 -0.606 -0.28
vn -0.799 -0.524 -0.295
vn -0.885 -0.446 -0.136
vn -0.024 -0.999 0.04
vn 0.915 -0.392 -0.1
vn 0.731 -0.679 0.067
vn -0.025 -0.998 -0.069
vn -0.723 -0.673 -0.154
vn -0.316 -0.939 -0.132
vn 0.746 -0.66 -0.088
vn -0.013 -0.999 -0.051
vn -0.701 -0.713 0.029
vn 0.039 -0.999 -0.01
vn 0.724 -0.69 0
vn 0.542 -0.83 0.137
vn -0.017 -1 -0.022
vn 0.073 -0.993 0.095
vn 0.538 -0.709 0.455
vn -0.025 -0.995 0.093
vn -0.706 -0.648 0.286
vn -0.55 -0.667 0.502
vn 0.032 -0.969 0.245
vn 0.423 -0.351 0.835
vn -0.289 -0.476 0.831
vn -0.797 -0.56 0.226
vn -0.713 -0.691 0.118
vn -0.832 -0.316 -0.457
vn -0.714 -0.636 -0.292
vn 0.298 -0.833 -0.466
vn -0.156 -0.379 -0.912
vn 0.983 -0.173 -0.057
vn 0.798 0.176 0.576
vn 0.315 -0.122 0.941
vn 0.623 -0.708 0.332
vn 0.732 -0.064 0.679
vn 0.543 0.719 0.433
vn 0.644 -0.455 0.615
vn 0.801 0.59 -0.106
vn 0.36 0.088 -0.929
vn 0.133 -0.465 -0.875
vn 0.17 0.754 -0.635
vn -0.778 0.144 -0.611
vn 0.983 -0.181 -0.018
vn 0.788 0.202 0.582
vn 0.323 0.305 0.896
vn 0.987 0.151 0.062
vn 0.772 0.354 0.527
vn 0.802 0.435 0.409
vn 0.478 -0.732 -0.485
vn 0.644 -0.455 0.615
vn 0.801 0.59 -0.106
vn -0.394 -0.883 -0.257
vn 0.944 0.126 0.305
vn 0.708 -0.579 0.405
vn 0.478 -0.749 0.46
vn 0.732 -0.064 0.679
vn 0.382 -0.276 0.882
vn -0.022 -0.933 0.36
vn -0.12 -0.211 0.97
vn -0.182 -0.849 0.497
vn 0.119 -0.869 -0.481
vn -0.105 -0.323 0.941
vn -0.771 -0.635 -0.055
vn -0.312 -0.03 -0.949
vn 0.596 0.045 0.802
vn 0.568 0.108 0.816
vn 0.699 0.257 0.667
vn 0.67 0.247 0.7
vn 0.511 0.387 0.767
vn 0.958 0.286 0.035
vn 0.92 -0.087 -0.381
vn 0.98 -0.078 -0.181
vn 0.958 -0.288 -0.018
vn 0.983 0.063 -0.173
vn 0.988 -0.154 -0.001
vn 0.982 -0.186 -0.031
vn 0.967 0.191 0.166
vn 0.994 -0.088 0.066
vn 0.793 0.587 -0.158
vn 0.939 0.332 -0.086
vn 0.731 0.647 0.216
vn 0.917 0.369 0.152
vn 0.509 -0.163 -0.845
vn -0.975 -0.15 -0.166
vn -0.924 -0.368 0.103
vn -0.453 -0.846 -0.281
vn -0.97 -0.107 0.219
vn -0.82 -0.489 -0.298
vn -0.465 -0.861 -0.208
vn -0.941 -0.191 -0.279
vn -0.26 -0.934 -0.245
vn -0.929 -0.006 0.37
vn -0.402 -0.187 0.896
vn 0.732 -0.662 0.162
vn 0.735 -0.656 0.17
vn 0.688 -0.15 0.71
vn -0.049 0 0.999
vn 0.988 -0.154 -0.001
vn 0.983 0.063 -0.173
vn 0.208 -0.536 -0.818
vn 0.994 -0.088 0.066
vn 0.45 -0.629 -0.634
vn 0.89 -0.455 0
vn -0.799 -0.524 -0.295
vn -0.949 -0.291 -0.124
vn -0.891 -0.336 0.307
vn -0.885 -0.446 -0.136
vn -0.966 -0.253 -0.052
vn -1 -0.025 0.029
vn -0.983 -0.093 -0.16
vn -0.973 -0.13 0.194
vn -0.927 -0.013 0.375
vn -0.864 -0.132 0.485
vn -0.465 -0.861 -0.208
vn -0.929 -0.006 0.37
vn -0.625 -0.656 -0.423
vn 0.508 -0.657 -0.557
vn 0.242 -0.807 -0.539
vn 0.892 -0.046 -0.45
vn -0.033 -0.203 -0.979
vn -0.094 0.556 -0.826
vn -0.512 0.849 0.132
vn -0.772 0.604 -0.199
vn -0.516 0.79 0.333
vn -0.632 0.692 -0.35
vn 0.212 -0.053 -0.976
vn 0.652 -0.293 -0.699
vn 0.371 -0.034 -0.928
vn 0.888 0.015 -0.46
vn 0.957 -0.268 -0.114
vn -0.26 -0.934 -0.245
vn 0.761 -0.589 -0.274
vn 0.732 -0.662 0.162
vn 0.7 -0.688 0.192
vn 0.688 -0.15 0.71
vn 0.475 -0.051 0.878
vn 0.225 -0.607 0.762
vn -0.223 -0.806 0.548
vn -0.005 -0.805 0.593
vn 0.06 -0.997 0.052
vn -0.048 -0.998 0.043
vn -0.249 -0.863 0.439
vn -0.453 -0.77 0.45
vn -0.008 -0.999 0.047
vn 0.157 -0.987 0.036
vn -0.971 -0.233 -0.057
vn -0.157 -0.964 -0.214
vn -0.048 -0.852 -0.522
vn 0.022 -0.692 -0.721
vn 0.112 -0.779 -0.617
vn 0.013 -0.926 -0.377
vn 0.002 -1 -0.009
vn -0.287 -0.255 0.923
vn -0.072 -0.997 -0.021
vn -0.333 -0.575 0.747
vn -0.062 -0.996 -0.065
vn -0.023 -1 -0.016
vn 0.034 -0.777 -0.628
vn 0.227 -0.75 -0.622
vn 0.446 -0.688 -0.572
vn -0.048 -0.999 0.003
vn -0.161 -0.899 0.408
vn 0.064 -0.995 0.079
vn -0.038 -0.649 0.759
vn 0.224 -0.969 0.108
vn 0.31 -0.483 0.819
vn 0.669 -0.347 0.656
vn 0.868 -0.496 -0.028
vn 0.646 -0.676 -0.353
vn 0.089 -0.996 -0.003
vn 0.265 0.601 0.754
vn 0.395 -0.68 0.618
vn 0.938 -0.202 0.283
vn -0.706 0.069 0.705
vn -0.986 0.104 -0.126
vn -0.565 -0.413 0.714
vn -0.262 -0.935 0.241
vn -0.754 -0.583 -0.301
vn -0.806 -0.56 -0.193
vn -0.506 -0.852 0.136
vn -0.673 0.141 0.727
vn -0.465 -0.861 -0.208
vn 0.71 -0.662 -0.239
vn -0.357 -0.492 0.794
vn -0.468 -0.424 0.776
vn 0.15 -0.719 0.679
vn 0.75 -0.661 -0.021
vn 0.61 -0.546 0.574
vn 0.73 -0.552 0.402
vn 0.626 -0.779 0.021
vn 0.583 -0.654 -0.481
vn 0.472 -0.756 -0.453
vn 0.585 -0.788 -0.19
vn 0.671 -0.63 0.389
vn 0.759 -0.623 0.189
vn 0.542 -0.734 -0.409
vn 0.481 -0.726 -0.493
vn 0.705 -0.703 0.1
vn 0.56 -0.414 0.717
vn 0.643 -0.177 0.746
vn 0.953 0.018 0.303
vn 0.733 -0.495 -0.466
vn 0.597 -0.191 -0.779
vn 0.21 -0.435 -0.876
vn 0.783 0.168 0.599
vn 0.923 0.106 0.371
vn 0.551 0.328 0.767
vn 0.496 0.116 0.86
vn -0.983 -0.093 -0.16
vn -0.841 -0.456 0.292
vn -0.616 -0.519 0.593
vn -0.702 -0.68 -0.214
vn -0.935 -0.356 -0.004
vn 0.82 -0.198 0.537
vn 0.839 -0.093 0.536
vn 0.908 -0.102 0.407
vn 0.837 -0.164 0.522
vn 0.762 -0.399 0.51
vn 0.723 0.13 0.679
vn 0.992 -0.116 0.042
vn 0.164 0.207 0.964
vn 0.259 -0.317 0.913
vn 0.833 -0.426 0.354
vn 0.774 -0.619 -0.135
vn -0.033 0.243 0.97
vn 0.136 0.82 -0.556
vn 0.807 0.587 -0.069
vn 0.533 0.603 -0.593
vn 0.845 0.498 0.193
vn -0.809 0.389 0.442
vn -0.131 -0.512 0.849
vn -0.946 -0.324 0.023
vn -0.225 -0.427 0.876
vn -0.803 -0.054 -0.594
vn -0.475 -0.158 -0.866
vn -0.845 -0.444 -0.298
vn -0.779 0.422 -0.463
vn -0.15 0.123 0.981
vn 0.03 0.159 0.987
vn -0.002 0.307 0.952
vn 0.173 0.155 0.973
vn 0.224 0.259 0.939
vn 0.551 0.328 0.767
vn 0.923 0.106 0.371
vn 0.148 -0.394 0.907
vn 0.405 -0.078 0.911
vn 0.315 0.245 -0.917
vn 0.066 0.292 -0.954
vn 0.067 0.245 -0.967
vn 0.31 0.292 -0.905
vn 0.542 0.245 -0.804
vn 0.274 0.534 -0.8
vn 0.058 0.534 -0.844
vn 0.472 0.534 -0.702
vn 0.534 0.292 -0.793
vn 0.731 0.245 -0.637
vn 0.638 0.534 -0.556
vn 0.721 0.292 -0.628
vn 0.871 0.245 -0.426
vn 0.76 0.534 -0.372
vn 0.859 0.292 -0.42
vn 0.952 0.245 -0.186
vn 0.83 0.534 -0.162
vn 0.938 0.292 -0.183
vn 0.967 0.245 0.067
vn 0.844 0.534 0.058
vn 0.954 0.292 0.066
vn 0.917 0.245 0.315
vn 0.8 0.534 0.274
vn 0.905 0.292 0.31
vn 0.804 0.245 0.542
vn 0.702 0.534 0.472
vn 0.793 0.292 0.534
vn 0.637 0.245 0.731
vn 0.556 0.534 0.638
vn 0.628 0.292 0.721
vn 0.426 0.245 0.871
vn 0.372 0.534 0.76
vn 0.42 0.292 0.859
vn 0.186 0.245 0.952
vn 0.162 0.534 0.83
vn 0.183 0.292 0.938
vn -0.067 0.245 0.967
vn -0.058 0.534 0.844
vn -0.066 0.292 0.954
vn -0.315 0.245 0.917
vn -0.274 0.534 0.8
vn -0.31 0.292 0.905
vn -0.542 0.245 0.804
vn -0.472 0.534 0.702
vn -0.534 0.292 0.793
vn -0.731 0.245 0.637
vn -0.638 0.534 0.556
vn -0.721 0.292 0.628
vn -0.871 0.245 0.426
vn -0.76 0.534 0.372
vn -0.859 0.292 0.42
vn -0.952 0.245 0.186
vn -0.83 0.534 0.162
vn -0.938 0.292 0.183
vn -0.967 0.245 -0.067
vn -0.844 0.534 -0.058
vn -0.954 0.292 -0.066
vn -0.917 0.245 -0.315
vn -0.8 0.534 -0.274
vn -0.905 0.292 -0.31
vn -0.804 0.245 -0.542
vn -0.702 0.534 -0.472
vn -0.793 0.292 -0.534
vn -0.637 0.245 -0.731
vn -0.556 0.534 -0.638
vn -0.628 0.292 -0.721
vn -0.426 0.245 -0.871
vn -0.372 0.534 -0.76
vn -0.42 0.292 -0.859
vn -0.186 0.245 -0.952
vn -0.162 0.534 -0.83
vn -0.183 0.292 -0.938
vn 0.067 0.245 -0.967
vn 0.058 0.534 -0.844
vn 0.066 0.292 -0.954
vn -0.218 -0.965 0.144
vn -0.013 -1 -0.031
vn -0.909 -0.329 -0.258
vn -0.728 -0.581 -0.365
vn -0.42 -0.693 -0.586
vn 0.007 -0.998 0.064
vn 0.174 -0.727 -0.665
vn 0.042 -0.999 -0.039
vn 0.344 -0.938 0.054
vn 0.711 -0.548 -0.44
vn 0.746 -0.647 -0.161
vn 0.805 -0.222 -0.55
vn 0.474 -0.184 -0.861
vn 0.581 -0.399 -0.71
vn 0.906 -0.112 -0.407
vn 0.356 -0.931 0.083
vn 0.828 -0.432 -0.359
vn 0.344 -0.937 -0.056
vn 0.274 -0.938 -0.213
vn 0.116 -0.993 -0.029
vn 0.979 0.038 0.202
vn 0.892 -0.384 0.239
vn 0.122 -0.381 0.917
vn 0.022 0.04 0.999
vn 0.091 -0.962 -0.255
vn -0.024 -0.252 -0.967
vn -0.731 -0.362 -0.578
vn -0.944 -0.33 -0.004
vn -0.989 -0.13 0.065
vn -0.534 -0.27 0.801
vn -0.861 -0.358 0.36
vn -0.114 -0.812 0.573
vn -0.37 -0.312 0.875
vn 0.113 -0.847 0.52
vn -0.084 -0.035 0.996
vn 0.023 0.945 -0.327
vn 0.107 0.945 -0.311
vn 0.012 1 -0.035
vn 0.003 1 -0.037
vn 0 1 0
vn -0.063 0.945 -0.322
vn 0.02 1 -0.03
vn 0.183 0.945 -0.272
vn -0.007 1 -0.036
vn -0.144 0.945 -0.295
vn 0.028 1 -0.024
vn 0.247 0.945 -0.216
vn -0.016 1 -0.033
vn -0.216 0.945 -0.247
vn 0.033 1 -0.016
vn 0.295 0.945 -0.144
vn -0.024 1 -0.028
vn 0.036 1 -0.007
vn -0.03 1 -0.02
vn -0.272 0.945 -0.183
vn 0.322 0.945 -0.063
vn -0.311 0.945 -0.107
vn 0.037 1 0.003
vn 0.327 0.945 0.023
vn -0.035 1 -0.012
vn -0.327 0.945 -0.023
vn 0.035 1 0.012
vn 0.311 0.945 0.107
vn -0.037 1 -0.003
vn -0.322 0.945 0.063
vn 0.03 1 0.02
vn 0.272 0.945 0.183
vn -0.036 1 0.007
vn 0.024 1 0.028
vn -0.033 1 0.016
vn -0.295 0.945 0.144
vn 0.216 0.945 0.247
vn -0.247 0.945 0.216
vn 0.016 1 0.033
vn 0.144 0.945 0.295
vn -0.028 1 0.024
vn -0.183 0.945 0.272
vn 0.007 1 0.036
vn 0.063 0.945 0.322
vn -0.02 1 0.03
vn -0.107 0.945 0.311
vn -0.003 1 0.037
vn -0.023 0.945 0.327
vn -0.012 1 0.035
g mustardAlt_0
f 3/3/3 2/2/2 1/1/1
f 6/6/6 5/5/5 4/4/4
f 9/9/9 8/8/8 7/7/7
f 12/12/12 11/11/11 10/10/10
f 15/15/15 14/14/14 13/13/13
f 18/18/18 17/17/17 16/16/16
f 21/21/21 20/20/20 19/19/19
f 24/24/24 23/23/23 22/22/22
f 27/27/27 26/26/26 25/25/25
f 30/30/30 29/29/29 28/28/28
f 33/33/33 32/32/32 31/31/31
f 36/36/36 35/35/35 34/34/34
f 39/39/39 38/38/38 37/37/37
f 42/42/42 41/41/41 40/40/40
f 45/45/45 44/44/44 43/43/43
f 48/48/48 47/47/47 46/46/46
f 51/51/51 50/50/50 49/49/49
f 54/54/54 53/53/53 52/52/52
f 57/57/57 56/56/56 55/55/55
f 60/60/60 59/59/59 58/58/58
f 63/63/63 62/62/62 61/61/61
f 66/66/66 65/65/65 64/64/64
f 69/69/69 68/68/68 67/67/67
f 72/72/72 71/71/71 70/70/70
f 75/75/75 74/74/74 73/73/73
f 78/78/78 77/77/77 76/76/76
f 81/81/81 80/80/80 79/79/79
f 84/84/84 83/83/83 82/82/82
f 87/87/87 86/86/86 85/85/85
f 90/90/90 89/89/89 88/88/88
f 93/93/93 92/92/92 91/91/91
f 96/96/96 95/95/95 94/94/94
f 99/99/99 98/98/98 97/97/97
f 102/102/102 101/101/101 100/100/100
f 105/105/105 104/104/104 103/103/103
f 108/108/108 107/107/107 106/106/106
f 111/111/111 110/110/110 109/109/109
f 114/114/114 113/113/113 112/112/112
f 117/117/117 116/116/116 115/115/115
f 120/120/120 119/119/119 118/118/118
f 123/123/123 122/122/122 121/121/121
f 126/126/126 125/125/125 124/124/124
f 129/129/129 128/128/128 127/127/127
f 132/132/132 131/131/131 130/130/130
f 135/135/135 134/134/134 133/133/133
f 138/138/138 137/137/137 136/136/136
f 141/141/141 140/140/140 139/139/139
f 144/144/144 143/143/143 142/142/142
f 147/147/147 146/146/146 145/145/145
f 147/147/147 148/148/148 146/146/146
f 148/148/148 149/149/149 146/146/146
f 150/150/150 146/146/146 149/149/149
f 150/150/150 151/151/151 146/146/146
f 150/150/150 152/152/152 151/151/151
f 152/152/152 153/153/153 151/151/151
f 151/151/151 153/153/153 154/154/154
f 154/154/154 155/155/155 151/151/151
f 156/156/156 149/149/149 148/148/148
f 156/156/156 148/148/148 157/157/157
f 157/157/157 148/148/148 158/158/158
f 159/159/159 149/149/149 156/156/156
f 149/149/149 159/159/159 160/160/160
f 161/161/161 149/149/149 160/160/160
f 164/164/164 163/163/163 162/162/162
f 163/163/163 165/165/165 162/162/162
f 165/165/165 163/163/163 166/166/166
f 165/165/165 166/166/166 167/167/167
f 163/163/163 168/168/168 166/166/166
f 166/166/166 168/168/168 169/169/169
f 163/163/163 170/170/170 168/168/168
f 168/168/168 171/171/171 169/169/169
f 170/170/170 172/172/172 168/168/168
f 171/171/171 168/168/168 172/172/172
f 173/173/173 171/171/171 172/172/172
f 173/173/173 172/172/172 174/174/174
f 173/173/173 174/174/174 175/175/175
f 176/176/176 173/173/173 175/175/175
f 175/175/175 174/174/174 177/177/177
f 176/176/176 175/175/175 178/178/178
f 178/178/178 175/175/175 177/177/177
f 179/179/179 176/176/176 178/178/178
f 178/178/178 177/177/177 180/180/180
f 180/180/180 177/177/177 181/181/181
f 179/179/179 178/178/178 182/182/182
f 180/180/180 182/182/182 178/178/178
f 183/183/183 179/179/179 182/182/182
f 182/182/182 180/180/180 184/184/184
f 183/183/183 182/182/182 185/185/185
f 185/185/185 182/182/182 184/184/184
f 186/186/186 183/183/183 185/185/185
f 185/185/185 184/184/184 187/187/187
f 188/188/188 186/186/186 185/185/185
f 185/185/185 187/187/187 188/188/188
f 189/189/189 188/188/188 187/187/187
f 186/186/186 188/188/188 190/190/190
f 188/188/188 189/189/189 191/191/191
f 190/190/190 188/188/188 191/191/191
f 191/191/191 189/189/189 192/192/192
f 193/193/193 191/191/191 192/192/192
f 190/190/190 191/191/191 193/193/193
f 193/193/193 194/194/194 190/190/190
f 195/195/195 194/194/194 193/193/193
f 198/198/198 197/197/197 196/196/196
f 197/197/197 198/198/198 199/199/199
f 200/200/200 199/199/199 198/198/198
f 199/199/199 200/200/200 201/201/201
f 200/200/200 202/202/202 201/201/201
f 203/203/203 201/201/201 202/202/202
f 204/204/204 202/202/202 200/200/200
f 203/203/203 202/202/202 205/205/205
f 203/203/203 205/205/205 206/206/206
f 207/207/207 206/206/206 205/205/205
f 202/202/202 207/207/207 205/205/205
f 207/207/207 208/208/208 206/206/206
f 208/208/208 207/207/207 209/209/209
f 209/209/209 207/207/207 210/210/210
f 211/211/211 209/209/209 210/210/210
f 210/210/210 212/212/212 211/211/211
f 213/213/213 209/209/209 211/211/211
f 214/214/214 211/211/211 212/212/212
f 211/211/211 214/214/214 213/213/213
f 215/215/215 202/202/202 204/204/204
f 216/216/216 215/215/215 204/204/204
f 216/216/216 217/217/217 215/215/215
f 215/215/215 217/217/217 202/202/202
f 218/218/218 202/202/202 217/217/217
f 221/221/221 220/220/220 219/219/219
f 222/222/222 221/221/221 219/219/219
f 219/219/219 223/223/223 222/222/222
f 221/221/221 222/222/222 224/224/224
f 227/227/227 226/226/226 225/225/225
f 226/226/226 228/228/228 225/225/225
f 228/228/228 229/229/229 225/225/225
f 228/228/228 230/230/230 229/229/229
f 233/233/233 232/232/232 231/231/231
f 234/234/234 232/232/232 233/233/233
f 232/232/232 234/234/234 235/235/235
f 234/234/234 236/236/236 235/235/235
f 232/232/232 235/235/235 237/237/237
f 240/240/240 239/239/239 238/238/238
f 238/238/238 241/241/241 240/240/240
f 242/242/242 240/240/240 241/241/241
f 243/243/243 241/241/241 238/238/238
f 246/246/246 245/245/245 244/244/244
f 245/245/245 246/246/246 247/247/247
f 248/248/248 247/247/247 246/246/246
f 248/248/248 249/249/249 247/247/247
f 247/247/247 249/249/249 250/250/250
f 250/250/250 251/251/251 247/247/247
f 254/254/254 253/253/253 252/252/252
f 252/252/252 253/253/253 255/255/255
f 253/253/253 256/256/256 255/255/255
f 255/255/255 256/256/256 257/257/257
f 252/252/252 255/255/255 258/258/258
f 259/259/259 252/252/252 258/258/258
f 260/260/260 259/259/259 258/258/258
f 261/261/261 259/259/259 260/260/260
f 260/260/260 262/262/262 261/261/261
f 263/263/263 261/261/261 262/262/262
f 264/264/264 263/263/263 262/262/262
f 255/255/255 257/257/257 265/265/265
f 266/266/266 265/265/265 257/257/257
f 266/266/266 257/257/257 267/267/267
f 265/265/265 268/268/268 255/255/255
f 268/268/268 258/258/258 255/255/255
f 268/268/268 265/265/265 266/266/266
f 267/267/267 269/269/269 266/266/266
f 269/269/269 267/267/267 270/270/270
f 269/269/269 270/270/270 271/271/271
f 266/266/266 269/269/269 272/272/272
f 268/268/268 266/266/266 272/272/272
f 273/273/273 268/268/268 272/272/272
f 258/258/258 268/268/268 273/273/273
f 273/273/273 272/272/272 274/274/274
f 273/273/273 274/274/274 275/275/275
f 275/275/275 276/276/276 273/273/273
f 273/273/273 277/277/277 258/258/258
f 277/277/277 273/273/273 276/276/276
f 260/260/260 258/258/258 277/277/277
f 277/277/277 276/276/276 260/260/260
f 278/278/278 260/260/260 276/276/276
f 278/278/278 262/262/262 260/260/260
f 278/278/278 279/279/279 262/262/262
f 279/279/279 278/278/278 280/280/280
f 281/281/281 262/262/262 279/279/279
f 264/264/264 262/262/262 281/281/281
f 282/282/282 279/279/279 280/280/280
f 279/279/279 282/282/282 281/281/281
f 282/282/282 264/264/264 281/281/281
f 283/283/283 264/264/264 282/282/282
f 284/284/284 282/282/282 280/280/280
f 284/284/284 285/285/285 282/282/282
f 288/288/288 287/287/287 286/286/286
f 288/288/288 286/286/286 289/289/289
f 289/289/289 290/290/290 288/288/288
f 293/293/293 292/292/292 291/291/291
f 291/291/291 292/292/292 294/294/294
f 294/294/294 295/295/295 291/291/291
f 298/298/298 297/297/297 296/296/296
f 296/296/296 297/297/297 299/299/299
f 296/296/296 299/299/299 300/300/300
f 299/299/299 301/301/301 300/300/300
f 302/302/302 300/300/300 301/301/301
f 301/301/301 303/303/303 302/302/302
f 304/304/304 303/303/303 301/301/301
f 299/299/299 304/304/304 301/301/301
f 299/299/299 305/305/305 304/304/304
f 305/305/305 299/299/299 306/306/306
f 299/299/299 297/297/297 306/306/306
f 305/305/305 306/306/306 307/307/307
f 297/297/297 308/308/308 306/306/306
f 297/297/297 309/309/309 308/308/308
f 310/310/310 307/307/307 306/306/306
f 308/308/308 310/310/310 306/306/306
f 307/307/307 310/310/310 311/311/311
f 311/311/311 310/310/310 312/312/312
f 308/308/308 313/313/313 310/310/310
f 310/310/310 313/313/313 312/312/312
f 314/314/314 312/312/312 313/313/313
f 315/315/315 314/314/314 313/313/313
f 315/315/315 316/316/316 314/314/314
f 317/317/317 316/316/316 315/315/315
f 318/318/318 317/317/317 315/315/315
f 315/315/315 313/313/313 319/319/319
f 319/319/319 318/318/318 315/315/315
f 320/320/320 319/319/319 313/313/313
f 321/321/321 320/320/320 313/313/313
f 322/322/322 319/319/319 320/320/320
f 322/322/322 318/318/318 319/319/319
f 318/318/318 323/323/323 317/317/317
f 323/323/323 324/324/324 317/317/317
f 325/325/325 318/318/318 322/322/322
f 326/326/326 325/325/325 322/322/322
f 327/327/327 325/325/325 326/326/326
f 327/327/327 328/328/328 325/325/325
f 327/327/327 329/329/329 328/328/328
f 330/330/330 328/328/328 329/329/329
f 330/330/330 331/331/331 328/328/328
f 325/325/325 332/332/332 318/318/318
f 328/328/328 332/332/332 325/325/325
f 333/333/333 318/318/318 332/332/332
f 332/332/332 328/328/328 333/333/333
f 333/333/333 323/323/323 318/318/318
f 331/331/331 333/333/333 328/328/328
f 333/333/333 334/334/334 323/323/323
f 323/323/323 334/334/334 335/335/335
f 336/336/336 333/333/333 331/331/331
f 331/331/331 337/337/337 336/336/336
f 340/340/340 339/339/339 338/338/338
f 339/339/339 340/340/340 341/341/341
f 341/341/341 342/342/342 339/339/339
f 343/343/343 341/341/341 340/340/340
f 340/340/340 344/344/344 343/343/343
f 345/345/345 342/342/342 341/341/341
f 346/346/346 342/342/342 345/345/345
f 347/347/347 346/346/346 345/345/345
f 345/345/345 341/341/341 348/348/348
f 347/347/347 345/345/345 348/348/348
f 341/341/341 343/343/343 348/348/348
f 347/347/347 348/348/348 349/349/349
f 347/347/347 349/349/349 350/350/350
f 350/350/350 349/349/349 351/351/351
f 351/351/351 349/349/349 352/352/352
f 353/353/353 351/351/351 352/352/352
f 348/348/348 354/354/354 349/349/349
f 348/348/348 343/343/343 355/355/355
f 354/354/354 348/348/348 355/355/355
f 355/355/355 343/343/343 356/356/356
f 355/355/355 357/357/357 354/354/354
f 349/349/349 354/354/354 358/358/358
f 349/349/349 358/358/358 352/352/352
f 354/354/354 357/357/357 358/358/358
f 359/359/359 356/356/356 343/343/343
f 343/343/343 344/344/344 359/359/359
f 359/359/359 360/360/360 356/356/356
f 344/344/344 361/361/361 359/359/359
f 344/344/344 362/362/362 361/361/361
f 363/363/363 360/360/360 359/359/359
f 361/361/361 363/363/363 359/359/359
f 362/362/362 363/363/363 361/361/361
f 362/362/362 360/360/360 363/363/363
f 353/353/353 352/352/352 364/364/364
f 365/365/365 353/353/353 364/364/364
f 366/366/366 353/353/353 365/365/365
f 365/365/365 364/364/364 367/367/367
f 368/368/368 364/364/364 352/352/352
f 369/369/369 368/368/368 352/352/352
f 352/352/352 358/358/358 369/369/369
f 370/370/370 368/368/368 369/369/369
f 358/358/358 371/371/371 369/369/369
f 358/358/358 357/357/357 371/371/371
f 370/370/370 369/369/369 372/372/372
f 369/369/369 371/371/371 372/372/372
f 373/373/373 370/370/370 372/372/372
f 374/374/374 372/372/372 371/371/371
f 374/374/374 371/371/371 357/357/357
f 372/372/372 374/374/374 373/373/373
f 357/357/357 375/375/375 374/374/374
f 375/375/375 357/357/357 376/376/376
f 376/376/376 377/377/377 375/375/375
f 374/374/374 375/375/375 378/378/378
f 375/375/375 377/377/377 378/378/378
f 373/373/373 374/374/374 378/378/378
f 378/378/378 377/377/377 379/379/379
f 378/378/378 380/380/380 373/373/373
f 378/378/378 379/379/379 380/380/380
f 373/373/373 380/380/380 381/381/381
f 380/380/380 379/379/379 382/382/382
f 380/380/380 382/382/382 383/383/383
f 386/386/386 385/385/385 384/384/384
f 387/387/387 386/386/386 384/384/384
f 387/387/387 384/384/384 388/388/388
f 388/388/388 389/389/389 387/387/387
f 388/388/388 390/390/390 389/389/389
f 389/389/389 390/390/390 391/391/391
f 394/394/394 393/393/393 392/392/392
f 393/393/393 395/395/395 392/392/392
f 393/393/393 396/396/396 395/395/395
f 395/395/395 397/397/397 392/392/392
f 395/395/395 396/396/396 398/398/398
f 396/396/396 399/399/399 398/398/398
f 399/399/399 400/400/400 398/398/398
f 401/401/401 398/398/398 400/400/400
f 400/400/400 402/402/402 401/401/401
f 398/398/398 403/403/403 395/395/395
f 401/401/401 403/403/403 398/398/398
f 404/404/404 401/401/401 402/402/402
f 404/404/404 402/402/402 405/405/405
f 397/397/397 395/395/395 406/406/406
f 406/406/406 395/395/395 403/403/403
f 397/397/397 406/406/406 407/407/407
f 401/401/401 408/408/408 403/403/403
f 401/401/401 404/404/404 408/408/408
f 406/406/406 403/403/403 409/409/409
f 406/406/406 409/409/409 407/407/407
f 403/403/403 408/408/408 409/409/409
f 407/407/407 410/410/410 397/397/397
f 411/411/411 397/397/397 410/410/410
f 411/411/411 412/412/412 397/397/397
f 412/412/412 411/411/411 413/413/413
f 410/410/410 413/413/413 411/411/411
f 414/414/414 413/413/413 410/410/410
f 412/412/412 413/413/413 415/415/415
f 416/416/416 415/415/415 413/413/413
f 417/417/417 415/415/415 416/416/416
f 418/418/418 410/410/410 407/407/407
f 410/410/410 418/418/418 414/414/414
f 419/419/419 413/413/413 414/414/414
f 419/419/419 416/416/416 413/413/413
f 417/417/417 416/416/416 420/420/420
f 420/420/420 421/421/421 417/417/417
f 420/420/420 422/422/422 421/421/421
f 421/421/421 422/422/422 423/423/423
f 423/423/423 424/424/424 421/421/421
f 424/424/424 423/423/423 425/425/425
f 416/416/416 426/426/426 420/420/420
f 426/426/426 416/416/416 419/419/419
f 426/426/426 427/427/427 420/420/420
f 427/427/427 426/426/426 428/428/428
f 426/426/426 429/429/429 428/428/428
f 429/429/429 426/426/426 419/419/419
f 429/429/429 419/419/419 430/430/430
f 419/419/419 414/414/414 430/430/430
f 414/414/414 431/431/431 430/430/430
f 430/430/430 431/431/431 432/432/432
f 431/431/431 433/433/433 432/432/432
f 433/433/433 434/434/434 432/432/432
f 434/434/434 433/433/433 435/435/435
f 435/435/435 433/433/433 436/436/436
f 435/435/435 436/436/436 437/437/437
f 436/436/436 438/438/438 437/437/437
f 436/436/436 439/439/439 438/438/438
f 438/438/438 439/439/439 440/440/440
f 441/441/441 438/438/438 440/440/440
f 436/436/436 442/442/442 439/439/439
f 436/436/436 433/433/433 442/442/442
f 439/439/439 443/443/443 440/440/440
f 439/439/439 442/442/442 443/443/443
f 444/444/444 442/442/442 433/433/433
f 431/431/431 409/409/409 433/433/433
f 444/444/444 433/433/433 409/409/409
f 408/408/408 444/444/444 409/409/409
f 407/407/407 409/409/409 431/431/431
f 445/445/445 442/442/442 444/444/444
f 445/445/445 444/444/444 408/408/408
f 445/445/445 443/443/443 442/442/442
f 445/445/445 408/408/408 404/404/404
f 446/446/446 407/407/407 431/431/431
f 414/414/414 446/446/446 431/431/431
f 447/447/447 407/407/407 446/446/446
f 414/414/414 447/447/447 446/446/446
f 447/447/447 418/418/418 407/407/407
f 418/418/418 447/447/447 414/414/414
f 443/443/443 445/445/445 448/448/448
f 445/445/445 404/404/404 448/448/448
f 443/443/443 448/448/448 449/449/449
f 443/443/443 449/449/449 440/440/440
f 450/450/450 448/448/448 404/404/404
f 450/450/450 404/404/404 405/405/405
f 448/448/448 451/451/451 449/449/449
f 450/450/450 451/451/451 448/448/448
f 450/450/450 405/405/405 452/452/452
f 450/450/450 452/452/452 451/451/451
f 449/449/449 451/451/451 453/453/453
f 440/440/440 449/449/449 453/453/453
f 453/453/453 454/454/454 440/440/440
f 455/455/455 453/453/453 451/451/451
f 451/451/451 452/452/452 455/455/455
f 454/454/454 453/453/453 455/455/455
f 452/452/452 405/405/405 456/456/456
f 452/452/452 456/456/456 455/455/455
f 405/405/405 457/457/457 456/456/456
f 456/456/456 458/458/458 455/455/455
f 455/455/455 458/458/458 454/454/454
f 457/457/457 459/459/459 456/456/456
f 459/459/459 458/458/458 456/456/456
f 459/459/459 457/457/457 460/460/460
f 459/459/459 461/461/461 458/458/458
f 458/458/458 461/461/461 454/454/454
f 460/460/460 462/462/462 459/459/459
f 462/462/462 461/461/461 459/459/459
f 462/462/462 460/460/460 463/463/463
f 464/464/464 463/463/463 460/460/460
f 440/440/440 454/454/454 465/465/465
f 440/440/440 465/465/465 441/441/441
f 441/441/441 465/465/465 466/466/466
f 454/454/454 466/466/466 465/465/465
f 466/466/466 467/467/467 441/441/441
f 468/468/468 466/466/466 454/454/454
f 466/466/466 468/468/468 467/467/467
f 454/454/454 461/461/461 468/468/468
f 469/469/469 467/467/467 468/468/468
f 470/470/470 469/469/469 468/468/468
f 468/468/468 471/471/471 470/470/470
f 461/461/461 471/471/471 468/468/468
f 470/470/470 471/471/471 472/472/472
f 462/462/462 473/473/473 461/461/461
f 461/461/461 473/473/473 471/471/471
f 462/462/462 463/463/463 473/473/473
f 471/471/471 474/474/474 472/472/472
f 471/471/471 473/473/473 474/474/474
f 472/472/472 474/474/474 475/475/475
f 463/463/463 476/476/476 473/473/473
f 473/473/473 476/476/476 474/474/474
f 474/474/474 477/477/477 475/475/475
f 474/474/474 476/476/476 477/477/477
f 477/477/477 478/478/478 475/475/475
f 463/463/463 479/479/479 476/476/476
f 463/463/463 464/464/464 479/479/479
f 478/478/478 477/477/477 480/480/480
f 480/480/480 481/481/481 478/478/478
f 476/476/476 482/482/482 477/477/477
f 479/479/479 482/482/482 476/476/476
f 477/477/477 482/482/482 480/480/480
f 480/480/480 483/483/483 481/481/481
f 483/483/483 484/484/484 481/481/481
f 482/482/482 485/485/485 480/480/480
f 485/485/485 483/483/483 480/480/480
f 479/479/479 486/486/486 482/482/482
f 482/482/482 486/486/486 485/485/485
f 487/487/487 479/479/479 464/464/464
f 479/479/479 487/487/487 486/486/486
f 464/464/464 488/488/488 487/487/487
f 464/464/464 489/489/489 488/488/488
f 487/487/487 490/490/490 486/486/486
f 490/490/490 491/491/491 486/486/486
f 486/486/486 491/491/491 485/485/485
f 492/492/492 491/491/491 490/490/490
f 493/493/493 483/483/483 485/485/485
f 491/491/491 493/493/493 485/485/485
f 494/494/494 491/491/491 492/492/492
f 491/491/491 494/494/494 493/493/493
f 492/492/492 495/495/495 494/494/494
f 483/483/483 493/493/493 496/496/496
f 484/484/484 483/483/483 496/496/496
f 494/494/494 497/497/497 493/493/493
f 497/497/497 496/496/496 493/493/493
f 495/495/495 498/498/498 494/494/494
f 494/494/494 498/498/498 497/497/497
f 499/499/499 498/498/498 495/495/495
f 500/500/500 484/484/484 496/496/496
f 500/500/500 501/501/501 484/484/484
f 500/500/500 502/502/502 501/501/501
f 496/496/496 502/502/502 500/500/500
f 496/496/496 497/497/497 502/502/502
f 503/503/503 502/502/502 497/497/497
f 503/503/503 497/497/497 498/498/498
f 503/503/503 498/498/498 504/504/504
f 499/499/499 505/505/505 498/498/498
f 498/498/498 505/505/505 504/504/504
f 506/506/506 505/505/505 499/499/499
f 505/505/505 506/506/506 504/504/504
f 509/509/509 508/508/508 507/507/507
f 508/508/508 509/509/509 510/510/510
f 511/511/511 508/508/508 510/510/510
f 512/512/512 510/510/510 509/509/509
f 512/512/512 509/509/509 513/513/513
f 514/514/514 510/510/510 512/512/512
f 515/515/515 510/510/510 514/514/514
f 516/516/516 511/511/511 510/510/510
f 510/510/510 515/515/515 516/516/516
f 516/516/516 517/517/517 511/511/511
f 511/511/511 517/517/517 518/518/518
f 516/516/516 515/515/515 519/519/519
f 519/519/519 515/515/515 520/520/520
f 521/521/521 517/517/517 516/516/516
f 522/522/522 517/517/517 521/521/521
f 523/523/523 521/521/521 516/516/516
f 519/519/519 523/523/523 516/516/516
f 522/522/522 521/521/521 523/523/523
f 519/519/519 522/522/522 523/523/523
f 520/520/520 524/524/524 519/519/519
f 524/524/524 522/522/522 519/519/519
f 524/524/524 520/520/520 525/525/525
f 526/526/526 522/522/522 524/524/524
f 527/527/527 522/522/522 526/526/526
f 528/528/528 527/527/527 526/526/526
f 528/528/528 526/526/526 529/529/529
f 529/529/529 526/526/526 524/524/524
f 529/529/529 524/524/524 530/530/530
f 530/530/530 524/524/524 525/525/525
f 531/531/531 530/530/530 525/525/525
f 530/530/530 531/531/531 532/532/532
f 533/533/533 532/532/532 531/531/531
f 532/532/532 533/533/533 534/534/534
f 532/532/532 535/535/535 530/530/530
f 534/534/534 536/536/536 532/532/532
f 536/536/536 534/534/534 537/537/537
f 538/538/538 535/535/535 532/532/532
f 536/536/536 538/538/538 532/532/532
f 537/537/537 539/539/539 536/536/536
f 539/539/539 537/537/537 540/540/540
f 539/539/539 541/541/541 536/536/536
f 538/538/538 536/536/536 541/541/541
f 541/541/541 539/539/539 542/542/542
f 538/538/538 541/541/541 543/543/543
f 543/543/543 544/544/544 538/538/538
f 544/544/544 535/535/535 538/538/538
f 544/544/544 545/545/545 535/535/535
f 546/546/546 541/541/541 542/542/542
f 547/547/547 546/546/546 542/542/542
f 542/542/542 548/548/548 547/547/547
f 546/546/546 547/547/547 549/549/549
f 550/550/550 546/546/546 549/549/549
f 553/553/553 552/552/552 551/551/551
f 551/551/551 554/554/554 553/553/553
f 557/557/557 556/556/556 555/555/555
f 555/555/555 558/558/558 557/557/557
f 555/555/555 559/559/559 558/558/558
f 560/560/560 558/558/558 559/559/559
f 558/558/558 560/560/560 561/561/561
f 560/560/560 562/562/562 561/561/561
f 560/560/560 559/559/559 563/563/563
f 563/563/563 562/562/562 560/560/560
f 564/564/564 559/559/559 555/555/555
f 563/563/563 559/559/559 564/564/564
f 555/555/555 565/565/565 564/564/564
f 565/565/565 555/555/555 566/566/566
f 563/563/563 567/567/567 562/562/562
f 563/563/563 564/564/564 567/567/567
f 567/567/567 568/568/568 562/562/562
f 569/569/569 567/567/567 564/564/564
f 564/564/564 565/565/565 569/569/569
f 570/570/570 569/569/569 565/565/565
f 565/565/565 571/571/571 570/570/570
f 571/571/571 565/565/565 572/572/572
f 573/573/573 565/565/565 566/566/566
f 565/565/565 573/573/573 572/572/572
f 574/574/574 573/573/573 566/566/566
f 572/572/572 573/573/573 575/575/575
f 578/578/578 577/577/577 576/576/576
f 576/576/576 579/579/579 578/578/578
f 579/579/579 576/576/576 580/580/580
f 576/576/576 581/581/581 580/580/580
f 580/580/580 581/581/581 582/582/582
f 581/581/581 583/583/583 582/582/582
f 581/581/581 584/584/584 583/583/583
f 584/584/584 581/581/581 585/585/585
f 585/585/585 581/581/581 586/586/586
f 578/578/578 579/579/579 587/587/587
f 588/588/588 578/578/578 587/587/587
f 587/587/587 579/579/579 589/589/589
f 588/588/588 587/587/587 590/590/590
f 591/591/591 588/588/588 590/590/590
f 587/587/587 589/589/589 592/592/592
f 590/590/590 587/587/587 592/592/592
f 592/592/592 589/589/589 593/593/593
f 594/594/594 592/592/592 593/593/593
f 590/590/590 592/592/592 594/594/594
f 591/591/591 590/590/590 595/595/595
f 596/596/596 591/591/591 595/595/595
f 593/593/593 597/597/597 594/594/594
f 598/598/598 597/597/597 593/593/593
f 590/590/590 594/594/594 599/599/599
f 595/595/595 590/590/590 599/599/599
f 600/600/600 594/594/594 597/597/597
f 601/601/601 596/596/596 595/595/595
f 599/599/599 601/601/601 595/595/595
f 602/602/602 601/601/601 599/599/599
f 602/602/602 599/599/599 603/603/603
f 604/604/604 602/602/602 603/603/603
f 605/605/605 596/596/596 601/601/601
f 596/596/596 605/605/605 606/606/606
f 607/607/607 606/606/606 605/605/605
f 607/607/607 605/605/605 608/608/608
f 597/597/597 609/609/609 600/600/600
f 609/609/609 610/610/610 600/600/600
f 609/609/609 611/611/611 610/610/610
f 609/609/609 597/597/597 612/612/612
f 612/612/612 597/597/597 613/613/613
f 612/612/612 613/613/613 614/614/614
f 598/598/598 613/613/613 597/597/597
f 614/614/614 613/613/613 615/615/615
f 616/616/616 614/614/614 615/615/615
f 598/598/598 617/617/617 613/613/613
f 613/613/613 617/617/617 615/615/615
f 618/618/618 617/617/617 598/598/598
f 619/619/619 618/618/618 598/598/598
f 618/618/618 619/619/619 620/620/620
f 620/620/620 619/619/619 621/621/621
f 615/615/615 617/617/617 622/622/622
f 616/616/616 615/615/615 623/623/623
f 623/623/623 615/615/615 622/622/622
f 616/616/616 623/623/623 624/624/624
f 624/624/624 623/623/623 625/625/625
f 623/623/623 622/622/622 625/625/625
f 625/625/625 622/622/622 626/626/626
f 626/626/626 627/627/627 625/625/625
f 628/628/628 625/625/625 627/627/627
f 627/627/627 626/626/626 629/629/629
f 630/630/630 627/627/627 629/629/629
f 629/629/629 631/631/631 630/630/630
f 630/630/630 631/631/631 632/632/632
f 633/633/633 632/632/632 631/631/631
f 633/633/633 631/631/631 634/634/634
f 635/635/635 630/630/630 632/632/632
f 636/636/636 630/630/630 635/635/635
f 639/639/639 638/638/638 637/637/637
f 638/638/638 639/639/639 640/640/640
f 643/643/643 642/642/642 641/641/641
f 642/642/642 644/644/644 641/641/641
f 647/647/647 646/646/646 645/645/645
f 645/645/645 648/648/648 647/647/647
f 649/649/649 647/647/647 648/648/648
f 649/649/649 650/650/650 647/647/647
f 649/649/649 651/651/651 650/650/650
f 652/652/652 651/651/651 649/649/649
f 651/651/651 652/652/652 653/653/653
f 654/654/654 651/651/651 653/653/653
f 655/655/655 650/650/650 651/651/651
f 650/650/650 655/655/655 656/656/656
f 657/657/657 655/655/655 651/651/651
f 657/657/657 651/651/651 654/654/654
f 658/658/658 655/655/655 657/657/657
f 657/657/657 654/654/654 659/659/659
f 659/659/659 658/658/658 657/657/657
f 654/654/654 660/660/660 659/659/659
f 659/659/659 661/661/661 658/658/658
f 661/661/661 662/662/662 658/658/658
f 661/661/661 663/663/663 662/662/662
f 666/666/666 665/665/665 664/664/664
f 665/665/665 666/666/666 667/667/667
f 668/668/668 667/667/667 666/666/666
f 668/668/668 666/666/666 669/669/669
f 672/672/672 671/671/671 670/670/670
f 670/670/670 673/673/673 672/672/672
f 674/674/674 672/672/672 673/673/673
f 675/675/675 674/674/674 673/673/673
f 676/676/676 674/674/674 675/675/675
f 676/676/676 677/677/677 674/674/674
f 676/676/676 675/675/675 678/678/678
f 679/679/679 676/676/676 678/678/678
f 675/675/675 680/680/680 678/678/678
f 675/675/675 681/681/681 680/680/680
f 678/678/678 680/680/680 682/682/682
f 682/682/682 683/683/683 678/678/678
f 682/682/682 680/680/680 684/684/684
f 680/680/680 685/685/685 684/684/684
f 686/686/686 684/684/684 685/685/685
f 687/687/687 686/686/686 685/685/685
f 686/686/686 688/688/688 684/684/684
f 689/689/689 688/688/688 686/686/686
f 690/690/690 684/684/684 688/688/688
f 690/690/690 688/688/688 691/691/691
f 694/694/694 693/693/693 692/692/692
f 695/695/695 694/694/694 692/692/692
f 696/696/696 695/695/695 692/692/692
f 696/696/696 697/697/697 695/695/695
f 698/698/698 694/694/694 695/695/695
f 699/699/699 695/695/695 697/697/697
f 698/698/698 695/695/695 699/699/699
f 698/698/698 699/699/699 700/700/700
f 701/701/701 700/700/700 699/699/699
f 701/701/701 702/702/702 700/700/700
f 702/702/702 701/701/701 703/703/703
f 704/704/704 702/702/702 703/703/703
f 704/704/704 703/703/703 705/705/705
f 706/706/706 702/702/702 704/704/704
f 705/705/705 707/707/707 704/704/704
f 706/706/706 704/704/704 708/708/708
f 708/708/708 704/704/704 707/707/707
f 706/706/706 708/708/708 709/709/709
f 707/707/707 710/710/710 708/708/708
f 708/708/708 710/710/710 711/711/711
f 711/711/711 710/710/710 712/712/712
f 715/715/715 714/714/714 713/713/713
f 716/716/716 715/715/715 713/713/713
f 719/719/719 718/718/718 717/717/717
f 719/719/719 717/717/717 720/720/720
f 721/721/721 719/719/719 720/720/720
f 724/724/724 723/723/723 722/722/722
f 723/723/723 724/724/724 725/725/725
f 726/726/726 725/725/725 724/724/724
f 724/724/724 727/727/727 726/726/726
f 726/726/726 727/727/727 728/728/728
f 728/728/728 729/729/729 726/726/726
f 726/726/726 730/730/730 725/725/725
f 731/731/731 730/730/730 726/726/726
f 731/731/731 726/726/726 732/732/732
f 731/731/731 733/733/733 730/730/730
f 730/730/730 733/733/733 725/725/725
f 732/732/732 733/733/733 731/731/731
f 725/725/725 733/733/733 734/734/734
f 725/725/725 734/734/734 735/735/735
f 734/734/734 733/733/733 736/736/736
f 732/732/732 737/737/737 733/733/733
f 738/738/738 733/733/733 737/737/737
f 739/739/739 737/737/737 732/732/732
f 742/742/742 741/741/741 740/740/740
f 743/743/743 742/742/742 740/740/740
f 742/742/742 743/743/743 744/744/744
f 745/745/745 743/743/743 740/740/740
f 746/746/746 745/745/745 740/740/740
f 744/744/744 743/743/743 747/747/747
f 744/744/744 747/747/747 748/748/748
f 745/745/745 749/749/749 743/743/743
f 749/749/749 747/747/747 743/743/743
f 750/750/750 749/749/749 745/745/745
f 748/748/748 747/747/747 751/751/751
f 748/748/748 751/751/751 752/752/752
f 747/747/747 749/749/749 753/753/753
f 753/753/753 751/751/751 747/747/747
f 749/749/749 750/750/750 754/754/754
f 749/749/749 754/754/754 753/753/753
f 750/750/750 755/755/755 754/754/754
f 755/755/755 750/750/750 756/756/756
f 757/757/757 755/755/755 756/756/756
f 757/757/757 756/756/756 758/758/758
f 759/759/759 757/757/757 758/758/758
f 758/758/758 760/760/760 759/759/759
f 760/760/760 761/761/761 759/759/759
f 762/762/762 754/754/754 755/755/755
f 763/763/763 762/762/762 755/755/755
f 763/763/763 755/755/755 757/757/757
f 764/764/764 754/754/754 762/762/762
f 753/753/753 754/754/754 764/764/764
f 757/757/757 765/765/765 763/763/763
f 757/757/757 759/759/759 765/765/765
f 766/766/766 753/753/753 764/764/764
f 764/764/764 767/767/767 766/766/766
f 753/753/753 766/766/766 751/751/751
f 768/768/768 766/766/766 767/767/767
f 769/769/769 765/765/765 759/759/759
f 761/761/761 769/769/769 759/759/759
f 765/765/765 769/769/769 770/770/770
f 769/769/769 771/771/771 770/770/770
f 772/772/772 751/751/751 766/766/766
f 768/768/768 772/772/772 766/766/766
f 751/751/751 772/772/772 752/752/752
f 761/761/761 773/773/773 769/769/769
f 773/773/773 771/771/771 769/769/769
f 774/774/774 773/773/773 761/761/761
f 775/775/775 772/772/772 768/768/768
f 772/772/772 775/775/775 752/752/752
f 775/775/775 768/768/768 776/776/776
f 775/775/775 777/777/777 752/752/752
f 775/775/775 776/776/776 778/778/778
f 775/775/775 778/778/778 777/777/777
f 779/779/779 777/777/777 778/778/778
f 773/773/773 780/780/780 771/771/771
f 780/780/780 773/773/773 774/774/774
f 781/781/781 771/771/771 780/780/780
f 780/780/780 782/782/782 781/781/781
f 783/783/783 780/780/780 774/774/774
f 783/783/783 784/784/784 780/780/780
f 783/783/783 785/785/785 784/784/784
f 785/785/785 786/786/786 784/784/784
f 787/787/787 786/786/786 785/785/785
f 785/785/785 788/788/788 787/787/787
f 788/788/788 789/789/789 787/787/787
f 785/785/785 790/790/790 788/788/788
f 790/790/790 791/791/791 788/788/788
f 792/792/792 791/791/791 790/790/790
f 792/792/792 793/793/793 791/791/791
f 792/792/792 794/794/794 793/793/793
f 794/794/794 795/795/795 793/793/793
f 795/795/795 796/796/796 793/793/793
f 797/797/797 795/795/795 794/794/794
f 798/798/798 797/797/797 794/794/794
f 799/799/799 797/797/797 798/798/798
f 798/798/798 800/800/800 799/799/799
f 801/801/801 799/799/799 800/800/800
f 802/802/802 801/801/801 800/800/800
f 802/802/802 803/803/803 801/801/801
f 804/804/804 803/803/803 802/802/802
f 804/804/804 805/805/805 803/803/803
f 804/804/804 806/806/806 805/805/805
f 806/806/806 807/807/807 805/805/805
f 807/807/807 808/808/808 805/805/805
f 806/806/806 809/809/809 807/807/807
f 809/809/809 806/806/806 810/810/810
f 813/813/813 812/812/812 811/811/811
f 813/813/813 814/814/814 812/812/812
f 815/815/815 814/814/814 813/813/813
f 814/814/814 815/815/815 816/816/816
f 816/816/816 817/817/817 814/814/814
f 818/818/818 816/816/816 815/815/815
f 818/818/818 815/815/815 819/819/819
f 819/819/819 815/815/815 813/813/813
f 819/819/819 813/813/813 820/820/820
f 821/821/821 819/819/819 820/820/820
f 819/819/819 821/821/821 822/822/822
f 821/821/821 820/820/820 823/823/823
f 824/824/824 821/821/821 823/823/823
f 821/821/821 824/824/824 825/825/825
f 824/824/824 826/826/826 825/825/825
f 823/823/823 826/826/826 824/824/824
f 827/827/827 826/826/826 823/823/823
f 826/826/826 827/827/827 828/828/828
f 831/831/831 830/830/830 829/829/829
f 829/829/829 832/832/832 831/831/831
f 831/831/831 832/832/832 833/833/833
f 834/834/834 831/831/831 833/833/833
f 832/832/832 829/829/829 835/835/835
f 835/835/835 829/829/829 836/836/836
f 837/837/837 835/835/835 836/836/836
f 837/837/837 838/838/838 835/835/835
f 837/837/837 839/839/839 838/838/838
f 838/838/838 839/839/839 840/840/840
f 835/835/835 841/841/841 832/832/832
f 838/838/838 841/841/841 835/835/835
f 838/838/838 842/842/842 841/841/841
f 838/838/838 840/840/840 842/842/842
f 841/841/841 843/843/843 832/832/832
f 833/833/833 832/832/832 843/843/843
f 844/844/844 842/842/842 840/840/840
f 840/840/840 845/845/845 844/844/844
f 846/846/846 844/844/844 845/845/845
f 840/840/840 847/847/847 845/845/845
f 848/848/848 833/833/833 843/843/843
f 843/843/843 849/849/849 848/848/848
f 849/849/849 850/850/850 848/848/848
f 848/848/848 850/850/850 851/851/851
f 833/833/833 848/848/848 852/852/852
f 852/852/852 834/834/834 833/833/833
f 848/848/848 851/851/851 853/853/853
f 852/852/852 848/848/848 853/853/853
f 851/851/851 854/854/854 853/853/853
f 851/851/851 855/855/855 854/854/854
f 854/854/854 855/855/855 856/856/856
f 857/857/857 854/854/854 856/856/856
f 854/854/854 857/857/857 858/858/858
f 859/859/859 853/853/853 854/854/854
f 859/859/859 854/854/854 858/858/858
f 860/860/860 852/852/852 853/853/853
f 860/860/860 853/853/853 859/859/859
f 834/834/834 852/852/852 861/861/861
f 860/860/860 861/861/861 852/852/852
f 862/862/862 834/834/834 861/861/861
f 863/863/863 834/834/834 862/862/862
f 863/863/863 862/862/862 864/864/864
f 863/863/863 864/864/864 865/865/865
f 860/860/860 866/866/866 861/861/861
f 860/860/860 859/859/859 866/866/866
f 861/861/861 866/866/866 867/867/867
f 866/866/866 859/859/859 867/867/867
f 867/867/867 859/859/859 868/868/868
f 868/868/868 859/859/859 858/858/858
f 858/858/858 869/869/869 868/868/868
f 872/872/872 871/871/871 870/870/870
f 870/870/870 871/871/871 873/873/873
f 873/873/873 871/871/871 874/874/874
f 874/874/874 871/871/871 875/875/875
f 876/876/876 874/874/874 875/875/875
f 877/877/877 874/874/874 876/876/876
f 873/873/873 878/878/878 870/870/870
f 874/874/874 878/878/878 873/873/873
f 879/879/879 870/870/870 878/878/878
f 880/880/880 874/874/874 877/877/877
f 878/878/878 874/874/874 880/880/880
f 880/880/880 877/877/877 881/881/881
f 879/879/879 878/878/878 882/882/882
f 882/882/882 878/878/878 880/880/880
f 879/879/879 882/882/882 883/883/883
f 881/881/881 884/884/884 880/880/880
f 882/882/882 880/880/880 884/884/884
f 885/885/885 884/884/884 881/881/881
f 886/886/886 883/883/883 882/882/882
f 886/886/886 882/882/882 884/884/884
f 887/887/887 884/884/884 885/885/885
f 888/888/888 887/887/887 885/885/885
f 884/884/884 887/887/887 889/889/889
f 889/889/889 886/886/886 884/884/884
f 889/889/889 887/887/887 888/888/888
f 883/883/883 886/886/886 890/890/890
f 886/886/886 889/889/889 890/890/890
f 890/890/890 891/891/891 883/883/883
f 892/892/892 891/891/891 890/890/890
f 893/893/893 889/889/889 888/888/888
f 889/889/889 893/893/893 890/890/890
f 894/894/894 893/893/893 888/888/888
f 895/895/895 893/893/893 894/894/894
f 896/896/896 890/890/890 893/893/893
f 890/890/890 896/896/896 892/892/892
f 897/897/897 893/893/893 895/895/895
f 893/893/893 897/897/897 896/896/896
f 898/898/898 897/897/897 895/895/895
f 898/898/898 895/895/895 899/899/899
f 899/899/899 895/895/895 900/900/900
f 901/901/901 897/897/897 898/898/898
f 896/896/896 897/897/897 901/901/901
f 896/896/896 901/901/901 902/902/902
f 903/903/903 902/902/902 901/901/901
f 904/904/904 902/902/902 903/903/903
f 904/904/904 905/905/905 902/902/902
f 896/896/896 902/902/902 905/905/905
f 896/896/896 905/905/905 892/892/892
f 905/905/905 906/906/906 892/892/892
f 892/892/892 906/906/906 907/907/907
f 910/910/910 909/909/909 908/908/908
f 911/911/911 908/908/908 909/909/909
f 908/908/908 911/911/911 912/912/912
f 908/908/908 912/912/912 913/913/913
f 914/914/914 912/912/912 911/911/911
f 909/909/909 915/915/915 911/911/911
f 915/915/915 914/914/914 911/911/911
f 909/909/909 916/916/916 915/915/915
f 915/915/915 917/917/917 914/914/914
f 915/915/915 916/916/916 918/918/918
f 918/918/918 917/917/917 915/915/915
f 919/919/919 917/917/917 918/918/918
f 920/920/920 918/918/918 916/916/916
f 918/918/918 921/921/921 919/919/919
f 920/920/920 921/921/921 918/918/918
f 922/922/922 921/921/921 920/920/920
f 923/923/923 922/922/922 920/920/920
f 923/923/923 920/920/920 924/924/924
f 923/923/923 925/925/925 922/922/922
f 922/922/922 925/925/925 926/926/926
f 921/921/921 927/927/927 919/919/919
f 926/926/926 928/928/928 922/922/922
f 929/929/929 927/927/927 921/921/921
f 922/922/922 929/929/929 921/921/921
f 927/927/927 929/929/929 930/930/930
f 930/930/930 931/931/931 927/927/927
f 922/922/922 928/928/928 932/932/932
f 928/928/928 933/933/933 932/932/932
f 922/922/922 934/934/934 929/929/929
f 934/934/934 922/922/922 932/932/932
f 935/935/935 929/929/929 934/934/934
f 932/932/932 935/935/935 934/934/934
f 935/935/935 936/936/936 929/929/929
f 932/932/932 936/936/936 935/935/935
f 932/932/932 937/937/937 936/936/936
f 933/933/933 937/937/937 932/932/932
f 937/937/937 938/938/938 936/936/936
f 939/939/939 937/937/937 933/933/933
f 937/937/937 939/939/939 938/938/938
f 940/940/940 939/939/939 933/933/933
f 939/939/939 941/941/941 938/938/938
f 940/940/940 942/942/942 939/939/939
f 939/939/939 943/943/943 941/941/941
f 942/942/942 943/943/943 939/939/939
f 943/943/943 944/944/944 941/941/941
f 943/943/943 945/945/945 944/944/944
f 942/942/942 946/946/946 943/943/943
f 946/946/946 945/945/945 943/943/943
f 947/947/947 946/946/946 942/942/942
f 946/946/946 948/948/948 945/945/945
f 949/949/949 945/945/945 948/948/948
f 949/949/949 948/948/948 950/950/950
f 948/948/948 951/951/951 950/950/950
f 951/951/951 948/948/948 946/946/946
f 952/952/952 950/950/950 951/951/951
f 947/947/947 953/953/953 946/946/946
f 953/953/953 951/951/951 946/946/946
f 947/947/947 954/954/954 953/953/953
f 955/955/955 953/953/953 954/954/954
f 956/956/956 952/952/952 951/951/951
f 956/956/956 951/951/951 953/953/953
f 952/952/952 956/956/956 957/957/957
f 955/955/955 958/958/958 953/953/953
f 953/953/953 958/958/958 956/956/956
f 956/956/956 959/959/959 957/957/957
f 959/959/959 956/956/956 958/958/958
f 959/959/959 960/960/960 957/957/957
f 955/955/955 961/961/961 958/958/958
f 958/958/958 961/961/961 959/959/959
f 955/955/955 962/962/962 961/961/961
f 963/963/963 961/961/961 962/962/962
f 959/959/959 961/961/961 963/963/963
f 964/964/964 959/959/959 963/963/963
f 964/964/964 960/960/960 959/959/959
f 963/963/963 965/965/965 964/964/964
f 965/965/965 966/966/966 964/964/964
f 965/965/965 967/967/967 966/966/966
f 960/960/960 964/964/964 968/968/968
f 964/964/964 966/966/966 968/968/968
f 966/966/966 967/967/967 969/969/969
f 967/967/967 970/970/970 969/969/969
f 971/971/971 960/960/960 968/968/968
f 972/972/972 960/960/960 971/971/971
f 973/973/973 971/971/971 968/968/968
f 966/966/966 974/974/974 968/968/968
f 968/968/968 974/974/974 973/973/973
f 966/966/966 969/969/969 974/974/974
f 975/975/975 973/973/973 974/974/974
f 976/976/976 975/975/975 974/974/974
f 969/969/969 976/976/976 974/974/974
f 977/977/977 975/975/975 976/976/976
f 970/970/970 978/978/978 969/969/969
f 969/969/969 978/978/978 976/976/976
f 979/979/979 978/978/978 970/970/970
f 980/980/980 977/977/977 976/976/976
f 978/978/978 980/980/980 976/976/976
f 980/980/980 981/981/981 977/977/977
f 979/979/979 982/982/982 978/978/978
f 978/978/978 982/982/982 980/980/980
f 979/979/979 983/983/983 982/982/982
f 980/980/980 984/984/984 981/981/981
f 982/982/982 984/984/984 980/980/980
f 985/985/985 981/981/981 984/984/984
f 984/984/984 986/986/986 985/985/985
f 983/983/983 987/987/987 982/982/982
f 987/987/987 984/984/984 982/982/982
f 987/987/987 986/986/986 984/984/984
f 983/983/983 988/988/988 987/987/987
f 987/987/987 989/989/989 986/986/986
f 988/988/988 990/990/990 987/987/987
f 990/990/990 989/989/989 987/987/987
f 991/991/991 990/990/990 988/988/988
f 991/991/991 989/989/989 990/990/990
f 994/994/994 993/993/993 992/992/992
f 993/993/993 995/995/995 992/992/992
f 996/996/996 995/995/995 993/993/993
f 992/992/992 995/995/995 997/997/997
f 997/997/997 998/998/998 992/992/992
f 999/999/999 998/998/998 997/997/997
f 1000/1000/1000 995/995/995 996/996/996
f 1000/1000/1000 997/997/997 995/995/995
f 1001/1001/1001 1000/1000/1000 996/996/996
f 997/997/997 1002/1002/1002 999/999/999
f 1002/1002/1002 1003/1003/1003 999/999/999
f 1000/1000/1000 1001/1001/1001 1004/1004/1004
f 1005/1005/1005 1004/1004/1004 1001/1001/1001
f 1005/1005/1005 1006/1006/1006 1004/1004/1004
f 1000/1000/1000 1007/1007/1007 997/997/997
f 1007/1007/1007 1002/1002/1002 997/997/997
f 1004/1004/1004 1007/1007/1007 1000/1000/1000
f 1004/1004/1004 1006/1006/1006 1008/1008/1008
f 1006/1006/1006 1009/1009/1009 1008/1008/1008
f 1010/1010/1010 1004/1004/1004 1008/1008/1008
f 1004/1004/1004 1010/1010/1010 1007/1007/1007
f 1011/1011/1011 1010/1010/1010 1008/1008/1008
f 1012/1012/1012 1002/1002/1002 1007/1007/1007
f 1012/1012/1012 1007/1007/1007 1010/1010/1010
f 1010/1010/1010 1011/1011/1011 1013/1013/1013
f 1013/1013/1013 1012/1012/1012 1010/1010/1010
f 1011/1011/1011 1014/1014/1014 1013/1013/1013
f 1014/1014/1014 1015/1015/1015 1013/1013/1013
f 1012/1012/1012 1016/1016/1016 1002/1002/1002
f 1003/1003/1003 1002/1002/1002 1016/1016/1016
f 1013/1013/1013 1015/1015/1015 1017/1017/1017
f 1018/1018/1018 1017/1017/1017 1015/1015/1015
f 1017/1017/1017 1018/1018/1018 1019/1019/1019
f 1013/1013/1013 1020/1020/1020 1012/1012/1012
f 1020/1020/1020 1016/1016/1016 1012/1012/1012
f 1017/1017/1017 1020/1020/1020 1013/1013/1013
f 1016/1016/1016 1021/1021/1021 1003/1003/1003
f 1021/1021/1021 1016/1016/1016 1020/1020/1020
f 1003/1003/1003 1021/1021/1021 1022/1022/1022
f 1021/1021/1021 1023/1023/1023 1022/1022/1022
f 1024/1024/1024 1017/1017/1017 1019/1019/1019
f 1025/1025/1025 1024/1024/1024 1019/1019/1019
f 1025/1025/1025 1026/1026/1026 1024/1024/1024
f 1027/1027/1027 1020/1020/1020 1017/1017/1017
f 1021/1021/1021 1020/1020/1020 1027/1027/1027
f 1027/1027/1027 1017/1017/1017 1024/1024/1024
f 1023/1023/1023 1021/1021/1021 1028/1028/1028
f 1028/1028/1028 1021/1021/1021 1027/1027/1027
f 1024/1024/1024 1028/1028/1028 1027/1027/1027
f 1024/1024/1024 1026/1026/1026 1028/1028/1028
f 1028/1028/1028 1029/1029/1029 1023/1023/1023
f 1028/1028/1028 1026/1026/1026 1029/1029/1029
f 1032/1032/1032 1031/1031/1031 1030/1030/1030
f 1031/1031/1031 1033/1033/1033 1030/1030/1030
f 1033/1033/1033 1034/1034/1034 1030/1030/1030
f 1034/1034/1034 1033/1033/1033 1035/1035/1035
f 1031/1031/1031 1036/1036/1036 1033/1033/1033
f 1037/1037/1037 1035/1035/1035 1033/1033/1033
f 1038/1038/1038 1033/1033/1033 1036/1036/1036
f 1039/1039/1039 1038/1038/1038 1036/1036/1036
f 1040/1040/1040 1038/1038/1038 1039/1039/1039
f 1037/1037/1037 1033/1033/1033 1041/1041/1041
f 1038/1038/1038 1041/1041/1041 1033/1033/1033
f 1042/1042/1042 1038/1038/1038 1040/1040/1040
f 1042/1042/1042 1040/1040/1040 1043/1043/1043
f 1044/1044/1044 1042/1042/1042 1043/1043/1043
f 1044/1044/1044 1043/1043/1043 1045/1045/1045
f 1038/1038/1038 1046/1046/1046 1041/1041/1041
f 1038/1038/1038 1042/1042/1042 1046/1046/1046
f 1041/1041/1041 1046/1046/1046 1037/1037/1037
f 1046/1046/1046 1042/1042/1042 1044/1044/1044
f 1047/1047/1047 1037/1037/1037 1046/1046/1046
f 1044/1044/1044 1047/1047/1047 1046/1046/1046
f 1048/1048/1048 1044/1044/1044 1045/1045/1045
f 1049/1049/1049 1048/1048/1048 1045/1045/1045
f 1049/1049/1049 1050/1050/1050 1048/1048/1048
f 1051/1051/1051 1050/1050/1050 1049/1049/1049
f 1050/1050/1050 1051/1051/1051 1052/1052/1052
f 1047/1047/1047 1053/1053/1053 1037/1037/1037
f 1047/1047/1047 1054/1054/1054 1053/1053/1053
f 1053/1053/1053 1055/1055/1055 1037/1037/1037
f 1044/1044/1044 1056/1056/1056 1047/1047/1047
f 1054/1054/1054 1047/1047/1047 1056/1056/1056
f 1048/1048/1048 1057/1057/1057 1044/1044/1044
f 1044/1044/1044 1057/1057/1057 1056/1056/1056
f 1058/1058/1058 1055/1055/1055 1053/1053/1053
f 1054/1054/1054 1058/1058/1058 1053/1053/1053
f 1058/1058/1058 1059/1059/1059 1055/1055/1055
f 1055/1055/1055 1059/1059/1059 1060/1060/1060
f 1048/1048/1048 1061/1061/1061 1057/1057/1057
f 1048/1048/1048 1062/1062/1062 1061/1061/1061
f 1057/1057/1057 1063/1063/1063 1056/1056/1056
f 1054/1054/1054 1056/1056/1056 1063/1063/1063
f 1057/1057/1057 1061/1061/1061 1064/1064/1064
f 1064/1064/1064 1063/1063/1063 1057/1057/1057
f 1064/1064/1064 1061/1061/1061 1065/1065/1065
f 1065/1065/1065 1066/1066/1066 1064/1064/1064
f 1066/1066/1066 1063/1063/1063 1064/1064/1064
f 1067/1067/1067 1066/1066/1066 1065/1065/1065
f 1066/1066/1066 1067/1067/1067 1068/1068/1068
f 1063/1063/1063 1066/1066/1066 1069/1069/1069
f 1063/1063/1063 1069/1069/1069 1054/1054/1054
f 1069/1069/1069 1066/1066/1066 1068/1068/1068
f 1059/1059/1059 1070/1070/1070 1060/1060/1060
f 1070/1070/1070 1071/1071/1071 1060/1060/1060
f 1070/1070/1070 1072/1072/1072 1071/1071/1071
f 1072/1072/1072 1073/1073/1073 1071/1071/1071
f 1059/1059/1059 1074/1074/1074 1070/1070/1070
f 1070/1070/1070 1074/1074/1074 1072/1072/1072
f 1074/1074/1074 1075/1075/1075 1072/1072/1072
f 1072/1072/1072 1076/1076/1076 1073/1073/1073
f 1075/1075/1075 1076/1076/1076 1072/1072/1072
f 1073/1073/1073 1076/1076/1076 1077/1077/1077
f 1076/1076/1076 1078/1078/1078 1077/1077/1077
f 1079/1079/1079 1078/1078/1078 1076/1076/1076
f 1076/1076/1076 1075/1075/1075 1079/1079/1079
f 1080/1080/1080 1069/1069/1069 1068/1068/1068
f 1080/1080/1080 1068/1068/1068 1081/1081/1081
f 1082/1082/1082 1081/1081/1081 1068/1068/1068
f 1083/1083/1083 1081/1081/1081 1082/1082/1082
f 1084/1084/1084 1083/1083/1083 1082/1082/1082
f 1084/1084/1084 1085/1085/1085 1083/1083/1083
f 1085/1085/1085 1084/1084/1084 1086/1086/1086
f 1083/1083/1083 1087/1087/1087 1081/1081/1081
f 1087/1087/1087 1083/1083/1083 1088/1088/1088
f 1088/1088/1088 1089/1089/1089 1087/1087/1087
f 1090/1090/1090 1089/1089/1089 1088/1088/1088
f 1090/1090/1090 1091/1091/1091 1089/1089/1089
f 1091/1091/1091 1092/1092/1092 1089/1089/1089
f 1093/1093/1093 1091/1091/1091 1090/1090/1090
f 1091/1091/1091 1093/1093/1093 1094/1094/1094
f 1095/1095/1095 1087/1087/1087 1089/1089/1089
f 1089/1089/1089 1092/1092/1092 1095/1095/1095
f 1081/1081/1081 1087/1087/1087 1096/1096/1096
f 1087/1087/1087 1095/1095/1095 1096/1096/1096
f 1097/1097/1097 1092/1092/1092 1091/1091/1091
f 1091/1091/1091 1098/1098/1098 1097/1097/1097
f 1097/1097/1097 1098/1098/1098 1099/1099/1099
f 1099/1099/1099 1100/1100/1100 1097/1097/1097
f 1100/1100/1100 1092/1092/1092 1097/1097/1097
f 1099/1099/1099 1101/1101/1101 1100/1100/1100
f 1101/1101/1101 1102/1102/1102 1100/1100/1100
f 1100/1100/1100 1102/1102/1102 1092/1092/1092
f 1102/1102/1102 1101/1101/1101 1103/1103/1103
f 1104/1104/1104 1095/1095/1095 1092/1092/1092
f 1095/1095/1095 1104/1104/1104 1096/1096/1096
f 1081/1081/1081 1096/1096/1096 1105/1105/1105
f 1081/1081/1081 1105/1105/1105 1080/1080/1080
f 1102/1102/1102 1106/1106/1106 1092/1092/1092
f 1104/1104/1104 1092/1092/1092 1106/1106/1106
f 1107/1107/1107 1102/1102/1102 1103/1103/1103
f 1107/1107/1107 1106/1106/1106 1102/1102/1102
f 1108/1108/1108 1096/1096/1096 1104/1104/1104
f 1108/1108/1108 1105/1105/1105 1096/1096/1096
f 1109/1109/1109 1080/1080/1080 1105/1105/1105
f 1080/1080/1080 1109/1109/1109 1069/1069/1069
f 1103/1103/1103 1110/1110/1110 1107/1107/1107
f 1103/1103/1103 1111/1111/1111 1110/1110/1110
f 1112/1112/1112 1106/1106/1106 1107/1107/1107
f 1113/1113/1113 1107/1107/1107 1110/1110/1110
f 1114/1114/1114 1106/1106/1106 1112/1112/1112
f 1113/1113/1113 1110/1110/1110 1115/1115/1115
f 1110/1110/1110 1116/1116/1116 1115/1115/1115
f 1115/1115/1115 1116/1116/1116 1117/1117/1117
f 1117/1117/1117 1116/1116/1116 1118/1118/1118
f 1116/1116/1116 1119/1119/1119 1118/1118/1118
f 1120/1120/1120 1119/1119/1119 1116/1116/1116
f 1110/1110/1110 1111/1111/1111 1121/1121/1121
f 1110/1110/1110 1121/1121/1121 1116/1116/1116
f 1111/1111/1111 1122/1122/1122 1121/1121/1121
f 1106/1106/1106 1114/1114/1114 1123/1123/1123
f 1104/1104/1104 1106/1106/1106 1123/1123/1123
f 1123/1123/1123 1114/1114/1114 1124/1124/1124
f 1104/1104/1104 1123/1123/1123 1108/1108/1108
f 1121/1121/1121 1125/1125/1125 1116/1116/1116
f 1125/1125/1125 1121/1121/1121 1122/1122/1122
f 1116/1116/1116 1125/1125/1125 1120/1120/1120
f 1125/1125/1125 1122/1122/1122 1126/1126/1126
f 1123/1123/1123 1124/1124/1124 1127/1127/1127
f 1108/1108/1108 1123/1123/1123 1127/1127/1127
f 1125/1125/1125 1128/1128/1128 1120/1120/1120
f 1126/1126/1126 1128/1128/1128 1125/1125/1125
f 1128/1128/1128 1129/1129/1129 1120/1120/1120
f 1120/1120/1120 1129/1129/1129 1130/1130/1130
f 1126/1126/1126 1131/1131/1131 1128/1128/1128
f 1131/1131/1131 1132/1132/1132 1128/1128/1128
f 1133/1133/1133 1131/1131/1131 1126/1126/1126
f 1124/1124/1124 1134/1134/1134 1127/1127/1127
f 1134/1134/1134 1124/1124/1124 1135/1135/1135
f 1136/1136/1136 1134/1134/1134 1135/1135/1135
f 1137/1137/1137 1108/1108/1108 1127/1127/1127
f 1105/1105/1105 1108/1108/1108 1137/1137/1137
f 1109/1109/1109 1105/1105/1105 1137/1137/1137
f 1134/1134/1134 1136/1136/1136 1138/1138/1138
f 1136/1136/1136 1139/1139/1139 1138/1138/1138
f 1140/1140/1140 1127/1127/1127 1134/1134/1134
f 1137/1137/1137 1127/1127/1127 1140/1140/1140
f 1140/1140/1140 1134/1134/1134 1138/1138/1138
f 1140/1140/1140 1138/1138/1138 1141/1141/1141
f 1142/1142/1142 1109/1109/1109 1137/1137/1137
f 1137/1137/1137 1141/1141/1141 1142/1142/1142
f 1138/1138/1138 1143/1143/1143 1141/1141/1141
f 1138/1138/1138 1139/1139/1139 1143/1143/1143
f 1144/1144/1144 1141/1141/1141 1143/1143/1143
f 1142/1142/1142 1141/1141/1141 1144/1144/1144
f 1145/1145/1145 1143/1143/1143 1139/1139/1139
f 1145/1145/1145 1144/1144/1144 1143/1143/1143
f 1146/1146/1146 1109/1109/1109 1142/1142/1142
f 1069/1069/1069 1109/1109/1109 1146/1146/1146
f 1054/1054/1054 1069/1069/1069 1146/1146/1146
f 1054/1054/1054 1146/1146/1146 1147/1147/1147
f 1146/1146/1146 1142/1142/1142 1147/1147/1147
f 1054/1054/1054 1147/1147/1147 1058/1058/1058
f 1147/1147/1147 1142/1142/1142 1148/1148/1148
f 1148/1148/1148 1142/1142/1142 1144/1144/1144
f 1148/1148/1148 1144/1144/1144 1149/1149/1149
f 1144/1144/1144 1145/1145/1145 1149/1149/1149
f 1139/1139/1139 1150/1150/1150 1145/1145/1145
f 1151/1151/1151 1150/1150/1150 1139/1139/1139
f 1148/1148/1148 1149/1149/1149 1152/1152/1152
f 1152/1152/1152 1149/1149/1149 1153/1153/1153
f 1154/1154/1154 1148/1148/1148 1152/1152/1152
f 1154/1154/1154 1059/1059/1059 1058/1058/1058
f 1145/1145/1145 1155/1155/1155 1149/1149/1149
f 1145/1145/1145 1150/1150/1150 1155/1155/1155
f 1153/1153/1153 1149/1149/1149 1155/1155/1155
f 1150/1150/1150 1156/1156/1156 1155/1155/1155
f 1156/1156/1156 1150/1150/1150 1157/1157/1157
f 1157/1157/1157 1150/1150/1150 1151/1151/1151
f 1157/1157/1157 1151/1151/1151 1158/1158/1158
f 1159/1159/1159 1157/1157/1157 1158/1158/1158
f 1158/1158/1158 1160/1160/1160 1159/1159/1159
f 1154/1154/1154 1161/1161/1161 1059/1059/1059
f 1161/1161/1161 1074/1074/1074 1059/1059/1059
f 1152/1152/1152 1161/1161/1161 1154/1154/1154
f 1074/1074/1074 1161/1161/1161 1152/1152/1152
f 1162/1162/1162 1074/1074/1074 1152/1152/1152
f 1162/1162/1162 1152/1152/1152 1153/1153/1153
f 1075/1075/1075 1074/1074/1074 1162/1162/1162
f 1162/1162/1162 1153/1153/1153 1075/1075/1075
f 1163/1163/1163 1159/1159/1159 1160/1160/1160
f 1164/1164/1164 1163/1163/1163 1160/1160/1160
f 1163/1163/1163 1165/1165/1165 1159/1159/1159
f 1159/1159/1159 1165/1165/1165 1166/1166/1166
f 1167/1167/1167 1157/1157/1157 1159/1159/1159
f 1157/1157/1157 1167/1167/1167 1156/1156/1156
f 1166/1166/1166 1168/1168/1168 1159/1159/1159
f 1159/1159/1159 1168/1168/1168 1167/1167/1167
f 1169/1169/1169 1168/1168/1168 1166/1166/1166
f 1170/1170/1170 1168/1168/1168 1169/1169/1169
f 1171/1171/1171 1170/1170/1170 1169/1169/1169
f 1170/1170/1170 1171/1171/1171 1172/1172/1172
f 1172/1172/1172 1171/1171/1171 1173/1173/1173
f 1174/1174/1174 1172/1172/1172 1173/1173/1173
f 1175/1175/1175 1174/1174/1174 1173/1173/1173
f 1175/1175/1175 1176/1176/1176 1174/1174/1174
f 1176/1176/1176 1175/1175/1175 1177/1177/1177
f 1176/1176/1176 1177/1177/1177 1178/1178/1178
f 1178/1178/1178 1179/1179/1179 1176/1176/1176
f 1178/1178/1178 1180/1180/1180 1179/1179/1179
f 1176/1176/1176 1181/1181/1181 1174/1174/1174
f 1179/1179/1179 1181/1181/1181 1176/1176/1176
f 1182/1182/1182 1172/1172/1172 1174/1174/1174
f 1182/1182/1182 1174/1174/1174 1181/1181/1181
f 1183/1183/1183 1168/1168/1168 1170/1170/1170
f 1170/1170/1170 1172/1172/1172 1184/1184/1184
f 1184/1184/1184 1183/1183/1183 1170/1170/1170
f 1185/1185/1185 1168/1168/1168 1183/1183/1183
f 1168/1168/1168 1185/1185/1185 1167/1167/1167
f 1185/1185/1185 1186/1186/1186 1167/1167/1167
f 1167/1167/1167 1186/1186/1186 1156/1156/1156
f 1183/1183/1183 1187/1187/1187 1185/1185/1185
f 1185/1185/1185 1187/1187/1187 1186/1186/1186
f 1184/1184/1184 1188/1188/1188 1183/1183/1183
f 1187/1187/1187 1183/1183/1183 1188/1188/1188
f 1179/1179/1179 1189/1189/1189 1181/1181/1181
f 1181/1181/1181 1189/1189/1189 1190/1190/1190
f 1181/1181/1181 1190/1190/1190 1182/1182/1182
f 1190/1190/1190 1191/1191/1191 1182/1182/1182
f 1192/1192/1192 1189/1189/1189 1179/1179/1179
f 1193/1193/1193 1191/1191/1191 1190/1190/1190
f 1193/1193/1193 1194/1194/1194 1191/1191/1191
f 1195/1195/1195 1192/1192/1192 1179/1179/1179
f 1194/1194/1194 1196/1196/1196 1191/1191/1191
f 1195/1195/1195 1179/1179/1179 1197/1197/1197
f 1197/1197/1197 1198/1198/1198 1195/1195/1195
f 1179/1179/1179 1199/1199/1199 1197/1197/1197
f 1179/1179/1179 1180/1180/1180 1199/1199/1199
f 1198/1198/1198 1197/1197/1197 1200/1200/1200
f 1200/1200/1200 1197/1197/1197 1199/1199/1199
f 1198/1198/1198 1200/1200/1200 1201/1201/1201
f 1201/1201/1201 1200/1200/1200 1202/1202/1202
f 1202/1202/1202 1200/1200/1200 1203/1203/1203
f 1199/1199/1199 1180/1180/1180 1204/1204/1204
f 1204/1204/1204 1200/1200/1200 1199/1199/1199
f 1200/1200/1200 1204/1204/1204 1203/1203/1203
f 1204/1204/1204 1180/1180/1180 1205/1205/1205
f 1204/1204/1204 1205/1205/1205 1206/1206/1206
f 1207/1207/1207 1206/1206/1206 1205/1205/1205
f 1204/1204/1204 1206/1206/1206 1208/1208/1208
f 1203/1203/1203 1204/1204/1204 1208/1208/1208
f 1208/1208/1208 1206/1206/1206 1209/1209/1209
f 1202/1202/1202 1203/1203/1203 1210/1210/1210
f 1211/1211/1211 1202/1202/1202 1210/1210/1210
f 1210/1210/1210 1203/1203/1203 1212/1212/1212
f 1210/1210/1210 1212/1212/1212 1213/1213/1213
f 1212/1212/1212 1203/1203/1203 1214/1214/1214
f 1212/1212/1212 1214/1214/1214 1213/1213/1213
f 1208/1208/1208 1215/1215/1215 1203/1203/1203
f 1203/1203/1203 1215/1215/1215 1214/1214/1214
f 1208/1208/1208 1209/1209/1209 1216/1216/1216
f 1215/1215/1215 1208/1208/1208 1216/1216/1216
f 1213/1213/1213 1214/1214/1214 1217/1217/1217
f 1218/1218/1218 1213/1213/1213 1217/1217/1217
f 1218/1218/1218 1217/1217/1217 1219/1219/1219
f 1220/1220/1220 1219/1219/1219 1217/1217/1217
f 1221/1221/1221 1219/1219/1219 1220/1220/1220
f 1221/1221/1221 1220/1220/1220 1222/1222/1222
f 1223/1223/1223 1222/1222/1222 1220/1220/1220
f 1215/1215/1215 1224/1224/1224 1214/1214/1214
f 1224/1224/1224 1215/1215/1215 1216/1216/1216
f 1216/1216/1216 1209/1209/1209 1225/1225/1225
f 1225/1225/1225 1209/1209/1209 1226/1226/1226
f 1225/1225/1225 1226/1226/1226 1227/1227/1227
f 1217/1217/1217 1214/1214/1214 1228/1228/1228
f 1224/1224/1224 1228/1228/1228 1214/1214/1214
f 1225/1225/1225 1229/1229/1229 1216/1216/1216
f 1224/1224/1224 1216/1216/1216 1229/1229/1229
f 1225/1225/1225 1227/1227/1227 1230/1230/1230
f 1229/1229/1229 1225/1225/1225 1230/1230/1230
f 1227/1227/1227 1231/1231/1231 1230/1230/1230
f 1224/1224/1224 1229/1229/1229 1232/1232/1232
f 1228/1228/1228 1224/1224/1224 1232/1232/1232
f 1230/1230/1230 1233/1233/1233 1229/1229/1229
f 1232/1232/1232 1229/1229/1229 1233/1233/1233
f 1230/1230/1230 1231/1231/1231 1234/1234/1234
f 1230/1230/1230 1234/1234/1234 1233/1233/1233
f 1231/1231/1231 1235/1235/1235 1234/1234/1234
f 1231/1231/1231 1236/1236/1236 1235/1235/1235
f 1217/1217/1217 1228/1228/1228 1237/1237/1237
f 1220/1220/1220 1217/1217/1217 1237/1237/1237
f 1234/1234/1234 1238/1238/1238 1233/1233/1233
f 1235/1235/1235 1238/1238/1238 1234/1234/1234
f 1235/1235/1235 1236/1236/1236 1239/1239/1239
f 1240/1240/1240 1239/1239/1239 1236/1236/1236
f 1240/1240/1240 1241/1241/1241 1239/1239/1239
f 1240/1240/1240 1242/1242/1242 1241/1241/1241
f 1235/1235/1235 1239/1239/1239 1243/1243/1243
f 1241/1241/1241 1243/1243/1243 1239/1239/1239
f 1235/1235/1235 1244/1244/1244 1238/1238/1238
f 1235/1235/1235 1243/1243/1243 1244/1244/1244
f 1233/1233/1233 1238/1238/1238 1245/1245/1245
f 1245/1245/1245 1238/1238/1238 1244/1244/1244
f 1233/1233/1233 1245/1245/1245 1246/1246/1246
f 1232/1232/1232 1233/1233/1233 1246/1246/1246
f 1247/1247/1247 1232/1232/1232 1246/1246/1246
f 1232/1232/1232 1247/1247/1247 1228/1228/1228
f 1228/1228/1228 1247/1247/1247 1248/1248/1248
f 1228/1228/1228 1248/1248/1248 1237/1237/1237
f 1247/1247/1247 1246/1246/1246 1249/1249/1249
f 1250/1250/1250 1247/1247/1247 1249/1249/1249
f 1248/1248/1248 1247/1247/1247 1250/1250/1250
f 1249/1249/1249 1246/1246/1246 1251/1251/1251
f 1251/1251/1251 1246/1246/1246 1245/1245/1245
f 1250/1250/1250 1252/1252/1252 1248/1248/1248
f 1251/1251/1251 1245/1245/1245 1253/1253/1253
f 1244/1244/1244 1253/1253/1253 1245/1245/1245
f 1251/1251/1251 1253/1253/1253 1254/1254/1254
f 1253/1253/1253 1255/1255/1255 1254/1254/1254
f 1256/1256/1256 1248/1248/1248 1252/1252/1252
f 1237/1237/1237 1248/1248/1248 1256/1256/1256
f 1257/1257/1257 1256/1256/1256 1252/1252/1252
f 1244/1244/1244 1258/1258/1258 1253/1253/1253
f 1255/1255/1255 1253/1253/1253 1258/1258/1258
f 1244/1244/1244 1243/1243/1243 1258/1258/1258
f 1258/1258/1258 1259/1259/1259 1255/1255/1255
f 1237/1237/1237 1256/1256/1256 1260/1260/1260
f 1260/1260/1260 1220/1220/1220 1237/1237/1237
f 1243/1243/1243 1261/1261/1261 1258/1258/1258
f 1243/1243/1243 1241/1241/1241 1261/1261/1261
f 1259/1259/1259 1258/1258/1258 1262/1262/1262
f 1261/1261/1261 1262/1262/1262 1258/1258/1258
f 1262/1262/1262 1263/1263/1263 1259/1259/1259
f 1264/1264/1264 1263/1263/1263 1262/1262/1262
f 1261/1261/1261 1264/1264/1264 1262/1262/1262
f 1265/1265/1265 1261/1261/1261 1241/1241/1241
f 1241/1241/1241 1242/1242/1242 1265/1265/1265
f 1266/1266/1266 1260/1260/1260 1256/1256/1256
f 1266/1266/1266 1256/1256/1256 1257/1257/1257
f 1267/1267/1267 1220/1220/1220 1260/1260/1260
f 1223/1223/1223 1220/1220/1220 1267/1267/1267
f 1223/1223/1223 1267/1267/1267 1268/1268/1268
f 1267/1267/1267 1260/1260/1260 1269/1269/1269
f 1269/1269/1269 1260/1260/1260 1270/1270/1270
f 1260/1260/1260 1266/1266/1266 1270/1270/1270
f 1270/1270/1270 1266/1266/1266 1271/1271/1271
f 1266/1266/1266 1272/1272/1272 1271/1271/1271
f 1272/1272/1272 1266/1266/1266 1257/1257/1257
f 1271/1271/1271 1272/1272/1272 1273/1273/1273
f 1272/1272/1272 1274/1274/1274 1273/1273/1273
f 1272/1272/1272 1275/1275/1275 1274/1274/1274
f 1272/1272/1272 1257/1257/1257 1275/1275/1275
f 1257/1257/1257 1276/1276/1276 1275/1275/1275
f 1279/1279/1279 1278/1278/1278 1277/1277/1277
f 1278/1278/1278 1279/1279/1279 1280/1280/1280
f 1281/1281/1281 1278/1278/1278 1280/1280/1280
f 1279/1279/1279 1282/1282/1282 1280/1280/1280
f 1279/1279/1279 1283/1283/1283 1282/1282/1282
f 1282/1282/1282 1283/1283/1283 1284/1284/1284
f 1280/1280/1280 1285/1285/1285 1281/1281/1281
f 1286/1286/1286 1281/1281/1281 1285/1285/1285
f 1287/1287/1287 1286/1286/1286 1285/1285/1285
f 1288/1288/1288 1286/1286/1286 1287/1287/1287
f 1285/1285/1285 1289/1289/1289 1287/1287/1287
f 1290/1290/1290 1289/1289/1289 1285/1285/1285
f 1290/1290/1290 1285/1285/1285 1280/1280/1280
f 1291/1291/1291 1289/1289/1289 1290/1290/1290
f 1280/1280/1280 1282/1282/1282 1292/1292/1292
f 1280/1280/1280 1292/1292/1292 1290/1290/1290
f 1293/1293/1293 1282/1282/1282 1284/1284/1284
f 1282/1282/1282 1293/1293/1293 1292/1292/1292
f 1290/1290/1290 1292/1292/1292 1294/1294/1294
f 1293/1293/1293 1294/1294/1294 1292/1292/1292
f 1294/1294/1294 1291/1291/1291 1290/1290/1290
f 1284/1284/1284 1295/1295/1295 1293/1293/1293
f 1293/1293/1293 1295/1295/1295 1294/1294/1294
f 1295/1295/1295 1284/1284/1284 1296/1296/1296
f 1297/1297/1297 1295/1295/1295 1296/1296/1296
f 1296/1296/1296 1298/1298/1298 1297/1297/1297
f 1296/1296/1296 1299/1299/1299 1298/1298/1298
f 1299/1299/1299 1300/1300/1300 1298/1298/1298
f 1300/1300/1300 1299/1299/1299 1301/1301/1301
f 1295/1295/1295 1302/1302/1302 1294/1294/1294
f 1300/1300/1300 1301/1301/1301 1303/1303/1303
f 1303/1303/1303 1301/1301/1301 1304/1304/1304
f 1303/1303/1303 1304/1304/1304 1305/1305/1305
f 1291/1291/1291 1294/1294/1294 1306/1306/1306
f 1302/1302/1302 1306/1306/1306 1294/1294/1294
f 1301/1301/1301 1307/1307/1307 1304/1304/1304
f 1307/1307/1307 1301/1301/1301 1308/1308/1308
f 1304/1304/1304 1309/1309/1309 1305/1305/1305
f 1305/1305/1305 1309/1309/1309 1310/1310/1310
f 1306/1306/1306 1311/1311/1311 1291/1291/1291
f 1302/1302/1302 1312/1312/1312 1306/1306/1306
f 1306/1306/1306 1312/1312/1312 1311/1311/1311
f 1313/1313/1313 1311/1311/1311 1312/1312/1312
f 1314/1314/1314 1313/1313/1313 1312/1312/1312
f 1311/1311/1311 1315/1315/1315 1291/1291/1291
f 1315/1315/1315 1311/1311/1311 1313/1313/1313
f 1291/1291/1291 1315/1315/1315 1316/1316/1316
f 1316/1316/1316 1315/1315/1315 1317/1317/1317
f 1313/1313/1313 1317/1317/1317 1315/1315/1315
f 1316/1316/1316 1317/1317/1317 1318/1318/1318
f 1318/1318/1318 1317/1317/1317 1319/1319/1319
f 1313/1313/1313 1320/1320/1320 1317/1317/1317
f 1321/1321/1321 1320/1320/1320 1313/1313/1313
f 1322/1322/1322 1321/1321/1321 1313/1313/1313
f 1322/1322/1322 1313/1313/1313 1314/1314/1314
f 1322/1322/1322 1323/1323/1323 1321/1321/1321
f 1312/1312/1312 1302/1302/1302 1324/1324/1324
f 1312/1312/1312 1324/1324/1324 1314/1314/1314
f 1325/1325/1325 1324/1324/1324 1302/1302/1302
f 1302/1302/1302 1326/1326/1326 1325/1325/1325
f 1327/1327/1327 1324/1324/1324 1325/1325/1325
f 1324/1324/1324 1327/1327/1327 1314/1314/1314
f 1328/1328/1328 1323/1323/1323 1322/1322/1322
f 1328/1328/1328 1322/1322/1322 1314/1314/1314
f 1329/1329/1329 1323/1323/1323 1328/1328/1328
f 1323/1323/1323 1329/1329/1329 1330/1330/1330
f 1327/1327/1327 1331/1331/1331 1314/1314/1314
f 1332/1332/1332 1331/1331/1331 1327/1327/1327
f 1333/1333/1333 1332/1332/1332 1327/1327/1327
f 1331/1331/1331 1332/1332/1332 1310/1310/1310
f 1334/1334/1334 1314/1314/1314 1331/1331/1331
f 1314/1314/1314 1334/1334/1334 1328/1328/1328
f 1331/1331/1331 1310/1310/1310 1335/1335/1335
f 1334/1334/1334 1331/1331/1331 1335/1335/1335
f 1328/1328/1328 1334/1334/1334 1336/1336/1336
f 1335/1335/1335 1336/1336/1336 1334/1334/1334
f 1328/1328/1328 1337/1337/1337 1329/1329/1329
f 1328/1328/1328 1336/1336/1336 1337/1337/1337
f 1338/1338/1338 1335/1335/1335 1310/1310/1310
f 1309/1309/1309 1338/1338/1338 1310/1310/1310
f 1336/1336/1336 1335/1335/1335 1339/1339/1339
f 1338/1338/1338 1339/1339/1339 1335/1335/1335
f 1340/1340/1340 1336/1336/1336 1339/1339/1339
f 1336/1336/1336 1340/1340/1340 1337/1337/1337
f 1337/1337/1337 1341/1341/1341 1329/1329/1329
f 1329/1329/1329 1341/1341/1341 1330/1330/1330
f 1342/1342/1342 1339/1339/1339 1338/1338/1338
f 1342/1342/1342 1340/1340/1340 1339/1339/1339
f 1342/1342/1342 1338/1338/1338 1343/1343/1343
f 1309/1309/1309 1343/1343/1343 1338/1338/1338
f 1343/1343/1343 1344/1344/1344 1342/1342/1342
f 1343/1343/1343 1309/1309/1309 1345/1345/1345
f 1344/1344/1344 1343/1343/1343 1345/1345/1345
f 1309/1309/1309 1304/1304/1304 1345/1345/1345
f 1345/1345/1345 1346/1346/1346 1344/1344/1344
f 1304/1304/1304 1346/1346/1346 1345/1345/1345
f 1307/1307/1307 1346/1346/1346 1304/1304/1304
f 1346/1346/1346 1307/1307/1307 1347/1347/1347
f 1348/1348/1348 1347/1347/1347 1307/1307/1307
f 1349/1349/1349 1330/1330/1330 1341/1341/1341
f 1350/1350/1350 1349/1349/1349 1341/1341/1341
f 1350/1350/1350 1341/1341/1341 1337/1337/1337
f 1340/1340/1340 1350/1350/1350 1337/1337/1337
f 1349/1349/1349 1351/1351/1351 1330/1330/1330
f 1352/1352/1352 1330/1330/1330 1351/1351/1351
f 1351/1351/1351 1349/1349/1349 1353/1353/1353
f 1353/1353/1353 1349/1349/1349 1350/1350/1350
f 1353/1353/1353 1354/1354/1354 1351/1351/1351
f 1355/1355/1355 1354/1354/1354 1353/1353/1353
f 1355/1355/1355 1356/1356/1356 1354/1354/1354
f 1340/1340/1340 1357/1357/1357 1350/1350/1350
f 1357/1357/1357 1340/1340/1340 1358/1358/1358
f 1359/1359/1359 1357/1357/1357 1358/1358/1358
f 1359/1359/1359 1360/1360/1360 1357/1357/1357
f 1357/1357/1357 1360/1360/1360 1350/1350/1350
f 1360/1360/1360 1361/1361/1361 1350/1350/1350
f 1360/1360/1360 1362/1362/1362 1361/1361/1361
f 1363/1363/1363 1362/1362/1362 1360/1360/1360
f 1366/1366/1366 1365/1365/1365 1364/1364/1364
f 1365/1365/1365 1367/1367/1367 1364/1364/1364
f 1367/1367/1367 1365/1365/1365 1368/1368/1368
f 1368/1368/1368 1369/1369/1369 1367/1367/1367
f 1370/1370/1370 1369/1369/1369 1368/1368/1368
f 1367/1367/1367 1369/1369/1369 1371/1371/1371
f 1367/1367/1367 1371/1371/1371 1364/1364/1364
f 1364/1364/1364 1371/1371/1371 1372/1372/1372
f 1371/1371/1371 1373/1373/1373 1372/1372/1372
f 1374/1374/1374 1364/1364/1364 1372/1372/1372
f 1372/1372/1372 1373/1373/1373 1375/1375/1375
f 1373/1373/1373 1376/1376/1376 1375/1375/1375
f 1377/1377/1377 1376/1376/1376 1373/1373/1373
f 1376/1376/1376 1377/1377/1377 1378/1378/1378
f 1379/1379/1379 1376/1376/1376 1378/1378/1378
f 1379/1379/1379 1378/1378/1378 1380/1380/1380
f 1376/1376/1376 1381/1381/1381 1375/1375/1375
f 1376/1376/1376 1379/1379/1379 1381/1381/1381
f 1381/1381/1381 1379/1379/1379 1382/1382/1382
f 1381/1381/1381 1383/1383/1383 1375/1375/1375
f 1372/1372/1372 1375/1375/1375 1383/1383/1383
f 1384/1384/1384 1372/1372/1372 1383/1383/1383
f 1374/1374/1374 1372/1372/1372 1384/1384/1384
f 1384/1384/1384 1385/1385/1385 1374/1374/1374
f 1386/1386/1386 1374/1374/1374 1385/1385/1385
f 1384/1384/1384 1387/1387/1387 1385/1385/1385
f 1379/1379/1379 1380/1380/1380 1388/1388/1388
f 1388/1388/1388 1380/1380/1380 1389/1389/1389
f 1390/1390/1390 1379/1379/1379 1388/1388/1388
f 1390/1390/1390 1388/1388/1388 1391/1391/1391
f 1389/1389/1389 1392/1392/1392 1388/1388/1388
f 1392/1392/1392 1393/1393/1393 1388/1388/1388
f 1393/1393/1393 1392/1392/1392 1394/1394/1394
f 1395/1395/1395 1394/1394/1394 1392/1392/1392
f 1398/1398/1398 1397/1397/1397 1396/1396/1396
f 1399/1399/1399 1396/1396/1396 1397/1397/1397
f 1399/1399/1399 1400/1400/1400 1396/1396/1396
f 1400/1400/1400 1401/1401/1401 1396/1396/1396
f 1400/1400/1400 1402/1402/1402 1401/1401/1401
f 1403/1403/1403 1396/1396/1396 1401/1401/1401
f 1404/1404/1404 1401/1401/1401 1402/1402/1402
f 1401/1401/1401 1405/1405/1405 1403/1403/1403
f 1405/1405/1405 1406/1406/1406 1403/1403/1403
f 1401/1401/1401 1407/1407/1407 1405/1405/1405
f 1404/1404/1404 1408/1408/1408 1401/1401/1401
f 1408/1408/1408 1407/1407/1407 1401/1401/1401
f 1409/1409/1409 1408/1408/1408 1404/1404/1404
f 1408/1408/1408 1410/1410/1410 1407/1407/1407
f 1413/1413/1413 1412/1412/1412 1411/1411/1411
f 1414/1414/1414 1412/1412/1412 1413/1413/1413
f 1415/1415/1415 1414/1414/1414 1413/1413/1413
f 1416/1416/1416 1414/1414/1414 1415/1415/1415
f 1417/1417/1417 1416/1416/1416 1415/1415/1415
f 1418/1418/1418 1416/1416/1416 1417/1417/1417
f 1416/1416/1416 1418/1418/1418 1419/1419/1419
f 1418/1418/1418 1420/1420/1420 1419/1419/1419
f 1419/1419/1419 1420/1420/1420 1421/1421/1421
f 1422/1422/1422 1421/1421/1421 1420/1420/1420
f 1423/1423/1423 1416/1416/1416 1419/1419/1419
f 1421/1421/1421 1423/1423/1423 1419/1419/1419
f 1424/1424/1424 1416/1416/1416 1423/1423/1423
f 1424/1424/1424 1425/1425/1425 1416/1416/1416
f 1425/1425/1425 1414/1414/1414 1416/1416/1416
f 1426/1426/1426 1414/1414/1414 1425/1425/1425
f 1426/1426/1426 1412/1412/1412 1414/1414/1414
f 1412/1412/1412 1426/1426/1426 1427/1427/1427
f 1428/1428/1428 1423/1423/1423 1421/1421/1421
f 1429/1429/1429 1412/1412/1412 1427/1427/1427
f 1430/1430/1430 1429/1429/1429 1427/1427/1427
f 1431/1431/1431 1428/1428/1428 1421/1421/1421
f 1430/1430/1430 1432/1432/1432 1429/1429/1429
f 1429/1429/1429 1432/1432/1432 1433/1433/1433
f 1430/1430/1430 1434/1434/1434 1432/1432/1432
f 1432/1432/1432 1435/1435/1435 1433/1433/1433
f 1434/1434/1434 1436/1436/1436 1432/1432/1432
f 1432/1432/1432 1436/1436/1436 1435/1435/1435
f 1434/1434/1434 1437/1437/1437 1436/1436/1436
f 1435/1435/1435 1436/1436/1436 1438/1438/1438
f 1436/1436/1436 1437/1437/1437 1439/1439/1439
f 1439/1439/1439 1438/1438/1438 1436/1436/1436
f 1439/1439/1439 1437/1437/1437 1440/1440/1440
f 1439/1439/1439 1441/1441/1441 1438/1438/1438
f 1440/1440/1440 1442/1442/1442 1439/1439/1439
f 1439/1439/1439 1442/1442/1442 1441/1441/1441
f 1443/1443/1443 1442/1442/1442 1440/1440/1440
f 1441/1441/1441 1442/1442/1442 1444/1444/1444
f 1443/1443/1443 1445/1445/1445 1442/1442/1442
f 1444/1444/1444 1442/1442/1442 1445/1445/1445
f 1446/1446/1446 1444/1444/1444 1445/1445/1445
f 1445/1445/1445 1443/1443/1443 1447/1447/1447
f 1445/1445/1445 1448/1448/1448 1446/1446/1446
f 1447/1447/1447 1448/1448/1448 1445/1445/1445
f 1448/1448/1448 1447/1447/1447 1449/1449/1449
f 1452/1452/1452 1451/1451/1451 1450/1450/1450
f 1453/1453/1453 1450/1450/1450 1451/1451/1451
f 1451/1451/1451 1454/1454/1454 1453/1453/1453
f 1455/1455/1455 1450/1450/1450 1453/1453/1453
f 1454/1454/1454 1456/1456/1456 1453/1453/1453
f 1457/1457/1457 1455/1455/1455 1453/1453/1453
f 1453/1453/1453 1456/1456/1456 1457/1457/1457
f 1460/1460/1460 1459/1459/1459 1458/1458/1458
f 1460/1460/1460 1458/1458/1458 1461/1461/1461
f 1458/1458/1458 1462/1462/1462 1461/1461/1461
f 1463/1463/1463 1460/1460/1460 1461/1461/1461
f 1462/1462/1462 1464/1464/1464 1461/1461/1461
f 1461/1461/1461 1465/1465/1465 1463/1463/1463
f 1465/1465/1465 1461/1461/1461 1464/1464/1464
f 1466/1466/1466 1463/1463/1463 1465/1465/1465
f 1465/1465/1465 1464/1464/1464 1467/1467/1467
f 1468/1468/1468 1465/1465/1465 1467/1467/1467
f 1468/1468/1468 1467/1467/1467 1469/1469/1469
f 1468/1468/1468 1469/1469/1469 1470/1470/1470
f 1470/1470/1470 1469/1469/1469 1471/1471/1471
f 1474/1474/1474 1473/1473/1473 1472/1472/1472
f 1475/1475/1475 1472/1472/1472 1473/1473/1473
f 1478/1478/1478 1477/1477/1477 1476/1476/1476
f 1478/1478/1478 1476/1476/1476 1479/1479/1479
f 1479/1479/1479 1476/1476/1476 1480/1480/1480
f 1481/1481/1481 1478/1478/1478 1479/1479/1479
f 1481/1481/1481 1482/1482/1482 1478/1478/1478
f 1483/1483/1483 1478/1478/1478 1482/1482/1482
f 1483/1483/1483 1482/1482/1482 1484/1484/1484
f 1485/1485/1485 1478/1478/1478 1483/1483/1483
f 1485/1485/1485 1483/1483/1483 1486/1486/1486
f 1487/1487/1487 1485/1485/1485 1486/1486/1486
f 1487/1487/1487 1488/1488/1488 1485/1485/1485
f 1489/1489/1489 1488/1488/1488 1487/1487/1487
f 1490/1490/1490 1488/1488/1488 1489/1489/1489
f 1491/1491/1491 1488/1488/1488 1490/1490/1490
f 1492/1492/1492 1491/1491/1491 1490/1490/1490
f 1495/1495/1495 1494/1494/1494 1493/1493/1493
f 1495/1495/1495 1496/1496/1496 1494/1494/1494
f 1494/1494/1494 1496/1496/1496 1497/1497/1497
f 1497/1497/1497 1498/1498/1498 1494/1494/1494
f 1497/1497/1497 1499/1499/1499 1498/1498/1498
f 1495/1495/1495 1500/1500/1500 1496/1496/1496
f 1500/1500/1500 1497/1497/1497 1496/1496/1496
f 1499/1499/1499 1497/1497/1497 1501/1501/1501
f 1502/1502/1502 1499/1499/1499 1501/1501/1501
f 1500/1500/1500 1503/1503/1503 1497/1497/1497
f 1501/1501/1501 1497/1497/1497 1503/1503/1503
f 1502/1502/1502 1501/1501/1501 1504/1504/1504
f 1505/1505/1505 1502/1502/1502 1504/1504/1504
f 1505/1505/1505 1504/1504/1504 1506/1506/1506
f 1506/1506/1506 1504/1504/1504 1507/1507/1507
f 1504/1504/1504 1501/1501/1501 1508/1508/1508
f 1508/1508/1508 1501/1501/1501 1503/1503/1503
f 1507/1507/1507 1504/1504/1504 1509/1509/1509
f 1509/1509/1509 1504/1504/1504 1508/1508/1508
f 1510/1510/1510 1507/1507/1507 1509/1509/1509
f 1511/1511/1511 1500/1500/1500 1495/1495/1495
f 1503/1503/1503 1500/1500/1500 1512/1512/1512
f 1511/1511/1511 1512/1512/1512 1500/1500/1500
f 1508/1508/1508 1503/1503/1503 1513/1513/1513
f 1513/1513/1513 1503/1503/1503 1512/1512/1512
f 1509/1509/1509 1508/1508/1508 1514/1514/1514
f 1508/1508/1508 1513/1513/1513 1514/1514/1514
f 1515/1515/1515 1511/1511/1511 1495/1495/1495
f 1495/1495/1495 1516/1516/1516 1515/1515/1515
f 1517/1517/1517 1511/1511/1511 1515/1515/1515
f 1517/1517/1517 1518/1518/1518 1511/1511/1511
f 1518/1518/1518 1517/1517/1517 1519/1519/1519
f 1510/1510/1510 1509/1509/1509 1520/1520/1520
f 1514/1514/1514 1520/1520/1520 1509/1509/1509
f 1511/1511/1511 1521/1521/1521 1512/1512/1512
f 1518/1518/1518 1521/1521/1521 1511/1511/1511
f 1522/1522/1522 1521/1521/1521 1518/1518/1518
f 1523/1523/1523 1518/1518/1518 1519/1519/1519
f 1522/1522/1522 1518/1518/1518 1523/1523/1523
f 1524/1524/1524 1523/1523/1523 1519/1519/1519
f 1521/1521/1521 1525/1525/1525 1512/1512/1512
f 1522/1522/1522 1525/1525/1525 1521/1521/1521
f 1523/1523/1523 1524/1524/1524 1526/1526/1526
f 1527/1527/1527 1526/1526/1526 1524/1524/1524
f 1528/1528/1528 1512/1512/1512 1525/1525/1525
f 1512/1512/1512 1528/1528/1528 1513/1513/1513
f 1528/1528/1528 1529/1529/1529 1513/1513/1513
f 1514/1514/1514 1513/1513/1513 1529/1529/1529
f 1529/1529/1529 1528/1528/1528 1525/1525/1525
f 1514/1514/1514 1530/1530/1530 1520/1520/1520
f 1530/1530/1530 1514/1514/1514 1529/1529/1529
f 1531/1531/1531 1529/1529/1529 1525/1525/1525
f 1522/1522/1522 1531/1531/1531 1525/1525/1525
f 1526/1526/1526 1532/1532/1532 1523/1523/1523
f 1532/1532/1532 1522/1522/1522 1523/1523/1523
f 1533/1533/1533 1532/1532/1532 1526/1526/1526
f 1526/1526/1526 1527/1527/1527 1534/1534/1534
f 1534/1534/1534 1533/1533/1533 1526/1526/1526
f 1534/1534/1534 1527/1527/1527 1535/1535/1535
f 1535/1535/1535 1536/1536/1536 1534/1534/1534
f 1534/1534/1534 1536/1536/1536 1537/1537/1537
f 1534/1534/1534 1537/1537/1537 1538/1538/1538
f 1534/1534/1534 1538/1538/1538 1533/1533/1533
f 1539/1539/1539 1522/1522/1522 1532/1532/1532
f 1533/1533/1533 1539/1539/1539 1532/1532/1532
f 1540/1540/1540 1522/1522/1522 1539/1539/1539
f 1531/1531/1531 1522/1522/1522 1540/1540/1540
f 1540/1540/1540 1539/1539/1539 1533/1533/1533
f 1541/1541/1541 1529/1529/1529 1531/1531/1531
f 1541/1541/1541 1530/1530/1530 1529/1529/1529
f 1541/1541/1541 1531/1531/1531 1542/1542/1542
f 1542/1542/1542 1531/1531/1531 1540/1540/1540
f 1543/1543/1543 1530/1530/1530 1541/1541/1541
f 1543/1543/1543 1541/1541/1541 1542/1542/1542
f 1544/1544/1544 1530/1530/1530 1543/1543/1543
f 1520/1520/1520 1530/1530/1530 1544/1544/1544
f 1533/1533/1533 1538/1538/1538 1545/1545/1545
f 1546/1546/1546 1540/1540/1540 1533/1533/1533
f 1545/1545/1545 1546/1546/1546 1533/1533/1533
f 1538/1538/1538 1547/1547/1547 1545/1545/1545
f 1547/1547/1547 1538/1538/1538 1548/1548/1548
f 1546/1546/1546 1549/1549/1549 1540/1540/1540
f 1549/1549/1549 1542/1542/1542 1540/1540/1540
f 1545/1545/1545 1550/1550/1550 1546/1546/1546
f 1545/1545/1545 1547/1547/1547 1550/1550/1550
f 1549/1549/1549 1546/1546/1546 1550/1550/1550
f 1551/1551/1551 1550/1550/1550 1547/1547/1547
f 1549/1549/1549 1550/1550/1550 1551/1551/1551
f 1551/1551/1551 1547/1547/1547 1552/1552/1552
f 1551/1551/1551 1552/1552/1552 1553/1553/1553
f 1554/1554/1554 1551/1551/1551 1553/1553/1553
f 1555/1555/1555 1554/1554/1554 1553/1553/1553
f 1553/1553/1553 1556/1556/1556 1555/1555/1555
f 1549/1549/1549 1551/1551/1551 1557/1557/1557
f 1549/1549/1549 1557/1557/1557 1558/1558/1558
f 1549/1549/1549 1558/1558/1558 1542/1542/1542
f 1558/1558/1558 1557/1557/1557 1559/1559/1559
f 1558/1558/1558 1559/1559/1559 1560/1560/1560
f 1542/1542/1542 1558/1558/1558 1561/1561/1561
f 1543/1543/1543 1542/1542/1542 1561/1561/1561
f 1562/1562/1562 1558/1558/1558 1560/1560/1560
f 1562/1562/1562 1561/1561/1561 1558/1558/1558
f 1562/1562/1562 1560/1560/1560 1563/1563/1563
f 1564/1564/1564 1562/1562/1562 1563/1563/1563
f 1565/1565/1565 1543/1543/1543 1561/1561/1561
f 1565/1565/1565 1561/1561/1561 1562/1562/1562
f 1566/1566/1566 1562/1562/1562 1564/1564/1564
f 1566/1566/1566 1565/1565/1565 1562/1562/1562
f 1543/1543/1543 1565/1565/1565 1567/1567/1567
f 1565/1565/1565 1566/1566/1566 1567/1567/1567
f 1544/1544/1544 1543/1543/1543 1567/1567/1567
f 1568/1568/1568 1566/1566/1566 1564/1564/1564
f 1569/1569/1569 1568/1568/1568 1564/1564/1564
f 1569/1569/1569 1570/1570/1570 1568/1568/1568
f 1571/1571/1571 1566/1566/1566 1568/1568/1568
f 1567/1567/1567 1566/1566/1566 1571/1571/1571
f 1572/1572/1572 1568/1568/1568 1570/1570/1570
f 1571/1571/1571 1573/1573/1573 1567/1567/1567
f 1544/1544/1544 1567/1567/1567 1573/1573/1573
f 1574/1574/1574 1572/1572/1572 1570/1570/1570
f 1544/1544/1544 1573/1573/1573 1575/1575/1575
f 1520/1520/1520 1544/1544/1544 1575/1575/1575
f 1575/1575/1575 1573/1573/1573 1576/1576/1576
f 1577/1577/1577 1576/1576/1576 1573/1573/1573
f 1520/1520/1520 1575/1575/1575 1578/1578/1578
f 1575/1575/1575 1576/1576/1576 1578/1578/1578
f 1578/1578/1578 1510/1510/1510 1520/1520/1520
f 1578/1578/1578 1576/1576/1576 1579/1579/1579
f 1510/1510/1510 1578/1578/1578 1580/1580/1580
f 1510/1510/1510 1580/1580/1580 1581/1581/1581
f 1581/1581/1581 1580/1580/1580 1582/1582/1582
f 1577/1577/1577 1583/1583/1583 1576/1576/1576
f 1583/1583/1583 1584/1584/1584 1576/1576/1576
f 1585/1585/1585 1583/1583/1583 1577/1577/1577
f 1586/1586/1586 1581/1581/1581 1582/1582/1582
f 1587/1587/1587 1586/1586/1586 1582/1582/1582
f 1588/1588/1588 1581/1581/1581 1586/1586/1586
f 1589/1589/1589 1588/1588/1588 1586/1586/1586
f 1588/1588/1588 1590/1590/1590 1581/1581/1581
f 1590/1590/1590 1588/1588/1588 1589/1589/1589
f 1590/1590/1590 1589/1589/1589 1591/1591/1591
f 1592/1592/1592 1591/1591/1591 1589/1589/1589
f 1592/1592/1592 1593/1593/1593 1591/1591/1591
f 1594/1594/1594 1592/1592/1592 1589/1589/1589
f 1594/1594/1594 1593/1593/1593 1592/1592/1592
f 1595/1595/1595 1594/1594/1594 1589/1589/1589
f 1596/1596/1596 1595/1595/1595 1589/1589/1589
f 1596/1596/1596 1589/1589/1589 1586/1586/1586
f 1596/1596/1596 1586/1586/1586 1574/1574/1574
f 1574/1574/1574 1586/1586/1586 1587/1587/1587
f 1587/1587/1587 1572/1572/1572 1574/1574/1574
f 1572/1572/1572 1587/1587/1587 1597/1597/1597
f 1597/1597/1597 1598/1598/1598 1572/1572/1572
f 1598/1598/1598 1599/1599/1599 1572/1572/1572
f 1597/1597/1597 1600/1600/1600 1598/1598/1598
f 1601/1601/1601 1593/1593/1593 1594/1594/1594
f 1601/1601/1601 1594/1594/1594 1602/1602/1602
f 1603/1603/1603 1601/1601/1601 1602/1602/1602
f 1601/1601/1601 1604/1604/1604 1593/1593/1593
f 1603/1603/1603 1604/1604/1604 1601/1601/1601
f 1604/1604/1604 1605/1605/1605 1593/1593/1593
f 1603/1603/1603 1606/1606/1606 1604/1604/1604
f 1603/1603/1603 1607/1607/1607 1606/1606/1606
f 1608/1608/1608 1604/1604/1604 1606/1606/1606
f 1609/1609/1609 1606/1606/1606 1607/1607/1607
f 1609/1609/1609 1607/1607/1607 1610/1610/1610
f 1606/1606/1606 1609/1609/1609 1611/1611/1611
f 1608/1608/1608 1606/1606/1606 1611/1611/1611
f 1611/1611/1611 1609/1609/1609 1612/1612/1612
f 1608/1608/1608 1611/1611/1611 1613/1613/1613
f 1613/1613/1613 1614/1614/1614 1608/1608/1608
f 1617/1617/1617 1616/1616/1616 1615/1615/1615
f 1616/1616/1616 1618/1618/1618 1615/1615/1615
f 1616/1616/1616 1619/1619/1619 1618/1618/1618
f 1616/1616/1616 1620/1620/1620 1619/1619/1619
f 1621/1621/1621 1618/1618/1618 1619/1619/1619
f 1621/1621/1621 1619/1619/1619 1622/1622/1622
f 1623/1623/1623 1618/1618/1618 1621/1621/1621
f 1622/1622/1622 1623/1623/1623 1621/1621/1621
f 1619/1619/1619 1620/1620/1620 1624/1624/1624
f 1624/1624/1624 1622/1622/1622 1619/1619/1619
f 1622/1622/1622 1624/1624/1624 1625/1625/1625
f 1623/1623/1623 1622/1622/1622 1626/1626/1626
f 1627/1627/1627 1623/1623/1623 1626/1626/1626
f 1628/1628/1628 1624/1624/1624 1620/1620/1620
f 1624/1624/1624 1628/1628/1628 1625/1625/1625
f 1622/1622/1622 1625/1625/1625 1629/1629/1629
f 1629/1629/1629 1630/1630/1630 1627/1627/1627
f 1630/1630/1630 1629/1629/1629 1631/1631/1631
f 1629/1629/1629 1632/1632/1632 1631/1631/1631
f 1633/1633/1633 1627/1627/1627 1626/1626/1626
f 1629/1629/1629 1627/1627/1627 1633/1633/1633
f 1622/1622/1622 1634/1634/1634 1626/1626/1626
f 1633/1633/1633 1626/1626/1626 1634/1634/1634
f 1629/1629/1629 1633/1633/1633 1634/1634/1634
f 1622/1622/1622 1629/1629/1629 1634/1634/1634
f 1629/1629/1629 1635/1635/1635 1632/1632/1632
f 1636/1636/1636 1632/1632/1632 1635/1635/1635
f 1637/1637/1637 1636/1636/1636 1635/1635/1635
f 1629/1629/1629 1638/1638/1638 1635/1635/1635
f 1635/1635/1635 1638/1638/1638 1639/1639/1639
f 1629/1629/1629 1640/1640/1640 1638/1638/1638
f 1639/1639/1639 1638/1638/1638 1640/1640/1640
f 1640/1640/1640 1629/1629/1629 1625/1625/1625
f 1640/1640/1640 1625/1625/1625 1639/1639/1639
f 1639/1639/1639 1625/1625/1625 1641/1641/1641
f 1642/1642/1642 1641/1641/1641 1625/1625/1625
f 1625/1625/1625 1628/1628/1628 1642/1642/1642
f 1643/1643/1643 1641/1641/1641 1642/1642/1642
f 1641/1641/1641 1643/1643/1643 1644/1644/1644
f 1644/1644/1644 1643/1643/1643 1645/1645/1645
f 1646/1646/1646 1642/1642/1642 1628/1628/1628
f 1643/1643/1643 1642/1642/1642 1646/1646/1646
f 1643/1643/1643 1647/1647/1647 1645/1645/1645
f 1647/1647/1647 1648/1648/1648 1645/1645/1645
f 1649/1649/1649 1647/1647/1647 1643/1643/1643
f 1649/1649/1649 1643/1643/1643 1646/1646/1646
f 1647/1647/1647 1650/1650/1650 1648/1648/1648
f 1649/1649/1649 1650/1650/1650 1647/1647/1647
f 1650/1650/1650 1651/1651/1651 1648/1648/1648
f 1646/1646/1646 1628/1628/1628 1652/1652/1652
f 1652/1652/1652 1628/1628/1628 1620/1620/1620
f 1646/1646/1646 1653/1653/1653 1649/1649/1649
f 1653/1653/1653 1646/1646/1646 1652/1652/1652
f 1650/1650/1650 1654/1654/1654 1651/1651/1651
f 1654/1654/1654 1655/1655/1655 1651/1651/1651
f 1654/1654/1654 1656/1656/1656 1655/1655/1655
f 1655/1655/1655 1656/1656/1656 1657/1657/1657
f 1657/1657/1657 1656/1656/1656 1658/1658/1658
f 1649/1649/1649 1659/1659/1659 1650/1650/1650
f 1650/1650/1650 1659/1659/1659 1654/1654/1654
f 1649/1649/1649 1653/1653/1653 1659/1659/1659
f 1659/1659/1659 1660/1660/1660 1654/1654/1654
f 1660/1660/1660 1656/1656/1656 1654/1654/1654
f 1661/1661/1661 1652/1652/1652 1620/1620/1620
f 1661/1661/1661 1653/1653/1653 1652/1652/1652
f 1662/1662/1662 1659/1659/1659 1653/1653/1653
f 1660/1660/1660 1659/1659/1659 1662/1662/1662
f 1663/1663/1663 1658/1658/1658 1656/1656/1656
f 1663/1663/1663 1664/1664/1664 1658/1658/1658
f 1665/1665/1665 1653/1653/1653 1661/1661/1661
f 1662/1662/1662 1653/1653/1653 1665/1665/1665
f 1664/1664/1664 1663/1663/1663 1666/1666/1666
f 1666/1666/1666 1667/1667/1667 1664/1664/1664
f 1666/1666/1666 1668/1668/1668 1667/1667/1667
f 1668/1668/1668 1669/1669/1669 1667/1667/1667
f 1670/1670/1670 1669/1669/1669 1668/1668/1668
f 1670/1670/1670 1671/1671/1671 1669/1669/1669
f 1672/1672/1672 1671/1671/1671 1670/1670/1670
f 1672/1672/1672 1673/1673/1673 1671/1671/1671
f 1674/1674/1674 1673/1673/1673 1672/1672/1672
f 1663/1663/1663 1675/1675/1675 1666/1666/1666
f 1668/1668/1668 1666/1666/1666 1676/1676/1676
f 1676/1676/1676 1666/1666/1666 1675/1675/1675
f 1677/1677/1677 1670/1670/1670 1668/1668/1668
f 1676/1676/1676 1677/1677/1677 1668/1668/1668
f 1678/1678/1678 1672/1672/1672 1670/1670/1670
f 1678/1678/1678 1670/1670/1670 1677/1677/1677
f 1663/1663/1663 1679/1679/1679 1675/1675/1675
f 1679/1679/1679 1663/1663/1663 1656/1656/1656
f 1679/1679/1679 1656/1656/1656 1680/1680/1680
f 1660/1660/1660 1680/1680/1680 1656/1656/1656
f 1680/1680/1680 1660/1660/1660 1681/1681/1681
f 1681/1681/1681 1660/1660/1660 1662/1662/1662
f 1682/1682/1682 1679/1679/1679 1680/1680/1680
f 1682/1682/1682 1680/1680/1680 1681/1681/1681
f 1683/1683/1683 1675/1675/1675 1679/1679/1679
f 1682/1682/1682 1683/1683/1683 1679/1679/1679
f 1684/1684/1684 1676/1676/1676 1675/1675/1675
f 1684/1684/1684 1675/1675/1675 1683/1683/1683
f 1685/1685/1685 1677/1677/1677 1676/1676/1676
f 1685/1685/1685 1676/1676/1676 1684/1684/1684
f 1686/1686/1686 1677/1677/1677 1685/1685/1685
f 1678/1678/1678 1677/1677/1677 1686/1686/1686
f 1687/1687/1687 1678/1678/1678 1686/1686/1686
f 1687/1687/1687 1688/1688/1688 1678/1678/1678
f 1689/1689/1689 1688/1688/1688 1687/1687/1687
f 1678/1678/1678 1688/1688/1688 1672/1672/1672
f 1689/1689/1689 1690/1690/1690 1688/1688/1688
f 1690/1690/1690 1672/1672/1672 1688/1688/1688
f 1691/1691/1691 1690/1690/1690 1689/1689/1689
f 1692/1692/1692 1684/1684/1684 1683/1683/1683
f 1684/1684/1684 1692/1692/1692 1693/1693/1693
f 1683/1683/1683 1694/1694/1694 1692/1692/1692
f 1682/1682/1682 1694/1694/1694 1683/1683/1683
f 1695/1695/1695 1694/1694/1694 1682/1682/1682
f 1681/1681/1681 1695/1695/1695 1682/1682/1682
f 1695/1695/1695 1681/1681/1681 1696/1696/1696
f 1681/1681/1681 1662/1662/1662 1696/1696/1696
f 1696/1696/1696 1662/1662/1662 1665/1665/1665
f 1696/1696/1696 1665/1665/1665 1697/1697/1697
f 1665/1665/1665 1698/1698/1698 1697/1697/1697
f 1661/1661/1661 1698/1698/1698 1665/1665/1665
f 1698/1698/1698 1661/1661/1661 1699/1699/1699
f 1698/1698/1698 1699/1699/1699 1700/1700/1700
f 1661/1661/1661 1620/1620/1620 1699/1699/1699
f 1699/1699/1699 1701/1701/1701 1700/1700/1700
f 1699/1699/1699 1620/1620/1620 1701/1701/1701
f 1702/1702/1702 1700/1700/1700 1701/1701/1701
f 1701/1701/1701 1620/1620/1620 1616/1616/1616
f 1702/1702/1702 1701/1701/1701 1703/1703/1703
f 1701/1701/1701 1616/1616/1616 1703/1703/1703
f 1703/1703/1703 1616/1616/1616 1704/1704/1704
f 1704/1704/1704 1705/1705/1705 1703/1703/1703
f 1616/1616/1616 1706/1706/1706 1704/1704/1704
f 1704/1704/1704 1706/1706/1706 1707/1707/1707
f 1616/1616/1616 1708/1708/1708 1706/1706/1706
f 1708/1708/1708 1707/1707/1707 1706/1706/1706
f 1711/1711/1711 1710/1710/1710 1709/1709/1709
f 1711/1711/1711 1709/1709/1709 1712/1712/1712
f 1713/1713/1713 1712/1712/1712 1709/1709/1709
f 1713/1713/1713 1714/1714/1714 1712/1712/1712
f 1714/1714/1714 1715/1715/1715 1712/1712/1712
f 1712/1712/1712 1716/1716/1716 1711/1711/1711
f 1712/1712/1712 1715/1715/1715 1716/1716/1716
f 1711/1711/1711 1716/1716/1716 1717/1717/1717
f 1714/1714/1714 1718/1718/1718 1715/1715/1715
f 1715/1715/1715 1718/1718/1718 1719/1719/1719
f 1720/1720/1720 1718/1718/1718 1714/1714/1714
f 1721/1721/1721 1718/1718/1718 1720/1720/1720
f 1719/1719/1719 1718/1718/1718 1721/1721/1721
f 1722/1722/1722 1721/1721/1721 1720/1720/1720
f 1722/1722/1722 1723/1723/1723 1721/1721/1721
f 1721/1721/1721 1723/1723/1723 1719/1719/1719
f 1716/1716/1716 1724/1724/1724 1717/1717/1717
f 1725/1725/1725 1724/1724/1724 1716/1716/1716
f 1717/1717/1717 1724/1724/1724 1726/1726/1726
f 1724/1724/1724 1727/1727/1727 1726/1726/1726
f 1727/1727/1727 1728/1728/1728 1726/1726/1726
f 1715/1715/1715 1729/1729/1729 1716/1716/1716
f 1729/1729/1729 1725/1725/1725 1716/1716/1716
f 1715/1715/1715 1730/1730/1730 1729/1729/1729
f 1729/1729/1729 1730/1730/1730 1725/1725/1725
f 1731/1731/1731 1723/1723/1723 1722/1722/1722
f 1732/1732/1732 1731/1731/1731 1722/1722/1722
f 1733/1733/1733 1731/1731/1731 1732/1732/1732
f 1731/1731/1731 1734/1734/1734 1723/1723/1723
f 1733/1733/1733 1734/1734/1734 1731/1731/1731
f 1724/1724/1724 1725/1725/1725 1735/1735/1735
f 1727/1727/1727 1724/1724/1724 1735/1735/1735
f 1715/1715/1715 1736/1736/1736 1730/1730/1730
f 1715/1715/1715 1719/1719/1719 1736/1736/1736
f 1723/1723/1723 1734/1734/1734 1737/1737/1737
f 1723/1723/1723 1737/1737/1737 1719/1719/1719
f 1719/1719/1719 1737/1737/1737 1738/1738/1738
f 1737/1737/1737 1739/1739/1739 1738/1738/1738
f 1739/1739/1739 1737/1737/1737 1734/1734/1734
f 1740/1740/1740 1739/1739/1739 1734/1734/1734
f 1733/1733/1733 1740/1740/1740 1734/1734/1734
f 1741/1741/1741 1740/1740/1740 1733/1733/1733
f 1741/1741/1741 1739/1739/1739 1740/1740/1740
f 1742/1742/1742 1741/1741/1741 1733/1733/1733
f 1742/1742/1742 1739/1739/1739 1741/1741/1741
f 1742/1742/1742 1743/1743/1743 1739/1739/1739
f 1744/1744/1744 1743/1743/1743 1742/1742/1742
f 1744/1744/1744 1745/1745/1745 1743/1743/1743
f 1743/1743/1743 1745/1745/1745 1746/1746/1746
f 1719/1719/1719 1747/1747/1747 1736/1736/1736
f 1719/1719/1719 1738/1738/1738 1747/1747/1747
f 1747/1747/1747 1748/1748/1748 1736/1736/1736
f 1746/1746/1746 1749/1749/1749 1743/1743/1743
f 1746/1746/1746 1750/1750/1750 1749/1749/1749
f 1747/1747/1747 1738/1738/1738 1751/1751/1751
f 1751/1751/1751 1748/1748/1748 1747/1747/1747
f 1752/1752/1752 1736/1736/1736 1748/1748/1748
f 1730/1730/1730 1736/1736/1736 1752/1752/1752
f 1753/1753/1753 1749/1749/1749 1750/1750/1750
f 1750/1750/1750 1754/1754/1754 1753/1753/1753
f 1755/1755/1755 1753/1753/1753 1754/1754/1754
f 1756/1756/1756 1753/1753/1753 1755/1755/1755
f 1755/1755/1755 1757/1757/1757 1756/1756/1756
f 1743/1743/1743 1749/1749/1749 1758/1758/1758
f 1743/1743/1743 1758/1758/1758 1759/1759/1759
f 1739/1739/1739 1743/1743/1743 1759/1759/1759
f 1749/1749/1749 1753/1753/1753 1760/1760/1760
f 1758/1758/1758 1749/1749/1749 1761/1761/1761
f 1761/1761/1761 1749/1749/1749 1760/1760/1760
f 1758/1758/1758 1762/1762/1762 1759/1759/1759
f 1758/1758/1758 1761/1761/1761 1762/1762/1762
f 1759/1759/1759 1763/1763/1763 1739/1739/1739
f 1762/1762/1762 1763/1763/1763 1759/1759/1759
f 1756/1756/1756 1764/1764/1764 1753/1753/1753
f 1753/1753/1753 1764/1764/1764 1760/1760/1760
f 1761/1761/1761 1760/1760/1760 1765/1765/1765
f 1761/1761/1761 1765/1765/1765 1762/1762/1762
f 1766/1766/1766 1739/1739/1739 1763/1763/1763
f 1766/1766/1766 1738/1738/1738 1739/1739/1739
f 1760/1760/1760 1764/1764/1764 1767/1767/1767
f 1760/1760/1760 1767/1767/1767 1765/1765/1765
f 1764/1764/1764 1756/1756/1756 1768/1768/1768
f 1764/1764/1764 1769/1769/1769 1767/1767/1767
f 1764/1764/1764 1768/1768/1768 1769/1769/1769
f 1768/1768/1768 1756/1756/1756 1770/1770/1770
f 1770/1770/1770 1756/1756/1756 1757/1757/1757
f 1771/1771/1771 1763/1763/1763 1762/1762/1762
f 1763/1763/1763 1772/1772/1772 1766/1766/1766
f 1772/1772/1772 1763/1763/1763 1771/1771/1771
f 1766/1766/1766 1773/1773/1773 1738/1738/1738
f 1773/1773/1773 1766/1766/1766 1772/1772/1772
f 1772/1772/1772 1771/1771/1771 1774/1774/1774
f 1775/1775/1775 1772/1772/1772 1774/1774/1774
f 1775/1775/1775 1773/1773/1773 1772/1772/1772
f 1776/1776/1776 1773/1773/1773 1775/1775/1775
f 1773/1773/1773 1776/1776/1776 1777/1777/1777
f 1762/1762/1762 1778/1778/1778 1771/1771/1771
f 1762/1762/1762 1765/1765/1765 1778/1778/1778
f 1778/1778/1778 1779/1779/1779 1771/1771/1771
f 1778/1778/1778 1765/1765/1765 1779/1779/1779
f 1771/1771/1771 1779/1779/1779 1780/1780/1780
f 1779/1779/1779 1765/1765/1765 1780/1780/1780
f 1765/1765/1765 1767/1767/1767 1780/1780/1780
f 1767/1767/1767 1781/1781/1781 1780/1780/1780
f 1767/1767/1767 1782/1782/1782 1781/1781/1781
f 1782/1782/1782 1767/1767/1767 1769/1769/1769
f 1782/1782/1782 1769/1769/1769 1783/1783/1783
f 1784/1784/1784 1773/1773/1773 1777/1777/1777
f 1784/1784/1784 1738/1738/1738 1773/1773/1773
f 1769/1769/1769 1785/1785/1785 1783/1783/1783
f 1769/1769/1769 1768/1768/1768 1785/1785/1785
f 1786/1786/1786 1784/1784/1784 1777/1777/1777
f 1787/1787/1787 1786/1786/1786 1777/1777/1777
f 1738/1738/1738 1784/1784/1784 1788/1788/1788
f 1786/1786/1786 1788/1788/1788 1784/1784/1784
f 1751/1751/1751 1738/1738/1738 1788/1788/1788
f 1786/1786/1786 1751/1751/1751 1788/1788/1788
f 1751/1751/1751 1786/1786/1786 1748/1748/1748
f 1787/1787/1787 1789/1789/1789 1786/1786/1786
f 1789/1789/1789 1748/1748/1748 1786/1786/1786
f 1789/1789/1789 1787/1787/1787 1790/1790/1790
f 1789/1789/1789 1790/1790/1790 1791/1791/1791
f 1791/1791/1791 1792/1792/1792 1789/1789/1789
f 1783/1783/1783 1785/1785/1785 1793/1793/1793
f 1793/1793/1793 1794/1794/1794 1783/1783/1783
f 1793/1793/1793 1795/1795/1795 1794/1794/1794
f 1796/1796/1796 1748/1748/1748 1789/1789/1789
f 1792/1792/1792 1796/1796/1796 1789/1789/1789
f 1797/1797/1797 1748/1748/1748 1796/1796/1796
f 1792/1792/1792 1797/1797/1797 1796/1796/1796
f 1797/1797/1797 1752/1752/1752 1748/1748/1748
f 1792/1792/1792 1752/1752/1752 1797/1797/1797
f 1798/1798/1798 1752/1752/1752 1792/1792/1792
f 1752/1752/1752 1798/1798/1798 1730/1730/1730
f 1799/1799/1799 1798/1798/1798 1792/1792/1792
f 1800/1800/1800 1730/1730/1730 1798/1798/1798
f 1725/1725/1725 1730/1730/1730 1800/1800/1800
f 1799/1799/1799 1801/1801/1801 1798/1798/1798
f 1800/1800/1800 1798/1798/1798 1801/1801/1801
f 1725/1725/1725 1800/1800/1800 1802/1802/1802
f 1801/1801/1801 1802/1802/1802 1800/1800/1800
f 1803/1803/1803 1801/1801/1801 1799/1799/1799
f 1799/1799/1799 1804/1804/1804 1803/1803/1803
f 1725/1725/1725 1802/1802/1802 1805/1805/1805
f 1735/1735/1735 1725/1725/1725 1805/1805/1805
f 1802/1802/1802 1801/1801/1801 1806/1806/1806
f 1806/1806/1806 1801/1801/1801 1803/1803/1803
f 1806/1806/1806 1805/1805/1805 1802/1802/1802
f 1807/1807/1807 1803/1803/1803 1804/1804/1804
f 1808/1808/1808 1807/1807/1807 1804/1804/1804
f 1807/1807/1807 1808/1808/1808 1809/1809/1809
f 1806/1806/1806 1803/1803/1803 1810/1810/1810
f 1810/1810/1810 1803/1803/1803 1807/1807/1807
f 1809/1809/1809 1811/1811/1811 1807/1807/1807
f 1811/1811/1811 1810/1810/1810 1807/1807/1807
f 1809/1809/1809 1812/1812/1812 1811/1811/1811
f 1811/1811/1811 1812/1812/1812 1813/1813/1813
f 1814/1814/1814 1811/1811/1811 1813/1813/1813
f 1814/1814/1814 1810/1810/1810 1811/1811/1811
f 1814/1814/1814 1813/1813/1813 1815/1815/1815
f 1816/1816/1816 1806/1806/1806 1810/1810/1810
f 1816/1816/1816 1805/1805/1805 1806/1806/1806
f 1810/1810/1810 1814/1814/1814 1816/1816/1816
f 1815/1815/1815 1817/1817/1817 1814/1814/1814
f 1814/1814/1814 1817/1817/1817 1816/1816/1816
f 1805/1805/1805 1816/1816/1816 1818/1818/1818
f 1818/1818/1818 1816/1816/1816 1817/1817/1817
f 1735/1735/1735 1805/1805/1805 1818/1818/1818
f 1819/1819/1819 1817/1817/1817 1815/1815/1815
f 1820/1820/1820 1819/1819/1819 1815/1815/1815
f 1821/1821/1821 1818/1818/1818 1817/1817/1817
f 1821/1821/1821 1817/1817/1817 1819/1819/1819
f 1735/1735/1735 1818/1818/1818 1822/1822/1822
f 1822/1822/1822 1818/1818/1818 1821/1821/1821
f 1727/1727/1727 1735/1735/1735 1822/1822/1822
f 1823/1823/1823 1819/1819/1819 1820/1820/1820
f 1820/1820/1820 1824/1824/1824 1823/1823/1823
f 1821/1821/1821 1819/1819/1819 1825/1825/1825
f 1825/1825/1825 1819/1819/1819 1823/1823/1823
f 1826/1826/1826 1822/1822/1822 1821/1821/1821
f 1826/1826/1826 1821/1821/1821 1825/1825/1825
f 1727/1727/1727 1822/1822/1822 1827/1827/1827
f 1826/1826/1826 1827/1827/1827 1822/1822/1822
f 1827/1827/1827 1728/1728/1728 1727/1727/1727
f 1828/1828/1828 1823/1823/1823 1824/1824/1824
f 1829/1829/1829 1825/1825/1825 1823/1823/1823
f 1823/1823/1823 1828/1828/1828 1829/1829/1829
f 1826/1826/1826 1825/1825/1825 1830/1830/1830
f 1830/1830/1830 1825/1825/1825 1829/1829/1829
f 1826/1826/1826 1831/1831/1831 1827/1827/1827
f 1831/1831/1831 1826/1826/1826 1830/1830/1830
f 1728/1728/1728 1827/1827/1827 1832/1832/1832
f 1832/1832/1832 1827/1827/1827 1831/1831/1831
f 1833/1833/1833 1828/1828/1828 1824/1824/1824
f 1833/1833/1833 1824/1824/1824 1834/1834/1834
f 1833/1833/1833 1834/1834/1834 1835/1835/1835
f 1836/1836/1836 1833/1833/1833 1835/1835/1835
f 1837/1837/1837 1836/1836/1836 1835/1835/1835
f 1836/1836/1836 1838/1838/1838 1833/1833/1833
f 1838/1838/1838 1828/1828/1828 1833/1833/1833
f 1839/1839/1839 1836/1836/1836 1837/1837/1837
f 1838/1838/1838 1836/1836/1836 1839/1839/1839
f 1840/1840/1840 1839/1839/1839 1837/1837/1837
f 1840/1840/1840 1841/1841/1841 1839/1839/1839
f 1842/1842/1842 1841/1841/1841 1840/1840/1840
f 1843/1843/1843 1841/1841/1841 1842/1842/1842
f 1842/1842/1842 1844/1844/1844 1843/1843/1843
f 1845/1845/1845 1843/1843/1843 1844/1844/1844
f 1844/1844/1844 1846/1846/1846 1845/1845/1845
f 1839/1839/1839 1847/1847/1847 1838/1838/1838
f 1841/1841/1841 1847/1847/1847 1839/1839/1839
f 1848/1848/1848 1847/1847/1847 1841/1841/1841
f 1841/1841/1841 1849/1849/1849 1848/1848/1848
f 1841/1841/1841 1843/1843/1843 1849/1849/1849
f 1849/1849/1849 1850/1850/1850 1848/1848/1848
f 1849/1849/1849 1843/1843/1843 1850/1850/1850
f 1850/1850/1850 1851/1851/1851 1848/1848/1848
f 1843/1843/1843 1851/1851/1851 1850/1850/1850
f 1848/1848/1848 1851/1851/1851 1852/1852/1852
f 1851/1851/1851 1843/1843/1843 1852/1852/1852
f 1845/1845/1845 1853/1853/1853 1843/1843/1843
f 1843/1843/1843 1854/1854/1854 1852/1852/1852
f 1853/1853/1853 1854/1854/1854 1843/1843/1843
f 1845/1845/1845 1855/1855/1855 1853/1853/1853
f 1845/1845/1845 1856/1856/1856 1855/1855/1855
f 1853/1853/1853 1857/1857/1857 1854/1854/1854
f 1853/1853/1853 1855/1855/1855 1857/1857/1857
f 1854/1854/1854 1857/1857/1857 1858/1858/1858
f 1857/1857/1857 1855/1855/1855 1859/1859/1859
f 1859/1859/1859 1855/1855/1855 1860/1860/1860
f 1861/1861/1861 1852/1852/1852 1854/1854/1854
f 1861/1861/1861 1862/1862/1862 1852/1852/1852
f 1861/1861/1861 1863/1863/1863 1862/1862/1862
f 1864/1864/1864 1863/1863/1863 1861/1861/1861
f 1865/1865/1865 1848/1848/1848 1852/1852/1852
f 1866/1866/1866 1848/1848/1848 1865/1865/1865
f 1866/1866/1866 1865/1865/1865 1867/1867/1867
f 1865/1865/1865 1868/1868/1868 1867/1867/1867
f 1848/1848/1848 1866/1866/1866 1869/1869/1869
f 1848/1848/1848 1869/1869/1869 1847/1847/1847
f 1866/1866/1866 1867/1867/1867 1870/1870/1870
f 1866/1866/1866 1870/1870/1870 1869/1869/1869
f 1847/1847/1847 1869/1869/1869 1871/1871/1871
f 1871/1871/1871 1838/1838/1838 1847/1847/1847
f 1869/1869/1869 1870/1870/1870 1872/1872/1872
f 1869/1869/1869 1872/1872/1872 1871/1871/1871
f 1867/1867/1867 1873/1873/1873 1870/1870/1870
f 1873/1873/1873 1872/1872/1872 1870/1870/1870
f 1874/1874/1874 1867/1867/1867 1868/1868/1868
f 1874/1874/1874 1873/1873/1873 1867/1867/1867
f 1875/1875/1875 1838/1838/1838 1871/1871/1871
f 1838/1838/1838 1875/1875/1875 1828/1828/1828
f 1876/1876/1876 1875/1875/1875 1871/1871/1871
f 1876/1876/1876 1871/1871/1871 1872/1872/1872
f 1877/1877/1877 1876/1876/1876 1872/1872/1872
f 1878/1878/1878 1828/1828/1828 1875/1875/1875
f 1878/1878/1878 1875/1875/1875 1879/1879/1879
f 1829/1829/1829 1828/1828/1828 1878/1878/1878
f 1829/1829/1829 1878/1878/1878 1879/1879/1879
f 1872/1872/1872 1880/1880/1880 1877/1877/1877
f 1872/1872/1872 1873/1873/1873 1880/1880/1880
f 1880/1880/1880 1881/1881/1881 1877/1877/1877
f 1882/1882/1882 1881/1881/1881 1880/1880/1880
f 1873/1873/1873 1883/1883/1883 1880/1880/1880
f 1883/1883/1883 1882/1882/1882 1880/1880/1880
f 1874/1874/1874 1883/1883/1883 1873/1873/1873
f 1882/1882/1882 1883/1883/1883 1884/1884/1884
f 1884/1884/1884 1885/1885/1885 1882/1882/1882
f 1874/1874/1874 1886/1886/1886 1883/1883/1883
f 1884/1884/1884 1883/1883/1883 1886/1886/1886
f 1887/1887/1887 1885/1885/1885 1884/1884/1884
f 1885/1885/1885 1887/1887/1887 1888/1888/1888
f 1889/1889/1889 1888/1888/1888 1887/1887/1887
f 1888/1888/1888 1889/1889/1889 1890/1890/1890
f 1891/1891/1891 1887/1887/1887 1884/1884/1884
f 1886/1886/1886 1891/1891/1891 1884/1884/1884
f 1892/1892/1892 1886/1886/1886 1874/1874/1874
f 1874/1874/1874 1868/1868/1868 1892/1892/1892
f 1892/1892/1892 1868/1868/1868 1893/1893/1893
f 1890/1890/1890 1889/1889/1889 1894/1894/1894
f 1895/1895/1895 1890/1890/1890 1894/1894/1894
f 1891/1891/1891 1896/1896/1896 1887/1887/1887
f 1887/1887/1887 1896/1896/1896 1889/1889/1889
f 1891/1891/1891 1886/1886/1886 1897/1897/1897
f 1892/1892/1892 1897/1897/1897 1886/1886/1886
f 1898/1898/1898 1891/1891/1891 1897/1897/1897
f 1897/1897/1897 1892/1892/1892 1898/1898/1898
f 1898/1898/1898 1896/1896/1896 1891/1891/1891
f 1895/1895/1895 1894/1894/1894 1899/1899/1899
f 1900/1900/1900 1895/1895/1895 1899/1899/1899
f 1899/1899/1899 1901/1901/1901 1900/1900/1900
f 1900/1900/1900 1901/1901/1901 1902/1902/1902
f 1903/1903/1903 1898/1898/1898 1892/1892/1892
f 1904/1904/1904 1903/1903/1903 1892/1892/1892
f 1903/1903/1903 1904/1904/1904 1905/1905/1905
f 1905/1905/1905 1898/1898/1898 1903/1903/1903
f 1906/1906/1906 1898/1898/1898 1905/1905/1905
f 1896/1896/1896 1898/1898/1898 1906/1906/1906
f 1907/1907/1907 1906/1906/1906 1905/1905/1905
f 1905/1905/1905 1908/1908/1908 1907/1907/1907
f 1907/1907/1907 1908/1908/1908 1909/1909/1909
f 1907/1907/1907 1909/1909/1909 1910/1910/1910
f 1911/1911/1911 1906/1906/1906 1907/1907/1907
f 1907/1907/1907 1910/1910/1910 1911/1911/1911
f 1911/1911/1911 1896/1896/1896 1906/1906/1906
f 1912/1912/1912 1911/1911/1911 1910/1910/1910
f 1911/1911/1911 1913/1913/1913 1896/1896/1896
f 1912/1912/1912 1913/1913/1913 1911/1911/1911
f 1913/1913/1913 1889/1889/1889 1896/1896/1896
f 1914/1914/1914 1913/1913/1913 1912/1912/1912
f 1889/1889/1889 1913/1913/1913 1914/1914/1914
f 1914/1914/1914 1912/1912/1912 1915/1915/1915
f 1915/1915/1915 1916/1916/1916 1914/1914/1914
f 1889/1889/1889 1914/1914/1914 1917/1917/1917
f 1917/1917/1917 1914/1914/1914 1916/1916/1916
f 1889/1889/1889 1917/1917/1917 1894/1894/1894
f 1918/1918/1918 1917/1917/1917 1916/1916/1916
f 1919/1919/1919 1894/1894/1894 1917/1917/1917
f 1918/1918/1918 1919/1919/1919 1917/1917/1917
f 1894/1894/1894 1919/1919/1919 1920/1920/1920
f 1919/1919/1919 1918/1918/1918 1920/1920/1920
f 1899/1899/1899 1894/1894/1894 1920/1920/1920
f 1918/1918/1918 1921/1921/1921 1920/1920/1920
f 1901/1901/1901 1899/1899/1899 1920/1920/1920
f 1922/1922/1922 1920/1920/1920 1921/1921/1921
f 1901/1901/1901 1920/1920/1920 1922/1922/1922
f 1922/1922/1922 1921/1921/1921 1923/1923/1923
f 1922/1922/1922 1923/1923/1923 1924/1924/1924
f 1925/1925/1925 1924/1924/1924 1923/1923/1923
f 1922/1922/1922 1926/1926/1926 1901/1901/1901
f 1926/1926/1926 1922/1922/1922 1924/1924/1924
f 1927/1927/1927 1901/1901/1901 1926/1926/1926
f 1927/1927/1927 1926/1926/1926 1924/1924/1924
f 1901/1901/1901 1927/1927/1927 1902/1902/1902
f 1927/1927/1927 1928/1928/1928 1902/1902/1902
f 1928/1928/1928 1927/1927/1927 1929/1929/1929
f 1929/1929/1929 1927/1927/1927 1930/1930/1930
f 1930/1930/1930 1927/1927/1927 1924/1924/1924
f 1931/1931/1931 1924/1924/1924 1925/1925/1925
f 1931/1931/1931 1930/1930/1930 1924/1924/1924
f 1932/1932/1932 1931/1931/1931 1925/1925/1925
f 1930/1930/1930 1931/1931/1931 1933/1933/1933
f 1931/1931/1931 1932/1932/1932 1934/1934/1934
f 1933/1933/1933 1931/1931/1931 1934/1934/1934
f 1937/1937/1937 1936/1936/1936 1935/1935/1935
f 1938/1938/1938 1936/1936/1936 1937/1937/1937
f 1939/1939/1939 1938/1938/1938 1937/1937/1937
f 1940/1940/1940 1938/1938/1938 1939/1939/1939
f 1941/1941/1941 1940/1940/1940 1939/1939/1939
f 1942/1942/1942 1940/1940/1940 1941/1941/1941
f 1943/1943/1943 1942/1942/1942 1941/1941/1941
f 1943/1943/1943 1944/1944/1944 1942/1942/1942
f 1944/1944/1944 1943/1943/1943 1945/1945/1945
f 1944/1944/1944 1945/1945/1945 1946/1946/1946
f 1947/1947/1947 1944/1944/1944 1946/1946/1946
f 1948/1948/1948 1944/1944/1944 1947/1947/1947
f 1944/1944/1944 1948/1948/1948 1942/1942/1942
f 1940/1940/1940 1942/1942/1942 1948/1948/1948
f 1949/1949/1949 1938/1938/1938 1940/1940/1940
f 1948/1948/1948 1949/1949/1949 1940/1940/1940
f 1936/1936/1936 1938/1938/1938 1950/1950/1950
f 1949/1949/1949 1950/1950/1950 1938/1938/1938
f 1951/1951/1951 1936/1936/1936 1950/1950/1950
f 1951/1951/1951 1952/1952/1952 1936/1936/1936
f 1951/1951/1951 1953/1953/1953 1952/1952/1952
f 1954/1954/1954 1953/1953/1953 1951/1951/1951
f 1953/1953/1953 1954/1954/1954 1955/1955/1955
f 1950/1950/1950 1956/1956/1956 1951/1951/1951
f 1957/1957/1957 1956/1956/1956 1950/1950/1950
f 1950/1950/1950 1949/1949/1949 1957/1957/1957
f 1958/1958/1958 1957/1957/1957 1949/1949/1949
f 1958/1958/1958 1949/1949/1949 1948/1948/1948
f 1948/1948/1948 1959/1959/1959 1958/1958/1958
f 1959/1959/1959 1948/1948/1948 1960/1960/1960
f 1963/1963/1963 1962/1962/1962 1961/1961/1961
f 1964/1964/1964 1961/1961/1961 1962/1962/1962
f 1967/1967/1967 1966/1966/1966 1965/1965/1965
f 1968/1968/1968 1967/1967/1967 1965/1965/1965
f 1968/1968/1968 1965/1965/1965 1969/1969/1969
f 1965/1965/1965 1970/1970/1970 1969/1969/1969
f 1971/1971/1971 1969/1969/1969 1970/1970/1970
f 1972/1972/1972 1969/1969/1969 1971/1971/1971
f 1973/1973/1973 1969/1969/1969 1972/1972/1972
f 1971/1971/1971 1974/1974/1974 1972/1972/1972
f 1975/1975/1975 1973/1973/1973 1972/1972/1972
f 1972/1972/1972 1974/1974/1974 1975/1975/1975
f 1976/1976/1976 1975/1975/1975 1974/1974/1974
f 1977/1977/1977 1975/1975/1975 1976/1976/1976
f 1978/1978/1978 1977/1977/1977 1976/1976/1976
f 1981/1981/1981 1980/1980/1980 1979/1979/1979
f 1980/1980/1980 1982/1982/1982 1979/1979/1979
f 1982/1982/1982 1980/1980/1980 1983/1983/1983
f 1982/1982/1982 1983/1983/1983 1984/1984/1984
f 1987/1987/1987 1986/1986/1986 1985/1985/1985
f 1986/1986/1986 1987/1987/1987 1988/1988/1988
f 1988/1988/1988 1987/1987/1987 1989/1989/1989
f 1986/1986/1986 1988/1988/1988 1990/1990/1990
f 1990/1990/1990 1991/1991/1991 1986/1986/1986
f 1992/1992/1992 1991/1991/1991 1990/1990/1990
f 1991/1991/1991 1992/1992/1992 1993/1993/1993
f 1991/1991/1991 1993/1993/1993 1994/1994/1994
f 1995/1995/1995 1992/1992/1992 1990/1990/1990
f 1995/1995/1995 1990/1990/1990 1996/1996/1996
f 1990/1990/1990 1988/1988/1988 1996/1996/1996
f 1997/1997/1997 1995/1995/1995 1996/1996/1996
f 1996/1996/1996 1998/1998/1998 1997/1997/1997
f 1999/1999/1999 1997/1997/1997 1998/1998/1998
f 1999/1999/1999 1998/1998/1998 2000/2000/2000
f 2000/2000/2000 2001/2001/2001 1999/1999/1999
f 2000/2000/2000 2002/2002/2002 2001/2001/2001
f 2003/2003/2003 2001/2001/2001 2002/2002/2002
f 2004/2004/2004 2003/2003/2003 2002/2002/2002
f 2005/2005/2005 2003/2003/2003 2004/2004/2004
f 1996/1996/1996 1988/1988/1988 2006/2006/2006
f 1998/1998/1998 1996/1996/1996 2007/2007/2007
f 2006/2006/2006 2007/2007/2007 1996/1996/1996
f 2008/2008/2008 1998/1998/1998 2007/2007/2007
f 1998/1998/1998 2008/2008/2008 2000/2000/2000
f 2006/2006/2006 2008/2008/2008 2007/2007/2007
f 2002/2002/2002 2000/2000/2000 2009/2009/2009
f 2009/2009/2009 2000/2000/2000 2008/2008/2008
f 2002/2002/2002 2010/2010/2010 2004/2004/2004
f 2002/2002/2002 2009/2009/2009 2010/2010/2010
f 2011/2011/2011 2006/2006/2006 1988/1988/1988
f 1988/1988/1988 1989/1989/1989 2011/2011/2011
f 2011/2011/2011 1989/1989/1989 2012/2012/2012
f 2006/2006/2006 2011/2011/2011 2012/2012/2012
f 2012/2012/2012 1989/1989/1989 2013/2013/2013
f 2013/2013/2013 2006/2006/2006 2012/2012/2012
f 2013/2013/2013 2008/2008/2008 2006/2006/2006
f 2008/2008/2008 2013/2013/2013 2014/2014/2014
f 2009/2009/2009 2008/2008/2008 2014/2014/2014
f 2009/2009/2009 2014/2014/2014 2015/2015/2015
f 2015/2015/2015 2010/2010/2010 2009/2009/2009
f 2010/2010/2010 2015/2015/2015 2016/2016/2016
f 2017/2017/2017 2010/2010/2010 2016/2016/2016
f 2004/2004/2004 2010/2010/2010 2017/2017/2017
f 2017/2017/2017 2016/2016/2016 2018/2018/2018
f 2019/2019/2019 2017/2017/2017 2018/2018/2018
f 2019/2019/2019 2018/2018/2018 2020/2020/2020
f 2019/2019/2019 2020/2020/2020 2021/2021/2021
f 2017/2017/2017 2022/2022/2022 2004/2004/2004
f 2022/2022/2022 2017/2017/2017 2019/2019/2019
f 2005/2005/2005 2004/2004/2004 2022/2022/2022
f 2005/2005/2005 2022/2022/2022 2023/2023/2023
f 2022/2022/2022 2019/2019/2019 2023/2023/2023
f 2024/2024/2024 2005/2005/2005 2023/2023/2023
f 2024/2024/2024 2023/2023/2023 2025/2025/2025
f 2023/2023/2023 2019/2019/2019 2025/2025/2025
f 2025/2025/2025 2019/2019/2019 2026/2026/2026
f 2027/2027/2027 2024/2024/2024 2025/2025/2025
f 2025/2025/2025 2026/2026/2026 2027/2027/2027
f 2024/2024/2024 2027/2027/2027 2028/2028/2028
f 2029/2029/2029 2028/2028/2028 2027/2027/2027
f 2030/2030/2030 2019/2019/2019 2021/2021/2021
f 2026/2026/2026 2019/2019/2019 2030/2030/2030
f 2031/2031/2031 2030/2030/2030 2021/2021/2021
f 2026/2026/2026 2030/2030/2030 2031/2031/2031
f 2031/2031/2031 2021/2021/2021 2032/2032/2032
f 2032/2032/2032 2033/2033/2033 2031/2031/2031
f 2029/2029/2029 2027/2027/2027 2034/2034/2034
f 2034/2034/2034 1242/1242/1242 2029/2029/2029
f 1242/1242/1242 2034/2034/2034 1265/1265/1265
f 2035/2035/2035 2031/2031/2031 2033/2033/2033
f 2031/2031/2031 2035/2035/2035 2026/2026/2026
f 2035/2035/2035 2033/2033/2033 2036/2036/2036
f 2026/2026/2026 2035/2035/2035 2036/2036/2036
f 1263/1263/1263 2036/2036/2036 2033/2033/2033
f 2036/2036/2036 1263/1263/1263 1264/1264/1264
f 2026/2026/2026 2037/2037/2037 2027/2027/2027
f 2037/2037/2037 2034/2034/2034 2027/2027/2027
f 2037/2037/2037 2026/2026/2026 2036/2036/2036
f 2034/2034/2034 2037/2037/2037 2038/2038/2038
f 2037/2037/2037 2036/2036/2036 2038/2038/2038
f 1265/1265/1265 2034/2034/2034 2038/2038/2038
f 2038/2038/2038 2036/2036/2036 1264/1264/1264
f 2039/2039/2039 1265/1265/1265 2038/2038/2038
f 2039/2039/2039 2038/2038/2038 1264/1264/1264
f 2039/2039/2039 1261/1261/1261 1265/1265/1265
f 2039/2039/2039 1264/1264/1264 1261/1261/1261
f 2042/2042/2042 2041/2041/2041 2040/2040/2040
f 2042/2042/2042 2040/2040/2040 2043/2043/2043
f 2043/2043/2043 2044/2044/2044 2042/2042/2042
f 2044/2044/2044 2043/2043/2043 2045/2045/2045
f 2043/2043/2043 2040/2040/2040 2046/2046/2046
f 2043/2043/2043 2047/2047/2047 2045/2045/2045
f 2047/2047/2047 2043/2043/2043 2046/2046/2046
f 2048/2048/2048 2045/2045/2045 2047/2047/2047
f 2049/2049/2049 2045/2045/2045 2048/2048/2048
f 2048/2048/2048 2047/2047/2047 2050/2050/2050
f 2047/2047/2047 2046/2046/2046 2050/2050/2050
f 2049/2049/2049 2048/2048/2048 2051/2051/2051
f 2048/2048/2048 2050/2050/2050 2051/2051/2051
f 2051/2051/2051 2050/2050/2050 2052/2052/2052
f 2053/2053/2053 2049/2049/2049 2051/2051/2051
f 2051/2051/2051 2052/2052/2052 2054/2054/2054
f 2052/2052/2052 2055/2055/2055 2054/2054/2054
f 2052/2052/2052 2056/2056/2056 2055/2055/2055
f 2040/2040/2040 2057/2057/2057 2046/2046/2046
f 2057/2057/2057 2040/2040/2040 2058/2058/2058
f 2046/2046/2046 2059/2059/2059 2050/2050/2050
f 2050/2050/2050 2059/2059/2059 2052/2052/2052
f 2046/2046/2046 2057/2057/2057 2059/2059/2059
f 2060/2060/2060 2056/2056/2056 2052/2052/2052
f 2060/2060/2060 2061/2061/2061 2056/2056/2056
f 2060/2060/2060 2052/2052/2052 2062/2062/2062
f 2062/2062/2062 2061/2061/2061 2060/2060/2060
f 2052/2052/2052 2059/2059/2059 2062/2062/2062
f 2062/2062/2062 2063/2063/2063 2061/2061/2061
f 2064/2064/2064 2063/2063/2063 2062/2062/2062
f 2059/2059/2059 2065/2065/2065 2062/2062/2062
f 2057/2057/2057 2065/2065/2065 2059/2059/2059
f 2062/2062/2062 2065/2065/2065 2064/2064/2064
f 2066/2066/2066 2057/2057/2057 2058/2058/2058
f 2065/2065/2065 2057/2057/2057 2066/2066/2066
f 2058/2058/2058 2067/2067/2067 2066/2066/2066
f 2065/2065/2065 2068/2068/2068 2064/2064/2064
f 2065/2065/2065 2066/2066/2066 2068/2068/2068
f 2069/2069/2069 2064/2064/2064 2068/2068/2068
f 2070/2070/2070 2066/2066/2066 2067/2067/2067
f 2066/2066/2066 2070/2070/2070 2068/2068/2068
f 2070/2070/2070 2067/2067/2067 2071/2071/2071
f 2068/2068/2068 2070/2070/2070 2072/2072/2072
f 2073/2073/2073 2072/2072/2072 2070/2070/2070
f 2076/2076/2076 2075/2075/2075 2074/2074/2074
f 2077/2077/2077 2075/2075/2075 2076/2076/2076
f 2077/2077/2077 2078/2078/2078 2075/2075/2075
f 2077/2077/2077 2076/2076/2076 2079/2079/2079
f 2080/2080/2080 2077/2077/2077 2079/2079/2079
f 2080/2080/2080 2081/2081/2081 2077/2077/2077
f 2084/2084/2084 2083/2083/2083 2082/2082/2082
f 2083/2083/2083 2085/2085/2085 2082/2082/2082
f 2085/2085/2085 2086/2086/2086 2082/2082/2082
f 2089/2089/2089 2088/2088/2088 2087/2087/2087
f 2090/2090/2090 2087/2087/2087 2088/2088/2088
f 2091/2091/2091 2087/2087/2087 2090/2090/2090
f 2092/2092/2092 2087/2087/2087 2091/2091/2091
f 2095/2095/2095 2094/2094/2094 2093/2093/2093
f 2093/2093/2093 2096/2096/2096 2095/2095/2095
f 2096/2096/2096 2097/2097/2097 2095/2095/2095
f 2098/2098/2098 2095/2095/2095 2097/2097/2097
f 2099/2099/2099 2095/2095/2095 2098/2098/2098
f 2102/2102/2102 2101/2101/2101 2100/2100/2100
f 2102/2102/2102 2103/2103/2103 2101/2101/2101
f 2101/2101/2101 2103/2103/2103 2104/2104/2104
f 2103/2103/2103 2102/2102/2102 2105/2105/2105
f 2102/2102/2102 2106/2106/2106 2105/2105/2105
f 2107/2107/2107 2106/2106/2106 2102/2102/2102
f 2102/2102/2102 2108/2108/2108 2107/2107/2107
f 2109/2109/2109 2108/2108/2108 2102/2102/2102
f 2110/2110/2110 2107/2107/2107 2108/2108/2108
f 2111/2111/2111 2108/2108/2108 2109/2109/2109
f 2110/2110/2110 2108/2108/2108 2112/2112/2112
f 2112/2112/2112 2108/2108/2108 2111/2111/2111
f 2113/2113/2113 2110/2110/2110 2112/2112/2112
f 2113/2113/2113 2112/2112/2112 2114/2114/2114
f 2111/2111/2111 2115/2115/2115 2112/2112/2112
f 2114/2114/2114 2112/2112/2112 2115/2115/2115
f 2114/2114/2114 2116/2116/2116 2113/2113/2113
f 2117/2117/2117 2114/2114/2114 2115/2115/2115
f 2114/2114/2114 2118/2118/2118 2116/2116/2116
f 2119/2119/2119 2114/2114/2114 2117/2117/2117
f 2120/2120/2120 2118/2118/2118 2114/2114/2114
f 2119/2119/2119 2120/2120/2120 2114/2114/2114
f 2121/2121/2121 2120/2120/2120 2119/2119/2119
f 2121/2121/2121 2122/2122/2122 2120/2120/2120
f 2123/2123/2123 2122/2122/2122 2121/2121/2121
f 2126/2126/2126 2125/2125/2125 2124/2124/2124
f 2127/2127/2127 2125/2125/2125 2126/2126/2126
f 2128/2128/2128 2127/2127/2127 2126/2126/2126
f 2129/2129/2129 2128/2128/2128 2126/2126/2126
f 2130/2130/2130 2128/2128/2128 2129/2129/2129
f 2131/2131/2131 2130/2130/2130 2129/2129/2129
f 2132/2132/2132 2130/2130/2130 2131/2131/2131
f 2127/2127/2127 2133/2133/2133 2125/2125/2125
f 2134/2134/2134 2125/2125/2125 2133/2133/2133
f 2135/2135/2135 2127/2127/2127 2128/2128/2128
f 2128/2128/2128 2130/2130/2130 2135/2135/2135
f 2136/2136/2136 2130/2130/2130 2132/2132/2132
f 2137/2137/2137 2136/2136/2136 2132/2132/2132
f 2136/2136/2136 2137/2137/2137 2138/2138/2138
f 2127/2127/2127 2139/2139/2139 2133/2133/2133
f 2127/2127/2127 2135/2135/2135 2139/2139/2139
f 2133/2133/2133 2140/2140/2140 2134/2134/2134
f 2139/2139/2139 2140/2140/2140 2133/2133/2133
f 2140/2140/2140 2141/2141/2141 2134/2134/2134
f 2140/2140/2140 2142/2142/2142 2141/2141/2141
f 2142/2142/2142 2143/2143/2143 2141/2141/2141
f 2142/2142/2142 2144/2144/2144 2143/2143/2143
f 2139/2139/2139 2145/2145/2145 2140/2140/2140
f 2145/2145/2145 2142/2142/2142 2140/2140/2140
f 2146/2146/2146 2144/2144/2144 2142/2142/2142
f 2144/2144/2144 2146/2146/2146 2147/2147/2147
f 2145/2145/2145 2139/2139/2139 2148/2148/2148
f 2135/2135/2135 2148/2148/2148 2139/2139/2139
f 2145/2145/2145 2149/2149/2149 2142/2142/2142
f 2146/2146/2146 2142/2142/2142 2149/2149/2149
f 2148/2148/2148 2149/2149/2149 2145/2145/2145
f 2150/2150/2150 2147/2147/2147 2146/2146/2146
f 2150/2150/2150 1196/1196/1196 2147/2147/2147
f 1191/1191/1191 1196/1196/1196 2150/2150/2150
f 2151/2151/2151 1191/1191/1191 2150/2150/2150
f 2152/2152/2152 2150/2150/2150 2146/2146/2146
f 2152/2152/2152 2146/2146/2146 2149/2149/2149
f 2151/2151/2151 2150/2150/2150 2152/2152/2152
f 2149/2149/2149 2148/2148/2148 2153/2153/2153
f 2153/2153/2153 2152/2152/2152 2149/2149/2149
f 2148/2148/2148 2135/2135/2135 2154/2154/2154
f 2153/2153/2153 2148/2148/2148 2154/2154/2154
f 2155/2155/2155 2152/2152/2152 2153/2153/2153
f 2155/2155/2155 2151/2151/2151 2152/2152/2152
f 2135/2135/2135 2156/2156/2156 2154/2154/2154
f 2157/2157/2157 2156/2156/2156 2135/2135/2135
f 2158/2158/2158 2154/2154/2154 2156/2156/2156
f 2159/2159/2159 2153/2153/2153 2154/2154/2154
f 2155/2155/2155 2153/2153/2153 2159/2159/2159
f 2159/2159/2159 2154/2154/2154 2158/2158/2158
f 2159/2159/2159 2160/2160/2160 2155/2155/2155
f 2158/2158/2158 2160/2160/2160 2159/2159/2159
f 2161/2161/2161 2155/2155/2155 2160/2160/2160
f 2161/2161/2161 2151/2151/2151 2155/2155/2155
f 2158/2158/2158 2161/2161/2161 2160/2160/2160
f 2162/2162/2162 2161/2161/2161 2158/2158/2158
f 2162/2162/2162 2158/2158/2158 2163/2163/2163
f 2158/2158/2158 2164/2164/2164 2163/2163/2163
f 2163/2163/2163 2164/2164/2164 2165/2165/2165
f 2165/2165/2165 2164/2164/2164 2166/2166/2166
f 2165/2165/2165 2166/2166/2166 2167/2167/2167
f 2168/2168/2168 2163/2163/2163 2165/2165/2165
f 2165/2165/2165 2167/2167/2167 2169/2169/2169
f 2169/2169/2169 2168/2168/2168 2165/2165/2165
f 2162/2162/2162 2163/2163/2163 2170/2170/2170
f 2170/2170/2170 2163/2163/2163 2168/2168/2168
f 2169/2169/2169 2167/2167/2167 2171/2171/2171
f 2171/2171/2171 2167/2167/2167 2130/2130/2130
f 2130/2130/2130 2136/2136/2136 2171/2171/2171
f 1188/1188/1188 2161/2161/2161 2162/2162/2162
f 1187/1187/1187 1188/1188/1188 2162/2162/2162
f 1187/1187/1187 2162/2162/2162 2170/2170/2170
f 1186/1186/1186 1187/1187/1187 2170/2170/2170
f 1188/1188/1188 2172/2172/2172 2161/2161/2161
f 1184/1184/1184 2172/2172/2172 1188/1188/1188
f 2172/2172/2172 2151/2151/2151 2161/2161/2161
f 1186/1186/1186 2170/2170/2170 2173/2173/2173
f 2170/2170/2170 2168/2168/2168 2173/2173/2173
f 1156/1156/1156 1186/1186/1186 2173/2173/2173
f 2172/2172/2172 1184/1184/1184 2174/2174/2174
f 2172/2172/2172 2174/2174/2174 2151/2151/2151
f 2174/2174/2174 1184/1184/1184 1172/1172/1172
f 2174/2174/2174 2175/2175/2175 2151/2151/2151
f 1172/1172/1172 2175/2175/2175 2174/2174/2174
f 2175/2175/2175 1191/1191/1191 2151/2151/2151
f 2175/2175/2175 1172/1172/1172 1182/1182/1182
f 1182/1182/1182 1191/1191/1191 2175/2175/2175
f 2176/2176/2176 2173/2173/2173 2168/2168/2168
f 2168/2168/2168 2169/2169/2169 2176/2176/2176
f 1156/1156/1156 2173/2173/2173 2177/2177/2177
f 2176/2176/2176 2177/2177/2177 2173/2173/2173
f 2176/2176/2176 2169/2169/2169 2178/2178/2178
f 2171/2171/2171 2178/2178/2178 2169/2169/2169
f 2177/2177/2177 2176/2176/2176 2179/2179/2179
f 2179/2179/2179 2176/2176/2176 2178/2178/2178
f 2180/2180/2180 2178/2178/2178 2171/2171/2171
f 2180/2180/2180 2171/2171/2171 2136/2136/2136
f 2181/2181/2181 2179/2179/2179 2178/2178/2178
f 2178/2178/2178 2180/2180/2180 2181/2181/2181
f 2182/2182/2182 2180/2180/2180 2136/2136/2136
f 2182/2182/2182 2136/2136/2136 2138/2138/2138
f 2182/2182/2182 2138/2138/2138 2183/2183/2183
f 1079/1079/1079 2180/2180/2180 2182/2182/2182
f 1079/1079/1079 2181/2181/2181 2180/2180/2180
f 1075/1075/1075 2181/2181/2181 1079/1079/1079
f 1075/1075/1075 2179/2179/2179 2181/2181/2181
f 1075/1075/1075 1153/1153/1153 2179/2179/2179
f 1153/1153/1153 2177/2177/2177 2179/2179/2179
f 2184/2184/2184 2177/2177/2177 1153/1153/1153
f 1155/1155/1155 2184/2184/2184 1153/1153/1153
f 2177/2177/2177 2184/2184/2184 2185/2185/2185
f 2177/2177/2177 2185/2185/2185 1156/1156/1156
f 2186/2186/2186 2185/2185/2185 2184/2184/2184
f 2187/2187/2187 2186/2186/2186 1155/1155/1155
f 1156/1156/1156 2187/2187/2187 1155/1155/1155
f 1156/1156/1156 2185/2185/2185 2187/2187/2187
f 2187/2187/2187 2185/2185/2185 2186/2186/2186
f 2190/2190/2190 2189/2189/2189 2188/2188/2188
f 2190/2190/2190 2188/2188/2188 2191/2191/2191
f 2188/2188/2188 2192/2192/2192 2191/2191/2191
f 2192/2192/2192 2188/2188/2188 2193/2193/2193
f 2188/2188/2188 2194/2194/2194 2193/2193/2193
f 2193/2193/2193 2195/2195/2195 2192/2192/2192
f 2193/2193/2193 2194/2194/2194 2196/2196/2196
f 2196/2196/2196 2194/2194/2194 2197/2197/2197
f 2195/2195/2195 2193/2193/2193 2198/2198/2198
f 2198/2198/2198 2193/2193/2193 2196/2196/2196
f 2199/2199/2199 2196/2196/2196 2197/2197/2197
f 2199/2199/2199 2197/2197/2197 2200/2200/2200
f 2201/2201/2201 2200/2200/2200 2197/2197/2197
f 2201/2201/2201 2197/2197/2197 2202/2202/2202
f 2196/2196/2196 2203/2203/2203 2198/2198/2198
f 2198/2198/2198 2204/2204/2204 2195/2195/2195
f 2203/2203/2203 2204/2204/2204 2198/2198/2198
f 2203/2203/2203 2205/2205/2205 2204/2204/2204
f 2205/2205/2205 2206/2206/2206 2204/2204/2204
f 2195/2195/2195 2204/2204/2204 2207/2207/2207
f 2204/2204/2204 2208/2208/2208 2207/2207/2207
f 2209/2209/2209 2208/2208/2208 2204/2204/2204
f 2208/2208/2208 2210/2210/2210 2207/2207/2207
f 2211/2211/2211 2208/2208/2208 2209/2209/2209
f 2212/2212/2212 2210/2210/2210 2208/2208/2208
f 2208/2208/2208 2211/2211/2211 2212/2212/2212
f 2212/2212/2212 2213/2213/2213 2210/2210/2210
f 2214/2214/2214 2212/2212/2212 2211/2211/2211
f 2215/2215/2215 2213/2213/2213 2212/2212/2212
f 2215/2215/2215 2212/2212/2212 2214/2214/2214
f 2218/2218/2218 2217/2217/2217 2216/2216/2216
f 2219/2219/2219 2216/2216/2216 2217/2217/2217
f 2219/2219/2219 2217/2217/2217 2220/2220/2220
f 2223/2223/2223 2222/2222/2222 2221/2221/2221
f 2224/2224/2224 2222/2222/2222 2223/2223/2223
f 2224/2224/2224 2225/2225/2225 2222/2222/2222
f 2228/2228/2228 2227/2227/2227 2226/2226/2226
f 2226/2226/2226 2227/2227/2227 2229/2229/2229
f 2230/2230/2230 2226/2226/2226 2229/2229/2229
f 2231/2231/2231 2226/2226/2226 2230/2230/2230
f 2229/2229/2229 2227/2227/2227 2232/2232/2232
f 2227/2227/2227 2233/2233/2233 2232/2232/2232
f 2230/2230/2230 2229/2229/2229 2234/2234/2234
f 2234/2234/2234 2229/2229/2229 2235/2235/2235
f 2229/2229/2229 2232/2232/2232 2235/2235/2235
f 2236/2236/2236 2230/2230/2230 2234/2234/2234
f 2235/2235/2235 2232/2232/2232 2237/2237/2237
f 2232/2232/2232 2233/2233/2233 2238/2238/2238
f 2238/2238/2238 2237/2237/2237 2232/2232/2232
f 2239/2239/2239 2230/2230/2230 2236/2236/2236
f 2239/2239/2239 2236/2236/2236 2240/2240/2240
f 2231/2231/2231 2230/2230/2230 2241/2241/2241
f 2241/2241/2241 2230/2230/2230 2239/2239/2239
f 2239/2239/2239 2240/2240/2240 2242/2242/2242
f 2242/2242/2242 2241/2241/2241 2239/2239/2239
f 2243/2243/2243 2242/2242/2242 2240/2240/2240
f 2244/2244/2244 2242/2242/2242 2243/2243/2243
f 2241/2241/2241 2245/2245/2245 2231/2231/2231
f 2242/2242/2242 2245/2245/2245 2241/2241/2241
f 2244/2244/2244 2245/2245/2245 2242/2242/2242
f 2246/2246/2246 2231/2231/2231 2245/2245/2245
f 2246/2246/2246 2245/2245/2245 2244/2244/2244
f 2238/2238/2238 2233/2233/2233 2247/2247/2247
f 2233/2233/2233 2248/2248/2248 2247/2247/2247
f 2248/2248/2248 2249/2249/2249 2247/2247/2247
f 2247/2247/2247 2250/2250/2250 2238/2238/2238
f 2250/2250/2250 2237/2237/2237 2238/2238/2238
f 2237/2237/2237 2250/2250/2250 2251/2251/2251
f 2247/2247/2247 2252/2252/2252 2250/2250/2250
f 2252/2252/2252 2251/2251/2251 2250/2250/2250
f 2247/2247/2247 2253/2253/2253 2252/2252/2252
f 2254/2254/2254 2252/2252/2252 2253/2253/2253
f 2252/2252/2252 2254/2254/2254 2255/2255/2255
f 2251/2251/2251 2252/2252/2252 2255/2255/2255
f 2251/2251/2251 2255/2255/2255 2256/2256/2256
f 2255/2255/2255 2257/2257/2257 2256/2256/2256
f 2260/2260/2260 2259/2259/2259 2258/2258/2258
f 2258/2258/2258 2261/2261/2261 2260/2260/2260
f 2258/2258/2258 2262/2262/2262 2261/2261/2261
f 2261/2261/2261 2262/2262/2262 2263/2263/2263
f 2264/2264/2264 2261/2261/2261 2263/2263/2263
f 2264/2264/2264 2263/2263/2263 2265/2265/2265
f 2264/2264/2264 2265/2265/2265 2266/2266/2266
f 2265/2265/2265 2267/2267/2267 2266/2266/2266
f 2268/2268/2268 2266/2266/2266 2267/2267/2267
f 2269/2269/2269 2268/2268/2268 2267/2267/2267
f 2270/2270/2270 2269/2269/2269 2267/2267/2267
f 2273/2273/2273 2272/2272/2272 2271/2271/2271
f 2274/2274/2274 2272/2272/2272 2273/2273/2273
f 2274/2274/2274 2275/2275/2275 2272/2272/2272
f 2275/2275/2275 2276/2276/2276 2272/2272/2272
f 2274/2274/2274 2277/2277/2277 2275/2275/2275
f 2280/2280/2280 2279/2279/2279 2278/2278/2278
f 2281/2281/2281 2278/2278/2278 2279/2279/2279
f 2281/2281/2281 2279/2279/2279 2282/2282/2282
f 2281/2281/2281 2282/2282/2282 2283/2283/2283
f 2281/2281/2281 2283/2283/2283 2284/2284/2284
f 2285/2285/2285 2281/2281/2281 2284/2284/2284
f 2284/2284/2284 2286/2286/2286 2285/2285/2285
f 2284/2284/2284 2283/2283/2283 2287/2287/2287
f 2286/2286/2286 2284/2284/2284 2287/2287/2287
f 2287/2287/2287 2288/2288/2288 2286/2286/2286
f 2287/2287/2287 2283/2283/2283 2289/2289/2289
f 2290/2290/2290 2288/2288/2288 2287/2287/2287
f 2287/2287/2287 2289/2289/2289 2290/2290/2290
f 2290/2290/2290 2291/2291/2291 2288/2288/2288
f 2289/2289/2289 2292/2292/2292 2290/2290/2290
f 2293/2293/2293 2291/2291/2291 2290/2290/2290
f 2292/2292/2292 2293/2293/2293 2290/2290/2290
f 2289/2289/2289 2294/2294/2294 2292/2292/2292
f 2295/2295/2295 2294/2294/2294 2289/2289/2289
f 2296/2296/2296 2292/2292/2292 2294/2294/2294
f 2292/2292/2292 2296/2296/2296 2297/2297/2297
f 2292/2292/2292 2297/2297/2297 2293/2293/2293
f 2296/2296/2296 2298/2298/2298 2297/2297/2297
f 2297/2297/2297 2298/2298/2298 2299/2299/2299
f 2297/2297/2297 2299/2299/2299 2300/2300/2300
f 2301/2301/2301 2297/2297/2297 2300/2300/2300
f 2301/2301/2301 2293/2293/2293 2297/2297/2297
f 2293/2293/2293 2302/2302/2302 2291/2291/2291
f 2301/2301/2301 2302/2302/2302 2293/2293/2293
f 2301/2301/2301 2303/2303/2303 2302/2302/2302
f 2304/2304/2304 2302/2302/2302 2303/2303/2303
f 2302/2302/2302 2305/2305/2305 2291/2291/2291
f 2302/2302/2302 2304/2304/2304 2306/2306/2306
f 2306/2306/2306 2305/2305/2305 2302/2302/2302
f 2307/2307/2307 2305/2305/2305 2306/2306/2306
f 2310/2310/2310 2309/2309/2309 2308/2308/2308
f 2311/2311/2311 2308/2308/2308 2309/2309/2309
f 2312/2312/2312 2308/2308/2308 2311/2311/2311
f 2313/2313/2313 2312/2312/2312 2311/2311/2311
f 2313/2313/2313 2314/2314/2314 2312/2312/2312
f 2315/2315/2315 2314/2314/2314 2313/2313/2313
f 2315/2315/2315 2316/2316/2316 2314/2314/2314
f 2317/2317/2317 2316/2316/2316 2315/2315/2315
f 2317/2317/2317 2318/2318/2318 2316/2316/2316
f 2318/2318/2318 2317/2317/2317 2319/2319/2319
f 2322/2322/2322 2321/2321/2321 2320/2320/2320
f 2321/2321/2321 2322/2322/2322 2323/2323/2323
f 2323/2323/2323 2324/2324/2324 2321/2321/2321
f 2324/2324/2324 2325/2325/2325 2321/2321/2321
f 2328/2328/2328 2327/2327/2327 2326/2326/2326
f 2326/2326/2326 2327/2327/2327 2329/2329/2329
f 2329/2329/2329 2327/2327/2327 2330/2330/2330
f 2329/2329/2329 2330/2330/2330 2331/2331/2331
f 2326/2326/2326 2329/2329/2329 2332/2332/2332
f 2332/2332/2332 2329/2329/2329 2331/2331/2331
f 2333/2333/2333 2326/2326/2326 2332/2332/2332
f 2332/2332/2332 2331/2331/2331 2334/2334/2334
f 2335/2335/2335 2333/2333/2333 2332/2332/2332
f 2332/2332/2332 2334/2334/2334 2335/2335/2335
f 2336/2336/2336 2333/2333/2333 2335/2335/2335
f 2335/2335/2335 2334/2334/2334 2337/2337/2337
f 2338/2338/2338 2336/2336/2336 2335/2335/2335
f 2338/2338/2338 2335/2335/2335 2337/2337/2337
f 2336/2336/2336 2338/2338/2338 2339/2339/2339
f 2338/2338/2338 2337/2337/2337 2340/2340/2340
f 2339/2339/2339 2338/2338/2338 2341/2341/2341
f 2338/2338/2338 2340/2340/2340 2341/2341/2341
f 2342/2342/2342 2339/2339/2339 2341/2341/2341
f 2340/2340/2340 2343/2343/2343 2341/2341/2341
f 2341/2341/2341 2344/2344/2344 2342/2342/2342
f 2341/2341/2341 2343/2343/2343 2344/2344/2344
f 2342/2342/2342 2344/2344/2344 2345/2345/2345
f 2344/2344/2344 2343/2343/2343 2346/2346/2346
f 2347/2347/2347 2345/2345/2345 2344/2344/2344
f 2347/2347/2347 2344/2344/2344 2346/2346/2346
f 2348/2348/2348 2345/2345/2345 2347/2347/2347
f 2347/2347/2347 2346/2346/2346 2349/2349/2349
f 2350/2350/2350 2348/2348/2348 2347/2347/2347
f 2350/2350/2350 2347/2347/2347 2349/2349/2349
f 2350/2350/2350 2349/2349/2349 2351/2351/2351
f 2352/2352/2352 2348/2348/2348 2350/2350/2350
f 2353/2353/2353 2350/2350/2350 2351/2351/2351
f 2352/2352/2352 2350/2350/2350 2354/2354/2354
f 2354/2354/2354 2350/2350/2350 2353/2353/2353
f 2354/2354/2354 2355/2355/2355 2352/2352/2352
f 2353/2353/2353 2356/2356/2356 2354/2354/2354
f 2355/2355/2355 2354/2354/2354 2356/2356/2356
f 2353/2353/2353 2357/2357/2357 2356/2356/2356
f 2355/2355/2355 2356/2356/2356 2358/2358/2358
f 2359/2359/2359 2356/2356/2356 2357/2357/2357
f 2358/2358/2358 2356/2356/2356 2359/2359/2359
f 2360/2360/2360 2359/2359/2359 2357/2357/2357
f 2361/2361/2361 2359/2359/2359 2360/2360/2360
f 2362/2362/2362 2358/2358/2358 2359/2359/2359
f 2359/2359/2359 2361/2361/2361 2362/2362/2362
f 2363/2363/2363 2358/2358/2358 2362/2362/2362
f 2362/2362/2362 2361/2361/2361 2364/2364/2364
f 2365/2365/2365 2363/2363/2363 2362/2362/2362
f 2366/2366/2366 2362/2362/2362 2364/2364/2364
f 2366/2366/2366 2365/2365/2365 2362/2362/2362
f 2364/2364/2364 2367/2367/2367 2366/2366/2366
f 2368/2368/2368 2365/2365/2365 2366/2366/2366
f 2369/2369/2369 2366/2366/2366 2367/2367/2367
f 2368/2368/2368 2366/2366/2366 2369/2369/2369
f 2367/2367/2367 2370/2370/2370 2369/2369/2369
f 2368/2368/2368 2369/2369/2369 2370/2370/2370
f 2370/2370/2370 2367/2367/2367 2371/2371/2371
f 2372/2372/2372 2368/2368/2368 2370/2370/2370
f 2373/2373/2373 2370/2370/2370 2371/2371/2371
f 2371/2371/2371 2374/2374/2374 2373/2373/2373
f 2372/2372/2372 2370/2370/2370 2375/2375/2375
f 2373/2373/2373 2375/2375/2375 2370/2370/2370
f 2376/2376/2376 2372/2372/2372 2375/2375/2375
f 2375/2375/2375 2373/2373/2373 2376/2376/2376
f 2377/2377/2377 2372/2372/2372 2376/2376/2376
f 2377/2377/2377 2376/2376/2376 2373/2373/2373
f 2378/2378/2378 2373/2373/2373 2374/2374/2374
f 2373/2373/2373 2378/2378/2378 2377/2377/2377
f 2379/2379/2379 2378/2378/2378 2374/2374/2374
f 2379/2379/2379 2374/2374/2374 2380/2380/2380
f 2381/2381/2381 2379/2379/2379 2380/2380/2380
f 2380/2380/2380 2382/2382/2382 2381/2381/2381
f 2378/2378/2378 2379/2379/2379 2383/2383/2383
f 2383/2383/2383 2379/2379/2379 2381/2381/2381
f 2378/2378/2378 2384/2384/2384 2377/2377/2377
f 2384/2384/2384 2378/2378/2378 2383/2383/2383
f 2385/2385/2385 2381/2381/2381 2382/2382/2382
f 2386/2386/2386 2385/2385/2385 2382/2382/2382
f 2377/2377/2377 2384/2384/2384 2387/2387/2387
f 2387/2387/2387 2388/2388/2388 2377/2377/2377
f 2387/2387/2387 2389/2389/2389 2388/2388/2388
f 2390/2390/2390 2387/2387/2387 2384/2384/2384
f 2390/2390/2390 2384/2384/2384 2391/2391/2391
f 2383/2383/2383 2391/2391/2391 2384/2384/2384
f 2391/2391/2391 2392/2392/2392 2390/2390/2390
f 2390/2390/2390 2392/2392/2392 2393/2393/2393
f 2391/2391/2391 2394/2394/2394 2392/2392/2392
f 2395/2395/2395 2394/2394/2394 2391/2391/2391
f 2391/2391/2391 2383/2383/2383 2395/2395/2395
f 2395/2395/2395 2396/2396/2396 2394/2394/2394
f 2397/2397/2397 2395/2395/2395 2383/2383/2383
f 2397/2397/2397 2383/2383/2383 2381/2381/2381
f 2395/2395/2395 2398/2398/2398 2396/2396/2396
f 2397/2397/2397 2398/2398/2398 2395/2395/2395
f 2399/2399/2399 2396/2396/2396 2398/2398/2398
f 2397/2397/2397 2381/2381/2381 2400/2400/2400
f 2400/2400/2400 2398/2398/2398 2397/2397/2397
f 2401/2401/2401 2399/2399/2399 2398/2398/2398
f 2400/2400/2400 2401/2401/2401 2398/2398/2398
f 2402/2402/2402 2399/2399/2399 2401/2401/2401
f 2401/2401/2401 2403/2403/2403 2402/2402/2402
f 2404/2404/2404 2403/2403/2403 2401/2401/2401
f 2404/2404/2404 2401/2401/2401 2400/2400/2400
f 2405/2405/2405 2403/2403/2403 2404/2404/2404
f 2406/2406/2406 2405/2405/2405 2404/2404/2404
f 2407/2407/2407 2400/2400/2400 2381/2381/2381
f 2404/2404/2404 2400/2400/2400 2407/2407/2407
f 2381/2381/2381 2385/2385/2385 2407/2407/2407
f 2407/2407/2407 2385/2385/2385 2386/2386/2386
f 2404/2404/2404 2407/2407/2407 2408/2408/2408
f 2408/2408/2408 2406/2406/2406 2404/2404/2404
f 2408/2408/2408 2407/2407/2407 2386/2386/2386
f 2408/2408/2408 2409/2409/2409 2406/2406/2406
f 2409/2409/2409 2410/2410/2410 2406/2406/2406
f 2411/2411/2411 2408/2408/2408 2386/2386/2386
f 2409/2409/2409 2408/2408/2408 2411/2411/2411
f 2409/2409/2409 2411/2411/2411 2410/2410/2410
f 2411/2411/2411 2386/2386/2386 2412/2412/2412
f 2413/2413/2413 2411/2411/2411 2412/2412/2412
f 2410/2410/2410 2411/2411/2411 2413/2413/2413
f 2414/2414/2414 2410/2410/2410 2413/2413/2413
f 2415/2415/2415 2410/2410/2410 2414/2414/2414
f 2415/2415/2415 2414/2414/2414 2416/2416/2416
f 2417/2417/2417 2410/2410/2410 2415/2415/2415
f 2416/2416/2416 2418/2418/2418 2415/2415/2415
f 2416/2416/2416 2419/2419/2419 2418/2418/2418
f 2417/2417/2417 2415/2415/2415 2420/2420/2420
f 2418/2418/2418 2420/2420/2420 2415/2415/2415
f 2421/2421/2421 2418/2418/2418 2419/2419/2419
f 2421/2421/2421 2419/2419/2419 2422/2422/2422
f 2423/2423/2423 2417/2417/2417 2420/2420/2420
f 2423/2423/2423 2424/2424/2424 2417/2417/2417
f 2425/2425/2425 2420/2420/2420 2418/2418/2418
f 2425/2425/2425 2418/2418/2418 2421/2421/2421
f 2426/2426/2426 2421/2421/2421 2422/2422/2422
f 2422/2422/2422 2427/2427/2427 2426/2426/2426
f 2424/2424/2424 2423/2423/2423 2428/2428/2428
f 2428/2428/2428 2429/2429/2429 2424/2424/2424
f 2430/2430/2430 2428/2428/2428 2423/2423/2423
f 2423/2423/2423 2420/2420/2420 2431/2431/2431
f 2431/2431/2431 2430/2430/2430 2423/2423/2423
f 2431/2431/2431 2420/2420/2420 2425/2425/2425
f 2425/2425/2425 2421/2421/2421 2432/2432/2432
f 2432/2432/2432 2421/2421/2421 2426/2426/2426
f 2427/2427/2427 2433/2433/2433 2426/2426/2426
f 2433/2433/2433 2427/2427/2427 2434/2434/2434
f 2431/2431/2431 2435/2435/2435 2430/2430/2430
f 2430/2430/2430 2435/2435/2435 2436/2436/2436
f 2425/2425/2425 2437/2437/2437 2431/2431/2431
f 2437/2437/2437 2425/2425/2425 2432/2432/2432
f 2437/2437/2437 2435/2435/2435 2431/2431/2431
f 2438/2438/2438 2432/2432/2432 2426/2426/2426
f 2438/2438/2438 2426/2426/2426 2433/2433/2433
f 2436/2436/2436 2435/2435/2435 2439/2439/2439
f 2439/2439/2439 2440/2440/2440 2436/2436/2436
f 2441/2441/2441 2440/2440/2440 2439/2439/2439
f 2437/2437/2437 2442/2442/2442 2435/2435/2435
f 2439/2439/2439 2435/2435/2435 2442/2442/2442
f 2437/2437/2437 2432/2432/2432 2443/2443/2443
f 2443/2443/2443 2432/2432/2432 2438/2438/2438
f 2437/2437/2437 2443/2443/2443 2442/2442/2442
f 2444/2444/2444 2441/2441/2441 2439/2439/2439
f 2442/2442/2442 2444/2444/2444 2439/2439/2439
f 2445/2445/2445 2441/2441/2441 2444/2444/2444
f 2443/2443/2443 2446/2446/2446 2442/2442/2442
f 2442/2442/2442 2446/2446/2446 2444/2444/2444
f 2447/2447/2447 2443/2443/2443 2438/2438/2438
f 2443/2443/2443 2447/2447/2447 2446/2446/2446
f 2444/2444/2444 2446/2446/2446 2448/2448/2448
f 2448/2448/2448 2446/2446/2446 2447/2447/2447
f 2449/2449/2449 2444/2444/2444 2448/2448/2448
f 2447/2447/2447 2438/2438/2438 2450/2450/2450
f 2438/2438/2438 2433/2433/2433 2450/2450/2450
f 2447/2447/2447 2451/2451/2451 2448/2448/2448
f 2447/2447/2447 2450/2450/2450 2451/2451/2451
f 2448/2448/2448 2452/2452/2452 2449/2449/2449
f 2452/2452/2452 2448/2448/2448 2451/2451/2451
f 2453/2453/2453 2449/2449/2449 2452/2452/2452
f 2449/2449/2449 2453/2453/2453 2454/2454/2454
f 2450/2450/2450 2433/2433/2433 2455/2455/2455
f 2433/2433/2433 2434/2434/2434 2455/2455/2455
f 2456/2456/2456 2451/2451/2451 2450/2450/2450
f 2456/2456/2456 2450/2450/2450 2455/2455/2455
f 2451/2451/2451 2457/2457/2457 2452/2452/2452
f 2453/2453/2453 2452/2452/2452 2457/2457/2457
f 2457/2457/2457 2451/2451/2451 2456/2456/2456
f 2458/2458/2458 2455/2455/2455 2434/2434/2434
f 2458/2458/2458 2456/2456/2456 2455/2455/2455
f 2459/2459/2459 2458/2458/2458 2434/2434/2434
f 2460/2460/2460 2458/2458/2458 2459/2459/2459
f 2459/2459/2459 2461/2461/2461 2460/2460/2460
f 2461/2461/2461 2462/2462/2462 2460/2460/2460
f 2463/2463/2463 2457/2457/2457 2456/2456/2456
f 2456/2456/2456 2458/2458/2458 2463/2463/2463
f 2453/2453/2453 2457/2457/2457 2463/2463/2463
f 2463/2463/2463 2458/2458/2458 2460/2460/2460
f 2462/2462/2462 2464/2464/2464 2460/2460/2460
f 2465/2465/2465 2464/2464/2464 2462/2462/2462
f 2465/2465/2465 2466/2466/2466 2464/2464/2464
f 2460/2460/2460 2464/2464/2464 2467/2467/2467
f 2467/2467/2467 2464/2464/2464 2466/2466/2466
f 2468/2468/2468 2463/2463/2463 2460/2460/2460
f 2468/2468/2468 2460/2460/2460 2469/2469/2469
f 2467/2467/2467 2469/2469/2469 2460/2460/2460
f 2463/2463/2463 2468/2468/2468 2470/2470/2470
f 2470/2470/2470 2453/2453/2453 2463/2463/2463
f 2470/2470/2470 2468/2468/2468 2469/2469/2469
f 2471/2471/2471 2467/2467/2467 2466/2466/2466
f 2472/2472/2472 2471/2471/2471 2466/2466/2466
f 2472/2472/2472 2466/2466/2466 2473/2473/2473
f 2471/2471/2471 2474/2474/2474 2467/2467/2467
f 2474/2474/2474 2469/2469/2469 2467/2467/2467
f 2475/2475/2475 2469/2469/2469 2474/2474/2474
f 2475/2475/2475 2470/2470/2470 2469/2469/2469
f 2475/2475/2475 2476/2476/2476 2470/2470/2470
f 2476/2476/2476 2477/2477/2477 2470/2470/2470
f 2477/2477/2477 2453/2453/2453 2470/2470/2470
f 2478/2478/2478 2453/2453/2453 2477/2477/2477
f 2478/2478/2478 2454/2454/2454 2453/2453/2453
f 2454/2454/2454 2478/2478/2478 2479/2479/2479
f 2482/2482/2482 2481/2481/2481 2480/2480/2480
f 2483/2483/2483 2481/2481/2481 2482/2482/2482
f 2483/2483/2483 2484/2484/2484 2481/2481/2481
f 2485/2485/2485 2481/2481/2481 2484/2484/2484
f 2486/2486/2486 2484/2484/2484 2483/2483/2483
f 2483/2483/2483 2482/2482/2482 2487/2487/2487
f 2487/2487/2487 2482/2482/2482 2488/2488/2488
f 2488/2488/2488 2489/2489/2489 2487/2487/2487
f 2487/2487/2487 2490/2490/2490 2483/2483/2483
f 2489/2489/2489 2490/2490/2490 2487/2487/2487
f 2486/2486/2486 2483/2483/2483 2490/2490/2490
f 2491/2491/2491 2490/2490/2490 2489/2489/2489
f 2492/2492/2492 2486/2486/2486 2490/2490/2490
f 2492/2492/2492 2493/2493/2493 2486/2486/2486
f 2493/2493/2493 2492/2492/2492 2494/2494/2494
f 2493/2493/2493 2494/2494/2494 2495/2495/2495
f 2496/2496/2496 2494/2494/2494 2492/2492/2492
f 2494/2494/2494 2497/2497/2497 2495/2495/2495
f 2494/2494/2494 2496/2496/2496 2498/2498/2498
f 2494/2494/2494 2498/2498/2498 2497/2497/2497
f 2496/2496/2496 2499/2499/2499 2498/2498/2498
f 2498/2498/2498 2499/2499/2499 2500/2500/2500
f 2498/2498/2498 2501/2501/2501 2497/2497/2497
f 2498/2498/2498 2500/2500/2500 2501/2501/2501
f 2497/2497/2497 2501/2501/2501 2502/2502/2502
f 2500/2500/2500 2503/2503/2503 2501/2501/2501
f 2501/2501/2501 2504/2504/2504 2502/2502/2502
f 2505/2505/2505 2502/2502/2502 2504/2504/2504
f 2503/2503/2503 2506/2506/2506 2501/2501/2501
f 2501/2501/2501 2506/2506/2506 2504/2504/2504
f 2503/2503/2503 2507/2507/2507 2506/2506/2506
f 2506/2506/2506 2507/2507/2507 2504/2504/2504
f 2505/2505/2505 2504/2504/2504 2508/2508/2508
f 2508/2508/2508 2504/2504/2504 2507/2507/2507
f 2507/2507/2507 2509/2509/2509 2508/2508/2508
f 2508/2508/2508 2510/2510/2510 2505/2505/2505
f 2509/2509/2509 2511/2511/2511 2508/2508/2508
f 2510/2510/2510 2508/2508/2508 2512/2512/2512
f 2512/2512/2512 2508/2508/2508 2511/2511/2511
f 2513/2513/2513 2512/2512/2512 2511/2511/2511
f 2514/2514/2514 2510/2510/2510 2512/2512/2512
f 2514/2514/2514 2512/2512/2512 2515/2515/2515
f 2515/2515/2515 2516/2516/2516 2514/2514/2514
f 2517/2517/2517 2514/2514/2514 2516/2516/2516
f 2515/2515/2515 2518/2518/2518 2516/2516/2516
f 2521/2521/2521 2520/2520/2520 2519/2519/2519
f 2519/2519/2519 2522/2522/2522 2521/2521/2521
f 2523/2523/2523 2521/2521/2521 2522/2522/2522
f 2526/2526/2526 2525/2525/2525 2524/2524/2524
f 2527/2527/2527 2524/2524/2524 2525/2525/2525
f 2524/2524/2524 2527/2527/2527 2528/2528/2528
f 2528/2528/2528 2527/2527/2527 2529/2529/2529
f 2528/2528/2528 2529/2529/2529 2530/2530/2530
f 2530/2530/2530 2529/2529/2529 2531/2531/2531
f 2532/2532/2532 2531/2531/2531 2529/2529/2529
f 2533/2533/2533 2531/2531/2531 2532/2532/2532
f 2534/2534/2534 2533/2533/2533 2532/2532/2532
f 2537/2537/2537 2536/2536/2536 2535/2535/2535
f 2536/2536/2536 2537/2537/2537 2538/2538/2538
f 2541/2541/2541 2540/2540/2540 2539/2539/2539
f 2542/2542/2542 2541/2541/2541 2539/2539/2539
f 2539/2539/2539 2543/2543/2543 2542/2542/2542
f 2542/2542/2542 2543/2543/2543 2544/2544/2544
f 2541/2541/2541 2542/2542/2542 2545/2545/2545
f 2541/2541/2541 2545/2545/2545 2546/2546/2546
f 2547/2547/2547 2546/2546/2546 2545/2545/2545
f 2545/2545/2545 2548/2548/2548 2547/2547/2547
f 2549/2549/2549 2547/2547/2547 2548/2548/2548
f 2542/2542/2542 2544/2544/2544 2550/2550/2550
f 2550/2550/2550 2544/2544/2544 2551/2551/2551
f 2545/2545/2545 2542/2542/2542 2552/2552/2552
f 2552/2552/2552 2548/2548/2548 2545/2545/2545
f 2553/2553/2553 2549/2549/2549 2548/2548/2548
f 2554/2554/2554 2549/2549/2549 2553/2553/2553
f 2550/2550/2550 2551/2551/2551 2555/2555/2555
f 2555/2555/2555 2551/2551/2551 2556/2556/2556
f 2557/2557/2557 2555/2555/2555 2556/2556/2556
f 2542/2542/2542 2550/2550/2550 2558/2558/2558
f 2555/2555/2555 2558/2558/2558 2550/2550/2550
f 2542/2542/2542 2558/2558/2558 2552/2552/2552
f 2548/2548/2548 2552/2552/2552 2559/2559/2559
f 2548/2548/2548 2559/2559/2559 2553/2553/2553
f 2557/2557/2557 2560/2560/2560 2555/2555/2555
f 2560/2560/2560 2558/2558/2558 2555/2555/2555
f 2552/2552/2552 2558/2558/2558 2561/2561/2561
f 2558/2558/2558 2560/2560/2560 2561/2561/2561
f 2561/2561/2561 2559/2559/2559 2552/2552/2552
f 2562/2562/2562 2560/2560/2560 2557/2557/2557
f 2561/2561/2561 2560/2560/2560 2562/2562/2562
f 2562/2562/2562 2557/2557/2557 2563/2563/2563
f 2559/2559/2559 2561/2561/2561 2564/2564/2564
f 2564/2564/2564 2561/2561/2561 2562/2562/2562
f 2565/2565/2565 2562/2562/2562 2563/2563/2563
f 2564/2564/2564 2562/2562/2562 2565/2565/2565
f 2565/2565/2565 2563/2563/2563 2566/2566/2566
f 2553/2553/2553 2559/2559/2559 2567/2567/2567
f 2567/2567/2567 2559/2559/2559 2564/2564/2564
f 2568/2568/2568 2565/2565/2565 2566/2566/2566
f 2568/2568/2568 2566/2566/2566 2569/2569/2569
f 2564/2564/2564 2565/2565/2565 2570/2570/2570
f 2565/2565/2565 2568/2568/2568 2570/2570/2570
f 2567/2567/2567 2564/2564/2564 2570/2570/2570
f 2571/2571/2571 2568/2568/2568 2569/2569/2569
f 2568/2568/2568 2571/2571/2571 2570/2570/2570
f 2571/2571/2571 2569/2569/2569 2572/2572/2572
f 2567/2567/2567 2573/2573/2573 2553/2553/2553
f 2554/2554/2554 2553/2553/2553 2573/2573/2573
f 2567/2567/2567 2570/2570/2570 2574/2574/2574
f 2574/2574/2574 2570/2570/2570 2571/2571/2571
f 2567/2567/2567 2574/2574/2574 2573/2573/2573
f 2573/2573/2573 2575/2575/2575 2554/2554/2554
f 2573/2573/2573 2574/2574/2574 2575/2575/2575
f 2554/2554/2554 2575/2575/2575 2576/2576/2576
f 2577/2577/2577 2554/2554/2554 2576/2576/2576
f 2578/2578/2578 2575/2575/2575 2574/2574/2574
f 2574/2574/2574 2571/2571/2571 2579/2579/2579
f 2578/2578/2578 2574/2574/2574 2579/2579/2579
f 2579/2579/2579 2571/2571/2571 2572/2572/2572
f 2579/2579/2579 2580/2580/2580 2578/2578/2578
f 2580/2580/2580 2581/2581/2581 2578/2578/2578
f 2582/2582/2582 2581/2581/2581 2580/2580/2580
f 2579/2579/2579 2572/2572/2572 2583/2583/2583
f 2584/2584/2584 2583/2583/2583 2572/2572/2572
f 2572/2572/2572 2585/2585/2585 2584/2584/2584
f 2586/2586/2586 2579/2579/2579 2583/2583/2583
f 2584/2584/2584 2586/2586/2586 2583/2583/2583
f 2586/2586/2586 2580/2580/2580 2579/2579/2579
f 2587/2587/2587 2586/2586/2586 2584/2584/2584
f 2587/2587/2587 2588/2588/2588 2586/2586/2586
f 2588/2588/2588 2580/2580/2580 2586/2586/2586
f 2589/2589/2589 2588/2588/2588 2587/2587/2587
f 2589/2589/2589 2590/2590/2590 2588/2588/2588
f 2590/2590/2590 2580/2580/2580 2588/2588/2588
f 2589/2589/2589 2591/2591/2591 2590/2590/2590
f 2592/2592/2592 2582/2582/2582 2580/2580/2580
f 2580/2580/2580 2590/2590/2590 2592/2592/2592
f 2592/2592/2592 2593/2593/2593 2582/2582/2582
f 2593/2593/2593 2592/2592/2592 2590/2590/2590
f 2593/2593/2593 2594/2594/2594 2582/2582/2582
f 2595/2595/2595 2594/2594/2594 2593/2593/2593
f 2590/2590/2590 2591/2591/2591 2596/2596/2596
f 2593/2593/2593 2596/2596/2596 2595/2595/2595
f 2597/2597/2597 2596/2596/2596 2591/2591/2591
f 2598/2598/2598 2597/2597/2597 2591/2591/2591
f 2598/2598/2598 2599/2599/2599 2597/2597/2597
f 2599/2599/2599 2600/2600/2600 2597/2597/2597
f 2597/2597/2597 2600/2600/2600 2596/2596/2596
f 2601/2601/2601 2600/2600/2600 2599/2599/2599
f 2602/2602/2602 2600/2600/2600 2601/2601/2601
f 2596/2596/2596 2603/2603/2603 2595/2595/2595
f 2596/2596/2596 2600/2600/2600 2603/2603/2603
f 2602/2602/2602 2604/2604/2604 2600/2600/2600
f 2600/2600/2600 2604/2604/2604 2603/2603/2603
f 2602/2602/2602 2605/2605/2605 2604/2604/2604
f 2606/2606/2606 2604/2604/2604 2605/2605/2605
f 2604/2604/2604 2606/2606/2606 2607/2607/2607
f 2603/2603/2603 2608/2608/2608 2595/2595/2595
f 2604/2604/2604 2608/2608/2608 2603/2603/2603
f 2608/2608/2608 2604/2604/2604 2607/2607/2607
f 2595/2595/2595 2608/2608/2608 2609/2609/2609
f 2610/2610/2610 2608/2608/2608 2607/2607/2607
f 2610/2610/2610 2609/2609/2609 2608/2608/2608
f 2609/2609/2609 2610/2610/2610 2611/2611/2611
f 2612/2612/2612 2609/2609/2609 2611/2611/2611
f 2610/2610/2610 2613/2613/2613 2611/2611/2611
f 2616/2616/2616 2615/2615/2615 2614/2614/2614
f 2617/2617/2617 2615/2615/2615 2616/2616/2616
f 2620/2620/2620 2619/2619/2619 2618/2618/2618
f 2620/2620/2620 2621/2621/2621 2619/2619/2619
f 2621/2621/2621 2620/2620/2620 2622/2622/2622
f 2623/2623/2623 2619/2619/2619 2621/2621/2621
f 2624/2624/2624 2621/2621/2621 2622/2622/2622
f 2625/2625/2625 2623/2623/2623 2621/2621/2621
f 2621/2621/2621 2624/2624/2624 2625/2625/2625
f 2626/2626/2626 2625/2625/2625 2624/2624/2624
f 2625/2625/2625 2627/2627/2627 2623/2623/2623
f 2626/2626/2626 2628/2628/2628 2625/2625/2625
f 2628/2628/2628 2627/2627/2627 2625/2625/2625
f 2626/2626/2626 2629/2629/2629 2628/2628/2628
f 2630/2630/2630 2627/2627/2627 2628/2628/2628
f 2630/2630/2630 2631/2631/2631 2627/2627/2627
f 2628/2628/2628 2629/2629/2629 2632/2632/2632
f 2632/2632/2632 2630/2630/2630 2628/2628/2628
f 2630/2630/2630 2632/2632/2632 2631/2631/2631
f 2629/2629/2629 2633/2633/2633 2632/2632/2632
f 2634/2634/2634 2632/2632/2632 2633/2633/2633
f 2632/2632/2632 2635/2635/2635 2631/2631/2631
f 2632/2632/2632 2634/2634/2634 2635/2635/2635
f 2634/2634/2634 2636/2636/2636 2635/2635/2635
f 2635/2635/2635 2636/2636/2636 2637/2637/2637
f 2636/2636/2636 2638/2638/2638 2637/2637/2637
f 2639/2639/2639 2637/2637/2637 2638/2638/2638
f 2642/2642/2642 2641/2641/2641 2640/2640/2640
f 2642/2642/2642 2643/2643/2643 2641/2641/2641
f 2646/2646/2646 2645/2645/2645 2644/2644/2644
f 2646/2646/2646 2647/2647/2647 2645/2645/2645
f 2648/2648/2648 2647/2647/2647 2646/2646/2646
f 2648/2648/2648 2649/2649/2649 2647/2647/2647
f 2649/2649/2649 2650/2650/2650 2647/2647/2647
f 2649/2649/2649 2651/2651/2651 2650/2650/2650
f 2650/2650/2650 2651/2651/2651 2652/2652/2652
f 2650/2650/2650 2652/2652/2652 2653/2653/2653
f 2648/2648/2648 2646/2646/2646 2654/2654/2654
f 2655/2655/2655 2648/2648/2648 2654/2654/2654
f 2656/2656/2656 2655/2655/2655 2654/2654/2654
f 2657/2657/2657 2654/2654/2654 2646/2646/2646
f 2658/2658/2658 2656/2656/2656 2654/2654/2654
f 2658/2658/2658 2654/2654/2654 2657/2657/2657
f 2658/2658/2658 2657/2657/2657 2659/2659/2659
f 2660/2660/2660 2658/2658/2658 2659/2659/2659
f 2663/2663/2663 2662/2662/2662 2661/2661/2661
f 2663/2663/2663 2661/2661/2661 2664/2664/2664
f 2665/2665/2665 2664/2664/2664 2661/2661/2661
f 2661/2661/2661 2666/2666/2666 2665/2665/2665
f 2666/2666/2666 2667/2667/2667 2665/2665/2665
f 2665/2665/2665 2667/2667/2667 2668/2668/2668
f 2669/2669/2669 2667/2667/2667 2666/2666/2666
f 2672/2672/2672 2671/2671/2671 2670/2670/2670
f 2670/2670/2670 2673/2673/2673 2672/2672/2672
f 2673/2673/2673 2674/2674/2674 2672/2672/2672
f 2673/2673/2673 2675/2675/2675 2674/2674/2674
f 2676/2676/2676 2673/2673/2673 2670/2670/2670
f 2676/2676/2676 2677/2677/2677 2673/2673/2673
f 2678/2678/2678 2673/2673/2673 2677/2677/2677
f 2676/2676/2676 2679/2679/2679 2677/2677/2677
f 2678/2678/2678 2677/2677/2677 2680/2680/2680
f 2678/2678/2678 2680/2680/2680 2681/2681/2681
f 2682/2682/2682 2677/2677/2677 2679/2679/2679
f 2677/2677/2677 2682/2682/2682 2680/2680/2680
f 2680/2680/2680 2683/2683/2683 2681/2681/2681
f 2684/2684/2684 2681/2681/2681 2683/2683/2683
f 2680/2680/2680 2682/2682/2682 2685/2685/2685
f 2680/2680/2680 2685/2685/2685 2683/2683/2683
f 2684/2684/2684 2683/2683/2683 2686/2686/2686
f 2686/2686/2686 2687/2687/2687 2684/2684/2684
f 2683/2683/2683 2685/2685/2685 2688/2688/2688
f 2686/2686/2686 2683/2683/2683 2688/2688/2688
f 2687/2687/2687 2686/2686/2686 2689/2689/2689
f 2687/2687/2687 2689/2689/2689 2690/2690/2690
f 2686/2686/2686 2688/2688/2688 2691/2691/2691
f 2686/2686/2686 2691/2691/2691 2689/2689/2689
f 2689/2689/2689 2692/2692/2692 2690/2690/2690
f 2692/2692/2692 2693/2693/2693 2690/2690/2690
f 2689/2689/2689 2691/2691/2691 2694/2694/2694
f 2689/2689/2689 2694/2694/2694 2692/2692/2692
f 2692/2692/2692 2695/2695/2695 2693/2693/2693
f 2693/2693/2693 2695/2695/2695 2696/2696/2696
f 2697/2697/2697 2692/2692/2692 2694/2694/2694
f 2697/2697/2697 2695/2695/2695 2692/2692/2692
f 2688/2688/2688 2685/2685/2685 2698/2698/2698
f 2691/2691/2691 2688/2688/2688 2699/2699/2699
f 2688/2688/2688 2698/2698/2698 2699/2699/2699
f 2700/2700/2700 2694/2694/2694 2691/2691/2691
f 2691/2691/2691 2699/2699/2699 2700/2700/2700
f 2694/2694/2694 2701/2701/2701 2697/2697/2697
f 2694/2694/2694 2700/2700/2700 2701/2701/2701
f 2685/2685/2685 2702/2702/2702 2698/2698/2698
f 2682/2682/2682 2702/2702/2702 2685/2685/2685
f 2703/2703/2703 2702/2702/2702 2682/2682/2682
f 2682/2682/2682 2679/2679/2679 2703/2703/2703
f 2703/2703/2703 2679/2679/2679 2704/2704/2704
f 2705/2705/2705 2704/2704/2704 2679/2679/2679
f 2702/2702/2702 2703/2703/2703 2706/2706/2706
f 2706/2706/2706 2707/2707/2707 2702/2702/2702
f 2698/2698/2698 2702/2702/2702 2707/2707/2707
f 2708/2708/2708 2698/2698/2698 2707/2707/2707
f 2699/2699/2699 2698/2698/2698 2708/2708/2708
f 2709/2709/2709 2699/2699/2699 2708/2708/2708
f 2700/2700/2700 2699/2699/2699 2709/2709/2709
f 2709/2709/2709 2710/2710/2710 2700/2700/2700
f 2701/2701/2701 2700/2700/2700 2710/2710/2710
f 2701/2701/2701 2710/2710/2710 2711/2711/2711
f 2712/2712/2712 2701/2701/2701 2711/2711/2711
f 2712/2712/2712 2711/2711/2711 2713/2713/2713
f 2712/2712/2712 2697/2697/2697 2701/2701/2701
f 2714/2714/2714 2712/2712/2712 2713/2713/2713
f 2714/2714/2714 2713/2713/2713 2715/2715/2715
f 2716/2716/2716 2697/2697/2697 2712/2712/2712
f 2712/2712/2712 2714/2714/2714 2716/2716/2716
f 2697/2697/2697 2716/2716/2716 2695/2695/2695
f 2715/2715/2715 2717/2717/2717 2714/2714/2714
f 2718/2718/2718 2717/2717/2717 2715/2715/2715
f 2719/2719/2719 2716/2716/2716 2714/2714/2714
f 2719/2719/2719 2714/2714/2714 2717/2717/2717
f 2720/2720/2720 2695/2695/2695 2716/2716/2716
f 2716/2716/2716 2719/2719/2719 2720/2720/2720
f 2717/2717/2717 2718/2718/2718 2721/2721/2721
f 1795/1795/1795 2721/2721/2721 2718/2718/2718
f 1793/1793/1793 2721/2721/2721 1795/1795/1795
f 2722/2722/2722 2719/2719/2719 2717/2717/2717
f 2722/2722/2722 2720/2720/2720 2719/2719/2719
f 2721/2721/2721 2723/2723/2723 2717/2717/2717
f 1793/1793/1793 2723/2723/2723 2721/2721/2721
f 2723/2723/2723 2722/2722/2722 2717/2717/2717
f 2695/2695/2695 2720/2720/2720 2724/2724/2724
f 2696/2696/2696 2695/2695/2695 2724/2724/2724
f 2725/2725/2725 2696/2696/2696 2724/2724/2724
f 2726/2726/2726 2696/2696/2696 2725/2725/2725
f 2725/2725/2725 2724/2724/2724 2727/2727/2727
f 2720/2720/2720 2728/2728/2728 2724/2724/2724
f 2724/2724/2724 2728/2728/2728 2729/2729/2729
f 2729/2729/2729 2728/2728/2728 2730/2730/2730
f 2720/2720/2720 2722/2722/2722 2731/2731/2731
f 2728/2728/2728 2720/2720/2720 2731/2731/2731
f 2732/2732/2732 2730/2730/2730 2728/2728/2728
f 2728/2728/2728 2731/2731/2731 2732/2732/2732
f 2730/2730/2730 2732/2732/2732 2733/2733/2733
f 2734/2734/2734 2731/2731/2731 2722/2722/2722
f 2734/2734/2734 2732/2732/2732 2731/2731/2731
f 2722/2722/2722 2723/2723/2723 2734/2734/2734
f 2732/2732/2732 1757/1757/1757 2733/2733/2733
f 2732/2732/2732 2734/2734/2734 1757/1757/1757
f 1757/1757/1757 2735/2735/2735 2733/2733/2733
f 1770/1770/1770 1757/1757/1757 2734/2734/2734
f 1770/1770/1770 2734/2734/2734 2723/2723/2723
f 1770/1770/1770 2723/2723/2723 2736/2736/2736
f 2723/2723/2723 1793/1793/1793 2736/2736/2736
f 1770/1770/1770 2736/2736/2736 1768/1768/1768
f 1793/1793/1793 1785/1785/1785 2736/2736/2736
f 1768/1768/1768 2736/2736/2736 1785/1785/1785
f 2739/2739/2739 2738/2738/2738 2737/2737/2737
f 2739/2739/2739 2737/2737/2737 2740/2740/2740
f 2741/2741/2741 2739/2739/2739 2740/2740/2740
f 2740/2740/2740 2742/2742/2742 2741/2741/2741
f 2739/2739/2739 2741/2741/2741 2743/2743/2743
f 2746/2746/2746 2745/2745/2745 2744/2744/2744
f 2747/2747/2747 2744/2744/2744 2745/2745/2745
f 2747/2747/2747 2748/2748/2748 2744/2744/2744
f 2748/2748/2748 2749/2749/2749 2744/2744/2744
f 2748/2748/2748 2750/2750/2750 2749/2749/2749
f 2749/2749/2749 2751/2751/2751 2744/2744/2744
f 2750/2750/2750 2752/2752/2752 2749/2749/2749
f 2752/2752/2752 2750/2750/2750 2753/2753/2753
f 2749/2749/2749 2754/2754/2754 2751/2751/2751
f 2749/2749/2749 2752/2752/2752 2754/2754/2754
f 2752/2752/2752 2753/2753/2753 2755/2755/2755
f 2753/2753/2753 2756/2756/2756 2755/2755/2755
f 2757/2757/2757 2755/2755/2755 2756/2756/2756
f 2758/2758/2758 2757/2757/2757 2756/2756/2756
f 2755/2755/2755 2759/2759/2759 2752/2752/2752
f 2757/2757/2757 2759/2759/2759 2755/2755/2755
f 2758/2758/2758 2760/2760/2760 2757/2757/2757
f 2757/2757/2757 2760/2760/2760 2759/2759/2759
f 2761/2761/2761 2760/2760/2760 2758/2758/2758
f 2762/2762/2762 2760/2760/2760 2761/2761/2761
f 2763/2763/2763 2754/2754/2754 2752/2752/2752
f 2763/2763/2763 2752/2752/2752 2759/2759/2759
f 2754/2754/2754 2764/2764/2764 2751/2751/2751
f 2754/2754/2754 2763/2763/2763 2764/2764/2764
f 2762/2762/2762 2765/2765/2765 2760/2760/2760
f 2762/2762/2762 2766/2766/2766 2765/2765/2765
f 2767/2767/2767 2765/2765/2765 2766/2766/2766
f 2767/2767/2767 2766/2766/2766 2768/2768/2768
f 2768/2768/2768 2769/2769/2769 2767/2767/2767
f 2765/2765/2765 2770/2770/2770 2760/2760/2760
f 2770/2770/2770 2759/2759/2759 2760/2760/2760
f 2770/2770/2770 2765/2765/2765 2767/2767/2767
f 2763/2763/2763 2759/2759/2759 2771/2771/2771
f 2770/2770/2770 2771/2771/2771 2759/2759/2759
f 2764/2764/2764 2763/2763/2763 2771/2771/2771
f 2771/2771/2771 2770/2770/2770 2772/2772/2772
f 2767/2767/2767 2772/2772/2772 2770/2770/2770
f 2769/2769/2769 2773/2773/2773 2767/2767/2767
f 2773/2773/2773 2769/2769/2769 2774/2774/2774
f 2775/2775/2775 2767/2767/2767 2773/2773/2773
f 2772/2772/2772 2767/2767/2767 2775/2775/2775
f 2775/2775/2775 2773/2773/2773 2776/2776/2776
f 2777/2777/2777 2771/2771/2771 2772/2772/2772
f 2771/2771/2771 2777/2777/2777 2764/2764/2764
f 2775/2775/2775 2778/2778/2778 2772/2772/2772
f 2777/2777/2777 2772/2772/2772 2778/2778/2778
f 2779/2779/2779 2775/2775/2775 2776/2776/2776
f 2780/2780/2780 2778/2778/2778 2775/2775/2775
f 2780/2780/2780 2775/2775/2775 2779/2779/2779
f 2781/2781/2781 2779/2779/2779 2776/2776/2776
f 2780/2780/2780 2779/2779/2779 2781/2781/2781
f 2782/2782/2782 2781/2781/2781 2776/2776/2776
f 2783/2783/2783 2780/2780/2780 2781/2781/2781
f 2783/2783/2783 2784/2784/2784 2780/2780/2780
f 2780/2780/2780 2785/2785/2785 2778/2778/2778
f 2784/2784/2784 2785/2785/2785 2780/2780/2780
f 2785/2785/2785 2777/2777/2777 2778/2778/2778
f 2786/2786/2786 2785/2785/2785 2784/2784/2784
f 2786/2786/2786 2777/2777/2777 2785/2785/2785
f 2786/2786/2786 2787/2787/2787 2777/2777/2777
f 2764/2764/2764 2777/2777/2777 2787/2787/2787
f 2788/2788/2788 2787/2787/2787 2786/2786/2786
f 2788/2788/2788 2764/2764/2764 2787/2787/2787
f 2751/2751/2751 2764/2764/2764 2788/2788/2788
f 2789/2789/2789 2751/2751/2751 2788/2788/2788
f 2792/2792/2792 2791/2791/2791 2790/2790/2790
f 2793/2793/2793 2791/2791/2791 2792/2792/2792
f 2794/2794/2794 2793/2793/2793 2792/2792/2792
f 2794/2794/2794 2795/2795/2795 2793/2793/2793
f 2794/2794/2794 2796/2796/2796 2795/2795/2795
f 2794/2794/2794 2797/2797/2797 2796/2796/2796
f 2800/2800/2800 2799/2799/2799 2798/2798/2798
f 2800/2800/2800 2801/2801/2801 2799/2799/2799
f 2801/2801/2801 2802/2802/2802 2799/2799/2799
f 2803/2803/2803 2802/2802/2802 2801/2801/2801
f 2806/2806/2806 2805/2805/2805 2804/2804/2804
f 2805/2805/2805 2807/2807/2807 2804/2804/2804
f 2805/2805/2805 2808/2808/2808 2807/2807/2807
f 2808/2808/2808 2809/2809/2809 2807/2807/2807
f 2812/2812/2812 2811/2811/2811 2810/2810/2810
f 2811/2811/2811 2813/2813/2813 2810/2810/2810
f 2813/2813/2813 2811/2811/2811 2814/2814/2814
f 2810/2810/2810 2813/2813/2813 2815/2815/2815
f 2816/2816/2816 2810/2810/2810 2815/2815/2815
f 2810/2810/2810 2816/2816/2816 2817/2817/2817
f 2816/2816/2816 2818/2818/2818 2817/2817/2817
f 2813/2813/2813 2814/2814/2814 2819/2819/2819
f 2813/2813/2813 2819/2819/2819 2820/2820/2820
f 2821/2821/2821 2819/2819/2819 2814/2814/2814
f 2822/2822/2822 2818/2818/2818 2816/2816/2816
f 2816/2816/2816 2823/2823/2823 2822/2822/2822
f 2816/2816/2816 2824/2824/2824 2823/2823/2823
f 2823/2823/2823 2824/2824/2824 2825/2825/2825
f 2826/2826/2826 2823/2823/2823 2825/2825/2825
f 2826/2826/2826 2825/2825/2825 2827/2827/2827
f 2828/2828/2828 2823/2823/2823 2826/2826/2826
f 2828/2828/2828 2822/2822/2822 2823/2823/2823
f 2822/2822/2822 2828/2828/2828 2829/2829/2829
f 2818/2818/2818 2822/2822/2822 2829/2829/2829
f 2829/2829/2829 2830/2830/2830 2818/2818/2818
f 2830/2830/2830 2829/2829/2829 2831/2831/2831
f 2832/2832/2832 2831/2831/2831 2829/2829/2829
f 2835/2835/2835 2834/2834/2834 2833/2833/2833
f 2834/2834/2834 2835/2835/2835 2836/2836/2836
f 2837/2837/2837 2834/2834/2834 2836/2836/2836
f 2838/2838/2838 2836/2836/2836 2835/2835/2835
f 2841/2841/2841 2840/2840/2840 2839/2839/2839
f 2842/2842/2842 2841/2841/2841 2839/2839/2839
f 2842/2842/2842 2839/2839/2839 2843/2843/2843
f 2846/2846/2846 2845/2845/2845 2844/2844/2844
f 2847/2847/2847 2846/2846/2846 2844/2844/2844
f 2850/2850/2850 2849/2849/2849 2848/2848/2848
f 2848/2848/2848 2851/2851/2851 2850/2850/2850
f 2850/2850/2850 2851/2851/2851 2852/2852/2852
f 2852/2852/2852 2851/2851/2851 2853/2853/2853
f 2852/2852/2852 2853/2853/2853 2854/2854/2854
f 2854/2854/2854 2853/2853/2853 2855/2855/2855
f 2852/2852/2852 2854/2854/2854 2856/2856/2856
f 2854/2854/2854 2855/2855/2855 2857/2857/2857
f 2854/2854/2854 2857/2857/2857 2856/2856/2856
f 2857/2857/2857 2855/2855/2855 2858/2858/2858
f 2857/2857/2857 2859/2859/2859 2856/2856/2856
f 2859/2859/2859 2857/2857/2857 2858/2858/2858
f 2856/2856/2856 2859/2859/2859 2860/2860/2860
f 2859/2859/2859 2858/2858/2858 2861/2861/2861
f 2860/2860/2860 2859/2859/2859 2861/2861/2861
f 2860/2860/2860 2861/2861/2861 2862/2862/2862
f 2861/2861/2861 2863/2863/2863 2862/2862/2862
f 2861/2861/2861 2864/2864/2864 2863/2863/2863
f 2865/2865/2865 2862/2862/2862 2863/2863/2863
f 2862/2862/2862 2865/2865/2865 2866/2866/2866
f 2866/2866/2866 2865/2865/2865 2867/2867/2867
f 2862/2862/2862 2866/2866/2866 2868/2868/2868
f 2868/2868/2868 2869/2869/2869 2862/2862/2862
f 2870/2870/2870 2869/2869/2869 2868/2868/2868
f 2870/2870/2870 2868/2868/2868 2866/2866/2866
f 2870/2870/2870 2871/2871/2871 2869/2869/2869
f 2872/2872/2872 2871/2871/2871 2870/2870/2870
f 2872/2872/2872 2870/2870/2870 2873/2873/2873
f 2873/2873/2873 2874/2874/2874 2872/2872/2872
f 2874/2874/2874 2875/2875/2875 2872/2872/2872
f 2873/2873/2873 2870/2870/2870 2876/2876/2876
f 2870/2870/2870 2866/2866/2866 2876/2876/2876
f 2877/2877/2877 2876/2876/2876 2866/2866/2866
f 2877/2877/2877 2866/2866/2866 2867/2867/2867
f 2878/2878/2878 2876/2876/2876 2877/2877/2877
f 2878/2878/2878 2877/2877/2877 2867/2867/2867
f 2867/2867/2867 2879/2879/2879 2878/2878/2878
f 2867/2867/2867 2880/2880/2880 2879/2879/2879
f 2880/2880/2880 2881/2881/2881 2879/2879/2879
f 2884/2884/2884 2883/2883/2883 2882/2882/2882
f 2885/2885/2885 2882/2882/2882 2883/2883/2883
f 2885/2885/2885 2886/2886/2886 2882/2882/2882
f 2885/2885/2885 2887/2887/2887 2886/2886/2886
f 2883/2883/2883 2888/2888/2888 2885/2885/2885
f 2889/2889/2889 2888/2888/2888 2883/2883/2883
f 2885/2885/2885 2890/2890/2890 2887/2887/2887
f 2885/2885/2885 2888/2888/2888 2890/2890/2890
f 2887/2887/2887 2890/2890/2890 2891/2891/2891
f 2892/2892/2892 2891/2891/2891 2890/2890/2890
f 2893/2893/2893 2892/2892/2892 2890/2890/2890
f 2894/2894/2894 2893/2893/2893 2890/2890/2890
f 2888/2888/2888 2894/2894/2894 2890/2890/2890
f 2894/2894/2894 2895/2895/2895 2893/2893/2893
f 2896/2896/2896 2895/2895/2895 2894/2894/2894
f 2894/2894/2894 2897/2897/2897 2896/2896/2896
f 2888/2888/2888 2889/2889/2889 2898/2898/2898
f 2888/2888/2888 2898/2898/2898 2894/2894/2894
f 2897/2897/2897 2894/2894/2894 2898/2898/2898
f 2889/2889/2889 2899/2899/2899 2898/2898/2898
f 2897/2897/2897 2898/2898/2898 2899/2899/2899
f 2902/2902/2902 2901/2901/2901 2900/2900/2900
f 2901/2901/2901 2903/2903/2903 2900/2900/2900
f 2904/2904/2904 2900/2900/2900 2903/2903/2903
f 2905/2905/2905 2904/2904/2904 2903/2903/2903
f 2903/2903/2903 2901/2901/2901 2906/2906/2906
f 2907/2907/2907 2906/2906/2906 2901/2901/2901
f 2907/2907/2907 2908/2908/2908 2906/2906/2906
f 2909/2909/2909 2908/2908/2908 2907/2907/2907
f 2910/2910/2910 2906/2906/2906 2908/2908/2908
f 2908/2908/2908 2911/2911/2911 2910/2910/2910
f 2912/2912/2912 2911/2911/2911 2908/2908/2908
f 2915/2915/2915 2914/2914/2914 2913/2913/2913
f 2913/2913/2913 2916/2916/2916 2915/2915/2915
f 2917/2917/2917 2916/2916/2916 2913/2913/2913
f 2917/2917/2917 2918/2918/2918 2916/2916/2916
f 2915/2915/2915 2916/2916/2916 2919/2919/2919
f 2920/2920/2920 2919/2919/2919 2916/2916/2916
f 2920/2920/2920 2921/2921/2921 2919/2919/2919
f 2924/2924/2924 2923/2923/2923 2922/2922/2922
f 2924/2924/2924 2925/2925/2925 2923/2923/2923
f 2924/2924/2924 2926/2926/2926 2925/2925/2925
f 2924/2924/2924 2927/2927/2927 2926/2926/2926
f 2928/2928/2928 2927/2927/2927 2924/2924/2924
f 2927/2927/2927 2928/2928/2928 2929/2929/2929
f 2929/2929/2929 2928/2928/2928 2930/2930/2930
f 2926/2926/2926 2927/2927/2927 2931/2931/2931
f 2926/2926/2926 2931/2931/2931 2932/2932/2932
f 2933/2933/2933 2926/2926/2926 2932/2932/2932
f 2934/2934/2934 2932/2932/2932 2931/2931/2931
f 2927/2927/2927 2934/2934/2934 2931/2931/2931
f 2934/2934/2934 2935/2935/2935 2932/2932/2932
f 2929/2929/2929 2936/2936/2936 2927/2927/2927
f 2927/2927/2927 2936/2936/2936 2934/2934/2934
f 2929/2929/2929 2937/2937/2937 2936/2936/2936
f 2937/2937/2937 2929/2929/2929 2938/2938/2938
f 2939/2939/2939 2938/2938/2938 2929/2929/2929
f 2939/2939/2939 2940/2940/2940 2938/2938/2938
f 2941/2941/2941 2940/2940/2940 2939/2939/2939
f 2942/2942/2942 2938/2938/2938 2940/2940/2940
f 2943/2943/2943 2942/2942/2942 2940/2940/2940
f 2938/2938/2938 2944/2944/2944 2937/2937/2937
f 2938/2938/2938 2942/2942/2942 2944/2944/2944
f 2934/2934/2934 2945/2945/2945 2935/2935/2935
f 2934/2934/2934 2936/2936/2936 2946/2946/2946
f 2945/2945/2945 2934/2934/2934 2946/2946/2946
f 2945/2945/2945 2947/2947/2947 2935/2935/2935
f 2935/2935/2935 2947/2947/2947 2948/2948/2948
f 2945/2945/2945 2949/2949/2949 2947/2947/2947
f 2946/2946/2946 2949/2949/2949 2945/2945/2945
f 2950/2950/2950 2948/2948/2948 2947/2947/2947
f 2951/2951/2951 2948/2948/2948 2950/2950/2950
f 2952/2952/2952 2951/2951/2951 2950/2950/2950
f 2952/2952/2952 2950/2950/2950 2953/2953/2953
f 2954/2954/2954 2953/2953/2953 2950/2950/2950
f 2955/2955/2955 2952/2952/2952 2953/2953/2953
f 2956/2956/2956 2955/2955/2955 2953/2953/2953
f 2956/2956/2956 2957/2957/2957 2955/2955/2955
f 2957/2957/2957 2956/2956/2956 2958/2958/2958
f 2959/2959/2959 2949/2949/2949 2946/2946/2946
f 2936/2936/2936 2959/2959/2959 2946/2946/2946
f 2960/2960/2960 2959/2959/2959 2936/2936/2936
f 2936/2936/2936 2937/2937/2937 2960/2960/2960
f 2959/2959/2959 2961/2961/2961 2949/2949/2949
f 2961/2961/2961 2962/2962/2962 2949/2949/2949
f 2962/2962/2962 2963/2963/2963 2949/2949/2949
f 2961/2961/2961 2964/2964/2964 2962/2962/2962
f 2961/2961/2961 2965/2965/2965 2964/2964/2964
f 2966/2966/2966 2965/2965/2965 2961/2961/2961
f 2966/2966/2966 2961/2961/2961 2959/2959/2959
f 2960/2960/2960 2966/2966/2966 2959/2959/2959
f 2966/2966/2966 2960/2960/2960 2967/2967/2967
f 2968/2968/2968 2966/2966/2966 2967/2967/2967
f 2967/2967/2967 2969/2969/2969 2968/2968/2968
f 2967/2967/2967 2960/2960/2960 2970/2970/2970
f 2937/2937/2937 2970/2970/2970 2960/2960/2960
f 2967/2967/2967 2970/2970/2970 2971/2971/2971
f 2970/2970/2970 2937/2937/2937 2971/2971/2971
f 2971/2971/2971 2937/2937/2937 2972/2972/2972
f 2972/2972/2972 2937/2937/2937 2944/2944/2944
f 2973/2973/2973 2971/2971/2971 2972/2972/2972
f 2972/2972/2972 2944/2944/2944 2973/2973/2973
f 2973/2973/2973 2944/2944/2944 2942/2942/2942
f 2973/2973/2973 2942/2942/2942 2974/2974/2974
f 2942/2942/2942 2943/2943/2943 2974/2974/2974
f 2975/2975/2975 2974/2974/2974 2943/2943/2943
f 2976/2976/2976 2975/2975/2975 2943/2943/2943
f 2976/2976/2976 2943/2943/2943 2977/2977/2977
f 2976/2976/2976 2978/2978/2978 2975/2975/2975
f 2981/2981/2981 2980/2980/2980 2979/2979/2979
f 2981/2981/2981 2979/2979/2979 2982/2982/2982
f 2983/2983/2983 2981/2981/2981 2982/2982/2982
f 2983/2983/2983 2984/2984/2984 2981/2981/2981
f 2985/2985/2985 2984/2984/2984 2983/2983/2983
f 2986/2986/2986 2984/2984/2984 2985/2985/2985
f 2987/2987/2987 2985/2985/2985 2983/2983/2983
f 2987/2987/2987 2983/2983/2983 2982/2982/2982
f 2988/2988/2988 2985/2985/2985 2987/2987/2987
f 2987/2987/2987 2989/2989/2989 2988/2988/2988
f 2989/2989/2989 2987/2987/2987 2990/2990/2990
f 2991/2991/2991 2990/2990/2990 2987/2987/2987
f 2991/2991/2991 2987/2987/2987 2982/2982/2982
f 2990/2990/2990 2991/2991/2991 2992/2992/2992
f 2991/2991/2991 2982/2982/2982 2993/2993/2993
f 2982/2982/2982 2979/2979/2979 2993/2993/2993
f 2992/2992/2992 2991/2991/2991 2994/2994/2994
f 2991/2991/2991 2993/2993/2993 2994/2994/2994
f 2994/2994/2994 2995/2995/2995 2992/2992/2992
f 2995/2995/2995 2994/2994/2994 2996/2996/2996
f 2996/2996/2996 2994/2994/2994 2993/2993/2993
f 2993/2993/2993 2979/2979/2979 2997/2997/2997
f 2979/2979/2979 2998/2998/2998 2997/2997/2997
f 2997/2997/2997 2998/2998/2998 2999/2999/2999
f 2979/2979/2979 3000/3000/3000 2998/2998/2998
f 2999/2999/2999 2998/2998/2998 3000/3000/3000
f 2979/2979/2979 3001/3001/3001 3000/3000/3000
f 3000/3000/3000 3001/3001/3001 3002/3002/3002
f 3003/3003/3003 2999/2999/2999 3000/3000/3000
f 3003/3003/3003 3000/3000/3000 3002/3002/3002
f 3003/3003/3003 3002/3002/3002 3004/3004/3004
f 3005/3005/3005 3003/3003/3003 3004/3004/3004
f 3008/3008/3008 3007/3007/3007 3006/3006/3006
f 3008/3008/3008 3006/3006/3006 3009/3009/3009
f 3006/3006/3006 3010/3010/3010 3009/3009/3009
f 3010/3010/3010 3011/3011/3011 3009/3009/3009
f 3009/3009/3009 3011/3011/3011 3012/3012/3012
f 3011/3011/3011 3010/3010/3010 3013/3013/3013
f 3010/3010/3010 3014/3014/3014 3013/3013/3013
f 3017/3017/3017 3016/3016/3016 3015/3015/3015
f 3017/3017/3017 3015/3015/3015 3018/3018/3018
f 3018/3018/3018 3015/3015/3015 3019/3019/3019
f 3018/3018/3018 3019/3019/3019 3020/3020/3020
f 3021/3021/3021 3017/3017/3017 3018/3018/3018
f 3018/3018/3018 3020/3020/3020 3022/3022/3022
f 3023/3023/3023 3021/3021/3021 3018/3018/3018
f 3023/3023/3023 3018/3018/3018 3022/3022/3022
f 3024/3024/3024 3021/3021/3021 3023/3023/3023
f 3024/3024/3024 3023/3023/3023 3025/3025/3025
f 3026/3026/3026 3023/3023/3023 3022/3022/3022
f 3025/3025/3025 3023/3023/3023 3026/3026/3026
f 3026/3026/3026 3022/3022/3022 3027/3027/3027
f 3025/3025/3025 3026/3026/3026 3028/3028/3028
f 3029/3029/3029 3026/3026/3026 3027/3027/3027
f 3028/3028/3028 3026/3026/3026 3029/3029/3029
f 3029/3029/3029 3027/3027/3027 3030/3030/3030
f 3028/3028/3028 3029/3029/3029 3031/3031/3031
f 3030/3030/3030 3032/3032/3032 3029/3029/3029
f 3031/3031/3031 3029/3029/3029 3032/3032/3032
f 3031/3031/3031 3032/3032/3032 3033/3033/3033
f 3034/3034/3034 3032/3032/3032 3030/3030/3030
f 3033/3033/3033 3032/3032/3032 3035/3035/3035
f 3032/3032/3032 3034/3034/3034 3035/3035/3035
f 3036/3036/3036 3035/3035/3035 3034/3034/3034
f 3039/3039/3039 3038/3038/3038 3037/3037/3037
f 3039/3039/3039 3037/3037/3037 3040/3040/3040
f 3040/3040/3040 3037/3037/3037 3041/3041/3041
f 3042/3042/3042 3040/3040/3040 3041/3041/3041
f 3040/3040/3040 3042/3042/3042 3043/3043/3043
f 3046/3046/3046 3045/3045/3045 3044/3044/3044
f 3044/3044/3044 3045/3045/3045 3047/3047/3047
f 3047/3047/3047 3045/3045/3045 3048/3048/3048
f 3049/3049/3049 3047/3047/3047 3048/3048/3048
f 3048/3048/3048 3045/3045/3045 3050/3050/3050
f 3045/3045/3045 3051/3051/3051 3050/3050/3050
f 3052/3052/3052 3050/3050/3050 3051/3051/3051
f 3052/3052/3052 3053/3053/3053 3050/3050/3050
f 3056/3056/3056 3055/3055/3055 3054/3054/3054
f 3056/3056/3056 3054/3054/3054 3057/3057/3057
f 3060/3060/3060 3059/3059/3059 3058/3058/3058
f 3061/3061/3061 3058/3058/3058 3059/3059/3059
f 3061/3061/3061 3059/3059/3059 3062/3062/3062
f 3058/3058/3058 3061/3061/3061 3063/3063/3063
f 3058/3058/3058 3063/3063/3063 3064/3064/3064
f 3063/3063/3063 3065/3065/3065 3064/3064/3064
f 3061/3061/3061 3062/3062/3062 3066/3066/3066
f 3061/3061/3061 3066/3066/3066 3063/3063/3063
f 3067/3067/3067 3066/3066/3066 3062/3062/3062
f 3067/3067/3067 3062/3062/3062 3068/3068/3068
f 3067/3067/3067 3069/3069/3069 3066/3066/3066
f 3063/3063/3063 3066/3066/3066 3070/3070/3070
f 3069/3069/3069 3070/3070/3070 3066/3066/3066
f 3071/3071/3071 3063/3063/3063 3070/3070/3070
f 3070/3070/3070 3072/3072/3072 3071/3071/3071
f 3072/3072/3072 3070/3070/3070 3069/3069/3069
f 3073/3073/3073 3072/3072/3072 3069/3069/3069
f 3074/3074/3074 3072/3072/3072 3073/3073/3073
f 3077/3077/3077 3076/3076/3076 3075/3075/3075
f 3078/3078/3078 3077/3077/3077 3075/3075/3075
f 3079/3079/3079 3077/3077/3077 3078/3078/3078
f 3080/3080/3080 3079/3079/3079 3078/3078/3078
f 3083/3083/3083 3082/3082/3082 3081/3081/3081
f 3082/3082/3082 3083/3083/3083 3084/3084/3084
f 3084/3084/3084 3083/3083/3083 3085/3085/3085
f 3085/3085/3085 3083/3083/3083 3086/3086/3086
f 3086/3086/3086 3087/3087/3087 3085/3085/3085
f 3087/3087/3087 3088/3088/3088 3085/3085/3085
f 3089/3089/3089 3088/3088/3088 3087/3087/3087
f 3084/3084/3084 3085/3085/3085 3090/3090/3090
f 3090/3090/3090 3091/3091/3091 3084/3084/3084
f 3091/3091/3091 3092/3092/3092 3084/3084/3084
f 3095/3095/3095 3094/3094/3094 3093/3093/3093
f 3094/3094/3094 3095/3095/3095 3096/3096/3096
f 3097/3097/3097 3094/3094/3094 3096/3096/3096
f 3095/3095/3095 3098/3098/3098 3096/3096/3096
f 3095/3095/3095 3099/3099/3099 3098/3098/3098
f 3099/3099/3099 3100/3100/3100 3098/3098/3098
f 3096/3096/3096 3101/3101/3101 3097/3097/3097
f 3102/3102/3102 3097/3097/3097 3101/3101/3101
f 3103/3103/3103 3098/3098/3098 3100/3100/3100
f 3103/3103/3103 3100/3100/3100 3104/3104/3104
f 3103/3103/3103 3104/3104/3104 3105/3105/3105
f 3105/3105/3105 3104/3104/3104 3106/3106/3106
f 3107/3107/3107 3105/3105/3105 3106/3106/3106
f 3108/3108/3108 3098/3098/3098 3103/3103/3103
f 3109/3109/3109 3103/3103/3103 3105/3105/3105
f 3108/3108/3108 3110/3110/3110 3098/3098/3098
f 3110/3110/3110 3096/3096/3096 3098/3098/3098
f 3111/3111/3111 3110/3110/3110 3108/3108/3108
f 3112/3112/3112 3109/3109/3109 3105/3105/3105
f 3105/3105/3105 3107/3107/3107 3112/3112/3112
f 3109/3109/3109 3112/3112/3112 3113/3113/3113
f 3114/3114/3114 3113/3113/3113 3112/3112/3112
f 3110/3110/3110 3115/3115/3115 3096/3096/3096
f 3101/3101/3101 3096/3096/3096 3115/3115/3115
f 3111/3111/3111 3116/3116/3116 3110/3110/3110
f 3116/3116/3116 3115/3115/3115 3110/3110/3110
f 3117/3117/3117 3116/3116/3116 3111/3111/3111
f 3117/3117/3117 3118/3118/3118 3116/3116/3116
f 3112/3112/3112 3107/3107/3107 3119/3119/3119
f 3107/3107/3107 3120/3120/3120 3119/3119/3119
f 3114/3114/3114 3112/3112/3112 3121/3121/3121
f 3112/3112/3112 3119/3119/3119 3121/3121/3121
f 3121/3121/3121 3122/3122/3122 3114/3114/3114
f 3120/3120/3120 3123/3123/3123 3119/3119/3119
f 3123/3123/3123 3120/3120/3120 3124/3124/3124
f 3125/3125/3125 3119/3119/3119 3123/3123/3123
f 3121/3121/3121 3119/3119/3119 3125/3125/3125
f 3125/3125/3125 3126/3126/3126 3121/3121/3121
f 3126/3126/3126 3127/3127/3127 3121/3121/3121
f 3127/3127/3127 3128/3128/3128 3121/3121/3121
f 3129/3129/3129 3128/3128/3128 3127/3127/3127
f 3129/3129/3129 3127/3127/3127 3130/3130/3130
f 3130/3130/3130 3127/3127/3127 3131/3131/3131
f 3127/3127/3127 3126/3126/3126 3131/3131/3131
f 3126/3126/3126 3132/3132/3132 3131/3131/3131
f 3135/3135/3135 3134/3134/3134 3133/3133/3133
f 3136/3136/3136 3135/3135/3135 3133/3133/3133
f 3136/3136/3136 3133/3133/3133 3137/3137/3137
f 3138/3138/3138 3135/3135/3135 3136/3136/3136
f 3136/3136/3136 3139/3139/3139 3138/3138/3138
f 3136/3136/3136 3140/3140/3140 3139/3139/3139
f 3140/3140/3140 3141/3141/3141 3139/3139/3139
f 3139/3139/3139 3141/3141/3141 3142/3142/3142
f 3140/3140/3140 3143/3143/3143 3141/3141/3141
f 3144/3144/3144 3143/3143/3143 3140/3140/3140
f 3142/3142/3142 3141/3141/3141 3145/3145/3145
f 3146/3146/3146 3143/3143/3143 3144/3144/3144
f 3141/3141/3141 3147/3147/3147 3145/3145/3145
f 3143/3143/3143 3147/3147/3147 3141/3141/3141
f 3147/3147/3147 3148/3148/3148 3145/3145/3145
f 3145/3145/3145 3148/3148/3148 3149/3149/3149
f 3149/3149/3149 3148/3148/3148 3150/3150/3150
f 3151/3151/3151 3150/3150/3150 3148/3148/3148
f 3152/3152/3152 3150/3150/3150 3151/3151/3151
f 3153/3153/3153 3148/3148/3148 3147/3147/3147
f 3153/3153/3153 3147/3147/3147 3143/3143/3143
f 3154/3154/3154 3148/3148/3148 3153/3153/3153
f 3154/3154/3154 3153/3153/3153 3143/3143/3143
f 3155/3155/3155 3148/3148/3148 3154/3154/3154
f 3155/3155/3155 3154/3154/3154 3156/3156/3156
f 3157/3157/3157 3156/3156/3156 3154/3154/3154
f 3146/3146/3146 3158/3158/3158 3143/3143/3143
f 3159/3159/3159 3154/3154/3154 3143/3143/3143
f 3158/3158/3158 3159/3159/3159 3143/3143/3143
f 3160/3160/3160 3158/3158/3158 3146/3146/3146
f 3146/3146/3146 3161/3161/3161 3160/3160/3160
f 3162/3162/3162 3158/3158/3158 3160/3160/3160
f 3158/3158/3158 3162/3162/3162 3163/3163/3163
f 3163/3163/3163 3159/3159/3159 3158/3158/3158
f 3154/3154/3154 3159/3159/3159 3164/3164/3164
f 3159/3159/3159 3163/3163/3163 3164/3164/3164
f 3154/3154/3154 3164/3164/3164 3157/3157/3157
f 3164/3164/3164 3163/3163/3163 3165/3165/3165
f 3165/3165/3165 3163/3163/3163 3166/3166/3166
f 3165/3165/3165 3167/3167/3167 3164/3164/3164
f 3157/3157/3157 3164/3164/3164 3167/3167/3167
f 3165/3165/3165 3168/3168/3168 3167/3167/3167
f 3168/3168/3168 3169/3169/3169 3167/3167/3167
f 3170/3170/3170 3169/3169/3169 3168/3168/3168
f 3167/3167/3167 3171/3171/3171 3157/3157/3157
f 3171/3171/3171 3172/3172/3172 3157/3157/3157
f 3172/3172/3172 3173/3173/3173 3157/3157/3157
f 3157/3157/3157 3173/3173/3173 3174/3174/3174
f 3177/3177/3177 3176/3176/3176 3175/3175/3175
f 3178/3178/3178 3176/3176/3176 3177/3177/3177
f 3179/3179/3179 3176/3176/3176 3178/3178/3178
f 3178/3178/3178 3180/3180/3180 3179/3179/3179
f 3181/3181/3181 3180/3180/3180 3178/3178/3178
f 3182/3182/3182 3180/3180/3180 3181/3181/3181
f 3183/3183/3183 3182/3182/3182 3181/3181/3181
f 3184/3184/3184 3182/3182/3182 3183/3183/3183
f 3184/3184/3184 3185/3185/3185 3182/3182/3182
f 3188/3188/3188 3187/3187/3187 3186/3186/3186
f 3189/3189/3189 3188/3188/3188 3186/3186/3186
f 3186/3186/3186 3190/3190/3190 3189/3189/3189
f 3191/3191/3191 3190/3190/3190 3186/3186/3186
f 3192/3192/3192 3190/3190/3190 3191/3191/3191
f 3193/3193/3193 3192/3192/3192 3191/3191/3191
f 3192/3192/3192 3193/3193/3193 3194/3194/3194
f 3197/3197/3197 3196/3196/3196 3195/3195/3195
f 3195/3195/3195 3196/3196/3196 3198/3198/3198
f 3201/3201/3201 3200/3200/3200 3199/3199/3199
f 3202/3202/3202 3201/3201/3201 3199/3199/3199
f 3203/3203/3203 3201/3201/3201 3202/3202/3202
f 3206/3206/3206 3205/3205/3205 3204/3204/3204
f 3204/3204/3204 3207/3207/3207 3206/3206/3206
f 3206/3206/3206 3207/3207/3207 3208/3208/3208
f 3209/3209/3209 3207/3207/3207 3204/3204/3204
f 3210/3210/3210 3208/3208/3208 3207/3207/3207
f 3209/3209/3209 3211/3211/3211 3207/3207/3207
f 3210/3210/3210 3207/3207/3207 3211/3211/3211
f 3211/3211/3211 3212/3212/3212 3210/3210/3210
f 3213/3213/3213 3211/3211/3211 3209/3209/3209
f 3211/3211/3211 3213/3213/3213 3214/3214/3214
f 3215/3215/3215 3214/3214/3214 3213/3213/3213
f 3218/3218/3218 3217/3217/3217 3216/3216/3216
f 3218/3218/3218 3219/3219/3219 3217/3217/3217
f 3218/3218/3218 3220/3220/3220 3219/3219/3219
f 3220/3220/3220 3218/3218/3218 3221/3221/3221
f 3220/3220/3220 3221/3221/3221 3222/3222/3222
f 3221/3221/3221 3223/3223/3223 3222/3222/3222
f 3226/3226/3226 3225/3225/3225 3224/3224/3224
f 3225/3225/3225 3226/3226/3226 3227/3227/3227
f 3227/3227/3227 3226/3226/3226 3228/3228/3228
f 3231/3231/3231 3230/3230/3230 3229/3229/3229
f 3232/3232/3232 3229/3229/3229 3230/3230/3230
f 3232/3232/3232 3233/3233/3233 3229/3229/3229
f 3233/3233/3233 3234/3234/3234 3229/3229/3229
f 3232/3232/3232 3235/3235/3235 3233/3233/3233
f 3233/3233/3233 3235/3235/3235 3234/3234/3234
f 3235/3235/3235 3236/3236/3236 3234/3234/3234
f 3239/3239/3239 3238/3238/3238 3237/3237/3237
f 3239/3239/3239 3240/3240/3240 3238/3238/3238
f 3240/3240/3240 3241/3241/3241 3238/3238/3238
f 3242/3242/3242 3240/3240/3240 3239/3239/3239
f 3241/3241/3241 3240/3240/3240 3243/3243/3243
f 3240/3240/3240 3242/3242/3242 3244/3244/3244
f 3243/3243/3243 3240/3240/3240 3245/3245/3245
f 3245/3245/3245 3240/3240/3240 3244/3244/3244
f 3248/3248/3248 3247/3247/3247 3246/3246/3246
f 3246/3246/3246 3249/3249/3249 3248/3248/3248
f 3246/3246/3246 3250/3250/3250 3249/3249/3249
f 3249/3249/3249 3250/3250/3250 3251/3251/3251
f 3252/3252/3252 3248/3248/3248 3249/3249/3249
f 3249/3249/3249 3251/3251/3251 3252/3252/3252
f 3252/3252/3252 3253/3253/3253 3248/3248/3248
f 3254/3254/3254 3252/3252/3252 3251/3251/3251
f 3252/3252/3252 3254/3254/3254 3253/3253/3253
f 3251/3251/3251 3255/3255/3255 3254/3254/3254
f 3256/3256/3256 3254/3254/3254 3255/3255/3255
f 3254/3254/3254 3256/3256/3256 3253/3253/3253
f 3256/3256/3256 3257/3257/3257 3253/3253/3253
f 3258/3258/3258 3257/3257/3257 3256/3256/3256
f 3261/3261/3261 3260/3260/3260 3259/3259/3259
f 3262/3262/3262 3261/3261/3261 3259/3259/3259
f 3259/3259/3259 3263/3263/3263 3262/3262/3262
f 3263/3263/3263 3259/3259/3259 3264/3264/3264
f 3263/3263/3263 3264/3264/3264 3265/3265/3265
f 3268/3268/3268 3267/3267/3267 3266/3266/3266
f 3269/3269/3269 3268/3268/3268 3266/3266/3266
f 3269/3269/3269 3270/3270/3270 3268/3268/3268
f 3270/3270/3270 3271/3271/3271 3268/3268/3268
f 3270/3270/3270 3272/3272/3272 3271/3271/3271
f 3272/3272/3272 3273/3273/3273 3271/3271/3271
f 3274/3274/3274 3273/3273/3273 3272/3272/3272
f 3275/3275/3275 3274/3274/3274 3272/3272/3272
f 3275/3275/3275 3276/3276/3276 3274/3274/3274
f 3277/3277/3277 3276/3276/3276 3275/3275/3275
f 3278/3278/3278 3276/3276/3276 3277/3277/3277
f 3279/3279/3279 3276/3276/3276 3278/3278/3278
f 3278/3278/3278 3280/3280/3280 3279/3279/3279
f 3279/3279/3279 3280/3280/3280 3281/3281/3281
f 3281/3281/3281 3280/3280/3280 3282/3282/3282
f 3285/3285/3285 3284/3284/3284 3283/3283/3283
f 3284/3284/3284 3285/3285/3285 3286/3286/3286
f 3289/3289/3289 3288/3288/3288 3287/3287/3287
f 3287/3287/3287 3290/3290/3290 3289/3289/3289
f 3291/3291/3291 3290/3290/3290 3287/3287/3287
f 3294/3294/3294 3293/3293/3293 3292/3292/3292
f 3294/3294/3294 3292/3292/3292 3295/3295/3295
f 3296/3296/3296 3294/3294/3294 3295/3295/3295
f 3299/3299/3299 3298/3298/3298 3297/3297/3297
f 3300/3300/3300 3297/3297/3297 3298/3298/3298
f 3297/3297/3297 3300/3300/3300 3301/3301/3301
f 3297/3297/3297 3301/3301/3301 3302/3302/3302
f 3303/3303/3303 3302/3302/3302 3301/3301/3301
f 3301/3301/3301 3304/3304/3304 3303/3303/3303
f 3304/3304/3304 3305/3305/3305 3303/3303/3303
f 3305/3305/3305 3304/3304/3304 3306/3306/3306
f 3307/3307/3307 3305/3305/3305 3306/3306/3306
f 3304/3304/3304 3308/3308/3308 3306/3306/3306
f 3307/3307/3307 3306/3306/3306 3309/3309/3309
f 3309/3309/3309 3306/3306/3306 3308/3308/3308
f 3308/3308/3308 3310/3310/3310 3309/3309/3309
f 3310/3310/3310 3311/3311/3311 3309/3309/3309
f 3312/3312/3312 3311/3311/3311 3310/3310/3310
f 3315/3315/3315 3314/3314/3314 3313/3313/3313
f 3316/3316/3316 3313/3313/3313 3314/3314/3314
f 3316/3316/3316 3317/3317/3317 3313/3313/3313
f 3317/3317/3317 3316/3316/3316 3318/3318/3318
f 3321/3321/3321 3320/3320/3320 3319/3319/3319
f 3321/3321/3321 3322/3322/3322 3320/3320/3320
f 3323/3323/3323 3320/3320/3320 3322/3322/3322
f 3326/3326/3326 3325/3325/3325 3324/3324/3324
f 3327/3327/3327 3325/3325/3325 3326/3326/3326
f 3325/3325/3325 3327/3327/3327 3328/3328/3328
f 3328/3328/3328 3327/3327/3327 3329/3329/3329
f 3327/3327/3327 3330/3330/3330 3329/3329/3329
f 3330/3330/3330 3327/3327/3327 1431/1431/1431
f 3330/3330/3330 3331/3331/3331 3329/3329/3329
f 1431/1431/1431 3331/3331/3331 3330/3330/3330
f 3328/3328/3328 3329/3329/3329 3331/3331/3331
f 1421/1421/1421 3331/3331/3331 1431/1431/1431
f 3331/3331/3331 1421/1421/1421 1422/1422/1422
f 3331/3331/3331 1422/1422/1422 3328/3328/3328
f 3332/3332/3332 3328/3328/3328 1422/1422/1422
f 3333/3333/3333 3328/3328/3328 3332/3332/3332
f 3333/3333/3333 3332/3332/3332 3334/3334/3334
f 3334/3334/3334 3335/3335/3335 3333/3333/3333
f 3338/3338/3338 3337/3337/3337 3336/3336/3336
f 3338/3338/3338 3339/3339/3339 3337/3337/3337
f 3338/3338/3338 3340/3340/3340 3339/3339/3339
f 3338/3338/3338 3341/3341/3341 3340/3340/3340
f 3340/3340/3340 3341/3341/3341 3342/3342/3342
f 3343/3343/3343 3340/3340/3340 3342/3342/3342
f 3343/3343/3343 3344/3344/3344 3340/3340/3340
f 3343/3343/3343 3342/3342/3342 3345/3345/3345
f 3343/3343/3343 3345/3345/3345 3344/3344/3344
f 3345/3345/3345 3342/3342/3342 3346/3346/3346
f 3345/3345/3345 3347/3347/3347 3344/3344/3344
f 3345/3345/3345 3346/3346/3346 3348/3348/3348
f 3347/3347/3347 3345/3345/3345 3349/3349/3349
f 3348/3348/3348 3349/3349/3349 3345/3345/3345
f 3350/3350/3350 3347/3347/3347 3349/3349/3349
f 3350/3350/3350 3349/3349/3349 3351/3351/3351
f 3348/3348/3348 3352/3352/3352 3349/3349/3349
f 3348/3348/3348 3353/3353/3353 3352/3352/3352
f 3351/3351/3351 3349/3349/3349 3354/3354/3354
f 3354/3354/3354 3349/3349/3349 3352/3352/3352
f 3351/3351/3351 3354/3354/3354 3355/3355/3355
f 3354/3354/3354 3352/3352/3352 3356/3356/3356
f 3355/3355/3355 3354/3354/3354 3357/3357/3357
f 3358/3358/3358 3354/3354/3354 3356/3356/3356
f 3357/3357/3357 3354/3354/3354 3358/3358/3358
f 3359/3359/3359 3358/3358/3358 3356/3356/3356
f 3357/3357/3357 3358/3358/3358 3359/3359/3359
f 3362/3362/3362 3361/3361/3361 3360/3360/3360
f 3363/3363/3363 3360/3360/3360 3361/3361/3361
f 3363/3363/3363 3361/3361/3361 3364/3364/3364
f 3365/3365/3365 3364/3364/3364 3361/3361/3361
f 3363/3363/3363 3366/3366/3366 3360/3360/3360
f 3366/3366/3366 3367/3367/3367 3360/3360/3360
f 3367/3367/3367 3366/3366/3366 3368/3368/3368
f 3368/3368/3368 3369/3369/3369 3367/3367/3367
f 3369/3369/3369 3368/3368/3368 3370/3370/3370
f 3370/3370/3370 3371/3371/3371 3369/3369/3369
f 3372/3372/3372 3371/3371/3371 3370/3370/3370
f 3370/3370/3370 3373/3373/3373 3372/3372/3372
f 3374/3374/3374 3372/3372/3372 3373/3373/3373
f 3372/3372/3372 3374/3374/3374 3375/3375/3375
f 3374/3374/3374 3376/3376/3376 3375/3375/3375
f 3377/3377/3377 3366/3366/3366 3363/3363/3363
f 3377/3377/3377 3363/3363/3363 3378/3378/3378
f 3377/3377/3377 3378/3378/3378 3379/3379/3379
f 3378/3378/3378 3363/3363/3363 3364/3364/3364
f 3378/3378/3378 3380/3380/3380 3379/3379/3379
f 3378/3378/3378 3364/3364/3364 3381/3381/3381
f 3378/3378/3378 3381/3381/3381 3380/3380/3380
f 3365/3365/3365 3381/3381/3381 3364/3364/3364
f 3381/3381/3381 3382/3382/3382 3380/3380/3380
f 3365/3365/3365 3382/3382/3382 3381/3381/3381
f 3380/3380/3380 3382/3382/3382 3383/3383/3383
f 3382/3382/3382 3365/3365/3365 3384/3384/3384
f 3387/3387/3387 3386/3386/3386 3385/3385/3385
f 3388/3388/3388 3386/3386/3386 3387/3387/3387
f 3388/3388/3388 3387/3387/3387 3389/3389/3389
f 3388/3388/3388 3389/3389/3389 3390/3390/3390
f 3388/3388/3388 3390/3390/3390 3391/3391/3391
f 3389/3389/3389 3392/3392/3392 3390/3390/3390
f 3390/3390/3390 3392/3392/3392 3393/3393/3393
f 3394/3394/3394 3393/3393/3393 3392/3392/3392
f 3397/3397/3397 3396/3396/3396 3395/3395/3395
f 3396/3396/3396 3398/3398/3398 3395/3395/3395
f 3399/3399/3399 3395/3395/3395 3398/3398/3398
f 3399/3399/3399 3398/3398/3398 3400/3400/3400
f 3401/3401/3401 3398/3398/3398 3396/3396/3396
f 3402/3402/3402 3401/3401/3401 3396/3396/3396
f 3405/3405/3405 3404/3404/3404 3403/3403/3403
f 3403/3403/3403 3404/3404/3404 3406/3406/3406
f 3406/3406/3406 3407/3407/3407 3403/3403/3403
f 3410/3410/3410 3409/3409/3409 3408/3408/3408
f 3410/3410/3410 3408/3408/3408 3411/3411/3411
f 3411/3411/3411 3412/3412/3412 3410/3410/3410
f 3413/3413/3413 3410/3410/3410 3412/3412/3412
f 3412/3412/3412 3414/3414/3414 3413/3413/3413
f 3411/3411/3411 3415/3415/3415 3412/3412/3412
f 3414/3414/3414 3412/3412/3412 3415/3415/3415
f 3414/3414/3414 3415/3415/3415 3416/3416/3416
f 3415/3415/3415 3417/3417/3417 3416/3416/3416
f 3418/3418/3418 3416/3416/3416 3417/3417/3417
f 3421/3421/3421 3420/3420/3420 3419/3419/3419
f 3422/3422/3422 3421/3421/3421 3419/3419/3419
f 3423/3423/3423 3422/3422/3422 3419/3419/3419
f 3423/3423/3423 3419/3419/3419 3424/3424/3424
f 3425/3425/3425 3424/3424/3424 3419/3419/3419
f 3424/3424/3424 3425/3425/3425 3426/3426/3426
f 3426/3426/3426 3425/3425/3425 3427/3427/3427
f 3428/3428/3428 3424/3424/3424 3426/3426/3426
f 3423/3423/3423 3424/3424/3424 3428/3428/3428
f 3429/3429/3429 3426/3426/3426 3427/3427/3427
f 3430/3430/3430 3429/3429/3429 3427/3427/3427
f 3431/3431/3431 3430/3430/3430 3427/3427/3427
f 3431/3431/3431 3427/3427/3427 3432/3432/3432
f 3432/3432/3432 3433/3433/3433 3431/3431/3431
f 3434/3434/3434 3431/3431/3431 3433/3433/3433
f 3435/3435/3435 3430/3430/3430 3431/3431/3431
f 3434/3434/3434 3436/3436/3436 3431/3431/3431
f 3431/3431/3431 3436/3436/3436 3435/3435/3435
f 3435/3435/3435 3437/3437/3437 3430/3430/3430
f 3430/3430/3430 3437/3437/3437 3438/3438/3438
f 3434/3434/3434 3439/3439/3439 3436/3436/3436
f 3434/3434/3434 3440/3440/3440 3439/3439/3439
f 3439/3439/3439 3440/3440/3440 3441/3441/3441
f 3441/3441/3441 3442/3442/3442 3439/3439/3439
f 3443/3443/3443 3435/3435/3435 3436/3436/3436
f 3435/3435/3435 3443/3443/3443 3437/3437/3437
f 3444/3444/3444 3436/3436/3436 3439/3439/3439
f 3444/3444/3444 3443/3443/3443 3436/3436/3436
f 3439/3439/3439 3442/3442/3442 3445/3445/3445
f 3444/3444/3444 3439/3439/3439 3445/3445/3445
f 3446/3446/3446 3445/3445/3445 3442/3442/3442
f 3444/3444/3444 3445/3445/3445 3447/3447/3447
f 3443/3443/3443 3444/3444/3444 3447/3447/3447
f 3445/3445/3445 3446/3446/3446 3448/3448/3448
f 3445/3445/3445 3448/3448/3448 3447/3447/3447
f 3449/3449/3449 3448/3448/3448 3446/3446/3446
f 3450/3450/3450 3447/3447/3447 3448/3448/3448
f 3449/3449/3449 3450/3450/3450 3448/3448/3448
f 3451/3451/3451 3443/3443/3443 3447/3447/3447
f 3449/3449/3449 3452/3452/3452 3450/3450/3450
f 3451/3451/3451 3453/3453/3453 3443/3443/3443
f 3453/3453/3453 3437/3437/3437 3443/3443/3443
f 3454/3454/3454 3453/3453/3453 3451/3451/3451
f 3455/3455/3455 3452/3452/3452 3449/3449/3449
f 3449/3449/3449 3456/3456/3456 3455/3455/3455
f 3455/3455/3455 3457/3457/3457 3452/3452/3452
f 3457/3457/3457 3458/3458/3458 3452/3452/3452
f 3459/3459/3459 3457/3457/3457 3455/3455/3455
f 3456/3456/3456 3459/3459/3459 3455/3455/3455
f 3454/3454/3454 3460/3460/3460 3453/3453/3453
f 3461/3461/3461 3460/3460/3460 3454/3454/3454
f 3453/3453/3453 3462/3462/3462 3437/3437/3437
f 3453/3453/3453 3460/3460/3460 3462/3462/3462
f 3462/3462/3462 3463/3463/3463 3437/3437/3437
f 3437/3437/3437 3463/3463/3463 3438/3438/3438
f 3463/3463/3463 3464/3464/3464 3438/3438/3438
f 3464/3464/3464 3463/3463/3463 3465/3465/3465
f 3466/3466/3466 3465/3465/3465 3463/3463/3463
f 3467/3467/3467 3463/3463/3463 3462/3462/3462
f 3467/3467/3467 3466/3466/3466 3463/3463/3463
f 3462/3462/3462 3468/3468/3468 3467/3467/3467
f 3460/3460/3460 3469/3469/3469 3462/3462/3462
f 3468/3468/3468 3462/3462/3462 3469/3469/3469
f 3470/3470/3470 3466/3466/3466 3467/3467/3467
f 3468/3468/3468 3470/3470/3470 3467/3467/3467
f 3461/3461/3461 3471/3471/3471 3460/3460/3460
f 3472/3472/3472 3469/3469/3469 3460/3460/3460
f 3472/3472/3472 3460/3460/3460 3471/3471/3471
f 3472/3472/3472 3471/3471/3471 3473/3473/3473
f 3471/3471/3471 3461/3461/3461 3474/3474/3474
f 3474/3474/3474 3473/3473/3473 3471/3471/3471
f 3459/3459/3459 3474/3474/3474 3461/3461/3461
f 3475/3475/3475 3473/3473/3473 3474/3474/3474
f 3475/3475/3475 3476/3476/3476 3473/3473/3473
f 3476/3476/3476 3477/3477/3477 3473/3473/3473
f 3477/3477/3477 3478/3478/3478 3473/3473/3473
f 3479/3479/3479 3473/3473/3473 3478/3478/3478
f 3472/3472/3472 3473/3473/3473 3479/3479/3479
f 3480/3480/3480 3474/3474/3474 3459/3459/3459
f 3469/3469/3469 3481/3481/3481 3468/3468/3468
f 3472/3472/3472 3481/3481/3481 3469/3469/3469
f 3472/3472/3472 3479/3479/3479 3482/3482/3482
f 3482/3482/3482 3481/3481/3481 3472/3472/3472
f 3483/3483/3483 3480/3480/3480 3459/3459/3459
f 3459/3459/3459 3456/3456/3456 3483/3483/3483
f 3481/3481/3481 3484/3484/3484 3468/3468/3468
f 3484/3484/3484 3470/3470/3470 3468/3468/3468
f 3479/3479/3479 3485/3485/3485 3482/3482/3482
f 3479/3479/3479 3486/3486/3486 3485/3485/3485
f 3487/3487/3487 3482/3482/3482 3485/3485/3485
f 3485/3485/3485 3488/3488/3488 3487/3487/3487
f 3488/3488/3488 3485/3485/3485 3489/3489/3489
f 3486/3486/3486 3490/3490/3490 3485/3485/3485
f 3490/3490/3490 3489/3489/3489 3485/3485/3485
f 3486/3486/3486 3491/3491/3491 3490/3490/3490
f 3492/3492/3492 3489/3489/3489 3490/3490/3490
f 3492/3492/3492 3490/3490/3490 3491/3491/3491
f 3493/3493/3493 3489/3489/3489 3492/3492/3492
f 3491/3491/3491 3494/3494/3494 3492/3492/3492
f 3492/3492/3492 3494/3494/3494 3493/3493/3493
f 3482/3482/3482 3495/3495/3495 3481/3481/3481
f 3495/3495/3495 3482/3482/3482 3496/3496/3496
f 3495/3495/3495 3497/3497/3497 3481/3481/3481
f 3495/3495/3495 3496/3496/3496 3497/3497/3497
f 3496/3496/3496 3498/3498/3498 3497/3497/3497
f 3498/3498/3498 3496/3496/3496 3499/3499/3499
f 3498/3498/3498 3499/3499/3499 3500/3500/3500
f 3484/3484/3484 3481/3481/3481 3497/3497/3497
f 3498/3498/3498 3500/3500/3500 3501/3501/3501
f 3498/3498/3498 3502/3502/3502 3497/3497/3497
f 3497/3497/3497 3502/3502/3502 3484/3484/3484
f 3498/3498/3498 3501/3501/3501 3503/3503/3503
f 3498/3498/3498 3504/3504/3504 3502/3502/3502
f 3498/3498/3498 3503/3503/3503 3504/3504/3504
f 3503/3503/3503 3501/3501/3501 3505/3505/3505
f 3505/3505/3505 3501/3501/3501 3506/3506/3506
f 3504/3504/3504 3503/3503/3503 3507/3507/3507
f 3503/3503/3503 3505/3505/3505 3507/3507/3507
f 3505/3505/3505 3506/3506/3506 3508/3508/3508
f 3507/3507/3507 3505/3505/3505 3508/3508/3508
f 3506/3506/3506 3509/3509/3509 3508/3508/3508
f 3509/3509/3509 3506/3506/3506 3510/3510/3510
f 3511/3511/3511 3509/3509/3509 3510/3510/3510
f 3508/3508/3508 3509/3509/3509 3512/3512/3512
f 3507/3507/3507 3508/3508/3508 3512/3512/3512
f 3509/3509/3509 3511/3511/3511 3513/3513/3513
f 3513/3513/3513 3512/3512/3512 3509/3509/3509
f 3511/3511/3511 3514/3514/3514 3513/3513/3513
f 3504/3504/3504 3507/3507/3507 3515/3515/3515
f 3502/3502/3502 3504/3504/3504 3515/3515/3515
f 3507/3507/3507 3512/3512/3512 3516/3516/3516
f 3507/3507/3507 3516/3516/3516 3515/3515/3515
f 3513/3513/3513 3514/3514/3514 3517/3517/3517
f 3517/3517/3517 3514/3514/3514 3518/3518/3518
f 3519/3519/3519 3502/3502/3502 3515/3515/3515
f 3516/3516/3516 3520/3520/3520 3515/3515/3515
f 3519/3519/3519 3515/3515/3515 3520/3520/3520
f 3519/3519/3519 3521/3521/3521 3502/3502/3502
f 3484/3484/3484 3502/3502/3502 3521/3521/3521
f 3522/3522/3522 3484/3484/3484 3521/3521/3521
f 3484/3484/3484 3522/3522/3522 3470/3470/3470
f 3470/3470/3470 3522/3522/3522 3523/3523/3523
f 3523/3523/3523 3466/3466/3466 3470/3470/3470
f 3522/3522/3522 3521/3521/3521 3524/3524/3524
f 3523/3523/3523 3522/3522/3522 3524/3524/3524
f 3466/3466/3466 3523/3523/3523 3525/3525/3525
f 3524/3524/3524 3525/3525/3525 3523/3523/3523
f 3525/3525/3525 3526/3526/3526 3466/3466/3466
f 3525/3525/3525 3428/3428/3428 3526/3526/3526
f 3521/3521/3521 3519/3519/3519 3527/3527/3527
f 3527/3527/3527 3524/3524/3524 3521/3521/3521
f 3528/3528/3528 3428/3428/3428 3525/3525/3525
f 3428/3428/3428 3528/3528/3528 3423/3423/3423
f 3524/3524/3524 3529/3529/3529 3525/3525/3525
f 3525/3525/3525 3529/3529/3529 3528/3528/3528
f 3524/3524/3524 3527/3527/3527 3529/3529/3529
f 3528/3528/3528 3529/3529/3529 3530/3530/3530
f 3527/3527/3527 3530/3530/3530 3529/3529/3529
f 3423/3423/3423 3528/3528/3528 3530/3530/3530
f 3519/3519/3519 3531/3531/3531 3527/3527/3527
f 3527/3527/3527 3531/3531/3531 3530/3530/3530
f 3531/3531/3531 3519/3519/3519 3520/3520/3520
f 3530/3530/3530 3532/3532/3532 3423/3423/3423
f 3533/3533/3533 3530/3530/3530 3531/3531/3531
f 3530/3530/3530 3533/3533/3533 3532/3532/3532
f 3531/3531/3531 3534/3534/3534 3533/3533/3533
f 3531/3531/3531 3535/3535/3535 3534/3534/3534
f 3531/3531/3531 3520/3520/3520 3535/3535/3535
f 3520/3520/3520 3536/3536/3536 3535/3535/3535
f 3532/3532/3532 3533/3533/3533 3537/3537/3537
f 3532/3532/3532 3538/3538/3538 3423/3423/3423
f 3538/3538/3538 3532/3532/3532 3537/3537/3537
f 3423/3423/3423 3538/3538/3538 3422/3422/3422
f 3537/3537/3537 3422/3422/3422 3538/3538/3538
f 3539/3539/3539 3422/3422/3422 3537/3537/3537
f 3536/3536/3536 3520/3520/3520 3540/3540/3540
f 3540/3540/3540 3520/3520/3520 3516/3516/3516
f 3540/3540/3540 3541/3541/3541 3536/3536/3536
f 3516/3516/3516 3542/3542/3542 3540/3540/3540
f 3516/3516/3516 3512/3512/3512 3542/3542/3542
f 3541/3541/3541 3540/3540/3540 3543/3543/3543
f 3543/3543/3543 3540/3540/3540 3542/3542/3542
f 3541/3541/3541 3543/3543/3543 3544/3544/3544
f 3543/3543/3543 3545/3545/3545 3544/3544/3544
f 3542/3542/3542 3545/3545/3545 3543/3543/3543
f 3546/3546/3546 3544/3544/3544 3545/3545/3545
f 3545/3545/3545 3547/3547/3547 3546/3546/3546
f 3542/3542/3542 3548/3548/3548 3545/3545/3545
f 3512/3512/3512 3549/3549/3549 3542/3542/3542
f 3542/3542/3542 3549/3549/3549 3548/3548/3548
f 3512/3512/3512 3513/3513/3513 3549/3549/3549
f 3549/3549/3549 3550/3550/3550 3548/3548/3548
f 3549/3549/3549 3513/3513/3513 3550/3550/3550
f 3550/3550/3550 3513/3513/3513 3517/3517/3517
f 3548/3548/3548 3550/3550/3550 3551/3551/3551
f 3517/3517/3517 3551/3551/3551 3550/3550/3550
f 3551/3551/3551 3517/3517/3517 3552/3552/3552
f 3551/3551/3551 3552/3552/3552 3553/3553/3553
f 3556/3556/3556 3555/3555/3555 3554/3554/3554
f 3557/3557/3557 3556/3556/3556 3554/3554/3554
f 3560/3560/3560 3559/3559/3559 3558/3558/3558
f 3561/3561/3561 3558/3558/3558 3559/3559/3559
f 3562/3562/3562 3558/3558/3558 3561/3561/3561
f 3565/3565/3565 3564/3564/3564 3563/3563/3563
f 3563/3563/3563 3566/3566/3566 3565/3565/3565
f 3565/3565/3565 3566/3566/3566 3567/3567/3567
f 3565/3565/3565 3567/3567/3567 3568/3568/3568
f 3563/3563/3563 3569/3569/3569 3566/3566/3566
f 3567/3567/3567 3566/3566/3566 3569/3569/3569
f 3563/3563/3563 3570/3570/3570 3569/3569/3569
f 3569/3569/3569 3570/3570/3570 3571/3571/3571
f 3571/3571/3571 3572/3572/3572 3569/3569/3569
f 3569/3569/3569 3572/3572/3572 3567/3567/3567
f 3572/3572/3572 3571/3571/3571 3573/3573/3573
f 3568/3568/3568 3567/3567/3567 3574/3574/3574
f 3568/3568/3568 3574/3574/3574 3575/3575/3575
f 3576/3576/3576 3567/3567/3567 3572/3572/3572
f 3572/3572/3572 3573/3573/3573 3576/3576/3576
f 3574/3574/3574 3567/3567/3567 3576/3576/3576
f 3576/3576/3576 3573/3573/3573 3577/3577/3577
f 3578/3578/3578 3574/3574/3574 3576/3576/3576
f 3578/3578/3578 3576/3576/3576 3577/3577/3577
f 3578/3578/3578 3579/3579/3579 3574/3574/3574
f 3574/3574/3574 3579/3579/3579 3580/3580/3580
f 3574/3574/3574 3580/3580/3580 3575/3575/3575
f 3580/3580/3580 3581/3581/3581 3575/3575/3575
f 3582/3582/3582 3575/3575/3575 3581/3581/3581
f 3583/3583/3583 3581/3581/3581 3580/3580/3580
f 3583/3583/3583 3582/3582/3582 3581/3581/3581
f 3580/3580/3580 3579/3579/3579 3583/3583/3583
f 3584/3584/3584 3582/3582/3582 3583/3583/3583
f 3585/3585/3585 3584/3584/3584 3583/3583/3583
f 3118/3118/3118 3584/3584/3584 3585/3585/3585
f 3577/3577/3577 3573/3573/3573 3586/3586/3586
f 3573/3573/3573 3587/3587/3587 3586/3586/3586
f 3587/3587/3587 3588/3588/3588 3586/3586/3586
f 3589/3589/3589 3586/3586/3586 3588/3588/3588
f 3590/3590/3590 3586/3586/3586 3589/3589/3589
f 3590/3590/3590 3577/3577/3577 3586/3586/3586
f 3589/3589/3589 3591/3591/3591 3590/3590/3590
f 3592/3592/3592 3590/3590/3590 3591/3591/3591
f 3577/3577/3577 3590/3590/3590 3593/3593/3593
f 3590/3590/3590 3592/3592/3592 3593/3593/3593
f 3592/3592/3592 3591/3591/3591 3594/3594/3594
f 3595/3595/3595 3594/3594/3594 3591/3591/3591
f 3592/3592/3592 3594/3594/3594 3596/3596/3596
f 3118/3118/3118 3585/3585/3585 3597/3597/3597
f 3118/3118/3118 3597/3597/3597 3116/3116/3116
f 3116/3116/3116 3597/3597/3597 3598/3598/3598
f 3598/3598/3598 3115/3115/3115 3116/3116/3116
f 3599/3599/3599 3597/3597/3597 3585/3585/3585
f 3597/3597/3597 3599/3599/3599 3598/3598/3598
f 3598/3598/3598 3600/3600/3600 3115/3115/3115
f 3598/3598/3598 3599/3599/3599 3600/3600/3600
f 3115/3115/3115 3600/3600/3600 3101/3101/3101
f 3585/3585/3585 3601/3601/3601 3599/3599/3599
f 3583/3583/3583 3601/3601/3601 3585/3585/3585
f 3583/3583/3583 3579/3579/3579 3601/3601/3601
f 3599/3599/3599 3601/3601/3601 3602/3602/3602
f 3602/3602/3602 3600/3600/3600 3599/3599/3599
f 3601/3601/3601 3579/3579/3579 3602/3602/3602
f 3101/3101/3101 3600/3600/3600 3603/3603/3603
f 3600/3600/3600 3602/3602/3602 3603/3603/3603
f 3602/3602/3602 3579/3579/3579 3603/3603/3603
f 3102/3102/3102 3101/3101/3101 3603/3603/3603
f 3604/3604/3604 3102/3102/3102 3603/3603/3603
f 3579/3579/3579 3604/3604/3604 3603/3603/3603
f 3102/3102/3102 3604/3604/3604 3605/3605/3605
f 3579/3579/3579 3606/3606/3606 3604/3604/3604
f 3579/3579/3579 3578/3578/3578 3606/3606/3606
f 3604/3604/3604 3606/3606/3606 3607/3607/3607
f 3607/3607/3607 3605/3605/3605 3604/3604/3604
f 3608/3608/3608 3606/3606/3606 3578/3578/3578
f 3606/3606/3606 3608/3608/3608 3607/3607/3607
f 3605/3605/3605 3607/3607/3607 3609/3609/3609
f 3607/3607/3607 3608/3608/3608 3609/3609/3609
f 3578/3578/3578 3610/3610/3610 3608/3608/3608
f 3578/3578/3578 3577/3577/3577 3610/3610/3610
f 3577/3577/3577 3593/3593/3593 3610/3610/3610
f 3593/3593/3593 3608/3608/3608 3610/3610/3610
f 3609/3609/3609 3608/3608/3608 3593/3593/3593
f 3593/3593/3593 3592/3592/3592 3609/3609/3609
f 3609/3609/3609 3611/3611/3611 3605/3605/3605
f 3592/3592/3592 3611/3611/3611 3609/3609/3609
f 3611/3611/3611 3612/3612/3612 3605/3605/3605
f 3611/3611/3611 3592/3592/3592 3612/3612/3612
f 3605/3605/3605 3612/3612/3612 3613/3613/3613
f 3596/3596/3596 3612/3612/3612 3592/3592/3592
f 3613/3613/3613 3612/3612/3612 3596/3596/3596
f 3616/3616/3616 3615/3615/3615 3614/3614/3614
f 3615/3615/3615 3616/3616/3616 3617/3617/3617
f 3617/3617/3617 3616/3616/3616 3618/3618/3618
f 3618/3618/3618 3619/3619/3619 3617/3617/3617
f 3618/3618/3618 3616/3616/3616 3620/3620/3620
f 3621/3621/3621 3620/3620/3620 3616/3616/3616
f 3622/3622/3622 3620/3620/3620 3621/3621/3621
f 3618/3618/3618 3623/3623/3623 3619/3619/3619
f 3618/3618/3618 3620/3620/3620 3623/3623/3623
f 3622/3622/3622 3624/3624/3624 3620/3620/3620
f 3623/3623/3623 3620/3620/3620 3624/3624/3624
f 3625/3625/3625 3624/3624/3624 3622/3622/3622
f 3619/3619/3619 3623/3623/3623 3626/3626/3626
f 3626/3626/3626 3627/3627/3627 3619/3619/3619
f 3623/3623/3623 3624/3624/3624 3628/3628/3628
f 3624/3624/3624 3625/3625/3625 3628/3628/3628
f 3628/3628/3628 3626/3626/3626 3623/3623/3623
f 3625/3625/3625 3629/3629/3629 3628/3628/3628
f 3629/3629/3629 3625/3625/3625 3630/3630/3630
f 3630/3630/3630 3631/3631/3631 3629/3629/3629
f 3629/3629/3629 3632/3632/3632 3628/3628/3628
f 3628/3628/3628 3632/3632/3632 3626/3626/3626
f 3626/3626/3626 3633/3633/3633 3627/3627/3627
f 3627/3627/3627 3633/3633/3633 3634/3634/3634
f 3629/3629/3629 3631/3631/3631 3635/3635/3635
f 3635/3635/3635 3632/3632/3632 3629/3629/3629
f 3636/3636/3636 3626/3626/3626 3632/3632/3632
f 3635/3635/3635 3636/3636/3636 3632/3632/3632
f 3633/3633/3633 3626/3626/3626 3636/3636/3636
f 3635/3635/3635 3631/3631/3631 3637/3637/3637
f 3637/3637/3637 3636/3636/3636 3635/3635/3635
f 3638/3638/3638 3637/3637/3637 3631/3631/3631
f 3636/3636/3636 3639/3639/3639 3633/3633/3633
f 3637/3637/3637 3639/3639/3639 3636/3636/3636
f 3637/3637/3637 3638/3638/3638 3640/3640/3640
f 3640/3640/3640 3639/3639/3639 3637/3637/3637
f 3639/3639/3639 3641/3641/3641 3633/3633/3633
f 3633/3633/3633 3641/3641/3641 3634/3634/3634
f 3639/3639/3639 3642/3642/3642 3641/3641/3641
f 3642/3642/3642 3639/3639/3639 3640/3640/3640
f 3638/3638/3638 3643/3643/3643 3640/3640/3640
f 3638/3638/3638 3644/3644/3644 3643/3643/3643
f 3634/3634/3634 3641/3641/3641 3645/3645/3645
f 3641/3641/3641 3642/3642/3642 3645/3645/3645
f 3643/3643/3643 3646/3646/3646 3640/3640/3640
f 3640/3640/3640 3646/3646/3646 3642/3642/3642
f 3644/3644/3644 3647/3647/3647 3643/3643/3643
f 3644/3644/3644 3648/3648/3648 3647/3647/3647
f 3646/3646/3646 3643/3643/3643 3649/3649/3649
f 3646/3646/3646 3649/3649/3649 3642/3642/3642
f 3643/3643/3643 3647/3647/3647 3649/3649/3649
f 3648/3648/3648 3650/3650/3650 3647/3647/3647
f 3647/3647/3647 3650/3650/3650 3649/3649/3649
f 3642/3642/3642 3649/3649/3649 3651/3651/3651
f 3645/3645/3645 3642/3642/3642 3651/3651/3651
f 3652/3652/3652 3650/3650/3650 3648/3648/3648
f 3653/3653/3653 3652/3652/3652 3648/3648/3648
f 3649/3649/3649 3650/3650/3650 3654/3654/3654
f 3649/3649/3649 3654/3654/3654 3651/3651/3651
f 3650/3650/3650 3655/3655/3655 3654/3654/3654
f 3650/3650/3650 3652/3652/3652 3655/3655/3655
f 3656/3656/3656 3655/3655/3655 3652/3652/3652
f 3656/3656/3656 3652/3652/3652 3657/3657/3657
f 3652/3652/3652 3658/3658/3658 3657/3657/3657
f 3652/3652/3652 3653/3653/3653 3658/3658/3658
f 3658/3658/3658 3653/3653/3653 3659/3659/3659
f 3653/3653/3653 3660/3660/3660 3659/3659/3659
f 3660/3660/3660 3653/3653/3653 3661/3661/3661
f 3662/3662/3662 3651/3651/3651 3654/3654/3654
f 3654/3654/3654 3663/3663/3663 3662/3662/3662
f 3664/3664/3664 3651/3651/3651 3662/3662/3662
f 3665/3665/3665 3651/3651/3651 3664/3664/3664
f 3664/3664/3664 3666/3666/3666 3665/3665/3665
f 3645/3645/3645 3651/3651/3651 3665/3665/3665
f 3667/3667/3667 3665/3665/3665 3666/3666/3666
f 3668/3668/3668 3667/3667/3667 3666/3666/3666
f 3669/3669/3669 3665/3665/3665 3667/3667/3667
f 3670/3670/3670 3665/3665/3665 3669/3669/3669
f 3670/3670/3670 3645/3645/3645 3665/3665/3665
f 3634/3634/3634 3645/3645/3645 3670/3670/3670
f 3670/3670/3670 3671/3671/3671 3634/3634/3634
f 3672/3672/3672 3634/3634/3634 3671/3671/3671
f 3674/3674/3674 3480/3480/3480 3673/3673/3673
f 3675/3675/3675 3673/3673/3673 3480/3480/3480
f 3483/3483/3483 3675/3675/3675 3480/3480/3480
f 3676/3676/3676 3675/3675/3675 3483/3483/3483
f 3483/3483/3483 3456/3456/3456 3676/3676/3676
f 3456/3456/3456 3677/3677/3677 3676/3676/3676
f 3677/3677/3677 3456/3456/3456 3678/3678/3678
f 3680/3680/3680 1728/1728/1728 3679/3679/3679
f 1728/1728/1728 3681/3681/3681 3679/3679/3679
f 1728/1728/1728 1832/1832/1832 3681/3681/3681
f 3681/3681/3681 1832/1832/1832 3682/3682/3682
f 3682/3682/3682 1832/1832/1832 3683/3683/3683
f 3683/3683/3683 3684/3684/3684 3682/3682/3682
f 1832/1832/1832 3685/3685/3685 3683/3683/3683
f 1832/1832/1832 1831/1831/1831 3685/3685/3685
f 1831/1831/1831 3686/3686/3686 3685/3685/3685
f 3685/3685/3685 3686/3686/3686 3683/3683/3683
f 1831/1831/1831 1830/1830/1830 3686/3686/3686
f 3684/3684/3684 3683/3683/3683 3687/3687/3687
f 3683/3683/3683 3686/3686/3686 3687/3687/3687
f 3688/3688/3688 3684/3684/3684 3687/3687/3687
f 3687/3687/3687 3686/3686/3686 3688/3688/3688
f 3686/3686/3686 3689/3689/3689 3688/3688/3688
f 3686/3686/3686 1830/1830/1830 3689/3689/3689
f 1830/1830/1830 1829/1829/1829 3689/3689/3689
f 3692/3692/3692 3691/3691/3691 3690/3690/3690
f 3693/3693/3693 3691/3691/3691 3692/3692/3692
f 3692/3692/3692 3694/3694/3694 3693/3693/3693
f 3695/3695/3695 3691/3691/3691 3693/3693/3693
f 3698/3698/3698 3697/3697/3697 3696/3696/3696
f 3699/3699/3699 3698/3698/3698 3696/3696/3696
f 3698/3698/3698 3699/3699/3699 3700/3700/3700
f 3700/3700/3700 3699/3699/3699 3701/3701/3701
f 3702/3702/3702 3701/3701/3701 3699/3699/3699
f 3701/3701/3701 3703/3703/3703 3700/3700/3700
f 3706/3706/3706 3705/3705/3705 3704/3704/3704
f 3706/3706/3706 3704/3704/3704 3707/3707/3707
f 3708/3708/3708 3707/3707/3707 3704/3704/3704
f 3707/3707/3707 3708/3708/3708 3709/3709/3709
f 3712/3712/3712 3711/3711/3711 3710/3710/3710
f 3713/3713/3713 3710/3710/3710 3711/3711/3711
f 3711/3711/3711 3714/3714/3714 3713/3713/3713
f 3715/3715/3715 3713/3713/3713 3714/3714/3714
f 3714/3714/3714 3716/3716/3716 3715/3715/3715
f 3719/3719/3719 3718/3718/3718 3717/3717/3717
f 3719/3719/3719 3717/3717/3717 3720/3720/3720
f 3721/3721/3721 3719/3719/3719 3720/3720/3720
f 3721/3721/3721 3720/3720/3720 3722/3722/3722
f 3725/3725/3725 3724/3724/3724 3723/3723/3723
f 3725/3725/3725 3723/3723/3723 3726/3726/3726
f 3725/3725/3725 3726/3726/3726 3727/3727/3727
f 3730/3730/3730 3729/3729/3729 3728/3728/3728
f 3730/3730/3730 3728/3728/3728 3731/3731/3731
f 3728/3728/3728 3732/3732/3732 3731/3731/3731
f 3732/3732/3732 3733/3733/3733 3731/3731/3731
f 3733/3733/3733 3732/3732/3732 3734/3734/3734
f 3733/3733/3733 3735/3735/3735 3731/3731/3731
f 3733/3733/3733 3736/3736/3736 3735/3735/3735
f 3737/3737/3737 3735/3735/3735 3736/3736/3736
f 3740/3740/3740 3739/3739/3739 3738/3738/3738
f 3738/3738/3738 3739/3739/3739 3741/3741/3741
f 3744/3744/3744 3743/3743/3743 3742/3742/3742
f 3744/3744/3744 3745/3745/3745 3743/3743/3743
f 3744/3744/3744 3746/3746/3746 3745/3745/3745
f 3745/3745/3745 3746/3746/3746 3747/3747/3747
f 3748/3748/3748 3745/3745/3745 3747/3747/3747
f 3746/3746/3746 3749/3749/3749 3747/3747/3747
f 3750/3750/3750 3748/3748/3748 3747/3747/3747
f 3749/3749/3749 3750/3750/3750 3747/3747/3747
f 3751/3751/3751 3750/3750/3750 3749/3749/3749
f 3751/3751/3751 3752/3752/3752 3750/3750/3750
f 3752/3752/3752 3753/3753/3753 3750/3750/3750
f 3756/3756/3756 3755/3755/3755 3754/3754/3754
f 3755/3755/3755 3757/3757/3757 3754/3754/3754
f 3758/3758/3758 3754/3754/3754 3757/3757/3757
f 3757/3757/3757 3755/3755/3755 3759/3759/3759
f 3762/3762/3762 3761/3761/3761 3760/3760/3760
f 3760/3760/3760 3763/3763/3763 3762/3762/3762
f 3764/3764/3764 3762/3762/3762 3763/3763/3763
f 3764/3764/3764 3765/3765/3765 3762/3762/3762
f 3766/3766/3766 3765/3765/3765 3764/3764/3764
f 3766/3766/3766 3764/3764/3764 3767/3767/3767
f 3768/3768/3768 3767/3767/3767 3764/3764/3764
f 3766/3766/3766 3769/3769/3769 3765/3765/3765
f 3768/3768/3768 3770/3770/3770 3767/3767/3767
f 3769/3769/3769 3766/3766/3766 3771/3771/3771
f 3766/3766/3766 3767/3767/3767 3771/3771/3771
f 3771/3771/3771 3772/3772/3772 3769/3769/3769
f 3771/3771/3771 3767/3767/3767 3772/3772/3772
f 3773/3773/3773 3769/3769/3769 3772/3772/3772
f 3773/3773/3773 3772/3772/3772 3767/3767/3767
f 3774/3774/3774 3767/3767/3767 3770/3770/3770
f 3773/3773/3773 3767/3767/3767 3774/3774/3774
f 3775/3775/3775 3774/3774/3774 3770/3770/3770
f 3773/3773/3773 3774/3774/3774 3776/3776/3776
f 3776/3776/3776 3774/3774/3774 3775/3775/3775
f 3777/3777/3777 3773/3773/3773 3776/3776/3776
f 3775/3775/3775 3778/3778/3778 3776/3776/3776
f 3777/3777/3777 3776/3776/3776 3778/3778/3778
f 3779/3779/3779 3778/3778/3778 3775/3775/3775
f 3777/3777/3777 3778/3778/3778 3780/3780/3780
f 3778/3778/3778 3779/3779/3779 3781/3781/3781
f 3780/3780/3780 3778/3778/3778 3781/3781/3781
f 3781/3781/3781 3779/3779/3779 3782/3782/3782
f 3780/3780/3780 3781/3781/3781 3783/3783/3783
f 3781/3781/3781 3782/3782/3782 3784/3784/3784
f 3783/3783/3783 3781/3781/3781 3784/3784/3784
f 3785/3785/3785 3783/3783/3783 3784/3784/3784
f 3788/3788/3788 3787/3787/3787 3786/3786/3786
f 3787/3787/3787 3789/3789/3789 3786/3786/3786
f 3786/3786/3786 3789/3789/3789 3790/3790/3790
f 3789/3789/3789 3791/3791/3791 3790/3790/3790
f 3789/3789/3789 3787/3787/3787 3792/3792/3792
f 3789/3789/3789 3793/3793/3793 3791/3791/3791
f 3789/3789/3789 3792/3792/3792 3793/3793/3793
f 3791/3791/3791 3793/3793/3793 3794/3794/3794
f 3793/3793/3793 3792/3792/3792 3795/3795/3795
f 3792/3792/3792 3796/3796/3796 3795/3795/3795
f 3796/3796/3796 3797/3797/3797 3795/3795/3795
f 3793/3793/3793 3798/3798/3798 3794/3794/3794
f 3793/3793/3793 3795/3795/3795 3798/3798/3798
f 3795/3795/3795 3797/3797/3797 3799/3799/3799
f 3795/3795/3795 3799/3799/3799 3798/3798/3798
f 3800/3800/3800 3799/3799/3799 3797/3797/3797
f 3794/3794/3794 3798/3798/3798 3801/3801/3801
f 3798/3798/3798 3799/3799/3799 3801/3801/3801
f 3801/3801/3801 3802/3802/3802 3794/3794/3794
f 3801/3801/3801 3803/3803/3803 3802/3802/3802
f 3799/3799/3799 3800/3800/3800 3804/3804/3804
f 3801/3801/3801 3799/3799/3799 3804/3804/3804
f 3803/3803/3803 3801/3801/3801 3804/3804/3804
f 3804/3804/3804 3800/3800/3800 3805/3805/3805
f 3804/3804/3804 3806/3806/3806 3803/3803/3803
f 3806/3806/3806 3804/3804/3804 3805/3805/3805
f 3809/3809/3809 3808/3808/3808 3807/3807/3807
f 3810/3810/3810 3808/3808/3808 3809/3809/3809
f 3810/3810/3810 3811/3811/3811 3808/3808/3808
f 3811/3811/3811 3812/3812/3812 3808/3808/3808
f 3812/3812/3812 3811/3811/3811 3813/3813/3813
f 3816/3816/3816 3815/3815/3815 3814/3814/3814
f 3815/3815/3815 3817/3817/3817 3814/3814/3814
f 3818/3818/3818 3814/3814/3814 3817/3817/3817
f 3817/3817/3817 3819/3819/3819 3818/3818/3818
f 3818/3818/3818 3819/3819/3819 3820/3820/3820
f 3823/3823/3823 3822/3822/3822 3821/3821/3821
f 3824/3824/3824 3822/3822/3822 3823/3823/3823
f 3827/3827/3827 3826/3826/3826 3825/3825/3825
f 3826/3826/3826 3828/3828/3828 3825/3825/3825
f 3826/3826/3826 3829/3829/3829 3828/3828/3828
f 3828/3828/3828 3829/3829/3829 3830/3830/3830
f 3833/3833/3833 3832/3832/3832 3831/3831/3831
f 3831/3831/3831 3832/3832/3832 3834/3834/3834
f 3835/3835/3835 3831/3831/3831 3834/3834/3834
f 3834/3834/3834 3836/3836/3836 3835/3835/3835
f 3836/3836/3836 3834/3834/3834 3837/3837/3837
f 3834/3834/3834 3832/3832/3832 3837/3837/3837
f 3832/3832/3832 3838/3838/3838 3837/3837/3837
f 3837/3837/3837 3838/3838/3838 3839/3839/3839
f 3837/3837/3837 3839/3839/3839 3840/3840/3840
f 3840/3840/3840 3839/3839/3839 3841/3841/3841
f 3842/3842/3842 3840/3840/3840 3841/3841/3841
f 3843/3843/3843 3842/3842/3842 3841/3841/3841
f 3844/3844/3844 3843/3843/3843 3841/3841/3841
f 3843/3843/3843 3844/3844/3844 3845/3845/3845
f 3845/3845/3845 3846/3846/3846 3843/3843/3843
f 3849/3849/3849 3848/3848/3848 3847/3847/3847
f 3848/3848/3848 3849/3849/3849 3850/3850/3850
f 3851/3851/3851 3850/3850/3850 3849/3849/3849
f 3854/3854/3854 3853/3853/3853 3852/3852/3852
f 3853/3853/3853 3855/3855/3855 3852/3852/3852
f 3855/3855/3855 3856/3856/3856 3852/3852/3852
f 3855/3855/3855 3857/3857/3857 3856/3856/3856
f 3858/3858/3858 3857/3857/3857 3855/3855/3855
f 3859/3859/3859 3857/3857/3857 3858/3858/3858
f 3859/3859/3859 3860/3860/3860 3857/3857/3857
f 3863/3863/3863 3862/3862/3862 3861/3861/3861
f 3864/3864/3864 3862/3862/3862 3863/3863/3863
f 3864/3864/3864 3865/3865/3865 3862/3862/3862
f 3868/3868/3868 3867/3867/3867 3866/3866/3866
f 3867/3867/3867 3869/3869/3869 3866/3866/3866
f 3872/3872/3872 3871/3871/3871 3870/3870/3870
f 3871/3871/3871 3873/3873/3873 3870/3870/3870
f 3874/3874/3874 3873/3873/3873 3871/3871/3871
f 3875/3875/3875 3873/3873/3873 3874/3874/3874
f 3873/3873/3873 3875/3875/3875 3876/3876/3876
f 3876/3876/3876 3875/3875/3875 3877/3877/3877
f 3876/3876/3876 3877/3877/3877 3878/3878/3878
f 3877/3877/3877 3875/3875/3875 3879/3879/3879
f 3882/3882/3882 3881/3881/3881 3880/3880/3880
f 3882/3882/3882 3880/3880/3880 3883/3883/3883
f 3883/3883/3883 3884/3884/3884 3882/3882/3882
f 3885/3885/3885 3884/3884/3884 3883/3883/3883
f 3888/3888/3888 3887/3887/3887 3886/3886/3886
f 3889/3889/3889 3886/3886/3886 3887/3887/3887
f 3889/3889/3889 3887/3887/3887 3890/3890/3890
f 3891/3891/3891 3890/3890/3890 3887/3887/3887
f 3890/3890/3890 3891/3891/3891 3892/3892/3892
f 3892/3892/3892 3891/3891/3891 3893/3893/3893
f 3893/3893/3893 3891/3891/3891 3894/3894/3894
f 3893/3893/3893 3894/3894/3894 3895/3895/3895
f 3898/3898/3898 3897/3897/3897 3896/3896/3896
f 3896/3896/3896 3899/3899/3899 3898/3898/3898
f 3896/3896/3896 3900/3900/3900 3899/3899/3899
f 3899/3899/3899 3900/3900/3900 3901/3901/3901
f 3900/3900/3900 3902/3902/3902 3901/3901/3901
f 3899/3899/3899 3901/3901/3901 3903/3903/3903
f 3906/3906/3906 3905/3905/3905 3904/3904/3904
f 3905/3905/3905 3907/3907/3907 3904/3904/3904
f 1674/1674/1674 3909/3909/3909 3908/3908/3908
f 3910/3910/3910 3909/3909/3909 1674/1674/1674
f 3910/3910/3910 1674/1674/1674 1672/1672/1672
f 1690/1690/1690 3910/3910/3910 1672/1672/1672
f 1690/1690/1690 3909/3909/3909 3910/3910/3910
f 1690/1690/1690 3911/3911/3911 3909/3909/3909
f 3912/3912/3912 3909/3909/3909 3911/3911/3911
f 1690/1690/1690 1691/1691/1691 3911/3911/3911
f 3912/3912/3912 3911/3911/3911 1691/1691/1691
f 3915/3915/3915 3914/3914/3914 3913/3913/3913
f 3916/3916/3916 3914/3914/3914 3915/3915/3915
f 3916/3916/3916 3915/3915/3915 3917/3917/3917
f 3918/3918/3918 3916/3916/3916 3917/3917/3917
f 3918/3918/3918 3919/3919/3919 3916/3916/3916
f 3922/3922/3922 3921/3921/3921 3920/3920/3920
f 3920/3920/3920 3923/3923/3923 3922/3922/3922
f 3924/3924/3924 3922/3922/3922 3923/3923/3923
f 3922/3922/3922 3924/3924/3924 3925/3925/3925
f 3926/3926/3926 3922/3922/3922 3925/3925/3925
f 3922/3922/3922 3926/3926/3926 3927/3927/3927
f 3925/3925/3925 3928/3928/3928 3926/3926/3926
f 3929/3929/3929 3926/3926/3926 3928/3928/3928
f 3927/3927/3927 3926/3926/3926 3929/3929/3929
f 3930/3930/3930 3927/3927/3927 3929/3929/3929
f 3930/3930/3930 3931/3931/3931 3927/3927/3927
f 3932/3932/3932 3927/3927/3927 3931/3931/3931
f 3932/3932/3932 3933/3933/3933 3927/3927/3927
f 3934/3934/3934 3922/3922/3922 3927/3927/3927
f 3927/3927/3927 3933/3933/3933 3934/3934/3934
f 3935/3935/3935 3922/3922/3922 3934/3934/3934
f 3934/3934/3934 3936/3936/3936 3935/3935/3935
f 3937/3937/3937 3935/3935/3935 3936/3936/3936
f 3933/3933/3933 3938/3938/3938 3934/3934/3934
f 3936/3936/3936 3934/3934/3934 3938/3938/3938
f 3933/3933/3933 3939/3939/3939 3938/3938/3938
f 3933/3933/3933 3940/3940/3940 3939/3939/3939
f 3941/3941/3941 3939/3939/3939 3940/3940/3940
f 3941/3941/3941 3942/3942/3942 3939/3939/3939
f 3943/3943/3943 3937/3937/3937 3936/3936/3936
f 3938/3938/3938 3943/3943/3943 3936/3936/3936
f 3939/3939/3939 3943/3943/3943 3938/3938/3938
f 3937/3937/3937 3943/3943/3943 3944/3944/3944
f 3943/3943/3943 3939/3939/3939 3944/3944/3944
f 3939/3939/3939 3945/3945/3945 3944/3944/3944
f 3944/3944/3944 3945/3945/3945 3946/3946/3946
f 3946/3946/3946 3945/3945/3945 3947/3947/3947
f 3948/3948/3948 3946/3946/3946 3947/3947/3947
f 3947/3947/3947 3949/3949/3949 3948/3948/3948
f 3950/3950/3950 3949/3949/3949 3947/3947/3947
f 3951/3951/3951 3950/3950/3950 3947/3947/3947
f 3947/3947/3947 3942/3942/3942 3951/3951/3951
f 3939/3939/3939 3942/3942/3942 3952/3952/3952
f 3952/3952/3952 3945/3945/3945 3939/3939/3939
f 3942/3942/3942 3947/3947/3947 3952/3952/3952
f 3945/3945/3945 3952/3952/3952 3947/3947/3947
f 3955/3955/3955 3954/3954/3954 3953/3953/3953
f 3954/3954/3954 3956/3956/3956 3953/3953/3953
f 3956/3956/3956 3957/3957/3957 3953/3953/3953
f 3958/3958/3958 3956/3956/3956 3954/3954/3954
f 3958/3958/3958 3954/3954/3954 3959/3959/3959
f 3960/3960/3960 3958/3958/3958 3959/3959/3959
f 3958/3958/3958 3960/3960/3960 3961/3961/3961
f 3956/3956/3956 3958/3958/3958 3961/3961/3961
f 3961/3961/3961 3962/3962/3962 3956/3956/3956
f 3957/3957/3957 3956/3956/3956 3963/3963/3963
f 3956/3956/3956 3962/3962/3962 3963/3963/3963
f 3964/3964/3964 3957/3957/3957 3963/3963/3963
f 3962/3962/3962 3964/3964/3964 3963/3963/3963
f 3967/3967/3967 3966/3966/3966 3965/3965/3965
f 3968/3968/3968 3965/3965/3965 3966/3966/3966
f 3965/3965/3965 3968/3968/3968 3969/3969/3969
f 3970/3970/3970 3969/3969/3969 3968/3968/3968
f 3971/3971/3971 3969/3969/3969 3970/3970/3970
f 3971/3971/3971 3972/3972/3972 3969/3969/3969
f 3972/3972/3972 3973/3973/3973 3969/3969/3969
f 3972/3972/3972 3974/3974/3974 3973/3973/3973
f 3975/3975/3975 3974/3974/3974 3972/3972/3972
f 3972/3972/3972 3971/3971/3971 3975/3975/3975
f 3976/3976/3976 3975/3975/3975 3971/3971/3971
f 3977/3977/3977 3975/3975/3975 3976/3976/3976
f 3977/3977/3977 3978/3978/3978 3975/3975/3975
f 3977/3977/3977 3979/3979/3979 3978/3978/3978
f 3980/3980/3980 3979/3979/3979 3977/3977/3977
f 3977/3977/3977 3981/3981/3981 3980/3980/3980
f 3981/3981/3981 3982/3982/3982 3980/3980/3980
f 3982/3982/3982 3983/3983/3983 3980/3980/3980
f 3983/3983/3983 3984/3984/3984 3980/3980/3980
f 3980/3980/3980 3984/3984/3984 3979/3979/3979
f 3984/3984/3984 3985/3985/3985 3979/3979/3979
f 3985/3985/3985 3986/3986/3986 3979/3979/3979
f 3989/3989/3989 3988/3988/3988 3987/3987/3987
f 3990/3990/3990 3989/3989/3989 3987/3987/3987
f 3993/3993/3993 3992/3992/3992 3991/3991/3991
f 3994/3994/3994 3992/3992/3992 3993/3993/3993
f 3994/3994/3994 3995/3995/3995 3992/3992/3992
f 3998/3998/3998 3997/3997/3997 3996/3996/3996
f 3996/3996/3996 3999/3999/3999 3998/3998/3998
f 4000/4000/4000 3999/3999/3999 3996/3996/3996
f 4000/4000/4000 4001/4001/4001 3999/3999/3999
f 4004/4004/4004 4003/4003/4003 4002/4002/4002
f 4002/4002/4002 4005/4005/4005 4004/4004/4004
f 4006/4006/4006 4004/4004/4004 4005/4005/4005
f 4007/4007/4007 4004/4004/4004 4006/4006/4006
f 4010/4010/4010 4009/4009/4009 4008/4008/4008
f 4011/4011/4011 4008/4008/4008 4009/4009/4009
f 4014/4014/4014 4013/4013/4013 4012/4012/4012
f 4012/4012/4012 4013/4013/4013 4015/4015/4015
f 4018/4018/4018 4017/4017/4017 4016/4016/4016
f 4019/4019/4019 4016/4016/4016 4017/4017/4017
f 4022/4022/4022 4021/4021/4021 4020/4020/4020
f 4023/4023/4023 4021/4021/4021 4022/4022/4022
f 4023/4023/4023 4024/4024/4024 4021/4021/4021
f 4027/4027/4027 4026/4026/4026 4025/4025/4025
f 4028/4028/4028 4027/4027/4027 4025/4025/4025
f 4031/4031/4031 4030/4030/4030 4029/4029/4029
f 4030/4030/4030 4032/4032/4032 4029/4029/4029
f 4029/4029/4029 4032/4032/4032 4033/4033/4033
f 4034/4034/4034 4032/4032/4032 4030/4030/4030
f 4035/4035/4035 4034/4034/4034 4030/4030/4030
f 4032/4032/4032 4034/4034/4034 4036/4036/4036
f 4032/4032/4032 4037/4037/4037 4033/4033/4033
f 4037/4037/4037 4032/4032/4032 4036/4036/4036
f 4033/4033/4033 4037/4037/4037 4038/4038/4038
f 4037/4037/4037 4036/4036/4036 4039/4039/4039
f 4037/4037/4037 4040/4040/4040 4038/4038/4038
f 4040/4040/4040 4037/4037/4037 4039/4039/4039
f 4038/4038/4038 4040/4040/4040 4041/4041/4041
f 4040/4040/4040 4039/4039/4039 4042/4042/4042
f 4040/4040/4040 4043/4043/4043 4041/4041/4041
f 4043/4043/4043 4040/4040/4040 4042/4042/4042
f 4041/4041/4041 4043/4043/4043 4044/4044/4044
f 4043/4043/4043 4042/4042/4042 4045/4045/4045
f 4043/4043/4043 4046/4046/4046 4044/4044/4044
f 4046/4046/4046 4043/4043/4043 4045/4045/4045
f 4044/4044/4044 4046/4046/4046 4047/4047/4047
f 4046/4046/4046 4045/4045/4045 4048/4048/4048
f 4046/4046/4046 4049/4049/4049 4047/4047/4047
f 4049/4049/4049 4046/4046/4046 4048/4048/4048
f 4047/4047/4047 4049/4049/4049 4050/4050/4050
f 4049/4049/4049 4048/4048/4048 4051/4051/4051
f 4049/4049/4049 4052/4052/4052 4050/4050/4050
f 4052/4052/4052 4049/4049/4049 4051/4051/4051
f 4050/4050/4050 4052/4052/4052 4053/4053/4053
f 4052/4052/4052 4051/4051/4051 4054/4054/4054
f 4052/4052/4052 4055/4055/4055 4053/4053/4053
f 4055/4055/4055 4052/4052/4052 4054/4054/4054
f 4053/4053/4053 4055/4055/4055 4056/4056/4056
f 4055/4055/4055 4054/4054/4054 4057/4057/4057
f 4055/4055/4055 4058/4058/4058 4056/4056/4056
f 4058/4058/4058 4055/4055/4055 4057/4057/4057
f 4056/4056/4056 4058/4058/4058 4059/4059/4059
f 4058/4058/4058 4057/4057/4057 4060/4060/4060
f 4058/4058/4058 4061/4061/4061 4059/4059/4059
f 4061/4061/4061 4058/4058/4058 4060/4060/4060
f 4059/4059/4059 4061/4061/4061 4062/4062/4062
f 4061/4061/4061 4060/4060/4060 4063/4063/4063
f 4061/4061/4061 4064/4064/4064 4062/4062/4062
f 4064/4064/4064 4061/4061/4061 4063/4063/4063
f 4062/4062/4062 4064/4064/4064 4065/4065/4065
f 4064/4064/4064 4063/4063/4063 4066/4066/4066
f 4064/4064/4064 4067/4067/4067 4065/4065/4065
f 4067/4067/4067 4064/4064/4064 4066/4066/4066
f 4065/4065/4065 4067/4067/4067 4068/4068/4068
f 4067/4067/4067 4066/4066/4066 4069/4069/4069
f 4067/4067/4067 4070/4070/4070 4068/4068/4068
f 4070/4070/4070 4067/4067/4067 4069/4069/4069
f 4068/4068/4068 4070/4070/4070 4071/4071/4071
f 4070/4070/4070 4069/4069/4069 4072/4072/4072
f 4070/4070/4070 4073/4073/4073 4071/4071/4071
f 4073/4073/4073 4070/4070/4070 4072/4072/4072
f 4071/4071/4071 4073/4073/4073 4074/4074/4074
f 4073/4073/4073 4072/4072/4072 4075/4075/4075
f 4073/4073/4073 4076/4076/4076 4074/4074/4074
f 4076/4076/4076 4073/4073/4073 4075/4075/4075
f 4074/4074/4074 4076/4076/4076 4077/4077/4077
f 4076/4076/4076 4075/4075/4075 4078/4078/4078
f 4076/4076/4076 4079/4079/4079 4077/4077/4077
f 4079/4079/4079 4076/4076/4076 4078/4078/4078
f 4077/4077/4077 4079/4079/4079 4080/4080/4080
f 4079/4079/4079 4078/4078/4078 4081/4081/4081
f 4079/4079/4079 4082/4082/4082 4080/4080/4080
f 4082/4082/4082 4079/4079/4079 4081/4081/4081
f 4080/4080/4080 4082/4082/4082 4083/4083/4083
f 4082/4082/4082 4081/4081/4081 4084/4084/4084
f 4082/4082/4082 4085/4085/4085 4083/4083/4083
f 4085/4085/4085 4082/4082/4082 4084/4084/4084
f 4083/4083/4083 4085/4085/4085 4086/4086/4086
f 4085/4085/4085 4084/4084/4084 4087/4087/4087
f 4085/4085/4085 4088/4088/4088 4086/4086/4086
f 4088/4088/4088 4085/4085/4085 4087/4087/4087
f 4086/4086/4086 4088/4088/4088 4089/4089/4089
f 4088/4088/4088 4087/4087/4087 4090/4090/4090
f 4088/4088/4088 4091/4091/4091 4089/4089/4089
f 4091/4091/4091 4088/4088/4088 4090/4090/4090
f 4089/4089/4089 4091/4091/4091 4092/4092/4092
f 4091/4091/4091 4090/4090/4090 4093/4093/4093
f 4091/4091/4091 4094/4094/4094 4092/4092/4092
f 4094/4094/4094 4091/4091/4091 4093/4093/4093
f 4092/4092/4092 4094/4094/4094 4095/4095/4095
f 4094/4094/4094 4093/4093/4093 4096/4096/4096
f 4094/4094/4094 4097/4097/4097 4095/4095/4095
f 4097/4097/4097 4094/4094/4094 4096/4096/4096
f 4095/4095/4095 4097/4097/4097 4098/4098/4098
f 4097/4097/4097 4096/4096/4096 4099/4099/4099
f 4097/4097/4097 4100/4100/4100 4098/4098/4098
f 4100/4100/4100 4097/4097/4097 4099/4099/4099
f 4098/4098/4098 4100/4100/4100 4101/4101/4101
f 4100/4100/4100 4099/4099/4099 4102/4102/4102
f 4100/4100/4100 4103/4103/4103 4101/4101/4101
f 4103/4103/4103 4100/4100/4100 4102/4102/4102
f 4106/4106/4106 4105/4105/4105 4104/4104/4104
f 4105/4105/4105 4106/4106/4106 4107/4107/4107
f 4108/4108/4108 4105/4105/4105 4107/4107/4107
f 4105/4105/4105 4109/4109/4109 4104/4104/4104
f 4110/4110/4110 4105/4105/4105 4108/4108/4108
f 4105/4105/4105 4111/4111/4111 4109/4109/4109
f 4110/4110/4110 4111/4111/4111 4105/4105/4105
f 4111/4111/4111 4112/4112/4112 4109/4109/4109
f 4110/4110/4110 4113/4113/4113 4111/4111/4111
f 4111/4111/4111 4114/4114/4114 4112/4112/4112
f 4113/4113/4113 4114/4114/4114 4111/4111/4111
f 4117/4117/4117 4116/4116/4116 4115/4115/4115
f 4118/4118/4118 4117/4117/4117 4115/4115/4115
f 4117/4117/4117 4119/4119/4119 4116/4116/4116
f 4120/4120/4120 4117/4117/4117 4118/4118/4118
f 4119/4119/4119 4117/4117/4117 4121/4121/4121
f 4121/4121/4121 4122/4122/4122 4119/4119/4119
f 4122/4122/4122 4123/4123/4123 4119/4119/4119
f 4124/4124/4124 4120/4120/4120 4118/4118/4118
f 4125/4125/4125 4120/4120/4120 4124/4124/4124
f 4124/4124/4124 4126/4126/4126 4125/4125/4125
f 4127/4127/4127 4126/4126/4126 4124/4124/4124
f 4123/4123/4123 4122/4122/4122 4128/4128/4128
f 4129/4129/4129 4123/4123/4123 4128/4128/4128
f 4130/4130/4130 4129/4129/4129 4128/4128/4128
f 4130/4130/4130 4128/4128/4128 4131/4131/4131
f 4132/4132/4132 4130/4130/4130 4131/4131/4131
f 4132/4132/4132 4131/4131/4131 4133/4133/4133
f 4133/4133/4133 4134/4134/4134 4132/4132/4132
f 4133/4133/4133 4135/4135/4135 4134/4134/4134
f 4135/4135/4135 4136/4136/4136 4134/4134/4134
f 4127/4127/4127 4137/4137/4137 4126/4126/4126
f 4137/4137/4137 4136/4136/4136 4135/4135/4135
f 4138/4138/4138 4137/4137/4137 4127/4127/4127
f 4138/4138/4138 4136/4136/4136 4137/4137/4137
f 4141/4141/4141 4140/4140/4140 4139/4139/4139
f 4142/4142/4142 4141/4141/4141 4139/4139/4139
f 4142/4142/4142 4143/4143/4143 4141/4141/4141
f 4139/4139/4139 4144/4144/4144 4142/4142/4142
f 4140/4140/4140 4141/4141/4141 4145/4145/4145
f 4141/4141/4141 4143/4143/4143 4145/4145/4145
f 4146/4146/4146 4140/4140/4140 4145/4145/4145
f 4144/4144/4144 4147/4147/4147 4142/4142/4142
f 4147/4147/4147 4143/4143/4143 4142/4142/4142
f 4144/4144/4144 4148/4148/4148 4147/4147/4147
f 4146/4146/4146 4145/4145/4145 4149/4149/4149
f 4145/4145/4145 4143/4143/4143 4149/4149/4149
f 4150/4150/4150 4146/4146/4146 4149/4149/4149
f 4148/4148/4148 4151/4151/4151 4147/4147/4147
f 4151/4151/4151 4143/4143/4143 4147/4147/4147
f 4148/4148/4148 4152/4152/4152 4151/4151/4151
f 4150/4150/4150 4149/4149/4149 4153/4153/4153
f 4149/4149/4149 4143/4143/4143 4153/4153/4153
f 4154/4154/4154 4150/4150/4150 4153/4153/4153
f 4155/4155/4155 4143/4143/4143 4151/4151/4151
f 4152/4152/4152 4155/4155/4155 4151/4151/4151
f 4153/4153/4153 4143/4143/4143 4156/4156/4156
f 4154/4154/4154 4153/4153/4153 4156/4156/4156
f 4157/4157/4157 4143/4143/4143 4155/4155/4155
f 4152/4152/4152 4158/4158/4158 4155/4155/4155
f 4158/4158/4158 4157/4157/4157 4155/4155/4155
f 4159/4159/4159 4154/4154/4154 4156/4156/4156
f 4158/4158/4158 4160/4160/4160 4157/4157/4157
f 4159/4159/4159 4156/4156/4156 4161/4161/4161
f 4156/4156/4156 4143/4143/4143 4161/4161/4161
f 4162/4162/4162 4159/4159/4159 4161/4161/4161
f 4160/4160/4160 4163/4163/4163 4157/4157/4157
f 4163/4163/4163 4143/4143/4143 4157/4157/4157
f 4160/4160/4160 4164/4164/4164 4163/4163/4163
f 4162/4162/4162 4161/4161/4161 4165/4165/4165
f 4161/4161/4161 4143/4143/4143 4165/4165/4165
f 4166/4166/4166 4162/4162/4162 4165/4165/4165
f 4164/4164/4164 4167/4167/4167 4163/4163/4163
f 4167/4167/4167 4143/4143/4143 4163/4163/4163
f 4164/4164/4164 4168/4168/4168 4167/4167/4167
f 4166/4166/4166 4165/4165/4165 4169/4169/4169
f 4165/4165/4165 4143/4143/4143 4169/4169/4169
f 4170/4170/4170 4166/4166/4166 4169/4169/4169
f 4171/4171/4171 4143/4143/4143 4167/4167/4167
f 4168/4168/4168 4171/4171/4171 4167/4167/4167
f 4169/4169/4169 4143/4143/4143 4172/4172/4172
f 4170/4170/4170 4169/4169/4169 4172/4172/4172
f 4173/4173/4173 4143/4143/4143 4171/4171/4171
f 4168/4168/4168 4174/4174/4174 4171/4171/4171
f 4174/4174/4174 4173/4173/4173 4171/4171/4171
f 4175/4175/4175 4170/4170/4170 4172/4172/4172
f 4174/4174/4174 4176/4176/4176 4173/4173/4173
f 4175/4175/4175 4172/4172/4172 4177/4177/4177
f 4172/4172/4172 4143/4143/4143 4177/4177/4177
f 4178/4178/4178 4175/4175/4175 4177/4177/4177
f 4176/4176/4176 4179/4179/4179 4173/4173/4173
f 4179/4179/4179 4143/4143/4143 4173/4173/4173
f 4176/4176/4176 4180/4180/4180 4179/4179/4179
f 4178/4178/4178 4177/4177/4177 4181/4181/4181
f 4177/4177/4177 4143/4143/4143 4181/4181/4181
f 4182/4182/4182 4178/4178/4178 4181/4181/4181
f 4180/4180/4180 4183/4183/4183 4179/4179/4179
f 4183/4183/4183 4143/4143/4143 4179/4179/4179
f 4180/4180/4180 4184/4184/4184 4183/4183/4183
f 4182/4182/4182 4181/4181/4181 4185/4185/4185
f 4181/4181/4181 4143/4143/4143 4185/4185/4185
f 4186/4186/4186 4182/4182/4182 4185/4185/4185
f 4187/4187/4187 4143/4143/4143 4183/4183/4183
f 4184/4184/4184 4187/4187/4187 4183/4183/4183
f 4185/4185/4185 4143/4143/4143 4187/4187/4187
f 4186/4186/4186 4185/4185/4185 4187/4187/4187
f 4184/4184/4184 4186/4186/4186 4187/4187/4187
