mtllib saffron_main.mtl
g mustardMain
usemtl token
v -0.129 1.126 0.142
v -0.134 1.117 0.14
v -0.111 1.151 0.152
v -0.015 1.494 0.108
v -0.026 1.482 0.112
v -0.051 1.453 0.116
v -0.242 1.144 -0.044
v -0.236 1.189 -0.097
v -0.232 1.142 -0.048
v 0.19 0.197 -0.03
v 0.162 0.2 0.007
v 0.183 0.204 0.005
v -0.02 1.745 0.123
v -0.015 1.736 0.111
v -0.037 1.751 0.096
v 0.129 0.112 0.023
v 0.187 0.116 0.015
v 0.186 0.108 0.012
v 0.162 0.2 0.007
v 0.161 0.212 0.046
v 0.183 0.204 0.005
v -0.006 1.665 0.027
v 0.016 1.674 0.022
v 0.006 1.66 0.023
v -0.305 1.304 -0.22
v -0.294 1.314 -0.224
v -0.289 1.302 -0.191
v -0.22 1.554 -0.07
v -0.235 1.513 -0.074
v -0.233 1.546 -0.078
v -0.103 1.765 -0.032
v -0.103 1.751 -0.025
v -0.088 1.741 -0.016
v -0.034 1.717 0.1
v -0.043 1.716 0.089
v -0.059 1.719 0.085
v 0.176 0.859 0.133
v 0.157 0.86 0.114
v 0.169 0.851 0.129
v -0.218 1.143 0.063
v -0.201 1.129 0.09
v -0.207 1.138 0.057
v 0.159 0.866 0.152
v 0.137 0.862 0.128
v 0.142 0.868 0.123
v -0.137 1.563 0.011
v -0.181 1.565 -0.025
v -0.167 1.569 -0.014
v -0.22 1.554 -0.07
v -0.212 1.581 -0.081
v -0.193 1.585 -0.068
v -0.042 1.261 0.153
v 0.003 1.257 0.14
v -0.002 1.256 0.145
v -0.088 1.297 0.149
v -0.102 1.302 0.142
v -0.081 1.297 0.144
v -0.033 1.74 0.101
v -0.055 1.712 0.101
v -0.062 1.72 0.094
v -0.08 1.413 0.116
v -0.1 1.417 0.105
v -0.098 1.417 0.11
v 0.205 1.063 0.083
v 0.188 1.072 0.089
v 0.192 1.069 0.094
v 0.178 1.585 0.016
v 0.185 1.574 -0.027
v 0.186 1.571 -0.02
v 0.165 0.986 0.144
v 0.16 1.015 0.148
v 0.149 0.993 0.15
v 0.029 1.012 0.148
v 0.076 1.021 0.129
v 0.06 0.986 0.138
v -0.123 0.116 -0.115
v -0.119 0.108 -0.117
v -0.128 0.127 -0.113
v 0.165 0.986 0.144
v 0.193 0.983 0.134
v 0.174 0.995 0.137
v -0.094 1.859 0.037
v -0.094 1.852 0.046
v -0.084 1.852 0.043
v -0.134 1.553 -0.2
v -0.148 1.583 -0.183
v -0.157 1.59 -0.179
v 0.029 1.251 0.128
v 0.061 1.243 0.106
v 0.059 1.243 0.111
v 0.04 1.885 -0.043
v 0.036 1.886 -0.063
v 0.057 1.874 -0.049
v 0.091 1.147 0.101
v 0.108 1.146 0.062
v 0.107 1.142 0.047
v -0.15 1.267 0.114
v -0.15 1.266 0.117
v -0.175 1.267 0.079
v -0.15 1.266 0.117
v -0.15 1.267 0.114
v -0.152 1.25 0.116
v -0.088 1.174 0.157
v -0.103 1.173 0.158
v -0.104 1.17 0.153
v 0.039 1.802 0.067
v 0.053 1.776 0.038
v 0.047 1.789 0.052
v -0.103 1.173 0.158
v -0.104 1.159 0.155
v -0.104 1.17 0.153
v -0.032 1.795 0.103
v -0.024 1.801 0.098
v -0.025 1.794 0.094
v -0.092 1.157 0.159
v -0.087 1.157 0.157
v -0.104 1.159 0.155
v -0.111 1.151 0.152
v -0.108 1.154 0.145
v -0.128 1.128 0.136
v -0.129 1.126 0.142
v -0.129 1.126 0.142
v -0.134 1.117 0.14
v -0.145 1.096 0.122
v -0.147 1.095 0.13
v 0.215 0.929 0.19
v 0.204 0.905 0.184
v 0.2 0.933 0.196
v 0.194 0.905 0.184
v 0.19 0.918 0.191
v 0.182 0.902 0.174
v 0.188 0.881 0.18
v 0.195 0.868 0.174
v 0.184 0.868 0.173
v 0.175 0.875 0.17
v 0.182 0.899 0.174
v 0.159 0.866 0.152
v 0.151 0.852 0.142
v 0.239 1.016 0.156
v 0.247 1.011 0.142
v 0.231 1.022 0.171
v 0.23 1.022 0.158
v 0.241 1.014 0.137
v 0.236 1.012 0.123
v 0.243 1.005 0.123
v 0.221 1.008 0.115
v 0.226 0.965 0.115
v 0.239 1 0.127
v 0.236 1.012 0.123
v 0.229 1.002 0.108
v 0.243 1.005 0.123
v 0.246 1.057 0.085
v 0.261 1.061 0.1
v 0.25 1.067 0.079
v 0.251 1.024 0.138
v 0.247 1.011 0.142
v 0.239 1.016 0.156
v 0.231 1.022 0.171
v 0.245 1.053 0.148
v 0.242 1.08 0.151
v 0.263 1.065 0.123
v 0.271 1.081 0.093
v 0.276 1.089 0.118
v 0.283 1.128 0.109
v 0.247 1.096 0.15
v 0.269 1.103 0.076
v 0.266 1.121 0.057
v 0.283 1.127 0.081
v 0.288 1.172 0.068
v 0.279 1.2 0.031
v 0.254 1.143 0.142
v 0.211 1.149 0.161
v 0.211 1.158 0.155
v 0.271 1.162 0.119
v 0.26 1.18 0.136
v 0.268 1.212 0.123
v 0.288 1.175 0.094
v 0.292 1.206 0.049
v 0.294 1.206 0.081
v 0.28 1.23 0.095
v 0.266 1.233 0.114
v 0.269 1.259 0.107
v 0.297 1.229 0.071
v 0.291 1.225 0.029
v 0.28 1.223 0.018
v 0.278 1.242 0.011
v 0.286 1.264 0.075
v 0.298 1.234 0.052
v 0.294 1.257 0.04
v 0.29 1.243 0.026
v 0.282 1.26 0.017
v 0.266 1.28 0.005
v 0.29 1.272 0.06
v 0.284 1.274 0.022
v 0.277 1.314 0.022
v 0.252 1.335 -0.003
v 0.273 1.274 0.101
v 0.226 1.267 0.125
v 0.242 1.249 0.118
v 0.281 1.308 0.057
v 0.276 1.349 0.056
v 0.261 1.323 0.09
v 0.256 1.353 0.087
v 0.271 1.347 0.017
v 0.253 1.401 0.005
v 0.228 1.39 -0.019
v 0.217 1.438 -0.03
v 0.265 1.379 0.027
v 0.264 1.409 0.044
v 0.254 1.441 0.033
v 0.235 1.463 -0.012
v 0.205 1.465 -0.04
v 0.224 1.499 -0.025
v 0.26 1.376 0.07
v 0.247 1.411 0.079
v 0.234 1.395 0.089
v 0.24 1.464 0.001
v 0.238 1.436 0.077
v 0.249 1.464 0.04
v 0.237 1.458 0.079
v 0.201 1.425 0.1
v 0.215 1.381 0.098
v 0.223 1.353 0.096
v 0.244 1.485 0.018
v 0.215 1.459 0.093
v 0.2 1.466 0.101
v 0.235 1.474 0.074
v 0.246 1.487 0.05
v 0.225 1.467 0.084
v 0.243 1.498 0.041
v 0.235 1.503 0.064
v 0.222 1.512 0.086
v 0.208 1.498 0.099
v 0.191 1.525 0.106
v 0.177 1.503 0.113
v 0.204 1.545 0.092
v 0.23 1.524 0.065
v 0.213 1.556 0.064
v 0.232 1.527 0.039
v 0.214 1.557 0.037
v 0.162 1.591 0.052
v 0.233 1.514 0.004
v 0.213 1.548 -0.002
v 0.205 1.521 -0.04
v 0.178 1.585 0.016
v 0.174 1.592 0.013
v 0.196 1.569 0.011
v 0.185 1.574 -0.027
v 0.19 1.572 -0.016
v 0.153 1.604 -0.003
v 0.191 1.532 -0.052
v 0.167 1.585 -0.042
v 0.19 1.482 -0.051
v 0.167 1.543 -0.073
v 0.189 1.53 -0.058
v 0.186 1.571 -0.02
v 0.179 1.484 -0.06
v 0.175 1.48 -0.071
v 0.168 1.443 -0.056
v 0.17 1.447 -0.044
v 0.165 1.437 -0.042
v 0.163 1.459 -0.073
v 0.158 1.424 -0.072
v 0.153 1.406 -0.05
v 0.144 1.408 -0.084
v 0.116 1.327 -0.066
v 0.145 1.476 -0.096
v 0.158 1.483 -0.083
v 0.167 1.543 -0.073
v 0.097 1.584 0.083
v 0.11 1.605 0.055
v 0.11 1.601 0.055
v 0.097 1.58 0.082
v 0.092 1.571 0.093
v 0.088 1.56 0.095
v -0.249 1.145 -0.042
v -0.236 1.189 -0.097
v -0.242 1.144 -0.044
v -0.253 1.192 -0.089
v -0.269 1.138 -0.046
v -0.272 1.181 -0.089
v -0.277 1.209 -0.1
v -0.25 1.222 -0.11
v -0.28 1.233 -0.112
v -0.243 1.252 -0.134
v -0.274 1.257 -0.137
v -0.241 1.288 -0.154
v -0.274 1.277 -0.15
v -0.278 1.288 -0.169
v -0.264 1.3 -0.167
v -0.285 1.309 -0.186
v -0.248 1.302 -0.158
v -0.242 1.144 -0.044
v -0.232 1.142 -0.048
v -0.243 1.141 -0.051
v -0.249 1.145 -0.042
v -0.269 1.138 -0.046
v -0.264 1.132 -0.056
v -0.287 1.118 -0.066
v -0.275 1.112 -0.072
v -0.282 1.096 -0.093
v -0.272 1.097 -0.09
v -0.262 1.094 -0.102
v -0.267 1.087 -0.105
v -0.246 1.087 -0.109
v -0.247 1.096 -0.102
v -0.26 1.082 -0.092
v -0.239 1.103 -0.098
v -0.251 1.125 -0.154
v -0.273 1.129 -0.152
v -0.278 1.142 -0.169
v -0.253 1.143 -0.177
v -0.283 1.176 -0.201
v -0.255 1.173 -0.208
v -0.284 1.213 -0.227
v -0.256 1.205 -0.234
v -0.277 1.243 -0.252
v -0.231 1.182 -0.204
v -0.227 1.148 -0.162
v -0.233 1.134 -0.15
v -0.232 1.092 -0.106
v -0.221 1.101 -0.097
v -0.227 1.119 -0.083
v -0.219 1.106 -0.091
v -0.232 1.209 -0.229
v -0.253 1.241 -0.257
v -0.264 1.267 -0.274
v -0.25 1.265 -0.274
v -0.234 1.238 -0.251
v -0.23 1.265 -0.268
v -0.215 1.261 -0.255
v -0.05 0.193 -0.066
v -0.044 0.197 -0.047
v -0.033 0.194 -0.056
v -0.039 0.192 -0.08
v -0.039 0.192 -0.08
v -0.033 0.194 -0.056
v -0.017 0.189 -0.067
v -0.017 0.186 -0.09
v -0.015 0.181 -0.105
v -0.004 0.185 -0.102
v -0.012 0.182 -0.133
v -0.009 0.183 -0.134
v -0.024 0.183 -0.169
v -0.047 0.185 -0.161
v -0.031 0.183 -0.146
v -0.065 0.189 -0.167
v -0.061 0.183 -0.161
v -0.05 0.188 -0.141
v -0.09 0.189 -0.145
v -0.072 0.194 -0.13
v -0.096 0.192 -0.148
v -0.098 0.199 -0.105
v -0.114 0.201 -0.118
v -0.11 0.206 -0.075
v -0.124 0.211 -0.073
v -0.112 0.21 -0.043
v -0.125 0.22 -0.028
v -0.085 0.202 -0.042
v -0.079 0.206 -0.035
v -0.05 0.193 -0.066
v -0.044 0.197 -0.047
v -0.043 1.61 -0.15
v -0.063 1.633 -0.141
v -0.072 1.601 -0.163
v -0.082 1.619 -0.148
v -0.097 1.603 -0.166
v -0.11 1.633 -0.121
v -0.107 1.617 -0.146
v -0.124 1.601 -0.172
v -0.14 1.619 -0.14
v -0.143 1.586 -0.185
v -0.165 1.606 -0.153
v -0.163 1.612 -0.135
v -0.186 1.609 -0.123
v -0.136 1.626 -0.097
v -0.16 1.616 -0.111
v -0.2 1.601 -0.099
v -0.172 1.607 -0.086
v -0.154 1.615 -0.076
v -0.193 1.585 -0.068
v -0.212 1.581 -0.081
v -0.173 1.589 -0.048
v -0.244 1.44 -0.232
v -0.264 1.385 -0.243
v -0.234 1.421 -0.242
v -0.218 1.457 -0.234
v -0.213 1.425 -0.248
v -0.185 1.493 -0.228
v -0.165 1.5 -0.22
v -0.226 1.481 -0.224
v -0.229 1.393 -0.26
v -0.204 1.378 -0.26
v -0.243 1.354 -0.271
v -0.213 1.5 -0.219
v -0.23 1.502 -0.211
v -0.206 1.523 -0.215
v -0.188 1.547 -0.207
v -0.164 1.53 -0.216
v -0.148 1.546 -0.205
v -0.135 1.506 -0.203
v -0.134 1.553 -0.2
v -0.148 1.496 -0.21
v -0.161 1.473 -0.223
v -0.17 1.438 -0.232
v -0.184 1.414 -0.243
v -0.17 1.398 -0.233
v -0.179 1.381 -0.244
v -0.194 1.34 -0.255
v -0.213 1.354 -0.268
v -0.209 1.307 -0.262
v -0.23 1.311 -0.277
v -0.249 1.324 -0.278
v -0.226 1.289 -0.273
v -0.252 1.298 -0.282
v -0.266 1.311 -0.276
v -0.244 1.286 -0.283
v -0.263 1.284 -0.279
v -0.264 1.267 -0.274
v -0.25 1.265 -0.274
v -0.23 1.265 -0.268
v -0.215 1.261 -0.255
v -0.201 0.157 -0.049
v -0.164 0.172 -0.072
v -0.166 0.175 -0.04
v -0.191 0.164 -0.024
v -0.226 0.153 -0.019
v -0.232 0.157 0.016
v -0.175 0.166 -0.001
v -0.221 0.159 0.028
v -0.152 0.176 -0.017
v -0.151 0.185 -0.05
v -0.23 0.152 0.046
v -0.249 0.149 0.028
v -0.155 0.161 0.023
v -0.191 0.146 0.05
v -0.161 0.144 0.041
v -0.122 0.197 -0.035
v -0.14 0.192 -0.056
v -0.133 0.174 -0.003
v -0.13 0.168 0.003
v -0.116 0.189 -0.021
v -0.085 0.202 -0.042
v -0.112 0.21 -0.043
v -0.119 0.2 -0.059
v -0.108 0.196 -0.094
v -0.137 0.185 -0.086
v -0.008 0.933 -0.074
v 0.033 0.935 -0.083
v -0.033 0.947 -0.086
v -0.041 0.941 -0.07
v -0.051 0.944 -0.092
v -0.076 0.954 -0.128
v -0.014 0.926 -0.064
v 0.025 0.917 -0.072
v -0.047 0.935 -0.053
v -0.055 0.936 -0.085
v 0.116 0.343 -0.076
v 0.142 0.333 -0.088
v 0.119 0.406 -0.077
v 0.145 0.291 -0.09
v 0.11 0.254 -0.072
v 0.147 0.253 -0.091
v 0.093 0.394 -0.068
v 0.116 0.18 -0.076
v 0.15 0.183 -0.093
v 0.099 0.21 -0.064
v 0.08 0.253 -0.056
v 0.09 0.181 -0.053
v 0.084 0.215 -0.048
v 0.085 0.181 -0.039
v 0.08 0.23 -0.034
v 0.077 0.182 -0.018
v 0.079 0.241 -0.022
v 0.09 0.23 0.009
v 0.084 0.189 0.011
v 0.101 0.201 0.043
v 0.109 0.264 0.045
v 0.09 0.252 0
v 0.081 0.284 -0.02
v 0.078 0.287 -0.053
v 0.093 0.283 0.015
v 0.121 0.249 0.067
v 0.131 0.218 0.08
v 0.13 0.262 0.083
v 0.13 0.27 0.083
v 0.127 0.298 0.071
v 0.105 0.291 0.039
v 0.107 0.333 0.045
v 0.122 0.333 0.069
v 0.115 0.389 0.081
v 0.076 0.314 -0.019
v 0.087 0.326 0.01
v 0.089 0.398 0.037
v 0.077 0.389 0.013
v 0.083 0.483 0.061
v 0.108 0.446 0.091
v 0.106 0.493 0.1
v 0.061 0.455 0.02
v 0.076 0.524 0.074
v 0.104 0.518 0.106
v 0.056 0.501 0.028
v 0.085 0.535 0.093
v 0.102 0.54 0.11
v 0.071 0.56 0.09
v 0.085 0.549 0.103
v 0.078 0.604 0.119
v 0.061 0.635 0.117
v 0.051 0.54 0.037
v 0.064 0.421 0.004
v 0.064 0.385 -0.015
v 0.051 0.459 -0.011
v 0.048 0.502 -0.005
v 0.071 0.356 -0.05
v 0.066 0.402 -0.048
v 0.092 0.313 -0.063
v 0.082 0.474 -0.068
v 0.056 0.465 -0.046
v 0.043 0.542 0.002
v 0.067 0.492 -0.053
v 0.077 0.514 -0.063
v 0.054 0.509 -0.037
v 0.045 0.579 -0.023
v 0.07 0.565 -0.051
v 0.067 0.586 -0.049
v 0.036 0.576 0.007
v 0.04 0.604 -0.023
v 0.065 0.605 -0.048
v 0.041 0.628 -0.018
v 0.065 0.63 -0.038
v 0.058 0.672 -0.038
v 0.023 0.607 0.009
v 0.03 0.605 0.05
v 0.034 0.668 -0.018
v 0.02 0.724 -0.016
v 0.046 0.724 -0.037
v 0.017 0.668 0.01
v 0.024 0.63 0.01
v 0.025 0.617 0.027
v 0.023 0.627 0.046
v 0.038 0.611 0.07
v 0.015 0.664 0.025
v 0.039 0.628 0.09
v 0.023 0.649 0.07
v 0.016 0.677 0.089
v 0.041 0.688 0.121
v 0.011 0.669 0.042
v -0.002 0.72 0.042
v 0.006 0.718 0.009
v -0.01 0.77 0.007
v 0.004 0.717 0.09
v 0.029 0.729 0.125
v -0.01 0.772 0.09
v 0.009 0.812 0.129
v -0.019 0.782 0.036
v -0.024 0.817 0.086
v -0.033 0.829 0.031
v -0.02 0.859 0.11
v -0.011 0.884 0.129
v -0.04 0.861 0.087
v -0.03 0.891 0.114
v -0.022 0.92 0.13
v -0.057 0.917 0.104
v -0.05 0.877 0.035
v -0.051 0.888 0.072
v -0.03 0.84 0.003
v -0.015 0.845 -0.021
v -0.072 0.953 0.094
v -0.065 0.951 0.111
v 0.003 0.784 -0.017
v 0.021 0.783 -0.029
v 0.039 0.781 -0.041
v 0.031 0.843 -0.048
v -0.088 0.994 0.111
v -0.085 1.008 0.123
v -0.094 0.985 0.094
v -0.103 1.014 0.114
v -0.088 0.97 0.077
v -0.075 0.946 0.074
v -0.082 0.955 0.057
v -0.068 0.922 0.048
v -0.058 0.941 -0.001
v -0.054 0.906 0.017
v -0.046 0.883 0.003
v -0.049 0.917 -0.01
v -0.052 0.932 -0.028
v -0.038 0.882 -0.009
v -0.041 0.911 -0.025
v -0.034 0.921 -0.041
v -0.047 0.935 -0.053
v -0.019 0.896 -0.036
v 0.016 0.896 -0.06
v -0.011 0.91 -0.053
v -0.014 0.926 -0.064
v -0.151 0.185 -0.05
v -0.166 0.175 -0.04
v -0.164 0.172 -0.072
v -0.137 0.185 -0.086
v -0.14 0.192 -0.056
v -0.138 0.164 -0.101
v -0.108 0.196 -0.094
v -0.176 0.152 -0.08
v -0.201 0.157 -0.049
v -0.204 0.141 -0.061
v -0.185 0.11 -0.082
v -0.204 0.108 -0.07
v -0.237 0.11 -0.032
v -0.228 0.142 -0.033
v -0.226 0.153 -0.019
v -0.244 0.145 -0.002
v -0.232 0.157 0.016
v -0.251 0.116 -0.002
v -0.249 0.149 0.028
v -0.255 0.123 0.037
v -0.234 0.124 0.058
v -0.23 0.152 0.046
v -0.128 0.127 -0.113
v -0.123 0.116 -0.115
v -0.111 0.166 -0.117
v -0.098 0.199 -0.105
v -0.119 0.2 -0.059
v -0.11 0.206 -0.075
v -0.112 0.21 -0.043
v -0.122 0.197 -0.035
v -0.076 0.143 -0.137
v -0.077 0.109 -0.137
v -0.119 0.108 -0.117
v -0.081 0.168 -0.134
v -0.052 0.174 -0.146
v -0.07 0.184 -0.132
v -0.072 0.194 -0.13
v -0.05 0.188 -0.141
v -0.013 1.187 0.155
v -0.006 1.239 0.148
v 0.028 1.233 0.131
v 0.016 1.192 0.142
v -0.009 1.147 0.159
v 0.057 1.227 0.112
v 0.059 1.243 0.111
v 0.029 1.251 0.128
v -0.005 1.24 0.149
v -0.002 1.256 0.145
v 0.003 1.257 0.14
v 0.061 1.243 0.106
v 0.052 1.291 0.113
v 0.02 1.302 0.131
v 0.075 1.274 0.095
v 0.093 1.294 0.081
v 0.054 1.325 0.117
v 0.027 1.381 0.132
v 0.091 1.242 0.082
v 0.089 1.165 0.096
v 0.115 1.238 0.049
v 0.059 1.194 0.117
v 0.043 1.152 0.139
v 0.023 1.149 0.15
v 0.025 1.129 0.152
v 0.061 1.143 0.134
v 0.091 1.147 0.101
v 0.089 1.142 0.093
v 0.108 1.157 0.061
v 0.108 1.146 0.062
v 0.107 1.142 0.047
v 0.113 1.19 0.057
v 0.109 1.149 0.041
v 0.115 1.193 0.038
v 0.097 1.128 0.081
v 0.099 1.104 0.101
v 0.057 1.14 0.125
v 0.072 1.097 0.124
v 0.087 1.069 0.121
v 0.065 1.035 0.135
v 0.076 1.021 0.129
v 0.107 1.041 0.107
v 0.029 1.012 0.148
v 0.106 1.073 0.099
v 0.103 1.099 0.079
v 0.109 1.078 0.047
v 0.107 1.12 0.047
v 0.104 1.107 0.013
v 0.096 0.989 0.12
v 0.06 0.986 0.138
v 0.053 0.96 0.145
v 0.105 0.948 0.117
v 0.124 0.989 0.06
v 0.105 1.003 0.101
v 0.059 0.938 0.144
v 0.105 1.149 0.011
v 0.081 0.908 0.135
v 0.121 0.883 0.111
v 0.076 0.876 0.142
v 0.086 0.83 0.137
v 0.106 1.166 0.009
v 0.11 1.028 0.082
v 0.116 1.007 0.07
v 0.115 1.035 0.054
v 0.103 1.056 -0.014
v 0.109 1.059 0.075
v 0.098 1.089 -0.027
v 0.092 1.115 -0.037
v 0.086 1.08 -0.055
v 0.096 1.137 -0.011
v 0.082 1.157 -0.041
v 0.085 1.161 -0.043
v 0.075 1.133 -0.054
v 0.052 1.162 -0.069
v 0.066 1.113 -0.08
v 0.072 1.092 -0.079
v 0.083 1.053 -0.076
v 0.095 0.997 -0.067
v 0.116 0.989 -0.011
v 0.085 1.176 -0.04
v 0.055 1.178 -0.072
v 0.054 1.166 -0.074
v 0.058 1.205 -0.073
v 0.087 1.203 -0.041
v 0.065 1.243 -0.08
v 0.112 1.215 0.005
v 0.093 1.239 -0.046
v 0.119 1.265 0.023
v 0.105 1.279 -0.055
v 0.082 1.319 -0.097
v 0.115 1.243 0.002
v 0.122 1.282 -0.008
v 0.116 1.327 -0.066
v 0.103 1.355 -0.088
v 0.116 1.283 0.044
v 0.138 1.339 -0.019
v 0.153 1.406 -0.05
v 0.12 1.282 0.022
v 0.129 1.319 0.018
v 0.125 1.344 0.039
v 0.138 1.365 0.01
v 0.137 1.398 0.028
v 0.151 1.382 -0.024
v 0.158 1.421 -0.021
v 0.165 1.437 -0.042
v 0.095 1.327 0.079
v 0.157 1.427 -0.009
v 0.161 1.438 -0.023
v 0.17 1.447 -0.044
v 0.105 1.367 0.081
v 0.077 1.363 0.104
v 0.097 1.418 0.095
v 0.064 1.386 0.119
v 0.076 1.417 0.114
v 0.069 1.417 0.12
v 0.066 1.466 0.119
v 0.082 1.432 0.109
v 0.088 1.454 0.111
v 0.1 1.442 0.102
v 0.111 1.412 0.082
v 0.112 1.433 0.089
v 0.121 1.428 0.076
v 0.115 1.457 0.101
v 0.103 1.465 0.112
v 0.136 1.447 0.078
v 0.14 1.431 0.047
v 0.138 1.414 0.036
v 0.2 1.031 0.181
v 0.179 1.032 0.175
v 0.193 1.091 0.153
v 0.212 1.087 0.16
v 0.231 1.022 0.171
v 0.242 1.08 0.151
v 0.201 1.115 0.154
v 0.247 1.096 0.15
v 0.212 1.111 0.162
v 0.211 1.149 0.161
v 0.187 0.856 0.119
v 0.213 0.884 0.131
v 0.184 0.864 0.109
v 0.22 0.88 0.144
v 0.183 0.854 0.129
v 0.214 0.879 0.155
v 0.216 0.898 0.133
v 0.224 0.913 0.153
v 0.228 0.923 0.143
v 0.228 0.931 0.163
v 0.215 0.911 0.161
v 0.234 0.933 0.141
v 0.227 0.898 0.126
v 0.212 0.913 0.179
v 0.212 0.907 0.167
v 0.205 0.903 0.158
v 0.203 0.89 0.157
v 0.204 0.89 0.159
v 0.2 0.88 0.154
v 0.203 0.872 0.16
v 0.202 0.869 0.168
v 0.169 0.851 0.129
v 0.176 0.859 0.133
v 0.166 0.847 0.135
v 0.204 0.905 0.184
v 0.195 0.868 0.174
v 0.215 0.929 0.19
v 0.23 0.979 0.172
v 0.211 0.958 0.192
v 0.2 0.933 0.196
v 0.24 0.983 0.149
v 0.19 0.936 0.204
v 0.19 0.918 0.191
v 0.178 0.888 0.18
v 0.174 0.887 0.185
v 0.195 0.962 0.198
v 0.211 0.992 0.185
v 0.231 1.003 0.163
v 0.206 1.029 0.17
v 0.23 1.022 0.158
v 0.241 1.014 0.137
v 0.239 1 0.127
v 0.236 1.012 0.123
v 0.241 0.974 0.129
v 0.226 0.965 0.115
v 0.236 0.932 0.126
v 0.23 0.927 0.117
v 0.229 0.959 0.116
v 0.224 0.909 0.112
v 0.227 0.902 0.117
v 0.199 0.882 0.107
v 0.199 0.887 0.1
v 0.059 1.708 0.018
v 0.042 1.722 -0.005
v 0.03 1.691 0.011
v 0.056 1.683 0.037
v 0.016 1.674 0.022
v 0.042 1.646 0.069
v -0.003 1.648 0.043
v -0.006 1.665 0.027
v 0.015 1.626 0.091
v -0.036 1.663 0.024
v -0.018 1.662 0.023
v 0.006 1.66 0.023
v -0.053 1.666 0.016
v -0.07 1.671 0.012
v -0.053 1.648 0.036
v -0.038 1.636 0.054
v -0.012 1.623 0.1
v 0.014 1.631 0.104
v -0.019 1.629 0.11
v -0.038 1.624 0.094
v -0.067 1.641 0.075
v -0.048 1.633 0.103
v -0.059 1.719 0.085
v -0.055 1.757 0.092
v -0.048 1.73 0.092
v -0.037 1.751 0.096
v -0.033 1.74 0.101
v -0.015 1.736 0.111
v -0.028 1.769 0.098
v -0.021 1.756 0.12
v -0.02 1.745 0.123
v -0.014 1.758 0.122
v -0.007 1.752 0.122
v -0.009 1.741 0.119
v -0.015 1.736 0.111
v -0.016 1.786 0.1
v -0.036 1.776 0.089
v -0.03 1.786 0.081
v -0.025 1.794 0.094
v -0.016 1.804 0.103
v -0.024 1.801 0.098
v -0.01 1.797 0.097
v -0.048 1.783 0.086
v -0.034 1.792 0.086
v -0.058 1.792 0.09
v -0.069 1.784 0.075
v -0.059 1.774 0.084
v -0.068 1.761 0.084
v -0.082 1.785 0.061
v -0.066 1.743 0.079
v -0.029 1.822 0.096
v -0.032 1.795 0.103
v -0.016 1.846 0.09
v -0.007 1.823 0.095
v -0.002 1.815 0.099
v -0.004 1.802 0.1
v 0.004 1.798 0.1
v 0.024 1.817 0.087
v 0.009 1.855 0.079
v -0.007 1.867 0.077
v 0.007 1.869 0.068
v -0.023 1.866 0.079
v -0.001 1.885 0.077
v -0.033 1.848 0.088
v -0.033 1.895 0.08
v -0.019 1.902 0.076
v -0.033 1.911 0.076
v -0.052 1.899 0.08
v -0.045 1.884 0.075
v -0.04 1.872 0.071
v -0.063 1.889 0.071
v -0.067 1.895 0.072
v -0.084 1.877 0.057
v -0.06 1.876 0.056
v -0.072 1.87 0.047
v -0.094 1.852 0.046
v -0.084 1.852 0.043
v -0.062 1.857 0.07
v -0.046 1.859 0.079
v -0.051 1.84 0.085
v -0.059 1.818 0.089
v -0.033 1.815 0.1
v -0.053 1.807 0.093
v -0.063 1.802 0.09
v -0.067 1.816 0.082
v -0.05 1.796 0.096
v -0.072 1.799 0.076
v 0.192 0.905 0.155
v 0.184 0.885 0.15
v 0.194 0.883 0.151
v 0.2 0.903 0.155
v 0.191 0.919 0.151
v 0.016 1.192 0.142
v 0.023 1.149 0.15
v -0.009 1.147 0.159
v 0.025 1.129 0.152
v -0.008 1.117 0.161
v -0.043 1.131 0.163
v -0.042 1.104 0.162
v -0.013 1.187 0.155
v -0.08 1.091 0.157
v -0.048 1.194 0.159
v -0.006 1.239 0.148
v -0.08 1.119 0.159
v -0.097 1.129 0.156
v -0.087 1.157 0.157
v -0.111 1.151 0.152
v -0.088 1.174 0.157
v -0.104 1.159 0.155
v -0.082 1.281 0.146
v -0.104 1.17 0.153
v -0.108 1.199 0.151
v -0.088 1.174 0.157
v -0.098 1.227 0.151
v -0.044 1.244 0.155
v -0.135 1.19 0.137
v -0.134 1.117 0.14
v -0.104 1.258 0.15
v -0.092 1.235 0.155
v -0.121 1.229 0.14
v -0.12 1.286 0.13
v -0.146 1.127 0.133
v -0.147 1.095 0.13
v -0.172 1.138 0.115
v -0.176 1.11 0.113
v -0.158 1.2 0.12
v -0.152 1.25 0.116
v -0.15 1.267 0.114
v -0.135 1.307 0.116
v -0.11 1.378 0.113
v -0.102 1.286 0.146
v -0.082 1.281 0.146
v -0.085 1.287 0.152
v -0.088 1.297 0.149
v -0.102 1.302 0.142
v -0.134 1.379 0.101
v -0.149 1.38 0.089
v -0.133 1.419 0.088
v -0.098 1.335 0.135
v -0.076 1.317 0.143
v -0.081 1.297 0.144
v -0.051 1.305 0.144
v -0.076 1.341 0.14
v -0.094 1.376 0.126
v -0.1 1.417 0.105
v -0.133 1.445 0.078
v -0.08 1.413 0.116
v -0.157 1.425 0.073
v -0.161 1.483 0.049
v -0.163 1.379 0.079
v -0.162 1.299 0.092
v -0.183 1.428 0.051
v -0.171 1.477 0.043
v -0.075 1.408 0.122
v -0.066 1.412 0.121
v -0.016 1.448 0.12
v -0.066 1.375 0.129
v -0.05 1.361 0.136
v -0.027 1.409 0.128
v -0.024 1.34 0.139
v -0.005 1.416 0.13
v 0.024 1.485 0.119
v -0.007 1.374 0.137
v -0.014 1.298 0.142
v -0.042 1.261 0.153
v 0.003 1.257 0.14
v 0.02 1.302 0.131
v -0.041 1.245 0.156
v -0.002 1.256 0.145
v -0.005 1.24 0.149
v 0.028 1.233 0.131
v 0.006 1.339 0.135
v 0.027 1.381 0.132
v 0.031 1.415 0.13
v 0.064 1.386 0.119
v 0.054 1.325 0.117
v 0.069 1.417 0.12
v 0.043 1.445 0.123
v 0.066 1.466 0.119
v 0.099 1.51 0.113
v 0.069 1.522 0.111
v 0.056 1.515 0.117
v 0.097 1.542 0.104
v 0.129 1.541 0.109
v 0.088 1.56 0.095
v 0.097 1.58 0.082
v 0.123 1.571 0.091
v 0.094 1.545 0.107
v 0.151 1.56 0.103
v 0.061 1.533 0.113
v 0.066 1.557 0.099
v 0.011 1.499 0.119
v 0.015 1.479 0.123
v 0.151 1.528 0.114
v 0.135 1.502 0.114
v 0.191 1.525 0.106
v 0.176 1.548 0.099
v 0.204 1.545 0.092
v 0.177 1.503 0.113
v 0.164 1.482 0.113
v 0.179 1.47 0.106
v 0.2 1.466 0.101
v 0.19 1.444 0.102
v 0.201 1.425 0.1
v 0.152 1.459 0.103
v 0.163 1.454 0.099
v 0.169 1.414 0.097
v 0.141 1.471 0.104
v 0.147 1.437 0.083
v 0.154 1.397 0.085
v 0.165 1.37 0.084
v 0.185 1.375 0.097
v 0.169 1.336 0.076
v 0.215 1.381 0.098
v 0.189 1.345 0.093
v 0.223 1.353 0.096
v 0.191 1.33 0.094
v 0.138 1.468 0.098
v 0.136 1.447 0.078
v 0.115 1.457 0.101
v 0.103 1.465 0.112
v 0.121 1.492 0.11
v 0.088 1.454 0.111
v 0.082 1.432 0.109
v 0.1 1.442 0.102
v 0.222 1.324 0.103
v 0.256 1.353 0.087
v 0.234 1.395 0.089
v 0.261 1.323 0.09
v 0.213 1.302 0.104
v 0.193 1.309 0.096
v 0.204 1.281 0.099
v 0.228 1.275 0.117
v 0.273 1.274 0.101
v 0.203 1.265 0.1
v 0.154 0.965 0.167
v 0.158 0.966 0.18
v 0.169 0.956 0.164
v 0.154 0.973 0.157
v 0.141 0.966 0.162
v 0.192 0.959 0.15
v 0.165 0.986 0.144
v 0.193 0.983 0.134
v -0.071 1.688 0.08
v -0.075 1.663 0.086
v -0.087 1.68 0.068
v -0.07 1.644 0.088
v -0.092 1.68 0.052
v -0.062 1.652 0.101
v -0.048 1.633 0.103
v -0.038 1.624 0.094
v -0.067 1.641 0.075
v -0.093 1.7 0.054
v -0.077 1.711 0.073
v -0.086 1.746 0.044
v -0.081 1.666 0.05
v -0.053 1.648 0.036
v -0.07 1.671 0.012
v -0.079 1.688 -0.001
v -0.096 1.705 0.029
v -0.082 1.706 -0.007
v -0.094 1.769 0.024
v -0.095 1.717 0.016
v -0.097 1.762 0.019
v -0.091 1.772 0.044
v -0.081 1.759 0.066
v -0.07 1.73 0.061
v -0.096 1.784 0.021
v -0.091 1.797 0.023
v -0.086 1.818 0.038
v -0.082 1.785 0.061
v -0.068 1.761 0.084
v -0.066 1.743 0.079
v -0.059 1.719 0.085
v -0.055 1.757 0.092
v -0.06 1.711 0.08
v -0.096 1.8 0.017
v -0.106 1.813 -0.015
v -0.096 1.829 0.026
v -0.1 1.793 -0.001
v -0.094 1.764 0.01
v -0.103 1.798 -0.019
v -0.096 1.774 0.001
v -0.102 1.788 -0.011
v -0.094 1.771 -0.01
v -0.092 1.762 -0.013
v -0.1 1.764 -0.006
v -0.096 1.757 -0.006
v -0.102 1.754 -0.016
v -0.088 1.743 0.008
v -0.08 1.719 0
v -0.086 1.737 -0.004
v -0.088 1.741 -0.016
v -0.084 1.725 -0.025
v -0.084 1.714 -0.036
v -0.082 1.734 -0.04
v -0.073 1.729 -0.058
v -0.084 1.701 -0.02
v -0.076 1.69 -0.002
v -0.081 1.695 -0.045
v -0.085 1.676 -0.029
v -0.079 1.675 -0.011
v -0.092 1.759 -0.032
v -0.103 1.765 -0.032
v -0.102 1.775 -0.042
v -0.103 1.784 -0.031
v -0.09 1.754 -0.06
v -0.109 1.802 -0.038
v -0.103 1.786 -0.053
v -0.106 1.826 -0.068
v -0.113 1.841 -0.036
v -0.091 1.797 -0.084
v -0.101 1.806 -0.071
v -0.092 1.839 -0.09
v -0.075 1.773 -0.089
v -0.072 1.746 -0.078
v -0.074 1.81 -0.102
v -0.075 1.842 -0.106
v -0.056 1.819 -0.115
v -0.087 1.862 -0.093
v -0.059 1.769 -0.099
v -0.042 1.794 -0.115
v -0.046 1.745 -0.095
v -0.056 1.86 -0.115
v -0.058 1.727 -0.076
v -0.053 1.705 -0.081
v -0.037 1.724 -0.085
v -0.066 1.677 -0.073
v -0.047 1.677 -0.093
v -0.046 1.661 -0.104
v -0.065 1.656 -0.086
v -0.072 1.655 -0.065
v -0.083 1.644 -0.037
v -0.083 1.64 -0.024
v -0.068 1.661 -0.002
v -0.076 1.636 -0.009
v 0.046 1.594 0.056
v 0.023 1.605 0.059
v 0.044 1.614 0.04
v 0.062 1.624 0.018
v 0.086 1.614 0.04
v 0.076 1.589 0.076
v 0.07 1.575 0.09
v 0.033 1.57 0.077
v 0.021 1.587 0.069
v 0.026 1.555 0.089
v 0.092 1.571 0.093
v 0.097 1.584 0.083
v 0.11 1.605 0.055
v 0.117 1.617 0.025
v 0.081 1.628 0.012
v 0.072 1.64 -0.009
v 0.094 1.637 -0.017
v 0.115 1.628 -0.024
v 0.095 1.644 -0.038
v 0.073 1.658 -0.05
v 0.069 1.639 -0.012
v 0.07 1.655 -0.049
v 0.068 1.659 -0.071
v 0.06 1.666 -0.049
v 0.054 1.656 -0.014
v 0.048 1.65 0.007
v 0.036 1.64 0.03
v 0.05 1.655 -0.051
v 0.055 1.671 -0.077
v 0.043 1.642 0
v 0.033 1.634 0.02
v 0.019 1.632 0.046
v 0.016 1.627 0.031
v 0 1.622 0.033
v -0.004 1.627 0.049
v 0.042 1.66 -0.078
v -0.015 1.617 0.028
v 0.035 1.674 -0.092
v 0.02 1.663 -0.089
v 0.062 1.66 -0.085
v -0.042 1.62 0.03
v -0.038 1.614 0.02
v -0.034 1.62 0.039
v 0.004 1.674 -0.104
v -0.024 1.663 -0.101
v 0.044 1.661 -0.099
v -0.028 1.674 -0.112
v -0.046 1.661 -0.104
v 0.041 1.648 -0.115
v 0.079 1.649 -0.083
v 0.011 1.649 -0.128
v -0.025 1.662 -0.124
v 0.005 1.662 -0.117
v -0.016 1.648 -0.136
v -0.053 1.661 -0.125
v -0.06 1.652 -0.134
v -0.05 1.662 -0.122
v -0.049 1.673 -0.112
v -0.067 1.67 -0.099
v -0.065 1.656 -0.086
v -0.088 1.653 -0.042
v -0.083 1.644 -0.037
v -0.083 1.64 -0.024
v -0.091 1.646 -0.022
v -0.076 1.636 -0.009
v -0.069 1.661 -0.108
v -0.081 1.636 0.01
v -0.09 1.642 -0.005
v -0.066 1.627 0.004
v -0.07 1.63 0.021
v -0.055 1.624 0.029
v -0.062 1.61 0.039
v -0.077 1.595 0.03
v -0.036 1.61 0.049
v -0.022 1.591 0.055
v -0.099 1.634 -0.057
v -0.075 1.66 -0.103
v -0.092 1.647 -0.079
v -0.096 1.648 -0.112
v -0.129 1.625 -0.063
v -0.118 1.605 -0.025
v -0.082 1.644 -0.126
v -0.068 1.637 -0.14
v -0.11 1.637 -0.12
v -0.117 1.637 -0.097
v -0.138 1.629 -0.095
v -0.155 1.618 -0.075
v -0.169 1.598 -0.052
v -0.151 1.601 -0.037
v -0.177 1.585 -0.042
v -0.129 1.58 -0.003
v -0.163 1.584 -0.024
v -0.137 1.563 0.011
v -0.167 1.569 -0.014
v -0.135 1.555 0.016
v -0.12 1.564 0.014
v -0.121 1.541 0.032
v -0.106 1.551 0.033
v -0.089 1.529 0.059
v -0.115 1.525 0.049
v -0.138 1.534 0.036
v -0.158 1.517 0.04
v -0.153 1.507 0.049
v -0.134 1.51 0.055
v -0.161 1.554 0.005
v -0.179 1.543 -0.001
v -0.181 1.565 -0.025
v 0.19 1.482 -0.051
v 0.224 1.499 -0.025
v 0.205 1.521 -0.04
v 0.205 1.465 -0.04
v 0.174 1.439 -0.036
v 0.179 1.484 -0.06
v 0.17 1.447 -0.044
v 0.189 1.419 -0.033
v 0.217 1.438 -0.03
v 0.2 1.39 -0.027
v 0.228 1.39 -0.019
v 0.223 1.347 -0.016
v 0.176 1.369 -0.012
v 0.184 1.355 -0.01
v 0.252 1.335 -0.003
v 0.195 1.335 -0.007
v 0.233 1.306 -0.008
v 0.208 1.298 0.002
v 0.266 1.28 0.005
v 0.248 1.258 0.003
v 0.222 1.25 0.011
v 0.261 1.247 0.006
v 0.278 1.242 0.011
v 0.245 1.214 0.012
v 0.229 1.197 0.022
v 0.262 1.196 0.022
v 0.229 1.155 0.037
v 0.262 1.221 0.011
v 0.28 1.223 0.018
v 0.279 1.2 0.031
v 0.241 1.126 0.046
v 0.213 1.112 0.053
v 0.261 1.151 0.043
v 0.266 1.121 0.057
v 0.229 1.08 0.068
v 0.204 1.082 0.065
v 0.25 1.067 0.079
v 0.205 1.063 0.083
v 0.226 1.061 0.079
v 0.197 1.007 0.106
v 0.246 1.057 0.085
v 0.213 1.004 0.103
v 0.229 1.002 0.108
v 0.144 1.408 -0.084
v 0.103 1.355 -0.088
v 0.116 1.327 -0.066
v 0.099 1.409 -0.114
v 0.087 1.362 -0.103
v 0.082 1.319 -0.097
v 0.104 1.47 -0.121
v 0.145 1.476 -0.096
v 0.117 1.542 -0.106
v 0.065 1.54 -0.135
v 0.167 1.543 -0.073
v 0.044 1.324 -0.115
v 0.049 1.37 -0.125
v 0.055 1.412 -0.137
v 0.042 1.284 -0.102
v 0.065 1.243 -0.08
v 0.057 1.469 -0.145
v 0.016 1.471 -0.163
v 0.011 1.416 -0.155
v -0.001 1.326 -0.13
v 0.034 1.236 -0.095
v 0.058 1.205 -0.073
v -0.038 1.374 -0.156
v -0.02 1.473 -0.173
v -0.032 1.416 -0.168
v 0.019 1.531 -0.156
v 0.013 1.586 -0.144
v -0.023 1.543 -0.167
v -0.005 1.288 -0.118
v 0.001 1.254 -0.111
v -0.046 1.33 -0.148
v -0.049 1.288 -0.135
v -0.045 1.246 -0.126
v -0.009 1.222 -0.112
v -0.085 1.371 -0.165
v -0.085 1.324 -0.157
v 0.029 1.207 -0.092
v 0.027 1.181 -0.091
v 0.055 1.178 -0.072
v -0.011 1.182 -0.109
v 0.026 1.168 -0.093
v 0.054 1.166 -0.074
v -0.013 1.171 -0.111
v -0.055 1.173 -0.122
v -0.051 1.215 -0.122
v -0.056 1.186 -0.121
v -0.092 1.175 -0.127
v -0.093 1.186 -0.125
v -0.142 1.173 -0.124
v -0.139 1.187 -0.122
v -0.089 1.21 -0.126
v -0.135 1.214 -0.122
v -0.088 1.246 -0.134
v -0.131 1.249 -0.128
v -0.087 1.278 -0.143
v -0.13 1.287 -0.139
v -0.116 1.352 -0.16
v -0.131 1.329 -0.151
v -0.132 1.387 -0.172
v -0.083 1.418 -0.179
v -0.13 1.422 -0.185
v -0.085 1.456 -0.185
v -0.118 1.461 -0.191
v -0.116 1.497 -0.199
v -0.14 1.44 -0.186
v -0.135 1.475 -0.194
v -0.068 1.48 -0.184
v -0.064 1.551 -0.176
v -0.099 1.559 -0.187
v -0.023 1.594 -0.153
v -0.135 1.499 -0.205
v -0.143 1.485 -0.195
v -0.146 1.46 -0.186
v -0.122 1.518 -0.2
v -0.128 1.539 -0.207
v -0.112 1.557 -0.194
v -0.124 1.601 -0.172
v -0.143 1.586 -0.185
v -0.097 1.603 -0.166
v -0.087 1.581 -0.173
v -0.072 1.601 -0.163
v -0.043 1.61 -0.15
v -0.022 1.628 -0.138
v -0.063 1.633 -0.141
v 0.021 1.629 -0.124
v -0.023 1.634 -0.142
v -0.068 1.637 -0.14
v -0.06 1.652 -0.134
v -0.016 1.648 -0.136
v 0.011 1.649 -0.128
v 0.041 1.648 -0.115
v 0.05 1.633 -0.116
v 0.079 1.649 -0.083
v 0.089 1.635 -0.081
v 0.047 1.627 -0.114
v 0.087 1.629 -0.085
v 0.061 1.593 -0.122
v 0.108 1.593 -0.094
v 0.123 1.591 -0.081
v 0.102 1.614 -0.078
v 0.137 1.556 -0.086
v 0.139 1.592 -0.065
v 0.111 1.615 -0.06
v 0.153 1.569 -0.067
v 0.167 1.585 -0.042
v 0.156 1.589 -0.051
v -0.226 1.289 -0.273
v -0.215 1.261 -0.255
v -0.209 1.307 -0.262
v -0.201 1.286 -0.242
v -0.182 1.334 -0.228
v -0.187 1.323 -0.197
v -0.194 1.34 -0.255
v -0.179 1.381 -0.244
v -0.208 1.252 -0.235
v -0.234 1.238 -0.251
v -0.165 1.375 -0.213
v -0.17 1.398 -0.233
v -0.216 1.213 -0.213
v -0.232 1.209 -0.229
v -0.231 1.182 -0.204
v -0.213 1.179 -0.179
v -0.227 1.148 -0.162
v -0.201 1.28 -0.221
v -0.203 1.246 -0.204
v -0.209 1.22 -0.189
v -0.198 1.293 -0.218
v -0.203 1.257 -0.188
v -0.208 1.295 -0.193
v -0.201 1.285 -0.205
v -0.226 1.295 -0.175
v -0.215 1.291 -0.175
v -0.199 1.32 -0.172
v -0.218 1.321 -0.154
v -0.193 1.351 -0.164
v -0.17 1.383 -0.184
v -0.222 1.359 -0.137
v -0.19 1.383 -0.15
v -0.227 1.389 -0.119
v -0.225 1.411 -0.106
v -0.195 1.411 -0.124
v -0.223 1.449 -0.093
v -0.18 1.407 -0.145
v -0.193 1.426 -0.118
v -0.203 1.445 -0.102
v -0.18 1.34 -0.209
v -0.165 1.381 -0.199
v -0.152 1.418 -0.178
v -0.156 1.425 -0.168
v -0.153 1.44 -0.175
v -0.15 1.446 -0.205
v -0.146 1.46 -0.186
v -0.155 1.4 -0.191
v -0.157 1.408 -0.203
v -0.158 1.418 -0.219
v -0.184 1.414 -0.243
v -0.17 1.438 -0.232
v -0.161 1.473 -0.223
v -0.152 1.462 -0.206
v -0.148 1.496 -0.21
v -0.143 1.485 -0.195
v -0.135 1.506 -0.203
v -0.234 0.124 0.058
v -0.23 0.152 0.046
v -0.191 0.146 0.05
v -0.195 0.118 0.06
v -0.164 0.112 0.049
v -0.161 0.144 0.041
v -0.275 1.112 -0.072
v -0.266 1.09 -0.052
v -0.272 1.097 -0.09
v -0.264 1.075 -0.066
v -0.26 1.082 -0.092
v -0.262 1.094 -0.102
v -0.254 1.062 -0.08
v -0.244 1.124 -0.034
v -0.243 1.141 -0.051
v -0.232 1.142 -0.048
v -0.264 1.132 -0.056
v 0.117 1.624 -0.024
v 0.111 1.615 -0.06
v 0.139 1.592 -0.065
v 0.087 1.629 -0.085
v 0.102 1.614 -0.078
v 0.123 1.591 -0.081
v 0.108 1.593 -0.094
v 0.089 1.635 -0.081
v 0.05 1.633 -0.116
v 0.115 1.628 -0.024
v 0.118 1.614 0.02
v 0.095 1.644 -0.038
v 0.117 1.617 0.025
v 0.11 1.605 0.055
v 0.11 1.601 0.055
v 0.079 1.649 -0.083
v 0.073 1.658 -0.05
v 0.068 1.659 -0.071
v 0.062 1.66 -0.085
v 0.055 1.671 -0.077
v 0.06 1.666 -0.049
v -0.229 1.481 -0.075
v -0.238 1.469 -0.085
v -0.235 1.513 -0.074
v -0.216 1.456 -0.082
v -0.223 1.449 -0.093
v -0.203 1.445 -0.102
v -0.195 1.411 -0.124
v -0.065 0.189 -0.167
v -0.024 0.183 -0.169
v -0.073 0.251 -0.17
v -0.031 0.266 -0.173
v -0.077 0.288 -0.17
v -0.036 0.324 -0.175
v -0.083 0.335 -0.173
v -0.062 0.37 -0.174
v -0.09 0.397 -0.176
v -0.045 0.405 -0.173
v -0.1 0.467 -0.181
v -0.052 0.476 -0.177
v -0.055 0.523 -0.173
v -0.101 0.507 -0.177
v -0.061 0.576 -0.165
v -0.106 0.585 -0.163
v -0.066 0.616 -0.162
v -0.11 0.619 -0.161
v -0.073 0.643 -0.15
v -0.113 0.646 -0.148
v -0.122 0.691 -0.149
v -0.078 0.689 -0.152
v -0.083 0.749 -0.144
v -0.129 0.745 -0.144
v -0.092 0.806 -0.142
v -0.138 0.806 -0.14
v -0.101 0.856 -0.144
v -0.113 0.913 -0.144
v -0.161 0.907 -0.14
v -0.118 0.927 -0.146
v -0.102 0.929 -0.135
v -0.15 0.946 -0.143
v -0.174 0.953 -0.135
v -0.13 0.973 -0.153
v -0.117 0.952 -0.147
v -0.089 0.945 -0.131
v -0.066 0.919 -0.101
v -0.076 0.954 -0.128
v -0.079 0.964 -0.134
v -0.033 0.947 -0.086
v -0.105 0.98 -0.147
v -0.134 0.991 -0.155
v -0.136 1.008 -0.156
v -0.081 0.982 -0.141
v -0.081 0.999 -0.146
v -0.057 0.969 -0.121
v -0.046 0.984 -0.124
v -0.02 0.991 -0.117
v -0.026 0.969 -0.104
v -0.106 1.037 -0.152
v -0.129 1.076 -0.155
v -0.075 1.025 -0.147
v -0.068 1.064 -0.149
v 0.002 0.949 -0.089
v 0.033 0.935 -0.083
v 0.023 0.962 -0.095
v -0.014 1.031 -0.124
v -0.065 1.088 -0.144
v -0.123 1.107 -0.15
v -0.06 1.115 -0.136
v -0.114 1.128 -0.145
v -0.017 1.081 -0.126
v 0.008 0.977 -0.104
v 0.042 0.985 -0.099
v 0.039 0.961 -0.093
v 0.019 1.003 -0.108
v 0.041 1.025 -0.105
v -0.014 1.047 -0.129
v 0.039 1.05 -0.109
v 0.076 0.987 -0.077
v 0.083 1.053 -0.076
v 0.095 0.997 -0.067
v 0.094 0.966 -0.065
v 0.072 1.092 -0.079
v 0.069 0.95 -0.073
v 0.09 0.927 -0.061
v 0.034 1.08 -0.107
v 0.069 0.929 -0.068
v 0.071 0.901 -0.059
v 0.088 0.894 -0.058
v 0.089 0.857 -0.056
v 0 1.109 -0.113
v 0.031 1.104 -0.103
v 0.066 1.113 -0.08
v 0.052 1.162 -0.069
v 0.024 1.163 -0.083
v -0.018 1.167 -0.095
v -0.061 1.169 -0.114
v -0.095 1.171 -0.123
v -0.134 1.146 -0.13
v -0.166 1.127 -0.13
v -0.151 1.1 -0.139
v -0.142 1.168 -0.122
v -0.142 1.173 -0.124
v -0.194 1.166 -0.099
v 0.151 0.152 0.206
v 0.146 0.124 0.218
v 0.121 0.147 0.182
v 0.116 0.118 0.192
v 0.104 0.13 0.157
v 0.101 0.112 0.16
v 0.098 0.109 0.114
v 0.106 0.144 0.155
v 0.112 0.162 0.132
v 0.099 0.146 0.11
v 0.11 0.175 0.09
v 0.099 0.16 0.058
v 0.099 0.11 0.043
v 0.108 0.194 0.044
v 0.095 0.159 -0.004
v 0.116 0.189 0.077
v 0.117 0.174 0.104
v 0.111 0.2 0.044
v 0.101 0.189 0.003
v 0.102 0.183 0.003
v 0.102 0.188 -0.017
v 0.102 0.178 -0.051
v 0.096 0.13 -0.013
v 0.097 0.113 0.025
v 0.096 0.109 0.004
v 0.095 0.11 -0.02
v 0.1 0.162 -0.054
v 0.101 0.133 -0.054
v 0.1 0.11 -0.055
v 0.12 0.11 -0.077
v 0.121 0.134 -0.076
v 0.119 0.162 -0.078
v 0.118 0.179 -0.074
v 0.177 0.149 0.206
v 0.2 0.116 0.186
v 0.175 0.123 0.216
v 0.195 0.145 0.181
v 0.211 0.11 0.156
v 0.195 0.153 0.155
v 0.174 0.157 0.185
v 0.205 0.141 0.148
v 0.197 0.157 0.115
v 0.207 0.141 0.111
v 0.213 0.108 0.105
v 0.207 0.11 0.079
v 0.2 0.151 0.079
v 0.189 0.129 0.021
v 0.187 0.116 0.015
v 0.186 0.108 0.012
v 0.176 0.185 0.046
v 0.171 0.109 -0.034
v 0.188 0.164 0.037
v 0.162 0.196 0.02
v 0.18 0.166 0.006
v 0.168 0.169 -0.033
v 0.162 0.2 0.007
v 0.15 0.2 0.045
v 0.15 0.206 0.038
v 0.131 0.208 0.061
v 0.146 0.197 0.061
v 0.135 0.193 0.078
v 0.158 0.138 -0.056
v 0.159 0.111 -0.058
v 0.161 0.183 -0.036
v 0.161 0.195 -0.031
v 0.152 0.189 -0.052
v 0.157 0.173 -0.056
v 0.142 0.183 -0.07
v 0.145 0.166 -0.073
v 0.142 0.134 -0.072
v 0.143 0.11 -0.074
v -0.135 1.307 0.116
v -0.162 1.299 0.092
v -0.149 1.38 0.089
v -0.15 1.267 0.114
v -0.175 1.267 0.079
v -0.183 1.305 0.059
v -0.175 1.336 0.069
v -0.163 1.379 0.079
v -0.186 1.383 0.053
v -0.173 1.404 0.064
v -0.157 1.425 0.073
v -0.183 1.428 0.051
v -0.191 1.338 0.042
v -0.197 1.306 0.021
v -0.197 1.392 0.034
v -0.2 1.346 0.024
v -0.188 1.265 0.051
v -0.203 1.314 -0.011
v -0.178 1.251 0.086
v -0.15 1.266 0.117
v -0.152 1.25 0.116
v -0.175 1.249 0.087
v -0.158 1.2 0.12
v -0.194 1.247 0.053
v -0.182 1.197 0.094
v -0.172 1.138 0.115
v -0.192 1.246 0.054
v -0.196 1.147 0.092
v -0.176 1.11 0.113
v -0.201 1.129 0.09
v -0.173 1.11 0.103
v -0.202 1.258 0.013
v -0.203 1.244 0.02
v -0.196 1.207 0.064
v -0.194 1.182 0.08
v -0.212 1.16 0.065
v -0.201 1.264 0.006
v -0.21 1.258 -0.029
v -0.207 1.299 -0.029
v -0.225 1.185 -0.021
v -0.212 1.211 0.019
v -0.209 1.255 -0.068
v -0.221 1.166 0.042
v -0.218 1.143 0.063
v -0.207 1.341 -0.03
v -0.214 1.382 -0.036
v -0.204 1.381 0.021
v -0.204 1.297 -0.072
v -0.197 1.26 -0.084
v -0.207 1.431 0.019
v -0.232 1.161 0.025
v -0.207 1.138 0.057
v -0.203 1.45 0.018
v -0.171 1.477 0.043
v -0.218 1.211 -0.063
v -0.212 1.177 -0.077
v -0.215 1.441 -0.036
v -0.223 1.178 0.025
v -0.196 1.482 0.016
v -0.161 1.483 0.049
v -0.222 1.177 -0.061
v -0.227 1.163 -0.06
v -0.235 1.165 -0.019
v -0.23 1.159 -0.025
v -0.224 1.155 0.022
v -0.231 1.082 0.037
v -0.219 1.157 -0.073
v -0.191 1.121 0.084
v -0.189 1.074 0.086
v -0.181 1.045 0.09
v -0.21 1.061 0.066
v -0.193 1.002 0.074
v -0.222 1.011 0.049
v -0.215 0.975 0.05
v -0.227 0.958 0.032
v -0.199 0.969 0.068
v -0.199 0.908 0.058
v -0.232 1.142 -0.048
v -0.22 1.144 -0.077
v -0.244 1.124 -0.034
v -0.196 1.161 -0.097
v -0.217 1.123 -0.091
v -0.194 1.166 -0.099
v -0.208 1.127 -0.1
v -0.219 1.106 -0.091
v -0.25 1.118 -0.025
v -0.256 1.098 -0.032
v -0.264 1.132 -0.056
v -0.236 1.136 -0.004
v -0.243 1.109 0.009
v -0.257 1.069 -0.008
v -0.26 1.034 -0.031
v -0.266 1.09 -0.052
v -0.275 1.112 -0.072
v -0.257 1.077 -0.039
v -0.264 1.075 -0.066
v -0.249 1.051 -0.051
v -0.254 1.062 -0.08
v -0.242 1.036 -0.062
v -0.236 1.033 -0.071
v -0.245 1.033 0.017
v -0.247 0.989 -0.004
v -0.247 1.017 -0.045
v -0.254 1.002 -0.021
v -0.237 0.996 -0.063
v -0.233 1.044 -0.076
v -0.249 0.98 -0.014
v -0.232 0.982 -0.079
v -0.227 0.941 -0.084
v -0.243 0.931 -0.023
v -0.235 0.873 -0.035
v -0.224 0.919 0.025
v -0.229 0.892 -0.001
v -0.22 0.867 0.017
v -0.196 0.855 0.049
v -0.218 0.846 0.012
v -0.194 0.819 0.041
v -0.216 0.991 -0.094
v -0.214 0.82 0.005
v -0.227 0.829 -0.046
v -0.207 0.785 -0.002
v -0.182 0.739 0.022
v -0.217 0.789 -0.053
v -0.204 0.741 -0.062
v -0.219 0.85 -0.073
v -0.193 0.725 -0.016
v -0.186 0.695 -0.023
v -0.171 0.676 0.007
v -0.219 0.883 -0.091
v -0.194 0.788 -0.1
v -0.19 0.709 -0.052
v -0.185 0.693 -0.073
v -0.182 0.669 -0.029
v -0.21 0.853 -0.095
v -0.175 0.618 -0.032
v -0.166 0.62 -0.004
v -0.157 0.545 -0.018
v -0.196 0.887 -0.117
v -0.174 0.793 -0.118
v -0.205 0.931 -0.111
v -0.209 0.957 -0.106
v -0.161 0.907 -0.14
v -0.138 0.806 -0.14
v -0.174 0.953 -0.135
v -0.163 0.743 -0.124
v -0.129 0.745 -0.144
v -0.122 0.691 -0.149
v -0.178 0.973 -0.132
v -0.13 0.973 -0.153
v -0.134 0.991 -0.155
v -0.182 0.996 -0.128
v -0.136 1.008 -0.156
v -0.181 0.734 -0.106
v -0.153 0.691 -0.132
v -0.187 1.061 -0.121
v -0.152 1.071 -0.141
v -0.129 1.076 -0.155
v -0.123 1.107 -0.15
v -0.151 1.1 -0.139
v -0.114 1.128 -0.145
v -0.187 0.719 -0.085
v -0.17 0.697 -0.114
v -0.228 1.085 -0.082
v -0.227 1.119 -0.083
v -0.176 1.098 -0.129
v -0.166 1.127 -0.13
v -0.177 1.148 -0.111
v -0.142 1.168 -0.122
v -0.165 0.659 -0.113
v -0.147 0.653 -0.13
v -0.113 0.646 -0.148
v -0.147 0.628 -0.139
v -0.11 0.619 -0.161
v -0.106 0.585 -0.163
v -0.167 0.633 -0.118
v -0.179 0.663 -0.075
v -0.179 0.638 -0.077
v -0.139 0.593 -0.143
v -0.173 0.599 -0.071
v -0.136 0.558 -0.148
v -0.101 0.507 -0.177
v -0.155 0.591 -0.123
v -0.167 0.559 -0.041
v -0.152 0.566 -0.125
v -0.166 0.536 -0.067
v -0.15 0.505 -0.021
v -0.168 0.563 -0.07
v -0.158 0.531 -0.094
v -0.148 0.509 -0.13
v -0.134 0.507 -0.156
v -0.159 0.501 -0.071
v -0.152 0.463 -0.07
v -0.139 0.453 -0.026
v -0.151 0.496 -0.107
v -0.143 0.462 -0.13
v -0.129 0.465 -0.158
v -0.1 0.467 -0.181
v -0.09 0.397 -0.176
v -0.116 0.395 -0.154
v -0.083 0.335 -0.173
v -0.135 0.381 -0.053
v -0.129 0.381 -0.035
v -0.122 0.337 -0.041
v -0.131 0.388 -0.125
v -0.135 0.337 -0.072
v -0.138 0.314 -0.071
v -0.122 0.303 -0.041
v -0.11 0.32 -0.152
v -0.077 0.288 -0.17
v -0.127 0.323 -0.107
v -0.124 0.336 -0.127
v -0.118 0.307 -0.127
v -0.108 0.29 -0.151
v -0.073 0.251 -0.17
v -0.13 0.289 -0.051
v -0.13 0.272 -0.03
v -0.105 0.257 -0.151
v -0.065 0.189 -0.167
v -0.096 0.192 -0.148
v -0.119 0.258 -0.124
v -0.114 0.201 -0.118
v -0.119 0.272 -0.121
v -0.131 0.267 -0.071
v -0.124 0.211 -0.073
v -0.131 0.272 -0.057
v -0.125 0.22 -0.028
v -0.135 0.284 -0.071
v -0.117 0.293 -0.122
v -0.129 0.294 -0.095
v -0.139 0.299 -0.071
v 0.002 1.641 0.111
v 0.036 1.654 0.097
v 0.014 1.631 0.104
v 0.031 1.638 0.096
v 0.015 1.626 0.091
v 0.044 1.647 0.085
v 0.042 1.646 0.069
v 0.051 1.669 0.078
v 0.021 1.695 0.088
v 0.06 1.679 0.052
v 0.056 1.683 0.037
v 0.059 1.708 0.018
v 0.044 1.692 0.073
v 0.039 1.713 0.075
v 0.047 1.715 0.066
v 0.06 1.692 0.056
v 0.061 1.724 0.021
v 0.057 1.731 0.035
v 0.056 1.772 0.016
v 0.055 1.775 0.003
v 0.057 1.728 0.008
v 0.042 1.722 -0.005
v 0.05 1.75 0.036
v 0.043 1.741 0.05
v 0.049 1.748 0.002
v 0.046 1.741 -0.009
v 0.047 1.746 -0.025
v 0.046 1.764 0.061
v 0.053 1.776 0.038
v 0.034 1.747 0.074
v 0.035 1.765 0.08
v 0.036 1.73 0.058
v 0.024 1.754 0.087
v 0 1.769 0.095
v 0.028 1.718 0.08
v 0.03 1.712 0.077
v 0.013 1.698 0.087
v 0.013 1.716 0.088
v -0.003 1.717 0.106
v -0.006 1.706 0.104
v -0.005 1.683 0.106
v 0.023 1.725 0.086
v 0.005 1.752 0.095
v -0.009 1.766 0.111
v 0.003 1.741 0.096
v -0.005 1.786 0.081
v -0.016 1.786 0.1
v -0.01 1.797 0.097
v -0.014 1.758 0.122
v -0.007 1.752 0.122
v 0.005 1.751 0.102
v -0.002 1.748 0.108
v -0.009 1.741 0.119
v -0.015 1.736 0.111
v 0 1.723 0.111
v 0.162 1.591 0.052
v 0.213 1.556 0.064
v 0.204 1.545 0.092
v 0.163 1.575 0.084
v 0.176 1.548 0.099
v 0.151 1.56 0.103
v 0.15 1.583 0.078
v 0.123 1.571 0.091
v 0.128 1.592 0.064
v 0.097 1.58 0.082
v 0.11 1.601 0.055
v 0.139 1.602 0.035
v 0.118 1.614 0.02
v 0.153 1.604 -0.003
v 0.174 1.592 0.013
v 0.117 1.624 -0.024
v 0.156 1.589 -0.051
v 0.167 1.585 -0.042
v 0.139 1.592 -0.065
v -0.086 1.88 0.037
v -0.084 1.877 0.057
v -0.094 1.859 0.037
v -0.094 1.852 0.046
v -0.171 1.602 -0.153
v -0.191 1.604 -0.125
v -0.225 1.582 -0.155
v -0.202 1.582 -0.171
v -0.172 1.578 -0.187
v -0.157 1.59 -0.179
v -0.148 1.583 -0.183
v -0.134 1.553 -0.2
v -0.148 1.546 -0.205
v -0.188 1.547 -0.207
v -0.164 1.53 -0.216
v -0.219 1.556 -0.187
v -0.206 1.523 -0.215
v -0.223 1.533 -0.202
v 0.203 0.89 0.157
v 0.214 0.879 0.155
v 0.2 0.88 0.154
v 0.215 0.911 0.161
v 0.224 0.913 0.153
v 0.205 0.903 0.158
v 0.2 0.88 0.154
v 0.214 0.879 0.155
v 0.176 0.859 0.133
v 0.183 0.854 0.129
v 0.157 0.86 0.114
v 0.187 0.856 0.119
v 0.164 0.86 0.103
v 0.184 0.864 0.109
v 0.089 1.142 0.093
v 0.057 1.14 0.125
v 0.061 1.143 0.134
v 0.025 1.129 0.152
v 0.018 1.125 0.14
v -0.008 1.117 0.161
v -0.013 1.111 0.15
v -0.044 1.101 0.152
v -0.042 1.104 0.162
v -0.073 1.092 0.149
v -0.08 1.091 0.157
v 0.157 0.86 0.114
v 0.147 0.848 0.118
v 0.169 0.851 0.129
v 0.166 0.847 0.135
v 0.16 0.847 0.141
v 0.202 0.869 0.168
v 0.195 0.868 0.174
v 0.184 0.868 0.173
v 0.151 0.852 0.142
v 0.138 0.849 0.126
v -0.232 1.092 -0.106
v -0.221 1.101 -0.097
v -0.233 1.134 -0.15
v -0.219 1.144 -0.135
v -0.227 1.148 -0.162
v -0.219 1.106 -0.091
v -0.217 1.155 -0.124
v -0.217 1.123 -0.091
v -0.22 1.144 -0.077
v -0.21 1.158 -0.126
v -0.21 1.156 -0.156
v -0.221 1.17 -0.106
v -0.203 1.169 -0.139
v -0.236 1.189 -0.097
v -0.232 1.142 -0.048
v -0.208 1.196 -0.168
v -0.213 1.205 -0.144
v -0.212 1.186 -0.121
v -0.221 1.199 -0.122
v -0.228 1.214 -0.121
v -0.253 1.192 -0.089
v -0.25 1.222 -0.11
v -0.243 1.252 -0.134
v -0.209 1.23 -0.169
v -0.223 1.241 -0.148
v -0.214 1.265 -0.164
v -0.241 1.288 -0.154
v -0.248 1.302 -0.158
v 0.144 0.95 0.168
v 0.158 0.966 0.18
v 0.154 0.965 0.167
v 0.147 0.948 0.176
v 0.141 0.933 0.162
v 0.139 0.921 0.165
v 0.138 0.922 0.174
v 0.142 0.947 0.186
v 0.159 0.973 0.189
v 0.144 0.95 0.168
v 0.154 0.965 0.167
v 0.141 0.966 0.162
v 0.135 0.954 0.162
v 0.141 0.933 0.162
v 0.136 0.979 0.162
v 0.154 0.973 0.157
v 0.126 0.957 0.163
v 0.127 0.928 0.153
v 0.139 0.921 0.165
v -0.008 1.864 -0.117
v 0.01 1.879 -0.106
v -0.024 1.881 -0.108
v -0.006 1.894 -0.095
v 0.02 1.886 -0.098
v -0.002 1.905 -0.075
v 0.024 1.896 -0.08
v 0.03 1.896 -0.066
v -0.042 1.894 -0.091
v -0.05 1.88 -0.106
v 0.014 1.906 -0.059
v 0.023 1.906 -0.024
v 0.003 1.919 -0.016
v 0.024 1.908 0
v 0.008 1.918 0.016
v -0.006 1.913 -0.054
v -0.015 1.923 0.007
v -0.006 1.918 0.044
v -0.029 1.914 -0.059
v -0.067 1.89 -0.091
v -0.075 1.881 -0.095
v -0.056 1.905 -0.07
v -0.078 1.899 -0.066
v -0.065 1.908 -0.054
v -0.079 1.906 -0.033
v -0.046 1.917 -0.02
v -0.028 1.921 0.036
v -0.063 1.909 -0.004
v -0.074 1.901 0.007
v -0.045 1.918 0.025
v -0.063 1.91 0.015
v -0.049 1.912 0.043
v -0.036 1.916 0.052
v -0.033 1.911 0.076
v -0.048 1.912 0.073
v -0.066 1.903 0.066
v -0.052 1.899 0.08
v -0.067 1.895 0.072
v -0.057 0.334 -0.064
v -0.059 0.289 -0.061
v -0.097 0.338 -0.05
v -0.088 0.404 -0.051
v -0.059 0.397 -0.062
v -0.061 0.471 -0.053
v -0.105 0.492 -0.038
v -0.068 0.513 -0.049
v -0.129 0.381 -0.035
v -0.122 0.337 -0.041
v -0.122 0.303 -0.041
v -0.083 0.291 -0.05
v -0.13 0.272 -0.03
v -0.139 0.453 -0.026
v -0.088 0.265 -0.044
v -0.125 0.492 -0.031
v -0.15 0.505 -0.021
v -0.113 0.533 -0.028
v -0.107 0.241 -0.035
v -0.079 0.206 -0.035
v -0.125 0.22 -0.028
v -0.141 0.538 -0.019
v -0.157 0.545 -0.018
v -0.139 0.556 -0.013
v -0.123 0.56 -0.018
v -0.166 0.62 -0.004
v -0.15 0.61 -0.001
v -0.141 0.637 0.006
v -0.115 0.6 -0.01
v -0.102 0.67 0.008
v -0.171 0.676 0.007
v -0.139 0.698 0.024
v -0.098 0.693 0.014
v -0.099 0.736 0.023
v -0.141 0.734 0.033
v -0.182 0.739 0.022
v -0.1 0.788 0.032
v -0.147 0.819 0.05
v -0.097 0.838 0.038
v -0.165 0.783 0.039
v -0.194 0.819 0.041
v -0.196 0.855 0.049
v -0.12 0.851 0.048
v -0.099 0.877 0.049
v -0.148 0.871 0.058
v -0.13 0.891 0.059
v -0.117 0.943 0.078
v -0.154 0.894 0.063
v -0.199 0.908 0.058
v -0.147 0.934 0.073
v -0.119 0.959 0.084
v -0.164 0.952 0.073
v -0.199 0.969 0.068
v -0.119 0.972 0.09
v -0.14 0.973 0.085
v -0.121 1.011 0.109
v -0.171 0.989 0.081
v -0.193 1.002 0.074
v -0.16 1.007 0.09
v -0.181 1.045 0.09
v -0.153 1.051 0.108
v -0.173 1.11 0.103
v -0.145 1.096 0.122
v -0.124 1.048 0.122
v -0.128 1.128 0.136
v -0.109 1.096 0.136
v -0.108 1.154 0.145
v -0.092 1.128 0.149
v -0.093 1.045 0.134
v -0.073 1.092 0.149
v -0.109 1.049 0.127
v -0.103 1.014 0.114
v -0.094 0.985 0.094
v -0.088 0.97 0.077
v -0.1 0.962 0.077
v -0.06 1.04 0.142
v -0.044 1.101 0.152
v -0.028 1.044 0.148
v -0.013 1.111 0.15
v -0.085 1.008 0.123
v -0.088 0.994 0.111
v -0.078 1.028 0.133
v -0.065 0.951 0.111
v 0.007 1.056 0.148
v 0.018 1.125 0.14
v 0.044 1.067 0.138
v 0.057 1.14 0.125
v 0.072 1.097 0.124
v 0.065 1.035 0.135
v 0.029 1.012 0.148
v 0.023 0.981 0.148
v 0.053 0.96 0.145
v 0.008 0.965 0.152
v 0.059 0.938 0.144
v -0.012 1.007 0.148
v -0.031 1.009 0.143
v -0.033 0.987 0.138
v -0.049 0.969 0.126
v -0.022 0.946 0.135
v 0.023 0.918 0.155
v -0.022 0.92 0.13
v -0.057 0.917 0.104
v -0.03 0.891 0.114
v -0.011 0.884 0.129
v 0.041 0.849 0.153
v 0.076 0.876 0.142
v 0.086 0.83 0.137
v 0.009 0.812 0.129
v 0.049 0.822 0.151
v 0.044 0.782 0.14
v 0.063 0.761 0.143
v 0.029 0.729 0.125
v 0.041 0.688 0.121
v 0.075 0.692 0.133
v 0.061 0.635 0.117
v 0.092 0.614 0.125
v 0.078 0.604 0.119
v 0.099 0.577 0.117
v 0.085 0.549 0.103
v 0.102 0.54 0.11
v 0.085 0.535 0.093
v 0.159 0.866 0.152
v 0.151 0.852 0.142
v 0.137 0.862 0.128
v 0.138 0.849 0.126
v 0.137 0.856 0.115
v 0.147 0.848 0.118
v 0.142 0.868 0.123
v 0.147 0.864 0.115
v 0.199 0.887 0.1
v 0.227 0.902 0.117
v 0.224 0.909 0.112
v 0.192 0.899 0.097
v 0.178 0.896 0.096
v 0.179 0.888 0.098
v 0.216 0.917 0.114
v 0.23 0.927 0.117
v 0.223 0.933 0.115
v 0.219 0.949 0.114
v 0.212 0.927 0.119
v 0.229 0.959 0.116
v 0.209 0.956 0.121
v 0.226 0.965 0.115
v 0.241 0.974 0.129
v -0.088 0.97 0.077
v -0.082 0.955 0.057
v -0.1 0.962 0.077
v -0.117 0.943 0.078
v -0.119 0.959 0.084
v -0.119 0.972 0.09
v -0.088 0.92 0.047
v -0.095 0.895 0.048
v -0.099 0.877 0.049
v -0.07 0.899 0.018
v -0.083 0.868 0.029
v -0.058 0.859 0.002
v -0.097 0.838 0.038
v -0.1 0.788 0.032
v -0.055 0.917 -0.008
v -0.058 0.941 -0.001
v -0.06 0.882 0.001
v -0.062 0.808 -0.004
v -0.099 0.736 0.023
v -0.05 0.869 -0.021
v -0.053 0.917 -0.037
v -0.052 0.932 -0.028
v -0.065 0.731 -0.013
v -0.098 0.693 0.014
v -0.055 0.841 -0.011
v -0.05 0.875 -0.049
v -0.054 0.926 -0.051
v -0.047 0.935 -0.053
v -0.06 0.914 -0.071
v -0.06 0.923 -0.083
v -0.055 0.936 -0.085
v -0.047 0.814 -0.059
v -0.049 0.816 -0.03
v -0.051 0.746 -0.041
v -0.047 0.749 -0.07
v -0.048 0.689 -0.049
v -0.042 0.653 -0.086
v -0.065 0.687 -0.02
v -0.047 0.658 -0.052
v -0.077 0.68 -0.011
v -0.102 0.67 0.008
v -0.067 0.635 -0.027
v -0.09 0.641 -0.01
v -0.115 0.6 -0.01
v -0.074 0.591 -0.032
v -0.123 0.56 -0.018
v -0.041 0.627 -0.053
v -0.047 0.591 -0.06
v -0.073 0.552 -0.043
v -0.113 0.533 -0.028
v -0.068 0.513 -0.049
v -0.105 0.492 -0.038
v -0.046 0.556 -0.065
v -0.042 0.515 -0.07
v -0.061 0.471 -0.053
v -0.034 0.575 -0.091
v -0.035 0.606 -0.09
v -0.034 0.623 -0.089
v -0.034 0.472 -0.072
v -0.027 0.521 -0.099
v -0.028 0.521 -0.133
v -0.036 0.584 -0.124
v -0.038 0.619 -0.121
v -0.047 0.646 -0.116
v -0.061 0.576 -0.165
v -0.066 0.616 -0.162
v -0.055 0.523 -0.173
v -0.073 0.643 -0.15
v -0.052 0.476 -0.177
v -0.05 0.685 -0.112
v -0.078 0.689 -0.152
v -0.083 0.749 -0.144
v -0.053 0.754 -0.102
v -0.076 0.788 -0.126
v -0.092 0.806 -0.142
v -0.057 0.799 -0.1
v -0.073 0.833 -0.116
v -0.101 0.856 -0.144
v -0.064 0.875 -0.101
v -0.094 0.893 -0.129
v -0.113 0.913 -0.144
v -0.066 0.919 -0.101
v -0.102 0.929 -0.135
v -0.064 0.939 -0.103
v -0.076 0.954 -0.128
v -0.051 0.944 -0.092
v -0.041 0.941 -0.07
v 0.19 1.252 0.11
v 0.203 1.265 0.1
v 0.228 1.275 0.117
v 0.226 1.267 0.125
v 0.273 1.274 0.101
v 0.205 0.982 0.123
v 0.226 0.965 0.115
v 0.221 1.008 0.115
v 0.206 0.968 0.126
v 0.209 0.956 0.121
v 0.192 0.959 0.15
v 0.193 0.983 0.134
v 0.208 0.997 0.12
v 0.174 0.995 0.137
v 0.209 1.012 0.118
v 0.189 1.016 0.13
v 0.175 1.024 0.142
v 0.16 1.015 0.148
v 0.165 0.986 0.144
v 0.166 1.019 0.173
v 0.176 1.03 0.158
v 0.141 1 0.177
v 0.137 0.998 0.162
v 0.133 0.988 0.181
v 0.129 0.985 0.169
v 0.136 0.979 0.162
v 0.149 0.993 0.15
v 0.154 0.973 0.157
v 0.165 0.986 0.144
v 0.127 0.862 0.137
v 0.151 0.866 0.15
v 0.136 0.868 0.13
v 0.146 0.863 0.157
v 0.139 0.866 0.163
v 0.121 0.868 0.145
v 0.165 0.887 0.189
v 0.174 0.887 0.185
v -0.005 1.786 0.081
v -0.01 1.797 0.097
v 0.004 1.794 0.086
v 0.004 1.798 0.1
v 0.025 1.794 0.084
v 0.165 0.887 0.189
v 0.19 0.936 0.204
v 0.174 0.887 0.185
v 0.178 0.923 0.2
v 0.157 0.892 0.188
v 0.139 0.866 0.163
v 0.133 0.874 0.162
v 0.167 0.928 0.196
v 0.181 0.938 0.206
v 0.195 0.962 0.198
v 0.171 0.958 0.196
v 0.179 0.97 0.197
v 0.211 0.992 0.185
v 0.159 0.973 0.189
v 0.188 0.993 0.19
v 0.206 1.029 0.17
v 0.159 0.994 0.192
v 0.186 1.018 0.177
v 0.188 1.032 0.166
v 0.176 1.03 0.158
v 0.166 1.019 0.173
v 0.141 1 0.177
v 0.15 0.991 0.192
v 0.133 0.988 0.181
v 0.128 0.97 0.183
v 0.142 0.947 0.186
v 0.13 0.95 0.19
v 0.119 0.952 0.185
v 0.128 0.919 0.175
v 0.138 0.922 0.174
v 0.116 0.924 0.169
v -0.073 1.092 0.149
v -0.092 1.128 0.149
v -0.08 1.091 0.157
v -0.097 1.129 0.156
v -0.111 1.151 0.152
v -0.108 1.154 0.145
v 0.155 0.875 0.146
v 0.136 0.868 0.13
v 0.151 0.866 0.15
v 0.178 0.888 0.18
v 0.146 0.863 0.157
v 0.174 0.887 0.185
v 0.181 0.902 0.174
v 0.19 0.918 0.191
v 0.195 0.893 0.142
v 0.204 0.892 0.131
v 0.208 0.912 0.133
v 0.198 0.909 0.142
v 0.212 0.927 0.119
v 0.205 0.912 0.123
v 0.208 0.904 0.132
v 0.193 0.905 0.117
v 0.196 0.907 0.109
v 0.216 0.917 0.114
v 0.223 0.933 0.115
v 0.207 0.943 0.12
v 0.219 0.949 0.114
v 0.198 0.948 0.14
v 0.191 0.919 0.151
v 0.173 0.945 0.165
v 0.169 0.956 0.164
v 0.164 0.956 0.182
v 0.158 0.966 0.18
v 0.159 0.973 0.189
v 0.171 0.958 0.196
v 0.167 0.928 0.196
v 0.2 0.903 0.155
v 0.194 0.883 0.151
v 0.177 0.874 0.135
v 0.179 0.88 0.125
v 0.173 0.87 0.134
v 0.157 0.864 0.12
v 0.158 0.874 0.119
v 0.155 0.868 0.107
v 0.157 0.86 0.114
v 0.164 0.86 0.103
v 0.163 0.879 0.111
v 0.169 0.874 0.103
v 0.184 0.908 0.162
v 0.192 0.905 0.155
v 0.176 0.917 0.17
v 0.186 0.941 0.157
v 0.168 0.922 0.172
v 0.162 0.924 0.18
v 0.154 0.9 0.177
v 0.16 0.902 0.168
v 0.144 0.888 0.151
v 0.137 0.886 0.159
v 0.156 0.903 0.187
v 0.157 0.892 0.188
v 0.133 0.874 0.162
v 0.124 0.88 0.142
v 0.121 0.868 0.145
v 0.139 0.866 0.163
v 0.122 0.872 0.134
v 0.127 0.862 0.137
v 0.175 0.123 0.216
v 0.146 0.124 0.218
v 0.177 0.149 0.206
v 0.151 0.152 0.206
v 0.15 0.183 -0.093
v 0.179 0.192 -0.064
v 0.147 0.253 -0.091
v 0.179 0.255 -0.062
v 0.145 0.291 -0.09
v 0.19 0.197 -0.03
v 0.173 0.186 -0.062
v 0.183 0.193 -0.03
v 0.162 0.2 0.007
v 0.189 0.278 -0.025
v 0.183 0.204 0.005
v 0.176 0.291 -0.059
v 0.176 0.335 -0.058
v 0.142 0.333 -0.088
v 0.157 0.367 -0.071
v 0.173 0.393 -0.057
v 0.186 0.317 -0.024
v 0.18 0.399 -0.021
v 0.172 0.47 -0.054
v 0.18 0.474 -0.018
v 0.163 0.514 -0.05
v 0.182 0.263 0.004
v 0.174 0.299 0.011
v 0.168 0.277 0.033
v 0.161 0.212 0.046
v 0.178 0.335 0.005
v 0.174 0.407 0.011
v 0.176 0.512 -0.013
v 0.174 0.474 0.014
v 0.168 0.55 -0.007
v 0.149 0.585 -0.036
v 0.172 0.507 0.016
v 0.144 0.458 0.064
v 0.146 0.415 0.061
v 0.161 0.32 0.041
v 0.151 0.336 0.054
v 0.159 0.301 0.057
v 0.158 0.267 0.052
v 0.149 0.278 0.062
v 0.131 0.218 0.08
v 0.13 0.262 0.083
v 0.13 0.27 0.083
v 0.127 0.298 0.071
v 0.122 0.333 0.069
v 0.136 0.357 0.064
v 0.115 0.389 0.081
v 0.108 0.446 0.091
v 0.144 0.503 0.069
v 0.106 0.493 0.1
v 0.142 0.538 0.076
v 0.104 0.518 0.106
v 0.155 0.534 0.046
v 0.123 0.553 0.097
v 0.102 0.54 0.11
v 0.099 0.577 0.117
v 0.164 0.565 0.022
v 0.142 0.562 0.076
v 0.142 0.603 0.079
v 0.161 0.594 0.027
v 0.161 0.595 0
v 0.12 0.581 0.104
v 0.111 0.613 0.113
v 0.092 0.614 0.125
v 0.162 0.638 0.035
v 0.16 0.63 0.007
v 0.146 0.618 -0.032
v 0.137 0.641 -0.021
v 0.117 0.632 0.11
v 0.113 0.664 0.11
v 0.075 0.692 0.133
v 0.151 0.653 0.013
v 0.144 0.643 0.076
v 0.152 0.661 0.037
v 0.138 0.668 0.075
v 0.106 0.707 0.114
v 0.151 0.701 0.034
v 0.151 0.69 0.011
v 0.102 0.728 0.119
v 0.063 0.761 0.143
v 0.136 0.699 0.076
v 0.136 0.723 0.081
v 0.094 0.787 0.13
v 0.049 0.822 0.151
v 0.148 0.735 0.041
v 0.136 0.745 0.088
v 0.132 0.809 0.099
v 0.13 0.838 0.104
v 0.145 0.802 0.048
v 0.144 0.743 0.015
v 0.143 0.856 0.052
v 0.131 0.733 -0.021
v 0.14 0.794 0.018
v 0.14 0.855 0.02
v 0.138 0.685 -0.021
v 0.108 0.633 -0.048
v 0.106 0.674 -0.051
v 0.096 0.729 -0.051
v 0.125 0.798 -0.021
v 0.124 0.899 -0.022
v 0.091 0.79 -0.052
v 0.089 0.857 -0.056
v 0.088 0.894 -0.058
v 0.14 0.895 0.022
v 0.105 0.917 -0.042
v 0.09 0.927 -0.061
v 0.102 0.946 -0.047
v 0.094 0.966 -0.065
v 0.123 0.936 -0.019
v 0.106 0.974 -0.042
v 0.115 0.952 -0.027
v 0.119 0.972 -0.014
v 0.129 0.959 0.025
v 0.135 0.937 0.026
v 0.134 0.941 0.058
v 0.141 0.893 0.056
v 0.122 0.917 0.091
v 0.236 1.012 0.123
v 0.243 1.005 0.123
v 0.229 1.002 0.108
v 0.221 1.008 0.115
v 0.209 1.012 0.118
v 0.213 1.004 0.103
v 0.197 1.007 0.106
v 0.182 1.013 0.119
v 0.189 1.016 0.13
v 0.175 1.024 0.142
v 0.17 1.023 0.139
v 0.169 1.029 0.16
v 0.176 1.03 0.158
v 0.179 1.032 0.175
v 0.188 1.032 0.166
v 0.2 1.031 0.181
v 0.206 1.029 0.17
v 0.231 1.022 0.171
v 0.23 1.022 0.158
v -0.242 1.465 -0.097
v -0.223 1.449 -0.093
v -0.225 1.411 -0.106
v -0.243 1.43 -0.111
v -0.249 1.4 -0.124
v -0.227 1.389 -0.119
v -0.247 1.373 -0.137
v -0.222 1.359 -0.137
v -0.245 1.363 -0.14
v -0.218 1.321 -0.154
v -0.25 1.328 -0.154
v -0.226 1.295 -0.175
v -0.257 1.303 -0.171
v -0.285 1.32 -0.186
v -0.285 1.309 -0.186
v -0.008 0.933 -0.074
v 0.025 0.917 -0.072
v 0.046 0.91 -0.065
v 0.016 0.896 -0.06
v -0.014 0.926 -0.064
v 0.038 0.872 -0.055
v 0.031 0.843 -0.048
v 0.066 0.85 -0.053
v 0.064 0.815 -0.049
v 0.039 0.781 -0.041
v 0.072 0.763 -0.047
v 0.091 0.79 -0.052
v 0.046 0.724 -0.037
v 0.096 0.729 -0.051
v 0.058 0.672 -0.038
v 0.106 0.674 -0.051
v 0.065 0.63 -0.038
v 0.108 0.633 -0.048
v 0.113 0.61 -0.06
v 0.137 0.641 -0.021
v 0.065 0.605 -0.048
v 0.146 0.618 -0.032
v 0.067 0.586 -0.049
v 0.149 0.585 -0.036
v 0.116 0.568 -0.066
v 0.07 0.565 -0.051
v 0.163 0.514 -0.05
v 0.077 0.514 -0.063
v 0.124 0.52 -0.077
v 0.131 0.475 -0.082
v 0.172 0.47 -0.054
v 0.082 0.474 -0.068
v 0.173 0.393 -0.057
v 0.119 0.406 -0.077
v 0.093 0.394 -0.068
v 0.116 0.343 -0.076
v 0.136 0.404 -0.083
v 0.157 0.367 -0.071
v 0.142 0.333 -0.088
v -0.219 1.144 -0.135
v -0.21 1.156 -0.156
v -0.227 1.148 -0.162
v -0.213 1.179 -0.179
v -0.058 1.727 -0.076
v -0.037 1.724 -0.085
v -0.046 1.745 -0.095
v -0.022 1.722 -0.086
v -0.014 1.698 -0.087
v 0.004 1.725 -0.082
v -0.031 1.695 -0.09
v -0.053 1.705 -0.081
v -0.047 1.677 -0.093
v -0.023 1.675 -0.095
v -0.046 1.661 -0.104
v -0.024 1.663 -0.101
v 0.02 1.663 -0.089
v 0.013 1.676 -0.086
v 0.031 1.682 -0.072
v 0.042 1.66 -0.078
v 0.023 1.713 -0.071
v 0.007 1.704 -0.082
v 0.022 1.732 -0.072
v 0.026 1.751 -0.083
v 0.01 1.74 -0.088
v -0.008 1.74 -0.095
v 0.007 1.772 -0.103
v 0.025 1.783 -0.097
v -0.024 1.735 -0.095
v -0.025 1.775 -0.113
v -0.009 1.772 -0.11
v 0.004 1.804 -0.113
v -0.042 1.794 -0.115
v -0.059 1.769 -0.099
v -0.011 1.798 -0.118
v -0.028 1.809 -0.121
v -0.056 1.819 -0.115
v 0.019 1.827 -0.11
v 0.039 1.814 -0.093
v 0.037 1.848 -0.097
v -0.007 1.834 -0.121
v -0.042 1.856 -0.119
v -0.056 1.86 -0.115
v 0.014 1.859 -0.11
v 0.02 1.886 -0.098
v 0.01 1.879 -0.106
v -0.008 1.864 -0.117
v -0.024 1.881 -0.108
v -0.05 1.88 -0.106
v -0.075 1.881 -0.095
v 0.097 1.542 0.104
v 0.066 1.557 0.099
v 0.088 1.56 0.095
v 0.094 1.545 0.107
v 0.033 1.634 0.02
v 0.031 1.668 0.011
v 0.043 1.642 0
v 0.04 1.708 -0.005
v 0.03 1.691 0.011
v 0.016 1.674 0.022
v 0.006 1.66 0.023
v 0.043 1.71 -0.026
v 0.044 1.665 -0.033
v 0.05 1.655 -0.051
v 0.036 1.721 -0.048
v 0.038 1.699 -0.048
v 0.041 1.675 -0.05
v 0.031 1.682 -0.072
v 0.042 1.66 -0.078
v 0.023 1.713 -0.071
v 0.022 1.732 -0.072
v 0.039 1.737 -0.047
v 0.051 1.768 -0.039
v 0.055 1.775 -0.054
v 0.058 1.789 -0.039
v 0.06 1.802 -0.027
v 0.063 1.814 -0.033
v 0.058 1.799 -0.01
v 0.041 1.761 -0.071
v 0.026 1.751 -0.083
v 0.025 1.783 -0.097
v 0.039 1.814 -0.093
v 0.052 1.83 -0.079
v 0.037 1.848 -0.097
v 0.061 1.804 -0.048
v 0.046 1.863 -0.08
v 0.02 1.886 -0.098
v 0.057 1.829 -0.067
v 0.062 1.848 -0.044
v 0.057 1.874 -0.049
v 0.064 1.852 -0.024
v 0.036 1.886 -0.063
v 0.024 1.896 -0.08
v 0.03 1.896 -0.066
v 0.04 1.885 -0.043
v 0.06 1.868 -0.03
v 0.036 1.897 -0.033
v 0.023 1.906 -0.024
v 0.043 1.88 -0.015
v 0.037 1.893 -0.006
v 0.024 1.908 0
v 0.055 1.859 0
v 0.063 1.847 -0.008
v 0.046 1.856 0.027
v 0.032 1.89 0.02
v 0.039 1.875 0.011
v 0.057 1.803 0
v 0.021 1.908 0.022
v 0.008 1.918 0.016
v -0.006 1.918 0.044
v 0.03 1.878 0.033
v 0.009 1.906 0.048
v -0.033 1.911 0.076
v -0.019 1.902 0.076
v -0.001 1.885 0.077
v 0.018 1.891 0.05
v 0.007 1.869 0.068
v -0.007 1.867 0.077
v 0.016 1.875 0.057
v 0.023 1.86 0.064
v 0.009 1.855 0.079
v 0.035 1.859 0.052
v 0.024 1.817 0.087
v -0.002 1.815 0.099
v -0.004 1.802 0.1
v 0.029 1.807 0.084
v 0.004 1.798 0.1
v 0.025 1.794 0.084
v 0.039 1.802 0.067
v 0.041 1.818 0.049
v 0.048 1.813 0.025
v 0.054 1.839 0.019
v 0.055 1.778 -0.01
v 0.059 1.769 -0.013
v 0.055 1.761 -0.013
v 0.049 1.767 -0.019
v 0.054 1.744 -0.009
v 0.063 1.765 -0.03
v -0.025 1.794 0.094
v -0.05 1.796 0.096
v -0.032 1.795 0.103
v -0.058 1.792 0.09
v -0.034 1.792 0.086
v -0.03 1.786 0.081
v 0.207 1.247 0.119
v 0.213 1.236 0.127
v 0.212 1.184 0.141
v 0.191 1.232 0.108
v 0.191 1.177 0.121
v 0.211 1.158 0.155
v 0.19 1.146 0.136
v 0.211 1.149 0.161
v 0.201 1.115 0.154
v 0.193 1.091 0.153
v 0.189 1.164 0.096
v 0.188 1.156 0.115
v 0.183 1.135 0.113
v 0.183 1.111 0.123
v 0.184 1.089 0.136
v 0.179 1.032 0.175
v 0.169 1.029 0.16
v 0.17 1.023 0.139
v 0.184 1.077 0.111
v 0.182 1.013 0.119
v 0.192 1.069 0.094
v 0.197 1.007 0.106
v 0.205 1.063 0.083
v 0.181 1.081 0.11
v 0.188 1.072 0.089
v 0.185 1.087 0.077
v 0.204 1.082 0.065
v 0.213 1.112 0.053
v 0.178 1.098 0.099
v 0.185 1.122 0.09
v 0.21 1.155 0.05
v 0.229 1.155 0.037
v 0.195 1.159 0.068
v 0.195 1.135 0.071
v 0.209 1.186 0.041
v 0.229 1.197 0.022
v 0.187 1.203 0.08
v 0.195 1.186 0.06
v 0.211 1.211 0.035
v 0.222 1.25 0.011
v 0.198 1.213 0.049
v 0.187 1.223 0.079
v 0.207 1.241 0.03
v 0.185 1.243 0.075
v 0.19 1.252 0.11
v 0.194 1.242 0.045
v 0.196 1.263 0.047
v 0.206 1.258 0.026
v 0.208 1.298 0.002
v 0.193 1.253 0.07
v 0.203 1.265 0.1
v 0.188 1.295 0.026
v 0.195 1.335 -0.007
v 0.194 1.268 0.072
v 0.204 1.281 0.099
v 0.176 1.341 0.015
v 0.184 1.355 -0.01
v 0.177 1.3 0.051
v 0.175 1.303 0.073
v 0.193 1.287 0.086
v 0.193 1.309 0.096
v 0.191 1.33 0.094
v 0.169 1.336 0.076
v 0.189 1.345 0.093
v 0.163 1.353 0.042
v 0.165 1.37 0.084
v 0.168 1.364 0.014
v 0.176 1.369 -0.012
v 0.156 1.379 0.045
v 0.154 1.397 0.085
v 0.165 1.395 -0.013
v 0.2 1.39 -0.027
v 0.189 1.419 -0.033
v 0.154 1.397 0.023
v 0.15 1.405 0.062
v 0.147 1.437 0.083
v 0.14 1.431 0.047
v 0.136 1.447 0.078
v 0.141 1.471 0.104
v 0.157 1.427 -0.009
v 0.166 1.417 -0.017
v 0.174 1.439 -0.036
v 0.161 1.438 -0.023
v 0.17 1.447 -0.044
v -0.173 1.11 0.103
v -0.176 1.11 0.113
v -0.145 1.096 0.122
v -0.147 1.095 0.13
v -0.134 1.553 -0.2
v -0.135 1.506 -0.203
v -0.128 1.539 -0.207
v -0.135 1.499 -0.205
v -0.143 1.485 -0.195
v -0.143 1.586 -0.185
v -0.134 1.553 -0.2
v -0.128 1.539 -0.207
v -0.148 1.583 -0.183
v -0.171 1.602 -0.153
v -0.165 1.606 -0.153
v -0.186 1.609 -0.123
v -0.191 1.604 -0.125
v -0.2 1.601 -0.099
v -0.241 1.571 -0.136
v -0.225 1.582 -0.155
v -0.219 1.581 -0.1
v -0.212 1.581 -0.081
v -0.222 1.575 -0.089
v -0.22 1.554 -0.07
v -0.233 1.546 -0.078
v -0.247 1.55 -0.119
v -0.25 1.527 -0.102
v -0.235 1.513 -0.074
v -0.248 1.495 -0.09
v -0.238 1.469 -0.085
v -0.253 1.484 -0.111
v -0.255 1.508 -0.121
v -0.257 1.499 -0.151
v -0.258 1.456 -0.138
v -0.242 1.465 -0.097
v -0.223 1.449 -0.093
v -0.243 1.43 -0.111
v -0.255 1.528 -0.141
v -0.25 1.543 -0.159
v -0.263 1.418 -0.148
v -0.249 1.4 -0.124
v -0.264 1.393 -0.159
v -0.247 1.373 -0.137
v -0.236 1.557 -0.173
v -0.202 1.582 -0.171
v -0.219 1.556 -0.187
v -0.241 1.536 -0.181
v -0.223 1.533 -0.202
v -0.251 1.516 -0.169
v -0.25 1.509 -0.183
v -0.242 1.525 -0.185
v -0.235 1.524 -0.201
v -0.206 1.523 -0.215
v -0.23 1.502 -0.211
v -0.255 1.496 -0.184
v -0.255 1.472 -0.188
v -0.226 1.481 -0.224
v -0.247 1.459 -0.209
v -0.244 1.44 -0.232
v -0.258 1.455 -0.174
v -0.267 1.425 -0.198
v -0.264 1.417 -0.171
v -0.26 1.422 -0.213
v -0.275 1.39 -0.202
v -0.269 1.384 -0.229
v -0.264 1.385 -0.243
v -0.265 1.378 -0.164
v -0.245 1.363 -0.14
v -0.261 1.356 -0.159
v -0.25 1.328 -0.154
v -0.276 1.337 -0.174
v -0.285 1.32 -0.186
v -0.285 1.357 -0.215
v -0.274 1.347 -0.254
v -0.301 1.325 -0.225
v -0.243 1.354 -0.271
v -0.234 1.421 -0.242
v -0.229 1.393 -0.26
v -0.281 1.324 -0.261
v -0.249 1.324 -0.278
v -0.272 1.309 -0.268
v -0.266 1.311 -0.276
v -0.278 1.298 -0.272
v -0.252 1.298 -0.282
v -0.263 1.284 -0.279
v -0.264 1.267 -0.274
v -0.294 1.314 -0.224
v -0.285 1.309 -0.186
v -0.291 1.299 -0.26
v -0.297 1.272 -0.252
v -0.285 1.275 -0.265
v -0.277 1.243 -0.252
v -0.289 1.302 -0.191
v -0.305 1.304 -0.22
v -0.278 1.288 -0.169
v -0.306 1.281 -0.207
v -0.298 1.286 -0.241
v -0.309 1.263 -0.192
v -0.274 1.277 -0.15
v -0.299 1.25 -0.236
v -0.3 1.235 -0.222
v -0.284 1.213 -0.227
v -0.308 1.246 -0.174
v -0.274 1.257 -0.137
v -0.303 1.187 -0.185
v -0.283 1.176 -0.201
v -0.303 1.212 -0.164
v -0.298 1.154 -0.155
v -0.278 1.142 -0.169
v -0.289 1.138 -0.136
v -0.273 1.129 -0.152
v -0.267 1.087 -0.105
v -0.282 1.096 -0.093
v -0.292 1.239 -0.146
v -0.28 1.233 -0.112
v -0.303 1.214 -0.147
v -0.277 1.209 -0.1
v -0.296 1.178 -0.12
v -0.291 1.163 -0.109
v -0.272 1.181 -0.089
v -0.269 1.138 -0.046
v -0.287 1.118 -0.066
v -0.286 1.121 -0.095
v 0.136 0.868 0.13
v 0.122 0.872 0.134
v 0.127 0.862 0.137
v 0.133 0.879 0.13
v 0.152 0.884 0.147
v 0.155 0.875 0.146
v 0.167 0.899 0.165
v 0.181 0.902 0.174
v -0.083 0.291 -0.05
v -0.097 0.338 -0.05
v -0.059 0.289 -0.061
v -0.056 0.261 -0.061
v -0.088 0.265 -0.044
v -0.065 0.24 -0.05
v -0.079 0.206 -0.035
v -0.044 0.197 -0.047
v -0.04 0.237 -0.063
v -0.022 0.257 -0.076
v -0.018 0.206 -0.069
v -0.033 0.194 -0.056
v -0.017 0.189 -0.067
v -0.011 0.217 -0.087
v -0.004 0.185 -0.102
v -0.029 0.293 -0.078
v -0.057 0.334 -0.064
v -0.059 0.397 -0.062
v -0.002 0.259 -0.102
v -0.008 0.21 -0.121
v -0.013 0.254 -0.13
v -0.009 0.183 -0.134
v -0.024 0.183 -0.169
v -0.031 0.266 -0.173
v -0.036 0.324 -0.175
v -0.008 0.315 -0.104
v -0.032 0.387 -0.076
v -0.018 0.343 -0.134
v -0.033 0.367 -0.159
v -0.045 0.405 -0.173
v -0.022 0.402 -0.134
v -0.047 0.44 -0.065
v -0.016 0.417 -0.103
v -0.035 0.438 -0.154
v -0.024 0.481 -0.136
v -0.018 0.477 -0.102
v -0.024 0.498 -0.119
v 0.167 0.899 0.165
v 0.181 0.902 0.174
v 0.182 0.902 0.174
v 0.19 0.918 0.191
v -0.059 1.719 0.085
v -0.058 1.709 0.091
v -0.034 1.717 0.1
v -0.071 1.714 0.087
v -0.082 1.728 0.091
v 0.033 1.709 0.095
v 0 1.723 0.111
v 0.003 1.741 0.096
v 0.038 1.713 0.093
v 0.012 1.715 0.102
v 0 1.723 0.111
v 0.033 1.709 0.095
v 0.023 1.709 0.088
v 0.013 1.716 0.088
v 0.038 1.711 0.083
v 0.038 1.713 0.093
v 0.05 1.727 0.086
v -0.003 1.717 0.106
v -0.013 1.719 0.116
v -0.021 1.718 0.107
v -0.034 1.717 0.1
v -0.055 1.712 0.101
v -0.058 1.709 0.091
v -0.069 1.71 0.096
v -0.071 1.714 0.087
v -0.082 1.728 0.091
v -0.012 1.55 0.08
v -0.011 1.546 0.077
v -0.022 1.591 0.055
v -0.023 1.6 0.055
v -0.034 1.62 0.039
v -0.011 1.546 0.077
v 0.007 1.558 0.081
v 0.033 1.57 0.077
v -0.012 1.55 0.08
v -0.12 1.564 0.014
v -0.108 1.554 0.036
v -0.106 1.551 0.033
v -0.119 1.565 0.021
v -0.129 1.58 -0.003
v -0.101 1.593 0.02
v -0.115 1.594 0.005
v -0.118 1.605 -0.025
v -0.106 1.612 -0.001
v -0.081 1.636 0.01
v -0.09 1.642 -0.005
v -0.103 1.624 -0.028
v -0.091 1.646 -0.022
v -0.088 1.653 -0.042
v -0.099 1.634 -0.057
v -0.067 1.67 -0.099
v -0.069 1.661 -0.108
v -0.05 1.662 -0.122
v -0.049 1.673 -0.112
v -0.201 1.285 -0.205
v -0.215 1.291 -0.175
v -0.226 1.295 -0.175
v -0.248 1.302 -0.158
v -0.257 1.303 -0.171
v -0.264 1.3 -0.167
v -0.285 1.309 -0.186
v -0.023 1.6 0.055
v -0.034 1.62 0.039
v -0.004 1.627 0.049
v -0.001 1.587 0.068
v -0.012 1.55 0.08
v 0.007 1.558 0.081
v 0.023 1.605 0.059
v 0.019 1.632 0.046
v 0.036 1.64 0.03
v 0.044 1.614 0.04
v 0.062 1.624 0.018
v 0.021 1.587 0.069
v 0.033 1.57 0.077
v 0.046 1.594 0.056
v 0.208 0.904 0.132
v 0.216 0.898 0.133
v 0.192 0.883 0.117
v 0.189 0.895 0.122
v 0.173 0.893 0.114
v 0.216 0.898 0.133
v 0.227 0.898 0.126
v 0.192 0.883 0.117
v 0.199 0.882 0.107
v 0.172 0.887 0.104
v 0.173 0.893 0.114
v 0.179 0.888 0.098
v 0.199 0.887 0.1
v 0.155 0.868 0.107
v 0.164 0.86 0.103
v 0.169 0.874 0.103
v 0.184 0.864 0.109
v 0.186 0.877 0.117
v 0.213 0.884 0.131
v 0.204 0.892 0.131
v 0.208 0.904 0.132
v 0.208 0.912 0.133
v 0.216 0.898 0.133
v 0.127 0.928 0.153
v 0.122 0.912 0.163
v 0.139 0.921 0.165
v 0.138 0.922 0.174
v 0.128 0.919 0.175
v 0.116 0.924 0.169
v -0.052 0.174 -0.146
v -0.031 0.183 -0.146
v -0.05 0.188 -0.141
v -0.031 0.166 -0.149
v -0.012 0.182 -0.133
v -0.009 0.164 -0.136
v -0.01 0.134 -0.135
v -0.05 0.138 -0.145
v -0.076 0.143 -0.137
v -0.077 0.109 -0.137
v -0.05 0.11 -0.146
v -0.027 0.111 -0.148
v -0.028 0.133 -0.146
v -0.008 0.112 -0.134
v 0.051 1.768 -0.039
v 0.067 1.79 -0.042
v 0.058 1.789 -0.039
v 0.061 1.758 -0.034
v -0.088 1.743 0.008
v -0.086 1.737 -0.004
v -0.096 1.738 -0.009
v -0.088 1.741 -0.016
v -0.103 1.751 -0.025
v 0.15 0.2 0.045
v 0.162 0.196 0.02
v 0.176 0.185 0.046
v 0.159 0.192 0.07
v 0.146 0.197 0.061
v 0.135 0.193 0.078
v 0.178 0.176 0.077
v 0.197 0.157 0.115
v 0.165 0.175 0.099
v 0.139 0.176 0.107
v 0.171 0.165 0.125
v 0.195 0.153 0.155
v 0.174 0.157 0.185
v 0.145 0.166 0.135
v 0.151 0.158 0.188
v 0.177 0.149 0.206
v 0.151 0.152 0.206
v 0.121 0.147 0.182
v 0.112 0.162 0.132
v 0.117 0.174 0.104
v 0.11 0.175 0.09
v 0.116 0.189 0.077
v 0.124 0.197 0.067
v 0.111 0.2 0.044
v 0.131 0.208 0.061
v -0.103 1.751 -0.025
v -0.103 1.765 -0.032
v -0.112 1.781 -0.033
v -0.107 1.765 -0.022
v -0.112 1.799 -0.022
v -0.102 1.788 -0.011
v -0.1 1.793 -0.001
v -0.102 1.754 -0.016
v -0.096 1.738 -0.009
v -0.096 1.757 -0.006
v -0.088 1.743 0.008
v -0.071 1.688 0.08
v -0.087 1.68 0.068
v -0.077 1.711 0.073
v -0.068 1.71 0.081
v -0.086 1.746 0.044
v -0.07 1.73 0.061
v -0.06 1.711 0.08
v -0.046 1.698 0.087
v -0.059 1.719 0.085
v -0.043 1.716 0.089
v -0.039 1.697 0.093
v -0.055 1.698 0.088
v -0.034 1.717 0.1
v -0.017 1.708 0.106
v -0.021 1.718 0.107
v -0.003 1.717 0.106
v -0.006 1.706 0.104
v -0.005 1.683 0.106
v -0.054 1.676 0.094
v -0.075 1.663 0.086
v -0.062 1.652 0.101
v -0.021 1.684 0.107
v -0.04 1.664 0.103
v -0.011 1.652 0.111
v -0.021 1.639 0.113
v -0.048 1.633 0.103
v -0.019 1.629 0.11
v 0.002 1.641 0.111
v 0.014 1.631 0.104
v 0.014 1.663 0.102
v 0.036 1.654 0.097
v 0.021 1.695 0.088
v 0.013 1.698 0.087
v 0.03 1.712 0.077
v 0.039 1.713 0.075
v 0.036 1.73 0.058
v 0.043 1.741 0.05
v 0.047 1.715 0.066
v -0.013 1.171 -0.111
v -0.055 1.173 -0.122
v 0.026 1.168 -0.093
v -0.018 1.167 -0.095
v -0.061 1.169 -0.114
v 0.024 1.163 -0.083
v -0.092 1.175 -0.127
v -0.095 1.171 -0.123
v -0.142 1.173 -0.124
v 0.054 1.166 -0.074
v 0.052 1.162 -0.069
v 0.085 1.161 -0.043
v 0.082 1.157 -0.041
v 0.015 1.479 0.123
v 0.056 1.515 0.117
v 0.024 1.485 0.119
v -0.016 1.448 0.12
v -0.016 1.448 0.12
v -0.03 1.441 0.123
v -0.051 1.453 0.116
v -0.077 1.416 0.118
v -0.025 1.482 0.113
v -0.026 1.482 0.112
v -0.009 1.504 0.109
v 0.016 1.518 0.111
v 0.006 1.526 0.101
v 0.026 1.555 0.089
v 0.045 1.544 0.104
v 0.07 1.575 0.09
v 0.092 1.571 0.093
v 0.088 1.56 0.095
v -0.055 1.698 0.088
v -0.068 1.71 0.081
v -0.046 1.698 0.087
v -0.039 1.697 0.093
v 0.158 1.483 -0.083
v 0.189 1.53 -0.058
v 0.167 1.543 -0.073
v 0.175 1.48 -0.071
v 0.163 1.459 -0.073
v -0.129 1.497 0.061
v -0.138 1.534 0.036
v -0.115 1.525 0.049
v -0.105 1.509 0.062
v -0.089 1.529 0.059
v -0.109 1.485 0.072
v -0.122 1.473 0.079
v -0.092 1.507 0.075
v -0.075 1.513 0.089
v -0.101 1.453 0.091
v -0.09 1.473 0.098
v -0.1 1.439 0.103
v -0.092 1.442 0.105
v -0.135 1.447 0.081
v -0.098 1.417 0.11
v -0.163 1.487 0.049
v -0.134 1.51 0.055
v -0.153 1.507 0.049
v -0.158 1.517 0.04
v -0.08 1.413 0.116
v -0.076 1.434 0.114
v -0.077 1.416 0.118
v -0.051 1.453 0.116
v -0.071 1.474 0.105
v -0.058 1.45 0.108
v -0.043 1.476 0.103
v -0.051 1.485 0.097
v -0.033 1.51 0.091
v -0.063 1.508 0.095
v -0.049 1.51 0.088
v -0.046 1.533 0.076
v -0.041 1.569 0.057
v -0.071 1.537 0.077
v -0.063 1.554 0.065
v -0.07 1.569 0.047
v -0.106 1.551 0.033
v -0.058 1.57 0.054
v -0.077 1.595 0.03
v -0.108 1.554 0.036
v -0.069 1.593 0.043
v -0.055 1.586 0.053
v -0.062 1.61 0.039
v -0.036 1.61 0.049
v -0.038 1.592 0.056
v -0.022 1.591 0.055
v -0.011 1.546 0.077
v 0.033 1.57 0.077
v 0.026 1.554 0.086
v 0.006 1.526 0.101
v -0.085 1.589 0.033
v -0.055 1.624 0.029
v -0.07 1.63 0.021
v -0.101 1.593 0.02
v -0.119 1.565 0.021
v -0.081 1.636 0.01
v 0.167 0.899 0.165
v 0.182 0.902 0.174
v 0.176 0.917 0.17
v 0.168 0.922 0.172
v 0.16 0.902 0.168
v 0.192 0.905 0.155
v 0.175 0.884 0.16
v 0.184 0.885 0.15
v 0.184 0.908 0.162
v 0.175 0.875 0.17
v 0.159 0.866 0.152
v 0.157 0.873 0.14
v 0.142 0.868 0.123
v 0.182 0.899 0.174
v 0.182 0.902 0.174
v 0.176 0.917 0.17
v 0.194 0.905 0.184
v 0.188 0.881 0.18
v 0.208 0.904 0.132
v 0.189 0.895 0.122
v 0.193 0.905 0.117
v 0.174 0.901 0.109
v 0.173 0.893 0.114
v 0.182 0.904 0.103
v 0.196 0.907 0.109
v 0.192 0.899 0.097
v 0.178 0.896 0.096
v 0.216 0.917 0.114
v 0.205 0.912 0.123
v -0.015 1.494 0.108
v -0.051 1.453 0.116
v -0.043 1.476 0.103
v -0.033 1.51 0.091
v 0.006 1.526 0.101
v 0.174 0.901 0.109
v 0.173 0.893 0.114
v 0.172 0.887 0.104
v 0.178 0.896 0.096
v 0.182 0.904 0.103
v 0.179 0.888 0.098
v -0.067 1.895 0.072
v -0.084 1.877 0.057
v -0.066 1.903 0.066
v -0.086 1.88 0.037
v -0.072 1.896 0.034
v -0.049 1.912 0.043
v -0.063 1.91 0.015
v -0.09 1.873 0.02
v -0.094 1.859 0.037
v -0.074 1.901 0.007
v -0.063 1.909 -0.004
v -0.083 1.89 0.005
v -0.079 1.906 -0.033
v -0.094 1.894 -0.035
v -0.078 1.899 -0.066
v -0.097 1.879 -0.011
v -0.096 1.87 -0.005
v -0.092 1.856 0.024
v -0.084 1.852 0.043
v -0.085 1.888 -0.072
v -0.075 1.881 -0.095
v -0.067 1.89 -0.091
v -0.076 1.877 -0.092
v -0.1 1.873 -0.064
v -0.11 1.871 -0.038
v -0.108 1.864 -0.02
v -0.111 1.846 -0.018
v -0.1 1.861 -0.004
v -0.102 1.842 0.003
v -0.095 1.849 0.025
v -0.088 1.842 0.038
v -0.077 1.854 0.056
v -0.072 1.87 0.047
v -0.077 1.82 0.058
v -0.062 1.857 0.07
v -0.06 1.876 0.056
v -0.059 1.818 0.089
v -0.067 1.816 0.082
v -0.053 1.807 0.093
v -0.063 1.802 0.09
v -0.072 1.799 0.076
v -0.069 1.784 0.075
v -0.059 1.774 0.084
v -0.058 1.792 0.09
v -0.05 1.796 0.096
v 0.056 1.743 -0.021
v 0.061 1.758 -0.034
v 0.051 1.768 -0.039
v 0.047 1.746 -0.025
v 0.046 1.741 -0.009
v 0.054 1.744 -0.009
v 0.049 1.748 0.002
v 0.063 1.765 -0.03
v 0.056 1.743 -0.021
v 0.054 1.744 -0.009
v 0.061 1.758 -0.034
v 0.067 1.79 -0.042
v 0.066 1.804 -0.026
v 0.062 1.801 -0.018
v 0.049 1.767 -0.019
v 0.055 1.778 -0.01
v 0.058 1.799 -0.01
v 0.026 1.554 0.086
v 0.026 1.555 0.089
v 0.006 1.526 0.101
v 0.033 1.57 0.077
v 0.062 1.801 -0.018
v 0.058 1.799 -0.01
v 0.06 1.802 -0.027
v 0.066 1.804 -0.026
v 0.067 1.79 -0.042
v 0.058 1.789 -0.039
v 0.186 0.877 0.117
v 0.204 0.892 0.131
v 0.195 0.893 0.142
v 0.179 0.88 0.125
v 0.169 0.874 0.103
v 0.163 0.879 0.111
v 0.177 0.874 0.135
v 0.158 0.874 0.119
v -0.015 1.494 0.108
v -0.009 1.504 0.109
v -0.026 1.482 0.112
v 0.006 1.526 0.101
v -0.112 1.799 -0.022
v -0.112 1.781 -0.033
v -0.103 1.784 -0.031
v -0.103 1.798 -0.019
v -0.1 1.793 -0.001
v -0.112 1.781 -0.033
v -0.103 1.765 -0.032
v -0.103 1.784 -0.031
v -0.092 1.759 -0.032
v 0.143 0.11 -0.074
v 0.171 0.109 -0.034
v 0.159 0.111 -0.058
v 0.118 0.108 -0.038
v 0.12 0.11 -0.077
v 0.1 0.11 -0.055
v 0.095 0.11 -0.02
v 0.186 0.108 0.012
v 0.096 0.109 0.004
v 0.109 0.108 0.02
v 0.129 0.112 0.023
v 0.097 0.113 0.025
v 0.123 0.109 0.043
v 0.099 0.11 0.043
v 0.169 0.109 0.069
v 0.187 0.116 0.015
v 0.207 0.11 0.079
v 0.213 0.108 0.105
v 0.13 0.107 0.103
v 0.098 0.109 0.114
v 0.175 0.106 0.105
v 0.211 0.11 0.156
v 0.136 0.108 0.157
v 0.101 0.112 0.16
v 0.116 0.118 0.192
v 0.177 0.107 0.148
v 0.2 0.116 0.186
v 0.153 0.113 0.187
v 0.146 0.124 0.218
v 0.175 0.123 0.216
v -0.081 1.297 0.144
v -0.082 1.281 0.146
v -0.085 1.287 0.152
v -0.088 1.297 0.149
v 0.137 0.856 0.115
v 0.147 0.848 0.118
v 0.157 0.86 0.114
v 0.147 0.864 0.115
v -0.177 1.563 -0.027
v -0.167 1.569 -0.014
v -0.181 1.565 -0.025
v -0.193 1.553 -0.035
v 0.053 1.776 0.038
v 0.046 1.764 0.061
v 0.047 1.789 0.052
v 0.035 1.765 0.08
v 0.032 1.787 0.071
v 0.014 1.785 0.083
v 0.025 1.794 0.084
v 0.039 1.802 0.067
v -0.009 0.164 -0.136
v -0.015 0.181 -0.105
v -0.012 0.182 -0.133
v -0.011 0.166 -0.105
v -0.011 0.139 -0.105
v -0.01 0.134 -0.135
v -0.008 0.112 -0.134
v -0.008 0.113 -0.105
v -0.029 0.111 -0.077
v -0.053 0.184 -0.063
v -0.039 0.192 -0.08
v -0.05 0.193 -0.066
v -0.085 0.202 -0.042
v -0.036 0.133 -0.071
v -0.06 0.11 -0.048
v -0.064 0.115 -0.046
v -0.076 0.111 -0.035
v -0.039 0.159 -0.068
v -0.074 0.163 -0.035
v -0.092 0.161 -0.02
v -0.13 0.168 0.003
v -0.128 0.127 0.018
v -0.125 0.109 0.015
v -0.164 0.112 0.049
v -0.161 0.144 0.041
v -0.128 0.145 0.017
v -0.155 0.161 0.023
v -0.03 1.441 0.123
v -0.016 1.448 0.12
v -0.08 1.413 0.116
v -0.077 1.416 0.118
v 0.119 0.162 -0.078
v 0.142 0.183 -0.07
v 0.118 0.179 -0.074
v 0.145 0.166 -0.073
v 0.121 0.134 -0.076
v 0.142 0.134 -0.072
v 0.12 0.11 -0.077
v 0.143 0.11 -0.074
v 0.038 1.713 0.093
v 0.003 1.741 0.096
v 0.023 1.725 0.086
v 0.036 1.72 0.086
v 0.028 1.718 0.08
v 0.05 1.727 0.086
v 0 1.723 0.111
v 0.012 1.715 0.102
v -0.013 1.719 0.116
v -0.015 1.736 0.111
v 0.207 1.247 0.119
v 0.191 1.232 0.108
v 0.19 1.252 0.11
v 0.226 1.267 0.125
v 0.213 1.236 0.127
v 0.242 1.249 0.118
v 0.266 1.233 0.114
v 0.269 1.259 0.107
v 0.233 1.223 0.126
v 0.212 1.184 0.141
v 0.268 1.212 0.123
v 0.239 1.168 0.143
v 0.211 1.158 0.155
v 0.26 1.18 0.136
v 0.254 1.143 0.142
v -0.092 1.762 -0.013
v -0.107 1.765 -0.022
v -0.102 1.788 -0.011
v -0.102 1.754 -0.016
v -0.239 1.103 -0.098
v -0.228 1.085 -0.082
v -0.227 1.119 -0.083
v -0.238 1.071 -0.091
v -0.233 1.044 -0.076
v -0.247 1.096 -0.102
v -0.236 1.033 -0.071
v -0.26 1.082 -0.092
v -0.254 1.062 -0.08
v -0.134 1.51 0.055
v -0.138 1.534 0.036
v -0.129 1.497 0.061
v -0.122 1.473 0.079
v -0.098 1.417 0.11
v -0.1 1.417 0.105
v -0.135 1.447 0.081
v -0.133 1.445 0.078
v -0.163 1.487 0.049
v -0.174 1.507 0.025
v -0.174 1.508 0.028
v -0.158 1.517 0.04
v -0.179 1.543 -0.001
v -0.194 1.553 -0.031
v -0.181 1.565 -0.025
v -0.193 1.553 -0.035
v -0.204 1.523 -0.027
v -0.215 1.48 -0.02
v -0.207 1.468 -0.003
v -0.214 1.451 -0.028
v -0.218 1.483 -0.041
v -0.215 1.5 -0.04
v -0.227 1.484 -0.068
v -0.215 1.523 -0.045
v -0.213 1.443 -0.061
v -0.218 1.464 -0.061
v -0.215 1.428 -0.041
v -0.216 1.456 -0.082
v -0.208 1.435 -0.083
v -0.229 1.481 -0.075
v -0.203 1.445 -0.102
v -0.235 1.513 -0.074
v -0.204 1.405 -0.089
v -0.193 1.426 -0.118
v -0.223 1.518 -0.065
v -0.22 1.554 -0.07
v -0.211 1.555 -0.058
v -0.193 1.585 -0.068
v -0.173 1.589 -0.048
v -0.177 1.563 -0.027
v -0.196 1.399 -0.107
v -0.18 1.407 -0.145
v -0.204 1.368 -0.081
v -0.207 1.358 -0.051
v -0.203 1.336 -0.079
v -0.195 1.339 -0.1
v -0.194 1.296 -0.089
v -0.187 1.372 -0.119
v -0.174 1.292 -0.112
v -0.176 1.336 -0.125
v -0.132 1.387 -0.172
v -0.156 1.425 -0.168
v -0.131 1.329 -0.151
v -0.13 1.422 -0.185
v -0.13 1.287 -0.139
v -0.14 1.44 -0.186
v -0.153 1.44 -0.175
v -0.146 1.46 -0.186
v -0.135 1.475 -0.194
v -0.175 1.259 -0.104
v -0.131 1.249 -0.128
v -0.184 1.212 -0.099
v -0.158 1.229 -0.112
v -0.135 1.214 -0.122
v -0.139 1.187 -0.122
v -0.189 1.182 -0.098
v -0.142 1.173 -0.124
v -0.072 1.717 0.096
v -0.082 1.728 0.091
v -0.059 1.719 0.085
v -0.062 1.72 0.094
v -0.055 1.712 0.101
v -0.048 1.73 0.092
v -0.033 1.74 0.101
v -0.082 1.728 0.091
v -0.072 1.717 0.096
v -0.069 1.71 0.096
v -0.055 1.712 0.101
v 0.038 1.711 0.083
v 0.05 1.727 0.086
v 0.028 1.718 0.08
v 0.013 1.716 0.088
v 0.023 1.709 0.088
v 0.133 0.879 0.13
v 0.124 0.88 0.142
v 0.122 0.872 0.134
v 0.144 0.888 0.151
v 0.137 0.886 0.159
v 0.152 0.884 0.147
v 0.16 0.902 0.168
v 0.167 0.899 0.165
v 0.004 1.794 0.086
v 0.025 1.794 0.084
v 0.014 1.785 0.083
v -0.005 1.786 0.081
v 0.002 1.778 0.087
v 0 1.769 0.095
v 0.035 1.765 0.08
v -0.053 1.666 0.016
v -0.067 1.675 0.011
v -0.07 1.671 0.012
v -0.079 1.688 -0.001
v -0.076 1.69 -0.002
v -0.082 1.706 -0.007
v -0.167 1.569 -0.014
v -0.163 1.584 -0.024
v -0.177 1.585 -0.042
v -0.169 1.598 -0.052
v -0.154 1.615 -0.076
v -0.155 1.618 -0.075
v -0.138 1.629 -0.095
v -0.136 1.626 -0.097
v -0.11 1.637 -0.12
v -0.11 1.633 -0.121
v -0.068 1.637 -0.14
v -0.063 1.633 -0.141
v 0.208 0.997 0.12
v 0.221 1.008 0.115
v 0.209 1.012 0.118
v 0.205 0.982 0.123
v -0.079 1.675 -0.011
v -0.076 1.69 -0.002
v -0.067 1.675 0.011
v -0.068 1.661 -0.002
v -0.053 1.666 0.016
v -0.049 1.657 0.014
v -0.018 1.662 0.023
v -0.062 1.647 0.002
v -0.076 1.636 -0.009
v -0.066 1.627 0.004
v -0.037 1.636 0.017
v -0.038 1.614 0.02
v -0.015 1.617 0.028
v -0.005 1.642 0.024
v 0.006 1.66 0.023
v 0 1.622 0.033
v 0.015 1.649 0.022
v 0.031 1.668 0.011
v 0.016 1.627 0.031
v 0.033 1.634 0.02
v 0.157 0.86 0.114
v 0.157 0.864 0.12
v 0.147 0.864 0.115
v 0.165 0.871 0.13
v 0.173 0.87 0.134
v 0.142 0.868 0.123
v 0.194 0.883 0.151
v 0.157 0.873 0.14
v 0.184 0.885 0.15
v 0.175 0.884 0.16
v 0.133 0.988 0.181
v 0.128 0.97 0.183
v 0.129 0.985 0.169
v 0.119 0.959 0.17
v 0.136 0.979 0.162
v 0.126 0.957 0.163
v 0.117 0.957 0.177
v 0.119 0.952 0.185
v 0.116 0.924 0.169
v 0.115 0.93 0.159
v 0.127 0.928 0.153
v 0.122 0.912 0.163
v 0.191 1.532 -0.052
v 0.19 1.572 -0.016
v 0.186 1.571 -0.02
v 0.178 1.585 0.016
v -0.088 1.17 0.161
v -0.103 1.173 0.158
v -0.088 1.174 0.157
v -0.092 1.157 0.159
v -0.104 1.159 0.155
v -0.088 1.174 0.157
v -0.087 1.157 0.157
v -0.088 1.17 0.161
v -0.092 1.157 0.159
v 0.394 0 0.062
v 0.375 0.085 -0.04
v 0.396 0 -0.042
v 0.373 0.085 0.059
v 0.364 0 0.162
v 0.363 0.1 0.057
v 0.365 0.1 -0.039
v 0.336 0.1 0.149
v 0.345 0.085 0.153
v 0.31 0 0.251
v 0.286 0.1 0.231
v 0.293 0.085 0.237
v 0.234 0 0.322
v 0.216 0.1 0.297
v 0.222 0.085 0.305
v 0.143 0 0.372
v 0.132 0.1 0.343
v 0.135 0.085 0.352
v 0.042 0 0.396
v 0.039 0.1 0.365
v 0.04 0.085 0.375
v -0.062 0 0.394
v -0.057 0.1 0.363
v -0.059 0.085 0.373
v -0.162 0 0.364
v -0.149 0.1 0.336
v -0.153 0.085 0.345
v -0.251 0 0.31
v -0.231 0.1 0.286
v -0.237 0.085 0.293
v -0.322 0 0.234
v -0.297 0.1 0.216
v -0.305 0.085 0.222
v -0.372 0 0.143
v -0.343 0.1 0.132
v -0.352 0.085 0.135
v -0.396 0 0.042
v -0.365 0.1 0.039
v -0.375 0.085 0.04
v -0.394 0 -0.062
v -0.363 0.1 -0.057
v -0.373 0.085 -0.059
v -0.364 0 -0.162
v -0.336 0.1 -0.149
v -0.345 0.085 -0.153
v -0.31 0 -0.251
v -0.286 0.1 -0.231
v -0.293 0.085 -0.237
v -0.234 0 -0.322
v -0.216 0.1 -0.297
v -0.222 0.085 -0.305
v -0.143 0 -0.372
v -0.132 0.1 -0.343
v -0.135 0.085 -0.352
v -0.042 0 -0.396
v -0.039 0.1 -0.365
v -0.04 0.085 -0.375
v 0.062 0 -0.394
v 0.057 0.1 -0.363
v 0.059 0.085 -0.373
v 0.162 0 -0.364
v 0.149 0.1 -0.336
v 0.153 0.085 -0.345
v 0.251 0 -0.31
v 0.231 0.1 -0.286
v 0.237 0.085 -0.293
v 0.322 0 -0.234
v 0.297 0.1 -0.216
v 0.305 0.085 -0.222
v 0.372 0 -0.143
v 0.343 0.1 -0.132
v 0.352 0.085 -0.135
v 0.396 0 -0.042
v 0.365 0.1 -0.039
v 0.375 0.085 -0.04
v -0.082 1.281 0.146
v -0.084 1.234 0.152
v -0.104 1.258 0.15
v -0.088 1.174 0.157
v -0.092 1.235 0.155
v -0.098 1.227 0.151
v -0.064 0.115 -0.046
v -0.06 0.11 -0.048
v -0.086 0.112 -0.07
v -0.076 0.111 -0.035
v -0.137 0.108 -0.053
v -0.125 0.109 0.015
v -0.092 0.108 -0.082
v -0.044 0.109 -0.116
v -0.029 0.111 -0.077
v -0.008 0.113 -0.105
v -0.008 0.112 -0.134
v -0.027 0.111 -0.148
v -0.05 0.11 -0.146
v -0.077 0.109 -0.137
v -0.119 0.108 -0.117
v -0.123 0.116 -0.115
v -0.185 0.11 -0.082
v -0.17 0.106 -0.039
v -0.204 0.108 -0.07
v -0.237 0.11 -0.032
v -0.186 0.108 0.021
v -0.164 0.112 0.049
v -0.195 0.118 0.06
v -0.208 0.107 -0.013
v -0.219 0.113 0.031
v -0.234 0.124 0.058
v -0.251 0.116 -0.002
v -0.255 0.123 0.037
v 0.179 0.192 -0.064
v 0.15 0.183 -0.093
v 0.162 0.186 -0.071
v 0.173 0.186 -0.062
v 0.142 0.183 -0.07
v 0.118 0.179 -0.074
v 0.152 0.189 -0.052
v 0.116 0.18 -0.076
v 0.161 0.195 -0.031
v 0.183 0.193 -0.03
v 0.162 0.2 0.007
v 0.102 0.178 -0.051
v 0.09 0.181 -0.053
v 0.085 0.181 -0.039
v 0.102 0.188 -0.017
v 0.077 0.182 -0.018
v 0.084 0.189 0.011
v 0.101 0.189 0.003
v 0.101 0.201 0.043
v 0.111 0.2 0.044
v 0.131 0.218 0.08
v 0.131 0.208 0.061
v 0.15 0.206 0.038
v 0.161 0.212 0.046
v -0.055 1.712 0.101
v -0.032 1.722 0.112
v -0.013 1.719 0.116
v -0.033 1.74 0.101
v -0.015 1.736 0.111
v 0.365 0.1 -0.039
v 0.363 0.1 0.057
v 0.346 0.106 0.055
v 0.348 0.106 -0.037
v 0 0.106 0
v 0.343 0.1 -0.132
v 0.32 0.106 0.142
v 0.336 0.1 0.149
v 0.327 0.106 -0.126
v 0.297 0.1 -0.216
v 0.272 0.106 0.22
v 0.286 0.1 0.231
v 0.283 0.106 -0.206
v 0.231 0.1 -0.286
v 0.206 0.106 0.283
v 0.216 0.1 0.297
v 0.22 0.106 -0.272
v 0.126 0.106 0.327
v 0.142 0.106 -0.32
v 0.149 0.1 -0.336
v 0.132 0.1 0.343
v 0.057 0.1 -0.363
v 0.037 0.106 0.348
v 0.039 0.1 0.365
v 0.055 0.106 -0.346
v -0.039 0.1 -0.365
v -0.055 0.106 0.346
v -0.057 0.1 0.363
v -0.037 0.106 -0.348
v -0.132 0.1 -0.343
v -0.142 0.106 0.32
v -0.149 0.1 0.336
v -0.126 0.106 -0.327
v -0.22 0.106 0.272
v -0.206 0.106 -0.283
v -0.216 0.1 -0.297
v -0.231 0.1 0.286
v -0.286 0.1 -0.231
v -0.283 0.106 0.206
v -0.297 0.1 0.216
v -0.272 0.106 -0.22
v -0.336 0.1 -0.149
v -0.327 0.106 0.126
v -0.343 0.1 0.132
v -0.32 0.106 -0.142
v -0.363 0.1 -0.057
v -0.348 0.106 0.037
v -0.365 0.1 0.039
v -0.346 0.106 -0.055
vt 0.1344 0.1492
vt 0.132 0.1538
vt 0.1447 0.1361
vt 0.543 0.2581
vt 0.5464 0.2507
vt 0.5508 0.2341
vt 0.9082 0.1707
vt 0.9072 0.2031
vt 0.9146 0.174
vt 0.6006 0.1737
vt 0.5898 0.1948
vt 0.6001 0.1919
vt 0.5483 0.4548
vt 0.543 0.4631
vt 0.5522 0.4707
vt 0.1079 0.1768
vt 0.1101 0.1455
vt 0.106 0.1465
vt 0.9277 0.3279
vt 0.9302 0.3481
vt 0.9385 0.325
vt 0.7065 0.0138
vt 0.7114 0.0021
vt 0.7041 0.0077
vt 0.9849 0.2338
vt 0.9912 0.2371
vt 0.9971 0.2185
vt 0.3535 0.0468
vt 0.3452 0.0242
vt 0.3459 0.0421
vt 0.7822 0.1212
vt 0.7827 0.1288
vt 0.791 0.1344
vt 0.9438 0.2108
vt 0.939 0.2164
vt 0.938 0.2252
vt 0.7305 0.2457
vt 0.731 0.2352
vt 0.7251 0.244
vt 0.1996 0.0481
vt 0.2111 0.0609
vt 0.2048 0.0437
vt 0.9731 0.0021
vt 0.959 0.0137
vt 0.9614 0.0172
vt 0.47 0.2786
vt 0.4709 0.3052
vt 0.4734 0.2966
vt 0.9487 0.3733
vt 0.9526 0.3889
vt 0.9644 0.3916
vt 0.9121 0.0253
vt 0.9229 0.0021
vt 0.9199 0.0045
vt 0.5688 0.0572
vt 0.5713 0.0648
vt 0.5723 0.0539
vt 0.2357 0.0021
vt 0.2205 0.014
vt 0.2246 0.0183
vt 0.5005 0.0479
vt 0.4961 0.0588
vt 0.4985 0.0576
vt 0.8965 0.0021
vt 0.9014 0.011
vt 0.9033 0.0081
vt 0.5454 0.2861
vt 0.5396 0.2629
vt 0.5376 0.2666
vt 0.8945 0.4832
vt 0.8921 0.4678
vt 0.8862 0.4795
vt 0.6143 0.238
vt 0.6191 0.2141
vt 0.6001 0.222
vt 0.7949 0.0587
vt 0.7969 0.0624
vt 0.7925 0.0527
vt 0.9956 0.3711
vt 0.9971 0.3564
vt 0.9902 0.3667
vt 0.0696 0.0081
vt 0.0746 0.0075
vt 0.0717 0.0021
vt 0.7979 0.0476
vt 0.792 0.0313
vt 0.7876 0.0276
vt 0.7979 0.1339
vt 0.812 0.1187
vt 0.8096 0.1195
vt 0.1528 0.2026
vt 0.1632 0.2064
vt 0.1573 0.1936
vt 0.1892 0.3042
vt 0.1947 0.2815
vt 0.1931 0.2734
vt 0.1171 0.0036
vt 0.1171 0.0021
vt 0.1008 0.02
vt 0.3452 0.0187
vt 0.3467 0.0191
vt 0.3457 0.0106
vt 0.2637 0.0021
vt 0.262 0.0101
vt 0.2646 0.011
vt 0.938 0.1332
vt 0.9438 0.1512
vt 0.9414 0.1426
vt 0.6128 0.0097
vt 0.6113 0.0021
vt 0.6104 0.0081
vt 0.0963 0.0079
vt 0.1 0.0047
vt 0.0956 0.0021
vt 0.1021 0.048
vt 0.1008 0.0458
vt 0.101 0.0546
vt 0.1112 0.205
vt 0.1151 0.2062
vt 0.1183 0.192
vt 0.1148 0.1909
vt 0.1151 0.1907
vt 0.1156 0.1859
vt 0.1246 0.1741
vt 0.1198 0.1733
vt 0.7114 0.0948
vt 0.7056 0.0814
vt 0.7041 0.0972
vt 0.6997 0.0818
vt 0.6987 0.0888
vt 0.6924 0.0802
vt 0.6968 0.0686
vt 0.6997 0.0616
vt 0.6938 0.0613
vt 0.6885 0.0651
vt 0.6929 0.0784
vt 0.6782 0.0603
vt 0.6729 0.0529
vt 0.5454 0.2092
vt 0.5415 0.2196
vt 0.5493 0.1986
vt 0.5498 0.2072
vt 0.5439 0.2222
vt 0.5425 0.2312
vt 0.5376 0.2324
vt 0.6987 0.395
vt 0.7012 0.4177
vt 0.7095 0.3992
vt 0.708 0.3926
vt 0.8335 0.0021
vt 0.8262 0.0037
vt 0.8477 0.0334
vt 0.8408 0.0358
vt 0.8516 0.0396
vt 0.8184 0.0149
vt 0.8154 0.007
vt 0.8066 0.0102
vt 0.7979 0.0135
vt 0.812 0.0315
vt 0.8101 0.0467
vt 0.8276 0.0384
vt 0.8457 0.0475
vt 0.8315 0.0517
vt 0.8374 0.0742
vt 0.811 0.056
vt 0.8545 0.0598
vt 0.8652 0.0701
vt 0.853 0.074
vt 0.8613 0.0995
vt 0.8813 0.1155
vt 0.8159 0.0831
vt 0.8018 0.0862
vt 0.8047 0.0916
vt 0.8306 0.0939
vt 0.8203 0.1041
vt 0.8286 0.1221
vt 0.8467 0.1012
vt 0.8721 0.1188
vt 0.854 0.1188
vt 0.8452 0.1328
vt 0.833 0.1345
vt 0.8374 0.1493
vt 0.8604 0.1322
vt 0.8833 0.1299
vt 0.8887 0.1288
vt 0.8921 0.1394
vt 0.8569 0.1519
vt 0.8711 0.1349
vt 0.877 0.1481
vt 0.8848 0.1398
vt 0.8896 0.15
vt 0.8945 0.1611
vt 0.8657 0.1569
vt 0.8867 0.1576
vt 0.8857 0.1807
vt 0.8979 0.1926
vt 0.8408 0.1578
vt 0.8237 0.1538
vt 0.8286 0.1438
vt 0.8667 0.1775
vt 0.8667 0.2009
vt 0.8462 0.1859
vt 0.8477 0.2031
vt 0.8887 0.1993
vt 0.8936 0.2303
vt 0.9048 0.2242
vt 0.9102 0.2517
vt 0.8823 0.218
vt 0.8726 0.2349
vt 0.8779 0.2537
vt 0.9014 0.2659
vt 0.9146 0.2668
vt 0.9082 0.2864
vt 0.8574 0.2162
vt 0.8511 0.2365
vt 0.8447 0.2271
vt 0.895 0.2664
vt 0.8516 0.2505
vt 0.8735 0.2666
vt 0.8506 0.2632
vt 0.8354 0.2444
vt 0.8374 0.2192
vt 0.8394 0.2032
vt 0.8857 0.2788
vt 0.8403 0.2639
vt 0.8345 0.2676
vt 0.853 0.2725
vt 0.8672 0.2798
vt 0.8462 0.2686
vt 0.8726 0.2859
vt 0.8584 0.2888
vt 0.8452 0.2942
vt 0.8364 0.2856
vt 0.8306 0.3015
vt 0.8257 0.2888
vt 0.8403 0.313
vt 0.8579 0.301
vt 0.8564 0.3191
vt 0.8726 0.3025
vt 0.8721 0.3198
vt 0.8589 0.3391
vt 0.8921 0.2954
vt 0.894 0.3147
vt 0.9146 0.2991
vt 0.8809 0.3359
vt 0.8823 0.3398
vt 0.8853 0.3264
vt 0.9053 0.3296
vt 0.8999 0.3286
vt 0.8892 0.3467
vt 0.9204 0.3052
vt 0.9121 0.3359
vt 0.9194 0.2769
vt 0.9282 0.3135
vt 0.9233 0.3042
vt 0.9019 0.3279
vt 0.9238 0.2781
vt 0.9292 0.2756
vt 0.9204 0.2546
vt 0.9141 0.2571
vt 0.9121 0.2512
vt 0.9297 0.2639
vt 0.9287 0.2435
vt 0.916 0.2333
vt 0.9341 0.2345
vt 0.9214 0.1881
vt 0.9414 0.2732
vt 0.9351 0.2773
vt 0.9302 0.3118
vt 0.7217 0.0176
vt 0.7324 0.0023
vt 0.731 0.0021
vt 0.7197 0.017
vt 0.7153 0.0231
vt 0.7095 0.0242
vt 0.6704 0.6987
vt 0.6729 0.7246
vt 0.6743 0.6982
vt 0.6641 0.7261
vt 0.6587 0.6948
vt 0.6528 0.7197
vt 0.6489 0.7363
vt 0.6641 0.7437
vt 0.6465 0.7505
vt 0.6655 0.7612
vt 0.6475 0.7646
vt 0.665 0.7822
vt 0.6465 0.7764
vt 0.6426 0.7827
vt 0.6509 0.7896
vt 0.6367 0.7949
vt 0.6606 0.791
vt 0.79 0.1448
vt 0.7959 0.1414
vt 0.7886 0.1404
vt 0.7856 0.147
vt 0.7734 0.1464
vt 0.7754 0.1393
vt 0.7598 0.1354
vt 0.7666 0.1307
vt 0.7603 0.1182
vt 0.7666 0.119
vt 0.7725 0.1108
vt 0.7686 0.1093
vt 0.7812 0.1049
vt 0.7812 0.1091
vt 0.7739 0.1166
vt 0.7871 0.111
vt 0.7734 0.0772
vt 0.7603 0.0807
vt 0.7549 0.0704
vt 0.77 0.0634
vt 0.749 0.051
vt 0.7656 0.0439
vt 0.7456 0.0349
vt 0.7627 0.0275
vt 0.7476 0.0189
vt 0.7808 0.0441
vt 0.7876 0.07
vt 0.7852 0.0782
vt 0.7905 0.1053
vt 0.7979 0.1098
vt 0.7959 0.1188
vt 0.7998 0.1131
vt 0.7783 0.0284
vt 0.7622 0.0134
vt 0.7539 0.0035
vt 0.7627 0.0021
vt 0.7749 0.0151
vt 0.7759 0.0044
vt 0.7861 0.0109
vt 0.366 0.3201
vt 0.3704 0.3289
vt 0.3755 0.3237
vt 0.3706 0.312
vt 0.4517 0.9121
vt 0.4563 0.9243
vt 0.4639 0.917
vt 0.4622 0.9048
vt 0.4617 0.897
vt 0.4675 0.8979
vt 0.4612 0.8823
vt 0.4626 0.8813
vt 0.4521 0.8647
vt 0.4404 0.8706
vt 0.45 0.877
vt 0.4307 0.8691
vt 0.4331 0.8716
vt 0.4407 0.8813
vt 0.4197 0.8823
vt 0.4302 0.8887
vt 0.4163 0.8813
vt 0.4187 0.9043
vt 0.4097 0.8984
vt 0.415 0.9204
vt 0.4077 0.9229
vt 0.4165 0.937
vt 0.4109 0.9458
vt 0.4307 0.9355
vt 0.4343 0.9385
vt 0.4468 0.9204
vt 0.4514 0.9292
vt 0.4285 0.5923
vt 0.4216 0.6025
vt 0.4331 0.6099
vt 0.4238 0.6138
vt 0.4324 0.6235
vt 0.4067 0.627
vt 0.4207 0.6274
vt 0.4336 0.6392
vt 0.4143 0.645
vt 0.439 0.6509
vt 0.4192 0.6602
vt 0.4097 0.6572
vt 0.4009 0.6694
vt 0.3911 0.6396
vt 0.3967 0.6533
vt 0.3865 0.6748
vt 0.3818 0.6582
vt 0.3777 0.6475
vt 0.3701 0.6685
vt 0.3757 0.6797
vt 0.3608 0.6553
vt 0.626 0.2385
vt 0.6147 0.2678
vt 0.6299 0.2489
vt 0.6392 0.2299
vt 0.6411 0.2466
vt 0.6567 0.2106
vt 0.668 0.2065
vt 0.6357 0.2168
vt 0.6313 0.2634
vt 0.6445 0.2717
vt 0.623 0.2839
vt 0.6436 0.207
vt 0.6348 0.2056
vt 0.6475 0.1946
vt 0.6572 0.182
vt 0.6689 0.1908
vt 0.6782 0.1825
vt 0.6851 0.2035
vt 0.686 0.1786
vt 0.6777 0.2087
vt 0.6704 0.2211
vt 0.6646 0.2395
vt 0.6567 0.2524
vt 0.6646 0.261
vt 0.6587 0.2698
vt 0.6499 0.2915
vt 0.6392 0.2844
vt 0.6421 0.3091
vt 0.6299 0.3069
vt 0.6196 0.3003
vt 0.6318 0.3188
vt 0.6172 0.3137
vt 0.6104 0.3071
vt 0.6216 0.3206
vt 0.6118 0.3213
vt 0.6123 0.3303
vt 0.6196 0.3315
vt 0.6304 0.3311
vt 0.6392 0.3335
vt 0.1354 0.2622
vt 0.153 0.2773
vt 0.1548 0.2603
vt 0.1427 0.2496
vt 0.1245 0.2444
vt 0.1243 0.2251
vt 0.1531 0.2388
vt 0.1313 0.2195
vt 0.1641 0.2494
vt 0.1621 0.2668
vt 0.1281 0.2094
vt 0.1164 0.2173
vt 0.166 0.2279
vt 0.1492 0.2106
vt 0.1639 0.2178
vt 0.1786 0.2612
vt 0.1674 0.2712
vt 0.1752 0.2433
vt 0.1774 0.2404
vt 0.1831 0.2544
vt 0.1975 0.2683
vt 0.1831 0.2666
vt 0.1781 0.2742
vt 0.1812 0.2942
vt 0.1663 0.2871
vt 0.1254 0.0972
vt 0.1165 0.0747
vt 0.1208 0.1121
vt 0.1305 0.1151
vt 0.1188 0.1231
vt 0.1008 0.1404
vt 0.1312 0.0997
vt 0.1234 0.0783
vt 0.1403 0.1169
vt 0.1235 0.1247
vt 0.4458 0.5312
vt 0.4368 0.5254
vt 0.4453 0.5674
vt 0.4355 0.502
vt 0.449 0.481
vt 0.4346 0.4802
vt 0.4526 0.5605
vt 0.446 0.439
vt 0.4336 0.4404
vt 0.4541 0.4558
vt 0.4607 0.4805
vt 0.4609 0.439
vt 0.4646 0.4587
vt 0.4692 0.4395
vt 0.4727 0.4673
vt 0.4822 0.4399
vt 0.4797 0.4734
vt 0.4958 0.467
vt 0.4978 0.4441
vt 0.5142 0.4509
vt 0.5146 0.4866
vt 0.4912 0.4795
vt 0.4805 0.4978
vt 0.4619 0.4993
vt 0.499 0.4973
vt 0.5259 0.478
vt 0.5322 0.4602
vt 0.5337 0.4851
vt 0.5342 0.49
vt 0.5273 0.5059
vt 0.5112 0.502
vt 0.5146 0.5259
vt 0.5269 0.5259
vt 0.5342 0.5576
vt 0.4814 0.5146
vt 0.4971 0.5215
vt 0.5117 0.5625
vt 0.4993 0.5576
vt 0.5259 0.6108
vt 0.5405 0.5903
vt 0.5459 0.6167
vt 0.5049 0.5952
vt 0.5337 0.6343
vt 0.5493 0.6309
vt 0.5098 0.6211
vt 0.5435 0.6406
vt 0.5518 0.6436
vt 0.543 0.6548
vt 0.5488 0.6484
vt 0.5586 0.6802
vt 0.5591 0.6973
vt 0.5151 0.6436
vt 0.4951 0.5757
vt 0.4846 0.5552
vt 0.4883 0.5977
vt 0.4919 0.6221
vt 0.4648 0.5386
vt 0.4663 0.5649
vt 0.4556 0.5142
vt 0.4534 0.606
vt 0.4683 0.6006
vt 0.4961 0.6445
vt 0.4636 0.6162
vt 0.4568 0.6284
vt 0.4736 0.626
vt 0.4819 0.6655
vt 0.4639 0.6577
vt 0.4656 0.6699
vt 0.4998 0.6641
vt 0.4827 0.6797
vt 0.4663 0.6807
vt 0.4851 0.6934
vt 0.4722 0.6943
vt 0.4727 0.7183
vt 0.502 0.6816
vt 0.5244 0.6802
vt 0.4861 0.7163
vt 0.488 0.748
vt 0.4744 0.748
vt 0.5029 0.7163
vt 0.5024 0.6948
vt 0.5122 0.6875
vt 0.5229 0.6929
vt 0.5352 0.6836
vt 0.5117 0.7139
vt 0.5464 0.6934
vt 0.5361 0.7051
vt 0.5474 0.7212
vt 0.5635 0.7275
vt 0.5215 0.7168
vt 0.5225 0.7456
vt 0.5034 0.7451
vt 0.5034 0.7744
vt 0.5493 0.7441
vt 0.5664 0.7505
vt 0.5503 0.7749
vt 0.5708 0.7983
vt 0.521 0.7812
vt 0.5493 0.8008
vt 0.5195 0.8076
vt 0.5625 0.8247
vt 0.5728 0.8389
vt 0.5518 0.8262
vt 0.5654 0.8433
vt 0.5737 0.8599
vt 0.562 0.8574
vt 0.5229 0.835
vt 0.5439 0.8413
vt 0.5029 0.814
vt 0.4885 0.8169
vt 0.5586 0.8779
vt 0.5669 0.877
vt 0.489 0.7817
vt 0.4807 0.7817
vt 0.4727 0.7808
vt 0.469 0.8159
vt 0.5688 0.9014
vt 0.5757 0.9097
vt 0.5601 0.8965
vt 0.5718 0.9131
vt 0.5503 0.8877
vt 0.5474 0.8745
vt 0.5381 0.8794
vt 0.5317 0.8608
vt 0.5034 0.8711
vt 0.5137 0.8516
vt 0.5049 0.8389
vt 0.4976 0.8579
vt 0.4878 0.8662
vt 0.4971 0.8379
vt 0.4885 0.854
vt 0.479 0.8599
vt 0.4731 0.8682
vt 0.4802 0.8457
vt 0.4639 0.8457
vt 0.47 0.854
vt 0.4641 0.8628
vt 0.981 0.6196
vt 0.9746 0.6123
vt 0.9731 0.6318
vt 0.981 0.6431
vt 0.9854 0.625
vt 0.9683 0.6523
vt 0.9873 0.6514
vt 0.9604 0.6357
vt 0.9634 0.6147
vt 0.9536 0.6211
vt 0.9341 0.6362
vt 0.9331 0.627
vt 0.9341 0.6006
vt 0.9541 0.6021
vt 0.9614 0.5938
vt 0.9561 0.5815
vt 0.9639 0.5718
vt 0.938 0.5811
vt 0.959 0.563
vt 0.9424 0.5571
vt 0.9429 0.5459
vt 0.9604 0.5537
vt 0.9448 0.6606
vt 0.938 0.6626
vt 0.9692 0.6646
vt 0.9897 0.6582
vt 0.9902 0.6284
vt 0.9937 0.6392
vt 0.9961 0.6196
vt 0.9883 0.6133
vt 0.9551 0.6802
vt 0.9341 0.6807
vt 0.9336 0.6641
vt 0.9702 0.6777
vt 0.9741 0.688
vt 0.98 0.6777
vt 0.9863 0.6768
vt 0.9829 0.6851
vt 0.1858 0.564
vt 0.1906 0.5933
vt 0.2025 0.5903
vt 0.1956 0.5674
vt 0.184 0.542
vt 0.2157 0.5864
vt 0.2166 0.5957
vt 0.2045 0.6001
vt 0.1901 0.5942
vt 0.1925 0.603
vt 0.1954 0.6035
vt 0.2192 0.5957
vt 0.2148 0.6226
vt 0.2021 0.6284
vt 0.2271 0.6128
vt 0.2361 0.6245
vt 0.2128 0.6416
vt 0.2021 0.6729
vt 0.2355 0.5952
vt 0.2272 0.5518
vt 0.2556 0.5928
vt 0.2131 0.5684
vt 0.1997 0.5449
vt 0.192 0.543
vt 0.191 0.5317
vt 0.2041 0.5396
vt 0.2247 0.5415
vt 0.2292 0.5391
vt 0.2483 0.5474
vt 0.2479 0.5415
vt 0.2563 0.5391
vt 0.251 0.5659
vt 0.2593 0.543
vt 0.2617 0.5674
vt 0.2363 0.5312
vt 0.2253 0.5176
vt 0.2086 0.5376
vt 0.2106 0.5142
vt 0.2136 0.4983
vt 0.204 0.4795
vt 0.2079 0.4714
vt 0.2229 0.4829
vt 0.1935 0.4661
vt 0.2272 0.5
vt 0.2382 0.5151
vt 0.2563 0.5029
vt 0.2561 0.5269
vt 0.2747 0.5195
vt 0.2145 0.4531
vt 0.2017 0.4517
vt 0.1974 0.4373
vt 0.2173 0.4304
vt 0.2507 0.4531
vt 0.2261 0.4612
vt 0.1981 0.425
vt 0.2759 0.543
vt 0.2054 0.4082
vt 0.2219 0.394
vt 0.201 0.3901
vt 0.2046 0.3643
vt 0.2773 0.5522
vt 0.2369 0.4756
vt 0.244 0.4636
vt 0.2529 0.4792
vt 0.2893 0.4907
vt 0.2406 0.4924
vt 0.2964 0.5093
vt 0.301 0.5239
vt 0.3103 0.5049
vt 0.2874 0.5366
vt 0.3025 0.5474
vt 0.304 0.5498
vt 0.3093 0.5337
vt 0.3154 0.5503
vt 0.3225 0.5225
vt 0.3225 0.5112
vt 0.322 0.4893
vt 0.3181 0.458
vt 0.2893 0.4534
vt 0.3025 0.5581
vt 0.3171 0.5591
vt 0.3184 0.5522
vt 0.3184 0.5742
vt 0.303 0.5732
vt 0.3228 0.5957
vt 0.28 0.5801
vt 0.3066 0.5933
vt 0.2703 0.6079
vt 0.3123 0.6157
vt 0.3335 0.6382
vt 0.2817 0.5957
vt 0.2881 0.6172
vt 0.3193 0.6426
vt 0.3306 0.6582
vt 0.2583 0.6177
vt 0.2952 0.6494
vt 0.314 0.687
vt 0.271 0.6177
vt 0.2739 0.6382
vt 0.2622 0.6523
vt 0.2791 0.6641
vt 0.2693 0.6826
vt 0.2993 0.6733
vt 0.2983 0.6953
vt 0.3103 0.7046
vt 0.2372 0.6426
vt 0.2915 0.6987
vt 0.2996 0.7051
vt 0.3123 0.71
vt 0.2369 0.665
vt 0.2219 0.6631
vt 0.2285 0.6938
vt 0.2125 0.6758
vt 0.2163 0.6934
vt 0.2123 0.6934
vt 0.2128 0.7207
vt 0.2195 0.7017
vt 0.2191 0.7139
vt 0.2251 0.707
vt 0.2372 0.6904
vt 0.233 0.7021
vt 0.2413 0.6992
vt 0.2268 0.7158
vt 0.2197 0.7197
vt 0.2417 0.71
vt 0.259 0.7007
vt 0.2649 0.6914
vt 0.7153 0.2566
vt 0.7041 0.2573
vt 0.7095 0.2891
vt 0.7202 0.2869
vt 0.7314 0.2515
vt 0.7358 0.2827
vt 0.7144 0.3018
vt 0.7383 0.2917
vt 0.7202 0.2998
vt 0.7197 0.3201
vt 0.6221 0.7051
vt 0.6177 0.7212
vt 0.6274 0.71
vt 0.6108 0.7192
vt 0.6162 0.7041
vt 0.6045 0.7188
vt 0.6167 0.7295
vt 0.606 0.7383
vt 0.6118 0.7441
vt 0.6006 0.7485
vt 0.6006 0.7368
vt 0.6138 0.7495
vt 0.6216 0.7295
vt 0.5908 0.7378
vt 0.5972 0.7344
vt 0.6016 0.7324
vt 0.6021 0.7246
vt 0.6011 0.7246
vt 0.6035 0.7192
vt 0.6001 0.7144
vt 0.5957 0.7129
vt 0.6147 0.7026
vt 0.6133 0.7075
vt 0.6113 0.7002
vt 0.5869 0.7334
vt 0.5918 0.7124
vt 0.5845 0.7471
vt 0.5962 0.7754
vt 0.583 0.7637
vt 0.5796 0.7495
vt 0.6094 0.7783
vt 0.5742 0.751
vt 0.582 0.7407
vt 0.5869 0.7236
vt 0.584 0.7231
vt 0.5781 0.7656
vt 0.5869 0.7832
vt 0.6011 0.7896
vt 0.5952 0.8042
vt 0.604 0.8003
vt 0.6162 0.7954
vt 0.6221 0.7876
vt 0.624 0.7944
vt 0.6211 0.7725
vt 0.6279 0.7676
vt 0.6226 0.749
vt 0.627 0.7456
vt 0.6274 0.7646
vt 0.6294 0.7358
vt 0.6265 0.7314
vt 0.6299 0.7207
vt 0.6338 0.7231
vt 0.2006 0.8242
vt 0.1892 0.8359
vt 0.199 0.8418
vt 0.2113 0.8242
vt 0.2067 0.8481
vt 0.2307 0.8296
vt 0.2203 0.8574
vt 0.2117 0.8608
vt 0.2458 0.8428
vt 0.2125 0.8774
vt 0.2104 0.8677
vt 0.208 0.854
vt 0.2096 0.8882
vt 0.2085 0.8979
vt 0.2209 0.8862
vt 0.2296 0.876
vt 0.2534 0.8569
vt 0.2534 0.8423
vt 0.2598 0.8599
vt 0.2524 0.8726
vt 0.2441 0.8911
vt 0.2583 0.8774
vt 0.6226 0.5967
vt 0.6255 0.6172
vt 0.6294 0.603
vt 0.6357 0.6143
vt 0.6387 0.6084
vt 0.6489 0.6064
vt 0.6406 0.6245
vt 0.6465 0.6172
vt 0.6475 0.6108
vt 0.6504 0.6182
vt 0.6548 0.6147
vt 0.6528 0.6089
vt 0.6489 0.6064
vt 0.6475 0.6338
vt 0.6357 0.6284
vt 0.6382 0.6333
vt 0.6421 0.6382
vt 0.6475 0.6436
vt 0.6431 0.6421
vt 0.6504 0.6396
vt 0.6284 0.6323
vt 0.6367 0.6372
vt 0.6235 0.6372
vt 0.6167 0.6323
vt 0.623 0.627
vt 0.6177 0.6196
vt 0.6084 0.6328
vt 0.6187 0.6099
vt 0.6401 0.6538
vt 0.6392 0.6387
vt 0.6465 0.667
vt 0.6523 0.6543
vt 0.6553 0.6494
vt 0.6538 0.6426
vt 0.6587 0.6406
vt 0.668 0.6509
vt 0.6597 0.6719
vt 0.6509 0.6787
vt 0.6577 0.6797
vt 0.6416 0.6782
vt 0.6538 0.6885
vt 0.6372 0.668
vt 0.6362 0.6938
vt 0.644 0.6982
vt 0.6362 0.7031
vt 0.6265 0.6963
vt 0.6299 0.688
vt 0.6318 0.6816
vt 0.6196 0.6909
vt 0.6172 0.6943
vt 0.6064 0.6841
vt 0.6196 0.6831
vt 0.6123 0.6802
vt 0.6001 0.6704
vt 0.6055 0.6704
vt 0.6196 0.6729
vt 0.6289 0.6743
vt 0.6274 0.6631
vt 0.623 0.6519
vt 0.6382 0.6494
vt 0.6265 0.6455
vt 0.6206 0.6426
vt 0.6182 0.6504
vt 0.6289 0.6392
vt 0.6147 0.6406
vt 0.6099 0.3826
vt 0.6055 0.3928
vt 0.6108 0.3938
vt 0.6138 0.3835
vt 0.6094 0.3755
vt 0.7793 0.6777
vt 0.7837 0.6548
vt 0.7676 0.6538
vt 0.7852 0.644
vt 0.7686 0.6377
vt 0.75 0.645
vt 0.7505 0.6309
vt 0.7651 0.6743
vt 0.7305 0.624
vt 0.7471 0.6782
vt 0.7681 0.7021
vt 0.7305 0.6387
vt 0.7212 0.644
vt 0.7266 0.6592
vt 0.7139 0.6558
vt 0.7266 0.668
vt 0.7178 0.6597
vt 0.7305 0.7241
vt 0.7178 0.666
vt 0.7153 0.6812
vt 0.7241 0.6685
vt 0.7207 0.6958
vt 0.7485 0.7046
vt 0.7002 0.6763
vt 0.7012 0.6377
vt 0.7173 0.7124
vt 0.7241 0.6997
vt 0.7075 0.6968
vt 0.707 0.7271
vt 0.6938 0.6431
vt 0.6934 0.626
vt 0.6787 0.6489
vt 0.6768 0.6343
vt 0.6865 0.6816
vt 0.689 0.708
vt 0.6904 0.7173
vt 0.6982 0.7383
vt 0.7109 0.7759
vt 0.7178 0.7271
vt 0.7285 0.7246
vt 0.7271 0.7275
vt 0.7256 0.7329
vt 0.7178 0.7354
vt 0.6973 0.7764
vt 0.6885 0.7769
vt 0.6973 0.7974
vt 0.7192 0.7529
vt 0.731 0.7437
vt 0.7285 0.7329
vt 0.7446 0.7373
vt 0.731 0.7563
vt 0.7202 0.7744
vt 0.7158 0.7964
vt 0.6963 0.8115
vt 0.728 0.7944
vt 0.6831 0.8003
vt 0.6787 0.8311
vt 0.6802 0.7764
vt 0.6821 0.7339
vt 0.668 0.8022
vt 0.6733 0.8281
vt 0.7305 0.791
vt 0.7349 0.7935
vt 0.7607 0.8125
vt 0.7354 0.7744
vt 0.7446 0.7666
vt 0.7559 0.7925
vt 0.7578 0.7559
vt 0.7671 0.7959
vt 0.7812 0.832
vt 0.7666 0.7734
vt 0.7637 0.7334
vt 0.7495 0.7139
vt 0.7725 0.7114
vt 0.7808 0.7354
vt 0.7505 0.7056
vt 0.77 0.7109
vt 0.769 0.7031
vt 0.7847 0.6992
vt 0.7734 0.7549
vt 0.7842 0.7773
vt 0.7861 0.7949
vt 0.8022 0.7798
vt 0.7969 0.748
vt 0.8052 0.7964
vt 0.7915 0.811
vt 0.8032 0.8223
vt 0.8203 0.8457
vt 0.8042 0.8516
vt 0.7979 0.8481
vt 0.8184 0.8623
vt 0.8354 0.8618
vt 0.813 0.8716
vt 0.8164 0.8823
vt 0.8311 0.8779
vt 0.8174 0.8638
vt 0.8467 0.8716
vt 0.8003 0.8574
vt 0.8018 0.8701
vt 0.7749 0.8398
vt 0.7773 0.8291
vt 0.8477 0.855
vt 0.8394 0.8413
vt 0.8677 0.8535
vt 0.8589 0.8657
vt 0.873 0.8643
vt 0.8613 0.8418
vt 0.854 0.8306
vt 0.8613 0.8242
vt 0.8721 0.8223
vt 0.8667 0.8105
vt 0.8726 0.8008
vt 0.8472 0.8184
vt 0.8525 0.8159
vt 0.855 0.7944
vt 0.8413 0.8252
vt 0.8428 0.8066
vt 0.8467 0.7861
vt 0.8521 0.7715
vt 0.8638 0.7744
vt 0.854 0.7534
vt 0.8794 0.7773
vt 0.8657 0.7583
vt 0.8838 0.7627
vt 0.8667 0.75
vt 0.8394 0.8237
vt 0.8369 0.812
vt 0.8276 0.8174
vt 0.8223 0.8213
vt 0.8315 0.8359
vt 0.814 0.8159
vt 0.811 0.8042
vt 0.8193 0.8096
vt 0.8838 0.7471
vt 0.9004 0.7627
vt 0.8882 0.7847
vt 0.9028 0.7466
vt 0.8789 0.7354
vt 0.8682 0.7393
vt 0.874 0.7246
vt 0.8877 0.7212
vt 0.9102 0.7207
vt 0.8735 0.7163
vt 0.1562 0.3667
vt 0.1602 0.375
vt 0.1656 0.3633
vt 0.155 0.3601
vt 0.1476 0.3647
vt 0.1791 0.3516
vt 0.1613 0.3503
vt 0.1785 0.3413
vt 0.9873 0.8169
vt 0.9912 0.8027
vt 0.9819 0.8125
vt 0.9917 0.792
vt 0.9736 0.8125
vt 0.998 0.7964
vt 0.998 0.7856
vt 0.9922 0.7808
vt 0.9839 0.7905
vt 0.9746 0.8237
vt 0.9839 0.8301
vt 0.9683 0.8496
vt 0.9712 0.8042
vt 0.9614 0.7939
vt 0.9492 0.8076
vt 0.9424 0.8164
vt 0.9609 0.8262
vt 0.9399 0.8267
vt 0.958 0.8623
vt 0.9536 0.833
vt 0.9551 0.8589
vt 0.9688 0.8643
vt 0.9805 0.8574
vt 0.9766 0.8408
vt 0.9561 0.8711
vt 0.957 0.8789
vt 0.9648 0.8906
vt 0.9775 0.8716
vt 0.9888 0.8579
vt 0.9858 0.8477
vt 0.9888 0.8345
vt 0.9922 0.856
vt 0.9863 0.8296
vt 0.9541 0.8804
vt 0.937 0.8877
vt 0.959 0.897
vt 0.9443 0.8765
vt 0.9497 0.8599
vt 0.9351 0.8789
vt 0.9453 0.8652
vt 0.939 0.8735
vt 0.939 0.8638
vt 0.937 0.8584
vt 0.9419 0.8599
vt 0.9414 0.856
vt 0.9365 0.854
vt 0.9482 0.8481
vt 0.9434 0.8345
vt 0.9419 0.8447
vt 0.9351 0.8467
vt 0.9297 0.8374
vt 0.9233 0.832
vt 0.9214 0.8428
vt 0.9102 0.8403
vt 0.9321 0.8242
vt 0.9419 0.8179
vt 0.9185 0.8208
vt 0.9272 0.8101
vt 0.937 0.8096
vt 0.9263 0.8569
vt 0.9277 0.8604
vt 0.9219 0.8662
vt 0.9277 0.8711
vt 0.9106 0.8545
vt 0.9248 0.8813
vt 0.9155 0.8721
vt 0.9077 0.895
vt 0.9263 0.9038
vt 0.8975 0.8789
vt 0.9053 0.8838
vt 0.894 0.9023
vt 0.8931 0.8652
vt 0.8989 0.8496
vt 0.8862 0.8857
vt 0.8838 0.9038
vt 0.877 0.8906
vt 0.8921 0.9155
vt 0.8862 0.8628
vt 0.876 0.8765
vt 0.8872 0.8491
vt 0.877 0.9141
vt 0.8989 0.8389
vt 0.8955 0.8267
vt 0.8921 0.8374
vt 0.9014 0.8105
vt 0.8887 0.8105
vt 0.8823 0.8013
vt 0.894 0.7988
vt 0.9062 0.7979
vt 0.9229 0.7925
vt 0.9302 0.79
vt 0.9414 0.8018
vt 0.938 0.7871
vt 0.6416 0.0396
vt 0.6377 0.052
vt 0.6504 0.0417
vt 0.6646 0.0338
vt 0.6543 0.0183
vt 0.6328 0.021
vt 0.6245 0.0227
vt 0.6284 0.0449
vt 0.6318 0.0524
vt 0.6211 0.0476
vt 0.625 0.0104
vt 0.6309 0.0083
vt 0.6475 0.0033
vt 0.6655 0.0021
vt 0.6694 0.0238
vt 0.6802 0.0307
vt 0.687 0.0189
vt 0.6929 0.0074
vt 0.6987 0.0203
vt 0.7041 0.0335
vt 0.6821 0.0323
vt 0.7031 0.0352
vt 0.7153 0.0383
vt 0.7021 0.041
vt 0.6816 0.0409
vt 0.6694 0.0427
vt 0.6553 0.0473
vt 0.7026 0.0468
vt 0.7173 0.0464
vt 0.6729 0.0461
vt 0.6606 0.0501
vt 0.645 0.0557
vt 0.6533 0.0586
vt 0.6504 0.0675
vt 0.6411 0.0682
vt 0.7168 0.0536
vt 0.6523 0.0764
vt 0.7241 0.0588
vt 0.7212 0.0672
vt 0.7227 0.0432
vt 0.6484 0.0914
vt 0.6543 0.09
vt 0.644 0.0865
vt 0.7285 0.0776
vt 0.7241 0.0928
vt 0.729 0.0542
vt 0.73 0.0963
vt 0.7236 0.1057
vt 0.7378 0.0574
vt 0.7231 0.0333
vt 0.7427 0.0757
vt 0.7368 0.0958
vt 0.7358 0.0783
vt 0.7441 0.0915
vt 0.7349 0.1118
vt 0.7393 0.1166
vt 0.7339 0.1097
vt 0.7285 0.1082
vt 0.7192 0.117
vt 0.7119 0.1147
vt 0.6851 0.1238
vt 0.6826 0.1208
vt 0.6753 0.1197
vt 0.6733 0.1241
vt 0.6675 0.1144
vt 0.7236 0.1193
vt 0.6562 0.1154
vt 0.6641 0.1219
vt 0.6611 0.1074
vt 0.6509 0.1079
vt 0.6475 0.0991
vt 0.6416 0.1024
vt 0.645 0.1115
vt 0.6382 0.0862
vt 0.6362 0.0779
vt 0.6924 0.1317
vt 0.7207 0.1223
vt 0.7056 0.1294
vt 0.7236 0.1346
vt 0.6934 0.1488
vt 0.6724 0.1392
vt 0.7329 0.1282
vt 0.7422 0.1213
vt 0.7271 0.1436
vt 0.7134 0.1454
vt 0.71 0.1571
vt 0.6978 0.1647
vt 0.6831 0.1708
vt 0.6763 0.1592
vt 0.6772 0.1741
vt 0.6592 0.1438
vt 0.668 0.1646
vt 0.6504 0.1472
vt 0.6621 0.1663
vt 0.6479 0.1456
vt 0.6504 0.1368
vt 0.6406 0.1359
vt 0.6406 0.1272
vt 0.6279 0.1156
vt 0.6313 0.1311
vt 0.6362 0.1451
vt 0.6323 0.1564
vt 0.6274 0.1526
vt 0.626 0.1415
vt 0.6519 0.1613
vt 0.6533 0.1716
vt 0.667 0.1749
vt 0.9326 0.0229
vt 0.9526 0.0139
vt 0.9414 0.0021
vt 0.9414 0.032
vt 0.9258 0.0457
vt 0.9258 0.0217
vt 0.9229 0.0412
vt 0.9341 0.0562
vt 0.9487 0.0461
vt 0.9399 0.0718
vt 0.9551 0.0717
vt 0.9526 0.0947
vt 0.9287 0.0829
vt 0.9326 0.0903
vt 0.9692 0.1011
vt 0.9385 0.101
vt 0.959 0.1162
vt 0.9463 0.1207
vt 0.9771 0.1302
vt 0.9673 0.1417
vt 0.9546 0.1464
vt 0.9746 0.1479
vt 0.9844 0.1505
vt 0.9668 0.1652
vt 0.959 0.1743
vt 0.9766 0.1749
vt 0.9604 0.1967
vt 0.9756 0.1615
vt 0.9858 0.1604
vt 0.9863 0.1727
vt 0.9678 0.2119
vt 0.9531 0.2198
vt 0.9775 0.1989
vt 0.9814 0.215
vt 0.9629 0.2368
vt 0.9497 0.2356
vt 0.9751 0.2433
vt 0.9517 0.2455
vt 0.9619 0.2467
vt 0.9492 0.2751
vt 0.9731 0.249
vt 0.9575 0.2773
vt 0.9658 0.2781
vt 0.4368 0.8174
vt 0.415 0.8452
vt 0.4233 0.8599
vt 0.4109 0.8169
vt 0.4053 0.8413
vt 0.4031 0.8643
vt 0.4128 0.7852
vt 0.436 0.7822
vt 0.4207 0.7471
vt 0.3914 0.748
vt 0.4495 0.7466
vt 0.3818 0.8613
vt 0.384 0.8374
vt 0.386 0.8154
vt 0.3823 0.8828
vt 0.3958 0.9043
vt 0.3865 0.7856
vt 0.3638 0.7847
vt 0.3616 0.8135
vt 0.3577 0.8608
vt 0.3784 0.9082
vt 0.3928 0.9243
vt 0.3364 0.8354
vt 0.3442 0.7837
vt 0.3384 0.8135
vt 0.3657 0.7534
vt 0.3638 0.7241
vt 0.3433 0.7466
vt 0.3564 0.8809
vt 0.3604 0.8979
vt 0.333 0.8584
vt 0.3323 0.8804
vt 0.335 0.9023
vt 0.3547 0.915
vt 0.311 0.8369
vt 0.3118 0.8618
vt 0.3762 0.9233
vt 0.3755 0.9365
vt 0.3914 0.9385
vt 0.3542 0.936
vt 0.3745 0.9434
vt 0.3904 0.9448
vt 0.3533 0.9419
vt 0.3303 0.9409
vt 0.3323 0.9189
vt 0.3301 0.9341
vt 0.3108 0.9399
vt 0.3105 0.9341
vt 0.2852 0.9409
vt 0.2866 0.9336
vt 0.3123 0.9214
vt 0.2891 0.9194
vt 0.3123 0.9023
vt 0.2905 0.9009
vt 0.3123 0.8857
vt 0.2898 0.8809
vt 0.2954 0.8472
vt 0.2886 0.8594
vt 0.2864 0.8286
vt 0.3113 0.8125
vt 0.2861 0.8101
vt 0.3096 0.7925
vt 0.292 0.7896
vt 0.2925 0.771
vt 0.2812 0.8008
vt 0.283 0.7822
vt 0.3186 0.7793
vt 0.321 0.7427
vt 0.302 0.7383
vt 0.3445 0.7197
vt 0.282 0.77
vt 0.2786 0.7773
vt 0.2776 0.7905
vt 0.2893 0.7598
vt 0.2854 0.749
vt 0.2949 0.7393
vt 0.2905 0.7163
vt 0.2795 0.7241
vt 0.3049 0.7153
vt 0.3096 0.7266
vt 0.3179 0.7163
vt 0.3342 0.7114
vt 0.3462 0.7021
vt 0.3245 0.6997
vt 0.3691 0.7017
vt 0.3455 0.6987
vt 0.3223 0.6973
vt 0.3264 0.6895
vt 0.3494 0.6914
vt 0.364 0.6909
vt 0.3809 0.6919
vt 0.3853 0.6997
vt 0.4028 0.6909
vt 0.4084 0.6982
vt 0.3838 0.7026
vt 0.407 0.7017
vt 0.3904 0.7207
vt 0.4172 0.7207
vt 0.4255 0.7212
vt 0.4153 0.7095
vt 0.4329 0.7397
vt 0.4358 0.7212
vt 0.4216 0.709
vt 0.4424 0.7329
vt 0.4519 0.7246
vt 0.4453 0.7227
vt 0.2274 0.1136
vt 0.218 0.0978
vt 0.2228 0.1241
vt 0.212 0.1119
vt 0.2059 0.1394
vt 0.1882 0.1333
vt 0.2203 0.1427
vt 0.215 0.1661
vt 0.2078 0.0931
vt 0.2142 0.0851
vt 0.1989 0.1626
vt 0.2098 0.1754
vt 0.1946 0.0709
vt 0.2023 0.0686
vt 0.1882 0.0532
vt 0.1759 0.0512
vt 0.1649 0.0337
vt 0.2006 0.1089
vt 0.1908 0.0894
vt 0.1815 0.0746
vt 0.199 0.1161
vt 0.1815 0.0956
vt 0.1842 0.117
vt 0.1915 0.1115
vt 0.1724 0.1173
vt 0.1737 0.1151
vt 0.173 0.1315
vt 0.1616 0.1317
vt 0.1691 0.1488
vt 0.1824 0.1671
vt 0.1515 0.1533
vt 0.1617 0.1671
vt 0.1412 0.1703
vt 0.134 0.1827
vt 0.1469 0.183
vt 0.127 0.2042
vt 0.1597 0.1805
vt 0.1434 0.1912
vt 0.1338 0.2021
vt 0.1957 0.1429
vt 0.1915 0.166
vt 0.1805 0.1871
vt 0.1746 0.1909
vt 0.1787 0.1995
vt 0.1957 0.203
vt 0.1858 0.2106
vt 0.1876 0.1765
vt 0.1942 0.1814
vt 0.203 0.1869
vt 0.2142 0.1846
vt 0.2095 0.1984
vt 0.2048 0.2181
vt 0.1964 0.2119
vt 0.1989 0.2313
vt 0.1912 0.2247
vt 0.196 0.2369
vt 0.1696 0.417
vt 0.1846 0.4153
vt 0.1815 0.3943
vt 0.1664 0.3958
vt 0.1632 0.3804
vt 0.1801 0.3794
vt 0.7681 0.1776
vt 0.7773 0.1658
vt 0.7578 0.1697
vt 0.77 0.1577
vt 0.7559 0.1613
vt 0.751 0.1678
vt 0.7622 0.1504
vt 0.9849 0.1229
vt 0.9956 0.1238
vt 0.9946 0.1163
vt 0.9966 0.1368
vt 0.0225 0.7759
vt 0.017 0.7539
vt 0.0021 0.748
vt 0.0258 0.7412
vt 0.0162 0.7437
vt 0.002 0.7397
vt 0.003 0.7334
vt 0.0296 0.7437
vt 0.028 0.7251
vt 0.0249 0.7759
vt 0.0162 0.8032
vt 0.0349 0.7695
vt 0.0182 0.8062
vt 0.0104 0.8262
vt 0.008 0.8257
vt 0.0384 0.7432
vt 0.0438 0.7642
vt 0.0449 0.7515
vt 0.0454 0.7437
vt 0.0521 0.7495
vt 0.0493 0.7656
vt 0.3513 0.0862
vt 0.3452 0.0793
vt 0.3479 0.1047
vt 0.3579 0.072
vt 0.353 0.0674
vt 0.3635 0.0654
vt 0.366 0.0457
vt 0.4067 0.5205
vt 0.4282 0.5239
vt 0.4023 0.4878
vt 0.4238 0.48
vt 0.4001 0.4683
vt 0.4214 0.4495
vt 0.3972 0.4434
vt 0.4077 0.4253
vt 0.3933 0.4109
vt 0.4165 0.4065
vt 0.3877 0.374
vt 0.4128 0.3691
vt 0.4116 0.3445
vt 0.3875 0.3528
vt 0.4092 0.3169
vt 0.3857 0.312
vt 0.4067 0.2954
vt 0.384 0.2939
vt 0.4041 0.2815
vt 0.3833 0.2795
vt 0.3784 0.2559
vt 0.4016 0.2568
vt 0.3994 0.2255
vt 0.3755 0.2278
vt 0.395 0.1956
vt 0.3711 0.1954
vt 0.3901 0.1689
vt 0.384 0.1394
vt 0.3591 0.1422
vt 0.3811 0.1321
vt 0.3904 0.1307
vt 0.3645 0.1218
vt 0.353 0.1181
vt 0.3743 0.1076
vt 0.3813 0.1184
vt 0.3975 0.1224
vt 0.4116 0.1361
vt 0.4041 0.1175
vt 0.4021 0.1121
vt 0.4302 0.1211
vt 0.3879 0.1041
vt 0.3721 0.0981
vt 0.3708 0.0892
vt 0.4006 0.1029
vt 0.4006 0.0939
vt 0.4148 0.1096
vt 0.4202 0.1019
vt 0.4343 0.0981
vt 0.4321 0.1096
vt 0.3867 0.074
vt 0.3748 0.0533
vt 0.4036 0.0804
vt 0.4067 0.0596
vt 0.448 0.1204
vt 0.4648 0.1274
vt 0.4585 0.1135
vt 0.437 0.0768
vt 0.4087 0.0472
vt 0.3784 0.0369
vt 0.4121 0.0325
vt 0.3831 0.0261
vt 0.4351 0.0504
vt 0.45 0.1052
vt 0.468 0.1012
vt 0.467 0.1138
vt 0.4556 0.0916
vt 0.467 0.0803
vt 0.4365 0.0688
vt 0.4658 0.0673
vt 0.4878 0.1
vt 0.4912 0.0654
vt 0.498 0.0948
vt 0.498 0.1115
vt 0.4854 0.0446
vt 0.4844 0.1198
vt 0.4963 0.1316
vt 0.4636 0.0514
vt 0.4846 0.1307
vt 0.4866 0.1455
vt 0.4954 0.1493
vt 0.4958 0.1685
vt 0.4453 0.0357
vt 0.4619 0.0387
vt 0.4819 0.0341
vt 0.4758 0.0083
vt 0.4597 0.0074
vt 0.4373 0.0053
vt 0.4133 0.0042
vt 0.3948 0.0035
vt 0.3743 0.0166
vt 0.3574 0.0265
vt 0.3645 0.0406
vt 0.3704 0.0046
vt 0.3706 0.0021
vt 0.3452 0.0058
vt 0.3425 0.1904
vt 0.3276 0.1838
vt 0.3398 0.2007
vt 0.3245 0.1948
vt 0.3308 0.2124
vt 0.321 0.2108
vt 0.3193 0.2343
vt 0.3381 0.2135
vt 0.3479 0.226
vt 0.3391 0.2368
vt 0.3547 0.248
vt 0.3469 0.2642
vt 0.3201 0.272
vt 0.3652 0.2725
vt 0.3459 0.2966
vt 0.3623 0.2559
vt 0.354 0.2413
vt 0.3684 0.2727
vt 0.3621 0.2937
vt 0.3589 0.2935
vt 0.3618 0.304
vt 0.3562 0.322
vt 0.3306 0.3015
vt 0.3215 0.2815
vt 0.3193 0.2925
vt 0.3198 0.3054
vt 0.3479 0.3235
vt 0.3325 0.3237
vt 0.3203 0.3242
vt 0.3201 0.3376
vt 0.3328 0.3369
vt 0.3479 0.3379
vt 0.3569 0.3357
vt 0.5293 0.1526
vt 0.5107 0.1395
vt 0.5151 0.1582
vt 0.5269 0.1372
vt 0.5078 0.1222
vt 0.5317 0.1232
vt 0.5337 0.1414
vt 0.5249 0.1183
vt 0.5337 0.101
vt 0.5249 0.0977
vt 0.5063 0.0941
vt 0.5078 0.0803
vt 0.5308 0.0808
vt 0.5186 0.0506
vt 0.5107 0.0475
vt 0.5068 0.0454
vt 0.5493 0.0648
vt 0.5073 0.0217
vt 0.5376 0.0591
vt 0.5552 0.0522
vt 0.5391 0.0431
vt 0.54 0.0228
vt 0.5576 0.0451
vt 0.5571 0.067
vt 0.561 0.063
vt 0.562 0.0771
vt 0.5562 0.076
vt 0.5537 0.0863
vt 0.5229 0.0107
vt 0.5083 0.0098
vt 0.5479 0.0213
vt 0.5547 0.0246
vt 0.5513 0.0137
vt 0.543 0.0107
vt 0.5483 0.0048
vt 0.5386 0.003
vt 0.521 0.0035
vt 0.5078 0.0021
vt 0.1746 0.6338
vt 0.1635 0.6289
vt 0.1609 0.6748
vt 0.1749 0.6108
vt 0.1572 0.6108
vt 0.1467 0.6323
vt 0.152 0.6499
vt 0.1566 0.6743
vt 0.1442 0.6763
vt 0.1487 0.688
vt 0.1526 0.6997
vt 0.1426 0.7017
vt 0.1384 0.6509
vt 0.1268 0.6328
vt 0.1345 0.6816
vt 0.1289 0.6558
vt 0.1429 0.6099
vt 0.1098 0.6377
vt 0.1615 0.6016
vt 0.1764 0.6104
vt 0.1759 0.6016
vt 0.1617 0.6006
vt 0.1786 0.5728
vt 0.1444 0.5996
vt 0.1665 0.5713
vt 0.1775 0.5381
vt 0.145 0.5991
vt 0.1666 0.5435
vt 0.1765 0.5225
vt 0.1659 0.5327
vt 0.1707 0.522
vt 0.1231 0.606
vt 0.1267 0.5977
vt 0.1508 0.5767
vt 0.1598 0.563
vt 0.1528 0.5508
vt 0.119 0.6089
vt 0.1003 0.606
vt 0.0999 0.6289
vt 0.1063 0.5649
vt 0.1272 0.5791
vt 0.0786 0.604
vt 0.1407 0.5542
vt 0.1526 0.5405
vt 0.0996 0.6528
vt 0.0967 0.6758
vt 0.1277 0.6753
vt 0.0756 0.6279
vt 0.0684 0.6069
vt 0.1268 0.7036
vt 0.1327 0.5508
vt 0.1481 0.5381
vt 0.1261 0.7144
vt 0.1372 0.7295
vt 0.0818 0.5791
vt 0.0739 0.5601
vt 0.0967 0.7095
vt 0.1315 0.561
vt 0.1241 0.7319
vt 0.1393 0.7329
vt 0.0836 0.5605
vt 0.0847 0.5518
vt 0.1082 0.5532
vt 0.1044 0.5498
vt 0.1299 0.5479
vt 0.1387 0.5068
vt 0.0765 0.5488
vt 0.1615 0.5283
vt 0.1622 0.502
vt 0.1639 0.4856
vt 0.1532 0.4949
vt 0.1565 0.4614
vt 0.1449 0.4666
vt 0.1447 0.4463
vt 0.1357 0.4365
vt 0.1532 0.4424
vt 0.1479 0.4082
vt 0.0917 0.5405
vt 0.0744 0.5415
vt 0.1005 0.5303
vt 0.0611 0.5508
vt 0.0663 0.5293
vt 0.0598 0.5542
vt 0.0608 0.5317
vt 0.0663 0.5205
vt 0.1058 0.5269
vt 0.1026 0.5151
vt 0.0898 0.5347
vt 0.1166 0.5366
vt 0.1245 0.522
vt 0.1161 0.499
vt 0.1035 0.4792
vt 0.0922 0.5112
vt 0.0822 0.5234
vt 0.0988 0.5034
vt 0.0842 0.5024
vt 0.0914 0.489
vt 0.0759 0.4951
vt 0.085 0.4802
vt 0.0793 0.479
vt 0.1292 0.4788
vt 0.1176 0.4541
vt 0.0946 0.4697
vt 0.1087 0.4617
vt 0.0837 0.458
vt 0.0762 0.4849
vt 0.1123 0.4487
vt 0.0744 0.4502
vt 0.0711 0.427
vt 0.1064 0.4214
vt 0.0991 0.3882
vt 0.132 0.4143
vt 0.1173 0.3992
vt 0.1266 0.3853
vt 0.1426 0.3784
vt 0.1238 0.373
vt 0.1381 0.3579
vt 0.0643 0.4551
vt 0.1199 0.3586
vt 0.0925 0.3638
vt 0.1151 0.3391
vt 0.1265 0.313
vt 0.0876 0.3408
vt 0.0815 0.3137
vt 0.0764 0.3757
vt 0.1059 0.3047
vt 0.1013 0.2881
vt 0.117 0.2776
vt 0.0664 0.3943
vt 0.0595 0.3406
vt 0.086 0.2959
vt 0.0735 0.2871
vt 0.0981 0.2734
vt 0.0633 0.3772
vt 0.0955 0.2446
vt 0.1102 0.2457
vt 0.1019 0.2035
vt 0.05 0.3965
vt 0.0472 0.3435
vt 0.054 0.4214
vt 0.0574 0.4363
vt 0.0341 0.4077
vt 0.0322 0.3508
vt 0.0381 0.4336
vt 0.0433 0.3149
vt 0.0293 0.3162
vt 0.0257 0.2859
vt 0.0399 0.4451
vt 0.0238 0.4448
vt 0.0231 0.4551
vt 0.0428 0.458
vt 0.0228 0.4646
vt 0.0549 0.3101
vt 0.038 0.2856
vt 0.0472 0.4946
vt 0.0329 0.5005
vt 0.0232 0.5029
vt 0.0253 0.5205
vt 0.0337 0.5166
vt 0.0273 0.5322
vt 0.0673 0.3015
vt 0.0497 0.2888
vt 0.0721 0.5083
vt 0.0714 0.5273
vt 0.0417 0.5156
vt 0.0402 0.5317
vt 0.0514 0.5439
vt 0.0426 0.5552
vt 0.0497 0.2678
vt 0.0382 0.2644
vt 0.0256 0.2605
vt 0.0332 0.2502
vt 0.0177 0.245
vt 0.0163 0.2258
vt 0.0466 0.2532
vt 0.0721 0.27
vt 0.0706 0.2559
vt 0.0303 0.2307
vt 0.0734 0.2339
vt 0.0277 0.2107
vt 0.0081 0.182
vt 0.0431 0.2291
vt 0.0896 0.2114
vt 0.0419 0.2153
vt 0.0753 0.1984
vt 0.0994 0.1805
vt 0.0739 0.2135
vt 0.0597 0.1954
vt 0.0388 0.1831
vt 0.023 0.1818
vt 0.0724 0.1783
vt 0.0721 0.1571
vt 0.0955 0.1515
vt 0.0518 0.1758
vt 0.0381 0.1565
vt 0.0214 0.1584
vt 0.006 0.1594
vt 0.0079 0.1198
vt 0.0226 0.1188
vt 0.0086 0.0848
vt 0.0801 0.111
vt 0.0898 0.1105
vt 0.0856 0.0858
vt 0.0397 0.1145
vt 0.0699 0.0857
vt 0.0704 0.0727
vt 0.0861 0.0668
vt 0.023 0.0764
vt 0.0101 0.0584
vt 0.0497 0.0779
vt 0.0382 0.0854
vt 0.0374 0.069
vt 0.0231 0.0596
vt 0.0096 0.0374
vt 0.0812 0.059
vt 0.0929 0.0494
vt 0.0233 0.0408
vt 0.0107 0.0021
vt 0.0241 0.0042
vt 0.0394 0.0415
vt 0.0422 0.0089
vt 0.041 0.0495
vt 0.0699 0.0462
vt 0.0682 0.015
vt 0.0775 0.049
vt 0.0931 0.0201
vt 0.0703 0.0558
vt 0.0402 0.061
vt 0.0565 0.0615
vt 0.0707 0.0643
vt 0.5923 0.8325
vt 0.603 0.8403
vt 0.5972 0.8276
vt 0.603 0.8311
vt 0.6045 0.8247
vt 0.6108 0.8364
vt 0.6196 0.8354
vt 0.6152 0.8486
vt 0.6069 0.8633
vt 0.6304 0.8545
vt 0.6387 0.8564
vt 0.6489 0.8706
vt 0.6167 0.8613
vt 0.6157 0.8735
vt 0.6235 0.8765
vt 0.6279 0.8613
vt 0.6475 0.8794
vt 0.6396 0.8838
vt 0.6479 0.9038
vt 0.6567 0.9077
vt 0.6543 0.8818
vt 0.6602 0.8784
vt 0.6377 0.894
vt 0.6299 0.8892
vt 0.6587 0.8931
vt 0.6631 0.8892
vt 0.6719 0.8921
vt 0.624 0.9019
vt 0.6372 0.9092
vt 0.6157 0.8926
vt 0.6128 0.9028
vt 0.6245 0.8828
vt 0.6074 0.8965
vt 0.6006 0.9048
vt 0.6118 0.8765
vt 0.6138 0.873
vt 0.6064 0.8652
vt 0.606 0.8755
vt 0.5947 0.8755
vt 0.5957 0.8691
vt 0.5942 0.8569
vt 0.6079 0.8799
vt 0.6016 0.895
vt 0.5918 0.9033
vt 0.6006 0.8892
vt 0.6084 0.9141
vt 0.5967 0.9146
vt 0.5991 0.9209
vt 0.5845 0.8984
vt 0.5854 0.8955
vt 0.5972 0.895
vt 0.5938 0.8931
vt 0.5869 0.8892
vt 0.5908 0.8867
vt 0.5923 0.8794
vt 0.9507 0.7173
vt 0.9805 0.7148
vt 0.9775 0.6987
vt 0.9546 0.6997
vt 0.9624 0.6924
vt 0.9492 0.688
vt 0.9463 0.7021
vt 0.9326 0.6924
vt 0.9331 0.7075
vt 0.9175 0.6948
vt 0.9224 0.7109
vt 0.9365 0.7246
vt 0.9238 0.731
vt 0.9414 0.7471
vt 0.9541 0.7402
vt 0.9189 0.7554
vt 0.9385 0.7739
vt 0.9453 0.7695
vt 0.9282 0.7803
vt 0.5117 0.2402
vt 0.522 0.2385
vt 0.5122 0.229
vt 0.5171 0.2255
vt 0.4395 0.1528
vt 0.4299 0.1338
vt 0.4062 0.1488
vt 0.4187 0.1609
vt 0.4353 0.1738
vt 0.4453 0.17
vt 0.4502 0.1733
vt 0.4573 0.1849
vt 0.4482 0.1869
vt 0.4236 0.1846
vt 0.4373 0.1921
vt 0.4067 0.1688
vt 0.4119 0.1876
vt 0.4026 0.1779
vt 0.3528 0.1992
vt 0.3582 0.1934
vt 0.3503 0.194
vt 0.3594 0.2111
vt 0.364 0.2124
vt 0.3538 0.2067
vt 0.5688 0.0939
vt 0.5679 0.086
vt 0.5591 0.1093
vt 0.5557 0.1053
vt 0.5498 0.1215
vt 0.5503 0.1039
vt 0.543 0.1185
vt 0.5444 0.1069
vt 0.184 0.0021
vt 0.2035 0.0165
vt 0.2079 0.0135
vt 0.2202 0.0306
vt 0.2147 0.0356
vt 0.2279 0.0472
vt 0.2223 0.0511
vt 0.2262 0.0668
vt 0.2312 0.0653
vt 0.2268 0.0826
vt 0.2316 0.0853
vt 0.7197 0.166
vt 0.7227 0.1709
vt 0.7271 0.1581
vt 0.7305 0.1591
vt 0.7344 0.1621
vt 0.7456 0.1367
vt 0.7495 0.1396
vt 0.7495 0.1459
vt 0.7358 0.1672
vt 0.728 0.1758
vt 0.1332 0.0021
vt 0.1292 0.0074
vt 0.1576 0.0259
vt 0.1508 0.0315
vt 0.1649 0.0337
vt 0.1262 0.0103
vt 0.1447 0.0378
vt 0.1263 0.0196
vt 0.1182 0.0317
vt 0.1462 0.0398
vt 0.1631 0.0387
vt 0.1344 0.0466
vt 0.1541 0.0459
vt 0.1282 0.0573
vt 0.1008 0.0305
vt 0.1699 0.0613
vt 0.1561 0.0662
vt 0.1437 0.0556
vt 0.1429 0.0625
vt 0.1418 0.0714
vt 0.1219 0.0587
vt 0.1337 0.0757
vt 0.1478 0.0928
vt 0.1705 0.0806
vt 0.1575 0.0863
vt 0.1674 0.0999
vt 0.1592 0.113
vt 0.1609 0.1213
vt 0.9897 0.2627
vt 0.9844 0.2717
vt 0.9912 0.2712
vt 0.9854 0.2615
vt 0.9927 0.2534
vt 0.9912 0.2469
vt 0.9863 0.2477
vt 0.98 0.2615
vt 0.98 0.2754
vt 0.3347 0.3584
vt 0.3398 0.3501
vt 0.3328 0.3499
vt 0.3296 0.3562
vt 0.3328 0.3674
vt 0.3298 0.3425
vt 0.3389 0.3459
vt 0.325 0.3547
vt 0.3245 0.3699
vt 0.332 0.3735
vt 0.3584 0.4719
vt 0.3687 0.4678
vt 0.3506 0.4661
vt 0.3613 0.4602
vt 0.3748 0.4641
vt 0.365 0.4504
vt 0.3784 0.4551
vt 0.3828 0.4482
vt 0.3423 0.4551
vt 0.3369 0.4624
vt 0.3745 0.4431
vt 0.3828 0.4253
vt 0.3728 0.4194
vt 0.3853 0.4124
vt 0.3777 0.4026
vt 0.3647 0.4387
vt 0.3652 0.4055
vt 0.373 0.387
vt 0.3523 0.4392
vt 0.3293 0.4534
vt 0.3245 0.4546
vt 0.3369 0.4431
vt 0.3254 0.4392
vt 0.3335 0.4341
vt 0.3276 0.4211
vt 0.3459 0.4172
vt 0.3606 0.3892
vt 0.3384 0.4072
vt 0.3335 0.4006
vt 0.3503 0.3936
vt 0.3403 0.397
vt 0.3499 0.3835
vt 0.3577 0.3801
vt 0.3613 0.3677
vt 0.3528 0.3679
vt 0.343 0.3699
vt 0.3516 0.3638
vt 0.3428 0.3669
vt 0.6123 0.0696
vt 0.6118 0.046
vt 0.5923 0.0718
vt 0.5977 0.1064
vt 0.6113 0.1031
vt 0.6113 0.1421
vt 0.5898 0.1531
vt 0.6079 0.1641
vt 0.5771 0.0944
vt 0.5801 0.0712
vt 0.5801 0.0534
vt 0.5996 0.047
vt 0.5771 0.0371
vt 0.5728 0.1327
vt 0.5977 0.0334
vt 0.5796 0.1533
vt 0.5674 0.1598
vt 0.5859 0.175
vt 0.5889 0.0204
vt 0.6035 0.0021
vt 0.5801 0.0097
vt 0.5723 0.1772
vt 0.564 0.1813
vt 0.5737 0.1868
vt 0.5815 0.189
vt 0.5605 0.2208
vt 0.5688 0.2153
vt 0.5747 0.23
vt 0.5864 0.2103
vt 0.5947 0.2471
vt 0.5586 0.2505
vt 0.5767 0.2617
vt 0.5972 0.2595
vt 0.5977 0.282
vt 0.5762 0.281
vt 0.5542 0.2837
vt 0.5977 0.3096
vt 0.5747 0.3259
vt 0.6001 0.3359
vt 0.5645 0.3069
vt 0.5498 0.3257
vt 0.5493 0.3447
vt 0.5889 0.3428
vt 0.5996 0.3564
vt 0.5752 0.353
vt 0.5845 0.3635
vt 0.5928 0.3911
vt 0.5723 0.3652
vt 0.5483 0.3728
vt 0.5767 0.3865
vt 0.5923 0.3997
vt 0.5679 0.3962
vt 0.5493 0.4048
vt 0.5928 0.4062
vt 0.5815 0.407
vt 0.5933 0.427
vt 0.5649 0.4153
vt 0.5527 0.4224
vt 0.5713 0.4248
vt 0.5601 0.4451
vt 0.5762 0.448
vt 0.5659 0.4792
vt 0.5815 0.4719
vt 0.5928 0.4468
vt 0.5918 0.489
vt 0.6016 0.4722
vt 0.603 0.5024
vt 0.6113 0.4893
vt 0.6099 0.4451
vt 0.6216 0.47
vt 0.6011 0.4473
vt 0.603 0.4287
vt 0.606 0.4133
vt 0.6079 0.4053
vt 0.6016 0.4011
vt 0.6279 0.4424
vt 0.6372 0.4749
vt 0.645 0.4446
vt 0.6528 0.4797
vt 0.6133 0.4258
vt 0.6104 0.418
vt 0.6177 0.4363
vt 0.6226 0.3953
vt 0.6636 0.4507
vt 0.668 0.4875
vt 0.6816 0.4565
vt 0.687 0.4951
vt 0.6953 0.4727
vt 0.6924 0.4399
vt 0.6748 0.4275
vt 0.6719 0.4116
vt 0.6865 0.4004
vt 0.6641 0.4026
vt 0.6899 0.3887
vt 0.6533 0.4248
vt 0.6431 0.426
vt 0.6416 0.4146
vt 0.6323 0.405
vt 0.647 0.3931
vt 0.6719 0.3782
vt 0.6465 0.3794
vt 0.6265 0.3774
vt 0.6411 0.364
vt 0.6523 0.3601
vt 0.6816 0.3413
vt 0.6987 0.356
vt 0.7036 0.3315
vt 0.6626 0.3223
vt 0.6855 0.3274
vt 0.6821 0.3062
vt 0.6919 0.2949
vt 0.6729 0.2781
vt 0.6787 0.2568
vt 0.6978 0.2588
vt 0.6885 0.2285
vt 0.7056 0.2175
vt 0.6978 0.2124
vt 0.7085 0.1978
vt 0.7002 0.1833
vt 0.7095 0.1786
vt 0.6992 0.176
vt 0.9961 0.4165
vt 0.9878 0.4219
vt 0.9937 0.429
vt 0.9858 0.4304
vt 0.9897 0.437
vt 0.9849 0.4363
vt 0.9971 0.4326
vt 0.9946 0.4382
vt 0.606 0.2104
vt 0.6226 0.2028
vt 0.6201 0.1989
vt 0.6025 0.2043
vt 0.5947 0.2057
vt 0.5957 0.21
vt 0.6162 0.1947
vt 0.624 0.1895
vt 0.6201 0.186
vt 0.6177 0.1777
vt 0.6147 0.1892
vt 0.6235 0.1721
vt 0.6133 0.1741
vt 0.6216 0.1691
vt 0.6309 0.1647
vt 0.6724 0.626
vt 0.6846 0.6177
vt 0.6714 0.6216
vt 0.6694 0.6113
vt 0.666 0.6201
vt 0.6626 0.6274
vt 0.689 0.5981
vt 0.6885 0.584
vt 0.6875 0.5737
vt 0.707 0.5864
vt 0.6997 0.5688
vt 0.7168 0.5635
vt 0.6938 0.5518
vt 0.6963 0.5234
vt 0.7227 0.5962
vt 0.7188 0.6099
vt 0.7178 0.5767
vt 0.7197 0.5347
vt 0.7017 0.4941
vt 0.7305 0.5693
vt 0.7393 0.5962
vt 0.7344 0.605
vt 0.7246 0.4912
vt 0.707 0.47
vt 0.7246 0.5537
vt 0.7461 0.5728
vt 0.7471 0.6011
vt 0.749 0.6069
vt 0.7573 0.5947
vt 0.7646 0.6001
vt 0.7656 0.6074
vt 0.7524 0.5381
vt 0.7358 0.5396
vt 0.7417 0.4998
vt 0.7583 0.5015
vt 0.7461 0.4673
vt 0.7676 0.447
vt 0.729 0.4663
vt 0.748 0.45
vt 0.7222 0.4626
vt 0.71 0.4568
vt 0.7324 0.437
vt 0.7207 0.4407
vt 0.7183 0.4172
vt 0.7349 0.4124
vt 0.7222 0.3945
vt 0.7495 0.4321
vt 0.7524 0.4119
vt 0.7407 0.3901
vt 0.7285 0.3796
vt 0.7446 0.3679
vt 0.7354 0.3562
vt 0.7554 0.3921
vt 0.7583 0.3689
vt 0.7476 0.3442
vt 0.771 0.4028
vt 0.7705 0.4204
vt 0.77 0.4302
vt 0.7603 0.3447
vt 0.7759 0.3728
vt 0.7949 0.3726
vt 0.7891 0.4082
vt 0.7876 0.428
vt 0.7837 0.4434
vt 0.8096 0.4033
vt 0.8081 0.4265
vt 0.8154 0.3738
vt 0.8008 0.4414
vt 0.8174 0.3474
vt 0.7817 0.4651
vt 0.8013 0.4678
vt 0.7964 0.5015
vt 0.7754 0.5044
vt 0.7871 0.5234
vt 0.7944 0.5337
vt 0.7739 0.5293
vt 0.7812 0.5493
vt 0.7944 0.562
vt 0.7739 0.5728
vt 0.7871 0.5825
vt 0.7935 0.5938
vt 0.7734 0.5977
vt 0.7896 0.603
vt 0.7749 0.6089
vt 0.7881 0.6177
vt 0.7705 0.6118
vt 0.7588 0.6099
vt 0.1011 0.1048
vt 0.1083 0.0979
vt 0.1002 0.0814
vt 0.0956 0.0817
vt 0.114 0.056
vt 0.2236 0.7979
vt 0.2169 0.7881
vt 0.2174 0.813
vt 0.2256 0.7896
vt 0.222 0.7822
vt 0.2405 0.7842
vt 0.2313 0.7983
vt 0.2217 0.8071
vt 0.2345 0.8057
vt 0.2205 0.8154
vt 0.229 0.8179
vt 0.2378 0.8228
vt 0.2423 0.8174
vt 0.239 0.8013
vt 0.2568 0.8198
vt 0.2469 0.8262
vt 0.2612 0.8086
vt 0.2527 0.8076
vt 0.2642 0.8013
vt 0.2576 0.7993
vt 0.2529 0.7964
vt 0.2444 0.8042
vt 0.2482 0.7925
vt 0.2395 0.8003
vt 0.792 0.1655
vt 0.7969 0.1512
vt 0.7876 0.161
vt 0.8018 0.1537
vt 0.8047 0.157
vt 0.7969 0.1681
vt 0.8169 0.1406
vt 0.814 0.136
vt 0.3254 0.1755
vt 0.334 0.1771
vt 0.3269 0.1704
vt 0.3347 0.1689
vt 0.3245 0.1592
vt 0.7378 0.8315
vt 0.7524 0.8579
vt 0.7422 0.8311
vt 0.7456 0.8511
vt 0.7334 0.834
vt 0.7212 0.8203
vt 0.7178 0.8242
vt 0.7393 0.854
vt 0.7476 0.8594
vt 0.7549 0.8721
vt 0.7417 0.8701
vt 0.7456 0.8765
vt 0.7617 0.8887
vt 0.7344 0.8784
vt 0.75 0.8896
vt 0.7583 0.9092
vt 0.7344 0.8896
vt 0.7476 0.9033
vt 0.748 0.9106
vt 0.7407 0.9097
vt 0.7368 0.9038
vt 0.7241 0.8931
vt 0.7295 0.8882
vt 0.7197 0.8867
vt 0.7173 0.8765
vt 0.7251 0.8643
vt 0.7188 0.8657
vt 0.7124 0.8667
vt 0.7163 0.8491
vt 0.7217 0.8506
vt 0.7095 0.8516
vt 0.1736 0.4583
vt 0.1757 0.479
vt 0.1787 0.4578
vt 0.1797 0.4792
vt 0.1786 0.4919
vt 0.1747 0.4934
vt 0.6289 0.344
vt 0.6372 0.3398
vt 0.6265 0.3386
vt 0.6108 0.3521
vt 0.6211 0.3367
vt 0.6074 0.3511
vt 0.6143 0.3606
vt 0.6055 0.3704
vt 0.2355 0.7451
vt 0.2283 0.7446
vt 0.229 0.7568
vt 0.2351 0.7549
vt 0.2208 0.7651
vt 0.2235 0.7563
vt 0.2279 0.7515
vt 0.2211 0.752
vt 0.2159 0.7534
vt 0.2174 0.7593
vt 0.2172 0.769
vt 0.2218 0.7744
vt 0.2169 0.7783
vt 0.2343 0.7773
vt 0.241 0.7603
vt 0.2515 0.7759
vt 0.251 0.7827
vt 0.262 0.7827
vt 0.2615 0.7886
vt 0.2661 0.7925
vt 0.2695 0.7837
vt 0.27 0.7661
vt 0.2426 0.751
vt 0.241 0.7393
vt 0.2332 0.7339
vt 0.2269 0.7373
vt 0.2329 0.7314
vt 0.2261 0.728
vt 0.2257 0.7339
vt 0.2186 0.7305
vt 0.2229 0.7256
vt 0.2156 0.7256
vt 0.2206 0.7368
vt 0.2152 0.7339
vt 0.2487 0.7544
vt 0.2433 0.752
vt 0.2537 0.7593
vt 0.2452 0.7734
vt 0.2556 0.7622
vt 0.261 0.7637
vt 0.2598 0.749
vt 0.2542 0.7505
vt 0.2457 0.7422
vt 0.2512 0.7407
vt 0.2654 0.751
vt 0.2661 0.7446
vt 0.2534 0.7339
vt 0.2423 0.7378
vt 0.2441 0.73
vt 0.2529 0.7295
vt 0.2374 0.7329
vt 0.2388 0.7271
vt 0.002 0.4375
vt 0.0025 0.4529
vt 0.0158 0.4375
vt 0.0173 0.4512
vt 0.3372 0.0021
vt 0.324 0.007
vt 0.3362 0.0413
vt 0.3225 0.0423
vt 0.3352 0.0625
vt 0.3057 0.0099
vt 0.322 0.0036
vt 0.3057 0.0075
vt 0.283 0.0118
vt 0.3032 0.0555
vt 0.2861 0.0139
vt 0.3208 0.0627
vt 0.3203 0.087
vt 0.334 0.0858
vt 0.3257 0.1049
vt 0.3191 0.1195
vt 0.3025 0.0768
vt 0.3 0.1232
vt 0.3179 0.163
vt 0.2986 0.1647
vt 0.3147 0.1874
vt 0.2866 0.0466
vt 0.282 0.0671
vt 0.269 0.0547
vt 0.2615 0.0182
vt 0.2856 0.0869
vt 0.282 0.1272
vt 0.2954 0.186
vt 0.2803 0.1648
vt 0.2913 0.2075
vt 0.3057 0.2269
vt 0.2788 0.1836
vt 0.2499 0.156
vt 0.2517 0.1321
vt 0.2642 0.0789
vt 0.2561 0.0878
vt 0.2551 0.0679
vt 0.2576 0.0488
vt 0.2515 0.0551
vt 0.2399 0.0215
vt 0.2384 0.0461
vt 0.2383 0.0507
vt 0.2446 0.0663
vt 0.2452 0.0862
vt 0.2491 0.0995
vt 0.2382 0.1172
vt 0.2321 0.1495
vt 0.2469 0.181
vt 0.2266 0.1758
vt 0.2433 0.2007
vt 0.2231 0.1897
vt 0.261 0.1984
vt 0.2301 0.2091
vt 0.2209 0.202
vt 0.2166 0.2224
vt 0.2751 0.2158
vt 0.2433 0.2145
vt 0.2415 0.2374
vt 0.272 0.2324
vt 0.2866 0.2328
vt 0.2257 0.2251
vt 0.2196 0.2429
vt 0.2114 0.2433
vt 0.2673 0.2566
vt 0.2827 0.2524
vt 0.3035 0.2454
vt 0.2964 0.2583
vt 0.2223 0.2534
vt 0.2216 0.2715
vt 0.2058 0.2871
vt 0.2788 0.2651
vt 0.2432 0.2598
vt 0.2656 0.2698
vt 0.2434 0.2734
vt 0.2186 0.2954
vt 0.2668 0.292
vt 0.2798 0.2856
vt 0.2157 0.3074
vt 0.1991 0.3254
vt 0.2428 0.2908
vt 0.2396 0.3042
vt 0.2089 0.3406
vt 0.1932 0.3599
vt 0.2632 0.3113
vt 0.2361 0.3169
vt 0.2294 0.3528
vt 0.2266 0.3691
vt 0.259 0.3489
vt 0.2769 0.3159
vt 0.2563 0.3787
vt 0.2959 0.3101
vt 0.2751 0.3445
vt 0.2742 0.3787
vt 0.2966 0.283
vt 0.3086 0.2542
vt 0.3101 0.2771
vt 0.3091 0.3079
vt 0.2957 0.3467
vt 0.2961 0.4033
vt 0.3098 0.3423
vt 0.3115 0.3796
vt 0.3123 0.4001
vt 0.2725 0.4006
vt 0.3049 0.4133
vt 0.3145 0.4189
vt 0.3076 0.4292
vt 0.3169 0.4402
vt 0.2939 0.4236
vt 0.3052 0.4453
vt 0.2979 0.4324
vt 0.291 0.4438
vt 0.2705 0.4365
vt 0.2703 0.4241
vt 0.2524 0.4265
vt 0.2544 0.3994
vt 0.233 0.4133
vt 0.176 0.3062
vt 0.1796 0.3052
vt 0.1707 0.2986
vt 0.1672 0.303
vt 0.1611 0.3057
vt 0.162 0.2974
vt 0.1537 0.3003
vt 0.1472 0.3081
vt 0.1517 0.3135
vt 0.1454 0.3213
vt 0.1423 0.3201
vt 0.1439 0.3311
vt 0.147 0.3296
vt 0.1504 0.3381
vt 0.1539 0.3325
vt 0.1615 0.3396
vt 0.1641 0.3328
vt 0.1771 0.3315
vt 0.1755 0.325
vt 0.9844 0.1116
vt 0.9951 0.1027
vt 0.9932 0.082
vt 0.9829 0.0926
vt 0.979 0.0762
vt 0.9907 0.0701
vt 0.9785 0.0618
vt 0.9922 0.0538
vt 0.979 0.0559
vt 0.9927 0.0331
vt 0.9756 0.037
vt 0.9868 0.0192
vt 0.9702 0.0235
vt 0.9541 0.0325
vt 0.9536 0.0267
vt 0.4441 0.1289
vt 0.4617 0.1371
vt 0.4729 0.1407
vt 0.4575 0.1482
vt 0.4417 0.1324
vt 0.4695 0.1608
vt 0.4666 0.1759
vt 0.4844 0.1724
vt 0.4836 0.1908
vt 0.4712 0.2085
vt 0.488 0.2179
vt 0.4976 0.2037
vt 0.4753 0.2389
vt 0.5005 0.236
vt 0.4814 0.2664
vt 0.5054 0.2649
vt 0.4851 0.2883
vt 0.5068 0.2864
vt 0.5083 0.2988
vt 0.5239 0.2825
vt 0.4844 0.3013
vt 0.5278 0.2947
vt 0.4856 0.3113
vt 0.5288 0.312
vt 0.5093 0.3208
vt 0.4863 0.3225
vt 0.5352 0.3491
vt 0.489 0.3494
vt 0.5122 0.3462
vt 0.5156 0.3696
vt 0.5396 0.3723
vt 0.4917 0.3704
vt 0.5396 0.4131
vt 0.5103 0.406
vt 0.4973 0.4121
vt 0.5083 0.4392
vt 0.5186 0.4075
vt 0.5303 0.4268
vt 0.521 0.4448
vt 0.8311 0.197
vt 0.8345 0.1837
vt 0.8237 0.1818
vt 0.8306 0.1698
vt 0.4182 0.3132
vt 0.429 0.3147
vt 0.4229 0.3035
vt 0.4365 0.3157
vt 0.4407 0.3284
vt 0.4507 0.3142
vt 0.4314 0.3303
vt 0.4204 0.325
vt 0.4229 0.3401
vt 0.4351 0.3411
vt 0.4224 0.3486
vt 0.4343 0.3477
vt 0.4583 0.3474
vt 0.4551 0.3401
vt 0.4653 0.3369
vt 0.4709 0.3486
vt 0.4617 0.3208
vt 0.4519 0.3254
vt 0.4609 0.3105
vt 0.4619 0.3005
vt 0.4531 0.3064
vt 0.4434 0.3062
vt 0.4504 0.2893
vt 0.4602 0.2832
vt 0.4346 0.3086
vt 0.4324 0.2878
vt 0.4414 0.2891
vt 0.4482 0.2722
vt 0.4233 0.2776
vt 0.416 0.2908
vt 0.4395 0.2751
vt 0.4304 0.2698
vt 0.416 0.2642
vt 0.4563 0.2598
vt 0.468 0.2668
vt 0.4668 0.2484
vt 0.4414 0.2559
vt 0.4231 0.2444
vt 0.4163 0.2423
vt 0.4536 0.2424
vt 0.4575 0.2283
vt 0.4517 0.2322
vt 0.4414 0.2401
vt 0.4336 0.2311
vt 0.4202 0.2313
vt 0.4077 0.2308
vt 0.6079 0.2729
vt 0.6079 0.2932
vt 0.6133 0.2793
vt 0.6055 0.2739
vt 0.6455 0.8291
vt 0.6504 0.8481
vt 0.6577 0.8335
vt 0.6602 0.8706
vt 0.6504 0.8613
vt 0.6431 0.8511
vt 0.6416 0.8438
vt 0.6719 0.8721
vt 0.6763 0.8462
vt 0.687 0.8408
vt 0.6836 0.8779
vt 0.6841 0.8657
vt 0.6855 0.8521
vt 0.6968 0.856
vt 0.7007 0.8438
vt 0.6953 0.873
vt 0.6958 0.8843
vt 0.6831 0.8867
vt 0.6797 0.9043
vt 0.6885 0.9082
vt 0.6807 0.9165
vt 0.6743 0.9238
vt 0.6777 0.9307
vt 0.6646 0.9219
vt 0.6973 0.9009
vt 0.7026 0.8945
vt 0.71 0.9126
vt 0.7095 0.9302
vt 0.7026 0.9395
vt 0.7109 0.9497
vt 0.686 0.9243
vt 0.7021 0.958
vt 0.71 0.9712
vt 0.6958 0.9385
vt 0.6841 0.9492
vt 0.686 0.9644
vt 0.6733 0.9517
vt 0.6919 0.9712
vt 0.7007 0.9766
vt 0.6934 0.9766
vt 0.6812 0.9702
vt 0.6763 0.9609
vt 0.6753 0.9771
vt 0.6694 0.9824
vt 0.666 0.9673
vt 0.6606 0.9746
vt 0.6558 0.9834
vt 0.6587 0.9556
vt 0.6641 0.9492
vt 0.6431 0.9536
vt 0.6455 0.9731
vt 0.6509 0.9644
vt 0.6587 0.9238
vt 0.6436 0.9834
vt 0.6455 0.9888
vt 0.6294 0.9888
vt 0.6382 0.9663
vt 0.6279 0.9824
vt 0.6089 0.9854
vt 0.6099 0.98
vt 0.6113 0.9702
vt 0.6279 0.9736
vt 0.6167 0.9609
vt 0.6108 0.96
vt 0.6235 0.9648
vt 0.6201 0.9565
vt 0.6108 0.9531
vt 0.6284 0.9556
vt 0.6079 0.9321
vt 0.5986 0.9307
vt 0.5977 0.9238
vt 0.6099 0.9263
vt 0.5986 0.9214
vt 0.6094 0.9194
vt 0.6201 0.9238
vt 0.6299 0.9326
vt 0.6445 0.9302
vt 0.6484 0.9443
vt 0.6641 0.9102
vt 0.6641 0.9053
vt 0.667 0.9019
vt 0.6699 0.9053
vt 0.6655 0.8921
vt 0.6772 0.9048
vt 0.4761 0.3677
vt 0.4795 0.3801
vt 0.4814 0.3706
vt 0.4768 0.3853
vt 0.4731 0.3728
vt 0.47 0.3713
vt 0.1761 0.8452
vt 0.1802 0.8394
vt 0.1881 0.8105
vt 0.1716 0.8374
vt 0.179 0.8066
vt 0.1959 0.7964
vt 0.1874 0.79
vt 0.199 0.791
vt 0.196 0.7725
vt 0.1963 0.7593
vt 0.1652 0.7998
vt 0.1759 0.7954
vt 0.1754 0.7832
vt 0.1807 0.7705
vt 0.1876 0.7583
vt 0.2096 0.7271
vt 0.2023 0.7251
vt 0.1909 0.7217
vt 0.1741 0.752
vt 0.1783 0.7163
vt 0.1642 0.7476
vt 0.1703 0.7129
vt 0.1572 0.7441
vt 0.1738 0.7539
vt 0.1619 0.749
vt 0.1553 0.7568
vt 0.1473 0.7544
vt 0.1399 0.7705
vt 0.1681 0.7632
vt 0.1625 0.7764
vt 0.1387 0.7944
vt 0.1298 0.7949
vt 0.1498 0.7969
vt 0.1512 0.7837
vt 0.1334 0.812
vt 0.1218 0.8179
vt 0.157 0.8208
vt 0.145 0.812
vt 0.1301 0.8257
vt 0.1163 0.8472
vt 0.1393 0.8271
vt 0.1562 0.832
vt 0.1278 0.8423
vt 0.1543 0.8433
vt 0.1727 0.8486
vt 0.1373 0.8428
vt 0.1381 0.8545
vt 0.1255 0.8516
vt 0.1125 0.8735
vt 0.151 0.8491
vt 0.1663 0.8555
vt 0.1271 0.8721
vt 0.1086 0.894
vt 0.1517 0.8574
vt 0.1659 0.8643
vt 0.1223 0.8975
vt 0.1078 0.9053
vt 0.1417 0.875
vt 0.1541 0.8765
vt 0.1593 0.8677
vt 0.1649 0.8799
vt 0.1643 0.8911
vt 0.1562 0.8945
vt 0.1637 0.8994
vt 0.1381 0.9043
vt 0.1608 0.9136
vt 0.1223 0.9102
vt 0.1073 0.9131
vt 0.1404 0.9185
vt 0.1622 0.9287
vt 0.108 0.9272
vt 0.0973 0.9243
vt 0.0952 0.9409
vt 0.1285 0.9282
vt 0.1503 0.9331
vt 0.162 0.9502
vt 0.1428 0.9473
vt 0.1599 0.9561
vt 0.1737 0.9697
vt 0.1108 0.9448
vt 0.1058 0.9395
vt 0.0944 0.9517
vt 0.1028 0.9512
vt 0.0904 0.9565
vt 0.5327 0.4492
vt 0.5381 0.45
vt 0.54 0.4331
vt 0.5449 0.4331
vt 0.5684 0.04
vt 0.5669 0.014
vt 0.5635 0.032
vt 0.5659 0.0097
vt 0.5713 0.0021
vt 0.853 0.6289
vt 0.8438 0.6104
vt 0.8389 0.6025
vt 0.8545 0.6274
vt 0.873 0.6377
vt 0.8726 0.6401
vt 0.8911 0.6421
vt 0.8906 0.6392
vt 0.9058 0.6372
vt 0.8887 0.6206
vt 0.877 0.6265
vt 0.9072 0.6265
vt 0.9165 0.626
vt 0.9136 0.6226
vt 0.9238 0.6108
vt 0.9204 0.6064
vt 0.8989 0.6089
vt 0.9082 0.5957
vt 0.9224 0.5879
vt 0.915 0.5776
vt 0.917 0.563
vt 0.9033 0.5718
vt 0.8984 0.585
vt 0.8818 0.5801
vt 0.8892 0.5552
vt 0.9106 0.5605
vt 0.9111 0.5513
vt 0.9028 0.541
vt 0.8872 0.5967
vt 0.8765 0.6045
vt 0.8838 0.5342
vt 0.896 0.5239
vt 0.8774 0.52
vt 0.8887 0.5088
vt 0.8677 0.6123
vt 0.8657 0.627
vt 0.8584 0.6123
vt 0.8638 0.6006
vt 0.8501 0.5991
vt 0.8711 0.5894
vt 0.8633 0.5854
vt 0.8613 0.5947
vt 0.8521 0.5938
vt 0.8413 0.5938
vt 0.8457 0.582
vt 0.8628 0.5781
vt 0.8608 0.5645
vt 0.8384 0.5698
vt 0.8486 0.5571
vt 0.8354 0.5469
vt 0.8691 0.5552
vt 0.8564 0.5381
vt 0.8711 0.5337
vt 0.8472 0.5361
vt 0.8545 0.5181
vt 0.8394 0.5151
vt 0.8311 0.5156
vt 0.8755 0.5117
vt 0.8867 0.5029
vt 0.8774 0.499
vt 0.8794 0.4832
vt 0.8706 0.4885
vt 0.8643 0.4785
vt 0.8486 0.4998
vt 0.8257 0.4939
vt 0.8442 0.4814
vt 0.8135 0.4983
vt 0.8286 0.5356
vt 0.8184 0.52
vt 0.8228 0.481
vt 0.8101 0.4807
vt 0.8179 0.4727
vt 0.813 0.4734
vt 0.8164 0.4666
vt 0.8081 0.4666
vt 0.8105 0.4585
vt 0.8135 0.4487
vt 0.8442 0.4753
vt 0.8643 0.4727
vt 0.8237 0.467
vt 0.8286 0.4514
vt 0.8203 0.4534
vt 0.8271 0.4353
vt 0.8618 0.4685
vt 0.8472 0.4697
vt 0.874 0.4609
vt 0.8545 0.4568
vt 0.835 0.4597
vt 0.8633 0.4465
vt 0.8838 0.4546
vt 0.8379 0.439
vt 0.8457 0.4304
vt 0.8418 0.4185
vt 0.873 0.437
vt 0.8911 0.4434
vt 0.8667 0.4036
vt 0.856 0.3975
vt 0.8789 0.4175
vt 0.8833 0.3848
vt 0.8735 0.3784
vt 0.8926 0.3757
vt 0.8828 0.3706
vt 0.9082 0.3474
vt 0.9165 0.3523
vt 0.8877 0.4329
vt 0.9058 0.4297
vt 0.8882 0.4187
vt 0.9116 0.4158
vt 0.9023 0.3984
vt 0.9082 0.3899
vt 0.9175 0.4001
vt 0.9414 0.3762
vt 0.9316 0.3645
vt 0.9155 0.3662
vt 0.1926 0.0334
vt 0.1903 0.0407
vt 0.1956 0.038
vt 0.1862 0.0354
vt 0.184 0.0236
vt 0.1887 0.022
vt 0.1755 0.0138
vt 0.1736 0.0055
vt 0.7437 0.2424
vt 0.7427 0.269
vt 0.7524 0.2415
vt 0.7524 0.2253
vt 0.7402 0.2279
vt 0.7456 0.2139
vt 0.7358 0.1945
vt 0.7461 0.1892
vt 0.7549 0.2119
vt 0.7642 0.2234
vt 0.7603 0.1942
vt 0.7515 0.1875
vt 0.7593 0.1848
vt 0.7705 0.2008
vt 0.7798 0.1826
vt 0.7646 0.2437
vt 0.7539 0.2666
vt 0.7529 0.3025
vt 0.7803 0.2242
vt 0.79 0.1968
vt 0.7949 0.2218
vt 0.7974 0.1815
vt 0.8154 0.1813
vt 0.8174 0.2284
vt 0.8179 0.261
vt 0.7803 0.2561
vt 0.7627 0.2971
vt 0.7964 0.272
vt 0.8091 0.2856
vt 0.8164 0.3071
vt 0.7964 0.3052
vt 0.7554 0.3264
vt 0.7793 0.314
vt 0.8062 0.3257
vt 0.7974 0.3501
vt 0.7788 0.3477
vt 0.7876 0.3596
vt 0.6211 0.0724
vt 0.625 0.0641
vt 0.6245 0.0637
vt 0.6333 0.0575
vt 0.5527 0.1699
vt 0.5586 0.1692
vt 0.5542 0.1552
vt 0.5557 0.1761
vt 0.5483 0.1819
vt 0.1268 0.2729
vt 0.1357 0.2917
vt 0.1469 0.2913
vt 0.1292 0.27
vt 0.8364 0.3306
vt 0.8423 0.3364
vt 0.8306 0.3198
vt 0.8281 0.3259
vt 0.8291 0.3313
vt 0.8237 0.3184
vt 0.8291 0.3174
vt 0.8242 0.3118
vt 0.8398 0.3386
vt 0.8457 0.343
vt 0.8418 0.3479
vt 0.8389 0.3552
vt 0.8418 0.3667
vt 0.8364 0.3694
vt 0.8398 0.3745
vt 0.835 0.3765
vt 0.8389 0.3823
vt 0.729 0.2047
vt 0.7275 0.2026
vt 0.7163 0.2266
vt 0.7168 0.2313
vt 0.7095 0.2418
vt 0.7031 0.3198
vt 0.7036 0.3088
vt 0.6987 0.2935
vt 0.7051 0.3201
vt 0.8574 0.0134
vt 0.8521 0.0021
vt 0.8496 0.0036
vt 0.8579 0.0099
vt 0.8667 0.0225
vt 0.875 0.0118
vt 0.8755 0.0196
vt 0.8818 0.0365
vt 0.8862 0.0237
vt 0.9004 0.0195
vt 0.9038 0.0278
vt 0.8936 0.0396
vt 0.9062 0.0371
vt 0.9106 0.0494
vt 0.8994 0.0573
vt 0.9204 0.0847
vt 0.915 0.0895
vt 0.9155 0.0999
vt 0.9219 0.0942
vt 0.1449 0.126
vt 0.1282 0.1312
vt 0.1271 0.1367
vt 0.1164 0.1466
vt 0.1225 0.1526
vt 0.1201 0.1558
vt 0.1282 0.1686
vt 0.8984 0.687
vt 0.9092 0.6948
vt 0.9136 0.6772
vt 0.8916 0.6738
vt 0.8706 0.6792
vt 0.875 0.6689
vt 0.9014 0.6616
vt 0.916 0.665
vt 0.9204 0.6567
vt 0.9062 0.6514
vt 0.9116 0.6436
vt 0.8916 0.6616
vt 0.8818 0.6548
vt 0.8955 0.6494
vt 0.8301 0.3889
vt 0.8267 0.3845
vt 0.8184 0.3987
vt 0.8252 0.3999
vt 0.8242 0.4092
vt 0.9492 0.1796
vt 0.9448 0.1743
vt 0.9424 0.1938
vt 0.937 0.1912
vt 0.9375 0.2058
vt 0.9424 0.2045
vt 0.9336 0.2025
vt 0.9331 0.1919
vt 0.686 0.1105
vt 0.6899 0.106
vt 0.6826 0.1033
vt 0.688 0.0952
vt 0.6812 0.0933
vt 0.6777 0.0778
vt 0.6733 0.0829
vt 0.667 0.0804
vt 0.6626 0.0807
vt 0.6704 0.0761
vt 0.7144 0.1923
vt 0.7212 0.1941
vt 0.7207 0.1837
vt 0.7261 0.1836
vt 0.7275 0.1895
vt 0.7251 0.1974
vt 0.5498 0.4897
vt 0.5605 0.4849
vt 0.5513 0.4824
vt 0.5605 0.4941
vt 0.5718 0.4858
vt 0.5732 0.4949
vt 0.5728 0.5107
vt 0.5508 0.5088
vt 0.5381 0.5063
vt 0.5376 0.5239
vt 0.5508 0.5234
vt 0.563 0.5234
vt 0.562 0.5112
vt 0.5742 0.5225
vt 0.3816 0.4763
vt 0.3899 0.4648
vt 0.3855 0.4651
vt 0.3875 0.4812
vt 0.897 0.1126
vt 0.8975 0.1061
vt 0.8911 0.1044
vt 0.8945 0.0996
vt 0.8862 0.0962
vt 0.9644 0.366
vt 0.9688 0.3801
vt 0.9785 0.3679
vt 0.9712 0.3538
vt 0.9639 0.3572
vt 0.959 0.3472
vt 0.9814 0.3516
vt 0.9951 0.333
vt 0.9766 0.3389
vt 0.9639 0.3325
vt 0.9819 0.3259
vt 0.9971 0.3115
vt 0.9888 0.2939
vt 0.9692 0.3181
vt 0.9766 0.2905
vt 0.9922 0.2832
vt 0.978 0.2812
vt 0.9604 0.2915
vt 0.9517 0.3167
vt 0.9517 0.332
vt 0.9468 0.3389
vt 0.9492 0.3467
vt 0.9526 0.3525
vt 0.9434 0.3635
vt 0.9556 0.3562
vt 0.9785 0.3857
vt 0.9746 0.3938
vt 0.9746 0.4026
vt 0.9805 0.3936
vt 0.981 0.4131
vt 0.9858 0.407
vt 0.9912 0.4097
vt 0.9839 0.3875
vt 0.9868 0.3782
vt 0.9888 0.3894
vt 0.9956 0.3813
vt 0.8242 0.9458
vt 0.8198 0.9551
vt 0.8369 0.9497
vt 0.8364 0.9443
vt 0.856 0.9565
vt 0.8472 0.9468
vt 0.8364 0.9399
vt 0.8301 0.9316
vt 0.8413 0.939
vt 0.8394 0.9297
vt 0.8291 0.9277
vt 0.8301 0.9365
vt 0.8398 0.9238
vt 0.835 0.915
vt 0.8403 0.9165
vt 0.8403 0.9072
vt 0.834 0.9092
vt 0.8218 0.9082
vt 0.8179 0.9355
vt 0.8105 0.9473
vt 0.8047 0.939
vt 0.8223 0.9165
vt 0.811 0.9268
vt 0.8052 0.9111
vt 0.7979 0.916
vt 0.7944 0.9312
vt 0.7925 0.915
vt 0.7988 0.9038
vt 0.7939 0.8984
vt 0.811 0.8984
vt 0.8062 0.8867
vt 0.8281 0.8955
vt 0.8301 0.8999
vt 0.8374 0.8921
vt 0.8379 0.8872
vt 0.8472 0.8901
vt 0.853 0.8877
vt 0.8389 0.8838
vt 0.5303 0.1854
vt 0.5273 0.2091
vt 0.5361 0.1635
vt 0.5386 0.187
vt 0.5322 0.2117
vt 0.5415 0.1638
vt 0.5283 0.2292
vt 0.5308 0.2307
vt 0.5337 0.2556
vt 0.5439 0.1469
vt 0.5469 0.1472
vt 0.5581 0.1277
vt 0.5596 0.1288
vt 0.4924 0.021
vt 0.4998 0.0428
vt 0.4956 0.0247
vt 0.491 0.002
vt 0.7607 0.8125
vt 0.7534 0.8091
vt 0.7422 0.8154
vt 0.7319 0.7988
vt 0.7554 0.8306
vt 0.7549 0.8306
vt 0.7632 0.8423
vt 0.7764 0.8501
vt 0.771 0.854
vt 0.7803 0.8691
vt 0.791 0.8633
vt 0.8032 0.8794
vt 0.8145 0.8779
vt 0.813 0.8716
vt 0.7524 0.1008
vt 0.7559 0.1097
vt 0.7539 0.0953
vt 0.751 0.0902
vt 0.002 0.3374
vt 0.0203 0.312
vt 0.0077 0.3049
vt 0.0118 0.3389
vt 0.0055 0.3501
vt 0.3496 0.5464
vt 0.3425 0.5674
vt 0.3562 0.562
vt 0.363 0.5532
vt 0.3713 0.5649
vt 0.3613 0.5405
vt 0.355 0.5332
vt 0.3708 0.5522
vt 0.3818 0.5562
vt 0.3674 0.5225
vt 0.3738 0.5337
vt 0.3689 0.5146
vt 0.3738 0.5166
vt 0.3481 0.519
vt 0.3708 0.5024
vt 0.3296 0.541
vt 0.3462 0.5542
vt 0.3352 0.5522
vt 0.3315 0.5581
vt 0.3811 0.5
vt 0.3838 0.5122
vt 0.3843 0.5054
vt 0.3965 0.5239
vt 0.3855 0.5337
vt 0.3914 0.5234
vt 0.4006 0.5352
vt 0.3953 0.5405
vt 0.4048 0.5542
vt 0.3884 0.5522
vt 0.396 0.5542
vt 0.3965 0.5669
vt 0.3975 0.5874
vt 0.3826 0.5688
vt 0.3862 0.5786
vt 0.3809 0.5869
vt 0.3599 0.5767
vt 0.3879 0.5874
vt 0.3752 0.6016
vt 0.3591 0.5786
vt 0.3809 0.6001
vt 0.3894 0.5967
vt 0.384 0.6099
vt 0.3999 0.6099
vt 0.3989 0.5996
vt 0.408 0.5991
vt 0.4155 0.5742
vt 0.4399 0.5879
vt 0.4368 0.5781
vt 0.4275 0.563
vt 0.3711 0.5981
vt 0.3872 0.6172
vt 0.3787 0.6211
vt 0.3611 0.6001
vt 0.3516 0.5845
vt 0.3713 0.6245
vt 0.3228 0.3906
vt 0.3313 0.3889
vt 0.3279 0.3809
vt 0.3242 0.3784
vt 0.3193 0.3892
vt 0.7324 0.342
vt 0.7202 0.3376
vt 0.7207 0.3438
vt 0.7344 0.3367
vt 0.7144 0.3313
vt 0.7095 0.3403
vt 0.7134 0.3477
vt 0.7104 0.356
vt 0.729 0.3298
vt 0.731 0.3301
vt 0.7397 0.3318
vt 0.7324 0.3247
vt 0.7183 0.3269
vt 0.8965 0.448
vt 0.9009 0.46
vt 0.9043 0.4585
vt 0.9072 0.4702
vt 0.9043 0.4705
vt 0.9111 0.4658
vt 0.9092 0.4573
vt 0.916 0.4604
vt 0.915 0.4692
vt 0.9077 0.4453
vt 0.9019 0.4504
vt 0.8945 0.077
vt 0.876 0.0543
vt 0.8789 0.067
vt 0.8828 0.0855
vt 0.9058 0.0946
vt 0.9878 0.0048
vt 0.9834 0.0021
vt 0.98 0.0074
vt 0.9849 0.0123
vt 0.9893 0.0085
vt 0.9805 0.0114
vt 0.9819 0.9341
vt 0.9756 0.9233
vt 0.979 0.9385
vt 0.9648 0.9253
vt 0.9619 0.9346
vt 0.9644 0.9438
vt 0.9502 0.9424
vt 0.9551 0.9214
vt 0.9653 0.9136
vt 0.9468 0.937
vt 0.9395 0.9419
vt 0.9463 0.9312
vt 0.9248 0.9399
vt 0.9248 0.9336
vt 0.9062 0.936
vt 0.939 0.9248
vt 0.9419 0.9199
vt 0.9575 0.9116
vt 0.9673 0.9097
vt 0.9033 0.9297
vt 0.8901 0.9263
vt 0.8911 0.9307
vt 0.8911 0.9233
vt 0.9092 0.9214
vt 0.9243 0.9204
vt 0.9346 0.9165
vt 0.9355 0.9062
vt 0.9429 0.9146
vt 0.9473 0.9038
vt 0.959 0.9077
vt 0.9648 0.9043
vt 0.9746 0.9106
vt 0.9688 0.9199
vt 0.9756 0.8916
vt 0.9805 0.9121
vt 0.9727 0.9229
vt 0.9912 0.8906
vt 0.9878 0.8896
vt 0.9927 0.8843
vt 0.9922 0.8813
vt 0.9854 0.8794
vt 0.9839 0.8711
vt 0.9883 0.8657
vt 0.9912 0.876
vt 0.9941 0.8779
vt 0.9961 0.199
vt 0.998 0.1908
vt 0.9912 0.189
vt 0.9902 0.1974
vt 0.9912 0.207
vt 0.9961 0.2065
vt 0.9941 0.2131
vt 0.4822 0.4116
vt 0.4768 0.3999
vt 0.47 0.4004
vt 0.4841 0.408
vt 0.489 0.4248
vt 0.4805 0.4326
vt 0.4756 0.4309
vt 0.4756 0.4128
vt 0.4707 0.4185
vt 0.4712 0.4302
vt 0.3457 0.1718
vt 0.3474 0.1725
vt 0.3552 0.1567
vt 0.3401 0.181
vt 0.9941 0.448
vt 0.9927 0.4434
vt 0.9922 0.4534
vt 0.9961 0.4531
vt 0.9951 0.4626
vt 0.9902 0.46
vt 0.4568 0.2064
vt 0.4507 0.1959
vt 0.4441 0.1995
vt 0.4519 0.2095
vt 0.4626 0.2167
vt 0.4575 0.2195
vt 0.4463 0.2098
vt 0.4529 0.2214
vt 0.6108 0.0232
vt 0.6113 0.0284
vt 0.6143 0.0162
vt 0.6055 0.041
vt 0.0035 0.4692
vt 0.002 0.4758
vt 0.008 0.4756
vt 0.0088 0.4678
vt 0.0127 0.4578
vt 0.3557 0.2194
vt 0.3606 0.2273
vt 0.3606 0.2175
vt 0.3657 0.2303
vt 0.9434 0.4006
vt 0.96 0.4187
vt 0.9521 0.4077
vt 0.9336 0.4209
vt 0.9312 0.4009
vt 0.9229 0.4138
vt 0.9229 0.4316
vt 0.9712 0.4404
vt 0.9253 0.4438
vt 0.9331 0.4509
vt 0.9438 0.4507
vt 0.9277 0.4543
vt 0.9419 0.4612
vt 0.9297 0.4634
vt 0.9678 0.4709
vt 0.9722 0.4424
vt 0.9878 0.4727
vt 0.9927 0.4854
vt 0.9507 0.4912
vt 0.9351 0.4995
vt 0.9736 0.4883
vt 0.9951 0.5112
vt 0.958 0.5181
vt 0.9404 0.522
vt 0.9507 0.5371
vt 0.9775 0.5103
vt 0.9922 0.5273
vt 0.9688 0.5312
vt 0.9678 0.5474
vt 0.9824 0.5444
vt 0.668 0.0681
vt 0.666 0.059
vt 0.6626 0.062
vt 0.6646 0.0679
vt 0.8696 0.0487
vt 0.8735 0.0431
vt 0.8672 0.0386
vt 0.8652 0.0435
vt 0.1644 0.0089
vt 0.158 0.0021
vt 0.1625 0.0107
vt 0.1675 0.0184
vt 0.0089 0.4041
vt 0.002 0.4167
vt 0.0159 0.4121
vt 0.0029 0.4285
vt 0.0148 0.4238
vt 0.0141 0.4321
vt 0.0191 0.4319
vt 0.0235 0.4211
vt 0.8296 0.6177
vt 0.8389 0.6353
vt 0.8394 0.6191
vt 0.8306 0.6353
vt 0.8154 0.6353
vt 0.8125 0.6187
vt 0.7998 0.6182
vt 0.8003 0.6353
vt 0.7993 0.6528
vt 0.8403 0.6621
vt 0.8452 0.6519
vt 0.8457 0.6606
vt 0.8511 0.6772
vt 0.8115 0.6562
vt 0.7983 0.6714
vt 0.8013 0.6733
vt 0.7988 0.6802
vt 0.8267 0.6587
vt 0.8286 0.6802
vt 0.8276 0.6899
vt 0.8315 0.7065
vt 0.8086 0.7144
vt 0.7979 0.7124
vt 0.7998 0.7354
vt 0.8179 0.7305
vt 0.8184 0.7139
vt 0.8276 0.7197
vt 0.0047 0.2178
vt 0.002 0.2101
vt 0.0052 0.2458
vt 0.0061 0.244
vt 0.0021 0.271
vt 0.0141 0.2603
vt 0.002 0.2625
vt 0.0153 0.269
vt 0.0031 0.2854
vt 0.0142 0.2854
vt 0.0025 0.2974
vt 0.0146 0.2974
vt 0.7095 0.3672
vt 0.7041 0.3875
vt 0.7119 0.377
vt 0.7134 0.3689
vt 0.7158 0.374
vt 0.7148 0.3611
vt 0.2496 0.007
vt 0.2556 0.0021
vt 0.2427 0.0048
vt 0.2412 0.0142
vt 0.4331 0.4094
vt 0.4236 0.4014
vt 0.4233 0.4124
vt 0.4436 0.4204
vt 0.437 0.4036
vt 0.4514 0.4109
vt 0.4639 0.4021
vt 0.4646 0.416
vt 0.4475 0.3965
vt 0.4375 0.3755
vt 0.4656 0.3906
vt 0.4519 0.3667
vt 0.4382 0.3618
vt 0.4624 0.3735
vt 0.46 0.3538
vt 0.6401 0.1788
vt 0.6313 0.1805
vt 0.6348 0.1932
vt 0.6348 0.1747
vt 0.3362 0.119
vt 0.3438 0.1293
vt 0.3442 0.1096
vt 0.3374 0.1372
vt 0.3416 0.153
vt 0.3311 0.123
vt 0.3401 0.1591
vt 0.3245 0.1312
vt 0.3289 0.1428
vt 0.4304 0.2133
vt 0.4402 0.2262
vt 0.4272 0.2056
vt 0.418 0.1925
vt 0.1678 0.6958
vt 0.1652 0.6958
vt 0.155 0.7129
vt 0.1534 0.7114
vt 0.1398 0.7349
vt 0.1273 0.7466
vt 0.1289 0.7471
vt 0.1344 0.7524
vt 0.1134 0.7666
vt 0.098 0.7725
vt 0.1002 0.7788
vt 0.0952 0.772
vt 0.1009 0.7559
vt 0.1056 0.7314
vt 0.1144 0.7241
vt 0.1013 0.7148
vt 0.0941 0.7324
vt 0.0948 0.7427
vt 0.0798 0.7334
vt 0.0917 0.7554
vt 0.0826 0.71
vt 0.0831 0.7222
vt 0.0941 0.7017
vt 0.0715 0.7178
vt 0.0699 0.7056
vt 0.076 0.7314
vt 0.0588 0.7114
vt 0.0771 0.7495
vt 0.0666 0.6885
vt 0.0492 0.7002
vt 0.0816 0.7524
vt 0.0786 0.7729
vt 0.0845 0.7734
vt 0.0769 0.7905
vt 0.0862 0.7925
vt 0.0984 0.7783
vt 0.0554 0.6851
vt 0.033 0.6899
vt 0.071 0.668
vt 0.0878 0.6621
vt 0.0716 0.6499
vt 0.0594 0.6514
vt 0.0657 0.627
vt 0.0484 0.6704
vt 0.0506 0.625
vt 0.0439 0.6494
vt 0.0136 0.6787
vt 0.0182 0.7002
vt 0.0251 0.6455
vt 0.0063 0.6987
vt 0.0317 0.6226
vt 0.0063 0.709
vt 0.0141 0.7085
vt 0.007 0.7197
vt 0.002 0.7285
vt 0.0553 0.6064
vt 0.038 0.6011
vt 0.0589 0.5801
vt 0.0492 0.5894
vt 0.042 0.5806
vt 0.0424 0.5654
vt 0.0598 0.563
vt 0.041 0.5581
vt 0.6226 0.1008
vt 0.624 0.1072
vt 0.6299 0.0942
vt 0.6245 0.095
vt 0.6211 0.0903
vt 0.627 0.087
vt 0.6235 0.0776
vt 0.7397 0.0334
vt 0.7339 0.0276
vt 0.73 0.026
vt 0.731 0.0182
vt 0.9683 0.0476
vt 0.959 0.0409
vt 0.9639 0.0531
vt 0.9648 0.0609
vt 0.9692 0.0553
vt 0.5298 0.2686
vt 0.5229 0.2722
vt 0.5273 0.2739
vt 0.5195 0.2605
vt 0.5146 0.2637
vt 0.5229 0.2566
vt 0.5117 0.2502
vt 0.5142 0.2467
vt 0.8711 0.3608
vt 0.8711 0.3494
vt 0.8662 0.3557
vt 0.8662 0.3662
vt 0.8618 0.3621
vt 0.8569 0.3623
vt 0.855 0.3445
vt 0.4246 0.2238
vt 0.417 0.2186
vt 0.4155 0.2208
vt 0.4092 0.212
vt 0.4106 0.2108
vt 0.4077 0.2023
vt 0.1047 0.7817
vt 0.099 0.7896
vt 0.0901 0.79
vt 0.0841 0.7979
vt 0.0692 0.8071
vt 0.0698 0.8091
vt 0.0575 0.8154
vt 0.0557 0.8135
vt 0.041 0.8193
vt 0.0401 0.8179
vt 0.0259 0.8198
vt 0.025 0.8174
vt 0.8145 0.167
vt 0.8213 0.1615
vt 0.8149 0.1591
vt 0.8135 0.1752
vt 0.9346 0.1672
vt 0.9429 0.165
vt 0.9351 0.1588
vt 0.9272 0.1606
vt 0.9297 0.1514
vt 0.9253 0.1489
vt 0.9277 0.1321
vt 0.9199 0.1569
vt 0.9136 0.1655
vt 0.9092 0.1589
vt 0.9136 0.1426
vt 0.9019 0.1427
vt 0.9033 0.1298
vt 0.917 0.1251
vt 0.9268 0.1193
vt 0.9062 0.1215
vt 0.9204 0.1143
vt 0.9307 0.1068
vt 0.9087 0.1131
vt 0.9126 0.1051
vt 0.1863 0.4453
vt 0.1833 0.4448
vt 0.1852 0.4507
vt 0.1782 0.4397
vt 0.1776 0.4346
vt 0.1803 0.4526
vt 0.1696 0.4221
vt 0.1725 0.4431
vt 0.1689 0.4277
vt 0.1632 0.4314
vt 0.0175 0.3987
vt 0.0189 0.3882
vt 0.011 0.397
vt 0.0126 0.3823
vt 0.0064 0.3938
vt 0.0081 0.3809
vt 0.0168 0.3809
vt 0.0209 0.3779
vt 0.0119 0.3618
vt 0.0065 0.3652
vt 0.002 0.3645
vt 0.0081 0.3552
vt 0.8247 0.2429
vt 0.8276 0.2217
vt 0.8252 0.2235
vt 0.8237 0.202
vt 0.0886 0.009
vt 0.0807 0.0107
vt 0.0883 0.0112
vt 0.0866 0.0021
vt 0.08 0.003
vt 0.9976 0.0122
vt 0.9976 0.0023
vt 0.9956 0.0098
vt 0.9961 0.0021
vt 0.5591 0.9712
vt 0.5708 0.9819
vt 0.5708 0.9712
vt 0.5591 0.9814
vt 0.5469 0.9712
vt 0.5591 0.9839
vt 0.5708 0.9839
vt 0.5469 0.9839
vt 0.5469 0.9814
vt 0.5347 0.9707
vt 0.5347 0.9834
vt 0.5347 0.9814
vt 0.5229 0.9707
vt 0.5229 0.9834
vt 0.5229 0.9814
vt 0.5107 0.9712
vt 0.5107 0.9834
vt 0.5107 0.9814
vt 0.4985 0.9712
vt 0.4985 0.9839
vt 0.4985 0.9814
vt 0.4866 0.9712
vt 0.4866 0.9839
vt 0.4866 0.9814
vt 0.4746 0.9712
vt 0.4746 0.9839
vt 0.4746 0.9814
vt 0.4624 0.9712
vt 0.4624 0.9839
vt 0.4624 0.9814
vt 0.4504 0.9712
vt 0.4504 0.9839
vt 0.4504 0.9814
vt 0.4385 0.9712
vt 0.4385 0.9839
vt 0.4385 0.9814
vt 0.4263 0.9712
vt 0.4263 0.9839
vt 0.4263 0.9814
vt 0.4143 0.9712
vt 0.4143 0.9839
vt 0.4143 0.9814
vt 0.4021 0.9712
vt 0.4021 0.9839
vt 0.4021 0.9814
vt 0.3901 0.9712
vt 0.3901 0.9839
vt 0.3901 0.9814
vt 0.3782 0.9712
vt 0.3782 0.9839
vt 0.3782 0.9814
vt 0.366 0.9712
vt 0.366 0.9839
vt 0.366 0.9814
vt 0.354 0.9712
vt 0.354 0.9839
vt 0.354 0.9814
vt 0.342 0.9712
vt 0.342 0.9834
vt 0.342 0.9814
vt 0.3298 0.9707
vt 0.3298 0.9834
vt 0.3298 0.9814
vt 0.3179 0.9707
vt 0.3179 0.9834
vt 0.3179 0.9814
vt 0.3057 0.9712
vt 0.3057 0.9839
vt 0.3057 0.9814
vt 0.2937 0.9712
vt 0.2937 0.9839
vt 0.2937 0.9814
vt 0.2817 0.9712
vt 0.2817 0.9839
vt 0.2817 0.9819
vt 0.5181 0.2203
vt 0.5166 0.1953
vt 0.5063 0.2081
vt 0.5156 0.1632
vt 0.5132 0.1954
vt 0.5098 0.1912
vt 0.645 0.5464
vt 0.6465 0.5449
vt 0.6318 0.5361
vt 0.6396 0.5527
vt 0.6069 0.5488
vt 0.6187 0.582
vt 0.6265 0.5288
vt 0.6494 0.5093
vt 0.6602 0.5278
vt 0.6685 0.5122
vt 0.6665 0.4968
vt 0.6553 0.4917
vt 0.6436 0.4944
vt 0.6309 0.501
vt 0.6128 0.5161
vt 0.6108 0.5181
vt 0.5801 0.5376
vt 0.5918 0.5581
vt 0.5718 0.5454
vt 0.5576 0.5674
vt 0.5879 0.5898
vt 0.6016 0.6025
vt 0.5864 0.6108
vt 0.5742 0.5747
vt 0.5723 0.5977
vt 0.5664 0.6128
vt 0.5532 0.5835
vt 0.5547 0.6035
vt 0.0977 0.8267
vt 0.0805 0.814
vt 0.0884 0.8242
vt 0.095 0.8281
vt 0.0779 0.8267
vt 0.0656 0.8262
vt 0.0847 0.835
vt 0.0642 0.8257
vt 0.091 0.8452
vt 0.1028 0.8433
vt 0.0948 0.8647
vt 0.0591 0.8398
vt 0.0528 0.8394
vt 0.0511 0.8467
vt 0.0618 0.8574
vt 0.0488 0.8589
vt 0.0547 0.873
vt 0.063 0.8672
vt 0.0661 0.8882
vt 0.0712 0.8877
vt 0.0848 0.9048
vt 0.0829 0.895
vt 0.0909 0.8813
vt 0.0974 0.8848
vt 0.3557 0.3423
vt 0.3689 0.3479
vt 0.3792 0.3464
vt 0.3674 0.3577
vt 0.3777 0.3557
vt 0.2705 0.9595
vt 0.272 0.9482
vt 0.2698 0.9482
vt 0.2683 0.959
vt 0.2278 0.9482
vt 0.2661 0.9702
vt 0.2683 0.937
vt 0.2705 0.9365
vt 0.2642 0.9692
vt 0.259 0.9795
vt 0.2642 0.9272
vt 0.2661 0.9258
vt 0.2576 0.9775
vt 0.2499 0.9863
vt 0.2576 0.9185
vt 0.259 0.917
vt 0.2488 0.9844
vt 0.2489 0.9116
vt 0.2386 0.9888
vt 0.2393 0.9907
vt 0.25 0.9097
vt 0.2278 0.9922
vt 0.2388 0.9077
vt 0.2393 0.9053
vt 0.2278 0.9902
vt 0.2164 0.9907
vt 0.2279 0.9062
vt 0.2279 0.9038
vt 0.2169 0.9888
vt 0.2057 0.9863
vt 0.217 0.9072
vt 0.2164 0.9053
vt 0.2068 0.9844
vt 0.2069 0.9116
vt 0.1981 0.9775
vt 0.1965 0.979
vt 0.2058 0.9097
vt 0.1896 0.9702
vt 0.1981 0.9185
vt 0.1967 0.917
vt 0.1914 0.9692
vt 0.1852 0.9595
vt 0.1915 0.9272
vt 0.1896 0.9258
vt 0.1873 0.959
vt 0.1837 0.9482
vt 0.1873 0.937
vt 0.1852 0.9365
vt 0.1858 0.9482
vn 0.809 -0.438 -0.394
vn -0.285 -0.126 0.95
vn -0.451 -0.057 0.891
vn -0.447 0.462 0.767
vn -0.756 0.651 0.068
vn -0.307 0.321 0.896
vn 0.354 0.619 0.702
vn 0.597 0.535 0.598
vn -0.405 0.878 0.256
vn 0.995 -0.092 -0.038
vn 0.868 -0.473 0.151
vn 0.908 -0.222 0.355
vn -0.632 -0.45 0.631
vn -0.137 -0.154 0.979
vn -0.535 0.021 0.845
vn 0.045 -0.998 0.052
vn 0.279 -0.959 -0.046
vn 0.381 -0.924 0.004
vn 0.868 -0.473 0.151
vn 0.806 -0.191 0.561
vn 0.908 -0.222 0.355
vn 0.122 -0.818 -0.562
vn 0.452 -0.764 -0.46
vn 0.219 -0.02 0.976
vn -0.932 0.361 0.026
vn -0.982 0.147 -0.115
vn -0.833 0.292 0.47
vn -0.702 0.354 0.618
vn -0.768 0.062 0.637
vn -0.818 0.294 0.494
vn -0.22 -0.283 -0.934
vn -0.42 -0.604 -0.677
vn -0.846 -0.479 -0.235
vn -0.203 -0.865 0.459
vn -0.501 -0.347 0.793
vn -0.904 -0.106 0.413
vn 0.143 -0.925 0.351
vn -0.024 -0.802 -0.597
vn 0.623 -0.603 -0.499
vn -0.889 -0.375 0.265
vn -0.819 -0.267 0.507
vn -0.883 -0.022 0.469
vn -0.738 0.14 0.66
vn -0.834 0.356 0.421
vn -0.432 0.895 -0.114
vn -0.339 0.651 0.68
vn -0.594 0.666 0.451
vn -0.592 0.463 0.659
vn -0.702 0.354 0.618
vn -0.602 0.6 0.527
vn -0.546 0.67 0.503
vn 0.091 0.157 0.983
vn 0.361 0.094 0.928
vn 0.35 0.334 0.875
vn -0.055 0.554 0.831
vn -0.542 0.216 0.812
vn -0.002 0.16 0.987
vn -0.5 0.328 0.801
vn -0.321 -0.248 0.914
vn -0.433 0.708 0.559
vn -0.381 0.342 0.859
vn -0.491 0.228 0.841
vn -0.455 0.048 0.889
vn -0.41 -0.396 -0.822
vn -0.768 -0.559 -0.314
vn -0.822 -0.2 -0.534
vn 0.643 0.761 0.085
vn 0.75 0.567 -0.341
vn 0.812 0.516 -0.274
vn -0.391 -0.351 -0.851
vn -0.63 0.623 -0.464
vn -0.517 -0.015 -0.856
vn 0.156 0.041 0.987
vn 0.474 0.047 0.879
vn 0.398 0.085 0.913
vn -0.103 -0.972 -0.209
vn -0.319 -0.88 -0.351
vn -0.476 0.082 -0.876
vn -0.391 -0.351 -0.851
vn -0.453 -0.422 -0.785
vn -0.493 -0.085 -0.866
vn -0.995 0.053 0.091
vn -0.518 -0.416 0.748
vn -0.724 -0.149 0.673
vn 0.007 0.342 -0.939
vn -0.29 0.484 -0.825
vn 0.007 0.753 -0.658
vn 0.5 0.078 0.862
vn 0.608 0.069 0.791
vn 0.605 0.208 0.769
vn 0.747 0.664 -0.036
vn 0.672 0.699 -0.244
vn 0.851 0.462 -0.251
vn 0.808 -0.094 0.583
vn 0.846 -0.45 0.286
vn 0.996 -0.065 0.063
vn -0.661 0.204 0.722
vn -0.727 0.217 0.652
vn -0.856 0.165 0.489
vn -0.727 0.217 0.652
vn -0.661 0.204 0.722
vn -0.649 0.128 0.75
vn -0.107 0.095 0.99
vn -0.488 0.37 0.791
vn -0.37 0.093 0.924
vn 0.904 0.103 0.416
vn 0.977 0.071 0.2
vn 0.878 0.147 0.455
vn -0.488 0.37 0.791
vn -0.36 -0.147 0.921
vn -0.37 0.093 0.924
vn -0.119 -0.403 0.908
vn 0.026 -0.062 0.998
vn -0.458 -0.626 0.631
vn -0.166 -0.393 0.904
vn -0.109 0.029 0.994
vn -0.36 -0.147 0.921
vn -0.451 -0.057 0.891
vn -0.316 -0.405 0.858
vn -0.165 -0.251 0.954
vn 0.809 -0.438 -0.394
vn 0.894 -0.441 0.083
vn -0.285 -0.126 0.95
vn -0.473 -0.259 0.842
vn -0.401 -0.417 0.816
vn 0.73 -0.183 0.658
vn 0.446 -0.354 0.822
vn 0.427 -0.233 0.874
vn -0.234 -0.323 0.917
vn 0.437 -0.515 0.738
vn -0.365 -0.66 -0.657
vn -0.205 -0.181 0.962
vn 0.342 -0.701 0.625
vn -0.218 -0.662 0.718
vn -0.754 0.015 0.656
vn -0.869 0.139 0.476
vn -0.738 0.14 0.66
vn -0.584 -0.501 0.638
vn 0.86 -0.083 0.502
vn 0.653 -0.7 0.289
vn 0.489 0.023 0.872
vn 0.432 -0.444 0.785
vn 0.926 -0.226 0.302
vn 0.173 -0.977 -0.124
vn 0.777 -0.54 -0.323
vn 0.174 -0.271 -0.947
vn 0.099 -0.008 -0.995
vn 0.843 0.024 -0.537
vn 0.173 -0.977 -0.124
vn 0.449 -0.601 -0.661
vn 0.777 -0.54 -0.323
vn 0.453 -0.476 -0.754
vn 0.844 -0.435 -0.315
vn 0.406 -0.48 -0.778
vn 0.955 -0.201 0.221
vn 0.653 -0.7 0.289
vn 0.86 -0.083 0.502
vn 0.489 0.023 0.872
vn 0.83 -0.004 0.558
vn 0.524 0.08 0.848
vn 0.905 -0.264 0.334
vn 0.879 -0.376 -0.292
vn 0.901 -0.177 0.397
vn 0.921 -0.064 0.384
vn 0.576 -0.007 0.818
vn 0.763 -0.383 -0.521
vn 0.606 -0.387 -0.695
vn 0.94 -0.239 -0.242
vn 0.934 -0.226 -0.277
vn 0.715 -0.366 -0.596
vn 0.595 0.066 0.801
vn -0.011 0.178 0.984
vn -0.224 0.446 0.867
vn 0.814 0.056 0.579
vn 0.572 0.149 0.807
vn 0.61 0.198 0.767
vn 0.959 -0.022 0.281
vn 0.931 -0.265 -0.253
vn 0.949 -0.032 0.315
vn 0.831 0.167 0.531
vn 0.516 0.243 0.822
vn 0.647 0.149 0.748
vn 0.953 0.071 0.296
vn 0.883 -0.192 -0.428
vn 0.548 -0.32 -0.773
vn 0.509 -0.097 -0.855
vn 0.875 0.184 0.448
vn 0.993 -0.014 -0.117
vn 0.97 0.202 -0.133
vn 0.891 0.029 -0.454
vn 0.77 0.095 -0.631
vn 0.497 0.001 -0.868
vn 0.961 0.235 0.143
vn 0.912 0.171 -0.373
vn 0.908 0.138 -0.396
vn 0.567 0.009 -0.824
vn 0.642 0.263 0.72
vn 0.028 0.329 0.944
vn 0.308 0.056 0.95
vn 0.954 0.219 0.207
vn 0.964 0.193 0.183
vn 0.623 0.255 0.74
vn 0.58 0.184 0.794
vn 0.876 0.139 -0.461
vn 0.824 0.108 -0.557
vn 0.534 -0.037 -0.845
vn 0.55 -0.065 -0.833
vn 0.952 0.208 -0.224
vn 0.962 0.26 0.079
vn 0.972 0.219 -0.088
vn 0.809 0.058 -0.585
vn 0.476 -0.142 -0.868
vn 0.777 0.158 -0.609
vn 0.862 0.233 0.45
vn 0.761 0.277 0.587
vn 0.4 0.142 0.906
vn 0.938 0.12 -0.327
vn 0.743 0.158 0.651
vn 0.987 0.142 0.077
vn 0.806 0.068 0.588
vn 0.233 0.013 0.972
vn 0.163 -0.014 0.986
vn 0.123 0.102 0.987
vn 0.958 0.171 -0.233
vn 0.546 -0.017 0.838
vn 0.366 -0.056 0.929
vn 0.843 0.188 0.503
vn 0.939 0.209 0.274
vn 0.685 0.106 0.721
vn 0.952 0.302 0.061
vn 0.914 0.161 0.374
vn 0.754 0.167 0.635
vn 0.545 0.041 0.837
vn 0.394 0.213 0.894
vn 0.262 0.017 0.965
vn 0.55 0.568 0.612
vn 0.885 0.359 0.295
vn 0.637 0.715 0.288
vn 0.901 0.433 -0.025
vn 0.724 0.69 -0.008
vn 0.416 0.871 0.262
vn 0.895 0.353 -0.272
vn 0.801 0.501 -0.327
vn 0.743 0.258 -0.618
vn 0.643 0.761 0.085
vn 0.58 0.814 0.024
vn 0.69 0.714 -0.121
vn 0.75 0.567 -0.341
vn 0.706 0.606 -0.366
vn 0.502 0.864 -0.035
vn 0.792 0.245 -0.56
vn 0.656 0.637 -0.405
vn 0.548 -0.168 -0.819
vn 0.607 0.221 -0.763
vn 0.714 0.198 -0.672
vn 0.812 0.516 -0.274
vn 0.802 -0.23 -0.551
vn 0.744 -0.115 -0.658
vn 0.927 -0.308 -0.214
vn 0.792 -0.481 -0.377
vn 0.931 -0.365 0.031
vn 0.749 -0.18 -0.638
vn 0.876 -0.311 -0.368
vn 0.915 -0.341 -0.216
vn 0.699 -0.295 -0.651
vn 0.811 -0.328 -0.484
vn 0.572 -0.023 -0.82
vn 0.669 -0.022 -0.743
vn 0.607 0.221 -0.763
vn 0.082 0.741 0.667
vn 0.106 0.831 0.546
vn 0.328 0.791 0.517
vn 0.086 0.634 0.769
vn 0.219 0.455 0.863
vn 0.026 0.467 0.884
vn -0.124 0.586 0.8
vn 0.597 0.535 0.598
vn 0.354 0.619 0.702
vn 0.104 0.629 0.77
vn -0.661 0.369 0.653
vn -0.66 0.418 0.624
vn -0.589 0.323 0.741
vn 0.316 0.517 0.795
vn -0.469 0.503 0.726
vn 0.345 0.514 0.786
vn -0.389 0.587 0.709
vn 0.323 0.471 0.821
vn -0.5 0.569 0.653
vn -0.628 0.516 0.583
vn -0.356 0.514 0.78
vn -0.789 0.2 0.581
vn 0.146 0.764 0.628
vn 0.354 0.619 0.702
vn -0.405 0.878 0.256
vn -0.329 0.306 0.894
vn -0.124 0.586 0.8
vn -0.661 0.369 0.653
vn -0.556 -0.144 0.818
vn -0.9 0.052 0.433
vn -0.729 -0.394 0.559
vn -0.819 -0.55 -0.16
vn -0.765 -0.633 0.119
vn -0.123 -0.99 0.073
vn -0.435 -0.771 -0.465
vn 0.107 -0.826 -0.554
vn 0.282 -0.708 -0.647
vn -0.554 -0.569 -0.607
vn 0.82 -0.519 -0.241
vn 0.138 -0.753 -0.644
vn -0.465 -0.714 -0.523
vn -0.444 -0.691 -0.57
vn 0.153 -0.735 -0.66
vn -0.488 -0.579 -0.653
vn 0.016 -0.675 -0.738
vn -0.547 -0.484 -0.683
vn -0.058 -0.599 -0.799
vn -0.43 -0.5 -0.752
vn 0.51 -0.592 -0.624
vn 0.515 -0.669 -0.535
vn 0.619 -0.59 -0.519
vn 0.586 -0.702 -0.406
vn 0.807 -0.575 -0.134
vn 0.452 -0.54 -0.71
vn -0.585 -0.045 -0.81
vn 0.476 -0.537 -0.696
vn -0.037 -0.571 -0.82
vn -0.326 -0.42 -0.847
vn 0.127 -0.502 -0.855
vn 0.441 -0.547 -0.711
vn 0.426 -0.427 -0.797
vn 0.703 -0.38 -0.601
vn 0.237 -0.817 0.525
vn 0.389 -0.16 0.907
vn 0.266 -0.767 0.584
vn 0.451 -0.679 0.58
vn 0.451 -0.679 0.58
vn 0.266 -0.767 0.584
vn 0.673 -0.545 0.499
vn -0.071 -0.977 0.202
vn 0.846 -0.182 0.501
vn 0.977 -0.178 0.116
vn 0.827 -0.46 -0.322
vn 0.941 0.01 -0.338
vn 0.577 -0.189 -0.795
vn -0.061 -0.991 -0.122
vn 0.179 -0.356 -0.917
vn -0.276 -0.146 -0.95
vn -0.116 -0.993 0.025
vn -0.315 -0.934 -0.17
vn -0.161 -0.977 0.14
vn -0.257 -0.966 -0.006
vn -0.698 -0.242 -0.674
vn -0.714 -0.514 -0.475
vn -0.902 -0.332 -0.275
vn -0.7 -0.712 -0.049
vn -0.955 -0.284 -0.084
vn -0.599 -0.554 0.579
vn -0.814 -0.194 0.547
vn 0.46 0.031 0.888
vn 0.275 -0.088 0.958
vn 0.237 -0.817 0.525
vn 0.389 -0.16 0.907
vn 0.18 0.461 -0.869
vn -0.033 0.51 -0.86
vn 0.186 0.389 -0.902
vn -0.152 0.707 -0.69
vn 0.124 0.588 -0.799
vn -0.283 0.855 -0.435
vn -0.047 0.835 -0.547
vn 0.023 0.678 -0.734
vn -0.184 0.881 -0.435
vn -0.008 0.597 -0.802
vn -0.24 0.812 -0.533
vn -0.301 0.936 -0.182
vn -0.374 0.926 -0.059
vn -0.433 0.892 -0.128
vn -0.341 0.939 0.026
vn -0.505 0.846 0.172
vn -0.418 0.866 0.275
vn -0.584 0.799 0.141
vn -0.546 0.67 0.503
vn -0.602 0.6 0.527
vn -0.619 0.657 0.43
vn -0.634 0.373 -0.677
vn -0.639 0.395 -0.66
vn -0.376 0.372 -0.849
vn -0.247 0.342 -0.907
vn 0.07 0.298 -0.952
vn 0.079 0.25 -0.965
vn 0.39 0.135 -0.911
vn -0.499 0.335 -0.799
vn -0.099 0.333 -0.938
vn 0.354 0.175 -0.919
vn -0.25 0.313 -0.916
vn -0.258 0.311 -0.915
vn -0.642 0.25 -0.725
vn -0.227 0.388 -0.893
vn -0.16 0.517 -0.841
vn 0.125 0.327 -0.937
vn 0.222 0.343 -0.913
vn 0.329 0.051 -0.943
vn 0.007 0.342 -0.939
vn 0.703 -0.105 -0.704
vn 0.671 0.02 -0.741
vn 0.473 0.116 -0.873
vn 0.45 0.162 -0.878
vn 0.793 -0.052 -0.607
vn 0.774 -0.062 -0.63
vn 0.758 -0.144 -0.636
vn 0.333 0.126 -0.935
vn 0.732 -0.155 -0.664
vn 0.376 0.04 -0.926
vn -0.186 0.229 -0.956
vn 0.583 -0.18 -0.792
vn -0.1 0.103 -0.99
vn -0.449 0.317 -0.835
vn 0.224 -0.182 -0.958
vn -0.377 -0.131 -0.917
vn -0.326 -0.42 -0.847
vn 0.127 -0.502 -0.855
vn 0.426 -0.427 -0.797
vn 0.703 -0.38 -0.601
vn -0.522 0.783 -0.339
vn -0.548 0.737 -0.396
vn -0.432 0.901 0.021
vn -0.291 0.956 -0.036
vn -0.449 0.857 -0.252
vn -0.328 0.943 -0.05
vn -0.136 0.978 0.162
vn -0.088 0.974 0.207
vn -0.299 0.911 0.284
vn -0.523 0.851 0.039
vn -0.223 0.679 0.7
vn -0.837 0.523 0.161
vn 0.161 0.84 0.518
vn 0.129 0.599 0.791
vn 0.458 0.332 0.825
vn -0.297 0.858 0.418
vn -0.468 0.877 -0.106
vn -0.123 0.881 0.456
vn 0.48 0.473 0.739
vn -0.013 0.782 0.623
vn 0.46 0.031 0.888
vn -0.599 -0.554 0.579
vn -0.502 0.853 -0.142
vn -0.536 0.69 -0.486
vn -0.483 0.73 -0.484
vn -0.176 -0.702 -0.69
vn 0.15 -0.481 -0.864
vn 0.087 -0.757 -0.647
vn -0.04 -0.919 -0.392
vn 0.41 -0.803 -0.433
vn 0.561 -0.353 -0.749
vn -0.349 -0.611 -0.71
vn -0.045 -0.488 -0.872
vn 0.015 -0.935 -0.355
vn 0.769 -0.536 -0.349
vn -0.412 -0.008 -0.911
vn 0.222 0.063 -0.973
vn -0.318 -0.012 -0.948
vn 0.028 0.023 -1
vn -0.473 -0.006 -0.881
vn 0.125 0.033 -0.992
vn -0.475 -0.042 -0.879
vn -0.499 -0.068 -0.864
vn 0.146 -0.108 -0.983
vn -0.582 -0.054 -0.812
vn -0.824 -0.017 -0.567
vn -0.719 -0.316 -0.619
vn -0.975 -0.111 -0.192
vn -0.783 -0.597 -0.172
vn -0.989 -0.047 -0.143
vn -0.908 -0.407 0.096
vn -0.979 0.041 0.197
vn -0.926 0.111 0.36
vn -0.863 -0.3 0.407
vn -0.849 -0.117 0.515
vn -0.886 0.053 0.461
vn -0.924 0.033 0.382
vn -0.977 -0.083 0.197
vn -0.88 -0.063 -0.47
vn -0.91 -0.078 0.408
vn -0.833 0.027 0.553
vn 0.208 -0.142 0.968
vn 0.433 -0.038 0.9
vn -0.493 0.212 0.844
vn -0.389 0.11 0.915
vn -0.86 -0.016 0.511
vn -0.848 -0.141 0.512
vn -0.379 -0.121 0.917
vn -0.473 -0.207 0.856
vn -0.975 -0.136 0.177
vn -0.877 -0.132 0.461
vn -0.845 -0.2 0.497
vn -0.865 -0.196 0.462
vn -0.822 -0.22 0.525
vn -0.223 -0.197 0.955
vn -0.039 -0.237 0.971
vn -0.857 -0.199 0.475
vn -0.816 -0.292 0.498
vn 0.083 -0.238 0.968
vn -0.897 -0.195 0.396
vn -0.724 -0.352 0.593
vn 0.112 -0.193 0.975
vn -0.792 -0.337 0.508
vn -0.617 -0.307 0.725
vn -0.538 -0.294 0.791
vn -0.554 -0.262 0.791
vn -0.891 -0.292 0.347
vn -0.911 -0.219 0.351
vn -0.977 -0.17 0.129
vn -0.992 -0.125 0.016
vn -0.995 -0.1 0.027
vn -0.885 -0.099 -0.454
vn -0.855 -0.118 -0.505
vn -0.551 -0.033 -0.834
vn -0.417 -0.005 -0.909
vn -0.874 -0.072 -0.481
vn -0.988 -0.15 -0.041
vn -0.72 0.057 -0.692
vn -0.487 0.09 -0.869
vn -0.898 -0.011 -0.44
vn -0.872 -0.106 -0.478
vn -0.525 0.099 -0.846
vn -0.47 0.033 -0.882
vn -0.954 -0.298 -0.029
vn -0.813 0.004 -0.583
vn -0.442 0.183 -0.878
vn -0.763 -0.006 -0.646
vn -0.419 0.093 -0.903
vn -0.404 -0.072 -0.912
vn -0.966 -0.205 -0.157
vn -0.888 -0.339 0.31
vn -0.736 -0.15 -0.661
vn -0.722 -0.187 -0.667
vn -0.423 -0.099 -0.901
vn -0.893 -0.187 -0.409
vn -0.938 -0.132 -0.322
vn -0.988 -0.139 0.072
vn -0.951 -0.266 0.155
vn -0.846 -0.364 0.39
vn -0.963 -0.232 -0.139
vn -0.762 -0.343 0.55
vn -0.909 -0.338 0.244
vn -0.858 -0.302 0.415
vn -0.505 -0.237 0.83
vn -0.961 -0.27 0.059
vn -0.965 -0.262 -0.011
vn -0.9 -0.245 -0.36
vn -0.884 -0.272 -0.381
vn -0.894 -0.258 0.368
vn -0.626 -0.21 0.75
vn -0.89 -0.242 0.386
vn -0.638 -0.194 0.745
vn -0.96 -0.279 -0.004
vn -0.904 -0.279 0.323
vn -0.952 -0.304 -0.044
vn -0.752 -0.253 0.608
vn -0.55 -0.172 0.817
vn -0.896 -0.338 0.286
vn -0.643 -0.312 0.7
vn -0.519 -0.195 0.833
vn -0.789 -0.354 0.503
vn -0.942 -0.334 -0.035
vn -0.927 -0.36 0.108
vn -0.87 -0.293 -0.396
vn -0.62 -0.262 -0.739
vn -0.868 -0.418 0.27
vn -0.634 -0.324 0.702
vn -0.7 -0.228 -0.677
vn -0.551 -0.171 -0.817
vn -0.358 -0.125 -0.925
vn -0.396 -0.213 -0.893
vn -0.692 -0.454 0.561
vn -0.445 -0.351 0.824
vn -0.309 -0.593 0.744
vn -0.343 -0.45 0.824
vn -0.429 -0.738 0.521
vn -0.891 -0.416 0.182
vn 0.02 -0.711 0.702
vn -0.934 -0.344 -0.103
vn 0.026 -0.958 0.284
vn -0.937 -0.25 -0.245
vn -0.914 -0.294 -0.281
vn -0.913 -0.285 -0.291
vn -0.218 -0.953 -0.21
vn -0.805 -0.322 -0.498
vn -0.746 -0.381 -0.546
vn -0.612 -0.637 -0.469
vn 0.015 -0.935 -0.355
vn -0.544 -0.34 -0.767
vn -0.334 -0.356 -0.873
vn -0.487 -0.57 -0.662
vn -0.349 -0.611 -0.71
vn -0.523 0.851 0.039
vn -0.432 0.901 0.021
vn -0.548 0.737 -0.396
vn -0.483 0.73 -0.484
vn -0.468 0.877 -0.106
vn -0.511 0.294 -0.808
vn -0.536 0.69 -0.486
vn -0.57 0.313 -0.759
vn -0.522 0.783 -0.339
vn -0.669 0.292 -0.683
vn -0.311 -0.725 -0.615
vn -0.451 -0.757 -0.472
vn -0.61 -0.72 -0.333
vn -0.761 0.344 -0.55
vn -0.449 0.857 -0.252
vn -0.841 0.442 -0.313
vn -0.328 0.943 -0.05
vn -0.737 -0.671 -0.086
vn -0.837 0.523 0.161
vn -0.812 -0.497 0.308
vn -0.356 -0.324 0.876
vn -0.223 0.679 0.7
vn -0.476 0.082 -0.876
vn -0.103 -0.972 -0.209
vn -0.481 0.283 -0.83
vn -0.714 -0.514 -0.475
vn -0.502 0.853 -0.142
vn -0.7 -0.712 -0.049
vn -0.599 -0.554 0.579
vn -0.297 0.858 0.418
vn -0.4 0.029 -0.916
vn -0.271 -0.689 -0.671
vn -0.319 -0.88 -0.351
vn -0.465 0.233 -0.854
vn -0.294 0.119 -0.948
vn -0.5 0.314 -0.807
vn -0.257 -0.966 -0.006
vn -0.315 -0.934 -0.17
vn 0.241 0.105 0.965
vn 0.313 0.049 0.949
vn 0.499 0.081 0.863
vn 0.427 0.17 0.888
vn 0.179 0.121 0.977
vn 0.594 0.109 0.797
vn 0.605 0.208 0.769
vn 0.5 0.078 0.862
vn 0.344 0.075 0.936
vn 0.35 0.334 0.875
vn 0.361 0.094 0.928
vn 0.608 0.069 0.791
vn 0.562 -0.065 0.825
vn 0.396 -0.015 0.918
vn 0.613 0.001 0.79
vn 0.758 -0.03 0.651
vn 0.518 -0.092 0.851
vn 0.255 -0.003 0.967
vn 0.741 0.065 0.668
vn 0.753 0.152 0.639
vn 0.907 0.02 0.42
vn 0.582 0.2 0.788
vn 0.433 0.251 0.866
vn 0.342 0.191 0.92
vn 0.45 -0.438 0.778
vn 0.638 -0.009 0.77
vn 0.808 -0.094 0.583
vn 0.804 0.04 0.593
vn 0.936 -0.054 0.347
vn 0.846 -0.45 0.286
vn 0.996 -0.065 0.063
vn 0.916 -0.009 0.401
vn 0.983 -0.169 -0.072
vn 0.993 -0.098 -0.069
vn 0.936 0.211 0.283
vn 0.771 0.246 0.588
vn 0.509 -0.078 0.857
vn 0.462 0.158 0.873
vn 0.562 0.118 0.819
vn 0.356 0.065 0.932
vn 0.474 0.047 0.879
vn 0.812 0.046 0.583
vn 0.156 0.041 0.987
vn 0.922 0.144 0.36
vn 0.979 0.146 0.141
vn 0.995 0.088 -0.055
vn 0.997 0.046 0.061
vn 0.987 0.018 -0.159
vn 0.704 0.081 0.706
vn 0.398 0.085 0.913
vn 0.344 0.065 0.937
vn 0.745 0.119 0.657
vn 0.974 0.195 0.117
vn 0.934 -0.021 0.356
vn 0.342 0.085 0.936
vn 0.971 -0.057 -0.233
vn 0.526 0.084 0.846
vn 0.774 0.088 0.627
vn 0.418 0.039 0.908
vn 0.502 -0.02 0.864
vn 0.944 -0.12 -0.306
vn 0.978 0.009 0.208
vn 0.931 0.175 0.321
vn 0.986 0.159 -0.056
vn 0.967 0.143 -0.212
vn 0.989 0.112 0.098
vn 0.963 0.068 -0.261
vn 0.91 0.138 -0.392
vn 0.905 0.132 -0.404
vn 0.944 0.071 -0.322
vn 0.828 0 -0.561
vn 0.829 -0.111 -0.549
vn 0.774 0.237 -0.587
vn 0.566 0.184 -0.803
vn 0.645 0.251 -0.722
vn 0.692 0.17 -0.701
vn 0.803 0.094 -0.588
vn 0.863 0.097 -0.497
vn 0.959 0.191 -0.207
vn 0.848 -0.031 -0.53
vn 0.657 -0.052 -0.752
vn 0.6 -0.242 -0.763
vn 0.643 -0.178 -0.745
vn 0.833 -0.16 -0.529
vn 0.596 -0.269 -0.757
vn 0.944 -0.129 -0.303
vn 0.819 -0.269 -0.507
vn 0.996 -0.084 0.031
vn 0.799 -0.312 -0.515
vn 0.552 -0.269 -0.79
vn 0.938 -0.197 -0.284
vn 0.938 -0.278 -0.209
vn 0.811 -0.328 -0.484
vn 0.575 -0.312 -0.756
vn 0.886 -0.036 0.462
vn 0.935 -0.304 -0.183
vn 0.915 -0.341 -0.216
vn 0.977 -0.181 0.116
vn 0.962 -0.16 0.219
vn 0.885 -0.121 0.45
vn 0.948 -0.167 0.27
vn 0.907 -0.159 0.391
vn 0.967 -0.236 0.095
vn 0.96 -0.228 0.164
vn 0.931 -0.365 0.031
vn 0.748 -0.112 0.654
vn -0.615 -0.697 -0.368
vn 0.398 -0.797 -0.454
vn 0.792 -0.481 -0.377
vn 0.791 -0.15 0.594
vn 0.646 -0.145 0.749
vn 0.642 -0.144 0.753
vn 0.442 -0.092 0.893
vn 0.654 -0.081 0.752
vn 0.34 0.005 0.94
vn 0.103 0.06 0.993
vn 0.557 -0.069 0.828
vn 0.267 -0.263 0.927
vn 0.428 -0.354 0.832
vn 0.818 -0.168 0.55
vn 0.643 -0.336 0.689
vn 0.735 -0.423 0.531
vn 0.442 -0.525 0.727
vn 0.238 -0.142 0.961
vn 0.076 -0.733 0.676
vn -0.572 -0.752 0.327
vn 0.88 -0.291 0.374
vn 0.111 0.206 0.972
vn -0.573 0.297 0.764
vn -0.671 0.296 0.68
vn 0.114 0.229 0.967
vn 0.489 0.023 0.872
vn 0.524 0.08 0.848
vn -0.633 0.106 0.767
vn 0.576 -0.007 0.818
vn 0.108 -0.006 0.994
vn -0.011 0.178 0.984
vn 0.503 -0.794 -0.341
vn 0.699 -0.205 -0.685
vn 0.563 -0.216 -0.798
vn 0.837 -0.547 -0.001
vn 0.13 -0.936 0.328
vn 0.484 -0.617 0.621
vn 0.771 -0.629 0.101
vn 0.883 -0.261 0.39
vn 0.936 -0.345 0.068
vn 0.915 -0.189 0.357
vn 0.714 -0.421 0.559
vn 0.958 -0.204 0.2
vn 0.703 -0.63 0.331
vn 0.836 -0.408 0.366
vn 0.951 -0.308 0.009
vn 0.839 -0.295 0.456
vn 0.164 -0.258 0.952
vn 0.807 -0.093 -0.584
vn 0.637 -0.757 0.146
vn 0.833 -0.439 -0.336
vn 0.695 -0.672 0.255
vn 0.623 -0.603 -0.499
vn 0.143 -0.925 0.351
vn 0.395 -0.918 -0.024
vn 0.446 -0.354 0.822
vn 0.342 -0.701 0.625
vn 0.73 -0.183 0.658
vn 0.826 0.029 0.563
vn 0.592 0.093 0.8
vn 0.427 -0.233 0.874
vn 0.962 -0.024 0.273
vn 0.397 -0.17 0.902
vn 0.437 -0.515 0.738
vn 0.854 -0.51 -0.101
vn 0.484 -0.65 0.586
vn 0.232 0.246 0.941
vn 0.449 0.305 0.84
vn 0.747 0.239 0.621
vn 0.265 -0.059 0.962
vn 0.432 -0.444 0.785
vn 0.926 -0.226 0.302
vn 0.843 0.024 -0.537
vn 0.173 -0.977 -0.124
vn 0.972 -0.057 -0.228
vn 0.099 -0.008 -0.995
vn 0.98 -0.157 -0.123
vn 0.647 -0.061 -0.76
vn 0.562 0.029 -0.827
vn 0.531 0.069 -0.845
vn 0.796 -0.401 -0.454
vn 0.322 -0.938 -0.132
vn 0.429 -0.384 -0.818
vn 0.75 -0.397 -0.53
vn 0.876 -0.295 -0.381
vn 0.742 -0.567 -0.358
vn 0.522 -0.625 -0.581
vn 0.452 -0.764 -0.46
vn 0.437 -0.777 -0.452
vn 0.203 -0.802 -0.562
vn 0.122 -0.818 -0.562
vn 0.205 -0.93 -0.305
vn 0.089 -0.738 -0.668
vn -0.162 -0.184 0.969
vn 0.219 -0.02 0.976
vn -0.479 -0.531 0.699
vn -0.561 -0.718 -0.413
vn -0.283 -0.815 -0.506
vn -0.01 -0.903 -0.429
vn 0.036 -0.996 -0.078
vn 0.391 -0.535 0.749
vn -0.056 -0.652 0.756
vn -0.191 -0.977 -0.097
vn -0.545 -0.811 -0.21
vn -0.451 -0.521 0.725
vn -0.904 -0.106 0.413
vn -0.422 0.07 0.904
vn -0.561 0.223 0.797
vn -0.535 0.021 0.845
vn -0.5 0.328 0.801
vn -0.137 -0.154 0.979
vn -0.673 0.407 0.617
vn -0.722 0.314 0.616
vn -0.632 -0.45 0.631
vn 0.015 0.499 0.867
vn 0.751 0.142 0.645
vn 0.545 -0.677 0.494
vn -0.137 -0.154 0.979
vn 0.058 0.475 0.878
vn -0.231 0.511 0.828
vn -0.462 0.205 0.863
vn -0.458 -0.626 0.631
vn 0.108 0.062 0.992
vn 0.026 -0.062 0.998
vn 0.543 -0.395 0.741
vn -0.133 -0.121 0.984
vn 0.024 -0.814 0.58
vn -0.463 -0.393 0.794
vn -0.68 -0.177 0.711
vn -0.428 0.317 0.846
vn -0.677 0.053 0.734
vn -0.883 0.127 0.452
vn -0.809 -0.206 0.551
vn -0.083 0.318 0.945
vn -0.119 -0.403 0.908
vn 0.125 0.365 0.922
vn 0.148 0.329 0.933
vn 0.253 0.233 0.939
vn 0.059 0.122 0.991
vn 0.26 -0.352 0.899
vn 0.558 0.295 0.776
vn 0.442 0.404 0.801
vn 0.268 0.271 0.924
vn 0.632 0.31 0.71
vn -0.028 0.227 0.974
vn 0.513 0.274 0.813
vn -0.18 0.363 0.914
vn 0.004 0.038 1
vn 0.414 0.546 0.728
vn 0.16 0.809 0.566
vn -0.298 0.12 0.947
vn -0.376 -0.4 0.836
vn -0.5 0.16 0.851
vn -0.272 -0.609 0.745
vn -0.647 0.199 0.736
vn -0.705 -0.049 0.708
vn -0.559 -0.049 0.828
vn -0.217 -0.29 0.932
vn -0.518 -0.416 0.748
vn -0.724 -0.149 0.673
vn -0.595 0.408 0.692
vn -0.363 0.485 0.795
vn -0.395 0.334 0.855
vn -0.511 0.256 0.821
vn -0.18 0.238 0.955
vn -0.381 0.138 0.914
vn -0.696 -0.113 0.708
vn -0.826 0.127 0.548
vn -0.247 -0.616 0.748
vn -0.859 0.07 0.507
vn -0.429 0.091 -0.899
vn -0.257 0.715 -0.649
vn -0.65 0.695 -0.308
vn -0.935 0.059 -0.349
vn -0.827 -0.095 -0.554
vn 0.427 0.17 0.888
vn 0.342 0.191 0.92
vn 0.179 0.121 0.977
vn 0.45 -0.438 0.778
vn 0.266 -0.267 0.926
vn -0.018 0.03 1
vn 0.048 -0.322 0.945
vn 0.241 0.105 0.965
vn -0.389 -0.503 0.771
vn -0.009 0.09 0.996
vn 0.313 0.049 0.949
vn -0.135 -0.037 0.99
vn -0.559 -0.19 0.807
vn -0.109 0.029 0.994
vn -0.451 -0.057 0.891
vn -0.107 0.095 0.99
vn -0.36 -0.147 0.921
vn -0.051 0.112 0.993
vn -0.37 0.093 0.924
vn -0.4 0.071 0.914
vn -0.107 0.095 0.99
vn -0.141 0.048 0.989
vn -0.007 0.089 0.996
vn -0.53 0.075 0.845
vn -0.285 -0.126 0.95
vn -0.403 0.119 0.907
vn -0.078 0.026 0.997
vn -0.555 0.114 0.824
vn -0.585 0.172 0.793
vn -0.529 0.015 0.848
vn -0.401 -0.417 0.816
vn -0.616 0.068 0.785
vn -0.665 -0.287 0.689
vn -0.655 0.12 0.746
vn -0.649 0.128 0.75
vn -0.661 0.204 0.722
vn -0.602 0.178 0.779
vn -0.504 0.248 0.828
vn -0.441 0.146 0.885
vn -0.051 0.112 0.993
vn 0.115 -0.223 0.968
vn -0.055 0.554 0.831
vn -0.542 0.216 0.812
vn -0.507 0.218 0.834
vn -0.583 0.172 0.793
vn -0.443 0.284 0.85
vn -0.417 0.213 0.883
vn -0.095 0.115 0.989
vn -0.002 0.16 0.987
vn 0.03 0.144 0.989
vn -0.094 0.191 0.977
vn -0.367 0.28 0.887
vn -0.491 0.228 0.841
vn -0.532 0.214 0.819
vn -0.381 0.342 0.859
vn -0.541 0.26 0.8
vn -0.648 0.232 0.726
vn -0.673 0.11 0.731
vn -0.754 0.125 0.646
vn -0.707 0.196 0.68
vn -0.671 0.29 0.682
vn -0.205 0.319 0.925
vn -0.179 0.281 0.943
vn -0.107 0.151 0.983
vn -0.12 0.263 0.958
vn -0.066 0.202 0.977
vn -0.144 0.217 0.965
vn 0.012 0.1 0.995
vn -0.052 0.17 0.984
vn 0.072 0.083 0.994
vn 0.032 0.115 0.993
vn 0.206 0.09 0.974
vn 0.091 0.157 0.983
vn 0.361 0.094 0.928
vn 0.396 -0.015 0.918
vn 0.156 0.076 0.985
vn 0.35 0.334 0.875
vn 0.344 0.075 0.936
vn 0.499 0.081 0.863
vn 0.222 0.008 0.975
vn 0.255 -0.003 0.967
vn 0.118 0.096 0.988
vn 0.442 -0.092 0.893
vn 0.518 -0.092 0.851
vn 0.34 0.005 0.94
vn 0.144 0.124 0.982
vn 0.103 0.06 0.993
vn 0.033 0.127 0.991
vn 0.069 0.152 0.986
vn 0.159 0.015 0.987
vn -0.009 0.32 0.947
vn -0.095 0.314 0.945
vn 0.026 0.467 0.884
vn 0.086 0.634 0.769
vn -0.068 0.646 0.76
vn 0.306 0.366 0.879
vn 0.098 0.52 0.849
vn -0.047 0.372 0.927
vn -0.113 0.506 0.855
vn -0.184 0.229 0.956
vn -0.022 0.078 0.997
vn 0.061 0.194 0.979
vn -0.042 -0.052 0.998
vn 0.394 0.213 0.894
vn 0.318 0.535 0.783
vn 0.55 0.568 0.612
vn 0.262 0.017 0.965
vn 0.014 -0.218 0.976
vn 0.105 -0.239 0.965
vn 0.366 -0.056 0.929
vn -0.02 -0.097 0.995
vn 0.233 0.013 0.972
vn -0.235 -0.493 0.837
vn -0.245 -0.265 0.933
vn -0.33 -0.097 0.939
vn -0.408 -0.382 0.829
vn -0.787 -0.306 0.537
vn -0.852 -0.248 0.462
vn -0.819 -0.28 0.5
vn -0.229 -0.141 0.963
vn -0.92 -0.214 0.327
vn 0.163 -0.014 0.986
vn -0.332 -0.098 0.938
vn 0.123 0.102 0.987
vn -0.474 0.024 0.88
vn 0.223 -0.487 0.845
vn 0.076 -0.733 0.676
vn 0.442 -0.525 0.727
vn 0.238 -0.142 0.961
vn 0.135 -0.197 0.971
vn 0.267 -0.263 0.927
vn 0.557 -0.069 0.828
vn 0.428 -0.354 0.832
vn 0.102 0.242 0.965
vn 0.58 0.184 0.794
vn 0.4 0.142 0.906
vn 0.623 0.255 0.74
vn -0.417 0.111 0.902
vn -0.628 -0.102 0.771
vn -0.707 -0.028 0.707
vn 0.083 0.404 0.911
vn 0.642 0.263 0.72
vn -0.776 0.532 0.339
vn 0.095 -0.873 -0.479
vn 0.236 -0.945 0.227
vn -0.548 -0.581 -0.602
vn -0.349 -0.511 -0.786
vn 0.065 -0.229 -0.971
vn -0.582 -0.284 -0.762
vn -0.391 -0.351 -0.851
vn -0.453 -0.422 -0.785
vn -0.576 0.182 0.797
vn -0.722 0.122 0.681
vn -0.86 -0.03 0.509
vn -0.771 -0.585 0.25
vn -0.913 -0.401 -0.08
vn -0.483 0.052 0.874
vn -0.451 -0.521 0.725
vn -0.191 -0.977 -0.097
vn -0.545 -0.811 -0.21
vn -0.927 0.111 0.357
vn -0.727 0.258 0.636
vn -0.845 0.074 0.529
vn -0.707 -0.651 -0.277
vn -0.283 -0.815 -0.506
vn -0.561 -0.718 -0.413
vn -0.812 -0.462 -0.358
vn -0.984 -0.158 -0.079
vn -0.982 -0.1 -0.16
vn -0.959 0.04 0.28
vn -0.93 -0.089 -0.356
vn -1 -0.018 0.03
vn -0.958 0.007 0.286
vn -0.869 -0.154 0.471
vn -0.729 0.1 0.678
vn -0.938 0.03 0.344
vn -0.957 0.084 0.279
vn -0.913 0.02 0.407
vn -0.883 0.127 0.452
vn -0.677 0.053 0.734
vn -0.809 -0.206 0.551
vn -0.904 -0.106 0.413
vn -0.422 0.07 0.904
vn -0.537 0.202 0.819
vn -0.937 -0.022 0.349
vn -0.967 -0.099 0.233
vn -0.924 -0.061 0.377
vn -0.975 -0.168 0.144
vn -0.973 -0.2 -0.115
vn -0.977 0.15 0.151
vn -0.983 -0.12 0.141
vn -0.829 -0.211 0.518
vn -0.973 -0.23 -0.032
vn -0.762 -0.009 0.647
vn -0.992 -0.122 0.032
vn -0.965 -0.101 0.241
vn -0.877 -0.026 0.479
vn -0.887 -0.18 -0.424
vn -0.941 0.021 -0.338
vn -0.839 -0.53 0.12
vn -0.846 -0.479 -0.235
vn -0.991 -0.129 -0.024
vn -0.971 0.002 -0.24
vn -0.923 -0.307 -0.231
vn -0.834 -0.21 -0.51
vn -0.994 0 0.112
vn -0.948 -0.196 0.25
vn -0.922 0.011 -0.387
vn -0.996 -0.043 -0.077
vn -0.894 -0.118 0.433
vn -0.855 -0.486 -0.178
vn -0.22 -0.283 -0.934
vn -0.931 -0.362 -0.045
vn -0.916 -0.1 -0.389
vn -0.843 -0.401 -0.359
vn -0.989 -0.139 -0.048
vn -0.912 -0.246 -0.328
vn -0.936 -0.004 -0.352
vn -0.997 -0.01 -0.084
vn -0.758 -0.228 -0.61
vn -0.866 -0.178 -0.468
vn -0.775 -0.008 -0.632
vn -0.644 -0.306 -0.701
vn -0.651 -0.431 -0.625
vn -0.598 -0.184 -0.78
vn -0.57 0.022 -0.821
vn -0.379 -0.108 -0.919
vn -0.754 0.248 -0.608
vn -0.464 -0.313 -0.829
vn -0.322 -0.265 -0.909
vn -0.342 -0.422 -0.84
vn -0.394 0.224 -0.892
vn -0.598 -0.287 -0.748
vn -0.581 0.126 -0.804
vn -0.251 -0.186 -0.95
vn -0.811 0.115 -0.573
vn -0.454 0.342 -0.823
vn -0.176 0.984 -0.023
vn 0.114 0.99 0.079
vn -0.923 0.073 -0.378
vn -0.943 0.319 -0.095
vn -0.811 0.415 0.412
vn -0.744 -0.187 0.642
vn -0.288 0.765 0.577
vn -0.058 0.755 0.653
vn 0.194 0.481 0.854
vn 0.497 0.508 0.703
vn 0.226 0.771 0.594
vn -0.055 0.86 0.507
vn -0.132 0.794 0.593
vn -0.196 0.635 0.748
vn -0.202 0.616 0.762
vn 0.08 0.47 0.879
vn -0.349 0.608 0.712
vn 0.219 0.455 0.863
vn 0.082 0.741 0.667
vn 0.106 0.831 0.546
vn 0.33 0.872 0.361
vn 0.049 0.879 0.473
vn 0.121 0.915 0.386
vn 0.331 0.897 0.293
vn 0.629 0.777 0.023
vn 0.613 0.789 -0.042
vn 0.437 0.898 0.06
vn 0.504 0.745 0.437
vn 0.53 0.8 0.28
vn 0.637 0.766 -0.087
vn -0.111 0.97 0.214
vn 0.615 0.698 0.367
vn 0.193 0.885 0.423
vn 0.358 0.715 0.601
vn -0.036 0.994 0.102
vn 0.052 0.997 0.058
vn 0.756 0.492 0.432
vn 0.205 0.702 0.683
vn 0.133 0.725 0.676
vn -0.15 0.84 0.521
vn -0.298 0.846 0.441
vn -0.177 0.722 0.669
vn 0.314 0.949 0.04
vn -0.224 0.875 0.43
vn 0.099 0.99 -0.096
vn 0.083 0.992 -0.094
vn 0.522 0.685 -0.509
vn 0.281 0.9 -0.334
vn -0.116 0.786 0.607
vn -0.277 0.693 0.665
vn 0.134 0.94 -0.314
vn -0.017 0.999 -0.052
vn 0.407 0.649 -0.643
vn -0.03 0.994 -0.106
vn -0.176 0.984 -0.023
vn 0.43 0.458 -0.778
vn 0.662 0.581 -0.474
vn 0.31 0.383 -0.87
vn 0.097 0.676 -0.731
vn 0.178 0.85 -0.495
vn 0.186 0.444 -0.876
vn -0.15 0.788 -0.597
vn -0.15 0.58 -0.801
vn -0.21 0.789 -0.578
vn -0.158 0.984 -0.084
vn -0.461 0.886 0.045
vn 0.114 0.99 0.079
vn -0.598 0.798 0.079
vn -0.943 0.319 -0.095
vn -0.811 0.415 0.412
vn -0.626 0.764 0.157
vn -0.288 0.765 0.577
vn -0.683 0.665 -0.303
vn -0.372 0.715 0.592
vn -0.73 0.589 0.346
vn -0.046 0.774 0.631
vn -0.324 0.551 0.769
vn -0.26 0.597 0.759
vn -0.503 0.546 0.669
vn -0.477 0.271 0.836
vn -0.049 0.559 0.828
vn -0.436 0.241 0.867
vn -0.653 0.733 0.19
vn -0.331 0.943 -0.026
vn -0.349 0.904 0.248
vn -0.453 0.872 -0.188
vn -0.368 0.844 0.389
vn -0.483 0.738 0.472
vn -0.375 0.69 -0.618
vn -0.236 0.325 -0.916
vn -0.501 0.74 -0.449
vn -0.389 0.92 -0.036
vn -0.473 0.878 0.077
vn -0.483 0.828 0.286
vn -0.606 0.733 0.309
vn -0.369 0.768 0.523
vn -0.781 0.5 0.375
vn -0.464 0.646 0.606
vn -0.479 0.643 0.598
vn -0.339 0.651 0.68
vn -0.592 0.463 0.659
vn -0.059 0.636 0.77
vn -0.48 0.469 0.742
vn -0.278 0.626 0.729
vn -0.471 0.425 0.773
vn -0.557 0.496 0.666
vn -0.304 0.546 0.78
vn -0.262 0.61 0.748
vn -0.535 0.485 0.692
vn -0.407 0.365 0.837
vn -0.318 0.452 0.833
vn -0.475 0.627 0.617
vn -0.678 0.46 0.573
vn -0.594 0.666 0.451
vn 0.548 -0.168 -0.819
vn 0.777 0.158 -0.609
vn 0.743 0.258 -0.618
vn 0.476 -0.142 -0.868
vn -0.099 -0.386 -0.917
vn 0.802 -0.23 -0.551
vn 0.792 -0.481 -0.377
vn -0.092 -0.242 -0.966
vn 0.55 -0.065 -0.833
vn -0.035 -0.239 -0.971
vn 0.534 -0.037 -0.845
vn 0.109 -0.189 -0.976
vn -0.521 -0.371 -0.769
vn -0.537 -0.37 -0.759
vn 0.567 0.009 -0.824
vn -0.492 -0.34 -0.801
vn 0.044 -0.186 -0.981
vn -0.481 -0.339 -0.808
vn 0.497 0.001 -0.868
vn -0.067 -0.188 -0.98
vn -0.439 -0.249 -0.863
vn 0.161 -0.138 -0.978
vn 0.509 -0.097 -0.855
vn -0.17 -0.3 -0.938
vn -0.346 -0.302 -0.888
vn 0.222 -0.39 -0.894
vn -0.241 -0.283 -0.929
vn 0.208 -0.3 -0.931
vn 0.548 -0.32 -0.773
vn 0.715 -0.366 -0.596
vn 0.121 -0.394 -0.911
vn -0.359 -0.241 -0.902
vn 0.374 -0.372 -0.85
vn 0.606 -0.387 -0.695
vn 0.119 -0.469 -0.875
vn -0.276 -0.467 -0.84
vn 0.406 -0.48 -0.778
vn -0.41 -0.396 -0.822
vn -0.029 -0.421 -0.906
vn -0.508 -0.466 -0.725
vn 0.453 -0.476 -0.754
vn -0.068 -0.576 -0.815
vn 0.449 -0.601 -0.661
vn 0.699 -0.295 -0.651
vn 0.575 -0.312 -0.756
vn 0.811 -0.328 -0.484
vn 0.493 -0.222 -0.841
vn 0.481 -0.263 -0.836
vn 0.552 -0.269 -0.79
vn 0.493 -0.029 -0.87
vn 0.572 -0.023 -0.82
vn 0.505 0.169 -0.846
vn 0.436 0.166 -0.885
vn 0.607 0.221 -0.763
vn 0.352 -0.26 -0.899
vn 0.364 -0.274 -0.89
vn 0.399 -0.215 -0.892
vn 0.354 -0.26 -0.898
vn 0.596 -0.269 -0.757
vn 0.421 -0.028 -0.907
vn 0.334 -0.029 -0.942
vn 0.317 -0.242 -0.917
vn 0.316 -0.27 -0.91
vn 0.425 -0.183 -0.887
vn 0.643 -0.178 -0.745
vn 0.264 -0.267 -0.927
vn 0.252 -0.022 -0.967
vn 0.241 -0.202 -0.949
vn 0.34 0.148 -0.929
vn 0.331 0.285 -0.899
vn 0.265 0.161 -0.951
vn 0.318 -0.244 -0.916
vn 0.334 -0.134 -0.933
vn 0.277 -0.254 -0.927
vn 0.293 -0.248 -0.923
vn 0.265 -0.164 -0.95
vn 0.335 -0.099 -0.937
vn 0.118 -0.248 -0.961
vn 0.053 -0.252 -0.966
vn 0.467 -0.123 -0.875
vn 0.491 -0.023 -0.871
vn 0.657 -0.052 -0.752
vn 0.344 -0.037 -0.938
vn 0.365 -0.487 -0.793
vn 0.6 -0.242 -0.763
vn 0.287 -0.398 -0.872
vn 0.174 -0.494 -0.852
vn 0.205 -0.122 -0.971
vn 0.194 -0.009 -0.981
vn 0.044 -0.175 -0.983
vn 0.004 0.01 -1
vn -0.281 0.067 -0.957
vn -0.288 0.103 -0.952
vn 0.004 -0.137 -0.991
vn -0.26 -0.055 -0.964
vn 0.009 -0.22 -0.976
vn -0.316 -0.201 -0.927
vn 0.047 -0.269 -0.962
vn -0.338 -0.263 -0.903
vn -0.043 -0.275 -0.96
vn -0.439 -0.281 -0.853
vn -0.308 -0.301 -0.902
vn 0.151 -0.228 -0.962
vn -0.11 -0.275 -0.955
vn 0.189 -0.15 -0.97
vn 0.097 -0.205 -0.974
vn 0.283 -0.008 -0.959
vn -0.334 -0.218 -0.917
vn -0.053 -0.264 -0.963
vn 0.262 0.022 -0.965
vn 0.265 0.166 -0.95
vn 0.333 0.208 -0.92
vn 0.271 0.304 -0.913
vn 0.071 -0.217 -0.974
vn 0.449 -0.406 -0.796
vn 0.629 -0.303 -0.716
vn 0.458 -0.028 -0.889
vn 0.125 0.181 -0.976
vn 0.345 0.33 -0.879
vn 0.023 0.678 -0.734
vn -0.008 0.597 -0.802
vn 0.124 0.588 -0.799
vn 0.259 0.343 -0.903
vn 0.186 0.389 -0.902
vn 0.18 0.461 -0.869
vn 0.25 0.258 -0.933
vn -0.033 0.51 -0.86
vn 0.335 0.26 -0.906
vn 0.145 0.127 -0.981
vn -0.236 0.325 -0.916
vn -0.15 0.58 -0.801
vn 0.186 0.444 -0.876
vn 0.31 0.383 -0.87
vn 0.43 0.458 -0.778
vn 0.532 0.134 -0.836
vn 0.662 0.581 -0.474
vn 0.807 0.387 -0.447
vn 0.45 0.282 -0.847
vn 0.587 0.419 -0.693
vn 0.436 0.312 -0.844
vn 0.519 0.356 -0.777
vn 0.608 0.46 -0.646
vn 0.692 0.581 -0.43
vn 0.531 0.381 -0.757
vn 0.562 0.649 -0.513
vn 0.629 0.714 -0.308
vn 0.568 0.451 -0.688
vn 0.656 0.637 -0.405
vn 0.556 0.739 -0.381
vn 0.583 -0.18 -0.792
vn 0.703 -0.38 -0.601
vn 0.732 -0.155 -0.664
vn 0.907 -0.243 -0.345
vn 0.925 -0.287 -0.249
vn 0.89 -0.389 0.239
vn 0.758 -0.144 -0.636
vn 0.774 -0.062 -0.63
vn 0.841 -0.369 -0.396
vn 0.441 -0.547 -0.711
vn 0.93 -0.25 -0.271
vn 0.793 -0.052 -0.607
vn 0.822 -0.381 -0.422
vn 0.476 -0.537 -0.696
vn 0.51 -0.592 -0.624
vn 0.812 -0.387 -0.438
vn 0.515 -0.669 -0.535
vn 0.988 -0.151 -0.027
vn 0.976 -0.204 -0.082
vn 0.984 -0.158 -0.08
vn 0.905 -0.389 0.172
vn 0.968 0.032 0.248
vn 0.719 -0.522 0.458
vn 0.962 0.181 0.204
vn 0.39 -0.39 0.834
vn 0.745 0.453 0.489
vn 0.722 -0.453 0.523
vn 0.268 -0.489 0.831
vn 0.75 -0.324 0.576
vn 0.815 -0.392 0.426
vn 0.315 -0.404 0.858
vn 0.676 -0.394 0.623
vn 0.203 -0.49 0.848
vn 0.161 -0.415 0.896
vn 0.514 -0.469 0.719
vn -0.105 -0.475 0.874
vn -0.458 -0.564 -0.687
vn -0.935 -0.254 -0.248
vn -0.662 -0.652 0.37
vn 0.939 -0.332 0.085
vn 0.856 -0.447 0.26
vn 0.918 -0.292 0.267
vn -0.406 -0.424 -0.81
vn 0.874 -0.264 -0.407
vn 0.943 -0.076 -0.324
vn 0.629 -0.303 -0.716
vn 0.938 -0.324 0.127
vn 0.96 -0.172 -0.218
vn 0.863 -0.095 -0.496
vn 0.45 0.162 -0.878
vn 0.473 0.116 -0.873
vn 0.671 0.02 -0.741
vn 0.928 -0.063 -0.367
vn 0.703 -0.105 -0.704
vn 0.449 -0.406 -0.796
vn 0.329 0.051 -0.943
vn -0.356 -0.324 0.876
vn -0.223 0.679 0.7
vn 0.129 0.599 0.791
vn 0.041 -0.462 0.886
vn 0.3 -0.682 0.667
vn 0.458 0.332 0.825
vn -0.729 -0.394 0.559
vn -0.941 -0.11 0.32
vn -0.765 -0.633 0.119
vn -0.916 -0.398 0.051
vn -0.554 -0.569 -0.607
vn -0.123 -0.99 0.073
vn -0.652 -0.55 -0.522
vn -0.814 0.505 0.287
vn -0.329 0.306 0.894
vn -0.405 0.878 0.256
vn -0.556 -0.144 0.818
vn 0.583 0.801 -0.136
vn 0.629 0.714 -0.308
vn 0.562 0.649 -0.513
vn 0.587 0.419 -0.693
vn 0.692 0.581 -0.43
vn 0.608 0.46 -0.646
vn 0.519 0.356 -0.777
vn 0.807 0.387 -0.447
vn 0.532 0.134 -0.836
vn 0.629 0.777 0.023
vn 0.456 0.857 0.239
vn 0.613 0.789 -0.042
vn 0.33 0.872 0.361
vn 0.106 0.831 0.546
vn 0.328 0.791 0.517
vn 0.662 0.581 -0.474
vn 0.437 0.898 0.06
vn 0.637 0.766 -0.087
vn 0.522 0.685 -0.509
vn 0.052 0.997 0.058
vn -0.111 0.97 0.214
vn -0.66 -0.281 0.697
vn -0.678 -0.357 0.643
vn -0.768 0.062 0.637
vn -0.815 -0.525 0.243
vn -0.105 -0.475 0.874
vn -0.662 -0.652 0.37
vn 0.514 -0.469 0.719
vn -0.276 -0.146 -0.95
vn 0.577 -0.189 -0.795
vn -0.269 -0.068 -0.961
vn 0.563 0.019 -0.826
vn -0.263 -0.056 -0.963
vn 0.599 0.019 -0.801
vn -0.349 -0.071 -0.935
vn 0.011 -0.005 -1
vn -0.308 -0.095 -0.947
vn 0.427 0.003 -0.904
vn -0.245 -0.036 -0.969
vn 0.423 0.038 -0.905
vn 0.489 0.158 -0.858
vn -0.246 0.109 -0.963
vn 0.455 0.174 -0.874
vn -0.241 0.106 -0.965
vn 0.462 0.233 -0.856
vn -0.25 0.187 -0.95
vn 0.434 0.234 -0.87
vn -0.244 0.13 -0.961
vn -0.244 0.016 -0.97
vn 0.45 0.093 -0.888
vn 0.446 0.117 -0.887
vn -0.257 0.039 -0.966
vn 0.286 0.055 -0.957
vn -0.293 -0.039 -0.955
vn 0.285 0.033 -0.958
vn 0.135 -0.01 -0.991
vn -0.319 -0.055 -0.946
vn 0.044 -0.107 -0.993
vn 0.619 -0.12 -0.776
vn -0.25 -0.086 -0.964
vn -0.503 -0.023 -0.864
vn -0.099 -0.14 -0.985
vn 0.404 -0.095 -0.91
vn 0.511 -0.33 -0.794
vn 0.84 -0.028 -0.542
vn 0.561 -0.353 -0.749
vn 0.454 -0.308 -0.836
vn 0.087 -0.757 -0.647
vn 0.231 -0.179 -0.957
vn -0.236 -0.086 -0.968
vn -0.297 0.01 -0.955
vn 0.368 -0.286 -0.885
vn 0.298 -0.135 -0.945
vn 0.466 -0.506 -0.726
vn 0.386 -0.44 -0.811
vn 0.31 -0.304 -0.901
vn 0.221 -0.588 -0.778
vn 0.136 -0.024 -0.99
vn -0.147 0.099 -0.984
vn 0.297 -0.124 -0.947
vn 0.249 0.02 -0.968
vn -0.001 -0.515 -0.857
vn 0.15 -0.481 -0.864
vn 0.095 -0.393 -0.915
vn 0.33 -0.206 -0.921
vn 0.25 0.188 -0.95
vn -0.028 0.196 -0.98
vn 0.305 0.309 -0.901
vn 0.042 0.336 -0.941
vn 0.362 0.15 -0.92
vn 0.166 -0.405 -0.899
vn 0.427 -0.19 -0.884
vn 0.366 -0.299 -0.881
vn 0.284 -0.172 -0.943
vn 0.485 -0.099 -0.869
vn 0.343 -0.016 -0.939
vn 0.47 0.014 -0.882
vn 0.523 -0.085 -0.848
vn 0.803 0.094 -0.588
vn 0.863 0.097 -0.497
vn 0.643 -0.113 -0.758
vn 0.692 0.17 -0.701
vn 0.395 -0.25 -0.884
vn 0.568 -0.153 -0.809
vn 0.447 0.16 -0.88
vn 0.252 -0.302 -0.919
vn 0.047 -0.174 -0.983
vn 0.545 -0.043 -0.837
vn 0.544 -0.026 -0.838
vn 0.348 0.305 -0.887
vn 0.424 0.275 -0.863
vn 0.645 0.251 -0.722
vn 0.566 0.184 -0.803
vn 0.371 0.174 -0.912
vn 0.347 0.037 -0.938
vn 0.334 0.191 -0.923
vn 0.152 0.278 -0.948
vn -0.166 0.401 -0.901
vn -0.435 0.269 -0.859
vn -0.365 0.104 -0.925
vn -0.233 0.188 -0.954
vn -0.281 0.067 -0.957
vn -0.556 0.105 -0.824
vn -0.314 0.621 0.718
vn -0.355 -0.335 0.873
vn -0.615 0.633 0.47
vn -0.625 -0.486 0.61
vn -0.958 0.162 0.237
vn -0.568 -0.792 0.225
vn -0.752 -0.658 0.035
vn -0.854 0.433 0.288
vn -0.533 0.808 0.251
vn -0.977 0.194 0.091
vn -0.867 0.462 0.184
vn -0.99 0.134 0.054
vn -0.93 -0.367 -0.001
vn -0.944 0.313 0.105
vn -0.994 0.112 -0.002
vn -0.466 0.777 0.423
vn -0.226 0.891 0.395
vn -0.608 -0.558 0.565
vn -0.334 -0.918 0.215
vn -0.977 0.21 0.027
vn -0.389 -0.906 0.166
vn -0.906 -0.392 -0.161
vn -1 0.007 -0.034
vn -0.693 -0.718 0.066
vn -0.591 -0.806 0.035
vn -0.81 -0.581 -0.083
vn -0.948 0.071 -0.311
vn -0.925 0.021 -0.38
vn -0.737 -0.587 -0.335
vn -0.274 -0.708 -0.65
vn -0.382 0.003 -0.924
vn -0.382 0.014 -0.924
vn -0.41 -0.332 -0.85
vn 0.491 0.521 0.698
vn 0.569 -0.691 0.444
vn 0.363 -0.503 0.784
vn 0.828 0.425 0.367
vn 0.742 -0.642 0.193
vn 0.496 0.857 0.136
vn 0.238 0.953 0.188
vn 0.932 0.337 0.133
vn 0.624 0.773 0.115
vn 0.957 0.288 -0.025
vn 0.726 -0.687 -0.037
vn 0.81 -0.531 -0.248
vn 0.93 0.34 -0.138
vn 0.954 0.081 -0.288
vn 0.279 -0.959 -0.046
vn 0.381 -0.924 0.004
vn 0.726 0.688 -0.026
vn 0.674 -0.684 -0.278
vn 0.926 0.319 -0.202
vn 0.754 0.656 0.026
vn 0.922 0.307 -0.235
vn 0.931 0.162 -0.326
vn 0.868 -0.473 0.151
vn 0.548 0.811 0.203
vn 0.573 -0.688 0.445
vn 0.216 -0.49 0.844
vn 0.361 0.877 0.317
vn 0.067 0.856 0.512
vn 0.843 0.029 -0.538
vn 0.814 -0.148 -0.562
vn 0.905 0.342 -0.254
vn 0.345 -0.927 0.146
vn 0.523 -0.851 0.041
vn 0.853 0.135 -0.505
vn 0.415 -0.797 -0.438
vn 0.51 0.051 -0.859
vn 0.463 0.014 -0.886
vn 0.208 -0.883 -0.421
vn -0.602 0.178 0.779
vn -0.754 0.125 0.646
vn -0.583 0.172 0.793
vn -0.661 0.204 0.722
vn -0.856 0.165 0.489
vn -0.9 0.016 0.436
vn -0.807 0.04 0.59
vn -0.673 0.11 0.731
vn -0.815 0.038 0.579
vn -0.683 0.141 0.716
vn -0.541 0.26 0.8
vn -0.707 0.196 0.68
vn -0.911 -0.045 0.41
vn -0.965 -0.059 0.256
vn -0.855 0.008 0.519
vn -0.962 -0.091 0.257
vn -0.927 0.152 0.344
vn -0.984 -0.02 0.178
vn -0.841 0.2 0.503
vn -0.727 0.217 0.652
vn -0.649 0.128 0.75
vn -0.834 0.132 0.535
vn -0.655 0.12 0.746
vn -0.917 0.211 0.337
vn -0.774 0.174 0.609
vn -0.616 0.068 0.785
vn -0.917 0.142 0.371
vn -0.722 0.151 0.675
vn -0.665 -0.287 0.689
vn -0.819 -0.267 0.507
vn -0.691 -0.275 0.667
vn -0.94 0.264 0.216
vn -0.948 0.208 0.239
vn -0.88 0.264 0.395
vn -0.816 0.255 0.519
vn -0.833 0.265 0.485
vn -0.964 0.094 0.25
vn -0.982 0.169 0.081
vn -0.999 0.037 0.04
vn -0.959 0.278 0.042
vn -0.923 0.294 0.247
vn -0.971 0.147 -0.191
vn -0.854 0.343 0.392
vn -0.889 -0.375 0.265
vn -0.995 -0.089 0.051
vn -0.997 -0.074 0.019
vn -0.968 -0.07 0.241
vn -0.98 0.026 -0.194
vn -0.743 0.027 -0.668
vn -0.954 0.045 0.297
vn -0.988 -0.03 0.15
vn -0.883 -0.022 0.469
vn -0.843 0.226 0.488
vn -0.671 0.29 0.682
vn -0.943 0.145 -0.298
vn -0.747 0.1 -0.657
vn -0.996 -0.019 0.088
vn -0.894 0.403 0.198
vn -0.763 0.313 0.565
vn -0.648 0.232 0.726
vn -0.958 0.158 -0.237
vn -0.966 -0.051 -0.255
vn -0.986 0.163 -0.034
vn -0.989 0.143 -0.023
vn -0.935 -0.009 0.355
vn -0.83 0.083 0.552
vn -0.841 0.191 -0.506
vn -0.819 -0.097 0.565
vn -0.677 -0.033 0.735
vn -0.573 -0.135 0.808
vn -0.751 -0.002 0.66
vn -0.575 -0.124 0.809
vn -0.792 -0.083 0.604
vn -0.733 -0.117 0.67
vn -0.868 -0.118 0.483
vn -0.546 -0.124 0.829
vn -0.536 -0.169 0.827
vn -0.405 0.878 0.256
vn 0.742 0.671 -0.014
vn -0.814 0.505 0.287
vn -0.564 0.193 -0.803
vn 0.837 0.188 -0.513
vn -0.556 0.105 -0.824
vn -0.623 0.184 -0.761
vn -0.585 -0.045 -0.81
vn -0.932 0.344 0.118
vn -0.944 0.159 0.288
vn -0.556 -0.144 0.818
vn -0.904 0.385 0.188
vn -0.882 0.199 0.427
vn -0.953 0.049 0.298
vn -0.994 -0.108 0.023
vn -0.941 -0.11 0.32
vn -0.729 -0.394 0.559
vn -0.988 -0.15 0.035
vn -0.916 -0.398 0.051
vn -0.937 -0.237 -0.258
vn -0.652 -0.55 -0.522
vn -0.88 -0.31 -0.358
vn -0.76 -0.292 -0.581
vn -0.883 -0.065 0.465
vn -0.91 -0.117 0.397
vn -0.89 -0.172 -0.422
vn -0.963 -0.22 -0.156
vn -0.947 -0.066 -0.314
vn -0.671 -0.02 -0.742
vn -0.988 -0.153 0.016
vn -0.896 -0.035 -0.442
vn -0.924 -0.062 -0.378
vn -0.993 -0.116 -0.034
vn -0.987 -0.146 -0.068
vn -0.881 -0.141 0.451
vn -0.946 -0.153 0.286
vn -0.883 -0.166 0.438
vn -0.49 -0.187 0.852
vn -0.914 -0.2 0.354
vn -0.58 -0.244 0.777
vn -0.704 0.037 -0.709
vn -0.918 -0.236 0.317
vn -0.979 -0.202 -0.031
vn -0.916 -0.258 0.31
vn -0.646 -0.284 0.708
vn -0.961 -0.234 -0.149
vn -0.957 -0.254 -0.141
vn -0.917 -0.159 -0.367
vn -0.933 -0.282 0.225
vn -0.953 -0.232 0.194
vn -0.663 -0.257 0.703
vn -0.894 -0.108 -0.435
vn -0.817 -0.146 -0.558
vn -0.94 -0.34 0.031
vn -0.954 -0.221 -0.201
vn -0.977 -0.153 0.147
vn -0.781 -0.166 -0.603
vn -0.974 -0.153 0.169
vn -0.778 -0.197 0.596
vn -0.799 -0.224 0.557
vn -0.584 -0.094 -0.806
vn -0.56 -0.083 -0.824
vn -0.674 -0.019 -0.739
vn -0.712 0.067 -0.699
vn -0.319 -0.055 -0.946
vn -0.293 -0.039 -0.955
vn -0.503 -0.023 -0.864
vn -0.581 -0.022 -0.813
vn -0.257 0.039 -0.966
vn -0.244 0.016 -0.97
vn -0.563 0.033 -0.826
vn -0.099 -0.14 -0.985
vn -0.236 -0.086 -0.968
vn -0.618 0.044 -0.785
vn -0.297 0.01 -0.955
vn -0.816 -0.129 -0.562
vn -0.582 -0.047 -0.812
vn -0.632 0.02 -0.774
vn -0.517 0.078 -0.853
vn -0.147 0.099 -0.984
vn -0.028 0.196 -0.98
vn -0.365 0.104 -0.925
vn 0.042 0.336 -0.941
vn -0.895 -0.23 -0.383
vn -0.857 -0.141 -0.496
vn 0.258 -0.115 -0.959
vn 0.452 -0.54 -0.71
vn -0.549 0.04 -0.834
vn -0.435 0.269 -0.859
vn -0.49 0.346 -0.8
vn -0.233 0.188 -0.954
vn -0.875 -0.023 -0.483
vn -0.56 0.032 -0.828
vn -0.244 0.13 -0.961
vn -0.582 0.113 -0.806
vn -0.25 0.187 -0.95
vn -0.241 0.106 -0.965
vn -0.9 -0.061 -0.431
vn -0.978 -0.078 -0.194
vn -0.986 -0.093 -0.135
vn -0.633 -0.019 -0.773
vn -0.977 -0.164 -0.136
vn -0.655 0.068 -0.752
vn -0.246 0.109 -0.963
vn -0.891 -0.144 -0.43
vn -0.967 -0.186 0.174
vn -0.922 -0.07 -0.381
vn -0.984 -0.173 0.035
vn -0.757 -0.224 0.613
vn -0.976 -0.123 -0.183
vn -0.965 -0.086 -0.246
vn -0.926 -0.055 -0.373
vn -0.713 0.014 -0.701
vn -0.982 -0.184 0.032
vn -0.987 -0.161 0.008
vn -0.496 -0.176 0.85
vn -0.974 -0.139 -0.178
vn -0.951 -0.151 -0.271
vn -0.748 -0.112 -0.655
vn -0.245 -0.036 -0.969
vn -0.308 -0.095 -0.947
vn -0.748 -0.134 -0.65
vn -0.349 -0.071 -0.935
vn -0.943 -0.142 0.3
vn 0.015 -0.114 0.993
vn -0.435 -0.084 0.896
vn -0.955 -0.133 -0.267
vn -0.995 -0.097 -0.034
vn -0.996 0.053 0.071
vn -0.156 0.165 0.974
vn -0.728 -0.094 -0.679
vn -0.263 -0.056 -0.963
vn -0.966 -0.112 -0.231
vn -0.923 -0.119 -0.367
vn -0.932 -0.139 -0.335
vn -0.73 -0.069 -0.68
vn -0.269 -0.068 -0.961
vn -0.947 0.125 0.294
vn -0.472 0.112 0.874
vn -0.73 -0.109 -0.674
vn -0.276 -0.146 -0.95
vn -0.698 -0.242 -0.674
vn -0.945 -0.086 -0.314
vn -0.902 -0.332 -0.275
vn -0.944 -0.009 -0.33
vn -0.978 -0.137 -0.159
vn -0.955 -0.284 -0.084
vn -0.995 -0.09 0.048
vn -0.814 -0.194 0.547
vn -0.973 -0.195 -0.124
vn -0.937 -0.055 -0.346
vn -0.943 -0.059 -0.327
vn -0.999 -0.038 -0.013
vn 0.268 -0.035 0.963
vn 0.543 0.186 0.819
vn 0.391 -0.535 0.749
vn 0.636 -0.599 0.487
vn 0.205 -0.93 -0.305
vn 0.818 -0.541 0.197
vn 0.437 -0.777 -0.452
vn 0.785 0.151 0.601
vn 0.451 0.33 0.829
vn 0.939 -0.336 -0.073
vn 0.522 -0.625 -0.581
vn 0.75 -0.397 -0.53
vn 0.628 0.218 0.747
vn 0.491 0.346 0.799
vn 0.785 0.302 0.541
vn 0.93 0.125 0.344
vn 0.998 0.064 -0.004
vn 0.927 0.203 0.315
vn 0.988 0.088 0.124
vn 0.998 -0.058 -0.016
vn 0.839 -0.071 -0.54
vn 0.876 -0.295 -0.381
vn 0.898 0.067 0.435
vn 0.846 0.044 0.531
vn 0.829 -0.129 -0.544
vn 0.912 -0.409 -0.036
vn 0.889 -0.334 -0.314
vn 0.912 -0.073 0.403
vn 0.977 0.071 0.2
vn 0.859 -0.157 0.487
vn 0.68 0.133 0.721
vn 0.792 0.13 0.596
vn 0.526 0.02 0.851
vn 0.588 0.436 0.681
vn 0.966 -0.172 0.192
vn 0.485 0.326 0.812
vn 0.514 0.233 0.826
vn 0.51 -0.45 0.733
vn 0.325 -0.664 0.674
vn 0.492 -0.03 0.87
vn 0.373 0.163 0.914
vn 0.729 0.475 0.492
vn 0.547 0.08 0.833
vn 0.716 0.469 0.518
vn 0.592 0.276 0.757
vn 0.599 0.12 0.792
vn 0.058 0.475 0.878
vn 0.543 -0.395 0.741
vn 0.015 0.499 0.867
vn 0.751 0.142 0.645
vn 0.873 0.2 0.445
vn 0.811 -0.231 0.538
vn 0.545 -0.677 0.494
vn -0.137 -0.154 0.979
vn 0.5 0.332 0.8
vn 0.416 0.871 0.262
vn 0.637 0.715 0.288
vn 0.55 0.568 0.612
vn 0.414 0.76 0.501
vn 0.318 0.535 0.783
vn 0.098 0.52 0.849
vn 0.11 0.838 0.535
vn -0.068 0.646 0.76
vn 0.108 0.856 0.505
vn 0.086 0.634 0.769
vn 0.328 0.791 0.517
vn 0.29 0.916 0.277
vn 0.456 0.857 0.239
vn 0.502 0.864 -0.035
vn 0.58 0.814 0.024
vn 0.583 0.801 -0.136
vn 0.556 0.739 -0.381
vn 0.656 0.637 -0.405
vn 0.562 0.649 -0.513
vn -0.854 0.517 0.058
vn -0.705 -0.049 0.708
vn -0.995 0.053 0.091
vn -0.518 -0.416 0.748
vn -0.322 0.837 -0.443
vn -0.466 0.863 -0.195
vn -0.533 0.793 -0.295
vn -0.31 0.75 -0.585
vn -0.13 0.646 -0.752
vn 0.007 0.753 -0.658
vn -0.29 0.484 -0.825
vn 0.007 0.342 -0.939
vn 0.222 0.343 -0.913
vn -0.16 0.517 -0.841
vn 0.125 0.327 -0.937
vn -0.408 0.594 -0.693
vn -0.227 0.388 -0.893
vn -0.443 0.528 -0.725
vn 0.164 -0.258 0.952
vn 0.484 -0.617 0.621
vn 0.637 -0.757 0.146
vn 0.714 -0.421 0.559
vn 0.883 -0.261 0.39
vn 0.839 -0.295 0.456
vn 0.637 -0.757 0.146
vn 0.484 -0.617 0.621
vn 0.143 -0.925 0.351
vn 0.13 -0.936 0.328
vn -0.024 -0.802 -0.597
vn 0.503 -0.794 -0.341
vn -0.092 -0.743 -0.664
vn 0.563 -0.216 -0.798
vn 0.804 0.04 0.593
vn 0.509 -0.078 0.857
vn 0.638 -0.009 0.77
vn 0.45 -0.438 0.778
vn 0.364 -0.114 0.924
vn 0.266 -0.267 0.926
vn 0.23 -0.155 0.961
vn 0.059 -0.247 0.967
vn 0.048 -0.322 0.945
vn -0.24 -0.278 0.93
vn -0.389 -0.503 0.771
vn -0.024 -0.802 -0.597
vn 0.063 -0.846 -0.529
vn 0.623 -0.603 -0.499
vn 0.395 -0.918 -0.024
vn -0.107 -0.901 0.421
vn 0.695 -0.672 0.255
vn 0.342 -0.701 0.625
vn -0.218 -0.662 0.718
vn -0.584 -0.501 0.638
vn -0.629 -0.726 0.277
vn 0.586 -0.702 -0.406
vn 0.807 -0.575 -0.134
vn 0.619 -0.59 -0.519
vn 0.863 -0.428 -0.267
vn 0.515 -0.669 -0.535
vn -0.585 -0.045 -0.81
vn 0.991 -0.095 0.097
vn 0.837 0.188 -0.513
vn 0.742 0.671 -0.014
vn 0.868 -0.356 0.346
vn 0.789 -0.508 -0.346
vn 0.883 0.26 0.39
vn 0.996 -0.035 0.079
vn 0.597 0.535 0.598
vn -0.405 0.878 0.256
vn 0.997 0.064 -0.051
vn 0.925 0.264 0.273
vn 0.854 0.264 0.449
vn 0.745 0.427 0.512
vn 0.684 0.4 0.61
vn 0.104 0.629 0.77
vn 0.316 0.517 0.795
vn 0.345 0.514 0.786
vn 0.964 0.005 0.264
vn 0.766 0.283 0.577
vn 0.765 0.247 0.595
vn 0.323 0.471 0.821
vn 0.146 0.764 0.628
vn 0.758 -0.178 -0.627
vn 0.236 -0.945 0.227
vn 0.095 -0.873 -0.479
vn 0.91 -0.399 0.113
vn 0.75 -0.044 -0.66
vn 0.73 -0.597 -0.332
vn 0.61 -0.571 0.549
vn 0.426 -0.351 0.834
vn -0.158 -0.217 0.963
vn 0.758 -0.178 -0.627
vn 0.095 -0.873 -0.479
vn 0.065 -0.229 -0.971
vn 0.212 0.121 -0.97
vn 0.75 -0.044 -0.66
vn -0.544 -0.034 -0.838
vn -0.349 -0.511 -0.786
vn -0.405 0.261 -0.876
vn 0.025 -0.076 -0.997
vn 0.73 -0.597 -0.332
vn 0.12 0.292 -0.949
vn 0.23 0.501 -0.834
vn -0.027 0.602 -0.798
vn 0.048 0.801 -0.596
vn 0.533 0.566 -0.629
vn 0.094 0.886 -0.455
vn 0.505 0.762 -0.405
vn 0.582 0.784 -0.214
vn -0.077 0.823 -0.563
vn -0.182 0.585 -0.791
vn 0.376 0.897 -0.231
vn 0.546 0.833 -0.09
vn 0.256 0.958 -0.125
vn 0.658 0.753 0.019
vn 0.364 0.927 0.089
vn 0.145 0.966 -0.212
vn -0.008 1 -0.033
vn 0.305 0.899 0.314
vn -0.042 0.958 -0.282
vn -0.288 0.771 -0.568
vn -0.562 0.46 -0.688
vn -0.181 0.881 -0.438
vn -0.524 0.781 -0.339
vn -0.275 0.942 -0.191
vn -0.49 0.872 0.013
vn -0.19 0.979 -0.077
vn -0.072 0.991 0.113
vn -0.437 0.898 0.058
vn -0.702 0.698 0.142
vn -0.311 0.949 0.054
vn -0.561 0.82 0.112
vn -0.474 0.877 0.078
vn -0.104 0.981 0.164
vn 0.16 0.809 0.566
vn -0.316 0.887 0.336
vn -0.649 0.748 0.141
vn -0.298 0.12 0.947
vn -0.647 0.199 0.736
vn 0.389 0.001 0.921
vn 0.435 0.065 0.898
vn 0.336 -0.004 0.942
vn 0.358 -0.061 0.932
vn 0.394 -0.05 0.918
vn 0.389 -0.052 0.92
vn 0.338 -0.09 0.937
vn 0.473 -0.056 0.879
vn 0.015 -0.114 0.993
vn -0.435 -0.084 0.896
vn -0.156 0.165 0.974
vn 0.365 0.122 0.923
vn -0.472 0.112 0.874
vn -0.496 -0.176 0.85
vn 0.382 0.155 0.911
vn 0.33 -0.078 0.941
vn -0.757 -0.224 0.613
vn 0.351 -0.158 0.923
vn 0.258 0.121 0.958
vn 0.275 -0.088 0.958
vn -0.814 -0.194 0.547
vn 0.184 -0.182 0.966
vn -0.799 -0.224 0.557
vn 0.057 -0.212 0.976
vn 0.357 -0.219 0.908
vn -0.778 -0.197 0.596
vn -0.101 -0.261 0.96
vn 0.016 -0.263 0.964
vn 0.338 -0.258 0.905
vn 0.347 -0.277 0.896
vn -0.663 -0.257 0.703
vn -0.025 -0.261 0.965
vn 0.49 -0.2 0.849
vn 0.533 -0.149 0.833
vn -0.005 -0.223 0.975
vn -0.646 -0.284 0.708
vn 0.48 -0.142 0.866
vn 0.072 -0.175 0.982
vn 0.547 -0.144 0.825
vn -0.221 -0.229 0.948
vn -0.58 -0.244 0.777
vn -0.49 -0.187 0.852
vn 0.261 -0.192 0.946
vn 0.422 -0.238 0.875
vn 0.002 -0.182 0.983
vn 0.133 -0.304 0.943
vn 0.261 -0.343 0.902
vn -0.084 -0.213 0.974
vn -0.536 -0.169 0.827
vn -0.127 -0.25 0.96
vn 0.014 -0.352 0.936
vn -0.22 -0.192 0.957
vn -0.546 -0.124 0.829
vn -0.037 -0.453 0.891
vn -0.287 -0.312 0.906
vn -0.28 -0.383 0.88
vn -0.301 -0.244 0.922
vn -0.575 -0.124 0.809
vn -0.387 -0.289 0.875
vn -0.573 -0.135 0.808
vn -0.481 -0.203 0.853
vn -0.691 -0.275 0.667
vn -0.473 -0.259 0.842
vn -0.375 -0.254 0.892
vn -0.165 -0.251 0.954
vn -0.349 -0.167 0.922
vn -0.316 -0.405 0.858
vn -0.579 -0.25 0.777
vn -0.356 -0.231 0.906
vn -0.24 -0.278 0.93
vn -0.356 -0.256 0.898
vn -0.343 -0.45 0.824
vn -0.309 -0.593 0.744
vn -0.429 -0.738 0.521
vn 0.463 -0.489 0.739
vn -0.223 -0.173 0.959
vn 0.059 -0.247 0.967
vn -0.063 -0.063 0.996
vn 0.23 -0.155 0.961
vn -0.445 -0.351 0.824
vn -0.692 -0.454 0.561
vn -0.33 -0.283 0.901
vn -0.634 -0.324 0.702
vn 0.134 0.041 0.99
vn 0.364 -0.114 0.924
vn 0.284 0.102 0.954
vn 0.509 -0.078 0.857
vn 0.462 0.158 0.873
vn 0.356 0.065 0.932
vn 0.156 0.041 0.987
vn 0.084 0.037 0.996
vn 0.344 0.065 0.937
vn -0.166 -0.009 0.986
vn 0.342 0.085 0.936
vn -0.161 -0.051 0.986
vn -0.233 -0.168 0.958
vn -0.363 -0.218 0.906
vn -0.422 -0.271 0.865
vn -0.459 -0.14 0.877
vn -0.108 -0.028 0.994
vn -0.519 -0.195 0.833
vn -0.789 -0.354 0.503
vn -0.643 -0.312 0.7
vn -0.55 -0.172 0.817
vn -0.161 -0.084 0.983
vn 0.418 0.039 0.908
vn 0.502 -0.02 0.864
vn -0.638 -0.194 0.745
vn 0.001 -0.107 0.994
vn -0.391 -0.173 0.904
vn 0.219 -0.111 0.969
vn -0.626 -0.21 0.75
vn -0.505 -0.237 0.83
vn 0.064 -0.114 0.991
vn -0.554 -0.262 0.791
vn 0.145 -0.093 0.985
vn -0.538 -0.294 0.791
vn 0.104 -0.227 0.968
vn -0.617 -0.307 0.725
vn 0.112 -0.193 0.975
vn -0.724 -0.352 0.593
vn -0.738 0.14 0.66
vn -0.584 -0.501 0.638
vn -0.834 0.356 0.421
vn -0.629 -0.726 0.277
vn -0.65 -0.16 -0.742
vn 0.063 -0.846 -0.529
vn -0.432 0.895 -0.114
vn -0.123 0.651 -0.749
vn 0.429 -0.384 -0.818
vn 0.796 -0.401 -0.454
vn 0.531 0.069 -0.845
vn 0.223 0.262 -0.939
vn -0.42 0.26 -0.87
vn -0.131 -0.687 -0.715
vn -0.117 0.498 -0.859
vn 0.647 -0.061 -0.76
vn -0.075 -0.043 -0.996
vn -0.1 0.1 -0.99
vn -0.685 -0.089 -0.724
vn 0.562 0.029 -0.827
vn -0.7 0.154 -0.698
vn 0.099 -0.008 -0.995
vn 0.972 -0.057 -0.228
vn -0.429 -0.738 0.521
vn 0.02 -0.711 0.702
vn 0.463 -0.489 0.739
vn 0.261 -0.343 0.902
vn 0.014 -0.352 0.936
vn -0.037 -0.453 0.891
vn 0.676 -0.253 0.692
vn 0.732 -0.143 0.666
vn 0.422 -0.238 0.875
vn 0.835 -0.104 0.54
vn 0.729 -0.103 0.676
vn 0.788 -0.085 0.609
vn 0.547 -0.144 0.825
vn 0.48 -0.142 0.866
vn 0.954 -0.013 0.299
vn 0.026 -0.958 0.284
vn 0.898 0.029 0.438
vn 0.763 -0.114 0.636
vn 0.533 -0.149 0.833
vn 0.99 0.047 0.134
vn 0.998 0.057 -0.033
vn -0.218 -0.953 -0.21
vn 0.804 -0.094 0.587
vn 0.49 -0.2 0.849
vn 0.92 -0.077 0.383
vn 0.989 0.086 -0.12
vn 0.917 -0.386 -0.095
vn 0.015 -0.935 -0.355
vn 0.971 0.061 -0.231
vn 0.913 -0.304 -0.271
vn 0.769 -0.536 -0.349
vn 0.988 0.051 -0.145
vn 0.975 -0.036 0.218
vn 0.949 -0.049 0.311
vn 0.998 0.036 -0.06
vn 0.964 0.002 0.267
vn 0.993 0.12 -0.025
vn 0.785 -0.096 0.613
vn 0.918 0.023 0.395
vn 0.637 -0.185 0.749
vn 0.347 -0.277 0.896
vn 0.67 -0.144 0.728
vn 0.512 -0.241 0.824
vn 0.338 -0.258 0.905
vn 0.546 -0.22 0.809
vn 0.357 -0.219 0.908
vn 0.872 -0.039 0.489
vn 0.81 -0.14 0.569
vn 0.512 -0.138 0.848
vn 0.351 -0.158 0.923
vn 0.473 -0.056 0.879
vn 0.338 -0.09 0.937
vn 0.781 -0.029 0.624
vn 0.771 0.052 0.635
vn 0.389 -0.052 0.92
vn 0.983 0.068 0.172
vn 0.992 -0.027 0.125
vn 0.987 0.16 0.022
vn 0.773 0.045 0.632
vn 0.961 0.113 0.252
vn 0.91 0.151 -0.386
vn 0.929 0.13 -0.345
vn 0.89 0.213 -0.404
vn 0.872 0.228 -0.433
vn 0.455 0.174 -0.874
vn 0.462 0.233 -0.856
vn 0.489 0.158 -0.858
vn 0.434 0.234 -0.87
vn 0.423 0.038 -0.905
vn 0.902 0.105 -0.418
vn 0.45 0.093 -0.888
vn 0.446 0.117 -0.887
vn 0.908 0.105 -0.406
vn 0.789 0.122 -0.603
vn 0.286 0.055 -0.957
vn 0.916 0.076 -0.395
vn 0.755 0.081 -0.65
vn 0.285 0.033 -0.958
vn 0.898 0.085 -0.432
vn 0.699 0.107 -0.708
vn 0.135 -0.01 -0.991
vn 0.84 -0.028 -0.542
vn 0.619 -0.12 -0.776
vn 0.806 -0.297 -0.513
vn 0.561 -0.353 -0.749
vn 0.41 -0.803 -0.433
vn -0.04 -0.919 -0.392
vn -0.838 0.364 0.406
vn -0.776 0.532 0.339
vn 0.083 0.404 0.911
vn 0.028 0.329 0.944
vn 0.642 0.263 0.72
vn -0.535 -0.116 -0.837
vn 0.099 -0.008 -0.995
vn 0.174 -0.271 -0.947
vn -0.735 -0.078 -0.673
vn -0.7 0.154 -0.698
vn -0.582 -0.284 -0.762
vn -0.453 -0.422 -0.785
vn -0.411 -0.14 -0.901
vn -0.493 -0.085 -0.866
vn -0.458 -0.729 -0.51
vn -0.604 -0.416 -0.68
vn -0.801 0.11 -0.588
vn -0.63 0.623 -0.464
vn -0.391 -0.351 -0.851
vn -0.411 0.796 0.445
vn -0.811 0.388 0.439
vn -0.572 0.734 0.365
vn -0.76 0.574 -0.307
vn -0.73 0.411 0.546
vn -0.911 0.361 -0.201
vn -0.544 -0.034 -0.838
vn -0.517 -0.015 -0.856
vn -0.349 -0.511 -0.786
vn -0.391 -0.351 -0.851
vn -0.188 -0.957 -0.22
vn 0.606 -0.763 -0.223
vn 0.399 -0.459 -0.793
vn 0.214 -0.945 0.249
vn -0.311 -0.724 0.616
vn -0.842 -0.402 0.36
vn 0.052 -0.575 0.816
vn 0.484 -0.65 0.586
vn 0.599 0.12 0.792
vn 0.543 -0.395 0.741
vn 0.081 -0.788 0.61
vn 0.26 -0.352 0.899
vn 0.583 -0.405 0.704
vn 0.052 -0.575 0.816
vn 0.397 -0.17 0.902
vn 0.484 -0.65 0.586
vn -0.235 -0.211 0.949
vn -0.553 -0.157 0.818
vn -0.311 -0.724 0.616
vn -0.763 -0.008 0.646
vn -0.759 0.032 0.65
vn -0.263 0.062 0.963
vn 0.232 0.246 0.941
vn -0.674 0.084 0.734
vn -0.041 0.239 0.97
vn 0.449 0.305 0.84
vn -0.158 -0.217 0.963
vn 0.133 0.355 0.925
vn 0.265 -0.059 0.962
vn -0.132 0.409 0.903
vn -0.014 0.559 0.829
vn -0.35 -0.273 0.896
vn -0.811 0.388 0.439
vn -0.411 0.796 0.445
vn -0.572 0.734 0.365
vn -0.221 0.227 0.949
vn -0.73 0.411 0.546
vn -0.692 0.304 0.655
vn 0.426 -0.351 0.834
vn -0.116 -0.191 0.975
vn -0.69 -0.084 0.719
vn -0.2 -0.582 0.788
vn 0.61 -0.571 0.549
vn -0.835 -0.331 0.439
vn -0.24 -0.278 0.93
vn -0.579 -0.25 0.777
vn -0.389 -0.503 0.771
vn -0.559 -0.19 0.807
vn -0.451 -0.057 0.891
vn -0.316 -0.405 0.858
vn 0.776 -0.216 -0.592
vn 0.399 -0.459 -0.793
vn 0.606 -0.763 -0.223
vn 0.854 -0.51 -0.101
vn 0.214 -0.945 0.249
vn 0.484 -0.65 0.586
vn 0.872 -0.29 -0.396
vn 0.437 -0.515 0.738
vn -0.811 0.572 -0.125
vn -0.223 0.542 -0.81
vn -0.839 -0.108 -0.533
vn -0.884 -0.107 -0.455
vn -0.685 -0.089 -0.724
vn -0.74 0.655 0.151
vn -0.687 -0.117 0.717
vn -0.515 0.705 0.489
vn -0.3 0.907 -0.294
vn -0.117 0.498 -0.859
vn -0.075 -0.043 -0.996
vn -0.788 -0.016 -0.615
vn -0.1 0.1 -0.99
vn -0.862 0.024 -0.506
vn -0.827 -0.095 -0.554
vn -0.745 -0.122 -0.656
vn -0.548 -0.581 -0.602
vn -0.985 -0.157 0.075
vn 0.236 -0.945 0.227
vn -0.158 -0.217 0.963
vn -0.674 0.084 0.734
vn -0.759 0.032 0.65
vn -0.935 0.059 -0.349
vn -0.65 0.695 -0.308
vn -0.662 0.625 0.413
vn -0.357 0.933 -0.05
vn 0.057 0.794 -0.605
vn -0.734 0.672 0.099
vn -0.68 0.554 0.48
vn -0.79 0.127 -0.6
vn -0.024 -0.802 -0.597
vn -0.092 -0.743 -0.664
vn -0.278 0.949 -0.15
vn 0.172 0.488 -0.855
vn -0.84 0.007 -0.542
vn -0.429 0.091 -0.899
vn -0.478 -0.055 -0.876
vn -0.716 -0.168 -0.677
vn -0.654 0.132 -0.745
vn -0.967 0.212 -0.138
vn -0.856 0.506 0.108
vn -0.459 0.683 -0.568
vn -0.183 0.909 -0.375
vn -0.725 0.633 0.27
vn -0.899 0.169 0.404
vn -0.553 -0.157 0.818
vn -0.763 -0.008 0.646
vn -0.685 0.729 0.028
vn -0.842 -0.402 0.36
vn -0.311 -0.724 0.616
vn -0.769 0.063 -0.636
vn -0.188 -0.957 -0.22
vn 0.363 -0.503 0.784
vn -0.355 -0.335 0.873
vn 0.491 0.521 0.698
vn -0.314 0.621 0.718
vn 0.146 -0.108 -0.983
vn 0.828 -0.036 -0.56
vn 0.125 0.033 -0.992
vn 0.857 0.046 -0.513
vn 0.028 0.023 -1
vn 0.995 -0.092 -0.038
vn 0.214 -0.974 0.081
vn 0.138 -0.965 0.224
vn 0.868 -0.473 0.151
vn 0.998 0.061 -0.03
vn 0.908 -0.222 0.355
vn 0.835 0.062 -0.546
vn 0.862 0.051 -0.504
vn 0.222 0.063 -0.973
vn 0.626 0.089 -0.774
vn 0.858 0.056 -0.511
vn 0.999 0.047 0.001
vn 0.999 0.032 -0.031
vn 0.789 0.085 -0.609
vn 0.998 0.053 -0.046
vn 0.756 0.235 -0.611
vn 0.939 0.053 0.338
vn 0.936 0.053 0.347
vn 0.911 0.024 0.411
vn 0.806 -0.191 0.561
vn 0.932 0.02 0.363
vn 0.926 0.002 0.378
vn 0.98 0.166 -0.104
vn 0.918 0.005 0.396
vn 0.965 0.207 -0.159
vn 0.77 0.215 -0.6
vn 0.935 0.046 0.352
vn 0.779 -0.038 0.625
vn 0.776 -0.016 0.631
vn 0.913 0.121 0.389
vn 0.788 0.043 0.615
vn 0.717 0.099 0.69
vn 0.846 -0.036 0.533
vn 0.674 0.028 0.738
vn 0.208 -0.142 0.968
vn 0.433 -0.038 0.9
vn -0.493 0.212 0.844
vn -0.389 0.11 0.915
vn -0.379 -0.121 0.917
vn 0.508 -0.072 0.858
vn -0.473 -0.207 0.856
vn -0.223 -0.197 0.955
vn 0.783 -0.069 0.619
vn -0.039 -0.237 0.971
vn 0.785 -0.07 0.616
vn 0.083 -0.238 0.968
vn 0.906 0.041 0.421
vn 0.673 -0.114 0.73
vn 0.112 -0.193 0.975
vn 0.104 -0.227 0.968
vn 0.963 0.081 0.257
vn 0.879 -0.014 0.476
vn 0.871 -0.031 0.49
vn 0.97 -0.016 0.243
vn 0.972 0.114 -0.207
vn 0.688 -0.064 0.723
vn 0.647 -0.051 0.76
vn 0.145 -0.093 0.985
vn 0.97 0.091 0.227
vn 0.931 0.239 -0.276
vn 0.744 0.301 -0.597
vn 0.763 0.214 -0.61
vn 0.699 0.033 0.714
vn 0.657 0.053 0.752
vn 0.064 -0.114 0.991
vn 0.943 0.161 -0.292
vn 0.849 0.076 0.524
vn 0.971 0.157 0.179
vn 0.873 0.124 0.472
vn 0.672 -0.015 0.74
vn 0.983 0.042 0.177
vn 0.963 0.063 -0.261
vn 0.599 -0.054 0.799
vn 0.219 -0.111 0.969
vn 0.872 -0.025 0.489
vn 0.873 -0.094 0.479
vn 0.557 -0.058 0.828
vn 0.001 -0.107 0.994
vn 0.993 0.048 0.11
vn 0.86 -0.045 0.509
vn 0.837 -0.031 0.546
vn 0.845 0.029 0.534
vn 0.994 0.027 0.106
vn 0.961 0.102 -0.256
vn 0.987 0.045 0.154
vn 0.791 0.093 -0.605
vn 0.959 0.05 -0.28
vn 0.962 0.015 -0.272
vn 0.799 0.057 -0.599
vn 0.199 0.187 -0.962
vn 0.219 0.002 -0.976
vn 0.252 0.015 -0.967
vn 0.817 0.026 -0.575
vn 0.849 0.03 -0.528
vn 0.431 -0.014 -0.902
vn 0.544 -0.026 -0.838
vn 0.545 -0.043 -0.837
vn 0.976 0.091 -0.199
vn 0.75 -0.023 -0.661
vn 0.568 -0.153 -0.809
vn 0.837 -0.051 -0.544
vn 0.643 -0.113 -0.758
vn 0.924 0.086 -0.372
vn 0.911 0.039 -0.41
vn 0.855 0.086 -0.511
vn 0.946 0.158 -0.283
vn 0.967 0.228 -0.116
vn 0.977 0.151 -0.151
vn 0.952 0.16 0.261
vn 0.975 0.093 0.202
vn 0.906 0.165 0.39
vn 0.173 -0.977 -0.124
vn 0.777 -0.54 -0.323
vn 0.449 -0.601 -0.661
vn 0.174 -0.271 -0.947
vn -0.458 -0.729 -0.51
vn -0.068 -0.576 -0.815
vn -0.508 -0.466 -0.725
vn -0.81 -0.277 -0.517
vn -0.604 -0.416 -0.68
vn -0.801 0.11 -0.588
vn -0.965 0.021 -0.262
vn -0.95 0.235 0.204
vn -0.811 0.388 0.439
vn -0.573 0.297 0.764
vn -0.35 -0.273 0.896
vn 0.111 0.206 0.972
vn 0.265 -0.059 0.962
vn 0.489 0.023 0.872
vn 0.432 -0.444 0.785
vn -0.822 -0.257 0.508
vn -0.105 -0.475 0.874
vn 0.161 -0.415 0.896
vn -0.779 -0.172 0.604
vn -0.748 -0.23 0.623
vn 0.203 -0.49 0.848
vn -0.635 -0.376 0.675
vn 0.315 -0.404 0.858
vn -0.445 -0.309 0.84
vn 0.268 -0.489 0.831
vn -0.328 -0.378 0.866
vn 0.39 -0.39 0.834
vn -0.372 -0.181 0.911
vn -0.83 -0.037 0.557
vn -0.789 0.2 0.581
vn -0.176 -0.702 -0.69
vn -0.045 -0.488 -0.872
vn 0.111 -0.396 -0.912
vn -0.334 -0.356 -0.873
vn -0.349 -0.611 -0.71
vn -0.023 -0.174 -0.984
vn -0.396 -0.213 -0.893
vn -0.084 -0.12 -0.989
vn -0.149 -0.099 -0.984
vn -0.358 -0.125 -0.925
vn -0.224 -0.076 -0.972
vn 0.431 -0.014 -0.902
vn -0.423 -0.099 -0.901
vn 0.252 0.015 -0.967
vn -0.404 -0.072 -0.912
vn 0.219 0.002 -0.976
vn -0.419 0.093 -0.903
vn 0.199 0.187 -0.962
vn 0.169 0.263 -0.95
vn 0.763 0.214 -0.61
vn -0.442 0.183 -0.878
vn 0.744 0.301 -0.597
vn -0.47 0.033 -0.882
vn 0.77 0.215 -0.6
vn 0.191 0.216 -0.958
vn -0.525 0.099 -0.846
vn 0.756 0.235 -0.611
vn -0.487 0.09 -0.869
vn 0.145 0.188 -0.972
vn 0.182 0.064 -0.981
vn 0.789 0.085 -0.609
vn -0.417 -0.005 -0.909
vn 0.858 0.056 -0.511
vn -0.318 -0.012 -0.948
vn -0.475 -0.042 -0.879
vn -0.412 -0.008 -0.911
vn 0.318 0.056 -0.946
vn 0.626 0.089 -0.774
vn 0.222 0.063 -0.973
vn 0.863 -0.428 -0.267
vn 0.789 -0.508 -0.346
vn 0.515 -0.669 -0.535
vn 0.812 -0.387 -0.438
vn -0.598 -0.287 -0.748
vn -0.251 -0.186 -0.95
vn -0.342 -0.422 -0.84
vn 0.048 -0.209 -0.977
vn 0.165 0.172 -0.971
vn 0.364 -0.208 -0.908
vn -0.081 0.236 -0.968
vn -0.581 0.126 -0.804
vn -0.454 0.342 -0.823
vn 0.141 0.335 -0.932
vn -0.176 0.984 -0.023
vn -0.017 0.999 -0.052
vn 0.083 0.992 -0.094
vn 0.346 0.261 -0.901
vn 0.749 0.308 -0.586
vn 0.314 0.949 0.04
vn 0.739 0.122 -0.662
vn 0.36 0.145 -0.922
vn 0.729 -0.331 -0.599
vn 0.622 -0.365 -0.693
vn 0.427 -0.417 -0.802
vn 0.218 -0.444 -0.869
vn 0.419 -0.302 -0.856
vn 0.603 -0.245 -0.759
vn -0.073 -0.473 -0.878
vn -0.107 -0.346 -0.932
vn 0.232 -0.331 -0.915
vn 0.412 -0.178 -0.894
vn -0.322 -0.265 -0.909
vn -0.464 -0.313 -0.829
vn 0.203 -0.199 -0.959
vn -0.071 -0.091 -0.993
vn -0.379 -0.108 -0.919
vn 0.498 -0.06 -0.865
vn 0.717 -0.166 -0.677
vn 0.683 0.14 -0.716
vn 0.163 0.032 -0.986
vn -0.117 0.17 -0.979
vn -0.394 0.224 -0.892
vn 0.463 0.167 -0.871
vn 0.533 0.566 -0.629
vn 0.23 0.501 -0.834
vn 0.12 0.292 -0.949
vn -0.027 0.602 -0.798
vn -0.182 0.585 -0.791
vn -0.562 0.46 -0.688
vn -0.009 0.32 0.947
vn -0.113 0.506 0.855
vn 0.026 0.467 0.884
vn 0.306 0.366 0.879
vn 0.205 0.702 0.683
vn 0.7 0.099 0.707
vn 0.756 0.492 0.432
vn 0.966 0.013 0.257
vn 0.742 -0.567 -0.358
vn 0.452 -0.764 -0.46
vn 0.219 -0.02 0.976
vn 0.998 0 -0.06
vn 0.992 0.113 0.054
vn -0.036 0.994 0.102
vn 0.913 -0.03 -0.406
vn 0.934 0.123 -0.335
vn 0.938 0.277 -0.207
vn 0.749 0.308 -0.586
vn 0.314 0.949 0.04
vn 0.739 0.122 -0.662
vn 0.729 -0.331 -0.599
vn 0.881 -0.319 -0.348
vn 0.812 -0.436 -0.388
vn 0.901 -0.26 -0.348
vn 0.225 0.286 -0.932
vn 0.998 -0.014 -0.067
vn 0.997 -0.082 0.006
vn 0.979 -0.13 0.159
vn 0.8 -0.319 -0.508
vn 0.622 -0.365 -0.693
vn 0.603 -0.245 -0.759
vn 0.717 -0.166 -0.677
vn 0.857 -0.049 -0.513
vn 0.683 0.14 -0.716
vn 0.966 -0.11 -0.235
vn 0.812 0.329 -0.484
vn 0.533 0.566 -0.629
vn 0.953 0.052 -0.298
vn 0.969 0.074 -0.236
vn 0.851 0.462 -0.251
vn 0.993 0.115 0.039
vn 0.672 0.699 -0.244
vn 0.505 0.762 -0.405
vn 0.582 0.784 -0.214
vn 0.747 0.664 -0.036
vn 0.796 0.587 0.149
vn 0.754 0.653 -0.06
vn 0.546 0.833 -0.09
vn 0.802 0.575 0.161
vn 0.842 0.527 0.11
vn 0.658 0.753 0.019
vn 0.816 0.497 0.295
vn 0.978 0.035 0.207
vn 0.883 0.291 0.367
vn 0.867 0.399 0.299
vn 0.844 0.461 0.274
vn 0.974 -0.035 0.226
vn 0.714 0.65 0.26
vn 0.364 0.927 0.089
vn 0.305 0.899 0.314
vn 0.829 0.408 0.384
vn 0.598 0.644 0.478
vn 0.16 0.809 0.566
vn 0.414 0.546 0.728
vn 0.513 0.274 0.813
vn 0.786 0.353 0.508
vn 0.632 0.31 0.71
vn 0.268 0.271 0.924
vn 0.722 0.402 0.562
vn 0.651 0.432 0.625
vn 0.442 0.404 0.801
vn 0.837 0.312 0.45
vn 0.558 0.295 0.776
vn 0.253 0.233 0.939
vn 0.059 0.122 0.991
vn 0.815 0.087 0.572
vn 0.26 -0.352 0.899
vn 0.583 -0.405 0.704
vn 0.904 0.103 0.416
vn 0.938 0.136 0.318
vn 0.953 0.066 0.297
vn 0.904 0.024 0.427
vn 0.984 -0.138 -0.116
vn 0.989 -0.142 0.033
vn 0.971 0.08 0.227
vn 0.836 -0.058 0.546
vn 0.864 -0.344 0.368
vn 0.896 -0.166 0.413
vn -0.458 -0.626 0.631
vn -0.247 -0.616 0.748
vn -0.119 -0.403 0.908
vn -0.463 -0.393 0.794
vn 0.024 -0.814 0.58
vn -0.462 0.205 0.863
vn -0.578 0.177 0.797
vn -0.095 0.214 0.972
vn -0.312 0.325 0.893
vn -0.875 0.084 0.478
vn -0.903 0.148 0.404
vn -0.224 0.446 0.867
vn -0.855 0.182 0.485
vn -0.011 0.178 0.984
vn -0.633 0.106 0.767
vn -0.671 0.296 0.68
vn -0.998 0.022 -0.067
vn -0.979 0.182 0.096
vn -0.995 0.098 -0.001
vn -0.971 0.083 0.225
vn -0.958 0.229 0.171
vn -0.573 0.297 0.764
vn -0.95 0.235 0.204
vn -0.965 0.021 -0.262
vn -0.965 0.051 -0.257
vn -0.81 -0.277 -0.517
vn -0.822 -0.2 -0.534
vn -0.508 -0.466 -0.725
vn -0.41 -0.396 -0.822
vn -0.968 -0.248 0.025
vn -0.768 -0.559 -0.314
vn -0.796 -0.177 -0.579
vn -0.276 -0.467 -0.84
vn -0.359 -0.241 -0.902
vn -0.994 0.056 -0.097
vn -0.961 0.13 -0.243
vn -0.67 -0.128 -0.73
vn -0.241 -0.283 -0.929
vn -0.919 -0.068 -0.388
vn -0.861 0.057 -0.504
vn -0.679 -0.209 -0.704
vn -0.346 -0.302 -0.888
vn -0.999 -0.021 -0.051
vn -0.886 -0.112 -0.449
vn -0.699 -0.194 -0.688
vn -0.439 -0.249 -0.863
vn -0.881 -0.129 -0.455
vn -0.993 -0.073 -0.096
vn -0.76 -0.158 -0.63
vn -0.987 0.131 -0.088
vn -0.838 0.364 0.406
vn -0.906 -0.044 -0.42
vn -0.928 -0.294 -0.229
vn -0.793 -0.312 -0.523
vn -0.481 -0.339 -0.808
vn -0.937 0.345 -0.052
vn -0.776 0.532 0.339
vn -0.808 -0.368 -0.461
vn -0.492 -0.34 -0.801
vn -0.944 -0.285 0.168
vn -0.707 -0.028 0.707
vn -0.854 -0.323 -0.406
vn -0.537 -0.37 -0.759
vn -0.925 -0.346 -0.159
vn -0.907 -0.302 0.294
vn -0.764 -0.339 0.548
vn -0.628 -0.102 0.771
vn -0.474 0.024 0.88
vn -0.92 -0.214 0.327
vn -0.332 -0.098 0.938
vn -0.962 -0.257 -0.095
vn -0.819 -0.28 0.5
vn -0.896 -0.333 -0.292
vn -0.521 -0.371 -0.769
vn -0.952 -0.304 -0.027
vn -0.852 -0.248 0.462
vn -0.775 -0.269 -0.572
vn -0.035 -0.239 -0.971
vn -0.092 -0.242 -0.966
vn -0.939 -0.256 -0.227
vn -0.959 -0.25 0.131
vn -0.787 -0.306 0.537
vn -0.572 -0.752 0.327
vn 0.076 -0.733 0.676
vn -0.408 -0.382 0.829
vn -0.615 -0.697 -0.368
vn -0.633 -0.206 -0.746
vn -0.099 -0.386 -0.917
vn 0.398 -0.797 -0.454
vn 0.792 -0.481 -0.377
vn -0.691 -0.275 0.667
vn -0.665 -0.287 0.689
vn -0.473 -0.259 0.842
vn -0.401 -0.417 0.816
vn 0.007 0.342 -0.939
vn 0.329 0.051 -0.943
vn 0.125 0.181 -0.976
vn 0.071 -0.217 -0.974
vn 0.449 -0.406 -0.796
vn -0.008 0.597 -0.802
vn 0.007 0.342 -0.939
vn 0.125 0.181 -0.976
vn -0.29 0.484 -0.825
vn -0.322 0.837 -0.443
vn -0.24 0.812 -0.533
vn -0.374 0.926 -0.059
vn -0.466 0.863 -0.195
vn -0.505 0.846 0.172
vn -0.777 0.629 -0.003
vn -0.533 0.793 -0.295
vn -0.727 0.646 0.236
vn -0.602 0.6 0.527
vn -0.783 0.513 0.351
vn -0.702 0.354 0.618
vn -0.818 0.294 0.494
vn -0.899 0.363 0.244
vn -0.92 0.204 0.333
vn -0.768 0.062 0.637
vn -0.876 -0.052 0.479
vn -0.678 -0.357 0.643
vn -0.967 -0.067 0.246
vn -0.99 0.054 0.134
vn -0.999 0.052 -0.01
vn -0.978 -0.002 0.211
vn -0.822 -0.257 0.508
vn -0.105 -0.475 0.874
vn -0.779 -0.172 0.604
vn -0.983 0.18 0.027
vn -0.916 0.334 -0.222
vn -0.948 -0.012 0.318
vn -0.748 -0.23 0.623
vn -0.948 -0.032 0.317
vn -0.635 -0.376 0.675
vn -0.657 0.553 -0.512
vn -0.31 0.75 -0.585
vn -0.408 0.594 -0.693
vn -0.76 0.362 -0.539
vn -0.443 0.528 -0.725
vn -0.951 0.186 -0.249
vn -0.871 0.309 -0.383
vn -0.76 0.381 -0.526
vn -0.654 0.351 -0.67
vn -0.227 0.388 -0.893
vn -0.642 0.25 -0.725
vn -0.942 0.121 -0.313
vn -0.937 0.163 -0.31
vn -0.499 0.335 -0.799
vn -0.801 0.362 -0.477
vn -0.634 0.373 -0.677
vn -0.982 0.186 0.032
vn -0.968 0.236 -0.081
vn -0.991 0.105 0.082
vn -0.86 0.33 -0.388
vn -0.967 0.244 0.077
vn -0.882 0.355 -0.31
vn -0.639 0.395 -0.66
vn -0.918 0.069 0.389
vn -0.445 -0.309 0.84
vn -0.714 -0.063 0.697
vn -0.328 -0.378 0.866
vn -0.857 0.089 0.507
vn -0.83 -0.037 0.557
vn -0.936 0.352 0.024
vn -0.701 0.414 -0.58
vn -0.979 0.192 -0.063
vn -0.25 0.313 -0.916
vn -0.376 0.372 -0.849
vn -0.099 0.333 -0.938
vn -0.739 0.164 -0.653
vn -0.186 0.229 -0.956
vn -0.676 0.339 -0.654
vn -0.449 0.317 -0.835
vn -0.547 0.076 -0.834
vn -0.1 0.103 -0.99
vn -0.377 -0.131 -0.917
vn -0.326 -0.42 -0.847
vn -0.982 0.147 -0.115
vn -0.789 0.2 0.581
vn -0.747 0.429 -0.509
vn -0.867 -0.162 -0.472
vn -0.572 -0.251 -0.781
vn -0.43 -0.5 -0.752
vn -0.833 0.292 0.47
vn -0.932 0.361 0.026
vn -0.628 0.516 0.583
vn -0.971 0.194 0.14
vn -0.963 0.035 -0.269
vn -0.963 0.203 0.177
vn -0.5 0.569 0.653
vn -0.889 -0.24 -0.39
vn -0.903 -0.25 -0.349
vn -0.547 -0.484 -0.683
vn -0.975 0.112 0.193
vn -0.389 0.587 0.709
vn -0.939 -0.239 -0.246
vn -0.488 -0.579 -0.653
vn -0.997 -0.073 0.003
vn -0.936 -0.341 -0.092
vn -0.444 -0.691 -0.57
vn -0.9 -0.413 -0.139
vn -0.465 -0.714 -0.523
vn -0.435 -0.771 -0.465
vn -0.819 -0.55 -0.16
vn -0.787 0.42 0.452
vn -0.469 0.503 0.726
vn -0.93 0.135 0.342
vn -0.589 0.323 0.741
vn -0.947 0.015 0.322
vn -0.942 0.103 0.32
vn -0.66 0.418 0.624
vn -0.661 0.369 0.653
vn -0.9 0.052 0.433
vn -0.99 -0.143 -0.017
vn 0.399 -0.459 -0.793
vn -0.769 0.063 -0.636
vn -0.188 -0.957 -0.22
vn 0.066 0.639 -0.766
vn 0.434 0.534 -0.726
vn 0.776 -0.216 -0.592
vn 0.299 0.42 -0.856
vn 0.872 -0.29 -0.396
vn 0.365 0.122 0.923
vn 0.336 -0.004 0.942
vn 0.435 0.065 0.898
vn 0.441 0.132 0.888
vn 0.382 0.155 0.911
vn 0.447 0.235 0.863
vn 0.275 -0.088 0.958
vn 0.389 -0.16 0.907
vn 0.477 0.227 0.85
vn 0.653 0.141 0.744
vn 0.687 0.185 0.703
vn 0.266 -0.767 0.584
vn 0.673 -0.545 0.499
vn 0.891 0.039 0.452
vn 0.977 -0.178 0.116
vn 0.643 0.065 0.763
vn 0.389 0.001 0.921
vn 0.394 -0.05 0.918
vn 0.987 0.084 0.135
vn 0.977 0.014 -0.214
vn 0.927 0.058 -0.371
vn 0.941 0.01 -0.338
vn 0.577 -0.189 -0.795
vn 0.563 0.019 -0.826
vn 0.599 0.019 -0.801
vn 0.972 0.049 0.232
vn 0.692 0.012 0.722
vn 0.931 0.053 -0.362
vn 0.877 0.086 -0.472
vn 0.427 0.003 -0.904
vn 0.942 0.054 -0.331
vn 0.518 -0.056 0.854
vn 0.985 0.036 0.171
vn 0.841 0.028 -0.541
vn 0.907 0.068 -0.417
vn 0.978 0.082 0.194
vn 0.983 0.16 -0.092
vn 0.299 0.42 -0.856
vn 0.872 -0.29 -0.396
vn -0.365 -0.66 -0.657
vn 0.437 -0.515 0.738
vn -0.904 -0.106 0.413
vn 0.277 -0.813 -0.512
vn -0.203 -0.865 0.459
vn -0.476 -0.378 -0.793
vn -0.228 0.973 -0.049
vn 0.43 -0.139 0.892
vn 0.5 0.332 0.8
vn 0.592 0.276 0.757
vn 0.625 0.111 0.773
vn -0.115 -0.93 0.35
vn 0.5 0.332 0.8
vn 0.43 -0.139 0.892
vn -0.288 -0.907 -0.306
vn 0.51 -0.45 0.733
vn 0.407 -0.556 -0.725
vn 0.625 0.111 0.773
vn 0.801 0.091 -0.592
vn 0.325 -0.664 0.674
vn 0.048 -0.293 0.955
vn -0.183 -0.604 0.775
vn -0.203 -0.865 0.459
vn -0.321 -0.248 0.914
vn 0.277 -0.813 -0.512
vn -0.511 -0.796 0.325
vn -0.476 -0.378 -0.793
vn -0.228 0.973 -0.049
vn -0.5 0.165 0.85
vn -0.268 0.442 0.856
vn -0.436 0.241 0.867
vn -0.407 0.353 0.842
vn -0.277 0.693 0.665
vn -0.268 0.442 0.856
vn -0.005 0.124 0.992
vn -0.202 0.616 0.762
vn -0.5 0.165 0.85
vn -0.48 0.469 0.742
vn -0.42 0.13 0.898
vn -0.471 0.425 0.773
vn -0.703 0.323 0.634
vn -0.464 0.646 0.606
vn -0.594 0.422 0.685
vn -0.735 0.511 0.446
vn -0.483 0.738 0.472
vn -0.773 0.496 0.394
vn -0.372 0.715 0.592
vn -0.73 0.589 0.346
vn -0.836 0.536 0.112
vn -0.626 0.764 0.157
vn -0.598 0.798 0.079
vn -0.653 0.733 0.19
vn -0.461 0.886 0.045
vn -0.683 0.665 -0.303
vn -0.21 0.789 -0.578
vn -0.158 0.984 -0.084
vn 0.962 0.181 0.204
vn 0.745 0.453 0.489
vn 0.39 -0.39 0.834
vn 0.146 0.764 0.628
vn -0.372 -0.181 0.911
vn -0.356 0.514 0.78
vn -0.789 0.2 0.581
vn -0.407 0.353 0.842
vn -0.277 0.693 0.665
vn -0.177 0.722 0.669
vn -0.182 0.404 0.896
vn -0.5 0.165 0.85
vn -0.005 0.124 0.992
vn 0.194 0.481 0.854
vn 0.133 0.725 0.676
vn 0.358 0.715 0.601
vn 0.497 0.508 0.703
vn 0.226 0.771 0.594
vn 0.08 0.47 0.879
vn -0.202 0.616 0.762
vn -0.058 0.755 0.653
vn -0.687 -0.117 0.717
vn 0.771 -0.629 0.101
vn -0.056 -0.896 0.441
vn -0.443 -0.045 0.896
vn -0.679 -0.239 0.694
vn 0.771 -0.629 0.101
vn 0.703 -0.63 0.331
vn -0.056 -0.896 0.441
vn 0.322 -0.938 -0.132
vn -0.696 -0.717 -0.034
vn -0.679 -0.239 0.694
vn -0.131 -0.687 -0.715
vn 0.429 -0.384 -0.818
vn -0.79 0.127 -0.6
vn -0.092 -0.743 -0.664
vn 0.172 0.488 -0.855
vn 0.563 -0.216 -0.798
vn 0.206 0.669 -0.714
vn 0.699 -0.205 -0.685
vn -0.223 0.542 -0.81
vn -0.687 -0.117 0.717
vn -0.839 -0.108 -0.533
vn 0.771 -0.629 0.101
vn 0.025 -0.076 -0.997
vn -0.158 -0.898 -0.409
vn 0.73 -0.597 -0.332
vn 0.61 -0.571 0.549
vn -0.2 -0.582 0.788
vn -0.835 -0.331 0.439
vn -0.294 0.119 -0.948
vn 0.179 -0.356 -0.917
vn -0.315 -0.934 -0.17
vn 0.188 0.018 -0.982
vn 0.827 -0.46 -0.322
vn 0.891 0.049 -0.452
vn 0.902 0.016 -0.432
vn -0.214 -0.015 -0.977
vn -0.4 0.029 -0.916
vn -0.271 -0.689 -0.671
vn -0.133 -0.676 -0.725
vn 0.208 -0.726 -0.655
vn 0.272 -0.004 -0.962
vn 0.66 -0.712 -0.238
vn 0.812 -0.436 -0.388
vn 0.95 0.004 -0.312
vn 0.225 0.286 -0.932
vn 0.361 -0.533 -0.766
vn -0.887 -0.18 -0.424
vn -0.839 -0.53 0.12
vn -0.766 -0.618 0.177
vn -0.846 -0.479 -0.235
vn -0.42 -0.604 -0.677
vn 0.548 0.811 0.203
vn 0.754 0.656 0.026
vn 0.726 0.688 -0.026
vn 0.394 0.868 0.303
vn 0.361 0.877 0.317
vn 0.067 0.856 0.512
vn 0.458 0.849 0.265
vn 0.624 0.773 0.115
vn 0.266 0.89 0.369
vn 0.012 0.912 0.411
vn 0.24 0.952 0.191
vn 0.496 0.857 0.136
vn 0.238 0.953 0.188
vn -0.019 0.979 0.2
vn -0.137 0.959 0.245
vn 0.491 0.521 0.698
vn -0.314 0.621 0.718
vn -0.615 0.633 0.47
vn -0.533 0.808 0.251
vn -0.226 0.891 0.395
vn -0.867 0.462 0.184
vn -0.466 0.777 0.423
vn -0.425 0.766 0.482
vn -0.608 -0.558 0.565
vn 0.216 -0.49 0.844
vn -0.42 -0.604 -0.677
vn -0.22 -0.283 -0.934
vn -0.941 -0.012 -0.337
vn -0.834 -0.214 0.508
vn -0.929 0.304 0.212
vn -0.829 -0.211 0.518
vn -0.975 -0.168 0.144
vn -0.877 -0.026 0.479
vn -0.766 -0.618 0.177
vn -0.965 -0.101 0.241
vn -0.887 -0.18 -0.424
vn -0.576 0.182 0.797
vn -0.86 -0.03 0.509
vn -0.727 0.258 0.636
vn -0.411 0.357 0.839
vn -0.845 0.074 0.529
vn -0.729 0.1 0.678
vn -0.537 0.202 0.819
vn -0.374 0.225 0.9
vn -0.904 -0.106 0.413
vn -0.501 -0.347 0.793
vn -0.469 0.194 0.862
vn -0.353 0.256 0.9
vn -0.203 -0.865 0.459
vn -0.245 -0.017 0.969
vn -0.183 -0.604 0.775
vn 0.325 -0.664 0.674
vn 0.492 -0.03 0.87
vn 0.373 0.163 0.914
vn -0.423 0.301 0.854
vn -0.722 0.122 0.681
vn -0.483 0.052 0.874
vn -0.353 0.14 0.925
vn -0.272 0.201 0.941
vn 0.038 0.155 0.987
vn -0.158 0.001 0.987
vn -0.451 -0.521 0.725
vn -0.056 -0.652 0.756
vn 0.268 -0.035 0.963
vn 0.391 -0.535 0.749
vn 0.346 0.236 0.908
vn 0.543 0.186 0.819
vn 0.451 0.33 0.829
vn 0.514 0.233 0.826
vn 0.485 0.326 0.812
vn 0.491 0.346 0.799
vn 0.792 0.13 0.596
vn 0.846 0.044 0.531
vn 0.785 0.302 0.541
vn 0.287 -0.398 -0.872
vn 0.174 -0.494 -0.852
vn 0.365 -0.487 -0.793
vn 0.347 0.037 -0.938
vn 0.334 0.191 -0.923
vn 0.371 0.174 -0.912
vn 0.044 -0.175 -0.983
vn 0.152 0.278 -0.948
vn -0.281 0.067 -0.957
vn 0.6 -0.242 -0.763
vn 0.566 0.184 -0.803
vn 0.829 -0.111 -0.549
vn 0.828 0 -0.561
vn -0.022 0.078 0.997
vn 0.159 0.015 0.987
vn 0.072 0.083 0.994
vn -0.107 0.151 0.983
vn -0.107 0.151 0.983
vn -0.095 0.049 0.994
vn -0.307 0.321 0.896
vn -0.185 -0.013 0.982
vn -0.215 0.301 0.929
vn -0.756 0.651 0.068
vn -0.387 0.398 0.832
vn -0.253 0.474 0.844
vn -0.405 0.585 0.703
vn -0.349 0.608 0.712
vn -0.208 0.538 0.817
vn -0.196 0.635 0.748
vn 0.219 0.455 0.863
vn 0.026 0.467 0.884
vn -0.353 0.256 0.9
vn -0.411 0.357 0.839
vn -0.374 0.225 0.9
vn -0.469 0.194 0.862
vn 0.669 -0.022 -0.743
vn 0.714 0.198 -0.672
vn 0.607 0.221 -0.763
vn 0.744 -0.115 -0.658
vn 0.749 -0.18 -0.638
vn -0.074 0.539 0.839
vn -0.262 0.61 0.748
vn -0.304 0.546 0.78
vn -0.413 0.468 0.782
vn -0.557 0.496 0.666
vn -0.357 0.421 0.833
vn -0.37 0.383 0.847
vn -0.652 0.418 0.632
vn -0.421 0.453 0.786
vn -0.431 0.463 0.774
vn -0.617 0.295 0.729
vn -0.421 0.29 0.859
vn -0.44 0.24 0.865
vn -0.576 0.174 0.799
vn -0.455 0.048 0.889
vn -0.579 0.27 0.77
vn -0.318 0.452 0.833
vn -0.407 0.365 0.837
vn -0.535 0.485 0.692
vn -0.381 0.342 0.859
vn -0.276 0.241 0.93
vn -0.185 -0.013 0.982
vn -0.307 0.321 0.896
vn -0.097 0.265 0.959
vn -0.137 0.422 0.896
vn -0.403 0.457 0.793
vn 0.059 0.298 0.953
vn -0.301 0.458 0.837
vn 0.064 0.426 0.903
vn 0.024 0.432 0.901
vn -0.054 0.477 0.877
vn -0.208 0.379 0.902
vn -0.368 0.564 0.739
vn -0.322 0.542 0.776
vn -0.528 0.396 0.751
vn -0.471 0.425 0.773
vn -0.33 0.383 0.863
vn -0.477 0.271 0.836
vn -0.42 0.13 0.898
vn -0.657 0.27 0.705
vn -0.349 0.251 0.903
vn -0.503 0.546 0.669
vn -0.049 0.559 0.828
vn -0.094 0.215 0.972
vn -0.436 0.241 0.867
vn -0.268 0.442 0.856
vn -0.202 0.616 0.762
vn -0.428 0.591 0.684
vn -0.405 0.585 0.703
vn -0.379 0.329 0.865
vn -0.26 0.597 0.759
vn -0.324 0.551 0.769
vn -0.594 0.422 0.685
vn -0.703 0.323 0.634
vn -0.372 0.715 0.592
vn 0.299 0.42 -0.856
vn -0.365 -0.66 -0.657
vn -0.478 -0.055 -0.876
vn -0.654 0.132 -0.745
vn -0.459 0.683 -0.568
vn -0.429 0.091 -0.899
vn -0.792 0.611 0.012
vn -0.257 0.715 -0.649
vn -0.84 0.007 -0.542
vn -0.754 0.015 0.656
vn -0.738 0.14 0.66
vn -0.487 0.872 0.057
vn -0.432 0.895 -0.114
vn -0.869 0.139 0.476
vn -0.365 -0.66 -0.657
vn -0.478 -0.055 -0.876
vn -0.234 -0.323 0.917
vn -0.205 -0.181 0.962
vn -0.687 -0.117 0.717
vn -0.443 -0.045 0.896
vn -0.515 0.705 0.489
vn -0.711 0.666 0.225
vn -0.679 -0.239 0.694
vn -0.244 0.92 -0.306
vn -0.3 0.907 -0.294
vn 0.223 0.262 -0.939
vn -0.42 0.26 -0.87
vn -0.117 0.498 -0.859
vn -0.74 0.655 0.151
vn -0.447 0.462 0.767
vn -0.307 0.321 0.896
vn -0.403 0.457 0.793
vn -0.301 0.458 0.837
vn -0.405 0.585 0.703
vn -0.711 0.666 0.225
vn -0.679 -0.239 0.694
vn -0.696 -0.717 -0.034
vn -0.42 0.26 -0.87
vn -0.244 0.92 -0.306
vn -0.131 -0.687 -0.715
vn -0.647 0.199 0.736
vn -0.705 -0.049 0.708
vn -0.649 0.748 0.141
vn -0.854 0.517 0.058
vn -0.713 0.696 0.084
vn -0.474 0.877 0.078
vn -0.561 0.82 0.112
vn -0.858 0.487 0.162
vn -0.995 0.053 0.091
vn -0.702 0.698 0.142
vn -0.437 0.898 0.058
vn -0.781 0.583 0.223
vn -0.49 0.872 0.013
vn -0.732 0.681 0.02
vn -0.524 0.781 -0.339
vn -0.881 0.429 0.2
vn -0.874 0.366 0.321
vn -0.981 -0.065 0.181
vn -0.724 -0.149 0.673
vn -0.716 0.569 -0.404
vn -0.562 0.46 -0.688
vn -0.288 0.771 -0.568
vn -0.666 0.333 -0.667
vn -0.867 0.316 -0.385
vn -0.94 0.313 -0.133
vn -0.886 0.356 0.297
vn -0.967 0.001 0.255
vn -0.879 0.298 0.371
vn -0.955 0.023 0.296
vn -0.9 0.19 0.391
vn -0.875 0.032 0.484
vn -0.794 0.266 0.546
vn -0.217 -0.29 0.932
vn -0.91 0.049 0.411
vn -0.595 0.408 0.692
vn -0.559 -0.049 0.828
vn -0.511 0.256 0.821
vn -0.826 0.127 0.548
vn -0.381 0.138 0.914
vn -0.696 -0.113 0.708
vn -0.859 0.07 0.507
vn -0.68 -0.177 0.711
vn -0.428 0.317 0.846
vn -0.463 -0.393 0.794
vn -0.247 -0.616 0.748
vn 0.672 -0.686 -0.28
vn 0.361 -0.533 -0.766
vn 0.812 -0.436 -0.388
vn 0.889 -0.334 -0.314
vn 0.912 -0.409 -0.036
vn 0.864 -0.344 0.368
vn 0.829 -0.129 -0.544
vn 0.896 -0.166 0.413
vn 0.672 -0.686 -0.28
vn 0.864 -0.344 0.368
vn 0.361 -0.533 -0.766
vn 0.95 0.004 -0.312
vn 0.973 0.144 0.179
vn 0.855 -0.005 0.518
vn 0.836 -0.058 0.546
vn 0.984 -0.138 -0.116
vn 0.979 -0.13 0.159
vn -0.428 0.591 0.684
vn -0.349 0.608 0.712
vn -0.405 0.585 0.703
vn -0.202 0.616 0.762
vn 0.855 -0.005 0.518
vn 0.979 -0.13 0.159
vn 0.998 -0.014 -0.067
vn 0.973 0.144 0.179
vn 0.95 0.004 -0.312
vn 0.225 0.286 -0.932
vn 0.206 0.669 -0.714
vn -0.223 0.542 -0.81
vn -0.811 0.572 -0.125
vn -0.357 0.933 -0.05
vn 0.172 0.488 -0.855
vn -0.278 0.949 -0.15
vn -0.662 0.625 0.413
vn -0.68 0.554 0.48
vn -0.447 0.462 0.767
vn -0.387 0.398 0.832
vn -0.756 0.651 0.068
vn -0.405 0.585 0.703
vn -0.929 0.304 0.212
vn -0.941 -0.012 -0.337
vn -0.916 -0.1 -0.389
vn -0.977 0.15 0.151
vn -0.975 -0.168 0.144
vn -0.941 -0.012 -0.337
vn -0.22 -0.283 -0.934
vn -0.916 -0.1 -0.389
vn -0.855 -0.486 -0.178
vn 0.208 -0.883 -0.421
vn 0.674 -0.684 -0.278
vn 0.814 -0.148 -0.562
vn -0.009 -1 -0.022
vn -0.274 -0.708 -0.65
vn -0.737 -0.587 -0.335
vn -0.81 -0.581 -0.083
vn 0.381 -0.924 0.004
vn -0.591 -0.806 0.035
vn -0.015 -0.998 0.069
vn 0.045 -0.998 0.052
vn -0.693 -0.718 0.066
vn 0.002 -0.998 -0.062
vn -0.93 -0.367 -0.001
vn 0.031 -0.996 -0.081
vn 0.279 -0.959 -0.046
vn 0.81 -0.531 -0.248
vn 0.726 -0.687 -0.037
vn -0.025 -1 -0.014
vn -0.752 -0.658 0.035
vn 0.01 -1 -0.021
vn 0.742 -0.642 0.193
vn -0.049 -0.993 0.108
vn -0.568 -0.792 0.225
vn -0.625 -0.486 0.61
vn 0.034 -0.996 0.089
vn 0.569 -0.691 0.444
vn -0.009 -0.969 0.246
vn -0.355 -0.335 0.873
vn 0.363 -0.503 0.784
vn -0.002 0.16 0.987
vn -0.051 0.112 0.993
vn 0.115 -0.223 0.968
vn -0.055 0.554 0.831
vn -0.65 -0.16 -0.742
vn 0.063 -0.846 -0.529
vn -0.024 -0.802 -0.597
vn -0.123 0.651 -0.749
vn -0.675 0.601 0.428
vn -0.592 0.463 0.659
vn -0.594 0.666 0.451
vn -0.717 0.448 0.533
vn 0.977 0.071 0.2
vn 0.912 -0.073 0.403
vn 0.878 0.147 0.455
vn 0.68 0.133 0.721
vn 0.707 0.147 0.692
vn 0.287 0.03 0.958
vn 0.583 -0.405 0.704
vn 0.904 0.103 0.416
vn 0.891 0.049 -0.452
vn 0.846 -0.182 0.501
vn 0.827 -0.46 -0.322
vn 0.894 0.125 0.431
vn 0.925 0.046 0.378
vn 0.902 0.016 -0.432
vn 0.66 -0.712 -0.238
vn 0.695 -0.675 0.249
vn 0.482 -0.787 0.384
vn 0.678 0.229 0.699
vn 0.451 -0.679 0.58
vn 0.237 -0.817 0.525
vn 0.46 0.031 0.888
vn 0.725 0.018 0.688
vn 0.156 -0.954 0.258
vn 0.38 -0.745 0.548
vn 0.541 -0.674 0.502
vn 0.733 0.14 0.666
vn 0.662 0.112 0.741
vn 0.642 0.158 0.75
vn 0.48 0.473 0.739
vn 0.679 0.029 0.733
vn 0.268 -0.924 0.271
vn 0.3 -0.682 0.667
vn 0.458 0.332 0.825
vn 0.601 0.257 0.757
vn 0.161 0.84 0.518
vn -0.095 0.049 0.994
vn -0.107 0.151 0.983
vn -0.381 0.342 0.859
vn -0.185 -0.013 0.982
vn -0.382 0.014 -0.924
vn 0.415 -0.797 -0.438
vn -0.41 -0.332 -0.85
vn 0.51 0.051 -0.859
vn -0.382 0.003 -0.924
vn 0.463 0.014 -0.886
vn -0.274 -0.708 -0.65
vn 0.208 -0.883 -0.421
vn 0.625 0.111 0.773
vn 0.592 0.276 0.757
vn 0.729 0.475 0.492
vn -0.128 0.822 0.554
vn 0.966 -0.172 0.192
vn 0.801 0.091 -0.592
vn 0.5 0.332 0.8
vn -0.115 -0.93 0.35
vn 0.048 -0.293 0.955
vn -0.137 -0.154 0.979
vn -0.578 0.177 0.797
vn -0.875 0.084 0.478
vn -0.838 0.364 0.406
vn 0.028 0.329 0.944
vn -0.095 0.214 0.972
vn 0.308 0.056 0.95
vn 0.516 0.243 0.822
vn 0.647 0.149 0.748
vn 0.201 0.294 0.934
vn -0.312 0.325 0.893
vn 0.61 0.198 0.767
vn 0.228 0.277 0.934
vn -0.224 0.446 0.867
vn 0.572 0.149 0.807
vn 0.595 0.066 0.801
vn -0.762 -0.009 0.647
vn -0.834 -0.214 0.508
vn -0.829 -0.211 0.518
vn -0.877 -0.026 0.479
vn 0.82 -0.519 -0.241
vn 0.258 -0.115 -0.959
vn 0.452 -0.54 -0.71
vn 0.3 -0.392 -0.87
vn -0.671 -0.02 -0.742
vn 0.282 -0.708 -0.647
vn -0.76 -0.292 -0.581
vn -0.554 -0.569 -0.607
vn -0.652 -0.55 -0.522
vn -0.318 0.452 0.833
vn -0.262 0.61 0.748
vn -0.074 0.539 0.839
vn -0.37 0.383 0.847
vn -0.455 0.048 0.889
vn -0.491 0.228 0.841
vn -0.576 0.174 0.799
vn -0.532 0.214 0.819
vn -0.579 0.27 0.77
vn -0.756 0.326 0.567
vn -0.778 0.275 0.564
vn -0.535 0.485 0.692
vn -0.678 0.46 0.573
vn -0.943 0.169 0.287
vn -0.594 0.666 0.451
vn -0.717 0.448 0.533
vn -0.771 0.387 0.506
vn -0.919 0.152 0.364
vn -0.937 0.069 0.344
vn -0.973 -0.084 0.217
vn -0.985 -0.031 0.167
vn -0.935 0.171 0.312
vn -0.927 -0.16 0.339
vn -0.871 0.231 0.434
vn -0.984 -0.153 -0.088
vn -0.948 -0.284 0.142
vn -0.988 -0.038 -0.147
vn -0.815 -0.525 0.243
vn -0.964 -0.146 -0.221
vn -0.66 -0.281 0.697
vn -0.662 -0.652 0.37
vn -0.768 0.062 0.637
vn -0.962 -0.065 -0.266
vn -0.935 -0.254 -0.248
vn -0.833 0.112 0.541
vn -0.702 0.354 0.618
vn -0.713 0.427 0.556
vn -0.546 0.67 0.503
vn -0.619 0.657 0.43
vn -0.675 0.601 0.428
vn -0.913 -0.077 -0.401
vn -0.458 -0.564 -0.687
vn -0.962 -0.062 -0.265
vn -0.984 -0.138 -0.115
vn -0.977 -0.04 -0.209
vn -0.859 -0.128 -0.495
vn -0.809 -0.076 -0.583
vn -0.865 -0.135 -0.483
vn -0.623 -0.194 -0.758
vn -0.625 -0.242 -0.742
vn -0.308 -0.301 -0.902
vn -0.406 -0.424 -0.81
vn -0.439 -0.281 -0.853
vn -0.11 -0.275 -0.955
vn -0.338 -0.263 -0.903
vn -0.334 -0.218 -0.917
vn 0.874 -0.264 -0.407
vn 0.629 -0.303 -0.716
vn -0.053 -0.264 -0.963
vn -0.575 -0.1 -0.812
vn -0.316 -0.201 -0.927
vn -0.572 0.041 -0.819
vn -0.445 -0.057 -0.894
vn -0.26 -0.055 -0.964
vn -0.288 0.103 -0.952
vn -0.533 0.118 -0.838
vn -0.281 0.067 -0.957
vn 0.077 0.535 0.841
vn -0.228 0.973 -0.049
vn -0.904 -0.106 0.413
vn -0.433 0.708 0.559
vn -0.321 -0.248 0.914
vn -0.561 0.223 0.797
vn -0.5 0.328 0.801
vn -0.228 0.973 -0.049
vn 0.077 0.535 0.841
vn -0.511 -0.796 0.325
vn -0.321 -0.248 0.914
vn 0.407 -0.556 -0.725
vn 0.801 0.091 -0.592
vn 0.966 -0.172 0.192
vn 0.51 -0.45 0.733
vn -0.288 -0.907 -0.306
vn 0.066 0.639 -0.766
vn -0.685 0.729 0.028
vn -0.769 0.063 -0.636
vn -0.183 0.909 -0.375
vn -0.725 0.633 0.27
vn 0.434 0.534 -0.726
vn -0.459 0.683 -0.568
vn 0.299 0.42 -0.856
vn 0.081 -0.788 0.61
vn 0.583 -0.405 0.704
vn 0.287 0.03 0.958
vn 0.599 0.12 0.792
vn 0.238 0.494 0.836
vn 0.588 0.436 0.681
vn 0.68 0.133 0.721
vn -0.479 -0.531 0.699
vn -0.768 -0.558 0.316
vn -0.561 -0.718 -0.413
vn -0.812 -0.462 -0.358
vn -0.948 -0.196 0.25
vn -0.982 -0.1 -0.16
vn -0.592 0.463 0.659
vn -0.479 0.643 0.598
vn -0.781 0.5 0.375
vn -0.606 0.733 0.309
vn -0.584 0.799 0.141
vn -0.483 0.828 0.286
vn -0.473 0.878 0.077
vn -0.433 0.892 -0.128
vn -0.501 0.74 -0.449
vn -0.283 0.855 -0.435
vn -0.236 0.325 -0.916
vn -0.033 0.51 -0.86
vn -0.411 -0.14 -0.901
vn 0.174 -0.271 -0.947
vn -0.458 -0.729 -0.51
vn -0.535 -0.116 -0.837
vn -0.894 -0.118 0.433
vn -0.948 -0.196 0.25
vn -0.768 -0.558 0.316
vn -0.744 -0.187 0.642
vn -0.479 -0.531 0.699
vn -0.426 -0.205 0.881
vn -0.162 -0.184 0.969
vn -0.574 0.013 0.819
vn -0.288 0.765 0.577
vn -0.046 0.774 0.631
vn -0.354 0.066 0.933
vn -0.116 0.786 0.607
vn -0.224 0.875 0.43
vn -0.146 0.151 0.978
vn 0.219 -0.02 0.976
vn -0.298 0.846 0.441
vn 0.24 0.265 0.934
vn 0.7 0.099 0.707
vn -0.15 0.84 0.521
vn 0.205 0.702 0.683
vn -0.024 -0.802 -0.597
vn -0.734 0.672 0.099
vn -0.123 0.651 -0.749
vn -0.019 0.898 -0.44
vn 0.057 0.794 -0.605
vn -0.432 0.895 -0.114
vn -0.65 0.695 -0.308
vn -0.487 0.872 0.057
vn -0.257 0.715 -0.649
vn -0.792 0.611 0.012
vn -0.73 0.411 0.546
vn -0.692 0.304 0.655
vn -0.911 0.361 -0.201
vn -0.855 0.367 -0.365
vn -0.544 -0.034 -0.838
vn -0.405 0.261 -0.876
vn -0.958 0.238 0.156
vn -0.69 -0.084 0.719
vn -0.835 -0.331 0.439
vn -0.834 0.037 -0.551
vn 0.025 -0.076 -0.997
vn -0.158 -0.898 -0.409
vn 0.792 0.245 -0.56
vn 0.706 0.606 -0.366
vn 0.812 0.516 -0.274
vn 0.643 0.761 0.085
vn 0.183 0.123 0.976
vn -0.488 0.37 0.791
vn -0.107 0.095 0.99
vn -0.166 -0.393 0.904
vn -0.36 -0.147 0.921
vn -0.107 0.095 0.99
vn -0.109 0.029 0.994
vn 0.183 0.123 0.976
vn -0.166 -0.393 0.904
vn 0.958 0.245 0.151
vn 0.951 0.292 -0.101
vn 0.964 0.245 -0.102
vn 0.945 0.292 0.149
vn 0.886 0.245 0.394
vn 0.835 0.534 0.132
vn 0.841 0.534 -0.089
vn 0.773 0.534 0.344
vn 0.874 0.292 0.388
vn 0.754 0.245 0.61
vn 0.658 0.534 0.532
vn 0.744 0.292 0.602
vn 0.57 0.245 0.784
vn 0.498 0.534 0.684
vn 0.562 0.292 0.773
vn 0.348 0.245 0.905
vn 0.303 0.534 0.79
vn 0.343 0.292 0.893
vn 0.102 0.245 0.964
vn 0.089 0.534 0.841
vn 0.101 0.292 0.951
vn -0.151 0.245 0.958
vn -0.132 0.534 0.835
vn -0.149 0.292 0.945
vn -0.394 0.245 0.886
vn -0.344 0.534 0.773
vn -0.388 0.292 0.874
vn -0.61 0.245 0.754
vn -0.532 0.534 0.658
vn -0.602 0.292 0.744
vn -0.784 0.245 0.57
vn -0.684 0.534 0.498
vn -0.773 0.292 0.562
vn -0.905 0.245 0.348
vn -0.79 0.534 0.303
vn -0.893 0.292 0.343
vn -0.964 0.245 0.102
vn -0.841 0.534 0.089
vn -0.951 0.292 0.101
vn -0.958 0.245 -0.151
vn -0.835 0.534 -0.132
vn -0.945 0.292 -0.149
vn -0.886 0.245 -0.394
vn -0.773 0.534 -0.344
vn -0.874 0.292 -0.388
vn -0.754 0.245 -0.61
vn -0.658 0.534 -0.532
vn -0.744 0.292 -0.602
vn -0.57 0.245 -0.784
vn -0.498 0.534 -0.684
vn -0.562 0.292 -0.773
vn -0.348 0.245 -0.905
vn -0.303 0.534 -0.79
vn -0.343 0.292 -0.893
vn -0.102 0.245 -0.964
vn -0.089 0.534 -0.841
vn -0.101 0.292 -0.951
vn 0.151 0.245 -0.958
vn 0.132 0.534 -0.835
vn 0.149 0.292 -0.945
vn 0.394 0.245 -0.886
vn 0.344 0.534 -0.773
vn 0.388 0.292 -0.874
vn 0.61 0.245 -0.754
vn 0.532 0.534 -0.658
vn 0.602 0.292 -0.744
vn 0.784 0.245 -0.57
vn 0.684 0.534 -0.498
vn 0.773 0.292 -0.562
vn 0.905 0.245 -0.348
vn 0.79 0.534 -0.303
vn 0.893 0.292 -0.343
vn 0.964 0.245 -0.102
vn 0.841 0.534 -0.089
vn 0.951 0.292 -0.101
vn -0.051 0.112 0.993
vn 0.157 0.106 0.982
vn -0.403 0.119 0.907
vn -0.107 0.095 0.99
vn -0.078 0.026 0.997
vn -0.141 0.048 0.989
vn 0.38 -0.745 0.548
vn 0.156 -0.954 0.258
vn -0.01 -1 -0.026
vn 0.541 -0.674 0.502
vn 0.043 -0.998 -0.059
vn 0.268 -0.924 0.271
vn -0.065 -0.996 0.06
vn 0.046 -0.999 -0.001
vn 0.482 -0.787 0.384
vn 0.695 -0.675 0.249
vn 0.66 -0.712 -0.238
vn 0.208 -0.726 -0.655
vn -0.133 -0.676 -0.725
vn -0.271 -0.689 -0.671
vn -0.319 -0.88 -0.351
vn -0.103 -0.972 -0.209
vn -0.311 -0.725 -0.615
vn 0.015 -1 -0.014
vn -0.451 -0.757 -0.472
vn -0.61 -0.72 -0.333
vn -0.029 -0.995 0.101
vn 0.3 -0.682 0.667
vn 0.041 -0.462 0.886
vn -0.083 -0.996 0.035
vn -0.165 -0.968 0.187
vn -0.356 -0.324 0.876
vn -0.737 -0.671 -0.086
vn -0.812 -0.497 0.308
vn 0.828 -0.036 -0.56
vn 0.146 -0.108 -0.983
vn 0.242 -0.967 -0.084
vn 0.214 -0.974 0.081
vn 0.415 -0.797 -0.438
vn -0.41 -0.332 -0.85
vn 0.523 -0.851 0.041
vn -0.499 -0.068 -0.864
vn 0.345 -0.927 0.146
vn 0.138 -0.965 0.224
vn 0.868 -0.473 0.151
vn -0.906 -0.392 -0.161
vn -0.719 -0.316 -0.619
vn -0.783 -0.597 -0.172
vn -0.389 -0.906 0.166
vn -0.908 -0.407 0.096
vn -0.863 -0.3 0.407
vn -0.334 -0.918 0.215
vn -0.849 -0.117 0.515
vn -0.608 -0.558 0.565
vn 0.208 -0.142 0.968
vn 0.216 -0.49 0.844
vn 0.573 -0.688 0.445
vn 0.806 -0.191 0.561
vn -0.321 -0.248 0.914
vn -0.403 0.185 0.896
vn 0.048 -0.293 0.955
vn -0.5 0.328 0.801
vn -0.137 -0.154 0.979
vn 0.326 0.945 -0.034
vn 0.324 0.945 0.051
vn 0.036 1 0.006
vn 0.036 1 -0.004
vn 0 1 0
vn 0.306 0.945 -0.118
vn 0.034 1 0.015
vn 0.3 0.945 0.133
vn 0.034 1 -0.013
vn 0.265 0.945 -0.193
vn 0.029 1 0.023
vn 0.255 0.945 0.206
vn 0.03 1 -0.022
vn 0.206 0.945 -0.255
vn 0.022 1 0.03
vn 0.193 0.945 0.265
vn 0.023 1 -0.029
vn 0.013 1 0.034
vn 0.015 1 -0.034
vn 0.133 0.945 -0.3
vn 0.118 0.945 0.306
vn 0.051 0.945 -0.324
vn 0.004 1 0.036
vn 0.034 0.945 0.326
vn 0.006 1 -0.036
vn -0.034 0.945 -0.326
vn -0.006 1 0.036
vn -0.051 0.945 0.324
vn -0.004 1 -0.036
vn -0.118 0.945 -0.306
vn -0.015 1 0.034
vn -0.133 0.945 0.3
vn -0.013 1 -0.034
vn -0.023 1 0.029
vn -0.022 1 -0.03
vn -0.193 0.945 -0.265
vn -0.206 0.945 0.255
vn -0.255 0.945 -0.206
vn -0.03 1 0.022
vn -0.265 0.945 0.193
vn -0.029 1 -0.023
vn -0.3 0.945 -0.133
vn -0.034 1 0.013
vn -0.306 0.945 0.118
vn -0.034 1 -0.015
vn -0.324 0.945 -0.051
vn -0.036 1 0.004
vn -0.326 0.945 0.034
vn -0.036 1 -0.006
g mustardMain_0
f 3/3/3 2/2/2 1/1/1
f 6/6/6 5/5/5 4/4/4
f 9/9/9 8/8/8 7/7/7
f 12/12/12 11/11/11 10/10/10
f 15/15/15 14/14/14 13/13/13
f 18/18/18 17/17/17 16/16/16
f 21/21/21 20/20/20 19/19/19
f 24/24/24 23/23/23 22/22/22
f 27/27/27 26/26/26 25/25/25
f 30/30/30 29/29/29 28/28/28
f 33/33/33 32/32/32 31/31/31
f 36/36/36 35/35/35 34/34/34
f 39/39/39 38/38/38 37/37/37
f 42/42/42 41/41/41 40/40/40
f 45/45/45 44/44/44 43/43/43
f 48/48/48 47/47/47 46/46/46
f 51/51/51 50/50/50 49/49/49
f 54/54/54 53/53/53 52/52/52
f 57/57/57 56/56/56 55/55/55
f 60/60/60 59/59/59 58/58/58
f 63/63/63 62/62/62 61/61/61
f 66/66/66 65/65/65 64/64/64
f 69/69/69 68/68/68 67/67/67
f 72/72/72 71/71/71 70/70/70
f 75/75/75 74/74/74 73/73/73
f 78/78/78 77/77/77 76/76/76
f 81/81/81 80/80/80 79/79/79
f 84/84/84 83/83/83 82/82/82
f 87/87/87 86/86/86 85/85/85
f 90/90/90 89/89/89 88/88/88
f 93/93/93 92/92/92 91/91/91
f 96/96/96 95/95/95 94/94/94
f 99/99/99 98/98/98 97/97/97
f 102/102/102 101/101/101 100/100/100
f 105/105/105 104/104/104 103/103/103
f 108/108/108 107/107/107 106/106/106
f 111/111/111 110/110/110 109/109/109
f 114/114/114 113/113/113 112/112/112
f 117/117/117 116/116/116 115/115/115
f 120/120/120 119/119/119 118/118/118
f 120/120/120 118/118/118 121/121/121
f 122/122/122 120/120/120 121/121/121
f 122/122/122 121/121/121 123/123/123
f 122/122/122 123/123/123 120/120/120
f 124/124/124 120/120/120 123/123/123
f 123/123/123 125/125/125 124/124/124
f 128/128/128 127/127/127 126/126/126
f 127/127/127 128/128/128 129/129/129
f 130/130/130 129/129/129 128/128/128
f 131/131/131 129/129/129 130/130/130
f 129/129/129 132/132/132 127/127/127
f 132/132/132 133/133/133 127/127/127
f 132/132/132 134/134/134 133/133/133
f 134/134/134 132/132/132 135/135/135
f 132/132/132 136/136/136 135/135/135
f 135/135/135 137/137/137 134/134/134
f 138/138/138 134/134/134 137/137/137
f 141/141/141 140/140/140 139/139/139
f 140/140/140 141/141/141 142/142/142
f 143/143/143 140/140/140 142/142/142
f 144/144/144 140/140/140 143/143/143
f 144/144/144 145/145/145 140/140/140
f 148/148/148 147/147/147 146/146/146
f 146/146/146 149/149/149 148/148/148
f 152/152/152 151/151/151 150/150/150
f 152/152/152 153/153/153 151/151/151
f 153/153/153 152/152/152 154/154/154
f 153/153/153 155/155/155 151/151/151
f 155/155/155 156/156/156 151/151/151
f 157/157/157 156/156/156 155/155/155
f 157/157/157 155/155/155 158/158/158
f 158/158/158 155/155/155 159/159/159
f 158/158/158 159/159/159 160/160/160
f 159/159/159 155/155/155 161/161/161
f 155/155/155 153/153/153 161/161/161
f 159/159/159 161/161/161 160/160/160
f 162/162/162 153/153/153 154/154/154
f 161/161/161 153/153/153 162/162/162
f 161/161/161 163/163/163 160/160/160
f 162/162/162 163/163/163 161/161/161
f 164/164/164 163/163/163 162/162/162
f 160/160/160 163/163/163 165/165/165
f 163/163/163 164/164/164 165/165/165
f 154/154/154 166/166/166 162/162/162
f 154/154/154 167/167/167 166/166/166
f 168/168/168 162/162/162 166/166/166
f 167/167/167 168/168/168 166/166/166
f 164/164/164 162/162/162 168/168/168
f 169/169/169 168/168/168 167/167/167
f 164/164/164 168/168/168 169/169/169
f 170/170/170 169/169/169 167/167/167
f 165/165/165 164/164/164 171/171/171
f 172/172/172 165/165/165 171/171/171
f 171/171/171 173/173/173 172/172/172
f 164/164/164 174/174/174 171/171/171
f 175/175/175 171/171/171 174/174/174
f 175/175/175 174/174/174 176/176/176
f 177/177/177 164/164/164 169/169/169
f 177/177/177 174/174/174 164/164/164
f 170/170/170 178/178/178 169/169/169
f 177/177/177 169/169/169 178/178/178
f 174/174/174 177/177/177 179/179/179
f 174/174/174 179/179/179 176/176/176
f 179/179/179 177/177/177 178/178/178
f 176/176/176 179/179/179 180/180/180
f 176/176/176 180/180/180 181/181/181
f 181/181/181 180/180/180 182/182/182
f 180/180/180 179/179/179 183/183/183
f 178/178/178 183/183/183 179/179/179
f 184/184/184 178/178/178 170/170/170
f 185/185/185 184/184/184 170/170/170
f 186/186/186 184/184/184 185/185/185
f 182/182/182 180/180/180 187/187/187
f 183/183/183 187/187/187 180/180/180
f 188/188/188 178/178/178 184/184/184
f 183/183/183 178/178/178 188/188/188
f 189/189/189 188/188/188 184/184/184
f 188/188/188 189/189/189 183/183/183
f 186/186/186 190/190/190 184/184/184
f 189/189/189 184/184/184 190/190/190
f 191/191/191 190/190/190 186/186/186
f 191/191/191 189/189/189 190/190/190
f 191/191/191 186/186/186 192/192/192
f 187/187/187 183/183/183 193/193/193
f 193/193/193 183/183/183 189/189/189
f 194/194/194 189/189/189 191/191/191
f 192/192/192 194/194/194 191/191/191
f 189/189/189 194/194/194 193/193/193
f 195/195/195 194/194/194 192/192/192
f 195/195/195 193/193/193 194/194/194
f 195/195/195 192/192/192 196/196/196
f 197/197/197 182/182/182 187/187/187
f 187/187/187 193/193/193 197/197/197
f 197/197/197 198/198/198 182/182/182
f 182/182/182 198/198/198 199/199/199
f 197/197/197 193/193/193 200/200/200
f 200/200/200 193/193/193 195/195/195
f 200/200/200 195/195/195 201/201/201
f 202/202/202 197/197/197 200/200/200
f 202/202/202 200/200/200 201/201/201
f 202/202/202 201/201/201 203/203/203
f 204/204/204 195/195/195 196/196/196
f 201/201/201 195/195/195 204/204/204
f 205/205/205 204/204/204 196/196/196
f 205/205/205 196/196/196 206/206/206
f 207/207/207 205/205/205 206/206/206
f 208/208/208 201/201/201 204/204/204
f 205/205/205 208/208/208 204/204/204
f 209/209/209 201/201/201 208/208/208
f 205/205/205 209/209/209 208/208/208
f 210/210/210 209/209/209 205/205/205
f 207/207/207 211/211/211 205/205/205
f 211/211/211 210/210/210 205/205/205
f 211/211/211 207/207/207 212/212/212
f 212/212/212 213/213/213 211/211/211
f 201/201/201 214/214/214 203/203/203
f 201/201/201 209/209/209 214/214/214
f 215/215/215 203/203/203 214/214/214
f 215/215/215 214/214/214 209/209/209
f 209/209/209 210/210/210 215/215/215
f 203/203/203 215/215/215 216/216/216
f 213/213/213 217/217/217 211/211/211
f 217/217/217 210/210/210 211/211/211
f 218/218/218 216/216/216 215/215/215
f 218/218/218 215/215/215 210/210/210
f 219/219/219 210/210/210 217/217/217
f 220/220/220 218/218/218 210/210/210
f 210/210/210 219/219/219 220/220/220
f 216/216/216 218/218/218 221/221/221
f 218/218/218 220/220/220 221/221/221
f 222/222/222 216/216/216 221/221/221
f 222/222/222 223/223/223 216/216/216
f 224/224/224 217/217/217 213/213/213
f 224/224/224 219/219/219 217/217/217
f 221/221/221 220/220/220 225/225/225
f 221/221/221 225/225/225 226/226/226
f 220/220/220 219/219/219 227/227/227
f 228/228/228 219/219/219 224/224/224
f 228/228/228 227/227/227 219/219/219
f 225/225/225 220/220/220 229/229/229
f 229/229/229 220/220/220 227/227/227
f 227/227/227 228/228/228 230/230/230
f 230/230/230 228/228/228 224/224/224
f 231/231/231 229/229/229 227/227/227
f 231/231/231 227/227/227 230/230/230
f 232/232/232 225/225/225 229/229/229
f 229/229/229 231/231/231 232/232/232
f 226/226/226 225/225/225 233/233/233
f 225/225/225 232/232/232 233/233/233
f 234/234/234 226/226/226 233/233/233
f 235/235/235 226/226/226 234/234/234
f 233/233/233 236/236/236 234/234/234
f 233/233/233 232/232/232 236/236/236
f 236/236/236 232/232/232 237/237/237
f 232/232/232 231/231/231 237/237/237
f 237/237/237 238/238/238 236/236/236
f 230/230/230 239/239/239 231/231/231
f 239/239/239 230/230/230 224/224/224
f 237/237/237 231/231/231 239/239/239
f 238/238/238 237/237/237 240/240/240
f 240/240/240 237/237/237 239/239/239
f 241/241/241 238/238/238 240/240/240
f 242/242/242 239/239/239 224/224/224
f 213/213/213 242/242/242 224/224/224
f 243/243/243 239/239/239 242/242/242
f 243/243/243 242/242/242 213/213/213
f 243/243/243 240/240/240 239/239/239
f 243/243/243 213/213/213 244/244/244
f 245/245/245 241/241/241 240/240/240
f 245/245/245 246/246/246 241/241/241
f 243/243/243 247/247/247 240/240/240
f 247/247/247 245/245/245 240/240/240
f 248/248/248 246/246/246 245/245/245
f 249/249/249 245/245/245 247/247/247
f 247/247/247 243/243/243 249/249/249
f 249/249/249 243/243/243 244/244/244
f 250/250/250 246/246/246 248/248/248
f 249/249/249 244/244/244 251/251/251
f 252/252/252 250/250/250 248/248/248
f 251/251/251 244/244/244 253/253/253
f 252/252/252 248/248/248 254/254/254
f 255/255/255 254/254/254 248/248/248
f 255/255/255 248/248/248 251/251/251
f 248/248/248 256/256/256 251/251/251
f 251/251/251 253/253/253 257/257/257
f 258/258/258 255/255/255 251/251/251
f 257/257/257 258/258/258 251/251/251
f 257/257/257 259/259/259 258/258/258
f 257/257/257 260/260/260 259/259/259
f 259/259/259 260/260/260 261/261/261
f 258/258/258 259/259/259 262/262/262
f 263/263/263 259/259/259 261/261/261
f 259/259/259 263/263/263 262/262/262
f 261/261/261 264/264/264 263/263/263
f 265/265/265 263/263/263 264/264/264
f 265/265/265 262/262/262 263/263/263
f 265/265/265 264/264/264 266/266/266
f 267/267/267 262/262/262 265/265/265
f 267/267/267 268/268/268 262/262/262
f 269/269/269 268/268/268 267/267/267
f 272/272/272 271/271/271 270/270/270
f 273/273/273 272/272/272 270/270/270
f 270/270/270 274/274/274 273/273/273
f 275/275/275 273/273/273 274/274/274
f 278/278/278 277/277/277 276/276/276
f 277/277/277 279/279/279 276/276/276
f 279/279/279 280/280/280 276/276/276
f 281/281/281 280/280/280 279/279/279
f 279/279/279 282/282/282 281/281/281
f 283/283/283 282/282/282 279/279/279
f 284/284/284 282/282/282 283/283/283
f 283/283/283 285/285/285 284/284/284
f 285/285/285 286/286/286 284/284/284
f 287/287/287 286/286/286 285/285/285
f 287/287/287 288/288/288 286/286/286
f 287/287/287 289/289/289 288/288/288
f 289/289/289 287/287/287 290/290/290
f 291/291/291 289/289/289 290/290/290
f 290/290/290 287/287/287 292/292/292
f 295/295/295 294/294/294 293/293/293
f 296/296/296 295/295/295 293/293/293
f 297/297/297 295/295/295 296/296/296
f 297/297/297 298/298/298 295/295/295
f 297/297/297 299/299/299 298/298/298
f 299/299/299 300/300/300 298/298/298
f 299/299/299 301/301/301 300/300/300
f 301/301/301 302/302/302 300/300/300
f 301/301/301 303/303/303 302/302/302
f 301/301/301 304/304/304 303/303/303
f 303/303/303 304/304/304 305/305/305
f 306/306/306 303/303/303 305/305/305
f 306/306/306 307/307/307 303/303/303
f 308/308/308 306/306/306 305/305/305
f 305/305/305 304/304/304 309/309/309
f 310/310/310 309/309/309 304/304/304
f 309/309/309 310/310/310 311/311/311
f 312/312/312 309/309/309 311/311/311
f 313/313/313 312/312/312 311/311/311
f 314/314/314 312/312/312 313/313/313
f 315/315/315 314/314/314 313/313/313
f 315/315/315 316/316/316 314/314/314
f 316/316/316 315/315/315 317/317/317
f 314/314/314 318/318/318 312/312/312
f 318/318/318 314/314/314 316/316/316
f 318/318/318 319/319/319 312/312/312
f 319/319/319 309/309/309 312/312/312
f 319/319/319 320/320/320 309/309/309
f 320/320/320 305/305/305 309/309/309
f 321/321/321 305/305/305 320/320/320
f 305/305/305 321/321/321 308/308/308
f 308/308/308 321/321/321 322/322/322
f 308/308/308 322/322/322 323/323/323
f 322/322/322 324/324/324 323/323/323
f 325/325/325 318/318/318 316/316/316
f 317/317/317 326/326/326 316/316/316
f 326/326/326 325/325/325 316/316/316
f 327/327/327 326/326/326 317/317/317
f 328/328/328 326/326/326 327/327/327
f 329/329/329 325/325/325 326/326/326
f 329/329/329 326/326/326 328/328/328
f 328/328/328 330/330/330 329/329/329
f 330/330/330 331/331/331 329/329/329
f 334/334/334 333/333/333 332/332/332
f 332/332/332 335/335/335 334/334/334
f 338/338/338 337/337/337 336/336/336
f 336/336/336 339/339/339 338/338/338
f 336/336/336 340/340/340 339/339/339
f 339/339/339 341/341/341 338/338/338
f 341/341/341 339/339/339 340/340/340
f 342/342/342 341/341/341 340/340/340
f 341/341/341 342/342/342 343/343/343
f 343/343/343 342/342/342 344/344/344
f 344/344/344 342/342/342 345/345/345
f 342/342/342 346/346/346 345/345/345
f 344/344/344 345/345/345 347/347/347
f 346/346/346 348/348/348 345/345/345
f 347/347/347 345/345/345 348/348/348
f 346/346/346 349/349/349 348/348/348
f 348/348/348 350/350/350 347/347/347
f 348/348/348 349/349/349 350/350/350
f 351/351/351 350/350/350 349/349/349
f 347/347/347 350/350/350 352/352/352
f 350/350/350 351/351/351 353/353/353
f 353/353/353 352/352/352 350/350/350
f 354/354/354 352/352/352 353/353/353
f 355/355/355 354/354/354 353/353/353
f 355/355/355 356/356/356 354/354/354
f 357/357/357 356/356/356 355/355/355
f 356/356/356 357/357/357 358/358/358
f 359/359/359 358/358/358 357/357/357
f 358/358/358 359/359/359 360/360/360
f 359/359/359 361/361/361 360/360/360
f 361/361/361 362/362/362 360/360/360
f 365/365/365 364/364/364 363/363/363
f 364/364/364 365/365/365 366/366/366
f 367/367/367 366/366/366 365/365/365
f 368/368/368 364/364/364 366/366/366
f 369/369/369 366/366/366 367/367/367
f 369/369/369 368/368/368 366/366/366
f 370/370/370 369/369/369 367/367/367
f 371/371/371 369/369/369 370/370/370
f 371/371/371 368/368/368 369/369/369
f 370/370/370 372/372/372 371/371/371
f 372/372/372 373/373/373 371/371/371
f 374/374/374 368/368/368 371/371/371
f 374/374/374 371/371/371 373/373/373
f 375/375/375 374/374/374 373/373/373
f 376/376/376 368/368/368 374/374/374
f 375/375/375 377/377/377 374/374/374
f 374/374/374 377/377/377 376/376/376
f 378/378/378 377/377/377 375/375/375
f 379/379/379 376/376/376 377/377/377
f 378/378/378 379/379/379 377/377/377
f 379/379/379 380/380/380 376/376/376
f 379/379/379 378/378/378 381/381/381
f 381/381/381 380/380/380 379/379/379
f 378/378/378 382/382/382 381/381/381
f 380/380/380 381/381/381 383/383/383
f 386/386/386 385/385/385 384/384/384
f 384/384/384 387/387/387 386/386/386
f 387/387/387 388/388/388 386/386/386
f 389/389/389 388/388/388 387/387/387
f 389/389/389 390/390/390 388/388/388
f 391/391/391 387/387/387 384/384/384
f 391/391/391 389/389/389 387/387/387
f 386/386/386 388/388/388 392/392/392
f 388/388/388 393/393/393 392/392/392
f 394/394/394 392/392/392 393/393/393
f 389/389/389 391/391/391 395/395/395
f 395/395/395 391/391/391 396/396/396
f 397/397/397 395/395/395 396/396/396
f 389/389/389 395/395/395 397/397/397
f 398/398/398 389/389/389 397/397/397
f 398/398/398 399/399/399 389/389/389
f 390/390/390 389/389/389 399/399/399
f 400/400/400 390/390/390 399/399/399
f 401/401/401 390/390/390 400/400/400
f 402/402/402 401/401/401 400/400/400
f 401/401/401 403/403/403 390/390/390
f 390/390/390 403/403/403 404/404/404
f 404/404/404 405/405/405 390/390/390
f 390/390/390 405/405/405 388/388/388
f 388/388/388 405/405/405 406/406/406
f 406/406/406 393/393/393 388/388/388
f 406/406/406 407/407/407 393/393/393
f 408/408/408 393/393/393 407/407/407
f 393/393/393 408/408/408 409/409/409
f 393/393/393 409/409/409 410/410/410
f 410/410/410 409/409/409 411/411/411
f 410/410/410 394/394/394 393/393/393
f 410/410/410 411/411/411 412/412/412
f 410/410/410 412/412/412 394/394/394
f 394/394/394 412/412/412 413/413/413
f 412/412/412 411/411/411 414/414/414
f 412/412/412 415/415/415 413/413/413
f 413/413/413 415/415/415 416/416/416
f 417/417/417 415/415/415 412/412/412
f 412/412/412 414/414/414 417/417/417
f 417/417/417 418/418/418 415/415/415
f 418/418/418 417/417/417 419/419/419
f 417/417/417 420/420/420 419/419/419
f 421/421/421 420/420/420 417/417/417
f 421/421/421 417/417/417 414/414/414
f 421/421/421 414/414/414 422/422/422
f 425/425/425 424/424/424 423/423/423
f 426/426/426 425/425/425 423/423/423
f 427/427/427 426/426/426 423/423/423
f 428/428/428 426/426/426 427/427/427
f 429/429/429 425/425/425 426/426/426
f 428/428/428 430/430/430 426/426/426
f 426/426/426 430/430/430 429/429/429
f 425/425/425 429/429/429 431/431/431
f 431/431/431 432/432/432 425/425/425
f 433/433/433 430/430/430 428/428/428
f 434/434/434 433/433/433 428/428/428
f 430/430/430 435/435/435 429/429/429
f 435/435/435 430/430/430 433/433/433
f 429/429/429 435/435/435 431/431/431
f 435/435/435 433/433/433 436/436/436
f 435/435/435 436/436/436 437/437/437
f 438/438/438 432/432/432 431/431/431
f 438/438/438 439/439/439 432/432/432
f 440/440/440 431/431/431 435/435/435
f 441/441/441 440/440/440 435/435/435
f 440/440/440 442/442/442 431/431/431
f 441/441/441 442/442/442 440/440/440
f 442/442/442 438/438/438 431/431/431
f 442/442/442 441/441/441 443/443/443
f 443/443/443 438/438/438 442/442/442
f 438/438/438 443/443/443 444/444/444
f 438/438/438 445/445/445 439/439/439
f 439/439/439 445/445/445 446/446/446
f 447/447/447 439/439/439 446/446/446
f 450/450/450 449/449/449 448/448/448
f 450/450/450 448/448/448 451/451/451
f 450/450/450 451/451/451 452/452/452
f 450/450/450 452/452/452 453/453/453
f 448/448/448 454/454/454 451/451/451
f 448/448/448 455/455/455 454/454/454
f 451/451/451 454/454/454 456/456/456
f 457/457/457 451/451/451 456/456/456
f 460/460/460 459/459/459 458/458/458
f 458/458/458 459/459/459 461/461/461
f 458/458/458 461/461/461 462/462/462
f 462/462/462 461/461/461 463/463/463
f 458/458/458 462/462/462 464/464/464
f 463/463/463 465/465/465 462/462/462
f 466/466/466 465/465/465 463/463/463
f 462/462/462 465/465/465 467/467/467
f 462/462/462 467/467/467 468/468/468
f 467/467/467 465/465/465 469/469/469
f 469/469/469 468/468/468 467/467/467
f 468/468/468 469/469/469 470/470/470
f 471/471/471 470/470/470 469/469/469
f 470/470/470 471/471/471 472/472/472
f 468/468/468 470/470/470 472/472/472
f 472/472/472 471/471/471 473/473/473
f 472/472/472 473/473/473 474/474/474
f 468/468/468 472/472/472 474/474/474
f 474/474/474 473/473/473 475/475/475
f 475/475/475 473/473/473 476/476/476
f 475/475/475 476/476/476 477/477/477
f 477/477/477 478/478/478 475/475/475
f 474/474/474 475/475/475 479/479/479
f 478/478/478 479/479/479 475/475/475
f 468/468/468 474/474/474 480/480/480
f 474/474/474 479/479/479 480/480/480
f 462/462/462 468/468/468 481/481/481
f 468/468/468 480/480/480 481/481/481
f 482/482/482 480/480/480 479/479/479
f 479/479/479 478/478/478 482/482/482
f 483/483/483 478/478/478 477/477/477
f 477/477/477 484/484/484 483/483/483
f 485/485/485 483/483/483 484/484/484
f 483/483/483 485/485/485 486/486/486
f 486/486/486 478/478/478 483/483/483
f 487/487/487 478/478/478 486/486/486
f 487/487/487 488/488/488 478/478/478
f 488/488/488 482/482/482 478/478/478
f 489/489/489 488/488/488 487/487/487
f 482/482/482 488/488/488 489/489/489
f 490/490/490 489/489/489 487/487/487
f 489/489/489 490/490/490 491/491/491
f 492/492/492 480/480/480 482/482/482
f 480/480/480 492/492/492 481/481/481
f 493/493/493 482/482/482 489/489/489
f 493/493/493 492/492/492 482/482/482
f 494/494/494 489/489/489 491/491/491
f 493/493/493 489/489/489 494/494/494
f 495/495/495 492/492/492 493/493/493
f 495/495/495 493/493/493 494/494/494
f 491/491/491 496/496/496 494/494/494
f 496/496/496 491/491/491 497/497/497
f 498/498/498 496/496/496 497/497/497
f 494/494/494 499/499/499 495/495/495
f 499/499/499 494/494/494 496/496/496
f 500/500/500 496/496/496 498/498/498
f 500/500/500 498/498/498 501/501/501
f 499/499/499 496/496/496 502/502/502
f 500/500/500 502/502/502 496/496/496
f 501/501/501 503/503/503 500/500/500
f 501/501/501 504/504/504 503/503/503
f 503/503/503 505/505/505 500/500/500
f 505/505/505 503/503/503 506/506/506
f 506/506/506 507/507/507 505/505/505
f 508/508/508 505/505/505 507/507/507
f 500/500/500 509/509/509 502/502/502
f 509/509/509 500/500/500 505/505/505
f 499/499/499 510/510/510 495/495/495
f 495/495/495 510/510/510 511/511/511
f 495/495/495 511/511/511 492/492/492
f 510/510/510 499/499/499 512/512/512
f 510/510/510 512/512/512 511/511/511
f 513/513/513 499/499/499 502/502/502
f 512/512/512 499/499/499 513/513/513
f 514/514/514 492/492/492 511/511/511
f 492/492/492 514/514/514 481/481/481
f 515/515/515 511/511/511 512/512/512
f 515/515/515 514/514/514 511/511/511
f 514/514/514 516/516/516 481/481/481
f 462/462/462 481/481/481 516/516/516
f 462/462/462 516/516/516 464/464/464
f 464/464/464 516/516/516 514/514/514
f 464/464/464 514/514/514 515/515/515
f 464/464/464 515/515/515 517/517/517
f 515/515/515 512/512/512 518/518/518
f 518/518/518 517/517/517 515/515/515
f 518/518/518 512/512/512 513/513/513
f 502/502/502 519/519/519 513/513/513
f 509/509/509 519/519/519 502/502/502
f 517/517/517 518/518/518 520/520/520
f 520/520/520 521/521/521 517/517/517
f 518/518/518 513/513/513 522/522/522
f 520/520/520 518/518/518 522/522/522
f 520/520/520 522/522/522 521/521/521
f 513/513/513 519/519/519 522/522/522
f 522/522/522 523/523/523 521/521/521
f 522/522/522 519/519/519 523/523/523
f 524/524/524 521/521/521 523/523/523
f 524/524/524 523/523/523 525/525/525
f 519/519/519 509/509/509 526/526/526
f 519/519/519 526/526/526 523/523/523
f 523/523/523 527/527/527 525/525/525
f 525/525/525 527/527/527 528/528/528
f 528/528/528 527/527/527 529/529/529
f 530/530/530 528/528/528 529/529/529
f 531/531/531 530/530/530 529/529/529
f 532/532/532 527/527/527 523/523/523
f 532/532/532 523/523/523 526/526/526
f 529/529/529 527/527/527 532/532/532
f 509/509/509 533/533/533 526/526/526
f 533/533/533 532/532/532 526/526/526
f 505/505/505 533/533/533 509/509/509
f 529/529/529 534/534/534 531/531/531
f 534/534/534 535/535/535 531/531/531
f 536/536/536 531/531/531 535/535/535
f 529/529/529 537/537/537 534/534/534
f 535/535/535 534/534/534 537/537/537
f 529/529/529 532/532/532 538/538/538
f 538/538/538 537/537/537 529/529/529
f 532/532/532 533/533/533 539/539/539
f 539/539/539 538/538/538 532/532/532
f 533/533/533 540/540/540 539/539/539
f 538/538/538 539/539/539 540/540/540
f 541/541/541 533/533/533 505/505/505
f 540/540/540 533/533/533 541/541/541
f 538/538/538 542/542/542 537/537/537
f 538/538/538 540/540/540 542/542/542
f 543/543/543 541/541/541 505/505/505
f 505/505/505 508/508/508 543/543/543
f 541/541/541 544/544/544 540/540/540
f 543/543/543 544/544/544 541/541/541
f 545/545/545 543/543/543 508/508/508
f 545/545/545 544/544/544 543/543/543
f 545/545/545 508/508/508 546/546/546
f 547/547/547 540/540/540 544/544/544
f 542/542/542 540/540/540 547/547/547
f 547/547/547 544/544/544 545/545/545
f 542/542/542 547/547/547 548/548/548
f 545/545/545 548/548/548 547/547/547
f 537/537/537 542/542/542 549/549/549
f 549/549/549 542/542/542 548/548/548
f 550/550/550 549/549/549 548/548/548
f 535/535/535 537/537/537 549/549/549
f 549/549/549 550/550/550 535/535/535
f 546/546/546 551/551/551 545/545/545
f 545/545/545 551/551/551 548/548/548
f 551/551/551 546/546/546 552/552/552
f 553/553/553 551/551/551 552/552/552
f 553/553/553 548/548/548 551/551/551
f 553/553/553 552/552/552 554/554/554
f 555/555/555 548/548/548 553/553/553
f 550/550/550 548/548/548 555/555/555
f 553/553/553 554/554/554 556/556/556
f 555/555/555 553/553/553 556/556/556
f 557/557/557 550/550/550 555/555/555
f 556/556/556 557/557/557 555/555/555
f 558/558/558 556/556/556 554/554/554
f 554/554/554 559/559/559 558/558/558
f 560/560/560 556/556/556 558/558/558
f 556/556/556 560/560/560 557/557/557
f 559/559/559 561/561/561 558/558/558
f 558/558/558 561/561/561 560/560/560
f 561/561/561 559/559/559 562/562/562
f 560/560/560 561/561/561 563/563/563
f 557/557/557 560/560/560 564/564/564
f 560/560/560 563/563/563 565/565/565
f 560/560/560 565/565/565 564/564/564
f 566/566/566 550/550/550 557/557/557
f 564/564/564 566/566/566 557/557/557
f 566/566/566 567/567/567 550/550/550
f 563/563/563 568/568/568 565/565/565
f 569/569/569 568/568/568 563/563/563
f 567/567/567 570/570/570 550/550/550
f 535/535/535 550/550/550 570/570/570
f 570/570/570 571/571/571 535/535/535
f 567/567/567 571/571/571 570/570/570
f 535/535/535 571/571/571 536/536/536
f 572/572/572 536/536/536 571/571/571
f 571/571/571 573/573/573 572/572/572
f 567/567/567 573/573/573 571/571/571
f 574/574/574 568/568/568 569/569/569
f 575/575/575 574/574/574 569/569/569
f 576/576/576 568/568/568 574/574/574
f 576/576/576 574/574/574 577/577/577
f 576/576/576 578/578/578 568/568/568
f 568/568/568 578/578/578 579/579/579
f 580/580/580 579/579/579 578/578/578
f 579/579/579 565/565/565 568/568/568
f 581/581/581 579/579/579 580/580/580
f 565/565/565 579/579/579 581/581/581
f 582/582/582 581/581/581 580/580/580
f 581/581/581 564/564/564 565/565/565
f 583/583/583 564/564/564 581/581/581
f 582/582/582 583/583/583 581/581/581
f 584/584/584 564/564/564 583/583/583
f 583/583/583 582/582/582 584/584/584
f 584/584/584 566/566/566 564/564/564
f 584/584/584 582/582/582 585/585/585
f 585/585/585 582/582/582 586/586/586
f 566/566/566 584/584/584 587/587/587
f 587/587/587 584/584/584 585/585/585
f 567/567/567 566/566/566 587/587/587
f 585/585/585 588/588/588 587/587/587
f 586/586/586 588/588/588 585/585/585
f 588/588/588 567/567/567 587/587/587
f 589/589/589 588/588/588 586/586/586
f 589/589/589 586/586/586 590/590/590
f 588/588/588 591/591/591 567/567/567
f 591/591/591 588/588/588 589/589/589
f 591/591/591 573/573/573 567/567/567
f 591/591/591 592/592/592 573/573/573
f 590/590/590 593/593/593 589/589/589
f 589/589/589 593/593/593 591/591/591
f 593/593/593 592/592/592 591/591/591
f 594/594/594 593/593/593 590/590/590
f 592/592/592 593/593/593 594/594/594
f 597/597/597 596/596/596 595/595/595
f 595/595/595 598/598/598 597/597/597
f 595/595/595 599/599/599 598/598/598
f 597/597/597 598/598/598 600/600/600
f 598/598/598 601/601/601 600/600/600
f 600/600/600 602/602/602 597/597/597
f 603/603/603 597/597/597 602/602/602
f 602/602/602 604/604/604 603/603/603
f 602/602/602 600/600/600 605/605/605
f 604/604/604 602/602/602 605/605/605
f 604/604/604 605/605/605 606/606/606
f 606/606/606 607/607/607 604/604/604
f 603/603/603 604/604/604 608/608/608
f 604/604/604 607/607/607 608/608/608
f 608/608/608 609/609/609 603/603/603
f 608/608/608 607/607/607 610/610/610
f 608/608/608 610/610/610 609/609/609
f 610/610/610 611/611/611 609/609/609
f 607/607/607 612/612/612 610/610/610
f 610/610/610 613/613/613 611/611/611
f 613/613/613 610/610/610 612/612/612
f 612/612/612 614/614/614 613/613/613
f 615/615/615 613/613/613 614/614/614
f 613/613/613 615/615/615 616/616/616
f 600/600/600 617/617/617 605/605/605
f 617/617/617 618/618/618 605/605/605
f 619/619/619 617/617/617 600/600/600
f 600/600/600 601/601/601 619/619/619
f 620/620/620 619/619/619 601/601/601
f 621/621/621 620/620/620 601/601/601
f 621/621/621 622/622/622 620/620/620
f 623/623/623 622/622/622 621/621/621
f 623/623/623 621/621/621 624/624/624
f 619/619/619 625/625/625 617/617/617
f 617/617/617 625/625/625 626/626/626
f 617/617/617 626/626/626 627/627/627
f 619/619/619 628/628/628 625/625/625
f 628/628/628 619/619/619 620/620/620
f 629/629/629 625/625/625 628/628/628
f 630/630/630 628/628/628 620/620/620
f 630/630/630 629/629/629 628/628/628
f 631/631/631 630/630/630 620/620/620
f 632/632/632 629/629/629 630/630/630
f 631/631/631 632/632/632 630/630/630
f 635/635/635 634/634/634 633/633/633
f 635/635/635 633/633/633 636/636/636
f 636/636/636 633/633/633 637/637/637
f 636/636/636 638/638/638 635/635/635
f 638/638/638 639/639/639 635/635/635
f 639/639/639 640/640/640 635/635/635
f 635/635/635 640/640/640 641/641/641
f 642/642/642 641/641/641 640/640/640
f 640/640/640 643/643/643 642/642/642
f 639/639/639 638/638/638 644/644/644
f 645/645/645 643/643/643 640/640/640
f 646/646/646 643/643/643 645/645/645
f 644/644/644 647/647/647 640/640/640
f 640/640/640 647/647/647 645/645/645
f 645/645/645 647/647/647 648/648/648
f 645/645/645 649/649/649 646/646/646
f 648/648/648 649/649/649 645/645/645
f 646/646/646 649/649/649 650/650/650
f 644/644/644 651/651/651 647/647/647
f 638/638/638 651/651/651 644/644/644
f 651/651/651 648/648/648 647/647/647
f 652/652/652 651/651/651 638/638/638
f 648/648/648 651/651/651 653/653/653
f 652/652/652 653/653/653 651/651/651
f 654/654/654 652/652/652 638/638/638
f 636/636/636 654/654/654 638/638/638
f 655/655/655 654/654/654 636/636/636
f 655/655/655 636/636/636 656/656/656
f 657/657/657 655/655/655 656/656/656
f 658/658/658 655/655/655 657/657/657
f 654/654/654 655/655/655 658/658/658
f 654/654/654 658/658/658 652/652/652
f 658/658/658 659/659/659 652/652/652
f 660/660/660 659/659/659 658/658/658
f 659/659/659 661/661/661 652/652/652
f 659/659/659 662/662/662 661/661/661
f 660/660/660 663/663/663 659/659/659
f 652/652/652 661/661/661 664/664/664
f 652/652/652 664/664/664 653/653/653
f 661/661/661 662/662/662 665/665/665
f 664/664/664 661/661/661 665/665/665
f 662/662/662 663/663/663 665/665/665
f 664/664/664 666/666/666 653/653/653
f 664/664/664 665/665/665 666/666/666
f 660/660/660 667/667/667 663/663/663
f 667/667/667 660/660/660 668/668/668
f 669/669/669 668/668/668 660/660/660
f 670/670/670 668/668/668 669/669/669
f 668/668/668 670/670/670 671/671/671
f 672/672/672 671/671/671 670/670/670
f 672/672/672 673/673/673 671/671/671
f 673/673/673 674/674/674 671/671/671
f 675/675/675 673/673/673 672/672/672
f 676/676/676 668/668/668 671/671/671
f 674/674/674 676/676/676 671/671/671
f 668/668/668 677/677/677 667/667/667
f 676/676/676 677/677/677 668/668/668
f 677/677/677 676/676/676 678/678/678
f 679/679/679 667/667/667 677/677/677
f 667/667/667 679/679/679 663/663/663
f 677/677/677 678/678/678 679/679/679
f 663/663/663 679/679/679 680/680/680
f 679/679/679 678/678/678 680/680/680
f 673/673/673 681/681/681 674/674/674
f 681/681/681 673/673/673 682/682/682
f 682/682/682 675/675/675 683/683/683
f 681/681/681 682/682/682 683/683/683
f 681/681/681 683/683/683 684/684/684
f 681/681/681 684/684/684 685/685/685
f 681/681/681 685/685/685 686/686/686
f 681/681/681 686/686/686 674/674/674
f 687/687/687 684/684/684 683/683/683
f 663/663/663 680/680/680 688/688/688
f 688/688/688 665/665/665 663/663/663
f 689/689/689 684/684/684 687/687/687
f 689/689/689 690/690/690 684/684/684
f 691/691/691 689/689/689 687/687/687
f 690/690/690 689/689/689 691/691/691
f 692/692/692 690/690/690 691/691/691
f 665/665/665 688/688/688 693/693/693
f 666/666/666 665/665/665 693/693/693
f 674/674/674 686/686/686 694/694/694
f 686/686/686 695/695/695 694/694/694
f 686/686/686 685/685/685 695/695/695
f 696/696/696 694/694/694 695/695/695
f 674/674/674 694/694/694 696/696/696
f 685/685/685 696/696/696 695/695/695
f 697/697/697 696/696/696 685/685/685
f 698/698/698 674/674/674 696/696/696
f 674/674/674 698/698/698 676/676/676
f 676/676/676 698/698/698 678/678/678
f 678/678/678 698/698/698 696/696/696
f 678/678/678 696/696/696 697/697/697
f 678/678/678 697/697/697 699/699/699
f 678/678/678 699/699/699 680/680/680
f 680/680/680 699/699/699 700/700/700
f 699/699/699 697/697/697 701/701/701
f 700/700/700 699/699/699 701/701/701
f 702/702/702 680/680/680 700/700/700
f 688/688/688 680/680/680 702/702/702
f 703/703/703 688/688/688 702/702/702
f 703/703/703 702/702/702 700/700/700
f 704/704/704 688/688/688 703/703/703
f 704/704/704 693/693/693 688/688/688
f 705/705/705 703/703/703 700/700/700
f 706/706/706 703/703/703 705/705/705
f 706/706/706 705/705/705 707/707/707
f 705/705/705 700/700/700 707/707/707
f 700/700/700 701/701/701 707/707/707
f 708/708/708 707/707/707 701/701/701
f 701/701/701 709/709/709 708/708/708
f 701/701/701 697/697/697 709/709/709
f 709/709/709 697/697/697 710/710/710
f 697/697/697 711/711/711 710/710/710
f 685/685/685 711/711/711 697/697/697
f 712/712/712 693/693/693 704/704/704
f 713/713/713 712/712/712 704/704/704
f 704/704/704 714/714/714 713/713/713
f 715/715/715 712/712/712 713/713/713
f 715/715/715 716/716/716 712/712/712
f 693/693/693 712/712/712 716/716/716
f 717/717/717 716/716/716 715/715/715
f 718/718/718 693/693/693 716/716/716
f 718/718/718 666/666/666 693/693/693
f 717/717/717 719/719/719 716/716/716
f 716/716/716 719/719/719 718/718/718
f 666/666/666 718/718/718 720/720/720
f 653/653/653 666/666/666 720/720/720
f 719/719/719 717/717/717 721/721/721
f 722/722/722 721/721/721 717/717/717
f 719/719/719 723/723/723 718/718/718
f 718/718/718 723/723/723 720/720/720
f 724/724/724 723/723/723 719/719/719
f 721/721/721 724/724/724 719/719/719
f 720/720/720 723/723/723 724/724/724
f 721/721/721 722/722/722 725/725/725
f 725/725/725 724/724/724 721/721/721
f 726/726/726 725/725/725 722/722/722
f 727/727/727 653/653/653 720/720/720
f 648/648/648 653/653/653 727/727/727
f 725/725/725 728/728/728 724/724/724
f 729/729/729 728/728/728 725/725/725
f 730/730/730 720/720/720 724/724/724
f 727/727/727 720/720/720 730/730/730
f 728/728/728 730/730/730 724/724/724
f 727/727/727 730/730/730 731/731/731
f 730/730/730 728/728/728 731/731/731
f 648/648/648 727/727/727 732/732/732
f 732/732/732 727/727/727 731/731/731
f 731/731/731 728/728/728 733/733/733
f 732/732/732 731/731/731 733/733/733
f 732/732/732 733/733/733 734/734/734
f 733/733/733 735/735/735 734/734/734
f 728/728/728 735/735/735 733/733/733
f 729/729/729 735/735/735 728/728/728
f 735/735/735 729/729/729 736/736/736
f 734/734/734 735/735/735 736/736/736
f 737/737/737 736/736/736 729/729/729
f 732/732/732 738/738/738 648/648/648
f 649/649/649 648/648/648 738/738/738
f 739/739/739 736/736/736 737/737/737
f 734/734/734 736/736/736 739/739/739
f 740/740/740 739/739/739 737/737/737
f 741/741/741 740/740/740 737/737/737
f 738/738/738 732/732/732 742/742/742
f 742/742/742 732/732/732 734/734/734
f 649/649/649 738/738/738 743/743/743
f 738/738/738 742/742/742 743/743/743
f 742/742/742 744/744/744 743/743/743
f 743/743/743 745/745/745 649/649/649
f 745/745/745 743/743/743 746/746/746
f 743/743/743 744/744/744 746/746/746
f 746/746/746 747/747/747 745/745/745
f 747/747/747 746/746/746 748/748/748
f 746/746/746 749/749/749 748/748/748
f 746/746/746 744/744/744 749/749/749
f 744/744/744 750/750/750 749/749/749
f 744/744/744 751/751/751 750/750/750
f 742/742/742 752/752/752 744/744/744
f 752/752/752 742/742/742 734/734/734
f 744/744/744 753/753/753 751/751/751
f 752/752/752 753/753/753 744/744/744
f 734/734/734 754/754/754 752/752/752
f 752/752/752 754/754/754 753/753/753
f 753/753/753 755/755/755 751/751/751
f 753/753/753 754/754/754 755/755/755
f 755/755/755 756/756/756 751/751/751
f 754/754/754 757/757/757 755/755/755
f 754/754/754 758/758/758 757/757/757
f 734/734/734 759/759/759 754/754/754
f 754/754/754 759/759/759 758/758/758
f 759/759/759 734/734/734 739/739/739
f 759/759/759 739/739/739 758/758/758
f 762/762/762 761/761/761 760/760/760
f 762/762/762 760/760/760 763/763/763
f 764/764/764 763/763/763 760/760/760
f 765/765/765 763/763/763 764/764/764
f 762/762/762 763/763/763 766/766/766
f 767/767/767 763/763/763 765/765/765
f 763/763/763 768/768/768 766/766/766
f 767/767/767 768/768/768 763/763/763
f 766/766/766 768/768/768 769/769/769
f 767/767/767 769/769/769 768/768/768
f 772/772/772 771/771/771 770/770/770
f 771/771/771 773/773/773 770/770/770
f 773/773/773 774/774/774 770/770/770
f 774/774/774 773/773/773 775/775/775
f 776/776/776 773/773/773 771/771/771
f 775/775/775 773/773/773 777/777/777
f 778/778/778 773/773/773 776/776/776
f 777/777/777 773/773/773 778/778/778
f 777/777/777 778/778/778 779/779/779
f 780/780/780 777/777/777 779/779/779
f 778/778/778 776/776/776 781/781/781
f 779/779/779 778/778/778 781/781/781
f 776/776/776 782/782/782 781/781/781
f 780/780/780 779/779/779 783/783/783
f 783/783/783 784/784/784 780/780/780
f 780/780/780 784/784/784 785/785/785
f 785/785/785 784/784/784 786/786/786
f 786/786/786 784/784/784 787/787/787
f 786/786/786 787/787/787 788/788/788
f 787/787/787 784/784/784 789/789/789
f 789/789/789 788/788/788 787/787/787
f 789/789/789 784/784/784 790/790/790
f 790/790/790 784/784/784 783/783/783
f 788/788/788 789/789/789 791/791/791
f 789/789/789 790/790/790 791/791/791
f 792/792/792 788/788/788 791/791/791
f 791/791/791 790/790/790 793/793/793
f 790/790/790 783/783/783 794/794/794
f 795/795/795 790/790/790 794/794/794
f 794/794/794 783/783/783 796/796/796
f 796/796/796 783/783/783 779/779/779
f 779/779/779 797/797/797 796/796/796
f 797/797/797 798/798/798 796/796/796
f 796/796/796 798/798/798 799/799/799
f 779/779/779 800/800/800 797/797/797
f 800/800/800 779/779/779 781/781/781
f 799/799/799 798/798/798 801/801/801
f 802/802/802 799/799/799 801/801/801
f 801/801/801 803/803/803 802/802/802
f 803/803/803 801/801/801 804/804/804
f 798/798/798 805/805/805 801/801/801
f 798/798/798 806/806/806 805/805/805
f 798/798/798 797/797/797 806/806/806
f 806/806/806 797/797/797 807/807/807
f 800/800/800 807/807/807 797/797/797
f 806/806/806 807/807/807 808/808/808
f 808/808/808 807/807/807 809/809/809
f 807/807/807 810/810/810 809/809/809
f 800/800/800 810/810/810 807/807/807
f 810/810/810 800/800/800 811/811/811
f 812/812/812 810/810/810 811/811/811
f 811/811/811 800/800/800 813/813/813
f 811/811/811 813/813/813 814/814/814
f 800/800/800 781/781/781 813/813/813
f 815/815/815 813/813/813 781/781/781
f 782/782/782 815/815/815 781/781/781
f 815/815/815 816/816/816 813/813/813
f 817/817/817 813/813/813 816/816/816
f 818/818/818 816/816/816 815/815/815
f 815/815/815 819/819/819 818/818/818
f 782/782/782 819/819/819 815/815/815
f 819/819/819 782/782/782 820/820/820
f 819/819/819 820/820/820 821/821/821
f 824/824/824 823/823/823 822/822/822
f 822/822/822 825/825/825 824/824/824
f 825/825/825 826/826/826 824/824/824
f 826/826/826 825/825/825 827/827/827
f 827/827/827 828/828/828 826/826/826
f 826/826/826 828/828/828 829/829/829
f 827/827/827 830/830/830 828/828/828
f 829/829/829 828/828/828 831/831/831
f 831/831/831 832/832/832 829/829/829
f 829/829/829 832/832/832 833/833/833
f 832/832/832 831/831/831 834/834/834
f 834/834/834 831/831/831 835/835/835
f 831/831/831 836/836/836 835/835/835
f 828/828/828 836/836/836 831/831/831
f 828/828/828 830/830/830 837/837/837
f 828/828/828 837/837/837 836/836/836
f 838/838/838 837/837/837 830/830/830
f 830/830/830 839/839/839 838/838/838
f 839/839/839 840/840/840 838/838/838
f 837/837/837 841/841/841 836/836/836
f 838/838/838 841/841/841 837/837/837
f 841/841/841 838/838/838 840/840/840
f 836/836/836 841/841/841 842/842/842
f 843/843/843 841/841/841 840/840/840
f 846/846/846 845/845/845 844/844/844
f 845/845/845 846/846/846 847/847/847
f 848/848/848 847/847/847 846/846/846
f 849/849/849 847/847/847 848/848/848
f 845/845/845 847/847/847 850/850/850
f 850/850/850 847/847/847 851/851/851
f 847/847/847 852/852/852 851/851/851
f 851/851/851 852/852/852 853/853/853
f 853/853/853 852/852/852 854/854/854
f 852/852/852 855/855/855 854/854/854
f 852/852/852 856/856/856 855/855/855
f 857/857/857 851/851/851 853/853/853
f 857/857/857 850/850/850 851/851/851
f 858/858/858 845/845/845 850/850/850
f 859/859/859 850/850/850 857/857/857
f 859/859/859 858/858/858 850/850/850
f 860/860/860 859/859/859 857/857/857
f 860/860/860 857/857/857 861/861/861
f 860/860/860 861/861/861 862/862/862
f 857/857/857 863/863/863 861/861/861
f 858/858/858 859/859/859 864/864/864
f 859/859/859 865/865/865 864/864/864
f 866/866/866 864/864/864 865/865/865
f 864/864/864 866/866/866 867/867/867
f 868/868/868 864/864/864 867/867/867
f 864/864/864 868/868/868 858/858/858
f 868/868/868 845/845/845 858/858/858
f 869/869/869 845/845/845 868/868/868
f 870/870/870 869/869/869 868/868/868
f 869/869/869 871/871/871 845/845/845
f 872/872/872 862/862/862 861/861/861
f 873/873/873 862/862/862 872/872/872
f 861/861/861 874/874/874 872/872/872
f 874/874/874 861/861/861 875/875/875
f 861/861/861 863/863/863 875/875/875
f 863/863/863 876/876/876 875/875/875
f 876/876/876 863/863/863 877/877/877
f 863/863/863 878/878/878 877/877/877
f 879/879/879 877/877/877 878/878/878
f 880/880/880 875/875/875 876/876/876
f 880/880/880 874/874/874 875/875/875
f 881/881/881 874/874/874 880/880/880
f 882/882/882 881/881/881 880/880/880
f 883/883/883 874/874/874 881/881/881
f 884/884/884 883/883/883 881/881/881
f 874/874/874 885/885/885 872/872/872
f 885/885/885 874/874/874 883/883/883
f 884/884/884 886/886/886 883/883/883
f 886/886/886 884/884/884 887/887/887
f 886/886/886 887/887/887 888/888/888
f 888/888/888 889/889/889 886/886/886
f 890/890/890 883/883/883 886/886/886
f 886/886/886 889/889/889 890/890/890
f 891/891/891 885/885/885 883/883/883
f 883/883/883 890/890/890 891/891/891
f 892/892/892 890/890/890 889/889/889
f 892/892/892 889/889/889 893/893/893
f 893/893/893 894/894/894 892/892/892
f 892/892/892 895/895/895 890/890/890
f 895/895/895 891/891/891 890/890/890
f 894/894/894 896/896/896 892/892/892
f 896/896/896 895/895/895 892/892/892
f 897/897/897 896/896/896 894/894/894
f 898/898/898 896/896/896 897/897/897
f 895/895/895 899/899/899 891/891/891
f 891/891/891 900/900/900 885/885/885
f 891/891/891 899/899/899 900/900/900
f 901/901/901 885/885/885 900/900/900
f 900/900/900 899/899/899 901/901/901
f 901/901/901 872/872/872 885/885/885
f 899/899/899 902/902/902 901/901/901
f 872/872/872 901/901/901 903/903/903
f 901/901/901 902/902/902 903/903/903
f 873/873/873 872/872/872 903/903/903
f 902/902/902 904/904/904 903/903/903
f 904/904/904 873/873/873 903/903/903
f 905/905/905 873/873/873 904/904/904
f 905/905/905 904/904/904 906/906/906
f 907/907/907 873/873/873 905/905/905
f 908/908/908 907/907/907 905/905/905
f 911/911/911 910/910/910 909/909/909
f 912/912/912 911/911/911 909/909/909
f 913/913/913 912/912/912 909/909/909
f 916/916/916 915/915/915 914/914/914
f 916/916/916 917/917/917 915/915/915
f 917/917/917 916/916/916 918/918/918
f 919/919/919 918/918/918 916/916/916
f 920/920/920 918/918/918 919/919/919
f 916/916/916 921/921/921 919/919/919
f 922/922/922 920/920/920 919/919/919
f 919/919/919 921/921/921 923/923/923
f 923/923/923 921/921/921 924/924/924
f 925/925/925 922/922/922 919/919/919
f 926/926/926 922/922/922 925/925/925
f 927/927/927 925/925/925 919/919/919
f 926/926/926 925/925/925 927/927/927
f 923/923/923 927/927/927 919/919/919
f 928/928/928 926/926/926 927/927/927
f 929/929/929 927/927/927 923/923/923
f 928/928/928 927/927/927 930/930/930
f 929/929/929 923/923/923 931/931/931
f 928/928/928 930/930/930 932/932/932
f 928/928/928 932/932/932 933/933/933
f 932/932/932 934/934/934 933/933/933
f 935/935/935 933/933/933 934/934/934
f 923/923/923 924/924/924 936/936/936
f 931/931/931 923/923/923 936/936/936
f 933/933/933 937/937/937 928/928/928
f 938/938/938 928/928/928 937/937/937
f 939/939/939 933/933/933 935/935/935
f 939/939/939 935/935/935 940/940/940
f 941/941/941 937/937/937 933/933/933
f 941/941/941 933/933/933 939/939/939
f 942/942/942 941/941/941 939/939/939
f 937/937/937 943/943/943 938/938/938
f 943/943/943 944/944/944 938/938/938
f 944/944/944 943/943/943 945/945/945
f 946/946/946 944/944/944 945/945/945
f 947/947/947 945/945/945 943/943/943
f 947/947/947 943/943/943 937/937/937
f 948/948/948 947/947/947 937/937/937
f 948/948/948 937/937/937 941/941/941
f 948/948/948 941/941/941 942/942/942
f 942/942/942 949/949/949 948/948/948
f 949/949/949 942/942/942 950/950/950
f 950/950/950 942/942/942 951/951/951
f 942/942/942 939/939/939 952/952/952
f 952/952/952 939/939/939 953/953/953
f 952/952/952 953/953/953 954/954/954
f 952/952/952 954/954/954 955/955/955
f 952/952/952 955/955/955 956/956/956
f 942/942/942 952/952/952 956/956/956
f 951/951/951 942/942/942 956/956/956
f 957/957/957 950/950/950 951/951/951
f 958/958/958 950/950/950 957/957/957
f 957/957/957 951/951/951 959/959/959
f 959/959/959 958/958/958 957/957/957
f 960/960/960 951/951/951 956/956/956
f 956/956/956 961/961/961 960/960/960
f 956/956/956 962/962/962 961/961/961
f 961/961/961 962/962/962 963/963/963
f 962/962/962 931/931/931 963/963/963
f 960/960/960 961/961/961 964/964/964
f 964/964/964 961/961/961 963/963/963
f 965/965/965 951/951/951 960/960/960
f 965/965/965 960/960/960 964/964/964
f 959/959/959 951/951/951 966/966/966
f 951/951/951 965/965/965 966/966/966
f 966/966/966 967/967/967 959/959/959
f 966/966/966 965/965/965 968/968/968
f 969/969/969 959/959/959 967/967/967
f 959/959/959 969/969/969 958/958/958
f 970/970/970 969/969/969 967/967/967
f 971/971/971 958/958/958 969/969/969
f 958/958/958 971/971/971 972/972/972
f 970/970/970 973/973/973 969/969/969
f 970/970/970 974/974/974 973/973/973
f 965/965/965 975/975/975 968/968/968
f 968/968/968 975/975/975 976/976/976
f 968/968/968 976/976/976 977/977/977
f 965/965/965 978/978/978 975/975/975
f 975/975/975 978/978/978 976/976/976
f 978/978/978 965/965/965 964/964/964
f 979/979/979 976/976/976 978/978/978
f 978/978/978 964/964/964 979/979/979
f 976/976/976 980/980/980 977/977/977
f 980/980/980 976/976/976 979/979/979
f 964/964/964 981/981/981 979/979/979
f 963/963/963 981/981/981 964/964/964
f 977/977/977 980/980/980 982/982/982
f 977/977/977 982/982/982 983/983/983
f 979/979/979 984/984/984 980/980/980
f 979/979/979 981/981/981 984/984/984
f 980/980/980 984/984/984 982/982/982
f 981/981/981 963/963/963 985/985/985
f 984/984/984 981/981/981 985/985/985
f 985/985/985 963/963/963 986/986/986
f 931/931/931 986/986/986 963/963/963
f 931/931/931 936/936/936 986/986/986
f 985/985/985 986/986/986 987/987/987
f 987/987/987 988/988/988 985/985/985
f 936/936/936 989/989/989 986/986/986
f 989/989/989 990/990/990 986/986/986
f 936/936/936 924/924/924 989/989/989
f 990/990/990 989/989/989 991/991/991
f 991/991/991 989/989/989 924/924/924
f 992/992/992 991/991/991 924/924/924
f 993/993/993 985/985/985 988/988/988
f 985/985/985 993/993/993 984/984/984
f 988/988/988 994/994/994 993/993/993
f 984/984/984 993/993/993 994/994/994
f 994/994/994 982/982/982 984/984/984
f 982/982/982 994/994/994 995/995/995
f 982/982/982 995/995/995 983/983/983
f 995/995/995 994/994/994 996/996/996
f 997/997/997 996/996/996 994/994/994
f 995/995/995 996/996/996 998/998/998
f 999/999/999 995/995/995 998/998/998
f 983/983/983 995/995/995 999/999/999
f 999/999/999 998/998/998 1000/1000/1000
f 999/999/999 1000/1000/1000 983/983/983
f 1000/1000/1000 1001/1001/1001 983/983/983
f 983/983/983 1001/1001/1001 1002/1002/1002
f 983/983/983 1002/1002/1002 1003/1003/1003
f 1002/1002/1002 1001/1001/1001 1004/1004/1004
f 1002/1002/1002 1004/1004/1004 1003/1003/1003
f 1001/1001/1001 1005/1005/1005 1004/1004/1004
f 1004/1004/1004 1005/1005/1005 1006/1006/1006
f 1007/1007/1007 1006/1006/1006 1005/1005/1005
f 1008/1008/1008 1007/1007/1007 1005/1005/1005
f 1004/1004/1004 1009/1009/1009 1003/1003/1003
f 1008/1008/1008 1005/1005/1005 1010/1010/1010
f 1011/1011/1011 1003/1003/1003 1009/1009/1009
f 1012/1012/1012 1011/1011/1011 1009/1009/1009
f 1013/1013/1013 1003/1003/1003 1011/1011/1011
f 1013/1013/1013 1014/1014/1014 1003/1003/1003
f 1010/1010/1010 1005/1005/1005 1015/1015/1015
f 1005/1005/1005 1001/1001/1001 1016/1016/1016
f 1005/1005/1005 1016/1016/1016 1015/1015/1015
f 1010/1010/1010 1015/1015/1015 1017/1017/1017
f 1017/1017/1017 1018/1018/1018 1010/1010/1010
f 1018/1018/1018 1017/1017/1017 1019/1019/1019
f 1020/1020/1020 1017/1017/1017 1015/1015/1015
f 1015/1015/1015 1021/1021/1021 1020/1020/1020
f 1015/1015/1015 1016/1016/1016 1021/1021/1021
f 1022/1022/1022 1020/1020/1020 1021/1021/1021
f 1022/1022/1022 1023/1023/1023 1020/1020/1020
f 1024/1024/1024 1023/1023/1023 1022/1022/1022
f 1024/1024/1024 1025/1025/1025 1023/1023/1023
f 1026/1026/1026 1022/1022/1022 1021/1021/1021
f 1027/1027/1027 1024/1024/1024 1022/1022/1022
f 1026/1026/1026 1027/1027/1027 1022/1022/1022
f 1024/1024/1024 1028/1028/1028 1025/1025/1025
f 1027/1027/1027 1028/1028/1028 1024/1024/1024
f 1026/1026/1026 1021/1021/1021 1029/1029/1029
f 1029/1029/1029 1021/1021/1021 1016/1016/1016
f 1026/1026/1026 1030/1030/1030 1027/1027/1027
f 1030/1030/1030 1026/1026/1026 1029/1029/1029
f 1028/1028/1028 1027/1027/1027 1030/1030/1030
f 1030/1030/1030 1031/1031/1031 1028/1028/1028
f 1031/1031/1031 1032/1032/1032 1028/1028/1028
f 1028/1028/1028 1033/1033/1033 1025/1025/1025
f 1032/1032/1032 1033/1033/1033 1028/1028/1028
f 1033/1033/1033 1032/1032/1032 1034/1034/1034
f 1035/1035/1035 1025/1025/1025 1033/1033/1033
f 1034/1034/1034 1036/1036/1036 1033/1033/1033
f 1035/1035/1035 1033/1033/1033 1036/1036/1036
f 1036/1036/1036 1037/1037/1037 1035/1035/1035
f 1037/1037/1037 1036/1036/1036 1038/1038/1038
f 1039/1039/1039 1029/1029/1029 1016/1016/1016
f 1040/1040/1040 1029/1029/1029 1039/1039/1039
f 1041/1041/1041 1040/1040/1040 1039/1039/1039
f 1039/1039/1039 1042/1042/1042 1041/1041/1041
f 1039/1039/1039 1016/1016/1016 1043/1043/1043
f 1042/1042/1042 1039/1039/1039 1043/1043/1043
f 1043/1043/1043 1016/1016/1016 1001/1001/1001
f 1042/1042/1042 1043/1043/1043 1001/1001/1001
f 1042/1042/1042 1001/1001/1001 1000/1000/1000
f 1044/1044/1044 1042/1042/1042 1000/1000/1000
f 1045/1045/1045 1044/1044/1044 1000/1000/1000
f 1044/1044/1044 1046/1046/1046 1042/1042/1042
f 1038/1038/1038 1047/1047/1047 1037/1037/1037
f 1047/1047/1047 1048/1048/1048 1037/1037/1037
f 1037/1037/1037 1048/1048/1048 1049/1049/1049
f 1047/1047/1047 1050/1050/1050 1048/1048/1048
f 1038/1038/1038 1051/1051/1051 1047/1047/1047
f 1038/1038/1038 1052/1052/1052 1051/1051/1051
f 1052/1052/1052 1053/1053/1053 1051/1051/1051
f 1050/1050/1050 1047/1047/1047 1054/1054/1054
f 1047/1047/1047 1051/1051/1051 1054/1054/1054
f 1053/1053/1053 1054/1054/1054 1051/1051/1051
f 1055/1055/1055 1050/1050/1050 1054/1054/1054
f 1053/1053/1053 1056/1056/1056 1054/1054/1054
f 1059/1059/1059 1058/1058/1058 1057/1057/1057
f 1060/1060/1060 1059/1059/1059 1057/1057/1057
f 1057/1057/1057 1061/1061/1061 1060/1060/1060
f 1060/1060/1060 1062/1062/1062 1059/1059/1059
f 1060/1060/1060 1063/1063/1063 1062/1062/1062
f 1064/1064/1064 1062/1062/1062 1063/1063/1063
f 1067/1067/1067 1066/1066/1066 1065/1065/1065
f 1067/1067/1067 1068/1068/1068 1066/1066/1066
f 1068/1068/1068 1067/1067/1067 1069/1069/1069
f 1068/1068/1068 1070/1070/1070 1066/1066/1066
f 1068/1068/1068 1071/1071/1071 1070/1070/1070
f 1071/1071/1071 1068/1068/1068 1072/1072/1072
f 1072/1072/1072 1068/1068/1068 1073/1073/1073
f 1073/1073/1073 1068/1068/1068 1069/1069/1069
f 1069/1069/1069 1067/1067/1067 1074/1074/1074
f 1074/1074/1074 1067/1067/1067 1075/1075/1075
f 1075/1075/1075 1076/1076/1076 1074/1074/1074
f 1077/1077/1077 1073/1073/1073 1069/1069/1069
f 1078/1078/1078 1073/1073/1073 1077/1077/1077
f 1079/1079/1079 1078/1078/1078 1077/1077/1077
f 1069/1069/1069 1079/1079/1079 1077/1077/1077
f 1080/1080/1080 1079/1079/1079 1069/1069/1069
f 1080/1080/1080 1069/1069/1069 1081/1081/1081
f 1069/1069/1069 1074/1074/1074 1081/1081/1081
f 1080/1080/1080 1081/1081/1081 1082/1082/1082
f 1076/1076/1076 1083/1083/1083 1074/1074/1074
f 1083/1083/1083 1081/1081/1081 1074/1074/1074
f 1082/1082/1082 1081/1081/1081 1084/1084/1084
f 1083/1083/1083 1085/1085/1085 1081/1081/1081
f 1084/1084/1084 1081/1081/1081 1085/1085/1085
f 1086/1086/1086 1083/1083/1083 1076/1076/1076
f 1087/1087/1087 1086/1086/1086 1076/1076/1076
f 1076/1076/1076 1088/1088/1088 1087/1087/1087
f 1085/1085/1085 1083/1083/1083 1089/1089/1089
f 1083/1083/1083 1086/1086/1086 1090/1090/1090
f 1090/1090/1090 1089/1089/1089 1083/1083/1083
f 1090/1090/1090 1086/1086/1086 1091/1091/1091
f 1086/1086/1086 1087/1087/1087 1092/1092/1092
f 1091/1091/1091 1086/1086/1086 1092/1092/1092
f 1092/1092/1092 1087/1087/1087 1093/1093/1093
f 1093/1093/1093 1087/1087/1087 1094/1094/1094
f 1094/1094/1094 1087/1087/1087 1088/1088/1088
f 1094/1094/1094 1088/1088/1088 1095/1095/1095
f 1096/1096/1096 1094/1094/1094 1095/1095/1095
f 1095/1095/1095 1088/1088/1088 1097/1097/1097
f 1089/1089/1089 1090/1090/1090 1098/1098/1098
f 1091/1091/1091 1098/1098/1098 1090/1090/1090
f 1099/1099/1099 1089/1089/1089 1098/1098/1098
f 1100/1100/1100 1099/1099/1099 1098/1098/1098
f 1100/1100/1100 1098/1098/1098 1091/1091/1091
f 1101/1101/1101 1089/1089/1089 1099/1099/1099
f 1101/1101/1101 1085/1085/1085 1089/1089/1089
f 1102/1102/1102 1085/1085/1085 1101/1101/1101
f 1102/1102/1102 1084/1084/1084 1085/1085/1085
f 1101/1101/1101 1099/1099/1099 1103/1103/1103
f 1101/1101/1101 1104/1104/1104 1102/1102/1102
f 1105/1105/1105 1104/1104/1104 1101/1101/1101
f 1106/1106/1106 1104/1104/1104 1105/1105/1105
f 1107/1107/1107 1106/1106/1106 1105/1105/1105
f 1104/1104/1104 1108/1108/1108 1102/1102/1102
f 1106/1106/1106 1108/1108/1108 1104/1104/1104
f 1109/1109/1109 1106/1106/1106 1107/1107/1107
f 1109/1109/1109 1108/1108/1108 1106/1106/1106
f 1110/1110/1110 1109/1109/1109 1107/1107/1107
f 1108/1108/1108 1109/1109/1109 1111/1111/1111
f 1108/1108/1108 1111/1111/1111 1102/1102/1102
f 1084/1084/1084 1102/1102/1102 1111/1111/1111
f 1112/1112/1112 1084/1084/1084 1111/1111/1111
f 1113/1113/1113 1112/1112/1112 1111/1111/1111
f 1082/1082/1082 1084/1084/1084 1112/1112/1112
f 1114/1114/1114 1112/1112/1112 1113/1113/1113
f 1115/1115/1115 1082/1082/1082 1112/1112/1112
f 1114/1114/1114 1115/1115/1115 1112/1112/1112
f 1115/1115/1115 1116/1116/1116 1082/1082/1082
f 1117/1117/1117 1115/1115/1115 1114/1114/1114
f 1117/1117/1117 1116/1116/1116 1115/1115/1115
f 1118/1118/1118 1116/1116/1116 1117/1117/1117
f 1116/1116/1116 1119/1119/1119 1082/1082/1082
f 1082/1082/1082 1119/1119/1119 1120/1120/1120
f 1116/1116/1116 1121/1121/1121 1119/1119/1119
f 1121/1121/1121 1116/1116/1116 1118/1118/1118
f 1120/1120/1120 1119/1119/1119 1122/1122/1122
f 1121/1121/1121 1122/1122/1122 1119/1119/1119
f 1120/1120/1120 1122/1122/1122 1123/1123/1123
f 1114/1114/1114 1124/1124/1124 1117/1117/1117
f 1124/1124/1124 1114/1114/1114 1125/1125/1125
f 1124/1124/1124 1126/1126/1126 1117/1117/1117
f 1127/1127/1127 1126/1126/1126 1124/1124/1124
f 1118/1118/1118 1117/1117/1117 1128/1128/1128
f 1126/1126/1126 1128/1128/1128 1117/1117/1117
f 1127/1127/1127 1129/1129/1129 1126/1126/1126
f 1127/1127/1127 1103/1103/1103 1129/1129/1129
f 1099/1099/1099 1129/1129/1129 1103/1103/1103
f 1130/1130/1130 1128/1128/1128 1126/1126/1126
f 1130/1130/1130 1126/1126/1126 1129/1129/1129
f 1131/1131/1131 1130/1130/1130 1129/1129/1129
f 1132/1132/1132 1129/1129/1129 1099/1099/1099
f 1129/1129/1129 1132/1132/1132 1131/1131/1131
f 1128/1128/1128 1130/1130/1130 1133/1133/1133
f 1134/1134/1134 1130/1130/1130 1131/1131/1131
f 1133/1133/1133 1130/1130/1130 1134/1134/1134
f 1135/1135/1135 1134/1134/1134 1131/1131/1131
f 1135/1135/1135 1133/1133/1133 1134/1134/1134
f 1136/1136/1136 1128/1128/1128 1133/1133/1133
f 1137/1137/1137 1118/1118/1118 1128/1128/1128
f 1128/1128/1128 1136/1136/1136 1137/1137/1137
f 1135/1135/1135 1138/1138/1138 1133/1133/1133
f 1138/1138/1138 1136/1136/1136 1133/1133/1133
f 1139/1139/1139 1138/1138/1138 1135/1135/1135
f 1138/1138/1138 1140/1140/1140 1136/1136/1136
f 1138/1138/1138 1139/1139/1139 1140/1140/1140
f 1141/1141/1141 1139/1139/1139 1135/1135/1135
f 1141/1141/1141 1135/1135/1135 1131/1131/1131
f 1136/1136/1136 1140/1140/1140 1142/1142/1142
f 1142/1142/1142 1137/1137/1137 1136/1136/1136
f 1143/1143/1143 1142/1142/1142 1140/1140/1140
f 1142/1142/1142 1144/1144/1144 1137/1137/1137
f 1145/1145/1145 1140/1140/1140 1139/1139/1139
f 1141/1141/1141 1145/1145/1145 1139/1139/1139
f 1146/1146/1146 1137/1137/1137 1144/1144/1144
f 1146/1146/1146 1118/1118/1118 1137/1137/1137
f 1147/1147/1147 1118/1118/1118 1146/1146/1146
f 1146/1146/1146 1148/1148/1148 1147/1147/1147
f 1149/1149/1149 1118/1118/1118 1147/1147/1147
f 1150/1150/1150 1149/1149/1149 1147/1147/1147
f 1151/1151/1151 1149/1149/1149 1150/1150/1150
f 1118/1118/1118 1149/1149/1149 1121/1121/1121
f 1151/1151/1151 1152/1152/1152 1149/1149/1149
f 1149/1149/1149 1153/1153/1153 1121/1121/1121
f 1152/1152/1152 1153/1153/1153 1149/1149/1149
f 1121/1121/1121 1153/1153/1153 1122/1122/1122
f 1152/1152/1152 1154/1154/1154 1153/1153/1153
f 1122/1122/1122 1153/1153/1153 1154/1154/1154
f 1122/1122/1122 1154/1154/1154 1123/1123/1123
f 1123/1123/1123 1154/1154/1154 1155/1155/1155
f 1155/1155/1155 1156/1156/1156 1123/1123/1123
f 1156/1156/1156 1155/1155/1155 1157/1157/1157
f 1160/1160/1160 1159/1159/1159 1158/1158/1158
f 1158/1158/1158 1161/1161/1161 1160/1160/1160
f 1162/1162/1162 1161/1161/1161 1158/1158/1158
f 1163/1163/1163 1162/1162/1162 1158/1158/1158
f 1164/1164/1164 1163/1163/1163 1158/1158/1158
f 1164/1164/1164 1158/1158/1158 1165/1165/1165
f 1158/1158/1158 1166/1166/1166 1165/1165/1165
f 1164/1164/1164 1165/1165/1165 1167/1167/1167
f 1168/1168/1168 1163/1163/1163 1164/1164/1164
f 1168/1168/1168 1169/1169/1169 1163/1163/1163
f 1162/1162/1162 1163/1163/1163 1169/1169/1169
f 1170/1170/1170 1162/1162/1162 1169/1169/1169
f 1170/1170/1170 1171/1171/1171 1162/1162/1162
f 1162/1162/1162 1172/1172/1172 1161/1161/1161
f 1162/1162/1162 1171/1171/1171 1172/1172/1172
f 1171/1171/1171 1173/1173/1173 1172/1172/1172
f 1172/1172/1172 1173/1173/1173 1161/1161/1161
f 1174/1174/1174 1173/1173/1173 1171/1171/1171
f 1175/1175/1175 1174/1174/1174 1171/1171/1171
f 1175/1175/1175 1176/1176/1176 1174/1174/1174
f 1177/1177/1177 1174/1174/1174 1176/1176/1176
f 1174/1174/1174 1177/1177/1177 1173/1173/1173
f 1177/1177/1177 1178/1178/1178 1173/1173/1173
f 1178/1178/1178 1161/1161/1161 1173/1173/1173
f 1178/1178/1178 1177/1177/1177 1179/1179/1179
f 1180/1180/1180 1179/1179/1179 1177/1177/1177
f 1180/1180/1180 1181/1181/1181 1179/1179/1179
f 1179/1179/1179 1181/1181/1181 1178/1178/1178
f 1178/1178/1178 1182/1182/1182 1161/1161/1161
f 1178/1178/1178 1181/1181/1181 1182/1182/1182
f 1182/1182/1182 1183/1183/1183 1161/1161/1161
f 1183/1183/1183 1182/1182/1182 1181/1181/1181
f 1161/1161/1161 1183/1183/1183 1184/1184/1184
f 1183/1183/1183 1181/1181/1181 1185/1185/1185
f 1186/1186/1186 1185/1185/1185 1181/1181/1181
f 1187/1187/1187 1183/1183/1183 1185/1185/1185
f 1184/1184/1184 1183/1183/1183 1187/1187/1187
f 1188/1188/1188 1184/1184/1184 1187/1187/1187
f 1188/1188/1188 1189/1189/1189 1184/1184/1184
f 1188/1188/1188 1190/1190/1190 1189/1189/1189
f 1191/1191/1191 1189/1189/1189 1190/1190/1190
f 1192/1192/1192 1189/1189/1189 1191/1191/1191
f 1185/1185/1185 1186/1186/1186 1193/1193/1193
f 1194/1194/1194 1192/1192/1192 1191/1191/1191
f 1195/1195/1195 1193/1193/1193 1186/1186/1186
f 1195/1195/1195 1196/1196/1196 1193/1193/1193
f 1195/1195/1195 1186/1186/1186 1197/1197/1197
f 1198/1198/1198 1192/1192/1192 1194/1194/1194
f 1199/1199/1199 1198/1198/1198 1194/1194/1194
f 1200/1200/1200 1192/1192/1192 1198/1198/1198
f 1195/1195/1195 1201/1201/1201 1196/1196/1196
f 1196/1196/1196 1201/1201/1201 1202/1202/1202
f 1195/1195/1195 1197/1197/1197 1203/1203/1203
f 1195/1195/1195 1203/1203/1203 1201/1201/1201
f 1202/1202/1202 1201/1201/1201 1204/1204/1204
f 1205/1205/1205 1202/1202/1202 1204/1204/1204
f 1206/1206/1206 1203/1203/1203 1197/1197/1197
f 1206/1206/1206 1197/1197/1197 1207/1207/1207
f 1208/1208/1208 1203/1203/1203 1206/1206/1206
f 1209/1209/1209 1201/1201/1201 1203/1203/1203
f 1209/1209/1209 1204/1204/1204 1201/1201/1201
f 1210/1210/1210 1203/1203/1203 1208/1208/1208
f 1210/1210/1210 1209/1209/1209 1203/1203/1203
f 1210/1210/1210 1208/1208/1208 1211/1211/1211
f 1209/1209/1209 1210/1210/1210 1211/1211/1211
f 1209/1209/1209 1211/1211/1211 1212/1212/1212
f 1213/1213/1213 1212/1212/1212 1211/1211/1211
f 1214/1214/1214 1204/1204/1204 1209/1209/1209
f 1212/1212/1212 1214/1214/1214 1209/1209/1209
f 1215/1215/1215 1204/1204/1204 1214/1214/1214
f 1215/1215/1215 1205/1205/1205 1204/1204/1204
f 1205/1205/1205 1215/1215/1215 1216/1216/1216
f 1217/1217/1217 1205/1205/1205 1216/1216/1216
f 1217/1217/1217 1216/1216/1216 1218/1218/1218
f 1219/1219/1219 1217/1217/1217 1218/1218/1218
f 1219/1219/1219 1218/1218/1218 1220/1220/1220
f 1218/1218/1218 1221/1221/1221 1220/1220/1220
f 1220/1220/1220 1221/1221/1221 1222/1222/1222
f 1223/1223/1223 1214/1214/1214 1212/1212/1212
f 1222/1222/1222 1221/1221/1221 1224/1224/1224
f 1225/1225/1225 1224/1224/1224 1221/1221/1221
f 1222/1222/1222 1224/1224/1224 1226/1226/1226
f 1226/1226/1226 1224/1224/1224 1199/1199/1199
f 1199/1199/1199 1224/1224/1224 1198/1198/1198
f 1224/1224/1224 1227/1227/1227 1198/1198/1198
f 1227/1227/1227 1228/1228/1228 1198/1198/1198
f 1198/1198/1198 1228/1228/1228 1200/1200/1200
f 1229/1229/1229 1200/1200/1200 1228/1228/1228
f 1229/1229/1229 1228/1228/1228 1230/1230/1230
f 1229/1229/1229 1231/1231/1231 1200/1200/1200
f 1200/1200/1200 1231/1231/1231 1232/1232/1232
f 1223/1223/1223 1234/1234/1234 1233/1233/1233
f 1234/1234/1234 1223/1223/1223 1212/1212/1212
f 1233/1233/1233 1234/1234/1234 1235/1235/1235
f 1212/1212/1212 1236/1236/1236 1234/1234/1234
f 1235/1235/1235 1234/1234/1234 1236/1236/1236
f 1237/1237/1237 1233/1233/1233 1235/1235/1235
f 1233/1233/1233 1237/1237/1237 1238/1238/1238
f 1239/1239/1239 1236/1236/1236 1212/1212/1212
f 1239/1239/1239 1212/1212/1212 1213/1213/1213
f 1213/1213/1213 1240/1240/1240 1239/1239/1239
f 1241/1241/1241 1239/1239/1239 1240/1240/1240
f 1241/1241/1241 1236/1236/1236 1239/1239/1239
f 1241/1241/1241 1242/1242/1242 1236/1236/1236
f 1242/1242/1242 1235/1235/1235 1236/1236/1236
f 1241/1241/1241 1243/1243/1243 1242/1242/1242
f 1243/1243/1243 1235/1235/1235 1242/1242/1242
f 1243/1243/1243 1237/1237/1237 1235/1235/1235
f 1237/1237/1237 1243/1243/1243 1244/1244/1244
f 1245/1245/1245 1237/1237/1237 1244/1244/1244
f 1238/1238/1238 1237/1237/1237 1246/1246/1246
f 1246/1246/1246 1237/1237/1237 1245/1245/1245
f 1246/1246/1246 1245/1245/1245 1247/1247/1247
f 1238/1238/1238 1246/1246/1246 1248/1248/1248
f 1249/1249/1249 1246/1246/1246 1247/1247/1247
f 1248/1248/1248 1246/1246/1246 1249/1249/1249
f 1250/1250/1250 1248/1248/1248 1249/1249/1249
f 1250/1250/1250 1249/1249/1249 1251/1251/1251
f 1252/1252/1252 1248/1248/1248 1250/1250/1250
f 1252/1252/1252 1253/1253/1253 1248/1248/1248
f 1252/1252/1252 1254/1254/1254 1253/1253/1253
f 1253/1253/1253 1254/1254/1254 1255/1255/1255
f 1255/1255/1255 1254/1254/1254 1256/1256/1256
f 1254/1254/1254 1257/1257/1257 1256/1256/1256
f 1258/1258/1258 1257/1257/1257 1254/1254/1254
f 1254/1254/1254 1252/1252/1252 1258/1258/1258
f 1252/1252/1252 1250/1250/1250 1258/1258/1258
f 1258/1258/1258 1250/1250/1250 1259/1259/1259
f 1259/1259/1259 1260/1260/1260 1258/1258/1258
f 1260/1260/1260 1261/1261/1261 1258/1258/1258
f 1250/1250/1250 1262/1262/1262 1259/1259/1259
f 1262/1262/1262 1263/1263/1263 1259/1259/1259
f 1264/1264/1264 1262/1262/1262 1250/1250/1250
f 1264/1264/1264 1263/1263/1263 1262/1262/1262
f 1267/1267/1267 1266/1266/1266 1265/1265/1265
f 1266/1266/1266 1268/1268/1268 1265/1265/1265
f 1265/1265/1265 1268/1268/1268 1269/1269/1269
f 1265/1265/1265 1269/1269/1269 1270/1270/1270
f 1269/1269/1269 1271/1271/1271 1270/1270/1270
f 1268/1268/1268 1272/1272/1272 1269/1269/1269
f 1273/1273/1273 1272/1272/1272 1268/1268/1268
f 1273/1273/1273 1274/1274/1274 1272/1272/1272
f 1275/1275/1275 1274/1274/1274 1273/1273/1273
f 1276/1276/1276 1274/1274/1274 1275/1275/1275
f 1277/1277/1277 1274/1274/1274 1276/1276/1276
f 1277/1277/1277 1276/1276/1276 1278/1278/1278
f 1275/1275/1275 1279/1279/1279 1276/1276/1276
f 1276/1276/1276 1280/1280/1280 1278/1278/1278
f 1279/1279/1279 1281/1281/1281 1276/1276/1276
f 1280/1280/1280 1276/1276/1276 1281/1281/1281
f 1280/1280/1280 1281/1281/1281 1282/1282/1282
f 1279/1279/1279 1283/1283/1283 1281/1281/1281
f 1281/1281/1281 1284/1284/1284 1282/1282/1282
f 1283/1283/1283 1284/1284/1284 1281/1281/1281
f 1282/1282/1282 1284/1284/1284 1285/1285/1285
f 1283/1283/1283 1286/1286/1286 1284/1284/1284
f 1283/1283/1283 1287/1287/1287 1286/1286/1286
f 1285/1285/1285 1284/1284/1284 1288/1288/1288
f 1286/1286/1286 1288/1288/1288 1284/1284/1284
f 1285/1285/1285 1288/1288/1288 1289/1289/1289
f 1290/1290/1290 1289/1289/1289 1288/1288/1288
f 1289/1289/1289 1290/1290/1290 1291/1291/1291
f 1287/1287/1287 1292/1292/1292 1286/1286/1286
f 1286/1286/1286 1292/1292/1292 1288/1288/1288
f 1292/1292/1292 1290/1290/1290 1288/1288/1288
f 1287/1287/1287 1293/1293/1293 1292/1292/1292
f 1290/1290/1290 1292/1292/1292 1293/1293/1293
f 1293/1293/1293 1294/1294/1294 1290/1290/1290
f 1291/1291/1291 1290/1290/1290 1295/1295/1295
f 1295/1295/1295 1296/1296/1296 1291/1291/1291
f 1294/1294/1294 1297/1297/1297 1290/1290/1290
f 1290/1290/1290 1297/1297/1297 1295/1295/1295
f 1298/1298/1298 1297/1297/1297 1294/1294/1294
f 1297/1297/1297 1298/1298/1298 1295/1295/1295
f 1295/1295/1295 1299/1299/1299 1296/1296/1296
f 1299/1299/1299 1295/1295/1295 1298/1298/1298
f 1296/1296/1296 1299/1299/1299 1300/1300/1300
f 1301/1301/1301 1299/1299/1299 1298/1298/1298
f 1299/1299/1299 1302/1302/1302 1300/1300/1300
f 1301/1301/1301 1303/1303/1303 1299/1299/1299
f 1303/1303/1303 1302/1302/1302 1299/1299/1299
f 1304/1304/1304 1302/1302/1302 1303/1303/1303
f 1305/1305/1305 1303/1303/1303 1301/1301/1301
f 1303/1303/1303 1306/1306/1306 1304/1304/1304
f 1303/1303/1303 1305/1305/1305 1306/1306/1306
f 1305/1305/1305 1307/1307/1307 1306/1306/1306
f 1310/1310/1310 1309/1309/1309 1308/1308/1308
f 1311/1311/1311 1308/1308/1308 1309/1309/1309
f 1311/1311/1311 1309/1309/1309 1312/1312/1312
f 1312/1312/1312 1309/1309/1309 1313/1313/1313
f 1314/1314/1314 1308/1308/1308 1311/1311/1311
f 1314/1314/1314 1315/1315/1315 1308/1308/1308
f 1315/1315/1315 1314/1314/1314 1316/1316/1316
f 1314/1314/1314 1317/1317/1317 1316/1316/1316
f 1315/1315/1315 1316/1316/1316 1318/1318/1318
f 1313/1313/1313 1319/1319/1319 1312/1312/1312
f 1312/1312/1312 1320/1320/1320 1311/1311/1311
f 1312/1312/1312 1319/1319/1319 1320/1320/1320
f 1314/1314/1314 1311/1311/1311 1321/1321/1321
f 1311/1311/1311 1320/1320/1320 1321/1321/1321
f 1313/1313/1313 1322/1322/1322 1319/1319/1319
f 1323/1323/1323 1322/1322/1322 1313/1313/1313
f 1317/1317/1317 1314/1314/1314 1324/1324/1324
f 1314/1314/1314 1321/1321/1321 1324/1324/1324
f 1321/1321/1321 1325/1325/1325 1324/1324/1324
f 1325/1325/1325 1317/1317/1317 1324/1324/1324
f 1321/1321/1321 1320/1320/1320 1326/1326/1326
f 1321/1321/1321 1326/1326/1326 1325/1325/1325
f 1320/1320/1320 1319/1319/1319 1327/1327/1327
f 1322/1322/1322 1327/1327/1327 1319/1319/1319
f 1322/1322/1322 1323/1323/1323 1328/1328/1328
f 1323/1323/1323 1329/1329/1329 1328/1328/1328
f 1320/1320/1320 1330/1330/1330 1326/1326/1326
f 1320/1320/1320 1327/1327/1327 1330/1330/1330
f 1331/1331/1331 1325/1325/1325 1326/1326/1326
f 1332/1332/1332 1326/1326/1326 1330/1330/1330
f 1326/1326/1326 1332/1332/1332 1331/1331/1331
f 1317/1317/1317 1325/1325/1325 1333/1333/1333
f 1333/1333/1333 1334/1334/1334 1317/1317/1317
f 1335/1335/1335 1333/1333/1333 1325/1325/1325
f 1325/1325/1325 1331/1331/1331 1335/1335/1335
f 1333/1333/1333 1335/1335/1335 1334/1334/1334
f 1327/1327/1327 1322/1322/1322 1336/1336/1336
f 1322/1322/1322 1328/1328/1328 1337/1337/1337
f 1322/1322/1322 1337/1337/1337 1336/1336/1336
f 1327/1327/1327 1338/1338/1338 1330/1330/1330
f 1336/1336/1336 1339/1339/1339 1327/1327/1327
f 1327/1327/1327 1339/1339/1339 1338/1338/1338
f 1340/1340/1340 1336/1336/1336 1337/1337/1337
f 1336/1336/1336 1340/1340/1340 1339/1339/1339
f 1328/1328/1328 1341/1341/1341 1337/1337/1337
f 1337/1337/1337 1341/1341/1341 1340/1340/1340
f 1330/1330/1330 1338/1338/1338 1342/1342/1342
f 1330/1330/1330 1342/1342/1342 1332/1332/1332
f 1339/1339/1339 1343/1343/1343 1338/1338/1338
f 1338/1338/1338 1343/1343/1343 1342/1342/1342
f 1344/1344/1344 1341/1341/1341 1328/1328/1328
f 1329/1329/1329 1344/1344/1344 1328/1328/1328
f 1329/1329/1329 1345/1345/1345 1344/1344/1344
f 1346/1346/1346 1345/1345/1345 1329/1329/1329
f 1341/1341/1341 1344/1344/1344 1347/1347/1347
f 1344/1344/1344 1345/1345/1345 1347/1347/1347
f 1346/1346/1346 1348/1348/1348 1345/1345/1345
f 1348/1348/1348 1346/1346/1346 1349/1349/1349
f 1348/1348/1348 1350/1350/1350 1345/1345/1345
f 1345/1345/1345 1350/1350/1350 1347/1347/1347
f 1347/1347/1347 1350/1350/1350 1351/1351/1351
f 1341/1341/1341 1347/1347/1347 1352/1352/1352
f 1341/1341/1341 1352/1352/1352 1340/1340/1340
f 1353/1353/1353 1347/1347/1347 1351/1351/1351
f 1347/1347/1347 1353/1353/1353 1352/1352/1352
f 1351/1351/1351 1354/1354/1354 1353/1353/1353
f 1355/1355/1355 1353/1353/1353 1354/1354/1354
f 1356/1356/1356 1355/1355/1355 1354/1354/1354
f 1357/1357/1357 1355/1355/1355 1356/1356/1356
f 1353/1353/1353 1355/1355/1355 1358/1358/1358
f 1358/1358/1358 1355/1355/1355 1357/1357/1357
f 1352/1352/1352 1353/1353/1353 1358/1358/1358
f 1359/1359/1359 1358/1358/1358 1357/1357/1357
f 1352/1352/1352 1358/1358/1358 1360/1360/1360
f 1359/1359/1359 1360/1360/1360 1358/1358/1358
f 1340/1340/1340 1352/1352/1352 1360/1360/1360
f 1361/1361/1361 1360/1360/1360 1359/1359/1359
f 1340/1340/1340 1360/1360/1360 1362/1362/1362
f 1362/1362/1362 1360/1360/1360 1361/1361/1361
f 1340/1340/1340 1362/1362/1362 1339/1339/1339
f 1362/1362/1362 1361/1361/1361 1363/1363/1363
f 1343/1343/1343 1339/1339/1339 1362/1362/1362
f 1363/1363/1363 1343/1343/1343 1362/1362/1362
f 1363/1363/1363 1364/1364/1364 1343/1343/1343
f 1364/1364/1364 1363/1363/1363 1365/1365/1365
f 1364/1364/1364 1342/1342/1342 1343/1343/1343
f 1366/1366/1366 1364/1364/1364 1365/1365/1365
f 1342/1342/1342 1364/1364/1364 1367/1367/1367
f 1367/1367/1367 1364/1364/1364 1366/1366/1366
f 1332/1332/1332 1342/1342/1342 1367/1367/1367
f 1366/1366/1366 1368/1368/1368 1367/1367/1367
f 1332/1332/1332 1367/1367/1367 1369/1369/1369
f 1369/1369/1369 1367/1367/1367 1368/1368/1368
f 1331/1331/1331 1332/1332/1332 1369/1369/1369
f 1369/1369/1369 1368/1368/1368 1370/1370/1370
f 1371/1371/1371 1369/1369/1369 1370/1370/1370
f 1372/1372/1372 1370/1370/1370 1368/1368/1368
f 1373/1373/1373 1370/1370/1370 1372/1372/1372
f 1370/1370/1370 1373/1373/1373 1371/1371/1371
f 1331/1331/1331 1369/1369/1369 1374/1374/1374
f 1374/1374/1374 1369/1369/1369 1371/1371/1371
f 1331/1331/1331 1374/1374/1374 1375/1375/1375
f 1375/1375/1375 1335/1335/1335 1331/1331/1331
f 1374/1374/1374 1371/1371/1371 1376/1376/1376
f 1375/1375/1375 1374/1374/1374 1376/1376/1376
f 1377/1377/1377 1335/1335/1335 1375/1375/1375
f 1335/1335/1335 1377/1377/1377 1334/1334/1334
f 1371/1371/1371 1373/1373/1373 1378/1378/1378
f 1379/1379/1379 1378/1378/1378 1373/1373/1373
f 1373/1373/1373 1380/1380/1380 1379/1379/1379
f 1381/1381/1381 1371/1371/1371 1378/1378/1378
f 1382/1382/1382 1381/1381/1381 1378/1378/1378
f 1381/1381/1381 1383/1383/1383 1371/1371/1371
f 1382/1382/1382 1383/1383/1383 1381/1381/1381
f 1376/1376/1376 1371/1371/1371 1383/1383/1383
f 1383/1383/1383 1382/1382/1382 1384/1384/1384
f 1383/1383/1383 1384/1384/1384 1376/1376/1376
f 1384/1384/1384 1382/1382/1382 1385/1385/1385
f 1376/1376/1376 1384/1384/1384 1386/1386/1386
f 1387/1387/1387 1376/1376/1376 1386/1386/1386
f 1375/1375/1375 1376/1376/1376 1387/1387/1387
f 1388/1388/1388 1387/1387/1387 1386/1386/1386
f 1375/1375/1375 1387/1387/1387 1388/1388/1388
f 1377/1377/1377 1375/1375/1375 1388/1388/1388
f 1389/1389/1389 1377/1377/1377 1388/1388/1388
f 1389/1389/1389 1390/1390/1390 1377/1377/1377
f 1389/1389/1389 1391/1391/1391 1390/1390/1390
f 1377/1377/1377 1390/1390/1390 1334/1334/1334
f 1392/1392/1392 1334/1334/1334 1390/1390/1390
f 1390/1390/1390 1391/1391/1391 1393/1393/1393
f 1392/1392/1392 1390/1390/1390 1393/1393/1393
f 1394/1394/1394 1393/1393/1393 1391/1391/1391
f 1393/1393/1393 1394/1394/1394 1395/1395/1395
f 1395/1395/1395 1396/1396/1396 1393/1393/1393
f 1393/1393/1393 1396/1396/1396 1392/1392/1392
f 1392/1392/1392 1396/1396/1396 1397/1397/1397
f 1398/1398/1398 1392/1392/1392 1397/1397/1397
f 1398/1398/1398 1399/1399/1399 1392/1392/1392
f 1400/1400/1400 1399/1399/1399 1398/1398/1398
f 1399/1399/1399 1400/1400/1400 1401/1401/1401
f 1399/1399/1399 1402/1402/1402 1392/1392/1392
f 1392/1392/1392 1402/1402/1402 1334/1334/1334
f 1399/1399/1399 1403/1403/1403 1402/1402/1402
f 1404/1404/1404 1334/1334/1334 1402/1402/1402
f 1402/1402/1402 1403/1403/1403 1404/1404/1404
f 1317/1317/1317 1334/1334/1334 1404/1404/1404
f 1404/1404/1404 1403/1403/1403 1405/1405/1405
f 1405/1405/1405 1317/1317/1317 1404/1404/1404
f 1405/1405/1405 1316/1316/1316 1317/1317/1317
f 1406/1406/1406 1316/1316/1316 1405/1405/1405
f 1405/1405/1405 1407/1407/1407 1406/1406/1406
f 1316/1316/1316 1406/1406/1406 1408/1408/1408
f 1316/1316/1316 1408/1408/1408 1318/1318/1318
f 1408/1408/1408 1406/1406/1406 1409/1409/1409
f 1410/1410/1410 1409/1409/1409 1406/1406/1406
f 1408/1408/1408 1411/1411/1411 1318/1318/1318
f 1409/1409/1409 1411/1411/1411 1408/1408/1408
f 1411/1411/1411 1412/1412/1412 1318/1318/1318
f 1409/1409/1409 1413/1413/1413 1411/1411/1411
f 1413/1413/1413 1412/1412/1412 1411/1411/1411
f 1416/1416/1416 1415/1415/1415 1414/1414/1414
f 1417/1417/1417 1415/1415/1415 1416/1416/1416
f 1416/1416/1416 1418/1418/1418 1417/1417/1417
f 1417/1417/1417 1418/1418/1418 1419/1419/1419
f 1420/1420/1420 1418/1418/1418 1416/1416/1416
f 1418/1418/1418 1420/1420/1420 1421/1421/1421
f 1417/1417/1417 1422/1422/1422 1415/1415/1415
f 1415/1415/1415 1422/1422/1422 1423/1423/1423
f 1421/1421/1421 1424/1424/1424 1418/1418/1418
f 1424/1424/1424 1421/1421/1421 1425/1425/1425
f 1426/1426/1426 1423/1423/1423 1422/1422/1422
f 1423/1423/1423 1426/1426/1426 1427/1427/1427
f 1427/1427/1427 1426/1426/1426 1428/1428/1428
f 1428/1428/1428 1426/1426/1426 1429/1429/1429
f 1429/1429/1429 1430/1430/1430 1428/1428/1428
f 1417/1417/1417 1431/1431/1431 1422/1422/1422
f 1422/1422/1422 1432/1432/1432 1426/1426/1426
f 1422/1422/1422 1431/1431/1431 1432/1432/1432
f 1433/1433/1433 1426/1426/1426 1432/1432/1432
f 1433/1433/1433 1429/1429/1429 1426/1426/1426
f 1431/1431/1431 1417/1417/1417 1434/1434/1434
f 1434/1434/1434 1417/1417/1417 1419/1419/1419
f 1435/1435/1435 1432/1432/1432 1431/1431/1431
f 1435/1435/1435 1433/1433/1433 1432/1432/1432
f 1431/1431/1431 1434/1434/1434 1436/1436/1436
f 1436/1436/1436 1434/1434/1434 1419/1419/1419
f 1435/1435/1435 1431/1431/1431 1437/1437/1437
f 1437/1437/1437 1431/1431/1431 1436/1436/1436
f 1438/1438/1438 1437/1437/1437 1436/1436/1436
f 1439/1439/1439 1435/1435/1435 1437/1437/1437
f 1436/1436/1436 1440/1440/1440 1438/1438/1438
f 1419/1419/1419 1440/1440/1440 1436/1436/1436
f 1440/1440/1440 1441/1441/1441 1438/1438/1438
f 1441/1441/1441 1440/1440/1440 1442/1442/1442
f 1442/1442/1442 1440/1440/1440 1419/1419/1419
f 1419/1419/1419 1443/1443/1443 1442/1442/1442
f 1441/1441/1441 1442/1442/1442 1444/1444/1444
f 1444/1444/1444 1442/1442/1442 1445/1445/1445
f 1442/1442/1442 1443/1443/1443 1445/1445/1445
f 1444/1444/1444 1445/1445/1445 1446/1446/1446
f 1446/1446/1446 1445/1445/1445 1447/1447/1447
f 1445/1445/1445 1448/1448/1448 1447/1447/1447
f 1448/1448/1448 1449/1449/1449 1447/1447/1447
f 1448/1448/1448 1445/1445/1445 1450/1450/1450
f 1445/1445/1445 1443/1443/1443 1450/1450/1450
f 1448/1448/1448 1450/1450/1450 1451/1451/1451
f 1448/1448/1448 1451/1451/1451 1452/1452/1452
f 1443/1443/1443 1419/1419/1419 1453/1453/1453
f 1418/1418/1418 1453/1453/1453 1419/1419/1419
f 1418/1418/1418 1454/1454/1454 1453/1453/1453
f 1453/1453/1453 1454/1454/1454 1443/1443/1443
f 1454/1454/1454 1418/1418/1418 1424/1424/1424
f 1443/1443/1443 1455/1455/1455 1450/1450/1450
f 1450/1450/1450 1455/1455/1455 1456/1456/1456
f 1457/1457/1457 1456/1456/1456 1455/1455/1455
f 1455/1455/1455 1458/1458/1458 1457/1457/1457
f 1458/1458/1458 1459/1459/1459 1457/1457/1457
f 1443/1443/1443 1454/1454/1454 1460/1460/1460
f 1424/1424/1424 1460/1460/1460 1454/1454/1454
f 1460/1460/1460 1455/1455/1455 1443/1443/1443
f 1461/1461/1461 1460/1460/1460 1424/1424/1424
f 1455/1455/1455 1460/1460/1460 1461/1461/1461
f 1458/1458/1458 1455/1455/1455 1461/1461/1461
f 1461/1461/1461 1424/1424/1424 1425/1425/1425
f 1461/1461/1461 1425/1425/1425 1462/1462/1462
f 1458/1458/1458 1461/1461/1461 1462/1462/1462
f 1463/1463/1463 1462/1462/1462 1425/1425/1425
f 1463/1463/1463 1464/1464/1464 1462/1462/1462
f 1464/1464/1464 1458/1458/1458 1462/1462/1462
f 1465/1465/1465 1458/1458/1458 1464/1464/1464
f 1466/1466/1466 1458/1458/1458 1465/1465/1465
f 1466/1466/1466 1459/1459/1459 1458/1458/1458
f 1465/1465/1465 1467/1467/1467 1466/1466/1466
f 1467/1467/1467 1459/1459/1459 1466/1466/1466
f 1468/1468/1468 1459/1459/1459 1467/1467/1467
f 1467/1467/1467 1469/1469/1469 1468/1468/1468
f 1472/1472/1472 1471/1471/1471 1470/1470/1470
f 1472/1472/1472 1470/1470/1470 1473/1473/1473
f 1472/1472/1472 1473/1473/1473 1474/1474/1474
f 1474/1474/1474 1475/1475/1475 1472/1472/1472
f 1478/1478/1478 1477/1477/1477 1476/1476/1476
f 1478/1478/1478 1479/1479/1479 1477/1477/1477
f 1480/1480/1480 1479/1479/1479 1478/1478/1478
f 1480/1480/1480 1478/1478/1478 1481/1481/1481
f 1480/1480/1480 1482/1482/1482 1479/1479/1479
f 1485/1485/1485 1484/1484/1484 1483/1483/1483
f 1486/1486/1486 1483/1483/1483 1484/1484/1484
f 1489/1489/1489 1488/1488/1488 1487/1487/1487
f 1490/1490/1490 1487/1487/1487 1488/1488/1488
f 1490/1490/1490 1488/1488/1488 1491/1491/1491
f 1492/1492/1492 1491/1491/1491 1488/1488/1488
f 1493/1493/1493 1490/1490/1490 1491/1491/1491
f 1494/1494/1494 1487/1487/1487 1490/1490/1490
f 1494/1494/1494 1490/1490/1490 1495/1495/1495
f 1496/1496/1496 1487/1487/1487 1494/1494/1494
f 1497/1497/1497 1487/1487/1487 1496/1496/1496
f 1494/1494/1494 1498/1498/1498 1496/1496/1496
f 1497/1497/1497 1496/1496/1496 1499/1499/1499
f 1500/1500/1500 1497/1497/1497 1499/1499/1499
f 1501/1501/1501 1497/1497/1497 1500/1500/1500
f 1494/1494/1494 1502/1502/1502 1498/1498/1498
f 1498/1498/1498 1502/1502/1502 1503/1503/1503
f 1504/1504/1504 1503/1503/1503 1502/1502/1502
f 1505/1505/1505 1504/1504/1504 1502/1502/1502
f 1506/1506/1506 1504/1504/1504 1505/1505/1505
f 1506/1506/1506 1507/1507/1507 1504/1504/1504
f 1510/1510/1510 1509/1509/1509 1508/1508/1508
f 1509/1509/1509 1511/1511/1511 1508/1508/1508
f 1509/1509/1509 1512/1512/1512 1511/1511/1511
f 1512/1512/1512 1513/1513/1513 1511/1511/1511
f 1514/1514/1514 1513/1513/1513 1512/1512/1512
f 1517/1517/1517 1516/1516/1516 1515/1515/1515
f 1518/1518/1518 1516/1516/1516 1517/1517/1517
f 1519/1519/1519 1518/1518/1518 1517/1517/1517
f 1520/1520/1520 1518/1518/1518 1519/1519/1519
f 1520/1520/1520 1519/1519/1519 1521/1521/1521
f 1522/1522/1522 1520/1520/1520 1521/1521/1521
f 1522/1522/1522 1521/1521/1521 1523/1523/1523
f 1524/1524/1524 1520/1520/1520 1522/1522/1522
f 1524/1524/1524 1522/1522/1522 1523/1523/1523
f 1524/1524/1524 1523/1523/1523 1525/1525/1525
f 1526/1526/1526 1524/1524/1524 1525/1525/1525
f 1526/1526/1526 1525/1525/1525 1527/1527/1527
f 1527/1527/1527 1525/1525/1525 1528/1528/1528
f 1529/1529/1529 1527/1527/1527 1528/1528/1528
f 1530/1530/1530 1529/1529/1529 1528/1528/1528
f 1531/1531/1531 1529/1529/1529 1530/1530/1530
f 1530/1530/1530 1532/1532/1532 1531/1531/1531
f 1533/1533/1533 1531/1531/1531 1532/1532/1532
f 1534/1534/1534 1533/1533/1533 1532/1532/1532
f 1535/1535/1535 1533/1533/1533 1534/1534/1534
f 1535/1535/1535 1536/1536/1536 1533/1533/1533
f 1536/1536/1536 1535/1535/1535 1537/1537/1537
f 1537/1537/1537 1535/1535/1535 1538/1538/1538
f 1539/1539/1539 1537/1537/1537 1538/1538/1538
f 1539/1539/1539 1538/1538/1538 1540/1540/1540
f 1541/1541/1541 1539/1539/1539 1540/1540/1540
f 1541/1541/1541 1540/1540/1540 1542/1542/1542
f 1540/1540/1540 1543/1543/1543 1542/1542/1542
f 1542/1542/1542 1543/1543/1543 1544/1544/1544
f 1542/1542/1542 1544/1544/1544 1545/1545/1545
f 1543/1543/1543 1546/1546/1546 1544/1544/1544
f 1546/1546/1546 1543/1543/1543 1547/1547/1547
f 1548/1548/1548 1546/1546/1546 1547/1547/1547
f 1548/1548/1548 1544/1544/1544 1546/1546/1546
f 1549/1549/1549 1545/1545/1545 1544/1544/1544
f 1549/1549/1549 1544/1544/1544 1548/1548/1548
f 1550/1550/1550 1545/1545/1545 1549/1549/1549
f 1551/1551/1551 1545/1545/1545 1550/1550/1550
f 1552/1552/1552 1551/1551/1551 1550/1550/1550
f 1549/1549/1549 1552/1552/1552 1550/1550/1550
f 1552/1552/1552 1549/1549/1549 1553/1553/1553
f 1549/1549/1549 1548/1548/1548 1553/1553/1553
f 1554/1554/1554 1552/1552/1552 1553/1553/1553
f 1553/1553/1553 1548/1548/1548 1555/1555/1555
f 1556/1556/1556 1555/1555/1555 1548/1548/1548
f 1555/1555/1555 1556/1556/1556 1557/1557/1557
f 1558/1558/1558 1553/1553/1553 1555/1555/1555
f 1559/1559/1559 1555/1555/1555 1557/1557/1557
f 1559/1559/1559 1558/1558/1558 1555/1555/1555
f 1560/1560/1560 1553/1553/1553 1558/1558/1558
f 1554/1554/1554 1553/1553/1553 1560/1560/1560
f 1561/1561/1561 1560/1560/1560 1558/1558/1558
f 1558/1558/1558 1559/1559/1559 1561/1561/1561
f 1561/1561/1561 1559/1559/1559 1562/1562/1562
f 1563/1563/1563 1560/1560/1560 1561/1561/1561
f 1560/1560/1560 1563/1563/1563 1554/1554/1554
f 1562/1562/1562 1563/1563/1563 1561/1561/1561
f 1559/1559/1559 1557/1557/1557 1564/1564/1564
f 1565/1565/1565 1564/1564/1564 1557/1557/1557
f 1566/1566/1566 1559/1559/1559 1564/1564/1564
f 1562/1562/1562 1559/1559/1559 1566/1566/1566
f 1567/1567/1567 1564/1564/1564 1565/1565/1565
f 1567/1567/1567 1566/1566/1566 1564/1564/1564
f 1568/1568/1568 1554/1554/1554 1563/1563/1563
f 1554/1554/1554 1568/1568/1568 1569/1569/1569
f 1563/1563/1563 1570/1570/1570 1568/1568/1568
f 1568/1568/1568 1570/1570/1570 1569/1569/1569
f 1562/1562/1562 1566/1566/1566 1571/1571/1571
f 1566/1566/1566 1567/1567/1567 1571/1571/1571
f 1565/1565/1565 1572/1572/1572 1567/1567/1567
f 1573/1573/1573 1572/1572/1572 1565/1565/1565
f 1572/1572/1572 1573/1573/1573 1574/1574/1574
f 1573/1573/1573 1575/1575/1575 1574/1574/1574
f 1572/1572/1572 1576/1576/1576 1567/1567/1567
f 1572/1572/1572 1574/1574/1574 1576/1576/1576
f 1577/1577/1577 1563/1563/1563 1562/1562/1562
f 1570/1570/1570 1563/1563/1563 1577/1577/1577
f 1578/1578/1578 1577/1577/1577 1562/1562/1562
f 1570/1570/1570 1577/1577/1577 1578/1578/1578
f 1579/1579/1579 1569/1569/1569 1570/1570/1570
f 1578/1578/1578 1579/1579/1579 1570/1570/1570
f 1580/1580/1580 1562/1562/1562 1571/1571/1571
f 1580/1580/1580 1578/1578/1578 1562/1562/1562
f 1581/1581/1581 1578/1578/1578 1580/1580/1580
f 1580/1580/1580 1571/1571/1571 1581/1581/1581
f 1582/1582/1582 1571/1571/1571 1567/1567/1567
f 1567/1567/1567 1576/1576/1576 1582/1582/1582
f 1583/1583/1583 1571/1571/1571 1582/1582/1582
f 1571/1571/1571 1583/1583/1583 1581/1581/1581
f 1576/1576/1576 1583/1583/1583 1582/1582/1582
f 1581/1581/1581 1584/1584/1584 1578/1578/1578
f 1584/1584/1584 1579/1579/1579 1578/1578/1578
f 1585/1585/1585 1581/1581/1581 1583/1583/1583
f 1585/1585/1585 1584/1584/1584 1581/1581/1581
f 1585/1585/1585 1586/1586/1586 1584/1584/1584
f 1587/1587/1587 1584/1584/1584 1586/1586/1586
f 1584/1584/1584 1587/1587/1587 1579/1579/1579
f 1588/1588/1588 1585/1585/1585 1583/1583/1583
f 1587/1587/1587 1589/1589/1589 1579/1579/1579
f 1589/1589/1589 1569/1569/1569 1579/1579/1579
f 1587/1587/1587 1590/1590/1590 1589/1589/1589
f 1576/1576/1576 1591/1591/1591 1583/1583/1583
f 1588/1588/1588 1583/1583/1583 1591/1591/1591
f 1589/1589/1589 1592/1592/1592 1569/1569/1569
f 1589/1589/1589 1590/1590/1590 1592/1592/1592
f 1590/1590/1590 1593/1593/1593 1592/1592/1592
f 1590/1590/1590 1594/1594/1594 1593/1593/1593
f 1593/1593/1593 1594/1594/1594 1595/1595/1595
f 1591/1591/1591 1576/1576/1576 1596/1596/1596
f 1596/1596/1596 1576/1576/1576 1574/1574/1574
f 1597/1597/1597 1588/1588/1588 1591/1591/1591
f 1597/1597/1597 1591/1591/1591 1596/1596/1596
f 1597/1597/1597 1598/1598/1598 1588/1588/1588
f 1597/1597/1597 1599/1599/1599 1598/1598/1598
f 1599/1599/1599 1597/1597/1597 1600/1600/1600
f 1596/1596/1596 1600/1600/1600 1597/1597/1597
f 1600/1600/1600 1596/1596/1596 1601/1601/1601
f 1601/1601/1601 1596/1596/1596 1574/1574/1574
f 1601/1601/1601 1574/1574/1574 1602/1602/1602
f 1603/1603/1603 1602/1602/1602 1574/1574/1574
f 1603/1603/1603 1574/1574/1574 1575/1575/1575
f 1603/1603/1603 1575/1575/1575 1604/1604/1604
f 1605/1605/1605 1604/1604/1604 1575/1575/1575
f 1575/1575/1575 1606/1606/1606 1605/1605/1605
f 1607/1607/1607 1604/1604/1604 1605/1605/1605
f 1603/1603/1603 1604/1604/1604 1607/1607/1607
f 1607/1607/1607 1608/1608/1608 1603/1603/1603
f 1609/1609/1609 1608/1608/1608 1607/1607/1607
f 1612/1612/1612 1611/1611/1611 1610/1610/1610
f 1612/1612/1612 1613/1613/1613 1611/1611/1611
f 1612/1612/1612 1614/1614/1614 1613/1613/1613
f 1614/1614/1614 1615/1615/1615 1613/1613/1613
f 1616/1616/1616 1615/1615/1615 1614/1614/1614
f 1617/1617/1617 1614/1614/1614 1612/1612/1612
f 1612/1612/1612 1618/1618/1618 1617/1617/1617
f 1619/1619/1619 1614/1614/1614 1617/1617/1617
f 1618/1618/1618 1619/1619/1619 1617/1617/1617
f 1614/1614/1614 1619/1619/1619 1616/1616/1616
f 1618/1618/1618 1620/1620/1620 1619/1619/1619
f 1621/1621/1621 1616/1616/1616 1619/1619/1619
f 1620/1620/1620 1621/1621/1621 1619/1619/1619
f 1621/1621/1621 1622/1622/1622 1616/1616/1616
f 1620/1620/1620 1623/1623/1623 1621/1621/1621
f 1624/1624/1624 1622/1622/1622 1621/1621/1621
f 1623/1623/1623 1624/1624/1624 1621/1621/1621
f 1620/1620/1620 1625/1625/1625 1623/1623/1623
f 1625/1625/1625 1620/1620/1620 1626/1626/1626
f 1625/1625/1625 1627/1627/1627 1623/1623/1623
f 1623/1623/1623 1627/1627/1627 1628/1628/1628
f 1628/1628/1628 1629/1629/1629 1623/1623/1623
f 1623/1623/1623 1629/1629/1629 1624/1624/1624
f 1630/1630/1630 1629/1629/1629 1628/1628/1628
f 1631/1631/1631 1629/1629/1629 1630/1630/1630
f 1624/1624/1624 1632/1632/1632 1622/1622/1622
f 1632/1632/1632 1633/1633/1633 1622/1622/1622
f 1632/1632/1632 1634/1634/1634 1633/1633/1633
f 1632/1632/1632 1635/1635/1635 1634/1634/1634
f 1636/1636/1636 1624/1624/1624 1629/1629/1629
f 1636/1636/1636 1629/1629/1629 1631/1631/1631
f 1632/1632/1632 1624/1624/1624 1636/1636/1636
f 1635/1635/1635 1632/1632/1632 1637/1637/1637
f 1632/1632/1632 1636/1636/1636 1637/1637/1637
f 1637/1637/1637 1638/1638/1638 1635/1635/1635
f 1637/1637/1637 1639/1639/1639 1638/1638/1638
f 1640/1640/1640 1639/1639/1639 1637/1637/1637
f 1640/1640/1640 1637/1637/1637 1636/1636/1636
f 1641/1641/1641 1640/1640/1640 1636/1636/1636
f 1641/1641/1641 1636/1636/1636 1631/1631/1631
f 1642/1642/1642 1641/1641/1641 1631/1631/1631
f 1645/1645/1645 1644/1644/1644 1643/1643/1643
f 1643/1643/1643 1644/1644/1644 1646/1646/1646
f 1644/1644/1644 1647/1647/1647 1646/1646/1646
f 1646/1646/1646 1648/1648/1648 1643/1643/1643
f 1648/1648/1648 1649/1649/1649 1643/1643/1643
f 1650/1650/1650 1648/1648/1648 1646/1646/1646
f 1647/1647/1647 1650/1650/1650 1646/1646/1646
f 1651/1651/1651 1648/1648/1648 1650/1650/1650
f 1647/1647/1647 1652/1652/1652 1650/1650/1650
f 1650/1650/1650 1652/1652/1652 1651/1651/1651
f 1647/1647/1647 1653/1653/1653 1652/1652/1652
f 1652/1652/1652 1653/1653/1653 1654/1654/1654
f 1651/1651/1651 1652/1652/1652 1655/1655/1655
f 1655/1655/1655 1652/1652/1652 1654/1654/1654
f 1656/1656/1656 1655/1655/1655 1654/1654/1654
f 1654/1654/1654 1657/1657/1657 1656/1656/1656
f 1657/1657/1657 1658/1658/1658 1656/1656/1656
f 1651/1651/1651 1655/1655/1655 1659/1659/1659
f 1658/1658/1658 1660/1660/1660 1656/1656/1656
f 1661/1661/1661 1659/1659/1659 1655/1655/1655
f 1661/1661/1661 1655/1655/1655 1656/1656/1656
f 1659/1659/1659 1661/1661/1661 1662/1662/1662
f 1661/1661/1661 1656/1656/1656 1663/1663/1663
f 1662/1662/1662 1661/1661/1661 1663/1663/1663
f 1656/1656/1656 1660/1660/1660 1664/1664/1664
f 1663/1663/1663 1656/1656/1656 1664/1664/1664
f 1662/1662/1662 1663/1663/1663 1665/1665/1665
f 1665/1665/1665 1663/1663/1663 1664/1664/1664
f 1662/1662/1662 1665/1665/1665 1666/1666/1666
f 1665/1665/1665 1667/1667/1667 1666/1666/1666
f 1666/1666/1666 1667/1667/1667 1668/1668/1668
f 1669/1669/1669 1666/1666/1666 1668/1668/1668
f 1670/1670/1670 1669/1669/1669 1668/1668/1668
f 1671/1671/1671 1664/1664/1664 1660/1660/1660
f 1671/1671/1671 1660/1660/1660 1672/1672/1672
f 1673/1673/1673 1665/1665/1665 1664/1664/1664
f 1674/1674/1674 1665/1665/1665 1673/1673/1673
f 1674/1674/1674 1673/1673/1673 1675/1675/1675
f 1673/1673/1673 1664/1664/1664 1676/1676/1676
f 1675/1675/1675 1673/1673/1673 1676/1676/1676
f 1664/1664/1664 1671/1671/1671 1676/1676/1676
f 1676/1676/1676 1677/1677/1677 1675/1675/1675
f 1676/1676/1676 1678/1678/1678 1677/1677/1677
f 1678/1678/1678 1676/1676/1676 1671/1671/1671
f 1678/1678/1678 1671/1671/1671 1679/1679/1679
f 1671/1671/1671 1672/1672/1672 1679/1679/1679
f 1679/1679/1679 1672/1672/1672 1680/1680/1680
f 1683/1683/1683 1682/1682/1682 1681/1681/1681
f 1682/1682/1682 1684/1684/1684 1681/1681/1681
f 1682/1682/1682 1685/1685/1685 1684/1684/1684
f 1686/1686/1686 1685/1685/1685 1682/1682/1682
f 1682/1682/1682 1687/1687/1687 1686/1686/1686
f 1682/1682/1682 1688/1688/1688 1687/1687/1687
f 1688/1688/1688 1689/1689/1689 1687/1687/1687
f 1689/1689/1689 1686/1686/1686 1687/1687/1687
f 1690/1690/1690 1689/1689/1689 1688/1688/1688
f 1691/1691/1691 1690/1690/1690 1688/1688/1688
f 1692/1692/1692 1690/1690/1690 1691/1691/1691
f 1692/1692/1692 1689/1689/1689 1690/1690/1690
f 1689/1689/1689 1693/1693/1693 1686/1686/1686
f 1694/1694/1694 1685/1685/1685 1686/1686/1686
f 1693/1693/1693 1694/1694/1694 1686/1686/1686
f 1695/1695/1695 1693/1693/1693 1689/1689/1689
f 1695/1695/1695 1689/1689/1689 1692/1692/1692
f 1693/1693/1693 1696/1696/1696 1694/1694/1694
f 1696/1696/1696 1693/1693/1693 1695/1695/1695
f 1697/1697/1697 1685/1685/1685 1694/1694/1694
f 1698/1698/1698 1694/1694/1694 1696/1696/1696
f 1698/1698/1698 1697/1697/1697 1694/1694/1694
f 1685/1685/1685 1697/1697/1697 1699/1699/1699
f 1685/1685/1685 1699/1699/1699 1700/1700/1700
f 1700/1700/1700 1699/1699/1699 1701/1701/1701
f 1699/1699/1699 1702/1702/1702 1701/1701/1701
f 1703/1703/1703 1701/1701/1701 1702/1702/1702
f 1699/1699/1699 1697/1697/1697 1704/1704/1704
f 1699/1699/1699 1704/1704/1704 1702/1702/1702
f 1703/1703/1703 1702/1702/1702 1705/1705/1705
f 1703/1703/1703 1705/1705/1705 1706/1706/1706
f 1704/1704/1704 1707/1707/1707 1702/1702/1702
f 1702/1702/1702 1707/1707/1707 1705/1705/1705
f 1708/1708/1708 1706/1706/1706 1705/1705/1705
f 1708/1708/1708 1709/1709/1709 1706/1706/1706
f 1708/1708/1708 1710/1710/1710 1709/1709/1709
f 1710/1710/1710 1711/1711/1711 1709/1709/1709
f 1712/1712/1712 1704/1704/1704 1697/1697/1697
f 1704/1704/1704 1713/1713/1713 1707/1707/1707
f 1712/1712/1712 1713/1713/1713 1704/1704/1704
f 1707/1707/1707 1714/1714/1714 1705/1705/1705
f 1707/1707/1707 1713/1713/1713 1714/1714/1714
f 1715/1715/1715 1708/1708/1708 1705/1705/1705
f 1705/1705/1705 1714/1714/1714 1715/1715/1715
f 1715/1715/1715 1716/1716/1716 1708/1708/1708
f 1708/1708/1708 1716/1716/1716 1710/1710/1710
f 1714/1714/1714 1716/1716/1716 1715/1715/1715
f 1712/1712/1712 1697/1697/1697 1717/1717/1717
f 1698/1698/1698 1717/1717/1717 1697/1697/1697
f 1718/1718/1718 1712/1712/1712 1717/1717/1717
f 1713/1713/1713 1712/1712/1712 1718/1718/1718
f 1719/1719/1719 1717/1717/1717 1698/1698/1698
f 1717/1717/1717 1719/1719/1719 1718/1718/1718
f 1718/1718/1718 1720/1720/1720 1713/1713/1713
f 1721/1721/1721 1713/1713/1713 1720/1720/1720
f 1721/1721/1721 1714/1714/1714 1713/1713/1713
f 1722/1722/1722 1720/1720/1720 1718/1718/1718
f 1714/1714/1714 1723/1723/1723 1716/1716/1716
f 1714/1714/1714 1721/1721/1721 1723/1723/1723
f 1716/1716/1716 1724/1724/1724 1710/1710/1710
f 1724/1724/1724 1716/1716/1716 1723/1723/1723
f 1719/1719/1719 1698/1698/1698 1725/1725/1725
f 1725/1725/1725 1698/1698/1698 1696/1696/1696
f 1696/1696/1696 1726/1726/1726 1725/1725/1725
f 1727/1727/1727 1726/1726/1726 1696/1696/1696
f 1695/1695/1695 1727/1727/1727 1696/1696/1696
f 1719/1719/1719 1728/1728/1728 1718/1718/1718
f 1728/1728/1728 1722/1722/1722 1718/1718/1718
f 1728/1728/1728 1719/1719/1719 1725/1725/1725
f 1729/1729/1729 1722/1722/1722 1728/1728/1728
f 1730/1730/1730 1727/1727/1727 1695/1695/1695
f 1730/1730/1730 1726/1726/1726 1727/1727/1727
f 1692/1692/1692 1730/1730/1730 1695/1695/1695
f 1724/1724/1724 1723/1723/1723 1731/1731/1731
f 1732/1732/1732 1724/1724/1724 1731/1731/1731
f 1730/1730/1730 1692/1692/1692 1733/1733/1733
f 1734/1734/1734 1733/1733/1733 1692/1692/1692
f 1729/1729/1729 1735/1735/1735 1722/1722/1722
f 1729/1729/1729 1736/1736/1736 1735/1735/1735
f 1720/1720/1720 1722/1722/1722 1735/1735/1735
f 1726/1726/1726 1730/1730/1730 1737/1737/1737
f 1737/1737/1737 1730/1730/1730 1733/1733/1733
f 1738/1738/1738 1731/1731/1731 1723/1723/1723
f 1738/1738/1738 1720/1720/1720 1731/1731/1731
f 1721/1721/1721 1738/1738/1738 1723/1723/1723
f 1721/1721/1721 1720/1720/1720 1738/1738/1738
f 1739/1739/1739 1733/1733/1733 1734/1734/1734
f 1740/1740/1740 1739/1739/1739 1734/1734/1734
f 1736/1736/1736 1741/1741/1741 1735/1735/1735
f 1720/1720/1720 1735/1735/1735 1741/1741/1741
f 1720/1720/1720 1741/1741/1741 1742/1742/1742
f 1736/1736/1736 1742/1742/1742 1741/1741/1741
f 1720/1720/1720 1743/1743/1743 1731/1731/1731
f 1720/1720/1720 1742/1742/1742 1743/1743/1743
f 1743/1743/1743 1742/1742/1742 1744/1744/1744
f 1743/1743/1743 1745/1745/1745 1731/1731/1731
f 1743/1743/1743 1744/1744/1744 1745/1745/1745
f 1731/1731/1731 1745/1745/1745 1732/1732/1732
f 1745/1745/1745 1746/1746/1746 1732/1732/1732
f 1736/1736/1736 1747/1747/1747 1742/1742/1742
f 1747/1747/1747 1744/1744/1744 1742/1742/1742
f 1748/1748/1748 1732/1732/1732 1746/1746/1746
f 1732/1732/1732 1748/1748/1748 1710/1710/1710
f 1748/1748/1748 1711/1711/1711 1710/1710/1710
f 1749/1749/1749 1711/1711/1711 1748/1748/1748
f 1749/1749/1749 1750/1750/1750 1711/1711/1711
f 1751/1751/1751 1749/1749/1749 1748/1748/1748
f 1751/1751/1751 1750/1750/1750 1749/1749/1749
f 1746/1746/1746 1751/1751/1751 1748/1748/1748
f 1752/1752/1752 1750/1750/1750 1751/1751/1751
f 1751/1751/1751 1753/1753/1753 1752/1752/1752
f 1751/1751/1751 1746/1746/1746 1753/1753/1753
f 1752/1752/1752 1753/1753/1753 1754/1754/1754
f 1755/1755/1755 1754/1754/1754 1753/1753/1753
f 1752/1752/1752 1754/1754/1754 1756/1756/1756
f 1754/1754/1754 1755/1755/1755 1756/1756/1756
f 1756/1756/1756 1755/1755/1755 1757/1757/1757
f 1758/1758/1758 1744/1744/1744 1747/1747/1747
f 1758/1758/1758 1747/1747/1747 1759/1759/1759
f 1758/1758/1758 1760/1760/1760 1744/1744/1744
f 1761/1761/1761 1759/1759/1759 1747/1747/1747
f 1759/1759/1759 1761/1761/1761 1762/1762/1762
f 1763/1763/1763 1761/1761/1761 1747/1747/1747
f 1763/1763/1763 1747/1747/1747 1736/1736/1736
f 1761/1761/1761 1764/1764/1764 1762/1762/1762
f 1762/1762/1762 1764/1764/1764 1765/1765/1765
f 1766/1766/1766 1744/1744/1744 1760/1760/1760
f 1760/1760/1760 1767/1767/1767 1766/1766/1766
f 1768/1768/1768 1767/1767/1767 1760/1760/1760
f 1744/1744/1744 1766/1766/1766 1769/1769/1769
f 1745/1745/1745 1744/1744/1744 1769/1769/1769
f 1769/1769/1769 1766/1766/1766 1770/1770/1770
f 1769/1769/1769 1770/1770/1770 1745/1745/1745
f 1766/1766/1766 1767/1767/1767 1770/1770/1770
f 1745/1745/1745 1770/1770/1770 1746/1746/1746
f 1746/1746/1746 1770/1770/1770 1771/1771/1771
f 1770/1770/1770 1767/1767/1767 1771/1771/1771
f 1767/1767/1767 1772/1772/1772 1771/1771/1771
f 1768/1768/1768 1773/1773/1773 1767/1767/1767
f 1774/1774/1774 1773/1773/1773 1768/1768/1768
f 1773/1773/1773 1775/1775/1775 1767/1767/1767
f 1775/1775/1775 1772/1772/1772 1767/1767/1767
f 1775/1775/1775 1773/1773/1773 1776/1776/1776
f 1775/1775/1775 1776/1776/1776 1777/1777/1777
f 1775/1775/1775 1777/1777/1777 1772/1772/1772
f 1778/1778/1778 1777/1777/1777 1776/1776/1776
f 1778/1778/1778 1779/1779/1779 1777/1777/1777
f 1779/1779/1779 1772/1772/1772 1777/1777/1777
f 1780/1780/1780 1779/1779/1779 1778/1778/1778
f 1771/1771/1771 1781/1781/1781 1746/1746/1746
f 1746/1746/1746 1781/1781/1781 1753/1753/1753
f 1781/1781/1781 1771/1771/1771 1782/1782/1782
f 1753/1753/1753 1781/1781/1781 1782/1782/1782
f 1771/1771/1771 1772/1772/1772 1782/1782/1782
f 1782/1782/1782 1755/1755/1755 1753/1753/1753
f 1783/1783/1783 1779/1779/1779 1780/1780/1780
f 1783/1783/1783 1772/1772/1772 1779/1779/1779
f 1772/1772/1772 1784/1784/1784 1782/1782/1782
f 1784/1784/1784 1772/1772/1772 1783/1783/1783
f 1785/1785/1785 1783/1783/1783 1780/1780/1780
f 1783/1783/1783 1785/1785/1785 1784/1784/1784
f 1786/1786/1786 1785/1785/1785 1780/1780/1780
f 1782/1782/1782 1784/1784/1784 1787/1787/1787
f 1785/1785/1785 1787/1787/1787 1784/1784/1784
f 1782/1782/1782 1787/1787/1787 1755/1755/1755
f 1786/1786/1786 1788/1788/1788 1785/1785/1785
f 1787/1787/1787 1785/1785/1785 1788/1788/1788
f 1789/1789/1789 1787/1787/1787 1788/1788/1788
f 1787/1787/1787 1790/1790/1790 1755/1755/1755
f 1787/1787/1787 1789/1789/1789 1790/1790/1790
f 1789/1789/1789 1791/1791/1791 1790/1790/1790
f 1755/1755/1755 1790/1790/1790 1792/1792/1792
f 1755/1755/1755 1792/1792/1792 1757/1757/1757
f 1790/1790/1790 1793/1793/1793 1792/1792/1792
f 1793/1793/1793 1790/1790/1790 1791/1791/1791
f 1792/1792/1792 1794/1794/1794 1757/1757/1757
f 1794/1794/1794 1792/1792/1792 1793/1793/1793
f 1793/1793/1793 1791/1791/1791 1794/1794/1794
f 1757/1757/1757 1794/1794/1794 1795/1795/1795
f 1795/1795/1795 1794/1794/1794 1796/1796/1796
f 1794/1794/1794 1791/1791/1791 1796/1796/1796
f 1795/1795/1795 1796/1796/1796 1797/1797/1797
f 1798/1798/1798 1788/1788/1788 1786/1786/1786
f 1798/1798/1798 1789/1789/1789 1788/1788/1788
f 1796/1796/1796 1799/1799/1799 1797/1797/1797
f 1791/1791/1791 1800/1800/1800 1796/1796/1796
f 1799/1799/1799 1796/1796/1796 1800/1800/1800
f 1797/1797/1797 1799/1799/1799 1801/1801/1801
f 1797/1797/1797 1801/1801/1801 1802/1802/1802
f 1799/1799/1799 1800/1800/1800 1803/1803/1803
f 1799/1799/1799 1803/1803/1803 1801/1801/1801
f 1801/1801/1801 1803/1803/1803 1804/1804/1804
f 1805/1805/1805 1800/1800/1800 1791/1791/1791
f 1805/1805/1805 1803/1803/1803 1800/1800/1800
f 1801/1801/1801 1806/1806/1806 1802/1802/1802
f 1806/1806/1806 1801/1801/1801 1804/1804/1804
f 1806/1806/1806 1807/1807/1807 1802/1802/1802
f 1802/1802/1802 1807/1807/1807 1808/1808/1808
f 1809/1809/1809 1791/1791/1791 1789/1789/1789
f 1809/1809/1809 1805/1805/1805 1791/1791/1791
f 1810/1810/1810 1803/1803/1803 1805/1805/1805
f 1810/1810/1810 1804/1804/1804 1803/1803/1803
f 1811/1811/1811 1806/1806/1806 1804/1804/1804
f 1806/1806/1806 1811/1811/1811 1807/1807/1807
f 1811/1811/1811 1812/1812/1812 1807/1807/1807
f 1811/1811/1811 1804/1804/1804 1812/1812/1812
f 1808/1808/1808 1807/1807/1807 1813/1813/1813
f 1813/1813/1813 1807/1807/1807 1812/1812/1812
f 1809/1809/1809 1814/1814/1814 1805/1805/1805
f 1810/1810/1810 1805/1805/1805 1814/1814/1814
f 1813/1813/1813 1815/1815/1815 1808/1808/1808
f 1816/1816/1816 1808/1808/1808 1815/1815/1815
f 1816/1816/1816 1815/1815/1815 1817/1817/1817
f 1818/1818/1818 1814/1814/1814 1809/1809/1809
f 1814/1814/1814 1819/1819/1819 1810/1810/1810
f 1818/1818/1818 1819/1819/1819 1814/1814/1814
f 1809/1809/1809 1820/1820/1820 1818/1818/1818
f 1820/1820/1820 1809/1809/1809 1789/1789/1789
f 1820/1820/1820 1789/1789/1789 1821/1821/1821
f 1798/1798/1798 1821/1821/1821 1789/1789/1789
f 1820/1820/1820 1822/1822/1822 1818/1818/1818
f 1822/1822/1822 1823/1823/1823 1818/1818/1818
f 1819/1819/1819 1818/1818/1818 1823/1823/1823
f 1822/1822/1822 1820/1820/1820 1824/1824/1824
f 1821/1821/1821 1824/1824/1824 1820/1820/1820
f 1819/1819/1819 1823/1823/1823 1825/1825/1825
f 1819/1819/1819 1825/1825/1825 1810/1810/1810
f 1823/1823/1823 1826/1826/1826 1825/1825/1825
f 1827/1827/1827 1825/1825/1825 1826/1826/1826
f 1828/1828/1828 1824/1824/1824 1821/1821/1821
f 1798/1798/1798 1828/1828/1828 1821/1821/1821
f 1824/1824/1824 1828/1828/1828 1829/1829/1829
f 1828/1828/1828 1830/1830/1830 1829/1829/1829
f 1831/1831/1831 1830/1830/1830 1828/1828/1828
f 1798/1798/1798 1831/1831/1831 1828/1828/1828
f 1831/1831/1831 1832/1832/1832 1830/1830/1830
f 1810/1810/1810 1825/1825/1825 1833/1833/1833
f 1810/1810/1810 1833/1833/1833 1804/1804/1804
f 1834/1834/1834 1825/1825/1825 1827/1827/1827
f 1825/1825/1825 1834/1834/1834 1833/1833/1833
f 1831/1831/1831 1798/1798/1798 1835/1835/1835
f 1835/1835/1835 1798/1798/1798 1786/1786/1786
f 1836/1836/1836 1832/1832/1832 1831/1831/1831
f 1836/1836/1836 1831/1831/1831 1835/1835/1835
f 1837/1837/1837 1832/1832/1832 1836/1836/1836
f 1837/1837/1837 1836/1836/1836 1838/1838/1838
f 1838/1838/1838 1836/1836/1836 1839/1839/1839
f 1839/1839/1839 1836/1836/1836 1835/1835/1835
f 1840/1840/1840 1838/1838/1838 1839/1839/1839
f 1804/1804/1804 1833/1833/1833 1841/1841/1841
f 1804/1804/1804 1841/1841/1841 1812/1812/1812
f 1833/1833/1833 1842/1842/1842 1841/1841/1841
f 1842/1842/1842 1812/1812/1812 1841/1841/1841
f 1834/1834/1834 1842/1842/1842 1833/1833/1833
f 1765/1765/1765 1835/1835/1835 1786/1786/1786
f 1765/1765/1765 1786/1786/1786 1843/1843/1843
f 1843/1843/1843 1844/1844/1844 1765/1765/1765
f 1845/1845/1845 1839/1839/1839 1835/1835/1835
f 1845/1845/1845 1835/1835/1835 1765/1765/1765
f 1839/1839/1839 1845/1845/1845 1846/1846/1846
f 1845/1845/1845 1765/1765/1765 1764/1764/1764
f 1764/1764/1764 1846/1846/1846 1845/1845/1845
f 1846/1846/1846 1764/1764/1764 1847/1847/1847
f 1848/1848/1848 1846/1846/1846 1847/1847/1847
f 1761/1761/1761 1847/1847/1847 1764/1764/1764
f 1761/1761/1761 1848/1848/1848 1847/1847/1847
f 1763/1763/1763 1848/1848/1848 1761/1761/1761
f 1842/1842/1842 1834/1834/1834 1849/1849/1849
f 1842/1842/1842 1849/1849/1849 1812/1812/1812
f 1834/1834/1834 1850/1850/1850 1849/1849/1849
f 1827/1827/1827 1850/1850/1850 1834/1834/1834
f 1827/1827/1827 1851/1851/1851 1850/1850/1850
f 1850/1850/1850 1851/1851/1851 1852/1852/1852
f 1851/1851/1851 1853/1853/1853 1852/1852/1852
f 1852/1852/1852 1853/1853/1853 1854/1854/1854
f 1850/1850/1850 1852/1852/1852 1855/1855/1855
f 1849/1849/1849 1850/1850/1850 1855/1855/1855
f 1849/1849/1849 1856/1856/1856 1812/1812/1812
f 1812/1812/1812 1856/1856/1856 1813/1813/1813
f 1849/1849/1849 1857/1857/1857 1856/1856/1856
f 1856/1856/1856 1857/1857/1857 1813/1813/1813
f 1855/1855/1855 1857/1857/1857 1849/1849/1849
f 1857/1857/1857 1815/1815/1815 1813/1813/1813
f 1852/1852/1852 1854/1854/1854 1858/1858/1858
f 1855/1855/1855 1852/1852/1852 1858/1858/1858
f 1815/1815/1815 1857/1857/1857 1859/1859/1859
f 1855/1855/1855 1859/1859/1859 1857/1857/1857
f 1858/1858/1858 1854/1854/1854 1860/1860/1860
f 1860/1860/1860 1854/1854/1854 1861/1861/1861
f 1862/1862/1862 1855/1855/1855 1858/1858/1858
f 1862/1862/1862 1859/1859/1859 1855/1855/1855
f 1860/1860/1860 1862/1862/1862 1858/1858/1858
f 1859/1859/1859 1863/1863/1863 1815/1815/1815
f 1815/1815/1815 1863/1863/1863 1817/1817/1817
f 1862/1862/1862 1864/1864/1864 1859/1859/1859
f 1860/1860/1860 1864/1864/1864 1862/1862/1862
f 1865/1865/1865 1817/1817/1817 1863/1863/1863
f 1817/1817/1817 1865/1865/1865 1866/1866/1866
f 1863/1863/1863 1859/1859/1859 1867/1867/1867
f 1864/1864/1864 1867/1867/1867 1859/1859/1859
f 1867/1867/1867 1865/1865/1865 1863/1863/1863
f 1868/1868/1868 1867/1867/1867 1864/1864/1864
f 1868/1868/1868 1865/1865/1865 1867/1867/1867
f 1869/1869/1869 1864/1864/1864 1860/1860/1860
f 1864/1864/1864 1869/1869/1869 1868/1868/1868
f 1860/1860/1860 1861/1861/1861 1870/1870/1870
f 1860/1860/1860 1870/1870/1870 1869/1869/1869
f 1865/1865/1865 1871/1871/1871 1866/1866/1866
f 1868/1868/1868 1871/1871/1871 1865/1865/1865
f 1866/1866/1866 1871/1871/1871 1872/1872/1872
f 1873/1873/1873 1866/1866/1866 1872/1872/1872
f 1874/1874/1874 1871/1871/1871 1868/1868/1868
f 1869/1869/1869 1874/1874/1874 1868/1868/1868
f 1872/1872/1872 1871/1871/1871 1874/1874/1874
f 1869/1869/1869 1875/1875/1875 1874/1874/1874
f 1870/1870/1870 1875/1875/1875 1869/1869/1869
f 1875/1875/1875 1872/1872/1872 1874/1874/1874
f 1870/1870/1870 1861/1861/1861 1876/1876/1876
f 1870/1870/1870 1876/1876/1876 1875/1875/1875
f 1861/1861/1861 1877/1877/1877 1876/1876/1876
f 1878/1878/1878 1876/1876/1876 1877/1877/1877
f 1878/1878/1878 1879/1879/1879 1876/1876/1876
f 1875/1875/1875 1876/1876/1876 1879/1879/1879
f 1880/1880/1880 1879/1879/1879 1878/1878/1878
f 1873/1873/1873 1872/1872/1872 1881/1881/1881
f 1881/1881/1881 1882/1882/1882 1873/1873/1873
f 1882/1882/1882 1881/1881/1881 1883/1883/1883
f 1875/1875/1875 1884/1884/1884 1872/1872/1872
f 1884/1884/1884 1875/1875/1875 1879/1879/1879
f 1881/1881/1881 1872/1872/1872 1885/1885/1885
f 1885/1885/1885 1883/1883/1883 1881/1881/1881
f 1884/1884/1884 1885/1885/1885 1872/1872/1872
f 1885/1885/1885 1886/1886/1886 1883/1883/1883
f 1886/1886/1886 1887/1887/1887 1883/1883/1883
f 1879/1879/1879 1880/1880/1880 1888/1888/1888
f 1888/1888/1888 1880/1880/1880 1889/1889/1889
f 1890/1890/1890 1885/1885/1885 1884/1884/1884
f 1890/1890/1890 1886/1886/1886 1885/1885/1885
f 1891/1891/1891 1884/1884/1884 1879/1879/1879
f 1884/1884/1884 1891/1891/1891 1890/1890/1890
f 1888/1888/1888 1891/1891/1891 1879/1879/1879
f 1891/1891/1891 1892/1892/1892 1890/1890/1890
f 1891/1891/1891 1888/1888/1888 1892/1892/1892
f 1890/1890/1890 1892/1892/1892 1886/1886/1886
f 1889/1889/1889 1893/1893/1893 1888/1888/1888
f 1888/1888/1888 1893/1893/1893 1892/1892/1892
f 1893/1893/1893 1889/1889/1889 1894/1894/1894
f 1886/1886/1886 1895/1895/1895 1887/1887/1887
f 1887/1887/1887 1895/1895/1895 1896/1896/1896
f 1893/1893/1893 1894/1894/1894 1897/1897/1897
f 1897/1897/1897 1894/1894/1894 1898/1898/1898
f 1898/1898/1898 1899/1899/1899 1897/1897/1897
f 1897/1897/1897 1899/1899/1899 1900/1900/1900
f 1899/1899/1899 1901/1901/1901 1900/1900/1900
f 1893/1893/1893 1897/1897/1897 1902/1902/1902
f 1902/1902/1902 1897/1897/1897 1900/1900/1900
f 1903/1903/1903 1900/1900/1900 1901/1901/1901
f 1900/1900/1900 1903/1903/1903 1902/1902/1902
f 1901/1901/1901 1904/1904/1904 1903/1903/1903
f 1903/1903/1903 1904/1904/1904 1905/1905/1905
f 1905/1905/1905 1896/1896/1896 1895/1895/1895
f 1905/1905/1905 1904/1904/1904 1906/1906/1906
f 1905/1905/1905 1906/1906/1906 1896/1896/1896
f 1905/1905/1905 1907/1907/1907 1903/1903/1903
f 1905/1905/1905 1895/1895/1895 1907/1907/1907
f 1902/1902/1902 1903/1903/1903 1907/1907/1907
f 1893/1893/1893 1902/1902/1902 1908/1908/1908
f 1908/1908/1908 1892/1892/1892 1893/1893/1893
f 1902/1902/1902 1909/1909/1909 1908/1908/1908
f 1892/1892/1892 1908/1908/1908 1909/1909/1909
f 1909/1909/1909 1902/1902/1902 1907/1907/1907
f 1892/1892/1892 1909/1909/1909 1886/1886/1886
f 1886/1886/1886 1910/1910/1910 1895/1895/1895
f 1910/1910/1910 1907/1907/1907 1895/1895/1895
f 1909/1909/1909 1907/1907/1907 1910/1910/1910
f 1886/1886/1886 1909/1909/1909 1910/1910/1910
f 1913/1913/1913 1912/1912/1912 1911/1911/1911
f 1913/1913/1913 1914/1914/1914 1912/1912/1912
f 1915/1915/1915 1914/1914/1914 1913/1913/1913
f 1915/1915/1915 1916/1916/1916 1914/1914/1914
f 1914/1914/1914 1916/1916/1916 1912/1912/1912
f 1917/1917/1917 1916/1916/1916 1915/1915/1915
f 1912/1912/1912 1916/1916/1916 1918/1918/1918
f 1912/1912/1912 1918/1918/1918 1919/1919/1919
f 1920/1920/1920 1916/1916/1916 1917/1917/1917
f 1916/1916/1916 1920/1920/1920 1918/1918/1918
f 1920/1920/1920 1917/1917/1917 1921/1921/1921
f 1920/1920/1920 1921/1921/1921 1922/1922/1922
f 1918/1918/1918 1923/1923/1923 1919/1919/1919
f 1923/1923/1923 1924/1924/1924 1919/1919/1919
f 1923/1923/1923 1925/1925/1925 1924/1924/1924
f 1918/1918/1918 1926/1926/1926 1923/1923/1923
f 1918/1918/1918 1920/1920/1920 1926/1926/1926
f 1926/1926/1926 1925/1925/1925 1923/1923/1923
f 1920/1920/1920 1922/1922/1922 1927/1927/1927
f 1926/1926/1926 1920/1920/1920 1927/1927/1927
f 1928/1928/1928 1925/1925/1925 1926/1926/1926
f 1928/1928/1928 1926/1926/1926 1927/1927/1927
f 1925/1925/1925 1928/1928/1928 1929/1929/1929
f 1928/1928/1928 1927/1927/1927 1929/1929/1929
f 1929/1929/1929 1927/1927/1927 1930/1930/1930
f 1922/1922/1922 1931/1931/1931 1927/1927/1927
f 1931/1931/1931 1930/1930/1930 1927/1927/1927
f 1932/1932/1932 1931/1931/1931 1922/1922/1922
f 1933/1933/1933 1925/1925/1925 1929/1929/1929
f 1925/1925/1925 1933/1933/1933 1934/1934/1934
f 1930/1930/1930 1931/1931/1931 1935/1935/1935
f 1935/1935/1935 1931/1931/1931 1932/1932/1932
f 1935/1935/1935 1932/1932/1932 1936/1936/1936
f 1932/1932/1932 1937/1937/1937 1936/1936/1936
f 1938/1938/1938 1934/1934/1934 1933/1933/1933
f 1938/1938/1938 1933/1933/1933 1939/1939/1939
f 1929/1929/1929 1939/1939/1939 1933/1933/1933
f 1940/1940/1940 1934/1934/1934 1938/1938/1938
f 1940/1940/1940 1938/1938/1938 1941/1941/1941
f 1942/1942/1942 1934/1934/1934 1940/1940/1940
f 1940/1940/1940 1941/1941/1941 1943/1943/1943
f 1943/1943/1943 1941/1941/1941 1944/1944/1944
f 1945/1945/1945 1942/1942/1942 1940/1940/1940
f 1945/1945/1945 1940/1940/1940 1943/1943/1943
f 1945/1945/1945 1946/1946/1946 1942/1942/1942
f 1947/1947/1947 1946/1946/1946 1945/1945/1945
f 1947/1947/1947 1945/1945/1945 1948/1948/1948
f 1947/1947/1947 1948/1948/1948 1949/1949/1949
f 1947/1947/1947 1949/1949/1949 1950/1950/1950
f 1951/1951/1951 1947/1947/1947 1950/1950/1950
f 1952/1952/1952 1945/1945/1945 1943/1943/1943
f 1952/1952/1952 1943/1943/1943 1953/1953/1953
f 1953/1953/1953 1943/1943/1943 1944/1944/1944
f 1954/1954/1954 1953/1953/1953 1944/1944/1944
f 1952/1952/1952 1953/1953/1953 1955/1955/1955
f 1954/1954/1954 1944/1944/1944 1956/1956/1956
f 1957/1957/1957 1954/1954/1954 1956/1956/1956
f 1957/1957/1957 1956/1956/1956 1958/1958/1958
f 1959/1959/1959 1954/1954/1954 1957/1957/1957
f 1954/1954/1954 1959/1959/1959 1960/1960/1960
f 1961/1961/1961 1953/1953/1953 1954/1954/1954
f 1955/1955/1955 1953/1953/1953 1961/1961/1961
f 1960/1960/1960 1962/1962/1962 1954/1954/1954
f 1954/1954/1954 1962/1962/1962 1961/1961/1961
f 1962/1962/1962 1955/1955/1955 1961/1961/1961
f 1963/1963/1963 1962/1962/1962 1960/1960/1960
f 1962/1962/1962 1963/1963/1963 1964/1964/1964
f 1964/1964/1964 1955/1955/1955 1962/1962/1962
f 1965/1965/1965 1955/1955/1955 1964/1964/1964
f 1968/1968/1968 1967/1967/1967 1966/1966/1966
f 1966/1966/1966 1969/1969/1969 1968/1968/1968
f 1969/1969/1969 1970/1970/1970 1968/1968/1968
f 1969/1969/1969 1971/1971/1971 1970/1970/1970
f 1969/1969/1969 1972/1972/1972 1971/1971/1971
f 1972/1972/1972 1969/1969/1969 1966/1966/1966
f 1971/1971/1971 1972/1972/1972 1973/1973/1973
f 1972/1972/1972 1974/1974/1974 1973/1973/1973
f 1966/1966/1966 1974/1974/1974 1972/1972/1972
f 1973/1973/1973 1974/1974/1974 1975/1975/1975
f 1974/1974/1974 1976/1976/1976 1975/1975/1975
f 1976/1976/1976 1974/1974/1974 1977/1977/1977
f 1966/1966/1966 1977/1977/1977 1974/1974/1974
f 1977/1977/1977 1978/1978/1978 1976/1976/1976
f 1979/1979/1979 1977/1977/1977 1966/1966/1966
f 1978/1978/1978 1977/1977/1977 1979/1979/1979
f 1979/1979/1979 1966/1966/1966 1980/1980/1980
f 1981/1981/1981 1978/1978/1978 1979/1979/1979
f 1982/1982/1982 1981/1981/1981 1979/1979/1979
f 1982/1982/1982 1979/1979/1979 1983/1983/1983
f 1984/1984/1984 1981/1981/1981 1982/1982/1982
f 1987/1987/1987 1986/1986/1986 1985/1985/1985
f 1988/1988/1988 1986/1986/1986 1987/1987/1987
f 1991/1991/1991 1990/1990/1990 1989/1989/1989
f 1992/1992/1992 1991/1991/1991 1989/1989/1989
f 1992/1992/1992 1989/1989/1989 1993/1993/1993
f 1993/1993/1993 1989/1989/1989 1994/1994/1994
f 1995/1995/1995 1994/1994/1994 1989/1989/1989
f 1996/1996/1996 1993/1993/1993 1994/1994/1994
f 1993/1993/1993 1996/1996/1996 1997/1997/1997
f 1992/1992/1992 1993/1993/1993 1998/1998/1998
f 1998/1998/1998 1993/1993/1993 1997/1997/1997
f 1997/1997/1997 1999/1999/1999 1998/1998/1998
f 1992/1992/1992 1998/1998/1998 2000/2000/2000
f 2000/2000/2000 1998/1998/1998 2001/2001/2001
f 2002/2002/2002 2000/2000/2000 2001/2001/2001
f 2005/2005/2005 2004/2004/2004 2003/2003/2003
f 2003/2003/2003 2004/2004/2004 2006/2006/2006
f 2004/2004/2004 2007/2007/2007 2006/2006/2006
f 2008/2008/2008 2003/2003/2003 2006/2006/2006
f 2011/2011/2011 2010/2010/2010 2009/2009/2009
f 2012/2012/2012 2010/2010/2010 2011/2011/2011
f 2013/2013/2013 2012/2012/2012 2011/2011/2011
f 2014/2014/2014 2012/2012/2012 2013/2013/2013
f 2014/2014/2014 2013/2013/2013 2015/2015/2015
f 2016/2016/2016 2014/2014/2014 2015/2015/2015
f 2019/2019/2019 2018/2018/2018 2017/2017/2017
f 2019/2019/2019 2020/2020/2020 2018/2018/2018
f 2018/2018/2018 2020/2020/2020 2021/2021/2021
f 2020/2020/2020 2022/2022/2022 2021/2021/2021
f 2023/2023/2023 2021/2021/2021 2022/2022/2022
f 2023/2023/2023 2022/2022/2022 2024/2024/2024
f 2022/2022/2022 2025/2025/2025 2024/2024/2024
f 2024/2024/2024 2025/2025/2025 2026/2026/2026
f 2025/2025/2025 2027/2027/2027 2026/2026/2026
f 2030/2030/2030 2029/2029/2029 2028/2028/2028
f 2031/2031/2031 2029/2029/2029 2030/2030/2030
f 2029/2029/2029 2031/2031/2031 2032/2032/2032
f 2032/2032/2032 2031/2031/2031 2033/2033/2033
f 2033/2033/2033 2034/2034/2034 2032/2032/2032
f 2032/2032/2032 2034/2034/2034 2035/2035/2035
f 2035/2035/2035 2036/2036/2036 2032/2032/2032
f 2032/2032/2032 2036/2036/2036 2029/2029/2029
f 2029/2029/2029 2036/2036/2036 2037/2037/2037
f 2040/2040/2040 2039/2039/2039 2038/2038/2038
f 2041/2041/2041 2039/2039/2039 2040/2040/2040
f 2042/2042/2042 2041/2041/2041 2040/2040/2040
f 2041/2041/2041 2043/2043/2043 2039/2039/2039
f 2043/2043/2043 2041/2041/2041 2044/2044/2044
f 2045/2045/2045 2043/2043/2043 2044/2044/2044
f 2046/2046/2046 2045/2045/2045 2044/2044/2044
f 2041/2041/2041 2047/2047/2047 2044/2044/2044
f 2041/2041/2041 2048/2048/2048 2047/2047/2047
f 2046/2046/2046 2044/2044/2044 2049/2049/2049
f 2049/2049/2049 2044/2044/2044 2047/2047/2047
f 2048/2048/2048 2050/2050/2050 2047/2047/2047
f 2049/2049/2049 2047/2047/2047 2050/2050/2050
f 1429/1429/1429 2050/2050/2050 2048/2048/2048
f 2049/2049/2049 2051/2051/2051 2046/2046/2046
f 2046/2046/2046 2051/2051/2051 2052/2052/2052
f 2053/2053/2053 2050/2050/2050 1429/1429/1429
f 2050/2050/2050 2053/2053/2053 2054/2054/2054
f 1429/1429/1429 1433/1433/1433 2053/2053/2053
f 2054/2054/2054 2053/2053/2053 1433/1433/1433
f 2049/2049/2049 2050/2050/2050 2055/2055/2055
f 2049/2049/2049 2055/2055/2055 2051/2051/2051
f 2050/2050/2050 2054/2054/2054 2055/2055/2055
f 2055/2055/2055 2056/2056/2056 2051/2051/2051
f 2054/2054/2054 2056/2056/2056 2055/2055/2055
f 2051/2051/2051 2056/2056/2056 2057/2057/2057
f 2056/2056/2056 2054/2054/2054 2057/2057/2057
f 2051/2051/2051 2057/2057/2057 2058/2058/2058
f 2057/2057/2057 2059/2059/2059 2058/2058/2058
f 2057/2057/2057 2060/2060/2060 2059/2059/2059
f 2061/2061/2061 2054/2054/2054 1433/1433/1433
f 2061/2061/2061 1433/1433/1433 1435/1435/1435
f 2062/2062/2062 2057/2057/2057 2054/2054/2054
f 2057/2057/2057 2062/2062/2062 2060/2060/2060
f 2054/2054/2054 2061/2061/2061 2062/2062/2062
f 2063/2063/2063 2061/2061/2061 1435/1435/1435
f 2062/2062/2062 2061/2061/2061 2063/2063/2063
f 2062/2062/2062 2063/2063/2063 2060/2060/2060
f 2063/2063/2063 1435/1435/1435 1439/1439/1439
f 2060/2060/2060 2063/2063/2063 2064/2064/2064
f 2064/2064/2064 2063/2063/2063 1439/1439/1439
f 2064/2064/2064 1439/1439/1439 2065/2065/2065
f 2068/2068/2068 2067/2067/2067 2066/2066/2066
f 2066/2066/2066 2067/2067/2067 2069/2069/2069
f 2066/2066/2066 2069/2069/2069 2070/2070/2070
f 2070/2070/2070 2069/2069/2069 2071/2071/2071
f 2071/2071/2071 2069/2069/2069 2072/2072/2072
f 2072/2072/2072 2069/2069/2069 2073/2073/2073
f 2069/2069/2069 2067/2067/2067 2073/2073/2073
f 2073/2073/2073 2067/2067/2067 2074/2074/2074
f 2077/2077/2077 2076/2076/2076 2075/2075/2075
f 2075/2075/2075 2078/2078/2078 2077/2077/2077
f 2075/2075/2075 2079/2079/2079 2078/2078/2078
f 2080/2080/2080 2077/2077/2077 2078/2078/2078
f 2077/2077/2077 2080/2080/2080 2081/2081/2081
f 2080/2080/2080 2078/2078/2078 2082/2082/2082
f 2078/2078/2078 2083/2083/2083 2082/2082/2082
f 2078/2078/2078 2079/2079/2079 2083/2083/2083
f 2079/2079/2079 2084/2084/2084 2083/2083/2083
f 2087/2087/2087 2086/2086/2086 2085/2085/2085
f 2087/2087/2087 2088/2088/2088 2086/2086/2086
f 2088/2088/2088 2089/2089/2089 2086/2086/2086
f 2088/2088/2088 2090/2090/2090 2089/2089/2089
f 2089/2089/2089 2090/2090/2090 2091/2091/2091
f 2091/2091/2091 2090/2090/2090 2092/2092/2092
f 2093/2093/2093 2088/2088/2088 2087/2087/2087
f 2093/2093/2093 2090/2090/2090 2088/2088/2088
f 2094/2094/2094 2093/2093/2093 2087/2087/2087
f 2092/2092/2092 2090/2090/2090 2095/2095/2095
f 2092/2092/2092 2095/2095/2095 2096/2096/2096
f 2096/2096/2096 2095/2095/2095 2097/2097/2097
f 2097/2097/2097 2098/2098/2098 2096/2096/2096
f 2098/2098/2098 2097/2097/2097 2099/2099/2099
f 2090/2090/2090 2100/2100/2100 2095/2095/2095
f 2100/2100/2100 2097/2097/2097 2095/2095/2095
f 2101/2101/2101 2099/2099/2099 2097/2097/2097
f 2101/2101/2101 2097/2097/2097 2100/2100/2100
f 2101/2101/2101 2102/2102/2102 2099/2099/2099
f 2103/2103/2103 2100/2100/2100 2090/2090/2090
f 2103/2103/2103 2090/2090/2090 2093/2093/2093
f 2100/2100/2100 2103/2103/2103 2101/2101/2101
f 2104/2104/2104 2093/2093/2093 2094/2094/2094
f 2105/2105/2105 2104/2104/2104 2094/2094/2094
f 2104/2104/2104 2106/2106/2106 2093/2093/2093
f 2106/2106/2106 2103/2103/2103 2093/2093/2093
f 2104/2104/2104 2107/2107/2107 2106/2106/2106
f 2107/2107/2107 2108/2108/2108 2106/2106/2106
f 2106/2106/2106 2108/2108/2108 2103/2103/2103
f 2107/2107/2107 2109/2109/2109 2108/2108/2108
f 2108/2108/2108 2110/2110/2110 2103/2103/2103
f 2110/2110/2110 2101/2101/2101 2103/2103/2103
f 2108/2108/2108 2109/2109/2109 2110/2110/2110
f 2111/2111/2111 2102/2102/2102 2101/2101/2101
f 2110/2110/2110 2111/2111/2111 2101/2101/2101
f 2112/2112/2112 2110/2110/2110 2109/2109/2109
f 2109/2109/2109 2113/2113/2113 2112/2112/2112
f 2110/2110/2110 2112/2112/2112 2114/2114/2114
f 2114/2114/2114 2111/2111/2111 2110/2110/2110
f 2112/2112/2112 2115/2115/2115 2114/2114/2114
f 2116/2116/2116 2114/2114/2114 2115/2115/2115
f 2116/2116/2116 2111/2111/2111 2114/2114/2114
f 2102/2102/2102 2111/2111/2111 2117/2117/2117
f 2116/2116/2116 2117/2117/2117 2111/2111/2111
f 2118/2118/2118 2102/2102/2102 2117/2117/2117
f 2119/2119/2119 2117/2117/2117 2116/2116/2116
f 2119/2119/2119 2118/2118/2118 2117/2117/2117
f 2116/2116/2116 2120/2120/2120 2119/2119/2119
f 2119/2119/2119 2121/2121/2121 2118/2118/2118
f 2119/2119/2119 2120/2120/2120 2122/2122/2122
f 2119/2119/2119 2122/2122/2122 2121/2121/2121
f 2125/2125/2125 2124/2124/2124 2123/2123/2123
f 2123/2123/2123 2126/2126/2126 2125/2125/2125
f 2127/2127/2127 2126/2126/2126 2123/2123/2123
f 2128/2128/2128 2126/2126/2126 2127/2127/2127
f 2128/2128/2128 2129/2129/2129 2126/2126/2126
f 2128/2128/2128 2130/2130/2130 2129/2129/2129
f 2125/2125/2125 2126/2126/2126 2131/2131/2131
f 2126/2126/2126 2129/2129/2129 2131/2131/2131
f 2132/2132/2132 2125/2125/2125 2131/2131/2131
f 2133/2133/2133 2125/2125/2125 2132/2132/2132
f 2133/2133/2133 2134/2134/2134 2125/2125/2125
f 2133/2133/2133 2135/2135/2135 2134/2134/2134
f 2129/2129/2129 2136/2136/2136 2131/2131/2131
f 2137/2137/2137 2134/2134/2134 2135/2135/2135
f 2136/2136/2136 2129/2129/2129 2138/2138/2138
f 2136/2136/2136 2138/2138/2138 2139/2139/2139
f 2129/2129/2129 2140/2140/2140 2138/2138/2138
f 2135/2135/2135 2141/2141/2141 2137/2137/2137
f 2137/2137/2137 2141/2141/2141 2142/2142/2142
f 2141/2141/2141 2135/2135/2135 2143/2143/2143
f 2143/2143/2143 2142/2142/2142 2141/2141/2141
f 2139/2139/2139 2138/2138/2138 2144/2144/2144
f 2144/2144/2144 2138/2138/2138 2140/2140/2140
f 2144/2144/2144 2145/2145/2145 2139/2139/2139
f 2144/2144/2144 2140/2140/2140 2146/2146/2146
f 2145/2145/2145 2144/2144/2144 2146/2146/2146
f 2140/2140/2140 2147/2147/2147 2146/2146/2146
f 2145/2145/2145 2146/2146/2146 2148/2148/2148
f 2149/2149/2149 2146/2146/2146 2147/2147/2147
f 2146/2146/2146 2149/2149/2149 2148/2148/2148
f 2147/2147/2147 2150/2150/2150 2149/2149/2149
f 2148/2148/2148 2149/2149/2149 2150/2150/2150
f 2150/2150/2150 2147/2147/2147 2151/2151/2151
f 2151/2151/2151 2152/2152/2152 2150/2150/2150
f 2153/2153/2153 2148/2148/2148 2150/2150/2150
f 2150/2150/2150 2152/2152/2152 2154/2154/2154
f 2150/2150/2150 2154/2154/2154 2153/2153/2153
f 2155/2155/2155 2154/2154/2154 2152/2152/2152
f 2154/2154/2154 2155/2155/2155 2156/2156/2156
f 2153/2153/2153 2154/2154/2154 2157/2157/2157
f 2154/2154/2154 2156/2156/2156 2157/2157/2157
f 2153/2153/2153 2157/2157/2157 2158/2158/2158
f 2156/2156/2156 2159/2159/2159 2157/2157/2157
f 2159/2159/2159 2160/2160/2160 2157/2157/2157
f 2160/2160/2160 2159/2159/2159 2161/2161/2161
f 2158/2158/2158 2157/2157/2157 2162/2162/2162
f 2162/2162/2162 2157/2157/2157 2160/2160/2160
f 2162/2162/2162 2163/2163/2163 2158/2158/2158
f 2162/2162/2162 2160/2160/2160 2163/2163/2163
f 2164/2164/2164 2163/2163/2163 2160/2160/2160
f 2160/2160/2160 2161/2161/2161 2165/2165/2165
f 2161/2161/2161 2166/2166/2166 2165/2165/2165
f 2164/2164/2164 2160/2160/2160 2167/2167/2167
f 2165/2165/2165 2167/2167/2167 2160/2160/2160
f 2168/2168/2168 2165/2165/2165 2166/2166/2166
f 2165/2165/2165 2168/2168/2168 2167/2167/2167
f 2166/2166/2166 2169/2169/2169 2168/2168/2168
f 2164/2164/2164 2167/2167/2167 2170/2170/2170
f 2167/2167/2167 2168/2168/2168 2170/2170/2170
f 2171/2171/2171 2164/2164/2164 2170/2170/2170
f 2168/2168/2168 2169/2169/2169 2172/2172/2172
f 2170/2170/2170 2168/2168/2168 2172/2172/2172
f 2172/2172/2172 2171/2171/2171 2170/2170/2170
f 2173/2173/2173 2172/2172/2172 2169/2169/2169
f 2174/2174/2174 2171/2171/2171 2172/2172/2172
f 2172/2172/2172 2173/2173/2173 2174/2174/2174
f 2171/2171/2171 2174/2174/2174 2175/2175/2175
f 2174/2174/2174 2173/2173/2173 2176/2176/2176
f 2174/2174/2174 2177/2177/2177 2175/2175/2175
f 2174/2174/2174 2176/2176/2176 2177/2177/2177
f 2177/2177/2177 2176/2176/2176 2178/2178/2178
f 2179/2179/2179 2175/2175/2175 2177/2177/2177
f 2180/2180/2180 2175/2175/2175 2179/2179/2179
f 2177/2177/2177 2181/2181/2181 2179/2179/2179
f 2179/2179/2179 2181/2181/2181 2180/2180/2180
f 2177/2177/2177 2178/2178/2178 2181/2181/2181
f 2182/2182/2182 2180/2180/2180 2181/2181/2181
f 2183/2183/2183 2182/2182/2182 2181/2181/2181
f 2181/2181/2181 2178/2178/2178 2183/2183/2183
f 2183/2183/2183 2184/2184/2184 2182/2182/2182
f 2184/2184/2184 2183/2183/2183 2185/2185/2185
f 2183/2183/2183 2186/2186/2186 2185/2185/2185
f 2178/2178/2178 2186/2186/2186 2183/2183/2183
f 2185/2185/2185 2186/2186/2186 2187/2187/2187
f 2187/2187/2187 2186/2186/2186 2188/2188/2188
f 2188/2188/2188 2189/2189/2189 2187/2187/2187
f 2189/2189/2189 2188/2188/2188 2190/2190/2190
f 2191/2191/2191 2190/2190/2190 2188/2188/2188
f 2191/2191/2191 2192/2192/2192 2190/2190/2190
f 2193/2193/2193 2188/2188/2188 2186/2186/2186
f 2186/2186/2186 2178/2178/2178 2193/2193/2193
f 2188/2188/2188 2193/2193/2193 2191/2191/2191
f 2193/2193/2193 2178/2178/2178 2194/2194/2194
f 2194/2194/2194 2191/2191/2191 2193/2193/2193
f 2178/2178/2178 2195/2195/2195 2194/2194/2194
f 2178/2178/2178 2176/2176/2176 2195/2195/2195
f 2196/2196/2196 2195/2195/2195 2176/2176/2176
f 2197/2197/2197 2196/2196/2196 2176/2176/2176
f 2191/2191/2191 2198/2198/2198 2192/2192/2192
f 2192/2192/2192 2198/2198/2198 2199/2199/2199
f 2198/2198/2198 2200/2200/2200 2199/2199/2199
f 2199/2199/2199 2200/2200/2200 2201/2201/2201
f 2202/2202/2202 2191/2191/2191 2194/2194/2194
f 2203/2203/2203 2202/2202/2202 2194/2194/2194
f 2191/2191/2191 2202/2202/2202 2204/2204/2204
f 2204/2204/2204 2198/2198/2198 2191/2191/2191
f 2205/2205/2205 2204/2204/2204 2202/2202/2202
f 2201/2201/2201 2200/2200/2200 2206/2206/2206
f 2201/2201/2201 2206/2206/2206 2207/2207/2207
f 2206/2206/2206 2208/2208/2208 2207/2207/2207
f 2208/2208/2208 2209/2209/2209 2207/2207/2207
f 2208/2208/2208 2210/2210/2210 2209/2209/2209
f 2210/2210/2210 2208/2208/2208 2211/2211/2211
f 2212/2212/2212 2211/2211/2211 2208/2208/2208
f 2212/2212/2212 2208/2208/2208 2206/2206/2206
f 2200/2200/2200 2212/2212/2212 2206/2206/2206
f 2200/2200/2200 2213/2213/2213 2212/2212/2212
f 2213/2213/2213 2214/2214/2214 2212/2212/2212
f 2213/2213/2213 2215/2215/2215 2214/2214/2214
f 2214/2214/2214 2215/2215/2215 2216/2216/2216
f 2200/2200/2200 2217/2217/2217 2213/2213/2213
f 2215/2215/2215 2213/2213/2213 2217/2217/2217
f 2217/2217/2217 2200/2200/2200 2218/2218/2218
f 2198/2198/2198 2218/2218/2218 2200/2200/2200
f 2219/2219/2219 2217/2217/2217 2218/2218/2218
f 2218/2218/2218 2198/2198/2198 2219/2219/2219
f 2215/2215/2215 2217/2217/2217 2219/2219/2219
f 2219/2219/2219 2198/2198/2198 2204/2204/2204
f 2220/2220/2220 2219/2219/2219 2204/2204/2204
f 2220/2220/2220 2215/2215/2215 2219/2219/2219
f 2220/2220/2220 2204/2204/2204 2205/2205/2205
f 2220/2220/2220 2221/2221/2221 2215/2215/2215
f 2205/2205/2205 2221/2221/2221 2220/2220/2220
f 2216/2216/2216 2215/2215/2215 2222/2222/2222
f 2221/2221/2221 2222/2222/2222 2215/2215/2215
f 2223/2223/2223 2221/2221/2221 2205/2205/2205
f 2223/2223/2223 2222/2222/2222 2221/2221/2221
f 2224/2224/2224 2223/2223/2223 2205/2205/2205
f 2224/2224/2224 2225/2225/2225 2223/2223/2223
f 2222/2222/2222 2223/2223/2223 2226/2226/2226
f 2222/2222/2222 2227/2227/2227 2216/2216/2216
f 2222/2222/2222 2226/2226/2226 2227/2227/2227
f 2227/2227/2227 2228/2228/2228 2216/2216/2216
f 2229/2229/2229 2228/2228/2228 2227/2227/2227
f 2226/2226/2226 2230/2230/2230 2227/2227/2227
f 2231/2231/2231 2229/2229/2229 2227/2227/2227
f 2227/2227/2227 2230/2230/2230 2231/2231/2231
f 2230/2230/2230 2232/2232/2232 2231/2231/2231
f 2232/2232/2232 2233/2233/2233 2231/2231/2231
f 2232/2232/2232 2230/2230/2230 2234/2234/2234
f 2234/2234/2234 2235/2235/2235 2232/2232/2232
f 2232/2232/2232 2236/2236/2236 2233/2233/2233
f 2232/2232/2232 2235/2235/2235 2236/2236/2236
f 2235/2235/2235 2237/2237/2237 2236/2236/2236
f 2237/2237/2237 2238/2238/2238 2236/2236/2236
f 2237/2237/2237 2239/2239/2239 2238/2238/2238
f 2239/2239/2239 2240/2240/2240 2238/2238/2238
f 2241/2241/2241 2240/2240/2240 2239/2239/2239
f 2242/2242/2242 2240/2240/2240 2241/2241/2241
f 2243/2243/2243 2242/2242/2242 2241/2241/2241
f 2246/2246/2246 2245/2245/2245 2244/2244/2244
f 2247/2247/2247 2245/2245/2245 2246/2246/2246
f 2248/2248/2248 2247/2247/2247 2246/2246/2246
f 2248/2248/2248 2249/2249/2249 2247/2247/2247
f 2250/2250/2250 2248/2248/2248 2246/2246/2246
f 2250/2250/2250 2251/2251/2251 2248/2248/2248
f 2254/2254/2254 2253/2253/2253 2252/2252/2252
f 2254/2254/2254 2252/2252/2252 2255/2255/2255
f 2256/2256/2256 2255/2255/2255 2252/2252/2252
f 2256/2256/2256 2252/2252/2252 2257/2257/2257
f 2255/2255/2255 2258/2258/2258 2254/2254/2254
f 2254/2254/2254 2258/2258/2258 2259/2259/2259
f 2259/2259/2259 2258/2258/2258 2260/2260/2260
f 2259/2259/2259 2260/2260/2260 2261/2261/2261
f 2260/2260/2260 2262/2262/2262 2261/2261/2261
f 2259/2259/2259 2261/2261/2261 2263/2263/2263
f 2261/2261/2261 2264/2264/2264 2263/2263/2263
f 2263/2263/2263 2264/2264/2264 2265/2265/2265
f 2266/2266/2266 2263/2263/2263 2265/2265/2265
f 2269/2269/2269 2268/2268/2268 2267/2267/2267
f 2268/2268/2268 2269/2269/2269 2270/2270/2270
f 2270/2270/2270 2269/2269/2269 2271/2271/2271
f 2272/2272/2272 2271/2271/2271 2269/2269/2269
f 2270/2270/2270 2273/2273/2273 2268/2268/2268
f 2270/2270/2270 2274/2274/2274 2273/2273/2273
f 2270/2270/2270 2275/2275/2275 2274/2274/2274
f 2273/2273/2273 2276/2276/2276 2268/2268/2268
f 2276/2276/2276 2273/2273/2273 2274/2274/2274
f 2275/2275/2275 2277/2277/2277 2274/2274/2274
f 2277/2277/2277 2276/2276/2276 2274/2274/2274
f 2277/2277/2277 2278/2278/2278 2276/2276/2276
f 2279/2279/2279 2277/2277/2277 2275/2275/2275
f 2279/2279/2279 2278/2278/2278 2277/2277/2277
f 2279/2279/2279 2280/2280/2280 2278/2278/2278
f 2268/2268/2268 2276/2276/2276 2281/2281/2281
f 2281/2281/2281 2282/2282/2282 2268/2268/2268
f 2276/2276/2276 2278/2278/2278 2283/2283/2283
f 2276/2276/2276 2283/2283/2283 2281/2281/2281
f 2280/2280/2280 2284/2284/2284 2278/2278/2278
f 2280/2280/2280 2285/2285/2285 2284/2284/2284
f 2278/2278/2278 2286/2286/2286 2283/2283/2283
f 2283/2283/2283 2286/2286/2286 2281/2281/2281
f 2281/2281/2281 2287/2287/2287 2282/2282/2282
f 2282/2282/2282 2287/2287/2287 2288/2288/2288
f 2285/2285/2285 2289/2289/2289 2284/2284/2284
f 2290/2290/2290 2289/2289/2289 2285/2285/2285
f 2278/2278/2278 2284/2284/2284 2291/2291/2291
f 2291/2291/2291 2286/2286/2286 2278/2278/2278
f 2289/2289/2289 2291/2291/2291 2284/2284/2284
f 2281/2281/2281 2286/2286/2286 2292/2292/2292
f 2281/2281/2281 2292/2292/2292 2287/2287/2287
f 2287/2287/2287 2293/2293/2293 2288/2288/2288
f 2294/2294/2294 2288/2288/2288 2293/2293/2293
f 2287/2287/2287 2292/2292/2292 2295/2295/2295
f 2293/2293/2293 2287/2287/2287 2295/2295/2295
f 2294/2294/2294 2293/2293/2293 2296/2296/2296
f 2296/2296/2296 2293/2293/2293 2295/2295/2295
f 2297/2297/2297 2294/2294/2294 2296/2296/2296
f 2286/2286/2286 2298/2298/2298 2292/2292/2292
f 2292/2292/2292 2298/2298/2298 2295/2295/2295
f 2291/2291/2291 2299/2299/2299 2286/2286/2286
f 2299/2299/2299 2298/2298/2298 2286/2286/2286
f 2291/2291/2291 2300/2300/2300 2299/2299/2299
f 2289/2289/2289 2300/2300/2300 2291/2291/2291
f 2300/2300/2300 2301/2301/2301 2299/2299/2299
f 2298/2298/2298 2299/2299/2299 2301/2301/2301
f 2289/2289/2289 2302/2302/2302 2300/2300/2300
f 2300/2300/2300 2302/2302/2302 2301/2301/2301
f 2301/2301/2301 2302/2302/2302 2303/2303/2303
f 2304/2304/2304 2302/2302/2302 2289/2289/2289
f 2304/2304/2304 2289/2289/2289 2290/2290/2290
f 2302/2302/2302 2305/2305/2305 2303/2303/2303
f 2305/2305/2305 2302/2302/2302 2304/2304/2304
f 2306/2306/2306 2304/2304/2304 2290/2290/2290
f 2307/2307/2307 2306/2306/2306 2290/2290/2290
f 2308/2308/2308 2305/2305/2305 2304/2304/2304
f 2306/2306/2306 2308/2308/2308 2304/2304/2304
f 2307/2307/2307 2309/2309/2309 2306/2306/2306
f 2309/2309/2309 2308/2308/2308 2306/2306/2306
f 2310/2310/2310 2309/2309/2309 2307/2307/2307
f 2311/2311/2311 2309/2309/2309 2310/2310/2310
f 2311/2311/2311 2308/2308/2308 2309/2309/2309
f 2312/2312/2312 2311/2311/2311 2310/2310/2310
f 2313/2313/2313 2305/2305/2305 2308/2308/2308
f 2313/2313/2313 2303/2303/2303 2305/2305/2305
f 2311/2311/2311 2314/2314/2314 2308/2308/2308
f 2308/2308/2308 2314/2314/2314 2313/2313/2313
f 2315/2315/2315 2311/2311/2311 2312/2312/2312
f 2315/2315/2315 2314/2314/2314 2311/2311/2311
f 2316/2316/2316 2315/2315/2315 2312/2312/2312
f 2317/2317/2317 2315/2315/2315 2316/2316/2316
f 2318/2318/2318 2317/2317/2317 2316/2316/2316
f 2317/2317/2317 2319/2319/2319 2315/2315/2315
f 2319/2319/2319 2314/2314/2314 2315/2315/2315
f 2317/2317/2317 2320/2320/2320 2319/2319/2319
f 2321/2321/2321 2320/2320/2320 2317/2317/2317
f 2314/2314/2314 2319/2319/2319 2322/2322/2322
f 2320/2320/2320 2322/2322/2322 2319/2319/2319
f 2314/2314/2314 2323/2323/2323 2313/2313/2313
f 2314/2314/2314 2322/2322/2322 2323/2323/2323
f 2313/2313/2313 2324/2324/2324 2303/2303/2303
f 2324/2324/2324 2313/2313/2313 2323/2323/2323
f 2320/2320/2320 2321/2321/2321 2325/2325/2325
f 2320/2320/2320 2326/2326/2326 2322/2322/2322
f 2325/2325/2325 2326/2326/2326 2320/2320/2320
f 2327/2327/2327 2322/2322/2322 2326/2326/2326
f 2322/2322/2322 2328/2328/2328 2323/2323/2323
f 2322/2322/2322 2327/2327/2327 2328/2328/2328
f 2324/2324/2324 2323/2323/2323 2329/2329/2329
f 2329/2329/2329 2323/2323/2323 2328/2328/2328
f 2330/2330/2330 2303/2303/2303 2324/2324/2324
f 2330/2330/2330 2324/2324/2324 2329/2329/2329
f 2329/2329/2329 2328/2328/2328 2331/2331/2331
f 2328/2328/2328 2327/2327/2327 2331/2331/2331
f 2332/2332/2332 2329/2329/2329 2331/2331/2331
f 2330/2330/2330 2329/2329/2329 2332/2332/2332
f 2327/2327/2327 2333/2333/2333 2331/2331/2331
f 2330/2330/2330 2332/2332/2332 2334/2334/2334
f 2333/2333/2333 2327/2327/2327 2335/2335/2335
f 2336/2336/2336 2330/2330/2330 2334/2334/2334
f 2303/2303/2303 2330/2330/2330 2336/2336/2336
f 2336/2336/2336 2334/2334/2334 2337/2337/2337
f 2338/2338/2338 2336/2336/2336 2337/2337/2337
f 2339/2339/2339 2303/2303/2303 2336/2336/2336
f 2338/2338/2338 2339/2339/2339 2336/2336/2336
f 2339/2339/2339 2301/2301/2301 2303/2303/2303
f 2340/2340/2340 2339/2339/2339 2338/2338/2338
f 2340/2340/2340 2338/2338/2338 2341/2341/2341
f 2342/2342/2342 2301/2301/2301 2339/2339/2339
f 2339/2339/2339 2340/2340/2340 2342/2342/2342
f 2342/2342/2342 2340/2340/2340 2341/2341/2341
f 2298/2298/2298 2301/2301/2301 2342/2342/2342
f 2342/2342/2342 2341/2341/2341 2343/2343/2343
f 2344/2344/2344 2343/2343/2343 2341/2341/2341
f 2345/2345/2345 2298/2298/2298 2342/2342/2342
f 2345/2345/2345 2342/2342/2342 2343/2343/2343
f 2345/2345/2345 2343/2343/2343 2344/2344/2344
f 2295/2295/2295 2298/2298/2298 2345/2345/2345
f 2345/2345/2345 2344/2344/2344 2346/2346/2346
f 2346/2346/2346 2344/2344/2344 2347/2347/2347
f 2348/2348/2348 2295/2295/2295 2345/2345/2345
f 2348/2348/2348 2345/2345/2345 2346/2346/2346
f 2348/2348/2348 2346/2346/2346 2347/2347/2347
f 2348/2348/2348 2347/2347/2347 2349/2349/2349
f 2348/2348/2348 2296/2296/2296 2295/2295/2295
f 2348/2348/2348 2350/2350/2350 2296/2296/2296
f 2348/2348/2348 2351/2351/2351 2350/2350/2350
f 2350/2350/2350 2297/2297/2297 2296/2296/2296
f 2352/2352/2352 2350/2350/2350 2351/2351/2351
f 2352/2352/2352 2297/2297/2297 2350/2350/2350
f 2352/2352/2352 2353/2353/2353 2297/2297/2297
f 2356/2356/2356 2355/2355/2355 2354/2354/2354
f 2354/2354/2354 2357/2357/2357 2356/2356/2356
f 2357/2357/2357 2358/2358/2358 2356/2356/2356
f 2361/2361/2361 2360/2360/2360 2359/2359/2359
f 2359/2359/2359 2360/2360/2360 2362/2362/2362
f 2362/2362/2362 2360/2360/2360 2363/2363/2363
f 2362/2362/2362 2364/2364/2364 2359/2359/2359
f 2362/2362/2362 2363/2363/2363 2364/2364/2364
f 2364/2364/2364 2365/2365/2365 2359/2359/2359
f 2366/2366/2366 2359/2359/2359 2365/2365/2365
f 2367/2367/2367 2366/2366/2366 2365/2365/2365
f 2367/2367/2367 2368/2368/2368 2366/2366/2366
f 2369/2369/2369 2368/2368/2368 2367/2367/2367
f 2369/2369/2369 2367/2367/2367 2370/2370/2370
f 2370/2370/2370 2367/2367/2367 2371/2371/2371
f 2371/2371/2371 2367/2367/2367 2372/2372/2372
f 2373/2373/2373 2370/2370/2370 2371/2371/2371
f 2374/2374/2374 2370/2370/2370 2373/2373/2373
f 2375/2375/2375 2373/2373/2373 2371/2371/2371
f 2375/2375/2375 2371/2371/2371 2376/2376/2376
f 2375/2375/2375 2376/2376/2376 2377/2377/2377
f 2377/2377/2377 2376/2376/2376 2378/2378/2378
f 2376/2376/2376 2379/2379/2379 2378/2378/2378
f 2371/2371/2371 2380/2380/2380 2376/2376/2376
f 2376/2376/2376 2380/2380/2380 2379/2379/2379
f 2380/2380/2380 2381/2381/2381 2379/2379/2379
f 2381/2381/2381 2380/2380/2380 2382/2382/2382
f 2385/2385/2385 2384/2384/2384 2383/2383/2383
f 2384/2384/2384 2386/2386/2386 2383/2383/2383
f 2387/2387/2387 2383/2383/2383 2386/2386/2386
f 2387/2387/2387 2388/2388/2388 2383/2383/2383
f 2387/2387/2387 2386/2386/2386 2389/2389/2389
f 2389/2389/2389 2386/2386/2386 2390/2390/2390
f 2393/2393/2393 2392/2392/2392 2391/2391/2391
f 2394/2394/2394 2392/2392/2392 2393/2393/2393
f 2393/2393/2393 2395/2395/2395 2394/2394/2394
f 2398/2398/2398 2397/2397/2397 2396/2396/2396
f 2397/2397/2397 2399/2399/2399 2396/2396/2396
f 2399/2399/2399 2400/2400/2400 2396/2396/2396
f 2401/2401/2401 2396/2396/2396 2400/2400/2400
f 2401/2401/2401 2400/2400/2400 2402/2402/2402
f 2400/2400/2400 2399/2399/2399 2403/2403/2403
f 2399/2399/2399 2397/2397/2397 2404/2404/2404
f 2399/2399/2399 2404/2404/2404 2403/2403/2403
f 2405/2405/2405 2404/2404/2404 2397/2397/2397
f 2406/2406/2406 2403/2403/2403 2404/2404/2404
f 2407/2407/2407 2404/2404/2404 2405/2405/2405
f 2406/2406/2406 2404/2404/2404 2407/2407/2407
f 2408/2408/2408 2407/2407/2407 2405/2405/2405
f 2409/2409/2409 2406/2406/2406 2407/2407/2407
f 2410/2410/2410 2407/2407/2407 2408/2408/2408
f 2411/2411/2411 2410/2410/2410 2408/2408/2408
f 2412/2412/2412 2409/2409/2409 2407/2407/2407
f 2412/2412/2412 2407/2407/2407 2410/2410/2410
f 2411/2411/2411 2413/2413/2413 2410/2410/2410
f 2412/2412/2412 2410/2410/2410 2413/2413/2413
f 2411/2411/2411 2414/2414/2414 2413/2413/2413
f 2415/2415/2415 2413/2413/2413 2414/2414/2414
f 2413/2413/2413 2415/2415/2415 2416/2416/2416
f 2412/2412/2412 2413/2413/2413 2416/2416/2416
f 2416/2416/2416 2417/2417/2417 2412/2412/2412
f 2418/2418/2418 2409/2409/2409 2412/2412/2412
f 2412/2412/2412 2417/2417/2417 2418/2418/2418
f 2419/2419/2419 2418/2418/2418 2417/2417/2417
f 2418/2418/2418 2419/2419/2419 2420/2420/2420
f 2409/2409/2409 2418/2418/2418 2421/2421/2421
f 2420/2420/2420 2422/2422/2422 2418/2418/2418
f 2418/2418/2418 2422/2422/2422 2421/2421/2421
f 2423/2423/2423 2422/2422/2422 2420/2420/2420
f 2421/2421/2421 2422/2422/2422 2424/2424/2424
f 2424/2424/2424 2422/2422/2422 2423/2423/2423
f 2425/2425/2425 2421/2421/2421 2424/2424/2424
f 2426/2426/2426 2424/2424/2424 2423/2423/2423
f 2429/2429/2429 2428/2428/2428 2427/2427/2427
f 2429/2429/2429 2430/2430/2430 2428/2428/2428
f 2430/2430/2430 2431/2431/2431 2428/2428/2428
f 2428/2428/2428 2431/2431/2431 2432/2432/2432
f 2435/2435/2435 2434/2434/2434 2433/2433/2433
f 2433/2433/2433 2436/2436/2436 2435/2435/2435
f 2436/2436/2436 2437/2437/2437 2435/2435/2435
f 2436/2436/2436 2438/2438/2438 2437/2437/2437
f 2433/2433/2433 2439/2439/2439 2436/2436/2436
f 2440/2440/2440 2436/2436/2436 2439/2439/2439
f 2443/2443/2443 2442/2442/2442 2441/2441/2441
f 2443/2443/2443 2441/2441/2441 2444/2444/2444
f 2443/2443/2443 2444/2444/2444 2445/2445/2445
f 2446/2446/2446 2443/2443/2443 2445/2445/2445
f 2446/2446/2446 2447/2447/2447 2443/2443/2443
f 2448/2448/2448 2447/2447/2447 2446/2446/2446
f 2448/2448/2448 2446/2446/2446 2449/2449/2449
f 2450/2450/2450 2446/2446/2446 2445/2445/2445
f 2451/2451/2451 2450/2450/2450 2445/2445/2445
f 2444/2444/2444 2452/2452/2452 2445/2445/2445
f 2452/2452/2452 2453/2453/2453 2445/2445/2445
f 2363/2363/2363 2453/2453/2453 2452/2452/2452
f 2452/2452/2452 2454/2454/2454 2363/2363/2363
f 2363/2363/2363 2454/2454/2454 2364/2364/2364
f 2452/2452/2452 2444/2444/2444 2455/2455/2455
f 2452/2452/2452 2455/2455/2455 2454/2454/2454
f 2364/2364/2364 2454/2454/2454 2456/2456/2456
f 2457/2457/2457 2364/2364/2364 2456/2456/2456
f 2457/2457/2457 2456/2456/2456 2458/2458/2458
f 2457/2457/2457 2458/2458/2458 2459/2459/2459
f 2460/2460/2460 2459/2459/2459 2458/2458/2458
f 2460/2460/2460 2458/2458/2458 2461/2461/2461
f 2458/2458/2458 2462/2462/2462 2461/2461/2461
f 2455/2455/2455 2444/2444/2444 2463/2463/2463
f 2444/2444/2444 2464/2464/2464 2463/2463/2463
f 2444/2444/2444 2441/2441/2441 2464/2464/2464
f 2464/2464/2464 2441/2441/2441 2465/2465/2465
f 2465/2465/2465 2441/2441/2441 2466/2466/2466
f 2464/2464/2464 2465/2465/2465 2467/2467/2467
f 2465/2465/2465 2468/2468/2468 2467/2467/2467
f 2465/2465/2465 2469/2469/2469 2468/2468/2468
f 2469/2469/2469 2470/2470/2470 2468/2468/2468
f 2468/2468/2468 2470/2470/2470 2471/2471/2471
f 2472/2472/2472 2471/2471/2471 2470/2470/2470
f 2469/2469/2469 2473/2473/2473 2470/2470/2470
f 2473/2473/2473 2474/2474/2474 2470/2470/2470
f 2455/2455/2455 2476/2476/2476 2475/2475/2475
f 2455/2455/2455 2475/2475/2475 2477/2477/2477
f 2478/2478/2478 2455/2455/2455 2477/2477/2477
f 2478/2478/2478 2454/2454/2454 2455/2455/2455
f 2478/2478/2478 2456/2456/2456 2454/2454/2454
f 2456/2456/2456 2478/2478/2478 2477/2477/2477
f 2456/2456/2456 2477/2477/2477 2479/2479/2479
f 2479/2479/2479 2458/2458/2458 2456/2456/2456
f 2479/2479/2479 2480/2480/2480 2458/2458/2458
f 2458/2458/2458 2480/2480/2480 2462/2462/2462
f 2479/2479/2479 2481/2481/2481 2480/2480/2480
f 2482/2482/2482 2481/2481/2481 2479/2479/2479
f 2481/2481/2481 2482/2482/2482 2483/2483/2483
f 2484/2484/2484 2481/2481/2481 2483/2483/2483
f 2462/2462/2462 2480/2480/2480 2485/2485/2485
f 2485/2485/2485 2480/2480/2480 2481/2481/2481
f 2485/2485/2485 2486/2486/2486 2462/2462/2462
f 2485/2485/2485 2481/2481/2481 2486/2486/2486
f 2481/2481/2481 2484/2484/2484 2486/2486/2486
f 2484/2484/2484 2487/2487/2487 2486/2486/2486
f 2484/2484/2484 2488/2488/2488 2487/2487/2487
f 2488/2488/2488 2489/2489/2489 2487/2487/2487
f 2487/2487/2487 2489/2489/2489 2490/2490/2490
f 2488/2488/2488 2491/2491/2491 2489/2489/2489
f 2492/2492/2492 2489/2489/2489 2491/2491/2491
f 2495/2495/2495 2494/2494/2494 2493/2493/2493
f 2496/2496/2496 2494/2494/2494 2495/2495/2495
f 2499/2499/2499 2498/2498/2498 2497/2497/2497
f 2499/2499/2499 2500/2500/2500 2498/2498/2498
f 2500/2500/2500 2499/2499/2499 2501/2501/2501
f 2502/2502/2502 2498/2498/2498 2500/2500/2500
f 2502/2502/2502 2503/2503/2503 2498/2498/2498
f 2502/2502/2502 2504/2504/2504 2503/2503/2503
f 2505/2505/2505 2504/2504/2504 2502/2502/2502
f 2500/2500/2500 2506/2506/2506 2502/2502/2502
f 2506/2506/2506 2507/2507/2507 2502/2502/2502
f 2501/2501/2501 2508/2508/2508 2500/2500/2500
f 2508/2508/2508 2506/2506/2506 2500/2500/2500
f 2501/2501/2501 2509/2509/2509 2508/2508/2508
f 2509/2509/2509 2501/2501/2501 2510/2510/2510
f 2511/2511/2511 2509/2509/2509 2510/2510/2510
f 2512/2512/2512 2509/2509/2509 2511/2511/2511
f 2513/2513/2513 2508/2508/2508 2509/2509/2509
f 2513/2513/2513 2509/2509/2509 2512/2512/2512
f 2513/2513/2513 2506/2506/2506 2508/2508/2508
f 2514/2514/2514 2513/2513/2513 2512/2512/2512
f 2515/2515/2515 2514/2514/2514 2512/2512/2512
f 2515/2515/2515 2516/2516/2516 2514/2514/2514
f 2516/2516/2516 2515/2515/2515 2517/2517/2517
f 2518/2518/2518 2507/2507/2507 2506/2506/2506
f 2513/2513/2513 2519/2519/2519 2506/2506/2506
f 2519/2519/2519 2518/2518/2518 2506/2506/2506
f 2520/2520/2520 2507/2507/2507 2518/2518/2518
f 2520/2520/2520 2518/2518/2518 2519/2519/2519
f 2521/2521/2521 2507/2507/2507 2520/2520/2520
f 2522/2522/2522 2513/2513/2513 2514/2514/2514
f 2519/2519/2519 2513/2513/2513 2522/2522/2522
f 2523/2523/2523 2514/2514/2514 2516/2516/2516
f 2522/2522/2522 2514/2514/2514 2523/2523/2523
f 2517/2517/2517 2524/2524/2524 2516/2516/2516
f 2523/2523/2523 2516/2516/2516 2525/2525/2525
f 2524/2524/2524 2525/2525/2525 2516/2516/2516
f 2526/2526/2526 2524/2524/2524 2517/2517/2517
f 2527/2527/2527 2526/2526/2526 2517/2517/2517
f 2528/2528/2528 2525/2525/2525 2524/2524/2524
f 2526/2526/2526 2528/2528/2528 2524/2524/2524
f 2523/2523/2523 2525/2525/2525 2529/2529/2529
f 2528/2528/2528 2529/2529/2529 2525/2525/2525
f 2522/2522/2522 2523/2523/2523 2530/2530/2530
f 2530/2530/2530 2523/2523/2523 2529/2529/2529
f 2519/2519/2519 2522/2522/2522 2531/2531/2531
f 2532/2532/2532 2531/2531/2531 2522/2522/2522
f 2532/2532/2532 2522/2522/2522 2530/2530/2530
f 2533/2533/2533 2519/2519/2519 2531/2531/2531
f 2532/2532/2532 2533/2533/2533 2531/2531/2531
f 2520/2520/2520 2519/2519/2519 2533/2533/2533
f 2534/2534/2534 2520/2520/2520 2533/2533/2533
f 2534/2534/2534 2521/2521/2521 2520/2520/2520
f 2535/2535/2535 2521/2521/2521 2534/2534/2534
f 2535/2535/2535 2534/2534/2534 2533/2533/2533
f 2521/2521/2521 2535/2535/2535 2536/2536/2536
f 2536/2536/2536 2535/2535/2535 2537/2537/2537
f 2538/2538/2538 2537/2537/2537 2535/2535/2535
f 2538/2538/2538 2535/2535/2535 2539/2539/2539
f 2535/2535/2535 2533/2533/2533 2539/2539/2539
f 2539/2539/2539 2533/2533/2533 2532/2532/2532
f 2539/2539/2539 2532/2532/2532 2540/2540/2540
f 2540/2540/2540 2532/2532/2532 2541/2541/2541
f 2532/2532/2532 2530/2530/2530 2541/2541/2541
f 2540/2540/2540 2541/2541/2541 2542/2542/2542
f 2530/2530/2530 2542/2542/2542 2541/2541/2541
f 2542/2542/2542 2530/2530/2530 2543/2543/2543
f 2530/2530/2530 2529/2529/2529 2543/2543/2543
f 2543/2543/2543 2529/2529/2529 2544/2544/2544
f 2543/2543/2543 2544/2544/2544 2545/2545/2545
f 2529/2529/2529 2528/2528/2528 2544/2544/2544
f 2545/2545/2545 2544/2544/2544 2546/2546/2546
f 2547/2547/2547 2545/2545/2545 2546/2546/2546
f 2528/2528/2528 2548/2548/2548 2544/2544/2544
f 2544/2544/2544 2548/2548/2548 2546/2546/2546
f 2549/2549/2549 2547/2547/2547 2546/2546/2546
f 2550/2550/2550 2547/2547/2547 2549/2549/2549
f 2550/2550/2550 2549/2549/2549 2551/2551/2551
f 2528/2528/2528 2552/2552/2552 2548/2548/2548
f 2528/2528/2528 2526/2526/2526 2552/2552/2552
f 2546/2546/2546 2548/2548/2548 2553/2553/2553
f 2546/2546/2546 2553/2553/2553 2549/2549/2549
f 2553/2553/2553 2548/2548/2548 2552/2552/2552
f 2549/2549/2549 2553/2553/2553 2554/2554/2554
f 2553/2553/2553 2555/2555/2555 2554/2554/2554
f 2553/2553/2553 2552/2552/2552 2555/2555/2555
f 2552/2552/2552 2526/2526/2526 2556/2556/2556
f 2555/2555/2555 2552/2552/2552 2556/2556/2556
f 2527/2527/2527 2556/2556/2556 2526/2526/2526
f 2551/2551/2551 2549/2549/2549 2557/2557/2557
f 2549/2549/2549 2554/2554/2554 2557/2557/2557
f 2557/2557/2557 2558/2558/2558 2551/2551/2551
f 2554/2554/2554 2558/2558/2558 2557/2557/2557
f 2551/2551/2551 2558/2558/2558 2559/2559/2559
f 2556/2556/2556 2560/2560/2560 2555/2555/2555
f 2554/2554/2554 2555/2555/2555 2560/2560/2560
f 2561/2561/2561 2556/2556/2556 2527/2527/2527
f 2560/2560/2560 2556/2556/2556 2561/2561/2561
f 2562/2562/2562 2561/2561/2561 2527/2527/2527
f 2563/2563/2563 2561/2561/2561 2562/2562/2562
f 2564/2564/2564 2559/2559/2559 2558/2558/2558
f 2558/2558/2558 2554/2554/2554 2564/2564/2564
f 2564/2564/2564 2565/2565/2565 2559/2559/2559
f 2564/2564/2564 2554/2554/2554 2565/2565/2565
f 2559/2559/2559 2565/2565/2565 2566/2566/2566
f 2567/2567/2567 2560/2560/2560 2561/2561/2561
f 2567/2567/2567 2561/2561/2561 2563/2563/2563
f 2568/2568/2568 2554/2554/2554 2560/2560/2560
f 2554/2554/2554 2568/2568/2568 2565/2565/2565
f 2568/2568/2568 2560/2560/2560 2569/2569/2569
f 2569/2569/2569 2560/2560/2560 2567/2567/2567
f 2568/2568/2568 2570/2570/2570 2565/2565/2565
f 2568/2568/2568 2569/2569/2569 2570/2570/2570
f 2565/2565/2565 2571/2571/2571 2566/2566/2566
f 2565/2565/2565 2570/2570/2570 2571/2571/2571
f 2569/2569/2569 2567/2567/2567 2572/2572/2572
f 2572/2572/2572 2570/2570/2570 2569/2569/2569
f 2573/2573/2573 2567/2567/2567 2563/2563/2563
f 2572/2572/2572 2567/2567/2567 2573/2573/2573
f 2566/2566/2566 2571/2571/2571 2574/2574/2574
f 2566/2566/2566 2574/2574/2574 2575/2575/2575
f 2571/2571/2571 2570/2570/2570 2576/2576/2576
f 2576/2576/2576 2570/2570/2570 2572/2572/2572
f 2576/2576/2576 2577/2577/2577 2571/2571/2571
f 2577/2577/2577 2576/2576/2576 2572/2572/2572
f 2571/2571/2571 2577/2577/2577 2574/2574/2574
f 2574/2574/2574 2578/2578/2578 2575/2575/2575
f 2578/2578/2578 2579/2579/2579 2575/2575/2575
f 2578/2578/2578 692/692/692 2579/2579/2579
f 2577/2577/2577 2572/2572/2572 2580/2580/2580
f 2580/2580/2580 2572/2572/2572 2573/2573/2573
f 2574/2574/2574 2577/2577/2577 2581/2581/2581
f 2574/2574/2574 2581/2581/2581 2578/2578/2578
f 2581/2581/2581 2577/2577/2577 2580/2580/2580
f 2581/2581/2581 2582/2582/2582 2578/2578/2578
f 2578/2578/2578 2582/2582/2582 692/692/692
f 2582/2582/2582 2581/2581/2581 2580/2580/2580
f 2582/2582/2582 2583/2583/2583 692/692/692
f 692/692/692 2583/2583/2583 690/690/690
f 2584/2584/2584 2582/2582/2582 2580/2580/2580
f 2582/2582/2582 2584/2584/2584 2583/2583/2583
f 2580/2580/2580 2573/2573/2573 2585/2585/2585
f 2584/2584/2584 2580/2580/2580 2585/2585/2585
f 2583/2583/2583 2586/2586/2586 690/690/690
f 2584/2584/2584 2586/2586/2586 2583/2583/2583
f 2585/2585/2585 2573/2573/2573 2587/2587/2587
f 2584/2584/2584 2585/2585/2585 2588/2588/2588
f 2588/2588/2588 2585/2585/2585 2587/2587/2587
f 2584/2584/2584 2588/2588/2588 2589/2589/2589
f 2589/2589/2589 2586/2586/2586 2584/2584/2584
f 2587/2587/2587 2573/2573/2573 2590/2590/2590
f 2573/2573/2573 2563/2563/2563 2590/2590/2590
f 2591/2591/2591 2590/2590/2590 2563/2563/2563
f 2592/2592/2592 2590/2590/2590 2591/2591/2591
f 2593/2593/2593 2590/2590/2590 2592/2592/2592
f 2593/2593/2593 2587/2587/2587 2590/2590/2590
f 2594/2594/2594 2588/2588/2588 2587/2587/2587
f 2594/2594/2594 2587/2587/2587 2593/2593/2593
f 2594/2594/2594 2589/2589/2589 2588/2588/2588
f 2595/2595/2595 2589/2589/2589 2594/2594/2594
f 2596/2596/2596 2594/2594/2594 2593/2593/2593
f 2597/2597/2597 2594/2594/2594 2596/2596/2596
f 2595/2595/2595 2594/2594/2594 2597/2597/2597
f 2598/2598/2598 2595/2595/2595 2597/2597/2597
f 2599/2599/2599 2586/2586/2586 2589/2589/2589
f 2599/2599/2599 2589/2589/2589 2595/2595/2595
f 2600/2600/2600 2595/2595/2595 2598/2598/2598
f 2601/2601/2601 2600/2600/2600 2598/2598/2598
f 2601/2601/2601 2602/2602/2602 2600/2600/2600
f 2603/2603/2603 2602/2602/2602 2601/2601/2601
f 2602/2602/2602 2603/2603/2603 710/710/710
f 2595/2595/2595 2600/2600/2600 2604/2604/2604
f 2604/2604/2604 2600/2600/2600 2602/2602/2602
f 2605/2605/2605 2602/2602/2602 710/710/710
f 711/711/711 2605/2605/2605 710/710/710
f 2606/2606/2606 2602/2602/2602 2605/2605/2605
f 2602/2602/2602 2606/2606/2606 2604/2604/2604
f 2607/2607/2607 2606/2606/2606 2605/2605/2605
f 711/711/711 2607/2607/2607 2605/2605/2605
f 2607/2607/2607 2604/2604/2604 2606/2606/2606
f 711/711/711 2608/2608/2608 2607/2607/2607
f 2607/2607/2607 2608/2608/2608 2604/2604/2604
f 2608/2608/2608 711/711/711 685/685/685
f 2609/2609/2609 2595/2595/2595 2604/2604/2604
f 2608/2608/2608 2609/2609/2609 2604/2604/2604
f 2595/2595/2595 2609/2609/2609 2599/2599/2599
f 685/685/685 2610/2610/2610 2608/2608/2608
f 2608/2608/2608 2610/2610/2610 2609/2609/2609
f 2610/2610/2610 2599/2599/2599 2609/2609/2609
f 684/684/684 2610/2610/2610 685/685/685
f 2611/2611/2611 2599/2599/2599 2610/2610/2610
f 2611/2611/2611 2586/2586/2586 2599/2599/2599
f 2586/2586/2586 2611/2611/2611 690/690/690
f 690/690/690 2612/2612/2612 684/684/684
f 684/684/684 2612/2612/2612 2610/2610/2610
f 2612/2612/2612 690/690/690 2611/2611/2611
f 2612/2612/2612 2611/2611/2611 2610/2610/2610
f 2615/2615/2615 2614/2614/2614 2613/2613/2613
f 2616/2616/2616 2615/2615/2615 2613/2613/2613
f 2617/2617/2617 2615/2615/2615 2616/2616/2616
f 2618/2618/2618 2615/2615/2615 2617/2617/2617
f 2617/2617/2617 2619/2619/2619 2618/2618/2618
f 2620/2620/2620 2619/2619/2619 2617/2617/2617
f 2617/2617/2617 2621/2621/2621 2620/2620/2620
f 2621/2621/2621 2622/2622/2622 2620/2620/2620
f 2623/2623/2623 2620/2620/2620 2622/2622/2622
f 2622/2622/2622 2624/2624/2624 2623/2623/2623
f 2622/2622/2622 2625/2625/2625 2624/2624/2624
f 2626/2626/2626 2624/2624/2624 2625/2625/2625
f 2626/2626/2626 2625/2625/2625 2627/2627/2627
f 2626/2626/2626 2627/2627/2627 2628/2628/2628
f 2627/2627/2627 2629/2629/2629 2628/2628/2628
f 2629/2629/2629 2630/2630/2630 2628/2628/2628
f 2631/2631/2631 2630/2630/2630 2629/2629/2629
f 2634/2634/2634 2633/2633/2633 2632/2632/2632
f 2635/2635/2635 2634/2634/2634 2632/2632/2632
f 2635/2635/2635 2636/2636/2636 2634/2634/2634
f 2636/2636/2636 2637/2637/2637 2634/2634/2634
f 2638/2638/2638 2637/2637/2637 2636/2636/2636
f 2637/2637/2637 2638/2638/2638 2639/2639/2639
f 2640/2640/2640 2639/2639/2639 2638/2638/2638
f 2640/2640/2640 2641/2641/2641 2639/2639/2639
f 2642/2642/2642 2641/2641/2641 2640/2640/2640
f 2642/2642/2642 2643/2643/2643 2641/2641/2641
f 2642/2642/2642 2644/2644/2644 2643/2643/2643
f 2645/2645/2645 2644/2644/2644 2642/2642/2642
f 2644/2644/2644 2645/2645/2645 2646/2646/2646
f 2648/2648/2648 2647/2647/2647 1569/1569/1569
f 2648/2648/2648 1569/1569/1569 1592/1592/1592
f 1592/1592/1592 2649/2649/2649 2648/2648/2648
f 1593/1593/1593 2649/2649/2649 1592/1592/1592
f 2649/2649/2649 2650/2650/2650 2648/2648/2648
f 1593/1593/1593 2650/2650/2650 2649/2649/2649
f 2648/2648/2648 2650/2650/2650 2651/2651/2651
f 2652/2652/2652 2650/2650/2650 1593/1593/1593
f 2652/2652/2652 2653/2653/2653 2650/2650/2650
f 2654/2654/2654 2652/2652/2652 1593/1593/1593
f 2654/2654/2654 2653/2653/2653 2652/2652/2652
f 1593/1593/1593 1595/1595/1595 2654/2654/2654
f 2654/2654/2654 2655/2655/2655 2653/2653/2653
f 2654/2654/2654 1595/1595/1595 2655/2655/2655
f 2656/2656/2656 2653/2653/2653 2655/2655/2655
f 1595/1595/1595 2657/2657/2657 2655/2655/2655
f 2657/2657/2657 2656/2656/2656 2655/2655/2655
f 2657/2657/2657 1595/1595/1595 2658/2658/2658
f 2657/2657/2657 2659/2659/2659 2656/2656/2656
f 2658/2658/2658 2660/2660/2660 2657/2657/2657
f 2657/2657/2657 2660/2660/2660 2659/2659/2659
f 2659/2659/2659 2660/2660/2660 2661/2661/2661
f 2660/2660/2660 2662/2662/2662 2661/2661/2661
f 2662/2662/2662 2663/2663/2663 2661/2661/2661
f 2662/2662/2662 2664/2664/2664 2663/2663/2663
f 2663/2663/2663 2664/2664/2664 2665/2665/2665
f 2664/2664/2664 2666/2666/2666 2665/2665/2665
f 2663/2663/2663 2665/2665/2665 2667/2667/2667
f 2665/2665/2665 2666/2666/2666 2668/2668/2668
f 2667/2667/2667 2665/2665/2665 2669/2669/2669
f 2670/2670/2670 2665/2665/2665 2668/2668/2668
f 2671/2671/2671 2669/2669/2669 2665/2665/2665
f 2665/2665/2665 2670/2670/2670 2671/2671/2671
f 2669/2669/2669 2671/2671/2671 2672/2672/2672
f 2671/2671/2671 2670/2670/2670 2673/2673/2673
f 2672/2672/2672 2671/2671/2671 2674/2674/2674
f 2675/2675/2675 2671/2671/2671 2673/2673/2673
f 2675/2675/2675 2674/2674/2674 2671/2671/2671
f 2673/2673/2673 2676/2676/2676 2675/2675/2675
f 2675/2675/2675 2676/2676/2676 2674/2674/2674
f 2673/2673/2673 2677/2677/2677 2676/2676/2676
f 2674/2674/2674 2676/2676/2676 2678/2678/2678
f 2679/2679/2679 2676/2676/2676 2677/2677/2677
f 2676/2676/2676 2680/2680/2680 2678/2678/2678
f 2680/2680/2680 2681/2681/2681 2678/2678/2678
f 2680/2680/2680 2682/2682/2682 2681/2681/2681
f 2679/2679/2679 2683/2683/2683 2676/2676/2676
f 2683/2683/2683 2680/2680/2680 2676/2676/2676
f 2679/2679/2679 2684/2684/2684 2683/2683/2683
f 2680/2680/2680 2683/2683/2683 2685/2685/2685
f 2685/2685/2685 2683/2683/2683 2684/2684/2684
f 2688/2688/2688 2687/2687/2687 2686/2686/2686
f 2687/2687/2687 2688/2688/2688 2689/2689/2689
f 2692/2692/2692 2691/2691/2691 2690/2690/2690
f 2692/2692/2692 2693/2693/2693 2691/2691/2691
f 2693/2693/2693 2694/2694/2694 2691/2691/2691
f 2694/2694/2694 2693/2693/2693 2695/2695/2695
f 2694/2694/2694 2696/2696/2696 2691/2691/2691
f 2697/2697/2697 2691/2691/2691 2696/2696/2696
f 2697/2697/2697 2696/2696/2696 2698/2698/2698
f 2696/2696/2696 2699/2699/2699 2698/2698/2698
f 2696/2696/2696 2694/2694/2694 2699/2699/2699
f 2699/2699/2699 2700/2700/2700 2698/2698/2698
f 2699/2699/2699 2701/2701/2701 2700/2700/2700
f 2701/2701/2701 2699/2699/2699 2702/2702/2702
f 2699/2699/2699 2694/2694/2694 2703/2703/2703
f 2699/2699/2699 2703/2703/2703 2702/2702/2702
f 2702/2702/2702 2703/2703/2703 2704/2704/2704
f 2702/2702/2702 2704/2704/2704 2705/2705/2705
f 2703/2703/2703 2706/2706/2706 2704/2704/2704
f 2703/2703/2703 2694/2694/2694 2707/2707/2707
f 2707/2707/2707 2706/2706/2706 2703/2703/2703
f 2695/2695/2695 2707/2707/2707 2694/2694/2694
f 2695/2695/2695 2706/2706/2706 2707/2707/2707
f 2708/2708/2708 2706/2706/2706 2695/2695/2695
f 2709/2709/2709 2708/2708/2708 2695/2695/2695
f 2709/2709/2709 2695/2695/2695 2710/2710/2710
f 2695/2695/2695 2711/2711/2711 2710/2710/2710
f 2711/2711/2711 2695/2695/2695 2693/2693/2693
f 2709/2709/2709 2710/2710/2710 2712/2712/2712
f 2710/2710/2710 2711/2711/2711 2712/2712/2712
f 2709/2709/2709 2712/2712/2712 2713/2713/2713
f 2693/2693/2693 2714/2714/2714 2711/2711/2711
f 2714/2714/2714 2693/2693/2693 2692/2692/2692
f 2715/2715/2715 2711/2711/2711 2714/2714/2714
f 2715/2715/2715 2714/2714/2714 2692/2692/2692
f 2712/2712/2712 2711/2711/2711 2716/2716/2716
f 2716/2716/2716 2711/2711/2711 2715/2715/2715
f 2713/2713/2713 2712/2712/2712 2717/2717/2717
f 2712/2712/2712 2716/2716/2716 2717/2717/2717
f 2715/2715/2715 2692/2692/2692 2718/2718/2718
f 2718/2718/2718 2692/2692/2692 2719/2719/2719
f 2716/2716/2716 2715/2715/2715 2720/2720/2720
f 2716/2716/2716 2720/2720/2720 2717/2717/2717
f 2715/2715/2715 2718/2718/2718 2721/2721/2721
f 2720/2720/2720 2715/2715/2715 2721/2721/2721
f 2721/2721/2721 2718/2718/2718 2722/2722/2722
f 2723/2723/2723 2713/2713/2713 2717/2717/2717
f 2713/2713/2713 2723/2723/2723 2724/2724/2724
f 2725/2725/2725 2724/2724/2724 2723/2723/2723
f 2726/2726/2726 2717/2717/2717 2720/2720/2720
f 2726/2726/2726 2720/2720/2720 2721/2721/2721
f 2726/2726/2726 2723/2723/2723 2717/2717/2717
f 2727/2727/2727 2721/2721/2721 2722/2722/2722
f 2726/2726/2726 2721/2721/2721 2727/2727/2727
f 2728/2728/2728 2727/2727/2727 2722/2722/2722
f 2725/2725/2725 2723/2723/2723 2729/2729/2729
f 2729/2729/2729 2723/2723/2723 2726/2726/2726
f 2729/2729/2729 2730/2730/2730 2725/2725/2725
f 2730/2730/2730 2729/2729/2729 2731/2731/2731
f 2731/2731/2731 2729/2729/2729 2732/2732/2732
f 2729/2729/2729 2726/2726/2726 2732/2732/2732
f 2732/2732/2732 2726/2726/2726 2727/2727/2727
f 2727/2727/2727 2733/2733/2733 2732/2732/2732
f 2727/2727/2727 2734/2734/2734 2733/2733/2733
f 2734/2734/2734 2727/2727/2727 2728/2728/2728
f 2734/2734/2734 2728/2728/2728 2735/2735/2735
f 2738/2738/2738 2737/2737/2737 2736/2736/2736
f 2736/2736/2736 2737/2737/2737 2739/2739/2739
f 2742/2742/2742 2741/2741/2741 2740/2740/2740
f 2741/2741/2741 2742/2742/2742 2743/2743/2743
f 2744/2744/2744 2741/2741/2741 2743/2743/2743
f 2745/2745/2745 2741/2741/2741 2744/2744/2744
f 2746/2746/2746 2741/2741/2741 2745/2745/2745
f 2744/2744/2744 2743/2743/2743 1932/1932/1932
f 1932/1932/1932 2743/2743/2743 2747/2747/2747
f 2747/2747/2747 2743/2743/2743 2742/2742/2742
f 1932/1932/1932 2747/2747/2747 1937/1937/1937
f 2742/2742/2742 2748/2748/2748 2747/2747/2747
f 2742/2742/2742 2749/2749/2749 2748/2748/2748
f 2750/2750/2750 1937/1937/1937 2747/2747/2747
f 2751/2751/2751 2747/2747/2747 2748/2748/2748
f 2750/2750/2750 2747/2747/2747 2751/2751/2751
f 2748/2748/2748 2749/2749/2749 2752/2752/2752
f 2751/2751/2751 2748/2748/2748 2752/2752/2752
f 2753/2753/2753 2752/2752/2752 2749/2749/2749
f 2753/2753/2753 2751/2751/2751 2752/2752/2752
f 2754/2754/2754 2753/2753/2753 2749/2749/2749
f 2755/2755/2755 2751/2751/2751 2753/2753/2753
f 2750/2750/2750 2751/2751/2751 2755/2755/2755
f 2750/2750/2750 2755/2755/2755 2756/2756/2756
f 1937/1937/1937 2750/2750/2750 2757/2757/2757
f 2757/2757/2757 2750/2750/2750 2756/2756/2756
f 2758/2758/2758 1937/1937/1937 2757/2757/2757
f 2757/2757/2757 2759/2759/2759 2758/2758/2758
f 2760/2760/2760 2758/2758/2758 2759/2759/2759
f 2760/2760/2760 2759/2759/2759 2761/2761/2761
f 2759/2759/2759 2762/2762/2762 2761/2761/2761
f 2762/2762/2762 2763/2763/2763 2761/2761/2761
f 2764/2764/2764 2757/2757/2757 2756/2756/2756
f 2759/2759/2759 2757/2757/2757 2764/2764/2764
f 2764/2764/2764 2756/2756/2756 2765/2765/2765
f 2766/2766/2766 2764/2764/2764 2765/2765/2765
f 2767/2767/2767 2764/2764/2764 2766/2766/2766
f 2768/2768/2768 2764/2764/2764 2767/2767/2767
f 2768/2768/2768 2759/2759/2759 2764/2764/2764
f 2769/2769/2769 2768/2768/2768 2767/2767/2767
f 2770/2770/2770 2762/2762/2762 2759/2759/2759
f 2768/2768/2768 2770/2770/2770 2759/2759/2759
f 2771/2771/2771 2768/2768/2768 2769/2769/2769
f 2769/2769/2769 2772/2772/2772 2771/2771/2771
f 2768/2768/2768 2773/2773/2773 2770/2770/2770
f 2773/2773/2773 2762/2762/2762 2770/2770/2770
f 2771/2771/2771 2773/2773/2773 2768/2768/2768
f 2771/2771/2771 2774/2774/2774 2773/2773/2773
f 2762/2762/2762 2773/2773/2773 2774/2774/2774
f 2772/2772/2772 2775/2775/2775 2771/2771/2771
f 2771/2771/2771 2775/2775/2775 2774/2774/2774
f 2776/2776/2776 2762/2762/2762 2774/2774/2774
f 2776/2776/2776 2774/2774/2774 2775/2775/2775
f 2772/2772/2772 2777/2777/2777 2775/2775/2775
f 2778/2778/2778 2777/2777/2777 2772/2772/2772
f 2778/2778/2778 2779/2779/2779 2777/2777/2777
f 2777/2777/2777 2779/2779/2779 2780/2780/2780
f 2776/2776/2776 2775/2775/2775 2781/2781/2781
f 2780/2780/2780 2781/2781/2781 2775/2775/2775
f 2782/2782/2782 2780/2780/2780 2779/2779/2779
f 2779/2779/2779 2783/2783/2783 2782/2782/2782
f 2780/2780/2780 2784/2784/2784 2781/2781/2781
f 2782/2782/2782 2784/2784/2784 2780/2780/2780
f 2785/2785/2785 2782/2782/2782 2783/2783/2783
f 2785/2785/2785 2784/2784/2784 2782/2782/2782
f 2783/2783/2783 2786/2786/2786 2785/2785/2785
f 2781/2781/2781 2787/2787/2787 2776/2776/2776
f 2787/2787/2787 2781/2781/2781 2784/2784/2784
f 2788/2788/2788 2762/2762/2762 2776/2776/2776
f 2776/2776/2776 2787/2787/2787 2788/2788/2788
f 2789/2789/2789 2788/2788/2788 2787/2787/2787
f 2790/2790/2790 2784/2784/2784 2785/2785/2785
f 2785/2785/2785 2786/2786/2786 2790/2790/2790
f 2787/2787/2787 2784/2784/2784 2791/2791/2791
f 2789/2789/2789 2787/2787/2787 2791/2791/2791
f 2791/2791/2791 2784/2784/2784 2790/2790/2790
f 2762/2762/2762 2788/2788/2788 2792/2792/2792
f 2792/2792/2792 2763/2763/2763 2762/2762/2762
f 2786/2786/2786 2793/2793/2793 2790/2790/2790
f 2786/2786/2786 2794/2794/2794 2793/2793/2793
f 2794/2794/2794 2795/2795/2795 2793/2793/2793
f 2790/2790/2790 2796/2796/2796 2791/2791/2791
f 2791/2791/2791 2796/2796/2796 2789/2789/2789
f 2793/2793/2793 2795/2795/2795 2797/2797/2797
f 2797/2797/2797 2795/2795/2795 2798/2798/2798
f 2797/2797/2797 2798/2798/2798 2799/2799/2799
f 2800/2800/2800 2797/2797/2797 2799/2799/2799
f 2790/2790/2790 2793/2793/2793 2801/2801/2801
f 2801/2801/2801 2793/2793/2793 2797/2797/2797
f 2801/2801/2801 2797/2797/2797 2800/2800/2800
f 2790/2790/2790 2801/2801/2801 2796/2796/2796
f 2802/2802/2802 2801/2801/2801 2800/2800/2800
f 2803/2803/2803 2802/2802/2802 2800/2800/2800
f 2802/2802/2802 2804/2804/2804 2801/2801/2801
f 2804/2804/2804 2796/2796/2796 2801/2801/2801
f 2805/2805/2805 2804/2804/2804 2802/2802/2802
f 2805/2805/2805 2796/2796/2796 2804/2804/2804
f 2806/2806/2806 2805/2805/2805 2802/2802/2802
f 2807/2807/2807 2796/2796/2796 2805/2805/2805
f 2807/2807/2807 2789/2789/2789 2796/2796/2796
f 2808/2808/2808 2805/2805/2805 2806/2806/2806
f 2805/2805/2805 2808/2808/2808 2807/2807/2807
f 2809/2809/2809 2808/2808/2808 2806/2806/2806
f 2808/2808/2808 2809/2809/2809 2810/2810/2810
f 2808/2808/2808 2811/2811/2811 2807/2807/2807
f 2808/2808/2808 2812/2812/2812 2811/2811/2811
f 2813/2813/2813 2811/2811/2811 2812/2812/2812
f 2814/2814/2814 2811/2811/2811 2813/2813/2813
f 2815/2815/2815 2807/2807/2807 2811/2811/2811
f 2811/2811/2811 2814/2814/2814 2815/2815/2815
f 2807/2807/2807 2815/2815/2815 2789/2789/2789
f 2814/2814/2814 1939/1939/1939 2815/2815/2815
f 1939/1939/1939 2816/2816/2816 2815/2815/2815
f 2789/2789/2789 2815/2815/2815 2816/2816/2816
f 1939/1939/1939 1929/1929/1929 2816/2816/2816
f 2789/2789/2789 2816/2816/2816 2817/2817/2817
f 2817/2817/2817 2788/2788/2788 2789/2789/2789
f 2817/2817/2817 2792/2792/2792 2788/2788/2788
f 2816/2816/2816 2792/2792/2792 2817/2817/2817
f 2816/2816/2816 1929/1929/1929 2792/2792/2792
f 1929/1929/1929 1930/1930/1930 2792/2792/2792
f 1930/1930/1930 2763/2763/2763 2792/2792/2792
f 2763/2763/2763 1930/1930/1930 2818/2818/2818
f 2819/2819/2819 2818/2818/2818 1930/1930/1930
f 1935/1935/1935 2819/2819/2819 1930/1930/1930
f 2819/2819/2819 2820/2820/2820 2818/2818/2818
f 2820/2820/2820 2819/2819/2819 1935/1935/1935
f 2818/2818/2818 2820/2820/2820 2821/2821/2821
f 1935/1935/1935 2822/2822/2822 2820/2820/2820
f 2820/2820/2820 2823/2823/2823 2821/2821/2821
f 2822/2822/2822 2823/2823/2823 2820/2820/2820
f 2826/2826/2826 2825/2825/2825 2824/2824/2824
f 2825/2825/2825 2827/2827/2827 2824/2824/2824
f 2828/2828/2828 2824/2824/2824 2827/2827/2827
f 2828/2828/2828 2829/2829/2829 2824/2824/2824
f 2832/2832/2832 2831/2831/2831 2830/2830/2830
f 2830/2830/2830 2833/2833/2833 2832/2832/2832
f 2833/2833/2833 2834/2834/2834 2832/2832/2832
f 2832/2832/2832 2834/2834/2834 2835/2835/2835
f 2836/2836/2836 2835/2835/2835 2834/2834/2834
f 2835/2835/2835 2836/2836/2836 2837/2837/2837
f 2837/2837/2837 2836/2836/2836 2838/2838/2838
f 2836/2836/2836 2839/2839/2839 2838/2838/2838
f 2840/2840/2840 2834/2834/2834 2833/2833/2833
f 2834/2834/2834 2841/2841/2841 2836/2836/2836
f 2840/2840/2840 2841/2841/2841 2834/2834/2834
f 2836/2836/2836 2841/2841/2841 2842/2842/2842
f 2842/2842/2842 2841/2841/2841 2840/2840/2840
f 2836/2836/2836 2843/2843/2843 2839/2839/2839
f 2836/2836/2836 2842/2842/2842 2843/2843/2843
f 2844/2844/2844 2839/2839/2839 2843/2843/2843
f 2839/2839/2839 2844/2844/2844 2845/2845/2845
f 2844/2844/2844 2846/2846/2846 2845/2845/2845
f 2844/2844/2844 2847/2847/2847 2846/2846/2846
f 2844/2844/2844 2848/2848/2848 2847/2847/2847
f 2849/2849/2849 2847/2847/2847 2848/2848/2848
f 2848/2848/2848 2850/2850/2850 2849/2849/2849
f 2851/2851/2851 2849/2849/2849 2850/2850/2850
f 2851/2851/2851 2850/2850/2850 2852/2852/2852
f 2853/2853/2853 2850/2850/2850 2848/2848/2848
f 2853/2853/2853 2848/2848/2848 2844/2844/2844
f 2854/2854/2854 2850/2850/2850 2853/2853/2853
f 2855/2855/2855 2852/2852/2852 2854/2854/2854
f 2854/2854/2854 2853/2853/2853 2855/2855/2855
f 2855/2855/2855 2856/2856/2856 2852/2852/2852
f 2855/2855/2855 2857/2857/2857 2856/2856/2856
f 2858/2858/2858 2853/2853/2853 2844/2844/2844
f 2858/2858/2858 2855/2855/2855 2853/2853/2853
f 2844/2844/2844 2843/2843/2843 2858/2858/2858
f 2859/2859/2859 2858/2858/2858 2843/2843/2843
f 2855/2855/2855 2858/2858/2858 2859/2859/2859
f 2859/2859/2859 2843/2843/2843 2842/2842/2842
f 2860/2860/2860 2857/2857/2857 2855/2855/2855
f 2861/2861/2861 2857/2857/2857 2860/2860/2860
f 2862/2862/2862 2859/2859/2859 2842/2842/2842
f 2840/2840/2840 2862/2862/2862 2842/2842/2842
f 2863/2863/2863 2855/2855/2855 2859/2859/2859
f 2863/2863/2863 2860/2860/2860 2855/2855/2855
f 2863/2863/2863 2859/2859/2859 2862/2862/2862
f 2863/2863/2863 2862/2862/2862 2860/2860/2860
f 2864/2864/2864 2861/2861/2861 2860/2860/2860
f 2865/2865/2865 2861/2861/2861 2864/2864/2864
f 2862/2862/2862 2840/2840/2840 2866/2866/2866
f 2840/2840/2840 2833/2833/2833 2866/2866/2866
f 2862/2862/2862 2867/2867/2867 2860/2860/2860
f 2860/2860/2860 2867/2867/2867 2864/2864/2864
f 2867/2867/2867 2862/2862/2862 2866/2866/2866
f 2865/2865/2865 2864/2864/2864 2868/2868/2868
f 2869/2869/2869 2865/2865/2865 2868/2868/2868
f 2870/2870/2870 2864/2864/2864 2867/2867/2867
f 2867/2867/2867 2866/2866/2866 2870/2870/2870
f 2870/2870/2870 2868/2868/2868 2864/2864/2864
f 2866/2866/2866 2833/2833/2833 2871/2871/2871
f 2870/2870/2870 2866/2866/2866 2871/2871/2871
f 2869/2869/2869 2868/2868/2868 2872/2872/2872
f 2872/2872/2872 2868/2868/2868 2870/2870/2870
f 2873/2873/2873 2871/2871/2871 2833/2833/2833
f 2874/2874/2874 2873/2873/2873 2833/2833/2833
f 2870/2870/2870 2871/2871/2871 2875/2875/2875
f 2875/2875/2875 2871/2871/2871 2873/2873/2873
f 2875/2875/2875 2872/2872/2872 2870/2870/2870
f 2876/2876/2876 2872/2872/2872 2875/2875/2875
f 2877/2877/2877 2869/2869/2869 2872/2872/2872
f 2872/2872/2872 2876/2876/2876 2877/2877/2877
f 2869/2869/2869 2877/2877/2877 2878/2878/2878
f 2874/2874/2874 2879/2879/2879 2873/2873/2873
f 2875/2875/2875 2873/2873/2873 2879/2879/2879
f 2879/2879/2879 2876/2876/2876 2875/2875/2875
f 2880/2880/2880 2879/2879/2879 2874/2874/2874
f 2877/2877/2877 2881/2881/2881 2878/2878/2878
f 2881/2881/2881 2877/2877/2877 2876/2876/2876
f 2881/2881/2881 2882/2882/2882 2878/2878/2878
f 2879/2879/2879 2880/2880/2880 2883/2883/2883
f 2876/2876/2876 2879/2879/2879 2883/2883/2883
f 2884/2884/2884 2883/2883/2883 2880/2880/2880
f 2882/2882/2882 2881/2881/2881 2885/2885/2885
f 2882/2882/2882 2885/2885/2885 2886/2886/2886
f 2876/2876/2876 2887/2887/2887 2881/2881/2881
f 2881/2881/2881 2887/2887/2887 2885/2885/2885
f 2876/2876/2876 2883/2883/2883 2888/2888/2888
f 2888/2888/2888 2887/2887/2887 2876/2876/2876
f 2889/2889/2889 2883/2883/2883 2884/2884/2884
f 2889/2889/2889 2888/2888/2888 2883/2883/2883
f 2884/2884/2884 2890/2890/2890 2889/2889/2889
f 2889/2889/2889 2890/2890/2890 2888/2888/2888
f 2888/2888/2888 2890/2890/2890 2891/2891/2891
f 2888/2888/2888 2891/2891/2891 2892/2892/2892
f 2887/2887/2887 2888/2888/2888 2892/2892/2892
f 2893/2893/2893 2892/2892/2892 2891/2891/2891
f 2887/2887/2887 2892/2892/2892 2894/2894/2894
f 2885/2885/2885 2887/2887/2887 2894/2894/2894
f 2895/2895/2895 2894/2894/2894 2892/2892/2892
f 2885/2885/2885 2896/2896/2896 2886/2886/2886
f 2896/2896/2896 2885/2885/2885 2894/2894/2894
f 2886/2886/2886 2896/2896/2896 2897/2897/2897
f 2898/2898/2898 2894/2894/2894 2895/2895/2895
f 2896/2896/2896 2894/2894/2894 2898/2898/2898
f 2899/2899/2899 2898/2898/2898 2895/2895/2895
f 2897/2897/2897 2896/2896/2896 2900/2900/2900
f 2900/2900/2900 2901/2901/2901 2897/2897/2897
f 2902/2902/2902 2901/2901/2901 2900/2900/2900
f 2896/2896/2896 2898/2898/2898 2903/2903/2903
f 2900/2900/2900 2896/2896/2896 2903/2903/2903
f 2899/2899/2899 2904/2904/2904 2898/2898/2898
f 2899/2899/2899 2905/2905/2905 2904/2904/2904
f 2904/2904/2904 2906/2906/2906 2898/2898/2898
f 2898/2898/2898 2906/2906/2906 2903/2903/2903
f 2906/2906/2906 2904/2904/2904 2905/2905/2905
f 2906/2906/2906 2905/2905/2905 2907/2907/2907
f 2908/2908/2908 2907/2907/2907 2905/2905/2905
f 2903/2903/2903 2906/2906/2906 2909/2909/2909
f 2900/2900/2900 2903/2903/2903 2909/2909/2909
f 2900/2900/2900 2910/2910/2910 2902/2902/2902
f 2910/2910/2910 2900/2900/2900 2909/2909/2909
f 2902/2902/2902 2910/2910/2910 2911/2911/2911
f 2909/2909/2909 2911/2911/2911 2910/2910/2910
f 2909/2909/2909 2912/2912/2912 2911/2911/2911
f 2913/2913/2913 2911/2911/2911 2912/2912/2912
f 2916/2916/2916 2915/2915/2915 2914/2914/2914
f 2915/2915/2915 2916/2916/2916 2917/2917/2917
f 2920/2920/2920 2919/2919/2919 2918/2918/2918
f 2919/2919/2919 2920/2920/2920 2921/2921/2921
f 2919/2919/2919 2921/2921/2921 2922/2922/2922
f 2925/2925/2925 2924/2924/2924 2923/2923/2923
f 2926/2926/2926 2923/2923/2923 2924/2924/2924
f 2927/2927/2927 2923/2923/2923 2926/2926/2926
f 2923/2923/2923 2927/2927/2927 2928/2928/2928
f 2929/2929/2929 2928/2928/2928 2927/2927/2927
f 2927/2927/2927 2930/2930/2930 2929/2929/2929
f 2929/2929/2929 2930/2930/2930 2931/2931/2931
f 2931/2931/2931 2930/2930/2930 2932/2932/2932
f 2930/2930/2930 2933/2933/2933 2932/2932/2932
f 2931/2931/2931 2932/2932/2932 2934/2934/2934
f 2935/2935/2935 2931/2931/2931 2934/2934/2934
f 2935/2935/2935 2934/2934/2934 2936/2936/2936
f 2936/2936/2936 2937/2937/2937 2935/2935/2935
f 2936/2936/2936 2938/2938/2938 2937/2937/2937
f 2936/2936/2936 2934/2934/2934 2939/2939/2939
f 2934/2934/2934 2932/2932/2932 2939/2939/2939
f 2936/2936/2936 2940/2940/2940 2938/2938/2938
f 2936/2936/2936 2939/2939/2939 2940/2940/2940
f 2938/2938/2938 2940/2940/2940 2941/2941/2941
f 2940/2940/2940 2942/2942/2942 2941/2941/2941
f 2942/2942/2942 2943/2943/2943 2941/2941/2941
f 2942/2942/2942 2940/2940/2940 2944/2944/2944
f 2943/2943/2943 2942/2942/2942 2944/2944/2944
f 2945/2945/2945 2940/2940/2940 2939/2939/2939
f 2945/2945/2945 2944/2944/2944 2940/2940/2940
f 2944/2944/2944 2945/2945/2945 2946/2946/2946
f 2946/2946/2946 2947/2947/2947 2944/2944/2944
f 2944/2944/2944 2947/2947/2947 2948/2948/2948
f 2948/2948/2948 2943/2943/2943 2944/2944/2944
f 2943/2943/2943 2948/2948/2948 2949/2949/2949
f 2948/2948/2948 2947/2947/2947 2950/2950/2950
f 2951/2951/2951 2945/2945/2945 2939/2939/2939
f 2951/2951/2951 2946/2946/2946 2945/2945/2945
f 2932/2932/2932 2951/2951/2951 2939/2939/2939
f 2952/2952/2952 2951/2951/2951 2932/2932/2932
f 2952/2952/2952 2946/2946/2946 2951/2951/2951
f 2932/2932/2932 2933/2933/2933 2952/2952/2952
f 2950/2950/2950 2947/2947/2947 2953/2953/2953
f 2950/2950/2950 2953/2953/2953 2954/2954/2954
f 2955/2955/2955 2954/2954/2954 2953/2953/2953
f 2954/2954/2954 2955/2955/2955 2956/2956/2956
f 2957/2957/2957 2952/2952/2952 2933/2933/2933
f 2957/2957/2957 2933/2933/2933 2958/2958/2958
f 2959/2959/2959 2957/2957/2957 2958/2958/2958
f 2957/2957/2957 2959/2959/2959 2960/2960/2960
f 2960/2960/2960 2952/2952/2952 2957/2957/2957
f 2961/2961/2961 2960/2960/2960 2959/2959/2959
f 2952/2952/2952 2962/2962/2962 2946/2946/2946
f 2962/2962/2962 2952/2952/2952 2960/2960/2960
f 2963/2963/2963 2946/2946/2946 2962/2962/2962
f 2963/2963/2963 2962/2962/2962 2960/2960/2960
f 2961/2961/2961 2964/2964/2964 2960/2960/2960
f 2964/2964/2964 2963/2963/2963 2960/2960/2960
f 2961/2961/2961 2965/2965/2965 2964/2964/2964
f 2963/2963/2963 2964/2964/2964 2965/2965/2965
f 2961/2961/2961 2966/2966/2966 2965/2965/2965
f 2965/2965/2965 2966/2966/2966 2967/2967/2967
f 2965/2965/2965 2967/2967/2967 2963/2963/2963
f 2968/2968/2968 2946/2946/2946 2963/2963/2963
f 2963/2963/2963 2967/2967/2967 2968/2968/2968
f 2947/2947/2947 2946/2946/2946 2968/2968/2968
f 2968/2968/2968 2967/2967/2967 2969/2969/2969
f 2969/2969/2969 2947/2947/2947 2968/2968/2968
f 2970/2970/2970 2969/2969/2969 2967/2967/2967
f 2969/2969/2969 2970/2970/2970 2971/2971/2971
f 2972/2972/2972 2971/2971/2971 2970/2970/2970
f 2969/2969/2969 2973/2973/2973 2947/2947/2947
f 2971/2971/2971 2974/2974/2974 2969/2969/2969
f 2969/2969/2969 2974/2974/2974 2973/2973/2973
f 2973/2973/2973 2975/2975/2975 2947/2947/2947
f 2974/2974/2974 2975/2975/2975 2973/2973/2973
f 2947/2947/2947 2975/2975/2975 2953/2953/2953
f 2975/2975/2975 2955/2955/2955 2953/2953/2953
f 2955/2955/2955 2975/2975/2975 2974/2974/2974
f 2972/2972/2972 2976/2976/2976 2971/2971/2971
f 2971/2971/2971 2976/2976/2976 2974/2974/2974
f 2977/2977/2977 2955/2955/2955 2974/2974/2974
f 2976/2976/2976 2977/2977/2977 2974/2974/2974
f 2972/2972/2972 2978/2978/2978 2976/2976/2976
f 2976/2976/2976 2978/2978/2978 2977/2977/2977
f 2979/2979/2979 2978/2978/2978 2972/2972/2972
f 2977/2977/2977 2980/2980/2980 2955/2955/2955
f 2980/2980/2980 2956/2956/2956 2955/2955/2955
f 2956/2956/2956 2980/2980/2980 2981/2981/2981
f 2981/2981/2981 2980/2980/2980 2982/2982/2982
f 2982/2982/2982 2983/2983/2983 2981/2981/2981
f 2980/2980/2980 2984/2984/2984 2982/2982/2982
f 2982/2982/2982 2984/2984/2984 2983/2983/2983
f 2980/2980/2980 2977/2977/2977 2984/2984/2984
f 2984/2984/2984 2985/2985/2985 2983/2983/2983
f 2978/2978/2978 2986/2986/2986 2977/2977/2977
f 2977/2977/2977 2986/2986/2986 2984/2984/2984
f 2987/2987/2987 2978/2978/2978 2979/2979/2979
f 2978/2978/2978 2987/2987/2987 2986/2986/2986
f 2986/2986/2986 2988/2988/2988 2984/2984/2984
f 2984/2984/2984 2988/2988/2988 2985/2985/2985
f 2986/2986/2986 2987/2987/2987 2988/2988/2988
f 2979/2979/2979 2989/2989/2989 2987/2987/2987
f 2979/2979/2979 2990/2990/2990 2989/2989/2989
f 2989/2989/2989 2990/2990/2990 2991/2991/2991
f 2987/2987/2987 2989/2989/2989 2992/2992/2992
f 2992/2992/2992 2988/2988/2988 2987/2987/2987
f 2989/2989/2989 2993/2993/2993 2992/2992/2992
f 2992/2992/2992 2993/2993/2993 2994/2994/2994
f 2994/2994/2994 2988/2988/2988 2992/2992/2992
f 2993/2993/2993 2995/2995/2995 2994/2994/2994
f 2994/2994/2994 2995/2995/2995 2996/2996/2996
f 2995/2995/2995 2997/2997/2997 2996/2996/2996
f 2998/2998/2998 2996/2996/2996 2997/2997/2997
f 2998/2998/2998 2999/2999/2999 2996/2996/2996
f 2994/2994/2994 3000/3000/3000 2988/2988/2988
f 3000/3000/3000 2985/2985/2985 2988/2988/2988
f 3001/3001/3001 2985/2985/2985 3000/3000/3000
f 3000/3000/3000 2994/2994/2994 3002/3002/3002
f 3002/3002/3002 2994/2994/2994 2996/2996/2996
f 3002/3002/3002 2996/2996/2996 3003/3003/3003
f 2996/2996/2996 2999/2999/2999 3004/3004/3004
f 3004/3004/3004 3003/3003/3003 2996/2996/2996
f 3005/3005/3005 3004/3004/3004 2999/2999/2999
f 3005/3005/3005 3003/3003/3003 3004/3004/3004
f 3001/3001/3001 3000/3000/3000 3006/3006/3006
f 3000/3000/3000 3002/3002/3002 3007/3007/3007
f 3001/3001/3001 3006/3006/3006 3008/3008/3008
f 3007/3007/3007 3009/3009/3009 3006/3006/3006
f 3006/3006/3006 3009/3009/3009 3008/3008/3008
f 3010/3010/3010 3007/3007/3007 3002/3002/3002
f 3002/3002/3002 3003/3003/3003 3010/3010/3010
f 3010/3010/3010 3009/3009/3009 3007/3007/3007
f 3010/3010/3010 3003/3003/3003 3009/3009/3009
f 3008/3008/3008 3009/3009/3009 3011/3011/3011
f 3009/3009/3009 3003/3003/3003 3011/3011/3011
f 3008/3008/3008 3011/3011/3011 3012/3012/3012
f 3005/3005/3005 3013/3013/3013 3003/3003/3003
f 3013/3013/3013 3011/3011/3011 3003/3003/3003
f 3005/3005/3005 3014/3014/3014 3013/3013/3013
f 3013/3013/3013 3014/3014/3014 3011/3011/3011
f 3005/3005/3005 3015/3015/3015 3014/3014/3014
f 3011/3011/3011 3016/3016/3016 3012/3012/3012
f 3014/3014/3014 3016/3016/3016 3011/3011/3011
f 3016/3016/3016 3017/3017/3017 3012/3012/3012
f 3015/3015/3015 3018/3018/3018 3014/3014/3014
f 3019/3019/3019 3018/3018/3018 3015/3015/3015
f 3018/3018/3018 3020/3020/3020 3014/3014/3014
f 3014/3014/3014 3020/3020/3020 3016/3016/3016
f 3019/3019/3019 3021/3021/3021 3018/3018/3018
f 3018/3018/3018 3021/3021/3021 3020/3020/3020
f 3022/3022/3022 3021/3021/3021 3019/3019/3019
f 3022/3022/3022 3023/3023/3023 3021/3021/3021
f 3022/3022/3022 3024/3024/3024 3023/3023/3023
f 3024/3024/3024 3025/3025/3025 3023/3023/3023
f 3026/3026/3026 3023/3023/3023 3025/3025/3025
f 3027/3027/3027 3017/3017/3017 3016/3016/3016
f 3028/3028/3028 3017/3017/3017 3027/3027/3027
f 3027/3027/3027 3016/3016/3016 3029/3029/3029
f 3027/3027/3027 3029/3029/3029 3028/3028/3028
f 3029/3029/3029 3016/3016/3016 3020/3020/3020
f 3028/3028/3028 3029/3029/3029 3030/3030/3030
f 3020/3020/3020 3021/3021/3021 3031/3031/3031
f 3020/3020/3020 3031/3031/3031 3029/3029/3029
f 3029/3029/3029 3031/3031/3031 3030/3030/3030
f 3031/3031/3031 3021/3021/3021 3023/3023/3023
f 3032/3032/3032 3030/3030/3030 3031/3031/3031
f 3032/3032/3032 3031/3031/3031 3023/3023/3023
f 3030/3030/3030 3032/3032/3032 3033/3033/3033
f 3033/3033/3033 3032/3032/3032 3034/3034/3034
f 3032/3032/3032 3035/3035/3035 3034/3034/3034
f 3023/3023/3023 3026/3026/3026 3036/3036/3036
f 3036/3036/3036 3026/3026/3026 3035/3035/3035
f 3023/3023/3023 3036/3036/3036 3032/3032/3032
f 3035/3035/3035 3032/3032/3032 3036/3036/3036
f 3039/3039/3039 3038/3038/3038 3037/3037/3037
f 3040/3040/3040 3037/3037/3037 3038/3038/3038
f 3041/3041/3041 3037/3037/3037 3040/3040/3040
f 3041/3041/3041 3042/3042/3042 3037/3037/3037
f 3043/3043/3043 3042/3042/3042 3041/3041/3041
f 3042/3042/3042 3043/3043/3043 3044/3044/3044
f 3047/3047/3047 3046/3046/3046 3045/3045/3045
f 3045/3045/3045 3048/3048/3048 3047/3047/3047
f 3049/3049/3049 3048/3048/3048 3045/3045/3045
f 3048/3048/3048 3049/3049/3049 3050/3050/3050
f 3050/3050/3050 3049/3049/3049 3051/3051/3051
f 3050/3050/3050 3051/3051/3051 3052/3052/3052
f 3053/3053/3053 3048/3048/3048 3050/3050/3050
f 3053/3053/3053 3050/3050/3050 3052/3052/3052
f 3048/3048/3048 3054/3054/3054 3047/3047/3047
f 3054/3054/3054 3048/3048/3048 3053/3053/3053
f 3055/3055/3055 3053/3053/3053 3052/3052/3052
f 3055/3055/3055 3054/3054/3054 3053/3053/3053
f 3056/3056/3056 3055/3055/3055 3052/3052/3052
f 3057/3057/3057 3055/3055/3055 3056/3056/3056
f 3057/3057/3057 3058/3058/3058 3055/3055/3055
f 3054/3054/3054 3055/3055/3055 3058/3058/3058
f 3057/3057/3057 3059/3059/3059 3058/3058/3058
f 3054/3054/3054 3060/3060/3060 3047/3047/3047
f 3061/3061/3061 3047/3047/3047 3060/3060/3060
f 3060/3060/3060 3062/3062/3062 3061/3061/3061
f 3054/3054/3054 3058/3058/3058 3063/3063/3063
f 3058/3058/3058 3059/3059/3059 3063/3063/3063
f 3054/3054/3054 3063/3063/3063 3060/3060/3060
f 3063/3063/3063 3059/3059/3059 3064/3064/3064
f 3063/3063/3063 3064/3064/3064 3065/3065/3065
f 3064/3064/3064 3059/3059/3059 3066/3066/3066
f 3065/3065/3065 3064/3064/3064 3066/3066/3066
f 3065/3065/3065 3066/3066/3066 3067/3067/3067
f 3065/3065/3065 3067/3067/3067 3068/3068/3068
f 3069/3069/3069 3065/3065/3065 3068/3068/3068
f 3063/3063/3063 3070/3070/3070 3060/3060/3060
f 3065/3065/3065 3070/3070/3070 3063/3063/3063
f 3060/3060/3060 3071/3071/3071 3062/3062/3062
f 3060/3060/3060 3070/3070/3070 3071/3071/3071
f 3072/3072/3072 3065/3065/3065 3069/3069/3069
f 3070/3070/3070 3065/3065/3065 3072/3072/3072
f 3073/3073/3073 3072/3072/3072 3069/3069/3069
f 3074/3074/3074 3073/3073/3073 3069/3069/3069
f 3075/3075/3075 3072/3072/3072 3073/3073/3073
f 3075/3075/3075 3070/3070/3070 3072/3072/3072
f 3075/3075/3075 3073/3073/3073 3074/3074/3074
f 3062/3062/3062 3071/3071/3071 3076/3076/3076
f 2321/2321/2321 3062/3062/3062 3076/3076/3076
f 2321/2321/2321 3076/3076/3076 2325/2325/2325
f 3071/3071/3071 2325/2325/2325 3076/3076/3076
f 3071/3071/3071 3070/3070/3070 3077/3077/3077
f 3071/3071/3071 3077/3077/3077 2325/2325/2325
f 3075/3075/3075 3077/3077/3077 3070/3070/3070
f 3078/3078/3078 3075/3075/3075 3074/3074/3074
f 2335/2335/2335 3078/3078/3078 3074/3074/3074
f 3079/3079/3079 3075/3075/3075 3078/3078/3078
f 2335/2335/2335 3079/3079/3079 3078/3078/3078
f 3077/3077/3077 3075/3075/3075 3079/3079/3079
f 2327/2327/2327 3079/3079/3079 2335/2335/2335
f 2325/2325/2325 3077/3077/3077 3080/3080/3080
f 3080/3080/3080 3077/3077/3077 3079/3079/3079
f 2325/2325/2325 3080/3080/3080 2326/2326/2326
f 2327/2327/2327 2326/2326/2326 3081/3081/3081
f 3081/3081/3081 3079/3079/3079 2327/2327/2327
f 3080/3080/3080 3081/3081/3081 2326/2326/2326
f 3081/3081/3081 3080/3080/3080 3079/3079/3079
f 3084/3084/3084 3083/3083/3083 3082/3082/3082
f 3083/3083/3083 3084/3084/3084 3085/3085/3085
f 3088/3088/3088 3087/3087/3087 3086/3086/3086
f 3089/3089/3089 3086/3086/3086 3087/3087/3087
f 3086/3086/3086 3089/3089/3089 3090/3090/3090
f 3093/3093/3093 3092/3092/3092 3091/3091/3091
f 3091/3091/3091 3094/3094/3094 3093/3093/3093
f 3097/3097/3097 3096/3096/3096 3095/3095/3095
f 3098/3098/3098 3097/3097/3097 3095/3095/3095
f 3098/3098/3098 3095/3095/3095 3099/3099/3099
f 3097/3097/3097 3098/3098/3098 3100/3100/3100
f 3100/3100/3100 3101/3101/3101 3097/3097/3097
f 3100/3100/3100 3102/3102/3102 3101/3101/3101
f 3095/3095/3095 3103/3103/3103 3099/3099/3099
f 3095/3095/3095 3104/3104/3104 3103/3103/3103
f 3103/3103/3103 3104/3104/3104 3105/3105/3105
f 3105/3105/3105 3104/3104/3104 3106/3106/3106
f 3106/3106/3106 3104/3104/3104 3107/3107/3107
f 3106/3106/3106 3107/3107/3107 3108/3108/3108
f 3109/3109/3109 3108/3108/3108 3107/3107/3107
f 3110/3110/3110 3108/3108/3108 3109/3109/3109
f 3110/3110/3110 3109/3109/3109 3111/3111/3111
f 3114/3114/3114 3113/3113/3113 3112/3112/3112
f 3114/3114/3114 3112/3112/3112 3115/3115/3115
f 3116/3116/3116 3114/3114/3114 3115/3115/3115
f 3119/3119/3119 3118/3118/3118 3117/3117/3117
f 3120/3120/3120 3117/3117/3117 3118/3118/3118
f 3123/3123/3123 3122/3122/3122 3121/3121/3121
f 3121/3121/3121 3122/3122/3122 3124/3124/3124
f 3125/3125/3125 3121/3121/3121 3124/3124/3124
f 3126/3126/3126 3125/3125/3125 3124/3124/3124
f 3127/3127/3127 3125/3125/3125 3126/3126/3126
f 3127/3127/3127 3128/3128/3128 3125/3125/3125
f 3129/3129/3129 3127/3127/3127 3126/3126/3126
f 3129/3129/3129 3128/3128/3128 3127/3127/3127
f 3129/3129/3129 3126/3126/3126 3130/3130/3130
f 3131/3131/3131 3129/3129/3129 3130/3130/3130
f 3129/3129/3129 3132/3132/3132 3128/3128/3128
f 3129/3129/3129 3131/3131/3131 3132/3132/3132
f 3133/3133/3133 3132/3132/3132 3131/3131/3131
f 3133/3133/3133 3134/3134/3134 3132/3132/3132
f 3132/3132/3132 3135/3135/3135 3128/3128/3128
f 3134/3134/3134 3135/3135/3135 3132/3132/3132
f 3136/3136/3136 3135/3135/3135 3134/3134/3134
f 3135/3135/3135 3136/3136/3136 3137/3137/3137
f 3138/3138/3138 3137/3137/3137 3136/3136/3136
f 3138/3138/3138 3136/3136/3136 3139/3139/3139
f 3142/3142/3142 3141/3141/3141 3140/3140/3140
f 3142/3142/3142 3143/3143/3143 3141/3141/3141
f 3144/3144/3144 3143/3143/3143 3142/3142/3142
f 3145/3145/3145 3143/3143/3143 3144/3144/3144
f 3144/3144/3144 3146/3146/3146 3145/3145/3145
f 3149/3149/3149 3148/3148/3148 3147/3147/3147
f 3150/3150/3150 3149/3149/3149 3147/3147/3147
f 3147/3147/3147 3151/3151/3151 3150/3150/3150
f 3152/3152/3152 3150/3150/3150 3151/3151/3151
f 3149/3149/3149 3150/3150/3150 3153/3153/3153
f 3154/3154/3154 3149/3149/3149 3153/3153/3153
f 3155/3155/3155 3154/3154/3154 3153/3153/3153
f 3153/3153/3153 3156/3156/3156 3155/3155/3155
f 3156/3156/3156 3157/3157/3157 3155/3155/3155
f 3150/3150/3150 3152/3152/3152 3158/3158/3158
f 3153/3153/3153 3150/3150/3150 3158/3158/3158
f 3159/3159/3159 3158/3158/3158 3152/3152/3152
f 3153/3153/3153 3158/3158/3158 3160/3160/3160
f 3163/3163/3163 3162/3162/3162 3161/3161/3161
f 3164/3164/3164 3163/3163/3163 3161/3161/3161
f 3163/3163/3163 3164/3164/3164 3165/3165/3165
f 3168/3168/3168 3167/3167/3167 3166/3166/3166
f 3169/3169/3169 3167/3167/3167 3168/3168/3168
f 3169/3169/3169 3168/3168/3168 3170/3170/3170
f 3171/3171/3171 3170/3170/3170 3168/3168/3168
f 3169/3169/3169 3170/3170/3170 3172/3172/3172
f 3173/3173/3173 3169/3169/3169 3172/3172/3172
f 3176/3176/3176 3175/3175/3175 3174/3174/3174
f 3177/3177/3177 3175/3175/3175 3176/3176/3176
f 3176/3176/3176 3178/3178/3178 3177/3177/3177
f 3179/3179/3179 3177/3177/3177 3178/3178/3178
f 3178/3178/3178 3180/3180/3180 3179/3179/3179
f 3181/3181/3181 3179/3179/3179 3180/3180/3180
f 3181/3181/3181 3180/3180/3180 3182/3182/3182
f 3183/3183/3183 3179/3179/3179 3181/3181/3181
f 3186/3186/3186 3185/3185/3185 3184/3184/3184
f 3187/3187/3187 3185/3185/3185 3186/3186/3186
f 3185/3185/3185 3187/3187/3187 3188/3188/3188
f 3189/3189/3189 3185/3185/3185 3188/3188/3188
f 3192/3192/3192 3191/3191/3191 3190/3190/3190
f 3191/3191/3191 3193/3193/3193 3190/3190/3190
f 3194/3194/3194 3193/3193/3193 3191/3191/3191
f 3193/3193/3193 3194/3194/3194 3195/3195/3195
f 3196/3196/3196 3193/3193/3193 3195/3195/3195
f 3193/3193/3193 3197/3197/3197 3190/3190/3190
f 3198/3198/3198 3190/3190/3190 3197/3197/3197
f 3197/3197/3197 3199/3199/3199 3198/3198/3198
f 3199/3199/3199 3197/3197/3197 3200/3200/3200
f 3197/3197/3197 3201/3201/3201 3200/3200/3200
f 3193/3193/3193 3196/3196/3196 3202/3202/3202
f 3193/3193/3193 3202/3202/3202 3197/3197/3197
f 3202/3202/3202 3201/3201/3201 3197/3197/3197
f 3196/3196/3196 3203/3203/3203 3202/3202/3202
f 3202/3202/3202 3203/3203/3203 3201/3201/3201
f 3206/3206/3206 3205/3205/3205 3204/3204/3204
f 3205/3205/3205 3207/3207/3207 3204/3204/3204
f 3210/3210/3210 3209/3209/3209 3208/3208/3208
f 3211/3211/3211 3209/3209/3209 3210/3210/3210
f 3211/3211/3211 3210/3210/3210 3212/3212/3212
f 3215/3215/3215 3214/3214/3214 3213/3213/3213
f 3215/3215/3215 3213/3213/3213 3216/3216/3216
f 3213/3213/3213 3217/3217/3217 3216/3216/3216
f 3218/3218/3218 3216/3216/3216 3217/3217/3217
f 3216/3216/3216 3219/3219/3219 3215/3215/3215
f 3215/3215/3215 3219/3219/3219 3220/3220/3220
f 3219/3219/3219 3216/3216/3216 3221/3221/3221
f 3218/3218/3218 3221/3221/3221 3216/3216/3216
f 3222/3222/3222 3221/3221/3221 3218/3218/3218
f 3223/3223/3223 3220/3220/3220 3219/3219/3219
f 3221/3221/3221 3223/3223/3223 3219/3219/3219
f 3222/3222/3222 3223/3223/3223 3221/3221/3221
f 3220/3220/3220 3223/3223/3223 3224/3224/3224
f 3224/3224/3224 3223/3223/3223 3225/3225/3225
f 3226/3226/3226 3225/3225/3225 3223/3223/3223
f 3223/3223/3223 3222/3222/3222 3226/3226/3226
f 3225/3225/3225 3226/3226/3226 3227/3227/3227
f 3227/3227/3227 3228/3228/3228 3225/3225/3225
f 3229/3229/3229 3228/3228/3228 3227/3227/3227
f 3230/3230/3230 3229/3229/3229 3227/3227/3227
f 3227/3227/3227 3231/3231/3231 3230/3230/3230
f 3231/3231/3231 3227/3227/3227 3226/3226/3226
f 3231/3231/3231 3226/3226/3226 3222/3222/3222
f 3231/3231/3231 3222/3222/3222 3232/3232/3232
f 3231/3231/3231 3232/3232/3232 3233/3233/3233
f 3222/3222/3222 3234/3234/3234 3232/3232/3232
f 3235/3235/3235 3234/3234/3234 3222/3222/3222
f 3235/3235/3235 3222/3222/3222 3218/3218/3218
f 3234/3234/3234 3235/3235/3235 3236/3236/3236
f 3218/3218/3218 3237/3237/3237 3235/3235/3235
f 3237/3237/3237 3236/3236/3236 3235/3235/3235
f 3240/3240/3240 3239/3239/3239 3238/3238/3238
f 3240/3240/3240 3238/3238/3238 3241/3241/3241
f 3242/3242/3242 3240/3240/3240 3241/3241/3241
f 3242/3242/3242 3241/3241/3241 3243/3243/3243
f 3243/3243/3243 3244/3244/3244 3242/3242/3242
f 3241/3241/3241 3238/3238/3238 3245/3245/3245
f 3238/3238/3238 3246/3246/3246 3245/3245/3245
f 3247/3247/3247 3245/3245/3245 3246/3246/3246
f 3247/3247/3247 3246/3246/3246 3248/3248/3248
f 3251/3251/3251 3250/3250/3250 3249/3249/3249
f 3252/3252/3252 3251/3251/3251 3249/3249/3249
f 3253/3253/3253 3251/3251/3251 3252/3252/3252
f 3254/3254/3254 3253/3253/3253 3252/3252/3252
f 3254/3254/3254 3252/3252/3252 3255/3255/3255
f 3256/3256/3256 3255/3255/3255 3252/3252/3252
f 3257/3257/3257 3255/3255/3255 3256/3256/3256
f 3257/3257/3257 3256/3256/3256 3258/3258/3258
f 3256/3256/3256 3259/3259/3259 3258/3258/3258
f 3252/3252/3252 3249/3249/3249 3260/3260/3260
f 3258/3258/3258 3259/3259/3259 3261/3261/3261
f 3262/3262/3262 3261/3261/3261 3259/3259/3259
f 3262/3262/3262 3263/3263/3263 3261/3261/3261
f 3264/3264/3264 3263/3263/3263 3262/3262/3262
f 3264/3264/3264 3262/3262/3262 3265/3265/3265
f 3266/3266/3266 3265/3265/3265 3262/3262/3262
f 3260/3260/3260 3249/3249/3249 3267/3267/3267
f 3267/3267/3267 3259/3259/3259 3260/3260/3260
f 3249/3249/3249 3268/3268/3268 3267/3267/3267
f 3268/3268/3268 3269/3269/3269 3267/3267/3267
f 3259/3259/3259 3270/3270/3270 3262/3262/3262
f 3270/3270/3270 3259/3259/3259 3267/3267/3267
f 3269/3269/3269 3271/3271/3271 3267/3267/3267
f 3270/3270/3270 3267/3267/3267 3271/3271/3271
f 3262/3262/3262 3270/3270/3270 3272/3272/3272
f 3271/3271/3271 3272/3272/3272 3270/3270/3270
f 3262/3262/3262 3272/3272/3272 3266/3266/3266
f 3271/3271/3271 3269/3269/3269 3273/3273/3273
f 3271/3271/3271 3273/3273/3273 3272/3272/3272
f 3274/3274/3274 3273/3273/3273 3269/3269/3269
f 3274/3274/3274 3275/3275/3275 3273/3273/3273
f 3276/3276/3276 3273/3273/3273 3275/3275/3275
f 3273/3273/3273 3276/3276/3276 3272/3272/3272
f 3277/3277/3277 3276/3276/3276 3275/3275/3275
f 3272/3272/3272 3276/3276/3276 3278/3278/3278
f 3266/3266/3266 3272/3272/3272 3278/3278/3278
f 3279/3279/3279 3278/3278/3278 3276/3276/3276
f 3280/3280/3280 3278/3278/3278 3279/3279/3279
f 3278/3278/3278 3280/3280/3280 3266/3266/3266
f 3281/3281/3281 3266/3266/3266 3280/3280/3280
f 3280/3280/3280 3282/3282/3282 3281/3281/3281
f 3282/3282/3282 3280/3280/3280 3283/3283/3283
f 3284/3284/3284 3282/3282/3282 3283/3283/3283
f 3283/3283/3283 3285/3285/3285 3284/3284/3284
f 3286/3286/3286 3285/3285/3285 3283/3283/3283
f 3289/3289/3289 3288/3288/3288 3287/3287/3287
f 3289/3289/3289 3290/3290/3290 3288/3288/3288
f 3288/3288/3288 3290/3290/3290 3291/3291/3291
f 3292/3292/3292 3290/3290/3290 3289/3289/3289
f 3288/3288/3288 3291/3291/3291 3293/3293/3293
f 3291/3291/3291 3294/3294/3294 3293/3293/3293
f 3295/3295/3295 3293/3293/3293 3294/3294/3294
f 3296/3296/3296 3292/3292/3292 3289/3289/3289
f 3297/3297/3297 3292/3292/3292 3296/3296/3296
f 3296/3296/3296 3298/3298/3298 3297/3297/3297
f 3298/3298/3298 3299/3299/3299 3297/3297/3297
f 3302/3302/3302 3301/3301/3301 3300/3300/3300
f 3303/3303/3303 3302/3302/3302 3300/3300/3300
f 3305/3305/3305 3304/3304/3304 1014/1014/1014
f 3306/3306/3306 3305/3305/3305 1014/1014/1014
f 3306/3306/3306 3307/3307/3307 3305/3305/3305
f 3306/3306/3306 1014/1014/1014 3308/3308/3308
f 3309/3309/3309 3306/3306/3306 3308/3308/3308
f 3308/3308/3308 3310/3310/3310 3309/3309/3309
f 3308/3308/3308 1014/1014/1014 3310/3310/3310
f 1013/1013/1013 3310/3310/3310 1014/1014/1014
f 1013/1013/1013 3311/3311/3311 3310/3310/3310
f 3312/3312/3312 3310/3310/3310 3311/3311/3311
f 3311/3311/3311 1013/1013/1013 1011/1011/1011
f 3313/3313/3313 3312/3312/3312 3311/3311/3311
f 1011/1011/1011 3314/3314/3314 3311/3311/3311
f 3314/3314/3314 3313/3313/3313 3311/3311/3311
f 3314/3314/3314 1011/1011/1011 1012/1012/1012
f 3313/3313/3313 3314/3314/3314 1012/1012/1012
f 1012/1012/1012 3315/3315/3315 3313/3313/3313
f 1012/1012/1012 3316/3316/3316 3315/3315/3315
f 3317/3317/3317 3316/3316/3316 1012/1012/1012
f 3320/3320/3320 3319/3319/3319 3318/3318/3318
f 3321/3321/3321 3320/3320/3320 3318/3318/3318
f 3324/3324/3324 3323/3323/3323 3322/3322/3322
f 3323/3323/3323 3325/3325/3325 3322/3322/3322
f 3322/3322/3322 3325/3325/3325 3326/3326/3326
f 3329/3329/3329 3328/3328/3328 3327/3327/3327
f 3327/3327/3327 3330/3330/3330 3329/3329/3329
f 3329/3329/3329 3330/3330/3330 3331/3331/3331
f 3327/3327/3327 3332/3332/3332 3330/3330/3330
f 3333/3333/3333 3332/3332/3332 3327/3327/3327
f 3332/3332/3332 3334/3334/3334 3330/3330/3330
f 3330/3330/3330 3334/3334/3334 3331/3331/3331
f 3331/3331/3331 3334/3334/3334 3335/3335/3335
f 3336/3336/3336 3334/3334/3334 3332/3332/3332
f 3333/3333/3333 3336/3336/3336 3332/3332/3332
f 3335/3335/3335 3334/3334/3334 3337/3337/3337
f 3337/3337/3337 3334/3334/3334 3336/3336/3336
f 3338/3338/3338 3336/3336/3336 3333/3333/3333
f 3336/3336/3336 3339/3339/3339 3337/3337/3337
f 3338/3338/3338 3339/3339/3339 3336/3336/3336
f 3333/3333/3333 3340/3340/3340 3338/3338/3338
f 3340/3340/3340 3341/3341/3341 3338/3338/3338
f 3342/3342/3342 3340/3340/3340 3333/3333/3333
f 3342/3342/3342 3333/3333/3333 3343/3343/3343
f 3342/3342/3342 3343/3343/3343 3344/3344/3344
f 3344/3344/3344 3345/3345/3345 3342/3342/3342
f 3338/3338/3338 3341/3341/3341 3346/3346/3346
f 3339/3339/3339 3338/3338/3338 3346/3346/3346
f 3339/3339/3339 3346/3346/3346 3347/3347/3347
f 3337/3337/3337 3339/3339/3339 3347/3347/3347
f 3346/3346/3346 3348/3348/3348 3347/3347/3347
f 3347/3347/3347 3348/3348/3348 3349/3349/3349
f 3337/3337/3337 3347/3347/3347 3350/3350/3350
f 3335/3335/3335 3337/3337/3337 3350/3350/3350
f 3347/3347/3347 3349/3349/3349 3351/3351/3351
f 3350/3350/3350 3347/3347/3347 3351/3351/3351
f 3352/3352/3352 3351/3351/3351 3349/3349/3349
f 3351/3351/3351 3352/3352/3352 3353/3353/3353
f 3350/3350/3350 3351/3351/3351 3353/3353/3353
f 3353/3353/3353 3352/3352/3352 3354/3354/3354
f 3355/3355/3355 3350/3350/3350 3353/3353/3353
f 3350/3350/3350 3355/3355/3355 3335/3335/3335
f 3353/3353/3353 3356/3356/3356 3355/3355/3355
f 3356/3356/3356 3353/3353/3353 3354/3354/3354
f 3335/3335/3335 3355/3355/3355 3356/3356/3356
f 3335/3335/3335 3356/3356/3356 3357/3357/3357
f 3354/3354/3354 3357/3357/3357 3356/3356/3356
f 3358/3358/3358 3357/3357/3357 3354/3354/3354
f 3359/3359/3359 3335/3335/3335 3357/3357/3357
f 3359/3359/3359 3331/3331/3331 3335/3335/3335
f 3357/3357/3357 3360/3360/3360 3359/3359/3359
f 3359/3359/3359 3360/3360/3360 3331/3331/3331
f 3358/3358/3358 3360/3360/3360 3357/3357/3357
f 3360/3360/3360 3361/3361/3361 3331/3331/3331
f 3331/3331/3331 3361/3361/3361 3362/3362/3362
f 3358/3358/3358 3363/3363/3363 3360/3360/3360
f 3361/3361/3361 3360/3360/3360 3363/3363/3363
f 3364/3364/3364 3362/3362/3362 3361/3361/3361
f 3364/3364/3364 3365/3365/3365 3362/3362/3362
f 3361/3361/3361 3363/3363/3363 3366/3366/3366
f 3366/3366/3366 3364/3364/3364 3361/3361/3361
f 3367/3367/3367 3366/3366/3366 3363/3363/3363
f 3367/3367/3367 3363/3363/3363 3358/3358/3358
f 3368/3368/3368 3364/3364/3364 3366/3366/3366
f 3368/3368/3368 3366/3366/3366 3367/3367/3367
f 3367/3367/3367 3369/3369/3369 3368/3368/3368
f 3369/3369/3369 3367/3367/3367 3370/3370/3370
f 3367/3367/3367 3358/3358/3358 3370/3370/3370
f 3371/3371/3371 3369/3369/3369 3370/3370/3370
f 3358/3358/3358 3371/3371/3371 3370/3370/3370
f 3372/3372/3372 3371/3371/3371 3358/3358/3358
f 3358/3358/3358 3354/3354/3354 3372/3372/3372
f 3373/3373/3373 3372/3372/3372 3354/3354/3354
f 3374/3374/3374 3373/3373/3373 3354/3354/3354
f 3375/3375/3375 3374/3374/3374 3354/3354/3354
f 3365/3365/3365 3364/3364/3364 3376/3376/3376
f 3376/3376/3376 3364/3364/3364 3377/3377/3377
f 3376/3376/3376 3377/3377/3377 3378/3378/3378
f 3379/3379/3379 3365/3365/3365 3376/3376/3376
f 3379/3379/3379 3376/3376/3376 3378/3378/3378
f 3379/3379/3379 3380/3380/3380 3365/3365/3365
f 3381/3381/3381 3379/3379/3379 3378/3378/3378
f 3384/3384/3384 3383/3383/3383 3382/3382/3382
f 3385/3385/3385 3384/3384/3384 3382/3382/3382
f 3386/3386/3386 3385/3385/3385 3382/3382/3382
f 3389/3389/3389 3388/3388/3388 3387/3387/3387
f 3387/3387/3387 3388/3388/3388 3390/3390/3390
f 3390/3390/3390 3388/3388/3388 3391/3391/3391
f 3388/3388/3388 3392/3392/3392 3391/3391/3391
f 3388/3388/3388 3393/3393/3393 3392/3392/3392
f 3393/3393/3393 3394/3394/3394 3392/3392/3392
f 3391/3391/3391 3395/3395/3395 3390/3390/3390
f 3396/3396/3396 3390/3390/3390 3395/3395/3395
f 3390/3390/3390 3396/3396/3396 3397/3397/3397
f 3396/3396/3396 3395/3395/3395 3398/3398/3398
f 3398/3398/3398 3395/3395/3395 3399/3399/3399
f 3402/3402/3402 3401/3401/3401 3400/3400/3400
f 3403/3403/3403 3401/3401/3401 3402/3402/3402
f 3403/3403/3403 3404/3404/3404 3401/3401/3401
f 3403/3403/3403 3402/3402/3402 3405/3405/3405
f 3405/3405/3405 3402/3402/3402 3406/3406/3406
f 3405/3405/3405 3406/3406/3406 3407/3407/3407
f 3408/3408/3408 3405/3405/3405 3407/3407/3407
f 3407/3407/3407 3406/3406/3406 3409/3409/3409
f 3406/3406/3406 3410/3410/3410 3409/3409/3409
f 3413/3413/3413 3412/3412/3412 3411/3411/3411
f 3414/3414/3414 3413/3413/3413 3411/3411/3411
f 3415/3415/3415 3414/3414/3414 3411/3411/3411
f 3418/3418/3418 3417/3417/3417 3416/3416/3416
f 3419/3419/3419 3418/3418/3418 3416/3416/3416
f 3416/3416/3416 3420/3420/3420 3419/3419/3419
f 3418/3418/3418 3419/3419/3419 3421/3421/3421
f 3424/3424/3424 3423/3423/3423 3422/3422/3422
f 3424/3424/3424 3425/3425/3425 3423/3423/3423
f 3426/3426/3426 3425/3425/3425 3424/3424/3424
f 3424/3424/3424 3427/3427/3427 3426/3426/3426
f 3426/3426/3426 3427/3427/3427 3428/3428/3428
f 3426/3426/3426 3429/3429/3429 3425/3425/3425
f 3429/3429/3429 3430/3430/3430 3425/3425/3425
f 3426/3426/3426 3428/3428/3428 3431/3431/3431
f 3428/3428/3428 3432/3432/3432 3431/3431/3431
f 3431/3431/3431 3433/3433/3433 3426/3426/3426
f 3433/3433/3433 3429/3429/3429 3426/3426/3426
f 3433/3433/3433 3431/3431/3431 3434/3434/3434
f 3433/3433/3433 3434/3434/3434 3435/3435/3435
f 3435/3435/3435 3434/3434/3434 3436/3436/3436
f 3429/3429/3429 3433/3433/3433 3437/3437/3437
f 3437/3437/3437 3433/3433/3433 3435/3435/3435
f 3429/3429/3429 3437/3437/3437 3438/3438/3438
f 3438/3438/3438 3430/3430/3430 3429/3429/3429
f 3437/3437/3437 3435/3435/3435 3438/3438/3438
f 3439/3439/3439 3430/3430/3430 3438/3438/3438
f 3430/3430/3430 3439/3439/3439 3440/3440/3440
f 3435/3435/3435 3436/3436/3436 3441/3441/3441
f 3441/3441/3441 3436/3436/3436 3442/3442/3442
f 3436/3436/3436 3443/3443/3443 3442/3442/3442
f 3444/3444/3444 3441/3441/3441 3442/3442/3442
f 1145/1145/1145 3444/3444/3444 3442/3442/3442
f 1145/1145/1145 1141/1141/1141 3444/3444/3444
f 3444/3444/3444 1141/1141/1141 3441/3441/3441
f 1141/1141/1141 3445/3445/3445 3441/3441/3441
f 3441/3441/3441 3445/3445/3445 3435/3435/3435
f 3445/3445/3445 1141/1141/1141 1131/1131/1131
f 3445/3445/3445 1131/1131/1131 3446/3446/3446
f 3446/3446/3446 3435/3435/3435 3445/3445/3445
f 3446/3446/3446 1131/1131/1131 1132/1132/1132
f 3447/3447/3447 3435/3435/3435 3446/3446/3446
f 1132/1132/1132 3447/3447/3447 3446/3446/3446
f 3438/3438/3438 3435/3435/3435 3447/3447/3447
f 3447/3447/3447 1132/1132/1132 3448/3448/3448
f 3448/3448/3448 1132/1132/1132 1099/1099/1099
f 3438/3438/3438 3447/3447/3447 3449/3449/3449
f 3447/3447/3447 3448/3448/3448 3449/3449/3449
f 3439/3439/3439 3438/3438/3438 3449/3449/3449
f 3450/3450/3450 3448/3448/3448 1099/1099/1099
f 3449/3449/3449 3448/3448/3448 3450/3450/3450
f 1099/1099/1099 1100/1100/1100 3450/3450/3450
f 3449/3449/3449 3450/3450/3450 3451/3451/3451
f 3439/3439/3439 3449/3449/3449 3451/3451/3451
f 3451/3451/3451 3450/3450/3450 1100/1100/1100
f 3439/3439/3439 3451/3451/3451 3452/3452/3452
f 3451/3451/3451 1100/1100/1100 3452/3452/3452
f 3440/3440/3440 3439/3439/3439 3452/3452/3452
f 1091/1091/1091 3452/3452/3452 1100/1100/1100
f 3453/3453/3453 3440/3440/3440 3452/3452/3452
f 3453/3453/3453 3454/3454/3454 3440/3440/3440
f 3452/3452/3452 1091/1091/1091 3455/3455/3455
f 3452/3452/3452 3455/3455/3455 3453/3453/3453
f 3454/3454/3454 3453/3453/3453 3456/3456/3456
f 3457/3457/3457 3454/3454/3454 3456/3456/3456
f 3453/3453/3453 3458/3458/3458 3456/3456/3456
f 3458/3458/3458 3453/3453/3453 3459/3459/3459
f 3455/3455/3455 3459/3459/3459 3453/3453/3453
f 3458/3458/3458 3459/3459/3459 3460/3460/3460
f 3459/3459/3459 3455/3455/3455 3461/3461/3461
f 3455/3455/3455 3462/3462/3462 3461/3461/3461
f 1091/1091/1091 3462/3462/3462 3455/3455/3455
f 1091/1091/1091 1092/1092/1092 3462/3462/3462
f 3463/3463/3463 3462/3462/3462 1092/1092/1092
f 1092/1092/1092 3464/3464/3464 3463/3463/3463
f 3462/3462/3462 3463/3463/3463 3465/3465/3465
f 3462/3462/3462 3465/3465/3465 3466/3466/3466
f 3469/3469/3469 3468/3468/3468 3467/3467/3467
f 3469/3469/3469 3467/3467/3467 3470/3470/3470
f 3467/3467/3467 3471/3471/3471 3470/3470/3470
f 3467/3467/3467 3472/3472/3472 3471/3471/3471
f 3473/3473/3473 3471/3471/3471 3472/3472/3472
f 3476/3476/3476 3475/3475/3475 3474/3474/3474
f 3474/3474/3474 3475/3475/3475 3477/3477/3477
f 3478/3478/3478 3474/3474/3474 3477/3477/3477
f 3479/3479/3479 3474/3474/3474 3478/3478/3478
f 3480/3480/3480 3474/3474/3474 3479/3479/3479
f 3474/3474/3474 3480/3480/3480 3481/3481/3481
f 3481/3481/3481 3480/3480/3480 3482/3482/3482
f 3482/3482/3482 3480/3480/3480 3483/3483/3483
f 3486/3486/3486 3485/3485/3485 3484/3484/3484
f 3487/3487/3487 3484/3484/3484 3485/3485/3485
f 3490/3490/3490 3489/3489/3489 3488/3488/3488
f 3488/3488/3488 3491/3491/3491 3490/3490/3490
f 3490/3490/3490 3491/3491/3491 3492/3492/3492
f 3490/3490/3490 3492/3492/3492 3493/3493/3493
f 3496/3496/3496 3495/3495/3495 3494/3494/3494
f 3497/3497/3497 3496/3496/3496 3494/3494/3494
f 3498/3498/3498 3497/3497/3497 3494/3494/3494
f 3499/3499/3499 3497/3497/3497 3498/3498/3498
f 3497/3497/3497 3499/3499/3499 3500/3500/3500
f 3500/3500/3500 3499/3499/3499 3501/3501/3501
f 3504/3504/3504 3503/3503/3503 3502/3502/3502
f 3503/3503/3503 3505/3505/3505 3502/3502/3502
f 3508/3508/3508 3507/3507/3507 3506/3506/3506
f 3506/3506/3506 3509/3509/3509 3508/3508/3508
f 3506/3506/3506 3510/3510/3510 3509/3509/3509
f 3513/3513/3513 3512/3512/3512 3511/3511/3511
f 3513/3513/3513 3514/3514/3514 3512/3512/3512
f 3517/3517/3517 3516/3516/3516 3515/3515/3515
f 3516/3516/3516 3518/3518/3518 3515/3515/3515
f 3515/3515/3515 3518/3518/3518 3519/3519/3519
f 3518/3518/3518 3520/3520/3520 3519/3519/3519
f 3520/3520/3520 3518/3518/3518 3521/3521/3521
f 3522/3522/3522 3518/3518/3518 3516/3516/3516
f 3518/3518/3518 3523/3523/3523 3521/3521/3521
f 3524/3524/3524 3518/3518/3518 3522/3522/3522
f 3518/3518/3518 3524/3524/3524 3523/3523/3523
f 3524/3524/3524 3522/3522/3522 3525/3525/3525
f 3524/3524/3524 3526/3526/3526 3523/3523/3523
f 3526/3526/3526 3524/3524/3524 3525/3525/3525
f 3525/3525/3525 3527/3527/3527 3526/3526/3526
f 3527/3527/3527 3528/3528/3528 3526/3526/3526
f 3525/3525/3525 3529/3529/3529 3527/3527/3527
f 3530/3530/3530 3529/3529/3529 3525/3525/3525
f 3531/3531/3531 3529/3529/3529 3530/3530/3530
f 3532/3532/3532 3529/3529/3529 3531/3531/3531
f 3527/3527/3527 3533/3533/3533 3528/3528/3528
f 3529/3529/3529 3533/3533/3533 3527/3527/3527
f 3533/3533/3533 3534/3534/3534 3528/3528/3528
f 3529/3529/3529 3532/3532/3532 3535/3535/3535
f 3529/3529/3529 3535/3535/3535 3533/3533/3533
f 3532/3532/3532 3536/3536/3536 3535/3535/3535
f 3533/3533/3533 3537/3537/3537 3534/3534/3534
f 3533/3533/3533 3535/3535/3535 3537/3537/3537
f 3537/3537/3537 3538/3538/3538 3534/3534/3534
f 3537/3537/3537 3539/3539/3539 3538/3538/3538
f 3536/3536/3536 3540/3540/3540 3535/3535/3535
f 3540/3540/3540 3537/3537/3537 3535/3535/3535
f 3536/3536/3536 3541/3541/3541 3540/3540/3540
f 3542/3542/3542 3539/3539/3539 3537/3537/3537
f 3540/3540/3540 3542/3542/3542 3537/3537/3537
f 3541/3541/3541 3542/3542/3542 3540/3540/3540
f 3543/3543/3543 3539/3539/3539 3542/3542/3542
f 3541/3541/3541 3544/3544/3544 3542/3542/3542
f 3543/3543/3543 3542/3542/3542 3544/3544/3544
f 3547/3547/3547 3546/3546/3546 3545/3545/3545
f 3548/3548/3548 3547/3547/3547 3545/3545/3545
f 3551/3551/3551 3550/3550/3550 3549/3549/3549
f 3552/3552/3552 3551/3551/3551 3549/3549/3549
f 3555/3555/3555 3554/3554/3554 3553/3553/3553
f 3556/3556/3556 3555/3555/3555 3553/3553/3553
f 3559/3559/3559 3558/3558/3558 3557/3557/3557
f 3560/3560/3560 3558/3558/3558 3559/3559/3559
f 3560/3560/3560 3559/3559/3559 3561/3561/3561
f 3560/3560/3560 3561/3561/3561 3562/3562/3562
f 3562/3562/3562 3561/3561/3561 3563/3563/3563
f 3563/3563/3563 3561/3561/3561 3559/3559/3559
f 3563/3563/3563 3559/3559/3559 3564/3564/3564
f 3567/3567/3567 3566/3566/3566 3565/3565/3565
f 3566/3566/3566 3568/3568/3568 3565/3565/3565
f 3565/3565/3565 3568/3568/3568 3569/3569/3569
f 3569/3569/3569 3570/3570/3570 3565/3565/3565
f 3569/3569/3569 3571/3571/3571 3570/3570/3570
f 3572/3572/3572 3571/3571/3571 3569/3569/3569
f 3573/3573/3573 3572/3572/3572 3569/3569/3569
f 3568/3568/3568 3566/3566/3566 3574/3574/3574
f 3575/3575/3575 3574/3574/3574 3566/3566/3566
f 3574/3574/3574 3575/3575/3575 3576/3576/3576
f 3574/3574/3574 3576/3576/3576 3577/3577/3577
f 3578/3578/3578 3573/3573/3573 3569/3569/3569
f 3579/3579/3579 3573/3573/3573 3578/3578/3578
f 3579/3579/3579 3578/3578/3578 3580/3580/3580
f 3580/3580/3580 3578/3578/3578 3581/3581/3581
f 3569/3569/3569 3568/3568/3568 3582/3582/3582
f 3582/3582/3582 3568/3568/3568 3574/3574/3574
f 3578/3578/3578 3569/3569/3569 3582/3582/3582
f 3583/3583/3583 3582/3582/3582 3574/3574/3574
f 3578/3578/3578 3582/3582/3582 3583/3583/3583
f 3583/3583/3583 3574/3574/3574 3577/3577/3577
f 3583/3583/3583 3581/3581/3581 3578/3578/3578
f 3583/3583/3583 3577/3577/3577 3584/3584/3584
f 3584/3584/3584 3581/3581/3581 3583/3583/3583
f 3585/3585/3585 3584/3584/3584 3577/3577/3577
f 3586/3586/3586 3581/3581/3581 3584/3584/3584
f 3587/3587/3587 3581/3581/3581 3586/3586/3586
f 3588/3588/3588 3587/3587/3587 3586/3586/3586
f 3588/3588/3588 3586/3586/3586 3589/3589/3589
f 3584/3584/3584 3585/3585/3585 3590/3590/3590
f 3590/3590/3590 3586/3586/3586 3584/3584/3584
f 3586/3586/3586 3590/3590/3590 3589/3589/3589
f 3590/3590/3590 3585/3585/3585 3591/3591/3591
f 3590/3590/3590 3591/3591/3591 3589/3589/3589
f 3594/3594/3594 3593/3593/3593 3592/3592/3592
f 3594/3594/3594 3592/3592/3592 3595/3595/3595
f 3598/3598/3598 3597/3597/3597 3596/3596/3596
f 3599/3599/3599 3596/3596/3596 3597/3597/3597
f 3599/3599/3599 3600/3600/3600 3596/3596/3596
f 3599/3599/3599 3601/3601/3601 3600/3600/3600
f 3601/3601/3601 3602/3602/3602 3600/3600/3600
f 3601/3601/3601 3603/3603/3603 3602/3602/3602
f 3606/3606/3606 3605/3605/3605 3604/3604/3604
f 3604/3604/3604 3607/3607/3607 3606/3606/3606
f 3607/3607/3607 3608/3608/3608 3606/3606/3606
f 3604/3604/3604 3609/3609/3609 3607/3607/3607
f 3607/3607/3607 3609/3609/3609 3608/3608/3608
f 3612/3612/3612 3611/3611/3611 3610/3610/3610
f 3613/3613/3613 3612/3612/3612 3610/3610/3610
f 3616/3616/3616 3615/3615/3615 3614/3614/3614
f 3616/3616/3616 3614/3614/3614 3617/3617/3617
f 3614/3614/3614 3618/3618/3618 3617/3617/3617
f 3618/3618/3618 3619/3619/3619 3617/3617/3617
f 3618/3618/3618 3620/3620/3620 3619/3619/3619
f 3621/3621/3621 3619/3619/3619 3620/3620/3620
f 3622/3622/3622 3620/3620/3620 3618/3618/3618
f 3618/3618/3618 3623/3623/3623 3622/3622/3622
f 3620/3620/3620 3622/3622/3622 3624/3624/3624
f 3622/3622/3622 3623/3623/3623 3625/3625/3625
f 3625/3625/3625 3624/3624/3624 3622/3622/3622
f 3623/3623/3623 3626/3626/3626 3625/3625/3625
f 3625/3625/3625 3627/3627/3627 3624/3624/3624
f 3625/3625/3625 3626/3626/3626 3628/3628/3628
f 3625/3625/3625 3628/3628/3628 3627/3627/3627
f 3631/3631/3631 3630/3630/3630 3629/3629/3629
f 3630/3630/3630 3632/3632/3632 3629/3629/3629
f 3635/3635/3635 3634/3634/3634 3633/3633/3633
f 3633/3633/3633 3634/3634/3634 3636/3636/3636
f 3637/3637/3637 3636/3636/3636 3634/3634/3634
f 3633/3633/3633 3636/3636/3636 3638/3638/3638
f 3639/3639/3639 3636/3636/3636 3637/3637/3637
f 3636/3636/3636 3640/3640/3640 3638/3638/3638
f 3641/3641/3641 3636/3636/3636 3639/3639/3639
f 3641/3641/3641 3640/3640/3640 3636/3636/3636
f 3644/3644/3644 3643/3643/3643 3642/3642/3642
f 3645/3645/3645 3644/3644/3644 3642/3642/3642
f 3648/3648/3648 3647/3647/3647 3646/3646/3646
f 3648/3648/3648 3649/3649/3649 3647/3647/3647
f 1740/1740/1740 3649/3649/3649 3648/3648/3648
f 3648/3648/3648 3650/3650/3650 1740/1740/1740
f 3650/3650/3650 3651/3651/3651 1740/1740/1740
f 3651/3651/3651 1739/1739/1739 1740/1740/1740
f 3650/3650/3650 3652/3652/3652 3651/3651/3651
f 3652/3652/3652 3650/3650/3650 3653/3653/3653
f 3653/3653/3653 3654/3654/3654 3652/3652/3652
f 3655/3655/3655 3652/3652/3652 3654/3654/3654
f 3655/3655/3655 3651/3651/3651 3652/3652/3652
f 3654/3654/3654 3656/3656/3656 3655/3655/3655
f 3655/3655/3655 3656/3656/3656 3657/3657/3657
f 3651/3651/3651 3655/3655/3655 3657/3657/3657
f 3651/3651/3651 3658/3658/3658 1739/1739/1739
f 3651/3651/3651 3657/3657/3657 3658/3658/3658
f 3658/3658/3658 3659/3659/3659 1739/1739/1739
f 1739/1739/1739 3659/3659/3659 3660/3660/3660
f 1739/1739/1739 3660/3660/3660 1733/1733/1733
f 3661/3661/3661 1733/1733/1733 3660/3660/3660
f 3660/3660/3660 3659/3659/3659 3661/3661/3661
f 1737/1737/1737 1733/1733/1733 3661/3661/3661
f 3659/3659/3659 3662/3662/3662 3661/3661/3661
f 3662/3662/3662 1737/1737/1737 3661/3661/3661
f 3658/3658/3658 3663/3663/3663 3659/3659/3659
f 3659/3659/3659 3663/3663/3663 3662/3662/3662
f 3663/3663/3663 3664/3664/3664 3662/3662/3662
f 3658/3658/3658 3665/3665/3665 3663/3663/3663
f 3665/3665/3665 3658/3658/3658 3657/3657/3657
f 3664/3664/3664 3663/3663/3663 3665/3665/3665
f 3666/3666/3666 1737/1737/1737 3662/3662/3662
f 3662/3662/3662 3664/3664/3664 3667/3667/3667
f 3662/3662/3662 3667/3667/3667 3666/3666/3666
f 3666/3666/3666 3668/3668/3668 1737/1737/1737
f 3668/3668/3668 1726/1726/1726 1737/1737/1737
f 3669/3669/3669 3666/3666/3666 3667/3667/3667
f 3669/3669/3669 3667/3667/3667 3664/3664/3664
f 3670/3670/3670 3668/3668/3668 3666/3666/3666
f 3669/3669/3669 3670/3670/3670 3666/3666/3666
f 3664/3664/3664 3671/3671/3671 3669/3669/3669
f 3672/3672/3672 3670/3670/3670 3669/3669/3669
f 3671/3671/3671 3664/3664/3664 3673/3673/3673
f 3670/3670/3670 3674/3674/3674 3668/3668/3668
f 3672/3672/3672 3674/3674/3674 3670/3670/3670
f 1726/1726/1726 3668/3668/3668 3674/3674/3674
f 3672/3672/3672 3675/3675/3675 3674/3674/3674
f 3676/3676/3676 3673/3673/3673 3664/3664/3664
f 3665/3665/3665 3676/3676/3676 3664/3664/3664
f 3677/3677/3677 3673/3673/3673 3676/3676/3676
f 3678/3678/3678 3676/3676/3676 3665/3665/3665
f 3678/3678/3678 3677/3677/3677 3676/3676/3676
f 3678/3678/3678 3679/3679/3679 3677/3677/3677
f 3678/3678/3678 3665/3665/3665 3657/3657/3657
f 3679/3679/3679 3678/3678/3678 3680/3680/3680
f 3680/3680/3680 3678/3678/3678 3657/3657/3657
f 3681/3681/3681 3680/3680/3680 3657/3657/3657
f 3682/3682/3682 3674/3674/3674 3675/3675/3675
f 3675/3675/3675 3683/3683/3683 3682/3682/3682
f 3674/3674/3674 3684/3684/3684 1726/1726/1726
f 3682/3682/3682 3684/3684/3684 3674/3674/3674
f 3685/3685/3685 1726/1726/1726 3684/3684/3684
f 3685/3685/3685 1725/1725/1725 1726/1726/1726
f 3685/3685/3685 3686/3686/3686 1725/1725/1725
f 3686/3686/3686 3685/3685/3685 3684/3684/3684
f 3686/3686/3686 1728/1728/1728 1725/1725/1725
f 3682/3682/3682 3687/3687/3687 3684/3684/3684
f 3686/3686/3686 3684/3684/3684 3687/3687/3687
f 3688/3688/3688 1728/1728/1728 3686/3686/3686
f 3688/3688/3688 3686/3686/3686 3687/3687/3687
f 3688/3688/3688 1729/1729/1729 1728/1728/1728
f 3683/3683/3683 3689/3689/3689 3682/3682/3682
f 3689/3689/3689 3687/3687/3687 3682/3682/3682
f 3687/3687/3687 3690/3690/3690 3688/3688/3688
f 3688/3688/3688 3690/3690/3690 1729/1729/1729
f 3689/3689/3689 3691/3691/3691 3687/3687/3687
f 3683/3683/3683 3691/3691/3691 3689/3689/3689
f 3690/3690/3690 3687/3687/3687 3691/3691/3691
f 3683/3683/3683 3692/3692/3692 3691/3691/3691
f 3693/3693/3693 3692/3692/3692 3683/3683/3683
f 3692/3692/3692 3694/3694/3694 3691/3691/3691
f 3692/3692/3692 3693/3693/3693 3695/3695/3695
f 3691/3691/3691 3694/3694/3694 3696/3696/3696
f 3690/3690/3690 3691/3691/3691 3696/3696/3696
f 3697/3697/3697 3695/3695/3695 3693/3693/3693
f 3697/3697/3697 3693/3693/3693 3698/3698/3698
f 3698/3698/3698 3699/3699/3699 3697/3697/3697
f 3697/3697/3697 3699/3699/3699 3700/3700/3700
f 3696/3696/3696 3701/3701/3701 3690/3690/3690
f 1729/1729/1729 3690/3690/3690 3701/3701/3701
f 3696/3696/3696 3702/3702/3702 3701/3701/3701
f 1729/1729/1729 3701/3701/3701 3703/3703/3703
f 1729/1729/1729 3703/3703/3703 1736/1736/1736
f 3701/3701/3701 3702/3702/3702 3704/3704/3704
f 3701/3701/3701 3704/3704/3704 3703/3703/3703
f 3704/3704/3704 3702/3702/3702 3705/3705/3705
f 3704/3704/3704 3705/3705/3705 3703/3703/3703
f 3705/3705/3705 3706/3706/3706 3703/3703/3703
f 3703/3703/3703 3707/3707/3707 1736/1736/1736
f 3703/3703/3703 3706/3706/3706 3707/3707/3707
f 3707/3707/3707 1763/1763/1763 1736/1736/1736
f 3706/3706/3706 1763/1763/1763 3707/3707/3707
f 3706/3706/3706 3708/3708/3708 1763/1763/1763
f 3711/3711/3711 3710/3710/3710 3709/3709/3709
f 3712/3712/3712 3711/3711/3711 3709/3709/3709
f 3712/3712/3712 3709/3709/3709 3713/3713/3713
f 3712/3712/3712 3714/3714/3714 3711/3711/3711
f 3712/3712/3712 3715/3715/3715 3714/3714/3714
f 3718/3718/3718 3717/3717/3717 3716/3716/3716
f 3717/3717/3717 3718/3718/3718 3719/3719/3719
f 3722/3722/3722 3721/3721/3721 3720/3720/3720
f 3723/3723/3723 3722/3722/3722 3720/3720/3720
f 3724/3724/3724 3723/3723/3723 3720/3720/3720
f 3727/3727/3727 3726/3726/3726 3725/3725/3725
f 3726/3726/3726 3728/3728/3728 3725/3725/3725
f 3729/3729/3729 3728/3728/3728 3726/3726/3726
f 3725/3725/3725 3728/3728/3728 3730/3730/3730
f 3728/3728/3728 3731/3731/3731 3730/3730/3730
f 3730/3730/3730 3731/3731/3731 3732/3732/3732
f 3735/3735/3735 3734/3734/3734 3733/3733/3733
f 3736/3736/3736 3735/3735/3735 3733/3733/3733
f 3737/3737/3737 3735/3735/3735 3736/3736/3736
f 3738/3738/3738 3737/3737/3737 3736/3736/3736
f 3735/3735/3735 3737/3737/3737 3739/3739/3739
f 3739/3739/3739 3737/3737/3737 3738/3738/3738
f 3742/3742/3742 3741/3741/3741 3740/3740/3740
f 3741/3741/3741 3742/3742/3742 3743/3743/3743
f 3741/3741/3741 3743/3743/3743 3744/3744/3744
f 3745/3745/3745 3744/3744/3744 3743/3743/3743
f 3747/3747/3747 3681/3681/3681 3746/3746/3746
f 3748/3748/3748 3681/3681/3681 3747/3747/3747
f 3680/3680/3680 3681/3681/3681 3748/3748/3748
f 3749/3749/3749 3680/3680/3680 3748/3748/3748
f 3749/3749/3749 3750/3750/3750 3680/3680/3680
f 3749/3749/3749 3751/3751/3751 3750/3750/3750
f 3750/3750/3750 3751/3751/3751 3752/3752/3752
f 3752/3752/3752 3753/3753/3753 3750/3750/3750
f 3754/3754/3754 3753/3753/3753 3752/3752/3752
f 3753/3753/3753 3754/3754/3754 3755/3755/3755
f 3756/3756/3756 3755/3755/3755 3754/3754/3754
f 3755/3755/3755 3756/3756/3756 3757/3757/3757
f 3760/3760/3760 3759/3759/3759 3758/3758/3758
f 3759/3759/3759 3761/3761/3761 3758/3758/3758
f 3764/3764/3764 3763/3763/3763 3762/3762/3762
f 3764/3764/3764 3762/3762/3762 3765/3765/3765
f 3764/3764/3764 3765/3765/3765 3766/3766/3766
f 3765/3765/3765 3767/3767/3767 3766/3766/3766
f 3766/3766/3766 3767/3767/3767 3768/3768/3768
f 3765/3765/3765 3769/3769/3769 3767/3767/3767
f 3769/3769/3769 3765/3765/3765 3770/3770/3770
f 3769/3769/3769 3770/3770/3770 3771/3771/3771
f 3767/3767/3767 3769/3769/3769 3772/3772/3772
f 3769/3769/3769 3771/3771/3771 3772/3772/3772
f 3767/3767/3767 3772/3772/3772 3768/3768/3768
f 3771/3771/3771 3773/3773/3773 3772/3772/3772
f 3772/3772/3772 3773/3773/3773 3774/3774/3774
f 3768/3768/3768 3772/3772/3772 3775/3775/3775
f 3774/3774/3774 3775/3775/3775 3772/3772/3772
f 3776/3776/3776 3768/3768/3768 3775/3775/3775
f 3775/3775/3775 3774/3774/3774 3777/3777/3777
f 3776/3776/3776 3775/3775/3775 3778/3778/3778
f 3775/3775/3775 3777/3777/3777 3778/3778/3778
f 3776/3776/3776 3778/3778/3778 3779/3779/3779
f 3777/3777/3777 3780/3780/3780 3778/3778/3778
f 3778/3778/3778 3781/3781/3781 3779/3779/3779
f 3781/3781/3781 3778/3778/3778 3780/3780/3780
f 3784/3784/3784 3783/3783/3783 3782/3782/3782
f 3784/3784/3784 3785/3785/3785 3783/3783/3783
f 3785/3785/3785 3786/3786/3786 3783/3783/3783
f 3787/3787/3787 3785/3785/3785 3784/3784/3784
f 3788/3788/3788 3786/3786/3786 3785/3785/3785
f 3787/3787/3787 3789/3789/3789 3785/3785/3785
f 3788/3788/3788 3785/3785/3785 3790/3790/3790
f 3789/3789/3789 3791/3791/3791 3785/3785/3785
f 3791/3791/3791 3790/3790/3790 3785/3785/3785
f 3794/3794/3794 3793/3793/3793 3792/3792/3792
f 3793/3793/3793 3794/3794/3794 3795/3795/3795
f 3796/3796/3796 3795/3795/3795 3794/3794/3794
f 3796/3796/3796 3797/3797/3797 3795/3795/3795
f 3793/3793/3793 3795/3795/3795 3798/3798/3798
f 3793/3793/3793 3798/3798/3798 3799/3799/3799
f 3798/3798/3798 3800/3800/3800 3799/3799/3799
f 3797/3797/3797 3801/3801/3801 3795/3795/3795
f 3798/3798/3798 3795/3795/3795 3801/3801/3801
f 3801/3801/3801 3800/3800/3800 3798/3798/3798
f 3797/3797/3797 3802/3802/3802 3801/3801/3801
f 3801/3801/3801 3803/3803/3803 3800/3800/3800
f 3802/3802/3802 3803/3803/3803 3801/3801/3801
f 3806/3806/3806 3805/3805/3805 3804/3804/3804
f 3806/3806/3806 3807/3807/3807 3805/3805/3805
f 3810/3810/3810 3809/3809/3809 3808/3808/3808
f 3809/3809/3809 3811/3811/3811 3808/3808/3808
f 3812/3812/3812 3811/3811/3811 3809/3809/3809
f 3815/3815/3815 3814/3814/3814 3813/3813/3813
f 3816/3816/3816 3814/3814/3814 3815/3815/3815
f 3819/3819/3819 3818/3818/3818 3817/3817/3817
f 3818/3818/3818 3820/3820/3820 3817/3817/3817
f 3817/3817/3817 3820/3820/3820 3821/3821/3821
f 3822/3822/3822 3820/3820/3820 3818/3818/3818
f 3823/3823/3823 3822/3822/3822 3818/3818/3818
f 3820/3820/3820 3822/3822/3822 3824/3824/3824
f 3820/3820/3820 3825/3825/3825 3821/3821/3821
f 3825/3825/3825 3820/3820/3820 3824/3824/3824
f 3821/3821/3821 3825/3825/3825 3826/3826/3826
f 3825/3825/3825 3824/3824/3824 3827/3827/3827
f 3825/3825/3825 3828/3828/3828 3826/3826/3826
f 3828/3828/3828 3825/3825/3825 3827/3827/3827
f 3826/3826/3826 3828/3828/3828 3829/3829/3829
f 3828/3828/3828 3827/3827/3827 3830/3830/3830
f 3828/3828/3828 3831/3831/3831 3829/3829/3829
f 3831/3831/3831 3828/3828/3828 3830/3830/3830
f 3829/3829/3829 3831/3831/3831 3832/3832/3832
f 3831/3831/3831 3830/3830/3830 3833/3833/3833
f 3831/3831/3831 3834/3834/3834 3832/3832/3832
f 3834/3834/3834 3831/3831/3831 3833/3833/3833
f 3832/3832/3832 3834/3834/3834 3835/3835/3835
f 3834/3834/3834 3833/3833/3833 3836/3836/3836
f 3834/3834/3834 3837/3837/3837 3835/3835/3835
f 3837/3837/3837 3834/3834/3834 3836/3836/3836
f 3835/3835/3835 3837/3837/3837 3838/3838/3838
f 3837/3837/3837 3836/3836/3836 3839/3839/3839
f 3837/3837/3837 3840/3840/3840 3838/3838/3838
f 3840/3840/3840 3837/3837/3837 3839/3839/3839
f 3838/3838/3838 3840/3840/3840 3841/3841/3841
f 3840/3840/3840 3839/3839/3839 3842/3842/3842
f 3840/3840/3840 3843/3843/3843 3841/3841/3841
f 3843/3843/3843 3840/3840/3840 3842/3842/3842
f 3841/3841/3841 3843/3843/3843 3844/3844/3844
f 3843/3843/3843 3842/3842/3842 3845/3845/3845
f 3843/3843/3843 3846/3846/3846 3844/3844/3844
f 3846/3846/3846 3843/3843/3843 3845/3845/3845
f 3844/3844/3844 3846/3846/3846 3847/3847/3847
f 3846/3846/3846 3845/3845/3845 3848/3848/3848
f 3846/3846/3846 3849/3849/3849 3847/3847/3847
f 3849/3849/3849 3846/3846/3846 3848/3848/3848
f 3847/3847/3847 3849/3849/3849 3850/3850/3850
f 3849/3849/3849 3848/3848/3848 3851/3851/3851
f 3849/3849/3849 3852/3852/3852 3850/3850/3850
f 3852/3852/3852 3849/3849/3849 3851/3851/3851
f 3850/3850/3850 3852/3852/3852 3853/3853/3853
f 3852/3852/3852 3851/3851/3851 3854/3854/3854
f 3852/3852/3852 3855/3855/3855 3853/3853/3853
f 3855/3855/3855 3852/3852/3852 3854/3854/3854
f 3853/3853/3853 3855/3855/3855 3856/3856/3856
f 3855/3855/3855 3854/3854/3854 3857/3857/3857
f 3855/3855/3855 3858/3858/3858 3856/3856/3856
f 3858/3858/3858 3855/3855/3855 3857/3857/3857
f 3856/3856/3856 3858/3858/3858 3859/3859/3859
f 3858/3858/3858 3857/3857/3857 3860/3860/3860
f 3858/3858/3858 3861/3861/3861 3859/3859/3859
f 3861/3861/3861 3858/3858/3858 3860/3860/3860
f 3859/3859/3859 3861/3861/3861 3862/3862/3862
f 3861/3861/3861 3860/3860/3860 3863/3863/3863
f 3861/3861/3861 3864/3864/3864 3862/3862/3862
f 3864/3864/3864 3861/3861/3861 3863/3863/3863
f 3862/3862/3862 3864/3864/3864 3865/3865/3865
f 3864/3864/3864 3863/3863/3863 3866/3866/3866
f 3864/3864/3864 3867/3867/3867 3865/3865/3865
f 3867/3867/3867 3864/3864/3864 3866/3866/3866
f 3865/3865/3865 3867/3867/3867 3868/3868/3868
f 3867/3867/3867 3866/3866/3866 3869/3869/3869
f 3867/3867/3867 3870/3870/3870 3868/3868/3868
f 3870/3870/3870 3867/3867/3867 3869/3869/3869
f 3868/3868/3868 3870/3870/3870 3871/3871/3871
f 3870/3870/3870 3869/3869/3869 3872/3872/3872
f 3870/3870/3870 3873/3873/3873 3871/3871/3871
f 3873/3873/3873 3870/3870/3870 3872/3872/3872
f 3871/3871/3871 3873/3873/3873 3874/3874/3874
f 3873/3873/3873 3872/3872/3872 3875/3875/3875
f 3873/3873/3873 3876/3876/3876 3874/3874/3874
f 3876/3876/3876 3873/3873/3873 3875/3875/3875
f 3874/3874/3874 3876/3876/3876 3877/3877/3877
f 3876/3876/3876 3875/3875/3875 3878/3878/3878
f 3876/3876/3876 3879/3879/3879 3877/3877/3877
f 3879/3879/3879 3876/3876/3876 3878/3878/3878
f 3877/3877/3877 3879/3879/3879 3880/3880/3880
f 3879/3879/3879 3878/3878/3878 3881/3881/3881
f 3879/3879/3879 3882/3882/3882 3880/3880/3880
f 3882/3882/3882 3879/3879/3879 3881/3881/3881
f 3880/3880/3880 3882/3882/3882 3883/3883/3883
f 3882/3882/3882 3881/3881/3881 3884/3884/3884
f 3882/3882/3882 3885/3885/3885 3883/3883/3883
f 3885/3885/3885 3882/3882/3882 3884/3884/3884
f 3883/3883/3883 3885/3885/3885 3886/3886/3886
f 3885/3885/3885 3884/3884/3884 3887/3887/3887
f 3885/3885/3885 3888/3888/3888 3886/3886/3886
f 3888/3888/3888 3885/3885/3885 3887/3887/3887
f 3886/3886/3886 3888/3888/3888 3889/3889/3889
f 3888/3888/3888 3887/3887/3887 3890/3890/3890
f 3888/3888/3888 3891/3891/3891 3889/3889/3889
f 3891/3891/3891 3888/3888/3888 3890/3890/3890
f 3894/3894/3894 3893/3893/3893 3892/3892/3892
f 3893/3893/3893 3895/3895/3895 3892/3892/3892
f 3896/3896/3896 3893/3893/3893 3894/3894/3894
f 3897/3897/3897 3895/3895/3895 3893/3893/3893
f 3896/3896/3896 3897/3897/3897 3893/3893/3893
f 3900/3900/3900 3899/3899/3899 3898/3898/3898
f 3898/3898/3898 3901/3901/3901 3900/3900/3900
f 3900/3900/3900 3901/3901/3901 3902/3902/3902
f 3901/3901/3901 3903/3903/3903 3902/3902/3902
f 3900/3900/3900 3904/3904/3904 3899/3899/3899
f 3905/3905/3905 3899/3899/3899 3904/3904/3904
f 3906/3906/3906 3899/3899/3899 3905/3905/3905
f 3907/3907/3907 3906/3906/3906 3905/3905/3905
f 3907/3907/3907 3905/3905/3905 3908/3908/3908
f 3909/3909/3909 3908/3908/3908 3905/3905/3905
f 3910/3910/3910 3909/3909/3909 3905/3905/3905
f 3910/3910/3910 3905/3905/3905 3911/3911/3911
f 3905/3905/3905 3912/3912/3912 3911/3911/3911
f 3905/3905/3905 3904/3904/3904 3912/3912/3912
f 3913/3913/3913 3912/3912/3912 3904/3904/3904
f 3913/3913/3913 3904/3904/3904 3900/3900/3900
f 3900/3900/3900 3902/3902/3902 3913/3913/3913
f 3913/3913/3913 3902/3902/3902 3914/3914/3914
f 3902/3902/3902 3915/3915/3915 3914/3914/3914
f 3915/3915/3915 3916/3916/3916 3914/3914/3914
f 3902/3902/3902 3903/3903/3903 3915/3915/3915
f 3916/3916/3916 3915/3915/3915 3917/3917/3917
f 3915/3915/3915 3903/3903/3903 3918/3918/3918
f 3903/3903/3903 3919/3919/3919 3918/3918/3918
f 3919/3919/3919 3920/3920/3920 3918/3918/3918
f 3915/3915/3915 3921/3921/3921 3917/3917/3917
f 3915/3915/3915 3918/3918/3918 3921/3921/3921
f 3922/3922/3922 3918/3918/3918 3920/3920/3920
f 3918/3918/3918 3922/3922/3922 3921/3921/3921
f 3917/3917/3917 3921/3921/3921 3922/3922/3922
f 3923/3923/3923 3922/3922/3922 3920/3920/3920
f 3922/3922/3922 3924/3924/3924 3917/3917/3917
f 3923/3923/3923 3925/3925/3925 3922/3922/3922
f 3922/3922/3922 3925/3925/3925 3924/3924/3924
f 3928/3928/3928 3927/3927/3927 3926/3926/3926
f 3926/3926/3926 3929/3929/3929 3928/3928/3928
f 3927/3927/3927 3928/3928/3928 3930/3930/3930
f 3929/3929/3929 3930/3930/3930 3928/3928/3928
f 3927/3927/3927 3930/3930/3930 3931/3931/3931
f 3932/3932/3932 3930/3930/3930 3929/3929/3929
f 3927/3927/3927 3931/3931/3931 3933/3933/3933
f 3929/3929/3929 3934/3934/3934 3932/3932/3932
f 3929/3929/3929 3935/3935/3935 3934/3934/3934
f 3935/3935/3935 3936/3936/3936 3934/3934/3934
f 3931/3931/3931 3937/3937/3937 3933/3933/3933
f 3937/3937/3937 3938/3938/3938 3933/3933/3933
f 3937/3937/3937 3939/3939/3939 3938/3938/3938
f 3940/3940/3940 3939/3939/3939 3937/3937/3937
f 3940/3940/3940 3941/3941/3941 3939/3939/3939
f 3941/3941/3941 3940/3940/3940 3942/3942/3942
f 3940/3940/3940 3943/3943/3943 3942/3942/3942
f 3943/3943/3943 3944/3944/3944 3942/3942/3942
f 3945/3945/3945 3944/3944/3944 3943/3943/3943
f 3944/3944/3944 3945/3945/3945 3946/3946/3946
f 3945/3945/3945 3947/3947/3947 3946/3946/3946
f 3946/3946/3946 3947/3947/3947 3948/3948/3948
f 3949/3949/3949 3948/3948/3948 3936/3936/3936
f 3946/3946/3946 3948/3948/3948 3949/3949/3949
f 3952/3952/3952 3951/3951/3951 3950/3950/3950
f 3953/3953/3953 3950/3950/3950 3951/3951/3951
f 3952/3952/3952 3954/3954/3954 3951/3951/3951
f 3951/3951/3951 3954/3954/3954 3953/3953/3953
f 3957/3957/3957 3956/3956/3956 3955/3955/3955
f 3958/3958/3958 3957/3957/3957 3955/3955/3955
f 3958/3958/3958 3959/3959/3959 3957/3957/3957
f 3955/3955/3955 3960/3960/3960 3958/3958/3958
f 3956/3956/3956 3957/3957/3957 3961/3961/3961
f 3957/3957/3957 3959/3959/3959 3961/3961/3961
f 3962/3962/3962 3956/3956/3956 3961/3961/3961
f 3960/3960/3960 3963/3963/3963 3958/3958/3958
f 3963/3963/3963 3959/3959/3959 3958/3958/3958
f 3960/3960/3960 3964/3964/3964 3963/3963/3963
f 3962/3962/3962 3961/3961/3961 3965/3965/3965
f 3961/3961/3961 3959/3959/3959 3965/3965/3965
f 3966/3966/3966 3962/3962/3962 3965/3965/3965
f 3964/3964/3964 3967/3967/3967 3963/3963/3963
f 3967/3967/3967 3959/3959/3959 3963/3963/3963
f 3964/3964/3964 3968/3968/3968 3967/3967/3967
f 3966/3966/3966 3965/3965/3965 3969/3969/3969
f 3965/3965/3965 3959/3959/3959 3969/3969/3969
f 3970/3970/3970 3966/3966/3966 3969/3969/3969
f 3971/3971/3971 3959/3959/3959 3967/3967/3967
f 3968/3968/3968 3971/3971/3971 3967/3967/3967
f 3969/3969/3969 3959/3959/3959 3972/3972/3972
f 3970/3970/3970 3969/3969/3969 3972/3972/3972
f 3973/3973/3973 3959/3959/3959 3971/3971/3971
f 3968/3968/3968 3974/3974/3974 3971/3971/3971
f 3974/3974/3974 3973/3973/3973 3971/3971/3971
f 3975/3975/3975 3970/3970/3970 3972/3972/3972
f 3974/3974/3974 3976/3976/3976 3973/3973/3973
f 3975/3975/3975 3972/3972/3972 3977/3977/3977
f 3972/3972/3972 3959/3959/3959 3977/3977/3977
f 3978/3978/3978 3975/3975/3975 3977/3977/3977
f 3976/3976/3976 3979/3979/3979 3973/3973/3973
f 3979/3979/3979 3959/3959/3959 3973/3973/3973
f 3976/3976/3976 3980/3980/3980 3979/3979/3979
f 3978/3978/3978 3977/3977/3977 3981/3981/3981
f 3977/3977/3977 3959/3959/3959 3981/3981/3981
f 3982/3982/3982 3978/3978/3978 3981/3981/3981
f 3980/3980/3980 3983/3983/3983 3979/3979/3979
f 3983/3983/3983 3959/3959/3959 3979/3979/3979
f 3980/3980/3980 3984/3984/3984 3983/3983/3983
f 3982/3982/3982 3981/3981/3981 3985/3985/3985
f 3981/3981/3981 3959/3959/3959 3985/3985/3985
f 3986/3986/3986 3982/3982/3982 3985/3985/3985
f 3987/3987/3987 3959/3959/3959 3983/3983/3983
f 3984/3984/3984 3987/3987/3987 3983/3983/3983
f 3985/3985/3985 3959/3959/3959 3988/3988/3988
f 3986/3986/3986 3985/3985/3985 3988/3988/3988
f 3989/3989/3989 3959/3959/3959 3987/3987/3987
f 3984/3984/3984 3990/3990/3990 3987/3987/3987
f 3990/3990/3990 3989/3989/3989 3987/3987/3987
f 3991/3991/3991 3986/3986/3986 3988/3988/3988
f 3990/3990/3990 3992/3992/3992 3989/3989/3989
f 3991/3991/3991 3988/3988/3988 3993/3993/3993
f 3988/3988/3988 3959/3959/3959 3993/3993/3993
f 3994/3994/3994 3991/3991/3991 3993/3993/3993
f 3992/3992/3992 3995/3995/3995 3989/3989/3989
f 3995/3995/3995 3959/3959/3959 3989/3989/3989
f 3992/3992/3992 3996/3996/3996 3995/3995/3995
f 3994/3994/3994 3993/3993/3993 3997/3997/3997
f 3993/3993/3993 3959/3959/3959 3997/3997/3997
f 3998/3998/3998 3994/3994/3994 3997/3997/3997
f 3996/3996/3996 3999/3999/3999 3995/3995/3995
f 3999/3999/3999 3959/3959/3959 3995/3995/3995
f 3996/3996/3996 4000/4000/4000 3999/3999/3999
f 3998/3998/3998 3997/3997/3997 4001/4001/4001
f 3997/3997/3997 3959/3959/3959 4001/4001/4001
f 4002/4002/4002 3998/3998/3998 4001/4001/4001
f 4003/4003/4003 3959/3959/3959 3999/3999/3999
f 4000/4000/4000 4003/4003/4003 3999/3999/3999
f 4001/4001/4001 3959/3959/3959 4003/4003/4003
f 4002/4002/4002 4001/4001/4001 4003/4003/4003
f 4000/4000/4000 4002/4002/4002 4003/4003/4003
