mtllib violet_alt.mtl
g plumAlt
usemtl token
v -0.207 1.294 0.145
v -0.204 1.28 0.144
v -0.203 1.296 0.144
v 0.158 1.506 0.097
v 0.163 1.498 0.093
v 0.17 1.493 0.079
v 0.144 1.559 0.075
v 0.153 1.577 0.062
v 0.163 1.573 0.06
v 0.165 1.517 0.034
v 0.17 1.513 0.046
v 0.159 1.512 0.049
v -0.106 0.106 -0.018
v -0.165 0.12 -0.064
v -0.104 0.119 -0.016
v 0.284 1.371 -0.129
v 0.282 1.363 -0.14
v 0.267 1.385 -0.103
v 0.074 1.685 -0.114
v 0.086 1.684 -0.122
v 0.078 1.686 -0.129
v -0.164 1.344 -0.075
v -0.146 1.334 -0.06
v -0.168 1.333 -0.07
v 0.182 1.669 -0.046
v 0.194 1.668 -0.057
v 0.185 1.67 -0.06
v -0.172 1.328 -0.047
v -0.147 1.321 -0.038
v -0.171 1.321 -0.044
v -0.176 0.163 0.053
v -0.157 0.161 0.046
v -0.156 0.142 0.057
v -0.123 1.261 -0.04
v -0.116 1.256 -0.047
v -0.132 1.247 -0.044
v -0.125 0.196 -0.01
v -0.113 0.191 -0.016
v -0.114 0.165 -0.01
v -0.199 1.314 0.157
v -0.207 1.317 0.161
v -0.209 1.298 0.163
v 0.258 1.406 -0.075
v 0.262 1.405 -0.073
v 0.267 1.385 -0.103
v -0.193 1.307 0.141
v -0.207 1.294 0.145
v -0.203 1.296 0.144
v 0.198 1.131 -0.166
v 0.171 1.114 -0.18
v 0.197 1.115 -0.169
v -0.18 1.355 0.246
v -0.178 1.346 0.251
v -0.176 1.366 0.263
v -0.191 1.377 0.246
v -0.191 1.361 0.239
v -0.196 1.361 0.242
v -0.173 1.303 0.143
v -0.183 1.308 0.142
v -0.159 1.3 0.097
v -0.208 1.426 0.174
v -0.209 1.424 0.183
v -0.215 1.422 0.177
v 0.146 1.612 -0.064
v 0.168 1.629 -0.071
v 0.15 1.608 -0.069
v 0.211 1.715 -0.047
v 0.211 1.712 -0.056
v 0.205 1.694 -0.061
v 0.164 1.511 0.097
v 0.163 1.498 0.093
v 0.158 1.506 0.097
v 0.167 1.73 -0.009
v 0.184 1.725 -0.01
v 0.17 1.72 -0.014
v -0.191 1.377 0.246
v -0.196 1.361 0.242
v -0.191 1.378 0.254
v 0.189 1.717 -0.036
v 0.197 1.717 -0.039
v 0.185 1.709 -0.033
v 0.17 1.72 -0.014
v 0.184 1.717 -0.021
v 0.178 1.711 -0.021
v 0.316 1.482 -0.175
v 0.322 1.431 -0.183
v 0.319 1.47 -0.176
v 0.111 1.609 0.012
v 0.089 1.633 -0.004
v 0.108 1.605 0.01
v 0.11 1.611 0.016
v 0.089 1.633 -0.004
v 0.111 1.609 0.012
v 0.105 1.61 0.019
v 0.089 1.633 -0.004
v 0.11 1.611 0.016
v 0.102 1.607 0.017
v 0.089 1.633 -0.004
v 0.105 1.61 0.019
v 0.103 1.604 0.012
v 0.089 1.633 -0.004
v 0.102 1.607 0.017
v 0.108 1.605 0.01
v 0.089 1.633 -0.004
v 0.103 1.604 0.012
v 0.185 1.493 0.091
v 0.184 1.495 0.095
v 0.188 1.497 0.093
v 0.188 1.497 0.093
v 0.184 1.495 0.095
v 0.187 1.499 0.097
v 0.187 1.499 0.097
v 0.184 1.495 0.095
v 0.182 1.498 0.1
v 0.182 1.498 0.1
v 0.184 1.495 0.095
v 0.179 1.494 0.098
v 0.179 1.494 0.098
v 0.184 1.495 0.095
v 0.18 1.492 0.093
v 0.18 1.492 0.093
v 0.184 1.495 0.095
v 0.185 1.493 0.091
v -0.205 1.539 0.194
v -0.197 1.525 0.233
v -0.219 1.505 0.272
v -0.135 1.327 0.204
v -0.161 1.32 0.208
v -0.155 1.318 0.217
v -0.17 1.321 0.201
v -0.161 1.32 0.208
v -0.156 1.331 0.183
v -0.2 1.505 0.281
v -0.209 1.506 0.274
v -0.195 1.516 0.256
v -0.194 1.503 0.29
v -0.2 1.505 0.281
v -0.174 1.512 0.277
v -0.158 1.34 0.16
v -0.166 1.354 0.12
v -0.18 1.32 0.199
v -0.15 1.517 0.279
v -0.108 1.522 0.289
v -0.192 1.5 0.299
v -0.069 1.336 0.216
v -0.111 1.331 0.206
v -0.153 1.315 0.226
v -0.207 1.317 0.161
v -0.187 1.317 0.156
v -0.209 1.349 0.156
v -0.198 1.352 0.151
v -0.211 1.392 0.16
v -0.173 1.314 0.16
v -0.187 1.355 0.154
v -0.194 1.368 0.16
v 0.164 1.536 0.105
v 0.151 1.511 0.099
v 0.153 1.531 0.1
v 0.158 1.506 0.097
v 0.152 1.502 0.095
v 0.168 1.527 0.103
v 0.19 1.53 0.092
v 0.185 1.518 0.092
v 0.194 1.523 0.091
v 0.165 1.542 0.102
v 0.207 1.535 0.079
v 0.174 1.496 0.107
v 0.18 1.49 0.096
v 0.178 1.48 0.096
v 0.182 1.495 0.097
v 0.178 1.501 0.091
v 0.18 1.493 0.087
v 0.189 1.496 0.096
v 0.178 1.48 0.096
v 0.18 1.49 0.096
v 0.195 1.486 0.094
v 0.201 1.5 0.103
v 0.209 1.491 0.099
v 0.209 1.467 0.089
v 0.197 1.469 0.086
v 0.188 1.456 0.08
v 0.203 1.444 0.079
v 0.185 1.445 0.076
v -0.172 1.309 0.098
v -0.183 1.308 0.142
v -0.193 1.307 0.141
v -0.185 1.311 0.086
v -0.162 1.308 0.068
v -0.174 1.314 0.051
v -0.147 1.308 0.037
v -0.188 1.307 0.065
v -0.155 1.322 0.008
v -0.195 1.305 0.05
v -0.199 1.3 0.086
v -0.187 1.31 0.022
v -0.174 1.316 0.022
v -0.179 1.318 -0.001
v -0.15 1.323 -0.017
v -0.174 1.321 -0.026
v -0.147 1.321 -0.038
v -0.171 1.321 -0.044
v 0.178 1.48 0.096
v 0.168 1.481 0.088
v 0.166 1.491 0.101
v 0.163 1.498 0.093
v 0.172 1.489 0.081
v 0.167 1.506 0.09
v 0.162 1.506 0.104
v 0.17 1.502 0.109
v 0.164 1.511 0.097
v 0.167 1.506 0.09
v 0.183 1.506 0.087
v 0.185 1.518 0.092
v 0.178 1.501 0.091
v 0.172 1.489 0.081
v 0.18 1.493 0.087
v 0.167 1.506 0.09
v 0.17 1.493 0.079
v 0.163 1.498 0.093
v 0.17 1.499 0.073
v 0.164 1.491 0.072
v 0.165 1.509 0.078
v 0.162 1.51 0.091
v 0.157 1.514 0.082
v 0.165 1.526 0.084
v 0.158 1.506 0.097
v 0.169 1.521 0.092
v 0.168 1.527 0.103
v 0.172 1.489 0.081
v 0.168 1.481 0.088
v 0.188 1.485 0.076
v 0.185 1.498 0.083
v 0.151 1.526 0.071
v 0.163 1.536 0.079
v 0.158 1.538 0.072
v 0.156 1.522 0.08
v 0.161 1.533 0.084
v 0.156 1.518 0.065
v 0.157 1.514 0.082
v 0.161 1.516 0.073
v 0.158 1.505 0.06
v 0.162 1.502 0.07
v 0.134 1.555 0.075
v 0.146 1.541 0.073
v 0.145 1.532 0.07
v 0.144 1.559 0.075
v 0.151 1.546 0.071
v 0.151 1.546 0.071
v 0.174 1.541 0.056
v 0.156 1.559 0.073
v 0.182 1.551 0.056
v 0.174 1.541 0.056
v 0.175 1.551 0.055
v 0.184 1.551 0.049
v 0.159 1.562 0.058
v 0.163 1.573 0.06
v 0.152 1.577 0.041
v 0.158 1.58 0.043
v 0.146 1.576 0.053
v 0.162 1.582 0.049
v 0.153 1.577 0.062
v 0.165 1.579 0.055
v 0.163 1.573 0.06
v 0.14 1.567 0.069
v 0.144 1.559 0.075
v 0.134 1.555 0.075
v 0.178 1.552 0.033
v 0.182 1.557 0.041
v 0.158 1.58 0.043
v 0.162 1.582 0.049
v 0.165 1.579 0.055
v 0.184 1.551 0.049
v 0.189 1.549 0.034
v 0.196 1.538 0.039
v 0.175 1.551 0.055
v 0.163 1.573 0.06
v 0.179 1.534 0.026
v 0.18 1.521 0.024
v 0.201 1.505 0.031
v 0.21 1.508 0.053
v 0.21 1.477 0.045
v 0.213 1.47 0.066
v 0.2 1.471 0.025
v 0.212 1.454 0.041
v 0.201 1.453 0.024
v 0.228 1.434 0.023
v 0.241 1.436 0.043
v 0.214 1.452 0.065
v 0.237 1.434 0.066
v 0.207 1.531 0.062
v 0.21 1.518 0.081
v 0.205 1.542 0.056
v 0.197 1.55 0.054
v 0.198 1.548 0.062
v 0.19 1.541 0.072
v 0.167 1.553 0.089
v 0.164 1.559 0.087
v 0.207 1.535 0.079
v 0.194 1.523 0.091
v 0.19 1.53 0.092
v 0.211 1.447 0.077
v 0.218 1.438 0.079
v 0.232 1.43 0.071
v 0.232 1.418 0.078
v 0.212 1.463 0.08
v 0.213 1.486 0.089
v 0.209 1.467 0.089
v 0.203 1.444 0.079
v 0.209 1.491 0.099
v 0.21 1.501 0.096
v 0.207 1.515 0.093
v 0.201 1.5 0.103
v 0.2 1.511 0.104
v 0.226 1.263 -0.017
v 0.232 1.189 -0.012
v 0.213 1.203 -0.001
v 0.188 1.264 0.004
v 0.203 1.293 -0.001
v 0.226 1.306 -0.01
v 0.189 1.357 0.012
v 0.234 1.356 -0.009
v 0.189 1.217 0.01
v 0.192 1.178 0.016
v 0.187 1.297 0.007
v 0.225 1.374 -0.008
v 0.245 1.416 -0.026
v 0.222 1.411 -0.01
v 0.222 1.46 -0.021
v 0.157 1.175 0.031
v 0.194 1.157 0.011
v 0.173 1.262 0.01
v 0.208 1.386 0
v 0.195 1.4 0.009
v 0.144 1.352 0.017
v 0.188 1.436 0.002
v 0.168 1.324 0.013
v 0.164 1.291 0.013
v 0.155 1.214 0.026
v 0.145 1.305 0.017
v 0.149 1.262 0.019
v 0.106 1.265 0.025
v 0.207 1.482 -0.025
v 0.25 1.484 -0.043
v 0.102 1.315 0.021
v 0.117 1.172 0.036
v 0.114 1.212 0.032
v 0.155 1.143 0.027
v 0.099 1.193 0.033
v 0.27 1.529 -0.073
v 0.232 1.518 -0.054
v 0.292 1.517 -0.072
v 0.281 1.479 -0.051
v 0.315 1.502 -0.072
v 0.256 1.465 -0.046
v 0.253 1.434 -0.046
v 0.26 1.443 -0.051
v 0.292 1.473 -0.051
v 0.32 1.484 -0.068
v 0.269 1.443 -0.049
v 0.264 1.42 -0.061
v 0.306 1.44 -0.028
v 0.281 1.415 -0.026
v 0.189 1.5 -0.031
v 0.167 1.486 -0.02
v 0.175 1.462 -0.007
v 0.14 1.452 0
v 0.138 1.478 -0.014
v 0.143 1.428 0.009
v 0.103 1.454 -0.003
v 0.107 1.484 -0.018
v 0.114 1.53 -0.044
v 0.066 1.459 -0.012
v 0.147 1.4 0.013
v 0.103 1.425 0.007
v 0.119 1.385 0.014
v 0.101 1.35 0.019
v 0.048 1.354 0.007
v 0.101 1.39 0.013
v 0.05 1.401 0
v 0.058 1.435 -0.004
v 0.02 1.452 -0.028
v 0.035 1.477 -0.035
v -0.004 1.485 -0.064
v 0.008 1.427 -0.027
v 0.002 1.414 -0.025
v 0 1.369 -0.019
v 0.056 1.315 0.012
v 0.031 1.338 -0.001
v 0.008 1.324 -0.009
v 0.016 1.289 -0.002
v 0.065 1.257 0.019
v 0.023 1.258 0.004
v 0.029 1.219 0.012
v 0.071 1.2 0.029
v 0.073 1.173 0.035
v 0.03 1.177 0.024
v -0.014 1.186 -0.002
v -0.014 1.225 -0.011
v -0.016 1.245 -0.017
v 0.116 1.137 0.035
v 0.122 1.117 0.03
v 0.043 1.165 0.025
v 0.031 1.154 0.018
v 0.074 1.147 0.034
v 0.071 1.133 0.034
v 0.031 1.134 0.02
v 0.036 1.118 0.015
v 0.073 1.118 0.028
v 0.036 1.114 0.018
v 0.073 1.113 0.032
v 0.165 1.121 0.023
v 0.072 1.071 0.034
v 0.032 1.073 0.021
v 0.203 1.137 0.011
v 0.229 1.171 -0.015
v 0.236 1.147 -0.013
v 0.199 1.125 0.008
v 0.163 1.116 0.027
v 0.207 1.079 0.012
v 0.118 1.113 0.034
v 0.166 1.074 0.03
v 0.12 1.07 0.038
v 0.036 1.069 0.02
v -0.002 1.077 -0.002
v 0.179 1.073 0.02
v 0.203 1.075 0.011
v 0.163 1.071 0.027
v 0.075 1.068 0.031
v 0.195 1.041 0.02
v 0.213 1.013 0.021
v 0.175 1.015 0.028
v 0.209 0.946 0.013
v 0.122 1.011 0.038
v 0.253 0.995 0
v 0.25 0.93 -0.008
v 0.12 1.067 0.036
v 0.069 1.029 0.033
v 0.059 1.05 0.029
v 0.031 1.033 0.027
v 0.004 1.035 0.014
v 0.063 1.011 0.034
v 0.028 1.01 0.032
v 0.205 0.885 0.002
v 0.249 0.867 -0.019
v 0.244 0.802 -0.029
v -0.02 0.998 0.016
v 0.001 1.072 -0.002
v -0.025 1.048 -0.004
v -0.025 0.972 0.016
v 0.017 0.943 0.03
v -0.032 0.938 0.016
v 0.046 0.98 0.032
v 0.064 0.95 0.03
v 0.011 0.917 0.029
v -0.05 0.871 0.014
v 0.001 0.874 0.028
v -0.038 0.826 0.02
v -0.061 0.81 0.013
v -0.028 0.795 0.026
v -0.066 0.779 0.011
v -0.048 0.743 0.023
v -0.047 0.705 0.029
v 0.05 0.907 0.021
v 0.07 0.919 0.02
v 0.118 0.925 0.022
v 0.047 0.86 0.012
v 0.03 0.882 0.021
v 0.019 0.79 0.015
v 0.121 0.955 0.033
v 0.164 0.925 0.011
v 0.175 0.955 0.021
v 0.174 0.921 0.008
v 0.163 0.894 -0.001
v 0.163 0.87 -0.01
v -0.013 0.795 0.026
v 0.191 0.914 0.006
v 0.182 0.873 -0.005
v 0.163 0.798 -0.021
v 0.203 0.8 -0.01
v 0.001 0.769 0.02
v -0.01 0.695 0.022
v -0.027 0.729 0.026
v -0.058 0.654 0.028
v -0.02 0.657 0.021
v -0.04 0.585 0.016
v -0.071 0.591 0.024
v -0.046 0.559 0.014
v -0.08 0.554 0.02
v -0.036 0.53 0.005
v -0.086 0.525 0.016
v -0.093 0.491 0.014
v -0.042 0.479 0.004
v -0.089 0.441 0.006
v -0.117 0.387 -0.001
v -0.078 0.411 0.001
v -0.07 0.381 -0.002
v -0.108 0.361 -0.004
v -0.127 0.301 -0.012
v -0.095 0.332 -0.007
v -0.089 0.296 -0.009
v -0.155 1.239 0.005
v -0.137 1.248 -0.015
v -0.146 1.24 -0.047
v -0.141 1.25 0.016
v -0.155 1.241 0.027
v -0.123 1.261 -0.04
v -0.132 1.247 -0.044
v -0.129 1.263 0.014
v -0.121 1.285 -0.014
v -0.12 1.283 -0.038
v -0.128 1.304 -0.038
v -0.124 1.306 -0.041
v -0.143 1.257 0.046
v -0.136 1.27 0.045
v -0.125 1.285 0.014
v -0.132 1.288 0.033
v -0.134 1.307 0.013
v -0.13 1.307 -0.011
v -0.15 1.323 -0.017
v -0.147 1.321 -0.038
v -0.155 1.322 0.008
v -0.147 1.308 0.037
v -0.144 1.294 0.058
v -0.162 1.308 0.068
v -0.146 1.28 0.079
v -0.159 1.3 0.097
v -0.172 1.309 0.098
v -0.183 1.308 0.142
v -0.164 1.29 0.133
v -0.173 1.303 0.143
v -0.165 1.292 0.147
v -0.151 1.266 0.087
v -0.164 1.276 0.134
v -0.163 1.269 0.15
v -0.165 1.261 0.131
v -0.154 1.247 0.063
v -0.156 1.251 0.084
v -0.168 1.242 0.08
v -0.172 1.252 0.129
v -0.168 1.259 0.154
v 0.11 1.599 -0.077
v 0.099 1.618 -0.094
v 0.107 1.601 -0.076
v 0.097 1.598 -0.09
v 0.11 1.575 -0.07
v 0.092 1.611 -0.106
v 0.093 1.64 -0.114
v 0.094 1.624 -0.125
v 0.098 1.65 -0.133
v 0.1 1.636 -0.142
v 0.092 1.651 -0.119
v 0.097 1.676 -0.133
v 0.09 1.662 -0.117
v 0.087 1.647 -0.113
v 0.086 1.684 -0.122
v 0.1 1.693 -0.135
v 0.09 1.707 -0.132
v 0.108 1.679 -0.141
v 0.105 1.659 -0.142
v 0.111 1.643 -0.153
v 0.089 1.609 -0.175
v 0.086 1.619 -0.149
v 0.063 1.587 -0.13
v 0.091 1.623 -0.125
v 0.07 1.601 -0.155
v 0.088 1.606 -0.173
v 0.07 1.597 -0.155
v 0.076 1.593 -0.108
v 0.088 1.611 -0.107
v 0.06 1.57 -0.105
v 0.079 1.58 -0.09
v 0.059 1.557 -0.088
v 0.083 1.565 -0.074
v 0.062 1.535 -0.065
v 0.059 1.558 -0.096
v 0.062 1.585 -0.133
v 0.04 1.578 -0.151
v 0.053 1.587 -0.163
v 0.06 1.542 -0.077
v 0.064 1.52 -0.055
v 0.07 1.529 -0.055
v 0.11 1.599 -0.077
v 0.107 1.601 -0.076
v 0.126 1.601 -0.066
v 0.124 1.59 -0.055
v 0.089 1.596 -0.078
v 0.156 1.613 -0.056
v 0.146 1.612 -0.064
v 0.15 1.608 -0.069
v 0.092 1.619 -0.096
v 0.099 1.618 -0.094
v 0.093 1.64 -0.114
v 0.087 1.635 -0.109
v 0.074 1.626 -0.103
v 0.073 1.599 -0.076
v 0.092 1.582 -0.055
v 0.116 1.582 -0.045
v 0.082 1.591 -0.071
v 0.071 1.588 -0.057
v 0.082 1.579 -0.05
v 0.099 1.577 -0.037
v 0.111 1.581 -0.031
v 0.131 1.592 -0.039
v 0.105 1.582 -0.023
v 0.088 1.578 -0.033
v 0.075 1.582 -0.041
v 0.085 1.588 -0.022
v 0.102 1.59 -0.018
v 0.213 0.859 -0.173
v 0.219 0.813 -0.169
v 0.233 0.864 -0.162
v 0.229 0.902 -0.168
v 0.223 0.924 -0.176
v 0.246 0.874 -0.154
v 0.232 0.794 -0.165
v 0.249 0.926 -0.155
v 0.248 0.987 -0.158
v 0.222 0.986 -0.182
v 0.208 1.069 -0.177
v 0.252 0.842 -0.146
v 0.258 0.792 -0.139
v 0.219 0.704 -0.163
v 0.268 0.863 -0.13
v 0.269 0.915 -0.128
v 0.266 0.96 -0.129
v 0.282 0.866 -0.095
v 0.285 0.921 -0.092
v 0.282 0.977 -0.09
v 0.266 0.987 -0.127
v 0.283 0.949 -0.065
v 0.283 0.981 -0.042
v 0.281 0.928 -0.047
v 0.277 0.876 -0.052
v 0.25 0.93 -0.008
v 0.249 0.867 -0.019
v 0.253 0.995 0
v 0.244 0.802 -0.029
v 0.269 0.798 -0.062
v 0.275 0.796 -0.1
v 0.265 0.775 -0.067
v 0.242 0.757 -0.038
v 0.255 0.697 -0.114
v 0.282 1.013 -0.041
v 0.245 0.698 -0.14
v 0.221 0.671 -0.16
v 0.204 0.668 -0.173
v 0.201 0.643 -0.173
v 0.216 0.63 -0.163
v 0.192 0.605 -0.174
v 0.205 0.592 -0.165
v 0.217 0.579 -0.156
v 0.235 0.663 -0.148
v 0.251 0.665 -0.117
v 0.23 0.626 -0.154
v 0.249 0.663 -0.086
v 0.253 0.702 -0.08
v 0.251 0.733 -0.062
v 0.239 0.709 -0.048
v 0.229 0.732 -0.035
v 0.246 0.622 -0.122
v 0.234 0.606 -0.138
v 0.241 0.586 -0.126
v 0.243 0.623 -0.093
v 0.238 0.584 -0.097
v 0.225 0.537 -0.101
v 0.226 0.54 -0.134
v 0.216 0.481 -0.147
v 0.196 0.547 -0.174
v 0.209 0.522 -0.155
v 0.183 0.488 -0.181
v 0.172 0.388 -0.183
v 0.231 0.621 -0.064
v 0.227 0.581 -0.072
v 0.235 0.664 -0.056
v 0.22 0.702 -0.032
v 0.208 0.649 -0.031
v 0.21 0.703 -0.023
v 0.207 0.743 -0.018
v 0.225 0.772 -0.025
v 0.205 0.591 -0.042
v 0.224 0.563 -0.075
v 0.205 0.551 -0.051
v 0.212 0.544 -0.065
v 0.204 0.513 -0.059
v 0.217 0.532 -0.084
v 0.213 0.492 -0.09
v 0.202 0.478 -0.062
v 0.206 0.382 -0.12
v 0.192 0.381 -0.077
v 0.217 0.482 -0.11
v 0.21 0.43 -0.129
v 0.202 0.39 -0.154
v 0.19 0.329 -0.103
v 0.178 0.294 -0.092
v 0.19 0.293 -0.122
v 0.182 0.291 -0.087
v 0.185 0.345 -0.162
v 0.16 0.295 -0.179
v 0.184 0.293 -0.15
v 0.194 0.289 -0.121
v 0.187 0.289 -0.152
v 0.161 0.292 -0.182
v 0.158 0.26 -0.183
v 0.184 0.258 -0.154
v 0.191 0.258 -0.121
v 0.178 0.258 -0.087
v -0.021 1.421 -0.246
v -0.037 1.447 -0.255
v -0.023 1.409 -0.235
v -0.039 1.427 -0.241
v -0.049 1.439 -0.246
v -0.069 1.422 -0.225
v -0.039 1.398 -0.217
v -0.03 1.407 -0.226
v -0.027 1.392 -0.2
v -0.062 1.361 -0.196
v -0.022 1.4 -0.207
v -0.017 1.402 -0.221
v -0.011 1.411 -0.25
v -0.062 1.361 -0.196
v -0.08 1.317 -0.15
v -0.047 1.355 -0.177
v -0.093 1.327 -0.173
v -0.094 1.301 -0.142
v -0.119 1.346 -0.181
v -0.094 1.381 -0.203
v -0.069 1.422 -0.225
v -0.039 1.398 -0.217
v -0.131 1.327 -0.167
v -0.111 1.306 -0.157
v -0.153 1.289 -0.133
v -0.137 1.277 -0.13
v -0.119 1.274 -0.119
v -0.14 1.256 -0.121
v -0.122 1.255 -0.114
v -0.166 1.272 -0.128
v -0.17 1.313 -0.125
v -0.182 1.303 -0.118
v 0.145 1.642 -0.156
v 0.176 1.638 -0.141
v 0.161 1.682 -0.139
v 0.15 1.665 -0.15
v 0.151 1.684 -0.143
v 0.134 1.663 -0.156
v 0.126 1.644 -0.16
v 0.127 1.688 -0.146
v 0.118 1.681 -0.146
v 0.111 1.643 -0.153
v 0.108 1.679 -0.141
v 0.113 1.693 -0.143
v 0.1 1.693 -0.135
v 0.1 1.706 -0.138
v 0.09 1.707 -0.132
v 0.089 1.722 -0.133
v 0.083 1.714 -0.14
v 0.082 1.731 -0.14
v 0.086 1.684 -0.122
v 0.078 1.686 -0.129
v -0.051 1.509 -0.112
v -0.065 1.497 -0.116
v -0.069 1.535 -0.144
v -0.082 1.512 -0.143
v -0.081 1.456 -0.106
v -0.084 1.514 -0.19
v -0.071 1.533 -0.196
v -0.077 1.491 -0.22
v -0.069 1.487 -0.239
v -0.093 1.458 -0.215
v -0.059 1.46 -0.242
v -0.096 1.497 -0.183
v -0.069 1.422 -0.225
v -0.049 1.439 -0.246
v -0.092 1.412 -0.208
v -0.094 1.381 -0.203
v -0.119 1.346 -0.181
v -0.146 1.367 -0.16
v -0.131 1.327 -0.167
v -0.114 1.416 -0.19
v -0.104 1.45 -0.191
v -0.113 1.451 -0.156
v -0.098 1.478 -0.147
v -0.099 1.461 -0.126
v -0.113 1.412 -0.092
v -0.1 1.414 -0.085
v -0.116 1.388 -0.077
v -0.134 1.395 -0.092
v -0.138 1.345 -0.069
v -0.153 1.35 -0.081
v -0.12 1.419 -0.104
v -0.128 1.406 -0.164
v -0.134 1.412 -0.134
v -0.153 1.365 -0.096
v -0.169 1.343 -0.101
v -0.151 1.385 -0.119
v -0.153 1.354 -0.153
v -0.153 1.289 -0.133
v -0.17 1.313 -0.125
v -0.163 1.345 -0.122
v -0.183 1.337 -0.093
v -0.182 1.303 -0.118
v -0.189 1.29 -0.106
v -0.166 1.272 -0.128
v -0.171 1.263 -0.121
v -0.2 1.28 -0.095
v -0.179 1.248 -0.11
v -0.185 1.242 -0.079
v -0.201 1.277 -0.074
v -0.184 1.245 -0.059
v -0.192 1.318 -0.078
v -0.187 1.323 -0.087
v -0.168 1.333 -0.07
v -0.164 1.344 -0.075
v -0.173 1.331 -0.055
v -0.194 1.316 -0.066
v -0.192 1.311 -0.056
v -0.172 1.328 -0.047
v -0.171 1.321 -0.044
v -0.197 1.276 -0.059
v -0.181 1.249 -0.054
v -0.19 1.278 -0.053
v -0.189 1.248 -0.028
v -0.185 1.305 -0.05
v -0.174 1.321 -0.026
v -0.197 1.275 -0.03
v -0.193 1.246 -0.003
v -0.191 1.303 -0.028
v -0.179 1.318 -0.001
v -0.197 1.296 0.001
v -0.187 1.31 0.022
v -0.202 1.286 0.034
v -0.195 1.305 0.05
v -0.199 1.3 0.086
v -0.201 1.27 0.002
v -0.191 1.244 0.013
v -0.201 1.262 0.029
v -0.189 1.242 0.027
v -0.186 1.242 0.05
v -0.198 1.256 0.058
v -0.183 1.242 0.074
v -0.202 1.27 0.044
v -0.206 1.278 0.067
v -0.198 1.255 0.077
v -0.182 1.244 0.096
v -0.205 1.279 0.111
v -0.198 1.256 0.105
v -0.193 1.261 0.153
v -0.202 1.279 0.137
v -0.204 1.28 0.144
v -0.2 1.299 0.128
v -0.203 1.296 0.144
v -0.193 1.307 0.141
v -0.185 1.311 0.086
v -0.188 1.307 0.065
v -0.159 0.209 -0.036
v -0.165 0.202 0.003
v -0.19 0.186 0.008
v -0.184 0.181 -0.021
v -0.165 0.197 -0.044
v -0.183 0.162 -0.039
v -0.158 0.189 -0.06
v -0.201 0.172 -0.005
v -0.166 0.164 -0.061
v -0.171 0.13 -0.061
v -0.155 0.159 -0.072
v -0.121 0.191 -0.094
v -0.139 0.155 -0.09
v -0.118 0.161 -0.104
v -0.12 0.131 -0.109
v -0.143 0.128 -0.093
v -0.157 0.125 -0.078
v -0.139 0.107 -0.092
v -0.163 0.107 -0.064
v -0.165 0.12 -0.064
v -0.106 0.106 -0.018
v -0.183 0.115 -0.045
v -0.216 0.117 -0.018
v -0.211 0.109 -0.018
v -0.207 0.139 -0.019
v -0.224 0.152 0.01
v -0.231 0.116 0.001
v -0.228 0.107 0.003
v -0.244 0.108 0.033
v -0.209 0.155 -0.009
v -0.207 0.168 0.006
v -0.205 0.171 0.021
v -0.188 0.176 0.032
v -0.18 0.187 0.022
v -0.233 0.152 0.062
v -0.232 0.147 0.025
v -0.246 0.117 0.031
v -0.245 0.138 0.053
v -0.248 0.144 0.09
v -0.258 0.122 0.062
v -0.259 0.113 0.075
v -0.262 0.124 0.082
v -0.261 0.118 0.101
v -0.257 0.135 0.092
v -0.262 0.127 0.1
v -0.252 0.128 0.115
v -0.252 0.119 0.116
v -0.247 0.139 0.109
v -0.241 0.147 0.1
v 0.004 1.218 -0.179
v 0.018 1.193 -0.179
v 0.022 1.236 -0.199
v 0.006 1.258 -0.193
v 0.028 1.282 -0.214
v -0.007 1.245 -0.179
v -0.005 1.289 -0.197
v -0.019 1.254 -0.164
v -0.028 1.306 -0.172
v -0.022 1.229 -0.156
v -0.012 1.205 -0.165
v -0.014 1.16 -0.155
v -0.029 1.26 -0.149
v -0.013 1.344 -0.207
v -0.005 1.347 -0.222
v -0.015 1.365 -0.208
v -0.005 1.385 -0.237
v -0.035 1.215 -0.138
v -0.025 1.346 -0.19
v -0.013 1.392 -0.216
v -0.019 1.374 -0.2
v -0.012 1.397 -0.231
v 0.001 1.399 -0.247
v -0.008 1.406 -0.244
v 0.004 1.412 -0.256
v -0.017 1.402 -0.221
v -0.011 1.411 -0.25
v -0.016 1.405 -0.189
v -0.019 1.398 -0.183
v -0.034 1.366 -0.154
v -0.042 1.35 -0.14
v -0.045 1.356 -0.123
v -0.041 1.363 -0.136
v -0.044 1.308 -0.126
v -0.046 1.32 -0.109
v -0.045 1.261 -0.108
v -0.05 1.366 -0.093
v -0.044 1.378 -0.106
v -0.036 1.379 -0.059
v -0.032 1.32 -0.04
v -0.029 1.414 -0.118
v -0.027 1.442 -0.076
v -0.045 1.279 -0.094
v -0.047 1.315 -0.08
v -0.039 1.217 -0.125
v -0.027 1.434 -0.108
v -0.025 1.443 -0.124
v -0.027 1.461 -0.093
v -0.031 1.472 -0.104
v -0.046 1.228 -0.1
v -0.036 1.175 -0.133
v 0.005 1.133 -0.153
v -0.049 1.184 -0.096
v 0.013 1.142 -0.172
v -0.001 1.175 -0.166
v 0.016 1.125 -0.165
v 0.015 1.11 -0.158
v -0.005 1.111 -0.141
v -0.028 1.112 -0.117
v -0.025 1.154 -0.122
v -0.043 1.234 -0.055
v -0.045 1.191 -0.044
v -0.045 1.286 -0.07
v -0.034 1.308 -0.049
v -0.02 1.272 -0.025
v -0.016 1.245 -0.017
v -0.014 1.225 -0.011
v -0.014 1.186 -0.002
v -0.033 1.169 -0.042
v -0.041 1.165 -0.09
v 0.023 1.258 0.004
v 0.029 1.219 0.012
v -0.007 1.287 -0.018
v 0.016 1.289 -0.002
v -0.01 1.318 -0.023
v 0.008 1.324 -0.009
v -0.027 1.341 -0.041
v -0.008 1.349 -0.025
v 0 1.369 -0.019
v -0.024 1.399 -0.055
v -0.008 1.409 -0.038
v 0.002 1.414 -0.025
v -0.022 1.45 -0.073
v 0.008 1.427 -0.027
v -0.01 1.459 -0.062
v 0.02 1.452 -0.028
v -0.004 1.485 -0.064
v -0.019 1.48 -0.085
v -0.026 1.479 -0.098
v -0.036 1.511 -0.103
v -0.02 1.513 -0.095
v 0.004 1.521 -0.083
v -0.016 1.556 -0.131
v 0.004 1.543 -0.102
v 0.017 1.5 -0.058
v 0.035 1.477 -0.035
v -0.163 0.107 -0.064
v -0.106 0.106 -0.018
v -0.085 0.106 -0.044
v -0.139 0.107 -0.092
v -0.071 0.106 -0.074
v -0.115 0.107 -0.109
v -0.09 0.107 -0.113
v -0.073 0.106 -0.097
v 0.342 1.417 -0.006
v 0.33 1.447 -0.041
v 0.368 1.41 -0.027
v 0.356 1.44 -0.063
v 0.334 1.464 -0.065
v 0.349 1.475 -0.1
v 0.32 1.484 -0.068
v 0.326 1.49 -0.081
v 0.315 1.502 -0.072
v 0.338 1.5 -0.116
v 0.348 1.455 -0.157
v 0.362 1.433 -0.122
v 0.355 1.452 -0.096
v 0.311 1.518 -0.122
v 0.292 1.517 -0.072
v 0.363 1.424 -0.062
v 0.326 1.492 -0.141
v 0.316 1.482 -0.175
v 0.28 1.537 -0.125
v 0.364 1.427 -0.095
v 0.375 1.402 -0.086
v 0.388 1.38 -0.057
v 0.402 1.355 -0.027
v 0.381 1.387 0
v 0.399 1.352 0.033
v 0.319 1.47 -0.176
v 0.331 1.45 -0.169
v 0.322 1.431 -0.183
v 0.34 1.422 -0.161
v 0.348 1.393 -0.134
v 0.363 1.395 -0.109
v 0.366 1.362 -0.1
v 0.376 1.368 -0.082
v 0.386 1.333 -0.065
v 0.339 1.335 -0.098
v 0.319 1.365 -0.134
v 0.365 1.302 -0.059
v 0.311 1.372 -0.154
v 0.336 1.404 -0.165
v 0.395 1.313 -0.043
v 0.376 1.287 -0.041
v 0.318 1.397 -0.176
v 0.304 1.373 -0.176
v 0.42 1.318 0.015
v 0.413 1.284 0.001
v 0.395 1.266 -0.002
v 0.323 1.414 -0.185
v 0.304 1.41 -0.197
v 0.299 1.374 -0.186
v 0.306 1.426 -0.203
v 0.289 1.391 -0.2
v 0.279 1.379 -0.208
v 0.276 1.406 -0.212
v 0.283 1.426 -0.211
v 0.411 1.267 0.012
v 0.427 1.273 0.018
v 0.398 1.246 0.02
v 0.31 1.45 -0.188
v 0.295 1.493 -0.183
v 0.423 1.295 0.017
v 0.428 1.31 0.034
v 0.413 1.256 0.032
v 0.4 1.241 0.051
v 0.419 1.252 0.056
v 0.424 1.279 0.045
v 0.427 1.293 0.058
v 0.407 1.256 0.082
v 0.413 1.298 0.082
v 0.416 1.332 0.056
v 0.413 1.347 0.048
v 0.413 1.335 0.034
v -0.102 1.306 -0.076
v -0.117 1.329 -0.063
v -0.072 1.34 -0.084
v -0.09 1.369 -0.068
v -0.116 1.388 -0.077
v -0.138 1.345 -0.069
v -0.1 1.414 -0.085
v -0.075 1.394 -0.075
v -0.056 1.365 -0.091
v -0.081 1.456 -0.106
v -0.056 1.434 -0.096
v -0.062 1.466 -0.107
v -0.065 1.497 -0.116
v -0.041 1.468 -0.107
v -0.031 1.472 -0.104
v -0.025 1.443 -0.124
v -0.051 1.509 -0.112
v -0.036 1.511 -0.103
v 0.339 1.335 -0.098
v 0.365 1.302 -0.059
v 0.366 1.362 -0.1
v 0.317 1.329 -0.088
v 0.301 1.357 -0.123
v 0.319 1.365 -0.134
v 0.298 1.365 -0.137
v 0.34 1.301 -0.054
v 0.311 1.372 -0.154
v 0.355 1.282 -0.032
v 0.34 1.285 -0.02
v 0.376 1.287 -0.041
v 0.374 1.262 0.006
v 0.359 1.266 0.009
v 0.395 1.266 -0.002
v 0.293 1.366 -0.15
v 0.304 1.373 -0.176
v 0.284 1.371 -0.129
v 0.283 1.363 -0.107
v 0.366 1.255 0.015
v 0.356 1.249 0.02
v 0.378 1.248 0.023
v 0.398 1.246 0.02
v 0.383 1.243 0.045
v 0.4 1.241 0.051
v 0.36 1.248 0.043
v 0.349 1.254 0.033
v 0.337 1.259 0.033
v 0.343 1.267 0.027
v 0.341 1.256 0.049
v 0.376 1.245 0.062
v 0.354 1.255 0.068
v 0.371 1.256 0.083
v 0.391 1.244 0.073
v 0.385 1.277 0.093
v 0.407 1.256 0.082
v 0.419 1.252 0.056
v -0.138 0.179 0.013
v -0.153 0.196 0.011
v -0.125 0.196 -0.01
v -0.131 0.207 -0.016
v -0.119 0.194 -0.017
v -0.113 0.191 -0.016
v -0.103 0.188 -0.029
v -0.165 0.202 0.003
v -0.146 0.214 -0.021
v -0.159 0.209 -0.036
v -0.156 0.209 -0.039
v -0.18 0.187 0.022
v -0.19 0.186 0.008
v -0.168 0.173 0.04
v -0.148 0.168 0.034
v -0.157 0.161 0.046
v -0.188 0.176 0.032
v -0.176 0.163 0.053
v -0.196 0.169 0.042
v -0.189 0.157 0.07
v -0.156 0.142 0.057
v -0.181 0.139 0.082
v -0.205 0.171 0.021
v -0.195 0.136 0.095
v -0.218 0.157 0.072
v -0.233 0.152 0.062
v -0.248 0.144 0.09
v -0.241 0.147 0.1
v -0.23 0.143 0.107
v -0.247 0.139 0.109
v -0.216 0.133 0.111
v -0.198 0.121 0.108
v -0.216 0.124 0.118
v -0.233 0.127 0.122
v -0.252 0.128 0.115
v -0.114 0.227 -0.023
v -0.128 0.267 -0.024
v -0.102 0.265 -0.022
v -0.139 0.231 -0.024
v -0.146 0.214 -0.021
v -0.131 0.207 -0.016
v -0.119 0.194 -0.017
v -0.114 0.227 -0.023
v -0.102 0.265 -0.022
v -0.082 0.259 -0.047
v -0.09 0.222 -0.05
v -0.081 0.256 -0.074
v -0.089 0.221 -0.074
v -0.091 0.211 -0.047
v -0.097 0.224 -0.092
v -0.092 0.257 -0.094
v -0.089 0.195 -0.084
v -0.094 0.198 -0.096
v -0.091 0.196 -0.065
v -0.095 0.191 -0.047
v -0.075 0.156 -0.072
v -0.086 0.192 -0.088
v -0.092 0.197 -0.1
v -0.088 0.171 -0.106
v -0.078 0.165 -0.092
v -0.082 0.133 -0.108
v -0.071 0.133 -0.094
v -0.073 0.106 -0.097
v -0.09 0.107 -0.113
v -0.071 0.106 -0.074
v -0.069 0.132 -0.072
v -0.079 0.128 -0.045
v -0.085 0.106 -0.044
v -0.086 0.161 -0.047
v -0.093 0.126 -0.026
v -0.106 0.106 -0.018
v -0.104 0.119 -0.016
v -0.095 0.161 -0.034
v -0.109 0.127 -0.005
v -0.14 0.108 0.038
v -0.151 0.114 0.061
v -0.154 0.106 0.06
v -0.176 0.107 0.085
v -0.114 0.165 -0.01
v -0.103 0.188 -0.029
v -0.113 0.191 -0.016
v -0.135 0.146 0.029
v -0.106 0.191 -0.03
v -0.119 0.194 -0.017
v -0.1 0.208 -0.034
v -0.138 0.179 0.013
v -0.125 0.196 -0.01
v -0.148 0.168 0.034
v -0.153 0.196 0.011
v -0.156 0.142 0.057
v -0.157 0.161 0.046
v -0.152 0.129 0.058
v -0.181 0.139 0.082
v -0.174 0.117 0.088
v -0.195 0.136 0.095
v -0.198 0.121 0.108
v -0.201 0.111 0.107
v -0.206 1.372 0.182
v -0.206 1.365 0.189
v -0.214 1.366 0.179
v -0.215 1.356 0.18
v -0.216 1.351 0.19
v -0.207 1.36 0.199
v -0.215 1.354 0.167
v -0.218 1.328 0.179
v -0.216 1.363 0.226
v -0.209 1.369 0.226
v -0.203 1.395 0.25
v -0.22 1.39 0.174
v -0.216 1.386 0.18
v -0.212 1.411 0.186
v -0.215 1.422 0.177
v -0.209 1.424 0.183
v -0.219 1.395 0.166
v -0.209 1.417 0.167
v -0.208 1.426 0.174
v -0.209 1.349 0.156
v -0.211 1.392 0.16
v -0.207 1.317 0.161
v -0.212 1.315 0.167
v -0.211 1.299 0.174
v -0.209 1.298 0.163
v -0.201 1.278 0.17
v -0.215 1.309 0.192
v -0.202 1.291 0.196
v -0.187 1.271 0.184
v -0.191 1.267 0.172
v -0.185 1.283 0.204
v -0.2 1.304 0.217
v -0.177 1.305 0.24
v -0.215 1.324 0.214
v -0.195 1.32 0.24
v -0.213 1.336 0.233
v -0.183 1.317 0.25
v -0.22 1.347 0.209
v -0.183 1.336 0.253
v -0.201 1.326 0.245
v -0.169 1.35 0.274
v -0.164 1.346 0.276
v -0.169 1.358 0.27
v -0.15 1.38 0.278
v -0.221 1.354 0.226
v -0.209 1.393 0.255
v -0.185 1.427 0.277
v -0.183 1.426 0.27
v -0.21 1.387 0.259
v -0.19 1.414 0.278
v -0.179 1.426 0.284
v -0.186 1.408 0.28
v -0.206 1.377 0.261
v -0.218 1.349 0.234
v -0.205 1.355 0.246
v -0.204 1.34 0.249
v -0.197 1.368 0.271
v -0.19 1.365 0.274
v -0.198 1.379 0.264
v -0.178 1.411 0.282
v 0.193 0.12 -0.14
v 0.128 0.119 -0.097
v 0.234 0.109 -0.091
v 0.16 0.108 -0.041
v 0.173 0.106 -0.017
v 0.25 0.107 -0.068
v 0.192 0.107 0.01
v 0.264 0.108 -0.037
v 0.215 0.111 0.033
v 0.276 0.113 0.007
v 0.232 0.114 0.045
v 0.249 0.117 0.05
v 0.276 0.117 0.032
v 0.266 0.119 0.046
v 0.189 1.789 -0.15
v 0.186 1.81 -0.142
v 0.166 1.814 -0.152
v 0.202 1.803 -0.129
v 0.198 1.818 -0.117
v 0.178 1.827 -0.13
v 0.196 1.826 -0.095
v 0.213 1.809 -0.1
v 0.204 1.785 -0.137
v 0.204 1.766 -0.143
v 0.189 1.768 -0.156
v 0.188 1.747 -0.159
v 0.22 1.779 -0.112
v 0.218 1.762 -0.118
v 0.202 1.743 -0.145
v 0.223 1.79 -0.1
v 0.197 1.721 -0.143
v 0.179 1.712 -0.154
v 0.189 1.696 -0.139
v 0.176 1.697 -0.151
v 0.207 1.714 -0.126
v 0.197 1.688 -0.122
v 0.218 1.738 -0.115
v 0.231 1.769 -0.085
v 0.217 1.712 -0.107
v 0.231 1.74 -0.087
v 0.225 1.717 -0.091
v 0.232 1.785 -0.072
v 0.238 1.764 -0.061
v 0.233 1.727 -0.063
v 0.218 1.704 -0.08
v 0.207 1.69 -0.107
v 0.201 1.683 -0.1
v 0.193 1.682 -0.117
v 0.207 1.694 -0.078
v 0.218 1.71 -0.061
v 0.227 1.715 -0.057
v 0.23 1.727 -0.049
v 0.219 1.718 -0.038
v 0.221 1.727 -0.028
v 0.236 1.753 -0.047
v 0.225 1.742 -0.025
v 0.211 1.746 -0.01
v 0.203 1.733 -0.005
v 0.188 1.752 0.009
v 0.236 1.771 -0.049
v 0.227 1.755 -0.028
v 0.173 1.791 0.015
v 0.163 1.783 0.023
v 0.231 1.777 -0.042
v 0.217 1.759 -0.018
v 0.2 1.766 -0.009
v 0.219 1.771 -0.027
v 0.183 1.797 -0.005
v 0.174 1.799 0.006
v 0.164 1.814 -0.005
v 0.198 1.786 -0.018
v 0.224 1.783 -0.034
v 0.229 1.79 -0.055
v 0.181 1.81 -0.019
v 0.196 1.82 -0.034
v 0.192 1.801 -0.019
v 0.21 1.796 -0.027
v 0.223 1.794 -0.041
v 0.224 1.797 -0.085
v 0.212 1.804 -0.034
v 0.224 1.801 -0.067
v 0.211 1.818 -0.084
v 0.21 1.82 -0.067
v 0.188 1.837 -0.076
v 0.22 1.805 -0.051
v 0.2 1.827 -0.045
v 0.18 1.842 -0.058
v 0.185 1.834 -0.034
v 0.17 1.844 -0.046
v 0.241 1.436 0.043
v 0.228 1.434 0.023
v 0.255 1.418 0.024
v 0.266 1.421 0.047
v 0.278 1.407 0.025
v 0.243 1.409 0.014
v 0.274 1.393 0.011
v 0.295 1.385 0.009
v 0.307 1.394 0.026
v 0.315 1.382 0.016
v 0.335 1.379 0.027
v 0.306 1.396 0.052
v 0.286 1.406 0.039
v 0.27 1.412 0.063
v 0.237 1.434 0.066
v 0.212 1.454 0.041
v 0.296 1.387 0.074
v 0.329 1.362 0.077
v 0.338 1.374 0.055
v 0.363 1.357 0.053
v 0.351 1.343 0.076
v 0.372 1.327 0.072
v 0.37 1.352 0.043
v 0.353 1.396 0.016
v 0.379 1.342 0.052
v 0.338 1.402 0.01
v 0.317 1.409 0.005
v 0.342 1.417 -0.006
v 0.306 1.44 -0.028
v 0.33 1.447 -0.041
v 0.32 1.484 -0.068
v 0.292 1.473 -0.051
v 0.368 1.41 -0.027
v 0.381 1.387 0
v 0.38 1.37 0.025
v 0.399 1.352 0.033
v 0.377 1.354 0.042
v 0.389 1.35 0.052
v 0.413 1.347 0.048
v 0.407 1.344 0.052
v 0.416 1.332 0.056
v 0.394 1.317 0.083
v 0.379 1.326 0.079
v 0.358 1.303 0.085
v 0.363 1.298 0.09
v 0.092 1.707 0.026
v 0.072 1.718 0.017
v 0.079 1.743 0.022
v 0.096 1.736 0.028
v 0.082 1.757 0.022
v 0.1 1.714 0.029
v 0.117 1.714 0.031
v 0.103 1.759 0.026
v 0.096 1.779 0.019
v 0.085 1.778 0.015
v 0.104 1.792 0.023
v 0.085 1.79 0.016
v 0.087 1.801 0.012
v 0.11 1.805 0.018
v 0.125 1.795 0.022
v 0.115 1.814 0.012
v 0.136 1.784 0.027
v 0.146 1.792 0.026
v 0.116 1.784 0.022
v 0.124 1.777 0.018
v 0.163 1.783 0.023
v 0.173 1.791 0.015
v 0.188 1.752 0.009
v 0.131 1.758 0.022
v 0.145 1.767 0.012
v 0.14 1.751 0.018
v 0.125 1.715 0.029
v 0.124 1.703 0.024
v 0.141 1.696 0.012
v 0.16 1.756 0.012
v 0.156 1.744 0.006
v 0.184 1.736 0.002
v 0.203 1.733 -0.005
v 0.155 0.207 -0.095
v 0.172 0.213 -0.099
v 0.177 0.194 -0.063
v 0.19 0.201 -0.072
v 0.185 0.209 -0.113
v 0.183 0.208 -0.115
v 0.186 0.193 -0.125
v 0.192 0.197 -0.119
v 0.187 0.191 -0.134
v 0.174 0.187 -0.15
v 0.176 0.189 -0.143
v 0.15 0.192 -0.169
v 0.148 0.192 -0.174
v 0.132 0.197 -0.178
v 0.13 0.197 -0.182
v 0.12 0.201 -0.177
v 0.118 0.2 -0.18
v 0.115 0.198 -0.163
v 0.202 0.187 -0.053
v 0.188 0.17 -0.034
v 0.168 0.168 -0.044
v 0.176 0.161 -0.031
v 0.175 0.142 -0.019
v 0.212 0.172 -0.037
v 0.195 0.163 -0.021
v 0.208 0.157 -0.004
v 0.225 0.172 -0.054
v 0.216 0.183 -0.064
v 0.205 0.192 -0.076
v 0.245 0.157 -0.022
v 0.235 0.158 -0.002
v 0.253 0.15 -0.005
v 0.264 0.144 0.02
v 0.256 0.147 0.03
v 0.244 0.143 0.037
v 0.2 0.139 0.01
v 0.23 0.125 0.045
v 0.262 0.138 0.039
v 0.247 0.126 0.05
v 0.265 0.128 0.046
v 0.121 0.266 -0.125
v 0.142 0.266 -0.1
v 0.141 0.227 -0.103
v 0.119 0.225 -0.128
v 0.118 0.265 -0.149
v 0.126 0.208 -0.114
v 0.132 0.191 -0.109
v 0.142 0.193 -0.098
v 0.117 0.228 -0.152
v 0.119 0.211 -0.127
v 0.124 0.229 -0.171
v 0.127 0.263 -0.17
v 0.12 0.201 -0.177
v 0.115 0.198 -0.163
v 0.121 0.192 -0.129
v 0.137 0.19 -0.097
v 0.127 0.188 -0.111
v 0.112 0.162 -0.128
v 0.113 0.192 -0.153
v 0.149 0.196 -0.09
v 0.155 0.207 -0.095
v 0.177 0.194 -0.063
v 0.139 0.166 -0.088
v 0.16 0.178 -0.065
v 0.168 0.168 -0.044
v 0.161 0.146 -0.04
v 0.176 0.161 -0.031
v 0.175 0.142 -0.019
v 0.146 0.151 -0.068
v 0.16 0.117 -0.034
v 0.137 0.125 -0.078
v 0.122 0.13 -0.102
v 0.16 0.108 -0.041
v 0.128 0.119 -0.097
v 0.172 0.116 -0.011
v 0.173 0.106 -0.017
v 0.116 0.121 -0.11
v 0.129 0.106 -0.099
v 0.108 0.107 -0.131
v 0.105 0.129 -0.128
v 0.189 0.117 0.011
v 0.192 0.107 0.01
v 0.102 0.159 -0.155
v 0.096 0.132 -0.154
v 0.099 0.107 -0.157
v 0.101 0.107 -0.179
v 0.2 0.139 0.01
v 0.212 0.121 0.034
v 0.215 0.111 0.033
v 0.232 0.114 0.045
v 0.23 0.125 0.045
v 0.208 0.157 -0.004
v 0.195 0.163 -0.021
v 0.188 0.17 -0.034
v 0.099 0.137 -0.177
v 0.111 0.135 -0.19
v 0.111 0.108 -0.191
v 0.115 0.172 -0.188
v 0.105 0.167 -0.174
v 0.118 0.2 -0.18
v 0.113 0.197 -0.166
v 0.163 0.894 -0.001
v 0.139 0.905 -0.017
v 0.164 0.925 0.011
v 0.134 0.873 -0.028
v 0.163 0.87 -0.01
v 0.124 0.861 -0.048
v 0.119 0.887 -0.05
v 0.144 0.828 -0.029
v 0.163 0.798 -0.021
v 0.131 0.797 -0.045
v 0.133 0.759 -0.045
v 0.156 0.732 -0.032
v 0.172 0.7 -0.024
v 0.137 0.701 -0.045
v 0.172 0.66 -0.031
v 0.138 0.624 -0.059
v 0.171 0.596 -0.044
v 0.157 0.578 -0.055
v 0.173 0.558 -0.049
v 0.139 0.589 -0.063
v 0.132 0.678 -0.058
v 0.135 0.58 -0.07
v 0.12 0.588 -0.091
v 0.155 0.536 -0.054
v 0.13 0.565 -0.077
v 0.139 0.536 -0.067
v 0.148 0.486 -0.057
v 0.119 0.628 -0.087
v 0.12 0.553 -0.085
v 0.117 0.704 -0.084
v 0.117 0.67 -0.084
v 0.118 0.704 -0.107
v 0.114 0.791 -0.072
v 0.113 0.789 -0.082
v 0.119 0.873 -0.067
v 0.117 0.856 -0.062
v 0.116 0.88 -0.067
v 0.118 0.883 -0.089
v 0.12 0.852 -0.094
v 0.136 0.887 -0.136
v 0.116 0.823 -0.089
v 0.111 0.788 -0.1
v 0.122 0.788 -0.129
v 0.133 0.852 -0.128
v 0.144 0.873 -0.144
v 0.161 0.903 -0.164
v 0.155 0.856 -0.16
v 0.183 0.864 -0.183
v 0.191 0.917 -0.187
v 0.168 0.795 -0.177
v 0.143 0.792 -0.157
v 0.126 0.704 -0.131
v 0.125 0.664 -0.141
v 0.114 0.665 -0.109
v 0.145 0.709 -0.156
v 0.162 0.709 -0.17
v 0.157 0.681 -0.176
v 0.142 0.685 -0.16
v 0.154 0.658 -0.171
v 0.118 0.646 -0.1
v 0.122 0.623 -0.11
v 0.12 0.604 -0.11
v 0.119 0.573 -0.122
v 0.129 0.629 -0.14
v 0.134 0.654 -0.15
v 0.146 0.636 -0.166
v 0.154 0.627 -0.178
v 0.136 0.619 -0.154
v 0.126 0.606 -0.15
v 0.145 0.606 -0.164
v 0.154 0.604 -0.171
v 0.151 0.595 -0.172
v 0.133 0.594 -0.15
v 0.139 0.579 -0.158
v 0.147 0.572 -0.174
v 0.116 0.561 -0.124
v 0.13 0.543 -0.155
v 0.143 0.542 -0.175
v 0.112 0.54 -0.129
v 0.123 0.517 -0.159
v 0.134 0.491 -0.185
v 0.099 0.493 -0.141
v 0.12 0.542 -0.083
v 0.103 0.492 -0.105
v 0.105 0.491 -0.087
v 0.107 0.383 -0.107
v 0.128 0.442 -0.079
v 0.146 0.432 -0.066
v 0.144 0.388 -0.074
v 0.106 0.39 -0.148
v 0.133 0.402 -0.183
v 0.13 0.347 -0.18
v 0.105 0.424 -0.128
v 0.109 0.299 -0.149
v 0.127 0.298 -0.177
v 0.105 0.296 -0.15
v 0.108 0.349 -0.127
v 0.112 0.299 -0.115
v 0.125 0.344 -0.096
v 0.141 0.298 -0.086
v 0.108 0.296 -0.113
v 0.104 0.264 -0.15
v 0.121 0.264 -0.181
v 0.125 0.295 -0.181
v 0.107 0.265 -0.115
v 0.139 0.263 -0.081
v 0.14 0.294 -0.081
v 0.111 1.612 -0.181
v 0.111 1.643 -0.153
v 0.089 1.609 -0.175
v 0.126 1.644 -0.16
v 0.143 1.642 -0.161
v 0.145 1.642 -0.156
v 0.174 1.638 -0.148
v 0.16 1.627 -0.163
v 0.176 1.638 -0.141
v 0.188 1.635 -0.133
v 0.038 0.926 -0.176
v 0.041 0.897 -0.161
v 0.053 0.909 -0.167
v 0.016 0.897 -0.169
v 0.039 0.947 -0.184
v 0.058 0.91 -0.17
v 0.037 0.962 -0.189
v 0.06 0.917 -0.177
v 0.078 0.983 -0.197
v 0.085 0.919 -0.179
v 0.11 0.923 -0.18
v 0.11 0.986 -0.197
v 0.143 0.988 -0.2
v 0.138 0.926 -0.183
v 0.109 1.062 -0.189
v 0.073 1.06 -0.189
v 0.174 0.954 -0.192
v 0.158 0.93 -0.186
v 0.182 0.976 -0.199
v 0.143 1.065 -0.192
v 0.176 0.93 -0.184
v 0.162 0.923 -0.178
v 0.191 0.917 -0.187
v 0.161 0.903 -0.164
v 0.108 1.067 -0.191
v 0.145 1.068 -0.194
v 0.18 1.07 -0.191
v 0.178 1.066 -0.189
v 0.208 1.069 -0.177
v 0.208 1.073 -0.179
v 0.2 1.111 -0.172
v 0.173 1.11 -0.183
v 0.141 1.11 -0.187
v 0.105 1.113 -0.185
v 0.222 0.986 -0.182
v 0.202 0.938 -0.185
v 0.223 0.924 -0.176
v 0.191 0.849 -0.179
v 0.183 0.864 -0.183
v 0.168 0.795 -0.177
v 0.213 0.859 -0.173
v 0.182 0.799 -0.177
v 0.162 0.709 -0.17
v 0.197 0.822 -0.176
v 0.199 0.795 -0.177
v 0.219 0.813 -0.169
v 0.193 0.707 -0.171
v 0.157 0.681 -0.176
v 0.232 0.794 -0.165
v 0.233 0.864 -0.162
v 0.211 0.753 -0.169
v 0.219 0.704 -0.163
v 0.189 0.683 -0.175
v 0.154 0.658 -0.171
v 0.204 0.668 -0.173
v 0.174 0.65 -0.173
v 0.201 0.643 -0.173
v 0.154 0.627 -0.178
v 0.183 0.629 -0.175
v 0.192 0.605 -0.174
v 0.166 0.605 -0.172
v 0.154 0.604 -0.171
v 0.151 0.595 -0.172
v 0.186 0.598 -0.17
v 0.205 0.592 -0.165
v 0.169 0.589 -0.17
v 0.147 0.572 -0.174
v 0.191 0.578 -0.162
v 0.217 0.579 -0.156
v 0.169 0.564 -0.17
v 0.158 0.55 -0.174
v 0.143 0.542 -0.175
v 0.191 0.559 -0.169
v 0.196 0.547 -0.174
v 0.165 0.515 -0.179
v 0.134 0.491 -0.185
v 0.183 0.488 -0.181
v 0.155 0.44 -0.183
v 0.133 0.402 -0.183
v 0.172 0.388 -0.183
v 0.13 0.347 -0.18
v 0.16 0.295 -0.179
v 0.127 0.298 -0.177
v 0.213 1.013 0.021
v 0.203 1.075 0.011
v 0.235 1.079 -0.013
v 0.207 1.079 0.012
v 0.264 1.048 -0.017
v 0.276 1.02 -0.05
v 0.258 1.053 -0.027
v 0.256 1.079 -0.051
v 0.237 1.083 -0.013
v 0.271 1.032 -0.062
v 0.23 1.121 -0.016
v 0.251 1.126 -0.059
v 0.257 1.083 -0.05
v 0.199 1.125 0.008
v 0.228 1.126 -0.019
v 0.203 1.137 0.011
v 0.236 1.147 -0.013
v 0.259 1.149 -0.056
v 0.229 1.171 -0.015
v 0.264 1.055 -0.076
v 0.26 1.077 -0.096
v 0.263 1.081 -0.096
v 0.251 1.073 -0.13
v 0.266 1.023 -0.111
v 0.258 1.104 -0.076
v 0.26 1.118 -0.099
v 0.254 1.078 -0.131
v 0.231 1.075 -0.158
v 0.25 1.033 -0.141
v 0.232 1.071 -0.156
v 0.208 1.073 -0.179
v 0.216 1.097 -0.166
v 0.2 1.111 -0.172
v 0.228 1.114 -0.155
v 0.242 1.097 -0.143
v 0.252 1.116 -0.134
v 0.259 1.122 -0.099
v 0.248 1.119 -0.132
v 0.25 1.133 -0.131
v 0.224 1.117 -0.152
v 0.263 1.143 -0.098
v 0.252 1.175 -0.053
v 0.257 1.169 -0.098
v 0.232 1.189 -0.012
v 0.194 1.157 0.011
v 0.192 1.178 0.016
v 0.213 1.203 -0.001
v 0.259 1.194 -0.051
v 0.255 1.224 -0.052
v 0.226 1.263 -0.017
v 0.264 1.189 -0.099
v 0.242 1.16 -0.128
v 0.25 1.18 -0.139
v 0.236 1.14 -0.139
v 0.221 1.146 -0.151
v 0.198 1.131 -0.166
v 0.197 1.115 -0.169
v 0.248 1.203 -0.138
v 0.227 1.165 -0.161
v 0.199 1.149 -0.178
v 0.182 1.129 -0.178
v 0.171 1.114 -0.18
v 0.17 1.138 -0.188
v 0.224 1.2 -0.165
v 0.194 1.192 -0.182
v 0.258 1.218 -0.098
v 0.255 1.252 -0.095
v 0.236 1.225 -0.15
v 0.212 1.222 -0.178
v 0.194 1.23 -0.195
v 0.226 1.237 -0.17
v 0.236 1.274 -0.174
v 0.201 1.271 -0.202
v 0.214 1.306 -0.212
v 0.245 1.246 -0.133
v 0.254 1.279 -0.137
v 0.251 1.26 -0.053
v 0.25 1.298 -0.044
v 0.226 1.306 -0.01
v 0.243 1.331 -0.2
v 0.23 1.355 -0.223
v 0.254 1.271 -0.109
v 0.258 1.288 -0.09
v 0.253 1.267 -0.071
v 0.241 1.328 -0.024
v 0.234 1.356 -0.009
v 0.259 1.339 -0.041
v 0.259 1.357 -0.202
v 0.231 1.368 -0.226
v 0.279 1.353 -0.184
v 0.268 1.367 -0.203
v 0.257 1.287 -0.118
v 0.258 1.387 -0.066
v 0.245 1.416 -0.026
v 0.253 1.308 -0.178
v 0.253 1.293 -0.155
v 0.269 1.319 -0.142
v 0.268 1.323 -0.108
v 0.266 1.323 -0.09
v 0.269 1.369 -0.096
v 0.268 1.326 -0.158
v 0.278 1.351 -0.174
v 0.279 1.354 -0.146
v 0.272 1.341 -0.128
v 0.273 1.365 -0.119
v 0.286 1.358 -0.171
v 0.267 1.385 -0.103
v 0.282 1.363 -0.14
v 0.258 1.406 -0.075
v 0.285 1.369 -0.189
v 0.279 1.379 -0.208
v 0.297 1.369 -0.172
v 0.29 1.36 -0.161
v 0.293 1.366 -0.15
v 0.284 1.371 -0.129
v 0.304 1.373 -0.176
v 0.254 1.405 -0.058
v 0.253 1.434 -0.046
v 0.26 1.443 -0.051
v 0.256 1.465 -0.046
v 0.244 1.43 -0.031
v 0.222 1.46 -0.021
v 0.244 1.452 -0.036
v 0.25 1.484 -0.043
v 0.128 0.119 -0.097
v 0.19 0.106 -0.139
v 0.129 0.106 -0.099
v 0.193 0.12 -0.14
v -0.116 0.226 -0.088
v -0.092 0.257 -0.094
v -0.113 0.263 -0.091
v -0.097 0.224 -0.092
v -0.106 0.196 -0.098
v -0.094 0.198 -0.096
v -0.123 0.192 -0.089
v -0.146 1.325 -0.041
v -0.146 1.334 -0.06
v -0.122 1.313 -0.053
v -0.124 1.306 -0.041
v -0.108 1.282 -0.058
v -0.114 1.282 -0.041
v -0.119 1.324 -0.059
v -0.113 1.254 -0.055
v -0.116 1.256 -0.047
v -0.123 1.261 -0.04
v -0.126 1.241 -0.051
v -0.123 1.238 -0.062
v -0.118 1.248 -0.089
v -0.138 1.229 -0.071
v -0.134 1.236 -0.093
v -0.13 1.246 -0.103
v -0.111 1.258 -0.071
v -0.101 1.295 -0.069
v -0.098 1.27 -0.088
v -0.107 1.258 -0.103
v -0.102 1.306 -0.076
v -0.117 1.329 -0.063
v -0.101 1.288 -0.092
v -0.109 1.277 -0.11
v -0.122 1.255 -0.114
v -0.119 1.274 -0.119
v -0.083 1.306 -0.127
v -0.094 1.301 -0.142
v -0.08 1.317 -0.15
v -0.058 1.336 -0.14
v -0.047 1.355 -0.177
v -0.077 1.316 -0.103
v -0.072 1.34 -0.084
v -0.057 1.341 -0.115
v -0.056 1.365 -0.091
v -0.034 1.366 -0.154
v -0.041 1.363 -0.136
v -0.045 1.356 -0.123
v -0.027 1.392 -0.2
v -0.062 1.361 -0.196
v -0.019 1.398 -0.183
v -0.016 1.405 -0.189
v -0.022 1.4 -0.207
v -0.017 1.402 -0.221
v -0.053 1.362 -0.103
v -0.044 1.378 -0.106
v -0.037 1.399 -0.107
v -0.029 1.414 -0.118
v -0.057 1.395 -0.091
v -0.075 1.394 -0.075
v -0.056 1.434 -0.096
v -0.041 1.434 -0.108
v -0.025 1.443 -0.124
v -0.041 1.468 -0.107
v 0.413 1.298 0.082
v 0.394 1.317 0.083
v 0.416 1.332 0.056
v 0.404 1.294 0.084
v 0.407 1.256 0.082
v 0.389 1.293 0.089
v 0.379 1.326 0.079
v 0.363 1.298 0.09
v 0.385 1.277 0.093
v 0.349 1.277 0.08
v 0.371 1.256 0.083
v 0.12 0.201 -0.177
v 0.132 0.197 -0.178
v 0.143 0.227 -0.168
v 0.124 0.229 -0.171
v 0.147 0.248 -0.169
v 0.127 0.263 -0.17
v 0.15 0.264 -0.169
v 0.317 1.409 0.005
v 0.295 1.385 0.009
v 0.306 1.44 -0.028
v 0.281 1.415 -0.026
v 0.287 1.374 -0.011
v 0.289 1.35 -0.009
v 0.298 1.354 0.004
v 0.308 1.326 0.009
v 0.323 1.3 -0.006
v 0.327 1.303 0.014
v 0.272 1.379 -0.039
v 0.271 1.412 -0.045
v 0.269 1.443 -0.049
v 0.264 1.42 -0.061
v 0.262 1.403 -0.066
v 0.281 1.355 -0.059
v 0.262 1.405 -0.073
v 0.26 1.443 -0.051
v 0.258 1.406 -0.075
v 0.269 1.379 -0.09
v 0.267 1.385 -0.103
v 0.284 1.371 -0.129
v 0.283 1.363 -0.107
v 0.302 1.326 -0.027
v 0.297 1.338 -0.076
v 0.301 1.357 -0.123
v 0.298 1.365 -0.137
v 0.317 1.329 -0.088
v 0.319 1.311 -0.045
v 0.34 1.301 -0.054
v 0.34 1.285 -0.02
v 0.359 1.266 0.009
v 0.345 1.277 0.02
v 0.351 1.263 0.018
v 0.356 1.249 0.02
v 0.344 1.257 0.023
v 0.349 1.254 0.033
v 0.343 1.267 0.027
v 0.342 1.282 0.018
v 0.335 1.267 0.034
v 0.337 1.259 0.033
v 0.34 1.287 0.022
v 0.333 1.28 0.035
v 0.297 1.328 0.012
v 0.335 1.265 0.05
v 0.341 1.256 0.049
v 0.354 1.255 0.068
v 0.343 1.269 0.068
v 0.371 1.256 0.083
v 0.349 1.277 0.08
v 0.279 1.328 0.032
v 0.276 1.345 0.016
v 0.333 1.276 0.051
v 0.306 1.303 0.05
v 0.228 1.382 0.039
v 0.252 1.368 0.021
v 0.217 1.398 0.025
v 0.338 1.279 0.064
v 0.344 1.286 0.075
v 0.358 1.303 0.085
v 0.363 1.298 0.09
v 0.269 1.339 0.052
v 0.285 1.328 0.068
v 0.217 1.402 0.069
v 0.297 1.331 0.081
v 0.32 1.309 0.079
v 0.258 1.373 0.08
v 0.216 1.417 0.078
v 0.207 1.432 0.079
v 0.209 1.404 0.054
v 0.194 1.433 0.069
v 0.203 1.444 0.079
v 0.185 1.431 0.056
v 0.2 1.408 0.042
v 0.183 1.428 0.045
v 0.178 1.437 0.062
v 0.2 1.412 0.029
v 0.213 1.413 0.018
v 0.172 1.446 0.062
v 0.185 1.445 0.076
v 0.178 1.434 0.035
v 0.183 1.435 0.024
v 0.162 1.451 0.039
v 0.164 1.453 0.028
v 0.169 1.456 0.059
v 0.154 1.467 0.042
v 0.178 1.468 0.067
v 0.188 1.456 0.08
v 0.197 1.469 0.086
v 0.188 1.485 0.076
v 0.153 1.484 0.054
v 0.181 1.493 0.065
v 0.144 1.488 0.046
v 0.174 1.512 0.054
v 0.143 1.488 0.034
v 0.162 1.474 0.019
v 0.14 1.508 0.039
v 0.149 1.495 0.025
v 0.143 1.512 0.032
v 0.195 1.483 0.087
v 0.195 1.486 0.094
v 0.174 1.527 0.058
v 0.177 1.532 0.069
v 0.183 1.506 0.087
v 0.185 1.498 0.083
v 0.189 1.496 0.096
v 0.177 1.524 0.078
v 0.178 1.535 0.076
v 0.18 1.518 0.085
v 0.185 1.518 0.092
v 0.174 1.541 0.056
v 0.164 1.542 0.044
v 0.17 1.513 0.046
v 0.165 1.495 0.057
v 0.154 1.56 0.05
v 0.159 1.562 0.058
v 0.167 1.526 0.034
v 0.165 1.517 0.034
v 0.169 1.506 0.023
v 0.172 1.534 0.028
v 0.171 1.549 0.033
v 0.166 1.547 0.037
v 0.15 1.568 0.044
v 0.152 1.577 0.041
v 0.174 0.954 -0.192
v 0.158 0.93 -0.186
v 0.162 0.923 -0.178
v 0.149 0.909 -0.164
v 0.138 0.926 -0.183
v 0.161 0.903 -0.164
v 0.176 0.93 -0.184
v 0.136 0.887 -0.136
v 0.116 0.886 -0.134
v 0.118 0.883 -0.089
v 0.11 0.923 -0.18
v 0.078 0.902 -0.159
v 0.092 0.879 -0.13
v 0.085 0.919 -0.179
v 0.08 0.88 -0.135
v 0.06 0.917 -0.177
v 0.054 0.886 -0.149
v 0.058 0.91 -0.17
v 0.039 0.947 -0.184
v 0.053 0.909 -0.167
v 0.038 0.926 -0.176
v 0.041 0.897 -0.161
v 0.016 0.897 -0.169
v -0.07 0.789 -0.12
v -0.051 0.81 -0.13
v -0.059 0.865 -0.121
v -0.041 0.78 -0.137
v -0.08 0.702 -0.107
v -0.031 0.849 -0.14
v -0.056 0.694 -0.119
v -0.065 0.666 -0.116
v -0.078 0.659 -0.112
v -0.036 0.643 -0.12
v -0.079 0.638 -0.106
v -0.037 0.614 -0.111
v -0.08 0.622 -0.103
v -0.03 0.662 -0.119
v -0.088 0.595 -0.109
v -0.026 0.685 -0.123
v -0.026 0.778 -0.139
v -0.026 0.83 -0.142
v -0.007 0.685 -0.113
v -0.018 0.662 -0.114
v -0.003 0.641 -0.095
v -0.01 0.778 -0.142
v 0.015 0.764 -0.125
v 0.036 0.83 -0.136
v -0.013 0.811 -0.145
v 0.003 0.837 -0.154
v 0.006 0.943 -0.17
v -0.02 0.911 -0.153
v -0.005 0.971 -0.167
v 0.053 0.862 -0.141
v 0.054 0.886 -0.149
v 0.08 0.88 -0.135
v 0.062 0.842 -0.123
v 0.092 0.879 -0.13
v 0.013 1.06 -0.168
v 0.04 1.059 -0.182
v 0.012 1.065 -0.17
v 0.039 1.063 -0.184
v 0.073 1.064 -0.191
v 0.042 1.106 -0.177
v 0.017 1.106 -0.164
v 0.075 1.107 -0.184
v 0.072 1.112 -0.182
v 0.067 1.13 -0.187
v 0.042 1.111 -0.174
v 0.108 1.13 -0.19
v 0.041 1.132 -0.181
v 0.067 1.169 -0.187
v 0.142 1.131 -0.19
v 0.141 1.114 -0.185
v 0.171 1.114 -0.18
v 0.17 1.138 -0.188
v 0.153 1.186 -0.191
v 0.133 1.168 -0.19
v 0.104 1.197 -0.198
v 0.107 1.163 -0.191
v 0.058 1.185 -0.188
v 0.184 1.144 -0.184
v 0.182 1.129 -0.178
v 0.199 1.149 -0.178
v 0.194 1.192 -0.182
v 0.194 1.23 -0.195
v 0.152 1.229 -0.205
v 0.157 1.269 -0.214
v 0.201 1.271 -0.202
v 0.137 1.211 -0.199
v 0.105 1.225 -0.203
v 0.129 1.248 -0.207
v 0.176 1.291 -0.217
v 0.214 1.306 -0.212
v 0.164 1.312 -0.23
v 0.118 1.32 -0.229
v 0.23 1.355 -0.223
v 0.111 1.273 -0.21
v 0.086 1.214 -0.2
v 0.09 1.244 -0.207
v 0.06 1.201 -0.194
v 0.081 1.273 -0.214
v 0.064 1.231 -0.204
v 0.174 1.359 -0.243
v 0.153 1.343 -0.239
v 0.197 1.378 -0.239
v 0.231 1.368 -0.226
v 0.234 1.395 -0.231
v 0.125 1.367 -0.247
v 0.178 1.401 -0.248
v 0.134 1.407 -0.251
v 0.041 1.233 -0.201
v 0.068 1.277 -0.218
v 0.074 1.318 -0.236
v 0.079 1.344 -0.244
v 0.033 1.326 -0.234
v 0.083 1.369 -0.252
v 0.031 1.205 -0.188
v 0.028 1.282 -0.214
v 0.022 1.236 -0.199
v 0.018 1.193 -0.179
v 0.04 1.378 -0.252
v 0.034 1.163 -0.181
v 0.013 1.142 -0.172
v 0.016 1.125 -0.165
v 0.015 1.11 -0.158
v -0.001 1.175 -0.166
v -0.012 1.205 -0.165
v -0.014 1.16 -0.155
v 0.004 1.218 -0.179
v -0.007 1.245 -0.179
v 0.069 1.399 -0.257
v 0.09 1.413 -0.259
v 0.049 1.418 -0.262
v 0.15 1.469 -0.243
v 0.045 1.403 -0.258
v 0.088 1.44 -0.257
v 0.161 1.432 -0.246
v 0.187 1.463 -0.238
v 0.205 1.432 -0.237
v 0.231 1.455 -0.229
v 0.187 1.522 -0.213
v 0.019 1.392 -0.249
v 0.025 1.41 -0.258
v 0.004 1.412 -0.256
v 0.022 1.356 -0.238
v 0.001 1.399 -0.247
v -0.005 1.385 -0.237
v -0.005 1.347 -0.222
v -0.005 1.289 -0.197
v 0.006 1.258 -0.193
v 0.012 1.414 -0.26
v 0.038 1.43 -0.261
v 0.016 1.442 -0.263
v 0.057 1.461 -0.26
v 0.024 1.473 -0.265
v 0.119 1.473 -0.249
v 0.007 1.452 -0.263
v 0.065 1.475 -0.258
v 0.149 1.528 -0.218
v 0.112 1.529 -0.228
v 0.073 1.528 -0.236
v 0.035 1.523 -0.243
v 0.015 1.522 -0.243
v 0.128 1.583 -0.192
v -0.011 1.463 -0.266
v -0.004 1.52 -0.243
v -0.017 1.489 -0.252
v -0.031 1.511 -0.243
v -0.027 1.454 -0.26
v -0.012 1.445 -0.26
v -0.003 1.434 -0.258
v -0.011 1.411 -0.25
v -0.008 1.406 -0.244
v -0.012 1.397 -0.231
v -0.021 1.421 -0.246
v -0.023 1.409 -0.235
v -0.037 1.447 -0.255
v -0.039 1.47 -0.25
v -0.049 1.439 -0.246
v -0.059 1.46 -0.242
v -0.047 1.486 -0.244
v -0.069 1.487 -0.239
v -0.169 1.343 -0.101
v -0.164 1.344 -0.075
v -0.183 1.337 -0.093
v -0.153 1.35 -0.081
v -0.138 1.345 -0.069
v -0.144 1.34 -0.063
v -0.146 1.334 -0.06
v -0.119 1.324 -0.059
v -0.117 1.329 -0.063
v 0.292 1.517 -0.072
v 0.27 1.529 -0.073
v 0.311 1.518 -0.122
v 0.28 1.537 -0.125
v 0.252 1.546 -0.094
v 0.247 1.557 -0.125
v 0.236 1.563 -0.122
v 0.224 1.573 -0.147
v 0.231 1.555 -0.096
v 0.224 1.543 -0.078
v 0.232 1.518 -0.054
v 0.202 1.558 -0.085
v 0.21 1.571 -0.1
v 0.189 1.541 -0.064
v 0.175 1.523 -0.046
v 0.189 1.5 -0.031
v 0.207 1.482 -0.025
v 0.167 1.486 -0.02
v 0.163 1.509 -0.035
v 0.114 1.53 -0.044
v 0.138 1.478 -0.014
v 0.151 1.533 -0.05
v 0.131 1.531 -0.05
v 0.147 1.537 -0.056
v 0.152 1.577 0.041
v 0.178 1.552 0.033
v 0.158 1.58 0.043
v 0.171 1.549 0.033
v 0.166 1.547 0.037
v 0.172 1.534 0.028
v 0.179 1.534 0.026
v 0.189 1.549 0.034
v 0.182 1.557 0.041
v 0.18 1.521 0.024
v 0.169 1.506 0.023
v 0.169 1.493 0.019
v 0.154 1.507 0.025
v 0.157 1.518 0.027
v 0.184 1.49 0.019
v 0.201 1.505 0.031
v 0.182 1.467 0.016
v 0.2 1.471 0.025
v 0.182 1.458 0.018
v 0.201 1.453 0.024
v 0.162 1.474 0.019
v 0.149 1.495 0.025
v 0.164 1.453 0.028
v 0.143 1.512 0.032
v 0.183 1.435 0.024
v 0.143 1.534 0.028
v 0.144 1.557 0.035
v 0.134 1.533 0.032
v 0.132 1.561 0.036
v 0.189 1.443 0.018
v 0.228 1.434 0.023
v 0.213 1.413 0.018
v 0.2 1.412 0.029
v 0.243 1.409 0.014
v 0.255 1.418 0.024
v 0.241 1.394 0.015
v 0.217 1.398 0.025
v 0.274 1.393 0.011
v 0.252 1.368 0.021
v 0.274 1.372 0.01
v 0.295 1.385 0.009
v 0.298 1.354 0.004
v 0.276 1.345 0.016
v 0.308 1.326 0.009
v 0.297 1.328 0.012
v 0.327 1.303 0.014
v -0.137 1.248 -0.015
v -0.132 1.247 -0.044
v -0.146 1.24 -0.047
v -0.126 1.241 -0.051
v -0.116 1.256 -0.047
v -0.143 1.233 -0.056
v -0.16 1.233 -0.056
v -0.138 1.229 -0.071
v -0.123 1.238 -0.062
v -0.158 1.229 -0.075
v -0.134 1.236 -0.093
v -0.15 1.235 -0.103
v -0.13 1.246 -0.103
v -0.185 1.242 -0.079
v -0.179 1.248 -0.11
v -0.184 1.245 -0.059
v -0.171 1.263 -0.121
v -0.181 1.249 -0.054
v -0.16 1.24 -0.05
v -0.168 1.238 -0.024
v -0.155 1.239 0.005
v -0.189 1.248 -0.028
v -0.172 1.236 0.005
v -0.193 1.246 -0.003
v -0.155 1.241 0.027
v -0.191 1.244 0.013
v -0.169 1.236 0.029
v -0.189 1.242 0.027
v -0.186 1.242 0.05
v -0.168 1.242 0.08
v -0.183 1.242 0.074
v -0.182 1.244 0.096
v -0.172 1.252 0.129
v -0.181 1.25 0.129
v -0.193 1.261 0.153
v -0.168 1.259 0.154
v -0.178 1.253 0.155
v -0.178 1.25 0.158
v -0.195 1.256 0.155
v -0.197 1.263 0.172
v -0.178 1.258 0.175
v -0.164 1.265 0.172
v -0.164 1.256 0.155
v -0.204 1.27 0.16
v -0.208 1.278 0.17
v -0.212 1.266 0.158
v -0.204 1.269 0.151
v -0.211 1.274 0.143
v -0.204 1.28 0.144
v 0.185 1.518 0.092
v 0.169 1.521 0.092
v 0.168 1.527 0.103
v 0.18 1.518 0.085
v 0.165 1.526 0.084
v 0.177 1.524 0.078
v 0.092 1.707 0.026
v 0.073 1.708 0.012
v 0.072 1.718 0.017
v 0.056 1.71 0.003
v 0.068 1.743 0.015
v 0.079 1.743 0.022
v 0.068 1.763 0.01
v 0.082 1.757 0.022
v 0.057 1.741 0.004
v 0.075 1.782 0.006
v 0.085 1.778 0.015
v 0.064 1.796 -0.003
v 0.085 1.79 0.016
v 0.087 1.801 0.012
v 0.073 1.801 0.003
v 0.059 1.81 -0.007
v 0.058 1.762 -0.006
v 0.065 1.787 -0.017
v 0.052 1.796 -0.025
v 0.044 1.725 -0.013
v 0.052 1.764 -0.025
v 0.058 1.78 -0.041
v 0.049 1.807 -0.027
v 0.067 1.82 -0.019
v 0.053 1.817 -0.034
v 0.05 1.761 -0.035
v 0.05 1.774 -0.057
v 0.05 1.81 -0.052
v 0.063 1.824 -0.042
v 0.071 1.826 -0.054
v 0.047 1.802 -0.048
v 0.053 1.806 -0.064
v 0.054 1.76 -0.057
v 0.049 1.78 -0.075
v 0.064 1.816 -0.09
v 0.07 1.825 -0.068
v 0.049 1.757 -0.08
v 0.057 1.791 -0.097
v 0.078 1.835 -0.093
v 0.086 1.833 -0.066
v 0.087 1.842 -0.089
v 0.09 1.84 -0.109
v 0.079 1.826 -0.123
v 0.07 1.82 -0.115
v 0.074 1.814 -0.131
v 0.094 1.818 -0.147
v 0.082 1.807 -0.147
v 0.061 1.789 -0.122
v 0.052 1.775 -0.113
v 0.07 1.794 -0.14
v 0.047 1.762 -0.102
v 0.056 1.745 -0.118
v 0.059 1.774 -0.134
v 0.077 1.782 -0.156
v 0.066 1.758 -0.148
v 0.092 1.792 -0.165
v 0.084 1.771 -0.164
v 0.081 1.756 -0.162
v 0.078 1.743 -0.155
v 0.054 1.76 -0.126
v 0.067 1.747 -0.145
v 0.088 1.727 -0.147
v 0.069 1.74 -0.139
v 0.065 1.732 -0.099
v 0.06 1.739 -0.089
v 0.06 1.746 -0.076
v 0.062 1.721 -0.093
v 0.049 1.736 -0.054
v 0.043 1.73 -0.037
v 0.042 1.727 -0.022
v 0.046 1.717 -0.013
v 0.045 1.71 -0.046
v 0.047 1.715 -0.062
v 0.048 1.698 -0.075
v 0.041 1.692 -0.063
v 0.052 1.675 -0.081
v 0.062 1.702 -0.099
v 0.057 1.71 -0.02
v 0.05 1.707 -0.03
v 0.04 1.686 -0.048
v 0.048 1.666 -0.07
v 0.051 1.644 -0.044
v 0.061 1.656 -0.101
v 0.066 1.707 0.001
v 0.072 1.7 0
v 0.072 1.69 0.007
v 0.071 1.705 -0.019
v 0.056 1.702 -0.024
v 0.071 1.694 -0.013
v 0.051 1.683 -0.026
v 0.063 1.68 -0.01
v 0.045 1.68 -0.034
v 0.06 1.665 -0.018
v 0.05 1.655 -0.041
v 0.062 1.662 0.011
v 0.068 1.659 0.017
v 0.064 1.657 0.006
v 0.059 1.667 -0.008
v 0.07 1.656 -0.003
v 0.065 1.65 -0.007
v 0.084 1.649 0.005
v 0.082 1.636 0.003
v 0.055 1.652 -0.03
v 0.064 1.635 -0.01
v 0.073 1.631 -0.004
v 0.06 1.639 -0.034
v 0.068 1.632 -0.017
v 0.058 1.635 -0.041
v 0.062 1.628 -0.024
v 0.07 1.622 -0.013
v 0.08 1.629 -0.006
v 0.084 1.62 -0.005
v 0.07 1.618 -0.024
v 0.065 1.619 -0.035
v 0.062 1.619 -0.054
v 0.07 1.597 -0.035
v 0.058 1.617 -0.061
v 0.08 1.61 -0.019
v 0.091 1.618 -0.006
v 0.079 1.603 -0.019
v 0.069 1.591 -0.035
v 0.085 1.588 -0.022
v 0.075 1.582 -0.041
v 0.088 1.578 -0.033
v 0.065 1.592 -0.049
v 0.054 1.643 -0.066
v 0.071 1.588 -0.057
v 0.082 1.579 -0.05
v 0.073 1.599 -0.076
v 0.064 1.61 -0.072
v 0.059 1.636 -0.092
v 0.074 1.626 -0.103
v 0.075 1.649 -0.112
v 0.074 1.685 -0.114
v 0.07 1.707 -0.109
v 0.078 1.686 -0.129
v 0.075 1.698 -0.122
v 0.075 1.717 -0.115
v 0.073 1.734 -0.117
v 0.084 1.71 -0.122
v 0.079 1.716 -0.131
v 0.078 1.73 -0.125
v 0.082 1.731 -0.14
v 0.089 1.722 -0.133
v 0.098 1.71 -0.15
v 0.1 1.706 -0.138
v 0.095 1.732 -0.157
v 0.114 1.696 -0.152
v 0.113 1.693 -0.143
v 0.105 1.718 -0.16
v 0.109 1.735 -0.169
v 0.08 1.629 -0.006
v 0.098 1.63 -0.004
v 0.084 1.62 -0.005
v 0.091 1.618 -0.006
v 0.112 1.638 0.001
v 0.097 1.61 -0.013
v 0.08 1.61 -0.019
v 0.096 1.594 -0.019
v 0.079 1.603 -0.019
v 0.085 1.588 -0.022
v 0.102 1.59 -0.018
v 0.12 1.61 -0.018
v 0.126 1.603 -0.019
v 0.105 1.582 -0.023
v 0.137 1.603 -0.029
v 0.144 1.641 -0.009
v 0.151 1.646 -0.008
v 0.156 1.655 -0.01
v 0.156 1.674 0.002
v 0.122 1.622 -0.009
v 0.123 1.641 0.003
v 0.084 1.649 0.005
v 0.082 1.636 0.003
v 0.134 1.664 0.011
v 0.145 1.673 0.01
v 0.126 1.674 0.016
v 0.112 1.652 0.007
v 0.096 1.673 0.009
v 0.107 1.651 0.003
v 0.141 1.696 0.012
v 0.153 1.703 0.005
v 0.124 1.697 0.015
v 0.111 1.692 0.011
v 0.085 1.653 0.003
v 0.07 1.656 -0.003
v 0.093 1.66 0.01
v 0.096 1.658 0.006
v 0.068 1.659 0.017
v 0.11 1.678 0.011
v 0.078 1.689 0.009
v 0.072 1.69 0.007
v 0.097 1.69 0.002
v 0.103 1.7 0.001
v 0.115 1.701 0.019
v 0.082 1.7 0.011
v 0.073 1.708 0.012
v 0.07 1.618 -0.024
v 0.07 1.622 -0.013
v 0.091 1.618 -0.006
v 0.084 1.62 -0.005
v 0.168 0.262 -0.103
v 0.141 0.227 -0.103
v 0.142 0.266 -0.1
v 0.166 0.23 -0.103
v 0.172 0.213 -0.099
v 0.155 0.207 -0.095
v 0.142 0.193 -0.098
v 0.128 1.583 -0.192
v 0.09 1.58 -0.199
v 0.112 1.529 -0.228
v 0.073 1.528 -0.236
v 0.06 1.554 -0.217
v 0.035 1.523 -0.243
v 0.042 1.566 -0.208
v 0.026 1.54 -0.226
v 0.015 1.522 -0.243
v 0.005 1.535 -0.225
v -0.004 1.52 -0.243
v 0.015 1.563 -0.195
v -0.016 1.543 -0.206
v -0.031 1.511 -0.243
v -0.037 1.549 -0.193
v -0.003 1.562 -0.184
v 0.031 1.576 -0.172
v 0.054 1.579 -0.191
v 0.069 1.589 -0.184
v 0.088 1.606 -0.173
v 0.113 1.608 -0.179
v 0.053 1.587 -0.163
v 0.07 1.597 -0.155
v 0.04 1.578 -0.151
v -0.043 1.517 -0.226
v -0.069 1.487 -0.239
v -0.061 1.52 -0.212
v -0.071 1.533 -0.196
v -0.069 1.535 -0.144
v -0.042 1.548 -0.138
v -0.051 1.509 -0.112
v -0.036 1.511 -0.103
v -0.016 1.556 -0.131
v -0.02 1.513 -0.095
v 0.012 1.568 -0.143
v 0.036 1.574 -0.138
v 0.062 1.585 -0.133
v 0.033 1.561 -0.116
v 0.004 1.543 -0.102
v 0.059 1.558 -0.096
v 0.024 1.54 -0.092
v 0.004 1.521 -0.083
v 0.03 1.527 -0.075
v 0.044 1.507 -0.051
v 0.06 1.542 -0.077
v 0.017 1.5 -0.058
v 0.035 1.477 -0.035
v 0.066 1.459 -0.012
v 0.064 1.52 -0.055
v 0.075 1.489 -0.028
v 0.107 1.484 -0.018
v 0.097 1.52 -0.043
v 0.087 1.541 -0.064
v 0.114 1.53 -0.044
v 0.102 1.535 -0.057
v 0.117 1.535 -0.047
v 0.093 1.544 -0.067
v -0.195 1.32 0.24
v -0.201 1.326 0.245
v -0.183 1.336 0.253
v -0.188 1.342 0.256
v -0.178 1.346 0.251
v -0.176 1.366 0.263
v -0.183 1.366 0.273
v -0.19 1.365 0.274
v -0.165 1.405 0.283
v -0.172 1.407 0.285
v -0.162 1.424 0.287
v -0.172 1.424 0.283
v -0.178 1.411 0.282
v -0.197 1.368 0.271
v -0.179 1.426 0.284
v -0.186 1.408 0.28
v -0.19 1.414 0.278
v -0.198 1.379 0.264
v -0.206 1.377 0.261
v -0.205 1.355 0.246
v -0.218 1.349 0.234
v 0.23 0.125 0.045
v 0.249 0.117 0.05
v 0.232 0.114 0.045
v 0.247 0.126 0.05
v 0.266 0.119 0.046
v 0.265 0.128 0.046
v 0.279 1.379 -0.208
v 0.285 1.369 -0.189
v 0.299 1.374 -0.186
v 0.297 1.369 -0.172
v 0.304 1.373 -0.176
v 0.163 1.834 -0.019
v 0.17 1.844 -0.046
v 0.185 1.834 -0.034
v 0.153 1.846 -0.036
v 0.143 1.841 -0.025
v 0.146 1.825 -0.003
v 0.164 1.814 -0.005
v 0.144 1.803 0.015
v 0.174 1.799 0.006
v 0.173 1.791 0.015
v 0.146 1.792 0.026
v 0.125 1.795 0.022
v 0.115 1.814 0.012
v 0.12 1.823 0.001
v 0.095 1.81 0.004
v 0.11 1.805 0.018
v 0.087 1.801 0.012
v 0.073 1.801 0.003
v 0.074 1.814 -0.009
v 0.059 1.81 -0.007
v 0.067 1.82 -0.019
v 0.091 1.829 -0.02
v 0.077 1.829 -0.029
v 0.063 1.824 -0.042
v 0.053 1.817 -0.034
v 0.091 1.837 -0.039
v 0.071 1.826 -0.054
v 0.1 1.84 -0.034
v 0.086 1.833 -0.066
v 0.07 1.825 -0.068
v 0.115 1.838 -0.025
v 0.11 1.846 -0.048
v 0.124 1.845 -0.037
v 0.114 1.849 -0.063
v 0.134 1.85 -0.051
v 0.144 1.851 -0.063
v 0.107 1.851 -0.099
v 0.101 1.848 -0.085
v 0.087 1.842 -0.089
v 0.09 1.84 -0.109
v 0.154 1.848 -0.076
v 0.094 1.834 -0.125
v 0.079 1.826 -0.123
v 0.094 1.818 -0.147
v 0.18 1.842 -0.058
v 0.2 1.827 -0.045
v 0.168 1.841 -0.092
v 0.188 1.837 -0.076
v 0.196 1.826 -0.095
v 0.178 1.827 -0.13
v 0.157 1.84 -0.106
v 0.136 1.841 -0.113
v 0.112 1.846 -0.113
v 0.126 1.834 -0.137
v 0.149 1.837 -0.129
v 0.159 1.829 -0.143
v 0.166 1.814 -0.152
v 0.186 1.81 -0.142
v 0.144 1.81 -0.16
v 0.131 1.823 -0.152
v 0.118 1.804 -0.164
v 0.092 1.792 -0.165
v 0.082 1.807 -0.147
v -0.143 0.128 -0.093
v -0.139 0.107 -0.092
v -0.12 0.131 -0.109
v -0.115 0.107 -0.109
v -0.099 0.132 -0.114
v -0.09 0.107 -0.113
v -0.082 0.133 -0.108
v -0.118 0.161 -0.104
v -0.099 0.166 -0.11
v -0.088 0.171 -0.106
v -0.104 0.195 -0.102
v -0.121 0.191 -0.094
v -0.092 0.197 -0.1
v 0.178 0.258 -0.087
v 0.139 0.263 -0.081
v 0.182 0.291 -0.087
v 0.14 0.294 -0.081
v -0.089 0.292 -0.004
v -0.097 0.262 -0.003
v -0.131 0.299 -0.007
v -0.136 0.266 -0.006
v 0.157 0.578 -0.055
v 0.155 0.536 -0.054
v 0.139 0.589 -0.063
v 0.173 0.558 -0.049
v 0.204 0.513 -0.059
v 0.148 0.486 -0.057
v 0.202 0.478 -0.062
v 0.146 0.432 -0.066
v 0.192 0.381 -0.077
v 0.205 0.551 -0.051
v 0.144 0.388 -0.074
v 0.192 0.574 -0.046
v 0.205 0.591 -0.042
v 0.171 0.596 -0.044
v 0.208 0.649 -0.031
v 0.172 0.66 -0.031
v 0.172 0.7 -0.024
v 0.21 0.703 -0.023
v 0.165 0.34 -0.082
v 0.178 0.294 -0.092
v 0.141 0.298 -0.086
v 0.186 0.725 -0.022
v 0.207 0.743 -0.018
v 0.181 0.765 -0.019
v 0.225 0.772 -0.025
v 0.242 0.757 -0.038
v 0.229 0.732 -0.035
v -0.131 0.299 -0.007
v -0.136 0.266 -0.006
v -0.152 0.267 -0.039
v -0.145 0.3 -0.041
v -0.147 0.266 -0.073
v -0.142 0.297 -0.072
v -0.118 0.293 -0.104
v -0.124 0.261 -0.104
v 0.036 1.069 0.02
v 0.004 1.035 0.014
v 0.001 1.072 -0.002
v -0.002 1.077 -0.002
v -0.023 1.07 -0.037
v -0.02 1.05 -0.014
v -0.025 1.048 -0.004
v -0.041 1.023 -0.034
v -0.025 1.074 -0.036
v -0.032 1.068 -0.081
v -0.049 1.018 -0.023
v -0.061 0.983 -0.069
v -0.042 0.988 -0.006
v -0.02 0.998 0.016
v -0.025 0.972 0.016
v -0.032 0.938 0.016
v -0.024 1.112 -0.043
v -0.035 1.072 -0.08
v 0.002 1.114 -0.005
v 0.032 1.073 0.021
v 0.036 1.114 0.018
v 0.036 1.118 0.015
v 0.003 1.118 -0.008
v -0.007 1.134 -0.003
v 0.031 1.134 0.02
v 0.031 1.154 0.018
v -0.022 1.116 -0.043
v -0.036 1.109 -0.084
v -0.006 1.163 -0.005
v 0.03 1.177 0.024
v -0.033 1.137 -0.038
v -0.034 1.113 -0.084
v -0.042 1.13 -0.084
v -0.033 1.134 -0.105
v -0.031 1.108 -0.121
v -0.029 1.07 -0.118
v -0.011 1.107 -0.142
v -0.025 1.065 -0.117
v -0.009 1.063 -0.144
v -0.007 1.068 -0.149
v -0.038 1.04 -0.089
v 0.006 1.094 -0.157
v 0.017 1.106 -0.164
v 0.012 1.065 -0.17
v 0.013 1.06 -0.168
v -0.005 0.971 -0.167
v -0.037 1.021 -0.111
v -0.03 0.977 -0.139
v -0.052 0.988 -0.088
v -0.034 0.924 -0.139
v -0.059 0.865 -0.121
v -0.02 0.911 -0.153
v -0.039 0.876 -0.135
v -0.031 0.849 -0.14
v -0.051 0.81 -0.13
v -0.05 0.937 -0.118
v -0.046 0.981 -0.108
v -0.066 0.92 -0.1
v -0.078 0.929 -0.062
v -0.08 0.864 -0.093
v -0.07 0.789 -0.12
v -0.065 0.965 -0.046
v -0.056 0.991 -0.022
v -0.068 0.941 -0.02
v -0.078 0.886 -0.017
v -0.05 0.871 0.014
v -0.089 0.814 -0.018
v -0.061 0.81 0.013
v -0.088 0.881 -0.058
v -0.077 0.769 0.001
v -0.066 0.779 0.011
v -0.076 0.724 0.008
v -0.048 0.743 0.023
v -0.097 0.713 -0.019
v -0.107 0.706 -0.052
v -0.099 0.806 -0.054
v -0.095 0.803 -0.07
v -0.09 0.797 -0.092
v -0.08 0.702 -0.107
v -0.101 0.706 -0.08
v -0.078 0.659 -0.112
v -0.047 0.705 0.029
v -0.028 0.795 0.026
v -0.104 0.672 -0.021
v -0.083 0.685 0.006
v -0.058 0.654 0.028
v -0.093 0.628 0.003
v -0.071 0.591 0.024
v -0.109 0.637 -0.023
v -0.111 0.678 -0.052
v -0.103 0.663 -0.083
v -0.095 0.652 -0.092
v -0.079 0.638 -0.106
v -0.107 0.631 -0.086
v -0.095 0.625 -0.094
v -0.08 0.622 -0.103
v -0.119 0.627 -0.051
v -0.124 0.594 -0.05
v -0.107 0.607 -0.087
v -0.094 0.593 -0.103
v -0.088 0.595 -0.109
v -0.108 0.586 -0.087
v -0.103 0.544 -0.099
v -0.115 0.595 -0.022
v -0.099 0.596 0.001
v -0.102 0.567 -0.001
v -0.08 0.554 0.02
v -0.105 0.558 -0.007
v -0.086 0.525 0.016
v -0.114 0.545 -0.021
v -0.123 0.548 -0.054
v -0.116 0.523 -0.024
v -0.093 0.491 0.014
v -0.114 0.518 -0.083
v -0.105 0.486 -0.107
v -0.129 0.494 -0.065
v -0.122 0.483 -0.03
v -0.117 0.387 -0.001
v -0.118 0.462 -0.086
v -0.105 0.437 -0.107
v -0.105 0.394 -0.108
v -0.13 0.461 -0.069
v -0.132 0.398 -0.076
v -0.129 0.438 -0.05
v -0.133 0.395 -0.042
v -0.123 0.343 -0.088
v -0.116 0.296 -0.101
v -0.138 0.3 -0.07
v -0.132 0.401 -0.058
v -0.141 0.302 -0.042
v -0.131 0.349 -0.027
v -0.127 0.301 -0.012
v 0.283 1.426 -0.211
v 0.289 1.391 -0.2
v 0.304 1.41 -0.197
v 0.306 1.426 -0.203
v 0.271 1.444 -0.219
v 0.276 1.406 -0.212
v 0.262 1.428 -0.219
v 0.279 1.379 -0.208
v 0.26 1.503 -0.198
v 0.252 1.411 -0.222
v 0.224 1.513 -0.207
v 0.248 1.381 -0.22
v 0.268 1.367 -0.203
v 0.279 1.353 -0.184
v 0.259 1.357 -0.202
v 0.24 1.524 -0.19
v 0.249 1.547 -0.164
v 0.212 1.567 -0.172
v 0.212 1.545 -0.188
v 0.177 1.575 -0.184
v 0.194 1.598 -0.153
v 0.15 1.577 -0.191
v 0.177 1.602 -0.163
v 0.156 1.605 -0.171
v 0.182 1.604 -0.163
v 0.199 1.601 -0.153
v 0.209 1.593 -0.138
v 0.16 1.608 -0.173
v 0.16 1.627 -0.163
v 0.139 1.61 -0.179
v 0.143 1.642 -0.161
v 0.111 1.612 -0.181
v 0.136 1.607 -0.177
v 0.113 1.608 -0.179
v 0.09 1.58 -0.199
v 0.088 1.606 -0.173
v 0.089 1.609 -0.175
v -0.173 1.314 0.16
v -0.17 1.307 0.143
v -0.161 1.294 0.147
v -0.164 1.301 0.164
v -0.16 1.277 0.168
v -0.159 1.271 0.15
v -0.164 1.256 0.155
v -0.164 1.265 0.172
v -0.124 0.261 -0.104
v -0.082 0.287 -0.106
v -0.118 0.293 -0.104
v -0.086 0.255 -0.105
v -0.235 0.117 0.121
v -0.261 0.118 0.101
v -0.252 0.119 0.116
v -0.218 0.114 0.117
v -0.259 0.113 0.075
v -0.201 0.111 0.107
v -0.244 0.108 0.033
v -0.176 0.107 0.085
v -0.154 0.106 0.06
v -0.228 0.107 0.003
v -0.14 0.108 0.038
v -0.211 0.109 -0.018
v -0.183 0.115 -0.045
v -0.104 0.119 -0.016
v -0.165 0.12 -0.064
v 0.141 1.696 0.012
v 0.124 1.697 0.015
v 0.124 1.703 0.024
v 0.115 1.701 0.019
v 0.111 1.692 0.011
v 0.092 1.707 0.026
v 0.117 1.714 0.031
v 0.103 1.7 0.001
v 0.083 1.707 0.018
v 0.082 1.7 0.011
v 0.073 1.708 0.012
v -0.183 1.313 0.142
v -0.199 1.314 0.157
v -0.198 1.309 0.141
v -0.187 1.317 0.156
v -0.207 1.317 0.161
v -0.173 1.314 0.16
v -0.17 1.307 0.143
v 0.096 0.899 -0.013
v 0.07 0.919 0.02
v 0.118 0.925 0.022
v 0.118 0.903 -0.008
v 0.119 0.887 -0.05
v 0.139 0.905 -0.017
v 0.134 0.914 0.001
v 0.164 0.925 0.011
v 0.13 1.552 0.05
v 0.126 1.562 0.042
v 0.136 1.562 0.046
v 0.137 1.553 0.051
v 0.147 1.55 0.046
v 0.149 1.521 0.048
v 0.144 1.517 0.047
v 0.144 1.488 0.046
v 0.153 1.484 0.054
v 0.159 1.512 0.049
v 0.153 1.526 0.044
v 0.165 1.495 0.057
v 0.17 1.513 0.046
v 0.178 1.468 0.067
v 0.181 1.493 0.065
v 0.174 1.512 0.054
v 0.121 0.264 -0.181
v 0.161 0.292 -0.182
v 0.125 0.295 -0.181
v 0.158 0.26 -0.183
v -0.211 1.392 0.16
v -0.198 1.352 0.151
v -0.194 1.368 0.16
v -0.202 1.383 0.162
v -0.195 1.374 0.171
v -0.179 1.35 0.166
v -0.187 1.355 0.154
v -0.173 1.314 0.16
v -0.167 1.302 0.164
v -0.2 1.387 0.172
v -0.203 1.417 0.169
v -0.2 1.415 0.175
v -0.208 1.426 0.174
v -0.209 1.424 0.183
v -0.201 1.412 0.183
v -0.206 1.412 0.187
v -0.207 1.383 0.181
v -0.206 1.372 0.182
v -0.166 1.313 0.182
v -0.16 1.287 0.177
v -0.164 1.279 0.169
v -0.166 1.268 0.172
v -0.156 1.278 0.197
v -0.156 1.292 0.184
v -0.151 1.298 0.212
v -0.152 1.298 0.237
v -0.182 1.354 0.178
v -0.175 1.327 0.197
v -0.186 1.354 0.189
v -0.196 1.362 0.189
v -0.187 1.349 0.207
v -0.199 1.359 0.203
v -0.162 1.317 0.212
v -0.148 1.31 0.228
v -0.173 1.332 0.216
v -0.178 1.346 0.229
v -0.201 1.369 0.227
v -0.156 1.324 0.229
v -0.147 1.314 0.237
v -0.137 1.319 0.25
v -0.136 1.328 0.243
v -0.153 1.327 0.241
v -0.115 1.344 0.251
v -0.137 1.321 0.258
v -0.159 1.299 0.243
v -0.115 1.348 0.258
v -0.106 1.36 0.252
v -0.175 1.347 0.243
v -0.169 1.344 0.248
v -0.161 1.338 0.247
v -0.191 1.361 0.239
v -0.18 1.355 0.246
v -0.178 1.346 0.251
v -0.183 1.378 0.253
v -0.191 1.377 0.246
v -0.176 1.374 0.257
v -0.195 1.391 0.247
v -0.176 1.366 0.263
v -0.174 1.419 0.271
v -0.191 1.378 0.254
v -0.182 1.415 0.263
v -0.176 1.429 0.275
v -0.172 1.424 0.283
v -0.161 1.405 0.277
v -0.16 1.414 0.272
v -0.183 1.366 0.273
v -0.157 1.424 0.283
v -0.165 1.405 0.283
v -0.162 1.424 0.287
v -0.158 1.345 0.274
v -0.159 1.328 0.249
v -0.166 1.319 0.25
v -0.152 1.346 0.265
v -0.135 1.377 0.268
v -0.139 1.374 0.276
v -0.155 1.352 0.258
v -0.161 1.338 0.247
v -0.153 1.327 0.241
v -0.139 1.378 0.261
v -0.13 1.398 0.263
v -0.131 1.398 0.27
v -0.145 1.378 0.28
v -0.138 1.403 0.267
v -0.203 1.417 0.169
v -0.211 1.392 0.16
v -0.202 1.383 0.162
v -0.209 1.417 0.167
v -0.219 1.395 0.166
v -0.208 1.426 0.174
v -0.216 1.386 0.18
v -0.206 1.372 0.182
v -0.214 1.366 0.179
v -0.207 1.383 0.181
v -0.212 1.411 0.186
v -0.206 1.412 0.187
v -0.209 1.424 0.183
v -0.145 1.378 0.28
v -0.139 1.374 0.276
v -0.158 1.345 0.274
v -0.164 1.346 0.276
v -0.183 1.317 0.25
v -0.166 1.319 0.25
v -0.177 1.305 0.24
v -0.165 1.305 0.248
v -0.146 1.332 0.26
v -0.142 1.326 0.263
v -0.15 1.38 0.278
v -0.169 1.35 0.274
v -0.138 1.403 0.267
v -0.153 1.384 0.273
v -0.131 1.398 0.27
v -0.12 1.353 0.261
v -0.125 1.355 0.258
v -0.115 1.348 0.258
v -0.137 1.321 0.258
v -0.106 1.36 0.252
v -0.114 1.365 0.255
v -0.169 1.344 0.248
v -0.178 1.346 0.251
v -0.175 1.347 0.243
v -0.168 1.36 0.264
v -0.163 1.358 0.258
v 0.145 0.107 -0.188
v 0.167 0.106 -0.171
v 0.148 0.13 -0.189
v 0.172 0.127 -0.171
v 0.147 0.165 -0.182
v 0.185 0.126 -0.156
v 0.181 0.106 -0.154
v 0.168 0.158 -0.166
v 0.148 0.192 -0.174
v 0.174 0.187 -0.15
v 0.186 0.154 -0.148
v 0.193 0.12 -0.14
v 0.19 0.106 -0.139
v 0.198 0.129 -0.138
v 0.234 0.109 -0.091
v 0.193 0.164 -0.138
v 0.187 0.191 -0.134
v 0.239 0.118 -0.091
v 0.25 0.107 -0.068
v 0.218 0.141 -0.109
v 0.231 0.155 -0.084
v 0.205 0.165 -0.119
v 0.192 0.197 -0.119
v 0.254 0.116 -0.068
v 0.247 0.151 -0.059
v 0.264 0.108 -0.037
v 0.211 0.179 -0.095
v 0.269 0.118 -0.034
v 0.205 0.192 -0.076
v 0.185 0.209 -0.113
v 0.19 0.201 -0.072
v 0.202 0.187 -0.053
v 0.225 0.172 -0.077
v 0.216 0.183 -0.064
v 0.225 0.172 -0.054
v 0.232 0.167 -0.066
v 0.245 0.157 -0.022
v 0.253 0.15 -0.005
v 0.272 0.133 0.003
v 0.264 0.144 0.02
v 0.279 0.122 0.005
v 0.276 0.113 0.007
v 0.276 0.117 0.032
v 0.277 0.127 0.029
v 0.266 0.119 0.046
v 0.265 0.128 0.046
v 0.262 0.138 0.039
v 0.256 0.147 0.03
v -0.196 1.362 0.189
v -0.206 1.372 0.182
v -0.195 1.374 0.171
v -0.206 1.365 0.189
v -0.207 1.36 0.199
v -0.199 1.359 0.203
v -0.209 1.369 0.226
v -0.201 1.369 0.227
v -0.203 1.395 0.25
v -0.195 1.391 0.247
v -0.182 1.415 0.263
v -0.183 1.426 0.27
v -0.176 1.429 0.275
v -0.185 1.427 0.277
v -0.179 1.426 0.284
v -0.172 1.424 0.283
v 0.209 1.593 -0.138
v 0.194 1.598 -0.153
v 0.212 1.567 -0.172
v 0.224 1.573 -0.147
v 0.236 1.56 -0.154
v 0.249 1.547 -0.164
v 0.252 1.552 -0.14
v 0.247 1.557 -0.125
v 0.214 1.584 -0.122
v 0.236 1.563 -0.122
v 0.259 1.536 -0.163
v 0.26 1.503 -0.198
v 0.277 1.52 -0.16
v 0.27 1.51 -0.182
v 0.282 1.467 -0.201
v 0.271 1.444 -0.219
v 0.212 1.595 -0.137
v 0.199 1.601 -0.153
v 0.21 1.571 -0.1
v 0.231 1.555 -0.096
v 0.215 1.586 -0.118
v 0.197 1.611 -0.145
v 0.182 1.604 -0.163
v 0.205 1.607 -0.129
v 0.174 1.638 -0.148
v 0.16 1.627 -0.163
v 0.188 1.635 -0.133
v 0.202 1.604 -0.111
v 0.192 1.631 -0.118
v 0.198 1.588 -0.095
v 0.19 1.624 -0.105
v 0.199 1.558 -0.078
v 0.202 1.558 -0.085
v 0.189 1.541 -0.064
v 0.186 1.581 -0.079
v 0.175 1.602 -0.08
v 0.184 1.616 -0.093
v 0.185 1.539 -0.057
v 0.18 1.568 -0.07
v 0.175 1.523 -0.046
v 0.164 1.513 -0.034
v 0.163 1.509 -0.035
v 0.182 1.634 -0.085
v 0.174 1.623 -0.078
v 0.168 1.629 -0.071
v 0.15 1.608 -0.069
v 0.181 1.663 -0.066
v 0.171 1.646 -0.064
v 0.191 1.634 -0.105
v 0.167 1.634 -0.063
v 0.146 1.612 -0.064
v 0.156 1.613 -0.056
v 0.173 1.637 -0.05
v 0.182 1.669 -0.046
v 0.192 1.654 -0.111
v 0.167 1.638 -0.033
v 0.187 1.672 -0.072
v 0.185 1.67 -0.06
v 0.195 1.691 -0.064
v 0.19 1.673 -0.085
v 0.196 1.692 -0.077
v 0.2 1.711 -0.058
v 0.193 1.681 -0.098
v 0.19 1.67 -0.102
v 0.185 1.675 -0.115
v 0.184 1.682 -0.12
v 0.173 1.682 -0.131
v 0.187 1.657 -0.124
v 0.174 1.671 -0.132
v 0.161 1.682 -0.139
v 0.176 1.638 -0.141
v -0.082 0.287 -0.106
v -0.086 0.255 -0.105
v -0.068 0.252 -0.075
v -0.06 0.283 -0.075
v -0.064 0.287 -0.075
v -0.068 0.255 -0.039
v -0.083 0.29 -0.102
v -0.06 0.285 -0.038
v -0.097 0.262 -0.003
v -0.089 0.292 -0.004
v -0.064 0.289 -0.04
v -0.089 0.296 -0.009
v -0.066 0.338 -0.02
v -0.07 0.381 -0.002
v -0.04 0.424 -0.018
v -0.042 0.479 0.004
v -0.008 0.475 -0.036
v -0.036 0.374 -0.037
v -0.041 0.367 -0.078
v -0.052 0.326 -0.052
v -0.025 0.529 -0.009
v -0.036 0.53 0.005
v -0.069 0.319 -0.093
v -0.05 0.413 -0.101
v -0.067 0.387 -0.111
v -0.062 0.425 -0.115
v -0.054 0.487 -0.122
v -0.021 0.561 -0.003
v -0.046 0.559 0.014
v -0.04 0.585 0.016
v -0.035 0.417 -0.088
v -0.026 0.48 -0.098
v -0.012 0.476 -0.085
v -0.013 0.525 -0.075
v -0.034 0.529 -0.096
v -0.054 0.539 -0.115
v -0.026 0.553 -0.09
v -0.055 0.562 -0.114
v -0.008 0.564 -0.078
v -0.009 0.528 -0.031
v -0.006 0.54 -0.034
v -0.033 0.59 -0.106
v -0.051 0.588 -0.118
v -0.032 0.603 -0.109
v -0.014 0.587 -0.092
v -0.007 0.552 -0.061
v -0.01 0.563 -0.021
v 0 0.568 -0.039
v 0.008 0.595 -0.04
v -0.011 0.58 -0.009
v 0.019 0.685 -0.004
v -0.02 0.657 0.021
v -0.01 0.695 0.022
v -0.001 0.592 -0.083
v -0.006 0.607 -0.103
v -0.003 0.573 -0.076
v 0.009 0.603 -0.076
v 0.048 0.777 -0.013
v 0.019 0.79 0.015
v 0.045 0.81 0
v 0.047 0.86 0.012
v 0.072 0.871 -0.002
v 0.07 0.919 0.02
v 0.096 0.899 -0.013
v 0.078 0.848 -0.012
v 0.097 0.861 -0.035
v 0.119 0.887 -0.05
v 0.057 0.762 -0.043
v 0.093 0.836 -0.047
v 0.116 0.88 -0.067
v 0.085 0.829 -0.078
v 0.118 0.883 -0.089
v 0.092 0.879 -0.13
v 0.039 0.728 -0.026
v 0.057 0.76 -0.055
v 0.032 0.68 -0.045
v 0.027 0.678 -0.068
v 0.022 0.646 -0.04
v 0.017 0.629 -0.049
v 0.015 0.637 -0.071
v 0.066 0.827 -0.109
v 0.062 0.842 -0.123
v 0.055 0.757 -0.072
v 0.04 0.759 -0.1
v 0.036 0.83 -0.136
v 0.053 0.862 -0.141
v 0.015 0.764 -0.125
v -0.007 0.685 -0.113
v 0.013 0.676 -0.091
v -0.018 0.662 -0.114
v -0.003 0.641 -0.095
v 0.014 0.657 -0.081
v 0.002 0.621 -0.089
v -0.022 0.631 -0.108
v -0.03 0.662 -0.119
v -0.036 0.643 -0.12
v -0.037 0.614 -0.111
v -0.191 1.378 0.254
v -0.167 1.419 0.269
v -0.174 1.419 0.271
v -0.183 1.378 0.253
v -0.196 1.361 0.242
v -0.191 1.361 0.239
v 0.317 1.409 0.005
v 0.315 1.382 0.016
v 0.295 1.385 0.009
v 0.335 1.379 0.027
v 0.09 1.662 -0.117
v 0.086 1.684 -0.122
v 0.074 1.685 -0.114
v 0.087 1.647 -0.113
v 0.075 1.649 -0.112
v 0.087 1.635 -0.109
v 0.074 1.626 -0.103
v 0.093 1.64 -0.114
v 0.092 1.651 -0.119
v 0.194 1.433 0.069
v 0.185 1.431 0.056
v 0.178 1.437 0.062
v 0.185 1.445 0.076
v 0.203 1.444 0.079
v 0.132 0.197 -0.178
v 0.15 0.192 -0.169
v 0.143 0.227 -0.168
v 0.166 0.227 -0.153
v 0.147 0.248 -0.169
v 0.166 0.211 -0.154
v 0.176 0.189 -0.143
v 0.174 0.227 -0.128
v 0.186 0.193 -0.125
v 0.183 0.208 -0.115
v 0.172 0.213 -0.099
v 0.166 0.23 -0.103
v 0.168 0.262 -0.103
v 0.177 0.259 -0.127
v 0.17 0.261 -0.151
v 0.15 0.264 -0.169
v 0.108 0.296 -0.113
v 0.112 0.299 -0.115
v 0.141 0.298 -0.086
v 0.14 0.294 -0.081
v 0.182 0.291 -0.087
v 0.178 0.294 -0.092
v -0.082 0.287 -0.106
v -0.083 0.29 -0.102
v -0.118 0.293 -0.104
v -0.116 0.296 -0.101
v -0.142 0.297 -0.072
v -0.138 0.3 -0.07
v -0.141 0.302 -0.042
v -0.145 0.3 -0.041
v -0.127 0.301 -0.012
v -0.131 0.299 -0.007
v -0.089 0.292 -0.004
v -0.089 0.296 -0.009
v 0.2 1.511 0.104
v 0.201 1.5 0.103
v 0.174 1.496 0.107
v 0.17 1.502 0.109
v 0.174 1.513 0.104
v 0.162 1.506 0.104
v 0.166 1.491 0.101
v 0.178 1.48 0.096
v 0.197 1.55 0.054
v 0.184 1.551 0.049
v 0.196 1.538 0.039
v 0.182 1.551 0.056
v 0.174 1.541 0.056
v 0.156 1.559 0.073
v 0.16 1.562 0.08
v 0.164 1.559 0.087
v 0.198 1.548 0.062
v 0.147 1.55 0.085
v 0.152 1.547 0.091
v 0.144 1.502 0.087
v 0.164 1.491 0.072
v 0.157 1.499 0.072
v 0.144 1.511 0.083
v 0.152 1.501 0.063
v 0.145 1.517 0.095
v 0.151 1.511 0.099
v 0.152 1.502 0.095
v 0.153 1.531 0.1
v 0.15 1.53 0.091
v 0.14 1.53 0.086
v 0.16 1.544 0.092
v 0.165 1.542 0.102
v 0.164 1.536 0.105
v 0.152 1.547 0.091
v 0.147 1.55 0.085
v 0.138 1.513 0.077
v 0.139 1.517 0.071
v 0.144 1.521 0.066
v 0.138 1.529 0.076
v 0.145 1.532 0.07
v 0.146 1.541 0.073
v 0.147 1.551 0.078
v 0.151 1.546 0.071
v 0.156 1.559 0.073
v 0.16 1.562 0.08
v 0.144 1.548 -0.055
v 0.135 1.569 -0.058
v 0.15 1.542 -0.048
v 0.151 1.533 -0.05
v 0.147 1.537 -0.056
v 0.163 1.509 -0.035
v 0.164 1.513 -0.034
v 0.207 1.535 0.079
v 0.19 1.541 0.072
v 0.207 1.531 0.062
v 0.189 1.54 0.08
v 0.165 1.542 0.102
v 0.181 1.536 0.076
v 0.16 1.544 0.092
v 0.101 0.107 -0.179
v 0.126 0.107 -0.195
v 0.111 0.108 -0.191
v 0.099 0.107 -0.157
v 0.108 0.107 -0.131
v 0.145 0.107 -0.188
v 0.167 0.106 -0.171
v 0.129 0.106 -0.099
v 0.181 0.106 -0.154
v 0.19 0.106 -0.139
v 0.196 1.82 -0.034
v 0.164 1.814 -0.005
v 0.163 1.834 -0.019
v 0.185 1.834 -0.034
v -0.165 0.197 -0.044
v -0.158 0.193 -0.049
v -0.159 0.209 -0.036
v -0.158 0.189 -0.06
v -0.15 0.191 -0.063
v -0.123 0.192 -0.089
v -0.121 0.191 -0.094
v -0.106 0.196 -0.098
v -0.104 0.195 -0.102
v -0.092 0.197 -0.1
v -0.094 0.198 -0.096
v -0.089 0.195 -0.084
v -0.119 1.324 -0.059
v -0.122 1.313 -0.053
v -0.146 1.334 -0.06
v -0.144 1.34 -0.063
v -0.15 1.38 0.278
v -0.169 1.358 0.27
v -0.153 1.384 0.273
v -0.168 1.36 0.264
v -0.183 1.336 0.253
v -0.178 1.346 0.251
v -0.154 1.383 0.266
v -0.163 1.358 0.258
v -0.138 1.403 0.267
v -0.138 1.397 0.259
v -0.15 1.378 0.261
v 0.125 0.295 -0.181
v 0.127 0.298 -0.177
v 0.105 0.296 -0.15
v 0.161 0.292 -0.182
v 0.16 0.295 -0.179
v 0.194 1.668 -0.057
v 0.205 1.694 -0.061
v 0.185 1.67 -0.06
v 0.195 1.691 -0.064
v 0.2 1.711 -0.058
v 0.211 1.712 -0.056
v 0.178 1.501 0.091
v 0.189 1.496 0.096
v 0.183 1.506 0.087
v 0.182 1.495 0.097
v 0.201 1.5 0.103
v 0.174 1.496 0.107
v -0.006 0.607 -0.103
v -0.022 0.631 -0.108
v -0.032 0.603 -0.109
v -0.033 0.59 -0.106
v -0.014 0.587 -0.092
v -0.051 0.588 -0.118
v -0.062 0.584 -0.114
v -0.094 0.593 -0.103
v -0.055 0.562 -0.114
v -0.076 0.577 -0.105
v -0.108 0.586 -0.087
v -0.083 0.557 -0.103
v -0.054 0.539 -0.115
v -0.103 0.544 -0.099
v -0.054 0.487 -0.122
v -0.105 0.486 -0.107
v -0.071 0.468 -0.116
v -0.062 0.425 -0.115
v -0.105 0.437 -0.107
v -0.086 0.399 -0.11
v -0.105 0.394 -0.108
v -0.067 0.387 -0.111
v -0.116 0.296 -0.101
v -0.083 0.29 -0.102
v 0.126 1.562 0.042
v 0.134 1.533 0.032
v 0.132 1.561 0.036
v 0.126 1.552 0.044
v 0.13 1.552 0.05
v 0.14 1.508 0.039
v 0.143 1.512 0.032
v 0.144 1.517 0.047
v 0.144 1.488 0.046
v -0.193 1.261 0.153
v -0.204 1.28 0.144
v -0.204 1.269 0.151
v -0.195 1.256 0.155
v -0.178 1.253 0.155
v 0.115 0.172 -0.188
v 0.13 0.197 -0.182
v 0.118 0.2 -0.18
v 0.127 0.169 -0.191
v 0.148 0.192 -0.174
v 0.111 0.135 -0.19
v 0.147 0.165 -0.182
v 0.128 0.135 -0.195
v 0.111 0.108 -0.191
v 0.148 0.13 -0.189
v 0.126 0.107 -0.195
v 0.145 0.107 -0.188
v -0.005 1.111 -0.141
v -0.028 1.112 -0.117
v -0.031 1.108 -0.121
v -0.011 1.107 -0.142
v 0.017 1.106 -0.164
v 0.015 1.11 -0.158
v 0.042 1.111 -0.174
v 0.042 1.106 -0.177
v 0.072 1.112 -0.182
v -0.166 1.319 0.25
v -0.159 1.328 0.249
v -0.146 1.332 0.26
v -0.14 1.342 0.254
v -0.125 1.355 0.258
v -0.141 1.335 0.246
v -0.153 1.327 0.241
v -0.113 1.364 0.245
v -0.121 1.363 0.25
v -0.114 1.365 0.255
v -0.12 1.353 0.261
v -0.106 1.36 0.252
v -0.162 1.424 0.287
v -0.163 1.429 0.279
v -0.157 1.424 0.283
v -0.172 1.424 0.283
v -0.174 1.419 0.271
v -0.167 1.419 0.269
v 0.141 1.576 -0.065
v 0.165 1.595 -0.074
v 0.149 1.581 -0.063
v 0.135 1.569 -0.058
v 0.126 1.568 -0.064
v 0.123 1.566 -0.06
v 0.11 1.575 -0.07
v 0.11 1.572 -0.064
v 0.102 1.583 -0.073
v 0.097 1.598 -0.09
v 0.093 1.6 -0.092
v 0.092 1.611 -0.106
v 0.088 1.611 -0.107
v 0.094 1.624 -0.125
v 0.091 1.623 -0.125
v 0.1 1.636 -0.142
v -0.139 0.231 -0.024
v -0.146 0.214 -0.021
v -0.156 0.209 -0.039
v -0.146 0.228 -0.05
v -0.158 0.193 -0.049
v -0.159 0.209 -0.036
v -0.15 0.191 -0.063
v -0.138 0.248 -0.036
v -0.128 0.267 -0.024
v -0.139 0.266 -0.047
v -0.138 0.211 -0.075
v -0.123 0.192 -0.089
v -0.116 0.226 -0.088
v -0.136 0.237 -0.072
v -0.132 0.265 -0.071
v -0.113 0.263 -0.091
v -0.137 1.319 0.25
v -0.152 1.298 0.237
v -0.159 1.299 0.243
v -0.167 1.279 0.21
v -0.156 1.278 0.197
v -0.17 1.27 0.191
v -0.166 1.268 0.172
v -0.175 1.263 0.175
v -0.187 1.271 0.184
v -0.191 1.267 0.172
v -0.185 1.283 0.204
v -0.177 1.305 0.24
v -0.165 1.305 0.248
v -0.137 1.321 0.258
v -0.142 1.326 0.263
v -0.146 1.325 -0.041
v -0.147 1.321 -0.038
v -0.172 1.328 -0.047
v -0.155 1.33 -0.054
v -0.173 1.331 -0.055
v -0.146 1.334 -0.06
v -0.168 1.333 -0.07
v -0.124 1.306 -0.041
v -0.147 1.321 -0.038
v -0.146 1.325 -0.041
v -0.128 1.304 -0.038
v -0.122 1.255 -0.114
v -0.118 1.248 -0.089
v -0.107 1.258 -0.103
v -0.14 1.256 -0.121
v -0.145 1.247 -0.112
v -0.166 1.272 -0.128
v 0.15 1.568 0.044
v 0.145 1.553 0.057
v 0.154 1.56 0.05
v 0.138 1.555 0.056
v 0.14 1.539 0.057
v 0.151 1.534 0.062
v 0.145 1.673 0.01
v 0.156 1.674 0.002
v 0.144 1.641 -0.009
v 0.153 1.703 0.005
v 0.17 1.72 -0.014
v 0.173 1.692 -0.021
v 0.156 1.655 -0.01
v 0.167 1.73 -0.009
v 0.178 1.711 -0.021
v 0.14 1.715 0.019
v 0.141 1.696 0.012
v 0.125 1.715 0.029
v 0.156 1.744 0.006
v 0.14 1.751 0.018
v 0.145 1.767 0.012
v 0.179 1.688 -0.028
v 0.156 1.619 -0.032
v 0.151 1.646 -0.008
v 0.137 1.603 -0.029
v 0.185 1.709 -0.033
v 0.184 1.717 -0.021
v 0.189 1.717 -0.036
v 0.184 1.689 -0.038
v 0.191 1.68 -0.049
v 0.188 1.699 -0.042
v 0.197 1.717 -0.039
v 0.19 1.693 -0.055
v 0.195 1.717 -0.043
v 0.154 1.611 -0.042
v 0.131 1.592 -0.039
v 0.105 1.582 -0.023
v 0.111 1.581 -0.031
v 0.124 1.59 -0.055
v 0.116 1.582 -0.045
v 0.151 1.546 0.071
v 0.151 1.534 0.062
v 0.145 1.532 0.07
v 0.149 1.554 0.064
v 0.144 1.559 0.075
v 0.163 1.573 0.06
v 0.145 1.553 0.057
v 0.159 1.562 0.058
v 0.154 1.56 0.05
v -0.153 1.327 0.241
v -0.147 1.314 0.237
v -0.141 1.335 0.246
v -0.136 1.328 0.243
v -0.119 1.347 0.245
v -0.113 1.364 0.245
v -0.115 1.344 0.251
v -0.106 1.36 0.252
v 0.141 1.531 0.066
v 0.151 1.534 0.062
v 0.14 1.539 0.057
v 0.145 1.532 0.07
v 0.102 1.583 -0.073
v 0.083 1.565 -0.074
v 0.093 1.6 -0.092
v 0.079 1.58 -0.09
v 0.076 1.593 -0.108
v 0.088 1.611 -0.107
v 0.164 1.511 0.097
v 0.174 1.513 0.104
v 0.162 1.506 0.104
v 0.197 1.52 0.095
v 0.2 1.511 0.104
v 0.207 1.515 0.093
v 0.21 1.518 0.081
v 0.194 1.523 0.091
v 0.185 1.518 0.092
v 0.167 1.506 0.09
v 0.158 1.506 0.097
v 0.156 1.744 0.006
v 0.184 1.725 -0.01
v 0.167 1.73 -0.009
v 0.184 1.736 0.002
v 0.199 1.724 -0.014
v 0.203 1.733 -0.005
v 0.221 1.727 -0.028
v 0.219 1.718 -0.038
v 0.195 1.719 -0.024
v 0.184 1.717 -0.021
v 0.17 1.72 -0.014
v 0.189 1.717 -0.036
v 0.197 1.717 -0.039
v 0.211 1.715 -0.047
v 0.195 1.717 -0.043
v 0.206 1.712 -0.054
v 0.227 1.715 -0.057
v 0.218 1.71 -0.061
v 0.218 1.704 -0.08
v 0.211 1.712 -0.056
v 0.2 1.711 -0.058
v 0.207 1.694 -0.078
v 0.196 1.692 -0.077
v 0.193 1.681 -0.098
v 0.201 1.683 -0.1
v 0.193 1.682 -0.117
v 0.184 1.682 -0.12
v 0.172 1.688 -0.144
v 0.173 1.682 -0.131
v 0.197 1.688 -0.122
v 0.161 1.682 -0.139
v 0.189 1.696 -0.139
v 0.176 1.697 -0.151
v 0.151 1.684 -0.143
v 0.157 1.696 -0.156
v 0.151 1.687 -0.151
v 0.134 1.69 -0.154
v 0.127 1.688 -0.146
v 0.139 1.696 -0.16
v 0.113 1.693 -0.143
v 0.121 1.704 -0.163
v 0.114 1.696 -0.152
v 0.173 1.11 -0.183
v 0.171 1.114 -0.18
v 0.141 1.11 -0.187
v 0.197 1.115 -0.169
v 0.2 1.111 -0.172
v 0.224 1.117 -0.152
v 0.228 1.114 -0.155
v 0.248 1.119 -0.132
v 0.252 1.116 -0.134
v 0.177 1.524 0.078
v 0.178 1.535 0.076
v 0.165 1.526 0.084
v 0.161 1.533 0.084
v 0.157 1.514 0.082
v 0.182 1.669 -0.046
v 0.191 1.68 -0.049
v 0.194 1.668 -0.057
v 0.201 1.695 -0.054
v 0.19 1.693 -0.055
v 0.195 1.717 -0.043
v 0.205 1.694 -0.061
v 0.206 1.712 -0.054
v 0.211 1.715 -0.047
v 0.083 1.565 -0.074
v 0.07 1.529 -0.055
v 0.062 1.535 -0.065
v 0.09 1.55 -0.061
v 0.102 1.583 -0.073
v 0.11 1.572 -0.064
v 0.087 1.541 -0.064
v 0.064 1.52 -0.055
v 0.098 1.553 -0.065
v 0.093 1.544 -0.067
v 0.102 1.535 -0.057
v 0.11 1.567 -0.062
v 0.123 1.566 -0.06
v 0.108 1.552 -0.052
v 0.117 1.535 -0.047
v 0.119 1.556 -0.049
v 0.121 1.566 -0.056
v 0.129 1.55 -0.047
v 0.135 1.563 -0.057
v 0.135 1.569 -0.058
v 0.144 1.548 -0.055
v 0.131 1.531 -0.05
v 0.114 1.53 -0.044
v 0.147 1.537 -0.056
v 0.165 1.517 0.034
v 0.157 1.518 0.027
v 0.169 1.506 0.023
v 0.157 1.527 0.036
v 0.15 1.55 0.04
v 0.144 1.557 0.035
v 0.138 1.565 0.04
v 0.153 1.526 0.044
v 0.159 1.512 0.049
v 0.147 1.55 0.046
v 0.136 1.562 0.046
v 0.149 1.521 0.048
v -0.124 1.306 -0.041
v -0.114 1.282 -0.041
v -0.12 1.283 -0.038
v -0.123 1.261 -0.04
v 0.075 1.698 -0.122
v 0.078 1.686 -0.129
v 0.083 1.714 -0.14
v 0.079 1.716 -0.131
v 0.082 1.731 -0.14
v 0.078 1.73 -0.125
v 0.152 1.501 0.063
v 0.157 1.499 0.072
v 0.158 1.505 0.06
v 0.162 1.502 0.07
v 0.152 1.501 0.063
v 0.158 1.505 0.06
v 0.144 1.521 0.066
v 0.156 1.518 0.065
v 0.151 1.526 0.071
v 0.145 1.532 0.07
v 0.158 1.538 0.072
v 0.151 1.546 0.071
v -0.167 1.419 0.269
v -0.183 1.378 0.253
v -0.176 1.374 0.257
v -0.16 1.414 0.272
v -0.163 1.429 0.279
v -0.157 1.424 0.283
v 0.132 1.561 0.036
v 0.144 1.557 0.035
v 0.138 1.565 0.04
v 0.126 1.562 0.042
v 0.136 1.562 0.046
v 0.16 1.544 0.092
v 0.15 1.53 0.091
v 0.152 1.547 0.091
v 0.164 1.559 0.087
v 0.167 1.553 0.089
v 0.181 1.536 0.076
v 0.19 1.541 0.072
v 0.158 1.538 0.072
v 0.174 1.541 0.056
v 0.151 1.546 0.071
v 0.177 1.532 0.069
v 0.163 1.536 0.079
v 0.178 1.535 0.076
v 0.161 1.533 0.084
v 0.172 1.489 0.081
v 0.185 1.498 0.083
v 0.18 1.493 0.087
v 0.189 1.496 0.096
v 0.18 1.49 0.096
v -0.207 1.294 0.145
v -0.193 1.307 0.141
v -0.198 1.309 0.141
v -0.183 1.308 0.142
v -0.183 1.313 0.142
v -0.17 1.307 0.143
v -0.173 1.303 0.143
v -0.161 1.294 0.147
v -0.165 1.292 0.147
v -0.163 1.269 0.15
v -0.159 1.271 0.15
v -0.164 1.256 0.155
v -0.168 1.259 0.154
v -0.178 1.25 0.158
v -0.233 0.127 0.122
v -0.252 0.119 0.116
v -0.252 0.128 0.115
v -0.235 0.117 0.121
v -0.216 0.124 0.118
v -0.218 0.114 0.117
v -0.198 0.121 0.108
v -0.201 0.111 0.107
v 0.212 1.463 0.08
v 0.211 1.447 0.077
v 0.203 1.444 0.079
v 0.207 1.432 0.079
v 0.218 1.438 0.079
v 0.216 1.417 0.078
v 0.232 1.418 0.078
v 0.251 1.402 0.079
v 0.232 1.43 0.071
v 0.258 1.373 0.08
v 0.237 1.434 0.066
v 0.214 1.452 0.065
v 0.296 1.387 0.074
v 0.287 1.368 0.086
v 0.297 1.331 0.081
v 0.329 1.362 0.077
v 0.319 1.34 0.089
v 0.32 1.309 0.079
v 0.335 1.324 0.089
v 0.351 1.343 0.076
v 0.372 1.327 0.072
v 0.358 1.303 0.085
v 0.344 1.286 0.075
v 0.338 1.279 0.064
v -0.213 1.287 0.169
v -0.208 1.278 0.17
v -0.212 1.266 0.158
v -0.211 1.274 0.143
v -0.213 1.296 0.155
v -0.209 1.298 0.163
v -0.213 1.287 0.142
v -0.199 1.314 0.157
v -0.207 1.294 0.145
v -0.198 1.309 0.141
v -0.209 1.298 0.163
v -0.208 1.278 0.17
v -0.213 1.287 0.169
v -0.201 1.278 0.17
v -0.197 1.263 0.172
v -0.191 1.267 0.172
v -0.175 1.263 0.175
v -0.178 1.258 0.175
v -0.166 1.268 0.172
v -0.164 1.265 0.172
v -0.16 1.277 0.168
v -0.164 1.279 0.169
v -0.167 1.302 0.164
v -0.164 1.301 0.164
v -0.173 1.314 0.16
v 0.098 1.71 -0.15
v 0.114 1.696 -0.152
v 0.105 1.718 -0.16
v 0.121 1.704 -0.163
v 0.126 1.725 -0.17
v 0.109 1.735 -0.169
v 0.146 1.722 -0.169
v 0.152 1.749 -0.171
v 0.139 1.696 -0.16
v 0.164 1.726 -0.165
v 0.157 1.696 -0.156
v 0.179 1.712 -0.154
v 0.176 1.697 -0.151
v 0.188 1.747 -0.159
v 0.171 1.748 -0.168
v 0.172 1.771 -0.164
v 0.189 1.768 -0.156
v 0.189 1.789 -0.15
v 0.17 1.792 -0.159
v 0.166 1.814 -0.152
v 0.144 1.81 -0.16
v 0.152 1.772 -0.169
v 0.148 1.792 -0.165
v 0.118 1.804 -0.164
v 0.119 1.791 -0.17
v 0.092 1.792 -0.165
v 0.12 1.778 -0.173
v 0.099 1.781 -0.17
v 0.084 1.771 -0.164
v 0.129 1.751 -0.174
v 0.112 1.757 -0.174
v 0.097 1.766 -0.17
v 0.081 1.756 -0.162
v 0.095 1.732 -0.157
v 0.078 1.743 -0.155
v 0.088 1.727 -0.147
v 0.152 1.577 0.041
v 0.138 1.555 0.056
v 0.15 1.568 0.044
v 0.131 1.556 0.06
v 0.14 1.539 0.057
v 0.135 1.566 0.062
v 0.146 1.576 0.053
v 0.14 1.567 0.069
v 0.13 1.555 0.069
v 0.141 1.531 0.066
v 0.134 1.555 0.075
v 0.145 1.532 0.07
v -0.13 1.398 0.263
v -0.138 1.403 0.267
v -0.138 1.397 0.259
v -0.139 1.378 0.261
v -0.15 1.378 0.261
v -0.155 1.352 0.258
v -0.163 1.358 0.258
v -0.154 1.383 0.266
v -0.169 1.344 0.248
v -0.161 1.338 0.247
v 0.112 1.638 0.001
v 0.098 1.63 -0.004
v 0.082 1.636 0.003
v 0.073 1.631 -0.004
v 0.08 1.629 -0.006
v 0.068 1.632 -0.017
v 0.064 1.635 -0.01
v 0.162 1.502 0.07
v 0.157 1.499 0.072
v 0.164 1.491 0.072
v 0.17 1.499 0.073
v 0.165 1.509 0.078
v 0.157 1.514 0.082
v -0.207 1.294 0.145
v -0.213 1.287 0.142
v -0.204 1.28 0.144
v -0.211 1.274 0.143
v 0.18 1.568 -0.07
v 0.186 1.581 -0.079
v 0.199 1.558 -0.078
v 0.165 1.595 -0.074
v 0.175 1.602 -0.08
v 0.169 1.556 -0.059
v 0.185 1.539 -0.057
v 0.164 1.513 -0.034
v 0.155 1.552 -0.053
v 0.15 1.542 -0.048
v 0.135 1.569 -0.058
v 0.149 1.581 -0.063
v 0.17 1.601 -0.08
v 0.184 1.616 -0.093
v 0.174 1.623 -0.078
v 0.159 1.601 -0.073
v 0.133 1.591 -0.068
v 0.15 1.608 -0.069
v 0.141 1.576 -0.065
v 0.126 1.568 -0.064
v 0.126 1.601 -0.066
v 0.11 1.575 -0.07
v 0.117 1.584 -0.07
v 0.11 1.599 -0.077
v 0.398 0 -0.019
v 0.359 0.085 -0.115
v 0.38 0 -0.121
v 0.377 0.085 -0.018
v 0.39 0 0.085
v 0.367 0.1 -0.017
v 0.35 0.1 -0.112
v 0.359 0.1 0.078
v 0.369 0.085 0.08
v 0.354 0 0.183
v 0.327 0.1 0.168
v 0.335 0.085 0.173
v 0.295 0 0.268
v 0.272 0.1 0.247
v 0.279 0.085 0.254
v 0.215 0 0.335
v 0.199 0.1 0.309
v 0.204 0.085 0.317
v 0.121 0 0.38
v 0.112 0.1 0.35
v 0.115 0.085 0.359
v 0.019 0 0.398
v 0.017 0.1 0.367
v 0.018 0.085 0.377
v -0.085 0 0.39
v -0.078 0.1 0.359
v -0.08 0.085 0.369
v -0.183 0 0.354
v -0.168 0.1 0.327
v -0.173 0.085 0.335
v -0.268 0 0.295
v -0.247 0.1 0.272
v -0.254 0.085 0.279
v -0.335 0 0.215
v -0.309 0.1 0.199
v -0.317 0.085 0.204
v -0.38 0 0.121
v -0.35 0.1 0.112
v -0.359 0.085 0.115
v -0.398 0 0.019
v -0.367 0.1 0.017
v -0.377 0.085 0.018
v -0.39 0 -0.085
v -0.359 0.1 -0.078
v -0.369 0.085 -0.08
v -0.354 0 -0.183
v -0.327 0.1 -0.168
v -0.335 0.085 -0.173
v -0.295 0 -0.268
v -0.272 0.1 -0.247
v -0.279 0.085 -0.254
v -0.215 0 -0.335
v -0.199 0.1 -0.309
v -0.204 0.085 -0.317
v -0.121 0 -0.38
v -0.112 0.1 -0.35
v -0.115 0.085 -0.359
v -0.019 0 -0.398
v -0.017 0.1 -0.367
v -0.018 0.085 -0.377
v 0.085 0 -0.39
v 0.078 0.1 -0.359
v 0.08 0.085 -0.369
v 0.183 0 -0.354
v 0.168 0.1 -0.327
v 0.173 0.085 -0.335
v 0.268 0 -0.295
v 0.247 0.1 -0.272
v 0.254 0.085 -0.279
v 0.335 0 -0.215
v 0.309 0.1 -0.199
v 0.317 0.085 -0.204
v 0.38 0 -0.121
v 0.35 0.1 -0.112
v 0.359 0.085 -0.115
v 0.108 1.605 0.01
v 0.185 1.493 0.091
v 0.188 1.497 0.093
v 0.111 1.609 0.012
v 0.111 1.609 0.012
v 0.188 1.497 0.093
v 0.187 1.499 0.097
v 0.11 1.611 0.016
v 0.11 1.611 0.016
v 0.187 1.499 0.097
v 0.182 1.498 0.1
v 0.105 1.61 0.019
v 0.105 1.61 0.019
v 0.182 1.498 0.1
v 0.179 1.494 0.098
v 0.102 1.607 0.017
v 0.102 1.607 0.017
v 0.179 1.494 0.098
v 0.18 1.492 0.093
v 0.103 1.604 0.012
v 0.103 1.604 0.012
v 0.18 1.492 0.093
v 0.185 1.493 0.091
v 0.108 1.605 0.01
v -0.186 1.318 0.199
v -0.182 1.365 0.084
v -0.189 1.363 0.083
v -0.18 1.32 0.199
v -0.179 1.317 0.205
v -0.17 1.321 0.201
v -0.172 1.318 0.207
v -0.161 1.32 0.208
v -0.165 1.318 0.212
v -0.155 1.318 0.217
v -0.16 1.316 0.218
v -0.153 1.315 0.226
v -0.159 1.314 0.225
v -0.152 1.313 0.232
v -0.031 1.338 0.232
v -0.031 1.336 0.238
v -0.221 1.55 0.157
v -0.226 1.503 0.272
v -0.228 1.548 0.157
v -0.219 1.505 0.272
v -0.219 1.502 0.278
v -0.211 1.503 0.28
v -0.209 1.506 0.274
v -0.205 1.503 0.285
v -0.2 1.505 0.281
v -0.199 1.501 0.291
v -0.194 1.503 0.29
v -0.192 1.5 0.299
v -0.198 1.499 0.299
v -0.192 1.498 0.305
v -0.07 1.521 0.311
v -0.07 1.523 0.305
v -0.189 1.363 0.083
v -0.228 1.548 0.157
v -0.226 1.503 0.272
v -0.186 1.318 0.199
v -0.226 1.503 0.272
v -0.219 1.502 0.278
v -0.179 1.317 0.205
v -0.186 1.318 0.199
v -0.152 1.313 0.232
v -0.192 1.498 0.305
v -0.07 1.521 0.311
v -0.031 1.336 0.238
v -0.17 1.321 0.201
v -0.156 1.331 0.183
v -0.158 1.34 0.16
v -0.18 1.32 0.199
v -0.172 1.318 0.207
v -0.179 1.317 0.205
v -0.219 1.502 0.278
v -0.211 1.503 0.28
v -0.192 1.498 0.305
v -0.152 1.313 0.232
v -0.159 1.314 0.225
v -0.198 1.499 0.299
v -0.111 1.331 0.206
v -0.135 1.327 0.204
v -0.155 1.318 0.217
v -0.153 1.315 0.226
v -0.198 1.499 0.299
v -0.159 1.314 0.225
v -0.16 1.316 0.218
v -0.199 1.501 0.291
v -0.108 1.522 0.289
v -0.079 1.526 0.294
v -0.07 1.523 0.305
v -0.192 1.5 0.299
v -0.031 1.336 0.238
v -0.07 1.521 0.311
v -0.07 1.523 0.305
v -0.031 1.338 0.232
v -0.07 1.523 0.305
v -0.079 1.526 0.294
v -0.04 1.341 0.221
v -0.031 1.338 0.232
v -0.17 1.364 0.093
v -0.209 1.549 0.166
v -0.221 1.55 0.157
v -0.182 1.365 0.084
v -0.182 1.365 0.084
v -0.221 1.55 0.157
v -0.228 1.548 0.157
v -0.189 1.363 0.083
v -0.16 1.316 0.218
v -0.165 1.318 0.212
v -0.205 1.503 0.285
v -0.199 1.501 0.291
v -0.165 1.318 0.212
v -0.172 1.318 0.207
v -0.211 1.503 0.28
v -0.205 1.503 0.285
v -0.174 1.512 0.277
v -0.2 1.505 0.281
v -0.161 1.32 0.208
v -0.135 1.327 0.204
v -0.161 1.32 0.208
v -0.2 1.505 0.281
v -0.195 1.516 0.256
v -0.156 1.331 0.183
v -0.15 1.517 0.279
v -0.174 1.512 0.277
v -0.135 1.327 0.204
v -0.111 1.331 0.206
v -0.205 1.539 0.194
v -0.209 1.549 0.166
v -0.17 1.364 0.093
v -0.166 1.354 0.12
v -0.108 1.522 0.289
v -0.15 1.517 0.279
v -0.111 1.331 0.206
v -0.069 1.336 0.216
v -0.195 1.516 0.256
v -0.197 1.525 0.233
v -0.158 1.34 0.16
v -0.156 1.331 0.183
v -0.197 1.525 0.233
v -0.195 1.516 0.256
v -0.209 1.506 0.274
v -0.219 1.505 0.272
v -0.194 1.503 0.29
v -0.174 1.512 0.277
v -0.15 1.517 0.279
v -0.192 1.5 0.299
v -0.031 1.338 0.232
v -0.04 1.341 0.221
v -0.069 1.336 0.216
v -0.153 1.315 0.226
v -0.197 1.525 0.233
v -0.205 1.539 0.194
v -0.166 1.354 0.12
v -0.158 1.34 0.16
v -0.04 1.341 0.221
v -0.079 1.526 0.294
v -0.108 1.522 0.289
v -0.069 1.336 0.216
v -0.221 1.55 0.157
v -0.209 1.549 0.166
v -0.205 1.539 0.194
v -0.219 1.505 0.272
v -0.166 1.354 0.12
v -0.17 1.364 0.093
v -0.182 1.365 0.084
v -0.18 1.32 0.199
v 0.081 1.741 -0.125
v 0.081 1.746 -0.124
v 0.09 1.74 -0.136
v 0.088 1.735 -0.135
v 0.09 1.74 -0.136
v 0.097 1.728 -0.144
v 0.097 1.727 -0.144
v 0.094 1.726 -0.142
v 0.092 1.726 -0.141
v 0.088 1.735 -0.135
v 0.078 1.741 -0.121
v 0.081 1.746 -0.124
v 0.081 1.741 -0.125
v 0.078 1.745 -0.12
v 0.038 1.721 -0.062
v 0.032 1.723 -0.052
v 0.032 1.717 -0.054
v 0.017 1.709 -0.032
v 0.017 1.715 -0.03
v 0.016 1.714 -0.03
v 0.017 1.709 -0.031
v 0.08 1.741 -0.125
v 0.087 1.735 -0.136
v 0.089 1.741 -0.137
v 0.08 1.746 -0.125
v 0.096 1.728 -0.145
v 0.096 1.729 -0.145
v 0.089 1.741 -0.137
v 0.093 1.726 -0.143
v 0.091 1.727 -0.142
v 0.087 1.735 -0.136
v 0.077 1.741 -0.122
v 0.08 1.741 -0.125
v 0.08 1.746 -0.125
v 0.077 1.745 -0.121
v 0.03 1.723 -0.053
v 0.037 1.722 -0.063
v 0.031 1.717 -0.054
v 0.016 1.716 -0.031
v 0.016 1.709 -0.033
v 0.015 1.71 -0.031
v 0.015 1.714 -0.03
v 0.017 1.709 -0.031
v 0.015 1.71 -0.031
v 0.015 1.714 -0.03
v 0.016 1.714 -0.03
v 0.017 1.715 -0.03
v 0.016 1.716 -0.031
v 0.03 1.723 -0.053
v 0.032 1.723 -0.052
v 0.032 1.717 -0.054
v 0.031 1.717 -0.054
v 0.016 1.709 -0.033
v 0.017 1.709 -0.032
v 0.08 1.746 -0.125
v 0.089 1.741 -0.137
v 0.09 1.74 -0.136
v 0.081 1.746 -0.124
v 0.087 1.735 -0.136
v 0.08 1.741 -0.125
v 0.081 1.741 -0.125
v 0.088 1.735 -0.135
v 0.089 1.741 -0.137
v 0.096 1.729 -0.145
v 0.097 1.728 -0.144
v 0.09 1.74 -0.136
v 0.097 1.727 -0.144
v 0.096 1.728 -0.145
v 0.093 1.726 -0.143
v 0.094 1.726 -0.142
v 0.092 1.726 -0.141
v 0.091 1.727 -0.142
v 0.087 1.735 -0.136
v 0.088 1.735 -0.135
v 0.077 1.745 -0.121
v 0.08 1.746 -0.125
v 0.081 1.746 -0.124
v 0.078 1.745 -0.12
v 0.08 1.741 -0.125
v 0.077 1.741 -0.122
v 0.078 1.741 -0.121
v 0.081 1.741 -0.125
v 0.016 1.709 -0.033
v 0.015 1.71 -0.031
v 0.017 1.709 -0.031
v 0.017 1.709 -0.032
v 0.015 1.714 -0.03
v 0.016 1.716 -0.031
v 0.017 1.715 -0.03
v 0.016 1.714 -0.03
v 0.096 1.729 -0.145
v 0.096 1.728 -0.145
v 0.097 1.727 -0.144
v 0.097 1.728 -0.144
v 0.093 1.726 -0.143
v 0.091 1.727 -0.142
v 0.092 1.726 -0.141
v 0.094 1.726 -0.142
v 0.038 1.721 -0.062
v 0.037 1.722 -0.063
v 0.031 1.717 -0.054
v 0.032 1.717 -0.054
v 0.032 1.723 -0.052
v 0.03 1.723 -0.053
v 0.077 1.745 -0.121
v 0.078 1.745 -0.12
v 0.077 1.741 -0.122
v 0.037 1.722 -0.063
v 0.038 1.721 -0.062
v 0.078 1.741 -0.121
v 0.021 1.701 -0.03
v 0.022 1.7 -0.03
v 0.024 1.7 -0.028
v 0.024 1.7 -0.027
v 0.02 1.704 -0.03
v 0.024 1.703 -0.026
v 0.019 1.706 -0.03
v 0.025 1.706 -0.025
v 0.016 1.715 -0.03
v 0.018 1.707 -0.031
v 0.016 1.708 -0.031
v 0.015 1.709 -0.032
v 0.015 1.714 -0.03
v 0.026 1.709 -0.023
v 0.024 1.715 -0.023
v 0.028 1.71 -0.021
v 0.033 1.714 -0.016
v 0.033 1.711 -0.017
v 0.042 1.713 -0.009
v 0.042 1.709 -0.01
v 0.052 1.71 -0.002
v 0.052 1.707 -0.004
v 0.061 1.706 0.003
v 0.061 1.702 0.001
v 0.068 1.701 0.006
v 0.064 1.698 0.002
v 0.069 1.697 0.005
v 0.069 1.702 0.007
v 0.068 1.696 0.004
v 0.069 1.698 0.006
v 0.067 1.694 0.003
v 0.066 1.694 0.002
v 0.066 1.693 0.002
v 0.075 1.701 0.011
v 0.075 1.697 0.01
v 0.08 1.696 0.013
v 0.08 1.7 0.014
v 0.081 1.695 0.013
v 0.081 1.699 0.015
v 0.086 1.695 0.016
v 0.082 1.693 0.013
v 0.083 1.691 0.013
v 0.085 1.691 0.014
v 0.084 1.691 0.013
v 0.089 1.698 0.019
v 0.088 1.702 0.02
v 0.098 1.7 0.025
v 0.098 1.703 0.026
v 0.108 1.699 0.031
v 0.108 1.703 0.032
v 0.118 1.698 0.036
v 0.118 1.701 0.037
v 0.124 1.695 0.039
v 0.129 1.699 0.042
v 0.126 1.693 0.039
v 0.138 1.696 0.047
v 0.128 1.69 0.039
v 0.135 1.688 0.043
v 0.129 1.687 0.039
v 0.134 1.687 0.041
v 0.129 1.684 0.038
v 0.133 1.684 0.04
v 0.13 1.683 0.038
v 0.132 1.683 0.039
v 0.136 1.689 0.044
v 0.138 1.69 0.045
v 0.138 1.691 0.045
v 0.139 1.695 0.047
v 0.019 1.7 -0.028
v 0.022 1.699 -0.026
v 0.02 1.699 -0.028
v 0.023 1.7 -0.025
v 0.018 1.703 -0.028
v 0.023 1.703 -0.024
v 0.017 1.705 -0.028
v 0.023 1.705 -0.023
v 0.014 1.715 -0.028
v 0.016 1.707 -0.028
v 0.014 1.707 -0.029
v 0.014 1.709 -0.029
v 0.013 1.714 -0.028
v 0.025 1.708 -0.021
v 0.022 1.715 -0.021
v 0.027 1.709 -0.019
v 0.031 1.714 -0.014
v 0.032 1.71 -0.015
v 0.041 1.712 -0.007
v 0.041 1.709 -0.008
v 0.051 1.71 0
v 0.05 1.706 -0.001
v 0.06 1.705 0.005
v 0.059 1.702 0.004
v 0.067 1.701 0.009
v 0.063 1.697 0.005
v 0.067 1.696 0.008
v 0.068 1.701 0.009
v 0.067 1.695 0.007
v 0.068 1.697 0.008
v 0.066 1.693 0.005
v 0.064 1.693 0.004
v 0.065 1.692 0.004
v 0.073 1.7 0.013
v 0.073 1.696 0.012
v 0.079 1.696 0.015
v 0.079 1.699 0.016
v 0.08 1.695 0.015
v 0.08 1.699 0.017
v 0.084 1.694 0.018
v 0.08 1.693 0.015
v 0.081 1.69 0.015
v 0.083 1.69 0.016
v 0.083 1.69 0.016
v 0.088 1.697 0.022
v 0.087 1.701 0.022
v 0.097 1.699 0.028
v 0.096 1.703 0.028
v 0.107 1.698 0.034
v 0.107 1.702 0.035
v 0.117 1.697 0.039
v 0.117 1.701 0.04
v 0.123 1.695 0.041
v 0.127 1.699 0.045
v 0.125 1.693 0.042
v 0.137 1.696 0.049
v 0.127 1.69 0.042
v 0.134 1.687 0.045
v 0.128 1.687 0.041
v 0.133 1.686 0.044
v 0.128 1.684 0.04
v 0.132 1.683 0.043
v 0.129 1.682 0.04
v 0.131 1.682 0.042
v 0.135 1.688 0.046
v 0.137 1.689 0.047
v 0.137 1.69 0.048
v 0.137 1.695 0.049
v 0.023 1.7 -0.025
v 0.024 1.7 -0.026
v 0.023 1.699 -0.027
v 0.022 1.699 -0.026
v 0.022 1.699 -0.026
v 0.023 1.699 -0.027
v 0.02 1.699 -0.028
v 0.022 1.7 -0.03
v 0.024 1.7 -0.028
v 0.019 1.7 -0.028
v 0.02 1.699 -0.028
v 0.022 1.7 -0.03
v 0.021 1.701 -0.03
v 0.023 1.705 -0.023
v 0.024 1.706 -0.024
v 0.024 1.703 -0.025
v 0.023 1.703 -0.024
v 0.017 1.705 -0.028
v 0.018 1.703 -0.028
v 0.02 1.704 -0.03
v 0.019 1.706 -0.03
v 0.023 1.703 -0.024
v 0.024 1.703 -0.025
v 0.024 1.7 -0.026
v 0.023 1.7 -0.025
v 0.018 1.703 -0.028
v 0.019 1.7 -0.028
v 0.021 1.701 -0.03
v 0.02 1.704 -0.03
v 0.075 1.701 0.011
v 0.068 1.701 0.009
v 0.069 1.702 0.007
v 0.073 1.7 0.013
v 0.079 1.699 0.016
v 0.08 1.7 0.014
v 0.068 1.697 0.008
v 0.075 1.697 0.01
v 0.069 1.698 0.006
v 0.073 1.696 0.012
v 0.079 1.696 0.015
v 0.08 1.696 0.013
v 0.014 1.709 -0.029
v 0.014 1.707 -0.029
v 0.016 1.708 -0.031
v 0.015 1.709 -0.032
v 0.013 1.714 -0.028
v 0.014 1.709 -0.029
v 0.015 1.709 -0.032
v 0.015 1.714 -0.03
v 0.014 1.715 -0.028
v 0.013 1.714 -0.028
v 0.015 1.714 -0.03
v 0.016 1.715 -0.03
v 0.031 1.714 -0.014
v 0.022 1.715 -0.021
v 0.024 1.715 -0.023
v 0.033 1.714 -0.016
v 0.032 1.71 -0.015
v 0.032 1.71 -0.016
v 0.028 1.71 -0.02
v 0.027 1.709 -0.019
v 0.022 1.715 -0.021
v 0.014 1.715 -0.028
v 0.016 1.715 -0.03
v 0.024 1.715 -0.023
v 0.027 1.709 -0.019
v 0.028 1.71 -0.02
v 0.025 1.708 -0.022
v 0.025 1.708 -0.021
v 0.016 1.707 -0.028
v 0.017 1.705 -0.028
v 0.019 1.706 -0.03
v 0.018 1.707 -0.031
v 0.025 1.708 -0.021
v 0.025 1.708 -0.022
v 0.024 1.706 -0.024
v 0.023 1.705 -0.023
v 0.014 1.707 -0.029
v 0.016 1.707 -0.028
v 0.018 1.707 -0.031
v 0.016 1.708 -0.031
v 0.041 1.712 -0.007
v 0.031 1.714 -0.014
v 0.033 1.714 -0.016
v 0.042 1.713 -0.009
v 0.041 1.709 -0.008
v 0.041 1.709 -0.009
v 0.032 1.71 -0.016
v 0.032 1.71 -0.015
v 0.051 1.71 0
v 0.041 1.712 -0.007
v 0.042 1.713 -0.009
v 0.052 1.71 -0.002
v 0.05 1.706 -0.001
v 0.051 1.706 -0.002
v 0.041 1.709 -0.009
v 0.041 1.709 -0.008
v 0.06 1.705 0.005
v 0.051 1.71 0
v 0.052 1.71 -0.002
v 0.061 1.706 0.003
v 0.059 1.702 0.004
v 0.06 1.702 0.002
v 0.051 1.706 -0.002
v 0.05 1.706 -0.001
v 0.068 1.701 0.009
v 0.067 1.701 0.009
v 0.068 1.701 0.006
v 0.069 1.702 0.007
v 0.067 1.696 0.008
v 0.068 1.697 0.008
v 0.069 1.698 0.006
v 0.069 1.697 0.005
v 0.067 1.695 0.007
v 0.067 1.696 0.008
v 0.069 1.697 0.005
v 0.068 1.696 0.004
v 0.067 1.701 0.009
v 0.06 1.705 0.005
v 0.061 1.706 0.003
v 0.068 1.701 0.006
v 0.063 1.697 0.005
v 0.064 1.697 0.004
v 0.06 1.702 0.002
v 0.059 1.702 0.004
v 0.066 1.693 0.005
v 0.066 1.693 0.003
v 0.065 1.692 0.004
v 0.067 1.694 0.003
v 0.066 1.693 0.002
v 0.065 1.692 0.004
v 0.066 1.693 0.003
v 0.065 1.694 0.003
v 0.064 1.693 0.004
v 0.067 1.694 0.003
v 0.066 1.693 0.005
v 0.067 1.695 0.007
v 0.068 1.696 0.004
v 0.064 1.693 0.004
v 0.065 1.694 0.003
v 0.064 1.697 0.004
v 0.063 1.697 0.005
v 0.065 1.694 0.003
v 0.066 1.693 0.003
v 0.066 1.693 0.002
v 0.066 1.694 0.002
v 0.064 1.697 0.004
v 0.065 1.694 0.003
v 0.066 1.694 0.002
v 0.064 1.698 0.002
v 0.06 1.702 0.002
v 0.064 1.697 0.004
v 0.064 1.698 0.002
v 0.061 1.702 0.001
v 0.051 1.706 -0.002
v 0.06 1.702 0.002
v 0.061 1.702 0.001
v 0.052 1.707 -0.004
v 0.041 1.709 -0.009
v 0.051 1.706 -0.002
v 0.052 1.707 -0.004
v 0.042 1.709 -0.01
v 0.032 1.71 -0.016
v 0.041 1.709 -0.009
v 0.042 1.709 -0.01
v 0.033 1.711 -0.017
v 0.028 1.71 -0.02
v 0.032 1.71 -0.016
v 0.033 1.711 -0.017
v 0.028 1.71 -0.021
v 0.025 1.708 -0.022
v 0.028 1.71 -0.02
v 0.028 1.71 -0.021
v 0.026 1.709 -0.023
v 0.024 1.706 -0.024
v 0.025 1.708 -0.022
v 0.026 1.709 -0.023
v 0.025 1.706 -0.025
v 0.024 1.703 -0.025
v 0.024 1.706 -0.024
v 0.025 1.706 -0.025
v 0.024 1.703 -0.026
v 0.024 1.7 -0.026
v 0.024 1.703 -0.025
v 0.024 1.703 -0.026
v 0.024 1.7 -0.027
v 0.023 1.699 -0.027
v 0.024 1.7 -0.026
v 0.024 1.7 -0.027
v 0.024 1.7 -0.028
v 0.199 1.721 -0.048
v 0.204 1.715 -0.059
v 0.204 1.72 -0.061
v 0.199 1.725 -0.047
v 0.205 1.708 -0.066
v 0.205 1.707 -0.068
v 0.206 1.709 -0.071
v 0.204 1.715 -0.059
v 0.206 1.71 -0.071
v 0.204 1.72 -0.061
v 0.197 1.721 -0.044
v 0.199 1.721 -0.048
v 0.199 1.725 -0.047
v 0.197 1.725 -0.043
v 0.159 1.703 0.013
v 0.153 1.704 0.024
v 0.2 1.721 -0.047
v 0.201 1.725 -0.046
v 0.206 1.72 -0.06
v 0.205 1.715 -0.058
v 0.207 1.709 -0.071
v 0.207 1.707 -0.068
v 0.206 1.708 -0.065
v 0.205 1.715 -0.058
v 0.208 1.71 -0.071
v 0.206 1.72 -0.06
v 0.198 1.721 -0.043
v 0.201 1.725 -0.046
v 0.2 1.721 -0.047
v 0.198 1.725 -0.042
v 0.154 1.704 0.024
v 0.16 1.703 0.014
v 0.137 1.691 0.045
v 0.137 1.696 0.046
v 0.139 1.695 0.047
v 0.138 1.691 0.045
v 0.138 1.697 0.046
v 0.154 1.704 0.024
v 0.139 1.697 0.046
v 0.153 1.704 0.024
v 0.198 1.725 -0.042
v 0.197 1.725 -0.043
v 0.153 1.698 0.022
v 0.138 1.69 0.044
v 0.139 1.69 0.044
v 0.154 1.698 0.023
v 0.201 1.725 -0.046
v 0.199 1.725 -0.047
v 0.204 1.72 -0.061
v 0.206 1.72 -0.06
v 0.205 1.715 -0.058
v 0.204 1.715 -0.059
v 0.199 1.721 -0.048
v 0.2 1.721 -0.047
v 0.206 1.72 -0.06
v 0.204 1.72 -0.061
v 0.206 1.71 -0.071
v 0.208 1.71 -0.071
v 0.206 1.709 -0.071
v 0.205 1.707 -0.068
v 0.207 1.707 -0.068
v 0.207 1.709 -0.071
v 0.205 1.708 -0.066
v 0.204 1.715 -0.059
v 0.205 1.715 -0.058
v 0.206 1.708 -0.065
v 0.198 1.725 -0.042
v 0.197 1.725 -0.043
v 0.199 1.725 -0.047
v 0.201 1.725 -0.046
v 0.2 1.721 -0.047
v 0.199 1.721 -0.048
v 0.197 1.721 -0.044
v 0.198 1.721 -0.043
v 0.139 1.69 0.044
v 0.138 1.69 0.044
v 0.137 1.691 0.045
v 0.138 1.691 0.045
v 0.139 1.695 0.047
v 0.137 1.696 0.046
v 0.138 1.697 0.046
v 0.139 1.697 0.046
v 0.138 1.691 0.045
v 0.139 1.695 0.047
v 0.139 1.697 0.046
v 0.139 1.69 0.044
v 0.154 1.698 0.023
v 0.154 1.704 0.024
v 0.16 1.703 0.014
v 0.138 1.69 0.044
v 0.137 1.696 0.046
v 0.137 1.691 0.045
v 0.138 1.697 0.046
v 0.153 1.704 0.024
v 0.153 1.698 0.022
v 0.159 1.703 0.013
v 0.208 1.71 -0.071
v 0.206 1.71 -0.071
v 0.206 1.709 -0.071
v 0.207 1.709 -0.071
v 0.207 1.707 -0.068
v 0.205 1.707 -0.068
v 0.205 1.708 -0.066
v 0.206 1.708 -0.065
v 0.159 1.703 0.013
v 0.153 1.698 0.022
v 0.154 1.698 0.023
v 0.16 1.703 0.014
v 0.198 1.721 -0.043
v 0.197 1.721 -0.044
v 0.159 1.703 0.013
v 0.16 1.703 0.014
v 0.128 1.684 0.04
v 0.129 1.682 0.04
v 0.13 1.683 0.039
v 0.129 1.684 0.039
v 0.129 1.682 0.04
v 0.131 1.682 0.042
v 0.13 1.683 0.039
v 0.132 1.683 0.039
v 0.13 1.683 0.038
v 0.132 1.683 0.043
v 0.133 1.684 0.04
v 0.132 1.683 0.039
v 0.131 1.682 0.042
v 0.127 1.69 0.042
v 0.128 1.687 0.041
v 0.128 1.687 0.04
v 0.127 1.69 0.041
v 0.134 1.687 0.045
v 0.135 1.688 0.043
v 0.134 1.687 0.041
v 0.133 1.686 0.044
v 0.128 1.687 0.041
v 0.128 1.684 0.04
v 0.129 1.684 0.039
v 0.128 1.687 0.04
v 0.133 1.686 0.044
v 0.134 1.687 0.041
v 0.133 1.684 0.04
v 0.132 1.683 0.043
v 0.137 1.69 0.048
v 0.138 1.691 0.045
v 0.138 1.69 0.045
v 0.137 1.689 0.047
v 0.137 1.695 0.049
v 0.139 1.695 0.047
v 0.138 1.691 0.045
v 0.137 1.69 0.048
v 0.137 1.696 0.049
v 0.138 1.696 0.047
v 0.139 1.695 0.047
v 0.137 1.695 0.049
v 0.117 1.701 0.04
v 0.118 1.701 0.037
v 0.129 1.699 0.042
v 0.127 1.699 0.045
v 0.117 1.697 0.039
v 0.123 1.695 0.041
v 0.123 1.695 0.04
v 0.118 1.697 0.038
v 0.127 1.699 0.045
v 0.129 1.699 0.042
v 0.138 1.696 0.047
v 0.137 1.696 0.049
v 0.123 1.695 0.041
v 0.125 1.693 0.042
v 0.126 1.693 0.041
v 0.123 1.695 0.04
v 0.135 1.688 0.046
v 0.136 1.689 0.044
v 0.135 1.688 0.043
v 0.134 1.687 0.045
v 0.125 1.693 0.042
v 0.127 1.69 0.042
v 0.127 1.69 0.041
v 0.126 1.693 0.041
v 0.137 1.689 0.047
v 0.138 1.69 0.045
v 0.136 1.689 0.044
v 0.135 1.688 0.046
v 0.107 1.702 0.035
v 0.108 1.703 0.032
v 0.118 1.701 0.037
v 0.117 1.701 0.04
v 0.107 1.698 0.034
v 0.117 1.697 0.039
v 0.118 1.697 0.038
v 0.108 1.699 0.032
v 0.096 1.703 0.028
v 0.098 1.703 0.026
v 0.108 1.703 0.032
v 0.107 1.702 0.035
v 0.097 1.699 0.028
v 0.107 1.698 0.034
v 0.108 1.699 0.032
v 0.097 1.699 0.026
v 0.087 1.701 0.022
v 0.088 1.702 0.02
v 0.098 1.703 0.026
v 0.096 1.703 0.028
v 0.088 1.697 0.022
v 0.097 1.699 0.028
v 0.097 1.699 0.026
v 0.088 1.698 0.02
v 0.079 1.699 0.016
v 0.08 1.7 0.014
v 0.081 1.699 0.015
v 0.08 1.699 0.017
v 0.08 1.695 0.015
v 0.081 1.695 0.013
v 0.08 1.696 0.013
v 0.079 1.696 0.015
v 0.08 1.693 0.015
v 0.082 1.693 0.013
v 0.081 1.695 0.013
v 0.08 1.695 0.015
v 0.08 1.699 0.017
v 0.081 1.699 0.015
v 0.088 1.702 0.02
v 0.087 1.701 0.022
v 0.084 1.694 0.018
v 0.088 1.697 0.022
v 0.088 1.698 0.02
v 0.085 1.694 0.017
v 0.081 1.69 0.015
v 0.083 1.69 0.016
v 0.083 1.69 0.014
v 0.083 1.691 0.013
v 0.084 1.691 0.013
v 0.083 1.69 0.016
v 0.083 1.69 0.016
v 0.084 1.691 0.015
v 0.083 1.69 0.014
v 0.083 1.691 0.013
v 0.082 1.693 0.013
v 0.08 1.693 0.015
v 0.081 1.69 0.015
v 0.083 1.69 0.016
v 0.084 1.694 0.018
v 0.085 1.694 0.017
v 0.084 1.691 0.015
v 0.084 1.691 0.015
v 0.085 1.691 0.014
v 0.084 1.691 0.013
v 0.083 1.69 0.014
v 0.085 1.694 0.017
v 0.086 1.695 0.016
v 0.085 1.691 0.014
v 0.084 1.691 0.015
v 0.088 1.698 0.02
v 0.089 1.698 0.019
v 0.086 1.695 0.016
v 0.085 1.694 0.017
v 0.097 1.699 0.026
v 0.098 1.7 0.025
v 0.089 1.698 0.019
v 0.088 1.698 0.02
v 0.108 1.699 0.032
v 0.108 1.699 0.031
v 0.098 1.7 0.025
v 0.097 1.699 0.026
v 0.118 1.697 0.038
v 0.118 1.698 0.036
v 0.108 1.699 0.031
v 0.108 1.699 0.032
v 0.123 1.695 0.04
v 0.124 1.695 0.039
v 0.118 1.698 0.036
v 0.118 1.697 0.038
v 0.126 1.693 0.041
v 0.126 1.693 0.039
v 0.124 1.695 0.039
v 0.123 1.695 0.04
v 0.127 1.69 0.041
v 0.128 1.69 0.039
v 0.126 1.693 0.039
v 0.126 1.693 0.041
v 0.128 1.687 0.04
v 0.129 1.687 0.039
v 0.128 1.69 0.039
v 0.127 1.69 0.041
v 0.129 1.684 0.039
v 0.129 1.684 0.038
v 0.129 1.687 0.039
v 0.128 1.687 0.04
v 0.13 1.683 0.039
v 0.13 1.683 0.038
v 0.129 1.684 0.038
v 0.129 1.684 0.039
v 0.065 1.682 -0.003
v 0.064 1.681 -0.002
v 0.065 1.687 0.002
v 0.066 1.688 0
v 0.062 1.676 -0.008
v 0.061 1.675 -0.007
v 0.064 1.681 -0.002
v 0.065 1.682 -0.003
v 0.058 1.673 -0.013
v 0.057 1.672 -0.012
v 0.061 1.675 -0.007
v 0.062 1.676 -0.008
v 0.052 1.672 -0.018
v 0.051 1.671 -0.017
v 0.057 1.672 -0.012
v 0.058 1.673 -0.013
v 0.046 1.673 -0.022
v 0.045 1.672 -0.021
v 0.051 1.671 -0.017
v 0.052 1.672 -0.018
v 0.04 1.674 -0.026
v 0.039 1.674 -0.025
v 0.045 1.672 -0.021
v 0.046 1.673 -0.022
v 0.035 1.677 -0.029
v 0.034 1.677 -0.028
v 0.039 1.674 -0.025
v 0.04 1.674 -0.026
v 0.029 1.683 -0.03
v 0.028 1.683 -0.029
v 0.034 1.677 -0.028
v 0.035 1.677 -0.029
v 0.026 1.69 -0.03
v 0.025 1.69 -0.029
v 0.028 1.683 -0.029
v 0.029 1.683 -0.03
v 0.024 1.697 -0.029
v 0.023 1.697 -0.028
v 0.025 1.69 -0.029
v 0.026 1.69 -0.03
v 0.065 1.693 0.004
v 0.066 1.693 0.003
v 0.066 1.688 0
v 0.065 1.687 0.002
v 0.023 1.699 -0.028
v 0.022 1.699 -0.027
v 0.023 1.697 -0.028
v 0.024 1.697 -0.029
v 0.087 1.678 0.011
v 0.085 1.685 0.012
v 0.084 1.684 0.013
v 0.086 1.678 0.012
v 0.091 1.671 0.011
v 0.087 1.678 0.011
v 0.086 1.678 0.012
v 0.091 1.671 0.012
v 0.097 1.667 0.012
v 0.091 1.671 0.011
v 0.091 1.671 0.012
v 0.096 1.666 0.013
v 0.103 1.664 0.014
v 0.097 1.667 0.012
v 0.096 1.666 0.013
v 0.103 1.664 0.015
v 0.11 1.663 0.018
v 0.103 1.664 0.014
v 0.103 1.664 0.015
v 0.109 1.662 0.019
v 0.116 1.663 0.021
v 0.11 1.663 0.018
v 0.109 1.662 0.019
v 0.115 1.662 0.023
v 0.121 1.664 0.025
v 0.116 1.663 0.021
v 0.115 1.662 0.023
v 0.12 1.664 0.026
v 0.126 1.668 0.03
v 0.121 1.664 0.025
v 0.12 1.664 0.026
v 0.125 1.668 0.031
v 0.129 1.675 0.035
v 0.126 1.668 0.03
v 0.125 1.668 0.031
v 0.128 1.674 0.036
v 0.13 1.681 0.038
v 0.129 1.675 0.035
v 0.128 1.674 0.036
v 0.129 1.68 0.039
v 0.083 1.69 0.015
v 0.084 1.684 0.013
v 0.085 1.685 0.012
v 0.084 1.69 0.014
v 0.13 1.683 0.039
v 0.13 1.681 0.038
v 0.129 1.68 0.039
v 0.129 1.683 0.04
v 0.087 1.683 0.015
v 0.084 1.684 0.013
v 0.083 1.69 0.015
v 0.086 1.678 0.012
v 0.084 1.69 0.016
v 0.089 1.676 0.013
v 0.091 1.671 0.012
v 0.094 1.674 0.015
v 0.096 1.666 0.013
v 0.085 1.691 0.017
v 0.085 1.694 0.017
v 0.088 1.697 0.021
v 0.089 1.691 0.02
v 0.097 1.699 0.027
v 0.092 1.682 0.017
v 0.098 1.692 0.025
v 0.107 1.699 0.033
v 0.099 1.681 0.022
v 0.099 1.681 0.022
v 0.101 1.672 0.019
v 0.103 1.664 0.015
v 0.108 1.68 0.027
v 0.107 1.691 0.031
v 0.117 1.697 0.038
v 0.108 1.68 0.027
v 0.108 1.671 0.023
v 0.109 1.662 0.019
v 0.116 1.679 0.031
v 0.117 1.69 0.035
v 0.123 1.695 0.04
v 0.116 1.679 0.031
v 0.115 1.671 0.027
v 0.115 1.662 0.023
v 0.121 1.679 0.034
v 0.122 1.689 0.038
v 0.125 1.693 0.041
v 0.121 1.672 0.031
v 0.12 1.664 0.026
v 0.126 1.687 0.04
v 0.127 1.69 0.041
v 0.128 1.687 0.041
v 0.126 1.68 0.037
v 0.128 1.684 0.04
v 0.126 1.68 0.037
v 0.129 1.683 0.04
v 0.129 1.68 0.039
v 0.128 1.674 0.036
v 0.125 1.673 0.034
v 0.125 1.668 0.031
v 0.126 1.673 0.033
v 0.121 1.664 0.025
v 0.126 1.668 0.03
v 0.129 1.675 0.035
v 0.121 1.672 0.029
v 0.116 1.663 0.021
v 0.126 1.68 0.035
v 0.13 1.681 0.038
v 0.13 1.683 0.039
v 0.129 1.684 0.039
v 0.122 1.68 0.033
v 0.116 1.672 0.026
v 0.11 1.663 0.018
v 0.109 1.672 0.022
v 0.103 1.664 0.014
v 0.116 1.68 0.03
v 0.108 1.681 0.025
v 0.101 1.673 0.018
v 0.097 1.667 0.012
v 0.1 1.681 0.021
v 0.094 1.675 0.014
v 0.091 1.671 0.011
v 0.092 1.682 0.016
v 0.09 1.676 0.012
v 0.088 1.684 0.014
v 0.087 1.678 0.011
v 0.085 1.685 0.012
v 0.084 1.69 0.014
v 0.084 1.691 0.014
v 0.086 1.691 0.016
v 0.085 1.694 0.016
v 0.089 1.698 0.02
v 0.09 1.692 0.019
v 0.098 1.699 0.026
v 0.098 1.692 0.024
v 0.1 1.681 0.021
v 0.108 1.699 0.032
v 0.108 1.692 0.029
v 0.108 1.681 0.025
v 0.118 1.697 0.037
v 0.117 1.69 0.034
v 0.116 1.68 0.03
v 0.124 1.695 0.039
v 0.123 1.689 0.037
v 0.126 1.693 0.04
v 0.127 1.688 0.039
v 0.128 1.69 0.04
v 0.126 1.68 0.035
v 0.129 1.687 0.039
v 0.062 1.687 -0.001
v 0.064 1.693 0.004
v 0.065 1.693 0.004
v 0.065 1.687 0.002
v 0.064 1.681 -0.002
v 0.063 1.694 0.003
v 0.063 1.697 0.004
v 0.059 1.702 0.003
v 0.059 1.696 0
v 0.051 1.706 -0.002
v 0.061 1.68 -0.004
v 0.061 1.675 -0.007
v 0.051 1.699 -0.004
v 0.041 1.709 -0.009
v 0.058 1.687 -0.004
v 0.057 1.68 -0.008
v 0.057 1.672 -0.012
v 0.05 1.688 -0.009
v 0.05 1.688 -0.009
v 0.041 1.701 -0.011
v 0.032 1.71 -0.015
v 0.043 1.69 -0.014
v 0.051 1.68 -0.013
v 0.051 1.671 -0.017
v 0.043 1.69 -0.014
v 0.033 1.703 -0.017
v 0.027 1.709 -0.019
v 0.035 1.692 -0.019
v 0.044 1.681 -0.017
v 0.045 1.672 -0.021
v 0.035 1.692 -0.019
v 0.028 1.703 -0.021
v 0.025 1.708 -0.022
v 0.03 1.693 -0.023
v 0.037 1.683 -0.022
v 0.039 1.674 -0.025
v 0.025 1.703 -0.023
v 0.024 1.706 -0.023
v 0.023 1.703 -0.025
v 0.026 1.695 -0.026
v 0.023 1.7 -0.026
v 0.026 1.695 -0.026
v 0.022 1.699 -0.027
v 0.023 1.697 -0.028
v 0.025 1.69 -0.029
v 0.032 1.685 -0.025
v 0.034 1.677 -0.028
v 0.027 1.688 -0.028
v 0.028 1.683 -0.029
v 0.028 1.688 -0.029
v 0.029 1.683 -0.03
v 0.035 1.677 -0.029
v 0.026 1.69 -0.03
v 0.033 1.686 -0.026
v 0.04 1.674 -0.026
v 0.027 1.695 -0.027
v 0.024 1.697 -0.029
v 0.023 1.699 -0.028
v 0.024 1.7 -0.027
v 0.031 1.694 -0.024
v 0.038 1.683 -0.023
v 0.046 1.673 -0.022
v 0.044 1.682 -0.018
v 0.052 1.672 -0.018
v 0.036 1.692 -0.02
v 0.043 1.69 -0.015
v 0.051 1.681 -0.014
v 0.058 1.673 -0.013
v 0.051 1.689 -0.01
v 0.058 1.68 -0.009
v 0.062 1.676 -0.008
v 0.059 1.688 -0.005
v 0.062 1.681 -0.005
v 0.063 1.688 -0.002
v 0.065 1.682 -0.003
v 0.066 1.688 0
v 0.066 1.693 0.003
v 0.065 1.694 0.003
v 0.064 1.695 0.002
v 0.064 1.698 0.003
v 0.06 1.702 0.002
v 0.059 1.696 -0.001
v 0.052 1.706 -0.003
v 0.051 1.699 -0.006
v 0.051 1.689 -0.01
v 0.042 1.709 -0.01
v 0.042 1.702 -0.012
v 0.043 1.69 -0.015
v 0.033 1.71 -0.016
v 0.034 1.703 -0.018
v 0.036 1.692 -0.02
v 0.028 1.71 -0.02
v 0.029 1.703 -0.022
v 0.026 1.708 -0.023
v 0.026 1.703 -0.024
v 0.025 1.706 -0.024
v 0.027 1.695 -0.027
v 0.024 1.703 -0.026
v 0.15 0.264 -0.169
v 0.17 0.261 -0.151
v 0.177 0.258 -0.149
v 0.177 0.259 -0.127
v 0.156 0.261 -0.175
v 0.127 0.263 -0.17
v 0.191 0.258 -0.121
v 0.184 0.258 -0.154
v 0.158 0.26 -0.183
v 0.121 0.264 -0.181
v 0.178 0.258 -0.087
v 0.168 0.262 -0.103
v 0.104 0.264 -0.15
v 0.142 0.266 -0.1
v 0.111 0.263 -0.147
v 0.107 0.265 -0.115
v 0.118 0.265 -0.149
v 0.113 0.263 -0.118
v 0.121 0.266 -0.125
v 0.139 0.263 -0.081
v 0.142 0.263 -0.09
v 0.158 1.506 0.097
v 0.17 1.493 0.079
v 0.164 1.492 0.083
v 0.152 1.502 0.095
v 0.164 1.491 0.072
v 0.144 1.502 0.087
v -0.136 0.266 -0.006
v -0.097 0.262 -0.003
v -0.101 0.262 -0.01
v -0.068 0.255 -0.039
v -0.128 0.267 -0.024
v -0.102 0.265 -0.022
v -0.139 0.266 -0.047
v -0.074 0.254 -0.042
v -0.082 0.259 -0.047
v -0.143 0.265 -0.06
v -0.152 0.267 -0.039
v -0.147 0.266 -0.073
v -0.132 0.265 -0.071
v -0.124 0.261 -0.104
v -0.075 0.253 -0.071
v -0.068 0.252 -0.075
v -0.081 0.256 -0.074
v -0.086 0.255 -0.105
v -0.092 0.257 -0.094
v -0.121 0.261 -0.095
v -0.113 0.263 -0.091
v 0.187 1.478 0.088
v 0.178 1.48 0.096
v 0.195 1.486 0.094
v 0.168 1.481 0.088
v 0.195 1.483 0.087
v 0.188 1.485 0.076
v 0.07 1.656 -0.003
v 0.074 1.653 0.006
v 0.093 1.66 0.01
v 0.064 1.657 0.006
v 0.068 1.659 0.017
v 0.35 0.1 -0.112
v 0.367 0.1 -0.017
v 0.35 0.106 -0.017
v 0.334 0.106 -0.107
v 0 0.106 0
v 0.309 0.1 -0.199
v 0.342 0.106 0.075
v 0.359 0.1 0.078
v 0.295 0.106 -0.189
v 0.247 0.1 -0.272
v 0.311 0.106 0.161
v 0.327 0.1 0.168
v 0.236 0.106 -0.259
v 0.168 0.1 -0.327
v 0.259 0.106 0.236
v 0.272 0.1 0.247
v 0.161 0.106 -0.311
v 0.189 0.106 0.295
v 0.075 0.106 -0.342
v 0.078 0.1 -0.359
v 0.199 0.1 0.309
v -0.017 0.1 -0.367
v 0.107 0.106 0.334
v 0.112 0.1 0.35
v -0.017 0.106 -0.35
v -0.112 0.1 -0.35
v 0.017 0.106 0.35
v 0.017 0.1 0.367
v -0.107 0.106 -0.334
v -0.199 0.1 -0.309
v -0.075 0.106 0.342
v -0.078 0.1 0.359
v -0.189 0.106 -0.295
v -0.161 0.106 0.311
v -0.259 0.106 -0.236
v -0.272 0.1 -0.247
v -0.168 0.1 0.327
v -0.327 0.1 -0.168
v -0.236 0.106 0.259
v -0.247 0.1 0.272
v -0.311 0.106 -0.161
v -0.359 0.1 -0.078
v -0.295 0.106 0.189
v -0.309 0.1 0.199
v -0.342 0.106 -0.075
v -0.367 0.1 0.017
v -0.334 0.106 0.107
v -0.35 0.1 0.112
v -0.35 0.106 0.017
vt 0.6562 0.0921
vt 0.6582 0.1002
vt 0.6582 0.0903
vt 0.2588 0.2632
vt 0.2537 0.2654
vt 0.2507 0.2734
vt 0.1155 0.0133
vt 0.1261 0.0082
vt 0.124 0.0021
vt 0.8604 0.3901
vt 0.8628 0.3833
vt 0.8564 0.3821
vt 0.9863 0.3086
vt 0.9951 0.3411
vt 0.9951 0.3069
vt 0.2993 0.1373
vt 0.2986 0.1306
vt 0.2886 0.1527
vt 0.2993 0.1921
vt 0.3062 0.1884
vt 0.3015 0.1841
vt 0.1984 0.312
vt 0.192 0.3015
vt 0.1913 0.3142
vt 0.7861 0.3257
vt 0.793 0.3206
vt 0.7881 0.3181
vt 0.5146 0.1309
vt 0.5103 0.1168
vt 0.5103 0.1304
vt 0.9482 0.2869
vt 0.9595 0.2854
vt 0.96 0.2739
vt 0.5078 0.0064
vt 0.5049 0.0021
vt 0.4995 0.0117
vt 0.0939 0.4756
vt 0.1009 0.4727
vt 0.1004 0.4578
vt 0.5752 0.0044
vt 0.5708 0.0021
vt 0.5698 0.0133
vt 0.2668 0.0181
vt 0.2693 0.0197
vt 0.2734 0.002
vt 0.5728 0.1415
vt 0.5698 0.1298
vt 0.5698 0.1328
vt 0.3696 0.083
vt 0.3794 0.098
vt 0.3789 0.0837
vt 0.0438 0.1261
vt 0.0408 0.121
vt 0.0344 0.1318
vt 0.3616 0.026
vt 0.3621 0.0163
vt 0.3589 0.0169
vt 0.2188 0.0021
vt 0.2129 0.0028
vt 0.2279 0.0277
vt 0.3247 0.0068
vt 0.3242 0.0021
vt 0.321 0.0054
vt 0.9077 0.1589
vt 0.918 0.1453
vt 0.9053 0.1564
vt 0.5591 0.1965
vt 0.5645 0.1947
vt 0.5669 0.1847
vt 0.9355 0.0092
vt 0.9351 0.002
vt 0.9321 0.0068
vt 0.24 0.1105
vt 0.2374 0.1007
vt 0.2345 0.1087
vt 0.6499 0.0378
vt 0.6523 0.0294
vt 0.6455 0.0383
vt 0.0548 0.0065
vt 0.0551 0.0021
vt 0.0506 0.009
vt 0.4236 0.0103
vt 0.4219 0.0021
vt 0.4185 0.0052
vt 0.3489 0.7588
vt 0.3542 0.7275
vt 0.3501 0.752
vt 0.7998 0.4211
vt 0.7983 0.4016
vt 0.7969 0.4211
vt 0.8027 0.4211
vt 0.8013 0.4016
vt 0.7998 0.4211
vt 0.8057 0.4211
vt 0.8042 0.4016
vt 0.8027 0.4211
vt 0.8086 0.4211
vt 0.8071 0.4016
vt 0.8057 0.4211
vt 0.8115 0.4211
vt 0.8101 0.4016
vt 0.8086 0.4211
vt 0.814 0.4211
vt 0.8125 0.4016
vt 0.8115 0.4211
vt 0.7969 0.5063
vt 0.7983 0.5088
vt 0.7998 0.5063
vt 0.7998 0.5063
vt 0.8013 0.5088
vt 0.8027 0.5063
vt 0.8027 0.5063
vt 0.8042 0.5088
vt 0.8057 0.5063
vt 0.8057 0.5063
vt 0.8071 0.5088
vt 0.8086 0.5063
vt 0.8086 0.5063
vt 0.8101 0.5088
vt 0.811 0.5063
vt 0.811 0.5063
vt 0.8125 0.5088
vt 0.814 0.5063
vt 0.7671 0.9126
vt 0.7905 0.9126
vt 0.8164 0.9028
vt 0.3767 0.9277
vt 0.3643 0.9277
vt 0.3643 0.9326
vt 0.8833 0.9287
vt 0.8833 0.9331
vt 0.896 0.9331
vt 0.8164 0.9126
vt 0.8164 0.9082
vt 0.8042 0.9126
vt 0.0703 0.9351
vt 0.0703 0.9307
vt 0.0578 0.9307
vt 0.9097 0.9331
vt 0.9331 0.9331
vt 0.8833 0.9233
vt 0.0441 0.9307
vt 0.0208 0.9307
vt 0.0703 0.9404
vt 0.4138 0.9277
vt 0.3904 0.9277
vt 0.3643 0.938
vt 0.4478 0.5166
vt 0.4587 0.5171
vt 0.4468 0.4993
vt 0.4529 0.4978
vt 0.4453 0.4751
vt 0.4663 0.5186
vt 0.459 0.4958
vt 0.4548 0.4888
vt 0.8169 0.5391
vt 0.8022 0.5469
vt 0.8135 0.5454
vt 0.7998 0.5425
vt 0.7969 0.5459
vt 0.8115 0.5366
vt 0.813 0.5244
vt 0.8066 0.5269
vt 0.8091 0.522
vt 0.8203 0.5391
vt 0.8164 0.5142
vt 0.4941 0.2517
vt 0.5005 0.2478
vt 0.5005 0.2418
vt 0.4998 0.2512
vt 0.5034 0.2544
vt 0.5059 0.2502
vt 0.3921 0.7612
vt 0.386 0.752
vt 0.387 0.7573
vt 0.3955 0.7554
vt 0.3984 0.7632
vt 0.4031 0.7583
vt 0.4036 0.7446
vt 0.397 0.7461
vt 0.3918 0.7383
vt 0.4004 0.7319
vt 0.3901 0.7319
vt 0.9253 0.4316
vt 0.918 0.4072
vt 0.9126 0.4084
vt 0.9185 0.4382
vt 0.9312 0.4478
vt 0.9253 0.4575
vt 0.9404 0.4644
vt 0.917 0.4504
vt 0.9365 0.4805
vt 0.9136 0.4583
vt 0.9106 0.439
vt 0.9189 0.4739
vt 0.9258 0.4736
vt 0.9238 0.4861
vt 0.9404 0.4941
vt 0.9272 0.5
vt 0.9424 0.5059
vt 0.9292 0.5098
vt 0.9902 0.5195
vt 0.9849 0.5205
vt 0.9927 0.5269
vt 0.9878 0.5308
vt 0.981 0.5254
vt 0.9858 0.5361
vt 0.9946 0.5361
vt 0.998 0.5337
vt 0.9902 0.5386
vt 0.7861 0.1873
vt 0.7954 0.1873
vt 0.7969 0.1802
vt 0.793 0.1906
vt 0.7896 0.1974
vt 0.7939 0.1947
vt 0.3721 0.3086
vt 0.3787 0.3003
vt 0.3704 0.3035
vt 0.3826 0.3042
vt 0.3828 0.2996
vt 0.3792 0.3105
vt 0.3718 0.311
vt 0.3772 0.3135
vt 0.3757 0.3208
vt 0.3679 0.3088
vt 0.3708 0.3176
vt 0.3643 0.321
vt 0.3372 0.0116
vt 0.3416 0.0143
vt 0.3394 0.0021
vt 0.3318 0.0041
vt 0.2966 0.5483
vt 0.2915 0.5542
vt 0.2959 0.5557
vt 0.2913 0.5464
vt 0.2886 0.5527
vt 0.3 0.5435
vt 0.29 0.5415
vt 0.2949 0.542
vt 0.303 0.5356
vt 0.2969 0.5342
vt 0.056 0.291
vt 0.0626 0.2834
vt 0.0619 0.2783
vt 0.0615 0.293
vt 0.0654 0.2859
vt 0.4312 0.1092
vt 0.4341 0.0958
vt 0.4238 0.1064
vt 0.4287 0.091
vt 0.345 0.0749
vt 0.3459 0.0801
vt 0.3511 0.08
vt 0.3372 0.0864
vt 0.3391 0.0925
vt 0.2462 0.1719
vt 0.2498 0.1709
vt 0.2421 0.1652
vt 0.2524 0.1667
vt 0.246 0.1594
vt 0.2537 0.1628
vt 0.2524 0.1603
vt 0.2378 0.1553
vt 0.2406 0.1516
vt 0.2345 0.1519
vt 0.959 0.6709
vt 0.9541 0.6743
vt 0.9536 0.6885
vt 0.9497 0.6895
vt 0.9458 0.6875
vt 0.9492 0.6704
vt 0.9585 0.6694
vt 0.9551 0.6631
vt 0.9458 0.6704
vt 0.9434 0.6841
vt 0.9634 0.6606
vt 0.9644 0.6523
vt 0.9595 0.6426
vt 0.9463 0.645
vt 0.9507 0.6265
vt 0.9385 0.6221
vt 0.9634 0.6221
vt 0.9536 0.6123
vt 0.9644 0.6118
vt 0.9639 0.6001
vt 0.9512 0.6016
vt 0.939 0.6113
vt 0.9375 0.6001
vt 0.9409 0.6587
vt 0.9292 0.6509
vt 0.9443 0.665
vt 0.9463 0.6699
vt 0.9414 0.6689
vt 0.9351 0.6646
vt 0.9258 0.6714
vt 0.9272 0.6758
vt 0.9307 0.6611
vt 0.9238 0.6538
vt 0.9233 0.6577
vt 0.9316 0.6079
vt 0.9302 0.6025
vt 0.9346 0.5977
vt 0.9302 0.5903
vt 0.9297 0.6172
vt 0.9243 0.6318
vt 0.9243 0.6201
vt 0.9312 0.6064
vt 0.9185 0.6343
vt 0.9199 0.6406
vt 0.9219 0.6489
vt 0.9165 0.6396
vt 0.916 0.6465
vt 0.4299 0.5391
vt 0.4333 0.4978
vt 0.4226 0.5054
vt 0.4087 0.54
vt 0.4172 0.5557
vt 0.4299 0.5625
vt 0.4092 0.5913
vt 0.4343 0.5903
vt 0.4089 0.5132
vt 0.4106 0.4922
vt 0.408 0.5581
vt 0.4294 0.6006
vt 0.4409 0.6235
vt 0.4277 0.6211
vt 0.4277 0.6484
vt 0.3904 0.4902
vt 0.4119 0.4802
vt 0.4001 0.5386
vt 0.4197 0.6069
vt 0.4126 0.6152
vt 0.3838 0.5884
vt 0.4084 0.6348
vt 0.397 0.5732
vt 0.395 0.5542
vt 0.3894 0.5117
vt 0.3845 0.5625
vt 0.3867 0.5386
vt 0.3625 0.54
vt 0.4194 0.6606
vt 0.4441 0.6616
vt 0.3604 0.5679
vt 0.3687 0.4885
vt 0.3667 0.5107
vt 0.3896 0.4724
vt 0.3584 0.5
vt 0.4558 0.6865
vt 0.4343 0.6807
vt 0.468 0.6797
vt 0.4612 0.6587
vt 0.4805 0.6719
vt 0.4475 0.6509
vt 0.4456 0.6338
vt 0.4497 0.6387
vt 0.4678 0.6553
vt 0.4836 0.6611
vt 0.4546 0.6387
vt 0.4524 0.626
vt 0.4744 0.6372
vt 0.4609 0.6235
vt 0.4102 0.6704
vt 0.3977 0.6626
vt 0.4014 0.6494
vt 0.3821 0.644
vt 0.3811 0.6582
vt 0.3835 0.6304
vt 0.3616 0.645
vt 0.364 0.6611
vt 0.3691 0.687
vt 0.3413 0.6479
vt 0.3857 0.6147
vt 0.3611 0.6284
vt 0.3699 0.6064
vt 0.3601 0.5874
vt 0.3311 0.5898
vt 0.3601 0.6094
vt 0.3323 0.6152
vt 0.3367 0.6348
vt 0.3164 0.644
vt 0.3247 0.6577
vt 0.304 0.6621
vt 0.3096 0.6299
vt 0.3064 0.6226
vt 0.3049 0.5981
vt 0.3354 0.5679
vt 0.3218 0.5806
vt 0.3091 0.5728
vt 0.3135 0.5532
vt 0.3401 0.5356
vt 0.3174 0.5361
vt 0.3203 0.5146
vt 0.343 0.5039
vt 0.344 0.4893
vt 0.3208 0.4915
vt 0.2966 0.4961
vt 0.2971 0.5181
vt 0.2959 0.5288
vt 0.3679 0.469
vt 0.3711 0.458
vt 0.3279 0.4846
vt 0.321 0.4785
vt 0.3447 0.4746
vt 0.343 0.4673
vt 0.321 0.4678
vt 0.3237 0.4587
vt 0.3445 0.4585
vt 0.324 0.4565
vt 0.3438 0.4561
vt 0.3955 0.4604
vt 0.3435 0.4326
vt 0.3218 0.4338
vt 0.4165 0.469
vt 0.4319 0.488
vt 0.4353 0.4746
vt 0.4146 0.4624
vt 0.394 0.4578
vt 0.4187 0.437
vt 0.3691 0.4561
vt 0.3955 0.4346
vt 0.3701 0.4321
vt 0.3237 0.4316
vt 0.3035 0.4358
vt 0.4033 0.4336
vt 0.4165 0.4348
vt 0.3943 0.4326
vt 0.3452 0.4309
vt 0.4116 0.416
vt 0.4219 0.4004
vt 0.4006 0.4016
vt 0.4202 0.3633
vt 0.3713 0.3994
vt 0.4443 0.3904
vt 0.4429 0.3547
vt 0.3701 0.4304
vt 0.3418 0.4094
vt 0.3362 0.4211
vt 0.3208 0.4116
vt 0.3066 0.4124
vt 0.3386 0.3992
vt 0.3188 0.3987
vt 0.418 0.3296
vt 0.4429 0.3198
vt 0.4402 0.2837
vt 0.2932 0.3921
vt 0.3052 0.4333
vt 0.291 0.4197
vt 0.2905 0.3779
vt 0.313 0.3616
vt 0.2864 0.3586
vt 0.3293 0.3823
vt 0.3391 0.3655
vt 0.3101 0.3474
vt 0.2764 0.3218
vt 0.3044 0.3237
vt 0.2827 0.2966
vt 0.2703 0.2878
vt 0.2883 0.2795
vt 0.2676 0.2705
vt 0.2773 0.2507
vt 0.2778 0.23
vt 0.3313 0.3418
vt 0.343 0.3484
vt 0.3691 0.3518
vt 0.3301 0.3154
vt 0.3206 0.3281
vt 0.3147 0.2769
vt 0.3706 0.3687
vt 0.395 0.3516
vt 0.4011 0.3682
vt 0.4004 0.3494
vt 0.395 0.3347
vt 0.395 0.3213
vt 0.2964 0.2795
vt 0.4099 0.3457
vt 0.4053 0.323
vt 0.3953 0.2815
vt 0.4175 0.2825
vt 0.3047 0.2654
vt 0.2983 0.2245
vt 0.2888 0.2429
vt 0.2715 0.2018
vt 0.2927 0.2034
vt 0.282 0.1635
vt 0.2644 0.1669
vt 0.2783 0.1486
vt 0.2598 0.1461
vt 0.2842 0.1326
vt 0.2566 0.1298
vt 0.2529 0.1111
vt 0.2815 0.1046
vt 0.2554 0.0834
vt 0.2395 0.0537
vt 0.2612 0.067
vt 0.2659 0.05
vt 0.2449 0.0389
vt 0.2345 0.006
vt 0.252 0.0228
vt 0.2554 0.003
vt 0.002 0.1644
vt 0.0077 0.1527
vt 0.0025 0.1328
vt 0.0084 0.1709
vt 0.0033 0.1776
vt 0.015 0.1377
vt 0.0068 0.1353
vt 0.0166 0.1702
vt 0.0295 0.1537
vt 0.0288 0.1394
vt 0.0412 0.139
vt 0.0424 0.1372
vt 0.0127 0.1895
vt 0.0208 0.1891
vt 0.0298 0.1704
vt 0.0313 0.1814
vt 0.0433 0.1694
vt 0.043 0.1552
vt 0.0531 0.1511
vt 0.0514 0.1381
vt 0.0521 0.166
vt 0.0435 0.1838
vt 0.0352 0.1964
vt 0.0439 0.2021
vt 0.0268 0.2091
vt 0.0392 0.22
vt 0.0446 0.2197
vt 0.044 0.2465
vt 0.0327 0.2411
vt 0.0409 0.2472
vt 0.0341 0.2499
vt 0.0181 0.2142
vt 0.0241 0.2421
vt 0.02 0.2517
vt 0.0153 0.24
vt 0.0074 0.1992
vt 0.0092 0.2122
vt 0.0038 0.2095
vt 0.0096 0.2385
vt 0.0138 0.2537
vt 0.7129 0.0517
vt 0.7021 0.0632
vt 0.7134 0.053
vt 0.7046 0.0507
vt 0.7173 0.0363
vt 0.6938 0.059
vt 0.6895 0.077
vt 0.6821 0.0675
vt 0.6777 0.0837
vt 0.6719 0.0746
vt 0.686 0.0843
vt 0.6777 0.0997
vt 0.687 0.0912
vt 0.6895 0.0817
vt 0.6841 0.105
vt 0.6758 0.1102
vt 0.6777 0.1194
vt 0.6729 0.1019
vt 0.6724 0.089
vt 0.665 0.0789
vt 0.6509 0.0581
vt 0.667 0.0639
vt 0.6782 0.044
vt 0.6821 0.0669
vt 0.6626 0.0529
vt 0.6519 0.0558
vt 0.6626 0.0504
vt 0.6924 0.0476
vt 0.6934 0.0592
vt 0.6938 0.0335
vt 0.7036 0.0394
vt 0.7046 0.0253
vt 0.7139 0.0301
vt 0.7188 0.0118
vt 0.6997 0.026
vt 0.6768 0.0426
vt 0.6646 0.0384
vt 0.6577 0.0438
vt 0.7114 0.0161
vt 0.7256 0.0021
vt 0.7251 0.0079
vt 0.4536 0.4321
vt 0.4517 0.4326
vt 0.4631 0.4392
vt 0.4614 0.446
vt 0.4404 0.4309
vt 0.4814 0.4463
vt 0.4753 0.4412
vt 0.478 0.4382
vt 0.4431 0.4197
vt 0.447 0.4216
vt 0.4443 0.4092
vt 0.4407 0.4119
vt 0.4324 0.415
vt 0.4309 0.4319
vt 0.4421 0.4456
vt 0.4561 0.4519
vt 0.4363 0.4351
vt 0.4292 0.4434
vt 0.4355 0.4478
vt 0.4456 0.4563
vt 0.4529 0.4604
vt 0.4656 0.4561
vt 0.4487 0.4651
vt 0.4387 0.459
vt 0.4309 0.4534
vt 0.4365 0.4656
vt 0.447 0.468
vt 0.7822 0.3586
vt 0.7798 0.3318
vt 0.7754 0.3618
vt 0.7788 0.3843
vt 0.7837 0.3972
vt 0.77 0.3674
vt 0.7769 0.3206
vt 0.7705 0.3987
vt 0.772 0.4348
vt 0.7871 0.4343
vt 0.7847 0.4832
vt 0.7651 0.3489
vt 0.7607 0.3193
vt 0.7759 0.2671
vt 0.7549 0.3611
vt 0.7539 0.3923
vt 0.7544 0.4185
vt 0.7339 0.363
vt 0.7319 0.3958
vt 0.7314 0.429
vt 0.7534 0.4346
vt 0.7163 0.4121
vt 0.7026 0.4314
vt 0.7056 0.3999
vt 0.709 0.3689
vt 0.6831 0.4011
vt 0.6899 0.3638
vt 0.6777 0.4399
vt 0.6958 0.3252
vt 0.7148 0.3228
vt 0.7373 0.3215
vt 0.7178 0.3093
vt 0.7017 0.2986
vt 0.7456 0.2629
vt 0.7021 0.45
vt 0.7617 0.2634
vt 0.7739 0.2472
vt 0.7822 0.2458
vt 0.7827 0.2308
vt 0.7759 0.2228
vt 0.7832 0.2085
vt 0.7773 0.2003
vt 0.772 0.1927
vt 0.7666 0.2428
vt 0.748 0.2437
vt 0.7705 0.2208
vt 0.7295 0.2424
vt 0.7261 0.2656
vt 0.7153 0.2839
vt 0.7075 0.2698
vt 0.6997 0.2837
vt 0.751 0.2185
vt 0.7607 0.209
vt 0.7539 0.1971
vt 0.7339 0.2188
vt 0.7368 0.1956
vt 0.7388 0.168
vt 0.7588 0.1697
vt 0.7666 0.1349
vt 0.7832 0.1738
vt 0.772 0.1589
vt 0.7876 0.1387
vt 0.7891 0.0792
vt 0.7173 0.218
vt 0.7222 0.1938
vt 0.7124 0.243
vt 0.6982 0.2661
vt 0.6982 0.2345
vt 0.6934 0.2661
vt 0.6904 0.29
vt 0.6943 0.3071
vt 0.7051 0.2
vt 0.7236 0.1835
vt 0.71 0.1759
vt 0.7183 0.1722
vt 0.7148 0.1538
vt 0.7295 0.1648
vt 0.7329 0.141
vt 0.7168 0.1327
vt 0.751 0.0757
vt 0.7261 0.0754
vt 0.7446 0.1354
vt 0.7563 0.1042
vt 0.7715 0.0807
vt 0.7412 0.0446
vt 0.7349 0.0239
vt 0.7529 0.0231
vt 0.7319 0.0218
vt 0.7764 0.054
vt 0.7871 0.0245
vt 0.7695 0.0229
vt 0.752 0.0211
vt 0.7705 0.0209
vt 0.7891 0.0226
vt 0.7896 0.0037
vt 0.772 0.0026
vt 0.752 0.0021
vt 0.7319 0.0026
vt 0.9648 0.5488
vt 0.959 0.5591
vt 0.9731 0.5508
vt 0.9683 0.5605
vt 0.9644 0.5674
vt 0.978 0.5815
vt 0.9844 0.562
vt 0.978 0.5552
vt 0.9956 0.5542
vt 0.9976 0.5781
vt 0.9912 0.5508
vt 0.9824 0.5469
vt 0.9634 0.542
vt 0.3638 0.8994
vt 0.3513 0.9263
vt 0.3728 0.9028
vt 0.3442 0.9199
vt 0.3428 0.9355
vt 0.3289 0.9082
vt 0.345 0.8872
vt 0.3606 0.8623
vt 0.3784 0.8765
vt 0.3208 0.9199
vt 0.3328 0.9326
vt 0.3066 0.9429
vt 0.3162 0.9502
vt 0.3267 0.9521
vt 0.314 0.9634
vt 0.325 0.9639
vt 0.2986 0.9536
vt 0.2961 0.9282
vt 0.2886 0.9346
vt 0.1072 0.0232
vt 0.1096 0.0056
vt 0.0845 0.0146
vt 0.0942 0.0204
vt 0.083 0.0204
vt 0.0953 0.0296
vt 0.1061 0.0341
vt 0.0805 0.0342
vt 0.085 0.0393
vt 0.107 0.0428
vt 0.0858 0.0449
vt 0.0776 0.0424
vt 0.0781 0.05
vt 0.0706 0.0497
vt 0.0695 0.0557
vt 0.0609 0.0565
vt 0.0659 0.0594
vt 0.056 0.0603
vt 0.0829 0.0582
vt 0.0821 0.0631
vt 0.2083 0.7793
vt 0.201 0.7822
vt 0.224 0.7998
vt 0.21 0.7993
vt 0.1757 0.7764
vt 0.2115 0.8276
vt 0.2229 0.8315
vt 0.1975 0.8462
vt 0.1947 0.8569
vt 0.1772 0.8433
vt 0.1786 0.8589
vt 0.2013 0.8242
vt 0.1549 0.8486
vt 0.1656 0.8613
vt 0.149 0.8389
vt 0.1299 0.8364
vt 0.1089 0.8237
vt 0.1215 0.8115
vt 0.097 0.8149
vt 0.1515 0.8291
vt 0.1722 0.8296
vt 0.1726 0.8081
vt 0.1891 0.8022
vt 0.1791 0.7896
vt 0.1483 0.7676
vt 0.1506 0.7642
vt 0.1372 0.7598
vt 0.1388 0.7725
vt 0.1084 0.7559
vt 0.1111 0.7637
vt 0.1516 0.7749
vt 0.1454 0.8135
vt 0.1489 0.7954
vt 0.1206 0.7729
vt 0.1071 0.7764
vt 0.1326 0.7866
vt 0.1135 0.8071
vt 0.0743 0.7954
vt 0.0889 0.791
vt 0.1082 0.7886
vt 0.1031 0.7715
vt 0.0826 0.7866
vt 0.075 0.7803
vt 0.0634 0.7925
vt 0.0581 0.7881
vt 0.0685 0.7734
vt 0.0493 0.7817
vt 0.0457 0.7632
vt 0.0667 0.7607
vt 0.0473 0.7505
vt 0.0916 0.7627
vt 0.0945 0.7676
vt 0.1007 0.7573
vt 0.1079 0.7598
vt 0.0997 0.748
vt 0.0904 0.7559
vt 0.0874 0.7495
vt 0.0977 0.7432
vt 0.0934 0.7412
vt 0.0663 0.751
vt 0.0499 0.7476
vt 0.0674 0.7476
vt 0.0489 0.7324
vt 0.0837 0.7451
vt 0.0936 0.731
vt 0.0656 0.7334
vt 0.0482 0.7173
vt 0.0826 0.7319
vt 0.0915 0.7153
vt 0.0786 0.7148
vt 0.0871 0.7017
vt 0.0724 0.6948
vt 0.0838 0.6846
vt 0.0806 0.6631
vt 0.0622 0.7144
vt 0.0466 0.707
vt 0.0573 0.6978
vt 0.0452 0.6987
vt 0.0455 0.6841
vt 0.0543 0.6802
vt 0.0455 0.6699
vt 0.0627 0.6885
vt 0.0676 0.6748
vt 0.0533 0.6685
vt 0.0468 0.6562
vt 0.0679 0.6479
vt 0.054 0.6514
vt 0.0579 0.623
vt 0.0673 0.6323
vt 0.0674 0.6274
vt 0.0803 0.6372
vt 0.0794 0.6279
vt 0.0853 0.6294
vt 0.0872 0.6621
vt 0.0851 0.6758
vt 0.9492 0.0965
vt 0.9448 0.0719
vt 0.9346 0.0691
vt 0.9312 0.0876
vt 0.9414 0.1014
vt 0.9194 0.0989
vt 0.9365 0.1118
vt 0.9253 0.0775
vt 0.9204 0.1129
vt 0.8984 0.113
vt 0.917 0.1194
vt 0.938 0.1321
vt 0.9146 0.1302
vt 0.9185 0.1385
vt 0.8994 0.1418
vt 0.8975 0.1326
vt 0.8955 0.1234
vt 0.8838 0.1317
vt 0.8838 0.1141
vt 0.8921 0.1146
vt 0.8833 0.0833
vt 0.8892 0.1027
vt 0.8906 0.0864
vt 0.8853 0.0862
vt 0.9048 0.0869
vt 0.9126 0.069
vt 0.8896 0.0748
vt 0.8838 0.0734
vt 0.8848 0.0546
vt 0.9146 0.0806
vt 0.9233 0.0711
vt 0.9248 0.0612
vt 0.9282 0.0536
vt 0.9351 0.0598
vt 0.9131 0.0362
vt 0.9092 0.0597
vt 0.8906 0.056
vt 0.9038 0.0422
vt 0.9077 0.0185
vt 0.8931 0.0368
vt 0.8882 0.0281
vt 0.895 0.024
vt 0.8906 0.0116
vt 0.9019 0.0175
vt 0.8965 0.0127
vt 0.8975 0.0025
vt 0.8916 0.0021
vt 0.9043 0.0065
vt 0.9097 0.0117
vt 0.5396 0.5488
vt 0.54 0.5342
vt 0.5283 0.5596
vt 0.5312 0.5723
vt 0.5195 0.5869
vt 0.5391 0.5645
vt 0.5288 0.5903
vt 0.5479 0.5698
vt 0.5425 0.6006
vt 0.5522 0.5552
vt 0.5474 0.541
vt 0.5532 0.5142
vt 0.5566 0.5732
vt 0.5229 0.6235
vt 0.5142 0.625
vt 0.522 0.6357
vt 0.5054 0.6475
vt 0.563 0.5474
vt 0.5322 0.6245
vt 0.5176 0.6519
vt 0.5269 0.6411
vt 0.5088 0.6548
vt 0.4995 0.6558
vt 0.501 0.6602
vt 0.4941 0.6636
vt 0.5146 0.6577
vt 0.4976 0.6631
vt 0.5332 0.6597
vt 0.5366 0.6553
vt 0.5532 0.6367
vt 0.5615 0.627
vt 0.5713 0.6304
vt 0.5635 0.6343
vt 0.5698 0.6025
vt 0.5796 0.6089
vt 0.5801 0.5742
vt 0.5894 0.6367
vt 0.5815 0.6436
vt 0.6094 0.644
vt 0.6211 0.6094
vt 0.5752 0.6646
vt 0.5996 0.6816
vt 0.5889 0.5845
vt 0.5972 0.606
vt 0.5703 0.5479
vt 0.5811 0.6768
vt 0.5713 0.6821
vt 0.5894 0.6924
vt 0.583 0.6997
vt 0.585 0.5547
vt 0.5659 0.5229
vt 0.5552 0.4985
vt 0.5874 0.5288
vt 0.5439 0.5034
vt 0.5469 0.5229
vt 0.5483 0.4937
vt 0.5522 0.4846
vt 0.562 0.4851
vt 0.5752 0.4861
vt 0.5728 0.5107
vt 0.6118 0.5581
vt 0.6182 0.5322
vt 0.603 0.5889
vt 0.6157 0.6021
vt 0.6299 0.5806
vt 0.6348 0.5645
vt 0.6387 0.5527
vt 0.6436 0.5298
vt 0.6201 0.5195
vt 0.5908 0.5171
vt 0.6484 0.5723
vt 0.6538 0.5493
vt 0.6348 0.5894
vt 0.6445 0.5908
vt 0.6318 0.6079
vt 0.6401 0.6113
vt 0.6201 0.6216
vt 0.6304 0.6265
vt 0.6343 0.6382
vt 0.6128 0.6558
vt 0.6226 0.6621
vt 0.6304 0.665
vt 0.6016 0.6865
vt 0.6299 0.6724
vt 0.6089 0.6919
vt 0.6294 0.6875
vt 0.6079 0.7065
vt 0.5947 0.7041
vt 0.5869 0.7036
vt 0.5835 0.7227
vt 0.5889 0.7236
vt 0.5962 0.728
vt 0.5674 0.749
vt 0.585 0.7412
vt 0.6113 0.7158
vt 0.626 0.7026
vt 0.9429 0.9019
vt 0.9727 0.9277
vt 0.9844 0.9146
vt 0.9565 0.8872
vt 0.9927 0.8989
vt 0.9702 0.8789
vt 0.9834 0.8774
vt 0.9922 0.8862
vt 0.2435 0.7188
vt 0.2651 0.7373
vt 0.2556 0.7144
vt 0.2783 0.7329
vt 0.2808 0.7485
vt 0.302 0.7554
vt 0.2825 0.7607
vt 0.2905 0.7646
vt 0.2852 0.7725
vt 0.3123 0.7705
vt 0.3376 0.7427
vt 0.3149 0.7285
vt 0.2993 0.7412
vt 0.3167 0.7822
vt 0.2861 0.7812
vt 0.2778 0.7227
vt 0.3284 0.7656
vt 0.3489 0.7588
vt 0.3198 0.7944
vt 0.2981 0.7251
vt 0.2922 0.709
vt 0.2737 0.6958
vt 0.2546 0.6797
vt 0.2382 0.7002
vt 0.2174 0.6782
vt 0.3501 0.752
vt 0.3452 0.7393
vt 0.3542 0.7275
vt 0.3406 0.7222
vt 0.323 0.7036
vt 0.3074 0.7051
vt 0.301 0.6846
vt 0.2896 0.688
vt 0.2788 0.666
vt 0.301 0.6675
vt 0.3242 0.686
vt 0.2756 0.647
vt 0.3367 0.6904
vt 0.3428 0.7104
vt 0.2644 0.6533
vt 0.2644 0.6372
vt 0.3503 0.7061
vt 0.3508 0.6914
vt 0.2277 0.6562
vt 0.2369 0.6353
vt 0.2389 0.6245
vt 0.3557 0.7173
vt 0.364 0.7144
vt 0.3569 0.6919
vt 0.3677 0.7246
vt 0.3662 0.7021
vt 0.3716 0.6953
vt 0.3743 0.7119
vt 0.373 0.7241
vt 0.2302 0.6245
vt 0.226 0.6289
vt 0.2255 0.6118
vt 0.3582 0.7393
vt 0.3535 0.7651
vt 0.2262 0.6426
vt 0.2155 0.6519
vt 0.2174 0.6177
vt 0.2058 0.6089
vt 0.2023 0.6157
vt 0.2089 0.6323
vt 0.2003 0.6411
vt 0.1865 0.6177
vt 0.1858 0.644
vt 0.2023 0.6655
vt 0.2075 0.6748
vt 0.2163 0.6675
vt 0.9521 0.0021
vt 0.9434 0.0152
vt 0.9692 0.0215
vt 0.959 0.0378
vt 0.9448 0.0486
vt 0.9321 0.0244
vt 0.9536 0.0634
vt 0.9678 0.0517
vt 0.9785 0.0353
vt 0.9648 0.0865
vt 0.9785 0.0744
vt 0.9756 0.0922
vt 0.9746 0.11
vt 0.9873 0.0936
vt 0.9927 0.0961
vt 0.9971 0.0796
vt 0.9819 0.1166
vt 0.9902 0.118
vt 0.3323 0.1846
vt 0.3472 0.2089
vt 0.3489 0.1846
vt 0.3188 0.1903
vt 0.3108 0.1686
vt 0.3218 0.1625
vt 0.3093 0.1603
vt 0.3318 0.2114
vt 0.3176 0.1504
vt 0.3401 0.2247
vt 0.3311 0.2316
vt 0.3533 0.2197
vt 0.3508 0.248
vt 0.3416 0.2495
vt 0.3638 0.2441
vt 0.3062 0.1521
vt 0.3135 0.137
vt 0.3003 0.1647
vt 0.2993 0.178
vt 0.3455 0.2534
vt 0.3394 0.2561
vt 0.3523 0.2583
vt 0.3645 0.2571
vt 0.3545 0.272
vt 0.3647 0.2759
vt 0.3413 0.2698
vt 0.3345 0.2637
vt 0.3279 0.2634
vt 0.3313 0.2595
vt 0.3293 0.2732
vt 0.3499 0.2815
vt 0.3369 0.2847
vt 0.3464 0.2939
vt 0.3586 0.2888
vt 0.355 0.3008
vt 0.3684 0.2944
vt 0.3762 0.2793
vt 0.1826 0.9102
vt 0.1735 0.9116
vt 0.1913 0.9238
vt 0.188 0.9277
vt 0.1952 0.9277
vt 0.1986 0.9272
vt 0.2056 0.9351
vt 0.1665 0.9175
vt 0.179 0.9312
vt 0.1714 0.9409
vt 0.1733 0.9424
vt 0.1564 0.9058
vt 0.1508 0.9146
vt 0.1632 0.8945
vt 0.1759 0.8975
vt 0.1699 0.8901
vt 0.1515 0.8999
vt 0.1583 0.8862
vt 0.1461 0.894
vt 0.1494 0.877
vt 0.1704 0.8833
vt 0.1545 0.8687
vt 0.1412 0.9072
vt 0.1456 0.8613
vt 0.132 0.8765
vt 0.1229 0.8833
vt 0.113 0.8662
vt 0.1171 0.8599
vt 0.1235 0.855
vt 0.113 0.8545
vt 0.132 0.8525
vt 0.1433 0.8535
vt 0.132 0.8481
vt 0.1212 0.8462
vt 0.1101 0.8506
vt 0.5278 0.4346
vt 0.5195 0.4563
vt 0.5342 0.4553
vt 0.5142 0.437
vt 0.5103 0.4275
vt 0.5181 0.4238
vt 0.5249 0.4165
vt 0.2803 0.4829
vt 0.3032 0.4839
vt 0.2998 0.4692
vt 0.2776 0.4678
vt 0.2979 0.4534
vt 0.2769 0.4531
vt 0.2705 0.4692
vt 0.2786 0.4421
vt 0.2986 0.4412
vt 0.2612 0.447
vt 0.2627 0.4395
vt 0.2615 0.4583
vt 0.2588 0.4695
vt 0.2374 0.4546
vt 0.2595 0.4446
vt 0.2622 0.4373
vt 0.2468 0.4338
vt 0.2432 0.4426
vt 0.2235 0.4329
vt 0.224 0.4417
vt 0.2076 0.4399
vt 0.2079 0.4297
vt 0.2076 0.4536
vt 0.223 0.4551
vt 0.2208 0.4707
vt 0.2074 0.4714
vt 0.2406 0.4692
vt 0.2195 0.4819
vt 0.2076 0.4863
vt 0.2155 0.4875
vt 0.2404 0.4771
vt 0.2198 0.4941
vt 0.2089 0.519
vt 0.2125 0.5327
vt 0.2075 0.5317
vt 0.2084 0.5464
vt 0.2432 0.4907
vt 0.2568 0.4797
vt 0.2585 0.4873
vt 0.2318 0.5137
vt 0.2585 0.4792
vt 0.2605 0.4866
vt 0.2688 0.4768
vt 0.2515 0.5039
vt 0.2617 0.4905
vt 0.2448 0.5161
vt 0.2615 0.5024
vt 0.229 0.5303
vt 0.2405 0.5234
vt 0.2211 0.5308
vt 0.2275 0.5444
vt 0.2141 0.5479
vt 0.2253 0.5518
vt 0.2166 0.5596
vt 0.2106 0.5586
vt 0.2175 0.3892
vt 0.2223 0.3848
vt 0.2159 0.3853
vt 0.2163 0.3796
vt 0.2224 0.3762
vt 0.2281 0.3823
vt 0.2087 0.3787
vt 0.2158 0.3623
vt 0.2441 0.384
vt 0.2441 0.3877
vt 0.2593 0.4028
vt 0.2126 0.4001
vt 0.2162 0.3975
vt 0.2201 0.4128
vt 0.2146 0.4197
vt 0.2181 0.4204
vt 0.2075 0.4031
vt 0.2089 0.4163
vt 0.2131 0.4216
vt 0.202 0.3752
vt 0.2043 0.4014
vt 0.2053 0.3562
vt 0.2084 0.355
vt 0.2126 0.3455
vt 0.2064 0.3445
vt 0.2104 0.3323
vt 0.2234 0.3511
vt 0.2264 0.3403
vt 0.2196 0.3279
vt 0.2124 0.3257
vt 0.2317 0.3352
vt 0.2393 0.3484
vt 0.2534 0.3489
vt 0.2367 0.3601
vt 0.2534 0.3577
vt 0.2483 0.3677
vt 0.2598 0.356
vt 0.2339 0.374
vt 0.2615 0.3674
vt 0.2559 0.3616
vt 0.2742 0.3762
vt 0.2756 0.3738
vt 0.2722 0.3806
vt 0.2776 0.3943
vt 0.2441 0.3782
vt 0.262 0.4016
vt 0.2759 0.4226
vt 0.2717 0.4219
vt 0.2644 0.3979
vt 0.2764 0.4148
vt 0.2803 0.4219
vt 0.2776 0.4111
vt 0.2656 0.3921
vt 0.2489 0.3752
vt 0.2563 0.3789
vt 0.2585 0.3699
vt 0.2717 0.387
vt 0.2734 0.385
vt 0.2676 0.3933
vt 0.2788 0.4128
vt 0.9521 0.2959
vt 0.916 0.3176
vt 0.9727 0.3232
vt 0.9316 0.3484
vt 0.9375 0.3616
vt 0.981 0.3362
vt 0.9478 0.3767
vt 0.9878 0.3533
vt 0.9595 0.3896
vt 0.9932 0.377
vt 0.9683 0.3965
vt 0.9771 0.3997
vt 0.9922 0.3909
vt 0.9863 0.3982
vt 0.0683 0.8198
vt 0.0811 0.8247
vt 0.0835 0.8179
vt 0.0768 0.833
vt 0.0856 0.8403
vt 0.0911 0.8315
vt 0.0912 0.8535
vt 0.0805 0.8516
vt 0.0655 0.8281
vt 0.0538 0.8247
vt 0.0553 0.8164
vt 0.042 0.8145
vt 0.0616 0.8442
vt 0.0514 0.8408
vt 0.0399 0.8232
vt 0.0684 0.8516
vt 0.026 0.8242
vt 0.0205 0.8169
vt 0.011 0.8267
vt 0.0114 0.8188
vt 0.0219 0.8354
vt 0.0061 0.8374
vt 0.0365 0.8423
vt 0.0556 0.8608
vt 0.0204 0.8472
vt 0.038 0.8599
vt 0.0237 0.8569
vt 0.0655 0.8691
vt 0.0525 0.876
vt 0.0298 0.8745
vt 0.0158 0.8633
vt 0.0073 0.8467
vt 0.0029 0.8506
vt 0.002 0.8403
vt 0.0094 0.8643
vt 0.0193 0.8755
vt 0.0227 0.8779
vt 0.0299 0.8833
vt 0.0245 0.8896
vt 0.0298 0.896
vt 0.046 0.8843
vt 0.0391 0.8975
vt 0.0417 0.9062
vt 0.0338 0.9097
vt 0.045 0.918
vt 0.057 0.8833
vt 0.0471 0.896
vt 0.0693 0.9204
vt 0.0641 0.9253
vt 0.0609 0.8872
vt 0.0493 0.9019
vt 0.0539 0.9072
vt 0.0572 0.896
vt 0.0744 0.9082
vt 0.0741 0.915
vt 0.0833 0.9087
vt 0.0665 0.9009
vt 0.0645 0.8921
vt 0.0685 0.8794
vt 0.0822 0.9028
vt 0.0867 0.8926
vt 0.0761 0.9004
vt 0.0711 0.894
vt 0.0714 0.8877
vt 0.073 0.8613
vt 0.0756 0.8901
vt 0.0753 0.8721
vt 0.0851 0.8613
vt 0.0873 0.8721
vt 0.0977 0.8652
vt 0.0777 0.8818
vt 0.0913 0.8848
vt 0.1009 0.8765
vt 0.096 0.8911
vt 0.1021 0.8833
vt 0.3113 0.113
vt 0.3247 0.121
vt 0.323 0.1034
vt 0.3086 0.0976
vt 0.322 0.0889
vt 0.3298 0.1112
vt 0.3308 0.0915
vt 0.3318 0.0779
vt 0.3201 0.0704
vt 0.3262 0.0654
vt 0.3188 0.0527
vt 0.3037 0.0721
vt 0.3127 0.0842
vt 0.2979 0.0954
vt 0.2971 0.1163
vt 0.314 0.1316
vt 0.2903 0.079
vt 0.2871 0.0584
vt 0.3013 0.0518
vt 0.3018 0.0361
vt 0.2871 0.0439
vt 0.2891 0.0308
vt 0.3064 0.0302
vt 0.3276 0.0429
vt 0.301 0.0258
vt 0.3298 0.0501
vt 0.3335 0.0636
vt 0.3398 0.0477
vt 0.3547 0.0699
vt 0.3621 0.054
vt 0.3794 0.0593
vt 0.3699 0.0776
vt 0.3523 0.0301
vt 0.3345 0.0226
vt 0.3191 0.0243
vt 0.3135 0.0122
vt 0.3074 0.0261
vt 0.3032 0.0191
vt 0.3035 0.0042
vt 0.3 0.008
vt 0.2981 0.0021
vt 0.2812 0.017
vt 0.2847 0.0266
vt 0.2815 0.0398
vt 0.2778 0.0367
vt 0.235 0.5928
vt 0.2411 0.604
vt 0.2551 0.6001
vt 0.2515 0.5908
vt 0.2634 0.5981
vt 0.2389 0.5884
vt 0.2388 0.5791
vt 0.2646 0.5864
vt 0.2759 0.5903
vt 0.2749 0.5967
vt 0.2832 0.5859
vt 0.282 0.5962
vt 0.2881 0.5952
vt 0.2903 0.5825
vt 0.2847 0.5742
vt 0.2954 0.5796
vt 0.2786 0.5679
vt 0.283 0.5625
vt 0.2788 0.5791
vt 0.2747 0.5742
vt 0.2778 0.5527
vt 0.2825 0.5469
vt 0.2603 0.5376
vt 0.2639 0.5708
vt 0.2688 0.5625
vt 0.2603 0.5654
vt 0.2397 0.5742
vt 0.2328 0.5747
vt 0.2291 0.5645
vt 0.2629 0.5537
vt 0.2561 0.5557
vt 0.2515 0.54
vt 0.2499 0.5293
vt 0.4783 0.4307
vt 0.4885 0.4329
vt 0.4907 0.4114
vt 0.4985 0.4163
vt 0.4968 0.4409
vt 0.4956 0.4421
vt 0.4976 0.448
vt 0.501 0.4443
vt 0.4985 0.4531
vt 0.4912 0.4631
vt 0.4922 0.459
vt 0.4778 0.4751
vt 0.4763 0.4783
vt 0.467 0.4812
vt 0.4663 0.4839
vt 0.46 0.4812
vt 0.4587 0.4829
vt 0.4563 0.4727
vt 0.5054 0.4045
vt 0.4966 0.3933
vt 0.4849 0.4004
vt 0.489 0.3921
vt 0.488 0.3853
vt 0.5112 0.3948
vt 0.5005 0.3855
vt 0.5073 0.3748
vt 0.5195 0.4043
vt 0.5142 0.4104
vt 0.5083 0.4182
vt 0.5303 0.3845
vt 0.5234 0.3728
vt 0.5347 0.3743
vt 0.5405 0.3591
vt 0.5352 0.3533
vt 0.5278 0.3499
vt 0.5024 0.3672
vt 0.5195 0.345
vt 0.5386 0.3479
vt 0.5293 0.3413
vt 0.5405 0.3438
vt 0.5454 0.3083
vt 0.5449 0.293
vt 0.522 0.2944
vt 0.521 0.3101
vt 0.5444 0.3228
vt 0.5112 0.3018
vt 0.5005 0.2993
vt 0.5024 0.2915
vt 0.5225 0.3245
vt 0.5127 0.3096
vt 0.5234 0.3352
vt 0.5435 0.335
vt 0.5063 0.3391
vt 0.5054 0.3308
vt 0.5015 0.3105
vt 0.5005 0.2915
vt 0.4988 0.3
vt 0.4836 0.3101
vt 0.5015 0.325
vt 0.5044 0.2859
vt 0.5103 0.2893
vt 0.5029 0.2703
vt 0.4861 0.2861
vt 0.4932 0.2717
vt 0.4873 0.2593
vt 0.4741 0.2571
vt 0.4834 0.2512
vt 0.4722 0.2444
vt 0.4771 0.2742
vt 0.457 0.2534
vt 0.4619 0.28
vt 0.4648 0.2944
vt 0.4521 0.2576
vt 0.4587 0.2913
vt 0.4565 0.2395
vt 0.4509 0.2432
vt 0.4595 0.2996
vt 0.4509 0.2925
vt 0.4509 0.3125
vt 0.4641 0.3108
vt 0.457 0.226
vt 0.4514 0.2268
vt 0.4819 0.3264
vt 0.4661 0.3262
vt 0.4514 0.3276
vt 0.4514 0.3406
vt 0.4705 0.2267
vt 0.4595 0.212
vt 0.4536 0.2125
vt 0.4556 0.2051
vt 0.4622 0.2047
vt 0.4807 0.2343
vt 0.4841 0.2448
vt 0.4885 0.2524
vt 0.469 0.3394
vt 0.468 0.3469
vt 0.4519 0.3472
vt 0.4895 0.3455
vt 0.4868 0.3376
vt 0.5063 0.3411
vt 0.5044 0.333
vt 0.9087 0.3833
vt 0.8984 0.3896
vt 0.916 0.4019
vt 0.8916 0.3706
vt 0.9033 0.3687
vt 0.8789 0.363
vt 0.8779 0.3787
vt 0.8911 0.3433
vt 0.897 0.3252
vt 0.8813 0.3242
vt 0.8809 0.3015
vt 0.8901 0.2852
vt 0.895 0.2659
vt 0.8809 0.2664
vt 0.8911 0.2419
vt 0.873 0.22
vt 0.8828 0.2034
vt 0.876 0.192
vt 0.8799 0.1803
vt 0.8706 0.1989
vt 0.8735 0.2524
vt 0.8662 0.1935
vt 0.853 0.1985
vt 0.8765 0.1666
vt 0.8618 0.1844
vt 0.8677 0.1667
vt 0.8745 0.1367
vt 0.856 0.2227
vt 0.8564 0.1771
vt 0.8574 0.2683
vt 0.8574 0.2479
vt 0.8438 0.2686
vt 0.8643 0.3208
vt 0.8584 0.3198
vt 0.8677 0.3704
vt 0.8706 0.3601
vt 0.8677 0.3745
vt 0.8545 0.3762
vt 0.8511 0.3577
vt 0.8267 0.3789
vt 0.8545 0.3403
vt 0.8477 0.3191
vt 0.8301 0.3193
vt 0.8311 0.3582
vt 0.8218 0.3704
vt 0.8105 0.3887
vt 0.8125 0.3601
vt 0.7998 0.3652
vt 0.7969 0.3967
vt 0.8027 0.3235
vt 0.814 0.3215
vt 0.8291 0.2681
vt 0.8232 0.244
vt 0.8418 0.2446
vt 0.8145 0.2712
vt 0.8066 0.2712
vt 0.8027 0.2544
vt 0.812 0.2571
vt 0.8057 0.2408
vt 0.8477 0.2335
vt 0.8413 0.2194
vt 0.8418 0.2076
vt 0.8345 0.1892
vt 0.8242 0.2231
vt 0.8179 0.2382
vt 0.8086 0.2272
vt 0.8018 0.222
vt 0.8159 0.2173
vt 0.8179 0.2089
vt 0.8101 0.209
vt 0.8057 0.2079
vt 0.8052 0.2028
vt 0.8174 0.2018
vt 0.813 0.193
vt 0.8037 0.1886
vt 0.833 0.1821
vt 0.8149 0.1711
vt 0.8027 0.1704
vt 0.8301 0.1693
vt 0.8125 0.1552
vt 0.7969 0.1396
vt 0.8223 0.1409
vt 0.8579 0.1708
vt 0.8442 0.14
vt 0.855 0.1394
vt 0.8433 0.0745
vt 0.8604 0.1103
vt 0.8687 0.104
vt 0.8638 0.0774
vt 0.8184 0.0787
vt 0.7983 0.0859
vt 0.7998 0.0525
vt 0.8306 0.0994
vt 0.8179 0.0235
vt 0.8013 0.023
vt 0.8174 0.0215
vt 0.8311 0.054
vt 0.8384 0.0237
vt 0.8506 0.051
vt 0.8569 0.0231
vt 0.8398 0.0219
vt 0.8174 0.0026
vt 0.7988 0.0022
vt 0.7988 0.0213
vt 0.8384 0.0032
vt 0.8599 0.0021
vt 0.8599 0.0208
vt 0.3831 0.2096
vt 0.3643 0.2102
vt 0.3794 0.2246
vt 0.3684 0.2001
vt 0.3682 0.1891
vt 0.365 0.1875
vt 0.3584 0.1686
vt 0.3691 0.1772
vt 0.3542 0.1671
vt 0.3481 0.1594
vt 0.0903 0.4026
vt 0.0914 0.4189
vt 0.0981 0.4121
vt 0.0778 0.4187
vt 0.0907 0.3906
vt 0.1014 0.4114
vt 0.0898 0.3821
vt 0.1026 0.4075
vt 0.1131 0.3706
vt 0.1163 0.4062
vt 0.1304 0.4041
vt 0.1311 0.3689
vt 0.1494 0.3677
vt 0.146 0.4026
vt 0.1301 0.3262
vt 0.11 0.3274
vt 0.1666 0.387
vt 0.1576 0.4001
vt 0.1713 0.3745
vt 0.1493 0.325
vt 0.1676 0.4001
vt 0.1593 0.4043
vt 0.1758 0.4077
vt 0.1587 0.4153
vt 0.1299 0.324
vt 0.1505 0.323
vt 0.1697 0.3218
vt 0.1688 0.3242
vt 0.1851 0.3228
vt 0.1852 0.3203
vt 0.1808 0.2988
vt 0.1656 0.2993
vt 0.1478 0.2996
vt 0.1281 0.2976
vt 0.1931 0.3689
vt 0.1823 0.3958
vt 0.1936 0.4038
vt 0.1755 0.4456
vt 0.1716 0.437
vt 0.1627 0.4756
vt 0.1877 0.4402
vt 0.1705 0.4736
vt 0.1592 0.5239
vt 0.179 0.4604
vt 0.1801 0.4756
vt 0.191 0.4656
vt 0.1768 0.5244
vt 0.1566 0.5396
vt 0.198 0.4761
vt 0.1985 0.4373
vt 0.1865 0.4995
vt 0.1912 0.5264
vt 0.1743 0.5381
vt 0.155 0.5522
vt 0.1827 0.5464
vt 0.1664 0.5566
vt 0.1809 0.5605
vt 0.1548 0.5693
vt 0.1709 0.5684
vt 0.1763 0.5815
vt 0.1614 0.582
vt 0.1548 0.5825
vt 0.1534 0.5874
vt 0.1727 0.5859
vt 0.1829 0.5894
vt 0.163 0.5908
vt 0.1509 0.6006
vt 0.1752 0.5972
vt 0.1893 0.5967
vt 0.163 0.6045
vt 0.1571 0.6128
vt 0.1488 0.6172
vt 0.1754 0.6079
vt 0.1783 0.6143
vt 0.161 0.6318
vt 0.144 0.6455
vt 0.1713 0.6475
vt 0.1558 0.6743
vt 0.1436 0.6953
vt 0.165 0.7036
vt 0.1416 0.7261
vt 0.1584 0.7549
vt 0.14 0.7534
vt 0.667 0.45
vt 0.6733 0.4868
vt 0.6851 0.4905
vt 0.6729 0.4893
vt 0.6914 0.4692
vt 0.7075 0.4543
vt 0.6943 0.4739
vt 0.7085 0.489
vt 0.687 0.4919
vt 0.7148 0.4617
vt 0.689 0.5142
vt 0.7134 0.5171
vt 0.7085 0.4915
vt 0.6758 0.5161
vt 0.6904 0.5171
vt 0.6738 0.5234
vt 0.687 0.5298
vt 0.7119 0.5308
vt 0.6885 0.5439
vt 0.7231 0.4751
vt 0.7354 0.4878
vt 0.7349 0.4905
vt 0.7559 0.4858
vt 0.7437 0.4558
vt 0.7236 0.5039
vt 0.7373 0.5122
vt 0.7563 0.4888
vt 0.7725 0.4871
vt 0.7622 0.4619
vt 0.7715 0.4849
vt 0.7861 0.4858
vt 0.7778 0.4998
vt 0.7822 0.5088
vt 0.771 0.5098
vt 0.7637 0.4998
vt 0.7578 0.5112
vt 0.7368 0.5146
vt 0.7568 0.5132
vt 0.7563 0.5215
vt 0.7695 0.5117
vt 0.7368 0.5273
vt 0.71 0.5459
vt 0.7368 0.5425
vt 0.686 0.5542
vt 0.6733 0.5356
vt 0.6709 0.5483
vt 0.6807 0.5625
vt 0.7085 0.5576
vt 0.7095 0.5757
vt 0.6895 0.5986
vt 0.7368 0.5547
vt 0.7549 0.5371
vt 0.7612 0.5488
vt 0.7617 0.5254
vt 0.769 0.5288
vt 0.7783 0.52
vt 0.7803 0.5107
vt 0.7607 0.5625
vt 0.7749 0.5405
vt 0.7856 0.5312
vt 0.7861 0.5186
vt 0.7876 0.5098
vt 0.792 0.5244
vt 0.7773 0.561
vt 0.7881 0.5566
vt 0.7363 0.5713
vt 0.7349 0.5923
vt 0.7681 0.5757
vt 0.7852 0.5742
vt 0.7959 0.5786
vt 0.7803 0.5835
vt 0.7822 0.605
vt 0.7998 0.603
vt 0.8052 0.6235
vt 0.7578 0.5884
vt 0.7598 0.6079
vt 0.71 0.5962
vt 0.7051 0.6196
vt 0.6851 0.6235
vt 0.7974 0.6392
vt 0.8115 0.6528
vt 0.7432 0.603
vt 0.7314 0.6138
vt 0.7202 0.6006
vt 0.6929 0.6367
vt 0.6846 0.6533
vt 0.7026 0.6436
vt 0.7979 0.6543
vt 0.813 0.6606
vt 0.7866 0.6519
vt 0.7983 0.6602
vt 0.7485 0.6128
vt 0.7178 0.6719
vt 0.6943 0.689
vt 0.7842 0.625
vt 0.7705 0.6162
vt 0.7627 0.6318
vt 0.7422 0.6338
vt 0.7314 0.6338
vt 0.7349 0.6616
vt 0.7715 0.6357
vt 0.7808 0.6509
vt 0.7646 0.6523
vt 0.7539 0.645
vt 0.7485 0.6592
vt 0.7788 0.6543
vt 0.7388 0.6709
vt 0.7603 0.6572
vt 0.7231 0.6831
vt 0.7896 0.6611
vt 0.8013 0.6675
vt 0.7793 0.6611
vt 0.7734 0.6572
vt 0.7666 0.6597
vt 0.7539 0.6626
vt 0.7812 0.6636
vt 0.7129 0.6826
vt 0.7056 0.6997
vt 0.7085 0.7051
vt 0.7056 0.7183
vt 0.6968 0.6973
vt 0.6919 0.7153
vt 0.6997 0.7104
vt 0.7041 0.73
vt 0.5366 0.4917
vt 0.5269 0.4617
vt 0.5264 0.4902
vt 0.5366 0.4614
vt 0.6543 0.6255
vt 0.668 0.6079
vt 0.6567 0.6045
vt 0.665 0.6265
vt 0.6602 0.6416
vt 0.6665 0.6406
vt 0.6509 0.644
vt 0.3711 0.8325
vt 0.3826 0.8384
vt 0.3782 0.8252
vt 0.3704 0.8203
vt 0.3804 0.8057
vt 0.3699 0.8052
vt 0.3811 0.8315
vt 0.3787 0.7876
vt 0.3735 0.7891
vt 0.3696 0.792
vt 0.377 0.7798
vt 0.3835 0.7778
vt 0.4001 0.7837
vt 0.3896 0.7725
vt 0.4033 0.7769
vt 0.4092 0.7832
vt 0.3889 0.7905
vt 0.3872 0.8135
vt 0.3994 0.7979
vt 0.4087 0.7905
vt 0.3914 0.8203
vt 0.3835 0.835
vt 0.4019 0.8096
vt 0.4131 0.8027
vt 0.4163 0.7881
vt 0.4192 0.8008
vt 0.4229 0.8203
vt 0.4326 0.8174
vt 0.4377 0.8271
vt 0.4307 0.8394
vt 0.4534 0.8511
vt 0.408 0.8271
vt 0.3958 0.8423
vt 0.415 0.8428
vt 0.3997 0.8574
vt 0.4387 0.8584
vt 0.4277 0.8564
vt 0.4197 0.8521
vt 0.4675 0.8745
vt 0.4656 0.855
vt 0.4568 0.8784
vt 0.4602 0.8833
vt 0.4717 0.8799
vt 0.48 0.8809
vt 0.407 0.8555
vt 0.4089 0.8662
vt 0.4092 0.8789
vt 0.4155 0.8882
vt 0.3999 0.8765
vt 0.3901 0.8755
vt 0.4026 0.9009
vt 0.4097 0.9009
vt 0.4197 0.9067
vt 0.4097 0.9224
vt 0.0383 0.7866
vt 0.0275 0.7974
vt 0.0407 0.8062
vt 0.0331 0.7847
vt 0.0349 0.7627
vt 0.0246 0.7842
vt 0.0189 0.8027
vt 0.0099 0.7866
vt 0.0223 0.7749
vt 0.002 0.7749
vt 0.0142 0.7632
vt 0.4185 0.77
vt 0.4248 0.772
vt 0.4304 0.7559
vt 0.4204 0.7544
vt 0.4329 0.7446
vt 0.4221 0.7358
vt 0.4343 0.7354
vt 0.5137 0.1034
vt 0.5156 0.0881
vt 0.4924 0.123
vt 0.4932 0.1074
vt 0.5029 0.0812
vt 0.5044 0.0662
vt 0.5122 0.0689
vt 0.5161 0.0509
vt 0.5068 0.0348
vt 0.521 0.0359
vt 0.4846 0.0843
vt 0.4807 0.1057
vt 0.478 0.1248
vt 0.4709 0.1105
vt 0.4675 0.0995
vt 0.4724 0.0696
vt 0.4629 0.1011
vt 0.4768 0.125
vt 0.4614 0.1014
vt 0.4526 0.0848
vt 0.4443 0.0886
vt 0.4282 0.0795
vt 0.4424 0.0742
vt 0.4932 0.0511
vt 0.4619 0.0588
vt 0.4324 0.071
vt 0.4238 0.0757
vt 0.4553 0.0529
vt 0.4824 0.0417
vt 0.4775 0.0351
vt 0.4988 0.0251
vt 0.5176 0.0129
vt 0.5234 0.0203
vt 0.5229 0.0108
vt 0.5234 0.0021
vt 0.5273 0.0083
vt 0.5327 0.0053
vt 0.5283 0.0139
vt 0.5234 0.0229
vt 0.5322 0.014
vt 0.5322 0.0088
vt 0.5239 0.026
vt 0.5327 0.0234
vt 0.5181 0.0525
vt 0.543 0.0125
vt 0.5425 0.0068
vt 0.5547 0.006
vt 0.5547 0.0148
vt 0.5645 0.0072
vt 0.5625 0.0201
vt 0.5298 0.0526
vt 0.5195 0.0631
vt 0.543 0.0198
vt 0.542 0.0367
vt 0.5327 0.0864
vt 0.522 0.0778
vt 0.5234 0.0964
vt 0.5518 0.0215
vt 0.5591 0.026
vt 0.5654 0.0363
vt 0.5688 0.0332
vt 0.5425 0.0593
vt 0.5522 0.0523
vt 0.5513 0.0991
vt 0.561 0.0543
vt 0.5605 0.0406
vt 0.5591 0.0805
vt 0.5566 0.1087
vt 0.5571 0.1179
vt 0.5415 0.1
vt 0.5503 0.1184
vt 0.5566 0.1259
vt 0.542 0.1171
vt 0.5337 0.1031
vt 0.5352 0.1158
vt 0.5454 0.1212
vt 0.5254 0.1057
vt 0.519 0.1063
vt 0.5454 0.1271
vt 0.5542 0.1261
vt 0.5283 0.119
vt 0.5215 0.1201
vt 0.5303 0.1299
vt 0.5234 0.1316
vt 0.5435 0.1331
vt 0.5322 0.1403
vt 0.5488 0.1409
vt 0.5571 0.1332
vt 0.561 0.1417
vt 0.5547 0.1516
vt 0.54 0.1512
vt 0.5474 0.1564
vt 0.5347 0.1532
vt 0.5405 0.1687
vt 0.5269 0.1532
vt 0.5181 0.1448
vt 0.5303 0.1661
vt 0.5215 0.1577
vt 0.5254 0.1685
vt 0.5615 0.1501
vt 0.5664 0.1523
vt 0.5425 0.1782
vt 0.5503 0.1809
vt 0.5615 0.1649
vt 0.5591 0.1597
vt 0.5674 0.1584
vt 0.5557 0.1759
vt 0.5542 0.1829
vt 0.5601 0.1725
vt 0.5645 0.1726
vt 0.542 0.1871
vt 0.5337 0.1877
vt 0.5352 0.1689
vt 0.5425 0.1578
vt 0.5371 0.1989
vt 0.5425 0.2003
vt 0.5273 0.1777
vt 0.5278 0.1719
vt 0.521 0.1646
vt 0.5239 0.1824
vt 0.5273 0.1923
vt 0.5293 0.1907
vt 0.5332 0.2039
vt 0.5317 0.2095
vt 0.002 0.0032
vt 0.0057 0.0133
vt 0.0102 0.0114
vt 0.0189 0.0197
vt 0.0064 0.0261
vt 0.0192 0.012
vt 0.0072 0.0021
vt 0.036 0.0285
vt 0.0367 0.0412
vt 0.0645 0.0408
vt 0.0077 0.0435
vt 0.0197 0.0635
vt 0.0382 0.0558
vt 0.0077 0.0591
vt 0.0346 0.063
vt 0.0081 0.0744
vt 0.0251 0.0792
vt 0.0121 0.0756
vt 0.0029 0.0876
vt 0.014 0.0794
vt 0.0081 0.088
vt 0.0177 0.0869
vt 0.0119 0.1019
vt 0.0285 0.479
vt 0.0395 0.4675
vt 0.0349 0.4368
vt 0.0452 0.4841
vt 0.0222 0.5278
vt 0.0505 0.4458
vt 0.0361 0.5322
vt 0.0313 0.5479
vt 0.0238 0.5518
vt 0.0472 0.5605
vt 0.0228 0.5635
vt 0.0464 0.5771
vt 0.0221 0.5723
vt 0.0505 0.5503
vt 0.0179 0.5874
vt 0.0532 0.5371
vt 0.0534 0.4851
vt 0.0534 0.4561
vt 0.0632 0.5371
vt 0.0571 0.5503
vt 0.0653 0.5615
vt 0.0627 0.4851
vt 0.0761 0.4929
vt 0.0882 0.4561
vt 0.061 0.4668
vt 0.0698 0.4524
vt 0.072 0.3931
vt 0.0573 0.4111
vt 0.0659 0.3774
vt 0.0974 0.4382
vt 0.0983 0.425
vt 0.1127 0.4282
vt 0.1024 0.4495
vt 0.1193 0.4287
vt 0.0762 0.3276
vt 0.0917 0.3281
vt 0.0757 0.325
vt 0.091 0.3257
vt 0.1102 0.3252
vt 0.0923 0.302
vt 0.0779 0.302
vt 0.1113 0.3015
vt 0.1091 0.2986
vt 0.1066 0.2886
vt 0.0925 0.2993
vt 0.1295 0.2883
vt 0.0917 0.2871
vt 0.1067 0.2666
vt 0.1489 0.2876
vt 0.1479 0.2974
vt 0.1648 0.2976
vt 0.1646 0.2839
vt 0.1547 0.2571
vt 0.1437 0.2671
vt 0.1279 0.251
vt 0.1289 0.27
vt 0.1014 0.2576
vt 0.1716 0.2808
vt 0.1707 0.2891
vt 0.1803 0.2776
vt 0.1775 0.2537
vt 0.178 0.2325
vt 0.1544 0.2329
vt 0.1573 0.2108
vt 0.1821 0.2096
vt 0.1459 0.2434
vt 0.1284 0.2355
vt 0.1418 0.2225
vt 0.1686 0.1984
vt 0.1892 0.1902
vt 0.1621 0.187
vt 0.1362 0.182
vt 0.1985 0.1628
vt 0.1316 0.2085
vt 0.1176 0.2417
vt 0.1202 0.2247
vt 0.1032 0.249
vt 0.115 0.2086
vt 0.1053 0.2318
vt 0.1678 0.1606
vt 0.1558 0.1694
vt 0.1808 0.1495
vt 0.1992 0.1554
vt 0.2009 0.1401
vt 0.1407 0.156
vt 0.1704 0.1367
vt 0.1459 0.1333
vt 0.0925 0.2308
vt 0.1083 0.2063
vt 0.112 0.1832
vt 0.1149 0.1688
vt 0.0892 0.1786
vt 0.1175 0.1547
vt 0.0867 0.2465
vt 0.0858 0.2032
vt 0.0817 0.229
vt 0.0792 0.2529
vt 0.0934 0.1499
vt 0.0881 0.27
vt 0.0762 0.2817
vt 0.0777 0.291
vt 0.0771 0.2996
vt 0.0681 0.2634
vt 0.0622 0.2463
vt 0.0608 0.2717
vt 0.0715 0.239
vt 0.0651 0.2242
vt 0.1095 0.1383
vt 0.1213 0.1301
vt 0.0986 0.1273
vt 0.1545 0.0992
vt 0.0961 0.1357
vt 0.1204 0.1154
vt 0.1609 0.1198
vt 0.1749 0.1025
vt 0.1851 0.1194
vt 0.1992 0.1068
vt 0.1743 0.0694
vt 0.0814 0.1422
vt 0.0849 0.1321
vt 0.0732 0.1311
vt 0.0827 0.1622
vt 0.0715 0.1381
vt 0.0676 0.146
vt 0.0675 0.1671
vt 0.0665 0.1998
vt 0.0726 0.2168
vt 0.0777 0.1295
vt 0.0923 0.121
vt 0.08 0.1143
vt 0.1031 0.1036
vt 0.0847 0.0968
vt 0.1373 0.0969
vt 0.075 0.1087
vt 0.1074 0.0953
vt 0.1531 0.066
vt 0.1328 0.0656
vt 0.1113 0.0659
vt 0.0903 0.0685
vt 0.079 0.0695
vt 0.141 0.0351
vt 0.065 0.1024
vt 0.0686 0.0707
vt 0.0613 0.0878
vt 0.0533 0.0756
vt 0.0559 0.1071
vt 0.0645 0.1122
vt 0.0695 0.1187
vt 0.0648 0.1315
vt 0.0663 0.134
vt 0.064 0.1389
vt 0.0591 0.1256
vt 0.0576 0.1327
vt 0.0505 0.1111
vt 0.0493 0.0985
vt 0.0434 0.1157
vt 0.0377 0.1038
vt 0.0444 0.0892
vt 0.0319 0.0891
vt 0.3701 0.3357
vt 0.3538 0.3333
vt 0.3655 0.344
vt 0.3574 0.3264
vt 0.3496 0.3174
vt 0.3462 0.3215
vt 0.344 0.323
vt 0.3428 0.3062
vt 0.345 0.3049
vt 0.4836 0.4841
vt 0.4849 0.4985
vt 0.5151 0.4702
vt 0.5181 0.4905
vt 0.4988 0.5098
vt 0.519 0.5117
vt 0.5176 0.5186
vt 0.5337 0.5254
vt 0.501 0.5225
vt 0.4893 0.5278
vt 0.4739 0.5234
vt 0.4949 0.5415
vt 0.5044 0.5361
vt 0.4814 0.5508
vt 0.4705 0.5605
vt 0.4604 0.5518
vt 0.4556 0.541
vt 0.4539 0.5664
vt 0.4636 0.5688
vt 0.4712 0.5996
vt 0.4509 0.5854
vt 0.4739 0.5757
vt 0.4739 0.5889
vt 0.4775 0.5786
vt 0.4404 0.1067
vt 0.4556 0.1208
vt 0.4438 0.1046
vt 0.4514 0.1221
vt 0.4485 0.1235
vt 0.4519 0.1309
vt 0.4563 0.1307
vt 0.4612 0.1224
vt 0.4573 0.1178
vt 0.4568 0.1382
vt 0.4504 0.1469
vt 0.4504 0.1542
vt 0.4419 0.146
vt 0.4436 0.1399
vt 0.4587 0.1559
vt 0.4683 0.1473
vt 0.458 0.1685
vt 0.468 0.1666
vt 0.458 0.1737
vt 0.4688 0.1764
vt 0.4465 0.1644
vt 0.439 0.1528
vt 0.4475 0.1763
vt 0.4353 0.1433
vt 0.4585 0.1865
vt 0.436 0.131
vt 0.4358 0.118
vt 0.4309 0.1315
vt 0.4292 0.1155
vt 0.4622 0.182
vt 0.4836 0.1871
vt 0.4753 0.1989
vt 0.4678 0.1993
vt 0.4922 0.201
vt 0.499 0.1962
vt 0.4915 0.2097
vt 0.4773 0.2076
vt 0.5098 0.2101
vt 0.4973 0.2244
vt 0.5098 0.2219
vt 0.5215 0.2151
vt 0.5234 0.2322
vt 0.5112 0.2374
vt 0.5293 0.2483
vt 0.5229 0.2469
vt 0.5396 0.261
vt 0.1366 0.5093
vt 0.1404 0.4924
vt 0.1323 0.49
vt 0.1439 0.488
vt 0.1495 0.4912
vt 0.1344 0.4849
vt 0.1247 0.4846
vt 0.1378 0.4766
vt 0.1461 0.4819
vt 0.1265 0.4734
vt 0.1405 0.4636
vt 0.1315 0.4575
vt 0.1434 0.4585
vt 0.1106 0.4707
vt 0.1149 0.4526
vt 0.1105 0.4824
vt 0.1198 0.4468
vt 0.1125 0.4851
vt 0.1245 0.488
vt 0.1191 0.5024
vt 0.126 0.52
vt 0.1067 0.5
vt 0.1161 0.5195
vt 0.1042 0.5142
vt 0.1252 0.5327
vt 0.1047 0.5239
vt 0.1167 0.5337
vt 0.1053 0.5317
vt 0.1066 0.5454
vt 0.1164 0.563
vt 0.1075 0.5591
vt 0.1078 0.5718
vt 0.1127 0.5908
vt 0.1072 0.5908
vt 0.0996 0.6045
vt 0.1144 0.6055
vt 0.1086 0.6064
vt 0.1085 0.6079
vt 0.0984 0.606
vt 0.0969 0.6157
vt 0.1079 0.6177
vt 0.1158 0.6162
vt 0.1162 0.6064
vt 0.0933 0.6084
vt 0.0903 0.6138
vt 0.0885 0.6069
vt 0.0936 0.603
vt 0.0894 0.5981
vt 0.0927 0.5977
vt 0.3269 0.2483
vt 0.3179 0.2479
vt 0.3169 0.2542
vt 0.3242 0.2444
vt 0.3157 0.2433
vt 0.323 0.2402
vt 0.8115 0.7466
vt 0.8022 0.7456
vt 0.8052 0.7529
vt 0.7959 0.7505
vt 0.8037 0.7681
vt 0.8086 0.7681
vt 0.8008 0.7803
vt 0.8081 0.7769
vt 0.7969 0.7671
vt 0.7983 0.792
vt 0.8047 0.7891
vt 0.793 0.8003
vt 0.8047 0.7964
vt 0.8022 0.8032
vt 0.7969 0.8032
vt 0.7905 0.8081
vt 0.791 0.7798
vt 0.7842 0.7949
vt 0.7778 0.7993
vt 0.7861 0.7573
vt 0.7793 0.7812
vt 0.7705 0.7905
vt 0.7778 0.8071
vt 0.7832 0.8145
vt 0.7739 0.8125
vt 0.7729 0.7793
vt 0.7607 0.7876
vt 0.7632 0.8086
vt 0.7695 0.8174
vt 0.7622 0.8179
vt 0.7656 0.8037
vt 0.7559 0.8062
vt 0.7598 0.7788
vt 0.749 0.7905
vt 0.7407 0.8125
vt 0.7539 0.8174
vt 0.7461 0.7769
vt 0.7363 0.7969
vt 0.7393 0.8237
vt 0.7559 0.8228
vt 0.7417 0.8276
vt 0.73 0.8267
vt 0.7212 0.8184
vt 0.7261 0.8149
vt 0.7158 0.8105
vt 0.707 0.813
vt 0.7065 0.8066
vt 0.7212 0.7959
vt 0.7266 0.7876
vt 0.7104 0.7993
vt 0.7324 0.7798
vt 0.7236 0.7695
vt 0.7139 0.7866
vt 0.7012 0.792
vt 0.7056 0.7773
vt 0.6963 0.7979
vt 0.6968 0.7852
vt 0.6978 0.7759
vt 0.7021 0.7686
vt 0.7188 0.7783
vt 0.7075 0.7705
vt 0.7065 0.7588
vt 0.7114 0.7666
vt 0.7354 0.7622
vt 0.7412 0.7661
vt 0.749 0.7705
vt 0.7388 0.7554
vt 0.7617 0.7642
vt 0.772 0.7607
vt 0.7808 0.7583
vt 0.7856 0.7529
vt 0.7661 0.748
vt 0.7568 0.751
vt 0.749 0.7412
vt 0.7559 0.7373
vt 0.7456 0.7275
vt 0.7349 0.7437
vt 0.7817 0.748
vt 0.7764 0.7476
vt 0.7651 0.7339
vt 0.7524 0.7217
vt 0.7676 0.709
vt 0.7339 0.7158
vt 0.7949 0.7466
vt 0.7949 0.7427
vt 0.7988 0.7363
vt 0.7852 0.7441
vt 0.7793 0.7437
vt 0.7866 0.7383
vt 0.7783 0.7324
vt 0.7886 0.73
vt 0.7734 0.7305
vt 0.7837 0.7212
vt 0.7695 0.7153
vt 0.8008 0.7192
vt 0.8052 0.7178
vt 0.7983 0.7163
vt 0.7896 0.7227
vt 0.793 0.7158
vt 0.7905 0.7124
vt 0.7983 0.7114
vt 0.7969 0.7036
vt 0.7764 0.7134
vt 0.7886 0.7031
vt 0.7925 0.7007
vt 0.7739 0.7056
vt 0.7847 0.7017
vt 0.7695 0.7031
vt 0.7803 0.6987
vt 0.7866 0.6953
vt 0.791 0.6997
vt 0.7925 0.6943
vt 0.7803 0.6929
vt 0.7734 0.6934
vt 0.7622 0.6934
vt 0.7734 0.6807
vt 0.7573 0.6924
vt 0.7837 0.688
vt 0.7915 0.6934
vt 0.7832 0.6841
vt 0.7734 0.6768
vt 0.7822 0.6748
vt 0.7705 0.6709
vt 0.7759 0.6689
vt 0.7651 0.6772
vt 0.7544 0.708
vt 0.7603 0.6748
vt 0.7646 0.6699
vt 0.7495 0.6816
vt 0.751 0.688
vt 0.7393 0.7041
vt 0.7329 0.6982
vt 0.7275 0.7114
vt 0.7266 0.7334
vt 0.729 0.7466
vt 0.7173 0.7339
vt 0.7222 0.7412
vt 0.7261 0.7524
vt 0.7241 0.7617
vt 0.7207 0.749
vt 0.7163 0.752
vt 0.7197 0.7603
vt 0.7109 0.7607
vt 0.7153 0.7559
vt 0.7056 0.7485
vt 0.7124 0.7456
vt 0.7012 0.7612
vt 0.7046 0.7397
vt 0.71 0.7383
vt 0.6992 0.7534
vt 0.6943 0.7637
vt 0.1774 0.7041
vt 0.1876 0.7041
vt 0.1796 0.6987
vt 0.1835 0.6978
vt 0.1953 0.709
vt 0.1873 0.6929
vt 0.1776 0.6929
vt 0.1865 0.6836
vt 0.1766 0.689
vt 0.1803 0.6802
vt 0.1903 0.6812
vt 0.2008 0.6929
vt 0.2039 0.689
vt 0.1919 0.6772
vt 0.2108 0.689
vt 0.2141 0.7109
vt 0.2179 0.7139
vt 0.2212 0.7192
vt 0.2208 0.73
vt 0.2017 0.6997
vt 0.2015 0.7109
vt 0.1793 0.7153
vt 0.1781 0.708
vt 0.2076 0.7241
vt 0.2141 0.7295
vt 0.203 0.73
vt 0.1951 0.7168
vt 0.186 0.7295
vt 0.1925 0.7163
vt 0.2119 0.7432
vt 0.2191 0.7466
vt 0.2018 0.7432
vt 0.1945 0.7402
vt 0.1797 0.7178
vt 0.1715 0.7197
vt 0.184 0.7222
vt 0.1858 0.7207
vt 0.1696 0.7212
vt 0.1938 0.7324
vt 0.1753 0.7388
vt 0.1724 0.7393
vt 0.1864 0.7388
vt 0.1903 0.7446
vt 0.1967 0.7456
vt 0.1777 0.7451
vt 0.1724 0.7495
vt 0.5317 0.2864
vt 0.5381 0.2864
vt 0.5425 0.2751
vt 0.543 0.2788
vt 0.9844 0.6494
vt 0.9702 0.6299
vt 0.9702 0.6514
vt 0.9834 0.6318
vt 0.9868 0.6226
vt 0.9771 0.6191
vt 0.9702 0.6113
vt 0.5674 0.7773
vt 0.543 0.7827
vt 0.5576 0.8013
vt 0.5332 0.8071
vt 0.5244 0.7959
vt 0.5093 0.8125
vt 0.5132 0.7905
vt 0.5029 0.8022
vt 0.4963 0.8135
vt 0.49 0.8022
vt 0.4846 0.814
vt 0.4954 0.7827
vt 0.4756 0.791
vt 0.4673 0.8149
vt 0.4619 0.7832
vt 0.4834 0.7769
vt 0.5044 0.7681
vt 0.52 0.7793
vt 0.5288 0.7739
vt 0.5415 0.7671
vt 0.5566 0.77
vt 0.5186 0.7612
vt 0.5293 0.7559
vt 0.5098 0.7539
vt 0.4587 0.8042
vt 0.4426 0.8135
vt 0.447 0.7959
vt 0.4404 0.7866
vt 0.4399 0.7529
vt 0.457 0.7485
vt 0.4504 0.7319
vt 0.46 0.7261
vt 0.4734 0.7432
vt 0.47 0.7202
vt 0.4915 0.75
vt 0.5063 0.7461
vt 0.5229 0.7417
vt 0.5044 0.7319
vt 0.4856 0.7241
vt 0.52 0.7183
vt 0.498 0.7173
vt 0.4846 0.7124
vt 0.501 0.7061
vt 0.5093 0.6904
vt 0.5205 0.7065
vt 0.4919 0.6958
vt 0.5029 0.6802
vt 0.522 0.665
vt 0.5225 0.6919
vt 0.5288 0.6748
vt 0.5483 0.6675
vt 0.543 0.6836
vt 0.5366 0.6973
vt 0.5542 0.6841
vt 0.5464 0.6924
vt 0.5557 0.6855
vt 0.5405 0.6992
vt 0.5503 0.2029
vt 0.5474 0.2068
vt 0.5576 0.2125
vt 0.5542 0.2161
vt 0.5601 0.2184
vt 0.561 0.2301
vt 0.5566 0.23
vt 0.5527 0.2295
vt 0.5674 0.2529
vt 0.5635 0.2542
vt 0.5684 0.2644
vt 0.5635 0.2646
vt 0.5596 0.2566
vt 0.5488 0.2316
vt 0.5591 0.2656
vt 0.5552 0.2551
vt 0.5522 0.2588
vt 0.5483 0.2377
vt 0.5435 0.2365
vt 0.5449 0.2238
vt 0.5371 0.2201
vt 0.1594 0.4399
vt 0.1549 0.4299
vt 0.1533 0.4387
vt 0.1599 0.4309
vt 0.1559 0.4207
vt 0.1608 0.4207
vt 0.2236 0.0729
vt 0.2269 0.0846
vt 0.2355 0.0871
vt 0.234 0.0953
vt 0.2379 0.0931
vt 0.543 0.8423
vt 0.5479 0.8579
vt 0.5562 0.8501
vt 0.5371 0.8525
vt 0.5312 0.8457
vt 0.5327 0.8325
vt 0.543 0.8335
vt 0.5308 0.8218
vt 0.5488 0.8271
vt 0.5479 0.8218
vt 0.5312 0.8154
vt 0.519 0.8184
vt 0.5132 0.8247
vt 0.5166 0.8311
vt 0.502 0.8306
vt 0.5103 0.8218
vt 0.4968 0.8257
vt 0.4888 0.8311
vt 0.49 0.8384
vt 0.4807 0.8374
vt 0.4858 0.8442
vt 0.5005 0.8442
vt 0.4924 0.8501
vt 0.4846 0.8584
vt 0.4778 0.854
vt 0.5005 0.856
vt 0.4893 0.8657
vt 0.5063 0.8521
vt 0.4985 0.8716
vt 0.4893 0.8735
vt 0.5146 0.8467
vt 0.5122 0.8604
vt 0.5205 0.8535
vt 0.5151 0.8691
vt 0.5264 0.8613
vt 0.5327 0.8687
vt 0.5122 0.8911
vt 0.5078 0.8823
vt 0.5 0.8857
vt 0.5024 0.897
vt 0.5391 0.876
vt 0.5049 0.9067
vt 0.4958 0.9058
vt 0.5059 0.9199
vt 0.5542 0.8643
vt 0.5654 0.8564
vt 0.5479 0.8853
vt 0.5596 0.875
vt 0.5645 0.8857
vt 0.5547 0.9072
vt 0.542 0.8936
vt 0.5293 0.8979
vt 0.5156 0.8989
vt 0.5244 0.9126
vt 0.5381 0.9072
vt 0.5439 0.9155
vt 0.5483 0.9209
vt 0.5601 0.9141
vt 0.5356 0.9258
vt 0.5273 0.9214
vt 0.5205 0.9292
vt 0.5049 0.9302
vt 0.4985 0.9204
vt 0.4724 0.6055
vt 0.4749 0.6177
vt 0.4861 0.604
vt 0.489 0.6177
vt 0.498 0.6035
vt 0.5029 0.6177
vt 0.5068 0.603
vt 0.4868 0.5874
vt 0.4976 0.5845
vt 0.5039 0.5815
vt 0.4949 0.5679
vt 0.4849 0.5703
vt 0.5015 0.5669
vt 0.4563 0.6929
vt 0.459 0.7134
vt 0.4736 0.6909
vt 0.4756 0.7129
vt 0.6729 0.647
vt 0.6562 0.6514
vt 0.6763 0.6689
vt 0.6587 0.6719
vt 0.3928 0.1593
vt 0.3916 0.136
vt 0.3833 0.1655
vt 0.4016 0.1484
vt 0.4187 0.1235
vt 0.3882 0.1085
vt 0.418 0.1038
vt 0.3872 0.0785
vt 0.4131 0.0503
vt 0.4197 0.1442
vt 0.3865 0.0541
vt 0.4124 0.1572
vt 0.4192 0.1666
vt 0.4004 0.1696
vt 0.4207 0.1989
vt 0.4006 0.2051
vt 0.4004 0.2269
vt 0.4216 0.2286
vt 0.3979 0.0276
vt 0.4058 0.0021
vt 0.3848 0.0043
vt 0.408 0.2411
vt 0.4199 0.2507
vt 0.405 0.2632
vt 0.4297 0.2668
vt 0.4392 0.2588
vt 0.4324 0.2449
vt 0.0938 0.5303
vt 0.0749 0.5298
vt 0.0758 0.5493
vt 0.0944 0.5498
vt 0.0751 0.5684
vt 0.093 0.5674
vt 0.0903 0.5854
vt 0.0723 0.5854
vt 0.6582 0.4604
vt 0.6538 0.4399
vt 0.6445 0.4624
vt 0.6445 0.4648
vt 0.623 0.4612
vt 0.6367 0.4492
vt 0.6426 0.4478
vt 0.6245 0.4333
vt 0.6235 0.4631
vt 0.5967 0.4597
vt 0.6304 0.4304
vt 0.603 0.4092
vt 0.6411 0.4126
vt 0.6543 0.4182
vt 0.6543 0.4031
vt 0.6543 0.3826
vt 0.6196 0.4861
vt 0.5972 0.4622
vt 0.6406 0.4871
vt 0.6592 0.4629
vt 0.6572 0.4871
vt 0.6587 0.49
vt 0.6396 0.489
vt 0.644 0.4993
vt 0.6582 0.499
vt 0.6572 0.5107
vt 0.6196 0.488
vt 0.5947 0.4844
vt 0.6426 0.5161
vt 0.6602 0.5244
vt 0.6221 0.5005
vt 0.5952 0.4863
vt 0.5947 0.4966
vt 0.582 0.4988
vt 0.5732 0.4836
vt 0.5747 0.4609
vt 0.561 0.4827
vt 0.5757 0.4578
vt 0.5601 0.4568
vt 0.5571 0.46
vt 0.5918 0.4434
vt 0.5527 0.4749
vt 0.5488 0.4822
vt 0.5449 0.4578
vt 0.5464 0.4551
vt 0.5469 0.4021
vt 0.5786 0.4321
vt 0.562 0.4058
vt 0.5918 0.4124
vt 0.562 0.3748
vt 0.5723 0.3391
vt 0.5542 0.3665
vt 0.5645 0.3462
vt 0.5615 0.3298
vt 0.5674 0.3066
vt 0.5742 0.3823
vt 0.5806 0.4084
vt 0.5845 0.3723
vt 0.6064 0.3774
vt 0.5884 0.3386
vt 0.5728 0.2944
vt 0.6167 0.3984
vt 0.6313 0.4143
vt 0.6318 0.3848
vt 0.6328 0.3518
vt 0.6523 0.343
vt 0.6328 0.3091
vt 0.6514 0.3069
vt 0.6084 0.3489
vt 0.6436 0.2827
vt 0.6504 0.2883
vt 0.6484 0.2561
vt 0.6577 0.2671
vt 0.6313 0.2496
vt 0.6113 0.245
vt 0.6108 0.3044
vt 0.6016 0.3027
vt 0.5889 0.2991
vt 0.5801 0.2428
vt 0.5952 0.2454
vt 0.5771 0.2174
vt 0.6616 0.2449
vt 0.6602 0.2979
vt 0.6299 0.2253
vt 0.647 0.2329
vt 0.6602 0.2147
vt 0.6445 0.1992
vt 0.6577 0.1774
vt 0.6284 0.2042
vt 0.6118 0.229
vt 0.5933 0.22
vt 0.5884 0.2131
vt 0.5806 0.2048
vt 0.5933 0.2007
vt 0.5869 0.1974
vt 0.5801 0.1963
vt 0.6123 0.1985
vt 0.6123 0.179
vt 0.5923 0.1863
vt 0.582 0.1783
vt 0.5781 0.1797
vt 0.5908 0.174
vt 0.584 0.1494
vt 0.6289 0.1796
vt 0.6436 0.1801
vt 0.6421 0.1632
vt 0.6553 0.1553
vt 0.6387 0.1575
vt 0.6523 0.1378
vt 0.6299 0.1501
vt 0.6104 0.152
vt 0.6279 0.1368
vt 0.6514 0.1178
vt 0.5933 0.1338
vt 0.5796 0.1147
vt 0.6035 0.1194
vt 0.6245 0.1132
vt 0.6421 0.0565
vt 0.5913 0.1006
vt 0.5791 0.0859
vt 0.5786 0.0605
vt 0.6011 0.1002
vt 0.5972 0.0625
vt 0.6118 0.0865
vt 0.6172 0.0612
vt 0.5898 0.0302
vt 0.5825 0.0021
vt 0.6006 0.0045
vt 0.6074 0.0646
vt 0.6167 0.0059
vt 0.626 0.0338
vt 0.6348 0.0054
vt 0.2279 0.1232
vt 0.2311 0.1427
vt 0.2395 0.132
vt 0.2405 0.123
vt 0.2214 0.1128
vt 0.2239 0.1339
vt 0.2167 0.1217
vt 0.2253 0.1489
vt 0.215 0.0797
vt 0.2107 0.1312
vt 0.1946 0.0745
vt 0.2086 0.1479
vt 0.2192 0.1556
vt 0.225 0.1637
vt 0.2142 0.1615
vt 0.2034 0.0682
vt 0.2076 0.0551
vt 0.187 0.0443
vt 0.1876 0.0562
vt 0.1682 0.0398
vt 0.177 0.0266
vt 0.153 0.0387
vt 0.1672 0.0248
vt 0.1561 0.0229
vt 0.1705 0.0235
vt 0.1793 0.0254
vt 0.1849 0.0299
vt 0.1583 0.021
vt 0.1581 0.0107
vt 0.147 0.0202
vt 0.1482 0.0021
vt 0.1311 0.0192
vt 0.1449 0.022
vt 0.132 0.0213
vt 0.1197 0.0369
vt 0.1183 0.0225
vt 0.1185 0.0204
vt 0.9878 0.7944
vt 0.9976 0.7905
vt 0.9946 0.7837
vt 0.9858 0.7871
vt 0.9829 0.7739
vt 0.9927 0.77
vt 0.9902 0.7622
vt 0.981 0.7671
vt 0.0242 0.1296
vt 0.0106 0.1072
vt 0.0074 0.1265
vt 0.0276 0.1092
vt 0.9185 0.2234
vt 0.9053 0.2123
vt 0.9097 0.2202
vt 0.9277 0.2218
vt 0.9062 0.1984
vt 0.9375 0.2167
vt 0.916 0.176
vt 0.9512 0.2058
vt 0.9639 0.1927
vt 0.9253 0.1602
vt 0.9717 0.181
vt 0.9351 0.1493
vt 0.9507 0.1354
vt 0.9927 0.1531
vt 0.9609 0.1254
vt 0.6636 0.5586
vt 0.6646 0.5688
vt 0.6704 0.5693
vt 0.667 0.5742
vt 0.6621 0.5767
vt 0.6709 0.5879
vt 0.6743 0.5737
vt 0.6562 0.5806
vt 0.6655 0.5933
vt 0.6616 0.5938
vt 0.6616 0.5991
vt 0.9971 0.0584
vt 0.9888 0.0684
vt 0.9976 0.067
vt 0.9893 0.0614
vt 0.9863 0.0729
vt 0.9863 0.0536
vt 0.9961 0.0513
vt 0.0233 0.4019
vt 0.0415 0.4177
vt 0.0439 0.3901
vt 0.0266 0.3889
vt 0.002 0.3872
vt 0.0221 0.377
vt 0.0325 0.3804
vt 0.039 0.363
vt 0.6748 0.1868
vt 0.6724 0.1921
vt 0.6782 0.1924
vt 0.6782 0.1871
vt 0.6841 0.1852
vt 0.6855 0.1687
vt 0.6821 0.1667
vt 0.6826 0.1497
vt 0.6875 0.1479
vt 0.6909 0.1636
vt 0.688 0.1716
vt 0.6938 0.1539
vt 0.6973 0.1639
vt 0.7017 0.1385
vt 0.7031 0.1525
vt 0.6997 0.1637
vt 0.2461 0.4255
vt 0.2308 0.4043
vt 0.2291 0.4236
vt 0.2479 0.4055
vt 0.9888 0.2834
vt 0.9937 0.259
vt 0.9883 0.2688
vt 0.9873 0.2781
vt 0.9814 0.2722
vt 0.9844 0.2583
vt 0.9917 0.261
vt 0.9878 0.2362
vt 0.9849 0.2292
vt 0.981 0.2803
vt 0.9829 0.2983
vt 0.9795 0.2974
vt 0.98 0.3037
vt 0.9751 0.3025
vt 0.9746 0.2954
vt 0.9722 0.2954
vt 0.9761 0.2781
vt 0.9756 0.2712
vt 0.9741 0.2358
vt 0.9771 0.2202
vt 0.9819 0.2151
vt 0.98 0.2089
vt 0.9644 0.2148
vt 0.9727 0.2229
vt 0.9556 0.2267
vt 0.9409 0.2266
vt 0.9771 0.2605
vt 0.9648 0.2443
vt 0.9707 0.2603
vt 0.9707 0.2654
vt 0.96 0.2573
vt 0.9624 0.2637
vt 0.9556 0.2382
vt 0.9458 0.2338
vt 0.9536 0.2472
vt 0.9463 0.2559
vt 0.9478 0.2698
vt 0.9453 0.2424
vt 0.9404 0.2361
vt 0.9326 0.2393
vt 0.9365 0.2449
vt 0.938 0.2443
vt 0.9312 0.2546
vt 0.9272 0.2406
vt 0.937 0.2273
vt 0.9268 0.2571
vt 0.9307 0.2642
vt 0.9375 0.2561
vt 0.9346 0.2546
vt 0.9346 0.2505
vt 0.9404 0.2644
vt 0.936 0.2612
vt 0.9326 0.2556
vt 0.9316 0.2747
vt 0.936 0.2742
vt 0.9292 0.2727
vt 0.936 0.283
vt 0.9258 0.2676
vt 0.9204 0.2998
vt 0.9312 0.2747
vt 0.9258 0.2974
vt 0.9185 0.3057
vt 0.9136 0.3027
vt 0.9165 0.291
vt 0.9194 0.2969
vt 0.9199 0.2676
vt 0.9131 0.3025
vt 0.9131 0.291
vt 0.9106 0.3027
vt 0.238 0.2959
vt 0.2534 0.2852
vt 0.2529 0.28
vt 0.2435 0.2964
vt 0.2411 0.3154
vt 0.2366 0.314
vt 0.248 0.3003
vt 0.2549 0.2913
vt 0.2583 0.2849
vt 0.2455 0.3164
vt 0.2441 0.3284
vt 0.2402 0.3281
vt 0.2345 0.3162
vt 0.2419 0.3315
vt 0.9253 0.0072
vt 0.9204 0.0215
vt 0.9258 0.0266
vt 0.9219 0.0072
vt 0.916 0.0199
vt 0.9219 0.0021
vt 0.5645 0.0992
vt 0.5698 0.0917
vt 0.5654 0.0882
vt 0.5693 0.0979
vt 0.5664 0.1132
vt 0.5698 0.1136
vt 0.5684 0.1202
vt 0.4075 0.7168
vt 0.4109 0.7144
vt 0.3997 0.6973
vt 0.3962 0.6982
vt 0.386 0.6812
vt 0.396 0.6821
vt 0.3899 0.6743
vt 0.3965 0.6743
vt 0.4072 0.6899
vt 0.4097 0.686
vt 0.4043 0.7178
vt 0.3933 0.7002
vt 0.4116 0.7314
vt 0.4028 0.7202
vt 0.4158 0.728
vt 0.4221 0.7017
vt 0.4194 0.7031
vt 0.4258 0.6992
vt 0.4126 0.6836
vt 0.4309 0.7061
vt 0.4263 0.709
vt 0.3381 0.1631
vt 0.3318 0.161
vt 0.3345 0.1663
vt 0.3379 0.1527
vt 0.3416 0.1565
vt 0.2025 0.1737
vt 0.2023 0.1848
vt 0.2168 0.1732
vt 0.2151 0.1846
vt 0.238 0.1772
vt 0.214 0.1942
vt 0.202 0.1957
vt 0.2336 0.1876
vt 0.2546 0.1825
vt 0.2517 0.1979
vt 0.2316 0.1996
vt 0.2104 0.2045
vt 0.2021 0.2047
vt 0.2157 0.2058
vt 0.2039 0.2355
vt 0.2372 0.2059
vt 0.2537 0.208
vt 0.2092 0.236
vt 0.2024 0.2502
vt 0.2234 0.2239
vt 0.2318 0.2395
vt 0.2378 0.2173
vt 0.2576 0.217
vt 0.2083 0.25
vt 0.2297 0.2554
vt 0.2031 0.2695
vt 0.2466 0.2324
vt 0.2095 0.2717
vt 0.2544 0.2438
vt 0.2646 0.2207
vt 0.26 0.246
vt 0.2517 0.2578
vt 0.2421 0.2437
vt 0.249 0.2517
vt 0.2423 0.2581
vt 0.2391 0.251
vt 0.2334 0.2783
vt 0.229 0.2886
vt 0.2188 0.2942
vt 0.225 0.3042
vt 0.2119 0.2957
vt 0.2063 0.2964
vt 0.2089 0.312
vt 0.2146 0.3103
vt 0.2098 0.3203
vt 0.2152 0.3201
vt 0.2218 0.3157
vt 0.2267 0.3103
vt 0.6768 0.2573
vt 0.6704 0.2622
vt 0.6772 0.2683
vt 0.6704 0.2573
vt 0.6694 0.2512
vt 0.6743 0.2485
vt 0.667 0.2349
vt 0.6724 0.2339
vt 0.6699 0.2195
vt 0.6753 0.2214
vt 0.6831 0.2111
vt 0.6821 0.2065
vt 0.6865 0.2036
vt 0.6807 0.2024
vt 0.6846 0.1978
vt 0.689 0.1985
vt 0.3298 0.8286
vt 0.3398 0.8325
vt 0.3508 0.8125
vt 0.3347 0.8169
vt 0.3389 0.8086
vt 0.345 0.8003
vt 0.3301 0.8032
vt 0.3203 0.8062
vt 0.3198 0.8237
vt 0.3191 0.8101
vt 0.344 0.793
vt 0.3677 0.7754
vt 0.342 0.7827
vt 0.356 0.7773
vt 0.3669 0.75
vt 0.3784 0.7358
vt 0.3289 0.8306
vt 0.3391 0.834
vt 0.3062 0.8154
vt 0.3032 0.8052
vt 0.3171 0.8247
vt 0.3347 0.8403
vt 0.3462 0.8359
vt 0.3242 0.8379
vt 0.3369 0.8574
vt 0.3469 0.8501
vt 0.3271 0.855
vt 0.313 0.8354
vt 0.3179 0.853
vt 0.303 0.8262
vt 0.3096 0.8481
vt 0.2925 0.8066
vt 0.2971 0.8076
vt 0.2839 0.7964
vt 0.2937 0.8218
vt 0.2944 0.835
vt 0.3025 0.8433
vt 0.2798 0.7954
vt 0.2878 0.8135
vt 0.2732 0.7852
vt 0.2659 0.7788
vt 0.2666 0.7764
vt 0.2974 0.8545
vt 0.2937 0.8481
vt 0.2893 0.8521
vt 0.2883 0.8384
vt 0.2856 0.873
vt 0.2847 0.8623
vt 0.3096 0.855
vt 0.2839 0.8545
vt 0.2854 0.8413
vt 0.2803 0.8413
vt 0.2756 0.8569
vt 0.2732 0.877
vt 0.3135 0.8677
vt 0.2651 0.8569
vt 0.2893 0.8784
vt 0.282 0.877
vt 0.2842 0.8906
vt 0.2971 0.8789
vt 0.2917 0.8906
vt 0.2803 0.9033
vt 0.3052 0.8843
vt 0.3076 0.8774
vt 0.3162 0.8804
vt 0.3191 0.8848
vt 0.3267 0.8853
vt 0.3218 0.8696
vt 0.3274 0.8779
vt 0.332 0.8843
vt 0.333 0.8574
vt 0.9004 0.4194
vt 0.8994 0.4001
vt 0.8809 0.3987
vt 0.8809 0.4172
vt 0.8804 0.4194
vt 0.8589 0.4001
vt 0.8975 0.4216
vt 0.8584 0.4185
vt 0.8379 0.4043
vt 0.8379 0.4231
vt 0.8594 0.4209
vt 0.8413 0.4253
vt 0.8467 0.4514
vt 0.8364 0.4775
vt 0.8447 0.5039
vt 0.8311 0.5381
vt 0.855 0.5356
vt 0.8569 0.4731
vt 0.8823 0.4688
vt 0.8662 0.4436
vt 0.8394 0.5688
vt 0.8306 0.5693
vt 0.8921 0.4395
vt 0.896 0.4973
vt 0.9028 0.4814
vt 0.9053 0.5049
vt 0.9092 0.543
vt 0.8354 0.5884
vt 0.8252 0.5869
vt 0.8242 0.6035
vt 0.8882 0.4998
vt 0.8936 0.5391
vt 0.8853 0.5366
vt 0.8794 0.5664
vt 0.8926 0.5688
vt 0.9048 0.5747
vt 0.8892 0.584
vt 0.9043 0.5889
vt 0.8809 0.5903
vt 0.8525 0.5684
vt 0.8535 0.5757
vt 0.8989 0.6064
vt 0.9067 0.605
vt 0.9009 0.6147
vt 0.8901 0.604
vt 0.8706 0.583
vt 0.8457 0.5894
vt 0.8564 0.5928
vt 0.8569 0.6094
vt 0.8384 0.6001
vt 0.835 0.6646
vt 0.8208 0.6479
vt 0.8198 0.6714
vt 0.8833 0.6074
vt 0.896 0.6167
vt 0.8799 0.5962
vt 0.8794 0.6143
vt 0.8394 0.7217
vt 0.8232 0.7295
vt 0.8315 0.7417
vt 0.8237 0.7725
vt 0.8315 0.7793
vt 0.8184 0.8086
vt 0.8379 0.7969
vt 0.8379 0.7646
vt 0.8516 0.7729
vt 0.8604 0.7891
vt 0.8574 0.7119
vt 0.8589 0.7578
vt 0.8706 0.7847
vt 0.8784 0.7534
vt 0.8838 0.7866
vt 0.9102 0.7842
vt 0.8472 0.6909
vt 0.8647 0.7114
vt 0.8599 0.6621
vt 0.874 0.6606
vt 0.8569 0.6406
vt 0.8623 0.6304
vt 0.876 0.6353
vt 0.8979 0.7524
vt 0.9062 0.7617
vt 0.8755 0.7095
vt 0.8931 0.7104
vt 0.915 0.7544
vt 0.9175 0.7739
vt 0.9087 0.7134
vt 0.9023 0.665
vt 0.8887 0.6592
vt 0.9033 0.6504
vt 0.8916 0.6377
vt 0.8818 0.6479
vt 0.8877 0.6255
vt 0.8999 0.6313
vt 0.9067 0.6504
vt 0.9077 0.6392
vt 0.9019 0.6211
vt 0.5127 0.5557
vt 0.5269 0.5308
vt 0.5225 0.5312
vt 0.5176 0.5557
vt 0.5103 0.5649
vt 0.5137 0.5654
vt 0.5332 0.2683
vt 0.5176 0.27
vt 0.519 0.2817
vt 0.5156 0.2583
vt 0.9956 0.4172
vt 0.9937 0.405
vt 0.9868 0.4045
vt 0.9937 0.4258
vt 0.9868 0.425
vt 0.9937 0.4329
vt 0.9863 0.4375
vt 0.9971 0.4302
vt 0.9966 0.4236
vt 0.6924 0.0079
vt 0.6836 0.013
vt 0.687 0.0178
vt 0.6963 0.0141
vt 0.6992 0.0021
vt 0.4343 0.8828
vt 0.4314 0.8887
vt 0.4524 0.8892
vt 0.4521 0.8989
vt 0.4646 0.8887
vt 0.4429 0.8979
vt 0.4292 0.9053
vt 0.4521 0.9141
vt 0.4319 0.916
vt 0.4407 0.9219
vt 0.4441 0.9316
vt 0.4543 0.9287
vt 0.4736 0.9287
vt 0.4717 0.915
vt 0.4727 0.9004
vt 0.4749 0.8882
vt 0.9634 0.4614
vt 0.9644 0.4587
vt 0.9458 0.4421
vt 0.9429 0.4426
vt 0.9458 0.4177
vt 0.9482 0.4194
vt 0.1332 0.6821
vt 0.1322 0.6797
vt 0.112 0.6821
vt 0.1127 0.6802
vt 0.0969 0.6636
vt 0.0991 0.6621
vt 0.0966 0.646
vt 0.0939 0.6455
vt 0.1039 0.6279
vt 0.1017 0.625
vt 0.126 0.6221
vt 0.1262 0.625
vt 0.9932 0.1779
vt 0.9868 0.1772
vt 0.9849 0.1925
vt 0.9883 0.1948
vt 0.9941 0.1924
vt 0.9902 0.1992
vt 0.9819 0.1969
vt 0.9756 0.1896
vt 0.4602 0.0161
vt 0.4631 0.0235
vt 0.4688 0.0163
vt 0.4595 0.0252
vt 0.4595 0.03
vt 0.45 0.0406
vt 0.446 0.0387
vt 0.4419 0.0364
vt 0.4556 0.0156
vt 0.4434 0.0461
vt 0.4399 0.0434
vt 0.0172 0.2947
vt 0.0082 0.2878
vt 0.008 0.293
vt 0.0148 0.2998
vt 0.002 0.2939
vt 0.0219 0.304
vt 0.0251 0.3
vt 0.0224 0.2944
vt 0.0256 0.313
vt 0.0197 0.3123
vt 0.0161 0.3123
vt 0.0205 0.3213
vt 0.027 0.3201
vt 0.0293 0.3162
vt 0.0196 0.3235
vt 0.016 0.325
vt 0.0107 0.302
vt 0.0068 0.3042
vt 0.004 0.3069
vt 0.01 0.3118
vt 0.0065 0.3137
vt 0.0084 0.3198
vt 0.0116 0.3257
vt 0.0068 0.3228
vt 0.0088 0.3308
vt 0.0129 0.3328
vt 0.8691 0.0247
vt 0.8672 0.0369
vt 0.8735 0.0212
vt 0.8721 0.0163
vt 0.8687 0.0184
vt 0.8813 0.0021
vt 0.8818 0.0042
vt 0.0678 0.0025
vt 0.072 0.0115
vt 0.0774 0.0021
vt 0.0677 0.0124
vt 0.056 0.0267
vt 0.0701 0.0167
vt 0.0618 0.0292
vt 0.9502 0.8296
vt 0.9639 0.8218
vt 0.9561 0.8232
vt 0.9482 0.8413
vt 0.9526 0.855
vt 0.9741 0.8257
vt 0.9858 0.8354
vt 0.9629 0.8735
vt 0.9927 0.8452
vt 0.9971 0.853
vt 0.0708 0.5918
vt 0.0668 0.6133
vt 0.0798 0.6128
vt 0.0799 0.5991
vt 0.4553 0.3972
vt 0.4578 0.3933
vt 0.4509 0.3938
vt 0.4646 0.3923
vt 0.4661 0.3879
vt 0.4802 0.3718
vt 0.4827 0.3706
vt 0.4846 0.3621
vt 0.4871 0.3604
vt 0.4856 0.3535
vt 0.4836 0.3552
vt 0.4763 0.3523
vt 0.1755 0.0021
vt 0.1696 0.0039
vt 0.1813 0.0178
vt 0.1849 0.0165
vt 0.3872 0.2573
vt 0.3816 0.2433
vt 0.384 0.2598
vt 0.3779 0.2445
vt 0.3708 0.23
vt 0.3696 0.2361
vt 0.3794 0.2593
vt 0.3743 0.2434
vt 0.3806 0.2717
vt 0.376 0.2678
vt 0.3767 0.2556
vt 0.9346 0.5688
vt 0.9321 0.5674
vt 0.916 0.5815
vt 0.9341 0.5474
vt 0.9321 0.5474
vt 0.2556 0.3347
vt 0.2625 0.3201
vt 0.2507 0.3337
vt 0.2568 0.3213
vt 0.2593 0.3101
vt 0.2654 0.3098
vt 0.9883 0.1359
vt 0.9912 0.1296
vt 0.9863 0.1333
vt 0.9922 0.1343
vt 0.9956 0.1234
vt 0.9976 0.139
vt 0.0638 0.5806
vt 0.0547 0.5674
vt 0.0492 0.583
vt 0.0487 0.5898
vt 0.0592 0.5923
vt 0.0389 0.5913
vt 0.0325 0.5938
vt 0.0144 0.5889
vt 0.0367 0.606
vt 0.0249 0.5972
vt 0.0061 0.5928
vt 0.0207 0.6089
vt 0.0372 0.6191
vt 0.0094 0.6157
vt 0.0372 0.6479
vt 0.0084 0.6484
vt 0.0277 0.6582
vt 0.0327 0.6826
vt 0.0084 0.6758
vt 0.0195 0.6973
vt 0.0084 0.6997
vt 0.03 0.7036
vt 0.002 0.7549
vt 0.0204 0.7578
vt 0.9917 0.0459
vt 0.9863 0.0287
vt 0.9888 0.0454
vt 0.9932 0.04
vt 0.9966 0.0403
vt 0.9907 0.0141
vt 0.9868 0.0163
vt 0.9956 0.0196
vt 0.9951 0.002
vt 0.0409 0.0132
vt 0.0344 0.002
vt 0.0346 0.008
vt 0.0397 0.0158
vt 0.0502 0.0176
vt 0.004 0.4246
vt 0.0124 0.4106
vt 0.0054 0.4089
vt 0.011 0.4265
vt 0.0217 0.4133
vt 0.002 0.4451
vt 0.0218 0.4285
vt 0.0113 0.4451
vt 0.002 0.4604
vt 0.0227 0.448
vt 0.0101 0.4609
vt 0.0209 0.4609
vt 0.687 0.1265
vt 0.6724 0.1425
vt 0.6748 0.1439
vt 0.6885 0.1301
vt 0.7017 0.1115
vt 0.6978 0.1124
vt 0.707 0.0943
vt 0.7095 0.0945
vt 0.7119 0.0748
vt 0.5405 0.75
vt 0.541 0.7451
vt 0.5332 0.7373
vt 0.5376 0.7324
vt 0.5337 0.7231
vt 0.543 0.7339
vt 0.5464 0.7412
vt 0.542 0.7163
vt 0.5396 0.7192
vt 0.5361 0.7158
vt 0.5317 0.7202
vt 0.5376 0.7104
vt 0.1002 0.0496
vt 0.1001 0.0549
vt 0.1033 0.0521
vt 0.0947 0.0527
vt 0.0939 0.0599
vt 0.0981 0.0608
vt 0.4543 0.0061
vt 0.4688 0.0108
vt 0.459 0.0049
vt 0.45 0.0021
vt 0.4453 0.0062
vt 0.4431 0.0036
vt 0.4358 0.0101
vt 0.4355 0.0064
vt 0.4309 0.0123
vt 0.4285 0.0224
vt 0.426 0.0236
vt 0.426 0.0323
vt 0.4238 0.0331
vt 0.4275 0.0438
vt 0.4258 0.0436
vt 0.4314 0.0534
vt 0.1334 0.9238
vt 0.1354 0.9136
vt 0.124 0.9102
vt 0.1178 0.9219
vt 0.1182 0.9009
vt 0.1256 0.9106
vt 0.1094 0.8994
vt 0.1262 0.9341
vt 0.1342 0.9453
vt 0.1198 0.9448
vt 0.1025 0.9116
vt 0.0945 0.8999
vt 0.0953 0.9204
vt 0.1049 0.9272
vt 0.1054 0.9443
vt 0.0939 0.9434
vt 0.5142 0.1786
vt 0.5054 0.1703
vt 0.501 0.174
vt 0.4968 0.1534
vt 0.5039 0.1465
vt 0.4958 0.1418
vt 0.4988 0.1307
vt 0.4929 0.1321
vt 0.4858 0.1375
vt 0.4832 0.1301
vt 0.4858 0.1495
vt 0.4902 0.1714
vt 0.4971 0.1769
vt 0.5137 0.1837
vt 0.5107 0.1864
vt 0.4927 0.0036
vt 0.4919 0.0021
vt 0.4778 0.0075
vt 0.4883 0.011
vt 0.478 0.0123
vt 0.4932 0.0141
vt 0.4812 0.0206
vt 0.1924 0.0257
vt 0.2012 0.0395
vt 0.2041 0.0388
vt 0.1913 0.028
vt 0.1481 0.4519
vt 0.1497 0.4668
vt 0.1567 0.4587
vt 0.1377 0.4473
vt 0.1349 0.4526
vt 0.1232 0.4429
vt 0.3125 0.4409
vt 0.3091 0.4495
vt 0.3142 0.4456
vt 0.3047 0.4487
vt 0.3059 0.4578
vt 0.3123 0.4609
vt 0.239 0.8789
vt 0.244 0.8799
vt 0.2507 0.8589
vt 0.2421 0.8979
vt 0.2534 0.9087
vt 0.2576 0.8911
vt 0.2512 0.8682
vt 0.2502 0.9146
vt 0.2576 0.9033
vt 0.2338 0.9053
vt 0.2382 0.894
vt 0.2278 0.9058
vt 0.2412 0.9238
vt 0.234 0.9282
vt 0.2375 0.938
vt 0.262 0.8887
vt 0.2651 0.8457
vt 0.2502 0.8623
vt 0.2637 0.8354
vt 0.2649 0.9019
vt 0.2576 0.9067
vt 0.2668 0.9067
vt 0.2678 0.8892
vt 0.2744 0.8838
vt 0.2705 0.8955
vt 0.2681 0.9072
vt 0.2783 0.8921
vt 0.2708 0.9067
vt 0.2712 0.8403
vt 0.2703 0.8281
vt 0.2612 0.8223
vt 0.2659 0.8218
vt 0.2805 0.8271
vt 0.2747 0.8223
vt 0.3071 0.2075
vt 0.3125 0.1997
vt 0.3076 0.1987
vt 0.311 0.2124
vt 0.3047 0.2155
vt 0.3135 0.2244
vt 0.3157 0.2119
vt 0.3147 0.2175
vt 0.3201 0.2161
vt 0.9214 0.5342
vt 0.9248 0.542
vt 0.9282 0.5293
vt 0.9312 0.5337
vt 0.9414 0.5225
vt 0.9443 0.5127
vt 0.9434 0.5244
vt 0.9487 0.5151
vt 0.5112 0.1978
vt 0.5166 0.1958
vt 0.5103 0.1925
vt 0.5132 0.2004
vt 0.2205 0.5771
vt 0.2195 0.5645
vt 0.2079 0.5884
vt 0.2083 0.5747
vt 0.1967 0.5835
vt 0.1974 0.5957
vt 0.813 0.5791
vt 0.8081 0.5737
vt 0.8086 0.5811
vt 0.8135 0.5591
vt 0.8076 0.5581
vt 0.814 0.5532
vt 0.8213 0.5508
vt 0.8154 0.5615
vt 0.8154 0.5664
vt 0.8169 0.5776
vt 0.813 0.583
vt 0.9487 0.4983
vt 0.9658 0.4893
vt 0.9556 0.4895
vt 0.9653 0.4968
vt 0.9751 0.4873
vt 0.9771 0.4929
vt 0.9883 0.4797
vt 0.9873 0.4734
vt 0.9731 0.4812
vt 0.9658 0.4827
vt 0.9575 0.4866
vt 0.9697 0.4739
vt 0.9746 0.4724
vt 0.9829 0.4683
vt 0.9731 0.47
vt 0.9805 0.4634
vt 0.9932 0.4624
vt 0.9873 0.4597
vt 0.9883 0.4482
vt 0.9829 0.4626
vt 0.9766 0.4609
vt 0.9814 0.4492
vt 0.9746 0.45
vt 0.9736 0.437
vt 0.978 0.4358
vt 0.9741 0.4258
vt 0.9688 0.4238
vt 0.9619 0.4092
vt 0.9624 0.4165
vt 0.9771 0.4226
vt 0.9556 0.4114
vt 0.9722 0.4124
vt 0.9648 0.4045
vt 0.9497 0.4089
vt 0.9536 0.4009
vt 0.9497 0.4043
vt 0.9395 0.4016
vt 0.9351 0.4062
vt 0.9429 0.3987
vt 0.9268 0.4077
vt 0.9321 0.3962
vt 0.9282 0.4021
vt 0.2246 0.0486
vt 0.2227 0.0495
vt 0.2277 0.0678
vt 0.2151 0.0343
vt 0.2173 0.0323
vt 0.2042 0.0186
vt 0.2057 0.0159
vt 0.1913 0.0044
vt 0.1924 0.0021
vt 0.1975 0.5532
vt 0.1913 0.5527
vt 0.196 0.5605
vt 0.1919 0.563
vt 0.2026 0.5645
vt 0.9106 0.3494
vt 0.916 0.3564
vt 0.9185 0.3484
vt 0.9229 0.3655
vt 0.9155 0.3645
vt 0.9185 0.3794
vt 0.9258 0.3647
vt 0.9263 0.3762
vt 0.9287 0.3779
vt 0.251 0.7725
vt 0.2294 0.7808
vt 0.2332 0.7856
vt 0.2423 0.7681
vt 0.2625 0.7607
vt 0.2556 0.7559
vt 0.2366 0.7705
vt 0.2236 0.7842
vt 0.2441 0.7637
vt 0.2383 0.7666
vt 0.233 0.7607
vt 0.2522 0.7563
vt 0.2515 0.7485
vt 0.2441 0.7578
vt 0.2329 0.7524
vt 0.2448 0.751
vt 0.2483 0.7495
vt 0.2428 0.7441
vt 0.25 0.7412
vt 0.2539 0.7412
vt 0.241 0.7354
vt 0.2305 0.7437
vt 0.2296 0.7539
vt 0.2343 0.7339
vt 0.13 0.6353
vt 0.1349 0.6357
vt 0.137 0.6279
vt 0.1293 0.6411
vt 0.127 0.6558
vt 0.13 0.6597
vt 0.1271 0.665
vt 0.124 0.6406
vt 0.1209 0.6318
vt 0.123 0.6558
vt 0.1233 0.6636
vt 0.1222 0.6377
vt 0.4399 0.2106
vt 0.446 0.1968
vt 0.4421 0.1978
vt 0.4407 0.1847
vt 0.0498 0.2605
vt 0.0459 0.2534
vt 0.04 0.2693
vt 0.0446 0.2703
vt 0.0398 0.2788
vt 0.048 0.2783
vt 0.3696 0.0438
vt 0.3726 0.0493
vt 0.3735 0.0421
vt 0.3752 0.0481
vt 0.0549 0.366
vt 0.0586 0.364
vt 0.0506 0.3547
vt 0.0569 0.3567
vt 0.054 0.3523
vt 0.0507 0.3486
vt 0.0583 0.3452
vt 0.0544 0.3408
vt 0.0876 0.5132
vt 0.0997 0.4836
vt 0.0967 0.4814
vt 0.0853 0.5093
vt 0.0809 0.52
vt 0.0776 0.5161
vt 0.0084 0.3452
vt 0.0085 0.3381
vt 0.0056 0.3413
vt 0.0051 0.3486
vt 0.002 0.3428
vt 0.4587 0.3706
vt 0.4509 0.3762
vt 0.4607 0.3748
vt 0.4675 0.3679
vt 0.4636 0.3665
vt 0.4541 0.3579
vt 0.4568 0.3525
vt 0.1144 0.0525
vt 0.124 0.0435
vt 0.1101 0.0516
vt 0.126 0.0516
vt 0.1169 0.0571
vt 0.1261 0.0554
vt 0.1154 0.06
vt 0.9795 0.0122
vt 0.9775 0.0045
vt 0.9756 0.0077
vt 0.9702 0.0021
vt 0.9702 0.0076
vt 0.3481 0.0123
vt 0.3562 0.005
vt 0.3535 0.0041
vt 0.3616 0.0045
vt 0.3616 0.0021
vt 0.3684 0.0052
vt 0.3672 0.0073
vt 0.3735 0.0123
vt 0.3716 0.0135
vt 0.3721 0.0263
vt 0.3745 0.0254
vt 0.3716 0.0333
vt 0.3699 0.0319
vt 0.3643 0.0368
vt 0.562 0.2913
vt 0.5581 0.3013
vt 0.563 0.3013
vt 0.5571 0.2925
vt 0.5605 0.2815
vt 0.5552 0.283
vt 0.5591 0.271
vt 0.5537 0.2727
vt 0.7158 0.9238
vt 0.7148 0.915
vt 0.7104 0.9136
vt 0.7124 0.9067
vt 0.7188 0.9097
vt 0.7178 0.8984
vt 0.7271 0.8989
vt 0.7373 0.8896
vt 0.7271 0.9053
vt 0.7417 0.873
vt 0.73 0.9077
vt 0.7168 0.918
vt 0.7632 0.8813
vt 0.7573 0.8706
vt 0.7632 0.8496
vt 0.7812 0.8672
vt 0.7754 0.8545
vt 0.7769 0.8369
vt 0.7852 0.8457
vt 0.7944 0.8564
vt 0.8062 0.8472
vt 0.7979 0.8335
vt 0.7905 0.8242
vt 0.7871 0.8198
vt 0.9155 0.2401
vt 0.916 0.235
vt 0.9092 0.2279
vt 0.9004 0.2324
vt 0.9072 0.2452
vt 0.9121 0.2465
vt 0.8999 0.2402
vt 0.9087 0.2554
vt 0.9014 0.2443
vt 0.8999 0.2529
vt 0.6479 0.0241
vt 0.6479 0.0133
vt 0.6455 0.0181
vt 0.6519 0.0131
vt 0.6543 0.005
vt 0.6572 0.007
vt 0.666 0.0051
vt 0.6646 0.0021
vt 0.6714 0.0079
vt 0.6724 0.0059
vt 0.6743 0.0128
vt 0.6724 0.0136
vt 0.6709 0.0265
vt 0.6729 0.0258
vt 0.6675 0.0328
vt 0.9434 0.7485
vt 0.9526 0.7568
vt 0.9478 0.7446
vt 0.9565 0.752
vt 0.9595 0.7402
vt 0.9497 0.7349
vt 0.9707 0.7422
vt 0.9741 0.7271
vt 0.9668 0.7573
vt 0.9805 0.7402
vt 0.9761 0.7573
vt 0.9888 0.748
vt 0.9868 0.7563
vt 0.9941 0.7285
vt 0.9849 0.7275
vt 0.9854 0.7148
vt 0.9946 0.7163
vt 0.9946 0.7041
vt 0.9844 0.7026
vt 0.9814 0.6904
vt 0.9697 0.6924
vt 0.9741 0.7144
vt 0.9722 0.7026
vt 0.9551 0.6963
vt 0.9556 0.7031
vt 0.9404 0.7026
vt 0.9565 0.7109
vt 0.9443 0.7095
vt 0.936 0.7148
vt 0.9609 0.7261
vt 0.9517 0.7227
vt 0.9429 0.7178
vt 0.9341 0.7231
vt 0.9414 0.7368
vt 0.9321 0.7305
vt 0.9375 0.7393
vt 0.0993 0.7158
vt 0.1081 0.7021
vt 0.101 0.7104
vt 0.1105 0.7031
vt 0.1088 0.6924
vt 0.1119 0.709
vt 0.1063 0.7158
vt 0.1163 0.71
vt 0.1158 0.7021
vt 0.1145 0.6875
vt 0.1199 0.7026
vt 0.1174 0.688
vt 0.2881 0.4919
vt 0.2837 0.489
vt 0.2837 0.4924
vt 0.2834 0.5029
vt 0.2771 0.5034
vt 0.2744 0.5181
vt 0.27 0.5151
vt 0.2749 0.5005
vt 0.2668 0.5225
vt 0.271 0.5264
vt 0.4736 0.3965
vt 0.4702 0.4045
vt 0.4739 0.4148
vt 0.4692 0.4199
vt 0.4683 0.4155
vt 0.4617 0.4229
vt 0.4656 0.4253
vt 0.0537 0.2094
vt 0.0509 0.2113
vt 0.0552 0.2161
vt 0.0587 0.2114
vt 0.0554 0.2051
vt 0.0506 0.2021
vt 0.708 0.1197
vt 0.7051 0.1238
vt 0.709 0.1299
vt 0.7056 0.132
vt 0.3667 0.1248
vt 0.3699 0.1323
vt 0.3777 0.1189
vt 0.3579 0.1405
vt 0.364 0.1445
vt 0.3596 0.1182
vt 0.3691 0.1084
vt 0.356 0.0931
vt 0.3516 0.1155
vt 0.3484 0.11
vt 0.3401 0.1256
vt 0.3486 0.1322
vt 0.3611 0.1439
vt 0.3694 0.1522
vt 0.363 0.1566
vt 0.3542 0.1439
vt 0.3396 0.1383
vt 0.3491 0.1477
vt 0.3442 0.1295
vt 0.3354 0.1248
vt 0.3354 0.1438
vt 0.3264 0.1287
vt 0.3303 0.1343
vt 0.3267 0.1427
vt 0.3828 0.9692
vt 0.3994 0.9839
vt 0.3994 0.9692
vt 0.3828 0.9839
vt 0.3662 0.9692
vt 0.3828 0.9868
vt 0.3994 0.9868
vt 0.3662 0.9868
vt 0.3662 0.9839
vt 0.3496 0.9692
vt 0.3496 0.9868
vt 0.3496 0.9839
vt 0.333 0.9692
vt 0.333 0.9868
vt 0.333 0.9839
vt 0.3167 0.9692
vt 0.3167 0.9868
vt 0.3167 0.9839
vt 0.3 0.9692
vt 0.3 0.9868
vt 0.3 0.9839
vt 0.2834 0.9692
vt 0.2834 0.9868
vt 0.2834 0.9839
vt 0.2668 0.9692
vt 0.2668 0.9868
vt 0.2668 0.9839
vt 0.2502 0.9692
vt 0.2502 0.9868
vt 0.2502 0.9839
vt 0.2338 0.9692
vt 0.2338 0.9868
vt 0.2338 0.9839
vt 0.2172 0.9692
vt 0.2172 0.9868
vt 0.2172 0.9839
vt 0.2007 0.9692
vt 0.2007 0.9868
vt 0.2007 0.9839
vt 0.1841 0.9692
vt 0.1841 0.9868
vt 0.1841 0.9839
vt 0.1675 0.9692
vt 0.1675 0.9868
vt 0.1675 0.9839
vt 0.151 0.9692
vt 0.151 0.9868
vt 0.151 0.9839
vt 0.1344 0.9692
vt 0.1344 0.9868
vt 0.1344 0.9839
vt 0.1179 0.9692
vt 0.1179 0.9868
vt 0.1179 0.9839
vt 0.1013 0.9692
vt 0.1013 0.9868
vt 0.1013 0.9839
vt 0.0847 0.9692
vt 0.0847 0.9868
vt 0.0847 0.9839
vt 0.0682 0.9692
vt 0.0682 0.9868
vt 0.0682 0.9839
vt 0.0516 0.9692
vt 0.0516 0.9868
vt 0.0516 0.9839
vt 0.0351 0.9692
vt 0.0351 0.9868
vt 0.0351 0.9839
vt 0.0185 0.9692
vt 0.0185 0.9868
vt 0.0185 0.9839
vt 0.002 0.9692
vt 0.002 0.9868
vt 0.002 0.9839
vt 0.7969 0.4211
vt 0.7969 0.5063
vt 0.7998 0.5063
vt 0.7998 0.4211
vt 0.7998 0.4211
vt 0.7998 0.5063
vt 0.8027 0.5063
vt 0.8027 0.4211
vt 0.8027 0.4211
vt 0.8027 0.5063
vt 0.8057 0.5063
vt 0.8057 0.4211
vt 0.8057 0.4211
vt 0.8057 0.5063
vt 0.8086 0.5063
vt 0.8086 0.4211
vt 0.8086 0.4211
vt 0.8086 0.5063
vt 0.811 0.5063
vt 0.8115 0.4211
vt 0.8115 0.4211
vt 0.811 0.5063
vt 0.814 0.5063
vt 0.814 0.4211
vt 0.9429 0.542
vt 0.9927 0.4978
vt 0.9902 0.4951
vt 0.9458 0.5449
vt 0.9429 0.5474
vt 0.9487 0.5493
vt 0.9458 0.5508
vt 0.9497 0.5552
vt 0.9463 0.5552
vt 0.9487 0.561
vt 0.9458 0.5596
vt 0.9458 0.5654
vt 0.9429 0.563
vt 0.9429 0.5679
vt 0.9927 0.6123
vt 0.9902 0.6152
vt 0.002 0.259
vt 0.0517 0.3035
vt 0.0046 0.2563
vt 0.049 0.3062
vt 0.0515 0.3086
vt 0.049 0.312
vt 0.046 0.3105
vt 0.0485 0.3164
vt 0.045 0.3164
vt 0.049 0.3208
vt 0.046 0.3223
vt 0.049 0.3267
vt 0.0515 0.3242
vt 0.0515 0.3291
vt 0.0045 0.3762
vt 0.002 0.3738
vt 0.6846 0.7534
vt 0.5752 0.7534
vt 0.5752 0.8198
vt 0.6846 0.8198
vt 0.5752 0.8198
vt 0.5752 0.8252
vt 0.6846 0.8252
vt 0.6846 0.8198
vt 0.6846 0.8477
vt 0.5752 0.8477
vt 0.5752 0.9141
vt 0.6846 0.9141
vt 0.8833 0.9287
vt 0.896 0.9331
vt 0.9097 0.9331
vt 0.8833 0.9233
vt 0.6846 0.8296
vt 0.6846 0.8252
vt 0.5752 0.8252
vt 0.5752 0.8296
vt 0.5752 0.8477
vt 0.6846 0.8477
vt 0.6846 0.8423
vt 0.5752 0.8428
vt 0.3904 0.9277
vt 0.3767 0.9277
vt 0.3643 0.9326
vt 0.3643 0.938
vt 0.5752 0.8428
vt 0.6846 0.8423
vt 0.6846 0.8384
vt 0.5752 0.8384
vt 0.0208 0.9307
vt 0.002 0.9307
vt 0.002 0.9404
vt 0.0703 0.9404
vt 0.5913 0.998
vt 0.7007 0.998
vt 0.7007 0.9946
vt 0.5913 0.9946
vt 0.7007 0.9946
vt 0.7007 0.9868
vt 0.5913 0.9868
vt 0.5913 0.9946
vt 0.7319 0.9302
vt 0.8413 0.9302
vt 0.8413 0.9224
vt 0.7319 0.9224
vt 0.7319 0.9224
vt 0.8413 0.9224
vt 0.8413 0.9185
vt 0.7319 0.9185
vt 0.6846 0.8384
vt 0.6846 0.834
vt 0.5752 0.834
vt 0.5752 0.8384
vt 0.6846 0.834
vt 0.6846 0.8296
vt 0.5752 0.8296
vt 0.5752 0.834
vt 0.7007 0.9341
vt 0.7007 0.9194
vt 0.5913 0.9194
vt 0.5913 0.9341
vt 0.7319 0.9976
vt 0.8413 0.9976
vt 0.8413 0.9829
vt 0.7319 0.9829
vt 0.7007 0.9473
vt 0.7007 0.9341
vt 0.5913 0.9341
vt 0.5913 0.9473
vt 0.8413 0.9463
vt 0.8413 0.9302
vt 0.7319 0.9302
vt 0.7319 0.9463
vt 0.7007 0.9707
vt 0.7007 0.9473
vt 0.5913 0.9473
vt 0.5913 0.9707
vt 0.8413 0.9829
vt 0.8413 0.9692
vt 0.7319 0.9692
vt 0.7319 0.9829
vt 0.7905 0.9126
vt 0.8042 0.9126
vt 0.8164 0.9082
vt 0.8164 0.9028
vt 0.0703 0.9351
vt 0.0578 0.9307
vt 0.0441 0.9307
vt 0.0703 0.9404
vt 0.4326 0.938
vt 0.4326 0.9277
vt 0.4138 0.9277
vt 0.3643 0.938
vt 0.8413 0.9692
vt 0.8413 0.9463
vt 0.7319 0.9463
vt 0.7319 0.9692
vt 0.5913 0.9868
vt 0.7007 0.9868
vt 0.7007 0.9707
vt 0.5913 0.9707
vt 0.748 0.9028
vt 0.748 0.9126
vt 0.7671 0.9126
vt 0.8164 0.9028
vt 0.9331 0.9331
vt 0.9517 0.9331
vt 0.9517 0.9233
vt 0.8833 0.9233
vt 0.894 0.1572
vt 0.8965 0.1565
vt 0.8911 0.1493
vt 0.8892 0.1516
vt 0.8911 0.1493
vt 0.8843 0.1432
vt 0.8838 0.1433
vt 0.8833 0.1456
vt 0.8843 0.1477
vt 0.8892 0.1516
vt 0.895 0.1598
vt 0.8965 0.1565
vt 0.894 0.1572
vt 0.8975 0.1594
vt 0.896 0.1996
vt 0.8989 0.2054
vt 0.8955 0.2057
vt 0.8955 0.2205
vt 0.8989 0.2203
vt 0.8984 0.2208
vt 0.896 0.2209
vt 0.6724 0.3376
vt 0.6675 0.3435
vt 0.6694 0.3457
vt 0.6748 0.3384
vt 0.6621 0.3518
vt 0.6626 0.3521
vt 0.6694 0.3457
vt 0.6616 0.3496
vt 0.6626 0.3474
vt 0.6675 0.3435
vt 0.6733 0.335
vt 0.6724 0.3376
vt 0.6748 0.3384
vt 0.6758 0.3354
vt 0.6772 0.2893
vt 0.6743 0.2952
vt 0.6738 0.2891
vt 0.6772 0.2744
vt 0.6738 0.2742
vt 0.6743 0.2737
vt 0.6768 0.2737
vt 0.084 0.0021
vt 0.0832 0.0021
vt 0.0831 0.0047
vt 0.0839 0.0047
vt 0.6997 0.8926
vt 0.7002 0.8926
vt 0.7002 0.8779
vt 0.6992 0.8779
vt 0.7925 0.2974
vt 0.792 0.2974
vt 0.7915 0.312
vt 0.7925 0.312
vt 0.6987 0.8291
vt 0.6968 0.8203
vt 0.6963 0.8203
vt 0.6978 0.8291
vt 0.7939 0.2416
vt 0.793 0.2491
vt 0.7939 0.2491
vt 0.7944 0.2417
vt 0.6968 0.8203
vt 0.6948 0.811
vt 0.6943 0.8115
vt 0.6963 0.8203
vt 0.7969 0.231
vt 0.7959 0.2308
vt 0.7954 0.2332
vt 0.7959 0.2333
vt 0.7954 0.2355
vt 0.7949 0.2354
vt 0.7939 0.2416
vt 0.7944 0.2417
vt 0.6987 0.832
vt 0.6987 0.8291
vt 0.6978 0.8291
vt 0.6978 0.832
vt 0.793 0.2491
vt 0.793 0.2517
vt 0.7935 0.2517
vt 0.7939 0.2491
vt 0.7915 0.312
vt 0.7915 0.3127
vt 0.7925 0.3127
vt 0.7925 0.312
vt 0.7002 0.8936
vt 0.7002 0.8926
vt 0.6997 0.8926
vt 0.6997 0.8936
vt 0.6948 0.811
vt 0.6948 0.8105
vt 0.6943 0.811
vt 0.6943 0.8115
vt 0.7954 0.2332
vt 0.7949 0.2354
vt 0.7954 0.2355
vt 0.7959 0.2333
vt 0.7925 0.2913
vt 0.792 0.2913
vt 0.792 0.2974
vt 0.7925 0.2974
vt 0.6992 0.8779
vt 0.7002 0.8779
vt 0.6987 0.832
vt 0.6978 0.832
vt 0.793 0.2517
vt 0.792 0.2913
vt 0.7925 0.2913
vt 0.7935 0.2517
vt 0.1323 0.5269
vt 0.1318 0.5278
vt 0.1317 0.5288
vt 0.1323 0.5298
vt 0.1338 0.5264
vt 0.134 0.5298
vt 0.1349 0.5259
vt 0.1356 0.5303
vt 0.1398 0.5239
vt 0.1355 0.5249
vt 0.1359 0.5239
vt 0.1365 0.5239
vt 0.1392 0.5234
vt 0.1371 0.5312
vt 0.1406 0.5298
vt 0.1381 0.5327
vt 0.1411 0.5356
vt 0.139 0.5361
vt 0.1412 0.542
vt 0.1392 0.542
vt 0.1407 0.5488
vt 0.1387 0.5483
vt 0.1393 0.5547
vt 0.1371 0.5542
vt 0.1372 0.5591
vt 0.1349 0.5562
vt 0.1349 0.5591
vt 0.1375 0.5596
vt 0.1339 0.5591
vt 0.1354 0.5596
vt 0.1327 0.5581
vt 0.1328 0.5571
vt 0.1324 0.5576
vt 0.1373 0.563
vt 0.1354 0.563
vt 0.1354 0.5664
vt 0.1375 0.5664
vt 0.1349 0.5669
vt 0.1372 0.5674
vt 0.1349 0.5698
vt 0.1339 0.5674
vt 0.1327 0.5684
vt 0.1328 0.5693
vt 0.1324 0.5688
vt 0.1371 0.5723
vt 0.1393 0.5718
vt 0.1387 0.5776
vt 0.1407 0.5776
vt 0.1392 0.5845
vt 0.1412 0.5845
vt 0.139 0.5903
vt 0.1411 0.5903
vt 0.1381 0.5938
vt 0.1406 0.5967
vt 0.1371 0.5952
vt 0.1398 0.6025
vt 0.1356 0.5962
vt 0.1349 0.6006
vt 0.134 0.5967
vt 0.1338 0.5996
vt 0.1323 0.5967
vt 0.1323 0.5991
vt 0.1317 0.5972
vt 0.1318 0.5986
vt 0.1355 0.6011
vt 0.1359 0.6021
vt 0.1365 0.6025
vt 0.1392 0.6025
vt 0.0026 0.5425
vt 0.002 0.5405
vt 0.0021 0.5415
vt 0.0025 0.5396
vt 0.0041 0.543
vt 0.0042 0.5396
vt 0.0051 0.5435
vt 0.0059 0.5391
vt 0.0101 0.5454
vt 0.0058 0.5444
vt 0.0061 0.5454
vt 0.0067 0.5454
vt 0.0095 0.5459
vt 0.0074 0.5381
vt 0.0109 0.5396
vt 0.0084 0.5366
vt 0.0115 0.5337
vt 0.0094 0.5332
vt 0.0115 0.5273
vt 0.0095 0.5273
vt 0.011 0.5205
vt 0.009 0.521
vt 0.0096 0.5146
vt 0.0074 0.5151
vt 0.0075 0.5103
vt 0.0051 0.5127
vt 0.0052 0.5103
vt 0.0077 0.5098
vt 0.0041 0.5103
vt 0.0057 0.5098
vt 0.003 0.5112
vt 0.003 0.5122
vt 0.0026 0.5117
vt 0.0077 0.5059
vt 0.0056 0.5059
vt 0.0057 0.5024
vt 0.0077 0.5024
vt 0.0052 0.502
vt 0.0075 0.502
vt 0.0051 0.4993
vt 0.0041 0.502
vt 0.003 0.501
vt 0.003 0.5
vt 0.0026 0.5005
vt 0.0074 0.4968
vt 0.0096 0.4976
vt 0.009 0.4912
vt 0.011 0.4915
vt 0.0095 0.4849
vt 0.0116 0.4849
vt 0.0094 0.4788
vt 0.0115 0.4785
vt 0.0084 0.4753
vt 0.0109 0.4724
vt 0.0074 0.4739
vt 0.0101 0.4668
vt 0.0059 0.4729
vt 0.0051 0.4688
vt 0.0042 0.4724
vt 0.0041 0.4695
vt 0.0025 0.4724
vt 0.0026 0.4697
vt 0.002 0.4719
vt 0.0021 0.4705
vt 0.0058 0.468
vt 0.0061 0.467
vt 0.0067 0.4666
vt 0.0095 0.4663
vt 0.2454 0.1346
vt 0.2458 0.1346
vt 0.246 0.1334
vt 0.2454 0.1334
vt 0.874 0.0422
vt 0.8735 0.0423
vt 0.8745 0.0435
vt 0.873 0.0437
vt 0.8726 0.0424
vt 0.8745 0.0444
vt 0.8745 0.0435
vt 0.873 0.0437
vt 0.873 0.0446
vt 0.2454 0.1395
vt 0.2458 0.1395
vt 0.2458 0.1371
vt 0.2454 0.1371
vt 0.8745 0.0471
vt 0.8745 0.0459
vt 0.873 0.0461
vt 0.873 0.0473
vt 0.2454 0.1371
vt 0.2458 0.1371
vt 0.2458 0.1346
vt 0.2454 0.1346
vt 0.8745 0.0459
vt 0.8745 0.0444
vt 0.873 0.0446
vt 0.873 0.0461
vt 0.0467 0.0646
vt 0.0452 0.0681
vt 0.0468 0.0681
vt 0.0452 0.0646
vt 0.0452 0.061
vt 0.0468 0.061
vt 0.6958 0.1854
vt 0.6943 0.1819
vt 0.6943 0.1854
vt 0.6958 0.1819
vt 0.6958 0.1783
vt 0.6943 0.1783
vt 0.875 0.05
vt 0.875 0.0492
vt 0.8735 0.0494
vt 0.8735 0.0501
vt 0.8755 0.0527
vt 0.875 0.05
vt 0.8735 0.0501
vt 0.874 0.0528
vt 0.8755 0.0534
vt 0.8755 0.0527
vt 0.874 0.0528
vt 0.874 0.0535
vt 0.876 0.0653
vt 0.876 0.0591
vt 0.874 0.0592
vt 0.8745 0.0654
vt 0.6841 0.2491
vt 0.6836 0.2491
vt 0.6836 0.2542
vt 0.6841 0.2542
vt 0.876 0.0591
vt 0.8755 0.0534
vt 0.874 0.0535
vt 0.874 0.0592
vt 0.2454 0.1445
vt 0.246 0.1445
vt 0.2458 0.142
vt 0.2454 0.142
vt 0.875 0.0482
vt 0.8745 0.0471
vt 0.873 0.0473
vt 0.8735 0.0483
vt 0.2454 0.142
vt 0.2458 0.142
vt 0.2458 0.1395
vt 0.2454 0.1395
vt 0.875 0.0492
vt 0.875 0.0482
vt 0.8735 0.0483
vt 0.8735 0.0494
vt 0.8765 0.0716
vt 0.876 0.0653
vt 0.8745 0.0654
vt 0.875 0.0717
vt 0.6841 0.2406
vt 0.6836 0.2406
vt 0.6836 0.2491
vt 0.6841 0.2491
vt 0.877 0.0782
vt 0.8765 0.0716
vt 0.875 0.0717
vt 0.8755 0.0783
vt 0.6841 0.2314
vt 0.6836 0.2314
vt 0.6836 0.2406
vt 0.6841 0.2406
vt 0.877 0.0844
vt 0.877 0.0782
vt 0.8755 0.0783
vt 0.8755 0.0844
vt 0.6841 0.2231
vt 0.6836 0.2233
vt 0.6836 0.2314
vt 0.6841 0.2314
vt 0.0452 0.0681
vt 0.0453 0.0688
vt 0.0468 0.0688
vt 0.0468 0.0681
vt 0.6958 0.1862
vt 0.6958 0.1854
vt 0.6943 0.1854
vt 0.6943 0.186
vt 0.6958 0.1871
vt 0.6958 0.1862
vt 0.6943 0.186
vt 0.6943 0.1871
vt 0.877 0.0892
vt 0.877 0.0844
vt 0.8755 0.0844
vt 0.8755 0.0892
vt 0.4731 0.1343
vt 0.4724 0.1343
vt 0.4724 0.1389
vt 0.4729 0.1389
vt 0.6958 0.1886
vt 0.6948 0.1892
vt 0.6958 0.1893
vt 0.6943 0.1885
vt 0.6943 0.1892
vt 0.4729 0.1304
vt 0.4724 0.1304
vt 0.4724 0.1312
vt 0.4729 0.1312
vt 0.6943 0.1885
vt 0.6958 0.1886
vt 0.6958 0.1871
vt 0.6943 0.1871
vt 0.4729 0.1312
vt 0.4724 0.1312
vt 0.4724 0.1343
vt 0.4731 0.1343
vt 0.3757 0.1041
vt 0.3757 0.1033
vt 0.375 0.1033
vt 0.375 0.1041
vt 0.3757 0.1072
vt 0.3757 0.1041
vt 0.375 0.1041
vt 0.3752 0.1072
vt 0.3757 0.1118
vt 0.3757 0.1072
vt 0.3752 0.1072
vt 0.375 0.1118
vt 0.9976 0.2106
vt 0.9976 0.2024
vt 0.9971 0.2024
vt 0.9971 0.2106
vt 0.998 0.2198
vt 0.9976 0.2106
vt 0.9971 0.2106
vt 0.9971 0.2198
vt 0.9976 0.2283
vt 0.998 0.2198
vt 0.9971 0.2198
vt 0.9971 0.2283
vt 0.9976 0.2333
vt 0.9976 0.2283
vt 0.9971 0.2283
vt 0.9971 0.2333
vt 0.9971 0.1682
vt 0.9971 0.1707
vt 0.9976 0.1707
vt 0.9976 0.1681
vt 0.9971 0.1656
vt 0.9971 0.1682
vt 0.9976 0.1681
vt 0.9976 0.1656
vt 0.9971 0.1632
vt 0.9971 0.1656
vt 0.9976 0.1656
vt 0.9976 0.1632
vt 0.9971 0.1609
vt 0.9971 0.1632
vt 0.9976 0.1632
vt 0.9976 0.1609
vt 0.9971 0.1597
vt 0.9971 0.1609
vt 0.9976 0.1609
vt 0.9976 0.1597
vt 0.6719 0.3638
vt 0.6768 0.3584
vt 0.6748 0.3562
vt 0.6694 0.3633
vt 0.6816 0.3547
vt 0.6821 0.3525
vt 0.6816 0.3503
vt 0.6768 0.3584
vt 0.6812 0.3503
vt 0.6748 0.3562
vt 0.6709 0.3662
vt 0.6719 0.3638
vt 0.6694 0.3633
vt 0.6689 0.366
vt 0.6699 0.4045
vt 0.6675 0.4102
vt 0.4338 0.2212
vt 0.4316 0.2218
vt 0.4368 0.2289
vt 0.4387 0.2267
vt 0.4438 0.2347
vt 0.4441 0.2325
vt 0.4434 0.2305
vt 0.4387 0.2267
vt 0.4434 0.2349
vt 0.4368 0.2289
vt 0.4331 0.2186
vt 0.4316 0.2218
vt 0.4338 0.2212
vt 0.4309 0.219
vt 0.4294 0.1748
vt 0.4319 0.1804
vt 0.0236 0.0021
vt 0.0237 0.0047
vt 0.0245 0.0047
vt 0.0244 0.0021
vt 0.192 0.2908
vt 0.1915 0.2761
vt 0.1913 0.2908
vt 0.1923 0.2761
vt 0.1927 0.2311
vt 0.1935 0.2311
vt 0.2174 0.916
vt 0.2178 0.9307
vt 0.2185 0.9307
vt 0.2183 0.916
vt 0.1929 0.2281
vt 0.1936 0.2281
vt 0.1951 0.2195
vt 0.1943 0.2194
vt 0.2158 0.8613
vt 0.2151 0.8613
vt 0.2158 0.8687
vt 0.2166 0.8687
vt 0.1943 0.2194
vt 0.1951 0.2195
vt 0.197 0.2107
vt 0.1963 0.2106
vt 0.2129 0.8511
vt 0.2135 0.853
vt 0.2142 0.853
vt 0.2136 0.8511
vt 0.2139 0.8555
vt 0.2151 0.8613
vt 0.2158 0.8613
vt 0.2146 0.855
vt 0.1927 0.2311
vt 0.1935 0.2311
vt 0.1936 0.2281
vt 0.1929 0.2281
vt 0.2166 0.8687
vt 0.2158 0.8687
vt 0.2161 0.8716
vt 0.2168 0.8716
vt 0.2185 0.9307
vt 0.2178 0.9307
vt 0.2178 0.9316
vt 0.2185 0.9312
vt 0.1913 0.2915
vt 0.192 0.2915
vt 0.192 0.2908
vt 0.1913 0.2908
vt 0.4321 0.1599
vt 0.4297 0.16
vt 0.4292 0.1605
vt 0.4326 0.1604
vt 0.4326 0.1746
vt 0.4294 0.1748
vt 0.4319 0.1804
vt 0.6704 0.4246
vt 0.6675 0.425
vt 0.6699 0.425
vt 0.667 0.4243
vt 0.6675 0.4102
vt 0.6704 0.4104
vt 0.6699 0.4045
vt 0.1963 0.2106
vt 0.197 0.2107
vt 0.1971 0.2102
vt 0.1964 0.2101
vt 0.2142 0.853
vt 0.2135 0.853
vt 0.2139 0.8555
vt 0.2146 0.855
vt 0.2173 0.9102
vt 0.2174 0.916
vt 0.2183 0.916
vt 0.218 0.9102
vt 0.2168 0.8716
vt 0.2161 0.8716
vt 0.2173 0.9102
vt 0.218 0.9102
vt 0.3752 0.1482
vt 0.3752 0.1493
vt 0.3757 0.1493
vt 0.3757 0.1482
vt 0.6646 0.1068
vt 0.6641 0.108
vt 0.665 0.1068
vt 0.6655 0.1082
vt 0.666 0.1069
vt 0.6641 0.1089
vt 0.6655 0.1091
vt 0.6655 0.1082
vt 0.6641 0.108
vt 0.375 0.1433
vt 0.375 0.1458
vt 0.3757 0.1458
vt 0.3757 0.1433
vt 0.6636 0.1117
vt 0.665 0.1118
vt 0.6655 0.1106
vt 0.6641 0.1104
vt 0.375 0.1458
vt 0.3752 0.1482
vt 0.3757 0.1482
vt 0.3757 0.1458
vt 0.6641 0.1104
vt 0.6655 0.1106
vt 0.6655 0.1091
vt 0.6641 0.1089
vt 0.6636 0.1145
vt 0.665 0.1146
vt 0.665 0.1139
vt 0.6636 0.1138
vt 0.6631 0.1172
vt 0.6646 0.1174
vt 0.665 0.1146
vt 0.6636 0.1145
vt 0.6631 0.1179
vt 0.6646 0.118
vt 0.6646 0.1174
vt 0.6631 0.1172
vt 0.6626 0.1299
vt 0.6641 0.13
vt 0.6646 0.1237
vt 0.6626 0.1237
vt 0.0621 0.3032
vt 0.062 0.2983
vt 0.0614 0.2983
vt 0.0616 0.3032
vt 0.6626 0.1237
vt 0.6646 0.1237
vt 0.6646 0.118
vt 0.6631 0.1179
vt 0.3752 0.1383
vt 0.3752 0.1407
vt 0.3757 0.1407
vt 0.3757 0.1383
vt 0.6636 0.1127
vt 0.665 0.1129
vt 0.665 0.1118
vt 0.6636 0.1117
vt 0.3752 0.1407
vt 0.375 0.1433
vt 0.3757 0.1433
vt 0.3757 0.1407
vt 0.6636 0.1138
vt 0.665 0.1139
vt 0.665 0.1129
vt 0.6636 0.1127
vt 0.6621 0.1361
vt 0.6636 0.1362
vt 0.6641 0.13
vt 0.6626 0.1299
vt 0.0622 0.3118
vt 0.0621 0.3032
vt 0.0616 0.3032
vt 0.0617 0.3118
vt 0.6616 0.1428
vt 0.6631 0.1428
vt 0.6636 0.1362
vt 0.6621 0.1361
vt 0.0622 0.321
vt 0.0622 0.3118
vt 0.0617 0.3118
vt 0.0616 0.321
vt 0.6616 0.1489
vt 0.6631 0.1489
vt 0.6631 0.1428
vt 0.6616 0.1428
vt 0.062 0.3293
vt 0.0622 0.321
vt 0.0616 0.321
vt 0.0614 0.3293
vt 0.0452 0.061
vt 0.0468 0.061
vt 0.0468 0.0603
vt 0.0453 0.0602
vt 0.6958 0.1777
vt 0.6943 0.1777
vt 0.6943 0.1783
vt 0.6958 0.1783
vt 0.6958 0.1766
vt 0.6943 0.1766
vt 0.6943 0.1777
vt 0.6958 0.1777
vt 0.6616 0.1538
vt 0.6631 0.1537
vt 0.6631 0.1489
vt 0.6616 0.1489
vt 0.5757 0.167
vt 0.5757 0.1624
vt 0.5752 0.1624
vt 0.5752 0.167
vt 0.6958 0.1752
vt 0.6958 0.1744
vt 0.6948 0.1746
vt 0.6943 0.1753
vt 0.6943 0.1746
vt 0.5757 0.1709
vt 0.5757 0.17
vt 0.5752 0.17
vt 0.5752 0.1709
vt 0.6943 0.1753
vt 0.6943 0.1766
vt 0.6958 0.1766
vt 0.6958 0.1752
vt 0.5757 0.17
vt 0.5757 0.167
vt 0.5752 0.167
vt 0.5752 0.17
vt 0.8838 0.1705
vt 0.8833 0.1705
vt 0.8833 0.1714
vt 0.8838 0.1714
vt 0.8838 0.1675
vt 0.8833 0.1675
vt 0.8833 0.1705
vt 0.8838 0.1705
vt 0.8838 0.1628
vt 0.8833 0.1628
vt 0.8833 0.1675
vt 0.8838 0.1675
vt 0.8247 0.4119
vt 0.8242 0.4119
vt 0.8237 0.4199
vt 0.8247 0.4202
vt 0.8247 0.4026
vt 0.8242 0.4026
vt 0.8242 0.4119
vt 0.8247 0.4119
vt 0.8247 0.394
vt 0.8242 0.394
vt 0.8242 0.4026
vt 0.8247 0.4026
vt 0.8247 0.3892
vt 0.8237 0.3892
vt 0.8242 0.394
vt 0.8247 0.394
vt 0.667 0.1616
vt 0.6675 0.1616
vt 0.668 0.1592
vt 0.667 0.1592
vt 0.667 0.1642
vt 0.6675 0.1642
vt 0.6675 0.1616
vt 0.667 0.1616
vt 0.667 0.1665
vt 0.6675 0.1665
vt 0.6675 0.1642
vt 0.667 0.1642
vt 0.667 0.1689
vt 0.6675 0.1689
vt 0.6675 0.1665
vt 0.667 0.1665
vt 0.667 0.1702
vt 0.668 0.1702
vt 0.6675 0.1689
vt 0.667 0.1689
vt 0.9058 0.269
vt 0.9053 0.269
vt 0.9053 0.2729
vt 0.9058 0.2729
vt 0.9058 0.2646
vt 0.9053 0.2646
vt 0.9053 0.269
vt 0.9058 0.269
vt 0.9062 0.2607
vt 0.9053 0.2607
vt 0.9053 0.2646
vt 0.9058 0.2646
vt 0.9971 0.2791
vt 0.998 0.2791
vt 0.9976 0.2749
vt 0.9971 0.2749
vt 0.9971 0.283
vt 0.998 0.283
vt 0.998 0.2791
vt 0.9971 0.2791
vt 0.9971 0.2869
vt 0.998 0.2869
vt 0.998 0.283
vt 0.9971 0.283
vt 0.9971 0.2903
vt 0.9976 0.2903
vt 0.998 0.2869
vt 0.9971 0.2869
vt 0.9058 0.3191
vt 0.9053 0.3191
vt 0.9053 0.3235
vt 0.9058 0.3235
vt 0.9058 0.3147
vt 0.9053 0.3147
vt 0.9053 0.3191
vt 0.9058 0.3191
vt 0.9058 0.311
vt 0.9053 0.311
vt 0.9053 0.3147
vt 0.9058 0.3147
vt 0.9053 0.2761
vt 0.9062 0.2759
vt 0.9058 0.2729
vt 0.9053 0.2729
vt 0.9058 0.3096
vt 0.9053 0.3096
vt 0.9053 0.311
vt 0.9058 0.311
vt 0.0514 0.2285
vt 0.0515 0.2247
vt 0.0507 0.2246
vt 0.0506 0.2285
vt 0.0515 0.2328
vt 0.0514 0.2285
vt 0.0506 0.2285
vt 0.0507 0.2329
vt 0.0516 0.2367
vt 0.0515 0.2328
vt 0.0507 0.2329
vt 0.0508 0.2367
vt 0.6616 0.3145
vt 0.6616 0.3186
vt 0.6626 0.3186
vt 0.6626 0.3145
vt 0.6616 0.3105
vt 0.6616 0.3145
vt 0.6626 0.3145
vt 0.6626 0.3105
vt 0.6616 0.3066
vt 0.6616 0.3105
vt 0.6626 0.3105
vt 0.6626 0.3066
vt 0.6616 0.3032
vt 0.6616 0.3066
vt 0.6626 0.3066
vt 0.6626 0.3032
vt 0.6841 0.3169
vt 0.6841 0.3125
vt 0.6836 0.3125
vt 0.6836 0.3169
vt 0.6841 0.3213
vt 0.6841 0.3169
vt 0.6836 0.3169
vt 0.6836 0.3213
vt 0.6841 0.3252
vt 0.6841 0.3213
vt 0.6836 0.3213
vt 0.6836 0.3252
vt 0.0508 0.2214
vt 0.0507 0.2246
vt 0.0515 0.2247
vt 0.0516 0.2216
vt 0.6841 0.3264
vt 0.6841 0.3252
vt 0.6836 0.3252
vt 0.6836 0.3264
vt 0.2883 0.6274
vt 0.2888 0.6299
vt 0.292 0.6299
vt 0.2852 0.6284
vt 0.2922 0.6294
vt 0.2844 0.627
vt 0.2815 0.626
vt 0.2837 0.624
vt 0.2791 0.623
vt 0.2927 0.6284
vt 0.2944 0.6289
vt 0.2966 0.6265
vt 0.2932 0.626
vt 0.2983 0.6211
vt 0.2881 0.625
vt 0.2942 0.6206
vt 0.2986 0.6143
vt 0.2881 0.6201
vt 0.2881 0.6201
vt 0.2832 0.6196
vt 0.2778 0.6191
vt 0.2881 0.6147
vt 0.2944 0.6147
vt 0.2986 0.6084
vt 0.2881 0.6147
vt 0.2832 0.6152
vt 0.2778 0.6152
vt 0.2883 0.6099
vt 0.2944 0.6089
vt 0.2976 0.605
vt 0.2883 0.6099
vt 0.2834 0.6108
vt 0.2781 0.6113
vt 0.2886 0.6064
vt 0.2939 0.6055
vt 0.2966 0.6035
vt 0.2842 0.6074
vt 0.2793 0.6079
vt 0.2937 0.6035
vt 0.2952 0.6025
vt 0.2935 0.6021
vt 0.2891 0.604
vt 0.2917 0.6021
vt 0.2891 0.604
vt 0.291 0.6016
vt 0.2898 0.6016
vt 0.2861 0.6025
vt 0.2852 0.6045
vt 0.2822 0.6045
vt 0.5557 0.7251
vt 0.5498 0.7217
vt 0.5527 0.7251
vt 0.5562 0.7271
vt 0.5547 0.7222
vt 0.5483 0.7183
vt 0.5596 0.7256
vt 0.5601 0.728
vt 0.5615 0.728
vt 0.562 0.7275
vt 0.5591 0.7231
vt 0.5537 0.7188
vt 0.5483 0.7144
vt 0.5537 0.7144
vt 0.5483 0.7104
vt 0.5586 0.7197
vt 0.5586 0.7148
vt 0.5537 0.71
vt 0.5493 0.7065
vt 0.5581 0.7095
vt 0.5542 0.7056
vt 0.5518 0.7036
vt 0.5586 0.7046
vt 0.5547 0.7026
vt 0.5586 0.7021
vt 0.5552 0.7012
vt 0.5591 0.6997
vt 0.562 0.6997
vt 0.5625 0.7002
vt 0.563 0.7012
vt 0.5645 0.7007
vt 0.5669 0.7031
vt 0.5635 0.7036
vt 0.5684 0.7085
vt 0.5645 0.709
vt 0.5581 0.7095
vt 0.5688 0.7153
vt 0.5649 0.7148
vt 0.5586 0.7148
vt 0.5688 0.7212
vt 0.5645 0.7207
vt 0.5586 0.7197
vt 0.5679 0.7246
vt 0.5645 0.7241
vt 0.5669 0.7261
vt 0.564 0.7261
vt 0.5654 0.7271
vt 0.5596 0.7256
vt 0.5635 0.7275
vt 0.137 0.4121
vt 0.1409 0.4102
vt 0.1405 0.4097
vt 0.1373 0.4102
vt 0.1337 0.4111
vt 0.1412 0.4111
vt 0.1429 0.4109
vt 0.1453 0.4133
vt 0.1418 0.4138
vt 0.1469 0.4189
vt 0.1329 0.4131
vt 0.13 0.4136
vt 0.1428 0.4192
vt 0.1472 0.4253
vt 0.1366 0.4148
vt 0.1322 0.4158
vt 0.1277 0.4165
vt 0.1366 0.4197
vt 0.1366 0.4197
vt 0.1432 0.425
vt 0.1471 0.4314
vt 0.1367 0.4248
vt 0.1317 0.4202
vt 0.1265 0.4207
vt 0.1367 0.4248
vt 0.1429 0.4307
vt 0.1461 0.4348
vt 0.137 0.4299
vt 0.1317 0.4248
vt 0.1263 0.4246
vt 0.137 0.4299
vt 0.1426 0.4341
vt 0.1451 0.4363
vt 0.1372 0.4333
vt 0.132 0.4292
vt 0.1267 0.4285
vt 0.1422 0.4363
vt 0.1437 0.437
vt 0.142 0.4375
vt 0.1377 0.4358
vt 0.1403 0.4377
vt 0.1377 0.4358
vt 0.1398 0.4382
vt 0.1384 0.438
vt 0.1346 0.4373
vt 0.1328 0.4326
vt 0.1279 0.4319
vt 0.1338 0.4355
vt 0.1307 0.4351
vt 0.9888 0.6816
vt 0.9917 0.6812
vt 0.9946 0.6782
vt 0.9878 0.6836
vt 0.9897 0.6787
vt 0.9956 0.6748
vt 0.9849 0.6821
vt 0.9844 0.6841
vt 0.9829 0.6846
vt 0.9824 0.6841
vt 0.9854 0.6797
vt 0.9907 0.6753
vt 0.9961 0.6709
vt 0.9907 0.6709
vt 0.9961 0.667
vt 0.9858 0.6763
vt 0.9858 0.6709
vt 0.9907 0.6665
vt 0.9951 0.6631
vt 0.9858 0.666
vt 0.9902 0.6621
vt 0.9927 0.6597
vt 0.9858 0.6611
vt 0.9897 0.6592
vt 0.9854 0.6582
vt 0.9888 0.6572
vt 0.9854 0.6562
vt 0.9819 0.6558
vt 0.9819 0.6562
vt 0.9814 0.6577
vt 0.9795 0.6572
vt 0.9775 0.6597
vt 0.981 0.6602
vt 0.9756 0.665
vt 0.98 0.6655
vt 0.9858 0.666
vt 0.9756 0.6714
vt 0.9795 0.6714
vt 0.9858 0.6709
vt 0.9756 0.6777
vt 0.9795 0.6768
vt 0.9858 0.6763
vt 0.9766 0.6812
vt 0.98 0.6802
vt 0.9775 0.6826
vt 0.9805 0.6826
vt 0.979 0.6831
vt 0.9849 0.6821
vt 0.9805 0.6836
vt 0.9521 0.7695
vt 0.9624 0.7803
vt 0.9658 0.7812
vt 0.9653 0.7935
vt 0.9556 0.7671
vt 0.9399 0.7686
vt 0.9731 0.7969
vt 0.9702 0.7788
vt 0.957 0.7622
vt 0.9365 0.7622
vt 0.9648 0.8149
vt 0.96 0.8062
vt 0.9268 0.7788
vt 0.9458 0.8071
vt 0.9302 0.7808
vt 0.9272 0.7983
vt 0.9341 0.7793
vt 0.9307 0.7964
vt 0.9351 0.793
vt 0.9438 0.8174
vt 0.9453 0.8125
vt 0.3899 0.1787
vt 0.3792 0.1709
vt 0.3813 0.1749
vt 0.3887 0.1821
vt 0.375 0.1742
vt 0.3835 0.187
vt 0.6426 0.7305
vt 0.6636 0.7329
vt 0.6621 0.729
vt 0.6807 0.7139
vt 0.647 0.7212
vt 0.6616 0.7227
vt 0.6421 0.708
vt 0.6772 0.7124
vt 0.6729 0.7095
vt 0.6401 0.7007
vt 0.6348 0.7119
vt 0.6382 0.6938
vt 0.6465 0.6953
vt 0.6519 0.6777
vt 0.6777 0.6968
vt 0.6816 0.6943
vt 0.6743 0.6948
vt 0.6724 0.6782
vt 0.6689 0.6836
vt 0.6528 0.6821
vt 0.6572 0.6846
vt 0.0519 0.6021
vt 0.0566 0.6074
vt 0.056 0.5977
vt 0.0515 0.6138
vt 0.0517 0.5977
vt 0.0452 0.6016
vt 0.9482 0.1151
vt 0.9536 0.1133
vt 0.9565 0.1025
vt 0.9536 0.1194
vt 0.96 0.117
vt 0.9326 0.873
vt 0.9346 0.8574
vt 0.9316 0.8574
vt 0.9297 0.8726
vt 0.874 0.8574
vt 0.9268 0.8877
vt 0.9297 0.8428
vt 0.9326 0.8418
vt 0.9238 0.8862
vt 0.917 0.9004
vt 0.9243 0.8286
vt 0.9268 0.8271
vt 0.915 0.8984
vt 0.9043 0.9102
vt 0.915 0.8164
vt 0.917 0.8145
vt 0.9028 0.9077
vt 0.9028 0.8076
vt 0.8887 0.9136
vt 0.8896 0.916
vt 0.9043 0.8047
vt 0.874 0.9185
vt 0.8892 0.8018
vt 0.8896 0.7988
vt 0.874 0.9155
vt 0.8584 0.916
vt 0.874 0.7998
vt 0.874 0.7964
vt 0.8589 0.9131
vt 0.8438 0.9102
vt 0.8589 0.8018
vt 0.8584 0.7988
vt 0.8452 0.9077
vt 0.8452 0.8071
vt 0.833 0.8984
vt 0.8311 0.9004
vt 0.8438 0.8047
vt 0.8213 0.8877
vt 0.833 0.8164
vt 0.8311 0.8145
vt 0.8237 0.8862
vt 0.8154 0.873
vt 0.8237 0.8286
vt 0.8213 0.8271
vt 0.8179 0.8726
vt 0.813 0.8574
vt 0.8184 0.8423
vt 0.8154 0.8418
vt 0.8159 0.8574
vn -0.579 0.393 -0.715
vn -0.721 -0.306 -0.622
vn -0.914 0.231 -0.333
vn 0.294 -0.443 0.847
vn -0.943 -0.285 -0.171
vn 0.883 -0.407 0.233
vn 0.393 0.127 0.911
vn -0.044 0.785 0.618
vn 0.529 0.181 0.829
vn -0.076 0.996 -0.056
vn -0.729 0.33 0.6
vn 0.15 0.415 0.897
vn -0.119 -0.902 0.414
vn -0.351 -0.937 -0.008
vn 0.104 -0.99 0.1
vn -0.356 -0.932 0.073
vn 0.712 -0.59 0.381
vn 0.704 -0.58 0.411
vn -0.753 -0.083 -0.652
vn -0.439 -0.388 -0.811
vn -0.344 -0.517 -0.784
vn -0.491 0.754 0.436
vn 0.135 0.748 0.65
vn -0.542 0.757 0.365
vn 0.884 -0.323 0.338
vn 0.691 -0.683 -0.237
vn 0.69 -0.669 -0.275
vn -0.41 0.693 0.592
vn 0.346 0.918 0.191
vn -0.482 0.81 0.334
vn 0.271 0.748 0.606
vn 0.435 0.544 0.717
vn 0.646 0.39 0.656
vn 0.873 -0.386 0.299
vn 0.7 -0.366 0.614
vn 0.551 -0.761 0.342
vn 0.622 0.416 0.664
vn 0.671 0.275 0.688
vn 0.78 0.213 0.588
vn -0.586 0.632 -0.506
vn -0.619 -0.123 -0.776
vn -0.988 0.157 -0.005
vn 0.883 -0.147 0.445
vn -0.858 -0.406 0.314
vn 0.704 -0.58 0.411
vn -0.406 0.906 -0.12
vn -0.579 0.393 -0.715
vn -0.914 0.231 -0.333
vn 0.583 -0.169 -0.795
vn 0.265 -0.043 -0.963
vn 0.416 0.345 -0.841
vn 0.841 0.276 -0.465
vn 0.463 0.62 0.633
vn 0.876 -0.402 0.266
vn 0.896 0.06 -0.439
vn 0.723 0.575 -0.384
vn 0.345 0.853 -0.393
vn 0.679 0.734 -0.008
vn 0.211 0.973 -0.091
vn 0.806 0.554 0.21
vn 0.25 0.929 -0.274
vn 0.129 0.736 0.664
vn -0.919 0.394 -0.005
vn 0.63 -0.775 0.044
vn 0.665 -0.444 0.601
vn 0.374 -0.26 0.89
vn 0.107 -0.944 0.312
vn 0.698 -0.694 -0.174
vn 0.874 -0.206 -0.44
vn -0.573 0.811 -0.121
vn -0.943 -0.285 -0.171
vn 0.294 -0.443 0.847
vn 0.521 -0.352 0.777
vn 0.024 -0.768 0.641
vn 0.673 -0.18 0.718
vn 0.896 0.06 -0.439
vn 0.345 0.853 -0.393
vn 0.69 0.082 -0.719
vn 0.483 -0.73 0.484
vn 0.177 -0.962 0.209
vn 0.792 -0.269 0.549
vn 0.673 -0.18 0.718
vn 0.378 -0.751 0.542
vn 0.668 -0.22 0.711
vn 0.606 0.566 -0.559
vn 0.748 0.151 -0.646
vn 0.595 0.171 -0.785
vn 0.551 -0.042 -0.833
vn 0.551 -0.042 -0.833
vn 0.551 -0.042 -0.833
vn 0.775 0.619 -0.128
vn 0.775 0.619 -0.128
vn 0.775 0.619 -0.128
vn 0.161 0.752 0.64
vn 0.161 0.752 0.64
vn 0.161 0.752 0.64
vn -0.676 0.224 0.702
vn -0.676 0.224 0.702
vn -0.676 0.224 0.702
vn -0.899 -0.437 -0.002
vn -0.899 -0.437 -0.002
vn -0.899 -0.437 -0.002
vn -0.286 -0.57 -0.77
vn -0.286 -0.57 -0.77
vn -0.286 -0.57 -0.77
vn 0.486 -0.709 0.511
vn 0.486 -0.709 0.511
vn 0.486 -0.709 0.511
vn 0.486 -0.709 0.511
vn 0.486 -0.709 0.511
vn 0.486 -0.709 0.511
vn 0.486 -0.709 0.511
vn 0.486 -0.709 0.511
vn 0.486 -0.709 0.511
vn 0.486 -0.709 0.511
vn 0.486 -0.709 0.511
vn 0.486 -0.709 0.511
vn 0.486 -0.709 0.511
vn 0.486 -0.709 0.511
vn 0.486 -0.709 0.511
vn 0.486 -0.709 0.511
vn 0.486 -0.709 0.511
vn 0.486 -0.709 0.511
vn -0.197 0.912 0.361
vn -0.197 0.912 0.361
vn -0.197 0.912 0.361
vn 0.194 -0.915 -0.354
vn 0.194 -0.915 -0.354
vn 0.194 -0.915 -0.354
vn 0.199 -0.912 -0.359
vn 0.199 -0.912 -0.359
vn 0.199 -0.912 -0.359
vn -0.199 0.912 0.359
vn -0.199 0.912 0.359
vn -0.199 0.912 0.359
vn -0.194 0.915 0.354
vn -0.194 0.915 0.354
vn -0.194 0.915 0.354
vn 0.197 -0.912 -0.361
vn 0.197 -0.912 -0.361
vn 0.197 -0.912 -0.361
vn -0.192 0.915 0.357
vn -0.192 0.915 0.357
vn -0.192 0.915 0.357
vn 0.192 -0.914 -0.357
vn 0.192 -0.914 -0.357
vn 0.192 -0.914 -0.357
vn -0.619 -0.123 -0.776
vn 0.023 0.234 -0.972
vn -0.659 -0.106 -0.745
vn -0.089 0.007 -0.996
vn -0.162 0.181 -0.97
vn 0.688 0.392 -0.611
vn 0.562 0.232 -0.794
vn 0.633 0.479 -0.608
vn 0.122 0.165 0.979
vn -0.31 -0.243 0.919
vn -0.667 0.276 0.693
vn 0.294 -0.443 0.847
vn -0.235 -0.74 0.63
vn 0.353 -0.362 0.863
vn 0.496 0.232 0.837
vn -0.178 0.307 0.935
vn 0.439 0.353 0.826
vn 0.114 0.847 0.519
vn 0.725 0.617 0.306
vn 0.109 -0.476 0.873
vn 0.584 0.064 0.809
vn -0.056 -0.808 0.587
vn 0.37 -0.926 0.081
vn 0.294 -0.035 -0.955
vn -0.068 0.995 -0.08
vn -0.304 -0.454 0.837
vn -0.056 -0.808 0.587
vn 0.584 0.064 0.809
vn -0.135 -0.408 0.903
vn 0.188 -0.267 0.945
vn 0.314 -0.306 0.899
vn 0.268 -0.392 0.88
vn -0.573 -0.143 0.807
vn -0.532 -0.115 0.839
vn -0.136 -0.33 0.934
vn -0.517 -0.335 0.788
vn 0.302 0.948 0.101
vn 0.211 0.973 -0.091
vn -0.406 0.906 -0.12
vn -0.264 0.964 0.021
vn 0.472 0.867 0.162
vn 0.019 0.989 0.147
vn 0.573 0.76 0.305
vn -0.481 0.876 0.008
vn 0.225 0.96 0.165
vn -0.776 0.63 -0.034
vn -0.862 0.506 -0.012
vn -0.699 0.715 -0.002
vn -0.303 0.95 0.079
vn -0.516 0.856 0.031
vn 0.296 0.955 0.037
vn -0.414 0.91 -0.032
vn 0.346 0.918 0.191
vn -0.482 0.81 0.334
vn -0.056 -0.808 0.587
vn -0.66 -0.719 -0.219
vn -0.689 -0.519 0.506
vn -0.943 -0.285 -0.171
vn -0.441 0.048 -0.896
vn 0.266 0.676 -0.687
vn -0.853 0.202 0.481
vn -0.127 0.05 0.991
vn -0.573 0.811 -0.121
vn 0.266 0.676 -0.687
vn -0.941 -0.207 -0.267
vn -0.178 0.307 0.935
vn 0.294 -0.035 -0.955
vn -0.441 0.048 -0.896
vn -0.068 0.995 -0.08
vn 0.266 0.676 -0.687
vn 0.883 -0.407 0.233
vn -0.943 -0.285 -0.171
vn 0.891 0.188 -0.413
vn -0.249 -0.854 -0.457
vn 0.651 0.702 -0.288
vn 1 -0.022 -0.031
vn 0.929 0.19 -0.319
vn -0.049 -0.374 -0.926
vn 0.294 -0.443 0.847
vn 0.38 -0.921 0.081
vn 0.353 -0.362 0.863
vn -0.441 0.048 -0.896
vn -0.66 -0.719 -0.219
vn -0.955 -0.169 0.246
vn -0.795 0.495 -0.349
vn 0.576 0.201 -0.792
vn 0.183 -0.915 -0.36
vn -0.17 -0.655 -0.737
vn 0.889 0.008 -0.458
vn 0.221 -0.48 -0.849
vn 0.463 0.521 -0.716
vn 0.929 0.19 -0.319
vn 0.942 0.331 -0.046
vn 0.34 -0.05 -0.939
vn 0.754 0.064 -0.653
vn -0.511 -0.029 0.859
vn -0.782 0.132 0.609
vn -0.6 -0.424 -0.678
vn 0.393 0.127 0.911
vn 0.052 0.273 -0.96
vn 0.052 0.273 -0.96
vn -0.967 -0.198 -0.158
vn -0.354 0.733 -0.581
vn -0.253 0.785 -0.565
vn -0.967 -0.198 -0.158
vn 0.434 0.103 0.895
vn 0.662 0.725 0.19
vn 0.05 -0.512 0.857
vn 0.529 0.181 0.829
vn -0.409 0.33 -0.851
vn 0.163 0.702 -0.693
vn -0.608 0.792 -0.057
vn 0.442 0.877 -0.186
vn -0.044 0.785 0.618
vn 0.678 0.628 0.382
vn 0.529 0.181 0.829
vn -0.343 0.702 0.624
vn 0.393 0.127 0.911
vn -0.511 -0.029 0.859
vn 0.183 0.476 -0.86
vn 0.743 0.63 -0.224
vn 0.163 0.702 -0.693
vn 0.442 0.877 -0.186
vn 0.678 0.628 0.382
vn 0.662 0.725 0.19
vn 0.678 0.485 -0.553
vn 0.759 0.31 -0.573
vn 0.434 0.103 0.895
vn 0.529 0.181 0.829
vn 0.291 0.199 -0.936
vn 0.303 0.22 -0.927
vn 0.734 0.182 -0.654
vn 0.967 0.139 -0.212
vn 0.95 0.085 -0.301
vn 0.998 0.045 -0.046
vn 0.655 0.119 -0.746
vn 0.77 0.583 -0.261
vn 0.465 0.361 -0.808
vn 0.364 0.61 -0.703
vn 0.54 0.837 -0.085
vn 0.856 0.504 0.115
vn 0.508 0.748 0.426
vn 0.938 0.32 -0.134
vn 0.98 0.169 0.104
vn 0.95 0.311 -0.04
vn 0.426 0.861 -0.279
vn 0.605 0.679 0.414
vn 0.616 0.506 0.604
vn 0.553 0.176 0.814
vn 0.315 0.817 0.483
vn 0.725 0.617 0.306
vn 0.439 0.353 0.826
vn 0.496 0.232 0.837
vn 0.653 0.157 0.741
vn 0.396 0.385 0.833
vn 0.486 0.505 0.713
vn 0.188 0.211 0.959
vn 0.962 -0.173 0.213
vn 0.995 0.022 0.094
vn 0.268 -0.392 0.88
vn -0.136 -0.33 0.934
vn 0.314 -0.306 0.899
vn 0.911 0.144 0.386
vn 0.718 0.524 0.458
vn 0.188 -0.267 0.945
vn 0.286 0.366 0.885
vn 0.688 0.028 0.725
vn 0.741 0.014 0.671
vn 0.521 0.128 0.844
vn 0.453 0.051 0.89
vn 0.427 -0.104 0.898
vn 0.587 -0.116 0.801
vn 0.265 -0.015 0.964
vn 0.696 0.021 0.718
vn 0.434 0.146 0.889
vn 0.464 0.022 0.886
vn 0.327 -0.066 0.943
vn 0.467 0.124 0.875
vn 0.833 0.025 0.553
vn 0.51 0.165 0.844
vn 0.429 0.27 0.862
vn 0.266 0.025 0.964
vn 0.468 -0.013 0.884
vn 0.351 0.095 0.932
vn 0.513 0.035 0.857
vn 0.254 0.139 0.957
vn 0.084 0.042 0.996
vn 0.254 0.278 0.926
vn 0.18 -0.045 0.983
vn 0.269 0.005 0.963
vn 0.252 0.148 0.957
vn 0.135 0.033 0.99
vn 0.206 0.114 0.972
vn -0.033 0.108 0.994
vn 0.264 0.444 0.856
vn 0.355 0.35 0.867
vn -0.07 0.054 0.996
vn 0.073 0.033 0.997
vn 0.071 0.136 0.988
vn 0.276 -0.081 0.958
vn -0.089 0.141 0.986
vn 0.359 0.725 0.588
vn 0.217 0.598 0.772
vn 0.401 0.708 0.581
vn 0.244 0.29 0.926
vn 0.512 0.665 0.544
vn 0.306 -0.099 0.947
vn 0.877 -0.103 0.469
vn 0.4 -0.22 0.89
vn 0.033 0.477 0.878
vn 0.486 0.52 0.702
vn -0.467 0.264 0.844
vn -0.863 -0.137 0.485
vn -0.172 0.618 0.767
vn -0.672 0.354 0.651
vn 0.149 0.554 0.819
vn 0.076 0.511 0.856
vn 0.125 0.434 0.892
vn 0.008 0.411 0.912
vn 0.009 0.495 0.869
vn 0.028 0.24 0.97
vn -0.117 0.396 0.911
vn -0.097 0.493 0.865
vn -0.074 0.542 0.837
vn -0.25 0.438 0.864
vn 0.059 0.117 0.991
vn -0.133 0.232 0.964
vn -0.004 0.126 0.992
vn -0.117 0.083 0.99
vn -0.317 0.111 0.942
vn -0.167 0.158 0.973
vn -0.334 0.165 0.928
vn -0.301 0.272 0.914
vn -0.497 0.365 0.787
vn -0.366 0.484 0.795
vn -0.641 0.351 0.683
vn -0.55 0.297 0.781
vn -0.562 0.203 0.801
vn -0.548 0.133 0.826
vn -0.272 0.076 0.959
vn -0.413 0.075 0.908
vn -0.482 0.082 0.872
vn -0.431 0.067 0.9
vn -0.235 0.115 0.965
vn -0.423 0.121 0.898
vn -0.382 0.178 0.907
vn -0.198 0.176 0.964
vn -0.148 0.066 0.987
vn -0.403 0.095 0.911
vn -0.662 0.016 0.75
vn -0.659 0.165 0.734
vn -0.686 0.132 0.716
vn 0.082 -0.114 0.99
vn 0.098 0.004 0.995
vn -0.308 -0.148 0.94
vn -0.466 -0.036 0.884
vn -0.157 -0.021 0.987
vn -0.192 -0.183 0.964
vn -0.421 -0.138 0.896
vn -0.423 -0.235 0.875
vn -0.173 -0.079 0.982
vn -0.441 0.146 0.886
vn -0.195 0.148 0.97
vn 0.281 0.073 0.957
vn -0.193 -0.018 0.981
vn -0.44 0.04 0.897
vn 0.498 -0.029 0.867
vn 0.756 0.014 0.654
vn 0.773 -0.061 0.632
vn 0.542 0.048 0.839
vn 0.285 0.152 0.946
vn 0.523 0.085 0.848
vn 0.049 0.159 0.986
vn 0.281 0.028 0.959
vn 0.054 0.022 0.998
vn -0.386 0.13 0.914
vn -0.708 0.079 0.702
vn 0.358 -0.011 0.934
vn 0.518 0.183 0.836
vn 0.234 -0.002 0.972
vn -0.141 -0.056 0.988
vn 0.247 0.156 0.957
vn 0.388 0.03 0.921
vn 0.189 -0.037 0.981
vn 0.316 -0.165 0.935
vn 0.068 -0.031 0.997
vn 0.616 -0.013 0.788
vn 0.603 -0.139 0.786
vn 0.057 0.004 0.999
vn -0.095 0.067 0.993
vn -0.204 0.141 0.969
vn -0.27 0.208 0.94
vn -0.421 0.29 0.859
vn -0.068 -0.015 0.998
vn -0.234 0.1 0.967
vn 0.226 -0.173 0.958
vn 0.584 -0.155 0.796
vn 0.612 -0.16 0.774
vn -0.528 0.187 0.828
vn -0.554 0.259 0.792
vn -0.603 0.389 0.697
vn -0.44 0.074 0.895
vn -0.153 -0.028 0.988
vn -0.498 0.106 0.861
vn -0.021 -0.051 0.999
vn -0.014 -0.172 0.985
vn -0.115 -0.005 0.993
vn -0.539 0.103 0.836
vn 0.008 -0.02 1
vn -0.31 0.071 0.948
vn -0.606 0.084 0.791
vn -0.35 0.088 0.933
vn -0.502 0.071 0.861
vn -0.474 0.095 0.875
vn -0.198 0.024 0.98
vn 0.164 -0.146 0.976
vn 0.199 -0.411 0.89
vn 0.09 -0.55 0.83
vn 0.407 -0.167 0.898
vn 0.241 -0.142 0.96
vn 0.502 -0.129 0.855
vn 0.084 -0.18 0.98
vn 0.067 -0.457 0.887
vn 0.193 -0.193 0.962
vn 0.054 -0.307 0.95
vn -0.461 -0.29 0.839
vn -0.391 -0.199 0.899
vn 0.311 -0.078 0.947
vn -0.03 -0.21 0.977
vn -0.212 -0.176 0.961
vn -0.395 -0.111 0.912
vn 0.12 -0.141 0.983
vn 0.292 -0.038 0.956
vn 0.488 -0.116 0.865
vn 0.22 -0.027 0.975
vn -0.216 -0.013 0.976
vn 0.455 -0.172 0.874
vn 0.461 -0.167 0.872
vn -0.203 -0.03 0.979
vn 0.345 -0.156 0.926
vn -0.242 -0.087 0.966
vn 0.422 -0.113 0.9
vn -0.292 -0.044 0.956
vn -0.485 0.023 0.875
vn 0.495 -0.132 0.859
vn 0.1 -0.139 0.985
vn -0.746 0.027 0.666
vn 0.067 -0.109 0.992
vn 0.462 -0.192 0.866
vn -0.011 -0.115 0.993
vn -0.62 0.161 0.768
vn -0.043 -0.095 0.995
vn 0.462 -0.057 0.885
vn 0.343 -0.938 0.053
vn 0.63 -0.771 0.097
vn 0.23 -0.951 0.205
vn 0.698 -0.698 0.163
vn 0.478 -0.871 0.116
vn 0.873 -0.386 0.299
vn 0.551 -0.761 0.342
vn 0.887 -0.421 0.189
vn 0.994 0.028 0.105
vn 0.96 0.097 0.263
vn 0.804 0.573 0.158
vn 0.736 0.45 0.506
vn 0.821 -0.531 0.21
vn 0.936 -0.172 0.308
vn 0.968 0.111 0.223
vn 0.918 0.22 0.33
vn 0.738 0.641 0.212
vn 0.785 0.614 0.076
vn 0.296 0.955 0.037
vn 0.346 0.918 0.191
vn 0.225 0.96 0.165
vn 0.573 0.76 0.305
vn 0.855 0.437 0.279
vn 0.472 0.867 0.162
vn 0.958 0.083 0.275
vn 0.806 0.554 0.21
vn 0.302 0.948 0.101
vn 0.211 0.973 -0.091
vn 0.944 0.235 0.23
vn 0.679 0.734 -0.008
vn 0.912 0.184 -0.367
vn 0.935 -0.227 0.273
vn 0.982 -0.038 0.185
vn 0.938 -0.232 -0.259
vn 0.902 -0.358 0.242
vn 0.729 -0.647 0.221
vn 0.736 -0.646 0.205
vn 0.346 -0.925 0.155
vn 0.521 -0.822 0.229
vn 0.682 -0.71 -0.172
vn -0.681 0.076 0.729
vn -0.969 -0.153 0.193
vn 0.18 -0.753 -0.632
vn -0.627 0.327 0.707
vn -0.193 0.433 0.88
vn -0.892 0.26 0.37
vn -0.966 -0.065 -0.25
vn -0.982 0.178 -0.064
vn -0.913 0.043 -0.405
vn -0.815 0.51 -0.274
vn -0.865 -0.134 -0.484
vn -0.746 -0.047 -0.665
vn -0.645 -0.154 -0.749
vn -0.276 -0.188 -0.942
vn -0.439 -0.388 -0.811
vn -0.597 -0.125 -0.792
vn -0.093 -0.302 -0.949
vn -0.546 0.127 -0.828
vn -0.762 0.113 -0.638
vn -0.542 0.503 -0.673
vn -0.505 0.625 -0.595
vn -0.741 0.662 -0.115
vn -0.803 0.556 0.217
vn -0.771 0.62 0.142
vn -0.78 0.62 -0.087
vn -0.359 0.662 -0.658
vn -0.615 0.788 -0.038
vn -0.743 0.546 0.388
vn -0.707 0.575 0.411
vn -0.803 0.493 0.335
vn -0.644 0.528 0.555
vn -0.655 0.533 0.536
vn -0.509 0.521 0.686
vn -0.622 0.48 0.619
vn -0.402 0.731 0.55
vn -0.5 0.788 0.358
vn -0.401 0.905 0.142
vn -0.461 0.883 -0.092
vn -0.402 0.652 0.643
vn -0.274 0.594 0.756
vn -0.232 0.362 0.903
vn -0.681 0.076 0.729
vn 0.18 -0.753 -0.632
vn 0.398 -0.915 -0.062
vn 0.401 -0.807 -0.434
vn 0.076 -0.739 -0.669
vn 0.708 -0.665 -0.238
vn 0.63 -0.775 0.044
vn 0.374 -0.26 0.89
vn 0.092 -0.635 -0.767
vn -0.969 -0.153 0.193
vn -0.966 -0.065 -0.25
vn -0.114 -0.502 -0.857
vn -0.473 -0.517 -0.713
vn -0.522 -0.629 -0.575
vn 0.151 -0.859 -0.489
vn 0.338 -0.909 -0.245
vn -0.184 -0.813 -0.553
vn -0.586 -0.714 -0.382
vn -0.167 -0.937 -0.309
vn 0.112 -0.99 -0.087
vn 0.428 -0.866 0.259
vn 0.583 -0.801 0.139
vn 0.238 -0.733 0.637
vn -0.238 -0.9 0.365
vn -0.548 -0.812 0.202
vn -0.383 -0.529 0.757
vn 0.064 -0.273 0.96
vn 0.373 -0.062 -0.926
vn 0.386 0.001 -0.922
vn 0.49 -0.026 -0.871
vn 0.589 -0.087 -0.803
vn 0.505 -0.083 -0.859
vn 0.693 -0.027 -0.721
vn 0.601 -0.069 -0.797
vn 0.738 -0.026 -0.674
vn 0.747 0.074 -0.661
vn 0.529 0.066 -0.846
vn 0.51 0.105 -0.854
vn 0.73 -0.03 -0.683
vn 0.837 -0.095 -0.538
vn 0.572 -0.062 -0.818
vn 0.875 -0.036 -0.483
vn 0.865 -0.001 -0.501
vn 0.879 0.025 -0.476
vn 0.991 -0.078 -0.104
vn 0.984 -0.013 -0.176
vn 0.97 0.098 -0.221
vn 0.896 0.114 -0.429
vn 1 0.006 0.032
vn 0.914 -0.045 0.404
vn 0.889 -0.095 0.448
vn 0.914 -0.121 0.389
vn 0.603 -0.139 0.786
vn 0.584 -0.155 0.796
vn 0.616 -0.013 0.788
vn 0.612 -0.16 0.774
vn 0.905 -0.162 0.394
vn 0.979 -0.136 -0.153
vn 0.935 -0.208 0.288
vn 0.731 -0.181 0.658
vn 0.977 -0.146 -0.157
vn 0.938 0.132 0.322
vn 0.807 -0.1 -0.582
vn 0.624 -0.024 -0.782
vn 0.314 -0.017 -0.949
vn 0.338 -0.012 -0.941
vn 0.524 -0.051 -0.85
vn 0.265 -0.143 -0.954
vn 0.416 -0.202 -0.887
vn 0.711 -0.13 -0.691
vn 0.803 -0.047 -0.595
vn 0.975 -0.108 -0.196
vn 0.762 -0.081 -0.643
vn 0.956 -0.153 0.25
vn 0.961 -0.174 0.215
vn 0.851 -0.2 0.485
vn 0.804 -0.171 0.57
vn 0.592 -0.141 0.794
vn 0.977 -0.101 -0.188
vn 0.831 -0.146 -0.537
vn 0.947 -0.197 -0.253
vn 0.958 -0.153 0.244
vn 0.948 -0.223 0.229
vn 0.965 -0.23 0.122
vn 0.94 -0.187 -0.285
vn 0.875 -0.09 -0.477
vn 0.527 0.035 -0.849
vn 0.764 -0.041 -0.645
vn 0.504 -0.025 -0.863
vn 0.42 -0.066 -0.905
vn 0.818 -0.178 0.547
vn 0.842 -0.212 0.495
vn 0.812 -0.172 0.557
vn 0.677 -0.139 0.723
vn 0.341 -0.196 0.919
vn 0.187 -0.133 0.974
vn 0.212 -0.118 0.97
vn 0.486 -0.137 0.863
vn 0.424 -0.197 0.884
vn 0.863 -0.201 0.463
vn 0.443 -0.192 0.875
vn 0.871 -0.219 0.44
vn 0.415 -0.138 0.899
vn 0.906 -0.201 0.372
vn 0.94 -0.143 0.31
vn 0.59 -0.167 0.79
vn 0.982 -0.159 0.098
vn 0.649 -0.192 0.736
vn 0.984 -0.139 0.109
vn 0.988 -0.126 -0.094
vn 0.861 -0.115 -0.495
vn 0.93 -0.187 0.316
vn 0.582 -0.041 0.812
vn 0.994 -0.113 -0.016
vn 0.618 0.05 0.785
vn 0.72 -0.137 -0.681
vn 0.376 -0.031 -0.926
vn 0.915 -0.106 -0.391
vn 0.996 0.024 0.092
vn 0.889 0.029 -0.457
vn 0.414 0.065 -0.908
vn 0.377 -0.19 -0.907
vn 0.838 -0.286 -0.464
vn 0.901 -0.423 0.09
vn 0.545 -0.339 0.767
vn -0.509 -0.422 -0.75
vn -0.439 -0.205 -0.875
vn -0.413 -0.75 -0.517
vn -0.286 -0.583 -0.76
vn -0.48 -0.285 -0.829
vn -0.392 -0.342 -0.854
vn 0.014 -0.581 -0.814
vn -0.171 -0.774 -0.609
vn 0.654 -0.632 -0.416
vn 0.146 -0.59 -0.794
vn 0.57 -0.8 -0.189
vn -0.688 -0.701 -0.187
vn -0.469 -0.454 -0.757
vn 0.146 -0.59 -0.794
vn 0.562 -0.728 -0.394
vn 0.63 -0.683 -0.369
vn 0.121 -0.641 -0.758
vn 0.45 -0.772 -0.448
vn -0.457 -0.259 -0.851
vn -0.244 -0.357 -0.902
vn -0.392 -0.342 -0.854
vn 0.014 -0.581 -0.814
vn -0.492 -0.361 -0.792
vn 0.023 -0.671 -0.741
vn -0.427 -0.311 -0.849
vn 0.057 -0.591 -0.805
vn 0.448 -0.636 -0.628
vn 0.104 -0.546 -0.831
vn 0.432 -0.585 -0.687
vn -0.347 -0.25 -0.904
vn -0.74 0.033 -0.671
vn -0.77 0.14 -0.623
vn 0.396 0.316 -0.862
vn 0.512 0.3 -0.805
vn 0.467 0.05 -0.883
vn 0.417 0.212 -0.884
vn 0.251 -0.076 -0.965
vn 0.062 0.296 -0.953
vn -0.18 0.454 -0.873
vn -0.081 -0.01 -0.997
vn -0.35 0.232 -0.908
vn -0.542 0.503 -0.673
vn -0.546 0.127 -0.828
vn -0.567 -0.392 -0.724
vn -0.597 -0.125 -0.792
vn -0.731 -0.473 -0.49
vn -0.093 -0.302 -0.949
vn -0.428 -0.54 -0.725
vn -0.193 -0.157 -0.968
vn -0.696 -0.659 -0.284
vn -0.439 -0.388 -0.811
vn -0.344 -0.517 -0.784
vn -0.481 0.344 0.806
vn -0.54 0.346 0.767
vn -0.615 0.741 0.271
vn -0.81 0.457 0.367
vn -0.376 0.485 0.79
vn -0.838 0.507 -0.199
vn -0.584 0.773 -0.249
vn -0.821 0.345 -0.454
vn -0.601 0.236 -0.764
vn -0.776 0.052 -0.628
vn -0.54 -0.105 -0.835
vn -0.909 0.387 -0.154
vn -0.392 -0.342 -0.854
vn -0.48 -0.285 -0.829
vn -0.604 -0.098 -0.791
vn -0.244 -0.357 -0.902
vn -0.457 -0.259 -0.851
vn -0.786 0.124 -0.606
vn -0.492 -0.361 -0.792
vn -0.793 0.097 -0.601
vn -0.929 0.23 -0.289
vn -0.918 0.396 -0.029
vn -0.89 0.4 0.22
vn -0.736 0.501 0.455
vn -0.489 0.567 0.663
vn -0.157 0.468 0.87
vn -0.262 0.349 0.9
vn -0.673 0.523 0.523
vn -0.232 0.389 0.892
vn -0.562 0.584 0.585
vn -0.721 0.589 0.364
vn -0.886 0.364 -0.287
vn -0.872 0.49 -0.023
vn -0.799 0.466 0.381
vn -0.824 0.539 -0.173
vn -0.888 0.459 -0.022
vn -0.845 0.047 -0.533
vn -0.427 -0.311 -0.849
vn -0.74 0.033 -0.671
vn -0.934 0.267 -0.236
vn -0.801 0.577 -0.161
vn -0.77 0.14 -0.623
vn -0.825 0.095 -0.557
vn -0.347 -0.25 -0.904
vn -0.483 -0.343 -0.806
vn -0.938 -0.071 -0.339
vn -0.606 -0.594 -0.53
vn -0.713 -0.691 -0.116
vn -0.991 -0.129 0.034
vn -0.722 -0.634 0.278
vn -0.86 0.486 -0.154
vn -0.909 0.415 -0.035
vn -0.542 0.757 0.365
vn -0.491 0.754 0.436
vn -0.401 0.903 0.152
vn -0.89 0.444 0.104
vn -0.835 0.27 0.48
vn -0.41 0.693 0.592
vn -0.482 0.81 0.334
vn -0.897 -0.125 0.424
vn -0.76 -0.649 0.016
vn -0.996 -0.068 0.062
vn -0.754 -0.624 -0.206
vn -0.918 0.361 0.165
vn -0.414 0.91 -0.032
vn -0.979 -0.033 -0.204
vn -0.776 -0.621 -0.109
vn -0.887 0.444 -0.127
vn -0.516 0.856 0.031
vn -0.918 0.39 -0.066
vn -0.699 0.715 -0.002
vn -0.961 0.268 -0.062
vn -0.776 0.63 -0.034
vn -0.862 0.506 -0.012
vn -0.99 -0.08 -0.118
vn -0.703 -0.709 -0.05
vn -0.954 -0.301 -0.011
vn -0.616 -0.787 0.04
vn -0.465 -0.881 0.082
vn -0.857 -0.515 -0.01
vn -0.4 -0.915 0.056
vn -0.99 -0.132 -0.042
vn -0.999 0.042 -0.022
vn -0.865 -0.502 0.016
vn -0.293 -0.945 0.146
vn -0.997 -0.061 0.047
vn -0.787 -0.61 0.099
vn -0.704 -0.71 -0.021
vn -0.979 -0.197 0.062
vn -0.721 -0.306 -0.622
vn -0.862 0.506 -0.03
vn -0.914 0.231 -0.333
vn -0.406 0.906 -0.12
vn -0.264 0.964 0.021
vn -0.481 0.876 0.008
vn -0.614 0.779 -0.127
vn -0.318 0.908 0.273
vn -0.633 0.774 0.021
vn -0.779 0.516 -0.356
vn -0.76 0.463 -0.456
vn -0.766 0.257 -0.589
vn -0.698 0.319 -0.641
vn -0.72 0.579 -0.382
vn -0.743 0.19 -0.642
vn -0.743 0.079 -0.665
vn -0.687 0.205 -0.697
vn -0.588 0.288 -0.756
vn -0.64 0.219 -0.736
vn -0.471 0.181 -0.863
vn -0.434 0.052 -0.899
vn -0.643 0.039 -0.765
vn -0.759 -0.026 -0.651
vn -0.175 -0.961 -0.214
vn -0.354 -0.919 0.171
vn -0.351 -0.937 -0.008
vn -0.119 -0.902 0.414
vn -0.008 -0.97 -0.241
vn -0.747 0.11 -0.655
vn 0.003 -0.985 -0.172
vn -0.744 0.239 -0.624
vn -0.777 0.54 -0.323
vn -0.832 0.137 -0.538
vn -0.081 -0.994 -0.075
vn -0.147 -0.989 0.009
vn -0.755 0.388 -0.528
vn -0.733 0.656 -0.178
vn -0.593 0.805 0.036
vn -0.294 0.827 0.479
vn -0.226 0.818 0.529
vn -0.554 0.833 -0.016
vn -0.833 0.458 -0.31
vn -0.9 0.176 -0.398
vn -0.796 0.553 -0.245
vn -0.602 0.798 -0.02
vn -0.938 0.139 -0.319
vn -0.215 -0.974 0.075
vn -0.94 0.309 -0.147
vn -0.338 -0.918 0.209
vn -0.77 0.638 -0.015
vn -0.893 0.352 0.282
vn -0.572 0.403 0.715
vn -0.498 -0.565 0.657
vn -0.459 0.679 0.573
vn -0.234 0.929 0.288
vn -0.541 -0.268 -0.797
vn -0.392 -0.19 -0.9
vn -0.4 -0.282 -0.872
vn -0.539 -0.247 -0.805
vn -0.307 -0.334 -0.891
vn -0.721 -0.194 -0.665
vn -0.65 -0.279 -0.707
vn -0.827 -0.169 -0.536
vn -0.888 -0.152 -0.435
vn -0.792 -0.082 -0.605
vn -0.667 -0.151 -0.729
vn -0.733 -0.31 -0.605
vn -0.906 -0.118 -0.407
vn -0.821 -0.18 -0.542
vn -0.597 -0.29 -0.748
vn -0.896 -0.089 -0.435
vn -0.627 -0.269 -0.731
vn -0.848 -0.051 -0.528
vn -0.92 -0.035 -0.389
vn -0.971 -0.094 -0.222
vn -0.947 0.114 -0.302
vn -0.856 -0.355 -0.375
vn -0.436 -0.458 -0.774
vn -0.447 -0.654 -0.61
vn -0.305 -0.324 -0.896
vn -0.688 -0.701 -0.187
vn -0.469 -0.454 -0.757
vn -0.741 -0.521 -0.425
vn -0.65 -0.362 -0.669
vn -0.16 -0.741 -0.652
vn -0.958 0.006 -0.285
vn -0.886 -0.454 -0.096
vn 0.755 -0.65 0.087
vn -0.964 -0.07 -0.256
vn -0.996 -0.041 -0.08
vn -0.967 -0.041 -0.25
vn -0.979 0.118 0.167
vn -0.861 0.429 0.274
vn -0.916 0.18 0.36
vn -0.85 0.051 0.525
vn -0.936 0.274 0.223
vn -0.973 0.168 0.162
vn -1 -0.013 0.007
vn -0.982 -0.003 0.19
vn -0.948 0.011 -0.318
vn -0.996 0.075 -0.043
vn -0.111 -0.039 0.993
vn -0.986 0.017 0.163
vn -0.64 -0.186 0.746
vn -0.999 0.032 -0.046
vn -0.861 -0.254 -0.441
vn -0.743 -0.263 -0.616
vn -0.992 -0.108 -0.07
vn -0.506 -0.234 -0.831
vn -0.522 -0.111 -0.846
vn -0.602 -0.365 -0.71
vn -0.605 0.011 -0.796
vn -0.68 0.115 -0.725
vn -0.819 0.067 -0.569
vn -0.835 -0.283 -0.472
vn -0.937 0.09 0.339
vn -0.931 -0.047 0.363
vn -0.953 0.014 0.302
vn -0.902 -0.041 0.43
vn -0.733 0.072 0.676
vn -0.686 0.132 0.716
vn -0.659 0.165 0.734
vn -0.662 0.016 0.75
vn -0.913 -0.173 0.369
vn -0.983 -0.18 -0.029
vn -0.423 0.121 0.898
vn -0.382 0.178 0.907
vn -0.566 0.069 0.821
vn -0.431 0.067 0.9
vn -0.612 0.086 0.786
vn -0.482 0.082 0.872
vn -0.646 0.172 0.744
vn -0.694 0.079 0.715
vn -0.548 0.133 0.826
vn -0.722 0.25 0.645
vn -0.777 0.186 0.602
vn -0.562 0.203 0.801
vn -0.791 0.275 0.547
vn -0.55 0.297 0.781
vn -0.738 0.25 0.627
vn -0.497 0.365 0.787
vn -0.641 0.351 0.683
vn -0.846 0.181 0.501
vn -0.791 0.056 0.609
vn -0.467 0.378 0.799
vn -0.542 0.467 0.698
vn -0.457 0.571 0.682
vn -0.37 0.857 0.358
vn -0.339 0.708 0.619
vn -0.432 0.521 0.736
vn -0.366 0.484 0.795
vn -0.354 -0.919 0.171
vn -0.119 -0.902 0.414
vn 0.225 -0.966 0.129
vn -0.175 -0.961 -0.214
vn 0.394 -0.917 0.058
vn -0.17 -0.892 -0.419
vn 0.178 -0.788 -0.59
vn 0.791 -0.495 -0.36
vn 0.345 0.759 0.552
vn 0.384 0.7 0.602
vn 0.729 0.642 0.241
vn 0.716 0.604 0.349
vn 0.658 0.582 0.478
vn 0.894 0.438 0.1
vn 0.486 0.52 0.702
vn 0.767 0.462 0.446
vn 0.512 0.665 0.544
vn 0.77 0.637 -0.049
vn 0.878 0.266 -0.398
vn 0.953 0.111 -0.282
vn 0.949 0.312 0.053
vn 0.551 0.824 -0.134
vn 0.401 0.708 0.581
vn 0.893 0.449 0.049
vn 0.654 0.625 -0.427
vn 0.606 0.566 -0.559
vn 0.551 0.832 -0.069
vn 0.929 0.368 0.032
vn 0.949 0.219 -0.225
vn 0.934 0.318 -0.164
vn 0.944 0.281 -0.172
vn 0.761 0.616 0.204
vn 0.778 0.617 0.117
vn 0.595 0.171 -0.785
vn 0.652 0.068 -0.755
vn 0.748 0.151 -0.646
vn 0.842 -0.116 -0.526
vn 0.729 -0.381 -0.568
vn 0.874 -0.097 -0.477
vn 0.627 -0.381 -0.68
vn 0.887 0 -0.462
vn 0.761 -0.254 -0.596
vn 0.27 -0.65 -0.71
vn 0.386 -0.665 -0.639
vn 0.281 -0.646 -0.709
vn 0.545 -0.738 -0.398
vn 0.735 -0.429 -0.525
vn 0.83 -0.213 -0.517
vn 0.372 -0.685 -0.627
vn 0.643 -0.505 -0.576
vn 0.719 -0.571 -0.397
vn 0.944 0.235 -0.232
vn 0.814 -0.234 -0.531
vn 0.339 -0.727 -0.597
vn 0.75 -0.174 -0.638
vn 0.517 -0.324 -0.792
vn 0.683 -0.478 -0.553
vn 0.563 0.104 -0.819
vn 0.582 -0.203 -0.787
vn 0.488 -0.305 -0.818
vn 0.462 -0.118 -0.879
vn 0.394 -0.176 -0.902
vn 0.513 -0.553 -0.657
vn 0.928 -0.273 -0.253
vn 0.228 -0.865 -0.448
vn 0.659 0.257 -0.707
vn 0.512 0.516 -0.687
vn 0.869 0.124 -0.479
vn 0.979 0.201 0.001
vn 0.612 -0.753 -0.241
vn 0.295 -0.956 0.005
vn 0.824 -0.524 0.216
vn 0.989 -0.13 0.073
vn 0.942 0.025 0.335
vn 0.582 -0.439 0.685
vn 0.74 0.147 0.657
vn 0.781 0.418 0.465
vn 0.712 0.701 0.034
vn 0.784 0.533 -0.319
vn 0.726 -0.226 0.649
vn 0.26 0.035 0.965
vn 0.647 -0.312 0.695
vn 0.209 0.059 0.976
vn -0.262 0.349 0.9
vn -0.232 0.389 0.892
vn -0.157 0.468 0.87
vn 0.269 0.223 0.937
vn 0.696 -0.197 0.69
vn -0.376 0.485 0.79
vn 0.264 0.301 0.917
vn -0.054 0.301 0.952
vn -0.54 0.346 0.767
vn 0.112 0.043 0.993
vn -0.64 -0.186 0.746
vn -0.111 -0.039 0.993
vn -0.481 0.344 0.806
vn -0.467 0.378 0.799
vn 0.27 -0.65 -0.71
vn 0.281 -0.646 -0.709
vn 0.627 -0.381 -0.68
vn -0.321 -0.812 -0.486
vn -0.294 -0.814 -0.501
vn 0.386 -0.665 -0.639
vn -0.157 -0.948 -0.278
vn -0.299 -0.815 -0.497
vn 0.545 -0.738 -0.398
vn -0.209 -0.87 -0.446
vn -0.595 -0.782 -0.188
vn 0.372 -0.685 -0.627
vn -0.09 -0.861 -0.5
vn -0.516 -0.782 -0.35
vn 0.339 -0.727 -0.597
vn 0.342 -0.939 0.021
vn 0.719 -0.571 -0.397
vn -0.356 -0.932 0.073
vn -0.723 -0.65 -0.233
vn -0.079 -0.69 -0.719
vn -0.27 -0.892 -0.364
vn -0.078 -0.909 -0.41
vn 0.228 -0.865 -0.448
vn -0.117 -0.99 -0.078
vn 0.295 -0.956 0.005
vn -0.296 -0.955 0.042
vn -0.525 -0.849 -0.055
vn -0.617 -0.718 -0.323
vn -0.806 -0.274 -0.525
vn -0.553 -0.817 0.161
vn -0.26 -0.942 0.21
vn -0.466 -0.775 0.427
vn -0.227 -0.544 0.807
vn 0.056 -0.839 0.541
vn 0.043 -0.179 0.983
vn 0.582 -0.439 0.685
vn 0.824 -0.524 0.216
vn 0.68 0.413 0.606
vn 0.271 0.73 0.628
vn 0.622 0.416 0.664
vn 0.204 0.534 0.821
vn 0.616 0.212 0.758
vn 0.671 0.275 0.688
vn 0.821 0.212 0.53
vn -0.318 0.908 0.273
vn -0.332 0.777 0.535
vn -0.614 0.779 -0.127
vn -0.871 0.486 -0.074
vn -0.226 0.818 0.529
vn -0.633 0.774 0.021
vn 0.151 0.74 0.655
vn 0.609 0.48 0.631
vn 0.435 0.544 0.717
vn -0.294 0.827 0.479
vn 0.271 0.748 0.606
vn -0.169 0.935 0.312
vn 0.248 0.821 0.515
vn 0.646 0.39 0.656
vn 0.564 0.512 0.648
vn -0.593 0.805 0.036
vn 0.481 0.563 0.672
vn -0.151 0.95 0.274
vn -0.554 0.833 -0.016
vn -0.602 0.798 -0.02
vn -0.234 0.929 0.288
vn 0.151 0.79 0.594
vn -0.459 0.679 0.573
vn 0.357 0.645 0.676
vn 0.582 0.213 0.785
vn 0.385 0.246 0.89
vn 0.008 0.399 0.917
vn -0.572 0.403 0.715
vn 0.422 -0.045 0.906
vn -0.274 -0.653 0.706
vn 0.311 -0.578 0.754
vn -0.504 0.236 0.831
vn -0.332 0.777 0.535
vn 0.204 0.534 0.821
vn 0.616 0.212 0.758
vn 0.422 -0.045 0.906
vn 0.311 -0.578 0.754
vn 0.727 -0.529 0.439
vn 0.886 -0.164 0.433
vn 0.909 -0.395 -0.132
vn 0.982 -0.116 -0.146
vn 0.935 -0.028 0.354
vn 0.462 0.024 -0.887
vn 0.199 -0.686 -0.7
vn 0.971 0.188 -0.15
vn 0.571 0.374 -0.73
vn 0.971 0.165 0.173
vn 0.919 0.129 0.371
vn 0.95 0.253 0.185
vn 0.938 0.342 -0.047
vn 0.599 0.373 -0.709
vn 0.614 0.229 -0.756
vn 0.934 0.245 -0.261
vn 0.61 0.083 -0.788
vn 0.941 0.104 -0.322
vn 0.791 -0.495 -0.36
vn 0.178 -0.788 -0.59
vn 0.394 -0.917 0.058
vn 0.982 0.077 0.174
vn 0.888 0.033 0.459
vn 0.225 -0.966 0.129
vn 0.882 0.235 0.409
vn 0.797 0.029 0.603
vn -0.119 -0.902 0.414
vn 0.104 -0.99 0.1
vn 0.8 0.18 0.572
vn 0.83 0.066 0.554
vn 0.228 -0.974 -0.016
vn 0.812 -0.001 0.584
vn 0.077 -0.996 0.037
vn 0.029 -0.991 0.132
vn 0.78 0.213 0.588
vn 0.821 0.212 0.53
vn 0.671 0.275 0.688
vn 0.802 0.217 0.557
vn 0.738 0.087 0.669
vn 0.616 0.212 0.758
vn 0.746 0.025 0.666
vn 0.68 0.413 0.606
vn 0.622 0.416 0.664
vn 0.609 0.48 0.631
vn 0.271 0.73 0.628
vn 0.646 0.39 0.656
vn 0.435 0.544 0.717
vn 0.739 0.251 0.625
vn 0.564 0.512 0.648
vn 0.688 0.137 0.712
vn 0.481 0.563 0.672
vn 0.582 0.213 0.785
vn -0.011 -0.981 0.191
vn 0.157 0.443 0.882
vn -0.416 0.755 0.507
vn -0.897 -0.057 0.438
vn -0.942 0.284 0.176
vn -0.951 0.292 -0.1
vn -0.389 0.906 -0.164
vn -0.96 -0.068 -0.27
vn -0.981 -0.1 -0.164
vn -0.801 0.539 -0.262
vn -0.304 0.792 -0.529
vn -0.408 0.679 -0.61
vn -0.992 -0.018 0.129
vn -0.564 -0.112 0.818
vn -0.696 0.051 0.716
vn -0.919 0.394 -0.005
vn 0.129 0.736 0.664
vn -0.858 0.118 -0.5
vn -0.369 0.405 -0.836
vn 0.25 0.929 -0.274
vn -0.659 -0.106 -0.745
vn -0.162 0.181 -0.97
vn -0.619 -0.123 -0.776
vn -0.914 -0.13 -0.386
vn -0.938 -0.345 0
vn -0.988 0.157 -0.005
vn -0.732 -0.471 0.493
vn -0.926 -0.347 0.149
vn -0.728 -0.591 0.348
vn -0.468 -0.775 0.425
vn -0.459 -0.468 0.755
vn -0.437 -0.736 0.517
vn -0.637 -0.597 0.488
vn -0.413 -0.698 0.585
vn -0.897 -0.352 0.268
vn -0.597 -0.574 0.561
vn -0.838 -0.375 0.396
vn -0.36 -0.543 0.758
vn -1 -0.007 -0.001
vn -0.673 -0.124 0.729
vn -0.496 -0.596 0.631
vn -0.673 0.017 0.739
vn -0.211 -0.338 0.917
vn -0.84 0.408 0.358
vn -0.384 0.312 0.869
vn -0.995 -0.012 0.101
vn -0.849 0.521 -0.085
vn -0.728 0.667 0.157
vn -0.4 0.724 -0.562
vn -0.861 0.04 0.507
vn -0.771 0.194 0.607
vn -0.187 0.406 0.895
vn -0.315 -0.281 0.907
vn -0.62 -0.314 0.719
vn -0.815 -0.224 0.534
vn -0.771 -0.254 0.585
vn -0.812 -0.197 0.55
vn -0.744 -0.069 0.665
vn -0.253 -0.351 0.901
vn -0.721 -0.061 0.69
vn -0.37 -0.074 0.926
vn 0.15 -0.983 -0.108
vn -0.11 -0.992 0.067
vn 0.012 -0.982 -0.188
vn -0.153 -0.985 -0.078
vn -0.087 -0.996 0.032
vn 0.082 -0.994 -0.074
vn -0.036 -0.992 0.124
vn 0.165 -0.986 0.012
vn -0.005 -0.981 0.191
vn 0.234 -0.969 0.079
vn 0.006 -0.947 0.321
vn 0.101 -0.912 0.397
vn 0.42 -0.871 0.257
vn 0.468 -0.559 0.685
vn 0.576 0.3 -0.761
vn 0.572 0.515 -0.639
vn 0.349 0.497 -0.795
vn 0.752 0.427 -0.502
vn 0.628 0.698 -0.345
vn 0.459 0.811 -0.363
vn 0.534 0.814 -0.23
vn 0.775 0.547 -0.317
vn 0.789 0.236 -0.567
vn 0.803 0.073 -0.591
vn 0.58 0.148 -0.801
vn 0.561 -0.099 -0.822
vn 0.882 0.147 -0.448
vn 0.894 0.01 -0.449
vn 0.796 -0.102 -0.596
vn 0.886 0.287 -0.365
vn 0.697 -0.274 -0.663
vn 0.476 -0.293 -0.829
vn 0.635 -0.47 -0.613
vn 0.409 -0.46 -0.788
vn 0.812 -0.274 -0.516
vn 0.68 -0.526 -0.511
vn 0.885 -0.105 -0.454
vn 0.95 0.064 -0.307
vn 0.875 -0.324 -0.36
vn 0.953 -0.089 -0.29
vn 0.911 -0.329 -0.25
vn 0.944 0.302 -0.13
vn 0.994 0.022 -0.104
vn 0.965 -0.251 -0.072
vn 0.795 -0.606 0.001
vn 0.809 -0.542 -0.228
vn 0.567 -0.821 0.069
vn 0.347 -0.889 -0.3
vn 0.481 -0.794 0.372
vn 0.275 -0.841 0.466
vn 0.741 -0.654 0.153
vn 0.901 -0.308 0.306
vn 0.43 -0.822 0.372
vn 0.688 -0.489 0.537
vn 0.966 -0.104 0.238
vn 0.825 -0.202 0.528
vn 0.702 0.029 0.712
vn 0.526 -0.422 0.738
vn 0.49 -0.067 0.869
vn 0.944 0.238 0.226
vn 0.821 0.092 0.563
vn 0.601 0.373 0.708
vn 0.297 -0.087 0.951
vn 0.852 0.322 0.412
vn 0.623 0.294 0.725
vn 0.716 0.377 0.587
vn 0.622 0.319 0.715
vn 0.712 0.459 0.53
vn 0.462 0.67 0.581
vn 0.467 0.573 0.673
vn 0.64 0.309 0.704
vn 0.699 0.28 0.659
vn 0.904 0.408 0.13
vn 0.574 0.434 0.695
vn 0.536 0.49 0.687
vn 0.578 0.499 0.646
vn 0.536 0.334 0.775
vn 0.809 0.439 0.391
vn 0.877 0.45 -0.165
vn 0.673 0.521 0.526
vn 0.856 0.516 0
vn 0.701 0.701 -0.13
vn 0.706 0.708 0.019
vn 0.513 0.846 -0.147
vn 0.801 0.563 0.202
vn 0.656 0.725 0.209
vn 0.413 0.91 0.041
vn 0.488 0.737 0.468
vn 0.284 0.938 0.199
vn 0.54 0.837 -0.085
vn 0.364 0.61 -0.703
vn 0.418 0.711 -0.565
vn 0.507 0.861 0.026
vn 0.356 0.772 -0.526
vn 0.088 0.261 -0.961
vn 0.06 0.37 -0.927
vn -0.7 0.705 0.117
vn 0.448 0.845 -0.291
vn -0.128 0.835 0.534
vn 0.291 0.804 0.519
vn 0.507 0.811 0.292
vn 0.49 0.86 -0.142
vn 0.51 0.785 0.352
vn 0.508 0.748 0.426
vn 0.77 0.583 -0.261
vn 0.37 0.586 0.721
vn 0.385 0.537 0.75
vn 0.537 0.777 0.328
vn 0.573 0.677 0.462
vn 0.459 0.459 0.76
vn 0.261 0.534 0.804
vn 0.301 0.754 0.584
vn 0.292 0.703 0.648
vn 0.154 0.753 0.64
vn -0.004 0.665 0.747
vn -0.243 0.622 0.745
vn 0.345 0.759 0.552
vn -0.172 0.618 0.767
vn 0.384 0.7 0.602
vn 0.486 0.52 0.702
vn 0.033 0.477 0.878
vn 0.729 0.642 0.241
vn 0.761 0.616 0.204
vn 0.435 0.675 0.596
vn 0.778 0.617 0.117
vn 0.195 0.713 0.673
vn 0.06 0.783 0.619
vn 0.712 0.701 0.034
vn 0.196 0.707 0.68
vn 0.781 0.418 0.465
vn 0.286 0.5 0.818
vn -0.023 0.65 0.76
vn -0.062 0.07 0.996
vn -0.21 0.125 0.97
vn -0.332 -0.583 0.742
vn -0.549 -0.132 0.825
vn -0.442 0.031 0.896
vn -0.174 0.058 0.983
vn -0.375 0.224 0.899
vn -0.176 -0.047 0.983
vn 0.091 -0.098 0.991
vn 0.029 0.213 0.977
vn -0.122 0.187 0.975
vn -0.507 0.183 0.842
vn -0.208 0.196 0.958
vn -0.51 0.159 0.845
vn -0.391 0.572 0.721
vn -0.185 0.534 0.825
vn 0.01 0.456 0.89
vn -0.068 0.682 0.728
vn -0.068 -0.319 0.945
vn 0.167 0.455 0.875
vn -0.126 -0.469 0.875
vn 0.06 -0.076 0.995
vn 0.297 -0.087 0.951
vn 0.601 0.373 0.708
vn 0.49 -0.067 0.869
vn 0.26 0.177 0.949
vn 0.002 -0.372 0.928
vn 0.521 0.059 0.852
vn 0.425 -0.036 0.904
vn 0.189 -0.604 0.774
vn 0.415 -0.114 0.903
vn -0.051 -0.462 0.886
vn 0.486 -0.231 0.843
vn 0.032 -0.609 0.792
vn 0.526 -0.422 0.738
vn -0.278 0.555 0.784
vn 0.312 0.811 0.495
vn -0.312 0.728 0.61
vn 0.275 0.905 0.324
vn 0.627 0.773 -0.093
vn 0.857 0.515 -0.005
vn 0.807 0.385 -0.448
vn 0.799 0.486 -0.354
vn 0.724 0.428 -0.541
vn 0.684 0.342 -0.645
vn 0.791 0.137 -0.597
vn 0.589 0.167 -0.791
vn 0.59 0.301 -0.75
vn 0.323 0.313 -0.893
vn 0.262 0.317 -0.912
vn -0.508 0.411 -0.757
vn -0.624 0.389 -0.678
vn -0.986 0.158 -0.049
vn 0.184 0.816 0.548
vn -0.214 0.724 0.656
vn -0.631 0.507 0.587
vn -0.526 0.504 0.685
vn -0.711 0.367 0.599
vn 0.191 0.896 0.4
vn -0.353 0.751 0.558
vn -0.297 0.806 0.513
vn 0.568 0.815 0.116
vn 0.63 0.767 0.12
vn 0.651 0.759 -0.014
vn 0.547 0.835 0.054
vn 0.097 0.947 0.307
vn 0.613 0.79 -0.017
vn 0.619 0.784 0.049
vn 0.201 0.927 0.318
vn -0.25 0.764 0.595
vn -0.563 0.551 0.615
vn -0.448 0.491 0.747
vn 0.427 0.696 0.577
vn -0.077 0.411 0.909
vn 0.515 0.38 0.768
vn -0.843 -0.301 0.446
vn -0.396 -0.502 0.769
vn -0.503 0.048 0.863
vn -0.906 0.032 0.423
vn -0.982 -0.17 -0.082
vn -0.762 0.037 0.647
vn -0.783 0.12 0.61
vn -0.678 0.235 0.696
vn -0.994 0.064 -0.086
vn -0.971 -0.021 0.236
vn -0.569 0.137 -0.811
vn -0.499 -0.582 -0.643
vn -0.508 0.411 -0.757
vn -0.986 0.158 -0.049
vn -0.941 0.108 0.321
vn -0.766 0.215 0.605
vn -0.836 0.261 0.482
vn -0.877 0.211 0.432
vn -0.918 0.329 0.223
vn -0.665 0.43 0.611
vn -0.278 0.555 0.784
vn -0.312 0.728 0.61
vn -0.812 0.205 0.546
vn -0.718 0.419 0.557
vn -0.631 0.507 0.587
vn -0.823 0.242 0.513
vn -0.526 0.504 0.685
vn -0.711 0.367 0.599
vn -0.844 0.229 0.485
vn -0.876 0.016 0.481
vn -0.871 0.038 0.49
vn -0.824 0.145 0.547
vn -0.153 -0.985 -0.078
vn -0.11 -0.992 0.067
vn -0.804 0.115 0.583
vn -0.087 -0.996 0.032
vn -0.827 -0.167 0.537
vn 0.081 -0.917 0.39
vn -0.254 -0.962 0.099
vn -0.906 0.062 0.419
vn -0.748 0.166 0.643
vn -0.036 -0.992 0.124
vn -0.956 0.242 0.169
vn -0.99 0.066 0.128
vn -0.574 -0.816 0.063
vn -0.738 -0.597 -0.315
vn -0.563 0.551 0.615
vn -0.634 0.255 0.73
vn -0.005 -0.981 0.191
vn 0.006 -0.947 0.321
vn -0.448 0.491 0.747
vn -0.297 0.806 0.513
vn -0.353 0.751 0.558
vn -0.214 0.724 0.656
vn -0.921 0.089 -0.379
vn -0.551 0.071 -0.832
vn -0.521 -0.22 -0.824
vn -0.555 0.207 -0.806
vn -0.938 0.238 -0.253
vn -0.624 0.389 -0.678
vn -0.935 0.341 -0.095
vn -0.461 -0.29 0.839
vn -0.34 -0.6 0.725
vn 0.067 -0.457 0.887
vn -0.71 -0.128 0.692
vn -0.391 -0.199 0.899
vn -0.869 -0.07 0.49
vn 0.185 -0.643 0.743
vn -0.568 -0.137 0.812
vn -0.395 -0.111 0.912
vn -0.652 -0.082 0.754
vn -0.773 -0.076 0.629
vn -0.545 -0.067 0.835
vn -0.292 -0.122 0.949
vn -0.642 -0.105 0.76
vn -0.335 -0.171 0.927
vn -0.657 -0.134 0.742
vn -0.295 -0.17 0.94
vn -0.443 -0.059 0.895
vn -0.111 -0.145 0.983
vn -0.608 -0.096 0.788
vn -0.866 -0.072 0.495
vn -0.788 -0.079 0.611
vn -0.952 -0.018 0.306
vn -0.2 -0.07 0.977
vn -0.711 0.021 0.703
vn -0.605 0.072 0.792
vn -0.244 -0.087 0.966
vn -0.915 -0.077 0.396
vn -0.938 0.06 0.342
vn -0.956 -0.054 0.29
vn -0.937 -0.028 0.35
vn -0.983 -0.007 -0.185
vn -0.903 -0.055 0.426
vn -0.996 -0.013 0.087
vn -0.999 0.005 -0.045
vn -0.974 -0.001 0.226
vn 0.816 -0.578 0.001
vn 0.296 -0.808 -0.509
vn -0.957 0.094 -0.277
vn -0.623 -0.51 -0.594
vn -0.995 0.098 -0.037
vn -0.98 0.02 -0.196
vn -0.876 0.045 -0.48
vn -0.881 0.113 -0.459
vn -0.781 -0.005 -0.624
vn -0.604 -0.135 -0.786
vn -0.716 0.08 -0.694
vn -0.467 0.004 -0.884
vn -0.008 -0.132 -0.991
vn -0.472 0.004 -0.882
vn -0.725 0.035 -0.688
vn -0.881 0.026 -0.472
vn -0.9 -0.006 -0.435
vn -0.985 -0.023 -0.168
vn -0.732 0.032 -0.68
vn -0.302 0.027 -0.953
vn -0.346 0.022 -0.938
vn -0.764 0.123 -0.633
vn -0.438 0.001 -0.899
vn -0.993 -0.113 0.033
vn -0.978 0 -0.211
vn -0.999 0.031 -0.031
vn -0.958 0.13 -0.254
vn -0.948 0.015 -0.318
vn -0.768 -0.042 -0.64
vn -0.801 0.07 -0.594
vn -0.288 -0.004 -0.958
vn -0.775 0.154 -0.613
vn -0.935 0.067 -0.349
vn -0.725 -0.04 -0.688
vn -0.368 -0.136 -0.919
vn -0.399 0.085 -0.913
vn -0.767 -0.183 -0.615
vn -0.848 0.061 -0.526
vn -0.538 0.146 -0.831
vn -0.964 0.18 -0.196
vn -0.832 0.223 -0.509
vn -0.412 0.196 -0.89
vn -0.955 0.275 -0.113
vn -0.766 0.296 -0.571
vn -0.546 0.051 -0.836
vn -0.924 0.063 -0.376
vn -0.873 0.184 0.452
vn -0.99 0.077 0.115
vn -0.807 -0.006 0.591
vn -0.87 -0.094 0.485
vn -0.609 -0.142 0.78
vn -0.108 -0.162 0.981
vn -0.338 -0.145 0.93
vn -0.901 -0.02 -0.434
vn -0.541 -0.012 -0.841
vn -0.477 -0.028 -0.878
vn -0.998 -0.053 0.05
vn -0.947 0.051 -0.316
vn -0.497 0.103 -0.861
vn -0.967 0.13 -0.217
vn -0.998 -0.044 0.043
vn -0.903 0.041 0.427
vn -0.678 -0.085 0.73
vn -0.336 0.006 0.942
vn -0.881 0.107 0.461
vn -0.966 -0.16 -0.203
vn -0.523 -0.184 -0.832
vn -0.477 0.152 -0.866
vn -0.883 -0.169 0.438
vn -0.332 -0.184 0.925
vn -0.321 0.111 0.94
vn -0.138 0.518 -0.845
vn -0.542 0.503 -0.673
vn -0.505 0.625 -0.595
vn -0.18 0.454 -0.873
vn 0.189 0.56 -0.807
vn 0.396 0.316 -0.862
vn 0.51 0.592 -0.625
vn 0.38 0.471 -0.796
vn 0.512 0.3 -0.805
vn 0.8 0.393 -0.454
vn 0.109 -0.389 -0.915
vn 0.218 -0.497 -0.84
vn -0.082 -0.546 -0.833
vn -0.109 -0.242 -0.964
vn -0.028 -0.328 -0.944
vn -0.027 -0.633 -0.773
vn -0.303 -0.043 -0.952
vn -0.09 -0.396 -0.914
vn -0.102 -0.036 -0.994
vn -0.002 -0.424 -0.906
vn 0.001 -0.53 -0.848
vn -0.052 -0.062 -0.997
vn -0.019 -0.021 -1
vn -0.042 -0.489 -0.871
vn -0.054 0.071 -0.996
vn -0.112 0.067 -0.991
vn -0.011 -0.275 -0.961
vn 0.107 -0.484 -0.869
vn 0.233 0.017 -0.973
vn 0 0.089 -0.996
vn -0.365 -0.303 -0.88
vn -0.015 -0.593 -0.805
vn -0.008 -0.132 -0.991
vn -0.604 -0.135 -0.786
vn -0.053 0.057 -0.997
vn 0.017 0.107 -0.994
vn 0.22 0.141 -0.965
vn 0.224 0.089 -0.971
vn 0.51 0.105 -0.854
vn 0.466 0.144 -0.873
vn 0.395 0.329 -0.858
vn 0.215 0.263 -0.94
vn 0.028 0.199 -0.979
vn -0.049 0.005 -0.999
vn 0.529 0.066 -0.846
vn 0.371 -0.098 -0.923
vn 0.505 -0.083 -0.859
vn 0.26 -0.095 -0.961
vn -0.467 0.004 -0.884
vn -0.472 0.004 -0.882
vn 0.373 -0.062 -0.926
vn -0.009 -0.055 -0.999
vn -0.302 0.027 -0.953
vn 0.131 -0.005 -0.991
vn 0.183 -0.053 -0.982
vn 0.386 0.001 -0.922
vn 0.096 -0.014 -0.995
vn -0.346 0.022 -0.938
vn 0.601 -0.069 -0.797
vn 0.49 -0.026 -0.871
vn 0.329 -0.076 -0.941
vn 0.572 -0.062 -0.818
vn 0.108 0.024 -0.994
vn -0.438 0.001 -0.899
vn 0.314 -0.017 -0.949
vn 0.008 0.112 -0.994
vn 0.338 -0.012 -0.941
vn -0.288 -0.004 -0.958
vn 0.063 -0.003 -0.998
vn 0.265 -0.143 -0.954
vn 0.025 -0.154 -0.988
vn -0.368 -0.136 -0.919
vn -0.399 0.085 -0.913
vn 0.088 -0.348 -0.933
vn 0.416 -0.202 -0.887
vn 0.19 -0.109 -0.976
vn -0.538 0.146 -0.831
vn 0.232 -0.086 -0.969
vn 0.711 -0.13 -0.691
vn 0.19 0.17 -0.967
vn 0.079 0.14 -0.987
vn -0.412 0.196 -0.89
vn 0.103 0.404 -0.909
vn 0.527 0.035 -0.849
vn 0.044 0.136 -0.99
vn -0.546 0.051 -0.836
vn 0.504 -0.025 -0.863
vn 0.042 -0.004 -0.999
vn -0.541 -0.012 -0.841
vn 0.42 -0.066 -0.905
vn -0.477 -0.028 -0.878
vn 0.376 -0.031 -0.926
vn -0.497 0.103 -0.861
vn 0.388 0.03 0.921
vn 0.518 0.183 0.836
vn 0.596 0.24 0.766
vn 0.523 0.085 0.848
vn 0.643 0.247 0.725
vn 0.917 0.38 -0.118
vn 0.868 0.458 0.191
vn 0.932 0.266 0.248
vn 0.775 0.152 0.614
vn 0.961 0.268 -0.062
vn 0.752 0.234 0.616
vn 0.932 -0.057 0.357
vn 0.922 0.141 0.361
vn 0.542 0.048 0.839
vn 0.783 -0.214 0.584
vn 0.498 -0.029 0.867
vn 0.773 -0.061 0.632
vn 0.953 -0.039 0.3
vn 0.756 0.014 0.654
vn 0.969 0.243 0.038
vn 0.983 0.118 -0.137
vn 0.997 -0.012 -0.076
vn 0.903 0.069 -0.424
vn 0.929 0.173 -0.327
vn 0.977 0.14 0.161
vn 0.991 0.11 -0.082
vn 0.918 -0.068 -0.39
vn 0.695 0.055 -0.717
vn 0.825 0.153 -0.544
vn 0.708 0.125 -0.696
vn 0.466 0.144 -0.873
vn 0.584 0.185 -0.791
vn 0.395 0.329 -0.858
vn 0.588 0.284 -0.757
vn 0.708 0.053 -0.704
vn 0.899 0.139 -0.415
vn 0.995 -0.099 -0.037
vn 0.798 0.223 -0.56
vn 0.825 0.097 -0.558
vn 0.523 0.284 -0.803
vn 0.994 0.028 -0.109
vn 0.935 -0.072 0.349
vn 0.993 -0.048 -0.109
vn 0.741 0.014 0.671
vn 0.468 -0.013 0.884
vn 0.464 0.022 0.886
vn 0.521 0.128 0.844
vn 0.938 -0.028 0.345
vn 0.915 0.125 0.385
vn 0.688 0.028 0.725
vn 0.995 -0.024 -0.098
vn 0.864 -0.164 -0.476
vn 0.861 -0.159 -0.483
vn 0.61 0.17 -0.773
vn 0.685 -0.246 -0.686
vn 0.583 -0.169 -0.795
vn 0.416 0.345 -0.841
vn 0.872 0.082 -0.483
vn 0.678 -0.217 -0.702
vn 0.521 -0.197 -0.831
vn 0.535 -0.35 -0.769
vn 0.265 -0.043 -0.963
vn 0.193 -0.102 -0.976
vn 0.649 -0.067 -0.758
vn 0.361 -0.143 -0.921
vn 0.983 0.14 -0.119
vn 0.997 0.029 -0.08
vn 0.83 0.015 -0.558
vn 0.588 -0.198 -0.784
vn 0.385 -0.26 -0.886
vn 0.766 -0.211 -0.607
vn 0.738 -0.338 -0.584
vn 0.461 -0.297 -0.836
vn 0.453 -0.363 -0.814
vn 0.941 -0.083 -0.327
vn 0.917 -0.318 -0.243
vn 0.921 0.029 0.388
vn 0.896 -0.158 0.414
vn 0.587 -0.116 0.801
vn 0.591 -0.394 -0.704
vn 0.412 -0.307 -0.858
vn 0.977 -0.162 -0.142
vn 0.976 -0.183 0.121
vn 0.988 -0.057 0.146
vn 0.763 -0.165 0.625
vn 0.696 0.021 0.718
vn 0.919 0.032 0.394
vn 0.542 -0.419 -0.728
vn 0.394 -0.234 -0.889
vn 0.699 -0.493 -0.519
vn 0.401 -0.542 -0.739
vn 0.958 -0.286 -0.014
vn 0.938 0.095 0.333
vn 0.833 0.025 0.553
vn 0.729 -0.435 -0.529
vn 0.854 -0.414 -0.314
vn 0.946 -0.317 -0.061
vn 0.979 -0.194 0.069
vn 0.979 -0.127 0.162
vn 0.977 0.057 0.205
vn 0.891 -0.412 -0.193
vn 0.854 -0.52 -0.04
vn 0.927 -0.354 0.121
vn 0.976 -0.162 0.147
vn 0.965 -0.074 0.25
vn 0.688 -0.711 -0.141
vn 0.704 -0.58 0.411
vn 0.712 -0.59 0.381
vn 0.883 -0.147 0.445
vn 0.617 -0.622 -0.483
vn 0.488 -0.305 -0.818
vn 0.594 -0.78 -0.196
vn 0.542 -0.833 0.116
vn 0.342 -0.939 0.021
vn -0.356 -0.932 0.073
vn 0.719 -0.571 -0.397
vn 0.97 0.005 0.244
vn 0.877 -0.103 0.469
vn 0.4 -0.22 0.89
vn 0.306 -0.099 0.947
vn 0.726 0.223 0.651
vn 0.429 0.27 0.862
vn 0.666 0.083 0.742
vn 0.355 0.35 0.867
vn -0.11 -0.992 0.067
vn 0.461 -0.759 0.459
vn 0.081 -0.917 0.39
vn 0.15 -0.983 -0.108
vn -0.444 0.08 -0.893
vn 0.199 -0.686 -0.7
vn -0.497 -0.261 -0.828
vn 0.462 0.024 -0.887
vn -0.296 0.283 -0.913
vn 0.571 0.374 -0.73
vn -0.568 0.222 -0.793
vn 0.361 0.769 0.527
vn 0.135 0.748 0.65
vn 0.639 0.458 0.619
vn 0.736 0.45 0.506
vn 0.923 0 0.385
vn 0.867 0.11 0.487
vn 0.488 0.357 0.797
vn 0.915 -0.369 0.168
vn 0.7 -0.366 0.614
vn 0.873 -0.386 0.299
vn 0.434 -0.734 0.521
vn 0.682 -0.731 0.032
vn 0.669 -0.734 -0.112
vn 0.307 -0.95 -0.051
vn 0.408 -0.867 -0.286
vn 0.409 -0.775 -0.482
vn 0.897 -0.406 0.174
vn 0.897 0.061 0.437
vn 0.958 -0.275 0.082
vn 0.765 -0.515 -0.388
vn 0.726 -0.226 0.649
vn 0.26 0.035 0.965
vn 0.91 -0.4 0.106
vn 0.784 -0.528 -0.328
vn 0.432 -0.585 -0.687
vn 0.448 -0.636 -0.628
vn 0.733 -0.678 -0.061
vn 0.45 -0.772 -0.448
vn 0.562 -0.728 -0.394
vn 0.752 -0.656 -0.052
vn 0.63 -0.683 -0.369
vn 0.785 -0.557 0.273
vn 0.647 -0.312 0.695
vn 0.82 -0.518 0.241
vn 0.696 -0.197 0.69
vn -0.16 -0.741 -0.652
vn 0.755 -0.65 0.087
vn -0.886 -0.454 -0.096
vn 0.654 -0.632 -0.416
vn 0.146 -0.59 -0.794
vn -0.65 -0.362 -0.669
vn -0.741 -0.521 -0.425
vn 0.57 -0.8 -0.189
vn -0.688 -0.701 -0.187
vn 0.846 -0.385 0.368
vn -0.861 0.429 0.274
vn 0.721 -0.014 0.692
vn -0.936 0.274 0.223
vn 0.649 0.054 0.759
vn 0.269 0.223 0.937
vn 0.264 0.301 0.917
vn 0.662 0.047 0.748
vn -0.111 -0.039 0.993
vn 0.112 0.043 0.993
vn 0.74 0.147 0.657
vn 0.286 0.5 0.818
vn 0.781 0.418 0.465
vn 0.266 0.022 0.964
vn 0.582 -0.439 0.685
vn 0.227 0.186 0.956
vn -0.023 0.65 0.76
vn -0.21 0.125 0.97
vn 0.043 -0.179 0.983
vn -0.499 -0.266 0.825
vn -0.227 -0.544 0.807
vn -0.508 0.411 -0.757
vn 0.323 0.313 -0.893
vn 0.414 0.062 -0.908
vn -0.569 0.137 -0.811
vn 0.404 -0.06 -0.913
vn -0.499 -0.582 -0.643
vn 0.318 -0.678 -0.662
vn -0.243 0.622 0.745
vn -0.7 0.705 0.117
vn -0.172 0.618 0.767
vn -0.672 0.354 0.651
vn -0.902 -0.005 0.431
vn -0.882 -0.405 0.242
vn -0.832 -0.3 -0.466
vn -0.808 -0.569 -0.157
vn -0.757 -0.653 0.009
vn -0.705 -0.669 -0.236
vn -0.946 -0.225 0.234
vn -0.901 0.029 0.432
vn -0.467 0.264 0.844
vn -0.863 -0.137 0.485
vn -0.966 -0.211 0.152
vn -0.854 -0.519 -0.017
vn -0.858 -0.406 0.314
vn 0.4 -0.22 0.89
vn 0.883 -0.147 0.445
vn -0.891 -0.454 -0.033
vn 0.704 -0.58 0.411
vn -0.356 -0.932 0.073
vn -0.723 -0.65 -0.233
vn -0.794 -0.607 0.011
vn -0.685 -0.698 -0.21
vn -0.294 -0.814 -0.501
vn -0.157 -0.948 -0.278
vn -0.321 -0.812 -0.486
vn -0.642 -0.741 -0.198
vn -0.299 -0.815 -0.497
vn -0.595 -0.782 -0.188
vn -0.516 -0.782 -0.35
vn -0.694 -0.674 -0.252
vn -0.585 -0.235 -0.776
vn -0.27 -0.892 -0.364
vn -0.814 -0.459 -0.354
vn -0.525 -0.849 -0.055
vn -0.806 -0.274 -0.525
vn -0.909 -0.415 0.038
vn -0.951 -0.194 -0.241
vn -0.617 -0.718 -0.323
vn -0.726 -0.552 -0.411
vn -0.724 -0.604 -0.333
vn -0.542 -0.61 -0.578
vn -0.892 -0.358 0.277
vn -0.553 -0.817 0.161
vn -0.466 -0.775 0.427
vn -0.706 -0.454 0.544
vn -0.227 -0.544 0.807
vn -0.499 -0.266 0.825
vn -0.672 -0.686 -0.281
vn -0.573 -0.479 -0.665
vn -0.795 -0.592 0.131
vn -0.671 -0.736 0.088
vn -0.709 -0.696 -0.108
vn -0.539 -0.489 -0.686
vn -0.589 -0.614 -0.525
vn -0.665 -0.581 0.469
vn -0.444 -0.358 0.821
vn -0.062 0.07 0.996
vn -0.21 0.125 0.97
vn -0.716 -0.684 0.143
vn -0.63 -0.637 0.444
vn -0.64 -0.58 0.505
vn -0.425 -0.435 0.794
vn -0.354 -0.464 0.812
vn -0.425 -0.351 0.834
vn -0.298 -0.257 0.919
vn -0.438 -0.286 0.852
vn -0.698 -0.666 0.263
vn -0.573 -0.527 0.628
vn -0.136 -0.33 0.934
vn -0.653 -0.65 0.388
vn -0.724 -0.69 0.008
vn -0.757 -0.647 0.091
vn -0.651 -0.656 0.382
vn -0.649 -0.613 -0.451
vn -0.283 -0.247 -0.927
vn -0.816 -0.438 0.377
vn -0.517 -0.335 0.788
vn -0.745 -0.654 -0.129
vn -0.561 -0.455 -0.692
vn -0.799 -0.596 0.078
vn -0.646 -0.456 -0.612
vn -0.749 -0.178 0.639
vn -0.862 -0.464 0.203
vn -0.618 0.029 0.785
vn -0.532 -0.115 0.839
vn -0.573 -0.143 0.807
vn -0.955 -0.169 0.246
vn -0.595 -0.087 0.799
vn -0.6 0.136 0.788
vn -0.848 -0.19 0.494
vn -0.839 0.043 0.542
vn -0.898 -0.287 -0.335
vn -0.488 -0.19 -0.852
vn -0.978 -0.18 0.102
vn -0.59 -0.025 -0.807
vn -0.717 -0.171 -0.675
vn -0.694 -0.637 0.337
vn -0.135 -0.408 0.903
vn -0.909 -0.114 0.4
vn -0.907 -0.412 0.081
vn -0.941 -0.207 -0.267
vn -0.795 0.495 -0.349
vn -0.304 -0.454 0.837
vn -0.66 -0.469 -0.586
vn -0.621 -0.695 -0.362
vn -0.702 -0.704 0.109
vn -0.178 0.307 0.935
vn -0.967 -0.198 -0.158
vn -0.928 -0.325 0.183
vn -0.729 0.33 0.6
vn -0.375 0.243 0.895
vn -0.604 -0.792 -0.089
vn 0.05 -0.512 0.857
vn -0.978 0.002 -0.211
vn -0.076 0.996 -0.056
vn -0.19 0.315 -0.93
vn -0.559 0.222 -0.799
vn -0.299 0.152 -0.942
vn -0.734 -0.129 -0.666
vn -0.606 -0.277 -0.745
vn -0.409 0.33 -0.851
vn -0.011 -0.275 -0.961
vn 0.107 -0.484 -0.869
vn -0.015 -0.593 -0.805
vn -0.108 -0.74 -0.664
vn -0.042 -0.489 -0.871
vn -0.604 -0.135 -0.786
vn -0.365 -0.303 -0.88
vn -0.623 -0.51 -0.594
vn 0.109 -0.897 -0.428
vn 0.296 -0.808 -0.509
vn 0.001 -0.53 -0.848
vn 0.122 -0.743 -0.658
vn 0.535 -0.687 -0.492
vn -0.002 -0.424 -0.906
vn 0.317 -0.553 -0.77
vn -0.09 -0.396 -0.914
vn 0.292 -0.481 -0.827
vn -0.027 -0.633 -0.773
vn -0.028 -0.328 -0.944
vn -0.082 -0.546 -0.833
vn 0.109 -0.389 -0.915
vn 0.218 -0.497 -0.84
vn -0.109 -0.242 -0.964
vn -0.692 0.018 -0.721
vn -0.519 0.046 -0.854
vn -0.735 0.089 -0.672
vn -0.397 -0.075 -0.915
vn -0.678 -0.016 -0.734
vn -0.468 -0.06 -0.882
vn -0.303 -0.115 -0.946
vn -0.247 -0.025 -0.969
vn -0.553 -0.041 -0.833
vn -0.015 -0.189 -0.982
vn -0.399 -0.182 -0.898
vn -0.027 -0.029 -0.999
vn -0.296 0.106 -0.949
vn 0.15 -0.111 -0.982
vn -0.32 0.15 -0.936
vn 0.112 -0.206 -0.972
vn -0.177 -0.145 -0.974
vn -0.34 -0.033 -0.94
vn 0.566 -0.268 -0.78
vn 0.531 -0.263 -0.805
vn 0.671 -0.11 -0.733
vn 0.267 -0.248 -0.931
vn 0.55 -0.292 -0.782
vn 0.496 -0.315 -0.809
vn -0.313 -0.092 -0.945
vn 0.031 -0.225 -0.974
vn -0.461 -0.107 -0.881
vn -0.57 -0.048 -0.82
vn -0.59 0.072 -0.804
vn 0.406 -0.362 -0.839
vn 0.292 -0.481 -0.827
vn 0.317 -0.553 -0.77
vn 0.505 -0.477 -0.719
vn 0.535 -0.687 -0.492
vn -0.587 0.078 -0.806
vn -0.327 0.055 -0.943
vn -0.562 0.081 -0.823
vn -0.314 0.119 -0.942
vn -0.115 0.107 -0.988
vn -0.318 0.211 -0.924
vn -0.499 0.271 -0.823
vn -0.126 0.162 -0.979
vn -0.166 -0.141 -0.976
vn -0.145 -0.109 -0.983
vn -0.362 -0.146 -0.921
vn -0.044 -0.105 -0.994
vn -0.282 -0.174 -0.943
vn -0.113 -0.099 -0.989
vn 0.058 -0.117 -0.991
vn 0.086 -0.173 -0.981
vn 0.265 -0.043 -0.963
vn 0.193 -0.102 -0.976
vn 0.164 -0.164 -0.973
vn 0.025 -0.082 -0.996
vn -0.024 -0.213 -0.977
vn -0.047 -0.106 -0.993
vn -0.185 -0.182 -0.966
vn 0.298 -0.068 -0.952
vn 0.535 -0.35 -0.769
vn 0.521 -0.197 -0.831
vn 0.361 -0.143 -0.921
vn 0.385 -0.26 -0.886
vn 0.135 -0.251 -0.958
vn 0.057 -0.293 -0.954
vn 0.461 -0.297 -0.836
vn 0.038 -0.265 -0.963
vn -0.007 -0.182 -0.983
vn -0.052 -0.163 -0.985
vn 0.269 -0.375 -0.887
vn 0.453 -0.363 -0.814
vn 0.117 -0.334 -0.936
vn 0.036 -0.362 -0.932
vn 0.412 -0.307 -0.858
vn 0.003 -0.304 -0.953
vn -0.062 -0.241 -0.969
vn 0.048 -0.201 -0.979
vn -0.155 -0.31 -0.938
vn 0.135 -0.336 -0.932
vn -0.085 -0.272 -0.958
vn 0.196 -0.234 -0.952
vn -0.036 -0.304 -0.952
vn 0.297 -0.163 -0.941
vn 0.394 -0.234 -0.889
vn 0.342 -0.038 -0.939
vn 0.078 -0.228 -0.971
vn 0.171 -0.007 -0.985
vn 0.123 -0.017 -0.992
vn -0.166 -0.3 -0.939
vn -0.072 -0.348 -0.935
vn 0.031 -0.371 -0.928
vn 0.028 -0.329 -0.944
vn -0.264 -0.342 -0.902
vn 0.057 -0.223 -0.973
vn -0.246 -0.355 -0.902
vn -0.307 -0.334 -0.891
vn -0.4 -0.282 -0.872
vn -0.392 -0.19 -0.9
vn -0.158 -0.264 -0.952
vn -0.277 -0.07 -0.958
vn -0.506 -0.234 -0.831
vn -0.602 -0.365 -0.71
vn -0.605 0.011 -0.796
vn -0.522 -0.111 -0.846
vn -0.667 -0.151 -0.729
vn -0.733 -0.31 -0.605
vn -0.541 -0.268 -0.797
vn -0.721 -0.194 -0.665
vn 0.007 -0.174 -0.985
vn 0.134 -0.028 -0.991
vn 0.046 -0.045 -0.998
vn 0.186 0.264 -0.946
vn -0.083 -0.235 -0.968
vn 0.148 0.07 -0.986
vn 0.118 0.12 -0.986
vn 0.215 0.29 -0.933
vn 0.259 0.088 -0.962
vn 0.284 0.272 -0.919
vn 0.231 0.44 -0.868
vn -0.291 -0.323 -0.901
vn -0.081 -0.421 -0.903
vn -0.305 -0.324 -0.896
vn -0.394 -0.288 -0.873
vn -0.436 -0.458 -0.774
vn -0.627 -0.269 -0.731
vn -0.597 -0.29 -0.748
vn -0.65 -0.279 -0.707
vn -0.539 -0.247 -0.805
vn -0.165 -0.188 -0.968
vn 0.02 0.001 -1
vn 0 -0.08 -0.997
vn 0.13 0.013 -0.991
vn 0.027 0.265 -0.964
vn 0.193 0.276 -0.941
vn -0.033 -0.154 -0.987
vn 0.155 0.296 -0.942
vn 0.211 0.437 -0.875
vn 0.193 0.442 -0.876
vn 0.129 0.464 -0.876
vn 0.049 0.473 -0.879
vn -0.064 0.499 -0.864
vn 0.153 0.509 -0.847
vn -0.169 0.233 -0.958
vn -0.139 0.594 -0.792
vn -0.222 0.328 -0.918
vn -0.291 0.586 -0.756
vn -0.369 -0.024 -0.929
vn -0.182 -0.326 -0.928
vn -0.181 -0.214 -0.96
vn -0.469 -0.454 -0.757
vn -0.447 -0.654 -0.61
vn -0.856 -0.355 -0.375
vn -0.509 -0.422 -0.75
vn -0.413 -0.75 -0.517
vn -0.439 -0.205 -0.875
vn -0.443 0.164 -0.881
vn -0.48 -0.285 -0.829
vn -0.54 -0.105 -0.835
vn -0.258 0.143 -0.956
vn -0.601 0.236 -0.764
vn -0.824 0.539 -0.173
vn -0.491 0.754 0.436
vn -0.801 0.577 -0.161
vn -0.562 0.584 0.585
vn -0.232 0.389 0.892
vn -0.006 0.65 0.76
vn 0.135 0.748 0.65
vn 0.488 0.357 0.797
vn 0.26 0.035 0.965
vn 0.401 0.708 0.581
vn 0.359 0.725 0.588
vn 0.551 0.824 -0.134
vn 0.551 0.832 -0.069
vn 0.402 0.846 0.351
vn 0.532 0.841 0.097
vn 0.563 0.792 0.234
vn 0.636 0.722 -0.271
vn 0.372 0.792 0.484
vn 0.216 0.729 0.649
vn 0.217 0.598 0.772
vn 0.382 0.616 0.689
vn 0.631 0.545 0.552
vn 0.258 0.623 0.739
vn 0.2 0.574 0.794
vn 0.149 0.554 0.819
vn 0.264 0.444 0.856
vn 0.076 0.511 0.856
vn 0.071 0.534 0.842
vn -0.074 0.542 0.837
vn 0.009 0.495 0.869
vn -0.168 0.489 0.856
vn 0.234 0.36 0.903
vn -0.054 0.284 0.957
vn -0.409 0.33 -0.851
vn 0.183 0.476 -0.86
vn 0.163 0.702 -0.693
vn -0.299 0.152 -0.942
vn -0.734 -0.129 -0.666
vn -0.559 0.222 -0.799
vn 0.291 0.199 -0.936
vn 0.678 0.485 -0.553
vn 0.743 0.63 -0.224
vn 0.303 0.22 -0.927
vn -0.19 0.315 -0.93
vn -0.114 0.129 -0.985
vn -0.3 0.115 -0.947
vn 0.339 0.369 -0.866
vn 0.307 0.131 -0.942
vn 0.734 0.182 -0.654
vn 0.188 0.013 -0.982
vn 0.655 0.119 -0.746
vn -0.131 -0.188 -0.974
vn 0.465 0.361 -0.808
vn -0.488 -0.19 -0.852
vn -0.59 -0.025 -0.807
vn -0.646 -0.456 -0.612
vn -0.717 -0.171 -0.675
vn -0.561 -0.455 -0.692
vn -0.053 0.154 -0.987
vn 0.401 0.435 -0.807
vn -0.821 -0.187 -0.54
vn -0.398 0.314 -0.862
vn -0.071 0.019 -0.997
vn 0.364 0.61 -0.703
vn -0.283 -0.247 -0.927
vn -0.649 -0.613 -0.451
vn 0.088 0.261 -0.961
vn 0.418 0.711 -0.565
vn -0.286 -0.22 -0.933
vn -0.589 -0.614 -0.525
vn 0.06 0.37 -0.927
vn -0.539 -0.489 -0.686
vn -0.275 -0.101 -0.956
vn -0.7 0.705 0.117
vn -0.832 -0.3 -0.466
vn -0.573 -0.479 -0.665
vn -0.808 -0.569 -0.157
vn -0.542 -0.61 -0.578
vn -0.705 -0.669 -0.236
vn 0.63 -0.771 0.097
vn 0.551 -0.761 0.342
vn 0.23 -0.951 0.205
vn 0.434 -0.734 0.521
vn 0.7 -0.366 0.614
vn 0.15 -0.892 0.426
vn -0.305 -0.897 0.319
vn 0.307 -0.95 -0.051
vn 0.682 -0.731 0.032
vn -0.254 -0.963 -0.088
vn 0.408 -0.867 -0.286
vn -0.096 -0.881 -0.464
vn 0.409 -0.775 -0.482
vn -0.713 -0.691 -0.116
vn -0.606 -0.594 -0.53
vn -0.722 -0.634 0.278
vn -0.483 -0.343 -0.806
vn -0.76 -0.649 0.016
vn -0.271 -0.956 0.114
vn -0.152 -0.985 -0.081
vn 0.343 -0.938 0.053
vn -0.754 -0.624 -0.206
vn -0.148 -0.988 -0.036
vn -0.776 -0.621 -0.109
vn 0.478 -0.871 0.116
vn -0.703 -0.709 -0.05
vn 0.051 -0.997 0.059
vn -0.616 -0.787 0.04
vn -0.465 -0.881 0.082
vn 0.346 -0.925 0.155
vn -0.4 -0.915 0.056
vn -0.293 -0.945 0.146
vn 0.521 -0.822 0.229
vn -0.224 -0.959 0.173
vn -0.704 -0.71 -0.021
vn 0.682 -0.71 -0.172
vn -0.042 -0.997 -0.065
vn 0.024 -0.962 0.272
vn -0.535 -0.844 0.037
vn -0.537 -0.681 0.498
vn 0.027 -0.793 0.609
vn 0.757 -0.512 0.407
vn 0.745 -0.649 0.155
vn -0.586 -0.766 0.263
vn -0.463 -0.226 0.857
vn -0.919 -0.391 0.055
vn -0.241 -0.787 -0.568
vn -0.883 -0.267 -0.385
vn -0.721 -0.306 -0.622
vn -0.178 0.307 0.935
vn 0.38 -0.921 0.081
vn 0.353 -0.362 0.863
vn -0.702 -0.704 0.109
vn -0.049 -0.374 -0.926
vn -0.66 -0.469 -0.586
vn -0.332 -0.583 0.742
vn -0.537 -0.454 0.711
vn -0.549 -0.132 0.825
vn -0.729 -0.372 0.575
vn -0.654 0.062 0.754
vn -0.442 0.031 0.896
vn -0.694 0.319 0.646
vn -0.375 0.224 0.899
vn -0.804 0.136 0.58
vn -0.799 0.196 0.569
vn -0.507 0.183 0.842
vn -0.799 -0.278 0.533
vn -0.51 0.159 0.845
vn -0.391 0.572 0.721
vn -0.35 0.517 0.781
vn -0.699 0.421 0.577
vn -0.861 0.332 0.384
vn -0.924 -0.023 0.383
vn -0.851 -0.393 0.348
vn -0.888 0.125 0.443
vn -0.917 0.34 0.209
vn -0.942 -0.133 0.306
vn -0.947 0.161 0.279
vn -0.426 0.813 0.396
vn -0.719 0.683 0.131
vn -0.961 0.265 -0.074
vn -0.96 -0.192 0.204
vn -0.764 0.597 -0.247
vn -0.528 0.848 -0.047
vn -0.57 0.812 -0.118
vn -1 0.023 0.004
vn -0.858 0.467 -0.213
vn -0.997 0.014 -0.072
vn -0.988 0.131 -0.084
vn -0.869 0.473 -0.145
vn -0.654 0.755 0.053
vn -0.937 -0.332 0.11
vn -0.918 0.348 -0.19
vn -0.705 0.708 -0.037
vn -0.49 0.866 0.1
vn -0.502 0.862 0.073
vn -0.477 0.835 -0.272
vn -0.588 0.695 -0.414
vn -0.865 0.457 -0.207
vn -0.769 0.459 -0.445
vn -0.302 0.671 -0.677
vn -0.606 0.476 -0.638
vn -0.905 0.354 -0.238
vn -0.93 0.3 -0.212
vn -0.811 0.324 -0.487
vn -0.99 -0.098 -0.097
vn -0.817 -0.543 -0.194
vn -0.866 0.2 -0.458
vn -0.711 0.227 -0.666
vn -0.806 -0.009 -0.591
vn -0.393 0.412 -0.822
vn -0.583 0.082 -0.809
vn -0.524 -0.185 -0.832
vn -0.557 -0.448 -0.699
vn -0.924 -0.119 -0.364
vn -0.805 -0.358 -0.473
vn -0.711 -0.551 -0.436
vn -0.655 -0.705 -0.274
vn -0.873 -0.38 -0.306
vn -0.898 -0.439 0.014
vn -0.979 -0.088 -0.184
vn -0.906 0.164 -0.39
vn -0.924 0.193 -0.331
vn -0.98 0.138 -0.142
vn -0.995 0.046 0.085
vn -0.817 -0.551 0.171
vn -0.997 0.058 0.059
vn -0.964 0.181 -0.193
vn -0.861 0.136 -0.49
vn -0.973 0.031 -0.23
vn -0.893 0.002 -0.45
vn -0.864 0.07 -0.498
vn -0.403 -0.874 0.271
vn -0.882 -0.268 0.388
vn -0.995 -0.073 0.074
vn -0.956 -0.204 -0.21
vn -0.955 -0.295 0.034
vn -0.818 -0.061 -0.572
vn -0.431 -0.899 0.078
vn -0.969 -0.239 0.068
vn -0.836 0.295 0.463
vn -0.707 -0.515 0.485
vn -0.564 0.036 0.825
vn -0.822 0.326 0.466
vn -0.761 0.047 0.647
vn -0.86 0.345 0.375
vn -0.896 -0.125 0.427
vn -0.863 -0.241 0.445
vn -0.874 -0.211 0.438
vn -0.854 0.206 0.478
vn -0.076 -0.098 0.992
vn -0.646 -0.763 -0.01
vn -0.993 -0.099 0.058
vn -0.798 -0.478 0.366
vn -0.798 0.122 0.591
vn -0.177 -0.034 0.983
vn -0.197 -0.369 0.908
vn -0.909 -0.293 0.298
vn -0.812 -0.322 0.486
vn -0.379 -0.731 0.567
vn -0.929 -0.27 0.254
vn -0.808 -0.398 0.434
vn -0.872 -0.406 0.273
vn -0.917 -0.202 0.342
vn -0.562 -0.594 0.576
vn -0.378 -0.354 0.855
vn -0.261 -0.35 0.899
vn -0.699 -0.512 0.499
vn -0.931 -0.316 0.182
vn -0.899 -0.276 0.34
vn -0.897 -0.02 0.441
vn -0.965 -0.255 -0.064
vn -0.531 -0.332 0.78
vn -0.035 -0.578 0.815
vn -0.547 -0.123 0.828
vn -0.81 -0.364 0.461
vn -0.383 -0.529 0.757
vn -0.548 -0.812 0.202
vn -0.238 -0.9 0.365
vn -0.917 -0.4 -0.007
vn -0.958 -0.256 -0.129
vn -0.586 -0.714 -0.382
vn -0.167 -0.937 -0.309
vn -0.522 -0.629 -0.575
vn -0.856 -0.403 -0.322
vn -0.874 -0.293 -0.388
vn -0.473 -0.517 -0.713
vn -0.467 -0.158 -0.87
vn -0.753 -0.083 -0.652
vn -0.847 0.043 -0.53
vn -0.344 -0.517 -0.784
vn -0.908 0.11 -0.405
vn -0.792 0.005 -0.609
vn -0.666 -0.666 -0.338
vn -0.937 0.258 -0.239
vn -0.996 -0.009 -0.086
vn -0.924 -0.287 -0.251
vn -0.696 -0.659 -0.284
vn -0.428 -0.54 -0.725
vn -0.724 -0.534 -0.437
vn -0.731 -0.473 -0.49
vn -0.555 -0.411 -0.723
vn -0.482 -0.686 -0.545
vn -0.567 -0.392 -0.724
vn -0.489 -0.351 -0.799
vn -0.327 -0.267 -0.906
vn -0.378 -0.354 0.855
vn -0.07 -0.433 0.898
vn -0.261 -0.35 0.899
vn -0.035 -0.578 0.815
vn 0.065 -0.466 0.882
vn 0.068 -0.495 0.866
vn -0.531 -0.332 0.78
vn -0.058 -0.209 0.976
vn -0.547 -0.123 0.828
vn -0.383 -0.529 0.757
vn 0.064 -0.273 0.96
vn 0.07 -0.438 0.896
vn 0.424 -0.478 0.77
vn 0.238 -0.733 0.637
vn 0.567 -0.583 0.581
vn 0.429 -0.466 0.773
vn 0.6 -0.386 0.701
vn 0.767 -0.284 0.575
vn 0.751 -0.207 0.626
vn 0.238 -0.488 0.84
vn 0.26 -0.45 0.854
vn -0.177 -0.034 0.983
vn -0.197 -0.369 0.908
vn 0.291 -0.423 0.858
vn 0.479 -0.227 0.848
vn 0.007 -0.149 0.989
vn -0.172 -0.362 0.916
vn 0.039 0.072 0.997
vn -0.101 -0.13 0.986
vn 0.415 -0.114 0.903
vn 0.702 -0.023 0.712
vn -0.006 -0.281 0.959
vn -0.483 -0.006 0.876
vn -0.262 -0.064 0.963
vn -0.798 -0.478 0.366
vn 0.327 -0.351 0.877
vn 0.107 -0.365 0.925
vn -0.076 -0.098 0.992
vn -0.304 0.181 0.936
vn 0.094 0.17 0.981
vn -0.836 0.295 0.463
vn 0.059 0.21 0.976
vn -0.237 -0.696 0.678
vn -0.183 -0.889 0.42
vn 0.16 -0.462 0.873
vn -0.537 -0.454 0.711
vn -0.699 -0.512 0.499
vn -0.562 -0.594 0.576
vn -0.035 -0.578 0.815
vn -0.261 -0.35 0.899
vn 0.3 -0.694 0.654
vn -0.503 0.048 0.863
vn -0.396 -0.502 0.769
vn 0.587 0.112 0.802
vn 0.312 0.811 0.495
vn -0.278 0.555 0.784
vn -0.678 0.235 0.696
vn 0.153 0.509 -0.847
vn 0.034 0.586 -0.81
vn 0.193 0.442 -0.876
vn 0.129 0.464 -0.876
vn 0.012 0.602 -0.798
vn 0.049 0.473 -0.879
vn -0.192 0.725 -0.662
vn -0.228 0.695 -0.682
vn -0.064 0.499 -0.864
vn -0.201 0.771 -0.604
vn -0.139 0.594 -0.792
vn -0.323 0.803 -0.5
vn -0.195 0.786 -0.587
vn -0.291 0.586 -0.756
vn -0.355 0.905 -0.234
vn -0.348 0.923 -0.165
vn -0.363 0.926 -0.106
vn -0.262 0.845 -0.467
vn -0.344 0.796 -0.498
vn -0.359 0.662 -0.658
vn -0.004 0.479 -0.878
vn -0.461 0.883 -0.092
vn -0.615 0.788 -0.038
vn -0.401 0.905 0.142
vn -0.425 0.673 -0.605
vn -0.601 0.236 -0.764
vn -0.333 0.666 -0.668
vn -0.584 0.773 -0.249
vn -0.615 0.741 0.271
vn -0.426 0.848 0.314
vn -0.481 0.344 0.806
vn -0.467 0.378 0.799
vn -0.37 0.857 0.358
vn -0.542 0.467 0.698
vn -0.302 0.925 0.231
vn -0.354 0.864 0.359
vn -0.5 0.788 0.358
vn -0.302 0.803 0.514
vn -0.339 0.708 0.619
vn -0.402 0.731 0.55
vn -0.295 0.72 0.628
vn -0.457 0.571 0.682
vn -0.326 0.652 0.685
vn -0.301 0.581 0.756
vn -0.402 0.652 0.643
vn -0.432 0.521 0.736
vn -0.366 0.484 0.795
vn -0.25 0.438 0.864
vn -0.274 0.594 0.756
vn -0.237 0.531 0.814
vn -0.097 0.493 0.865
vn -0.245 0.558 0.793
vn -0.041 0.466 0.884
vn -0.074 0.542 0.837
vn -0.458 0.495 0.739
vn -0.206 0.111 0.972
vn -0.204 0.271 0.94
vn -0.597 -0.574 0.561
vn -0.496 -0.596 0.631
vn -0.673 -0.124 0.729
vn 0.172 -0.56 0.811
vn 0.463 0.62 0.633
vn 0.876 -0.402 0.266
vn 0.522 -0.483 0.703
vn -0.253 -0.351 0.901
vn 0.506 -0.39 0.77
vn -0.174 -0.15 0.973
vn 0.096 0.204 0.974
vn -0.253 0.615 0.747
vn -0.37 -0.074 0.926
vn -0.744 -0.069 0.665
vn -0.187 0.406 0.895
vn -0.315 -0.281 0.907
vn -0.771 0.194 0.607
vn -0.721 -0.061 0.69
vn -0.62 -0.314 0.719
vn -0.771 -0.254 0.585
vn -0.815 -0.224 0.534
vn -0.448 0.491 0.747
vn 0.101 -0.912 0.397
vn 0.006 -0.947 0.321
vn -0.077 0.411 0.909
vn 0.468 -0.559 0.685
vn 0.515 0.38 0.768
vn 0.488 -0.305 -0.818
vn 0.617 -0.622 -0.483
vn 0.683 -0.478 -0.553
vn 0.594 -0.78 -0.196
vn 0.719 -0.571 -0.397
vn 0.379 0.681 0.626
vn 0.284 0.938 0.199
vn 0.488 0.737 0.468
vn 0.147 0.94 0.307
vn 0.019 0.861 0.508
vn 0.196 0.701 0.687
vn 0.467 0.573 0.673
vn 0.209 0.638 0.742
vn 0.462 0.67 0.581
vn 0.601 0.373 0.708
vn 0.167 0.455 0.875
vn 0.01 0.456 0.89
vn -0.068 0.682 0.728
vn -0.129 0.8 0.585
vn -0.295 0.729 0.618
vn -0.185 0.534 0.825
vn -0.391 0.572 0.721
vn -0.35 0.517 0.781
vn -0.223 0.734 0.642
vn -0.699 0.421 0.577
vn -0.426 0.813 0.396
vn -0.26 0.792 0.552
vn -0.382 0.864 0.328
vn -0.528 0.848 -0.047
vn -0.719 0.683 0.131
vn -0.424 0.903 0.069
vn -0.57 0.812 -0.118
vn -0.247 0.879 0.406
vn -0.49 0.866 0.1
vn -0.654 0.755 0.053
vn -0.135 0.859 0.494
vn -0.318 0.941 0.112
vn -0.101 0.937 0.336
vn -0.222 0.97 0.1
vn -0.036 0.982 0.183
vn 0.103 0.995 -0.009
vn -0.057 0.984 -0.167
vn -0.411 0.901 0.135
vn -0.502 0.862 0.073
vn -0.477 0.835 -0.272
vn 0.208 0.965 -0.161
vn -0.303 0.8 -0.519
vn -0.588 0.695 -0.414
vn -0.302 0.671 -0.677
vn 0.413 0.91 0.041
vn 0.656 0.725 0.209
vn 0.334 0.915 -0.226
vn 0.513 0.846 -0.147
vn 0.534 0.814 -0.23
vn 0.459 0.811 -0.363
vn 0.206 0.948 -0.243
vn 0.161 0.952 -0.261
vn -0.048 0.915 -0.401
vn -0.076 0.846 -0.529
vn 0.168 0.94 -0.296
vn 0.241 0.77 -0.591
vn 0.349 0.497 -0.795
vn 0.572 0.515 -0.639
vn 0.127 0.467 -0.875
vn -0.056 0.685 -0.727
vn -0.109 0.523 -0.845
vn -0.393 0.412 -0.822
vn -0.606 0.476 -0.638
vn -0.643 0.039 -0.765
vn -0.175 -0.961 -0.214
vn -0.434 0.052 -0.899
vn -0.17 -0.892 -0.419
vn 0.007 0.061 -0.998
vn 0.178 -0.788 -0.59
vn 0.61 0.083 -0.788
vn -0.471 0.181 -0.863
vn -0.07 0.163 -0.984
vn 0.614 0.229 -0.756
vn -0.233 0.33 -0.915
vn -0.588 0.288 -0.756
vn 0.599 0.373 -0.709
vn 0.545 -0.339 0.767
vn -0.332 -0.184 0.925
vn 0.618 0.05 0.785
vn -0.321 0.111 0.94
vn 0.417 0.028 0.908
vn 0.336 -0.234 0.913
vn -0.512 0.242 0.824
vn -0.567 -0.186 0.802
vn -0.443 -0.059 0.895
vn -0.2 -0.07 0.977
vn -0.608 -0.096 0.788
vn -0.111 -0.145 0.983
vn 0.415 -0.138 0.899
vn -0.244 -0.087 0.966
vn 0.59 -0.167 0.79
vn -0.108 -0.162 0.981
vn 0.649 -0.192 0.736
vn 0.443 -0.192 0.875
vn -0.338 -0.145 0.93
vn -0.034 -0.171 0.985
vn 0.424 -0.197 0.884
vn -0.295 -0.17 0.94
vn 0.341 -0.196 0.919
vn -0.335 -0.171 0.927
vn -0.292 -0.122 0.949
vn 0.187 -0.133 0.974
vn 0.082 -0.152 0.985
vn 0.582 -0.041 0.812
vn -0.336 0.006 0.942
vn -0.076 -0.089 0.993
vn 0.212 -0.118 0.97
vn -0.18 -0.088 0.979
vn 0.486 -0.137 0.863
vn 0.731 -0.181 0.658
vn 0.592 -0.141 0.794
vn -0.512 0.242 0.824
vn -0.567 -0.186 0.802
vn -0.965 -0.211 0.155
vn -0.945 0.29 0.149
vn -0.911 -0.104 -0.399
vn -0.881 0.244 -0.405
vn -0.456 0.152 -0.876
vn -0.492 -0.122 -0.862
vn -0.386 0.13 0.914
vn -0.421 0.29 0.859
vn -0.554 0.259 0.792
vn -0.708 0.079 0.702
vn -0.911 0.293 0.29
vn -0.813 0.499 0.299
vn -0.603 0.389 0.697
vn -0.908 0.411 0.085
vn -0.917 0.05 0.397
vn -0.97 0.237 0.048
vn -0.875 0.39 0.286
vn -0.951 0.303 -0.062
vn -0.712 0.181 0.678
vn -0.528 0.187 0.828
vn -0.44 0.074 0.895
vn -0.498 0.106 0.861
vn -0.912 0.125 0.392
vn -0.995 -0.062 0.074
vn -0.696 0.178 0.696
vn -0.44 0.04 0.897
vn -0.441 0.146 0.886
vn -0.423 -0.235 0.875
vn -0.655 -0.35 0.67
vn -0.682 -0.173 0.711
vn -0.421 -0.138 0.896
vn -0.466 -0.036 0.884
vn -0.817 -0.404 0.412
vn -0.997 0.027 0.071
vn -0.676 -0.11 0.729
vn -0.403 0.095 0.911
vn -0.9 -0.155 0.406
vn -0.948 -0.306 0.09
vn -0.991 -0.13 0.034
vn -0.912 -0.003 -0.41
vn -0.915 0.027 -0.404
vn -0.92 -0.115 -0.374
vn -0.725 0.133 -0.675
vn -0.917 0.058 -0.393
vn -0.776 0.124 -0.618
vn -0.766 0.014 -0.643
vn -0.934 0.256 -0.25
vn -0.66 0.122 -0.741
vn -0.499 0.271 -0.823
vn -0.562 0.081 -0.823
vn -0.587 0.078 -0.806
vn -0.59 0.072 -0.804
vn -0.886 0.199 -0.418
vn -0.791 0.139 -0.597
vn -0.911 0.238 -0.337
vn -0.682 0.033 -0.73
vn -0.735 0.089 -0.672
vn -0.57 -0.048 -0.82
vn -0.618 -0.019 -0.786
vn -0.468 -0.06 -0.882
vn -0.519 0.046 -0.854
vn -0.832 0.145 -0.536
vn -0.895 0.208 -0.396
vn -0.875 0.179 -0.449
vn -0.969 0.223 -0.111
vn -0.883 0.139 -0.449
vn -0.692 0.018 -0.721
vn -0.956 0.28 0.086
vn -0.888 0.243 0.39
vn -0.844 0.193 0.501
vn -0.856 0.16 0.492
vn -0.539 0.103 0.836
vn -0.891 0.111 0.441
vn -0.606 0.084 0.791
vn -0.984 0.173 -0.025
vn -0.763 0.068 0.643
vn -0.502 0.071 0.861
vn -0.679 0.086 0.729
vn -0.474 0.095 0.875
vn -0.914 0.093 0.395
vn -0.994 0.097 0.06
vn -0.988 0.106 0.109
vn -0.962 0.105 -0.253
vn -0.877 0.079 -0.474
vn -0.678 -0.016 -0.734
vn -0.897 0.054 -0.438
vn -0.553 -0.041 -0.833
vn -0.198 0.024 0.98
vn -0.35 0.088 0.933
vn -0.898 0.122 0.423
vn -0.696 0.095 0.712
vn -0.216 -0.013 0.976
vn -0.708 0.092 0.7
vn -0.203 -0.03 0.979
vn -0.901 0.132 0.413
vn -0.99 0.126 -0.058
vn -0.87 0.094 -0.484
vn -0.69 0.031 -0.723
vn -0.399 -0.182 -0.898
vn -0.892 0.102 -0.442
vn -0.565 0.026 -0.825
vn -0.296 0.106 -0.949
vn -0.987 0.146 -0.068
vn -0.997 0.05 -0.066
vn -0.85 0.11 -0.516
vn -0.637 -0.096 -0.765
vn -0.32 0.15 -0.936
vn -0.842 0.01 -0.54
vn -0.617 0.127 -0.777
vn -0.909 0.057 0.413
vn -0.731 0.056 0.68
vn -0.724 0.005 0.69
vn -0.242 -0.087 0.966
vn -0.811 -0.035 0.584
vn -0.292 -0.044 0.956
vn -0.899 -0.007 0.437
vn -0.994 0.041 -0.1
vn -0.901 0.06 0.43
vn -0.485 0.023 0.875
vn -0.88 0.134 -0.456
vn -0.522 0.085 -0.849
vn -0.988 0.09 -0.122
vn -0.896 0.095 0.433
vn -0.746 0.027 0.666
vn -0.833 0.049 -0.551
vn -0.509 -0.011 -0.861
vn -0.537 0.008 -0.844
vn -0.983 0.069 -0.172
vn -0.897 0.053 -0.439
vn -0.994 0.081 0.077
vn -0.964 0.077 0.253
vn -0.794 0.031 -0.607
vn -0.339 0.016 -0.94
vn -0.941 0.119 -0.316
vn -0.996 0.08 -0.053
vn -0.987 0.139 0.083
vn -0.918 0.06 0.392
vn -0.62 0.161 0.768
vn 0.394 -0.176 -0.902
vn 0.582 -0.203 -0.787
vn 0.517 -0.324 -0.792
vn 0.563 0.104 -0.819
vn 0.388 0.261 -0.884
vn 0.462 -0.118 -0.879
vn 0.298 -0.066 -0.952
vn 0.488 -0.305 -0.818
vn 0.377 0.442 -0.813
vn 0.402 -0.005 -0.916
vn 0.292 0.437 -0.851
vn 0.415 -0.331 -0.847
vn 0.401 -0.542 -0.739
vn 0.699 -0.493 -0.519
vn 0.542 -0.419 -0.728
vn 0.381 0.595 -0.708
vn 0.529 0.656 -0.539
vn 0.453 0.615 -0.646
vn 0.347 0.536 -0.77
vn 0.296 0.541 -0.787
vn 0.543 0.552 -0.632
vn 0.217 0.501 -0.838
vn 0.395 0.478 -0.784
vn 0.326 0.354 -0.877
vn 0.54 0.355 -0.764
vn 0.673 0.311 -0.671
vn 0.752 0.558 -0.352
vn 0.363 0.263 -0.894
vn 0.38 0.471 -0.796
vn 0.172 0.373 -0.912
vn 0.189 0.56 -0.807
vn -0.138 0.518 -0.845
vn 0.214 0.337 -0.917
vn -0.004 0.479 -0.878
vn 0.034 0.586 -0.81
vn -0.359 0.662 -0.658
vn -0.505 0.625 -0.595
vn 0.688 0.392 -0.611
vn 0.675 0.66 -0.331
vn 0.954 0.265 -0.144
vn 0.909 0.391 0.147
vn 0.977 0.013 0.214
vn 0.984 -0.121 -0.127
vn 0.745 -0.649 0.155
vn 0.757 -0.512 0.407
vn -0.492 -0.122 -0.862
vn 0.423 0.003 -0.906
vn -0.456 0.152 -0.876
vn 0.396 -0.326 -0.858
vn -0.135 -0.832 0.539
vn -0.338 -0.918 0.209
vn -0.498 -0.565 0.657
vn -0.037 -0.95 0.309
vn -0.215 -0.974 0.075
vn -0.011 -0.981 0.191
vn -0.147 -0.989 0.009
vn 0.029 -0.991 0.132
vn 0.077 -0.996 0.037
vn -0.081 -0.994 -0.075
vn 0.228 -0.974 -0.016
vn 0.003 -0.985 -0.172
vn -0.008 -0.97 -0.241
vn 0.104 -0.99 0.1
vn -0.351 -0.937 -0.008
vn 0.415 -0.114 0.903
vn -0.006 -0.281 0.959
vn 0.189 -0.604 0.774
vn -0.183 -0.889 0.42
vn -0.483 -0.006 0.876
vn -0.332 -0.583 0.742
vn 0.091 -0.098 0.991
vn -0.237 -0.696 0.678
vn -0.108 -0.915 0.389
vn 0.16 -0.462 0.873
vn -0.537 -0.454 0.711
vn 0.125 0.882 -0.453
vn -0.586 0.632 -0.506
vn -0.524 0.698 -0.489
vn 0.023 0.234 -0.972
vn -0.619 -0.123 -0.776
vn 0.688 0.392 -0.611
vn 0.675 0.66 -0.331
vn 0.468 -0.606 0.643
vn 0.199 -0.411 0.89
vn 0.09 -0.55 0.83
vn 0.122 -0.874 0.47
vn 0.185 -0.643 0.743
vn -0.34 -0.6 0.725
vn 0.173 -0.827 0.536
vn 0.067 -0.457 0.887
vn -0.581 -0.123 0.804
vn -0.9 0.373 -0.225
vn 0.163 0.688 0.708
vn 0.151 0.089 0.984
vn 0.624 0.234 0.746
vn 0.018 0.07 0.998
vn -0.489 -0.191 0.852
vn -0.848 -0.19 0.494
vn -0.595 -0.087 0.799
vn 0.15 0.415 0.897
vn 0.727 0.282 0.625
vn -0.375 0.243 0.895
vn -0.729 0.33 0.6
vn -0.618 0.029 0.785
vn -0.6 0.136 0.788
vn -0.839 0.043 0.542
vn -0.523 -0.184 -0.832
vn 0.414 0.065 -0.908
vn -0.477 0.152 -0.866
vn 0.377 -0.19 -0.907
vn -0.162 0.181 -0.97
vn -0.089 0.007 -0.996
vn 0.633 0.479 -0.608
vn 0.78 0.282 -0.559
vn 0.8 0.573 0.176
vn 0.914 0.354 -0.2
vn 0.562 0.232 -0.794
vn 0.688 0.392 -0.611
vn 0.95 0.267 -0.162
vn 0.983 0.042 0.179
vn 0.687 0.286 -0.668
vn 0.974 0.215 -0.07
vn 0.25 0.929 -0.274
vn 0.129 0.736 0.664
vn 0.867 0.041 0.496
vn 0.307 -0.022 0.952
vn 0.418 -0.095 0.903
vn 0.157 0.443 0.882
vn 0.921 0.37 -0.119
vn 0.939 -0.028 -0.343
vn 0.998 -0.012 0.062
vn 0.828 -0.54 0.153
vn 0.813 -0.577 0.076
vn 0.938 0.182 -0.294
vn 0.981 0.107 -0.159
vn 0.648 -0.691 0.32
vn 0.857 0.481 0.183
vn 0.862 0.506 0.006
vn 0.777 0.559 0.29
vn 0.495 0.765 0.413
vn 0.803 0.594 -0.056
vn 0.562 0.818 -0.121
vn 0.774 0.553 -0.307
vn 0.952 0.148 -0.267
vn 0.73 0.586 -0.352
vn 0.71 0.659 -0.249
vn 0.562 0.706 -0.431
vn 0.701 0.59 -0.4
vn 0.847 0.013 -0.532
vn 0.758 -0.646 -0.091
vn 0.418 -0.168 -0.893
vn 0.447 0.721 -0.529
vn 0.79 -0.598 -0.139
vn 0.492 -0.646 0.583
vn -0.063 -0.782 0.62
vn 0.647 -0.362 0.671
vn 0.997 0.043 -0.067
vn 0.675 0.718 -0.17
vn 0.292 0.722 -0.627
vn 0.747 0.362 -0.558
vn 0.723 0.575 -0.384
vn 0.841 0.276 -0.465
vn 0.463 0.62 0.633
vn 0.249 0.353 -0.902
vn 0.896 0.06 -0.439
vn 0.826 -0.039 -0.563
vn 0.41 0.411 -0.814
vn 0.876 -0.402 0.266
vn 0.142 0.497 -0.856
vn 0.69 0.082 -0.719
vn 0.257 0.438 -0.861
vn 0.501 0.792 -0.349
vn -0.253 0.615 0.747
vn 0.926 -0.366 0.091
vn 0.784 0.031 -0.62
vn 0.522 -0.483 0.703
vn 0.966 0.15 0.209
vn 0.506 -0.39 0.77
vn 0.096 0.204 0.974
vn 0.433 -0.556 0.709
vn 0.746 0.207 0.633
vn -0.027 -0.535 0.844
vn 0.894 -0.443 0.07
vn 0.915 -0.4 -0.059
vn 0.702 -0.342 0.625
vn 0.646 -0.027 -0.763
vn 0.747 0.362 -0.558
vn 0.447 0.721 -0.529
vn 0.466 -0.212 -0.859
vn 0.838 0.11 -0.535
vn 0.576 0.31 0.756
vn 0.186 0.032 0.982
vn -0.35 0.862 0.367
vn 0.687 0.286 -0.668
vn -0.162 0.181 -0.97
vn 0.78 0.282 -0.559
vn -0.369 0.405 -0.836
vn -0.858 0.118 -0.5
vn 0.25 0.929 -0.274
vn -0.564 -0.112 0.818
vn 0.157 0.443 0.882
vn -0.897 -0.057 0.438
vn 0.418 -0.095 0.903
vn -0.696 0.051 0.716
vn 0.307 -0.022 0.952
vn 0.129 0.736 0.664
vn 0.186 0.032 0.982
vn 0.702 -0.342 0.625
vn 0.433 -0.556 0.709
vn -0.211 -0.338 0.917
vn -0.36 -0.543 0.758
vn -0.027 -0.535 0.844
vn -0.413 -0.698 0.585
vn -0.273 -0.481 0.833
vn -0.504 0.334 0.796
vn -0.053 -0.235 0.971
vn -0.384 0.312 0.869
vn -0.673 0.017 0.739
vn -0.35 0.862 0.367
vn -0.75 0.555 0.359
vn 0.576 0.31 0.756
vn 0.128 0.122 0.984
vn -0.549 0.621 0.56
vn 0.647 -0.362 0.671
vn 0.492 -0.646 0.583
vn 0.997 0.043 -0.067
vn 0.222 0.723 0.654
vn 0.292 0.722 -0.627
vn 0.463 0.62 0.633
vn 0.675 0.718 -0.17
vn -0.768 0.571 -0.29
vn -0.218 0.449 -0.867
vn 0.162 -0.928 -0.334
vn 0.173 -0.961 -0.215
vn 0.482 0.062 -0.874
vn 0.676 0.046 -0.736
vn 0.524 0.207 -0.826
vn 0.792 0.022 -0.611
vn 0.189 -0.972 -0.141
vn 0.687 0.221 -0.692
vn 0.59 0.301 -0.75
vn 0.684 0.342 -0.645
vn 0.741 0.177 -0.648
vn 0.15 -0.983 -0.108
vn 0.461 -0.759 0.459
vn 0.783 0.028 -0.621
vn 0.012 -0.982 -0.188
vn 0.769 0.184 -0.612
vn 0.724 0.428 -0.541
vn 0.794 0.065 -0.604
vn 0.082 -0.994 -0.074
vn 0.782 0.2 -0.591
vn 0.8 0.339 -0.495
vn 0.818 0.302 -0.49
vn 0.799 0.486 -0.354
vn 0.879 0.153 -0.452
vn 0.826 0.484 -0.291
vn 0.165 -0.986 0.012
vn 0.79 0.51 -0.341
vn 0.93 0.237 -0.282
vn 0.651 0.759 -0.014
vn 0.627 0.773 -0.093
vn 0.275 0.905 0.324
vn 0.184 0.816 0.548
vn 0.761 0.588 -0.273
vn 0.63 0.767 0.12
vn 0.568 0.815 0.116
vn 0.737 0.655 -0.169
vn 0.547 0.835 0.054
vn 0.613 0.79 -0.017
vn 0.807 0.571 -0.153
vn 0.619 0.784 0.049
vn 0.973 0.164 -0.165
vn 0.234 -0.969 0.079
vn 0.42 -0.871 0.257
vn 0.895 0.395 0.21
vn 0.468 -0.559 0.685
vn 0.515 0.38 0.768
vn 0.427 0.696 0.577
vn 0.201 0.927 0.318
vn 0.495 0.765 0.413
vn 0.157 0.443 0.882
vn 0.8 0.573 0.176
vn -0.416 0.755 0.507
vn -0.389 0.906 -0.164
vn 0.562 0.818 -0.121
vn -0.304 0.792 -0.529
vn 0.562 0.706 -0.431
vn -0.408 0.679 -0.61
vn 0.41 0.411 -0.814
vn 0.257 0.438 -0.861
vn -0.4 0.724 -0.562
vn 0.501 0.792 -0.349
vn -0.728 0.667 0.157
vn -0.187 0.406 0.895
vn -0.253 0.615 0.747
vn 0.752 0.558 -0.352
vn 0.543 0.552 -0.632
vn 0.453 0.615 -0.646
vn 0.636 0.722 -0.271
vn 0.555 0.756 -0.346
vn 0.529 0.656 -0.539
vn 0.561 0.812 -0.165
vn 0.532 0.841 0.097
vn 0.771 0.608 0.191
vn 0.563 0.792 0.234
vn 0.668 0.594 -0.448
vn 0.377 0.442 -0.813
vn 0.567 0.705 -0.426
vn 0.494 0.686 -0.534
vn 0.486 0.343 -0.804
vn 0.388 0.261 -0.884
vn 0.9 0.394 -0.186
vn 0.673 0.311 -0.671
vn 0.631 0.545 0.552
vn 0.372 0.792 0.484
vn 0.892 0.315 0.325
vn 0.703 0.49 -0.516
vn 0.54 0.355 -0.764
vn 0.868 0.496 -0.014
vn 0.51 0.592 -0.625
vn 0.38 0.471 -0.796
vn 0.8 0.393 -0.454
vn 0.832 0.393 0.392
vn 0.958 0.285 0.002
vn 0.71 0.349 0.611
vn 0.887 0.173 0.429
vn 0.685 0.295 0.667
vn 0.382 0.616 0.689
vn 0.258 0.623 0.739
vn 0.572 0.366 0.734
vn 0.51 0.359 0.781
vn 0.76 0.132 0.637
vn 0.476 0.363 0.801
vn 0.468 0.382 0.797
vn 0.2 0.574 0.794
vn 0.182 0.299 0.937
vn 0.071 0.534 0.842
vn 0.808 -0.262 0.527
vn 0.667 -0.22 0.711
vn 0.665 -0.444 0.601
vn 0.374 -0.26 0.89
vn 0.851 -0.389 0.354
vn 0.907 -0.356 0.224
vn 0.979 -0.06 0.196
vn 0.849 -0.523 -0.073
vn 0.63 -0.775 0.044
vn 0.708 -0.665 -0.238
vn 0.907 -0.413 0.086
vn 0.884 -0.323 0.338
vn 0.995 0.074 -0.072
vn 0.811 -0.356 0.465
vn 0.905 -0.325 0.274
vn 0.69 -0.669 -0.275
vn 0.859 -0.313 -0.405
vn 0.979 -0.165 0.12
vn 0.718 -0.62 0.316
vn 0.482 -0.863 0.15
vn 0.766 -0.641 0.048
vn 0.989 0.046 -0.14
vn 0.885 0.163 -0.436
vn 0.414 -0.8 -0.434
vn 0.657 -0.358 -0.663
vn 0.828 0.264 -0.494
vn 0.665 0.253 -0.703
vn 0.467 0.05 -0.883
vn 0.512 0.3 -0.805
vn 0.423 0.003 -0.906
vn 0.396 -0.326 -0.858
vn 0.874 -0.396 -0.284
vn 0.945 -0.126 -0.302
vn 0.938 -0.158 -0.31
vn 0.847 -0.37 0.383
vn 0.207 -0.043 -0.978
vn 0.91 -0.118 0.398
vn 0.336 -0.234 0.913
vn 0.417 0.028 0.908
vn 0.894 -0.158 0.421
vn 0.462 -0.057 0.885
vn 0.697 -0.234 0.678
vn 0.462 -0.192 0.866
vn 0.706 -0.23 0.67
vn 0.495 -0.132 0.859
vn 0.961 -0.178 0.211
vn 0.92 -0.28 0.275
vn 0.908 -0.262 -0.327
vn 0.957 -0.289 -0.026
vn 0.788 -0.099 0.608
vn 0.422 -0.113 0.9
vn 0.751 -0.219 -0.623
vn 0.676 -0.189 -0.712
vn 0.333 -0.149 -0.931
vn 0.201 -0.111 -0.973
vn 0.226 0.024 -0.974
vn 0.701 -0.163 0.695
vn 0.345 -0.156 0.926
vn 0.461 -0.167 0.872
vn 0.668 -0.212 -0.713
vn 0.655 -0.049 -0.754
vn 0.955 -0.158 -0.25
vn 0.939 0.015 -0.343
vn 0.693 0.062 -0.718
vn 0.094 0.11 -0.989
vn 0.64 -0.078 -0.765
vn 0.249 -0.078 -0.965
vn 0.772 -0.236 -0.59
vn 0.975 -0.027 0.222
vn 0.956 -0.199 0.217
vn 0.542 -0.274 -0.794
vn 0.073 0.113 -0.991
vn 0.337 -0.12 -0.934
vn 0.526 -0.433 -0.732
vn 0.976 -0.175 -0.132
vn 0.855 -0.209 0.474
vn 0.966 -0.24 0.091
vn 0.925 -0.278 0.26
vn 0.742 -0.229 0.63
vn 0.755 -0.202 0.624
vn 0.455 -0.172 0.874
vn 0.488 -0.116 0.865
vn 0.722 -0.367 -0.586
vn 0.582 -0.17 -0.795
vn 0.924 -0.348 -0.158
vn 0.941 -0.27 -0.202
vn 0.744 -0.242 0.622
vn 0.502 -0.129 0.855
vn 0.591 -0.233 0.772
vn 0.407 -0.167 0.898
vn 0.59 -0.264 0.763
vn 0.199 -0.411 0.89
vn 0.468 -0.606 0.643
vn 0.748 -0.312 0.586
vn 0.792 -0.336 0.51
vn 0.185 -0.643 0.743
vn 0.896 -0.341 0.282
vn 0.891 -0.441 0.112
vn 0.816 -0.578 0.001
vn 0.833 -0.465 -0.299
vn 0.296 -0.808 -0.509
vn 0.535 -0.687 -0.492
vn 0.895 -0.271 0.355
vn 0.93 -0.364 -0.05
vn 0.956 -0.279 0.089
vn 0.896 -0.304 -0.324
vn 0.925 -0.253 0.282
vn 0.963 -0.252 -0.098
vn 0.929 -0.194 -0.316
vn 0.716 -0.421 -0.557
vn 0.505 -0.477 -0.719
vn 0.88 -0.356 -0.313
vn 0.731 -0.329 -0.598
vn 0.496 -0.315 -0.809
vn 0.406 -0.362 -0.839
vn 0.55 -0.292 -0.782
vn 0.566 -0.268 -0.78
vn 0.728 -0.285 -0.624
vn 0.531 -0.263 -0.805
vn 0.671 -0.11 -0.733
vn 0.799 -0.237 -0.552
vn 0.843 -0.018 -0.537
vn 0.475 -0.074 -0.877
vn 0.15 -0.111 -0.982
vn -0.015 -0.189 -0.982
vn -0.027 -0.029 -0.999
vn 0.69 0.082 -0.719
vn 0.225 0.378 -0.898
vn 0.142 0.497 -0.856
vn 0.249 0.353 -0.902
vn 0.345 0.853 -0.393
vn 0.723 0.575 -0.384
vn -0.243 0.622 0.745
vn -0.128 0.835 0.534
vn -0.7 0.705 0.117
vn 0.291 0.804 0.519
vn -0.645 -0.154 -0.749
vn -0.439 -0.388 -0.811
vn -0.753 -0.083 -0.652
vn -0.276 -0.188 -0.942
vn -0.467 -0.158 -0.87
vn -0.114 -0.502 -0.857
vn -0.473 -0.517 -0.713
vn -0.966 -0.065 -0.25
vn -0.865 -0.134 -0.484
vn -0.573 -0.527 0.628
vn -0.653 -0.65 0.388
vn -0.651 -0.656 0.382
vn -0.517 -0.335 0.788
vn -0.136 -0.33 0.934
vn 0.323 0.313 -0.893
vn 0.589 0.167 -0.791
vn 0.414 0.062 -0.908
vn 0.791 -0.003 -0.612
vn 0.404 -0.06 -0.913
vn 0.803 0.1 -0.588
vn 0.791 0.137 -0.597
vn 0.988 0.115 -0.101
vn 0.807 0.385 -0.448
vn 0.857 0.515 -0.005
vn 0.312 0.811 0.495
vn 0.587 0.112 0.802
vn 0.3 -0.694 0.654
vn 0.795 -0.603 0.061
vn 0.807 -0.259 -0.531
vn 0.318 -0.678 -0.662
vn -0.881 0.107 0.461
vn -0.903 0.041 0.427
vn -0.336 0.006 0.942
vn -0.321 0.111 0.94
vn 0.618 0.05 0.785
vn 0.582 -0.041 0.812
vn 0.423 0.003 -0.906
vn 0.207 -0.043 -0.978
vn -0.456 0.152 -0.876
vn -0.339 0.016 -0.94
vn -0.881 0.244 -0.405
vn -0.941 0.119 -0.316
vn -0.987 0.139 0.083
vn -0.945 0.29 0.149
vn -0.62 0.161 0.768
vn -0.512 0.242 0.824
vn 0.417 0.028 0.908
vn 0.462 -0.057 0.885
vn 0.286 0.366 0.885
vn 0.188 -0.267 0.945
vn 0.109 -0.476 0.873
vn -0.127 0.05 0.991
vn -0.134 0.778 0.613
vn -0.853 0.202 0.481
vn -0.689 -0.519 0.506
vn -0.056 -0.808 0.587
vn 0.426 0.861 -0.279
vn 0.662 0.725 0.19
vn 0.759 0.31 -0.573
vn -0.253 0.785 -0.565
vn -0.967 -0.198 -0.158
vn -0.354 0.733 -0.581
vn 0.016 1 -0.009
vn 0.315 0.817 0.483
vn 0.605 0.679 0.414
vn -0.733 0.505 0.456
vn -0.372 0.313 0.874
vn -0.805 -0.594 -0.01
vn -0.249 -0.854 -0.457
vn -0.573 -0.747 -0.338
vn -0.908 -0.386 0.164
vn -0.54 -0.672 -0.506
vn -0.905 0.115 0.409
vn -0.31 -0.243 0.919
vn -0.235 -0.74 0.63
vn -0.667 0.276 0.693
vn -0.721 0.2 0.663
vn -0.793 0.071 0.605
vn 0.031 0.695 0.719
vn 0.114 0.847 0.519
vn 0.122 0.165 0.979
vn -0.372 0.313 0.874
vn -0.733 0.505 0.456
vn -0.858 -0.491 0.15
vn -0.874 -0.124 -0.471
vn -0.423 0.2 -0.884
vn -0.974 0.204 -0.099
vn -0.6 -0.424 -0.678
vn -0.782 0.132 0.609
vn -0.836 0.526 -0.155
vn 0.052 0.273 -0.96
vn -0.354 0.733 -0.581
vn 0.016 1 -0.009
vn -0.085 -0.076 0.994
vn -0.088 0.465 0.881
vn -0.262 0.284 0.922
vn -0.168 0.489 0.856
vn -0.054 0.284 0.957
vn 0.071 0.534 0.842
vn 0.182 0.299 0.937
vn 0.725 0.617 0.306
vn 0.616 0.506 0.604
vn 0.938 0.32 -0.134
vn 0.147 0.988 0.034
vn 0.114 0.847 0.519
vn 0.506 0.656 0.56
vn 0.031 0.695 0.719
vn -0.738 -0.597 -0.315
vn 0.021 -0.869 -0.494
vn -0.521 -0.22 -0.824
vn -0.574 -0.816 0.063
vn -0.254 -0.962 0.099
vn 0.162 -0.928 -0.334
vn 0.173 -0.961 -0.215
vn 0.081 -0.917 0.39
vn 0.189 -0.972 -0.141
vn 0.461 -0.759 0.459
vn 0.536 0.49 0.687
vn 0.467 0.573 0.673
vn 0.379 0.681 0.626
vn 0.488 0.737 0.468
vn -0.76 0.463 -0.456
vn -0.723 0.451 -0.523
vn -0.614 0.779 -0.127
vn -0.698 0.319 -0.641
vn -0.776 0.315 -0.546
vn -0.568 0.222 -0.793
vn -0.588 0.288 -0.756
vn -0.296 0.283 -0.913
vn -0.233 0.33 -0.915
vn 0.599 0.373 -0.709
vn 0.571 0.374 -0.73
vn 0.971 0.188 -0.15
vn 0.488 0.357 0.797
vn 0.639 0.458 0.619
vn 0.135 0.748 0.65
vn -0.006 0.65 0.76
vn -0.384 0.312 0.869
vn -0.84 0.408 0.358
vn -0.75 0.555 0.359
vn -0.768 0.571 -0.29
vn -0.673 -0.124 0.729
vn 0.463 0.62 0.633
vn -0.766 0.509 -0.394
vn -0.218 0.449 -0.867
vn -0.35 0.862 0.367
vn -0.227 0.369 -0.901
vn -0.199 0.198 -0.96
vn -0.477 0.152 -0.866
vn -0.497 0.103 -0.861
vn -0.967 0.13 -0.217
vn 0.414 0.065 -0.908
vn 0.376 -0.031 -0.926
vn 0.691 -0.683 -0.237
vn 0.874 -0.206 -0.44
vn 0.69 -0.669 -0.275
vn 0.859 -0.313 -0.405
vn 0.482 -0.863 0.15
vn 0.698 -0.694 -0.174
vn 0.294 -0.035 -0.955
vn -0.304 -0.454 0.837
vn -0.941 -0.207 -0.267
vn 0.37 -0.926 0.081
vn 0.188 -0.267 0.945
vn 0.109 -0.476 0.873
vn 0.582 -0.17 -0.795
vn 0.475 -0.074 -0.877
vn 0.337 -0.12 -0.934
vn 0.542 -0.274 -0.794
vn 0.526 -0.433 -0.732
vn 0.073 0.113 -0.991
vn -0.364 -0.204 -0.909
vn -0.637 -0.096 -0.765
vn 0.249 -0.078 -0.965
vn -0.476 -0.274 -0.835
vn -0.842 0.01 -0.54
vn -0.34 0.171 -0.925
vn 0.094 0.11 -0.989
vn -0.617 0.127 -0.777
vn 0.226 0.024 -0.974
vn -0.522 0.085 -0.849
vn -0.254 -0.043 -0.966
vn 0.201 -0.111 -0.973
vn -0.509 -0.011 -0.861
vn -0.116 -0.054 -0.992
vn -0.537 0.008 -0.844
vn 0.333 -0.149 -0.931
vn -0.339 0.016 -0.94
vn 0.207 -0.043 -0.978
vn -0.9 0.373 -0.225
vn -0.821 -0.187 -0.54
vn -0.398 0.314 -0.862
vn -0.969 -0.221 0.109
vn -0.581 -0.123 0.804
vn -0.978 -0.18 0.102
vn -0.717 -0.171 -0.675
vn -0.489 -0.191 0.852
vn -0.848 -0.19 0.494
vn -0.704 -0.71 -0.021
vn -0.721 -0.306 -0.622
vn -0.241 -0.787 -0.568
vn -0.535 -0.844 0.037
vn -0.042 -0.997 -0.065
vn -0.555 0.207 -0.806
vn 0.262 0.317 -0.912
vn -0.624 0.389 -0.678
vn 0.163 0.186 -0.969
vn 0.59 0.301 -0.75
vn -0.551 0.071 -0.832
vn 0.524 0.207 -0.826
vn 0.07 0.085 -0.994
vn -0.521 -0.22 -0.824
vn 0.482 0.062 -0.874
vn 0.021 -0.869 -0.494
vn 0.162 -0.928 -0.334
vn -0.68 0.115 -0.725
vn -0.819 0.067 -0.569
vn -0.915 0.027 -0.404
vn -0.725 0.133 -0.675
vn -0.499 0.271 -0.823
vn -0.605 0.011 -0.796
vn -0.362 -0.146 -0.921
vn -0.318 0.211 -0.924
vn -0.166 -0.141 -0.976
vn -0.027 -0.535 0.844
vn 0.746 0.207 0.633
vn -0.504 0.334 0.796
vn -0.691 0.716 -0.098
vn -0.549 0.621 0.56
vn -0.349 0.555 -0.755
vn 0.447 0.721 -0.529
vn 0.119 0.385 -0.915
vn -0.647 0.687 -0.33
vn 0.222 0.723 0.654
vn 0.128 0.122 0.984
vn 0.997 0.043 -0.067
vn 0.096 0.204 0.974
vn 0.188 0.93 -0.317
vn 0.966 0.15 0.209
vn -0.253 0.615 0.747
vn 0.142 0.497 -0.856
vn 0.225 0.378 -0.898
vn -0.056 0.382 0.922
vn 0.309 0.323 0.894
vn 0.1 0.469 0.877
vn -0.088 0.465 0.881
vn -0.194 0.425 0.884
vn 0.067 0.909 0.411
vn -0.193 0.433 0.88
vn -0.222 0.526 0.821
vn -0.303 0.576 0.759
vn -0.627 0.327 0.707
vn -0.562 0.553 0.615
vn -0.892 0.26 0.37
vn -0.707 0.575 0.411
vn -0.982 0.178 -0.064
vn -0.771 0.62 0.142
vn -0.815 0.51 -0.274
vn -0.504 0.236 0.831
vn -0.332 0.777 0.535
vn -0.871 0.486 -0.074
vn -0.943 0.283 -0.174
vn -0.723 0.451 -0.523
vn -0.614 0.779 -0.127
vn -0.776 0.315 -0.546
vn -0.925 0.199 0.324
vn -0.274 -0.653 0.706
vn -0.988 -0.15 -0.034
vn -0.747 0.133 -0.651
vn -0.568 0.222 -0.793
vn -0.444 0.08 -0.893
vn -0.814 0.128 -0.567
vn -0.86 -0.133 -0.493
vn -0.497 -0.261 -0.828
vn 0.758 -0.646 -0.091
vn 0.648 -0.691 0.32
vn -0.063 -0.782 0.62
vn -0.048 -0.865 0.5
vn 0.813 -0.577 0.076
vn 0.081 -0.923 0.376
vn 0.828 -0.54 0.153
vn 0.056 -0.79 0.611
vn -0.468 -0.775 0.425
vn -0.459 -0.468 0.755
vn -0.437 -0.736 0.517
vn -0.413 -0.698 0.585
vn -0.273 -0.481 0.833
vn 0.492 -0.646 0.583
vn -0.053 -0.235 0.971
vn 0.361 0.769 0.527
vn 0.346 0.918 0.191
vn -0.41 0.693 0.592
vn -0.06 0.945 0.322
vn -0.401 0.903 0.152
vn 0.135 0.748 0.65
vn -0.542 0.757 0.365
vn 0.736 0.45 0.506
vn 0.346 0.918 0.191
vn 0.361 0.769 0.527
vn 0.804 0.573 0.158
vn 0.432 -0.585 -0.687
vn 0.669 -0.734 -0.112
vn 0.765 -0.515 -0.388
vn 0.104 -0.546 -0.831
vn 0.065 -0.663 -0.746
vn -0.347 -0.25 -0.904
vn -0.606 -0.277 -0.745
vn 0.432 -0.44 -0.787
vn -0.604 -0.792 -0.089
vn -0.379 -0.256 -0.889
vn -0.475 -0.448 -0.758
vn 0.772 -0.458 -0.441
vn 0.479 -0.227 0.848
vn 0.751 -0.207 0.626
vn 0.429 -0.466 0.773
vn 0.702 -0.023 0.712
vn 0.673 -0.18 0.718
vn 0.792 -0.138 0.594
vn 0.767 -0.284 0.575
vn 0.521 -0.352 0.777
vn 0.668 -0.22 0.711
vn 0.629 -0.084 0.772
vn 0.415 -0.114 0.903
vn 0.425 -0.036 0.904
vn 0.486 -0.231 0.843
vn 0.521 0.059 0.852
vn 0.002 -0.372 0.928
vn 0.815 -0.217 0.538
vn 0.69 -0.512 0.511
vn 0.6 -0.386 0.701
vn 0.567 -0.583 0.581
vn 0.792 -0.269 0.549
vn 0.378 -0.751 0.542
vn 0.483 -0.73 0.484
vn 0.838 -0.21 0.504
vn 0.702 -0.209 0.681
vn 0.896 -0.221 0.386
vn 0.177 -0.962 0.209
vn 0.583 -0.1 0.807
vn 0.651 -0.6 0.466
vn 0.717 -0.674 0.176
vn 0.583 -0.801 0.139
vn 0.238 -0.733 0.637
vn 0.428 -0.866 0.259
vn 0.401 -0.807 -0.434
vn 0.338 -0.909 -0.245
vn 0.052 0.273 -0.96
vn 0.772 -0.458 -0.441
vn -0.6 -0.424 -0.678
vn 0.958 -0.257 0.133
vn 0.393 0.127 0.911
vn 0.529 0.181 0.829
vn 0.432 -0.44 -0.787
vn 0.05 -0.512 0.857
vn -0.604 -0.792 -0.089
vn 0.447 0.721 -0.529
vn 0.847 0.013 -0.532
vn -0.349 0.555 -0.755
vn 0.418 -0.168 -0.893
vn 0.248 -0.148 -0.958
vn 0.119 0.385 -0.915
vn 0.79 -0.598 -0.139
vn 0.997 0.043 -0.067
vn -0.701 -0.713 0.009
vn 0.772 -0.458 -0.441
vn -0.475 -0.448 -0.758
vn -0.6 -0.424 -0.678
vn -0.303 0.576 0.759
vn -0.509 0.521 0.686
vn -0.562 0.553 0.615
vn -0.644 0.528 0.555
vn -0.743 0.546 0.388
vn -0.707 0.575 0.411
vn -0.573 0.811 -0.121
vn -0.134 0.778 0.613
vn -0.853 0.202 0.481
vn 0.178 0.814 0.553
vn 0.286 0.366 0.885
vn 0.718 0.524 0.458
vn 0.98 0.169 0.104
vn 0.439 0.353 0.826
vn -0.178 0.307 0.935
vn 0.266 0.676 -0.687
vn 0.294 -0.443 0.847
vn 0.486 -0.231 0.843
vn 0.024 -0.768 0.641
vn 0.521 -0.352 0.777
vn 0.032 -0.609 0.792
vn 0.253 -0.809 0.532
vn 0.526 -0.422 0.738
vn 0.688 -0.489 0.537
vn 0.43 -0.822 0.372
vn 0.146 -0.935 0.323
vn 0.378 -0.751 0.542
vn 0.673 -0.18 0.718
vn 0.483 -0.73 0.484
vn 0.177 -0.962 0.209
vn 0.107 -0.944 0.312
vn 0.651 -0.6 0.466
vn 0.123 -0.453 0.883
vn 0.741 -0.654 0.153
vn 0.275 -0.841 0.466
vn 0.795 -0.606 0.001
vn 0.698 -0.694 -0.174
vn 0.482 -0.863 0.15
vn 0.481 -0.794 0.372
vn 0.718 -0.62 0.316
vn 0.766 -0.641 0.048
vn 0.567 -0.821 0.069
vn 0.347 -0.889 -0.3
vn 0.414 -0.8 -0.434
vn 0.348 -0.745 -0.569
vn 0.657 -0.358 -0.663
vn 0.68 -0.526 -0.511
vn 0.467 0.05 -0.883
vn 0.635 -0.47 -0.613
vn 0.409 -0.46 -0.788
vn 0.251 -0.076 -0.965
vn 0.238 -0.42 -0.876
vn 0.126 -0.756 -0.643
vn -0.15 -0.811 -0.565
vn -0.081 -0.01 -0.997
vn 0.087 -0.455 -0.886
vn -0.567 -0.392 -0.724
vn -0.237 -0.414 -0.879
vn -0.482 -0.686 -0.545
vn 0.215 0.263 -0.94
vn 0.265 -0.043 -0.963
vn 0.028 0.199 -0.979
vn 0.416 0.345 -0.841
vn 0.395 0.329 -0.858
vn 0.523 0.284 -0.803
vn 0.588 0.284 -0.757
vn 0.798 0.223 -0.56
vn 0.899 0.139 -0.415
vn -0.66 -0.469 -0.586
vn -0.621 -0.695 -0.362
vn -0.049 -0.374 -0.926
vn 0.221 -0.48 -0.849
vn 0.929 0.19 -0.319
vn 0.884 -0.323 0.338
vn 0.702 -0.209 0.681
vn 0.691 -0.683 -0.237
vn 0.494 -0.263 0.829
vn 0.583 -0.1 0.807
vn 0.651 -0.6 0.466
vn 0.874 -0.206 -0.44
vn 0.123 -0.453 0.883
vn 0.107 -0.944 0.312
vn -0.509 0.521 0.686
vn -0.232 0.362 0.903
vn -0.622 0.48 0.619
vn -0.238 0.396 0.887
vn -0.303 0.576 0.759
vn -0.222 0.526 0.821
vn -0.041 0.466 0.884
vn -0.274 0.594 0.756
vn -0.371 0.032 0.928
vn -0.204 0.271 0.94
vn -0.458 0.495 0.739
vn -0.472 0.459 0.752
vn 0.067 0.909 0.411
vn -0.589 0.24 0.771
vn -0.206 0.111 0.972
vn -0.184 0.369 0.911
vn -0.053 0.691 0.72
vn 0.262 0.169 0.95
vn 0.209 0.408 0.889
vn -0.088 0.465 0.881
vn -0.085 -0.076 0.994
vn 0.234 0.36 0.903
vn -0.074 0.542 0.837
vn -0.054 0.284 0.957
vn -0.076 0.996 -0.056
vn 0.339 0.369 -0.866
vn -0.19 0.315 -0.93
vn 0.909 0.415 -0.024
vn 0.904 0.406 -0.13
vn 0.401 0.435 -0.807
vn 0.437 0.897 -0.062
vn 0.727 0.282 0.625
vn 0.15 0.415 0.897
vn 0.624 0.234 0.746
vn 0.163 0.688 0.708
vn 0.018 0.07 0.998
vn 0.736 0.45 0.506
vn 0.867 0.11 0.487
vn 0.96 0.097 0.263
vn 0.873 -0.386 0.299
vn -0.908 0.11 -0.405
vn -0.344 -0.517 -0.784
vn -0.193 -0.157 -0.968
vn -0.996 -0.009 -0.086
vn -0.696 -0.659 -0.284
vn -0.924 -0.287 -0.251
vn -0.54 -0.672 -0.506
vn -0.573 -0.747 -0.338
vn 0.34 -0.05 -0.939
vn 0.754 0.064 -0.653
vn -0.54 -0.672 -0.506
vn 0.34 -0.05 -0.939
vn -0.423 0.2 -0.884
vn 0.463 0.521 -0.716
vn 0.576 0.201 -0.792
vn -0.6 -0.424 -0.678
vn -0.17 -0.655 -0.737
vn 0.052 0.273 -0.96
vn 0.225 0.378 -0.898
vn 0.249 0.353 -0.902
vn 0.826 -0.039 -0.563
vn 0.784 0.031 -0.62
vn 0.188 0.93 -0.317
vn 0.966 0.15 0.209
vn -0.398 0.314 -0.862
vn 0.401 0.435 -0.807
vn 0.437 0.897 -0.062
vn -0.9 0.373 -0.225
vn 0.163 0.688 0.708
vn 0.031 0.695 0.719
vn -0.721 0.2 0.663
vn -0.372 0.313 0.874
vn 0.315 0.817 0.483
vn 0.553 0.176 0.814
vn 0.506 0.656 0.56
vn 0.616 0.506 0.604
vn -0.17 -0.655 -0.737
vn -0.967 -0.198 -0.158
vn 0.052 0.273 -0.96
vn -0.907 -0.412 0.081
vn 0.183 -0.915 -0.36
vn -0.621 -0.695 -0.362
vn 0.221 -0.48 -0.849
vn -0.441 0.048 -0.896
vn -0.795 0.495 -0.349
vn -0.068 0.995 -0.08
vn -0.304 -0.454 0.837
vn 0.584 0.064 0.809
vn -0.579 0.393 -0.715
vn -0.406 0.906 -0.12
vn -0.524 0.698 -0.489
vn 0.211 0.973 -0.091
vn 0.125 0.882 -0.453
vn 0.675 0.66 -0.331
vn 0.679 0.734 -0.008
vn 0.954 0.265 -0.144
vn 0.912 0.184 -0.367
vn 0.938 -0.232 -0.259
vn 0.984 -0.121 -0.127
vn 0.745 -0.649 0.155
vn 0.682 -0.71 -0.172
vn 0.024 -0.962 0.272
vn 0.008 0.399 0.917
vn -0.498 -0.565 0.657
vn -0.572 0.403 0.715
vn -0.135 -0.832 0.539
vn 0.385 0.246 0.89
vn -0.037 -0.95 0.309
vn 0.582 0.213 0.785
vn -0.011 -0.981 0.191
vn 0.962 -0.173 0.213
vn 0.653 0.157 0.741
vn -0.136 -0.33 0.934
vn -0.438 -0.286 0.852
vn 0.396 0.385 0.833
vn -0.298 -0.257 0.919
vn 0.188 0.211 0.959
vn 0.132 0.289 0.948
vn 0.486 0.505 0.713
vn -0.425 -0.351 0.834
vn 0.508 0.748 0.426
vn 0.856 0.504 0.115
vn 0.37 0.586 0.721
vn 0.013 0.149 0.989
vn -0.425 -0.435 0.794
vn 0.385 0.537 0.75
vn 0.02 0.066 0.998
vn -0.354 -0.464 0.812
vn 0.098 0.004 0.995
vn 0.459 0.459 0.76
vn 0.261 0.534 0.804
vn -0.062 0.07 0.996
vn -0.444 -0.358 0.821
vn -0.665 -0.581 0.469
vn -0.945 0.053 0.322
vn -0.463 -0.226 0.857
vn -0.919 -0.391 0.055
vn -0.883 -0.267 -0.385
vn -0.958 0.274 -0.077
vn -0.988 0.157 -0.005
vn -0.806 0.084 -0.586
vn -0.586 0.632 -0.506
vn -0.579 0.393 -0.715
vn -0.524 0.698 -0.489
vn -0.988 0.157 -0.005
vn -0.463 -0.226 0.857
vn -0.945 0.053 0.322
vn -0.732 -0.471 0.493
vn -0.537 -0.681 0.498
vn -0.459 -0.468 0.755
vn 0.056 -0.79 0.611
vn 0.027 -0.793 0.609
vn 0.828 -0.54 0.153
vn 0.757 -0.512 0.407
vn 0.977 0.013 0.214
vn 0.998 -0.012 0.062
vn 0.95 0.267 -0.162
vn 0.909 0.391 0.147
vn 0.688 0.392 -0.611
vn -0.724 -0.534 -0.437
vn -0.482 -0.686 -0.545
vn -0.489 -0.351 -0.799
vn -0.237 -0.414 -0.879
vn -0.092 -0.219 -0.971
vn -0.327 -0.267 -0.906
vn 0.139 -0.254 -0.957
vn 0.147 -0.01 -0.989
vn 0.087 -0.455 -0.886
vn 0.32 -0.256 -0.912
vn 0.238 -0.42 -0.876
vn 0.476 -0.293 -0.829
vn 0.409 -0.46 -0.788
vn 0.561 -0.099 -0.822
vn 0.327 -0.04 -0.944
vn 0.342 0.174 -0.923
vn 0.58 0.148 -0.801
vn 0.576 0.3 -0.761
vn 0.357 0.291 -0.888
vn 0.349 0.497 -0.795
vn 0.127 0.467 -0.875
vn 0.182 0.149 -0.972
vn 0.182 0.268 -0.946
vn -0.109 0.523 -0.845
vn 0.016 0.308 -0.951
vn -0.393 0.412 -0.822
vn 0.035 0.135 -0.99
vn -0.237 0.166 -0.958
vn -0.583 0.082 -0.809
vn 0.036 -0.049 -0.998
vn -0.132 -0.06 -0.989
vn -0.342 -0.074 -0.937
vn -0.524 -0.185 -0.832
vn -0.555 -0.411 -0.723
vn -0.557 -0.448 -0.699
vn -0.711 -0.551 -0.436
vn -0.409 0.33 -0.851
vn -0.379 -0.256 -0.889
vn -0.606 -0.277 -0.745
vn -0.875 0.001 -0.485
vn -0.475 -0.448 -0.758
vn -0.812 0.563 -0.153
vn -0.608 0.792 -0.057
vn -0.343 0.702 0.624
vn -0.955 -0.159 0.252
vn -0.701 -0.713 0.009
vn -0.511 -0.029 0.859
vn -0.6 -0.424 -0.678
vn 0.838 0.11 -0.535
vn -0.35 0.862 0.367
vn -0.227 0.369 -0.901
vn 0.466 -0.212 -0.859
vn -0.199 0.198 -0.96
vn 0.646 -0.027 -0.763
vn -0.218 0.449 -0.867
vn -0.766 0.509 -0.394
vn 0.292 0.722 -0.627
vn 0.747 0.362 -0.558
vn 0.065 -0.466 0.882
vn -0.07 -0.433 0.898
vn -0.197 -0.369 0.908
vn -0.379 -0.731 0.567
vn -0.378 -0.354 0.855
vn -0.808 -0.398 0.434
vn -0.812 -0.322 0.486
vn 0.754 0.064 -0.653
vn -0.573 -0.747 -0.338
vn -0.249 -0.854 -0.457
vn 0.891 0.188 -0.413
vn 0.651 0.702 -0.288
vn 0.929 0.19 -0.319
vn -0.579 0.393 -0.715
vn -0.806 0.084 -0.586
vn -0.721 -0.306 -0.622
vn -0.883 -0.267 -0.385
vn 0.468 0.382 0.797
vn 0.572 0.366 0.734
vn 0.685 0.295 0.667
vn 0.309 0.323 0.894
vn 0.51 0.359 0.781
vn 0.316 0.411 0.855
vn 0.476 0.363 0.801
vn 0.182 0.299 0.937
vn 0.175 0.418 0.892
vn -0.262 0.284 0.922
vn -0.088 0.465 0.881
vn 0.1 0.469 0.877
vn 0.546 0.034 0.837
vn 0.76 0.132 0.637
vn 0.667 -0.22 0.711
vn 0.344 -0.024 0.938
vn 0.04 0.092 0.995
vn 0.374 -0.26 0.89
vn -0.056 0.382 0.922
vn -0.194 0.425 0.884
vn 0.398 -0.915 -0.062
vn -0.193 0.433 0.88
vn -0.361 0.145 0.921
vn -0.681 0.076 0.729
vn 0.968 0.245 -0.046
vn 0.911 0.292 -0.291
vn 0.923 0.245 -0.295
vn 0.955 0.292 -0.045
vn 0.947 0.245 0.206
vn 0.845 0.534 -0.04
vn 0.806 0.534 -0.257
vn 0.826 0.534 0.18
vn 0.935 0.292 0.203
vn 0.862 0.245 0.444
vn 0.751 0.534 0.388
vn 0.85 0.292 0.438
vn 0.717 0.245 0.652
vn 0.625 0.534 0.569
vn 0.708 0.292 0.644
vn 0.524 0.245 0.815
vn 0.457 0.534 0.711
vn 0.517 0.292 0.805
vn 0.295 0.245 0.923
vn 0.257 0.534 0.806
vn 0.291 0.292 0.911
vn 0.046 0.245 0.968
vn 0.04 0.534 0.845
vn 0.045 0.292 0.955
vn -0.206 0.245 0.947
vn -0.18 0.534 0.826
vn -0.203 0.292 0.935
vn -0.444 0.245 0.862
vn -0.388 0.534 0.751
vn -0.438 0.292 0.85
vn -0.652 0.245 0.717
vn -0.569 0.534 0.625
vn -0.644 0.292 0.708
vn -0.815 0.245 0.524
vn -0.711 0.534 0.457
vn -0.805 0.292 0.517
vn -0.923 0.245 0.295
vn -0.806 0.534 0.257
vn -0.911 0.292 0.291
vn -0.968 0.245 0.046
vn -0.845 0.534 0.04
vn -0.955 0.292 0.045
vn -0.947 0.245 -0.206
vn -0.826 0.534 -0.18
vn -0.935 0.292 -0.203
vn -0.862 0.245 -0.444
vn -0.751 0.534 -0.388
vn -0.85 0.292 -0.438
vn -0.717 0.245 -0.652
vn -0.625 0.534 -0.569
vn -0.708 0.292 -0.644
vn -0.524 0.245 -0.815
vn -0.457 0.534 -0.711
vn -0.517 0.292 -0.805
vn -0.295 0.245 -0.923
vn -0.257 0.534 -0.806
vn -0.291 0.292 -0.911
vn -0.046 0.245 -0.968
vn -0.04 0.534 -0.845
vn -0.045 0.292 -0.955
vn 0.206 0.245 -0.947
vn 0.18 0.534 -0.826
vn 0.203 0.292 -0.935
vn 0.444 0.245 -0.862
vn 0.388 0.534 -0.751
vn 0.438 0.292 -0.85
vn 0.652 0.245 -0.717
vn 0.569 0.534 -0.625
vn 0.644 0.292 -0.708
vn 0.815 0.245 -0.524
vn 0.711 0.534 -0.457
vn 0.805 0.292 -0.517
vn 0.923 0.245 -0.295
vn 0.806 0.534 -0.257
vn 0.911 0.292 -0.291
vn 0.619 -0.134 -0.774
vn 0.619 -0.134 -0.774
vn 0.619 -0.134 -0.774
vn 0.619 -0.134 -0.774
vn 0.844 0.532 -0.063
vn 0.844 0.532 -0.063
vn 0.844 0.532 -0.063
vn 0.844 0.532 -0.063
vn 0.225 0.667 0.71
vn 0.225 0.667 0.71
vn 0.225 0.667 0.71
vn 0.225 0.667 0.71
vn -0.619 0.134 0.774
vn -0.619 0.134 0.774
vn -0.619 0.134 0.774
vn -0.619 0.134 0.774
vn -0.844 -0.532 0.063
vn -0.844 -0.532 0.063
vn -0.844 -0.532 0.063
vn -0.844 -0.532 0.063
vn -0.225 -0.667 -0.71
vn -0.225 -0.667 -0.71
vn -0.225 -0.667 -0.71
vn -0.225 -0.667 -0.71
vn 0.2 -0.911 -0.36
vn 0.2 -0.911 -0.36
vn 0.2 -0.911 -0.36
vn 0.2 -0.911 -0.36
vn 0.2 -0.912 -0.359
vn 0.2 -0.912 -0.359
vn 0.2 -0.912 -0.359
vn 0.197 -0.914 -0.355
vn 0.197 -0.914 -0.355
vn 0.194 -0.915 -0.354
vn 0.194 -0.915 -0.354
vn 0.193 -0.916 -0.353
vn 0.193 -0.916 -0.353
vn 0.193 -0.916 -0.353
vn 0.193 -0.916 -0.353
vn 0.193 -0.916 -0.353
vn -0.201 0.911 0.36
vn -0.201 0.911 0.36
vn -0.201 0.911 0.36
vn -0.201 0.911 0.36
vn -0.201 0.911 0.36
vn -0.2 0.912 0.359
vn -0.2 0.912 0.359
vn -0.197 0.914 0.355
vn -0.197 0.914 0.355
vn -0.194 0.915 0.354
vn -0.194 0.915 0.354
vn -0.193 0.916 0.353
vn -0.193 0.916 0.353
vn -0.193 0.916 0.353
vn -0.193 0.916 0.353
vn -0.193 0.916 0.353
vn -0.981 -0.187 -0.052
vn -0.981 -0.187 -0.052
vn -0.981 -0.187 -0.052
vn -0.981 -0.187 -0.052
vn -0.655 -0.393 0.646
vn -0.655 -0.393 0.646
vn -0.655 -0.393 0.646
vn -0.655 -0.393 0.646
vn 0.02 -0.364 0.931
vn 0.02 -0.364 0.931
vn 0.02 -0.364 0.931
vn 0.02 -0.364 0.931
vn 0.198 -0.912 -0.36
vn 0.198 -0.912 -0.36
vn 0.198 -0.912 -0.36
vn 0.198 -0.912 -0.36
vn -0.115 -0.386 0.915
vn -0.115 -0.386 0.915
vn -0.115 -0.386 0.915
vn -0.115 -0.386 0.915
vn -0.682 -0.389 0.62
vn -0.682 -0.389 0.62
vn -0.682 -0.389 0.62
vn -0.682 -0.389 0.62
vn 0.193 -0.915 -0.355
vn 0.193 -0.915 -0.355
vn 0.193 -0.915 -0.355
vn 0.193 -0.915 -0.355
vn -0.969 -0.235 0.077
vn -0.969 -0.235 0.077
vn -0.969 -0.235 0.077
vn -0.969 -0.235 0.077
vn -0.193 0.916 0.352
vn -0.193 0.916 0.352
vn -0.193 0.916 0.352
vn -0.193 0.916 0.352
vn 0.981 0.187 0.052
vn 0.981 0.187 0.052
vn 0.981 0.187 0.052
vn 0.981 0.187 0.052
vn 0.777 0.366 -0.512
vn 0.777 0.366 -0.512
vn 0.777 0.366 -0.512
vn 0.777 0.366 -0.512
vn 0.567 0.404 -0.718
vn 0.567 0.404 -0.718
vn 0.567 0.404 -0.718
vn 0.567 0.404 -0.718
vn -0.02 0.364 -0.931
vn -0.02 0.364 -0.931
vn -0.02 0.364 -0.931
vn -0.02 0.364 -0.931
vn -0.755 -0.373 0.54
vn -0.755 -0.373 0.54
vn -0.755 -0.373 0.54
vn -0.755 -0.373 0.54
vn -0.595 -0.401 0.696
vn -0.595 -0.401 0.696
vn -0.595 -0.401 0.696
vn -0.595 -0.401 0.696
vn -0.209 0.321 -0.924
vn -0.209 0.321 -0.924
vn -0.209 0.321 -0.924
vn -0.209 0.321 -0.924
vn 0.967 0.113 0.23
vn 0.967 0.113 0.23
vn 0.967 0.113 0.23
vn 0.967 0.113 0.23
vn 0.008 0.369 -0.929
vn 0.008 0.369 -0.929
vn 0.008 0.369 -0.929
vn 0.008 0.369 -0.929
vn 0.971 0.231 -0.067
vn 0.971 0.231 -0.067
vn 0.971 0.231 -0.067
vn 0.971 0.231 -0.067
vn 0.159 0.392 -0.906
vn 0.159 0.392 -0.906
vn 0.159 0.392 -0.906
vn 0.159 0.392 -0.906
vn 0.98 0.197 0.025
vn 0.98 0.197 0.025
vn 0.98 0.197 0.025
vn 0.98 0.197 0.025
vn -0.198 0.912 0.36
vn -0.198 0.912 0.36
vn -0.198 0.912 0.36
vn -0.198 0.912 0.36
vn -0.193 0.915 0.355
vn -0.193 0.915 0.355
vn -0.193 0.915 0.355
vn -0.193 0.915 0.355
vn 0.193 -0.916 -0.352
vn 0.193 -0.916 -0.352
vn 0.193 -0.916 -0.352
vn 0.193 -0.916 -0.352
vn 0.961 0.25 -0.118
vn 0.961 0.25 -0.118
vn 0.961 0.25 -0.118
vn 0.961 0.25 -0.118
vn 0.105 0.385 -0.917
vn 0.105 0.385 -0.917
vn 0.105 0.385 -0.917
vn 0.105 0.385 -0.917
vn -0.202 0.911 0.36
vn -0.202 0.911 0.36
vn -0.202 0.911 0.36
vn -0.202 0.911 0.36
vn 0.202 -0.911 -0.36
vn 0.202 -0.911 -0.36
vn 0.202 -0.911 -0.36
vn 0.202 -0.911 -0.36
vn 0.755 -0.161 0.636
vn 0.755 -0.161 0.636
vn 0.755 -0.161 0.636
vn 0.755 -0.161 0.636
vn 0.609 -0.185 0.771
vn 0.609 -0.185 0.771
vn 0.609 -0.185 0.771
vn 0.609 -0.185 0.771
vn 0.609 -0.185 0.771
vn 0.609 -0.185 0.771
vn 0.807 -0.059 0.588
vn 0.807 -0.059 0.588
vn 0.807 -0.059 0.588
vn 0.807 -0.059 0.588
vn 0.833 -0.076 0.547
vn 0.84 -0.076 0.538
vn 0.84 -0.076 0.538
vn 0.84 -0.076 0.538
vn 0.84 -0.076 0.538
vn 0.838 -0.078 0.54
vn 0.838 -0.078 0.54
vn -0.755 0.161 -0.636
vn -0.755 0.161 -0.636
vn -0.755 0.161 -0.636
vn -0.755 0.161 -0.636
vn -0.61 0.187 -0.77
vn -0.61 0.187 -0.77
vn -0.61 0.187 -0.77
vn -0.61 0.187 -0.77
vn -0.61 0.187 -0.77
vn -0.61 0.187 -0.77
vn -0.806 0.06 -0.588
vn -0.806 0.06 -0.588
vn -0.806 0.06 -0.588
vn -0.806 0.06 -0.588
vn -0.84 0.076 -0.538
vn -0.833 0.076 -0.547
vn -0.84 0.076 -0.538
vn -0.84 0.076 -0.538
vn -0.84 0.076 -0.538
vn -0.838 0.078 -0.54
vn -0.838 0.078 -0.54
vn -0.541 -0.248 0.804
vn -0.541 -0.248 0.804
vn -0.541 -0.248 0.804
vn -0.541 -0.248 0.804
vn -0.041 0.954 0.299
vn -0.041 0.954 0.299
vn -0.041 0.954 0.299
vn -0.041 0.954 0.299
vn 0.05 -0.949 -0.312
vn 0.05 -0.949 -0.312
vn 0.05 -0.949 -0.312
vn 0.05 -0.949 -0.312
vn 0.447 0.891 -0.076
vn 0.447 0.891 -0.076
vn 0.447 0.891 -0.076
vn 0.447 0.891 -0.076
vn -0.458 -0.869 0.189
vn -0.458 -0.869 0.189
vn -0.458 -0.869 0.189
vn -0.458 -0.869 0.189
vn 0.675 0.636 -0.375
vn 0.675 0.636 -0.375
vn 0.675 0.636 -0.375
vn 0.675 0.636 -0.375
vn 0.224 -0.857 -0.465
vn 0.224 -0.857 -0.465
vn 0.224 -0.857 -0.465
vn 0.224 -0.857 -0.465
vn -0.676 -0.601 0.427
vn -0.676 -0.601 0.427
vn -0.676 -0.601 0.427
vn -0.676 -0.601 0.427
vn 0.133 0.952 0.276
vn 0.133 0.952 0.276
vn 0.133 0.952 0.276
vn 0.133 0.952 0.276
vn -0.161 -0.974 -0.158
vn -0.161 -0.974 -0.158
vn -0.161 -0.974 -0.158
vn -0.161 -0.974 -0.158
vn -0.356 -0.863 0.358
vn -0.356 -0.863 0.358
vn -0.356 -0.863 0.358
vn -0.356 -0.863 0.358
vn -0.404 0.498 0.768
vn -0.404 0.498 0.768
vn -0.404 0.498 0.768
vn -0.404 0.498 0.768
vn 0.692 -0.227 -0.685
vn 0.692 -0.227 -0.685
vn 0.692 -0.227 -0.685
vn 0.692 -0.227 -0.685
vn -0.331 -0.944 0.001
vn -0.331 -0.944 0.001
vn -0.331 -0.944 0.001
vn -0.331 -0.944 0.001
vn 0.116 -0.906 -0.406
vn 0.116 -0.906 -0.406
vn 0.116 -0.906 -0.406
vn 0.116 -0.906 -0.406
vn 0.01 0.949 0.316
vn 0.01 0.949 0.316
vn 0.01 0.949 0.316
vn 0.01 0.949 0.316
vn 0.008 -0.951 -0.308
vn 0.008 -0.951 -0.308
vn 0.008 -0.951 -0.308
vn 0.008 -0.951 -0.308
vn 0.608 0.291 -0.739
vn 0.608 0.291 -0.739
vn 0.608 0.291 -0.739
vn 0.608 0.291 -0.739
vn 0.609 0.269 -0.746
vn 0.609 0.269 -0.746
vn 0.609 0.269 -0.746
vn 0.609 0.269 -0.746
vn 0.592 0.244 -0.768
vn 0.61 0.247 -0.753
vn 0.592 0.244 -0.768
vn 0.592 0.244 -0.768
vn 0.592 0.244 -0.768
vn 0.609 0.233 -0.758
vn 0.611 0.227 -0.759
vn 0.611 0.227 -0.759
vn 0.611 0.227 -0.759
vn 0.611 0.227 -0.759
vn 0.602 0.224 -0.767
vn 0.602 0.224 -0.767
vn 0.586 0.228 -0.777
vn 0.586 0.228 -0.777
vn 0.57 0.239 -0.786
vn 0.57 0.239 -0.786
vn 0.551 0.266 -0.791
vn 0.554 0.267 -0.789
vn 0.551 0.266 -0.791
vn 0.544 0.265 -0.796
vn 0.553 0.28 -0.785
vn 0.544 0.265 -0.796
vn 0.553 0.294 -0.78
vn 0.553 0.294 -0.78
vn 0.553 0.294 -0.78
vn 0.544 0.265 -0.796
vn 0.544 0.265 -0.796
vn 0.535 0.267 -0.802
vn 0.535 0.267 -0.802
vn 0.528 0.269 -0.805
vn 0.528 0.269 -0.805
vn 0.525 0.271 -0.806
vn 0.525 0.284 -0.802
vn 0.524 0.299 -0.798
vn 0.524 0.299 -0.798
vn 0.524 0.299 -0.798
vn 0.51 0.249 -0.824
vn 0.51 0.249 -0.824
vn 0.493 0.242 -0.835
vn 0.493 0.242 -0.835
vn 0.476 0.243 -0.845
vn 0.476 0.243 -0.845
vn 0.467 0.249 -0.849
vn 0.467 0.249 -0.849
vn 0.467 0.249 -0.849
vn 0.467 0.249 -0.849
vn 0.468 0.254 -0.846
vn 0.487 0.26 -0.834
vn 0.466 0.291 -0.835
vn 0.466 0.291 -0.835
vn 0.466 0.291 -0.835
vn 0.466 0.291 -0.835
vn 0.464 0.313 -0.829
vn 0.464 0.313 -0.829
vn 0.464 0.313 -0.829
vn 0.464 0.313 -0.829
vn 0.466 0.269 -0.843
vn 0.487 0.26 -0.834
vn 0.487 0.26 -0.834
vn 0.487 0.26 -0.834
vn -0.608 -0.291 0.739
vn -0.608 -0.291 0.739
vn -0.608 -0.291 0.739
vn -0.608 -0.291 0.739
vn -0.609 -0.269 0.746
vn -0.609 -0.269 0.746
vn -0.609 -0.269 0.746
vn -0.609 -0.269 0.746
vn -0.591 -0.244 0.769
vn -0.61 -0.247 0.753
vn -0.591 -0.244 0.769
vn -0.591 -0.244 0.769
vn -0.591 -0.244 0.769
vn -0.609 -0.233 0.758
vn -0.611 -0.227 0.759
vn -0.611 -0.227 0.759
vn -0.611 -0.227 0.759
vn -0.611 -0.227 0.759
vn -0.602 -0.224 0.767
vn -0.602 -0.224 0.767
vn -0.586 -0.228 0.777
vn -0.586 -0.228 0.777
vn -0.57 -0.239 0.786
vn -0.57 -0.239 0.786
vn -0.551 -0.266 0.791
vn -0.554 -0.267 0.789
vn -0.551 -0.266 0.791
vn -0.544 -0.265 0.796
vn -0.553 -0.28 0.785
vn -0.544 -0.265 0.796
vn -0.553 -0.294 0.78
vn -0.553 -0.294 0.78
vn -0.553 -0.294 0.78
vn -0.544 -0.265 0.796
vn -0.544 -0.265 0.796
vn -0.535 -0.267 0.802
vn -0.535 -0.267 0.802
vn -0.528 -0.269 0.805
vn -0.528 -0.269 0.805
vn -0.525 -0.271 0.806
vn -0.525 -0.284 0.802
vn -0.524 -0.299 0.798
vn -0.524 -0.299 0.798
vn -0.524 -0.299 0.798
vn -0.51 -0.249 0.824
vn -0.51 -0.249 0.824
vn -0.493 -0.242 0.835
vn -0.493 -0.242 0.835
vn -0.476 -0.243 0.845
vn -0.476 -0.243 0.845
vn -0.467 -0.249 0.849
vn -0.467 -0.249 0.849
vn -0.467 -0.249 0.849
vn -0.467 -0.249 0.849
vn -0.468 -0.254 0.846
vn -0.487 -0.26 0.833
vn -0.466 -0.291 0.835
vn -0.466 -0.291 0.835
vn -0.466 -0.291 0.835
vn -0.466 -0.291 0.835
vn -0.464 -0.313 0.829
vn -0.464 -0.313 0.829
vn -0.464 -0.313 0.829
vn -0.464 -0.313 0.829
vn -0.466 -0.269 0.843
vn -0.487 -0.26 0.833
vn -0.487 -0.26 0.833
vn -0.487 -0.26 0.833
vn 0.59 -0.788 0.175
vn 0.59 -0.788 0.175
vn 0.59 -0.788 0.175
vn 0.59 -0.788 0.175
vn 0.003 -0.93 -0.367
vn 0.003 -0.93 -0.367
vn 0.003 -0.93 -0.367
vn 0.003 -0.931 -0.366
vn 0.004 -0.93 -0.367
vn -0.444 -0.646 -0.62
vn -0.444 -0.646 -0.62
vn -0.444 -0.646 -0.62
vn -0.444 -0.646 -0.62
vn 0.769 -0.431 0.473
vn 0.769 -0.431 0.473
vn 0.769 -0.431 0.473
vn 0.769 -0.431 0.473
vn -0.65 -0.367 -0.665
vn -0.65 -0.367 -0.665
vn -0.65 -0.367 -0.665
vn -0.65 -0.367 -0.665
vn 0.793 -0.205 0.573
vn 0.793 -0.205 0.573
vn 0.793 -0.205 0.573
vn 0.793 -0.205 0.573
vn -0.741 -0.133 -0.658
vn -0.741 -0.133 -0.658
vn -0.741 -0.133 -0.658
vn -0.741 -0.133 -0.658
vn -0.013 0.954 0.298
vn -0.013 0.954 0.298
vn -0.013 0.954 0.298
vn -0.013 0.954 0.298
vn -0.052 0.96 0.273
vn -0.052 0.96 0.273
vn 0.031 -0.951 -0.307
vn 0.031 -0.951 -0.307
vn 0.031 -0.951 -0.307
vn 0.031 -0.951 -0.307
vn 0.053 -0.955 -0.293
vn 0.053 -0.955 -0.293
vn -0.652 -0.375 -0.659
vn -0.652 -0.375 -0.659
vn -0.652 -0.375 -0.659
vn -0.652 -0.375 -0.659
vn -0.788 0.082 -0.611
vn -0.788 0.082 -0.611
vn -0.788 0.082 -0.611
vn -0.788 0.082 -0.611
vn -0.673 0.654 -0.345
vn -0.673 0.654 -0.345
vn -0.673 0.654 -0.345
vn -0.673 0.654 -0.345
vn -0.079 0.974 0.213
vn -0.079 0.974 0.213
vn -0.079 0.974 0.213
vn -0.079 0.974 0.213
vn 0.245 -0.964 -0.104
vn 0.245 -0.964 -0.104
vn 0.245 -0.964 -0.104
vn 0.245 -0.964 -0.104
vn -0.14 0.975 0.173
vn -0.14 0.975 0.173
vn -0.14 0.975 0.173
vn -0.14 0.975 0.173
vn 0.458 -0.885 0.084
vn 0.458 -0.885 0.084
vn 0.458 -0.885 0.084
vn 0.458 -0.885 0.084
vn -0.486 -0.62 -0.616
vn -0.486 -0.62 -0.616
vn -0.486 -0.62 -0.616
vn -0.486 -0.62 -0.616
vn 0.707 -0.604 0.369
vn 0.707 -0.604 0.369
vn 0.707 -0.604 0.369
vn 0.707 -0.604 0.369
vn -0.187 -0.871 -0.455
vn -0.187 -0.871 -0.455
vn -0.187 -0.871 -0.455
vn -0.187 -0.871 -0.455
vn -0.025 0.968 0.251
vn -0.025 0.968 0.251
vn -0.025 0.968 0.251
vn -0.025 0.968 0.251
vn 0.04 -0.964 -0.262
vn 0.04 -0.964 -0.262
vn 0.04 -0.964 -0.262
vn 0.04 -0.964 -0.262
vn 0.047 0.952 0.304
vn 0.047 0.952 0.304
vn 0.047 0.952 0.304
vn 0.047 0.952 0.304
vn -0.034 -0.948 -0.316
vn -0.034 -0.948 -0.316
vn -0.034 -0.948 -0.316
vn -0.034 -0.948 -0.316
vn 0.171 0.905 0.389
vn 0.171 0.905 0.389
vn 0.171 0.905 0.389
vn 0.171 0.905 0.389
vn -0.199 -0.883 -0.426
vn -0.199 -0.883 -0.426
vn -0.199 -0.883 -0.426
vn -0.199 -0.883 -0.426
vn -0.332 0.94 0.074
vn -0.332 0.94 0.074
vn -0.332 0.94 0.074
vn -0.332 0.94 0.074
vn 0.641 -0.745 0.186
vn 0.641 -0.745 0.186
vn 0.641 -0.745 0.186
vn 0.641 -0.745 0.186
vn 0.813 -0.396 0.427
vn 0.813 -0.396 0.427
vn 0.813 -0.396 0.427
vn 0.813 -0.396 0.427
vn 0.342 0.801 0.491
vn 0.342 0.801 0.491
vn 0.342 0.801 0.491
vn 0.342 0.801 0.491
vn -0.545 -0.595 -0.591
vn -0.545 -0.595 -0.591
vn -0.545 -0.595 -0.591
vn -0.545 -0.595 -0.591
vn 0.42 -0.906 -0.048
vn 0.42 -0.906 -0.048
vn 0.42 -0.906 -0.048
vn 0.417 -0.908 -0.048
vn 0.417 -0.908 -0.05
vn -0.529 -0.598 -0.603
vn -0.529 -0.598 -0.603
vn -0.529 -0.598 -0.603
vn -0.529 -0.598 -0.603
vn 0.735 -0.613 0.29
vn 0.735 -0.613 0.29
vn 0.735 -0.613 0.29
vn 0.735 -0.613 0.29
vn -0.767 -0.188 -0.614
vn -0.767 -0.188 -0.614
vn -0.767 -0.188 -0.614
vn -0.767 -0.188 -0.614
vn -0.527 -0.6 -0.602
vn -0.527 -0.6 -0.602
vn -0.527 -0.6 -0.602
vn -0.527 -0.6 -0.602
vn -0.766 -0.19 -0.614
vn -0.766 -0.19 -0.614
vn -0.766 -0.19 -0.614
vn -0.766 -0.19 -0.614
vn -0.543 -0.596 -0.591
vn -0.543 -0.596 -0.591
vn -0.543 -0.596 -0.591
vn -0.543 -0.596 -0.591
vn -0.198 -0.883 -0.425
vn -0.198 -0.883 -0.425
vn -0.198 -0.883 -0.425
vn -0.198 -0.883 -0.425
vn -0.034 -0.948 -0.316
vn -0.034 -0.948 -0.316
vn -0.034 -0.948 -0.316
vn -0.034 -0.948 -0.316
vn 0.04 -0.964 -0.263
vn 0.04 -0.964 -0.263
vn 0.04 -0.964 -0.263
vn 0.04 -0.964 -0.263
vn 0.243 -0.964 -0.105
vn 0.243 -0.964 -0.105
vn 0.243 -0.964 -0.105
vn 0.243 -0.964 -0.105
vn 0.456 -0.886 0.082
vn 0.456 -0.886 0.082
vn 0.456 -0.886 0.082
vn 0.456 -0.886 0.082
vn 0.706 -0.606 0.367
vn 0.706 -0.606 0.367
vn 0.706 -0.606 0.367
vn 0.706 -0.606 0.367
vn 0.769 -0.432 0.472
vn 0.769 -0.432 0.472
vn 0.769 -0.432 0.472
vn 0.769 -0.432 0.472
vn 0.793 -0.205 0.573
vn 0.793 -0.205 0.573
vn 0.793 -0.205 0.573
vn 0.793 -0.205 0.573
vn 0.588 -0.79 0.172
vn 0.588 -0.79 0.172
vn 0.588 -0.79 0.172
vn 0.588 -0.79 0.172
vn -0.913 0.086 -0.398
vn -0.913 0.086 -0.398
vn -0.913 0.086 -0.398
vn -0.913 0.086 -0.398
vn -0.973 0.058 -0.222
vn -0.973 0.058 -0.222
vn -0.973 0.058 -0.222
vn -0.973 0.058 -0.222
vn -0.973 0.058 -0.222
vn -0.973 0.058 -0.222
vn -0.862 0.206 -0.463
vn -0.862 0.206 -0.463
vn -0.862 0.206 -0.463
vn -0.862 0.206 -0.463
vn -0.845 0.197 -0.498
vn -0.845 0.197 -0.498
vn 0.913 -0.086 0.399
vn 0.913 -0.086 0.399
vn 0.913 -0.086 0.399
vn 0.913 -0.086 0.399
vn 0.973 -0.057 0.224
vn 0.973 -0.057 0.224
vn 0.973 -0.057 0.224
vn 0.973 -0.057 0.224
vn 0.973 -0.057 0.224
vn 0.973 -0.057 0.224
vn 0.862 -0.206 0.463
vn 0.862 -0.206 0.463
vn 0.862 -0.206 0.463
vn 0.862 -0.206 0.463
vn 0.845 -0.197 0.498
vn 0.845 -0.197 0.498
vn -0.541 -0.248 0.804
vn -0.541 -0.248 0.804
vn -0.541 -0.248 0.804
vn -0.541 -0.248 0.804
vn -0.042 0.954 0.298
vn -0.042 0.954 0.298
vn -0.042 0.954 0.298
vn -0.042 0.954 0.298
vn -0.03 0.959 0.281
vn -0.03 0.959 0.281
vn 0.05 -0.949 -0.312
vn 0.05 -0.949 -0.312
vn 0.05 -0.949 -0.312
vn 0.05 -0.949 -0.312
vn 0.212 0.937 -0.277
vn 0.212 0.937 -0.277
vn 0.212 0.937 -0.277
vn 0.212 0.937 -0.277
vn -0.263 -0.903 0.338
vn -0.263 -0.903 0.338
vn -0.263 -0.903 0.338
vn -0.263 -0.903 0.338
vn 0.268 0.724 -0.635
vn 0.268 0.724 -0.635
vn 0.268 0.724 -0.635
vn 0.268 0.724 -0.635
vn 0.109 -0.863 -0.493
vn 0.109 -0.863 -0.493
vn 0.109 -0.863 -0.493
vn 0.109 -0.863 -0.493
vn -0.281 -0.675 0.682
vn -0.281 -0.675 0.682
vn -0.281 -0.675 0.682
vn -0.281 -0.675 0.682
vn 0.091 0.994 0.066
vn 0.091 0.994 0.066
vn 0.091 0.994 0.066
vn 0.091 0.994 0.066
vn -0.132 -0.991 -0.016
vn -0.132 -0.991 -0.016
vn -0.132 -0.991 -0.016
vn -0.132 -0.991 -0.016
vn -0.356 -0.863 0.358
vn -0.356 -0.863 0.358
vn -0.356 -0.863 0.358
vn -0.356 -0.863 0.358
vn -0.403 0.498 0.768
vn -0.403 0.498 0.768
vn -0.403 0.498 0.768
vn -0.403 0.498 0.768
vn 0.842 -0.178 0.51
vn 0.842 -0.178 0.51
vn 0.84 -0.181 0.512
vn 0.84 -0.181 0.512
vn 0.84 -0.181 0.512
vn 0.84 -0.181 0.512
vn 0.846 -0.179 0.502
vn -0.84 0.18 -0.512
vn -0.842 0.178 -0.51
vn -0.842 0.178 -0.51
vn -0.84 0.18 -0.512
vn -0.84 0.18 -0.512
vn -0.84 0.18 -0.512
vn -0.846 0.178 -0.503
vn 0.295 -0.144 -0.945
vn 0.295 -0.144 -0.945
vn 0.295 -0.144 -0.945
vn 0.295 -0.144 -0.945
vn -0.102 -0.979 0.173
vn -0.102 -0.979 0.173
vn -0.102 -0.979 0.173
vn -0.102 -0.979 0.173
vn 0.116 -0.906 -0.406
vn 0.116 -0.906 -0.406
vn 0.116 -0.906 -0.406
vn 0.116 -0.906 -0.406
vn 0.034 -0.958 -0.287
vn 0.034 -0.958 -0.287
vn 0.034 -0.958 -0.287
vn 0.034 -0.958 -0.287
vn -0.569 -0.611 -0.55
vn -0.569 -0.611 -0.55
vn -0.569 -0.611 -0.55
vn -0.569 -0.611 -0.55
vn 0.122 -0.948 -0.293
vn 0.122 -0.948 -0.293
vn 0.122 -0.948 -0.293
vn 0.122 -0.949 -0.292
vn 0.122 -0.948 -0.293
vn 0.592 -0.805 0.028
vn 0.592 -0.805 0.028
vn 0.592 -0.805 0.028
vn 0.592 -0.805 0.028
vn -0.83 -0.186 -0.526
vn -0.83 -0.186 -0.526
vn -0.83 -0.186 -0.526
vn -0.83 -0.186 -0.526
vn 0.778 -0.585 0.228
vn 0.778 -0.585 0.228
vn 0.778 -0.585 0.228
vn 0.778 -0.585 0.228
vn -0.88 0.051 -0.473
vn -0.88 0.051 -0.473
vn -0.88 0.051 -0.473
vn -0.88 0.051 -0.473
vn 0.86 -0.378 0.343
vn 0.86 -0.378 0.343
vn 0.86 -0.378 0.343
vn 0.86 -0.378 0.343
vn 0.771 -0.592 0.232
vn 0.771 -0.592 0.232
vn 0.771 -0.592 0.232
vn 0.771 -0.592 0.232
vn 0.884 -0.173 0.434
vn 0.884 -0.173 0.434
vn 0.884 -0.173 0.434
vn 0.884 -0.173 0.434
vn 0.725 0.441 0.529
vn 0.725 0.441 0.529
vn 0.725 0.441 0.529
vn 0.725 0.441 0.529
vn 0.055 0.954 0.297
vn 0.055 0.954 0.297
vn 0.055 0.954 0.297
vn 0.055 0.954 0.297
vn -0.218 -0.894 -0.393
vn -0.218 -0.894 -0.393
vn -0.218 -0.894 -0.393
vn -0.218 -0.894 -0.393
vn 0.116 0.936 0.333
vn 0.116 0.936 0.333
vn 0.116 0.936 0.333
vn 0.116 0.936 0.333
vn -0.456 -0.745 -0.487
vn -0.456 -0.745 -0.487
vn -0.456 -0.745 -0.487
vn -0.456 -0.745 -0.487
vn 0.612 -0.788 0.071
vn 0.612 -0.788 0.071
vn 0.612 -0.788 0.071
vn 0.612 -0.788 0.071
vn -0.75 -0.382 -0.541
vn -0.75 -0.382 -0.541
vn -0.75 -0.382 -0.541
vn -0.75 -0.382 -0.541
vn 0.291 -0.944 -0.156
vn 0.291 -0.944 -0.156
vn 0.291 -0.944 -0.156
vn 0.291 -0.944 -0.156
vn -0.003 0.964 0.265
vn -0.003 0.964 0.265
vn -0.003 0.964 0.265
vn -0.003 0.964 0.265
vn 0.007 -0.959 -0.283
vn 0.007 -0.959 -0.283
vn 0.007 -0.959 -0.283
vn 0.007 -0.959 -0.283
vn -0.082 0.971 0.223
vn -0.082 0.971 0.223
vn -0.082 0.971 0.223
vn -0.082 0.971 0.223
vn 0.089 -0.967 -0.24
vn 0.089 -0.967 -0.24
vn 0.089 -0.967 -0.24
vn 0.089 -0.967 -0.24
vn -0.219 0.965 0.145
vn -0.219 0.965 0.145
vn -0.219 0.965 0.145
vn -0.219 0.965 0.145
vn 0.268 -0.954 -0.133
vn 0.268 -0.954 -0.133
vn 0.268 -0.954 -0.133
vn 0.268 -0.954 -0.133
vn 0.276 0.848 0.454
vn 0.276 0.848 0.454
vn 0.276 0.848 0.454
vn 0.276 0.848 0.454
vn -0.591 -0.557 -0.583
vn -0.591 -0.557 -0.583
vn -0.591 -0.557 -0.583
vn -0.591 -0.557 -0.583
vn -0.8 -0.15 -0.582
vn -0.8 -0.15 -0.582
vn -0.8 -0.15 -0.582
vn -0.8 -0.15 -0.582
vn -0.403 0.915 0.025
vn -0.403 0.915 0.025
vn -0.403 0.915 0.025
vn -0.403 0.915 0.025
vn 0.62 -0.772 0.137
vn 0.62 -0.772 0.137
vn 0.62 -0.772 0.137
vn 0.62 -0.772 0.137
vn -0.327 -0.792 -0.515
vn -0.327 -0.792 -0.515
vn -0.327 -0.792 -0.515
vn -0.327 -0.794 -0.513
vn -0.325 -0.794 -0.514
vn 0.623 -0.774 0.117
vn 0.623 -0.774 0.117
vn 0.623 -0.774 0.117
vn 0.623 -0.774 0.117
vn -0.693 -0.395 -0.603
vn -0.693 -0.395 -0.603
vn -0.693 -0.395 -0.603
vn -0.693 -0.395 -0.603
vn 0.82 -0.431 0.378
vn 0.82 -0.431 0.378
vn 0.82 -0.431 0.378
vn 0.82 -0.431 0.378
vn 0.621 -0.775 0.116
vn 0.621 -0.775 0.116
vn 0.621 -0.775 0.116
vn 0.621 -0.775 0.116
vn 0.819 -0.432 0.377
vn 0.819 -0.432 0.377
vn 0.819 -0.432 0.377
vn 0.819 -0.432 0.377
vn 0.619 -0.774 0.135
vn 0.619 -0.774 0.135
vn 0.619 -0.774 0.135
vn 0.619 -0.774 0.135
vn 0.267 -0.954 -0.134
vn 0.267 -0.954 -0.134
vn 0.267 -0.954 -0.134
vn 0.267 -0.954 -0.134
vn 0.088 -0.967 -0.24
vn 0.088 -0.967 -0.24
vn 0.088 -0.967 -0.24
vn 0.088 -0.967 -0.24
vn 0.007 -0.959 -0.283
vn 0.007 -0.959 -0.283
vn 0.007 -0.959 -0.283
vn 0.007 -0.959 -0.283
vn -0.217 -0.894 -0.392
vn -0.217 -0.894 -0.392
vn -0.217 -0.894 -0.392
vn -0.217 -0.894 -0.392
vn -0.453 -0.747 -0.486
vn -0.453 -0.747 -0.486
vn -0.453 -0.747 -0.486
vn -0.453 -0.747 -0.486
vn -0.748 -0.384 -0.541
vn -0.748 -0.384 -0.541
vn -0.748 -0.384 -0.541
vn -0.748 -0.384 -0.541
vn -0.829 -0.188 -0.526
vn -0.829 -0.188 -0.526
vn -0.829 -0.188 -0.526
vn -0.829 -0.188 -0.526
vn -0.879 0.05 -0.473
vn -0.879 0.05 -0.473
vn -0.879 0.05 -0.473
vn -0.879 0.05 -0.473
vn -0.567 -0.614 -0.549
vn -0.567 -0.614 -0.549
vn -0.567 -0.614 -0.549
vn -0.567 -0.614 -0.549
vn 0.821 -0.382 0.425
vn 0.821 -0.382 0.425
vn 0.821 -0.382 0.425
vn 0.821 -0.382 0.425
vn 0.741 -0.627 0.241
vn 0.741 -0.627 0.241
vn 0.741 -0.627 0.241
vn 0.741 -0.627 0.241
vn 0.596 -0.802 0.029
vn 0.596 -0.802 0.029
vn 0.596 -0.802 0.029
vn 0.596 -0.802 0.029
vn 0.344 -0.909 -0.233
vn 0.344 -0.909 -0.233
vn 0.344 -0.909 -0.233
vn 0.344 -0.909 -0.233
vn 0.157 -0.909 -0.386
vn 0.157 -0.909 -0.386
vn 0.157 -0.909 -0.386
vn 0.157 -0.909 -0.386
vn 0.042 -0.884 -0.466
vn 0.042 -0.884 -0.466
vn 0.042 -0.884 -0.466
vn 0.042 -0.884 -0.466
vn -0.151 -0.802 -0.578
vn -0.151 -0.802 -0.578
vn -0.151 -0.802 -0.578
vn -0.151 -0.802 -0.578
vn -0.42 -0.601 -0.68
vn -0.42 -0.601 -0.68
vn -0.42 -0.601 -0.68
vn -0.42 -0.601 -0.68
vn -0.653 -0.298 -0.696
vn -0.653 -0.298 -0.696
vn -0.653 -0.298 -0.696
vn -0.653 -0.298 -0.696
vn -0.754 -0.062 -0.654
vn -0.754 -0.062 -0.654
vn -0.754 -0.062 -0.654
vn -0.754 -0.062 -0.654
vn 0.833 -0.24 0.499
vn 0.833 -0.24 0.499
vn 0.833 -0.24 0.499
vn 0.833 -0.24 0.499
vn -0.776 0.028 -0.629
vn -0.776 0.028 -0.629
vn -0.776 0.028 -0.629
vn -0.776 0.028 -0.629
vn -0.798 -0.135 -0.587
vn -0.798 -0.135 -0.587
vn -0.798 -0.135 -0.587
vn -0.798 -0.135 -0.587
vn -0.655 -0.415 -0.632
vn -0.655 -0.415 -0.632
vn -0.655 -0.415 -0.632
vn -0.655 -0.415 -0.632
vn -0.437 -0.648 -0.624
vn -0.437 -0.648 -0.624
vn -0.437 -0.648 -0.624
vn -0.437 -0.648 -0.624
vn -0.122 -0.836 -0.534
vn -0.122 -0.836 -0.534
vn -0.122 -0.836 -0.534
vn -0.122 -0.836 -0.534
vn 0.081 -0.894 -0.442
vn 0.081 -0.894 -0.442
vn 0.081 -0.894 -0.442
vn 0.081 -0.894 -0.442
vn 0.199 -0.906 -0.373
vn 0.199 -0.906 -0.373
vn 0.199 -0.906 -0.373
vn 0.199 -0.906 -0.373
vn 0.399 -0.886 -0.235
vn 0.399 -0.886 -0.235
vn 0.399 -0.886 -0.235
vn 0.399 -0.886 -0.235
vn 0.646 -0.764 -0.013
vn 0.646 -0.764 -0.013
vn 0.646 -0.764 -0.013
vn 0.646 -0.764 -0.013
vn 0.822 -0.523 0.225
vn 0.822 -0.523 0.225
vn 0.822 -0.523 0.225
vn 0.822 -0.523 0.225
vn 0.877 -0.311 0.365
vn 0.877 -0.311 0.365
vn 0.877 -0.311 0.365
vn 0.877 -0.311 0.365
vn -0.838 0.015 -0.546
vn -0.838 0.015 -0.546
vn -0.838 0.015 -0.546
vn -0.838 0.015 -0.546
vn 0.884 -0.226 0.409
vn 0.884 -0.226 0.409
vn 0.884 -0.226 0.409
vn 0.884 -0.226 0.409
vn -0.514 -0.345 0.785
vn -0.514 -0.345 0.785
vn -0.516 -0.314 0.797
vn -0.514 -0.345 0.785
vn -0.524 -0.289 0.801
vn -0.514 -0.345 0.785
vn -0.517 -0.377 0.769
vn -0.508 -0.35 0.787
vn -0.5 -0.384 0.776
vn -0.524 -0.289 0.801
vn -0.524 -0.289 0.801
vn -0.516 -0.281 0.809
vn -0.516 -0.281 0.809
vn -0.507 -0.273 0.818
vn -0.508 -0.35 0.787
vn -0.507 -0.273 0.818
vn -0.492 -0.268 0.828
vn -0.498 -0.355 0.791
vn -0.49 -0.311 0.814
vn -0.498 -0.355 0.791
vn -0.492 -0.393 0.777
vn -0.486 -0.357 0.798
vn -0.492 -0.268 0.828
vn -0.476 -0.269 0.837
vn -0.476 -0.312 0.822
vn -0.486 -0.357 0.798
vn -0.481 -0.398 0.781
vn -0.473 -0.358 0.805
vn -0.476 -0.269 0.837
vn -0.468 -0.274 0.84
vn -0.467 -0.313 0.827
vn -0.473 -0.358 0.805
vn -0.47 -0.398 0.788
vn -0.465 -0.356 0.811
vn -0.468 -0.274 0.84
vn -0.468 -0.279 0.839
vn -0.465 -0.356 0.811
vn -0.461 -0.395 0.794
vn -0.468 -0.279 0.839
vn -0.464 -0.29 0.837
vn -0.464 -0.29 0.837
vn -0.475 -0.309 0.824
vn -0.464 -0.323 0.825
vn -0.451 -0.351 0.82
vn -0.464 -0.323 0.825
vn -0.451 -0.351 0.82
vn -0.451 -0.351 0.82
vn -0.451 -0.351 0.82
vn -0.46 -0.385 0.799
vn 0.451 0.351 -0.82
vn 0.461 0.395 -0.794
vn 0.46 0.385 -0.8
vn 0.451 0.351 -0.82
vn 0.465 0.356 -0.811
vn 0.47 0.398 -0.788
vn 0.451 0.351 -0.82
vn 0.451 0.351 -0.82
vn 0.464 0.323 -0.825
vn 0.464 0.323 -0.825
vn 0.465 0.356 -0.811
vn 0.473 0.358 -0.805
vn 0.481 0.398 -0.781
vn 0.486 0.357 -0.798
vn 0.492 0.393 -0.777
vn 0.473 0.358 -0.805
vn 0.486 0.357 -0.798
vn 0.498 0.355 -0.791
vn 0.5 0.384 -0.776
vn 0.498 0.355 -0.791
vn 0.508 0.35 -0.787
vn 0.517 0.377 -0.769
vn 0.508 0.35 -0.787
vn 0.514 0.345 -0.785
vn 0.514 0.345 -0.785
vn 0.514 0.345 -0.785
vn 0.514 0.345 -0.785
vn 0.516 0.314 -0.797
vn 0.524 0.289 -0.801
vn 0.524 0.289 -0.801
vn 0.524 0.289 -0.801
vn 0.516 0.281 -0.809
vn 0.516 0.281 -0.809
vn 0.507 0.273 -0.818
vn 0.507 0.273 -0.818
vn 0.49 0.311 -0.814
vn 0.492 0.268 -0.828
vn 0.492 0.268 -0.828
vn 0.476 0.312 -0.822
vn 0.476 0.269 -0.837
vn 0.476 0.269 -0.837
vn 0.467 0.313 -0.827
vn 0.468 0.274 -0.84
vn 0.468 0.274 -0.84
vn 0.468 0.279 -0.839
vn 0.468 0.279 -0.839
vn 0.464 0.29 -0.837
vn 0.474 0.309 -0.824
vn 0.464 0.29 -0.837
vn -0.556 -0.339 0.759
vn -0.554 -0.284 0.783
vn -0.559 -0.307 0.77
vn -0.556 -0.339 0.759
vn -0.556 -0.339 0.759
vn -0.554 -0.284 0.783
vn -0.554 -0.284 0.783
vn -0.562 -0.274 0.78
vn -0.562 -0.274 0.78
vn -0.572 -0.263 0.777
vn -0.556 -0.339 0.759
vn -0.546 -0.373 0.75
vn -0.572 -0.263 0.777
vn -0.586 -0.254 0.77
vn -0.561 -0.342 0.754
vn -0.561 -0.342 0.754
vn -0.562 -0.374 0.737
vn -0.584 -0.297 0.755
vn -0.57 -0.344 0.747
vn -0.586 -0.254 0.77
vn -0.601 -0.25 0.759
vn -0.597 -0.293 0.747
vn -0.57 -0.344 0.747
vn -0.568 -0.381 0.729
vn -0.581 -0.343 0.738
vn -0.601 -0.25 0.759
vn -0.608 -0.252 0.752
vn -0.605 -0.292 0.741
vn -0.581 -0.343 0.738
vn -0.577 -0.383 0.721
vn -0.593 -0.339 0.73
vn -0.608 -0.252 0.752
vn -0.608 -0.258 0.751
vn -0.601 -0.335 0.726
vn -0.593 -0.339 0.73
vn -0.587 -0.38 0.714
vn -0.608 -0.258 0.751
vn -0.61 -0.267 0.746
vn -0.61 -0.267 0.746
vn -0.599 -0.29 0.747
vn -0.606 -0.301 0.736
vn -0.614 -0.326 0.718
vn -0.606 -0.301 0.736
vn -0.614 -0.326 0.718
vn -0.614 -0.326 0.718
vn -0.601 -0.335 0.726
vn -0.596 -0.374 0.71
vn -0.614 -0.326 0.718
vn -0.599 -0.365 0.713
vn 0.614 0.326 -0.718
vn 0.599 0.365 -0.713
vn 0.597 0.374 -0.71
vn 0.614 0.326 -0.718
vn 0.601 0.335 -0.726
vn 0.587 0.38 -0.714
vn 0.614 0.326 -0.718
vn 0.614 0.326 -0.718
vn 0.606 0.301 -0.736
vn 0.606 0.301 -0.736
vn 0.601 0.335 -0.726
vn 0.593 0.339 -0.73
vn 0.577 0.383 -0.721
vn 0.581 0.343 -0.738
vn 0.568 0.381 -0.729
vn 0.593 0.339 -0.73
vn 0.581 0.343 -0.738
vn 0.57 0.344 -0.747
vn 0.562 0.374 -0.738
vn 0.57 0.344 -0.747
vn 0.561 0.342 -0.754
vn 0.546 0.373 -0.75
vn 0.561 0.342 -0.754
vn 0.556 0.339 -0.759
vn 0.556 0.339 -0.759
vn 0.556 0.339 -0.759
vn 0.556 0.339 -0.759
vn 0.559 0.307 -0.77
vn 0.554 0.284 -0.783
vn 0.554 0.284 -0.783
vn 0.554 0.284 -0.783
vn 0.562 0.274 -0.78
vn 0.562 0.274 -0.78
vn 0.572 0.263 -0.777
vn 0.572 0.263 -0.777
vn 0.584 0.297 -0.755
vn 0.586 0.254 -0.77
vn 0.586 0.254 -0.77
vn 0.597 0.293 -0.747
vn 0.601 0.25 -0.759
vn 0.601 0.25 -0.759
vn 0.605 0.292 -0.741
vn 0.608 0.252 -0.752
vn 0.608 0.252 -0.752
vn 0.608 0.258 -0.751
vn 0.608 0.258 -0.751
vn 0.61 0.267 -0.746
vn 0.599 0.29 -0.747
vn 0.61 0.267 -0.746
vn 0.318 -0.678 -0.662
vn 0.807 -0.259 -0.531
vn -0.12 -0.993 0.01
vn 0.795 -0.603 0.061
vn -0.18 -0.977 0.114
vn -0.499 -0.582 -0.643
vn 0.901 -0.423 0.09
vn 0.838 -0.286 -0.464
vn 0.377 -0.19 -0.907
vn -0.523 -0.184 -0.832
vn 0.545 -0.339 0.767
vn 0.3 -0.694 0.654
vn -0.966 -0.16 -0.203
vn -0.396 -0.502 0.769
vn -0.036 -1 -0.011
vn -0.883 -0.169 0.438
vn -0.982 -0.17 -0.082
vn -0.052 -0.999 0.008
vn -0.843 -0.301 0.446
vn -0.332 -0.184 0.925
vn -0.041 -0.994 -0.102
vn 0.294 -0.443 0.847
vn 0.883 -0.407 0.233
vn -0.089 -0.922 0.377
vn -0.235 -0.74 0.63
vn -0.249 -0.854 -0.457
vn -0.805 -0.594 -0.01
vn -0.567 -0.186 0.802
vn 0.336 -0.234 0.913
vn -0.181 -0.981 -0.065
vn 0.847 -0.37 0.383
vn -0.274 -0.653 0.706
vn 0.311 -0.578 0.754
vn -0.988 -0.15 -0.034
vn -0.217 -0.975 0.047
vn 0.727 -0.529 0.439
vn -0.149 -0.989 0.02
vn -0.965 -0.211 0.155
vn -0.911 -0.104 -0.399
vn -0.86 -0.133 -0.493
vn -0.492 -0.122 -0.862
vn -0.218 -0.975 0.052
vn 0.874 -0.396 -0.284
vn 0.909 -0.395 -0.132
vn 0.396 -0.326 -0.858
vn 0.199 -0.686 -0.7
vn -0.058 -0.991 0.121
vn -0.497 -0.261 -0.828
vn 0.126 -0.981 -0.149
vn -0.056 -0.808 0.587
vn -0.135 -0.408 0.903
vn -0.66 -0.719 -0.219
vn -0.694 -0.637 0.337
vn -0.955 -0.169 0.246
vn -0.798 -0.478 0.366
vn 0.184 -0.976 0.113
vn 0.327 -0.351 0.877
vn -0.646 -0.763 -0.01
vn -0.076 -0.098 0.992
vn 0.313 0.945 -0.1
vn 0.328 0.945 -0.016
vn 0.037 1 -0.002
vn 0.035 1 -0.011
vn 0 1 0
vn 0.276 0.945 -0.177
vn 0.036 1 0.008
vn 0.321 0.945 0.07
vn 0.031 1 -0.02
vn 0.221 0.945 -0.243
vn 0.033 1 0.017
vn 0.292 0.945 0.15
vn 0.025 1 -0.027
vn 0.15 0.945 -0.292
vn 0.027 1 0.025
vn 0.243 0.945 0.221
vn 0.017 1 -0.033
vn 0.02 1 0.031
vn 0.008 1 -0.036
vn 0.07 0.945 -0.321
vn 0.177 0.945 0.276
vn -0.016 0.945 -0.328
vn 0.011 1 0.035
vn 0.1 0.945 0.313
vn -0.002 1 -0.037
vn -0.1 0.945 -0.313
vn 0.002 1 0.037
vn 0.016 0.945 0.328
vn -0.011 1 -0.035
vn -0.177 0.945 -0.276
vn -0.008 1 0.036
vn -0.07 0.945 0.321
vn -0.02 1 -0.031
vn -0.017 1 0.033
vn -0.027 1 -0.025
vn -0.243 0.945 -0.221
vn -0.15 0.945 0.292
vn -0.292 0.945 -0.15
vn -0.025 1 0.027
vn -0.221 0.945 0.243
vn -0.033 1 -0.017
vn -0.321 0.945 -0.07
vn -0.031 1 0.02
vn -0.276 0.945 0.177
vn -0.036 1 -0.008
vn -0.328 0.945 0.016
vn -0.035 1 0.011
vn -0.313 0.945 0.1
vn -0.037 1 0.002
g plumAlt_0
f 3/3/3 2/2/2 1/1/1
f 6/6/6 5/5/5 4/4/4
f 9/9/9 8/8/8 7/7/7
f 12/12/12 11/11/11 10/10/10
f 15/15/15 14/14/14 13/13/13
f 18/18/18 17/17/17 16/16/16
f 21/21/21 20/20/20 19/19/19
f 24/24/24 23/23/23 22/22/22
f 27/27/27 26/26/26 25/25/25
f 30/30/30 29/29/29 28/28/28
f 33/33/33 32/32/32 31/31/31
f 36/36/36 35/35/35 34/34/34
f 39/39/39 38/38/38 37/37/37
f 42/42/42 41/41/41 40/40/40
f 45/45/45 44/44/44 43/43/43
f 48/48/48 47/47/47 46/46/46
f 51/51/51 50/50/50 49/49/49
f 54/54/54 53/53/53 52/52/52
f 57/57/57 56/56/56 55/55/55
f 60/60/60 59/59/59 58/58/58
f 63/63/63 62/62/62 61/61/61
f 66/66/66 65/65/65 64/64/64
f 69/69/69 68/68/68 67/67/67
f 72/72/72 71/71/71 70/70/70
f 75/75/75 74/74/74 73/73/73
f 78/78/78 77/77/77 76/76/76
f 81/81/81 80/80/80 79/79/79
f 84/84/84 83/83/83 82/82/82
f 87/87/87 86/86/86 85/85/85
f 90/90/90 89/89/89 88/88/88
f 93/93/93 92/92/92 91/91/91
f 96/96/96 95/95/95 94/94/94
f 99/99/99 98/98/98 97/97/97
f 102/102/102 101/101/101 100/100/100
f 105/105/105 104/104/104 103/103/103
f 108/108/108 107/107/107 106/106/106
f 111/111/111 110/110/110 109/109/109
f 114/114/114 113/113/113 112/112/112
f 117/117/117 116/116/116 115/115/115
f 120/120/120 119/119/119 118/118/118
f 123/123/123 122/122/122 121/121/121
f 126/126/126 125/125/125 124/124/124
f 129/129/129 128/128/128 127/127/127
f 132/132/132 131/131/131 130/130/130
f 135/135/135 134/134/134 133/133/133
f 138/138/138 137/137/137 136/136/136
f 141/141/141 140/140/140 139/139/139
f 144/144/144 143/143/143 142/142/142
f 147/147/147 146/146/146 145/145/145
f 150/150/150 149/149/149 148/148/148
f 151/151/151 149/149/149 150/150/150
f 152/152/152 151/151/151 150/150/150
f 153/153/153 149/149/149 151/151/151
f 153/153/153 151/151/151 154/154/154
f 151/151/151 155/155/155 154/154/154
f 158/158/158 157/157/157 156/156/156
f 156/156/156 157/157/157 159/159/159
f 159/159/159 157/157/157 160/160/160
f 156/156/156 159/159/159 161/161/161
f 162/162/162 156/156/156 161/161/161
f 163/163/163 162/162/162 161/161/161
f 163/163/163 164/164/164 162/162/162
f 162/162/162 165/165/165 156/156/156
f 166/166/166 165/165/165 162/162/162
f 169/169/169 168/168/168 167/167/167
f 167/167/167 168/168/168 170/170/170
f 170/170/170 168/168/168 171/171/171
f 171/171/171 168/168/168 172/172/172
f 175/175/175 174/174/174 173/173/173
f 174/174/174 176/176/176 173/173/173
f 177/177/177 173/173/173 176/176/176
f 177/177/177 176/176/176 178/178/178
f 179/179/179 178/178/178 176/176/176
f 176/176/176 180/180/180 179/179/179
f 180/180/180 181/181/181 179/179/179
f 181/181/181 182/182/182 179/179/179
f 181/181/181 183/183/183 182/182/182
f 186/186/186 185/185/185 184/184/184
f 187/187/187 186/186/186 184/184/184
f 187/187/187 184/184/184 188/188/188
f 188/188/188 189/189/189 187/187/187
f 190/190/190 189/189/189 188/188/188
f 187/187/187 189/189/189 191/191/191
f 190/190/190 192/192/192 189/189/189
f 189/189/189 193/193/193 191/191/191
f 194/194/194 191/191/191 193/193/193
f 193/193/193 189/189/189 195/195/195
f 195/195/195 189/189/189 196/196/196
f 196/196/196 189/189/189 192/192/192
f 195/195/195 196/196/196 197/197/197
f 197/197/197 196/196/196 192/192/192
f 197/197/197 192/192/192 198/198/198
f 199/199/199 197/197/197 198/198/198
f 200/200/200 199/199/199 198/198/198
f 201/201/201 199/199/199 200/200/200
f 204/204/204 203/203/203 202/202/202
f 203/203/203 204/204/204 205/205/205
f 206/206/206 203/203/203 205/205/205
f 207/207/207 206/206/206 205/205/205
f 205/205/205 204/204/204 208/208/208
f 204/204/204 209/209/209 208/208/208
f 210/210/210 205/205/205 208/208/208
f 213/213/213 212/212/212 211/211/211
f 212/212/212 214/214/214 211/211/211
f 211/211/211 214/214/214 215/215/215
f 215/215/215 214/214/214 216/216/216
f 219/219/219 218/218/218 217/217/217
f 220/220/220 217/217/217 218/218/218
f 220/220/220 218/218/218 221/221/221
f 222/222/222 217/217/217 220/220/220
f 222/222/222 223/223/223 217/217/217
f 223/223/223 222/222/222 224/224/224
f 225/225/225 223/223/223 224/224/224
f 226/226/226 217/217/217 223/223/223
f 225/225/225 227/227/227 223/223/223
f 223/223/223 227/227/227 226/226/226
f 226/226/226 227/227/227 228/228/228
f 231/231/231 230/230/230 229/229/229
f 232/232/232 231/231/231 229/229/229
f 235/235/235 234/234/234 233/233/233
f 234/234/234 236/236/236 233/233/233
f 236/236/236 234/234/234 237/237/237
f 238/238/238 233/233/233 236/236/236
f 236/236/236 237/237/237 239/239/239
f 238/238/238 236/236/236 240/240/240
f 236/236/236 239/239/239 240/240/240
f 238/238/238 240/240/240 241/241/241
f 239/239/239 242/242/242 240/240/240
f 240/240/240 242/242/242 241/241/241
f 245/245/245 244/244/244 243/243/243
f 243/243/243 244/244/244 246/246/246
f 244/244/244 247/247/247 246/246/246
f 250/250/250 249/249/249 248/248/248
f 251/251/251 249/249/249 250/250/250
f 254/254/254 253/253/253 252/252/252
f 255/255/255 252/252/252 253/253/253
f 255/255/255 253/253/253 256/256/256
f 259/259/259 258/258/258 257/257/257
f 259/259/259 260/260/260 258/258/258
f 259/259/259 261/261/261 260/260/260
f 261/261/261 262/262/262 260/260/260
f 262/262/262 261/261/261 263/263/263
f 259/259/259 264/264/264 261/261/261
f 265/265/265 261/261/261 264/264/264
f 264/264/264 266/266/266 265/265/265
f 269/269/269 268/268/268 267/267/267
f 268/268/268 269/269/269 270/270/270
f 268/268/268 270/270/270 271/271/271
f 268/268/268 271/271/271 272/272/272
f 272/272/272 273/273/273 268/268/268
f 274/274/274 273/273/273 272/272/272
f 271/271/271 275/275/275 272/272/272
f 271/271/271 276/276/276 275/275/275
f 273/273/273 274/274/274 277/277/277
f 274/274/274 278/278/278 277/277/277
f 278/278/278 274/274/274 279/279/279
f 274/274/274 280/280/280 279/279/279
f 279/279/279 280/280/280 281/281/281
f 280/280/280 282/282/282 281/281/281
f 279/279/279 281/281/281 283/283/283
f 281/281/281 284/284/284 283/283/283
f 282/282/282 284/284/284 281/281/281
f 284/284/284 285/285/285 283/283/283
f 286/286/286 285/285/285 284/284/284
f 286/286/286 284/284/284 287/287/287
f 282/282/282 288/288/288 284/284/284
f 284/284/284 288/288/288 289/289/289
f 280/280/280 274/274/274 290/290/290
f 291/291/291 282/282/282 280/280/280
f 291/291/291 280/280/280 290/290/290
f 274/274/274 292/292/292 290/290/290
f 274/274/274 293/293/293 292/292/292
f 292/292/292 293/293/293 294/294/294
f 290/290/290 292/292/292 295/295/295
f 294/294/294 295/295/295 292/292/292
f 295/295/295 294/294/294 296/296/296
f 296/296/296 294/294/294 297/297/297
f 298/298/298 291/291/291 290/290/290
f 298/298/298 299/299/299 291/291/291
f 299/299/299 298/298/298 300/300/300
f 282/282/282 301/301/301 288/288/288
f 302/302/302 288/288/288 301/301/301
f 303/303/303 288/288/288 302/302/302
f 303/303/303 302/302/302 304/304/304
f 305/305/305 301/301/301 282/282/282
f 306/306/306 282/282/282 291/291/291
f 306/306/306 305/305/305 282/282/282
f 307/307/307 305/305/305 306/306/306
f 308/308/308 305/305/305 307/307/307
f 307/307/307 306/306/306 309/309/309
f 310/310/310 306/306/306 291/291/291
f 306/306/306 310/310/310 309/309/309
f 310/310/310 291/291/291 311/311/311
f 310/310/310 312/312/312 309/309/309
f 313/313/313 310/310/310 311/311/311
f 310/310/310 313/313/313 312/312/312
f 316/316/316 315/315/315 314/314/314
f 316/316/316 314/314/314 317/317/317
f 318/318/318 317/317/317 314/314/314
f 318/318/318 314/314/314 319/319/319
f 320/320/320 318/318/318 319/319/319
f 319/319/319 321/321/321 320/320/320
f 322/322/322 316/316/316 317/317/317
f 323/323/323 316/316/316 322/322/322
f 324/324/324 317/317/317 318/318/318
f 324/324/324 318/318/318 320/320/320
f 325/325/325 320/320/320 321/321/321
f 325/325/325 321/321/321 326/326/326
f 326/326/326 327/327/327 325/325/325
f 327/327/327 326/326/326 328/328/328
f 329/329/329 323/323/323 322/322/322
f 330/330/330 323/323/323 329/329/329
f 331/331/331 322/322/322 317/317/317
f 324/324/324 331/331/331 317/317/317
f 325/325/325 332/332/332 320/320/320
f 332/332/332 325/325/325 327/327/327
f 332/332/332 327/327/327 333/333/333
f 320/320/320 332/332/332 333/333/333
f 333/333/333 334/334/334 320/320/320
f 328/328/328 335/335/335 327/327/327
f 327/327/327 335/335/335 333/333/333
f 336/336/336 324/324/324 320/320/320
f 320/320/320 334/334/334 336/336/336
f 336/336/336 337/337/337 324/324/324
f 331/331/331 324/324/324 337/337/337
f 331/331/331 338/338/338 322/322/322
f 338/338/338 329/329/329 322/322/322
f 339/339/339 337/337/337 336/336/336
f 339/339/339 336/336/336 334/334/334
f 331/331/331 337/337/337 340/340/340
f 340/340/340 338/338/338 331/331/331
f 339/339/339 340/340/340 337/337/337
f 341/341/341 340/340/340 339/339/339
f 340/340/340 341/341/341 338/338/338
f 335/335/335 328/328/328 342/342/342
f 328/328/328 343/343/343 342/342/342
f 344/344/344 339/339/339 334/334/334
f 341/341/341 339/339/339 344/344/344
f 345/345/345 329/329/329 338/338/338
f 341/341/341 346/346/346 338/338/338
f 346/346/346 345/345/345 338/338/338
f 347/347/347 329/329/329 345/345/345
f 347/347/347 330/330/330 329/329/329
f 341/341/341 348/348/348 346/346/346
f 346/346/346 348/348/348 345/345/345
f 349/349/349 342/342/342 343/343/343
f 349/349/349 350/350/350 342/342/342
f 349/349/349 343/343/343 351/351/351
f 343/343/343 352/352/352 351/351/351
f 351/351/351 352/352/352 353/353/353
f 343/343/343 354/354/354 352/352/352
f 343/343/343 355/355/355 354/354/354
f 354/354/354 356/356/356 352/352/352
f 353/353/353 352/352/352 357/357/357
f 353/353/353 357/357/357 358/358/358
f 356/356/356 359/359/359 352/352/352
f 352/352/352 359/359/359 357/357/357
f 360/360/360 359/359/359 356/356/356
f 359/359/359 361/361/361 357/357/357
f 359/359/359 362/362/362 361/361/361
f 364/364/364 342/342/342 363/363/363
f 342/342/342 364/364/364 365/365/365
f 365/365/365 335/335/335 342/342/342
f 364/364/364 366/366/366 365/365/365
f 367/367/367 366/366/366 364/364/364
f 365/365/365 368/368/368 335/335/335
f 365/365/365 366/366/366 368/368/368
f 369/369/369 366/366/366 367/367/367
f 369/369/369 368/368/368 366/366/366
f 369/369/369 367/367/367 370/370/370
f 371/371/371 370/370/370 367/367/367
f 372/372/372 369/369/369 370/370/370
f 368/368/368 373/373/373 335/335/335
f 335/335/335 373/373/373 333/333/333
f 373/373/373 334/334/334 333/333/333
f 369/369/369 374/374/374 368/368/368
f 372/372/372 374/374/374 369/369/369
f 368/368/368 375/375/375 373/373/373
f 375/375/375 334/334/334 373/373/373
f 368/368/368 374/374/374 375/375/375
f 376/376/376 334/334/334 375/375/375
f 376/376/376 344/344/344 334/334/334
f 377/377/377 344/344/344 376/376/376
f 378/378/378 376/376/376 375/375/375
f 378/378/378 375/375/375 374/374/374
f 377/377/377 376/376/376 378/378/378
f 379/379/379 378/378/378 374/374/374
f 377/377/377 378/378/378 379/379/379
f 380/380/380 374/374/374 372/372/372
f 379/379/379 374/374/374 380/380/380
f 372/372/372 381/381/381 380/380/380
f 381/381/381 372/372/372 382/382/382
f 383/383/383 381/381/381 382/382/382
f 381/381/381 384/384/384 380/380/380
f 384/384/384 379/379/379 380/380/380
f 385/385/385 379/379/379 384/384/384
f 379/379/379 385/385/385 377/377/377
f 385/385/385 386/386/386 377/377/377
f 387/387/387 344/344/344 377/377/377
f 387/387/387 341/341/341 344/344/344
f 386/386/386 388/388/388 377/377/377
f 387/387/387 377/377/377 388/388/388
f 386/386/386 389/389/389 388/388/388
f 389/389/389 387/387/387 388/388/388
f 387/387/387 389/389/389 390/390/390
f 391/391/391 341/341/341 387/387/387
f 390/390/390 391/391/391 387/387/387
f 390/390/390 392/392/392 391/391/391
f 391/391/391 348/348/348 341/341/341
f 392/392/392 393/393/393 391/391/391
f 391/391/391 394/394/394 348/348/348
f 393/393/393 394/394/394 391/391/391
f 395/395/395 348/348/348 394/394/394
f 395/395/395 345/345/345 348/348/348
f 396/396/396 394/394/394 393/393/393
f 396/396/396 395/395/395 394/394/394
f 393/393/393 397/397/397 396/396/396
f 393/393/393 398/398/398 397/397/397
f 398/398/398 393/393/393 399/399/399
f 400/400/400 345/345/345 395/395/395
f 400/400/400 347/347/347 345/345/345
f 401/401/401 347/347/347 400/400/400
f 396/396/396 402/402/402 395/395/395
f 403/403/403 402/402/402 396/396/396
f 402/402/402 404/404/404 395/395/395
f 404/404/404 400/400/400 395/395/395
f 402/402/402 403/403/403 404/404/404
f 405/405/405 400/400/400 404/404/404
f 403/403/403 405/405/405 404/404/404
f 405/405/405 401/401/401 400/400/400
f 403/403/403 406/406/406 405/405/405
f 406/406/406 407/407/407 405/405/405
f 407/407/407 408/408/408 405/405/405
f 408/408/408 401/401/401 405/405/405
f 407/407/407 409/409/409 408/408/408
f 408/408/408 409/409/409 410/410/410
f 408/408/408 410/410/410 401/401/401
f 401/401/401 411/411/411 347/347/347
f 411/411/411 330/330/330 347/347/347
f 409/409/409 412/412/412 410/410/410
f 413/413/413 412/412/412 409/409/409
f 411/411/411 414/414/414 330/330/330
f 414/414/414 415/415/415 330/330/330
f 415/415/415 414/414/414 416/416/416
f 417/417/417 414/414/414 411/411/411
f 417/417/417 411/411/411 418/418/418
f 411/411/411 401/401/401 418/418/418
f 419/419/419 417/417/417 418/418/418
f 420/420/420 401/401/401 410/410/410
f 418/418/418 401/401/401 420/420/420
f 419/419/419 418/418/418 421/421/421
f 420/420/420 421/421/421 418/418/418
f 410/410/410 422/422/422 420/420/420
f 412/412/412 422/422/422 410/410/410
f 420/420/420 422/422/422 421/421/421
f 413/413/413 423/423/423 412/412/412
f 424/424/424 423/423/423 413/413/413
f 421/421/421 425/425/425 419/419/419
f 425/425/425 426/426/426 419/419/419
f 422/422/422 427/427/427 421/421/421
f 425/425/425 421/421/421 427/427/427
f 412/412/412 428/428/428 422/422/422
f 423/423/423 428/428/428 412/412/412
f 425/425/425 429/429/429 426/426/426
f 429/429/429 430/430/430 426/426/426
f 431/431/431 429/429/429 425/425/425
f 429/429/429 431/431/431 430/430/430
f 427/427/427 431/431/431 425/425/425
f 430/430/430 431/431/431 432/432/432
f 427/427/427 433/433/433 431/431/431
f 430/430/430 432/432/432 434/434/434
f 432/432/432 435/435/435 434/434/434
f 436/436/436 427/427/427 422/422/422
f 422/422/422 428/428/428 436/436/436
f 436/436/436 433/433/433 427/427/427
f 428/428/428 437/437/437 436/436/436
f 437/437/437 433/433/433 436/436/436
f 438/438/438 428/428/428 423/423/423
f 428/428/428 438/438/438 437/437/437
f 439/439/439 438/438/438 423/423/423
f 440/440/440 439/439/439 423/423/423
f 441/441/441 437/437/437 438/438/438
f 439/439/439 441/441/441 438/438/438
f 441/441/441 433/433/433 437/437/437
f 440/440/440 442/442/442 439/439/439
f 442/442/442 441/441/441 439/439/439
f 432/432/432 443/443/443 435/435/435
f 444/444/444 435/435/435 443/443/443
f 445/445/445 444/444/444 443/443/443
f 446/446/446 442/442/442 440/440/440
f 447/447/447 446/446/446 440/440/440
f 448/448/448 446/446/446 447/447/447
f 442/442/442 446/446/446 449/449/449
f 449/449/449 450/450/450 442/442/442
f 449/449/449 451/451/451 450/450/450
f 442/442/442 452/452/452 441/441/441
f 442/442/442 450/450/450 452/452/452
f 452/452/452 453/453/453 441/441/441
f 450/450/450 453/453/453 452/452/452
f 441/441/441 453/453/453 433/433/433
f 450/450/450 451/451/451 454/454/454
f 451/451/451 455/455/455 454/454/454
f 455/455/455 456/456/456 454/454/454
f 455/455/455 457/457/457 456/456/456
f 458/458/458 457/457/457 455/455/455
f 457/457/457 458/458/458 459/459/459
f 459/459/459 456/456/456 457/457/457
f 458/458/458 460/460/460 459/459/459
f 460/460/460 461/461/461 459/459/459
f 456/456/456 459/459/459 462/462/462
f 450/450/450 454/454/454 463/463/463
f 450/450/450 464/464/464 453/453/453
f 450/450/450 463/463/463 464/464/464
f 465/465/465 453/453/453 464/464/464
f 463/463/463 466/466/466 464/464/464
f 454/454/454 467/467/467 463/463/463
f 463/463/463 467/467/467 466/466/466
f 456/456/456 467/467/467 454/454/454
f 467/467/467 456/456/456 466/466/466
f 456/456/456 468/468/468 466/466/466
f 453/453/453 465/465/465 469/469/469
f 453/453/453 469/469/469 433/433/433
f 470/470/470 469/469/469 465/465/465
f 433/433/433 469/469/469 471/471/471
f 469/469/469 470/470/470 471/471/471
f 431/431/431 433/433/433 471/471/471
f 431/431/431 471/471/471 432/432/432
f 470/470/470 472/472/472 471/471/471
f 432/432/432 471/471/471 472/472/472
f 470/470/470 473/473/473 472/472/472
f 473/473/473 474/474/474 472/472/472
f 468/468/468 456/456/456 475/475/475
f 456/456/456 462/462/462 475/475/475
f 472/472/472 476/476/476 432/432/432
f 476/476/476 443/443/443 432/432/432
f 472/472/472 474/474/474 477/477/477
f 472/472/472 477/477/477 476/476/476
f 476/476/476 477/477/477 443/443/443
f 474/474/474 478/478/478 477/477/477
f 477/477/477 479/479/479 443/443/443
f 479/479/479 477/477/477 478/478/478
f 443/443/443 479/479/479 445/445/445
f 480/480/480 468/468/468 475/475/475
f 480/480/480 481/481/481 468/468/468
f 480/480/480 475/475/475 482/482/482
f 475/475/475 462/462/462 482/482/482
f 480/480/480 482/482/482 481/481/481
f 462/462/462 481/481/481 482/482/482
f 481/481/481 462/462/462 483/483/483
f 483/483/483 484/484/484 481/481/481
f 483/483/483 485/485/485 484/484/484
f 483/483/483 486/486/486 485/485/485
f 487/487/487 485/485/485 486/486/486
f 488/488/488 487/487/487 486/486/486
f 488/488/488 489/489/489 487/487/487
f 488/488/488 490/490/490 489/489/489
f 491/491/491 489/489/489 490/490/490
f 491/491/491 492/492/492 489/489/489
f 491/491/491 493/493/493 492/492/492
f 491/491/491 494/494/494 493/493/493
f 493/493/493 495/495/495 492/492/492
f 495/495/495 496/496/496 492/492/492
f 494/494/494 497/497/497 493/493/493
f 493/493/493 497/497/497 495/495/495
f 494/494/494 498/498/498 497/497/497
f 495/495/495 499/499/499 496/496/496
f 497/497/497 499/499/499 495/495/495
f 498/498/498 499/499/499 497/497/497
f 499/499/499 500/500/500 496/496/496
f 499/499/499 498/498/498 500/500/500
f 503/503/503 502/502/502 501/501/501
f 501/501/501 502/502/502 504/504/504
f 501/501/501 504/504/504 505/505/505
f 502/502/502 506/506/506 504/504/504
f 507/507/507 506/506/506 502/502/502
f 506/506/506 508/508/508 504/504/504
f 506/506/506 509/509/509 508/508/508
f 509/509/509 506/506/506 510/510/510
f 509/509/509 510/510/510 511/511/511
f 510/510/510 512/512/512 511/511/511
f 505/505/505 504/504/504 513/513/513
f 504/504/504 508/508/508 514/514/514
f 513/513/513 504/504/504 514/514/514
f 508/508/508 509/509/509 515/515/515
f 508/508/508 515/515/515 516/516/516
f 508/508/508 516/516/516 514/514/514
f 515/515/515 509/509/509 517/517/517
f 516/516/516 515/515/515 517/517/517
f 518/518/518 509/509/509 511/511/511
f 517/517/517 509/509/509 518/518/518
f 511/511/511 519/519/519 518/518/518
f 511/511/511 520/520/520 519/519/519
f 519/519/519 521/521/521 518/518/518
f 518/518/518 521/521/521 517/517/517
f 517/517/517 521/521/521 522/522/522
f 516/516/516 517/517/517 522/522/522
f 522/522/522 523/523/523 516/516/516
f 514/514/514 516/516/516 523/523/523
f 523/523/523 522/522/522 524/524/524
f 523/523/523 525/525/525 514/514/514
f 513/513/513 514/514/514 525/525/525
f 526/526/526 523/523/523 524/524/524
f 525/525/525 523/523/523 526/526/526
f 526/526/526 524/524/524 527/527/527
f 526/526/526 527/527/527 528/528/528
f 525/525/525 526/526/526 529/529/529
f 530/530/530 529/529/529 526/526/526
f 531/531/531 529/529/529 530/530/530
f 532/532/532 513/513/513 525/525/525
f 529/529/529 532/532/532 525/525/525
f 531/531/531 533/533/533 529/529/529
f 529/529/529 533/533/533 532/532/532
f 534/534/534 533/533/533 531/531/531
f 533/533/533 534/534/534 535/535/535
f 535/535/535 532/532/532 533/533/533
f 513/513/513 532/532/532 536/536/536
f 505/505/505 513/513/513 536/536/536
f 532/532/532 537/537/537 536/536/536
f 505/505/505 536/536/536 537/537/537
f 535/535/535 537/537/537 532/532/532
f 505/505/505 537/537/537 538/538/538
f 537/537/537 539/539/539 538/538/538
f 539/539/539 537/537/537 535/535/535
f 534/534/534 539/539/539 535/535/535
f 539/539/539 534/534/534 540/540/540
f 543/543/543 542/542/542 541/541/541
f 544/544/544 541/541/541 542/542/542
f 545/545/545 541/541/541 544/544/544
f 542/542/542 546/546/546 544/544/544
f 547/547/547 546/546/546 542/542/542
f 548/548/548 546/546/546 547/547/547
f 547/547/547 549/549/549 548/548/548
f 549/549/549 550/550/550 548/548/548
f 549/549/549 547/547/547 551/551/551
f 551/551/551 552/552/552 549/549/549
f 552/552/552 551/551/551 553/553/553
f 553/553/553 551/551/551 554/554/554
f 552/552/552 553/553/553 555/555/555
f 556/556/556 552/552/552 555/555/555
f 557/557/557 556/556/556 555/555/555
f 556/556/556 558/558/558 552/552/552
f 552/552/552 559/559/559 549/549/549
f 558/558/558 559/559/559 552/552/552
f 559/559/559 550/550/550 549/549/549
f 560/560/560 559/559/559 558/558/558
f 560/560/560 550/550/550 559/559/559
f 561/561/561 550/550/550 560/560/560
f 562/562/562 550/550/550 561/561/561
f 563/563/563 550/550/550 562/562/562
f 564/564/564 550/550/550 563/563/563
f 565/565/565 562/562/562 561/561/561
f 563/563/563 562/562/562 565/565/565
f 561/561/561 566/566/566 565/565/565
f 565/565/565 566/566/566 567/567/567
f 565/565/565 567/567/567 563/563/563
f 564/564/564 563/563/563 568/568/568
f 568/568/568 569/569/569 564/564/564
f 568/568/568 563/563/563 570/570/570
f 571/571/571 568/568/568 570/570/570
f 572/572/572 571/571/571 570/570/570
f 571/571/571 572/572/572 573/573/573
f 573/573/573 572/572/572 574/574/574
f 563/563/563 575/575/575 570/570/570
f 575/575/575 572/572/572 570/570/570
f 563/563/563 576/576/576 575/575/575
f 567/567/567 576/576/576 563/563/563
f 577/577/577 576/576/576 567/567/567
f 577/577/577 567/567/567 578/578/578
f 572/572/572 575/575/575 579/579/579
f 572/572/572 579/579/579 574/574/574
f 574/574/574 579/579/579 580/580/580
f 581/581/581 574/574/574 580/580/580
f 584/584/584 583/583/583 582/582/582
f 583/583/583 584/584/584 585/585/585
f 585/585/585 586/586/586 583/583/583
f 584/584/584 587/587/587 585/585/585
f 587/587/587 584/584/584 588/588/588
f 584/584/584 589/589/589 588/588/588
f 590/590/590 583/583/583 586/586/586
f 583/583/583 590/590/590 591/591/591
f 591/591/591 590/590/590 592/592/592
f 592/592/592 590/590/590 593/593/593
f 590/590/590 594/594/594 593/593/593
f 590/590/590 586/586/586 594/594/594
f 586/586/586 595/595/595 594/594/594
f 585/585/585 596/596/596 586/586/586
f 585/585/585 597/597/597 596/596/596
f 586/586/586 598/598/598 595/595/595
f 595/595/595 598/598/598 599/599/599
f 599/599/599 598/598/598 600/600/600
f 586/586/586 600/600/600 598/598/598
f 586/586/586 596/596/596 600/600/600
f 596/596/596 597/597/597 600/600/600
f 597/597/597 601/601/601 600/600/600
f 597/597/597 602/602/602 601/601/601
f 597/597/597 603/603/603 602/602/602
f 602/602/602 604/604/604 601/601/601
f 601/601/601 605/605/605 600/600/600
f 605/605/605 601/601/601 604/604/604
f 606/606/606 600/600/600 605/605/605
f 607/607/607 605/605/605 604/604/604
f 607/607/607 604/604/604 608/608/608
f 611/611/611 610/610/610 609/609/609
f 612/612/612 611/611/611 609/609/609
f 613/613/613 612/612/612 609/609/609
f 612/612/612 614/614/614 611/611/611
f 614/614/614 615/615/615 611/611/611
f 613/613/613 616/616/616 612/612/612
f 616/616/616 614/614/614 612/612/612
f 613/613/613 617/617/617 616/616/616
f 618/618/618 617/617/617 613/613/613
f 619/619/619 617/617/617 618/618/618
f 615/615/615 614/614/614 620/620/620
f 620/620/620 621/621/621 615/615/615
f 615/615/615 621/621/621 622/622/622
f 620/620/620 614/614/614 623/623/623
f 620/620/620 623/623/623 621/621/621
f 616/616/616 624/624/624 614/614/614
f 624/624/624 623/623/623 614/614/614
f 617/617/617 625/625/625 616/616/616
f 616/616/616 625/625/625 624/624/624
f 626/626/626 623/623/623 624/624/624
f 621/621/621 623/623/623 626/626/626
f 625/625/625 627/627/627 624/624/624
f 627/627/627 626/626/626 624/624/624
f 628/628/628 627/627/627 625/625/625
f 629/629/629 628/628/628 625/625/625
f 629/629/629 625/625/625 617/617/617
f 628/628/628 630/630/630 627/627/627
f 631/631/631 630/630/630 628/628/628
f 632/632/632 627/627/627 630/630/630
f 632/632/632 630/630/630 631/631/631
f 633/633/633 626/626/626 627/627/627
f 633/633/633 627/627/627 632/632/632
f 634/634/634 632/632/632 631/631/631
f 635/635/635 632/632/632 634/634/634
f 633/633/633 632/632/632 635/635/635
f 634/634/634 631/631/631 636/636/636
f 637/637/637 633/633/633 635/635/635
f 633/633/633 638/638/638 626/626/626
f 638/638/638 633/633/633 637/637/637
f 638/638/638 639/639/639 626/626/626
f 639/639/639 621/621/621 626/626/626
f 640/640/640 638/638/638 637/637/637
f 639/639/639 638/638/638 640/640/640
f 641/641/641 640/640/640 637/637/637
f 621/621/621 639/639/639 642/642/642
f 640/640/640 642/642/642 639/639/639
f 636/636/636 631/631/631 643/643/643
f 631/631/631 628/628/628 643/643/643
f 621/621/621 642/642/642 644/644/644
f 621/621/621 644/644/644 622/622/622
f 622/622/622 644/644/644 645/645/645
f 645/645/645 646/646/646 622/622/622
f 646/646/646 645/645/645 647/647/647
f 645/645/645 648/648/648 647/647/647
f 647/647/647 648/648/648 649/649/649
f 649/649/649 648/648/648 650/650/650
f 648/648/648 651/651/651 650/650/650
f 644/644/644 652/652/652 645/645/645
f 645/645/645 652/652/652 648/648/648
f 644/644/644 653/653/653 652/652/652
f 642/642/642 653/653/653 644/644/644
f 654/654/654 648/648/648 652/652/652
f 648/648/648 654/654/654 651/651/651
f 653/653/653 654/654/654 652/652/652
f 655/655/655 653/653/653 642/642/642
f 656/656/656 655/655/655 642/642/642
f 642/642/642 640/640/640 656/656/656
f 657/657/657 656/656/656 640/640/640
f 657/657/657 640/640/640 641/641/641
f 656/656/656 657/657/657 658/658/658
f 657/657/657 641/641/641 658/658/658
f 655/655/655 656/656/656 658/658/658
f 659/659/659 658/658/658 641/641/641
f 653/653/653 660/660/660 654/654/654
f 661/661/661 651/651/651 654/654/654
f 654/654/654 660/660/660 661/661/661
f 651/651/651 661/661/661 662/662/662
f 661/661/661 660/660/660 662/662/662
f 653/653/653 663/663/663 660/660/660
f 655/655/655 663/663/663 653/653/653
f 663/663/663 664/664/664 660/660/660
f 662/662/662 660/660/660 664/664/664
f 662/662/662 664/664/664 665/665/665
f 666/666/666 662/662/662 665/665/665
f 662/662/662 666/666/666 651/651/651
f 666/666/666 665/665/665 667/667/667
f 651/651/651 666/666/666 668/668/668
f 666/666/666 669/669/669 668/668/668
f 666/666/666 667/667/667 669/669/669
f 670/670/670 668/668/668 669/669/669
f 669/669/669 667/667/667 670/670/670
f 667/667/667 671/671/671 670/670/670
f 672/672/672 663/663/663 655/655/655
f 672/672/672 664/664/664 663/663/663
f 673/673/673 665/665/665 664/664/664
f 673/673/673 664/664/664 672/672/672
f 674/674/674 672/672/672 655/655/655
f 655/655/655 658/658/658 674/674/674
f 675/675/675 674/674/674 658/658/658
f 659/659/659 675/675/675 658/658/658
f 676/676/676 672/672/672 674/674/674
f 674/674/674 675/675/675 676/676/676
f 676/676/676 675/675/675 677/677/677
f 677/677/677 675/675/675 678/678/678
f 675/675/675 659/659/659 678/678/678
f 659/659/659 679/679/679 678/678/678
f 680/680/680 672/672/672 676/676/676
f 680/680/680 673/673/673 672/672/672
f 681/681/681 673/673/673 680/680/680
f 681/681/681 665/665/665 673/673/673
f 682/682/682 681/681/681 680/680/680
f 683/683/683 681/681/681 682/682/682
f 684/684/684 683/683/683 682/682/682
f 685/685/685 681/681/681 683/683/683
f 683/683/683 684/684/684 685/685/685
f 665/665/665 681/681/681 685/685/685
f 686/686/686 685/685/685 684/684/684
f 686/686/686 665/665/665 685/685/685
f 687/687/687 686/686/686 684/684/684
f 688/688/688 686/686/686 687/687/687
f 689/689/689 688/688/688 687/687/687
f 665/665/665 686/686/686 690/690/690
f 690/690/690 686/686/686 688/688/688
f 665/665/665 690/690/690 667/667/667
f 691/691/691 667/667/667 690/690/690
f 688/688/688 691/691/691 690/690/690
f 667/667/667 691/691/691 692/692/692
f 688/688/688 692/692/692 691/691/691
f 671/671/671 667/667/667 692/692/692
f 693/693/693 688/688/688 689/689/689
f 689/689/689 694/694/694 693/693/693
f 695/695/695 688/688/688 693/693/693
f 694/694/694 695/695/695 693/693/693
f 688/688/688 695/695/695 692/692/692
f 696/696/696 695/695/695 694/694/694
f 671/671/671 692/692/692 697/697/697
f 671/671/671 697/697/697 698/698/698
f 692/692/692 699/699/699 697/697/697
f 692/692/692 695/695/695 699/699/699
f 698/698/698 697/697/697 699/699/699
f 700/700/700 695/695/695 696/696/696
f 699/699/699 695/695/695 700/700/700
f 701/701/701 698/698/698 699/699/699
f 701/701/701 699/699/699 700/700/700
f 702/702/702 698/698/698 701/701/701
f 702/702/702 701/701/701 703/703/703
f 701/701/701 704/704/704 703/703/703
f 705/705/705 704/704/704 701/701/701
f 705/705/705 701/701/701 700/700/700
f 696/696/696 705/705/705 700/700/700
f 696/696/696 706/706/706 705/705/705
f 709/709/709 708/708/708 707/707/707
f 708/708/708 709/709/709 710/710/710
f 710/710/710 711/711/711 708/708/708
f 711/711/711 710/710/710 712/712/712
f 710/710/710 713/713/713 712/712/712
f 714/714/714 713/713/713 710/710/710
f 709/709/709 714/714/714 710/710/710
f 714/714/714 715/715/715 713/713/713
f 713/713/713 715/715/715 716/716/716
f 717/717/717 715/715/715 714/714/714
f 709/709/709 717/717/717 714/714/714
f 718/718/718 717/717/717 709/709/709
f 709/709/709 719/719/719 718/718/718
f 722/722/722 721/721/721 720/720/720
f 720/720/720 721/721/721 723/723/723
f 723/723/723 721/721/721 724/724/724
f 720/720/720 723/723/723 725/725/725
f 720/720/720 725/725/725 726/726/726
f 726/726/726 727/727/727 720/720/720
f 728/728/728 720/720/720 727/727/727
f 723/723/723 729/729/729 725/725/725
f 730/730/730 729/729/729 723/723/723
f 723/723/723 724/724/724 730/730/730
f 731/731/731 729/729/729 730/730/730
f 724/724/724 732/732/732 730/730/730
f 730/730/730 732/732/732 731/731/731
f 724/724/724 733/733/733 732/732/732
f 732/732/732 733/733/733 734/734/734
f 732/732/732 734/734/734 731/731/731
f 735/735/735 734/734/734 733/733/733
f 731/731/731 734/734/734 736/736/736
f 737/737/737 731/731/731 736/736/736
f 738/738/738 737/737/737 736/736/736
f 741/741/741 740/740/740 739/739/739
f 739/739/739 742/742/742 741/741/741
f 743/743/743 741/741/741 742/742/742
f 744/744/744 742/742/742 739/739/739
f 743/743/743 742/742/742 744/744/744
f 744/744/744 739/739/739 745/745/745
f 743/743/743 744/744/744 746/746/746
f 744/744/744 745/745/745 747/747/747
f 746/746/746 744/744/744 747/747/747
f 745/745/745 748/748/748 747/747/747
f 747/747/747 748/748/748 749/749/749
f 750/750/750 746/746/746 747/747/747
f 747/747/747 749/749/749 750/750/750
f 751/751/751 750/750/750 749/749/749
f 750/750/750 751/751/751 752/752/752
f 751/751/751 753/753/753 752/752/752
f 754/754/754 752/752/752 753/753/753
f 754/754/754 753/753/753 755/755/755
f 754/754/754 755/755/755 756/756/756
f 755/755/755 753/753/753 757/757/757
f 755/755/755 757/757/757 758/758/758
f 761/761/761 760/760/760 759/759/759
f 761/761/761 762/762/762 760/760/760
f 760/760/760 762/762/762 763/763/763
f 764/764/764 762/762/762 761/761/761
f 761/761/761 765/765/765 764/764/764
f 766/766/766 764/764/764 765/765/765
f 767/767/767 766/766/766 765/765/765
f 767/767/767 768/768/768 766/766/766
f 768/768/768 767/767/767 769/769/769
f 766/766/766 770/770/770 764/764/764
f 770/770/770 762/762/762 764/764/764
f 768/768/768 770/770/770 766/766/766
f 769/769/769 771/771/771 768/768/768
f 769/769/769 772/772/772 771/771/771
f 773/773/773 768/768/768 771/771/771
f 773/773/773 771/771/771 774/774/774
f 775/775/775 773/773/773 774/774/774
f 776/776/776 773/773/773 775/775/775
f 776/776/776 775/775/775 777/777/777
f 768/768/768 773/773/773 778/778/778
f 778/778/778 773/773/773 776/776/776
f 768/768/768 779/779/779 770/770/770
f 778/778/778 779/779/779 768/768/768
f 779/779/779 780/780/780 770/770/770
f 779/779/779 778/778/778 780/780/780
f 762/762/762 770/770/770 781/781/781
f 781/781/781 770/770/770 780/780/780
f 781/781/781 782/782/782 762/762/762
f 781/781/781 780/780/780 782/782/782
f 782/782/782 763/763/763 762/762/762
f 782/782/782 783/783/783 763/763/763
f 763/763/763 783/783/783 784/784/784
f 784/784/784 783/783/783 785/785/785
f 783/783/783 786/786/786 785/785/785
f 785/785/785 786/786/786 787/787/787
f 786/786/786 788/788/788 787/787/787
f 783/783/783 782/782/782 789/789/789
f 782/782/782 780/780/780 789/789/789
f 783/783/783 789/789/789 786/786/786
f 778/778/778 790/790/790 780/780/780
f 778/778/778 776/776/776 790/790/790
f 780/780/780 791/791/791 789/789/789
f 780/780/780 790/790/790 791/791/791
f 791/791/791 786/786/786 789/789/789
f 790/790/790 776/776/776 791/791/791
f 786/786/786 792/792/792 788/788/788
f 788/788/788 792/792/792 793/793/793
f 786/786/786 791/791/791 794/794/794
f 792/792/792 786/786/786 794/794/794
f 791/791/791 776/776/776 794/794/794
f 792/792/792 794/794/794 793/793/793
f 776/776/776 795/795/795 794/794/794
f 776/776/776 777/777/777 795/795/795
f 795/795/795 777/777/777 796/796/796
f 795/795/795 796/796/796 797/797/797
f 795/795/795 798/798/798 794/794/794
f 794/794/794 798/798/798 793/793/793
f 798/798/798 795/795/795 797/797/797
f 797/797/797 793/793/793 798/798/798
f 797/797/797 799/799/799 793/793/793
f 797/797/797 800/800/800 799/799/799
f 799/799/799 800/800/800 801/801/801
f 800/800/800 802/802/802 801/801/801
f 803/803/803 801/801/801 802/802/802
f 801/801/801 803/803/803 804/804/804
f 804/804/804 803/803/803 805/805/805
f 805/805/805 806/806/806 804/804/804
f 806/806/806 807/807/807 804/804/804
f 806/806/806 808/808/808 807/807/807
f 801/801/801 804/804/804 809/809/809
f 804/804/804 807/807/807 809/809/809
f 799/799/799 801/801/801 810/810/810
f 810/810/810 801/801/801 809/809/809
f 811/811/811 799/799/799 810/810/810
f 811/811/811 810/810/810 809/809/809
f 812/812/812 799/799/799 811/811/811
f 813/813/813 811/811/811 809/809/809
f 813/813/813 809/809/809 814/814/814
f 809/809/809 807/807/807 814/814/814
f 813/813/813 814/814/814 815/815/815
f 814/814/814 807/807/807 815/815/815
f 815/815/815 816/816/816 813/813/813
f 815/815/815 817/817/817 816/816/816
f 807/807/807 808/808/808 818/818/818
f 807/807/807 818/818/818 815/815/815
f 819/819/819 818/818/818 808/808/808
f 818/818/818 819/819/819 820/820/820
f 815/815/815 818/818/818 820/820/820
f 820/820/820 819/819/819 821/821/821
f 817/817/817 815/815/815 822/822/822
f 822/822/822 815/815/815 820/820/820
f 817/817/817 822/822/822 823/823/823
f 820/820/820 821/821/821 824/824/824
f 820/820/820 824/824/824 822/822/822
f 821/821/821 825/825/825 824/824/824
f 822/822/822 826/826/826 823/823/823
f 822/822/822 824/824/824 826/826/826
f 827/827/827 823/823/823 826/826/826
f 828/828/828 827/827/827 826/826/826
f 824/824/824 828/828/828 826/826/826
f 829/829/829 827/827/827 828/828/828
f 829/829/829 828/828/828 830/830/830
f 830/830/830 831/831/831 829/829/829
f 831/831/831 830/830/830 832/832/832
f 825/825/825 833/833/833 824/824/824
f 828/828/828 824/824/824 833/833/833
f 833/833/833 830/830/830 828/828/828
f 833/833/833 825/825/825 834/834/834
f 834/834/834 835/835/835 833/833/833
f 833/833/833 835/835/835 830/830/830
f 836/836/836 835/835/835 834/834/834
f 837/837/837 835/835/835 836/836/836
f 835/835/835 837/837/837 838/838/838
f 838/838/838 837/837/837 839/839/839
f 835/835/835 840/840/840 830/830/830
f 840/840/840 835/835/835 838/838/838
f 830/830/830 840/840/840 841/841/841
f 840/840/840 838/838/838 841/841/841
f 830/830/830 841/841/841 832/832/832
f 838/838/838 839/839/839 842/842/842
f 842/842/842 841/841/841 838/838/838
f 839/839/839 843/843/843 842/842/842
f 841/841/841 842/842/842 844/844/844
f 832/832/832 841/841/841 844/844/844
f 842/842/842 843/843/843 845/845/845
f 842/842/842 845/845/845 844/844/844
f 843/843/843 846/846/846 845/845/845
f 845/845/845 846/846/846 844/844/844
f 844/844/844 846/846/846 847/847/847
f 847/847/847 846/846/846 848/848/848
f 849/849/849 844/844/844 847/847/847
f 847/847/847 848/848/848 849/849/849
f 849/849/849 832/832/832 844/844/844
f 848/848/848 850/850/850 849/849/849
f 849/849/849 850/850/850 851/851/851
f 852/852/852 849/849/849 851/851/851
f 852/852/852 832/832/832 849/849/849
f 832/832/832 852/852/852 853/853/853
f 856/856/856 855/855/855 854/854/854
f 854/854/854 857/857/857 856/856/856
f 854/854/854 858/858/858 857/857/857
f 858/858/858 859/859/859 857/857/857
f 860/860/860 859/859/859 858/858/858
f 861/861/861 856/856/856 857/857/857
f 857/857/857 859/859/859 861/861/861
f 860/860/860 862/862/862 859/859/859
f 859/859/859 862/862/862 863/863/863
f 862/862/862 860/860/860 864/864/864
f 862/862/862 864/864/864 863/863/863
f 860/860/860 865/865/865 864/864/864
f 865/865/865 866/866/866 864/864/864
f 865/865/865 867/867/867 866/866/866
f 866/866/866 867/867/867 868/868/868
f 866/866/866 868/868/868 869/869/869
f 864/864/864 866/866/866 869/869/869
f 864/864/864 869/869/869 870/870/870
f 870/870/870 863/863/863 864/864/864
f 869/869/869 871/871/871 870/870/870
f 872/872/872 870/870/870 871/871/871
f 873/873/873 870/870/870 872/872/872
f 873/873/873 863/863/863 870/870/870
f 873/873/873 872/872/872 874/874/874
f 875/875/875 863/863/863 873/873/873
f 876/876/876 863/863/863 875/875/875
f 876/876/876 875/875/875 877/877/877
f 863/863/863 876/876/876 878/878/878
f 878/878/878 876/876/876 879/879/879
f 859/859/859 863/863/863 878/878/878
f 876/876/876 877/877/877 880/880/880
f 879/879/879 876/876/876 880/880/880
f 881/881/881 880/880/880 877/877/877
f 881/881/881 882/882/882 880/880/880
f 859/859/859 878/878/878 883/883/883
f 883/883/883 878/878/878 879/879/879
f 859/859/859 883/883/883 861/861/861
f 861/861/861 883/883/883 884/884/884
f 883/883/883 879/879/879 884/884/884
f 861/861/861 884/884/884 856/856/856
f 885/885/885 856/856/856 884/884/884
f 885/885/885 884/884/884 879/879/879
f 886/886/886 856/856/856 885/885/885
f 856/856/856 886/886/886 887/887/887
f 888/888/888 885/885/885 879/879/879
f 889/889/889 879/879/879 880/880/880
f 888/888/888 879/879/879 889/889/889
f 882/882/882 890/890/890 880/880/880
f 889/889/889 880/880/880 890/890/890
f 888/888/888 889/889/889 891/891/891
f 890/890/890 891/891/891 889/889/889
f 888/888/888 891/891/891 892/892/892
f 890/890/890 882/882/882 893/893/893
f 890/890/890 893/893/893 891/891/891
f 893/893/893 882/882/882 894/894/894
f 893/893/893 894/894/894 895/895/895
f 893/893/893 895/895/895 891/891/891
f 894/894/894 896/896/896 895/895/895
f 891/891/891 897/897/897 892/892/892
f 891/891/891 895/895/895 897/897/897
f 895/895/895 896/896/896 898/898/898
f 898/898/898 897/897/897 895/895/895
f 899/899/899 898/898/898 896/896/896
f 897/897/897 898/898/898 899/899/899
f 896/896/896 900/900/900 899/899/899
f 899/899/899 901/901/901 897/897/897
f 892/892/892 897/897/897 901/901/901
f 902/902/902 892/892/892 901/901/901
f 905/905/905 904/904/904 903/903/903
f 906/906/906 905/905/905 903/903/903
f 907/907/907 905/905/905 906/906/906
f 906/906/906 903/903/903 908/908/908
f 908/908/908 909/909/909 906/906/906
f 910/910/910 909/909/909 908/908/908
f 910/910/910 911/911/911 909/909/909
f 910/910/910 908/908/908 912/912/912
f 908/908/908 913/913/913 912/912/912
f 912/912/912 913/913/913 914/914/914
f 915/915/915 910/910/910 912/912/912
f 911/911/911 910/910/910 915/915/915
f 909/909/909 911/911/911 916/916/916
f 916/916/916 917/917/917 909/909/909
f 917/917/917 916/916/916 918/918/918
f 919/919/919 917/917/917 918/918/918
f 912/912/912 914/914/914 920/920/920
f 912/912/912 920/920/920 915/915/915
f 911/911/911 921/921/921 916/916/916
f 921/921/921 918/918/918 916/916/916
f 918/918/918 922/922/922 919/919/919
f 918/918/918 921/921/921 923/923/923
f 922/922/922 918/918/918 923/923/923
f 919/919/919 922/922/922 924/924/924
f 925/925/925 919/919/919 924/924/924
f 926/926/926 925/925/925 924/924/924
f 927/927/927 925/925/925 926/926/926
f 924/924/924 922/922/922 928/928/928
f 929/929/929 924/924/924 928/928/928
f 928/928/928 922/922/922 930/930/930
f 931/931/931 930/930/930 922/922/922
f 922/922/922 923/923/923 931/931/931
f 931/931/931 923/923/923 932/932/932
f 923/923/923 921/921/921 932/932/932
f 921/921/921 933/933/933 932/932/932
f 911/911/911 933/933/933 921/921/921
f 933/933/933 934/934/934 932/932/932
f 935/935/935 932/932/932 934/934/934
f 911/911/911 936/936/936 933/933/933
f 934/934/934 933/933/933 937/937/937
f 936/936/936 937/937/937 933/933/933
f 936/936/936 911/911/911 938/938/938
f 915/915/915 938/938/938 911/911/911
f 937/937/937 939/939/939 934/934/934
f 934/934/934 939/939/939 940/940/940
f 940/940/940 939/939/939 941/941/941
f 941/941/941 939/939/939 942/942/942
f 941/941/941 943/943/943 940/940/940
f 943/943/943 941/941/941 944/944/944
f 936/936/936 945/945/945 937/937/937
f 936/936/936 938/938/938 945/945/945
f 937/937/937 946/946/946 939/939/939
f 939/939/939 946/946/946 942/942/942
f 937/937/937 945/945/945 946/946/946
f 915/915/915 947/947/947 938/938/938
f 920/920/920 947/947/947 915/915/915
f 943/943/943 944/944/944 948/948/948
f 949/949/949 943/943/943 948/948/948
f 949/949/949 948/948/948 950/950/950
f 948/948/948 944/944/944 950/950/950
f 949/949/949 950/950/950 951/951/951
f 938/938/938 952/952/952 945/945/945
f 947/947/947 952/952/952 938/938/938
f 920/920/920 953/953/953 947/947/947
f 920/920/920 914/914/914 953/953/953
f 954/954/954 953/953/953 914/914/914
f 947/947/947 953/953/953 955/955/955
f 947/947/947 955/955/955 952/952/952
f 956/956/956 954/954/954 914/914/914
f 914/914/914 957/957/957 956/956/956
f 954/954/954 956/956/956 958/958/958
f 954/954/954 958/958/958 959/959/959
f 954/954/954 959/959/959 960/960/960
f 954/954/954 960/960/960 961/961/961
f 954/954/954 962/962/962 953/953/953
f 962/962/962 955/955/955 953/953/953
f 962/962/962 954/954/954 961/961/961
f 945/945/945 952/952/952 963/963/963
f 952/952/952 955/955/955 964/964/964
f 952/952/952 964/964/964 963/963/963
f 945/945/945 963/963/963 965/965/965
f 945/945/945 965/965/965 946/946/946
f 946/946/946 965/965/965 966/966/966
f 942/942/942 946/946/946 966/966/966
f 965/965/965 967/967/967 966/966/966
f 942/942/942 966/966/966 967/967/967
f 965/965/965 963/963/963 968/968/968
f 965/965/965 968/968/968 967/967/967
f 968/968/968 963/963/963 969/969/969
f 970/970/970 969/969/969 963/963/963
f 970/970/970 963/963/963 964/964/964
f 955/955/955 971/971/971 964/964/964
f 964/964/964 971/971/971 970/970/970
f 962/962/962 972/972/972 955/955/955
f 955/955/955 972/972/972 971/971/971
f 968/968/968 973/973/973 967/967/967
f 968/968/968 974/974/974 973/973/973
f 975/975/975 967/967/967 973/973/973
f 967/967/967 975/975/975 942/942/942
f 975/975/975 973/973/973 976/976/976
f 977/977/977 975/975/975 976/976/976
f 977/977/977 942/942/942 975/975/975
f 978/978/978 977/977/977 976/976/976
f 942/942/942 977/977/977 979/979/979
f 979/979/979 977/977/977 978/978/978
f 941/941/941 942/942/942 979/979/979
f 979/979/979 978/978/978 980/980/980
f 941/941/941 979/979/979 980/980/980
f 981/981/981 980/980/980 978/978/978
f 981/981/981 941/941/941 980/980/980
f 982/982/982 941/941/941 981/981/981
f 941/941/941 982/982/982 944/944/944
f 982/982/982 981/981/981 983/983/983
f 983/983/983 944/944/944 982/982/982
f 984/984/984 983/983/983 981/981/981
f 984/984/984 944/944/944 983/983/983
f 985/985/985 944/944/944 984/984/984
f 985/985/985 984/984/984 986/986/986
f 950/950/950 944/944/944 985/985/985
f 987/987/987 985/985/985 986/986/986
f 987/987/987 986/986/986 988/988/988
f 989/989/989 987/987/987 988/988/988
f 990/990/990 985/985/985 987/987/987
f 990/990/990 950/950/950 985/985/985
f 989/989/989 990/990/990 987/987/987
f 991/991/991 950/950/950 990/990/990
f 991/991/991 951/951/951 950/950/950
f 992/992/992 951/951/951 991/991/991
f 993/993/993 992/992/992 991/991/991
f 993/993/993 991/991/991 990/990/990
f 989/989/989 993/993/993 990/990/990
f 994/994/994 993/993/993 989/989/989
f 993/993/993 994/994/994 995/995/995
f 995/995/995 994/994/994 996/996/996
f 994/994/994 989/989/989 997/997/997
f 997/997/997 989/989/989 998/998/998
f 1001/1001/1001 1000/1000/1000 999/999/999
f 1002/1002/1002 1001/1001/1001 999/999/999
f 1003/1003/1003 1001/1001/1001 1002/1002/1002
f 1004/1004/1004 1003/1003/1003 1002/1002/1002
f 1003/1003/1003 1004/1004/1004 1005/1005/1005
f 1006/1006/1006 1003/1003/1003 1005/1005/1005
f 1009/1009/1009 1008/1008/1008 1007/1007/1007
f 1009/1009/1009 1010/1010/1010 1008/1008/1008
f 1011/1011/1011 1008/1008/1008 1010/1010/1010
f 1010/1010/1010 1012/1012/1012 1011/1011/1011
f 1008/1008/1008 1011/1011/1011 1013/1013/1013
f 1012/1012/1012 1013/1013/1013 1011/1011/1011
f 1013/1013/1013 1012/1012/1012 1014/1014/1014
f 1014/1014/1014 1015/1015/1015 1013/1013/1013
f 1016/1016/1016 1015/1015/1015 1014/1014/1014
f 1014/1014/1014 1012/1012/1012 1016/1016/1016
f 1012/1012/1012 1017/1017/1017 1016/1016/1016
f 1012/1012/1012 1018/1018/1018 1017/1017/1017
f 1019/1019/1019 1012/1012/1012 1010/1010/1010
f 1012/1012/1012 1019/1019/1019 1018/1018/1018
f 1016/1016/1016 1020/1020/1020 1015/1015/1015
f 1020/1020/1020 1021/1021/1021 1015/1015/1015
f 1022/1022/1022 1019/1019/1019 1010/1010/1010
f 1010/1010/1010 1009/1009/1009 1022/1022/1022
f 1023/1023/1023 1020/1020/1020 1016/1016/1016
f 1016/1016/1016 1017/1017/1017 1023/1023/1023
f 1024/1024/1024 1020/1020/1020 1023/1023/1023
f 1023/1023/1023 1017/1017/1017 1024/1024/1024
f 1024/1024/1024 1025/1025/1025 1020/1020/1020
f 1026/1026/1026 1018/1018/1018 1019/1019/1019
f 1022/1022/1022 1026/1026/1026 1019/1019/1019
f 1027/1027/1027 1026/1026/1026 1022/1022/1022
f 1026/1026/1026 1027/1027/1027 1018/1018/1018
f 1022/1022/1022 1009/1009/1009 1028/1028/1028
f 1022/1022/1022 1028/1028/1028 1027/1027/1027
f 1028/1028/1028 1009/1009/1009 1029/1029/1029
f 1030/1030/1030 1029/1029/1029 1009/1009/1009
f 1029/1029/1029 1030/1030/1030 1031/1031/1031
f 1024/1024/1024 1017/1017/1017 1032/1032/1032
f 1017/1017/1017 1033/1033/1033 1032/1032/1032
f 1032/1032/1032 1033/1033/1033 1034/1034/1034
f 1033/1033/1033 1017/1017/1017 1035/1035/1035
f 1018/1018/1018 1035/1035/1035 1017/1017/1017
f 1033/1033/1033 1035/1035/1035 1034/1034/1034
f 1036/1036/1036 1035/1035/1035 1018/1018/1018
f 1027/1027/1027 1037/1037/1037 1018/1018/1018
f 1018/1018/1018 1037/1037/1037 1036/1036/1036
f 1027/1027/1027 1038/1038/1038 1037/1037/1037
f 1037/1037/1037 1038/1038/1038 1036/1036/1036
f 1028/1028/1028 1039/1039/1039 1027/1027/1027
f 1038/1038/1038 1027/1027/1027 1039/1039/1039
f 1039/1039/1039 1028/1028/1028 1040/1040/1040
f 1039/1039/1039 1040/1040/1040 1038/1038/1038
f 1028/1028/1028 1029/1029/1029 1040/1040/1040
f 1036/1036/1036 1038/1038/1038 1041/1041/1041
f 1042/1042/1042 1036/1036/1036 1041/1041/1041
f 1040/1040/1040 1043/1043/1043 1038/1038/1038
f 1036/1036/1036 1042/1042/1042 1044/1044/1044
f 1035/1035/1035 1036/1036/1036 1045/1045/1045
f 1036/1036/1036 1044/1044/1044 1045/1045/1045
f 1034/1034/1034 1035/1035/1035 1045/1045/1045
f 1046/1046/1046 1043/1043/1043 1040/1040/1040
f 1029/1029/1029 1046/1046/1046 1040/1040/1040
f 1043/1043/1043 1046/1046/1046 1047/1047/1047
f 1045/1045/1045 1044/1044/1044 1048/1048/1048
f 1048/1048/1048 1044/1044/1044 1049/1049/1049
f 1046/1046/1046 1029/1029/1029 1050/1050/1050
f 1050/1050/1050 1029/1029/1029 1031/1031/1031
f 1051/1051/1051 1047/1047/1047 1046/1046/1046
f 1050/1050/1050 1051/1051/1051 1046/1046/1046
f 1047/1047/1047 1051/1051/1051 1052/1052/1052
f 1048/1048/1048 1053/1053/1053 1045/1045/1045
f 1034/1034/1034 1045/1045/1045 1053/1053/1053
f 1049/1049/1049 1054/1054/1054 1048/1048/1048
f 1048/1048/1048 1054/1054/1054 1053/1053/1053
f 1055/1055/1055 1054/1054/1054 1049/1049/1049
f 1053/1053/1053 1054/1054/1054 1056/1056/1056
f 1034/1034/1034 1053/1053/1053 1056/1056/1056
f 1054/1054/1054 1055/1055/1055 1057/1057/1057
f 1057/1057/1057 1055/1055/1055 1058/1058/1058
f 1057/1057/1057 1058/1058/1058 1059/1059/1059
f 1060/1060/1060 1057/1057/1057 1059/1059/1059
f 1051/1051/1051 1061/1061/1061 1052/1052/1052
f 1051/1051/1051 1062/1062/1062 1061/1061/1061
f 1063/1063/1063 1052/1052/1052 1061/1061/1061
f 1063/1063/1063 1061/1061/1061 1062/1062/1062
f 1064/1064/1064 1034/1034/1034 1056/1056/1056
f 1064/1064/1064 1024/1024/1024 1034/1034/1034
f 1065/1065/1065 1064/1064/1064 1056/1056/1056
f 1065/1065/1065 1024/1024/1024 1064/1064/1064
f 1051/1051/1051 1066/1066/1066 1062/1062/1062
f 1067/1067/1067 1062/1062/1062 1066/1066/1066
f 1051/1051/1051 1050/1050/1050 1066/1066/1066
f 1050/1050/1050 1067/1067/1067 1066/1066/1066
f 1062/1062/1062 1068/1068/1068 1063/1063/1063
f 1063/1063/1063 1068/1068/1068 1069/1069/1069
f 1069/1069/1069 1068/1068/1068 1070/1070/1070
f 1070/1070/1070 1068/1068/1068 1062/1062/1062
f 1071/1071/1071 1070/1070/1070 1062/1062/1062
f 1062/1062/1062 1067/1067/1067 1071/1071/1071
f 1070/1070/1070 1071/1071/1071 1072/1072/1072
f 1067/1067/1067 1072/1072/1072 1071/1071/1071
f 1070/1070/1070 1072/1072/1072 1073/1073/1073
f 1073/1073/1073 1072/1072/1072 1074/1074/1074
f 1074/1074/1074 1072/1072/1072 1075/1075/1075
f 1075/1075/1075 1072/1072/1072 1067/1067/1067
f 1067/1067/1067 1076/1076/1076 1075/1075/1075
f 1077/1077/1077 1067/1067/1067 1050/1050/1050
f 1076/1076/1076 1067/1067/1067 1077/1077/1077
f 1031/1031/1031 1077/1077/1077 1050/1050/1050
f 1031/1031/1031 1076/1076/1076 1077/1077/1077
f 1080/1080/1080 1079/1079/1079 1078/1078/1078
f 1081/1081/1081 1079/1079/1079 1080/1080/1080
f 1082/1082/1082 1079/1079/1079 1081/1081/1081
f 1083/1083/1083 1079/1079/1079 1082/1082/1082
f 1081/1081/1081 1084/1084/1084 1082/1082/1082
f 1080/1080/1080 1085/1085/1085 1081/1081/1081
f 1084/1084/1084 1081/1081/1081 1085/1085/1085
f 1085/1085/1085 1080/1080/1080 1086/1086/1086
f 1087/1087/1087 1084/1084/1084 1085/1085/1085
f 1088/1088/1088 1087/1087/1087 1085/1085/1085
f 1087/1087/1087 1088/1088/1088 1089/1089/1089
f 1090/1090/1090 1087/1087/1087 1089/1089/1089
f 1089/1089/1089 1088/1088/1088 1091/1091/1091
f 1089/1089/1089 1091/1091/1091 1090/1090/1090
f 1090/1090/1090 1091/1091/1091 1092/1092/1092
f 1093/1093/1093 1092/1092/1092 1091/1091/1091
f 1094/1094/1094 1090/1090/1090 1092/1092/1092
f 1094/1094/1094 1092/1092/1092 1095/1095/1095
f 1098/1098/1098 1097/1097/1097 1096/1096/1096
f 1097/1097/1097 1099/1099/1099 1096/1096/1096
f 1100/1100/1100 1096/1096/1096 1099/1099/1099
f 1096/1096/1096 1100/1100/1100 1101/1101/1101
f 1101/1101/1101 1100/1100/1100 1102/1102/1102
f 1097/1097/1097 1103/1103/1103 1099/1099/1099
f 1101/1101/1101 1102/1102/1102 1104/1104/1104
f 1097/1097/1097 1105/1105/1105 1103/1103/1103
f 1103/1103/1103 1105/1105/1105 1106/1106/1106
f 1097/1097/1097 1107/1107/1107 1105/1105/1105
f 1106/1106/1106 1105/1105/1105 1108/1108/1108
f 1107/1107/1107 1108/1108/1108 1105/1105/1105
f 1106/1106/1106 1108/1108/1108 1109/1109/1109
f 1110/1110/1110 1108/1108/1108 1107/1107/1107
f 1104/1104/1104 1102/1102/1102 1111/1111/1111
f 1112/1112/1112 1104/1104/1104 1111/1111/1111
f 1111/1111/1111 1102/1102/1102 1113/1113/1113
f 1113/1113/1113 1102/1102/1102 1114/1114/1114
f 1115/1115/1115 1109/1109/1109 1108/1108/1108
f 1115/1115/1115 1116/1116/1116 1109/1109/1109
f 1110/1110/1110 1117/1117/1117 1108/1108/1108
f 1117/1117/1117 1115/1115/1115 1108/1108/1108
f 1117/1117/1117 1116/1116/1116 1115/1115/1115
f 1110/1110/1110 1118/1118/1118 1117/1117/1117
f 1119/1119/1119 1117/1117/1117 1118/1118/1118
f 1119/1119/1119 1116/1116/1116 1117/1117/1117
f 1120/1120/1120 1119/1119/1119 1118/1118/1118
f 1119/1119/1119 1121/1121/1121 1116/1116/1116
f 1116/1116/1116 1121/1121/1121 1122/1122/1122
f 1122/1122/1122 1121/1121/1121 1123/1123/1123
f 1124/1124/1124 1122/1122/1122 1123/1123/1123
f 1123/1123/1123 1121/1121/1121 1125/1125/1125
f 1119/1119/1119 1126/1126/1126 1121/1121/1121
f 1126/1126/1126 1125/1125/1125 1121/1121/1121
f 1120/1120/1120 1126/1126/1126 1119/1119/1119
f 1125/1125/1125 1126/1126/1126 1127/1127/1127
f 1127/1127/1127 1126/1126/1126 1128/1128/1128
f 1128/1128/1128 1126/1126/1126 1129/1129/1129
f 1120/1120/1120 1129/1129/1129 1126/1126/1126
f 1128/1128/1128 1129/1129/1129 1130/1130/1130
f 1130/1130/1130 1129/1129/1129 1131/1131/1131
f 1120/1120/1120 1131/1131/1131 1129/1129/1129
f 1132/1132/1132 1131/1131/1131 1120/1120/1120
f 1135/1135/1135 1134/1134/1134 1133/1133/1133
f 1136/1136/1136 1134/1134/1134 1135/1135/1135
f 1137/1137/1137 1136/1136/1136 1135/1135/1135
f 1137/1137/1137 1135/1135/1135 1138/1138/1138
f 1137/1137/1137 1138/1138/1138 1139/1139/1139
f 1134/1134/1134 1136/1136/1136 1140/1140/1140
f 1140/1140/1140 1136/1136/1136 1141/1141/1141
f 1140/1140/1140 1141/1141/1141 1142/1142/1142
f 1142/1142/1142 1141/1141/1141 1143/1143/1143
f 1144/1144/1144 1134/1134/1134 1140/1140/1140
f 1145/1145/1145 1144/1144/1144 1140/1140/1140
f 1134/1134/1134 1144/1144/1144 1146/1146/1146
f 1147/1147/1147 1134/1134/1134 1146/1146/1146
f 1147/1147/1147 1146/1146/1146 1148/1148/1148
f 1144/1144/1144 1149/1149/1149 1146/1146/1146
f 1148/1148/1148 1146/1146/1146 1150/1150/1150
f 1150/1150/1150 1146/1146/1146 1149/1149/1149
f 1150/1150/1150 1149/1149/1149 1151/1151/1151
f 1151/1151/1151 1152/1152/1152 1150/1150/1150
f 1153/1153/1153 1150/1150/1150 1152/1152/1152
f 1153/1153/1153 1152/1152/1152 1154/1154/1154
f 1151/1151/1151 1149/1149/1149 1155/1155/1155
f 1156/1156/1156 1154/1154/1154 1152/1152/1152
f 1157/1157/1157 1151/1151/1151 1155/1155/1155
f 1151/1151/1151 1157/1157/1157 1152/1152/1152
f 1158/1158/1158 1157/1157/1157 1155/1155/1155
f 1159/1159/1159 1157/1157/1157 1158/1158/1158
f 1160/1160/1160 1157/1157/1157 1159/1159/1159
f 1157/1157/1157 1160/1160/1160 1161/1161/1161
f 1152/1152/1152 1157/1157/1157 1161/1161/1161
f 1162/1162/1162 1161/1161/1161 1160/1160/1160
f 1156/1156/1156 1152/1152/1152 1163/1163/1163
f 1163/1163/1163 1152/1152/1152 1161/1161/1161
f 1156/1156/1156 1163/1163/1163 1164/1164/1164
f 1163/1163/1163 1165/1165/1165 1164/1164/1164
f 1165/1165/1165 1163/1163/1163 1166/1166/1166
f 1166/1166/1166 1163/1163/1163 1161/1161/1161
f 1161/1161/1161 1162/1162/1162 1166/1166/1166
f 1166/1166/1166 1162/1162/1162 1167/1167/1167
f 1170/1170/1170 1169/1169/1169 1168/1168/1168
f 1171/1171/1171 1168/1168/1168 1169/1169/1169
f 1171/1171/1171 1172/1172/1172 1168/1168/1168
f 1172/1172/1172 1173/1173/1173 1168/1168/1168
f 1173/1173/1173 1174/1174/1174 1168/1168/1168
f 1177/1177/1177 1176/1176/1176 1175/1175/1175
f 1178/1178/1178 1177/1177/1177 1175/1175/1175
f 1177/1177/1177 1178/1178/1178 1179/1179/1179
f 1178/1178/1178 1180/1180/1180 1179/1179/1179
f 1178/1178/1178 1175/1175/1175 1181/1181/1181
f 1181/1181/1181 1180/1180/1180 1178/1178/1178
f 1179/1179/1179 1180/1180/1180 1182/1182/1182
f 1183/1183/1183 1179/1179/1179 1182/1182/1182
f 1180/1180/1180 1184/1184/1184 1182/1182/1182
f 1182/1182/1182 1184/1184/1184 1185/1185/1185
f 1186/1186/1186 1184/1184/1184 1180/1180/1180
f 1181/1181/1181 1186/1186/1186 1180/1180/1180
f 1181/1181/1181 1187/1187/1187 1186/1186/1186
f 1187/1187/1187 1188/1188/1188 1186/1186/1186
f 1186/1186/1186 1189/1189/1189 1184/1184/1184
f 1188/1188/1188 1189/1189/1189 1186/1186/1186
f 1189/1189/1189 1190/1190/1190 1184/1184/1184
f 1190/1190/1190 1189/1189/1189 1191/1191/1191
f 1189/1189/1189 1192/1192/1192 1191/1191/1191
f 1188/1188/1188 1192/1192/1192 1189/1189/1189
f 1191/1191/1191 1192/1192/1192 1193/1193/1193
f 1193/1193/1193 1192/1192/1192 1194/1194/1194
f 1188/1188/1188 1194/1194/1194 1192/1192/1192
f 1193/1193/1193 1194/1194/1194 1195/1195/1195
f 1193/1193/1193 1195/1195/1195 1196/1196/1196
f 1195/1195/1195 1194/1194/1194 1197/1197/1197
f 1198/1198/1198 1197/1197/1197 1194/1194/1194
f 1194/1194/1194 1188/1188/1188 1198/1198/1198
f 1199/1199/1199 1197/1197/1197 1198/1198/1198
f 1188/1188/1188 1199/1199/1199 1198/1198/1198
f 1200/1200/1200 1197/1197/1197 1199/1199/1199
f 1188/1188/1188 1187/1187/1187 1201/1201/1201
f 1199/1199/1199 1188/1188/1188 1201/1201/1201
f 1200/1200/1200 1199/1199/1199 1202/1202/1202
f 1200/1200/1200 1202/1202/1202 1203/1203/1203
f 1203/1203/1203 1202/1202/1202 1204/1204/1204
f 1199/1199/1199 1201/1201/1201 1205/1205/1205
f 1205/1205/1205 1202/1202/1202 1199/1199/1199
f 1201/1201/1201 1187/1187/1187 1205/1205/1205
f 1204/1204/1204 1202/1202/1202 1206/1206/1206
f 1202/1202/1202 1205/1205/1205 1206/1206/1206
f 1207/1207/1207 1204/1204/1204 1206/1206/1206
f 1207/1207/1207 1206/1206/1206 1208/1208/1208
f 1207/1207/1207 1208/1208/1208 1209/1209/1209
f 1210/1210/1210 1209/1209/1209 1208/1208/1208
f 1206/1206/1206 1205/1205/1205 1211/1211/1211
f 1205/1205/1205 1187/1187/1187 1212/1212/1212
f 1205/1205/1205 1212/1212/1212 1211/1211/1211
f 1212/1212/1212 1213/1213/1213 1211/1211/1211
f 1214/1214/1214 1206/1206/1206 1211/1211/1211
f 1208/1208/1208 1206/1206/1206 1214/1214/1214
f 1212/1212/1212 1187/1187/1187 1215/1215/1215
f 1212/1212/1212 1215/1215/1215 1216/1216/1216
f 1216/1216/1216 1215/1215/1215 1175/1175/1175
f 1215/1215/1215 1187/1187/1187 1217/1217/1217
f 1215/1215/1215 1217/1217/1217 1175/1175/1175
f 1217/1217/1217 1187/1187/1187 1181/1181/1181
f 1217/1217/1217 1181/1181/1181 1175/1175/1175
f 1214/1214/1214 1211/1211/1211 1218/1218/1218
f 1211/1211/1211 1219/1219/1219 1218/1218/1218
f 1214/1214/1214 1218/1218/1218 1220/1220/1220
f 1221/1221/1221 1220/1220/1220 1218/1218/1218
f 1214/1214/1214 1220/1220/1220 1222/1222/1222
f 1223/1223/1223 1222/1222/1222 1220/1220/1220
f 1222/1222/1222 1224/1224/1224 1214/1214/1214
f 1208/1208/1208 1214/1214/1214 1224/1224/1224
f 1224/1224/1224 1222/1222/1222 1225/1225/1225
f 1208/1208/1208 1224/1224/1224 1226/1226/1226
f 1224/1224/1224 1225/1225/1225 1226/1226/1226
f 1226/1226/1226 1225/1225/1225 1227/1227/1227
f 1226/1226/1226 1210/1210/1210 1208/1208/1208
f 1228/1228/1228 1226/1226/1226 1227/1227/1227
f 1210/1210/1210 1226/1226/1226 1228/1228/1228
f 1229/1229/1229 1210/1210/1210 1228/1228/1228
f 1232/1232/1232 1231/1231/1231 1230/1230/1230
f 1231/1231/1231 1232/1232/1232 1233/1233/1233
f 1234/1234/1234 1231/1231/1231 1233/1233/1233
f 1235/1235/1235 1231/1231/1231 1234/1234/1234
f 1232/1232/1232 1236/1236/1236 1233/1233/1233
f 1233/1233/1233 1236/1236/1236 1234/1234/1234
f 1236/1236/1236 1237/1237/1237 1234/1234/1234
f 1235/1235/1235 1234/1234/1234 1238/1238/1238
f 1238/1238/1238 1239/1239/1239 1235/1235/1235
f 1239/1239/1239 1238/1238/1238 1240/1240/1240
f 1232/1232/1232 1241/1241/1241 1236/1236/1236
f 1241/1241/1241 1232/1232/1232 1242/1242/1242
f 1243/1243/1243 1241/1241/1241 1242/1242/1242
f 1244/1244/1244 1241/1241/1241 1243/1243/1243
f 1245/1245/1245 1244/1244/1244 1243/1243/1243
f 1236/1236/1236 1241/1241/1241 1246/1246/1246
f 1246/1246/1246 1241/1241/1241 1244/1244/1244
f 1244/1244/1244 1247/1247/1247 1246/1246/1246
f 1248/1248/1248 1247/1247/1247 1244/1244/1244
f 1236/1236/1236 1246/1246/1246 1249/1249/1249
f 1250/1250/1250 1249/1249/1249 1246/1246/1246
f 1237/1237/1237 1236/1236/1236 1249/1249/1249
f 1249/1249/1249 1251/1251/1251 1237/1237/1237
f 1237/1237/1237 1251/1251/1251 1252/1252/1252
f 1252/1252/1252 1251/1251/1251 1253/1253/1253
f 1253/1253/1253 1251/1251/1251 1254/1254/1254
f 1254/1254/1254 1255/1255/1255 1253/1253/1253
f 1252/1252/1252 1253/1253/1253 1256/1256/1256
f 1252/1252/1252 1256/1256/1256 1237/1237/1237
f 1257/1257/1257 1253/1253/1253 1255/1255/1255
f 1253/1253/1253 1257/1257/1257 1256/1256/1256
f 1255/1255/1255 1258/1258/1258 1257/1257/1257
f 1255/1255/1255 1259/1259/1259 1258/1258/1258
f 1257/1257/1257 1258/1258/1258 1260/1260/1260
f 1261/1261/1261 1257/1257/1257 1260/1260/1260
f 1261/1261/1261 1256/1256/1256 1257/1257/1257
f 1261/1261/1261 1260/1260/1260 1262/1262/1262
f 1237/1237/1237 1256/1256/1256 1263/1263/1263
f 1261/1261/1261 1263/1263/1263 1256/1256/1256
f 1261/1261/1261 1262/1262/1262 1264/1264/1264
f 1264/1264/1264 1263/1263/1263 1261/1261/1261
f 1264/1264/1264 1265/1265/1265 1263/1263/1263
f 1264/1264/1264 1262/1262/1262 1266/1266/1266
f 1237/1237/1237 1263/1263/1263 1267/1267/1267
f 1267/1267/1267 1263/1263/1263 1265/1265/1265
f 1234/1234/1234 1237/1237/1237 1267/1267/1267
f 1234/1234/1234 1267/1267/1267 1238/1238/1238
f 1268/1268/1268 1264/1264/1264 1266/1266/1266
f 1265/1265/1265 1264/1264/1264 1269/1269/1269
f 1270/1270/1270 1268/1268/1268 1266/1266/1266
f 1266/1266/1266 1271/1271/1271 1270/1270/1270
f 1272/1272/1272 1268/1268/1268 1270/1270/1270
f 1272/1272/1272 1270/1270/1270 1273/1273/1273
f 1267/1267/1267 1274/1274/1274 1238/1238/1238
f 1267/1267/1267 1265/1265/1265 1274/1274/1274
f 1238/1238/1238 1274/1274/1274 1275/1275/1275
f 1275/1275/1275 1240/1240/1240 1238/1238/1238
f 1275/1275/1275 1276/1276/1276 1240/1240/1240
f 1277/1277/1277 1240/1240/1240 1276/1276/1276
f 1276/1276/1276 1275/1275/1275 1278/1278/1278
f 1275/1275/1275 1274/1274/1274 1278/1278/1278
f 1276/1276/1276 1278/1278/1278 1279/1279/1279
f 1280/1280/1280 1276/1276/1276 1279/1279/1279
f 1279/1279/1279 1278/1278/1278 1281/1281/1281
f 1281/1281/1281 1278/1278/1278 1282/1282/1282
f 1278/1278/1278 1274/1274/1274 1282/1282/1282
f 1282/1282/1282 1274/1274/1274 1283/1283/1283
f 1274/1274/1274 1265/1265/1265 1283/1283/1283
f 1265/1265/1265 1284/1284/1284 1283/1283/1283
f 1284/1284/1284 1265/1265/1265 1285/1285/1285
f 1285/1285/1285 1265/1265/1265 1269/1269/1269
f 1284/1284/1284 1285/1285/1285 1286/1286/1286
f 1286/1286/1286 1285/1285/1285 1269/1269/1269
f 1286/1286/1286 1269/1269/1269 1287/1287/1287
f 1284/1284/1284 1286/1286/1286 1288/1288/1288
f 1288/1288/1288 1286/1286/1286 1289/1289/1289
f 1292/1292/1292 1291/1291/1291 1290/1290/1290
f 1292/1292/1292 1293/1293/1293 1291/1291/1291
f 1292/1292/1292 1294/1294/1294 1293/1293/1293
f 1295/1295/1295 1294/1294/1294 1292/1292/1292
f 1296/1296/1296 1294/1294/1294 1295/1295/1295
f 1297/1297/1297 1296/1296/1296 1295/1295/1295
f 1298/1298/1298 1296/1296/1296 1297/1297/1297
f 1299/1299/1299 1298/1298/1298 1297/1297/1297
f 1299/1299/1299 1300/1300/1300 1298/1298/1298
f 1300/1300/1300 1299/1299/1299 1301/1301/1301
f 1302/1302/1302 1301/1301/1301 1299/1299/1299
f 1303/1303/1303 1301/1301/1301 1302/1302/1302
f 1306/1306/1306 1305/1305/1305 1304/1304/1304
f 1305/1305/1305 1307/1307/1307 1304/1304/1304
f 1305/1305/1305 1308/1308/1308 1307/1307/1307
f 1309/1309/1309 1308/1308/1308 1305/1305/1305
f 1308/1308/1308 1309/1309/1309 1310/1310/1310
f 1308/1308/1308 1311/1311/1311 1307/1307/1307
f 1308/1308/1308 1310/1310/1310 1311/1311/1311
f 1304/1304/1304 1307/1307/1307 1312/1312/1312
f 1312/1312/1312 1313/1313/1313 1304/1304/1304
f 1304/1304/1304 1313/1313/1313 1314/1314/1314
f 1314/1314/1314 1313/1313/1313 1315/1315/1315
f 1307/1307/1307 1316/1316/1316 1312/1312/1312
f 1312/1312/1312 1317/1317/1317 1313/1313/1313
f 1316/1316/1316 1317/1317/1317 1312/1312/1312
f 1315/1315/1315 1313/1313/1313 1318/1318/1318
f 1317/1317/1317 1318/1318/1318 1313/1313/1313
f 1307/1307/1307 1319/1319/1319 1316/1316/1316
f 1319/1319/1319 1307/1307/1307 1311/1311/1311
f 1318/1318/1318 1320/1320/1320 1315/1315/1315
f 1315/1315/1315 1320/1320/1320 1321/1321/1321
f 1320/1320/1320 1322/1322/1322 1321/1321/1321
f 1321/1321/1321 1322/1322/1322 1323/1323/1323
f 1320/1320/1320 1324/1324/1324 1322/1322/1322
f 1318/1318/1318 1324/1324/1324 1320/1320/1320
f 1325/1325/1325 1322/1322/1322 1324/1324/1324
f 1318/1318/1318 1326/1326/1326 1324/1324/1324
f 1317/1317/1317 1326/1326/1326 1318/1318/1318
f 1327/1327/1327 1317/1317/1317 1316/1316/1316
f 1327/1327/1327 1316/1316/1316 1319/1319/1319
f 1324/1324/1324 1328/1328/1328 1325/1325/1325
f 1324/1324/1324 1326/1326/1326 1328/1328/1328
f 1317/1317/1317 1329/1329/1329 1326/1326/1326
f 1327/1327/1327 1329/1329/1329 1317/1317/1317
f 1328/1328/1328 1326/1326/1326 1330/1330/1330
f 1326/1326/1326 1329/1329/1329 1330/1330/1330
f 1319/1319/1319 1331/1331/1331 1327/1327/1327
f 1327/1327/1327 1332/1332/1332 1329/1329/1329
f 1332/1332/1332 1327/1327/1327 1331/1331/1331
f 1333/1333/1333 1330/1330/1330 1329/1329/1329
f 1333/1333/1333 1329/1329/1329 1332/1332/1332
f 1328/1328/1328 1330/1330/1330 1334/1334/1334
f 1333/1333/1333 1334/1334/1334 1330/1330/1330
f 1325/1325/1325 1328/1328/1328 1335/1335/1335
f 1328/1328/1328 1334/1334/1334 1335/1335/1335
f 1325/1325/1325 1335/1335/1335 1336/1336/1336
f 1325/1325/1325 1336/1336/1336 1337/1337/1337
f 1335/1335/1335 1338/1338/1338 1336/1336/1336
f 1335/1335/1335 1334/1334/1334 1338/1338/1338
f 1338/1338/1338 1334/1334/1334 1339/1339/1339
f 1340/1340/1340 1334/1334/1334 1333/1333/1333
f 1341/1341/1341 1340/1340/1340 1333/1333/1333
f 1340/1340/1340 1341/1341/1341 1342/1342/1342
f 1342/1342/1342 1341/1341/1341 1343/1343/1343
f 1344/1344/1344 1333/1333/1333 1332/1332/1332
f 1341/1341/1341 1333/1333/1333 1344/1344/1344
f 1343/1343/1343 1341/1341/1341 1345/1345/1345
f 1345/1345/1345 1341/1341/1341 1344/1344/1344
f 1343/1343/1343 1345/1345/1345 1346/1346/1346
f 1343/1343/1343 1346/1346/1346 1347/1347/1347
f 1347/1347/1347 1346/1346/1346 1348/1348/1348
f 1349/1349/1349 1344/1344/1344 1332/1332/1332
f 1331/1331/1331 1349/1349/1349 1332/1332/1332
f 1345/1345/1345 1344/1344/1344 1350/1350/1350
f 1350/1350/1350 1344/1344/1344 1349/1349/1349
f 1345/1345/1345 1350/1350/1350 1346/1346/1346
f 1348/1348/1348 1346/1346/1346 1351/1351/1351
f 1348/1348/1348 1351/1351/1351 1352/1352/1352
f 1349/1349/1349 1331/1331/1331 1353/1353/1353
f 1350/1350/1350 1349/1349/1349 1353/1353/1353
f 1346/1346/1346 1350/1350/1350 1354/1354/1354
f 1346/1346/1346 1355/1355/1355 1351/1351/1351
f 1354/1354/1354 1355/1355/1355 1346/1346/1346
f 1354/1354/1354 1350/1350/1350 1356/1356/1356
f 1353/1353/1353 1356/1356/1356 1350/1350/1350
f 1351/1351/1351 1355/1355/1355 1357/1357/1357
f 1351/1351/1351 1357/1357/1357 1358/1358/1358
f 1358/1358/1358 1357/1357/1357 1359/1359/1359
f 1355/1355/1355 1354/1354/1354 1360/1360/1360
f 1354/1354/1354 1356/1356/1356 1360/1360/1360
f 1355/1355/1355 1360/1360/1360 1357/1357/1357
f 1353/1353/1353 1361/1361/1361 1356/1356/1356
f 1356/1356/1356 1361/1361/1361 1360/1360/1360
f 1353/1353/1353 1331/1331/1331 1362/1362/1362
f 1353/1353/1353 1362/1362/1362 1361/1361/1361
f 1357/1357/1357 1363/1363/1363 1359/1359/1359
f 1364/1364/1364 1359/1359/1359 1363/1363/1363
f 1360/1360/1360 1365/1365/1365 1357/1357/1357
f 1357/1357/1357 1365/1365/1365 1363/1363/1363
f 1360/1360/1360 1366/1366/1366 1365/1365/1365
f 1366/1366/1366 1363/1363/1363 1365/1365/1365
f 1366/1366/1366 1360/1360/1360 1361/1361/1361
f 1363/1363/1363 1366/1366/1366 1364/1364/1364
f 1367/1367/1367 1366/1366/1366 1361/1361/1361
f 1367/1367/1367 1361/1361/1361 1362/1362/1362
f 1362/1362/1362 1331/1331/1331 1368/1368/1368
f 1368/1368/1368 1331/1331/1331 1319/1319/1319
f 1319/1319/1319 1311/1311/1311 1368/1368/1368
f 1369/1369/1369 1364/1364/1364 1366/1366/1366
f 1366/1366/1366 1367/1367/1367 1369/1369/1369
f 1370/1370/1370 1367/1367/1367 1362/1362/1362
f 1370/1370/1370 1362/1362/1362 1368/1368/1368
f 1311/1311/1311 1371/1371/1371 1368/1368/1368
f 1371/1371/1371 1370/1370/1370 1368/1368/1368
f 1311/1311/1311 1310/1310/1310 1371/1371/1371
f 1371/1371/1371 1310/1310/1310 1372/1372/1372
f 1371/1371/1371 1372/1372/1372 1370/1370/1370
f 1310/1310/1310 1373/1373/1373 1372/1372/1372
f 1374/1374/1374 1367/1367/1367 1370/1370/1370
f 1367/1367/1367 1374/1374/1374 1369/1369/1369
f 1370/1370/1370 1372/1372/1372 1374/1374/1374
f 1369/1369/1369 1375/1375/1375 1364/1364/1364
f 1374/1374/1374 1375/1375/1375 1369/1369/1369
f 1372/1372/1372 1375/1375/1375 1374/1374/1374
f 1373/1373/1373 1375/1375/1375 1372/1372/1372
f 1373/1373/1373 1376/1376/1376 1375/1375/1375
f 1364/1364/1364 1375/1375/1375 1377/1377/1377
f 1375/1375/1375 1378/1378/1378 1377/1377/1377
f 1381/1381/1381 1380/1380/1380 1379/1379/1379
f 1381/1381/1381 1379/1379/1379 1382/1382/1382
f 1381/1381/1381 1382/1382/1382 1383/1383/1383
f 1383/1383/1383 1384/1384/1384 1381/1381/1381
f 1385/1385/1385 1384/1384/1384 1383/1383/1383
f 1385/1385/1385 1383/1383/1383 1386/1386/1386
f 1383/1383/1383 1387/1387/1387 1386/1386/1386
f 1386/1386/1386 1387/1387/1387 1388/1388/1388
f 1387/1387/1387 1389/1389/1389 1388/1388/1388
f 1389/1389/1389 1387/1387/1387 1390/1390/1390
f 1383/1383/1383 1391/1391/1391 1387/1387/1387
f 1383/1383/1383 1382/1382/1382 1391/1391/1391
f 1387/1387/1387 1391/1391/1391 1390/1390/1390
f 1391/1391/1391 1382/1382/1382 1390/1390/1390
f 1382/1382/1382 1379/1379/1379 1392/1392/1392
f 1390/1390/1390 1382/1382/1382 1392/1392/1392
f 1392/1392/1392 1379/1379/1379 1393/1393/1393
f 1394/1394/1394 1393/1393/1393 1379/1379/1379
f 1395/1395/1395 1392/1392/1392 1393/1393/1393
f 1395/1395/1395 1390/1390/1390 1392/1392/1392
f 1396/1396/1396 1390/1390/1390 1395/1395/1395
f 1396/1396/1396 1397/1397/1397 1390/1390/1390
f 1389/1389/1389 1390/1390/1390 1397/1397/1397
f 1398/1398/1398 1397/1397/1397 1396/1396/1396
f 1399/1399/1399 1398/1398/1398 1396/1396/1396
f 1399/1399/1399 1400/1400/1400 1398/1398/1398
f 1401/1401/1401 1397/1397/1397 1398/1398/1398
f 1397/1397/1397 1401/1401/1401 1389/1389/1389
f 1401/1401/1401 1402/1402/1402 1389/1389/1389
f 1403/1403/1403 1398/1398/1398 1400/1400/1400
f 1401/1401/1401 1398/1398/1398 1403/1403/1403
f 1402/1402/1402 1404/1404/1404 1389/1389/1389
f 1404/1404/1404 1405/1405/1405 1389/1389/1389
f 1404/1404/1404 1406/1406/1406 1405/1405/1405
f 1402/1402/1402 1406/1406/1406 1404/1404/1404
f 1405/1405/1405 1406/1406/1406 1407/1407/1407
f 1406/1406/1406 1408/1408/1408 1407/1407/1407
f 1409/1409/1409 1407/1407/1407 1408/1408/1408
f 1407/1407/1407 1409/1409/1409 1410/1410/1410
f 1406/1406/1406 1402/1402/1402 1411/1411/1411
f 1411/1411/1411 1402/1402/1402 1412/1412/1412
f 1413/1413/1413 1412/1412/1412 1402/1402/1402
f 1414/1414/1414 1412/1412/1412 1413/1413/1413
f 1413/1413/1413 1402/1402/1402 1415/1415/1415
f 1401/1401/1401 1415/1415/1415 1402/1402/1402
f 1413/1413/1413 1415/1415/1415 1414/1414/1414
f 1416/1416/1416 1415/1415/1415 1401/1401/1401
f 1416/1416/1416 1414/1414/1414 1415/1415/1415
f 1414/1414/1414 1416/1416/1416 1417/1417/1417
f 1416/1416/1416 1401/1401/1401 1403/1403/1403
f 1416/1416/1416 1418/1418/1418 1417/1417/1417
f 1416/1416/1416 1403/1403/1403 1418/1418/1418
f 1418/1418/1418 1419/1419/1419 1417/1417/1417
f 1418/1418/1418 1420/1420/1420 1419/1419/1419
f 1418/1418/1418 1421/1421/1421 1420/1420/1420
f 1418/1418/1418 1403/1403/1403 1421/1421/1421
f 1400/1400/1400 1421/1421/1421 1403/1403/1403
f 1422/1422/1422 1421/1421/1421 1400/1400/1400
f 1423/1423/1423 1421/1421/1421 1422/1422/1422
f 1426/1426/1426 1425/1425/1425 1424/1424/1424
f 1426/1426/1426 1424/1424/1424 1427/1427/1427
f 1428/1428/1428 1426/1426/1426 1427/1427/1427
f 1427/1427/1427 1424/1424/1424 1429/1429/1429
f 1424/1424/1424 1430/1430/1430 1429/1429/1429
f 1427/1427/1427 1429/1429/1429 1430/1430/1430
f 1428/1428/1428 1427/1427/1427 1431/1431/1431
f 1427/1427/1427 1430/1430/1430 1431/1431/1431
f 1428/1428/1428 1431/1431/1431 1432/1432/1432
f 1433/1433/1433 1428/1428/1428 1432/1432/1432
f 1433/1433/1433 1432/1432/1432 1434/1434/1434
f 1433/1433/1433 1434/1434/1434 1435/1435/1435
f 1435/1435/1435 1434/1434/1434 1436/1436/1436
f 1436/1436/1436 1434/1434/1434 1437/1437/1437
f 1437/1437/1437 1434/1434/1434 1438/1438/1438
f 1439/1439/1439 1437/1437/1437 1438/1438/1438
f 1440/1440/1440 1438/1438/1438 1434/1434/1434
f 1441/1441/1441 1438/1438/1438 1440/1440/1440
f 1432/1432/1432 1442/1442/1442 1434/1434/1434
f 1442/1442/1442 1440/1440/1440 1434/1434/1434
f 1432/1432/1432 1443/1443/1443 1442/1442/1442
f 1431/1431/1431 1443/1443/1443 1432/1432/1432
f 1442/1442/1442 1443/1443/1443 1440/1440/1440
f 1441/1441/1441 1440/1440/1440 1444/1444/1444
f 1445/1445/1445 1441/1441/1441 1444/1444/1444
f 1446/1446/1446 1444/1444/1444 1440/1440/1440
f 1443/1443/1443 1431/1431/1431 1447/1447/1447
f 1431/1431/1431 1430/1430/1430 1447/1447/1447
f 1443/1443/1443 1448/1448/1448 1440/1440/1440
f 1447/1447/1447 1448/1448/1448 1443/1443/1443
f 1447/1447/1447 1430/1430/1430 1449/1449/1449
f 1447/1447/1447 1449/1449/1449 1448/1448/1448
f 1449/1449/1449 1430/1430/1430 1450/1450/1450
f 1450/1450/1450 1430/1430/1430 1451/1451/1451
f 1450/1450/1450 1451/1451/1451 1452/1452/1452
f 1440/1440/1440 1448/1448/1448 1453/1453/1453
f 1440/1440/1440 1453/1453/1453 1446/1446/1446
f 1454/1454/1454 1453/1453/1453 1448/1448/1448
f 1454/1454/1454 1455/1455/1455 1453/1453/1453
f 1453/1453/1453 1455/1455/1455 1446/1446/1446
f 1456/1456/1456 1446/1446/1446 1455/1455/1455
f 1459/1459/1459 1458/1458/1458 1457/1457/1457
f 1459/1459/1459 1460/1460/1460 1458/1458/1458
f 1461/1461/1461 1458/1458/1458 1460/1460/1460
f 1462/1462/1462 1458/1458/1458 1461/1461/1461
f 1463/1463/1463 1462/1462/1462 1461/1461/1461
f 1463/1463/1463 1461/1461/1461 1464/1464/1464
f 1463/1463/1463 1464/1464/1464 1465/1465/1465
f 1466/1466/1466 1463/1463/1463 1465/1465/1465
f 1467/1467/1467 1463/1463/1463 1466/1466/1466
f 1466/1466/1466 1468/1468/1468 1467/1467/1467
f 1469/1469/1469 1468/1468/1468 1466/1466/1466
f 1469/1469/1469 1470/1470/1470 1468/1468/1468
f 1471/1471/1471 1470/1470/1470 1469/1469/1469
f 1471/1471/1471 1472/1472/1472 1470/1470/1470
f 1473/1473/1473 1472/1472/1472 1471/1471/1471
f 1473/1473/1473 1474/1474/1474 1472/1472/1472
f 1475/1475/1475 1460/1460/1460 1459/1459/1459
f 1475/1475/1475 1459/1459/1459 1476/1476/1476
f 1476/1476/1476 1459/1459/1459 1477/1477/1477
f 1477/1477/1477 1478/1478/1478 1476/1476/1476
f 1478/1478/1478 1479/1479/1479 1476/1476/1476
f 1475/1475/1475 1476/1476/1476 1480/1480/1480
f 1481/1481/1481 1480/1480/1480 1476/1476/1476
f 1482/1482/1482 1480/1480/1480 1481/1481/1481
f 1483/1483/1483 1475/1475/1475 1480/1480/1480
f 1484/1484/1484 1475/1475/1475 1483/1483/1483
f 1485/1485/1485 1475/1475/1475 1484/1484/1484
f 1486/1486/1486 1483/1483/1483 1480/1480/1480
f 1480/1480/1480 1487/1487/1487 1486/1486/1486
f 1487/1487/1487 1480/1480/1480 1482/1482/1482
f 1488/1488/1488 1486/1486/1486 1487/1487/1487
f 1488/1488/1488 1487/1487/1487 1489/1489/1489
f 1490/1490/1490 1489/1489/1489 1487/1487/1487
f 1487/1487/1487 1482/1482/1482 1491/1491/1491
f 1487/1487/1487 1491/1491/1491 1490/1490/1490
f 1491/1491/1491 1482/1482/1482 1492/1492/1492
f 1491/1491/1491 1492/1492/1492 1493/1493/1493
f 1490/1490/1490 1491/1491/1491 1494/1494/1494
f 1491/1491/1491 1493/1493/1493 1495/1495/1495
f 1494/1494/1494 1491/1491/1491 1495/1495/1495
f 1496/1496/1496 1494/1494/1494 1495/1495/1495
f 1499/1499/1499 1498/1498/1498 1497/1497/1497
f 1497/1497/1497 1500/1500/1500 1499/1499/1499
f 1501/1501/1501 1500/1500/1500 1497/1497/1497
f 1499/1499/1499 1500/1500/1500 1502/1502/1502
f 1499/1499/1499 1502/1502/1502 1503/1503/1503
f 1499/1499/1499 1503/1503/1503 1504/1504/1504
f 1501/1501/1501 1505/1505/1505 1500/1500/1500
f 1500/1500/1500 1506/1506/1506 1502/1502/1502
f 1500/1500/1500 1505/1505/1505 1506/1506/1506
f 1501/1501/1501 1507/1507/1507 1505/1505/1505
f 1508/1508/1508 1507/1507/1507 1501/1501/1501
f 1507/1507/1507 1509/1509/1509 1505/1505/1505
f 1510/1510/1510 1505/1505/1505 1509/1509/1509
f 1505/1505/1505 1510/1510/1510 1506/1506/1506
f 1506/1506/1506 1511/1511/1511 1502/1502/1502
f 1502/1502/1502 1511/1511/1511 1503/1503/1503
f 1511/1511/1511 1506/1506/1506 1510/1510/1510
f 1512/1512/1512 1504/1504/1504 1503/1503/1503
f 1503/1503/1503 1511/1511/1511 1513/1513/1513
f 1503/1503/1503 1513/1513/1513 1512/1512/1512
f 1514/1514/1514 1513/1513/1513 1511/1511/1511
f 1512/1512/1512 1513/1513/1513 1514/1514/1514
f 1515/1515/1515 1511/1511/1511 1510/1510/1510
f 1511/1511/1511 1515/1515/1515 1514/1514/1514
f 1516/1516/1516 1504/1504/1504 1512/1512/1512
f 1516/1516/1516 1517/1517/1517 1504/1504/1504
f 1517/1517/1517 1516/1516/1516 1518/1518/1518
f 1516/1516/1516 1512/1512/1512 1519/1519/1519
f 1512/1512/1512 1514/1514/1514 1519/1519/1519
f 1518/1518/1518 1516/1516/1516 1520/1520/1520
f 1516/1516/1516 1519/1519/1519 1520/1520/1520
f 1518/1518/1518 1520/1520/1520 1521/1521/1521
f 1520/1520/1520 1522/1522/1522 1521/1521/1521
f 1521/1521/1521 1522/1522/1522 1523/1523/1523
f 1523/1523/1523 1522/1522/1522 1524/1524/1524
f 1520/1520/1520 1525/1525/1525 1522/1522/1522
f 1520/1520/1520 1519/1519/1519 1525/1525/1525
f 1522/1522/1522 1525/1525/1525 1526/1526/1526
f 1522/1522/1522 1526/1526/1526 1524/1524/1524
f 1519/1519/1519 1527/1527/1527 1525/1525/1525
f 1525/1525/1525 1527/1527/1527 1526/1526/1526
f 1514/1514/1514 1528/1528/1528 1519/1519/1519
f 1519/1519/1519 1528/1528/1528 1527/1527/1527
f 1529/1529/1529 1526/1526/1526 1527/1527/1527
f 1527/1527/1527 1530/1530/1530 1529/1529/1529
f 1528/1528/1528 1530/1530/1530 1527/1527/1527
f 1531/1531/1531 1526/1526/1526 1529/1529/1529
f 1531/1531/1531 1524/1524/1524 1526/1526/1526
f 1532/1532/1532 1531/1531/1531 1529/1529/1529
f 1528/1528/1528 1533/1533/1533 1530/1530/1530
f 1533/1533/1533 1534/1534/1534 1530/1530/1530
f 1534/1534/1534 1533/1533/1533 1535/1535/1535
f 1528/1528/1528 1536/1536/1536 1533/1533/1533
f 1536/1536/1536 1528/1528/1528 1514/1514/1514
f 1533/1533/1533 1536/1536/1536 1535/1535/1535
f 1531/1531/1531 1532/1532/1532 1537/1537/1537
f 1538/1538/1538 1537/1537/1537 1532/1532/1532
f 1514/1514/1514 1539/1539/1539 1536/1536/1536
f 1515/1515/1515 1539/1539/1539 1514/1514/1514
f 1540/1540/1540 1535/1535/1535 1536/1536/1536
f 1539/1539/1539 1540/1540/1540 1536/1536/1536
f 1535/1535/1535 1540/1540/1540 1541/1541/1541
f 1542/1542/1542 1541/1541/1541 1540/1540/1540
f 1543/1543/1543 1531/1531/1531 1537/1537/1537
f 1524/1524/1524 1531/1531/1531 1543/1543/1543
f 1537/1537/1537 1538/1538/1538 1544/1544/1544
f 1537/1537/1537 1544/1544/1544 1543/1543/1543
f 1538/1538/1538 1545/1545/1545 1544/1544/1544
f 1546/1546/1546 1544/1544/1544 1545/1545/1545
f 1546/1546/1546 1547/1547/1547 1544/1544/1544
f 1547/1547/1547 1543/1543/1543 1544/1544/1544
f 1524/1524/1524 1543/1543/1543 1548/1548/1548
f 1548/1548/1548 1549/1549/1549 1524/1524/1524
f 1550/1550/1550 1524/1524/1524 1549/1549/1549
f 1542/1542/1542 1540/1540/1540 1551/1551/1551
f 1551/1551/1551 1540/1540/1540 1539/1539/1539
f 1551/1551/1551 1552/1552/1552 1542/1542/1542
f 1552/1552/1552 1553/1553/1553 1542/1542/1542
f 1552/1552/1552 1551/1551/1551 1554/1554/1554
f 1551/1551/1551 1539/1539/1539 1555/1555/1555
f 1555/1555/1555 1554/1554/1554 1551/1551/1551
f 1515/1515/1515 1555/1555/1555 1539/1539/1539
f 1556/1556/1556 1554/1554/1554 1555/1555/1555
f 1515/1515/1515 1557/1557/1557 1555/1555/1555
f 1556/1556/1556 1555/1555/1555 1557/1557/1557
f 1510/1510/1510 1557/1557/1557 1515/1515/1515
f 1510/1510/1510 1556/1556/1556 1557/1557/1557
f 1560/1560/1560 1559/1559/1559 1558/1558/1558
f 1561/1561/1561 1558/1558/1558 1559/1559/1559
f 1562/1562/1562 1558/1558/1558 1561/1561/1561
f 1559/1559/1559 1563/1563/1563 1561/1561/1561
f 1563/1563/1563 1559/1559/1559 1564/1564/1564
f 1565/1565/1565 1562/1562/1562 1561/1561/1561
f 1565/1565/1565 1566/1566/1566 1562/1562/1562
f 1567/1567/1567 1565/1565/1565 1561/1561/1561
f 1563/1563/1563 1567/1567/1567 1561/1561/1561
f 1565/1565/1565 1567/1567/1567 1566/1566/1566
f 1567/1567/1567 1568/1568/1568 1566/1566/1566
f 1563/1563/1563 1568/1568/1568 1567/1567/1567
f 1566/1566/1566 1568/1568/1568 1569/1569/1569
f 1569/1569/1569 1570/1570/1570 1566/1566/1566
f 1569/1569/1569 1571/1571/1571 1570/1570/1570
f 1568/1568/1568 1571/1571/1571 1569/1569/1569
f 1571/1571/1571 1572/1572/1572 1570/1570/1570
f 1572/1572/1572 1571/1571/1571 1573/1573/1573
f 1573/1573/1573 1574/1574/1574 1572/1572/1572
f 1573/1573/1573 1575/1575/1575 1574/1574/1574
f 1575/1575/1575 1576/1576/1576 1574/1574/1574
f 1577/1577/1577 1575/1575/1575 1573/1573/1573
f 1571/1571/1571 1568/1568/1568 1578/1578/1578
f 1578/1578/1578 1573/1573/1573 1571/1571/1571
f 1577/1577/1577 1573/1573/1573 1579/1579/1579
f 1580/1580/1580 1579/1579/1579 1573/1573/1573
f 1577/1577/1577 1579/1579/1579 1581/1581/1581
f 1579/1579/1579 1582/1582/1582 1581/1581/1581
f 1580/1580/1580 1582/1582/1582 1579/1579/1579
f 1582/1582/1582 1583/1583/1583 1581/1581/1581
f 1581/1581/1581 1583/1583/1583 1584/1584/1584
f 1573/1573/1573 1578/1578/1578 1585/1585/1585
f 1573/1573/1573 1585/1585/1585 1580/1580/1580
f 1582/1582/1582 1586/1586/1586 1583/1583/1583
f 1580/1580/1580 1586/1586/1586 1582/1582/1582
f 1587/1587/1587 1578/1578/1578 1568/1568/1568
f 1585/1585/1585 1578/1578/1578 1588/1588/1588
f 1588/1588/1588 1578/1578/1578 1587/1587/1587
f 1588/1588/1588 1587/1587/1587 1589/1589/1589
f 1568/1568/1568 1590/1590/1590 1587/1587/1587
f 1563/1563/1563 1590/1590/1590 1568/1568/1568
f 1589/1589/1589 1587/1587/1587 1591/1591/1591
f 1591/1591/1591 1587/1587/1587 1590/1590/1590
f 1591/1591/1591 1590/1590/1590 1592/1592/1592
f 1593/1593/1593 1590/1590/1590 1563/1563/1563
f 1592/1592/1592 1590/1590/1590 1593/1593/1593
f 1564/1564/1564 1593/1593/1593 1563/1563/1563
f 1592/1592/1592 1593/1593/1593 1564/1564/1564
f 1564/1564/1564 1594/1594/1594 1592/1592/1592
f 1592/1592/1592 1594/1594/1594 1595/1595/1595
f 1596/1596/1596 1592/1592/1592 1595/1595/1595
f 1597/1597/1597 1596/1596/1596 1595/1595/1595
f 1592/1592/1592 1598/1598/1598 1591/1591/1591
f 1596/1596/1596 1598/1598/1598 1592/1592/1592
f 1599/1599/1599 1591/1591/1591 1598/1598/1598
f 1599/1599/1599 1589/1589/1589 1591/1591/1591
f 1596/1596/1596 1599/1599/1599 1598/1598/1598
f 1600/1600/1600 1599/1599/1599 1596/1596/1596
f 1600/1600/1600 1589/1589/1589 1599/1599/1599
f 1601/1601/1601 1596/1596/1596 1597/1597/1597
f 1601/1601/1601 1600/1600/1600 1596/1596/1596
f 1597/1597/1597 1602/1602/1602 1601/1601/1601
f 1597/1597/1597 1603/1603/1603 1602/1602/1602
f 1602/1602/1602 1604/1604/1604 1601/1601/1601
f 1603/1603/1603 1604/1604/1604 1602/1602/1602
f 1601/1601/1601 1604/1604/1604 1600/1600/1600
f 1605/1605/1605 1604/1604/1604 1603/1603/1603
f 1606/1606/1606 1605/1605/1605 1603/1603/1603
f 1604/1604/1604 1605/1605/1605 1607/1607/1607
f 1608/1608/1608 1600/1600/1600 1604/1604/1604
f 1604/1604/1604 1607/1607/1607 1608/1608/1608
f 1608/1608/1608 1609/1609/1609 1600/1600/1600
f 1589/1589/1589 1600/1600/1600 1609/1609/1609
f 1609/1609/1609 1610/1610/1610 1589/1589/1589
f 1610/1610/1610 1611/1611/1611 1589/1589/1589
f 1589/1589/1589 1611/1611/1611 1588/1588/1588
f 1607/1607/1607 1612/1612/1612 1608/1608/1608
f 1612/1612/1612 1609/1609/1609 1608/1608/1608
f 1607/1607/1607 1613/1613/1613 1612/1612/1612
f 1613/1613/1613 1614/1614/1614 1612/1612/1612
f 1615/1615/1615 1609/1609/1609 1612/1612/1612
f 1612/1612/1612 1614/1614/1614 1615/1615/1615
f 1609/1609/1609 1615/1615/1615 1610/1610/1610
f 1615/1615/1615 1614/1614/1614 1610/1610/1610
f 1614/1614/1614 1616/1616/1616 1610/1610/1610
f 1617/1617/1617 1588/1588/1588 1611/1611/1611
f 1585/1585/1585 1588/1588/1588 1617/1617/1617
f 1611/1611/1611 1618/1618/1618 1617/1617/1617
f 1618/1618/1618 1585/1585/1585 1617/1617/1617
f 1610/1610/1610 1618/1618/1618 1611/1611/1611
f 1618/1618/1618 1619/1619/1619 1585/1585/1585
f 1620/1620/1620 1619/1619/1619 1618/1618/1618
f 1618/1618/1618 1621/1621/1621 1620/1620/1620
f 1610/1610/1610 1621/1621/1621 1618/1618/1618
f 1619/1619/1619 1580/1580/1580 1585/1585/1585
f 1619/1619/1619 1620/1620/1620 1580/1580/1580
f 1616/1616/1616 1622/1622/1622 1610/1610/1610
f 1610/1610/1610 1622/1622/1622 1621/1621/1621
f 1616/1616/1616 1623/1623/1623 1622/1622/1622
f 1622/1622/1622 1623/1623/1623 1621/1621/1621
f 1616/1616/1616 1624/1624/1624 1623/1623/1623
f 1623/1623/1623 1625/1625/1625 1621/1621/1621
f 1623/1623/1623 1624/1624/1624 1625/1625/1625
f 1625/1625/1625 1626/1626/1626 1621/1621/1621
f 1626/1626/1626 1620/1620/1620 1621/1621/1621
f 1624/1624/1624 1627/1627/1627 1625/1625/1625
f 1625/1625/1625 1627/1627/1627 1626/1626/1626
f 1627/1627/1627 1624/1624/1624 1628/1628/1628
f 1627/1627/1627 1628/1628/1628 1629/1629/1629
f 1627/1627/1627 1630/1630/1630 1626/1626/1626
f 1630/1630/1630 1627/1627/1627 1629/1629/1629
f 1630/1630/1630 1620/1620/1620 1626/1626/1626
f 1629/1629/1629 1631/1631/1631 1630/1630/1630
f 1630/1630/1630 1631/1631/1631 1620/1620/1620
f 1632/1632/1632 1631/1631/1631 1629/1629/1629
f 1631/1631/1631 1632/1632/1632 1620/1620/1620
f 1620/1620/1620 1632/1632/1632 1633/1633/1633
f 1633/1633/1633 1580/1580/1580 1620/1620/1620
f 1633/1633/1633 1586/1586/1586 1580/1580/1580
f 1632/1632/1632 1634/1634/1634 1633/1633/1633
f 1632/1632/1632 1635/1635/1635 1634/1634/1634
f 1636/1636/1636 1586/1586/1586 1633/1633/1633
f 1633/1633/1633 1634/1634/1634 1636/1636/1636
f 1635/1635/1635 1637/1637/1637 1634/1634/1634
f 1637/1637/1637 1636/1636/1636 1634/1634/1634
f 1635/1635/1635 1638/1638/1638 1637/1637/1637
f 1637/1637/1637 1638/1638/1638 1639/1639/1639
f 1639/1639/1639 1636/1636/1636 1637/1637/1637
f 1586/1586/1586 1636/1636/1636 1640/1640/1640
f 1586/1586/1586 1640/1640/1640 1583/1583/1583
f 1641/1641/1641 1640/1640/1640 1636/1636/1636
f 1636/1636/1636 1639/1639/1639 1641/1641/1641
f 1640/1640/1640 1642/1642/1642 1583/1583/1583
f 1640/1640/1640 1641/1641/1641 1642/1642/1642
f 1641/1641/1641 1643/1643/1643 1642/1642/1642
f 1642/1642/1642 1584/1584/1584 1583/1583/1583
f 1644/1644/1644 1584/1584/1584 1642/1642/1642
f 1642/1642/1642 1643/1643/1643 1644/1644/1644
f 1584/1584/1584 1644/1644/1644 1645/1645/1645
f 1644/1644/1644 1646/1646/1646 1645/1645/1645
f 1643/1643/1643 1646/1646/1646 1644/1644/1644
f 1639/1639/1639 1638/1638/1638 1647/1647/1647
f 1648/1648/1648 1647/1647/1647 1638/1638/1638
f 1648/1648/1648 1649/1649/1649 1647/1647/1647
f 1641/1641/1641 1639/1639/1639 1650/1650/1650
f 1650/1650/1650 1643/1643/1643 1641/1641/1641
f 1639/1639/1639 1647/1647/1647 1650/1650/1650
f 1647/1647/1647 1649/1649/1649 1651/1651/1651
f 1652/1652/1652 1651/1651/1651 1649/1649/1649
f 1653/1653/1653 1651/1651/1651 1652/1652/1652
f 1647/1647/1647 1654/1654/1654 1650/1650/1650
f 1651/1651/1651 1654/1654/1654 1647/1647/1647
f 1650/1650/1650 1654/1654/1654 1643/1643/1643
f 1651/1651/1651 1655/1655/1655 1654/1654/1654
f 1654/1654/1654 1655/1655/1655 1643/1643/1643
f 1655/1655/1655 1651/1651/1651 1653/1653/1653
f 1646/1646/1646 1643/1643/1643 1656/1656/1656
f 1643/1643/1643 1655/1655/1655 1656/1656/1656
f 1656/1656/1656 1657/1657/1657 1646/1646/1646
f 1656/1656/1656 1655/1655/1655 1657/1657/1657
f 1658/1658/1658 1655/1655/1655 1653/1653/1653
f 1653/1653/1653 1659/1659/1659 1658/1658/1658
f 1653/1653/1653 1660/1660/1660 1659/1659/1659
f 1661/1661/1661 1660/1660/1660 1653/1653/1653
f 1658/1658/1658 1659/1659/1659 1662/1662/1662
f 1658/1658/1658 1662/1662/1662 1663/1663/1663
f 1664/1664/1664 1658/1658/1658 1663/1663/1663
f 1667/1667/1667 1666/1666/1666 1665/1665/1665
f 1665/1665/1665 1666/1666/1666 1668/1668/1668
f 1665/1665/1665 1668/1668/1668 1669/1669/1669
f 1668/1668/1668 1670/1670/1670 1669/1669/1669
f 1669/1669/1669 1670/1670/1670 1671/1671/1671
f 1672/1672/1672 1669/1669/1669 1671/1671/1671
f 1670/1670/1670 1673/1673/1673 1671/1671/1671
f 1671/1671/1671 1673/1673/1673 1674/1674/1674
f 1677/1677/1677 1676/1676/1676 1675/1675/1675
f 1676/1676/1676 1678/1678/1678 1675/1675/1675
f 1679/1679/1679 1675/1675/1675 1678/1678/1678
f 1679/1679/1679 1680/1680/1680 1675/1675/1675
f 1679/1679/1679 1678/1678/1678 1681/1681/1681
f 1682/1682/1682 1679/1679/1679 1681/1681/1681
f 1683/1683/1683 1682/1682/1682 1681/1681/1681
f 1683/1683/1683 1684/1684/1684 1682/1682/1682
f 1685/1685/1685 1684/1684/1684 1683/1683/1683
f 1686/1686/1686 1685/1685/1685 1683/1683/1683
f 1687/1687/1687 1685/1685/1685 1686/1686/1686
f 1687/1687/1687 1688/1688/1688 1685/1685/1685
f 1689/1689/1689 1686/1686/1686 1683/1683/1683
f 1687/1687/1687 1686/1686/1686 1689/1689/1689
f 1690/1690/1690 1683/1683/1683 1681/1681/1681
f 1689/1689/1689 1683/1683/1683 1690/1690/1690
f 1691/1691/1691 1688/1688/1688 1687/1687/1687
f 1691/1691/1691 1692/1692/1692 1688/1688/1688
f 1693/1693/1693 1691/1691/1691 1687/1687/1687
f 1693/1693/1693 1687/1687/1687 1694/1694/1694
f 1694/1694/1694 1687/1687/1687 1689/1689/1689
f 1693/1693/1693 1695/1695/1695 1691/1691/1691
f 1691/1691/1691 1695/1695/1695 1696/1696/1696
f 1693/1693/1693 1697/1697/1697 1695/1695/1695
f 1695/1695/1695 1697/1697/1697 1698/1698/1698
f 1689/1689/1689 1690/1690/1690 1699/1699/1699
f 1700/1700/1700 1694/1694/1694 1689/1689/1689
f 1689/1689/1689 1699/1699/1699 1700/1700/1700
f 1701/1701/1701 1694/1694/1694 1700/1700/1700
f 1694/1694/1694 1702/1702/1702 1693/1693/1693
f 1702/1702/1702 1694/1694/1694 1701/1701/1701
f 1702/1702/1702 1703/1703/1703 1693/1693/1693
f 1702/1702/1702 1701/1701/1701 1703/1703/1703
f 1703/1703/1703 1701/1701/1701 1704/1704/1704
f 1705/1705/1705 1704/1704/1704 1701/1701/1701
f 1706/1706/1706 1705/1705/1705 1701/1701/1701
f 1706/1706/1706 1701/1701/1701 1707/1707/1707
f 1707/1707/1707 1701/1701/1701 1700/1700/1700
f 1707/1707/1707 1700/1700/1700 1708/1708/1708
f 1703/1703/1703 1709/1709/1709 1693/1693/1693
f 1709/1709/1709 1710/1710/1710 1693/1693/1693
f 1693/1693/1693 1710/1710/1710 1697/1697/1697
f 1709/1709/1709 1711/1711/1711 1710/1710/1710
f 1711/1711/1711 1697/1697/1697 1710/1710/1710
f 1712/1712/1712 1697/1697/1697 1711/1711/1711
f 1697/1697/1697 1712/1712/1712 1713/1713/1713
f 1713/1713/1713 1712/1712/1712 1714/1714/1714
f 1711/1711/1711 1715/1715/1715 1712/1712/1712
f 1716/1716/1716 1714/1714/1714 1712/1712/1712
f 1716/1716/1716 1717/1717/1717 1714/1714/1714
f 1715/1715/1715 1718/1718/1718 1712/1712/1712
f 1718/1718/1718 1716/1716/1716 1712/1712/1712
f 1719/1719/1719 1718/1718/1718 1715/1715/1715
f 1719/1719/1719 1716/1716/1716 1718/1718/1718
f 1715/1715/1715 1720/1720/1720 1719/1719/1719
f 1721/1721/1721 1717/1717/1717 1716/1716/1716
f 1721/1721/1721 1716/1716/1716 1719/1719/1719
f 1721/1721/1721 1722/1722/1722 1717/1717/1717
f 1720/1720/1720 1723/1723/1723 1719/1719/1719
f 1724/1724/1724 1723/1723/1723 1720/1720/1720
f 1719/1719/1719 1723/1723/1723 1725/1725/1725
f 1719/1719/1719 1725/1725/1725 1721/1721/1721
f 1723/1723/1723 1726/1726/1726 1725/1725/1725
f 1725/1725/1725 1726/1726/1726 1721/1721/1721
f 1721/1721/1721 1727/1727/1727 1722/1722/1722
f 1721/1721/1721 1726/1726/1726 1727/1727/1727
f 1727/1727/1727 1728/1728/1728 1722/1722/1722
f 1729/1729/1729 1727/1727/1727 1726/1726/1726
f 1729/1729/1729 1728/1728/1728 1727/1727/1727
f 1729/1729/1729 1730/1730/1730 1728/1728/1728
f 1729/1729/1729 1731/1731/1731 1730/1730/1730
f 1730/1730/1730 1732/1732/1732 1728/1728/1728
f 1733/1733/1733 1730/1730/1730 1731/1731/1731
f 1733/1733/1733 1732/1732/1732 1730/1730/1730
f 1734/1734/1734 1733/1733/1733 1731/1731/1731
f 1735/1735/1735 1732/1732/1732 1733/1733/1733
f 1734/1734/1734 1735/1735/1735 1733/1733/1733
f 1735/1735/1735 1736/1736/1736 1732/1732/1732
f 1735/1735/1735 1737/1737/1737 1736/1736/1736
f 1734/1734/1734 1738/1738/1738 1735/1735/1735
f 1739/1739/1739 1738/1738/1738 1734/1734/1734
f 1735/1735/1735 1740/1740/1740 1737/1737/1737
f 1735/1735/1735 1738/1738/1738 1740/1740/1740
f 1737/1737/1737 1740/1740/1740 1741/1741/1741
f 1738/1738/1738 1739/1739/1739 1742/1742/1742
f 1740/1740/1740 1738/1738/1738 1742/1742/1742
f 1742/1742/1742 1741/1741/1741 1740/1740/1740
f 1739/1739/1739 1743/1743/1743 1742/1742/1742
f 1741/1741/1741 1742/1742/1742 1744/1744/1744
f 1743/1743/1743 1744/1744/1744 1742/1742/1742
f 1744/1744/1744 1745/1745/1745 1741/1741/1741
f 1741/1741/1741 1745/1745/1745 1746/1746/1746
f 1747/1747/1747 1744/1744/1744 1743/1743/1743
f 1747/1747/1747 1745/1745/1745 1744/1744/1744
f 1748/1748/1748 1747/1747/1747 1743/1743/1743
f 1748/1748/1748 1745/1745/1745 1747/1747/1747
f 1745/1745/1745 1748/1748/1748 1746/1746/1746
f 1748/1748/1748 1749/1749/1749 1746/1746/1746
f 1750/1750/1750 1746/1746/1746 1749/1749/1749
f 1749/1749/1749 1748/1748/1748 1751/1751/1751
f 1749/1749/1749 1751/1751/1751 1750/1750/1750
f 1750/1750/1750 1751/1751/1751 1752/1752/1752
f 1753/1753/1753 1750/1750/1750 1752/1752/1752
f 1751/1751/1751 1754/1754/1754 1752/1752/1752
f 1752/1752/1752 1754/1754/1754 1753/1753/1753
f 1753/1753/1753 1754/1754/1754 1755/1755/1755
f 1754/1754/1754 1756/1756/1756 1755/1755/1755
f 1756/1756/1756 1757/1757/1757 1755/1755/1755
f 1759/1759/1759 1758/1758/1758 636/636/636
f 1759/1759/1759 636/636/636 1760/1760/1760
f 1759/1759/1759 1760/1760/1760 1761/1761/1761
f 1760/1760/1760 636/636/636 1762/1762/1762
f 643/643/643 1762/1762/1762 636/636/636
f 643/643/643 1763/1763/1763 1762/1762/1762
f 1763/1763/1763 643/643/643 628/628/628
f 1764/1764/1764 1760/1760/1760 1762/1762/1762
f 1762/1762/1762 1763/1763/1763 1764/1764/1764
f 1760/1760/1760 1764/1764/1764 1765/1765/1765
f 1763/1763/1763 1765/1765/1765 1764/1764/1764
f 1766/1766/1766 1761/1761/1761 1760/1760/1760
f 1766/1766/1766 1760/1760/1760 1765/1765/1765
f 1767/1767/1767 1763/1763/1763 628/628/628
f 1767/1767/1767 1765/1765/1765 1763/1763/1763
f 1761/1761/1761 1766/1766/1766 1768/1768/1768
f 1768/1768/1768 1766/1766/1766 1769/1769/1769
f 1770/1770/1770 1769/1769/1769 1766/1766/1766
f 1765/1765/1765 1770/1770/1770 1766/1766/1766
f 1771/1771/1771 1761/1761/1761 1768/1768/1768
f 1772/1772/1772 1771/1771/1771 1768/1768/1768
f 1768/1768/1768 1769/1769/1769 1772/1772/1772
f 1772/1772/1772 1773/1773/1773 1771/1771/1771
f 1774/1774/1774 1773/1773/1773 1772/1772/1772
f 1772/1772/1772 1775/1775/1775 1774/1774/1774
f 1769/1769/1769 1775/1775/1775 1772/1772/1772
f 1774/1774/1774 1775/1775/1775 1776/1776/1776
f 1777/1777/1777 1767/1767/1767 628/628/628
f 1767/1767/1767 1777/1777/1777 1765/1765/1765
f 1777/1777/1777 628/628/628 1778/1778/1778
f 1765/1765/1765 1777/1777/1777 1778/1778/1778
f 1765/1765/1765 1779/1779/1779 1770/1770/1770
f 1765/1765/1765 1778/1778/1778 1779/1779/1779
f 1780/1780/1780 1779/1779/1779 1778/1778/1778
f 1778/1778/1778 628/628/628 1781/1781/1781
f 1778/1778/1778 1781/1781/1781 1780/1780/1780
f 1781/1781/1781 628/628/628 629/629/629
f 629/629/629 1780/1780/1780 1781/1781/1781
f 1769/1769/1769 1770/1770/1770 1782/1782/1782
f 1779/1779/1779 1782/1782/1782 1770/1770/1770
f 1782/1782/1782 1779/1779/1779 1783/1783/1783
f 1769/1769/1769 1782/1782/1782 1783/1783/1783
f 1784/1784/1784 1779/1779/1779 1780/1780/1780
f 1783/1783/1783 1779/1779/1779 1784/1784/1784
f 1785/1785/1785 1784/1784/1784 1780/1780/1780
f 1780/1780/1780 629/629/629 1786/1786/1786
f 1786/1786/1786 629/629/629 617/617/617
f 1780/1780/1780 1786/1786/1786 1787/1787/1787
f 1787/1787/1787 1786/1786/1786 617/617/617
f 1787/1787/1787 1785/1785/1785 1780/1780/1780
f 1787/1787/1787 617/617/617 619/619/619
f 1787/1787/1787 619/619/619 1785/1785/1785
f 1788/1788/1788 1785/1785/1785 619/619/619
f 1789/1789/1789 1785/1785/1785 1788/1788/1788
f 1790/1790/1790 1789/1789/1789 1788/1788/1788
f 1790/1790/1790 1791/1791/1791 1789/1789/1789
f 1789/1789/1789 1791/1791/1791 1785/1785/1785
f 1792/1792/1792 1785/1785/1785 1791/1791/1791
f 1792/1792/1792 1784/1784/1784 1785/1785/1785
f 1793/1793/1793 1792/1792/1792 1791/1791/1791
f 1793/1793/1793 1784/1784/1784 1792/1792/1792
f 1783/1783/1783 1784/1784/1784 1793/1793/1793
f 1783/1783/1783 1793/1793/1793 1794/1794/1794
f 1794/1794/1794 1793/1793/1793 1795/1795/1795
f 1769/1769/1769 1783/1783/1783 1794/1794/1794
f 1796/1796/1796 1794/1794/1794 1795/1795/1795
f 1796/1796/1796 1795/1795/1795 1797/1797/1797
f 1769/1769/1769 1794/1794/1794 1798/1798/1798
f 1796/1796/1796 1798/1798/1798 1794/1794/1794
f 1769/1769/1769 1798/1798/1798 1775/1775/1775
f 1799/1799/1799 1775/1775/1775 1798/1798/1798
f 1776/1776/1776 1775/1775/1775 1799/1799/1799
f 1798/1798/1798 1796/1796/1796 1800/1800/1800
f 1799/1799/1799 1798/1798/1798 1800/1800/1800
f 1776/1776/1776 1799/1799/1799 1801/1801/1801
f 1802/1802/1802 1776/1776/1776 1801/1801/1801
f 1803/1803/1803 1802/1802/1802 1801/1801/1801
f 1804/1804/1804 1803/1803/1803 1801/1801/1801
f 1799/1799/1799 1805/1805/1805 1801/1801/1801
f 1800/1800/1800 1805/1805/1805 1799/1799/1799
f 1806/1806/1806 1801/1801/1801 1805/1805/1805
f 1806/1806/1806 1807/1807/1807 1801/1801/1801
f 1805/1805/1805 1800/1800/1800 1808/1808/1808
f 1805/1805/1805 1808/1808/1808 1806/1806/1806
f 1800/1800/1800 1796/1796/1796 1809/1809/1809
f 1810/1810/1810 1808/1808/1808 1800/1800/1800
f 1810/1810/1810 1800/1800/1800 1809/1809/1809
f 1809/1809/1809 1796/1796/1796 1811/1811/1811
f 1811/1811/1811 1796/1796/1796 1797/1797/1797
f 1809/1809/1809 1811/1811/1811 1812/1812/1812
f 1811/1811/1811 1797/1797/1797 1812/1812/1812
f 1810/1810/1810 1809/1809/1809 1812/1812/1812
f 1812/1812/1812 1797/1797/1797 1813/1813/1813
f 1813/1813/1813 1797/1797/1797 1814/1814/1814
f 1815/1815/1815 1808/1808/1808 1810/1810/1810
f 1816/1816/1816 1810/1810/1810 1812/1812/1812
f 1810/1810/1810 1816/1816/1816 1815/1815/1815
f 1817/1817/1817 1812/1812/1812 1813/1813/1813
f 1816/1816/1816 1812/1812/1812 1817/1817/1817
f 1817/1817/1817 1813/1813/1813 1818/1818/1818
f 1818/1818/1818 1813/1813/1813 1819/1819/1819
f 1820/1820/1820 1818/1818/1818 1819/1819/1819
f 1816/1816/1816 1817/1817/1817 1821/1821/1821
f 1821/1821/1821 1817/1817/1817 1822/1822/1822
f 1823/1823/1823 1808/1808/1808 1815/1815/1815
f 1823/1823/1823 1815/1815/1815 1824/1824/1824
f 1806/1806/1806 1808/1808/1808 1823/1823/1823
f 1824/1824/1824 1806/1806/1806 1823/1823/1823
f 1815/1815/1815 1816/1816/1816 1825/1825/1825
f 1825/1825/1825 1816/1816/1816 1821/1821/1821
f 1826/1826/1826 1821/1821/1821 1822/1822/1822
f 1827/1827/1827 1826/1826/1826 1822/1822/1822
f 1828/1828/1828 1821/1821/1821 1826/1826/1826
f 1828/1828/1828 1825/1825/1825 1821/1821/1821
f 1827/1827/1827 1828/1828/1828 1826/1826/1826
f 1827/1827/1827 1829/1829/1829 1828/1828/1828
f 1829/1829/1829 1827/1827/1827 1830/1830/1830
f 1830/1830/1830 1831/1831/1831 1829/1829/1829
f 1832/1832/1832 1815/1815/1815 1825/1825/1825
f 1825/1825/1825 1828/1828/1828 1832/1832/1832
f 1832/1832/1832 1824/1824/1824 1815/1815/1815
f 1828/1828/1828 1833/1833/1833 1832/1832/1832
f 1828/1828/1828 1829/1829/1829 1833/1833/1833
f 1834/1834/1834 1806/1806/1806 1824/1824/1824
f 1807/1807/1807 1806/1806/1806 1834/1834/1834
f 1807/1807/1807 1834/1834/1834 1835/1835/1835
f 1807/1807/1807 1835/1835/1835 1836/1836/1836
f 1829/1829/1829 1831/1831/1831 1837/1837/1837
f 1831/1831/1831 1838/1838/1838 1837/1837/1837
f 1839/1839/1839 1824/1824/1824 1832/1832/1832
f 1839/1839/1839 1832/1832/1832 1833/1833/1833
f 1840/1840/1840 1824/1824/1824 1839/1839/1839
f 1834/1834/1834 1824/1824/1824 1841/1841/1841
f 1834/1834/1834 1841/1841/1841 1835/1835/1835
f 1841/1841/1841 1824/1824/1824 1840/1840/1840
f 1835/1835/1835 1841/1841/1841 1840/1840/1840
f 1836/1836/1836 1835/1835/1835 1842/1842/1842
f 1836/1836/1836 1842/1842/1842 1843/1843/1843
f 1835/1835/1835 1844/1844/1844 1842/1842/1842
f 1842/1842/1842 1844/1844/1844 1843/1843/1843
f 1840/1840/1840 1844/1844/1844 1835/1835/1835
f 1845/1845/1845 1837/1837/1837 1838/1838/1838
f 1838/1838/1838 1846/1846/1846 1845/1845/1845
f 1847/1847/1847 1837/1837/1837 1845/1845/1845
f 1848/1848/1848 1847/1847/1847 1845/1845/1845
f 1840/1840/1840 1839/1839/1839 1849/1849/1849
f 1839/1839/1839 1833/1833/1833 1849/1849/1849
f 1843/1843/1843 1844/1844/1844 1850/1850/1850
f 1843/1843/1843 1850/1850/1850 1851/1851/1851
f 1837/1837/1837 1847/1847/1847 1852/1852/1852
f 1852/1852/1852 1829/1829/1829 1837/1837/1837
f 1853/1853/1853 1833/1833/1833 1829/1829/1829
f 1852/1852/1852 1853/1853/1853 1829/1829/1829
f 1849/1849/1849 1833/1833/1833 1854/1854/1854
f 1853/1853/1853 1854/1854/1854 1833/1833/1833
f 1840/1840/1840 1849/1849/1849 1855/1855/1855
f 1855/1855/1855 1849/1849/1849 1854/1854/1854
f 1856/1856/1856 1844/1844/1844 1840/1840/1840
f 1840/1840/1840 1855/1855/1855 1856/1856/1856
f 1844/1844/1844 1856/1856/1856 1857/1857/1857
f 1844/1844/1844 1857/1857/1857 1850/1850/1850
f 1857/1857/1857 1856/1856/1856 1855/1855/1855
f 1852/1852/1852 1858/1858/1858 1853/1853/1853
f 1853/1853/1853 1858/1858/1858 1854/1854/1854
f 1859/1859/1859 1858/1858/1858 1852/1852/1852
f 1859/1859/1859 1852/1852/1852 1847/1847/1847
f 1854/1854/1854 1858/1858/1858 1860/1860/1860
f 1859/1859/1859 1860/1860/1860 1858/1858/1858
f 1861/1861/1861 1855/1855/1855 1854/1854/1854
f 1861/1861/1861 1854/1854/1854 1860/1860/1860
f 1862/1862/1862 1855/1855/1855 1861/1861/1861
f 1857/1857/1857 1855/1855/1855 1862/1862/1862
f 1862/1862/1862 1861/1861/1861 1860/1860/1860
f 1847/1847/1847 1863/1863/1863 1859/1859/1859
f 1863/1863/1863 1860/1860/1860 1859/1859/1859
f 1857/1857/1857 1862/1862/1862 1864/1864/1864
f 1850/1850/1850 1857/1857/1857 1864/1864/1864
f 1862/1862/1862 1860/1860/1860 1865/1865/1865
f 1862/1862/1862 1865/1865/1865 1864/1864/1864
f 1865/1865/1865 1860/1860/1860 1863/1863/1863
f 1850/1850/1850 1864/1864/1864 1866/1866/1866
f 1867/1867/1867 1863/1863/1863 1847/1847/1847
f 1868/1868/1868 1867/1867/1867 1847/1847/1847
f 1867/1867/1867 1869/1869/1869 1863/1863/1863
f 1865/1865/1865 1863/1863/1863 1870/1870/1870
f 1863/1863/1863 1869/1869/1869 1870/1870/1870
f 1871/1871/1871 1865/1865/1865 1870/1870/1870
f 1871/1871/1871 1870/1870/1870 1869/1869/1869
f 1872/1872/1872 1865/1865/1865 1871/1871/1871
f 1873/1873/1873 1871/1871/1871 1869/1869/1869
f 1874/1874/1874 1850/1850/1850 1866/1866/1866
f 1850/1850/1850 1874/1874/1874 1851/1851/1851
f 1874/1874/1874 1866/1866/1866 1875/1875/1875
f 1851/1851/1851 1874/1874/1874 1875/1875/1875
f 1866/1866/1866 1876/1876/1876 1875/1875/1875
f 1876/1876/1876 1877/1877/1877 1875/1875/1875
f 1878/1878/1878 1851/1851/1851 1875/1875/1875
f 1878/1878/1878 1879/1879/1879 1851/1851/1851
f 1878/1878/1878 1875/1875/1875 1880/1880/1880
f 1878/1878/1878 1880/1880/1880 1879/1879/1879
f 1875/1875/1875 1881/1881/1881 1880/1880/1880
f 1880/1880/1880 1881/1881/1881 1879/1879/1879
f 1884/1884/1884 1883/1883/1883 1882/1882/1882
f 1882/1882/1882 1883/1883/1883 1885/1885/1885
f 1888/1888/1888 1887/1887/1887 1886/1886/1886
f 1887/1887/1887 1889/1889/1889 1886/1886/1886
f 1890/1890/1890 1886/1886/1886 1889/1889/1889
f 1891/1891/1891 1890/1890/1890 1889/1889/1889
f 1886/1886/1886 1890/1890/1890 1892/1892/1892
f 1895/1895/1895 1894/1894/1894 1893/1893/1893
f 1896/1896/1896 1895/1895/1895 1893/1893/1893
f 1895/1895/1895 1896/1896/1896 1897/1897/1897
f 1896/1896/1896 1898/1898/1898 1897/1897/1897
f 1897/1897/1897 1899/1899/1899 1895/1895/1895
f 1898/1898/1898 1900/1900/1900 1897/1897/1897
f 1898/1898/1898 1901/1901/1901 1900/1900/1900
f 1901/1901/1901 1898/1898/1898 1902/1902/1902
f 1903/1903/1903 1900/1900/1900 1901/1901/1901
f 1904/1904/1904 1900/1900/1900 1903/1903/1903
f 1904/1904/1904 1905/1905/1905 1900/1900/1900
f 1905/1905/1905 1904/1904/1904 1906/1906/1906
f 1907/1907/1907 1905/1905/1905 1906/1906/1906
f 1905/1905/1905 1907/1907/1907 1908/1908/1908
f 1900/1900/1900 1909/1909/1909 1897/1897/1897
f 1905/1905/1905 1909/1909/1909 1900/1900/1900
f 1899/1899/1899 1897/1897/1897 1910/1910/1910
f 1909/1909/1909 1910/1910/1910 1897/1897/1897
f 1905/1905/1905 1911/1911/1911 1909/1909/1909
f 1909/1909/1909 1911/1911/1911 1910/1910/1910
f 1912/1912/1912 1911/1911/1911 1905/1905/1905
f 1910/1910/1910 1913/1913/1913 1899/1899/1899
f 1914/1914/1914 1899/1899/1899 1913/1913/1913
f 1911/1911/1911 1915/1915/1915 1910/1910/1910
f 1915/1915/1915 1911/1911/1911 1912/1912/1912
f 1910/1910/1910 1915/1915/1915 1913/1913/1913
f 1916/1916/1916 1915/1915/1915 1912/1912/1912
f 1916/1916/1916 1912/1912/1912 1917/1917/1917
f 1916/1916/1916 1917/1917/1917 1918/1918/1918
f 1918/1918/1918 1919/1919/1919 1916/1916/1916
f 1915/1915/1915 1916/1916/1916 1919/1919/1919
f 1919/1919/1919 1918/1918/1918 1920/1920/1920
f 1920/1920/1920 1921/1921/1921 1919/1919/1919
f 1921/1921/1921 1922/1922/1922 1919/1919/1919
f 1921/1921/1921 1923/1923/1923 1922/1922/1922
f 1915/1915/1915 1924/1924/1924 1913/1913/1913
f 1924/1924/1924 1915/1915/1915 1919/1919/1919
f 1919/1919/1919 1922/1922/1922 1924/1924/1924
f 1913/1913/1913 1924/1924/1924 1925/1925/1925
f 1924/1924/1924 1926/1926/1926 1925/1925/1925
f 1924/1924/1924 1922/1922/1922 1926/1926/1926
f 1925/1925/1925 1926/1926/1926 1927/1927/1927
f 1928/1928/1928 1922/1922/1922 1923/1923/1923
f 1922/1922/1922 1928/1928/1928 1929/1929/1929
f 1930/1930/1930 1922/1922/1922 1929/1929/1929
f 1926/1926/1926 1922/1922/1922 1930/1930/1930
f 1923/1923/1923 1931/1931/1931 1928/1928/1928
f 1931/1931/1931 1923/1923/1923 1932/1932/1932
f 1933/1933/1933 1928/1928/1928 1931/1931/1931
f 1934/1934/1934 1933/1933/1933 1931/1931/1931
f 1934/1934/1934 1931/1931/1931 1935/1935/1935
f 1936/1936/1936 1934/1934/1934 1935/1935/1935
f 1926/1926/1926 1930/1930/1930 1937/1937/1937
f 1926/1926/1926 1937/1937/1937 1927/1927/1927
f 1937/1937/1937 1930/1930/1930 1938/1938/1938
f 1927/1927/1927 1937/1937/1937 1938/1938/1938
f 1927/1927/1927 1938/1938/1938 1939/1939/1939
f 1940/1940/1940 1939/1939/1939 1938/1938/1938
f 1927/1927/1927 1939/1939/1939 1941/1941/1941
f 1927/1927/1927 1941/1941/1941 1942/1942/1942
f 1942/1942/1942 1941/1941/1941 1943/1943/1943
f 1939/1939/1939 1940/1940/1940 1944/1944/1944
f 1941/1941/1941 1939/1939/1939 1944/1944/1944
f 1944/1944/1944 1943/1943/1943 1941/1941/1941
f 1940/1940/1940 1945/1945/1945 1944/1944/1944
f 1944/1944/1944 1946/1946/1946 1943/1943/1943
f 1944/1944/1944 1945/1945/1945 1946/1946/1946
f 1949/1949/1949 1948/1948/1948 1947/1947/1947
f 1948/1948/1948 1950/1950/1950 1947/1947/1947
f 1950/1950/1950 1951/1951/1951 1947/1947/1947
f 1948/1948/1948 1952/1952/1952 1950/1950/1950
f 1952/1952/1952 1951/1951/1951 1950/1950/1950
f 1952/1952/1952 1948/1948/1948 1953/1953/1953
f 1953/1953/1953 1954/1954/1954 1952/1952/1952
f 1955/1955/1955 1951/1951/1951 1952/1952/1952
f 1955/1955/1955 1952/1952/1952 1954/1954/1954
f 1956/1956/1956 1955/1955/1955 1954/1954/1954
f 1956/1956/1956 1957/1957/1957 1955/1955/1955
f 1960/1960/1960 1959/1959/1959 1958/1958/1958
f 1958/1958/1958 1961/1961/1961 1960/1960/1960
f 1962/1962/1962 1960/1960/1960 1961/1961/1961
f 1962/1962/1962 1961/1961/1961 1963/1963/1963
f 1964/1964/1964 1962/1962/1962 1963/1963/1963
f 1967/1967/1967 1966/1966/1966 1965/1965/1965
f 1967/1967/1967 1968/1968/1968 1966/1966/1966
f 1966/1966/1966 1968/1968/1968 1969/1969/1969
f 1966/1966/1966 1969/1969/1969 1970/1970/1970
f 1966/1966/1966 1970/1970/1970 1971/1971/1971
f 1972/1972/1972 1971/1971/1971 1970/1970/1970
f 1972/1972/1972 1970/1970/1970 1973/1973/1973
f 1973/1973/1973 1974/1974/1974 1972/1972/1972
f 1969/1969/1969 1968/1968/1968 1975/1975/1975
f 1969/1969/1969 1975/1975/1975 1970/1970/1970
f 1976/1976/1976 1975/1975/1975 1968/1968/1968
f 1976/1976/1976 1968/1968/1968 1977/1977/1977
f 1978/1978/1978 1976/1976/1976 1977/1977/1977
f 1976/1976/1976 1979/1979/1979 1975/1975/1975
f 1979/1979/1979 1976/1976/1976 1978/1978/1978
f 1980/1980/1980 1970/1970/1970 1975/1975/1975
f 1980/1980/1980 1975/1975/1975 1979/1979/1979
f 1981/1981/1981 1979/1979/1979 1978/1978/1978
f 1981/1981/1981 1978/1978/1978 1982/1982/1982
f 1983/1983/1983 1981/1981/1981 1982/1982/1982
f 1984/1984/1984 1979/1979/1979 1981/1981/1981
f 1979/1979/1979 1984/1984/1984 1980/1980/1980
f 1985/1985/1985 1984/1984/1984 1981/1981/1981
f 1986/1986/1986 1984/1984/1984 1985/1985/1985
f 1987/1987/1987 1984/1984/1984 1986/1986/1986
f 1970/1970/1970 1980/1980/1980 1988/1988/1988
f 1988/1988/1988 1973/1973/1973 1970/1970/1970
f 1989/1989/1989 1980/1980/1980 1984/1984/1984
f 1989/1989/1989 1984/1984/1984 1987/1987/1987
f 1989/1989/1989 1988/1988/1988 1980/1980/1980
f 1990/1990/1990 1989/1989/1989 1987/1987/1987
f 1991/1991/1991 1990/1990/1990 1987/1987/1987
f 1990/1990/1990 1992/1992/1992 1989/1989/1989
f 1989/1989/1989 1992/1992/1992 1993/1993/1993
f 1989/1989/1989 1993/1993/1993 1988/1988/1988
f 1992/1992/1992 1994/1994/1994 1993/1993/1993
f 1994/1994/1994 1995/1995/1995 1993/1993/1993
f 1993/1993/1993 1995/1995/1995 1988/1988/1988
f 1988/1988/1988 1995/1995/1995 1973/1973/1973
f 1995/1995/1995 1996/1996/1996 1973/1973/1973
f 1973/1973/1973 1996/1996/1996 1997/1997/1997
f 1997/1997/1997 1996/1996/1996 1998/1998/1998
f 1998/1998/1998 1996/1996/1996 1999/1999/1999
f 1998/1998/1998 1999/1999/1999 2000/2000/2000
f 1997/1997/1997 1998/1998/1998 2000/2000/2000
f 2000/2000/2000 1999/1999/1999 2001/2001/2001
f 2001/2001/2001 2002/2002/2002 2000/2000/2000
f 1997/1997/1997 2000/2000/2000 2002/2002/2002
f 1973/1973/1973 1997/1997/1997 2003/2003/2003
f 2003/2003/2003 1974/1974/1974 1973/1973/1973
f 1997/1997/1997 2002/2002/2002 2004/2004/2004
f 2003/2003/2003 1997/1997/1997 2004/2004/2004
f 2002/2002/2002 2005/2005/2005 2004/2004/2004
f 2003/2003/2003 2006/2006/2006 1974/1974/1974
f 2006/2006/2006 2003/2003/2003 2004/2004/2004
f 1974/1974/1974 2006/2006/2006 2007/2007/2007
f 2006/2006/2006 2004/2004/2004 2007/2007/2007
f 2008/2008/2008 1974/1974/1974 2007/2007/2007
f 2004/2004/2004 2005/2005/2005 2009/2009/2009
f 2004/2004/2004 2009/2009/2009 2007/2007/2007
f 2005/2005/2005 2010/2010/2010 2009/2009/2009
f 2011/2011/2011 2009/2009/2009 2010/2010/2010
f 2011/2011/2011 2012/2012/2012 2009/2009/2009
f 2012/2012/2012 2011/2011/2011 2013/2013/2013
f 2014/2014/2014 2012/2012/2012 2013/2013/2013
f 2007/2007/2007 2015/2015/2015 2008/2008/2008
f 2016/2016/2016 2008/2008/2008 2015/2015/2015
f 2007/2007/2007 2009/2009/2009 2017/2017/2017
f 2009/2009/2009 2012/2012/2012 2017/2017/2017
f 2007/2007/2007 2017/2017/2017 2018/2018/2018
f 2015/2015/2015 2007/2007/2007 2018/2018/2018
f 2015/2015/2015 2019/2019/2019 2016/2016/2016
f 2016/2016/2016 2019/2019/2019 2020/2020/2020
f 2021/2021/2021 2020/2020/2020 2019/2019/2019
f 2022/2022/2022 2017/2017/2017 2012/2012/2012
f 2018/2018/2018 2017/2017/2017 2022/2022/2022
f 2014/2014/2014 2023/2023/2023 2012/2012/2012
f 2023/2023/2023 2022/2022/2022 2012/2012/2012
f 2023/2023/2023 2014/2014/2014 2024/2024/2024
f 2025/2025/2025 2024/2024/2024 2014/2014/2014
f 2015/2015/2015 2018/2018/2018 2026/2026/2026
f 2026/2026/2026 2019/2019/2019 2015/2015/2015
f 2022/2022/2022 2027/2027/2027 2018/2018/2018
f 2018/2018/2018 2027/2027/2027 2026/2026/2026
f 2028/2028/2028 2026/2026/2026 2027/2027/2027
f 2027/2027/2027 2022/2022/2022 2029/2029/2029
f 2022/2022/2022 2030/2030/2030 2029/2029/2029
f 2031/2031/2031 2027/2027/2027 2029/2029/2029
f 2027/2027/2027 2031/2031/2031 2028/2028/2028
f 2032/2032/2032 2028/2028/2028 2031/2031/2031
f 2033/2033/2033 2028/2028/2028 2032/2032/2032
f 2019/2019/2019 2026/2026/2026 2034/2034/2034
f 2026/2026/2026 2028/2028/2028 2034/2034/2034
f 2028/2028/2028 2033/2033/2033 2035/2035/2035
f 2036/2036/2036 2035/2035/2035 2033/2033/2033
f 2028/2028/2028 2035/2035/2035 2037/2037/2037
f 2037/2037/2037 2034/2034/2034 2028/2028/2028
f 2038/2038/2038 2019/2019/2019 2034/2034/2034
f 2021/2021/2021 2019/2019/2019 2038/2038/2038
f 2037/2037/2037 2039/2039/2039 2034/2034/2034
f 2034/2034/2034 2039/2039/2039 2038/2038/2038
f 2037/2037/2037 2040/2040/2040 2039/2039/2039
f 2041/2041/2041 2021/2021/2021 2038/2038/2038
f 2041/2041/2041 2038/2038/2038 2039/2039/2039
f 2042/2042/2042 2021/2021/2021 2041/2041/2041
f 2039/2039/2039 2040/2040/2040 2043/2043/2043
f 2040/2040/2040 2044/2044/2044 2043/2043/2043
f 2045/2045/2045 2041/2041/2041 2039/2039/2039
f 2045/2045/2045 2039/2039/2039 2043/2043/2043
f 2046/2046/2046 2041/2041/2041 2045/2045/2045
f 2046/2046/2046 2045/2045/2045 2047/2047/2047
f 2045/2045/2045 2043/2043/2043 2047/2047/2047
f 2046/2046/2046 2047/2047/2047 2048/2048/2048
f 2049/2049/2049 2043/2043/2043 2044/2044/2044
f 2047/2047/2047 2043/2043/2043 2049/2049/2049
f 2048/2048/2048 2047/2047/2047 2050/2050/2050
f 2049/2049/2049 2050/2050/2050 2047/2047/2047
f 2044/2044/2044 2051/2051/2051 2049/2049/2049
f 2051/2051/2051 2044/2044/2044 2052/2052/2052
f 2051/2051/2051 2052/2052/2052 2053/2053/2053
f 2053/2053/2053 2054/2054/2054 2051/2051/2051
f 2051/2051/2051 2055/2055/2055 2049/2049/2049
f 2055/2055/2055 2050/2050/2050 2049/2049/2049
f 2054/2054/2054 2056/2056/2056 2051/2051/2051
f 2055/2055/2055 2057/2057/2057 2050/2050/2050
f 2054/2054/2054 2058/2058/2058 2056/2056/2056
f 2048/2048/2048 2050/2050/2050 2059/2059/2059
f 2059/2059/2059 2050/2050/2050 2057/2057/2057
f 2048/2048/2048 2059/2059/2059 2060/2060/2060
f 2061/2061/2061 2059/2059/2059 2057/2057/2057
f 2062/2062/2062 2060/2060/2060 2059/2059/2059
f 2062/2062/2062 2059/2059/2059 2061/2061/2061
f 2062/2062/2062 2061/2061/2061 2063/2063/2063
f 2053/2053/2053 2064/2064/2064 2054/2054/2054
f 2064/2064/2064 2053/2053/2053 2065/2065/2065
f 2066/2066/2066 2058/2058/2058 2054/2054/2054
f 2066/2066/2066 2054/2054/2054 2067/2067/2067
f 2054/2054/2054 2068/2068/2068 2067/2067/2067
f 2054/2054/2054 2069/2069/2069 2068/2068/2068
f 2068/2068/2068 2069/2069/2069 2070/2070/2070
f 2067/2067/2067 2068/2068/2068 2071/2071/2071
f 2067/2067/2067 2071/2071/2071 2072/2072/2072
f 2071/2071/2071 2068/2068/2068 2073/2073/2073
f 2073/2073/2073 2068/2068/2068 2074/2074/2074
f 2066/2066/2066 2067/2067/2067 2075/2075/2075
f 2076/2076/2076 2058/2058/2058 2066/2066/2066
f 2076/2076/2076 2066/2066/2066 2075/2075/2075
f 2076/2076/2076 2077/2077/2077 2058/2058/2058
f 2058/2058/2058 2077/2077/2077 2078/2078/2078
f 2076/2076/2076 2075/2075/2075 2079/2079/2079
f 2079/2079/2079 2075/2075/2075 2080/2080/2080
f 2081/2081/2081 2077/2077/2077 2076/2076/2076
f 2082/2082/2082 2077/2077/2077 2081/2081/2081
f 2081/2081/2081 2083/2083/2083 2082/2082/2082
f 2084/2084/2084 2083/2083/2083 2081/2081/2081
f 2084/2084/2084 2081/2081/2081 2085/2085/2085
f 2086/2086/2086 2085/2085/2085 2081/2081/2081
f 2086/2086/2086 2081/2081/2081 2076/2076/2076
f 2076/2076/2076 2079/2079/2079 2086/2086/2086
f 2086/2086/2086 2079/2079/2079 2087/2087/2087
f 2087/2087/2087 2088/2088/2088 2086/2086/2086
f 2091/2091/2091 2090/2090/2090 2089/2089/2089
f 2091/2091/2091 2092/2092/2092 2090/2090/2090
f 2090/2090/2090 2092/2092/2092 2093/2093/2093
f 2091/2091/2091 2094/2094/2094 2092/2092/2092
f 2091/2091/2091 2095/2095/2095 2094/2094/2094
f 2092/2092/2092 2094/2094/2094 2096/2096/2096
f 2093/2093/2093 2092/2092/2092 2097/2097/2097
f 2092/2092/2092 2096/2096/2096 2097/2097/2097
f 2098/2098/2098 2097/2097/2097 2096/2096/2096
f 2093/2093/2093 2097/2097/2097 2099/2099/2099
f 2099/2099/2099 2097/2097/2097 2100/2100/2100
f 2097/2097/2097 2098/2098/2098 2101/2101/2101
f 2097/2097/2097 2101/2101/2101 2100/2100/2100
f 2100/2100/2100 2102/2102/2102 2099/2099/2099
f 2100/2100/2100 2101/2101/2101 2103/2103/2103
f 2102/2102/2102 2100/2100/2100 2104/2104/2104
f 2105/2105/2105 2100/2100/2100 2103/2103/2103
f 2104/2104/2104 2100/2100/2100 2106/2106/2106
f 2106/2106/2106 2100/2100/2100 2105/2105/2105
f 2106/2106/2106 2107/2107/2107 2104/2104/2104
f 2106/2106/2106 2105/2105/2105 2108/2108/2108
f 2109/2109/2109 2106/2106/2106 2108/2108/2108
f 2105/2105/2105 2110/2110/2110 2108/2108/2108
f 2110/2110/2110 2105/2105/2105 2111/2111/2111
f 2114/2114/2114 2113/2113/2113 2112/2112/2112
f 2113/2113/2113 2115/2115/2115 2112/2112/2112
f 2115/2115/2115 2116/2116/2116 2112/2112/2112
f 2117/2117/2117 2115/2115/2115 2113/2113/2113
f 2116/2116/2116 2115/2115/2115 2118/2118/2118
f 2116/2116/2116 2118/2118/2118 2119/2119/2119
f 2119/2119/2119 2120/2120/2120 2116/2116/2116
f 2119/2119/2119 2121/2121/2121 2120/2120/2120
f 2121/2121/2121 2122/2122/2122 2120/2120/2120
f 2121/2121/2121 2123/2123/2123 2122/2122/2122
f 2122/2122/2122 2123/2123/2123 2124/2124/2124
f 2125/2125/2125 2121/2121/2121 2119/2119/2119
f 2126/2126/2126 2124/2124/2124 2123/2123/2123
f 2118/2118/2118 2127/2127/2127 2119/2119/2119
f 2127/2127/2127 2125/2125/2125 2119/2119/2119
f 2115/2115/2115 2128/2128/2128 2118/2118/2118
f 2128/2128/2128 2127/2127/2127 2118/2118/2118
f 2129/2129/2129 2115/2115/2115 2117/2117/2117
f 2115/2115/2115 2129/2129/2129 2128/2128/2128
f 2125/2125/2125 2127/2127/2127 2130/2130/2130
f 2130/2130/2130 2131/2131/2131 2125/2125/2125
f 2125/2125/2125 2131/2131/2131 2132/2132/2132
f 2130/2130/2130 2127/2127/2127 2133/2133/2133
f 2128/2128/2128 2133/2133/2133 2127/2127/2127
f 2133/2133/2133 2134/2134/2134 2130/2130/2130
f 2134/2134/2134 2133/2133/2133 2135/2135/2135
f 2128/2128/2128 2129/2129/2129 2136/2136/2136
f 2133/2133/2133 2128/2128/2128 2136/2136/2136
f 2137/2137/2137 2136/2136/2136 2129/2129/2129
f 2133/2133/2133 2136/2136/2136 2137/2137/2137
f 2137/2137/2137 2129/2129/2129 2117/2117/2117
f 2137/2137/2137 2135/2135/2135 2133/2133/2133
f 2138/2138/2138 2137/2137/2137 2117/2117/2117
f 2139/2139/2139 2138/2138/2138 2117/2117/2117
f 2138/2138/2138 2139/2139/2139 2140/2140/2140
f 1678/1678/1678 2135/2135/2135 2137/2137/2137
f 2138/2138/2138 1678/1678/1678 2137/2137/2137
f 1678/1678/1678 2141/2141/2141 2135/2135/2135
f 1678/1678/1678 2142/2142/2142 2141/2141/2141
f 2142/2142/2142 2143/2143/2143 2141/2141/2141
f 2141/2141/2141 2143/2143/2143 2144/2144/2144
f 2143/2143/2143 2145/2145/2145 2144/2144/2144
f 1681/1681/1681 1678/1678/1678 2138/2138/2138
f 1681/1681/1681 2138/2138/2138 2140/2140/2140
f 2146/2146/2146 1681/1681/1681 2140/2140/2140
f 2146/2146/2146 2147/2147/2147 1681/1681/1681
f 1690/1690/1690 1681/1681/1681 2147/2147/2147
f 2148/2148/2148 2147/2147/2147 2146/2146/2146
f 1690/1690/1690 2147/2147/2147 2149/2149/2149
f 2149/2149/2149 2147/2147/2147 2148/2148/2148
f 2150/2150/2150 1690/1690/1690 2149/2149/2149
f 1699/1699/1699 1690/1690/1690 2150/2150/2150
f 2151/2151/2151 2149/2149/2149 2148/2148/2148
f 2151/2151/2151 2150/2150/2150 2149/2149/2149
f 2151/2151/2151 2148/2148/2148 2152/2152/2152
f 1699/1699/1699 2150/2150/2150 2153/2153/2153
f 2150/2150/2150 2151/2151/2151 2153/2153/2153
f 2153/2153/2153 1700/1700/1700 1699/1699/1699
f 2154/2154/2154 2153/2153/2153 2151/2151/2151
f 1708/1708/1708 1700/1700/1700 2153/2153/2153
f 2153/2153/2153 2154/2154/2154 1708/1708/1708
f 1708/1708/1708 2154/2154/2154 2155/2155/2155
f 2154/2154/2154 2156/2156/2156 2155/2155/2155
f 1708/1708/1708 2155/2155/2155 2157/2157/2157
f 2155/2155/2155 2156/2156/2156 2158/2158/2158
f 2157/2157/2157 2155/2155/2155 2159/2159/2159
f 2158/2158/2158 2159/2159/2159 2155/2155/2155
f 2157/2157/2157 2160/2160/2160 1708/1708/1708
f 2161/2161/2161 1708/1708/1708 2160/2160/2160
f 1708/1708/1708 2161/2161/2161 1707/1707/1707
f 2161/2161/2161 2162/2162/2162 1707/1707/1707
f 2162/2162/2162 2161/2161/2161 2163/2163/2163
f 2163/2163/2163 2161/2161/2161 2160/2160/2160
f 2163/2163/2163 2160/2160/2160 2164/2164/2164
f 2164/2164/2164 2160/2160/2160 2165/2165/2165
f 2160/2160/2160 2157/2157/2157 2165/2165/2165
f 2164/2164/2164 2165/2165/2165 2166/2166/2166
f 2165/2165/2165 2167/2167/2167 2166/2166/2166
f 2165/2165/2165 2157/2157/2157 2167/2167/2167
f 2167/2167/2167 2157/2157/2157 2159/2159/2159
f 2166/2166/2166 2167/2167/2167 2159/2159/2159
f 2159/2159/2159 2158/2158/2158 2168/2168/2168
f 2159/2159/2159 2168/2168/2168 2166/2166/2166
f 2164/2164/2164 2169/2169/2169 2163/2163/2163
f 2163/2163/2163 2169/2169/2169 2170/2170/2170
f 2171/2171/2171 2170/2170/2170 2169/2169/2169
f 2171/2171/2171 2169/2169/2169 2172/2172/2172
f 2172/2172/2172 2169/2169/2169 2164/2164/2164
f 2173/2173/2173 2172/2172/2172 2164/2164/2164
f 2173/2173/2173 2164/2164/2164 2174/2174/2174
f 2173/2173/2173 2174/2174/2174 2175/2175/2175
f 2176/2176/2176 2173/2173/2173 2175/2175/2175
f 2177/2177/2177 2164/2164/2164 2166/2166/2166
f 2174/2174/2174 2164/2164/2164 2177/2177/2177
f 2177/2177/2177 2178/2178/2178 2174/2174/2174
f 2177/2177/2177 2166/2166/2166 2178/2178/2178
f 2175/2175/2175 2174/2174/2174 2179/2179/2179
f 2174/2174/2174 2178/2178/2178 2179/2179/2179
f 2180/2180/2180 2176/2176/2176 2175/2175/2175
f 2176/2176/2176 2180/2180/2180 2181/2181/2181
f 2181/2181/2181 2180/2180/2180 2182/2182/2182
f 2180/2180/2180 2175/2175/2175 2182/2182/2182
f 2182/2182/2182 2175/2175/2175 2183/2183/2183
f 2184/2184/2184 2181/2181/2181 2182/2182/2182
f 2179/2179/2179 2185/2185/2185 2175/2175/2175
f 2179/2179/2179 2178/2178/2178 2185/2185/2185
f 2175/2175/2175 2185/2185/2185 2183/2183/2183
f 2178/2178/2178 2166/2166/2166 2186/2186/2186
f 2185/2185/2185 2178/2178/2178 2187/2187/2187
f 2186/2186/2186 2187/2187/2187 2178/2178/2178
f 2166/2166/2166 2188/2188/2188 2186/2186/2186
f 2188/2188/2188 2166/2166/2166 2168/2168/2168
f 2185/2185/2185 2187/2187/2187 2189/2189/2189
f 2185/2185/2185 2189/2189/2189 2183/2183/2183
f 2187/2187/2187 2186/2186/2186 2190/2190/2190
f 2190/2190/2190 2186/2186/2186 2188/2188/2188
f 2189/2189/2189 2187/2187/2187 2190/2190/2190
f 2191/2191/2191 2184/2184/2184 2182/2182/2182
f 2182/2182/2182 2183/2183/2183 2192/2192/2192
f 2191/2191/2191 2182/2182/2182 2192/2192/2192
f 2184/2184/2184 2191/2191/2191 2193/2193/2193
f 2194/2194/2194 2184/2184/2184 2193/2193/2193
f 2194/2194/2194 2193/2193/2193 2195/2195/2195
f 2192/2192/2192 2183/2183/2183 2196/2196/2196
f 2191/2191/2191 2192/2192/2192 2196/2196/2196
f 2193/2193/2193 2191/2191/2191 2197/2197/2197
f 2195/2195/2195 2193/2193/2193 2197/2197/2197
f 2191/2191/2191 2196/2196/2196 2198/2198/2198
f 2197/2197/2197 2191/2191/2191 2198/2198/2198
f 2190/2190/2190 2188/2188/2188 2199/2199/2199
f 2190/2190/2190 2200/2200/2200 2189/2189/2189
f 2200/2200/2200 2190/2190/2190 2199/2199/2199
f 2183/2183/2183 2189/2189/2189 2201/2201/2201
f 2189/2189/2189 2200/2200/2200 2201/2201/2201
f 2196/2196/2196 2183/2183/2183 2202/2202/2202
f 2183/2183/2183 2201/2201/2201 2202/2202/2202
f 2201/2201/2201 2200/2200/2200 2203/2203/2203
f 2201/2201/2201 2203/2203/2203 2202/2202/2202
f 2196/2196/2196 2202/2202/2202 2204/2204/2204
f 2196/2196/2196 2204/2204/2204 2198/2198/2198
f 2199/2199/2199 2188/2188/2188 2205/2205/2205
f 2168/2168/2168 2205/2205/2205 2188/2188/2188
f 2200/2200/2200 2199/2199/2199 2206/2206/2206
f 2200/2200/2200 2206/2206/2206 2203/2203/2203
f 2199/2199/2199 2205/2205/2205 2207/2207/2207
f 2199/2199/2199 2207/2207/2207 2206/2206/2206
f 2205/2205/2205 2208/2208/2208 2207/2207/2207
f 2205/2205/2205 2168/2168/2168 2208/2208/2208
f 2209/2209/2209 2202/2202/2202 2203/2203/2203
f 2204/2204/2204 2202/2202/2202 2209/2209/2209
f 2168/2168/2168 2210/2210/2210 2208/2208/2208
f 2158/2158/2158 2210/2210/2210 2168/2168/2168
f 2210/2210/2210 2158/2158/2158 2211/2211/2211
f 2211/2211/2211 2208/2208/2208 2210/2210/2210
f 2211/2211/2211 2158/2158/2158 2156/2156/2156
f 2211/2211/2211 2156/2156/2156 2212/2212/2212
f 2213/2213/2213 2212/2212/2212 2156/2156/2156
f 2214/2214/2214 2208/2208/2208 2211/2211/2211
f 2208/2208/2208 2214/2214/2214 2215/2215/2215
f 2214/2214/2214 2216/2216/2216 2215/2215/2215
f 2208/2208/2208 2215/2215/2215 2217/2217/2217
f 2218/2218/2218 2217/2217/2217 2215/2215/2215
f 2219/2219/2219 2204/2204/2204 2209/2209/2209
f 2220/2220/2220 2204/2204/2204 2219/2219/2219
f 2220/2220/2220 2219/2219/2219 2221/2221/2221
f 2198/2198/2198 2204/2204/2204 2220/2220/2220
f 2198/2198/2198 2220/2220/2220 2222/2222/2222
f 2209/2209/2209 2223/2223/2223 2219/2219/2219
f 2219/2219/2219 2223/2223/2223 2221/2221/2221
f 2222/2222/2222 2220/2220/2220 2224/2224/2224
f 2224/2224/2224 2220/2220/2220 2221/2221/2221
f 2225/2225/2225 2198/2198/2198 2222/2222/2222
f 2197/2197/2197 2198/2198/2198 2225/2225/2225
f 2197/2197/2197 2225/2225/2225 2226/2226/2226
f 2225/2225/2225 2222/2222/2222 2226/2226/2226
f 2227/2227/2227 2197/2197/2197 2226/2226/2226
f 2227/2227/2227 2226/2226/2226 2228/2228/2228
f 2228/2228/2228 2226/2226/2226 2229/2229/2229
f 2229/2229/2229 2226/2226/2226 2222/2222/2222
f 2227/2227/2227 2195/2195/2195 2197/2197/2197
f 2228/2228/2228 2195/2195/2195 2227/2227/2227
f 2209/2209/2209 2230/2230/2230 2223/2223/2223
f 2221/2221/2221 2223/2223/2223 2231/2231/2231
f 2231/2231/2231 2223/2223/2223 2230/2230/2230
f 2230/2230/2230 2232/2232/2232 2231/2231/2231
f 2209/2209/2209 2233/2233/2233 2230/2230/2230
f 2209/2209/2209 2203/2203/2203 2233/2233/2233
f 2230/2230/2230 2234/2234/2234 2232/2232/2232
f 2230/2230/2230 2235/2235/2235 2234/2234/2234
f 2235/2235/2235 2230/2230/2230 2233/2233/2233
f 2235/2235/2235 2233/2233/2233 2236/2236/2236
f 2233/2233/2233 2203/2203/2203 2236/2236/2236
f 2203/2203/2203 2206/2206/2206 2236/2236/2236
f 2237/2237/2237 2236/2236/2236 2206/2206/2206
f 2237/2237/2237 2206/2206/2206 2238/2238/2238
f 2221/2221/2221 2231/2231/2231 2239/2239/2239
f 2231/2231/2231 2232/2232/2232 2239/2239/2239
f 2240/2240/2240 2221/2221/2221 2239/2239/2239
f 2240/2240/2240 2239/2239/2239 2241/2241/2241
f 2241/2241/2241 2239/2239/2239 2232/2232/2232
f 2221/2221/2221 2240/2240/2240 2242/2242/2242
f 2242/2242/2242 2240/2240/2240 2241/2241/2241
f 2243/2243/2243 2242/2242/2242 2241/2241/2241
f 2242/2242/2242 2224/2224/2224 2221/2221/2221
f 2242/2242/2242 2244/2244/2244 2224/2224/2224
f 2244/2244/2244 2222/2222/2222 2224/2224/2224
f 2241/2241/2241 2232/2232/2232 2245/2245/2245
f 2241/2241/2241 2245/2245/2245 2243/2243/2243
f 2242/2242/2242 2243/2243/2243 2246/2246/2246
f 2244/2244/2244 2242/2242/2242 2246/2246/2246
f 2247/2247/2247 2222/2222/2222 2244/2244/2244
f 2247/2247/2247 2229/2229/2229 2222/2222/2222
f 2246/2246/2246 2248/2248/2248 2244/2244/2244
f 2247/2247/2247 2244/2244/2244 2248/2248/2248
f 2246/2246/2246 2249/2249/2249 2248/2248/2248
f 2249/2249/2249 2246/2246/2246 2243/2243/2243
f 2249/2249/2249 2243/2243/2243 2250/2250/2250
f 2250/2250/2250 2243/2243/2243 2251/2251/2251
f 2248/2248/2248 2252/2252/2252 2247/2247/2247
f 2253/2253/2253 2251/2251/2251 2243/2243/2243
f 2245/2245/2245 2253/2253/2253 2243/2243/2243
f 2251/2251/2251 2253/2253/2253 2254/2254/2254
f 2253/2253/2253 2255/2255/2255 2254/2254/2254
f 2254/2254/2254 2255/2255/2255 2256/2256/2256
f 2255/2255/2255 2253/2253/2253 2257/2257/2257
f 2255/2255/2255 2257/2257/2257 2256/2256/2256
f 2245/2245/2245 2258/2258/2258 2253/2253/2253
f 2253/2253/2253 2258/2258/2258 2257/2257/2257
f 2245/2245/2245 2259/2259/2259 2258/2258/2258
f 2259/2259/2259 2245/2245/2245 2232/2232/2232
f 2259/2259/2259 2232/2232/2232 2260/2260/2260
f 2259/2259/2259 2260/2260/2260 2258/2258/2258
f 2232/2232/2232 2261/2261/2261 2260/2260/2260
f 2261/2261/2261 2262/2262/2262 2260/2260/2260
f 2258/2258/2258 2260/2260/2260 2263/2263/2263
f 2258/2258/2258 2263/2263/2263 2257/2257/2257
f 2260/2260/2260 2264/2264/2264 2263/2263/2263
f 2263/2263/2263 2265/2265/2265 2257/2257/2257
f 2266/2266/2266 2257/2257/2257 2265/2265/2265
f 2257/2257/2257 2266/2266/2266 2256/2256/2256
f 2265/2265/2265 2267/2267/2267 2266/2266/2266
f 2266/2266/2266 2267/2267/2267 2268/2268/2268
f 2266/2266/2266 2269/2269/2269 2256/2256/2256
f 2268/2268/2268 2269/2269/2269 2266/2266/2266
f 2270/2270/2270 2256/2256/2256 2269/2269/2269
f 2269/2269/2269 2268/2268/2268 2270/2270/2270
f 2273/2273/2273 2272/2272/2272 2271/2271/2271
f 2272/2272/2272 2274/2274/2274 2271/2271/2271
f 2275/2275/2275 2274/2274/2274 2272/2272/2272
f 2276/2276/2276 2275/2275/2275 2272/2272/2272
f 2277/2277/2277 2276/2276/2276 2272/2272/2272
f 2278/2278/2278 2275/2275/2275 2276/2276/2276
f 2279/2279/2279 2275/2275/2275 2278/2278/2278
f 2282/2282/2282 2281/2281/2281 2280/2280/2280
f 2283/2283/2283 2281/2281/2281 2282/2282/2282
f 2281/2281/2281 2283/2283/2283 2284/2284/2284
f 2284/2284/2284 2283/2283/2283 2285/2285/2285
f 2284/2284/2284 2285/2285/2285 2286/2286/2286
f 2287/2287/2287 2286/2286/2286 2285/2285/2285
f 2286/2286/2286 2288/2288/2288 2284/2284/2284
f 2284/2284/2284 2289/2289/2289 2281/2281/2281
f 2284/2284/2284 2288/2288/2288 2289/2289/2289
f 2289/2289/2289 2290/2290/2290 2281/2281/2281
f 2288/2288/2288 2291/2291/2291 2289/2289/2289
f 2291/2291/2291 2288/2288/2288 2292/2292/2292
f 2289/2289/2289 2291/2291/2291 2293/2293/2293
f 2289/2289/2289 2293/2293/2293 2290/2290/2290
f 2293/2293/2293 2294/2294/2294 2290/2290/2290
f 2290/2290/2290 2294/2294/2294 2295/2295/2295
f 2290/2290/2290 2295/2295/2295 2296/2296/2296
f 2295/2295/2295 2294/2294/2294 2297/2297/2297
f 2294/2294/2294 2298/2298/2298 2297/2297/2297
f 2298/2298/2298 2299/2299/2299 2297/2297/2297
f 2297/2297/2297 2299/2299/2299 2300/2300/2300
f 2298/2298/2298 2301/2301/2301 2299/2299/2299
f 2302/2302/2302 2299/2299/2299 2301/2301/2301
f 2303/2303/2303 2302/2302/2302 2301/2301/2301
f 2306/2306/2306 2305/2305/2305 2304/2304/2304
f 2305/2305/2305 2307/2307/2307 2304/2304/2304
f 2304/2304/2304 2307/2307/2307 2308/2308/2308
f 2305/2305/2305 2309/2309/2309 2307/2307/2307
f 2305/2305/2305 2310/2310/2310 2309/2309/2309
f 2305/2305/2305 2311/2311/2311 2310/2310/2310
f 2305/2305/2305 2312/2312/2312 2311/2311/2311
f 2310/2310/2310 2313/2313/2313 2309/2309/2309
f 2309/2309/2309 2313/2313/2313 2314/2314/2314
f 2313/2313/2313 2315/2315/2315 2314/2314/2314
f 2315/2315/2315 2316/2316/2316 2314/2314/2314
f 2314/2314/2314 2316/2316/2316 2317/2317/2317
f 2313/2313/2313 2318/2318/2318 2315/2315/2315
f 2313/2313/2313 2319/2319/2319 2318/2318/2318
f 2319/2319/2319 2320/2320/2320 2318/2318/2318
f 2318/2318/2318 2320/2320/2320 2315/2315/2315
f 2319/2319/2319 2321/2321/2321 2320/2320/2320
f 2320/2320/2320 2321/2321/2321 2322/2322/2322
f 2323/2323/2323 2322/2322/2322 2321/2321/2321
f 2320/2320/2320 2324/2324/2324 2315/2315/2315
f 2324/2324/2324 2320/2320/2320 2322/2322/2322
f 2325/2325/2325 2315/2315/2315 2324/2324/2324
f 2316/2316/2316 2315/2315/2315 2325/2325/2325
f 2326/2326/2326 2324/2324/2324 2322/2322/2322
f 2316/2316/2316 2325/2325/2325 2327/2327/2327
f 2326/2326/2326 2322/2322/2322 2328/2328/2328
f 2317/2317/2317 2316/2316/2316 2329/2329/2329
f 2329/2329/2329 2316/2316/2316 2327/2327/2327
f 2330/2330/2330 2317/2317/2317 2329/2329/2329
f 2329/2329/2329 2327/2327/2327 2331/2331/2331
f 2332/2332/2332 2330/2330/2330 2329/2329/2329
f 2332/2332/2332 2329/2329/2329 2331/2331/2331
f 2322/2322/2322 2323/2323/2323 2333/2333/2333
f 2333/2333/2333 2328/2328/2328 2322/2322/2322
f 2333/2333/2333 2323/2323/2323 2334/2334/2334
f 2335/2335/2335 2328/2328/2328 2333/2333/2333
f 2328/2328/2328 2335/2335/2335 2336/2336/2336
f 2334/2334/2334 2337/2337/2337 2333/2333/2333
f 2337/2337/2337 2335/2335/2335 2333/2333/2333
f 2338/2338/2338 2337/2337/2337 2334/2334/2334
f 2337/2337/2337 2339/2339/2339 2335/2335/2335
f 2335/2335/2335 2339/2339/2339 2340/2340/2340
f 2341/2341/2341 2339/2339/2339 2337/2337/2337
f 2340/2340/2340 2339/2339/2339 2342/2342/2342
f 2341/2341/2341 2343/2343/2343 2339/2339/2339
f 2342/2342/2342 2339/2339/2339 2343/2343/2343
f 2344/2344/2344 2343/2343/2343 2341/2341/2341
f 2345/2345/2345 2343/2343/2343 2344/2344/2344
f 2343/2343/2343 2346/2346/2346 2342/2342/2342
f 2346/2346/2346 2343/2343/2343 2345/2345/2345
f 2347/2347/2347 2346/2346/2346 2345/2345/2345
f 2346/2346/2346 2347/2347/2347 2348/2348/2348
f 2348/2348/2348 2347/2347/2347 2349/2349/2349
f 2352/2352/2352 2351/2351/2351 2350/2350/2350
f 2351/2351/2351 2352/2352/2352 2353/2353/2353
f 2354/2354/2354 2351/2351/2351 2353/2353/2353
f 2355/2355/2355 2353/2353/2353 2352/2352/2352
f 2356/2356/2356 2355/2355/2355 2352/2352/2352
f 2357/2357/2357 2353/2353/2353 2355/2355/2355
f 2356/2356/2356 2357/2357/2357 2355/2355/2355
f 2353/2353/2353 2357/2357/2357 2358/2358/2358
f 2357/2357/2357 2356/2356/2356 2359/2359/2359
f 2357/2357/2357 2359/2359/2359 2360/2360/2360
f 2361/2361/2361 2360/2360/2360 2359/2359/2359
f 2362/2362/2362 2360/2360/2360 2361/2361/2361
f 2363/2363/2363 2359/2359/2359 2356/2356/2356
f 2364/2364/2364 2359/2359/2359 2363/2363/2363
f 2361/2361/2361 2359/2359/2359 2364/2364/2364
f 2365/2365/2365 2363/2363/2363 2356/2356/2356
f 2361/2361/2361 2364/2364/2364 2366/2366/2366
f 2365/2365/2365 2356/2356/2356 2367/2367/2367
f 2368/2368/2368 2356/2356/2356 2352/2352/2352
f 2367/2367/2367 2356/2356/2356 2368/2368/2368
f 2352/2352/2352 2369/2369/2369 2368/2368/2368
f 2367/2367/2367 2368/2368/2368 2369/2369/2369
f 2352/2352/2352 2370/2370/2370 2369/2369/2369
f 2371/2371/2371 2367/2367/2367 2369/2369/2369
f 2369/2369/2369 2370/2370/2370 2372/2372/2372
f 2369/2369/2369 2372/2372/2372 2371/2371/2371
f 2371/2371/2371 2372/2372/2372 2373/2373/2373
f 2374/2374/2374 2372/2372/2372 2370/2370/2370
f 2373/2373/2373 2372/2372/2372 2375/2375/2375
f 2374/2374/2374 2376/2376/2376 2372/2372/2372
f 2376/2376/2376 2375/2375/2375 2372/2372/2372
f 2376/2376/2376 2377/2377/2377 2375/2375/2375
f 2376/2376/2376 2378/2378/2378 2377/2377/2377
f 2374/2374/2374 2379/2379/2379 2376/2376/2376
f 2376/2376/2376 2379/2379/2379 2378/2378/2378
f 2379/2379/2379 2380/2380/2380 2378/2378/2378
f 2379/2379/2379 2381/2381/2381 2380/2380/2380
f 2382/2382/2382 2381/2381/2381 2379/2379/2379
f 2382/2382/2382 2383/2383/2383 2381/2381/2381
f 2384/2384/2384 2381/2381/2381 2383/2383/2383
f 2382/2382/2382 2385/2385/2385 2383/2383/2383
f 2384/2384/2384 2383/2383/2383 2386/2386/2386
f 2385/2385/2385 2386/2386/2386 2383/2383/2383
f 2387/2387/2387 2386/2386/2386 2385/2385/2385
f 2386/2386/2386 2387/2387/2387 2388/2388/2388
f 2388/2388/2388 2387/2387/2387 2389/2389/2389
f 2390/2390/2390 2389/2389/2389 2387/2387/2387
f 2391/2391/2391 2390/2390/2390 2387/2387/2387
f 2387/2387/2387 2392/2392/2392 2391/2391/2391
f 2388/2388/2388 2389/2389/2389 2393/2393/2393
f 2393/2393/2393 2389/2389/2389 2394/2394/2394
f 2395/2395/2395 2393/2393/2393 2394/2394/2394
f 2396/2396/2396 2388/2388/2388 2393/2393/2393
f 2396/2396/2396 2393/2393/2393 2395/2395/2395
f 2396/2396/2396 2395/2395/2395 2397/2397/2397
f 2396/2396/2396 2397/2397/2397 2398/2398/2398
f 2401/2401/2401 2400/2400/2400 2399/2399/2399
f 2402/2402/2402 2399/2399/2399 2400/2400/2400
f 2402/2402/2402 2400/2400/2400 2403/2403/2403
f 2404/2404/2404 2402/2402/2402 2403/2403/2403
f 2407/2407/2407 2406/2406/2406 2405/2405/2405
f 2407/2407/2407 2408/2408/2408 2406/2406/2406
f 2409/2409/2409 2408/2408/2408 2407/2407/2407
f 2410/2410/2410 2409/2409/2409 2407/2407/2407
f 2411/2411/2411 2409/2409/2409 2410/2410/2410
f 2411/2411/2411 2410/2410/2410 2412/2412/2412
f 2413/2413/2413 2408/2408/2408 2409/2409/2409
f 2411/2411/2411 2413/2413/2413 2409/2409/2409
f 2411/2411/2411 2412/2412/2412 2414/2414/2414
f 2415/2415/2415 2414/2414/2414 2412/2412/2412
f 2414/2414/2414 2415/2415/2415 2416/2416/2416
f 2417/2417/2417 2416/2416/2416 2415/2415/2415
f 2418/2418/2418 2416/2416/2416 2417/2417/2417
f 2416/2416/2416 2418/2418/2418 2419/2419/2419
f 2419/2419/2419 2420/2420/2420 2416/2416/2416
f 2411/2411/2411 2421/2421/2421 2413/2413/2413
f 2414/2414/2414 2421/2421/2421 2411/2411/2411
f 2414/2414/2414 2416/2416/2416 2422/2422/2422
f 2422/2422/2422 2421/2421/2421 2414/2414/2414
f 2420/2420/2420 2423/2423/2423 2416/2416/2416
f 2423/2423/2423 2422/2422/2422 2416/2416/2416
f 2421/2421/2421 2424/2424/2424 2413/2413/2413
f 2413/2413/2413 2424/2424/2424 2408/2408/2408
f 2422/2422/2422 2425/2425/2425 2421/2421/2421
f 2421/2421/2421 2425/2425/2425 2424/2424/2424
f 2425/2425/2425 2422/2422/2422 2426/2426/2426
f 2422/2422/2422 2423/2423/2423 2426/2426/2426
f 2420/2420/2420 2427/2427/2427 2423/2423/2423
f 2420/2420/2420 2428/2428/2428 2427/2427/2427
f 2427/2427/2427 2428/2428/2428 2429/2429/2429
f 2425/2425/2425 2430/2430/2430 2424/2424/2424
f 2426/2426/2426 2430/2430/2430 2425/2425/2425
f 2426/2426/2426 2423/2423/2423 2431/2431/2431
f 2431/2431/2431 2423/2423/2423 2427/2427/2427
f 2427/2427/2427 2429/2429/2429 2432/2432/2432
f 2432/2432/2432 2429/2429/2429 2433/2433/2433
f 2432/2432/2432 2433/2433/2433 2434/2434/2434
f 2435/2435/2435 2427/2427/2427 2432/2432/2432
f 2427/2427/2427 2435/2435/2435 2431/2431/2431
f 2436/2436/2436 2432/2432/2432 2434/2434/2434
f 2432/2432/2432 2436/2436/2436 2435/2435/2435
f 2426/2426/2426 2437/2437/2437 2430/2430/2430
f 2426/2426/2426 2431/2431/2431 2437/2437/2437
f 2438/2438/2438 2431/2431/2431 2435/2435/2435
f 2436/2436/2436 2438/2438/2438 2435/2435/2435
f 2439/2439/2439 2436/2436/2436 2434/2434/2434
f 2439/2439/2439 2434/2434/2434 2440/2440/2440
f 2437/2437/2437 2431/2431/2431 2441/2441/2441
f 2438/2438/2438 2441/2441/2441 2431/2431/2431
f 2439/2439/2439 2442/2442/2442 2436/2436/2436
f 2442/2442/2442 2438/2438/2438 2436/2436/2436
f 2443/2443/2443 2439/2439/2439 2440/2440/2440
f 2443/2443/2443 2440/2440/2440 2444/2444/2444
f 2444/2444/2444 2445/2445/2445 2443/2443/2443
f 2443/2443/2443 2445/2445/2445 2446/2446/2446
f 2447/2447/2447 2443/2443/2443 2446/2446/2446
f 2443/2443/2443 2448/2448/2448 2439/2439/2439
f 2447/2447/2447 2448/2448/2448 2443/2443/2443
f 2448/2448/2448 2442/2442/2442 2439/2439/2439
f 2449/2449/2449 2448/2448/2448 2447/2447/2447
f 2450/2450/2450 2449/2449/2449 2447/2447/2447
f 2451/2451/2451 2449/2449/2449 2450/2450/2450
f 2452/2452/2452 2442/2442/2442 2448/2448/2448
f 2449/2449/2449 2452/2452/2452 2448/2448/2448
f 2442/2442/2442 2453/2453/2453 2438/2438/2438
f 2452/2452/2452 2453/2453/2453 2442/2442/2442
f 2449/2449/2449 2451/2451/2451 2454/2454/2454
f 2449/2449/2449 2454/2454/2454 2452/2452/2452
f 2453/2453/2453 2455/2455/2455 2438/2438/2438
f 2455/2455/2455 2441/2441/2441 2438/2438/2438
f 2456/2456/2456 2441/2441/2441 2455/2455/2455
f 2453/2453/2453 2452/2452/2452 2457/2457/2457
f 2454/2454/2454 2457/2457/2457 2452/2452/2452
f 2457/2457/2457 2455/2455/2455 2453/2453/2453
f 2451/2451/2451 2458/2458/2458 2454/2454/2454
f 2458/2458/2458 2457/2457/2457 2454/2454/2454
f 2458/2458/2458 2459/2459/2459 2457/2457/2457
f 2451/2451/2451 2460/2460/2460 2458/2458/2458
f 2460/2460/2460 2461/2461/2461 2458/2458/2458
f 2461/2461/2461 2459/2459/2459 2458/2458/2458
f 2461/2461/2461 2462/2462/2462 2459/2459/2459
f 2459/2459/2459 2462/2462/2462 2463/2463/2463
f 2457/2457/2457 2464/2464/2464 2455/2455/2455
f 2456/2456/2456 2455/2455/2455 2464/2464/2464
f 2459/2459/2459 2464/2464/2464 2457/2457/2457
f 2456/2456/2456 2464/2464/2464 2459/2459/2459
f 2463/2463/2463 2465/2465/2465 2459/2459/2459
f 2459/2459/2459 2465/2465/2465 2456/2456/2456
f 2465/2465/2465 2463/2463/2463 2466/2466/2466
f 2465/2465/2465 2467/2467/2467 2456/2456/2456
f 2465/2465/2465 2466/2466/2466 2467/2467/2467
f 2456/2456/2456 2467/2467/2467 2468/2468/2468
f 2456/2456/2456 2468/2468/2468 2469/2469/2469
f 2456/2456/2456 2469/2469/2469 2441/2441/2441
f 2441/2441/2441 2469/2469/2469 2470/2470/2470
f 2441/2441/2441 2470/2470/2470 2437/2437/2437
f 2469/2469/2469 2471/2471/2471 2470/2470/2470
f 2468/2468/2468 2471/2471/2471 2469/2469/2469
f 2470/2470/2470 2472/2472/2472 2437/2437/2437
f 2472/2472/2472 2470/2470/2470 2471/2471/2471
f 2437/2437/2437 2472/2472/2472 2473/2473/2473
f 2437/2437/2437 2473/2473/2473 2430/2430/2430
f 2430/2430/2430 2473/2473/2473 2474/2474/2474
f 2430/2430/2430 2474/2474/2474 2424/2424/2424
f 2474/2474/2474 2475/2475/2475 2424/2424/2424
f 2424/2424/2424 2475/2475/2475 2408/2408/2408
f 2473/2473/2473 2476/2476/2476 2474/2474/2474
f 2475/2475/2475 2474/2474/2474 2476/2476/2476
f 2472/2472/2472 2477/2477/2477 2473/2473/2473
f 2477/2477/2477 2476/2476/2476 2473/2473/2473
f 2478/2478/2478 2477/2477/2477 2472/2472/2472
f 2471/2471/2471 2478/2478/2478 2472/2472/2472
f 2478/2478/2478 2479/2479/2479 2477/2477/2477
f 2477/2477/2477 2479/2479/2479 2476/2476/2476
f 2478/2478/2478 2471/2471/2471 2480/2480/2480
f 2478/2478/2478 2480/2480/2480 2479/2479/2479
f 2481/2481/2481 2471/2471/2471 2468/2468/2468
f 2481/2481/2481 2480/2480/2480 2471/2471/2471
f 2475/2475/2475 2482/2482/2482 2408/2408/2408
f 2475/2475/2475 2476/2476/2476 2483/2483/2483
f 2483/2483/2483 2482/2482/2482 2475/2475/2475
f 2479/2479/2479 2484/2484/2484 2476/2476/2476
f 2484/2484/2484 2483/2483/2483 2476/2476/2476
f 2485/2485/2485 2479/2479/2479 2480/2480/2480
f 2485/2485/2485 2484/2484/2484 2479/2479/2479
f 2485/2485/2485 2486/2486/2486 2484/2484/2484
f 2481/2481/2481 2487/2487/2487 2480/2480/2480
f 2487/2487/2487 2485/2485/2485 2480/2480/2480
f 2488/2488/2488 2408/2408/2408 2482/2482/2482
f 2488/2488/2488 2406/2406/2406 2408/2408/2408
f 2489/2489/2489 2406/2406/2406 2488/2488/2488
f 2489/2489/2489 2490/2490/2490 2406/2406/2406
f 2482/2482/2482 2491/2491/2491 2488/2488/2488
f 2491/2491/2491 2489/2489/2489 2488/2488/2488
f 2491/2491/2491 2482/2482/2482 2492/2492/2492
f 2482/2482/2482 2483/2483/2483 2492/2492/2492
f 2491/2491/2491 2493/2493/2493 2489/2489/2489
f 2492/2492/2492 2493/2493/2493 2491/2491/2491
f 2489/2489/2489 2493/2493/2493 2490/2490/2490
f 2492/2492/2492 2483/2483/2483 2494/2494/2494
f 2494/2494/2494 2493/2493/2493 2492/2492/2492
f 2490/2490/2490 2493/2493/2493 2495/2495/2495
f 2493/2493/2493 2494/2494/2494 2495/2495/2495
f 2483/2483/2483 2496/2496/2496 2494/2494/2494
f 2484/2484/2484 2496/2496/2496 2483/2483/2483
f 2497/2497/2497 2494/2494/2494 2496/2496/2496
f 2494/2494/2494 2497/2497/2497 2495/2495/2495
f 2496/2496/2496 2484/2484/2484 2498/2498/2498
f 2497/2497/2497 2496/2496/2496 2498/2498/2498
f 2484/2484/2484 2486/2486/2486 2498/2498/2498
f 2490/2490/2490 2495/2495/2495 2499/2499/2499
f 2490/2490/2490 2499/2499/2499 2500/2500/2500
f 2499/2499/2499 2501/2501/2501 2500/2500/2500
f 2495/2495/2495 2502/2502/2502 2499/2499/2499
f 2501/2501/2501 2499/2499/2499 2502/2502/2502
f 2497/2497/2497 2502/2502/2502 2495/2495/2495
f 2503/2503/2503 2501/2501/2501 2502/2502/2502
f 2502/2502/2502 2497/2497/2497 2503/2503/2503
f 2503/2503/2503 2497/2497/2497 2498/2498/2498
f 2498/2498/2498 2504/2504/2504 2503/2503/2503
f 2504/2504/2504 2505/2505/2505 2503/2503/2503
f 2504/2504/2504 2506/2506/2506 2505/2505/2505
f 2498/2498/2498 2507/2507/2507 2504/2504/2504
f 2486/2486/2486 2507/2507/2507 2498/2498/2498
f 2504/2504/2504 2508/2508/2508 2506/2506/2506
f 2508/2508/2508 2504/2504/2504 2507/2507/2507
f 2508/2508/2508 2509/2509/2509 2506/2506/2506
f 2510/2510/2510 2508/2508/2508 2507/2507/2507
f 2511/2511/2511 2508/2508/2508 2510/2510/2510
f 2510/2510/2510 2507/2507/2507 2512/2512/2512
f 2486/2486/2486 2512/2512/2512 2507/2507/2507
f 2511/2511/2511 2510/2510/2510 2513/2513/2513
f 2510/2510/2510 2512/2512/2512 2513/2513/2513
f 2511/2511/2511 2513/2513/2513 2514/2514/2514
f 2511/2511/2511 2514/2514/2514 2515/2515/2515
f 2515/2515/2515 2514/2514/2514 2516/2516/2516
f 2514/2514/2514 2513/2513/2513 2517/2517/2517
f 2513/2513/2513 2512/2512/2512 2518/2518/2518
f 2513/2513/2513 2518/2518/2518 2517/2517/2517
f 2519/2519/2519 2518/2518/2518 2512/2512/2512
f 2512/2512/2512 2486/2486/2486 2519/2519/2519
f 2520/2520/2520 2517/2517/2517 2518/2518/2518
f 2519/2519/2519 2520/2520/2520 2518/2518/2518
f 2521/2521/2521 2519/2519/2519 2486/2486/2486
f 2520/2520/2520 2519/2519/2519 2521/2521/2521
f 2517/2517/2517 2520/2520/2520 2522/2522/2522
f 2517/2517/2517 2522/2522/2522 2523/2523/2523
f 2520/2520/2520 2524/2524/2524 2522/2522/2522
f 2520/2520/2520 2525/2525/2525 2524/2524/2524
f 2520/2520/2520 2521/2521/2521 2525/2525/2525
f 2525/2525/2525 2526/2526/2526 2524/2524/2524
f 2525/2525/2525 2527/2527/2527 2526/2526/2526
f 2527/2527/2527 2528/2528/2528 2526/2526/2526
f 2527/2527/2527 2525/2525/2525 2529/2529/2529
f 2521/2521/2521 2529/2529/2529 2525/2525/2525
f 2530/2530/2530 2521/2521/2521 2486/2486/2486
f 2486/2486/2486 2485/2485/2485 2530/2530/2530
f 2531/2531/2531 2527/2527/2527 2529/2529/2529
f 2531/2531/2531 2532/2532/2532 2527/2527/2527
f 2531/2531/2531 2529/2529/2529 2533/2533/2533
f 2529/2529/2529 2521/2521/2521 2534/2534/2534
f 2530/2530/2530 2534/2534/2534 2521/2521/2521
f 2533/2533/2533 2529/2529/2529 2534/2534/2534
f 2535/2535/2535 2530/2530/2530 2485/2485/2485
f 2535/2535/2535 2534/2534/2534 2530/2530/2530
f 2534/2534/2534 2535/2535/2535 2533/2533/2533
f 2533/2533/2533 2535/2535/2535 2536/2536/2536
f 2487/2487/2487 2535/2535/2535 2485/2485/2485
f 2487/2487/2487 2536/2536/2536 2535/2535/2535
f 2487/2487/2487 2537/2537/2537 2536/2536/2536
f 2538/2538/2538 2537/2537/2537 2487/2487/2487
f 2538/2538/2538 2487/2487/2487 2481/2481/2481
f 2539/2539/2539 2538/2538/2538 2481/2481/2481
f 2539/2539/2539 2540/2540/2540 2538/2538/2538
f 2468/2468/2468 2539/2539/2539 2481/2481/2481
f 2539/2539/2539 2541/2541/2541 2540/2540/2540
f 2468/2468/2468 2542/2542/2542 2539/2539/2539
f 2542/2542/2542 2541/2541/2541 2539/2539/2539
f 2468/2468/2468 2543/2543/2543 2542/2542/2542
f 2543/2543/2543 2468/2468/2468 2467/2467/2467
f 2544/2544/2544 2541/2541/2541 2542/2542/2542
f 2543/2543/2543 2544/2544/2544 2542/2542/2542
f 2545/2545/2545 2541/2541/2541 2544/2544/2544
f 2545/2545/2545 2544/2544/2544 2546/2546/2546
f 2546/2546/2546 2544/2544/2544 2543/2543/2543
f 2546/2546/2546 2543/2543/2543 2547/2547/2547
f 2467/2467/2467 2547/2547/2547 2543/2543/2543
f 2466/2466/2466 2547/2547/2547 2467/2467/2467
f 2466/2466/2466 2548/2548/2548 2547/2547/2547
f 2466/2466/2466 2549/2549/2549 2548/2548/2548
f 2550/2550/2550 2548/2548/2548 2549/2549/2549
f 2466/2466/2466 2551/2551/2551 2549/2549/2549
f 2552/2552/2552 2550/2550/2550 2549/2549/2549
f 2552/2552/2552 2553/2553/2553 2550/2550/2550
f 2554/2554/2554 2549/2549/2549 2551/2551/2551
f 2551/2551/2551 2555/2555/2555 2554/2554/2554
f 2558/2558/2558 2557/2557/2557 2556/2556/2556
f 2558/2558/2558 2559/2559/2559 2557/2557/2557
f 2560/2560/2560 2557/2557/2557 2559/2559/2559
f 2559/2559/2559 2561/2561/2561 2560/2560/2560
f 2559/2559/2559 2562/2562/2562 2561/2561/2561
f 2563/2563/2563 2561/2561/2561 2562/2562/2562
f 2564/2564/2564 2563/2563/2563 2562/2562/2562
f 2564/2564/2564 2565/2565/2565 2563/2563/2563
f 2563/2563/2563 2565/2565/2565 2566/2566/2566
f 2563/2563/2563 2567/2567/2567 2561/2561/2561
f 2567/2567/2567 2560/2560/2560 2561/2561/2561
f 2566/2566/2566 2568/2568/2568 2563/2563/2563
f 2563/2563/2563 2568/2568/2568 2567/2567/2567
f 2568/2568/2568 2566/2566/2566 2569/2569/2569
f 2569/2569/2569 2570/2570/2570 2568/2568/2568
f 2570/2570/2570 2571/2571/2571 2568/2568/2568
f 2570/2570/2570 2572/2572/2572 2571/2571/2571
f 2571/2571/2571 2572/2572/2572 2573/2573/2573
f 2573/2573/2573 2574/2574/2574 2571/2571/2571
f 2567/2567/2567 2568/2568/2568 2575/2575/2575
f 2567/2567/2567 2575/2575/2575 2560/2560/2560
f 2571/2571/2571 2575/2575/2575 2568/2568/2568
f 2560/2560/2560 2575/2575/2575 2576/2576/2576
f 2571/2571/2571 2576/2576/2576 2575/2575/2575
f 2577/2577/2577 2560/2560/2560 2576/2576/2576
f 2578/2578/2578 2560/2560/2560 2577/2577/2577
f 2571/2571/2571 2579/2579/2579 2576/2576/2576
f 2571/2571/2571 2580/2580/2580 2579/2579/2579
f 2580/2580/2580 2581/2581/2581 2579/2579/2579
f 2576/2576/2576 2579/2579/2579 2582/2582/2582
f 2581/2581/2581 2582/2582/2582 2579/2579/2579
f 2583/2583/2583 2582/2582/2582 2581/2581/2581
f 2583/2583/2583 2584/2584/2584 2582/2582/2582
f 2584/2584/2584 2576/2576/2576 2582/2582/2582
f 2577/2577/2577 2576/2576/2576 2584/2584/2584
f 2581/2581/2581 2580/2580/2580 2585/2585/2585
f 2585/2585/2585 2580/2580/2580 2586/2586/2586
f 2581/2581/2581 2585/2585/2585 2587/2587/2587
f 2588/2588/2588 2581/2581/2581 2587/2587/2587
f 2589/2589/2589 2577/2577/2577 2584/2584/2584
f 2590/2590/2590 2577/2577/2577 2589/2589/2589
f 2590/2590/2590 2589/2589/2589 2591/2591/2591
f 2584/2584/2584 2592/2592/2592 2589/2589/2589
f 2591/2591/2591 2589/2589/2589 2592/2592/2592
f 2583/2583/2583 2592/2592/2592 2584/2584/2584
f 2592/2592/2592 2583/2583/2583 2591/2591/2591
f 2591/2591/2591 2583/2583/2583 2593/2593/2593
f 2583/2583/2583 2581/2581/2581 2594/2594/2594
f 2594/2594/2594 2581/2581/2581 2588/2588/2588
f 2595/2595/2595 2593/2593/2593 2583/2583/2583
f 2596/2596/2596 2593/2593/2593 2595/2595/2595
f 2583/2583/2583 2594/2594/2594 2597/2597/2597
f 2597/2597/2597 2594/2594/2594 2588/2588/2588
f 2597/2597/2597 2595/2595/2595 2583/2583/2583
f 2598/2598/2598 2597/2597/2597 2588/2588/2588
f 2595/2595/2595 2597/2597/2597 2598/2598/2598
f 2599/2599/2599 2598/2598/2598 2588/2588/2588
f 2598/2598/2598 2600/2600/2600 2595/2595/2595
f 2596/2596/2596 2595/2595/2595 2600/2600/2600
f 2596/2596/2596 2600/2600/2600 2601/2601/2601
f 2604/2604/2604 2603/2603/2603 2602/2602/2602
f 2603/2603/2603 2604/2604/2604 2605/2605/2605
f 2608/2608/2608 2607/2607/2607 2606/2606/2606
f 2607/2607/2607 2609/2609/2609 2606/2606/2606
f 2607/2607/2607 2610/2610/2610 2609/2609/2609
f 2611/2611/2611 2610/2610/2610 2607/2607/2607
f 2607/2607/2607 2612/2612/2612 2611/2611/2611
f 2615/2615/2615 2614/2614/2614 2613/2613/2613
f 2616/2616/2616 2614/2614/2614 2615/2615/2615
f 2616/2616/2616 2617/2617/2617 2614/2614/2614
f 2617/2617/2617 2616/2616/2616 2618/2618/2618
f 2618/2618/2618 2619/2619/2619 2617/2617/2617
f 2619/2619/2619 2614/2614/2614 2617/2617/2617
f 2620/2620/2620 2619/2619/2619 2618/2618/2618
f 2621/2621/2621 2620/2620/2620 2618/2618/2618
f 2622/2622/2622 2620/2620/2620 2621/2621/2621
f 2623/2623/2623 2622/2622/2622 2621/2621/2621
f 2624/2624/2624 2619/2619/2619 2620/2620/2620
f 2622/2622/2622 2624/2624/2624 2620/2620/2620
f 2625/2625/2625 2622/2622/2622 2623/2623/2623
f 2626/2626/2626 2625/2625/2625 2623/2623/2623
f 2627/2627/2627 2625/2625/2625 2626/2626/2626
f 2625/2625/2625 2628/2628/2628 2622/2622/2622
f 2624/2624/2624 2622/2622/2622 2628/2628/2628
f 2627/2627/2627 2628/2628/2628 2625/2625/2625
f 2628/2628/2628 2629/2629/2629 2624/2624/2624
f 2619/2619/2619 2624/2624/2624 2630/2630/2630
f 2619/2619/2619 2630/2630/2630 2614/2614/2614
f 2629/2629/2629 2630/2630/2630 2624/2624/2624
f 2630/2630/2630 2631/2631/2631 2614/2614/2614
f 2631/2631/2631 2630/2630/2630 2629/2629/2629
f 2631/2631/2631 2632/2632/2632 2614/2614/2614
f 2632/2632/2632 2633/2633/2633 2614/2614/2614
f 2631/2631/2631 2634/2634/2634 2632/2632/2632
f 2634/2634/2634 2631/2631/2631 2629/2629/2629
f 2634/2634/2634 2635/2635/2635 2632/2632/2632
f 2629/2629/2629 2636/2636/2636 2634/2634/2634
f 2637/2637/2637 2627/2627/2627 2626/2626/2626
f 2638/2638/2638 2637/2637/2637 2626/2626/2626
f 2638/2638/2638 2639/2639/2639 2637/2637/2637
f 2637/2637/2637 2639/2639/2639 2627/2627/2627
f 2638/2638/2638 2640/2640/2640 2639/2639/2639
f 2639/2639/2639 2640/2640/2640 2627/2627/2627
f 2641/2641/2641 2627/2627/2627 2640/2640/2640
f 2641/2641/2641 2642/2642/2642 2627/2627/2627
f 2642/2642/2642 2641/2641/2641 2643/2643/2643
f 2628/2628/2628 2627/2627/2627 2642/2642/2642
f 2642/2642/2642 2643/2643/2643 2644/2644/2644
f 2642/2642/2642 2645/2645/2645 2628/2628/2628
f 2642/2642/2642 2644/2644/2644 2645/2645/2645
f 2628/2628/2628 2645/2645/2645 2629/2629/2629
f 2646/2646/2646 2645/2645/2645 2644/2644/2644
f 2647/2647/2647 2636/2636/2636 2629/2629/2629
f 2645/2645/2645 2647/2647/2647 2629/2629/2629
f 2647/2647/2647 2648/2648/2648 2636/2636/2636
f 2649/2649/2649 2636/2636/2636 2648/2648/2648
f 2647/2647/2647 2645/2645/2645 2650/2650/2650
f 2650/2650/2650 2648/2648/2648 2647/2647/2647
f 2650/2650/2650 2649/2649/2649 2648/2648/2648
f 2645/2645/2645 2651/2651/2651 2650/2650/2650
f 2649/2649/2649 2650/2650/2650 2652/2652/2652
f 2651/2651/2651 2653/2653/2653 2650/2650/2650
f 2652/2652/2652 2650/2650/2650 2653/2653/2653
f 2654/2654/2654 2653/2653/2653 2651/2651/2651
f 2655/2655/2655 2652/2652/2652 2653/2653/2653
f 2653/2653/2653 2654/2654/2654 2655/2655/2655
f 2654/2654/2654 2656/2656/2656 2655/2655/2655
f 2657/2657/2657 2652/2652/2652 2655/2655/2655
f 2657/2657/2657 2655/2655/2655 2656/2656/2656
f 2656/2656/2656 2654/2654/2654 2658/2658/2658
f 2659/2659/2659 2656/2656/2656 2658/2658/2658
f 2660/2660/2660 2656/2656/2656 2659/2659/2659
f 2661/2661/2661 2657/2657/2657 2656/2656/2656
f 2656/2656/2656 2660/2660/2660 2662/2662/2662
f 2661/2661/2661 2656/2656/2656 2662/2662/2662
f 2662/2662/2662 2660/2660/2660 2663/2663/2663
f 2664/2664/2664 2661/2661/2661 2662/2662/2662
f 2663/2663/2663 2664/2664/2664 2662/2662/2662
f 2664/2664/2664 2665/2665/2665 2661/2661/2661
f 2663/2663/2663 2666/2666/2666 2664/2664/2664
f 2665/2665/2665 2664/2664/2664 2666/2666/2666
f 2667/2667/2667 2665/2665/2665 2666/2666/2666
f 2667/2667/2667 2666/2666/2666 2668/2668/2668
f 2667/2667/2667 2669/2669/2669 2665/2665/2665
f 2672/2672/2672 2671/2671/2671 2670/2670/2670
f 2671/2671/2671 2672/2672/2672 2673/2673/2673
f 2674/2674/2674 2673/2673/2673 2672/2672/2672
f 2673/2673/2673 2674/2674/2674 2675/2675/2675
f 2673/2673/2673 2675/2675/2675 2676/2676/2676
f 2677/2677/2677 2671/2671/2671 2673/2673/2673
f 2676/2676/2676 2677/2677/2677 2673/2673/2673
f 2677/2677/2677 2676/2676/2676 2678/2678/2678
f 2678/2678/2678 2679/2679/2679 2677/2677/2677
f 2678/2678/2678 2680/2680/2680 2679/2679/2679
f 2681/2681/2681 2679/2679/2679 2680/2680/2680
f 2679/2679/2679 2682/2682/2682 2677/2677/2677
f 2682/2682/2682 2679/2679/2679 2681/2681/2681
f 2682/2682/2682 2683/2683/2683 2677/2677/2677
f 2682/2682/2682 2681/2681/2681 2684/2684/2684
f 2685/2685/2685 2682/2682/2682 2684/2684/2684
f 2686/2686/2686 2685/2685/2685 2684/2684/2684
f 2682/2682/2682 2685/2685/2685 2687/2687/2687
f 2688/2688/2688 2687/2687/2687 2685/2685/2685
f 2688/2688/2688 2689/2689/2689 2687/2687/2687
f 2690/2690/2690 2689/2689/2689 2688/2688/2688
f 2693/2693/2693 2692/2692/2692 2691/2691/2691
f 2694/2694/2694 2691/2691/2691 2692/2692/2692
f 2692/2692/2692 2695/2695/2695 2694/2694/2694
f 2694/2694/2694 2695/2695/2695 2696/2696/2696
f 2699/2699/2699 2698/2698/2698 2697/2697/2697
f 2700/2700/2700 2698/2698/2698 2699/2699/2699
f 2701/2701/2701 2700/2700/2700 2699/2699/2699
f 2704/2704/2704 2703/2703/2703 2702/2702/2702
f 2702/2702/2702 2703/2703/2703 2705/2705/2705
f 2702/2702/2702 2705/2705/2705 2706/2706/2706
f 2702/2702/2702 2706/2706/2706 2707/2707/2707
f 2708/2708/2708 2702/2702/2702 2707/2707/2707
f 2707/2707/2707 2709/2709/2709 2708/2708/2708
f 2710/2710/2710 2708/2708/2708 2709/2709/2709
f 2710/2710/2710 2709/2709/2709 2711/2711/2711
f 2711/2711/2711 2709/2709/2709 2712/2712/2712
f 2712/2712/2712 2709/2709/2709 2713/2713/2713
f 2713/2713/2713 2709/2709/2709 2714/2714/2714
f 2709/2709/2709 2707/2707/2707 2714/2714/2714
f 2707/2707/2707 2715/2715/2715 2714/2714/2714
f 2707/2707/2707 2706/2706/2706 2715/2715/2715
f 2715/2715/2715 2716/2716/2716 2714/2714/2714
f 2714/2714/2714 2716/2716/2716 2717/2717/2717
f 2717/2717/2717 2716/2716/2716 2718/2718/2718
f 2716/2716/2716 2719/2719/2719 2718/2718/2718
f 2720/2720/2720 2719/2719/2719 2716/2716/2716
f 2719/2719/2719 2720/2720/2720 2721/2721/2721
f 2722/2722/2722 2721/2721/2721 2720/2720/2720
f 2716/2716/2716 2723/2723/2723 2720/2720/2720
f 2715/2715/2715 2723/2723/2723 2716/2716/2716
f 2722/2722/2722 2720/2720/2720 2724/2724/2724
f 2723/2723/2723 2724/2724/2724 2720/2720/2720
f 2722/2722/2722 2724/2724/2724 2725/2725/2725
f 2722/2722/2722 2725/2725/2725 2726/2726/2726
f 2725/2725/2725 2724/2724/2724 2727/2727/2727
f 2727/2727/2727 2724/2724/2724 2723/2723/2723
f 2725/2725/2725 2727/2727/2727 2728/2728/2728
f 2723/2723/2723 2715/2715/2715 2729/2729/2729
f 2729/2729/2729 2727/2727/2727 2723/2723/2723
f 2727/2727/2727 2730/2730/2730 2728/2728/2728
f 2728/2728/2728 2730/2730/2730 2731/2731/2731
f 2729/2729/2729 2715/2715/2715 2732/2732/2732
f 2715/2715/2715 2706/2706/2706 2732/2732/2732
f 2729/2729/2729 2733/2733/2733 2727/2727/2727
f 2732/2732/2732 2733/2733/2733 2729/2729/2729
f 2727/2727/2727 2733/2733/2733 2730/2730/2730
f 2732/2732/2732 2706/2706/2706 2734/2734/2734
f 2732/2732/2732 2734/2734/2734 2733/2733/2733
f 2705/2705/2705 2734/2734/2734 2706/2706/2706
f 2730/2730/2730 2733/2733/2733 2735/2735/2735
f 2733/2733/2733 2734/2734/2734 2735/2735/2735
f 2736/2736/2736 2734/2734/2734 2705/2705/2705
f 2734/2734/2734 2736/2736/2736 2735/2735/2735
f 2705/2705/2705 2737/2737/2737 2736/2736/2736
f 2735/2735/2735 2736/2736/2736 2737/2737/2737
f 2738/2738/2738 2735/2735/2735 2737/2737/2737
f 2703/2703/2703 2737/2737/2737 2705/2705/2705
f 2730/2730/2730 2735/2735/2735 2739/2739/2739
f 2739/2739/2739 2735/2735/2735 2738/2738/2738
f 2730/2730/2730 2739/2739/2739 2740/2740/2740
f 2740/2740/2740 2739/2739/2739 2741/2741/2741
f 2739/2739/2739 2738/2738/2738 2741/2741/2741
f 2703/2703/2703 2742/2742/2742 2737/2737/2737
f 2738/2738/2738 2737/2737/2737 2742/2742/2742
f 2743/2743/2743 2741/2741/2741 2738/2738/2738
f 2741/2741/2741 2743/2743/2743 2744/2744/2744
f 2744/2744/2744 2743/2743/2743 2745/2745/2745
f 2703/2703/2703 2746/2746/2746 2742/2742/2742
f 2747/2747/2747 2746/2746/2746 2703/2703/2703
f 2742/2742/2742 2746/2746/2746 2748/2748/2748
f 2748/2748/2748 2746/2746/2746 2749/2749/2749
f 2750/2750/2750 2748/2748/2748 2749/2749/2749
f 2748/2748/2748 2750/2750/2750 2751/2751/2751
f 2752/2752/2752 2742/2742/2742 2748/2748/2748
f 2752/2752/2752 2748/2748/2748 2751/2751/2751
f 2738/2738/2738 2742/2742/2742 2753/2753/2753
f 2752/2752/2752 2753/2753/2753 2742/2742/2742
f 2754/2754/2754 2743/2743/2743 2738/2738/2738
f 2738/2738/2738 2753/2753/2753 2754/2754/2754
f 2754/2754/2754 2755/2755/2755 2743/2743/2743
f 2754/2754/2754 2753/2753/2753 2755/2755/2755
f 2745/2745/2745 2743/2743/2743 2755/2755/2755
f 2753/2753/2753 2752/2752/2752 2756/2756/2756
f 2751/2751/2751 2756/2756/2756 2752/2752/2752
f 2753/2753/2753 2756/2756/2756 2755/2755/2755
f 2757/2757/2757 2756/2756/2756 2751/2751/2751
f 2755/2755/2755 2756/2756/2756 2757/2757/2757
f 2758/2758/2758 2757/2757/2757 2751/2751/2751
f 2759/2759/2759 2758/2758/2758 2751/2751/2751
f 2760/2760/2760 2757/2757/2757 2758/2758/2758
f 2761/2761/2761 2755/2755/2755 2757/2757/2757
f 2761/2761/2761 2757/2757/2757 2760/2760/2760
f 2761/2761/2761 2745/2745/2745 2755/2755/2755
f 2761/2761/2761 2760/2760/2760 2762/2762/2762
f 2761/2761/2761 2762/2762/2762 2745/2745/2745
f 2763/2763/2763 2745/2745/2745 2762/2762/2762
f 2745/2745/2745 2763/2763/2763 2764/2764/2764
f 2767/2767/2767 2766/2766/2766 2765/2765/2765
f 2766/2766/2766 2767/2767/2767 2768/2768/2768
f 2769/2769/2769 2768/2768/2768 2767/2767/2767
f 2770/2770/2770 2768/2768/2768 2769/2769/2769
f 2771/2771/2771 2770/2770/2770 2769/2769/2769
f 2769/2769/2769 2767/2767/2767 2772/2772/2772
f 2773/2773/2773 2771/2771/2771 2769/2769/2769
f 2773/2773/2773 2769/2769/2769 2772/2772/2772
f 2774/2774/2774 2771/2771/2771 2773/2773/2773
f 2775/2775/2775 2773/2773/2773 2772/2772/2772
f 2773/2773/2773 2775/2775/2775 2774/2774/2774
f 2775/2775/2775 2772/2772/2772 2776/2776/2776
f 2777/2777/2777 2774/2774/2774 2775/2775/2775
f 2780/2780/2780 2779/2779/2779 2778/2778/2778
f 2781/2781/2781 2779/2779/2779 2780/2780/2780
f 2784/2784/2784 2783/2783/2783 2782/2782/2782
f 2783/2783/2783 2784/2784/2784 2785/2785/2785
f 2788/2788/2788 2787/2787/2787 2786/2786/2786
f 2787/2787/2787 2789/2789/2789 2786/2786/2786
f 2787/2787/2787 2790/2790/2790 2789/2789/2789
f 2787/2787/2787 2791/2791/2791 2790/2790/2790
f 2791/2791/2791 2792/2792/2792 2790/2790/2790
f 2793/2793/2793 2792/2792/2792 2791/2791/2791
f 2792/2792/2792 2793/2793/2793 2794/2794/2794
f 2789/2789/2789 2790/2790/2790 2795/2795/2795
f 2793/2793/2793 2796/2796/2796 2794/2794/2794
f 2795/2795/2795 2797/2797/2797 2789/2789/2789
f 2797/2797/2797 2795/2795/2795 2798/2798/2798
f 2799/2799/2799 2789/2789/2789 2797/2797/2797
f 2799/2799/2799 2797/2797/2797 2798/2798/2798
f 2799/2799/2799 2798/2798/2798 2800/2800/2800
f 2801/2801/2801 2799/2799/2799 2800/2800/2800
f 2801/2801/2801 2800/2800/2800 2802/2802/2802
f 2802/2802/2802 2800/2800/2800 2803/2803/2803
f 2796/2796/2796 2804/2804/2804 2794/2794/2794
f 2804/2804/2804 2805/2805/2805 2794/2794/2794
f 2806/2806/2806 2804/2804/2804 2796/2796/2796
f 2806/2806/2806 2805/2805/2805 2804/2804/2804
f 2802/2802/2802 2803/2803/2803 2807/2807/2807
f 2803/2803/2803 2808/2808/2808 2807/2807/2807
f 2809/2809/2809 2802/2802/2802 2807/2807/2807
f 2809/2809/2809 2807/2807/2807 2808/2808/2808
f 2802/2802/2802 2809/2809/2809 478/478/478
f 478/478/478 2809/2809/2809 479/479/479
f 2808/2808/2808 479/479/479 2809/2809/2809
f 2810/2810/2810 479/479/479 2808/2808/2808
f 2810/2810/2810 445/445/445 479/479/479
f 445/445/445 2810/2810/2810 2811/2811/2811
f 2811/2811/2811 2810/2810/2810 2812/2812/2812
f 2815/2815/2815 2814/2814/2814 2813/2813/2813
f 2816/2816/2816 2815/2815/2815 2813/2813/2813
f 2817/2817/2817 2815/2815/2815 2816/2816/2816
f 2818/2818/2818 2817/2817/2817 2816/2816/2816
f 2819/2819/2819 2817/2817/2817 2818/2818/2818
f 2817/2817/2817 2819/2819/2819 2820/2820/2820
f 2823/2823/2823 2822/2822/2822 2821/2821/2821
f 2824/2824/2824 2823/2823/2823 2821/2821/2821
f 2823/2823/2823 2824/2824/2824 2825/2825/2825
f 2823/2823/2823 2825/2825/2825 2826/2826/2826
f 2823/2823/2823 2826/2826/2826 2827/2827/2827
f 2826/2826/2826 2825/2825/2825 2828/2828/2828
f 2826/2826/2826 2828/2828/2828 2827/2827/2827
f 2829/2829/2829 2825/2825/2825 2824/2824/2824
f 2830/2830/2830 2828/2828/2828 2825/2825/2825
f 2825/2825/2825 2829/2829/2829 2830/2830/2830
f 2828/2828/2828 2831/2831/2831 2827/2827/2827
f 2830/2830/2830 2832/2832/2832 2828/2828/2828
f 2832/2832/2832 2831/2831/2831 2828/2828/2828
f 2827/2827/2827 2831/2831/2831 2833/2833/2833
f 2827/2827/2827 2833/2833/2833 2834/2834/2834
f 2834/2834/2834 2833/2833/2833 2835/2835/2835
f 2833/2833/2833 2836/2836/2836 2835/2835/2835
f 2837/2837/2837 2829/2829/2829 2824/2824/2824
f 2829/2829/2829 2838/2838/2838 2830/2830/2830
f 2838/2838/2838 2829/2829/2829 2837/2837/2837
f 2837/2837/2837 2824/2824/2824 2839/2839/2839
f 2839/2839/2839 2824/2824/2824 2840/2840/2840
f 2839/2839/2839 2840/2840/2840 2841/2841/2841
f 2842/2842/2842 2839/2839/2839 2841/2841/2841
f 2843/2843/2843 2839/2839/2839 2842/2842/2842
f 2843/2843/2843 2837/2837/2837 2839/2839/2839
f 2843/2843/2843 2842/2842/2842 2844/2844/2844
f 2842/2842/2842 2845/2845/2845 2844/2844/2844
f 2844/2844/2844 2845/2845/2845 2846/2846/2846
f 2843/2843/2843 2847/2847/2847 2837/2837/2837
f 2843/2843/2843 2844/2844/2844 2847/2847/2847
f 2848/2848/2848 2838/2838/2838 2837/2837/2837
f 2848/2848/2848 2837/2837/2837 2847/2847/2847
f 2849/2849/2849 2844/2844/2844 2846/2846/2846
f 2850/2850/2850 2849/2849/2849 2846/2846/2846
f 2849/2849/2849 2850/2850/2850 970/970/970
f 2849/2849/2849 970/970/970 971/971/971
f 2844/2844/2844 2849/2849/2849 971/971/971
f 971/971/971 2851/2851/2851 2844/2844/2844
f 2847/2847/2847 2844/2844/2844 2851/2851/2851
f 972/972/972 2851/2851/2851 971/971/971
f 2852/2852/2852 2847/2847/2847 2851/2851/2851
f 2848/2848/2848 2847/2847/2847 2852/2852/2852
f 972/972/972 2853/2853/2853 2851/2851/2851
f 2851/2851/2851 2853/2853/2853 2852/2852/2852
f 2854/2854/2854 2853/2853/2853 972/972/972
f 962/962/962 2854/2854/2854 972/972/972
f 962/962/962 961/961/961 2854/2854/2854
f 2854/2854/2854 961/961/961 2853/2853/2853
f 961/961/961 2852/2852/2852 2853/2853/2853
f 961/961/961 2855/2855/2855 2852/2852/2852
f 2848/2848/2848 2852/2852/2852 2855/2855/2855
f 2848/2848/2848 2855/2855/2855 2856/2856/2856
f 2856/2856/2856 2838/2838/2838 2848/2848/2848
f 2855/2855/2855 2857/2857/2857 2856/2856/2856
f 2856/2856/2856 2858/2858/2858 2838/2838/2838
f 2859/2859/2859 2858/2858/2858 2856/2856/2856
f 2838/2838/2838 2858/2858/2858 2830/2830/2830
f 2860/2860/2860 2856/2856/2856 2857/2857/2857
f 2859/2859/2859 2856/2856/2856 2860/2860/2860
f 2858/2858/2858 2861/2861/2861 2830/2830/2830
f 2861/2861/2861 2832/2832/2832 2830/2830/2830
f 2862/2862/2862 2860/2860/2860 2857/2857/2857
f 2863/2863/2863 2862/2862/2862 2857/2857/2857
f 2863/2863/2863 2864/2864/2864 2862/2862/2862
f 2862/2862/2862 2864/2864/2864 2860/2860/2860
f 2860/2860/2860 2864/2864/2864 2859/2859/2859
f 2864/2864/2864 2865/2865/2865 2859/2859/2859
f 2859/2859/2859 2865/2865/2865 2866/2866/2866
f 2867/2867/2867 2861/2861/2861 2858/2858/2858
f 2859/2859/2859 2867/2867/2867 2858/2858/2858
f 2868/2868/2868 2859/2859/2859 2866/2866/2866
f 2868/2868/2868 2867/2867/2867 2859/2859/2859
f 2861/2861/2861 2869/2869/2869 2832/2832/2832
f 2867/2867/2867 2869/2869/2869 2861/2861/2861
f 2868/2868/2868 2866/2866/2866 2870/2870/2870
f 2870/2870/2870 2871/2871/2871 2868/2868/2868
f 2872/2872/2872 2870/2870/2870 2866/2866/2866
f 2870/2870/2870 2872/2872/2872 2873/2873/2873
f 2871/2871/2871 2870/2870/2870 2873/2873/2873
f 2873/2873/2873 2872/2872/2872 2874/2874/2874
f 2873/2873/2873 2874/2874/2874 2871/2871/2871
f 2871/2871/2871 2874/2874/2874 2875/2875/2875
f 2867/2867/2867 2868/2868/2868 2876/2876/2876
f 2871/2871/2871 2876/2876/2876 2868/2868/2868
f 2867/2867/2867 2876/2876/2876 2877/2877/2877
f 2867/2867/2867 2877/2877/2877 2869/2869/2869
f 2876/2876/2876 2878/2878/2878 2877/2877/2877
f 2876/2876/2876 2871/2871/2871 2878/2878/2878
f 2877/2877/2877 2878/2878/2878 2869/2869/2869
f 2869/2869/2869 2879/2879/2879 2832/2832/2832
f 2869/2869/2869 2878/2878/2878 2879/2879/2879
f 2878/2878/2878 2871/2871/2871 2880/2880/2880
f 2871/2871/2871 2881/2881/2881 2880/2880/2880
f 2879/2879/2879 2882/2882/2882 2832/2832/2832
f 2831/2831/2831 2832/2832/2832 2882/2882/2882
f 2883/2883/2883 2831/2831/2831 2882/2882/2882
f 2831/2831/2831 2883/2883/2883 2833/2833/2833
f 2884/2884/2884 2883/2883/2883 2882/2882/2882
f 2833/2833/2833 2883/2883/2883 2884/2884/2884
f 2882/2882/2882 2879/2879/2879 2884/2884/2884
f 2836/2836/2836 2833/2833/2833 2884/2884/2884
f 2884/2884/2884 2885/2885/2885 2836/2836/2836
f 2879/2879/2879 2885/2885/2885 2884/2884/2884
f 2885/2885/2885 2886/2886/2886 2836/2836/2836
f 2886/2886/2886 2885/2885/2885 2887/2887/2887
f 2887/2887/2887 2888/2888/2888 2886/2886/2886
f 2879/2879/2879 2878/2878/2878 2889/2889/2889
f 2879/2879/2879 2889/2889/2889 2885/2885/2885
f 2887/2887/2887 2885/2885/2885 2889/2889/2889
f 2880/2880/2880 2889/2889/2889 2878/2878/2878
f 2888/2888/2888 2887/2887/2887 2890/2890/2890
f 2890/2890/2890 2891/2891/2891 2888/2888/2888
f 2890/2890/2890 2892/2892/2892 2891/2891/2891
f 2891/2891/2891 2892/2892/2892 2893/2893/2893
f 2887/2887/2887 2894/2894/2894 2890/2890/2890
f 2890/2890/2890 2894/2894/2894 2892/2892/2892
f 2895/2895/2895 2894/2894/2894 2887/2887/2887
f 2896/2896/2896 2887/2887/2887 2889/2889/2889
f 2895/2895/2895 2887/2887/2887 2896/2896/2896
f 2897/2897/2897 2896/2896/2896 2889/2889/2889
f 2880/2880/2880 2897/2897/2897 2889/2889/2889
f 2897/2897/2897 2895/2895/2895 2896/2896/2896
f 2880/2880/2880 2898/2898/2898 2897/2897/2897
f 2881/2881/2881 2898/2898/2898 2880/2880/2880
f 2898/2898/2898 2881/2881/2881 2899/2899/2899
f 2898/2898/2898 2900/2900/2900 2897/2897/2897
f 2898/2898/2898 2899/2899/2899 2900/2900/2900
f 2900/2900/2900 2895/2895/2895 2897/2897/2897
f 2899/2899/2899 2901/2901/2901 2900/2900/2900
f 2892/2892/2892 2902/2902/2902 2893/2893/2893
f 2903/2903/2903 2893/2893/2893 2902/2902/2902
f 2894/2894/2894 2904/2904/2904 2892/2892/2892
f 2895/2895/2895 2904/2904/2904 2894/2894/2894
f 2902/2902/2902 2892/2892/2892 2905/2905/2905
f 2892/2892/2892 2904/2904/2904 2905/2905/2905
f 2902/2902/2902 2905/2905/2905 2906/2906/2906
f 2905/2905/2905 2907/2907/2907 2906/2906/2906
f 2905/2905/2905 2904/2904/2904 2907/2907/2907
f 2906/2906/2906 2907/2907/2907 2908/2908/2908
f 2895/2895/2895 2909/2909/2909 2904/2904/2904
f 2904/2904/2904 2909/2909/2909 2907/2907/2907
f 2895/2895/2895 2900/2900/2900 2910/2910/2910
f 2909/2909/2909 2895/2895/2895 2910/2910/2910
f 2900/2900/2900 2901/2901/2901 2911/2911/2911
f 2900/2900/2900 2911/2911/2911 2910/2910/2910
f 2911/2911/2911 2901/2901/2901 2912/2912/2912
f 2912/2912/2912 2901/2901/2901 2913/2913/2913
f 2911/2911/2911 2914/2914/2914 2910/2910/2910
f 2911/2911/2911 2912/2912/2912 2914/2914/2914
f 2912/2912/2912 2913/2913/2913 2915/2915/2915
f 2914/2914/2914 2912/2912/2912 2915/2915/2915
f 2913/2913/2913 2916/2916/2916 2915/2915/2915
f 2910/2910/2910 2914/2914/2914 2917/2917/2917
f 2910/2910/2910 2917/2917/2917 2909/2909/2909
f 2918/2918/2918 2909/2909/2909 2917/2917/2917
f 2915/2915/2915 2919/2919/2919 2914/2914/2914
f 2917/2917/2917 2914/2914/2914 2919/2919/2919
f 2915/2915/2915 2916/2916/2916 2919/2919/2919
f 2917/2917/2917 2919/2919/2919 2918/2918/2918
f 2919/2919/2919 2916/2916/2916 2920/2920/2920
f 2916/2916/2916 2921/2921/2921 2920/2920/2920
f 2919/2919/2919 2920/2920/2920 2922/2922/2922
f 2919/2919/2919 2922/2922/2922 2918/2918/2918
f 2923/2923/2923 2918/2918/2918 2922/2922/2922
f 2909/2909/2909 2918/2918/2918 2924/2924/2924
f 2909/2909/2909 2924/2924/2924 2907/2907/2907
f 2907/2907/2907 2924/2924/2924 2925/2925/2925
f 2907/2907/2907 2925/2925/2925 2908/2908/2908
f 2925/2925/2925 2926/2926/2926 2908/2908/2908
f 2908/2908/2908 2926/2926/2926 2927/2927/2927
f 2925/2925/2925 2928/2928/2928 2926/2926/2926
f 2927/2927/2927 2926/2926/2926 2928/2928/2928
f 2925/2925/2925 2924/2924/2924 2928/2928/2928
f 2927/2927/2927 2928/2928/2928 2929/2929/2929
f 2930/2930/2930 2928/2928/2928 2924/2924/2924
f 2918/2918/2918 2930/2930/2930 2924/2924/2924
f 2929/2929/2929 2928/2928/2928 2930/2930/2930
f 2918/2918/2918 2923/2923/2923 2931/2931/2931
f 2918/2918/2918 2931/2931/2931 2930/2930/2930
f 2929/2929/2929 2930/2930/2930 2932/2932/2932
f 2931/2931/2931 2932/2932/2932 2930/2930/2930
f 2929/2929/2929 2932/2932/2932 2933/2933/2933
f 2934/2934/2934 2931/2931/2931 2923/2923/2923
f 2923/2923/2923 2935/2935/2935 2934/2934/2934
f 2934/2934/2934 2936/2936/2936 2931/2931/2931
f 2936/2936/2936 2932/2932/2932 2931/2931/2931
f 2936/2936/2936 2934/2934/2934 2935/2935/2935
f 2932/2932/2932 2937/2937/2937 2933/2933/2933
f 2936/2936/2936 2937/2937/2937 2932/2932/2932
f 2933/2933/2933 2937/2937/2937 2938/2938/2938
f 2936/2936/2936 2935/2935/2935 2939/2939/2939
f 2940/2940/2940 2939/2939/2939 2935/2935/2935
f 2939/2939/2939 2940/2940/2940 2941/2941/2941
f 2939/2939/2939 2942/2942/2942 2936/2936/2936
f 2942/2942/2942 2937/2937/2937 2936/2936/2936
f 2939/2939/2939 2941/2941/2941 2943/2943/2943
f 2943/2943/2943 2942/2942/2942 2939/2939/2939
f 2942/2942/2942 2944/2944/2944 2937/2937/2937
f 2943/2943/2943 2944/2944/2944 2942/2942/2942
f 2945/2945/2945 2938/2938/2938 2937/2937/2937
f 2944/2944/2944 2945/2945/2945 2937/2937/2937
f 2943/2943/2943 2941/2941/2941 2946/2946/2946
f 2941/2941/2941 2947/2947/2947 2946/2946/2946
f 2947/2947/2947 2948/2948/2948 2946/2946/2946
f 2943/2943/2943 2946/2946/2946 2948/2948/2948
f 2943/2943/2943 2949/2949/2949 2944/2944/2944
f 2943/2943/2943 2948/2948/2948 2949/2949/2949
f 2949/2949/2949 2945/2945/2945 2944/2944/2944
f 2948/2948/2948 2950/2950/2950 2949/2949/2949
f 2949/2949/2949 2950/2950/2950 2945/2945/2945
f 2945/2945/2945 2951/2951/2951 2938/2938/2938
f 2945/2945/2945 2950/2950/2950 2951/2951/2951
f 2938/2938/2938 2951/2951/2951 2952/2952/2952
f 2951/2951/2951 2950/2950/2950 2952/2952/2952
f 2955/2955/2955 2954/2954/2954 2953/2953/2953
f 2953/2953/2953 2956/2956/2956 2955/2955/2955
f 2956/2956/2956 2953/2953/2953 2957/2957/2957
f 2957/2957/2957 2953/2953/2953 2958/2958/2958
f 2958/2958/2958 2959/2959/2959 2957/2957/2957
f 2958/2958/2958 2960/2960/2960 2959/2959/2959
f 2228/2228/2228 2957/2957/2957 2959/2959/2959
f 2228/2228/2228 2961/2961/2961 2957/2957/2957
f 2959/2959/2959 2960/2960/2960 2962/2962/2962
f 2228/2228/2228 2959/2959/2959 2962/2962/2962
f 2195/2195/2195 2228/2228/2228 2962/2962/2962
f 2962/2962/2962 2960/2960/2960 2195/2195/2195
f 2961/2961/2961 2228/2228/2228 2963/2963/2963
f 2229/2229/2229 2963/2963/2963 2228/2228/2228
f 2964/2964/2964 2195/2195/2195 2960/2960/2960
f 2964/2964/2964 2194/2194/2194 2195/2195/2195
f 2965/2965/2965 2964/2964/2964 2960/2960/2960
f 2964/2964/2964 2965/2965/2965 2194/2194/2194
f 2965/2965/2965 2960/2960/2960 2966/2966/2966
f 2967/2967/2967 2194/2194/2194 2965/2965/2965
f 2963/2963/2963 2968/2968/2968 2961/2961/2961
f 2968/2968/2968 2969/2969/2969 2961/2961/2961
f 2968/2968/2968 2970/2970/2970 2969/2969/2969
f 2963/2963/2963 2971/2971/2971 2968/2968/2968
f 2971/2971/2971 2963/2963/2963 2229/2229/2229
f 2970/2970/2970 2968/2968/2968 2971/2971/2971
f 2229/2229/2229 2972/2972/2972 2971/2971/2971
f 2971/2971/2971 2972/2972/2972 2970/2970/2970
f 2247/2247/2247 2972/2972/2972 2229/2229/2229
f 2972/2972/2972 2973/2973/2973 2970/2970/2970
f 2972/2972/2972 2247/2247/2247 2974/2974/2974
f 2252/2252/2252 2974/2974/2974 2247/2247/2247
f 2974/2974/2974 2975/2975/2975 2972/2972/2972
f 2972/2972/2972 2975/2975/2975 2973/2973/2973
f 2976/2976/2976 2975/2975/2975 2974/2974/2974
f 2252/2252/2252 2976/2976/2976 2974/2974/2974
f 2977/2977/2977 2973/2973/2973 2975/2975/2975
f 2977/2977/2977 2975/2975/2975 2976/2976/2976
f 2977/2977/2977 2978/2978/2978 2973/2973/2973
f 2979/2979/2979 2973/2973/2973 2978/2978/2978
f 2977/2977/2977 2976/2976/2976 2980/2980/2980
f 2977/2977/2977 2980/2980/2980 2981/2981/2981
f 2981/2981/2981 2980/2980/2980 2982/2982/2982
f 2980/2980/2980 2976/2976/2976 2982/2982/2982
f 2983/2983/2983 2981/2981/2981 2982/2982/2982
f 2983/2983/2983 2982/2982/2982 2984/2984/2984
f 2982/2982/2982 2976/2976/2976 2985/2985/2985
f 2985/2985/2985 2976/2976/2976 2252/2252/2252
f 2982/2982/2982 2985/2985/2985 2984/2984/2984
f 2985/2985/2985 2252/2252/2252 2986/2986/2986
f 2985/2985/2985 2986/2986/2986 2984/2984/2984
f 2987/2987/2987 2986/2986/2986 2252/2252/2252
f 2984/2984/2984 2986/2986/2986 2988/2988/2988
f 2984/2984/2984 2988/2988/2988 2989/2989/2989
f 2992/2992/2992 2991/2991/2991 2990/2990/2990
f 2992/2992/2992 2990/2990/2990 2993/2993/2993
f 2993/2993/2993 2994/2994/2994 2992/2992/2992
f 2994/2994/2994 2995/2995/2995 2992/2992/2992
f 2994/2994/2994 2996/2996/2996 2995/2995/2995
f 2997/2997/2997 2996/2996/2996 2994/2994/2994
f 3000/3000/3000 2999/2999/2999 2998/2998/2998
f 2999/2999/2999 3001/3001/3001 2998/2998/2998
f 3004/3004/3004 3003/3003/3003 3002/3002/3002
f 3005/3005/3005 3002/3002/3002 3003/3003/3003
f 3005/3005/3005 3003/3003/3003 3006/3006/3006
f 3005/3005/3005 3006/3006/3006 3007/3007/3007
f 3008/3008/3008 3007/3007/3007 3006/3006/3006
f 3009/3009/3009 3007/3007/3007 3008/3008/3008
f 3010/3010/3010 3009/3009/3009 3008/3008/3008
f 3010/3010/3010 3008/3008/3008 3011/3011/3011
f 3011/3011/3011 3012/3012/3012 3010/3010/3010
f 3013/3013/3013 3012/3012/3012 3011/3011/3011
f 3012/3012/3012 3013/3013/3013 3014/3014/3014
f 3012/3012/3012 3014/3014/3014 3015/3015/3015
f 3016/3016/3016 3015/3015/3015 3014/3014/3014
f 3019/3019/3019 3018/3018/3018 3017/3017/3017
f 3020/3020/3020 3018/3018/3018 3019/3019/3019
f 3018/3018/3018 3020/3020/3020 3021/3021/3021
f 3022/3022/3022 3020/3020/3020 3019/3019/3019
f 3022/3022/3022 3019/3019/3019 3023/3023/3023
f 3020/3020/3020 3022/3022/3022 3024/3024/3024
f 3022/3022/3022 3025/3025/3025 3024/3024/3024
f 3026/3026/3026 3024/3024/3024 3025/3025/3025
f 3022/3022/3022 3027/3027/3027 3025/3025/3025
f 3027/3027/3027 3026/3026/3026 3025/3025/3025
f 3030/3030/3030 3029/3029/3029 3028/3028/3028
f 3029/3029/3029 3031/3031/3031 3028/3028/3028
f 3031/3031/3031 3029/3029/3029 3032/3032/3032
f 3028/3028/3028 3031/3031/3031 3033/3033/3033
f 3028/3028/3028 3033/3033/3033 3034/3034/3034
f 3037/3037/3037 3036/3036/3036 3035/3035/3035
f 3035/3035/3035 3038/3038/3038 3037/3037/3037
f 3035/3035/3035 3039/3039/3039 3038/3038/3038
f 3040/3040/3040 3038/3038/3038 3039/3039/3039
f 3037/3037/3037 3038/3038/3038 3041/3041/3041
f 3041/3041/3041 3038/3038/3038 3040/3040/3040
f 3037/3037/3037 3041/3041/3041 3042/3042/3042
f 3042/3042/3042 3041/3041/3041 3040/3040/3040
f 3045/3045/3045 3044/3044/3044 3043/3043/3043
f 3043/3043/3043 3046/3046/3046 3045/3045/3045
f 3047/3047/3047 3045/3045/3045 3046/3046/3046
f 3048/3048/3048 3047/3047/3047 3046/3046/3046
f 3043/3043/3043 3048/3048/3048 3046/3046/3046
f 3049/3049/3049 3048/3048/3048 3043/3043/3043
f 3049/3049/3049 3050/3050/3050 3048/3048/3048
f 3050/3050/3050 3051/3051/3051 3048/3048/3048
f 3048/3048/3048 3051/3051/3051 3052/3052/3052
f 3048/3048/3048 3052/3052/3052 3053/3053/3053
f 3052/3052/3052 3051/3051/3051 3054/3054/3054
f 3055/3055/3055 3052/3052/3052 3054/3054/3054
f 3054/3054/3054 3051/3051/3051 3056/3056/3056
f 3057/3057/3057 3054/3054/3054 3056/3056/3056
f 3054/3054/3054 3057/3057/3057 3058/3058/3058
f 3061/3061/3061 3060/3060/3060 3059/3059/3059
f 3062/3062/3062 3059/3059/3059 3060/3060/3060
f 3065/3065/3065 3064/3064/3064 3063/3063/3063
f 3063/3063/3063 3066/3066/3066 3065/3065/3065
f 3066/3066/3066 3067/3067/3067 3065/3065/3065
f 3067/3067/3067 3068/3068/3068 3065/3065/3065
f 3069/3069/3069 3065/3065/3065 3068/3068/3068
f 3069/3069/3069 3068/3068/3068 3070/3070/3070
f 3070/3070/3070 3068/3068/3068 3071/3071/3071
f 3072/3072/3072 3067/3067/3067 3066/3066/3066
f 3073/3073/3073 3072/3072/3072 3066/3066/3066
f 3074/3074/3074 3072/3072/3072 3073/3073/3073
f 3075/3075/3075 3074/3074/3074 3073/3073/3073
f 3076/3076/3076 3074/3074/3074 3075/3075/3075
f 3077/3077/3077 3074/3074/3074 3076/3076/3076
f 3077/3077/3077 3072/3072/3072 3074/3074/3074
f 3076/3076/3076 3078/3078/3078 3077/3077/3077
f 3077/3077/3077 3078/3078/3078 3079/3079/3079
f 3077/3077/3077 3079/3079/3079 3072/3072/3072
f 3067/3067/3067 3072/3072/3072 3079/3079/3079
f 3080/3080/3080 3067/3067/3067 3079/3079/3079
f 3081/3081/3081 3071/3071/3071 3068/3068/3068
f 3082/3082/3082 3071/3071/3071 3081/3081/3081
f 3071/3071/3071 3082/3082/3082 3083/3083/3083
f 3083/3083/3083 3082/3082/3082 3084/3084/3084
f 3085/3085/3085 3084/3084/3084 3082/3082/3082
f 3086/3086/3086 3085/3085/3085 3082/3082/3082
f 3082/3082/3082 3081/3081/3081 3086/3086/3086
f 3086/3086/3086 3087/3087/3087 3085/3085/3085
f 3081/3081/3081 3087/3087/3087 3086/3086/3086
f 3085/3085/3085 3087/3087/3087 3088/3088/3088
f 3068/3068/3068 3067/3067/3067 3089/3089/3089
f 3090/3090/3090 3081/3081/3081 3068/3068/3068
f 3089/3089/3089 3090/3090/3090 3068/3068/3068
f 3089/3089/3089 3067/3067/3067 3091/3091/3091
f 3090/3090/3090 3089/3089/3089 3091/3091/3091
f 3067/3067/3067 3092/3092/3092 3091/3091/3091
f 3091/3091/3091 3092/3092/3092 3093/3093/3093
f 3090/3090/3090 3091/3091/3091 3093/3093/3093
f 3092/3092/3092 3094/3094/3094 3093/3093/3093
f 3095/3095/3095 3087/3087/3087 3081/3081/3081
f 3090/3090/3090 3095/3095/3095 3081/3081/3081
f 3087/3087/3087 3096/3096/3096 3088/3088/3088
f 3096/3096/3096 3087/3087/3087 3095/3095/3095
f 3090/3090/3090 3093/3093/3093 3097/3097/3097
f 3090/3090/3090 3097/3097/3097 3095/3095/3095
f 3094/3094/3094 3098/3098/3098 3093/3093/3093
f 3093/3093/3093 3098/3098/3098 3097/3097/3097
f 3094/3094/3094 3099/3099/3099 3098/3098/3098
f 3097/3097/3097 3100/3100/3100 3095/3095/3095
f 3100/3100/3100 3096/3096/3096 3095/3095/3095
f 3098/3098/3098 3100/3100/3100 3097/3097/3097
f 3101/3101/3101 3088/3088/3088 3096/3096/3096
f 3096/3096/3096 3100/3100/3100 3101/3101/3101
f 3101/3101/3101 3102/3102/3102 3088/3088/3088
f 3101/3101/3101 3103/3103/3103 3102/3102/3102
f 3104/3104/3104 3101/3101/3101 3100/3100/3100
f 3103/3103/3103 3105/3105/3105 3102/3102/3102
f 3106/3106/3106 3102/3102/3102 3105/3105/3105
f 3107/3107/3107 3102/3102/3102 3106/3106/3106
f 3106/3106/3106 3105/3105/3105 3108/3108/3108
f 3108/3108/3108 3105/3105/3105 3109/3109/3109
f 3100/3100/3100 3098/3098/3098 3110/3110/3110
f 3100/3100/3100 3110/3110/3110 3104/3104/3104
f 3104/3104/3104 3110/3110/3110 3111/3111/3111
f 3104/3104/3104 3111/3111/3111 3112/3112/3112
f 3098/3098/3098 3113/3113/3113 3110/3110/3110
f 3098/3098/3098 3099/3099/3099 3113/3113/3113
f 3114/3114/3114 3110/3110/3110 3113/3113/3113
f 3115/3115/3115 3110/3110/3110 3114/3114/3114
f 3116/3116/3116 3114/3114/3114 3113/3113/3113
f 3099/3099/3099 3117/3117/3117 3113/3113/3113
f 3118/3118/3118 3114/3114/3114 3116/3116/3116
f 3119/3119/3119 3117/3117/3117 3099/3099/3099
f 3120/3120/3120 3114/3114/3114 3118/3118/3118
f 3119/3119/3119 3121/3121/3121 3117/3117/3117
f 3121/3121/3121 3122/3122/3122 3117/3117/3117
f 3123/3123/3123 3121/3121/3121 3119/3119/3119
f 3124/3124/3124 3121/3121/3121 3123/3123/3123
f 3124/3124/3124 3125/3125/3125 3121/3121/3121
f 3126/3126/3126 3120/3120/3120 3118/3118/3118
f 3118/3118/3118 3127/3127/3127 3126/3126/3126
f 3120/3120/3120 3126/3126/3126 3128/3128/3128
f 3126/3126/3126 3127/3127/3127 3129/3129/3129
f 3128/3128/3128 3126/3126/3126 3130/3130/3130
f 3126/3126/3126 3129/3129/3129 3130/3130/3130
f 3131/3131/3131 3130/3130/3130 3129/3129/3129
f 3134/3134/3134 3133/3133/3133 3132/3132/3132
f 3132/3132/3132 3133/3133/3133 3135/3135/3135
f 3132/3132/3132 3135/3135/3135 3136/3136/3136
f 3132/3132/3132 3136/3136/3136 3137/3137/3137
f 3135/3135/3135 3133/3133/3133 3138/3138/3138
f 3138/3138/3138 3136/3136/3136 3135/3135/3135
f 3138/3138/3138 3133/3133/3133 3139/3139/3139
f 3140/3140/3140 3139/3139/3139 3133/3133/3133
f 3141/3141/3141 3136/3136/3136 3138/3138/3138
f 3141/3141/3141 3142/3142/3142 3136/3136/3136
f 3136/3136/3136 3143/3143/3143 3137/3137/3137
f 3143/3143/3143 3136/3136/3136 3142/3142/3142
f 3143/3143/3143 3144/3144/3144 3137/3137/3137
f 3143/3143/3143 3142/3142/3142 3145/3145/3145
f 3148/3148/3148 3147/3147/3147 3146/3146/3146
f 3146/3146/3146 3147/3147/3147 3149/3149/3149
f 3149/3149/3149 3147/3147/3147 3150/3150/3150
f 3149/3149/3149 3151/3151/3151 3146/3146/3146
f 3154/3154/3154 3153/3153/3153 3152/3152/3152
f 3153/3153/3153 3155/3155/3155 3152/3152/3152
f 3152/3152/3152 3155/3155/3155 3156/3156/3156
f 3156/3156/3156 3155/3155/3155 3157/3157/3157
f 3158/3158/3158 3156/3156/3156 3157/3157/3157
f 3161/3161/3161 3160/3160/3160 3159/3159/3159
f 3162/3162/3162 3161/3161/3161 3159/3159/3159
f 3163/3163/3163 3161/3161/3161 3162/3162/3162
f 3163/3163/3163 3164/3164/3164 3161/3161/3161
f 3164/3164/3164 3163/3163/3163 3165/3165/3165
f 3164/3164/3164 3165/3165/3165 3166/3166/3166
f 3164/3164/3164 3166/3166/3166 3167/3167/3167
f 3167/3167/3167 3166/3166/3166 3168/3168/3168
f 3169/3169/3169 3162/3162/3162 3159/3159/3159
f 3170/3170/3170 3162/3162/3162 3169/3169/3169
f 3159/3159/3159 3171/3171/3171 3169/3169/3169
f 3171/3171/3171 3172/3172/3172 3169/3169/3169
f 3171/3171/3171 3159/3159/3159 3173/3173/3173
f 3167/3167/3167 3168/3168/3168 3174/3174/3174
f 3167/3167/3167 3174/3174/3174 3175/3175/3175
f 3174/3174/3174 3168/3168/3168 3176/3176/3176
f 3177/3177/3177 3176/3176/3176 3168/3168/3168
f 3174/3174/3174 3176/3176/3176 3178/3178/3178
f 3174/3174/3174 3178/3178/3178 3179/3179/3179
f 3182/3182/3182 3181/3181/3181 3180/3180/3180
f 3180/3180/3180 3181/3181/3181 3183/3183/3183
f 3183/3183/3183 3184/3184/3184 3180/3180/3180
f 3187/3187/3187 3186/3186/3186 3185/3185/3185
f 3187/3187/3187 3188/3188/3188 3186/3186/3186
f 3188/3188/3188 3187/3187/3187 3189/3189/3189
f 3188/3188/3188 3190/3190/3190 3186/3186/3186
f 3190/3190/3190 3191/3191/3191 3186/3186/3186
f 3189/3189/3189 3192/3192/3192 3188/3188/3188
f 3192/3192/3192 3190/3190/3190 3188/3188/3188
f 3193/3193/3193 3192/3192/3192 3189/3189/3189
f 3193/3193/3193 3194/3194/3194 3192/3192/3192
f 3192/3192/3192 3194/3194/3194 3195/3195/3195
f 3192/3192/3192 3195/3195/3195 3190/3190/3190
f 3191/3191/3191 3190/3190/3190 3196/3196/3196
f 3196/3196/3196 3197/3197/3197 3191/3191/3191
f 3190/3190/3190 3198/3198/3198 3196/3196/3196
f 3190/3190/3190 3195/3195/3195 3198/3198/3198
f 3198/3198/3198 3199/3199/3199 3196/3196/3196
f 3194/3194/3194 3200/3200/3200 3195/3195/3195
f 3200/3200/3200 3198/3198/3198 3195/3195/3195
f 3201/3201/3201 3200/3200/3200 3194/3194/3194
f 3198/3198/3198 3202/3202/3202 3199/3199/3199
f 3202/3202/3202 3203/3203/3203 3199/3199/3199
f 3200/3200/3200 3204/3204/3204 3198/3198/3198
f 3204/3204/3204 3202/3202/3202 3198/3198/3198
f 3204/3204/3204 3205/3205/3205 3202/3202/3202
f 3201/3201/3201 3206/3206/3206 3200/3200/3200
f 3206/3206/3206 3204/3204/3204 3200/3200/3200
f 3206/3206/3206 3205/3205/3205 3204/3204/3204
f 3207/3207/3207 3206/3206/3206 3201/3201/3201
f 3202/3202/3202 3208/3208/3208 3203/3203/3203
f 3205/3205/3205 3208/3208/3208 3202/3202/3202
f 3209/3209/3209 3208/3208/3208 3205/3205/3205
f 3208/3208/3208 3210/3210/3210 3203/3203/3203
f 3207/3207/3207 3211/3211/3211 3206/3206/3206
f 3211/3211/3211 3205/3205/3205 3206/3206/3206
f 3208/3208/3208 3212/3212/3212 3210/3210/3210
f 3209/3209/3209 3212/3212/3212 3208/3208/3208
f 3207/3207/3207 3213/3213/3213 3211/3211/3211
f 3213/3213/3213 3207/3207/3207 3214/3214/3214
f 3213/3213/3213 3214/3214/3214 3215/3215/3215
f 3216/3216/3216 3213/3213/3213 3215/3215/3215
f 3211/3211/3211 3213/3213/3213 3217/3217/3217
f 3217/3217/3217 3205/3205/3205 3211/3211/3211
f 3213/3213/3213 3218/3218/3218 3217/3217/3217
f 3217/3217/3217 3218/3218/3218 3219/3219/3219
f 3217/3217/3217 3220/3220/3220 3205/3205/3205
f 3217/3217/3217 3219/3219/3219 3220/3220/3220
f 3205/3205/3205 3220/3220/3220 3209/3209/3209
f 3220/3220/3220 3219/3219/3219 3209/3209/3209
f 3209/3209/3209 3219/3219/3219 3221/3221/3221
f 3209/3209/3209 3221/3221/3221 3222/3222/3222
f 3209/3209/3209 3222/3222/3222 3223/3223/3223
f 3223/3223/3223 3212/3212/3212 3209/3209/3209
f 3222/3222/3222 3224/3224/3224 3223/3223/3223
f 3223/3223/3223 3225/3225/3225 3212/3212/3212
f 3210/3210/3210 3212/3212/3212 3225/3225/3225
f 3226/3226/3226 3210/3210/3210 3225/3225/3225
f 3227/3227/3227 3226/3226/3226 3225/3225/3225
f 3223/3223/3223 3228/3228/3228 3225/3225/3225
f 3228/3228/3228 3227/3227/3227 3225/3225/3225
f 3223/3223/3223 3224/3224/3224 3228/3228/3228
f 3229/3229/3229 3227/3227/3227 3228/3228/3228
f 3229/3229/3229 3228/3228/3228 3230/3230/3230
f 3228/3228/3228 3231/3231/3231 3230/3230/3230
f 3228/3228/3228 3224/3224/3224 3231/3231/3231
f 3231/3231/3231 3224/3224/3224 3232/3232/3232
f 3235/3235/3235 3234/3234/3234 3233/3233/3233
f 3233/3233/3233 3234/3234/3234 3236/3236/3236
f 3237/3237/3237 3233/3233/3233 3236/3236/3236
f 3237/3237/3237 3238/3238/3238 3233/3233/3233
f 3239/3239/3239 3238/3238/3238 3237/3237/3237
f 3239/3239/3239 3240/3240/3240 3238/3238/3238
f 3239/3239/3239 3241/3241/3241 3240/3240/3240
f 3241/3241/3241 3242/3242/3242 3240/3240/3240
f 3243/3243/3243 3242/3242/3242 3241/3241/3241
f 3244/3244/3244 3243/3243/3243 3241/3241/3241
f 3244/3244/3244 3245/3245/3245 3243/3243/3243
f 3246/3246/3246 3245/3245/3245 3244/3244/3244
f 3246/3246/3246 3247/3247/3247 3245/3245/3245
f 3245/3245/3245 3247/3247/3247 3248/3248/3248
f 3251/3251/3251 3250/3250/3250 3249/3249/3249
f 3249/3249/3249 3252/3252/3252 3251/3251/3251
f 3251/3251/3251 3252/3252/3252 3253/3253/3253
f 3251/3251/3251 3253/3253/3253 3254/3254/3254
f 3253/3253/3253 3252/3252/3252 3255/3255/3255
f 3254/3254/3254 3253/3253/3253 3255/3255/3255
f 3252/3252/3252 3256/3256/3256 3255/3255/3255
f 3255/3255/3255 3256/3256/3256 1025/1025/1025
f 3254/3254/3254 3255/3255/3255 1025/1025/1025
f 3252/3252/3252 3249/3249/3249 3257/3257/3257
f 3258/3258/3258 3252/3252/3252 3257/3257/3257
f 3254/3254/3254 1025/1025/1025 3259/3259/3259
f 3254/3254/3254 3259/3259/3259 3260/3260/3260
f 3261/3261/3261 3259/3259/3259 1025/1025/1025
f 1024/1024/1024 3261/3261/3261 1025/1025/1025
f 1065/1065/1065 3261/3261/3261 1024/1024/1024
f 3259/3259/3259 3261/3261/3261 3262/3262/3262
f 3262/3262/3262 3260/3260/3260 3259/3259/3259
f 1065/1065/1065 3262/3262/3262 3261/3261/3261
f 1065/1065/1065 3260/3260/3260 3262/3262/3262
f 3260/3260/3260 1065/1065/1065 3263/3263/3263
f 1065/1065/1065 1056/1056/1056 3263/3263/3263
f 3264/3264/3264 3260/3260/3260 3263/3263/3263
f 1056/1056/1056 3264/3264/3264 3263/3263/3263
f 3249/3249/3249 3265/3265/3265 3257/3257/3257
f 3266/3266/3266 3265/3265/3265 3249/3249/3249
f 3267/3267/3267 3258/3258/3258 3257/3257/3257
f 3258/3258/3258 3267/3267/3267 3268/3268/3268
f 3265/3265/3265 3269/3269/3269 3257/3257/3257
f 3269/3269/3269 3267/3267/3267 3257/3257/3257
f 3270/3270/3270 3265/3265/3265 3266/3266/3266
f 3270/3270/3270 3266/3266/3266 3271/3271/3271
f 3272/3272/3272 3269/3269/3269 3265/3265/3265
f 3265/3265/3265 3270/3270/3270 3272/3272/3272
f 3273/3273/3273 3270/3270/3270 3271/3271/3271
f 3274/3274/3274 3273/3273/3273 3271/3271/3271
f 3270/3270/3270 3273/3273/3273 3275/3275/3275
f 3270/3270/3270 3275/3275/3275 3272/3272/3272
f 3269/3269/3269 3272/3272/3272 3276/3276/3276
f 3276/3276/3276 3267/3267/3267 3269/3269/3269
f 3275/3275/3275 3277/3277/3277 3272/3272/3272
f 3276/3276/3276 3272/3272/3272 3277/3277/3277
f 3278/3278/3278 3267/3267/3267 3276/3276/3276
f 3276/3276/3276 3277/3277/3277 3279/3279/3279
f 3278/3278/3278 3276/3276/3276 3279/3279/3279
f 3280/3280/3280 3267/3267/3267 3278/3278/3278
f 3280/3280/3280 3281/3281/3281 3267/3267/3267
f 3282/3282/3282 3281/3281/3281 3280/3280/3280
f 3278/3278/3278 3283/3283/3283 3280/3280/3280
f 3283/3283/3283 3278/3278/3278 3284/3284/3284
f 3284/3284/3284 3278/3278/3278 3285/3285/3285
f 3278/3278/3278 3279/3279/3279 3285/3285/3285
f 3286/3286/3286 3282/3282/3282 3280/3280/3280
f 3287/3287/3287 3286/3286/3286 3280/3280/3280
f 3286/3286/3286 3288/3288/3288 3282/3282/3282
f 3289/3289/3289 3288/3288/3288 3286/3286/3286
f 3290/3290/3290 3288/3288/3288 3289/3289/3289
f 3291/3291/3291 3285/3285/3285 3279/3279/3279
f 3292/3292/3292 3285/3285/3285 3291/3291/3291
f 3292/3292/3292 3291/3291/3291 3293/3293/3293
f 3294/3294/3294 3292/3292/3292 3293/3293/3293
f 3279/3279/3279 3295/3295/3295 3291/3291/3291
f 3291/3291/3291 3296/3296/3296 3293/3293/3293
f 3291/3291/3291 3295/3295/3295 3296/3296/3296
f 3279/3279/3279 3297/3297/3297 3295/3295/3295
f 3277/3277/3277 3297/3297/3297 3279/3279/3279
f 3298/3298/3298 3293/3293/3293 3296/3296/3296
f 3293/3293/3293 3298/3298/3298 3299/3299/3299
f 3298/3298/3298 3300/3300/3300 3299/3299/3299
f 3301/3301/3301 3298/3298/3298 3296/3296/3296
f 3298/3298/3298 3301/3301/3301 3300/3300/3300
f 3302/3302/3302 3301/3301/3301 3296/3296/3296
f 3302/3302/3302 3296/3296/3296 3295/3295/3295
f 3297/3297/3297 3277/3277/3277 3303/3303/3303
f 3275/3275/3275 3303/3303/3303 3277/3277/3277
f 3300/3300/3300 3301/3301/3301 3304/3304/3304
f 3304/3304/3304 3301/3301/3301 3302/3302/3302
f 3295/3295/3295 3297/3297/3297 3305/3305/3305
f 3302/3302/3302 3295/3295/3295 3306/3306/3306
f 3295/3295/3295 3305/3305/3305 3306/3306/3306
f 3306/3306/3306 3305/3305/3305 3307/3307/3307
f 3297/3297/3297 3308/3308/3308 3305/3305/3305
f 3307/3307/3307 3305/3305/3305 3308/3308/3308
f 3308/3308/3308 3297/3297/3297 3303/3303/3303
f 3307/3307/3307 3308/3308/3308 3309/3309/3309
f 3310/3310/3310 3307/3307/3307 3309/3309/3309
f 3308/3308/3308 3311/3311/3311 3309/3309/3309
f 3308/3308/3308 3312/3312/3312 3311/3311/3311
f 3308/3308/3308 3303/3303/3303 3312/3312/3312
f 3312/3312/3312 3313/3313/3313 3311/3311/3311
f 3313/3313/3313 3312/3312/3312 3303/3303/3303
f 3311/3311/3311 3313/3313/3313 3314/3314/3314
f 3315/3315/3315 3314/3314/3314 3313/3313/3313
f 3313/3313/3313 3303/3303/3303 3316/3316/3316
f 3303/3303/3303 3275/3275/3275 3316/3316/3316
f 3315/3315/3315 3313/3313/3313 3317/3317/3317
f 3313/3313/3313 3316/3316/3316 3317/3317/3317
f 3317/3317/3317 3316/3316/3316 3275/3275/3275
f 3318/3318/3318 3315/3315/3315 3317/3317/3317
f 3319/3319/3319 3317/3317/3317 3275/3275/3275
f 3317/3317/3317 3319/3319/3319 3318/3318/3318
f 3322/3322/3322 3321/3321/3321 3320/3320/3320
f 3323/3323/3323 3322/3322/3322 3320/3320/3320
f 3320/3320/3320 3324/3324/3324 3323/3323/3323
f 3325/3325/3325 3322/3322/3322 3323/3323/3323
f 3326/3326/3326 3324/3324/3324 3320/3320/3320
f 3323/3323/3323 3327/3327/3327 3325/3325/3325
f 3323/3323/3323 3324/3324/3324 3327/3327/3327
f 3325/3325/3325 3327/3327/3327 3328/3328/3328
f 3327/3327/3327 3329/3329/3329 3328/3328/3328
f 3329/3329/3329 3327/3327/3327 3330/3330/3330
f 3330/3330/3330 3327/3327/3327 3324/3324/3324
f 3329/3329/3329 3330/3330/3330 3331/3331/3331
f 3331/3331/3331 3330/3330/3330 3332/3332/3332
f 3332/3332/3332 3333/3333/3333 3331/3331/3331
f 3332/3332/3332 3334/3334/3334 3333/3333/3333
f 3334/3334/3334 3335/3335/3335 3333/3333/3333
f 3335/3335/3335 3334/3334/3334 3336/3336/3336
f 3332/3332/3332 3337/3337/3337 3334/3334/3334
f 3330/3330/3330 3337/3337/3337 3332/3332/3332
f 3337/3337/3337 3336/3336/3336 3334/3334/3334
f 3338/3338/3338 3336/3336/3336 3337/3337/3337
f 3337/3337/3337 3330/3330/3330 3339/3339/3339
f 3330/3330/3330 3324/3324/3324 3339/3339/3339
f 3337/3337/3337 3339/3339/3339 3338/3338/3338
f 3339/3339/3339 3324/3324/3324 3338/3338/3338
f 3335/3335/3335 3336/3336/3336 3340/3340/3340
f 3335/3335/3335 3340/3340/3340 3341/3341/3341
f 3338/3338/3338 3324/3324/3324 3342/3342/3342
f 3343/3343/3343 3338/3338/3338 3342/3342/3342
f 3324/3324/3324 3326/3326/3326 3342/3342/3342
f 3343/3343/3343 3342/3342/3342 3326/3326/3326
f 3343/3343/3343 3326/3326/3326 3344/3344/3344
f 3345/3345/3345 3343/3343/3343 3344/3344/3344
f 3346/3346/3346 3343/3343/3343 3345/3345/3345
f 3341/3341/3341 3340/3340/3340 3347/3347/3347
f 3347/3347/3347 3348/3348/3348 3341/3341/3341
f 3347/3347/3347 3349/3349/3349 3348/3348/3348
f 3350/3350/3350 3338/3338/3338 3343/3343/3343
f 3351/3351/3351 3343/3343/3343 3346/3346/3346
f 3351/3351/3351 3350/3350/3350 3343/3343/3343
f 3350/3350/3350 3352/3352/3352 3338/3338/3338
f 3352/3352/3352 3350/3350/3350 3351/3351/3351
f 3353/3353/3353 3352/3352/3352 3351/3351/3351
f 3353/3353/3353 3351/3351/3351 3354/3354/3354
f 3351/3351/3351 3346/3346/3346 3354/3354/3354
f 3336/3336/3336 3338/3338/3338 3352/3352/3352
f 3353/3353/3353 3336/3336/3336 3352/3352/3352
f 3354/3354/3354 3346/3346/3346 3355/3355/3355
f 3355/3355/3355 3356/3356/3356 3354/3354/3354
f 3354/3354/3354 3356/3356/3356 3353/3353/3353
f 3356/3356/3356 3355/3355/3355 3357/3357/3357
f 3357/3357/3357 3358/3358/3358 3356/3356/3356
f 3356/3356/3356 3358/3358/3358 3353/3353/3353
f 3353/3353/3353 3359/3359/3359 3336/3336/3336
f 3336/3336/3336 3359/3359/3359 3340/3340/3340
f 3353/3353/3353 3360/3360/3360 3359/3359/3359
f 3359/3359/3359 3360/3360/3360 3340/3340/3340
f 3357/3357/3357 3361/3361/3361 3358/3358/3358
f 3362/3362/3362 3361/3361/3361 3357/3357/3357
f 3363/3363/3363 3361/3361/3361 3362/3362/3362
f 3358/3358/3358 3361/3361/3361 3364/3364/3364
f 3360/3360/3360 3353/3353/3353 3365/3365/3365
f 3358/3358/3358 3365/3365/3365 3353/3353/3353
f 3360/3360/3360 3366/3366/3366 3340/3340/3340
f 3340/3340/3340 3366/3366/3366 3347/3347/3347
f 3365/3365/3365 3367/3367/3367 3360/3360/3360
f 3358/3358/3358 3367/3367/3367 3365/3365/3365
f 3366/3366/3366 3360/3360/3360 3367/3367/3367
f 3366/3366/3366 3367/3367/3367 3368/3368/3368
f 3366/3366/3366 3369/3369/3369 3347/3347/3347
f 3366/3366/3366 3368/3368/3368 3369/3369/3369
f 3347/3347/3347 3369/3369/3369 3349/3349/3349
f 3349/3349/3349 3369/3369/3369 3370/3370/3370
f 3369/3369/3369 3368/3368/3368 3370/3370/3370
f 3349/3349/3349 3370/3370/3370 3371/3371/3371
f 3371/3371/3371 3370/3370/3370 3372/3372/3372
f 3358/3358/3358 3364/3364/3364 3373/3373/3373
f 3374/3374/3374 3373/3373/3373 3364/3364/3364
f 3367/3367/3367 3358/3358/3358 3375/3375/3375
f 3373/3373/3373 3375/3375/3375 3358/3358/3358
f 3367/3367/3367 3375/3375/3375 3368/3368/3368
f 3375/3375/3375 3373/3373/3373 3376/3376/3376
f 3374/3374/3374 3376/3376/3376 3373/3373/3373
f 3368/3368/3368 3375/3375/3375 3376/3376/3376
f 3370/3370/3370 3377/3377/3377 3372/3372/3372
f 3378/3378/3378 3372/3372/3372 3377/3377/3377
f 3378/3378/3378 3377/3377/3377 3379/3379/3379
f 3378/3378/3378 3379/3379/3379 3380/3380/3380
f 3381/3381/3381 3380/3380/3380 3379/3379/3379
f 3381/3381/3381 3382/3382/3382 3380/3380/3380
f 3381/3381/3381 3383/3383/3383 3382/3382/3382
f 3384/3384/3384 3381/3381/3381 3379/3379/3379
f 3381/3381/3381 3384/3384/3384 3383/3383/3383
f 3384/3384/3384 3379/3379/3379 3377/3377/3377
f 3385/3385/3385 3383/3383/3383 3384/3384/3384
f 3386/3386/3386 3383/3383/3383 3385/3385/3385
f 3377/3377/3377 3387/3387/3387 3384/3384/3384
f 3387/3387/3387 3385/3385/3385 3384/3384/3384
f 3385/3385/3385 3388/3388/3388 3386/3386/3386
f 3387/3387/3387 3388/3388/3388 3385/3385/3385
f 3388/3388/3388 3389/3389/3389 3386/3386/3386
f 3390/3390/3390 3389/3389/3389 3388/3388/3388
f 3390/3390/3390 3391/3391/3391 3389/3389/3389
f 3392/3392/3392 3391/3391/3391 3390/3390/3390
f 3393/3393/3393 3387/3387/3387 3377/3377/3377
f 3377/3377/3377 3370/3370/3370 3393/3393/3393
f 3387/3387/3387 3394/3394/3394 3388/3388/3388
f 3394/3394/3394 3390/3390/3390 3388/3388/3388
f 3395/3395/3395 3387/3387/3387 3393/3393/3393
f 3370/3370/3370 3395/3395/3395 3393/3393/3393
f 3395/3395/3395 3394/3394/3394 3387/3387/3387
f 3394/3394/3394 3395/3395/3395 3396/3396/3396
f 3397/3397/3397 3395/3395/3395 3370/3370/3370
f 3397/3397/3397 3370/3370/3370 3368/3368/3368
f 3395/3395/3395 3397/3397/3397 3398/3398/3398
f 3398/3398/3398 3397/3397/3397 3368/3368/3368
f 3395/3395/3395 3398/3398/3398 3396/3396/3396
f 3376/3376/3376 3398/3398/3398 3368/3368/3368
f 3399/3399/3399 3398/3398/3398 3376/3376/3376
f 3396/3396/3396 3398/3398/3398 3399/3399/3399
f 3392/3392/3392 3390/3390/3390 3400/3400/3400
f 3400/3400/3400 3401/3401/3401 3392/3392/3392
f 3402/3402/3402 3390/3390/3390 3394/3394/3394
f 3402/3402/3402 3394/3394/3394 3396/3396/3396
f 3403/3403/3403 3390/3390/3390 3402/3402/3402
f 3400/3400/3400 3390/3390/3390 3403/3403/3403
f 3403/3403/3403 3402/3402/3402 3396/3396/3396
f 3401/3401/3401 3400/3400/3400 3404/3404/3404
f 3405/3405/3405 3401/3401/3401 3404/3404/3404
f 3404/3404/3404 3400/3400/3400 3406/3406/3406
f 3400/3400/3400 3403/3403/3403 3406/3406/3406
f 3407/3407/3407 3406/3406/3406 3403/3403/3403
f 3403/3403/3403 3408/3408/3408 3407/3407/3407
f 3408/3408/3408 3403/3403/3403 3396/3396/3396
f 3407/3407/3407 3408/3408/3408 3409/3409/3409
f 3409/3409/3409 3408/3408/3408 3410/3410/3410
f 3408/3408/3408 3396/3396/3396 3411/3411/3411
f 3411/3411/3411 3410/3410/3410 3408/3408/3408
f 3411/3411/3411 3396/3396/3396 3399/3399/3399
f 3411/3411/3411 3399/3399/3399 3410/3410/3410
f 3410/3410/3410 3399/3399/3399 3412/3412/3412
f 3412/3412/3412 3399/3399/3399 3376/3376/3376
f 3376/3376/3376 3374/3374/3374 3412/3412/3412
f 3410/3410/3410 3412/3412/3412 3374/3374/3374
f 3410/3410/3410 3374/3374/3374 3413/3413/3413
f 3414/3414/3414 3410/3410/3410 3413/3413/3413
f 3414/3414/3414 3413/3413/3413 3415/3415/3415
f 3416/3416/3416 3415/3415/3415 3413/3413/3413
f 3419/3419/3419 3418/3418/3418 3417/3417/3417
f 3418/3418/3418 3420/3420/3420 3417/3417/3417
f 3417/3417/3417 3420/3420/3420 3421/3421/3421
f 3421/3421/3421 3420/3420/3420 3422/3422/3422
f 3425/3425/3425 3424/3424/3424 3423/3423/3423
f 3423/3423/3423 3424/3424/3424 3426/3426/3426
f 3429/3429/3429 3428/3428/3428 3427/3427/3427
f 3427/3427/3427 3430/3430/3430 3429/3429/3429
f 3430/3430/3430 3431/3431/3431 3429/3429/3429
f 3430/3430/3430 3432/3432/3432 3431/3431/3431
f 3432/3432/3432 3433/3433/3433 3431/3431/3431
f 3430/3430/3430 3434/3434/3434 3432/3432/3432
f 3435/3435/3435 3434/3434/3434 3430/3430/3430
f 3438/3438/3438 3437/3437/3437 3436/3436/3436
f 3438/3438/3438 3436/3436/3436 3439/3439/3439
f 3439/3439/3439 3436/3436/3436 3440/3440/3440
f 3443/3443/3443 3442/3442/3442 3441/3441/3441
f 3442/3442/3442 3443/3443/3443 3444/3444/3444
f 3445/3445/3445 3444/3444/3444 3443/3443/3443
f 3442/3442/3442 3444/3444/3444 3446/3446/3446
f 3446/3446/3446 3447/3447/3447 3442/3442/3442
f 3444/3444/3444 3448/3448/3448 3446/3446/3446
f 3449/3449/3449 3446/3446/3446 3448/3448/3448
f 3446/3446/3446 3449/3449/3449 3447/3447/3447
f 3450/3450/3450 3449/3449/3449 3448/3448/3448
f 3450/3450/3450 3448/3448/3448 3451/3451/3451
f 3448/3448/3448 3452/3452/3452 3451/3451/3451
f 3453/3453/3453 3452/3452/3452 3448/3448/3448
f 3453/3453/3453 3448/3448/3448 3454/3454/3454
f 3455/3455/3455 3454/3454/3454 3448/3448/3448
f 3448/3448/3448 3444/3444/3444 3455/3455/3455
f 3444/3444/3444 3445/3445/3445 3455/3455/3455
f 3455/3455/3455 3445/3445/3445 3456/3456/3456
f 3459/3459/3459 3458/3458/3458 3457/3457/3457
f 3460/3460/3460 3459/3459/3459 3457/3457/3457
f 3461/3461/3461 3459/3459/3459 3460/3460/3460
f 3462/3462/3462 3459/3459/3459 3461/3461/3461
f 3465/3465/3465 3464/3464/3464 3463/3463/3463
f 3466/3466/3466 3464/3464/3464 3465/3465/3465
f 3467/3467/3467 3466/3466/3466 3465/3465/3465
f 3468/3468/3468 3466/3466/3466 3467/3467/3467
f 3469/3469/3469 3468/3468/3468 3467/3467/3467
f 3470/3470/3470 3469/3469/3469 3467/3467/3467
f 3470/3470/3470 3471/3471/3471 3469/3469/3469
f 3470/3470/3470 3472/3472/3472 3471/3471/3471
f 3473/3473/3473 3471/3471/3471 3472/3472/3472
f 3473/3473/3473 3474/3474/3474 3471/3471/3471
f 3477/3477/3477 3476/3476/3476 3475/3475/3475
f 3478/3478/3478 3477/3477/3477 3475/3475/3475
f 3475/3475/3475 3479/3479/3479 3478/3478/3478
f 3480/3480/3480 3478/3478/3478 3479/3479/3479
f 3481/3481/3481 3477/3477/3477 3478/3478/3478
f 3482/3482/3482 3477/3477/3477 3481/3481/3481
f 3485/3485/3485 3484/3484/3484 3483/3483/3483
f 3484/3484/3484 3486/3486/3486 3483/3483/3483
f 3484/3484/3484 3487/3487/3487 3486/3486/3486
f 3488/3488/3488 3483/3483/3483 3486/3486/3486
f 3489/3489/3489 3483/3483/3483 3488/3488/3488
f 3483/3483/3483 3489/3489/3489 3490/3490/3490
f 3483/3483/3483 3490/3490/3490 3491/3491/3491
f 3489/3489/3489 3492/3492/3492 3490/3490/3490
f 3490/3490/3490 3492/3492/3492 3493/3493/3493
f 3496/3496/3496 3495/3495/3495 3494/3494/3494
f 3497/3497/3497 3496/3496/3496 3494/3494/3494
f 3498/3498/3498 3496/3496/3496 3497/3497/3497
f 3497/3497/3497 3494/3494/3494 3499/3499/3499
f 3499/3499/3499 3494/3494/3494 3500/3500/3500
f 3494/3494/3494 3501/3501/3501 3500/3500/3500
f 3502/3502/3502 3499/3499/3499 3500/3500/3500
f 3497/3497/3497 3499/3499/3499 3503/3503/3503
f 3503/3503/3503 3499/3499/3499 3502/3502/3502
f 3497/3497/3497 3503/3503/3503 3504/3504/3504
f 3502/3502/3502 3505/3505/3505 3503/3503/3503
f 3506/3506/3506 3505/3505/3505 3502/3502/3502
f 3502/3502/3502 3507/3507/3507 3506/3506/3506
f 3504/3504/3504 3503/3503/3503 3508/3508/3508
f 3508/3508/3508 3509/3509/3509 3504/3504/3504
f 3498/3498/3498 3497/3497/3497 3510/3510/3510
f 3497/3497/3497 3504/3504/3504 3510/3510/3510
f 3498/3498/3498 3510/3510/3510 3511/3511/3511
f 3511/3511/3511 3510/3510/3510 3504/3504/3504
f 3512/3512/3512 3498/3498/3498 3511/3511/3511
f 3512/3512/3512 3511/3511/3511 3513/3513/3513
f 3513/3513/3513 3511/3511/3511 3504/3504/3504
f 3512/3512/3512 3513/3513/3513 3514/3514/3514
f 3515/3515/3515 3514/3514/3514 3513/3513/3513
f 3516/3516/3516 3513/3513/3513 3504/3504/3504
f 3516/3516/3516 3515/3515/3515 3513/3513/3513
f 3516/3516/3516 3504/3504/3504 3509/3509/3509
f 3516/3516/3516 3517/3517/3517 3515/3515/3515
f 3518/3518/3518 3517/3517/3517 3516/3516/3516
f 3516/3516/3516 3509/3509/3509 3518/3518/3518
f 3509/3509/3509 3519/3519/3519 3518/3518/3518
f 3522/3522/3522 3521/3521/3521 3520/3520/3520
f 3522/3522/3522 3520/3520/3520 3523/3523/3523
f 3523/3523/3523 3520/3520/3520 3524/3524/3524
f 3522/3522/3522 3523/3523/3523 3525/3525/3525
f 3526/3526/3526 3522/3522/3522 3525/3525/3525
f 3529/3529/3529 3528/3528/3528 3527/3527/3527
f 3528/3528/3528 3530/3530/3530 3527/3527/3527
f 3531/3531/3531 3527/3527/3527 3530/3530/3530
f 3530/3530/3530 3528/3528/3528 3532/3532/3532
f 3531/3531/3531 3530/3530/3530 3533/3533/3533
f 3530/3530/3530 3532/3532/3532 3533/3533/3533
f 3536/3536/3536 3535/3535/3535 3534/3534/3534
f 3535/3535/3535 3537/3537/3537 3534/3534/3534
f 3538/3538/3538 3537/3537/3537 3535/3535/3535
f 3539/3539/3539 3538/3538/3538 3535/3535/3535
f 3539/3539/3539 3540/3540/3540 3538/3538/3538
f 3541/3541/3541 3538/3538/3538 3540/3540/3540
f 3542/3542/3542 3541/3541/3541 3540/3540/3540
f 3543/3543/3543 3541/3541/3541 3542/3542/3542
f 3546/3546/3546 3545/3545/3545 3544/3544/3544
f 3547/3547/3547 3546/3546/3546 3544/3544/3544
f 3550/3550/3550 3549/3549/3549 3548/3548/3548
f 3551/3551/3551 3548/3548/3548 3549/3549/3549
f 3551/3551/3551 3549/3549/3549 3552/3552/3552
f 3552/3552/3552 3553/3553/3553 3551/3551/3551
f 3551/3551/3551 3553/3553/3553 3554/3554/3554
f 3553/3553/3553 3555/3555/3555 3554/3554/3554
f 3554/3554/3554 3555/3555/3555 3556/3556/3556
f 3556/3556/3556 3555/3555/3555 3557/3557/3557
f 3555/3555/3555 3558/3558/3558 3557/3557/3557
f 3557/3557/3557 3558/3558/3558 3559/3559/3559
f 3562/3562/3562 3561/3561/3561 3560/3560/3560
f 3560/3560/3560 3563/3563/3563 3562/3562/3562
f 3566/3566/3566 3565/3565/3565 3564/3564/3564
f 3567/3567/3567 3565/3565/3565 3566/3566/3566
f 3565/3565/3565 3567/3567/3567 3568/3568/3568
f 3569/3569/3569 3568/3568/3568 3567/3567/3567
f 3567/3567/3567 3566/3566/3566 3570/3570/3570
f 3570/3570/3570 3571/3571/3571 3567/3567/3567
f 3566/3566/3566 3572/3572/3572 3570/3570/3570
f 3572/3572/3572 3573/3573/3573 3570/3570/3570
f 3570/3570/3570 3573/3573/3573 3574/3574/3574
f 3577/3577/3577 3576/3576/3576 3575/3575/3575
f 3575/3575/3575 3576/3576/3576 3578/3578/3578
f 3576/3576/3576 3579/3579/3579 3578/3578/3578
f 3582/3582/3582 3581/3581/3581 3580/3580/3580
f 3583/3583/3583 3581/3581/3581 3582/3582/3582
f 3581/3581/3581 3583/3583/3583 3584/3584/3584
f 3585/3585/3585 3581/3581/3581 3584/3584/3584
f 3588/3588/3588 3587/3587/3587 3586/3586/3586
f 3586/3586/3586 3587/3587/3587 3589/3589/3589
f 3590/3590/3590 3589/3589/3589 3587/3587/3587
f 3590/3590/3590 3591/3591/3591 3589/3589/3589
f 3593/3593/3593 3592/3592/3592 2123/2123/2123
f 3592/3592/3592 3594/3594/3594 2123/2123/2123
f 3594/3594/3594 3592/3592/3592 3595/3595/3595
f 3592/3592/3592 3596/3596/3596 3595/3595/3595
f 2123/2123/2123 3594/3594/3594 3597/3597/3597
f 2123/2123/2123 3597/3597/3597 2126/2126/2126
f 3597/3597/3597 3598/3598/3598 2126/2126/2126
f 3599/3599/3599 2126/2126/2126 3598/3598/3598
f 3598/3598/3598 3597/3597/3597 3600/3600/3600
f 3598/3598/3598 3601/3601/3601 3599/3599/3599
f 3601/3601/3601 3598/3598/3598 3600/3600/3600
f 3599/3599/3599 3601/3601/3601 3602/3602/3602
f 3601/3601/3601 3600/3600/3600 3602/3602/3602
f 3602/3602/3602 3600/3600/3600 3603/3603/3603
f 3600/3600/3600 3604/3604/3604 3603/3603/3603
f 3603/3603/3603 3605/3605/3605 3602/3602/3602
f 3604/3604/3604 3605/3605/3605 3603/3603/3603
f 3605/3605/3605 3604/3604/3604 3606/3606/3606
f 3606/3606/3606 3607/3607/3607 3605/3605/3605
f 3608/3608/3608 3607/3607/3607 3606/3606/3606
f 3606/3606/3606 3609/3609/3609 3608/3608/3608
f 3607/3607/3607 3608/3608/3608 3610/3610/3610
f 3610/3610/3610 3608/3608/3608 3609/3609/3609
f 3609/3609/3609 3611/3611/3611 3610/3610/3610
f 3611/3611/3611 3612/3612/3612 3610/3610/3610
f 3609/3609/3609 3613/3613/3613 3611/3611/3611
f 3611/3611/3611 3614/3614/3614 3612/3612/3612
f 3613/3613/3613 3615/3615/3615 3611/3611/3611
f 3611/3611/3611 3615/3615/3615 3614/3614/3614
f 3618/3618/3618 3617/3617/3617 3616/3616/3616
f 3617/3617/3617 3619/3619/3619 3616/3616/3616
f 3616/3616/3616 3619/3619/3619 3620/3620/3620
f 3617/3617/3617 3621/3621/3621 3619/3619/3619
f 3619/3619/3619 3621/3621/3621 3620/3620/3620
f 3622/3622/3622 3621/3621/3621 3617/3617/3617
f 3623/3623/3623 3620/3620/3620 3621/3621/3621
f 3624/3624/3624 3623/3623/3623 3621/3621/3621
f 3627/3627/3627 3626/3626/3626 3625/3625/3625
f 3625/3625/3625 3628/3628/3628 3627/3627/3627
f 3629/3629/3629 3628/3628/3628 3625/3625/3625
f 3632/3632/3632 3631/3631/3631 3630/3630/3630
f 3631/3631/3631 3633/3633/3633 3630/3630/3630
f 3633/3633/3633 3631/3631/3631 3634/3634/3634
f 3630/3630/3630 3633/3633/3633 3635/3635/3635
f 3634/3634/3634 3636/3636/3636 3633/3633/3633
f 3633/3633/3633 3637/3637/3637 3635/3635/3635
f 3636/3636/3636 3637/3637/3637 3633/3633/3633
f 3635/3635/3635 3637/3637/3637 3638/3638/3638
f 3636/3636/3636 3639/3639/3639 3637/3637/3637
f 3637/3637/3637 3640/3640/3640 3638/3638/3638
f 3641/3641/3641 3637/3637/3637 3639/3639/3639
f 3641/3641/3641 3640/3640/3640 3637/3637/3637
f 3644/3644/3644 3643/3643/3643 3642/3642/3642
f 3644/3644/3644 3642/3642/3642 3645/3645/3645
f 3645/3645/3645 3642/3642/3642 3646/3646/3646
f 3646/3646/3646 3642/3642/3642 3647/3647/3647
f 3647/3647/3647 3648/3648/3648 3646/3646/3646
f 3648/3648/3648 3649/3649/3649 3646/3646/3646
f 3648/3648/3648 3650/3650/3650 3649/3649/3649
f 3653/3653/3653 3652/3652/3652 3651/3651/3651
f 3653/3653/3653 3654/3654/3654 3652/3652/3652
f 3655/3655/3655 3654/3654/3654 3653/3653/3653
f 3652/3652/3652 3654/3654/3654 3656/3656/3656
f 3652/3652/3652 3656/3656/3656 3657/3657/3657
f 3658/3658/3658 3656/3656/3656 3654/3654/3654
f 3655/3655/3655 3659/3659/3659 3654/3654/3654
f 3658/3658/3658 3654/3654/3654 3659/3659/3659
f 3655/3655/3655 3660/3660/3660 3659/3659/3659
f 3660/3660/3660 3658/3658/3658 3659/3659/3659
f 3661/3661/3661 3660/3660/3660 3655/3655/3655
f 3658/3658/3658 3660/3660/3660 3662/3662/3662
f 3665/3665/3665 3664/3664/3664 3663/3663/3663
f 3664/3664/3664 3666/3666/3666 3663/3663/3663
f 3667/3667/3667 3666/3666/3666 3664/3664/3664
f 3668/3668/3668 3667/3667/3667 3664/3664/3664
f 3671/3671/3671 3670/3670/3670 3669/3669/3669
f 3671/3671/3671 3669/3669/3669 3672/3672/3672
f 3673/3673/3673 3672/3672/3672 3669/3669/3669
f 3672/3672/3672 3673/3673/3673 3674/3674/3674
f 3674/3674/3674 3673/3673/3673 3675/3675/3675
f 3676/3676/3676 3674/3674/3674 3675/3675/3675
f 3675/3675/3675 3677/3677/3677 3676/3676/3676
f 3675/3675/3675 3678/3678/3678 3677/3677/3677
f 3678/3678/3678 3679/3679/3679 3677/3677/3677
f 3678/3678/3678 3680/3680/3680 3679/3679/3679
f 3681/3681/3681 3679/3679/3679 3680/3680/3680
f 3682/3682/3682 3681/3681/3681 3680/3680/3680
f 3681/3681/3681 3682/3682/3682 3683/3683/3683
f 3682/3682/3682 3684/3684/3684 3683/3683/3683
f 3687/3687/3687 3686/3686/3686 3685/3685/3685
f 3688/3688/3688 3687/3687/3687 3685/3685/3685
f 3688/3688/3688 3689/3689/3689 3687/3687/3687
f 3690/3690/3690 3687/3687/3687 3689/3689/3689
f 3688/3688/3688 3691/3691/3691 3689/3689/3689
f 3692/3692/3692 3688/3688/3688 3685/3685/3685
f 3693/3693/3693 3692/3692/3692 3685/3685/3685
f 3694/3694/3694 3692/3692/3692 3693/3693/3693
f 3694/3694/3694 3688/3688/3688 3692/3692/3692
f 3695/3695/3695 3691/3691/3691 3688/3688/3688
f 3695/3695/3695 3696/3696/3696 3691/3691/3691
f 3697/3697/3697 3696/3696/3696 3695/3695/3695
f 3698/3698/3698 3688/3688/3688 3694/3694/3694
f 3695/3695/3695 3688/3688/3688 3698/3698/3698
f 3698/3698/3698 3697/3697/3697 3695/3695/3695
f 3699/3699/3699 3698/3698/3698 3694/3694/3694
f 3700/3700/3700 3697/3697/3697 3698/3698/3698
f 3699/3699/3699 3700/3700/3700 3698/3698/3698
f 3703/3703/3703 3702/3702/3702 3701/3701/3701
f 3702/3702/3702 3703/3703/3703 3704/3704/3704
f 3704/3704/3704 3705/3705/3705 3702/3702/3702
f 3705/3705/3705 3704/3704/3704 3706/3706/3706
f 3705/3705/3705 3706/3706/3706 3707/3707/3707
f 3708/3708/3708 3707/3707/3707 3706/3706/3706
f 3709/3709/3709 3708/3708/3708 3706/3706/3706
f 3708/3708/3708 3709/3709/3709 3710/3710/3710
f 3711/3711/3711 3709/3709/3709 3706/3706/3706
f 3711/3711/3711 3706/3706/3706 3704/3704/3704
f 3711/3711/3711 3704/3704/3704 3712/3712/3712
f 3712/3712/3712 3704/3704/3704 3703/3703/3703
f 3712/3712/3712 3703/3703/3703 3713/3713/3713
f 3714/3714/3714 3713/3713/3713 3703/3703/3703
f 3713/3713/3713 3714/3714/3714 3715/3715/3715
f 3718/3718/3718 3717/3717/3717 3716/3716/3716
f 3716/3716/3716 3719/3719/3719 3718/3718/3718
f 3718/3718/3718 3719/3719/3719 3720/3720/3720
f 3716/3716/3716 3721/3721/3721 3719/3719/3719
f 3720/3720/3720 3719/3719/3719 3722/3722/3722
f 3722/3722/3722 3719/3719/3719 3721/3721/3721
f 3725/3725/3725 3724/3724/3724 3723/3723/3723
f 3723/3723/3723 3724/3724/3724 3726/3726/3726
f 3729/3729/3729 3728/3728/3728 3727/3727/3727
f 3727/3727/3727 3728/3728/3728 2362/2362/2362
f 3727/3727/3727 2362/2362/2362 3730/3730/3730
f 3730/3730/3730 2362/2362/2362 3731/3731/3731
f 3731/3731/3731 2362/2362/2362 2361/2361/2361
f 3731/3731/3731 2361/2361/2361 2366/2366/2366
f 3731/3731/3731 2366/2366/2366 3730/3730/3730
f 3730/3730/3730 2366/2366/2366 3732/3732/3732
f 3735/3735/3735 3734/3734/3734 3733/3733/3733
f 3733/3733/3733 3734/3734/3734 3736/3736/3736
f 3734/3734/3734 3737/3737/3737 3736/3736/3736
f 3734/3734/3734 3738/3738/3738 3737/3737/3737
f 3741/3741/3741 3740/3740/3740 3739/3739/3739
f 3739/3739/3739 3740/3740/3740 3742/3742/3742
f 3740/3740/3740 3743/3743/3743 3742/3742/3742
f 3740/3740/3740 3744/3744/3744 3743/3743/3743
f 3745/3745/3745 3744/3744/3744 3740/3740/3740
f 3742/3742/3742 3743/3743/3743 3746/3746/3746
f 3744/3744/3744 3747/3747/3747 3743/3743/3743
f 3742/3742/3742 3746/3746/3746 3748/3748/3748
f 3749/3749/3749 3742/3742/3742 3748/3748/3748
f 3750/3750/3750 3749/3749/3749 3748/3748/3748
f 3748/3748/3748 3746/3746/3746 3751/3751/3751
f 3748/3748/3748 3752/3752/3752 3750/3750/3750
f 3752/3752/3752 3748/3748/3748 3751/3751/3751
f 3751/3751/3751 3753/3753/3753 3752/3752/3752
f 3304/3304/3304 3744/3744/3744 3745/3745/3745
f 3754/3754/3754 3747/3747/3747 3744/3744/3744
f 3304/3304/3304 3754/3754/3754 3744/3744/3744
f 3755/3755/3755 3304/3304/3304 3745/3745/3745
f 3756/3756/3756 3755/3755/3755 3745/3745/3745
f 3757/3757/3757 3755/3755/3755 3756/3756/3756
f 3304/3304/3304 3302/3302/3302 3754/3754/3754
f 3755/3755/3755 3300/3300/3300 3304/3304/3304
f 3747/3747/3747 3754/3754/3754 3758/3758/3758
f 3747/3747/3747 3758/3758/3758 3759/3759/3759
f 3758/3758/3758 3760/3760/3760 3759/3759/3759
f 3302/3302/3302 3761/3761/3761 3754/3754/3754
f 3754/3754/3754 3761/3761/3761 3758/3758/3758
f 3762/3762/3762 3761/3761/3761 3302/3302/3302
f 3761/3761/3761 3763/3763/3763 3758/3758/3758
f 3762/3762/3762 3763/3763/3763 3761/3761/3761
f 3763/3763/3763 3764/3764/3764 3758/3758/3758
f 3762/3762/3762 3765/3765/3765 3763/3763/3763
f 3763/3763/3763 3766/3766/3766 3764/3764/3764
f 3765/3765/3765 3766/3766/3766 3763/3763/3763
f 3767/3767/3767 3755/3755/3755 3757/3757/3757
f 3767/3767/3767 3300/3300/3300 3755/3755/3755
f 3768/3768/3768 3767/3767/3767 3757/3757/3757
f 3300/3300/3300 3767/3767/3767 3768/3768/3768
f 3757/3757/3757 3769/3769/3769 3768/3768/3768
f 3769/3769/3769 3770/3770/3770 3768/3768/3768
f 3768/3768/3768 3771/3771/3771 3300/3300/3300
f 3768/3768/3768 3772/3772/3772 3771/3771/3771
f 3775/3775/3775 3774/3774/3774 3773/3773/3773
f 3773/3773/3773 3774/3774/3774 3776/3776/3776
f 3777/3777/3777 3773/3773/3773 3776/3776/3776
f 3776/3776/3776 3778/3778/3778 3777/3777/3777
f 3776/3776/3776 3774/3774/3774 3779/3779/3779
f 3776/3776/3776 3780/3780/3780 3778/3778/3778
f 3779/3779/3779 3780/3780/3780 3776/3776/3776
f 3780/3780/3780 3779/3779/3779 3781/3781/3781
f 3784/3784/3784 3783/3783/3783 3782/3782/3782
f 3784/3784/3784 3785/3785/3785 3783/3783/3783
f 3786/3786/3786 3785/3785/3785 3784/3784/3784
f 3784/3784/3784 3787/3787/3787 3786/3786/3786
f 3786/3786/3786 3788/3788/3788 3785/3785/3785
f 3786/3786/3786 3787/3787/3787 3789/3789/3789
f 3789/3789/3789 3788/3788/3788 3786/3786/3786
f 3792/3792/3792 3791/3791/3791 3790/3790/3790
f 3791/3791/3791 3793/3793/3793 3790/3790/3790
f 3796/3796/3796 3795/3795/3795 3794/3794/3794
f 3796/3796/3796 3797/3797/3797 3795/3795/3795
f 3796/3796/3796 3798/3798/3798 3797/3797/3797
f 3799/3799/3799 3798/3798/3798 3796/3796/3796
f 3802/3802/3802 3801/3801/3801 3800/3800/3800
f 3800/3800/3800 3801/3801/3801 3803/3803/3803
f 3804/3804/3804 3803/3803/3803 3801/3801/3801
f 3805/3805/3805 3803/3803/3803 3804/3804/3804
f 3803/3803/3803 3805/3805/3805 3806/3806/3806
f 3803/3803/3803 3806/3806/3806 3807/3807/3807
f 3807/3807/3807 3808/3808/3808 3803/3803/3803
f 3800/3800/3800 3803/3803/3803 3808/3808/3808
f 3800/3800/3800 3808/3808/3808 3809/3809/3809
f 3800/3800/3800 3809/3809/3809 3810/3810/3810
f 3813/3813/3813 3812/3812/3812 3811/3811/3811
f 3811/3811/3811 3812/3812/3812 3814/3814/3814
f 3812/3812/3812 3815/3815/3815 3814/3814/3814
f 3814/3814/3814 3815/3815/3815 3816/3816/3816
f 3817/3817/3817 3816/3816/3816 3815/3815/3815
f 3817/3817/3817 3815/3815/3815 3818/3818/3818
f 3815/3815/3815 3812/3812/3812 3819/3819/3819
f 3819/3819/3819 3818/3818/3818 3815/3815/3815
f 3812/3812/3812 3820/3820/3820 3819/3819/3819
f 3821/3821/3821 3820/3820/3820 3812/3812/3812
f 3822/3822/3822 3819/3819/3819 3820/3820/3820
f 3823/3823/3823 3819/3819/3819 3822/3822/3822
f 3818/3818/3818 3819/3819/3819 3824/3824/3824
f 3824/3824/3824 3819/3819/3819 3823/3823/3823
f 3824/3824/3824 3823/3823/3823 3825/3825/3825
f 3825/3825/3825 3826/3826/3826 3824/3824/3824
f 3818/3818/3818 3824/3824/3824 3827/3827/3827
f 3824/3824/3824 3828/3828/3828 3827/3827/3827
f 3829/3829/3829 3827/3827/3827 3828/3828/3828
f 3824/3824/3824 3830/3830/3830 3828/3828/3828
f 3830/3830/3830 3831/3831/3831 3828/3828/3828
f 3831/3831/3831 3832/3832/3832 3828/3828/3828
f 3832/3832/3832 3831/3831/3831 3833/3833/3833
f 3834/3834/3834 3832/3832/3832 3833/3833/3833
f 3835/3835/3835 3832/3832/3832 3834/3834/3834
f 3835/3835/3835 3834/3834/3834 3836/3836/3836
f 3837/3837/3837 3836/3836/3836 3834/3834/3834
f 3836/3836/3836 3837/3837/3837 3838/3838/3838
f 3838/3838/3838 3837/3837/3837 3839/3839/3839
f 3840/3840/3840 3836/3836/3836 3838/3838/3838
f 3838/3838/3838 3839/3839/3839 3841/3841/3841
f 3840/3840/3840 3838/3838/3838 3842/3842/3842
f 3842/3842/3842 3838/3838/3838 3843/3843/3843
f 3838/3838/3838 3841/3841/3841 3844/3844/3844
f 3843/3843/3843 3838/3838/3838 3845/3845/3845
f 3838/3838/3838 3844/3844/3844 3846/3846/3846
f 3838/3838/3838 3846/3846/3846 3845/3845/3845
f 3846/3846/3846 3844/3844/3844 3847/3847/3847
f 3846/3846/3846 3847/3847/3847 3845/3845/3845
f 3847/3847/3847 3844/3844/3844 3848/3848/3848
f 3845/3845/3845 3847/3847/3847 3849/3849/3849
f 3847/3847/3847 3848/3848/3848 3850/3850/3850
f 3849/3849/3849 3847/3847/3847 3851/3851/3851
f 3852/3852/3852 3847/3847/3847 3850/3850/3850
f 3851/3851/3851 3847/3847/3847 3852/3852/3852
f 3855/3855/3855 3854/3854/3854 3853/3853/3853
f 3854/3854/3854 3856/3856/3856 3853/3853/3853
f 3853/3853/3853 3856/3856/3856 3857/3857/3857
f 3857/3857/3857 3856/3856/3856 3858/3858/3858
f 3857/3857/3857 3858/3858/3858 3859/3859/3859
f 3858/3858/3858 3860/3860/3860 3859/3859/3859
f 3860/3860/3860 3861/3861/3861 3859/3859/3859
f 3864/3864/3864 3863/3863/3863 3862/3862/3862
f 3863/3863/3863 3864/3864/3864 3865/3865/3865
f 3864/3864/3864 3866/3866/3866 3865/3865/3865
f 3869/3869/3869 3868/3868/3868 3867/3867/3867
f 3868/3868/3868 3869/3869/3869 3870/3870/3870
f 3871/3871/3871 3868/3868/3868 3870/3870/3870
f 3871/3871/3871 3870/3870/3870 3872/3872/3872
f 3869/3869/3869 3873/3873/3873 3870/3870/3870
f 3870/3870/3870 3874/3874/3874 3872/3872/3872
f 3873/3873/3873 3874/3874/3874 3870/3870/3870
f 3874/3874/3874 3873/3873/3873 3875/3875/3875
f 3878/3878/3878 3877/3877/3877 3876/3876/3876
f 3879/3879/3879 3876/3876/3876 3877/3877/3877
f 3880/3880/3880 3876/3876/3876 3879/3879/3879
f 3880/3880/3880 3879/3879/3879 3881/3881/3881
f 3882/3882/3882 3879/3879/3879 3877/3877/3877
f 3882/3882/3882 3877/3877/3877 3883/3883/3883
f 3884/3884/3884 3879/3879/3879 3882/3882/3882
f 3884/3884/3884 3881/3881/3881 3879/3879/3879
f 3882/3882/3882 3885/3885/3885 3884/3884/3884
f 3884/3884/3884 3885/3885/3885 3886/3886/3886
f 3887/3887/3887 3881/3881/3881 3884/3884/3884
f 3881/3881/3881 3887/3887/3887 3888/3888/3888
f 3889/3889/3889 3884/3884/3884 3886/3886/3886
f 3887/3887/3887 3884/3884/3884 3889/3889/3889
f 3889/3889/3889 3886/3886/3886 3890/3890/3890
f 3887/3887/3887 3889/3889/3889 3891/3891/3891
f 3889/3889/3889 3890/3890/3890 3891/3891/3891
f 3892/3892/3892 3888/3888/3888 3887/3887/3887
f 3892/3892/3892 3887/3887/3887 3891/3891/3891
f 3891/3891/3891 3890/3890/3890 3893/3893/3893
f 3893/3893/3893 3892/3892/3892 3891/3891/3891
f 3892/3892/3892 3894/3894/3894 3888/3888/3888
f 3894/3894/3894 3892/3892/3892 3893/3893/3893
f 3888/3888/3888 3894/3894/3894 3895/3895/3895
f 3894/3894/3894 3896/3896/3896 3895/3895/3895
f 3896/3896/3896 3894/3894/3894 3893/3893/3893
f 3893/3893/3893 3890/3890/3890 3897/3897/3897
f 3893/3893/3893 3897/3897/3897 3896/3896/3896
f 3890/3890/3890 3898/3898/3898 3897/3897/3897
f 3899/3899/3899 3896/3896/3896 3897/3897/3897
f 3902/3902/3902 3901/3901/3901 3900/3900/3900
f 3903/3903/3903 3900/3900/3900 3901/3901/3901
f 3904/3904/3904 3903/3903/3903 3901/3901/3901
f 3904/3904/3904 3901/3901/3901 3905/3905/3905
f 3906/3906/3906 3904/3904/3904 3905/3905/3905
f 3900/3900/3900 3903/3903/3903 3907/3907/3907
f 3903/3903/3903 3904/3904/3904 3907/3907/3907
f 3908/3908/3908 3900/3900/3900 3907/3907/3907
f 3904/3904/3904 3906/3906/3906 3909/3909/3909
f 3907/3907/3907 3904/3904/3904 3909/3909/3909
f 3909/3909/3909 3906/3906/3906 3910/3910/3910
f 3909/3909/3909 3911/3911/3911 3907/3907/3907
f 3914/3914/3914 3913/3913/3913 3912/3912/3912
f 3914/3914/3914 3915/3915/3915 3913/3913/3913
f 3918/3918/3918 3917/3917/3917 3916/3916/3916
f 3918/3918/3918 3916/3916/3916 3919/3919/3919
f 3919/3919/3919 3920/3920/3920 3918/3918/3918
f 3919/3919/3919 3921/3921/3921 3920/3920/3920
f 3924/3924/3924 3923/3923/3923 3922/3922/3922
f 3925/3925/3925 3923/3923/3923 3924/3924/3924
f 3928/3928/3928 3927/3927/3927 3926/3926/3926
f 3927/3927/3927 3928/3928/3928 3929/3929/3929
f 3929/3929/3929 3928/3928/3928 3930/3930/3930
f 3928/3928/3928 3931/3931/3931 3930/3930/3930
f 3932/3932/3932 3930/3930/3930 3931/3931/3931
f 3932/3932/3932 3931/3931/3931 3933/3933/3933
f 3936/3936/3936 3935/3935/3935 3934/3934/3934
f 3937/3937/3937 3936/3936/3936 3934/3934/3934
f 3934/3934/3934 3938/3938/3938 3937/3937/3937
f 3938/3938/3938 3939/3939/3939 3937/3937/3937
f 3942/3942/3942 3941/3941/3941 3940/3940/3940
f 3940/3940/3940 3943/3943/3943 3942/3942/3942
f 3943/3943/3943 3944/3944/3944 3942/3942/3942
f 3947/3947/3947 3946/3946/3946 3945/3945/3945
f 3945/3945/3945 3948/3948/3948 3947/3947/3947
f 3945/3945/3945 3949/3949/3949 3948/3948/3948
f 3950/3950/3950 3949/3949/3949 3945/3945/3945
f 3950/3950/3950 3951/3951/3951 3949/3949/3949
f 3954/3954/3954 3953/3953/3953 3952/3952/3952
f 3953/3953/3953 3955/3955/3955 3952/3952/3952
f 3955/3955/3955 3956/3956/3956 3952/3952/3952
f 3956/3956/3956 3955/3955/3955 3957/3957/3957
f 3958/3958/3958 3956/3956/3956 3957/3957/3957
f 3961/3961/3961 3960/3960/3960 3959/3959/3959
f 3960/3960/3960 3961/3961/3961 3962/3962/3962
f 3961/3961/3961 3963/3963/3963 3962/3962/3962
f 3966/3966/3966 3965/3965/3965 3964/3964/3964
f 3966/3966/3966 3967/3967/3967 3965/3965/3965
f 3968/3968/3968 3967/3967/3967 3966/3966/3966
f 3969/3969/3969 3967/3967/3967 3968/3968/3968
f 3969/3969/3969 3970/3970/3970 3967/3967/3967
f 3969/3969/3969 3971/3971/3971 3970/3970/3970
f 3971/3971/3971 3972/3972/3972 3970/3970/3970
f 3971/3971/3971 3973/3973/3973 3972/3972/3972
f 3974/3974/3974 3973/3973/3973 3971/3971/3971
f 3974/3974/3974 3975/3975/3975 3973/3973/3973
f 3975/3975/3975 3976/3976/3976 3973/3973/3973
f 3975/3975/3975 3977/3977/3977 3976/3976/3976
f 3980/3980/3980 3979/3979/3979 3978/3978/3978
f 3979/3979/3979 3981/3981/3981 3978/3978/3978
f 3978/3978/3978 3981/3981/3981 3982/3982/3982
f 3982/3982/3982 3981/3981/3981 3983/3983/3983
f 3984/3984/3984 3982/3982/3982 3983/3983/3983
f 3984/3984/3984 3983/3983/3983 3985/3985/3985
f 3988/3988/3988 3987/3987/3987 3986/3986/3986
f 3988/3988/3988 3989/3989/3989 3987/3987/3987
f 3987/3987/3987 3989/3989/3989 3990/3990/3990
f 3991/3991/3991 3990/3990/3990 3989/3989/3989
f 3990/3990/3990 3991/3991/3991 3992/3992/3992
f 3991/3991/3991 3993/3993/3993 3992/3992/3992
f 3993/3993/3993 3994/3994/3994 3992/3992/3992
f 3991/3991/3991 3995/3995/3995 3993/3993/3993
f 3994/3994/3994 3993/3993/3993 3996/3996/3996
f 3996/3996/3996 3997/3997/3997 3994/3994/3994
f 3996/3996/3996 3993/3993/3993 3998/3998/3998
f 3995/3995/3995 3999/3999/3999 3993/3993/3993
f 3998/3998/3998 3993/3993/3993 3999/3999/3999
f 3999/3999/3999 3995/3995/3995 4000/4000/4000
f 3998/3998/3998 3999/3999/3999 4001/4001/4001
f 4002/4002/4002 3999/3999/3999 4000/4000/4000
f 4001/4001/4001 3999/3999/3999 4002/4002/4002
f 4003/4003/4003 4002/4002/4002 4000/4000/4000
f 4001/4001/4001 4002/4002/4002 4004/4004/4004
f 4003/4003/4003 4004/4004/4004 4002/4002/4002
f 4005/4005/4005 4001/4001/4001 4004/4004/4004
f 4004/4004/4004 4006/4006/4006 4005/4005/4005
f 4004/4004/4004 4007/4007/4007 4006/4006/4006
f 4004/4004/4004 4008/4008/4008 4007/4007/4007
f 4003/4003/4003 4008/4008/4008 4004/4004/4004
f 4009/4009/4009 4008/4008/4008 4003/4003/4003
f 4012/4012/4012 4011/4011/4011 4010/4010/4010
f 4012/4012/4012 4010/4010/4010 4013/4013/4013
f 4013/4013/4013 4010/4010/4010 4014/4014/4014
f 4014/4014/4014 4010/4010/4010 4015/4015/4015
f 4013/4013/4013 4014/4014/4014 4016/4016/4016
f 4015/4015/4015 4017/4017/4017 4014/4014/4014
f 4016/4016/4016 4014/4014/4014 4018/4018/4018
f 4019/4019/4019 4014/4014/4014 4017/4017/4017
f 4014/4014/4014 4019/4019/4019 4018/4018/4018
f 4022/4022/4022 4021/4021/4021 4020/4020/4020
f 4021/4021/4021 4023/4023/4023 4020/4020/4020
f 4021/4021/4021 4024/4024/4024 4023/4023/4023
f 4024/4024/4024 4025/4025/4025 4023/4023/4023
f 4025/4025/4025 4024/4024/4024 4026/4026/4026
f 4024/4024/4024 4027/4027/4027 4026/4026/4026
f 4026/4026/4026 4027/4027/4027 4028/4028/4028
f 4027/4027/4027 4029/4029/4029 4028/4028/4028
f 4030/4030/4030 4028/4028/4028 4029/4029/4029
f 4031/4031/4031 4028/4028/4028 4030/4030/4030
f 4032/4032/4032 4031/4031/4031 4030/4030/4030
f 4032/4032/4032 4030/4030/4030 4033/4033/4033
f 4033/4033/4033 4034/4034/4034 4032/4032/4032
f 4037/4037/4037 4036/4036/4036 4035/4035/4035
f 4036/4036/4036 4037/4037/4037 4038/4038/4038
f 4039/4039/4039 4038/4038/4038 4037/4037/4037
f 4039/4039/4039 4037/4037/4037 4040/4040/4040
f 4041/4041/4041 4038/4038/4038 4039/4039/4039
f 4042/4042/4042 4041/4041/4041 4039/4039/4039
f 4041/4041/4041 4043/4043/4043 4038/4038/4038
f 4043/4043/4043 4041/4041/4041 4044/4044/4044
f 4042/4042/4042 4044/4044/4044 4041/4041/4041
f 4044/4044/4044 4045/4045/4045 4043/4043/4043
f 4044/4044/4044 4046/4046/4046 4045/4045/4045
f 4046/4046/4046 4047/4047/4047 4045/4045/4045
f 4046/4046/4046 4044/4044/4044 4048/4048/4048
f 4049/4049/4049 4048/4048/4048 4044/4044/4044
f 4042/4042/4042 4049/4049/4049 4044/4044/4044
f 4050/4050/4050 4048/4048/4048 4049/4049/4049
f 4050/4050/4050 4049/4049/4049 4042/4042/4042
f 4051/4051/4051 4048/4048/4048 4050/4050/4050
f 4051/4051/4051 4050/4050/4050 4052/4052/4052
f 4053/4053/4053 4052/4052/4052 4050/4050/4050
f 4054/4054/4054 4052/4052/4052 4053/4053/4053
f 4054/4054/4054 4053/4053/4053 4055/4055/4055
f 4053/4053/4053 4050/4050/4050 4056/4056/4056
f 4050/4050/4050 4042/4042/4042 4056/4056/4056
f 4053/4053/4053 4057/4057/4057 4055/4055/4055
f 4053/4053/4053 4056/4056/4056 4057/4057/4057
f 4057/4057/4057 4058/4058/4058 4055/4055/4055
f 4057/4057/4057 4059/4059/4059 4058/4058/4058
f 4059/4059/4059 4057/4057/4057 4056/4056/4056
f 4060/4060/4060 4058/4058/4058 4059/4059/4059
f 4061/4061/4061 4056/4056/4056 4042/4042/4042
f 4056/4056/4056 4061/4061/4061 4059/4059/4059
f 4059/4059/4059 4062/4062/4062 4060/4060/4060
f 4059/4059/4059 4061/4061/4061 4062/4062/4062
f 4060/4060/4060 4062/4062/4062 4063/4063/4063
f 4061/4061/4061 4042/4042/4042 4064/4064/4064
f 4042/4042/4042 4039/4039/4039 4064/4064/4064
f 4039/4039/4039 4040/4040/4040 4064/4064/4064
f 4064/4064/4064 4065/4065/4065 4061/4061/4061
f 4061/4061/4061 4065/4065/4065 4062/4062/4062
f 4064/4064/4064 4040/4040/4040 4065/4065/4065
f 4062/4062/4062 4066/4066/4066 4063/4063/4063
f 4065/4065/4065 4066/4066/4066 4062/4062/4062
f 4066/4066/4066 4065/4065/4065 4040/4040/4040
f 4066/4066/4066 4067/4067/4067 4063/4063/4063
f 4040/4040/4040 4067/4067/4067 4066/4066/4066
f 4067/4067/4067 4040/4040/4040 4068/4068/4068
f 4069/4069/4069 4067/4067/4067 4068/4068/4068
f 4069/4069/4069 4068/4068/4068 4070/4070/4070
f 4073/4073/4073 4072/4072/4072 4071/4071/4071
f 4071/4071/4071 4072/4072/4072 4074/4074/4074
f 4074/4074/4074 4072/4072/4072 4075/4075/4075
f 4074/4074/4074 4076/4076/4076 4071/4071/4071
f 4076/4076/4076 4077/4077/4077 4071/4071/4071
f 4076/4076/4076 4078/4078/4078 4077/4077/4077
f 4075/4075/4075 4079/4079/4079 4074/4074/4074
f 4074/4074/4074 4079/4079/4079 4076/4076/4076
f 4078/4078/4078 4076/4076/4076 4079/4079/4079
f 4075/4075/4075 4080/4080/4080 4079/4079/4079
f 4081/4081/4081 4078/4078/4078 4079/4079/4079
f 4082/4082/4082 4079/4079/4079 4080/4080/4080
f 4079/4079/4079 4082/4082/4082 4081/4081/4081
f 4085/4085/4085 4084/4084/4084 4083/4083/4083
f 4086/4086/4086 4085/4085/4085 4083/4083/4083
f 4086/4086/4086 4087/4087/4087 4085/4085/4085
f 4086/4086/4086 4088/4088/4088 4087/4087/4087
f 4087/4087/4087 4088/4088/4088 4089/4089/4089
f 4087/4087/4087 4089/4089/4089 4090/4090/4090
f 4089/4089/4089 4088/4088/4088 4091/4091/4091
f 4091/4091/4091 4088/4088/4088 4092/4092/4092
f 4095/4095/4095 4094/4094/4094 4093/4093/4093
f 4094/4094/4094 4095/4095/4095 4096/4096/4096
f 4094/4094/4094 4096/4096/4096 4097/4097/4097
f 4097/4097/4097 4096/4096/4096 4098/4098/4098
f 4099/4099/4099 4098/4098/4098 4096/4096/4096
f 4102/4102/4102 4101/4101/4101 4100/4100/4100
f 4100/4100/4100 4103/4103/4103 4102/4102/4102
f 4100/4100/4100 4104/4104/4104 4103/4103/4103
f 4105/4105/4105 4104/4104/4104 4100/4100/4100
f 4108/4108/4108 4107/4107/4107 4106/4106/4106
f 4108/4108/4108 4109/4109/4109 4107/4107/4107
f 4112/4112/4112 4111/4111/4111 4110/4110/4110
f 4113/4113/4113 4110/4110/4110 4111/4111/4111
f 4113/4113/4113 4111/4111/4111 4114/4114/4114
f 4113/4113/4113 4115/4115/4115 4110/4110/4110
f 4110/4110/4110 4115/4115/4115 4116/4116/4116
f 4115/4115/4115 4117/4117/4117 4116/4116/4116
f 4118/4118/4118 4117/4117/4117 4115/4115/4115
f 4118/4118/4118 4119/4119/4119 4117/4117/4117
f 4120/4120/4120 4119/4119/4119 4118/4118/4118
f 4120/4120/4120 4118/4118/4118 4121/4121/4121
f 4121/4121/4121 4118/4118/4118 4115/4115/4115
f 4121/4121/4121 4115/4115/4115 4113/4113/4113
f 4114/4114/4114 4122/4122/4122 4113/4113/4113
f 4114/4114/4114 4123/4123/4123 4122/4122/4122
f 4124/4124/4124 4122/4122/4122 4123/4123/4123
f 4122/4122/4122 4124/4124/4124 4125/4125/4125
f 4113/4113/4113 4122/4122/4122 4125/4125/4125
f 4126/4126/4126 4113/4113/4113 4125/4125/4125
f 4125/4125/4125 4124/4124/4124 4127/4127/4127
f 4127/4127/4127 4126/4126/4126 4125/4125/4125
f 4113/4113/4113 4126/4126/4126 4128/4128/4128
f 4126/4126/4126 4129/4129/4129 4128/4128/4128
f 4127/4127/4127 4130/4130/4130 4126/4126/4126
f 4126/4126/4126 4131/4131/4131 4129/4129/4129
f 4132/4132/4132 4126/4126/4126 4130/4130/4130
f 4126/4126/4126 4132/4132/4132 4131/4131/4131
f 4130/4130/4130 4133/4133/4133 4132/4132/4132
f 4132/4132/4132 4133/4133/4133 4131/4131/4131
f 4136/4136/4136 4135/4135/4135 4134/4134/4134
f 4135/4135/4135 4137/4137/4137 4134/4134/4134
f 4134/4134/4134 4137/4137/4137 4138/4138/4138
f 4139/4139/4139 4137/4137/4137 4135/4135/4135
f 4140/4140/4140 4139/4139/4139 4135/4135/4135
f 4137/4137/4137 4139/4139/4139 4141/4141/4141
f 4137/4137/4137 4142/4142/4142 4138/4138/4138
f 4142/4142/4142 4137/4137/4137 4141/4141/4141
f 4138/4138/4138 4142/4142/4142 4143/4143/4143
f 4142/4142/4142 4141/4141/4141 4144/4144/4144
f 4142/4142/4142 4145/4145/4145 4143/4143/4143
f 4145/4145/4145 4142/4142/4142 4144/4144/4144
f 4143/4143/4143 4145/4145/4145 4146/4146/4146
f 4145/4145/4145 4144/4144/4144 4147/4147/4147
f 4145/4145/4145 4148/4148/4148 4146/4146/4146
f 4148/4148/4148 4145/4145/4145 4147/4147/4147
f 4146/4146/4146 4148/4148/4148 4149/4149/4149
f 4148/4148/4148 4147/4147/4147 4150/4150/4150
f 4148/4148/4148 4151/4151/4151 4149/4149/4149
f 4151/4151/4151 4148/4148/4148 4150/4150/4150
f 4149/4149/4149 4151/4151/4151 4152/4152/4152
f 4151/4151/4151 4150/4150/4150 4153/4153/4153
f 4151/4151/4151 4154/4154/4154 4152/4152/4152
f 4154/4154/4154 4151/4151/4151 4153/4153/4153
f 4152/4152/4152 4154/4154/4154 4155/4155/4155
f 4154/4154/4154 4153/4153/4153 4156/4156/4156
f 4154/4154/4154 4157/4157/4157 4155/4155/4155
f 4157/4157/4157 4154/4154/4154 4156/4156/4156
f 4155/4155/4155 4157/4157/4157 4158/4158/4158
f 4157/4157/4157 4156/4156/4156 4159/4159/4159
f 4157/4157/4157 4160/4160/4160 4158/4158/4158
f 4160/4160/4160 4157/4157/4157 4159/4159/4159
f 4158/4158/4158 4160/4160/4160 4161/4161/4161
f 4160/4160/4160 4159/4159/4159 4162/4162/4162
f 4160/4160/4160 4163/4163/4163 4161/4161/4161
f 4163/4163/4163 4160/4160/4160 4162/4162/4162
f 4161/4161/4161 4163/4163/4163 4164/4164/4164
f 4163/4163/4163 4162/4162/4162 4165/4165/4165
f 4163/4163/4163 4166/4166/4166 4164/4164/4164
f 4166/4166/4166 4163/4163/4163 4165/4165/4165
f 4164/4164/4164 4166/4166/4166 4167/4167/4167
f 4166/4166/4166 4165/4165/4165 4168/4168/4168
f 4166/4166/4166 4169/4169/4169 4167/4167/4167
f 4169/4169/4169 4166/4166/4166 4168/4168/4168
f 4167/4167/4167 4169/4169/4169 4170/4170/4170
f 4169/4169/4169 4168/4168/4168 4171/4171/4171
f 4169/4169/4169 4172/4172/4172 4170/4170/4170
f 4172/4172/4172 4169/4169/4169 4171/4171/4171
f 4170/4170/4170 4172/4172/4172 4173/4173/4173
f 4172/4172/4172 4171/4171/4171 4174/4174/4174
f 4172/4172/4172 4175/4175/4175 4173/4173/4173
f 4175/4175/4175 4172/4172/4172 4174/4174/4174
f 4173/4173/4173 4175/4175/4175 4176/4176/4176
f 4175/4175/4175 4174/4174/4174 4177/4177/4177
f 4175/4175/4175 4178/4178/4178 4176/4176/4176
f 4178/4178/4178 4175/4175/4175 4177/4177/4177
f 4176/4176/4176 4178/4178/4178 4179/4179/4179
f 4178/4178/4178 4177/4177/4177 4180/4180/4180
f 4178/4178/4178 4181/4181/4181 4179/4179/4179
f 4181/4181/4181 4178/4178/4178 4180/4180/4180
f 4179/4179/4179 4181/4181/4181 4182/4182/4182
f 4181/4181/4181 4180/4180/4180 4183/4183/4183
f 4181/4181/4181 4184/4184/4184 4182/4182/4182
f 4184/4184/4184 4181/4181/4181 4183/4183/4183
f 4182/4182/4182 4184/4184/4184 4185/4185/4185
f 4184/4184/4184 4183/4183/4183 4186/4186/4186
f 4184/4184/4184 4187/4187/4187 4185/4185/4185
f 4187/4187/4187 4184/4184/4184 4186/4186/4186
f 4185/4185/4185 4187/4187/4187 4188/4188/4188
f 4187/4187/4187 4186/4186/4186 4189/4189/4189
f 4187/4187/4187 4190/4190/4190 4188/4188/4188
f 4190/4190/4190 4187/4187/4187 4189/4189/4189
f 4188/4188/4188 4190/4190/4190 4191/4191/4191
f 4190/4190/4190 4189/4189/4189 4192/4192/4192
f 4190/4190/4190 4193/4193/4193 4191/4191/4191
f 4193/4193/4193 4190/4190/4190 4192/4192/4192
f 4191/4191/4191 4193/4193/4193 4194/4194/4194
f 4193/4193/4193 4192/4192/4192 4195/4195/4195
f 4193/4193/4193 4196/4196/4196 4194/4194/4194
f 4196/4196/4196 4193/4193/4193 4195/4195/4195
f 4194/4194/4194 4196/4196/4196 4197/4197/4197
f 4196/4196/4196 4195/4195/4195 4198/4198/4198
f 4196/4196/4196 4199/4199/4199 4197/4197/4197
f 4199/4199/4199 4196/4196/4196 4198/4198/4198
f 4197/4197/4197 4199/4199/4199 4200/4200/4200
f 4199/4199/4199 4198/4198/4198 4201/4201/4201
f 4199/4199/4199 4202/4202/4202 4200/4200/4200
f 4202/4202/4202 4199/4199/4199 4201/4201/4201
f 4200/4200/4200 4202/4202/4202 4203/4203/4203
f 4202/4202/4202 4201/4201/4201 4204/4204/4204
f 4202/4202/4202 4205/4205/4205 4203/4203/4203
f 4205/4205/4205 4202/4202/4202 4204/4204/4204
f 4203/4203/4203 4205/4205/4205 4206/4206/4206
f 4205/4205/4205 4204/4204/4204 4207/4207/4207
f 4205/4205/4205 4208/4208/4208 4206/4206/4206
f 4208/4208/4208 4205/4205/4205 4207/4207/4207
f 4211/4211/4211 4210/4210/4210 4209/4209/4209
f 4212/4212/4212 4211/4211/4211 4209/4209/4209
f 4215/4215/4215 4214/4214/4214 4213/4213/4213
f 4216/4216/4216 4215/4215/4215 4213/4213/4213
f 4219/4219/4219 4218/4218/4218 4217/4217/4217
f 4220/4220/4220 4219/4219/4219 4217/4217/4217
f 4223/4223/4223 4222/4222/4222 4221/4221/4221
f 4224/4224/4224 4223/4223/4223 4221/4221/4221
f 4227/4227/4227 4226/4226/4226 4225/4225/4225
f 4228/4228/4228 4227/4227/4227 4225/4225/4225
f 4231/4231/4231 4230/4230/4230 4229/4229/4229
f 4232/4232/4232 4231/4231/4231 4229/4229/4229
f 4235/4235/4235 4234/4234/4234 4233/4233/4233
f 4234/4234/4234 4236/4236/4236 4233/4233/4233
f 4236/4236/4236 4237/4237/4237 4233/4233/4233
f 4236/4236/4236 4238/4238/4238 4237/4237/4237
f 4238/4238/4238 4239/4239/4239 4237/4237/4237
f 4238/4238/4238 4240/4240/4240 4239/4239/4239
f 4240/4240/4240 4241/4241/4241 4239/4239/4239
f 4240/4240/4240 4242/4242/4242 4241/4241/4241
f 4242/4242/4242 4243/4243/4243 4241/4241/4241
f 4242/4242/4242 4244/4244/4244 4243/4243/4243
f 4244/4244/4244 4245/4245/4245 4243/4243/4243
f 4244/4244/4244 4246/4246/4246 4245/4245/4245
f 4244/4244/4244 4247/4247/4247 4246/4246/4246
f 4247/4247/4247 4248/4248/4248 4246/4246/4246
f 4251/4251/4251 4250/4250/4250 4249/4249/4249
f 4250/4250/4250 4252/4252/4252 4249/4249/4249
f 4250/4250/4250 4253/4253/4253 4252/4252/4252
f 4252/4252/4252 4253/4253/4253 4254/4254/4254
f 4255/4255/4255 4252/4252/4252 4254/4254/4254
f 4255/4255/4255 4254/4254/4254 4256/4256/4256
f 4257/4257/4257 4255/4255/4255 4256/4256/4256
f 4257/4257/4257 4256/4256/4256 4258/4258/4258
f 4259/4259/4259 4257/4257/4257 4258/4258/4258
f 4259/4259/4259 4258/4258/4258 4260/4260/4260
f 4258/4258/4258 4261/4261/4261 4260/4260/4260
f 4260/4260/4260 4261/4261/4261 4262/4262/4262
f 4260/4260/4260 4262/4262/4262 4263/4263/4263
f 4264/4264/4264 4260/4260/4260 4263/4263/4263
f 4267/4267/4267 4266/4266/4266 4265/4265/4265
f 4268/4268/4268 4267/4267/4267 4265/4265/4265
f 4271/4271/4271 4270/4270/4270 4269/4269/4269
f 4272/4272/4272 4271/4271/4271 4269/4269/4269
f 4275/4275/4275 4274/4274/4274 4273/4273/4273
f 4276/4276/4276 4275/4275/4275 4273/4273/4273
f 4279/4279/4279 4278/4278/4278 4277/4277/4277
f 4280/4280/4280 4279/4279/4279 4277/4277/4277
f 4283/4283/4283 4282/4282/4282 4281/4281/4281
f 4284/4284/4284 4283/4283/4283 4281/4281/4281
f 4287/4287/4287 4286/4286/4286 4285/4285/4285
f 4288/4288/4288 4287/4287/4287 4285/4285/4285
f 4291/4291/4291 4290/4290/4290 4289/4289/4289
f 4292/4292/4292 4291/4291/4291 4289/4289/4289
f 4295/4295/4295 4294/4294/4294 4293/4293/4293
f 4296/4296/4296 4295/4295/4295 4293/4293/4293
f 4299/4299/4299 4298/4298/4298 4297/4297/4297
f 4300/4300/4300 4299/4299/4299 4297/4297/4297
f 4303/4303/4303 4302/4302/4302 4301/4301/4301
f 4304/4304/4304 4303/4303/4303 4301/4301/4301
f 4307/4307/4307 4306/4306/4306 4305/4305/4305
f 4308/4308/4308 4307/4307/4307 4305/4305/4305
f 4311/4311/4311 4310/4310/4310 4309/4309/4309
f 4312/4312/4312 4311/4311/4311 4309/4309/4309
f 4315/4315/4315 4314/4314/4314 4313/4313/4313
f 4316/4316/4316 4315/4315/4315 4313/4313/4313
f 4319/4319/4319 4318/4318/4318 4317/4317/4317
f 4320/4320/4320 4319/4319/4319 4317/4317/4317
f 4323/4323/4323 4322/4322/4322 4321/4321/4321
f 4324/4324/4324 4323/4323/4323 4321/4321/4321
f 4327/4327/4327 4326/4326/4326 4325/4325/4325
f 4328/4328/4328 4327/4327/4327 4325/4325/4325
f 4331/4331/4331 4330/4330/4330 4329/4329/4329
f 4332/4332/4332 4331/4331/4331 4329/4329/4329
f 4335/4335/4335 4334/4334/4334 4333/4333/4333
f 4336/4336/4336 4335/4335/4335 4333/4333/4333
f 4339/4339/4339 4338/4338/4338 4337/4337/4337
f 4340/4340/4340 4339/4339/4339 4337/4337/4337
f 4343/4343/4343 4342/4342/4342 4341/4341/4341
f 4344/4344/4344 4343/4343/4343 4341/4341/4341
f 4347/4347/4347 4346/4346/4346 4345/4345/4345
f 4348/4348/4348 4347/4347/4347 4345/4345/4345
f 4351/4351/4351 4350/4350/4350 4349/4349/4349
f 4352/4352/4352 4351/4351/4351 4349/4349/4349
f 4355/4355/4355 4354/4354/4354 4353/4353/4353
f 4356/4356/4356 4355/4355/4355 4353/4353/4353
f 4359/4359/4359 4358/4358/4358 4357/4357/4357
f 4360/4360/4360 4359/4359/4359 4357/4357/4357
f 4363/4363/4363 4362/4362/4362 4361/4361/4361
f 4364/4364/4364 4363/4363/4363 4361/4361/4361
f 4367/4367/4367 4366/4366/4366 4365/4365/4365
f 4368/4368/4368 4367/4367/4367 4365/4365/4365
f 4371/4371/4371 4370/4370/4370 4369/4369/4369
f 4372/4372/4372 4371/4371/4371 4369/4369/4369
f 4375/4375/4375 4374/4374/4374 4373/4373/4373
f 4376/4376/4376 4375/4375/4375 4373/4373/4373
f 4379/4379/4379 4378/4378/4378 4377/4377/4377
f 4380/4380/4380 4379/4379/4379 4377/4377/4377
f 4383/4383/4383 4382/4382/4382 4381/4381/4381
f 4381/4381/4381 4384/4384/4384 4383/4383/4383
f 4381/4381/4381 4385/4385/4385 4384/4384/4384
f 4381/4381/4381 4386/4386/4386 4385/4385/4385
f 4389/4389/4389 4388/4388/4388 4387/4387/4387
f 4388/4388/4388 4390/4390/4390 4387/4387/4387
f 4387/4387/4387 4390/4390/4390 4391/4391/4391
f 4390/4390/4390 4392/4392/4392 4391/4391/4391
f 4391/4391/4391 4392/4392/4392 4393/4393/4393
f 4393/4393/4393 4392/4392/4392 4394/4394/4394
f 4392/4392/4392 4395/4395/4395 4394/4394/4394
f 4395/4395/4395 4396/4396/4396 4394/4394/4394
f 4396/4396/4396 4397/4397/4397 4394/4394/4394
f 4400/4400/4400 4399/4399/4399 4398/4398/4398
f 4401/4401/4401 4400/4400/4400 4398/4398/4398
f 4404/4404/4404 4403/4403/4403 4402/4402/4402
f 4402/4402/4402 4405/4405/4405 4404/4404/4404
f 4405/4405/4405 4406/4406/4406 4404/4404/4404
f 4406/4406/4406 4407/4407/4407 4404/4404/4404
f 4410/4410/4410 4409/4409/4409 4408/4408/4408
f 4411/4411/4411 4410/4410/4410 4408/4408/4408
f 4411/4411/4411 4408/4408/4408 4412/4412/4412
f 4408/4408/4408 4413/4413/4413 4412/4412/4412
f 4413/4413/4413 4414/4414/4414 4412/4412/4412
f 4412/4412/4412 4414/4414/4414 4415/4415/4415
f 4414/4414/4414 4416/4416/4416 4415/4415/4415
f 4415/4415/4415 4416/4416/4416 4417/4417/4417
f 4418/4418/4418 4415/4415/4415 4417/4417/4417
f 4421/4421/4421 4420/4420/4420 4419/4419/4419
f 4422/4422/4422 4421/4421/4421 4419/4419/4419
f 4425/4425/4425 4424/4424/4424 4423/4423/4423
f 4426/4426/4426 4425/4425/4425 4423/4423/4423
f 4429/4429/4429 4428/4428/4428 4427/4427/4427
f 4430/4430/4430 4429/4429/4429 4427/4427/4427
f 4433/4433/4433 4432/4432/4432 4431/4431/4431
f 4434/4434/4434 4433/4433/4433 4431/4431/4431
f 4437/4437/4437 4436/4436/4436 4435/4435/4435
f 4438/4438/4438 4437/4437/4437 4435/4435/4435
f 4441/4441/4441 4440/4440/4440 4439/4439/4439
f 4442/4442/4442 4441/4441/4441 4439/4439/4439
f 4445/4445/4445 4444/4444/4444 4443/4443/4443
f 4446/4446/4446 4445/4445/4445 4443/4443/4443
f 4449/4449/4449 4448/4448/4448 4447/4447/4447
f 4450/4450/4450 4449/4449/4449 4447/4447/4447
f 4453/4453/4453 4452/4452/4452 4451/4451/4451
f 4454/4454/4454 4453/4453/4453 4451/4451/4451
f 4457/4457/4457 4456/4456/4456 4455/4455/4455
f 4458/4458/4458 4457/4457/4457 4455/4455/4455
f 4461/4461/4461 4460/4460/4460 4459/4459/4459
f 4462/4462/4462 4461/4461/4461 4459/4459/4459
f 4465/4465/4465 4464/4464/4464 4463/4463/4463
f 4466/4466/4466 4465/4465/4465 4463/4463/4463
f 4469/4469/4469 4468/4468/4468 4467/4467/4467
f 4470/4470/4470 4469/4469/4469 4467/4467/4467
f 4473/4473/4473 4472/4472/4472 4471/4471/4471
f 4474/4474/4474 4473/4473/4473 4471/4471/4471
f 4477/4477/4477 4476/4476/4476 4475/4475/4475
f 4478/4478/4478 4477/4477/4477 4475/4475/4475
f 4481/4481/4481 4480/4480/4480 4479/4479/4479
f 4482/4482/4482 4481/4481/4481 4479/4479/4479
f 4485/4485/4485 4484/4484/4484 4483/4483/4483
f 4486/4486/4486 4485/4485/4485 4483/4483/4483
f 4489/4489/4489 4488/4488/4488 4487/4487/4487
f 4490/4490/4490 4489/4489/4489 4487/4487/4487
f 4490/4490/4490 4487/4487/4487 4491/4491/4491
f 4492/4492/4492 4490/4490/4490 4491/4491/4491
f 4492/4492/4492 4491/4491/4491 4493/4493/4493
f 4494/4494/4494 4492/4492/4492 4493/4493/4493
f 4494/4494/4494 4493/4493/4493 4495/4495/4495
f 4493/4493/4493 4496/4496/4496 4495/4495/4495
f 4496/4496/4496 4497/4497/4497 4495/4495/4495
f 4497/4497/4497 4498/4498/4498 4495/4495/4495
f 4498/4498/4498 4499/4499/4499 4495/4495/4495
f 4500/4500/4500 4494/4494/4494 4495/4495/4495
f 4501/4501/4501 4500/4500/4500 4495/4495/4495
f 4501/4501/4501 4502/4502/4502 4500/4500/4500
f 4501/4501/4501 4503/4503/4503 4502/4502/4502
f 4503/4503/4503 4504/4504/4504 4502/4502/4502
f 4503/4503/4503 4505/4505/4505 4504/4504/4504
f 4505/4505/4505 4506/4506/4506 4504/4504/4504
f 4505/4505/4505 4507/4507/4507 4506/4506/4506
f 4507/4507/4507 4508/4508/4508 4506/4506/4506
f 4507/4507/4507 4509/4509/4509 4508/4508/4508
f 4509/4509/4509 4510/4510/4510 4508/4508/4508
f 4509/4509/4509 4511/4511/4511 4510/4510/4510
f 4511/4511/4511 4512/4512/4512 4510/4510/4510
f 4511/4511/4511 4513/4513/4513 4512/4512/4512
f 4511/4511/4511 4514/4514/4514 4513/4513/4513
f 4513/4513/4513 4515/4515/4515 4512/4512/4512
f 4514/4514/4514 4516/4516/4516 4513/4513/4513
f 4515/4515/4515 4517/4517/4517 4512/4512/4512
f 4517/4517/4517 4518/4518/4518 4512/4512/4512
f 4517/4517/4517 4519/4519/4519 4518/4518/4518
f 4514/4514/4514 4520/4520/4520 4516/4516/4516
f 4520/4520/4520 4521/4521/4521 4516/4516/4516
f 4521/4521/4521 4520/4520/4520 4522/4522/4522
f 4520/4520/4520 4523/4523/4523 4522/4522/4522
f 4522/4522/4522 4523/4523/4523 4524/4524/4524
f 4523/4523/4523 4525/4525/4525 4524/4524/4524
f 4524/4524/4524 4525/4525/4525 4526/4526/4526
f 4527/4527/4527 4524/4524/4524 4526/4526/4526
f 4528/4528/4528 4527/4527/4527 4526/4526/4526
f 4529/4529/4529 4528/4528/4528 4526/4526/4526
f 4530/4530/4530 4528/4528/4528 4529/4529/4529
f 4526/4526/4526 4525/4525/4525 4531/4531/4531
f 4525/4525/4525 4532/4532/4532 4531/4531/4531
f 4531/4531/4531 4532/4532/4532 4533/4533/4533
f 4532/4532/4532 4534/4534/4534 4533/4533/4533
f 4533/4533/4533 4534/4534/4534 4535/4535/4535
f 4534/4534/4534 4536/4536/4536 4535/4535/4535
f 4535/4535/4535 4536/4536/4536 4537/4537/4537
f 4536/4536/4536 4538/4538/4538 4537/4537/4537
f 4537/4537/4537 4538/4538/4538 4539/4539/4539
f 4538/4538/4538 4540/4540/4540 4539/4539/4539
f 4539/4539/4539 4540/4540/4540 4541/4541/4541
f 4541/4541/4541 4540/4540/4540 4542/4542/4542
f 4543/4543/4543 4541/4541/4541 4542/4542/4542
f 4544/4544/4544 4543/4543/4543 4542/4542/4542
f 4545/4545/4545 4543/4543/4543 4544/4544/4544
f 4546/4546/4546 4545/4545/4545 4544/4544/4544
f 4547/4547/4547 4545/4545/4545 4546/4546/4546
f 4548/4548/4548 4547/4547/4547 4546/4546/4546
f 4549/4549/4549 4547/4547/4547 4548/4548/4548
f 4550/4550/4550 4549/4549/4549 4548/4548/4548
f 4551/4551/4551 4544/4544/4544 4542/4542/4542
f 4552/4552/4552 4551/4551/4551 4542/4542/4542
f 4553/4553/4553 4552/4552/4552 4542/4542/4542
f 4554/4554/4554 4553/4553/4553 4542/4542/4542
f 4557/4557/4557 4556/4556/4556 4555/4555/4555
f 4556/4556/4556 4558/4558/4558 4555/4555/4555
f 4555/4555/4555 4558/4558/4558 4559/4559/4559
f 4558/4558/4558 4560/4560/4560 4559/4559/4559
f 4559/4559/4559 4560/4560/4560 4561/4561/4561
f 4560/4560/4560 4562/4562/4562 4561/4561/4561
f 4561/4561/4561 4562/4562/4562 4563/4563/4563
f 4564/4564/4564 4561/4561/4561 4563/4563/4563
f 4565/4565/4565 4564/4564/4564 4563/4563/4563
f 4566/4566/4566 4565/4565/4565 4563/4563/4563
f 4567/4567/4567 4566/4566/4566 4563/4563/4563
f 4562/4562/4562 4568/4568/4568 4563/4563/4563
f 4568/4568/4568 4569/4569/4569 4563/4563/4563
f 4570/4570/4570 4569/4569/4569 4568/4568/4568
f 4571/4571/4571 4569/4569/4569 4570/4570/4570
f 4572/4572/4572 4571/4571/4571 4570/4570/4570
f 4573/4573/4573 4571/4571/4571 4572/4572/4572
f 4574/4574/4574 4573/4573/4573 4572/4572/4572
f 4575/4575/4575 4573/4573/4573 4574/4574/4574
f 4576/4576/4576 4575/4575/4575 4574/4574/4574
f 4577/4577/4577 4575/4575/4575 4576/4576/4576
f 4578/4578/4578 4577/4577/4577 4576/4576/4576
f 4579/4579/4579 4577/4577/4577 4578/4578/4578
f 4580/4580/4580 4579/4579/4579 4578/4578/4578
f 4581/4581/4581 4579/4579/4579 4580/4580/4580
f 4582/4582/4582 4579/4579/4579 4581/4581/4581
f 4583/4583/4583 4581/4581/4581 4580/4580/4580
f 4584/4584/4584 4582/4582/4582 4581/4581/4581
f 4585/4585/4585 4583/4583/4583 4580/4580/4580
f 4586/4586/4586 4585/4585/4585 4580/4580/4580
f 4587/4587/4587 4585/4585/4585 4586/4586/4586
f 4588/4588/4588 4582/4582/4582 4584/4584/4584
f 4589/4589/4589 4588/4588/4588 4584/4584/4584
f 4588/4588/4588 4589/4589/4589 4590/4590/4590
f 4591/4591/4591 4588/4588/4588 4590/4590/4590
f 4591/4591/4591 4590/4590/4590 4592/4592/4592
f 4593/4593/4593 4591/4591/4591 4592/4592/4592
f 4593/4593/4593 4592/4592/4592 4594/4594/4594
f 4592/4592/4592 4595/4595/4595 4594/4594/4594
f 4595/4595/4595 4596/4596/4596 4594/4594/4594
f 4596/4596/4596 4597/4597/4597 4594/4594/4594
f 4596/4596/4596 4598/4598/4598 4597/4597/4597
f 4593/4593/4593 4594/4594/4594 4599/4599/4599
f 4600/4600/4600 4593/4593/4593 4599/4599/4599
f 4600/4600/4600 4599/4599/4599 4601/4601/4601
f 4602/4602/4602 4600/4600/4600 4601/4601/4601
f 4602/4602/4602 4601/4601/4601 4603/4603/4603
f 4604/4604/4604 4602/4602/4602 4603/4603/4603
f 4604/4604/4604 4603/4603/4603 4605/4605/4605
f 4606/4606/4606 4604/4604/4604 4605/4605/4605
f 4606/4606/4606 4605/4605/4605 4607/4607/4607
f 4608/4608/4608 4606/4606/4606 4607/4607/4607
f 4608/4608/4608 4607/4607/4607 4609/4609/4609
f 4608/4608/4608 4609/4609/4609 4610/4610/4610
f 4609/4609/4609 4611/4611/4611 4610/4610/4610
f 4611/4611/4611 4612/4612/4612 4610/4610/4610
f 4611/4611/4611 4613/4613/4613 4612/4612/4612
f 4613/4613/4613 4614/4614/4614 4612/4612/4612
f 4613/4613/4613 4615/4615/4615 4614/4614/4614
f 4615/4615/4615 4616/4616/4616 4614/4614/4614
f 4615/4615/4615 4617/4617/4617 4616/4616/4616
f 4617/4617/4617 4618/4618/4618 4616/4616/4616
f 4612/4612/4612 4619/4619/4619 4610/4610/4610
f 4619/4619/4619 4620/4620/4620 4610/4610/4610
f 4620/4620/4620 4621/4621/4621 4610/4610/4610
f 4621/4621/4621 4622/4622/4622 4610/4610/4610
f 4625/4625/4625 4624/4624/4624 4623/4623/4623
f 4626/4626/4626 4625/4625/4625 4623/4623/4623
f 4629/4629/4629 4628/4628/4628 4627/4627/4627
f 4628/4628/4628 4629/4629/4629 4630/4630/4630
f 4631/4631/4631 4628/4628/4628 4630/4630/4630
f 4634/4634/4634 4633/4633/4633 4632/4632/4632
f 4635/4635/4635 4634/4634/4634 4632/4632/4632
f 4638/4638/4638 4637/4637/4637 4636/4636/4636
f 4639/4639/4639 4638/4638/4638 4636/4636/4636
f 4642/4642/4642 4641/4641/4641 4640/4640/4640
f 4643/4643/4643 4642/4642/4642 4640/4640/4640
f 4646/4646/4646 4645/4645/4645 4644/4644/4644
f 4647/4647/4647 4646/4646/4646 4644/4644/4644
f 4650/4650/4650 4649/4649/4649 4648/4648/4648
f 4651/4651/4651 4650/4650/4650 4648/4648/4648
f 4654/4654/4654 4653/4653/4653 4652/4652/4652
f 4653/4653/4653 4655/4655/4655 4652/4652/4652
f 4655/4655/4655 4656/4656/4656 4652/4652/4652
f 4656/4656/4656 4657/4657/4657 4652/4652/4652
f 4660/4660/4660 4659/4659/4659 4658/4658/4658
f 4659/4659/4659 4661/4661/4661 4658/4658/4658
f 4661/4661/4661 4659/4659/4659 4662/4662/4662
f 4659/4659/4659 4663/4663/4663 4662/4662/4662
f 4666/4666/4666 4665/4665/4665 4664/4664/4664
f 4667/4667/4667 4666/4666/4666 4664/4664/4664
f 4670/4670/4670 4669/4669/4669 4668/4668/4668
f 4671/4671/4671 4670/4670/4670 4668/4668/4668
f 4674/4674/4674 4673/4673/4673 4672/4672/4672
f 4675/4675/4675 4674/4674/4674 4672/4672/4672
f 4678/4678/4678 4677/4677/4677 4676/4676/4676
f 4679/4679/4679 4678/4678/4678 4676/4676/4676
f 4682/4682/4682 4681/4681/4681 4680/4680/4680
f 4683/4683/4683 4682/4682/4682 4680/4680/4680
f 4686/4686/4686 4685/4685/4685 4684/4684/4684
f 4687/4687/4687 4686/4686/4686 4684/4684/4684
f 4690/4690/4690 4689/4689/4689 4688/4688/4688
f 4691/4691/4691 4690/4690/4690 4688/4688/4688
f 4694/4694/4694 4693/4693/4693 4692/4692/4692
f 4695/4695/4695 4694/4694/4694 4692/4692/4692
f 4698/4698/4698 4697/4697/4697 4696/4696/4696
f 4699/4699/4699 4698/4698/4698 4696/4696/4696
f 4702/4702/4702 4701/4701/4701 4700/4700/4700
f 4703/4703/4703 4702/4702/4702 4700/4700/4700
f 4706/4706/4706 4705/4705/4705 4704/4704/4704
f 4707/4707/4707 4706/4706/4706 4704/4704/4704
f 4710/4710/4710 4709/4709/4709 4708/4708/4708
f 4711/4711/4711 4710/4710/4710 4708/4708/4708
f 4714/4714/4714 4713/4713/4713 4712/4712/4712
f 4715/4715/4715 4714/4714/4714 4712/4712/4712
f 4718/4718/4718 4717/4717/4717 4716/4716/4716
f 4719/4719/4719 4718/4718/4718 4716/4716/4716
f 4722/4722/4722 4721/4721/4721 4720/4720/4720
f 4723/4723/4723 4722/4722/4722 4720/4720/4720
f 4726/4726/4726 4725/4725/4725 4724/4724/4724
f 4727/4727/4727 4726/4726/4726 4724/4724/4724
f 4730/4730/4730 4729/4729/4729 4728/4728/4728
f 4731/4731/4731 4730/4730/4730 4728/4728/4728
f 4734/4734/4734 4733/4733/4733 4732/4732/4732
f 4735/4735/4735 4734/4734/4734 4732/4732/4732
f 4738/4738/4738 4737/4737/4737 4736/4736/4736
f 4739/4739/4739 4738/4738/4738 4736/4736/4736
f 4742/4742/4742 4741/4741/4741 4740/4740/4740
f 4743/4743/4743 4742/4742/4742 4740/4740/4740
f 4746/4746/4746 4745/4745/4745 4744/4744/4744
f 4747/4747/4747 4746/4746/4746 4744/4744/4744
f 4750/4750/4750 4749/4749/4749 4748/4748/4748
f 4751/4751/4751 4748/4748/4748 4749/4749/4749
f 4752/4752/4752 4751/4751/4751 4749/4749/4749
f 4755/4755/4755 4754/4754/4754 4753/4753/4753
f 4756/4756/4756 4755/4755/4755 4753/4753/4753
f 4759/4759/4759 4758/4758/4758 4757/4757/4757
f 4760/4760/4760 4759/4759/4759 4757/4757/4757
f 4763/4763/4763 4762/4762/4762 4761/4761/4761
f 4764/4764/4764 4763/4763/4763 4761/4761/4761
f 4767/4767/4767 4766/4766/4766 4765/4765/4765
f 4768/4768/4768 4767/4767/4767 4765/4765/4765
f 4771/4771/4771 4770/4770/4770 4769/4769/4769
f 4772/4772/4772 4771/4771/4771 4769/4769/4769
f 4775/4775/4775 4774/4774/4774 4773/4773/4773
f 4776/4776/4776 4775/4775/4775 4773/4773/4773
f 4779/4779/4779 4778/4778/4778 4777/4777/4777
f 4780/4780/4780 4779/4779/4779 4777/4777/4777
f 4783/4783/4783 4782/4782/4782 4781/4781/4781
f 4784/4784/4784 4783/4783/4783 4781/4781/4781
f 4787/4787/4787 4786/4786/4786 4785/4785/4785
f 4788/4788/4788 4787/4787/4787 4785/4785/4785
f 4791/4791/4791 4790/4790/4790 4789/4789/4789
f 4792/4792/4792 4791/4791/4791 4789/4789/4789
f 4795/4795/4795 4794/4794/4794 4793/4793/4793
f 4796/4796/4796 4795/4795/4795 4793/4793/4793
f 4799/4799/4799 4798/4798/4798 4797/4797/4797
f 4800/4800/4800 4799/4799/4799 4797/4797/4797
f 4803/4803/4803 4802/4802/4802 4801/4801/4801
f 4804/4804/4804 4803/4803/4803 4801/4801/4801
f 4807/4807/4807 4806/4806/4806 4805/4805/4805
f 4808/4808/4808 4807/4807/4807 4805/4805/4805
f 4811/4811/4811 4810/4810/4810 4809/4809/4809
f 4812/4812/4812 4811/4811/4811 4809/4809/4809
f 4815/4815/4815 4814/4814/4814 4813/4813/4813
f 4816/4816/4816 4815/4815/4815 4813/4813/4813
f 4819/4819/4819 4818/4818/4818 4817/4817/4817
f 4817/4817/4817 4820/4820/4820 4819/4819/4819
f 4820/4820/4820 4821/4821/4821 4819/4819/4819
f 4820/4820/4820 4822/4822/4822 4821/4821/4821
f 4825/4825/4825 4824/4824/4824 4823/4823/4823
f 4826/4826/4826 4825/4825/4825 4823/4823/4823
f 4826/4826/4826 4823/4823/4823 4827/4827/4827
f 4828/4828/4828 4826/4826/4826 4827/4827/4827
f 4831/4831/4831 4830/4830/4830 4829/4829/4829
f 4832/4832/4832 4831/4831/4831 4829/4829/4829
f 4835/4835/4835 4834/4834/4834 4833/4833/4833
f 4833/4833/4833 4836/4836/4836 4835/4835/4835
f 4833/4833/4833 4837/4837/4837 4836/4836/4836
f 4837/4837/4837 4838/4838/4838 4836/4836/4836
f 4841/4841/4841 4840/4840/4840 4839/4839/4839
f 4840/4840/4840 4842/4842/4842 4839/4839/4839
f 4839/4839/4839 4842/4842/4842 4843/4843/4843
f 4844/4844/4844 4839/4839/4839 4843/4843/4843
f 4847/4847/4847 4846/4846/4846 4845/4845/4845
f 4848/4848/4848 4847/4847/4847 4845/4845/4845
f 4851/4851/4851 4850/4850/4850 4849/4849/4849
f 4850/4850/4850 4852/4852/4852 4849/4849/4849
f 4850/4850/4850 4853/4853/4853 4852/4852/4852
f 4853/4853/4853 4854/4854/4854 4852/4852/4852
f 4857/4857/4857 4856/4856/4856 4855/4855/4855
f 4858/4858/4858 4857/4857/4857 4855/4855/4855
f 4861/4861/4861 4860/4860/4860 4859/4859/4859
f 4862/4862/4862 4861/4861/4861 4859/4859/4859
f 4865/4865/4865 4864/4864/4864 4863/4863/4863
f 4866/4866/4866 4865/4865/4865 4863/4863/4863
f 4869/4869/4869 4868/4868/4868 4867/4867/4867
f 4870/4870/4870 4869/4869/4869 4867/4867/4867
f 4873/4873/4873 4872/4872/4872 4871/4871/4871
f 4874/4874/4874 4873/4873/4873 4871/4871/4871
f 4877/4877/4877 4876/4876/4876 4875/4875/4875
f 4878/4878/4878 4877/4877/4877 4875/4875/4875
f 4881/4881/4881 4880/4880/4880 4879/4879/4879
f 4882/4882/4882 4881/4881/4881 4879/4879/4879
f 4885/4885/4885 4884/4884/4884 4883/4883/4883
f 4886/4886/4886 4885/4885/4885 4883/4883/4883
f 4889/4889/4889 4888/4888/4888 4887/4887/4887
f 4890/4890/4890 4889/4889/4889 4887/4887/4887
f 4893/4893/4893 4892/4892/4892 4891/4891/4891
f 4894/4894/4894 4893/4893/4893 4891/4891/4891
f 4897/4897/4897 4896/4896/4896 4895/4895/4895
f 4898/4898/4898 4897/4897/4897 4895/4895/4895
f 4898/4898/4898 4899/4899/4899 4897/4897/4897
f 4899/4899/4899 4900/4900/4900 4897/4897/4897
f 4899/4899/4899 4901/4901/4901 4900/4900/4900
f 4904/4904/4904 4903/4903/4903 4902/4902/4902
f 4903/4903/4903 4905/4905/4905 4902/4902/4902
f 4905/4905/4905 4906/4906/4906 4902/4902/4902
f 4906/4906/4906 4907/4907/4907 4902/4902/4902
f 4906/4906/4906 4908/4908/4908 4907/4907/4907
f 4911/4911/4911 4910/4910/4910 4909/4909/4909
f 4912/4912/4912 4911/4911/4911 4909/4909/4909
f 4915/4915/4915 4914/4914/4914 4913/4913/4913
f 4916/4916/4916 4915/4915/4915 4913/4913/4913
f 4919/4919/4919 4918/4918/4918 4917/4917/4917
f 4920/4920/4920 4919/4919/4919 4917/4917/4917
f 4923/4923/4923 4922/4922/4922 4921/4921/4921
f 4924/4924/4924 4923/4923/4923 4921/4921/4921
f 4927/4927/4927 4926/4926/4926 4925/4925/4925
f 4928/4928/4928 4927/4927/4927 4925/4925/4925
f 4931/4931/4931 4930/4930/4930 4929/4929/4929
f 4930/4930/4930 4931/4931/4931 4932/4932/4932
f 4931/4931/4931 4933/4933/4933 4932/4932/4932
f 4936/4936/4936 4935/4935/4935 4934/4934/4934
f 4937/4937/4937 4936/4936/4936 4934/4934/4934
f 4940/4940/4940 4939/4939/4939 4938/4938/4938
f 4941/4941/4941 4940/4940/4940 4938/4938/4938
f 4944/4944/4944 4943/4943/4943 4942/4942/4942
f 4945/4945/4945 4944/4944/4944 4942/4942/4942
f 4948/4948/4948 4947/4947/4947 4946/4946/4946
f 4949/4949/4949 4948/4948/4948 4946/4946/4946
f 4952/4952/4952 4951/4951/4951 4950/4950/4950
f 4953/4953/4953 4952/4952/4952 4950/4950/4950
f 4956/4956/4956 4955/4955/4955 4954/4954/4954
f 4957/4957/4957 4956/4956/4956 4954/4954/4954
f 4960/4960/4960 4959/4959/4959 4958/4958/4958
f 4961/4961/4961 4960/4960/4960 4958/4958/4958
f 4964/4964/4964 4963/4963/4963 4962/4962/4962
f 4965/4965/4965 4964/4964/4964 4962/4962/4962
f 4968/4968/4968 4967/4967/4967 4966/4966/4966
f 4969/4969/4969 4968/4968/4968 4966/4966/4966
f 4972/4972/4972 4971/4971/4971 4970/4970/4970
f 4973/4973/4973 4972/4972/4972 4970/4970/4970
f 4976/4976/4976 4975/4975/4975 4974/4974/4974
f 4977/4977/4977 4976/4976/4976 4974/4974/4974
f 4980/4980/4980 4979/4979/4979 4978/4978/4978
f 4981/4981/4981 4980/4980/4980 4978/4978/4978
f 4984/4984/4984 4983/4983/4983 4982/4982/4982
f 4985/4985/4985 4984/4984/4984 4982/4982/4982
f 4988/4988/4988 4987/4987/4987 4986/4986/4986
f 4989/4989/4989 4988/4988/4988 4986/4986/4986
f 4992/4992/4992 4991/4991/4991 4990/4990/4990
f 4993/4993/4993 4992/4992/4992 4990/4990/4990
f 4996/4996/4996 4995/4995/4995 4994/4994/4994
f 4997/4997/4997 4996/4996/4996 4994/4994/4994
f 5000/5000/5000 4999/4999/4999 4998/4998/4998
f 5001/5001/5001 5000/5000/5000 4998/4998/4998
f 5004/5004/5004 5003/5003/5003 5002/5002/5002
f 5005/5005/5005 5004/5004/5004 5002/5002/5002
f 5008/5008/5008 5007/5007/5007 5006/5006/5006
f 5009/5009/5009 5008/5008/5008 5006/5006/5006
f 5012/5012/5012 5011/5011/5011 5010/5010/5010
f 5013/5013/5013 5012/5012/5012 5010/5010/5010
f 5016/5016/5016 5015/5015/5015 5014/5014/5014
f 5017/5017/5017 5016/5016/5016 5014/5014/5014
f 5020/5020/5020 5019/5019/5019 5018/5018/5018
f 5021/5021/5021 5020/5020/5020 5018/5018/5018
f 5024/5024/5024 5023/5023/5023 5022/5022/5022
f 5025/5025/5025 5024/5024/5024 5022/5022/5022
f 5028/5028/5028 5027/5027/5027 5026/5026/5026
f 5029/5029/5029 5028/5028/5028 5026/5026/5026
f 5032/5032/5032 5031/5031/5031 5030/5030/5030
f 5033/5033/5033 5032/5032/5032 5030/5030/5030
f 5036/5036/5036 5035/5035/5035 5034/5034/5034
f 5037/5037/5037 5036/5036/5036 5034/5034/5034
f 5040/5040/5040 5039/5039/5039 5038/5038/5038
f 5038/5038/5038 5041/5041/5041 5040/5040/5040
f 5041/5041/5041 5042/5042/5042 5040/5040/5040
f 5045/5045/5045 5044/5044/5044 5043/5043/5043
f 5046/5046/5046 5045/5045/5045 5043/5043/5043
f 5049/5049/5049 5048/5048/5048 5047/5047/5047
f 5050/5050/5050 5049/5049/5049 5047/5047/5047
f 5053/5053/5053 5052/5052/5052 5051/5051/5051
f 5054/5054/5054 5053/5053/5053 5051/5051/5051
f 5057/5057/5057 5056/5056/5056 5055/5055/5055
f 5058/5058/5058 5057/5057/5057 5055/5055/5055
f 5061/5061/5061 5060/5060/5060 5059/5059/5059
f 5062/5062/5062 5061/5061/5061 5059/5059/5059
f 5065/5065/5065 5064/5064/5064 5063/5063/5063
f 5066/5066/5066 5065/5065/5065 5063/5063/5063
f 5069/5069/5069 5068/5068/5068 5067/5067/5067
f 5070/5070/5070 5069/5069/5069 5067/5067/5067
f 5073/5073/5073 5072/5072/5072 5071/5071/5071
f 5074/5074/5074 5073/5073/5073 5071/5071/5071
f 5077/5077/5077 5076/5076/5076 5075/5075/5075
f 5078/5078/5078 5077/5077/5077 5075/5075/5075
f 5081/5081/5081 5080/5080/5080 5079/5079/5079
f 5082/5082/5082 5081/5081/5081 5079/5079/5079
f 5085/5085/5085 5084/5084/5084 5083/5083/5083
f 5086/5086/5086 5085/5085/5085 5083/5083/5083
f 5089/5089/5089 5088/5088/5088 5087/5087/5087
f 5090/5090/5090 5089/5089/5089 5087/5087/5087
f 5093/5093/5093 5092/5092/5092 5091/5091/5091
f 5094/5094/5094 5093/5093/5093 5091/5091/5091
f 5097/5097/5097 5096/5096/5096 5095/5095/5095
f 5098/5098/5098 5097/5097/5097 5095/5095/5095
f 5101/5101/5101 5100/5100/5100 5099/5099/5099
f 5102/5102/5102 5101/5101/5101 5099/5099/5099
f 5105/5105/5105 5104/5104/5104 5103/5103/5103
f 5106/5106/5106 5105/5105/5105 5103/5103/5103
f 5109/5109/5109 5108/5108/5108 5107/5107/5107
f 5110/5110/5110 5109/5109/5109 5107/5107/5107
f 5113/5113/5113 5112/5112/5112 5111/5111/5111
f 5114/5114/5114 5113/5113/5113 5111/5111/5111
f 5117/5117/5117 5116/5116/5116 5115/5115/5115
f 5118/5118/5118 5117/5117/5117 5115/5115/5115
f 5121/5121/5121 5120/5120/5120 5119/5119/5119
f 5122/5122/5122 5121/5121/5121 5119/5119/5119
f 5125/5125/5125 5124/5124/5124 5123/5123/5123
f 5126/5126/5126 5125/5125/5125 5123/5123/5123
f 5129/5129/5129 5128/5128/5128 5127/5127/5127
f 5130/5130/5130 5129/5129/5129 5127/5127/5127
f 5133/5133/5133 5132/5132/5132 5131/5131/5131
f 5134/5134/5134 5133/5133/5133 5131/5131/5131
f 5137/5137/5137 5136/5136/5136 5135/5135/5135
f 5138/5138/5138 5137/5137/5137 5135/5135/5135
f 5141/5141/5141 5140/5140/5140 5139/5139/5139
f 5142/5142/5142 5141/5141/5141 5139/5139/5139
f 5145/5145/5145 5144/5144/5144 5143/5143/5143
f 5146/5146/5146 5145/5145/5145 5143/5143/5143
f 5149/5149/5149 5148/5148/5148 5147/5147/5147
f 5150/5150/5150 5149/5149/5149 5147/5147/5147
f 5153/5153/5153 5152/5152/5152 5151/5151/5151
f 5154/5154/5154 5153/5153/5153 5151/5151/5151
f 5157/5157/5157 5156/5156/5156 5155/5155/5155
f 5158/5158/5158 5157/5157/5157 5155/5155/5155
f 5161/5161/5161 5160/5160/5160 5159/5159/5159
f 5162/5162/5162 5161/5161/5161 5159/5159/5159
f 5165/5165/5165 5164/5164/5164 5163/5163/5163
f 5166/5166/5166 5165/5165/5165 5163/5163/5163
f 5169/5169/5169 5168/5168/5168 5167/5167/5167
f 5170/5170/5170 5169/5169/5169 5167/5167/5167
f 5173/5173/5173 5172/5172/5172 5171/5171/5171
f 5174/5174/5174 5173/5173/5173 5171/5171/5171
f 5177/5177/5177 5176/5176/5176 5175/5175/5175
f 5178/5178/5178 5177/5177/5177 5175/5175/5175
f 5181/5181/5181 5180/5180/5180 5179/5179/5179
f 5182/5182/5182 5181/5181/5181 5179/5179/5179
f 5185/5185/5185 5184/5184/5184 5183/5183/5183
f 5186/5186/5186 5185/5185/5185 5183/5183/5183
f 5189/5189/5189 5188/5188/5188 5187/5187/5187
f 5190/5190/5190 5189/5189/5189 5187/5187/5187
f 5193/5193/5193 5192/5192/5192 5191/5191/5191
f 5194/5194/5194 5193/5193/5193 5191/5191/5191
f 5197/5197/5197 5196/5196/5196 5195/5195/5195
f 5198/5198/5198 5197/5197/5197 5195/5195/5195
f 5201/5201/5201 5200/5200/5200 5199/5199/5199
f 5199/5199/5199 5200/5200/5200 5202/5202/5202
f 5203/5203/5203 5201/5201/5201 5199/5199/5199
f 5204/5204/5204 5199/5199/5199 5202/5202/5202
f 5202/5202/5202 5205/5205/5205 5204/5204/5204
f 5204/5204/5204 5205/5205/5205 5206/5206/5206
f 5205/5205/5205 5207/5207/5207 5206/5206/5206
f 5203/5203/5203 5199/5199/5199 5208/5208/5208
f 5203/5203/5203 5208/5208/5208 5209/5209/5209
f 5209/5209/5209 5208/5208/5208 5210/5210/5210
f 5208/5208/5208 5211/5211/5211 5210/5210/5210
f 5208/5208/5208 5199/5199/5199 5211/5211/5211
f 5210/5210/5210 5211/5211/5211 5212/5212/5212
f 5199/5199/5199 5204/5204/5204 5213/5213/5213
f 5199/5199/5199 5213/5213/5213 5211/5211/5211
f 5204/5204/5204 5206/5206/5206 5213/5213/5213
f 5211/5211/5211 5214/5214/5214 5212/5212/5212
f 5211/5211/5211 5213/5213/5213 5214/5214/5214
f 5212/5212/5212 5214/5214/5214 5215/5215/5215
f 5213/5213/5213 5206/5206/5206 5216/5216/5216
f 5213/5213/5213 5217/5217/5217 5214/5214/5214
f 5206/5206/5206 5207/5207/5207 5218/5218/5218
f 5206/5206/5206 5218/5218/5218 5216/5216/5216
f 5207/5207/5207 5219/5219/5219 5218/5218/5218
f 5216/5216/5216 5218/5218/5218 5220/5220/5220
f 5214/5214/5214 5221/5221/5221 5215/5215/5215
f 5214/5214/5214 5217/5217/5217 5221/5221/5221
f 5215/5215/5215 5221/5221/5221 5222/5222/5222
f 5217/5217/5217 5223/5223/5223 5221/5221/5221
f 5218/5218/5218 5219/5219/5219 5224/5224/5224
f 5218/5218/5218 5224/5224/5224 5220/5220/5220
f 5219/5219/5219 5225/5225/5225 5224/5224/5224
f 5220/5220/5220 5224/5224/5224 5226/5226/5226
f 5221/5221/5221 5227/5227/5227 5222/5222/5222
f 5221/5221/5221 5223/5223/5223 5227/5227/5227
f 5222/5222/5222 5227/5227/5227 5228/5228/5228
f 5223/5223/5223 5229/5229/5229 5227/5227/5227
f 5224/5224/5224 5225/5225/5225 5230/5230/5230
f 5224/5224/5224 5230/5230/5230 5226/5226/5226
f 5225/5225/5225 5231/5231/5231 5230/5230/5230
f 5226/5226/5226 5230/5230/5230 5232/5232/5232
f 5227/5227/5227 5233/5233/5233 5228/5228/5228
f 5227/5227/5227 5229/5229/5229 5233/5233/5233
f 5229/5229/5229 5232/5232/5232 5233/5233/5233
f 5228/5228/5228 5233/5233/5233 5234/5234/5234
f 5230/5230/5230 5231/5231/5231 5235/5235/5235
f 5230/5230/5230 5235/5235/5235 5232/5232/5232
f 5231/5231/5231 5236/5236/5236 5235/5235/5235
f 5233/5233/5233 5237/5237/5237 5234/5234/5234
f 5233/5233/5233 5232/5232/5232 5237/5237/5237
f 5234/5234/5234 5237/5237/5237 5238/5238/5238
f 5238/5238/5238 5237/5237/5237 5239/5239/5239
f 5239/5239/5239 5237/5237/5237 5240/5240/5240
f 5241/5241/5241 5239/5239/5239 5240/5240/5240
f 5232/5232/5232 5242/5242/5242 5237/5237/5237
f 5232/5232/5232 5235/5235/5235 5242/5242/5242
f 5241/5241/5241 5242/5242/5242 5243/5243/5243
f 5242/5242/5242 5244/5244/5244 5243/5243/5243
f 5244/5244/5244 5242/5242/5242 5245/5245/5245
f 5235/5235/5235 5236/5236/5236 5246/5246/5246
f 5235/5235/5235 5246/5246/5246 5242/5242/5242
f 5242/5242/5242 5246/5246/5246 5245/5245/5245
f 5236/5236/5236 5247/5247/5247 5246/5246/5246
f 5246/5246/5246 5247/5247/5247 5245/5245/5245
f 5250/5250/5250 5249/5249/5249 5248/5248/5248
f 5250/5250/5250 5248/5248/5248 5251/5251/5251
f 5249/5249/5249 5252/5252/5252 5248/5248/5248
f 5249/5249/5249 5253/5253/5253 5252/5252/5252
f 5248/5248/5248 5254/5254/5254 5251/5251/5251
f 5248/5248/5248 5252/5252/5252 5254/5254/5254
f 5254/5254/5254 5255/5255/5255 5251/5251/5251
f 5255/5255/5255 5254/5254/5254 5256/5256/5256
f 5254/5254/5254 5257/5257/5257 5256/5256/5256
f 5252/5252/5252 5258/5258/5258 5254/5254/5254
f 5253/5253/5253 5259/5259/5259 5252/5252/5252
f 5252/5252/5252 5259/5259/5259 5258/5258/5258
f 5253/5253/5253 5260/5260/5260 5259/5259/5259
f 5260/5260/5260 5261/5261/5261 5259/5259/5259
f 5260/5260/5260 5262/5262/5262 5261/5261/5261
f 5259/5259/5259 5263/5263/5263 5258/5258/5258
f 5259/5259/5259 5261/5261/5261 5263/5263/5263
f 5261/5261/5261 5264/5264/5264 5263/5263/5263
f 5262/5262/5262 5265/5265/5265 5261/5261/5261
f 5261/5261/5261 5265/5265/5265 5264/5264/5264
f 5262/5262/5262 5266/5266/5266 5265/5265/5265
f 5265/5265/5265 5267/5267/5267 5264/5264/5264
f 5266/5266/5266 5268/5268/5268 5265/5265/5265
f 5265/5265/5265 5268/5268/5268 5267/5267/5267
f 5266/5266/5266 5269/5269/5269 5268/5268/5268
f 5268/5268/5268 5270/5270/5270 5267/5267/5267
f 5269/5269/5269 5271/5271/5271 5268/5268/5268
f 5268/5268/5268 5271/5271/5271 5270/5270/5270
f 5271/5271/5271 5272/5272/5272 5270/5270/5270
f 5269/5269/5269 5273/5273/5273 5271/5271/5271
f 5272/5272/5272 5271/5271/5271 5273/5273/5273
f 5274/5274/5274 5272/5272/5272 5273/5273/5273
f 5274/5274/5274 5275/5275/5275 5272/5272/5272
f 5275/5275/5275 5276/5276/5276 5272/5272/5272
f 5272/5272/5272 5276/5276/5276 5277/5277/5277
f 5277/5277/5277 5276/5276/5276 5278/5278/5278
f 5277/5277/5277 5278/5278/5278 5279/5279/5279
f 5272/5272/5272 5277/5277/5277 5280/5280/5280
f 5280/5280/5280 5277/5277/5277 5279/5279/5279
f 5270/5270/5270 5272/5272/5272 5280/5280/5280
f 5280/5280/5280 5279/5279/5279 5281/5281/5281
f 5270/5270/5270 5280/5280/5280 5282/5282/5282
f 5282/5282/5282 5280/5280/5280 5281/5281/5281
f 5283/5283/5283 5270/5270/5270 5282/5282/5282
f 5282/5282/5282 5281/5281/5281 5284/5284/5284
f 5283/5283/5283 5282/5282/5282 5285/5285/5285
f 5285/5285/5285 5282/5282/5282 5284/5284/5284
f 5286/5286/5286 5283/5283/5283 5285/5285/5285
f 5285/5285/5285 5284/5284/5284 5287/5287/5287
f 5286/5286/5286 5285/5285/5285 5288/5288/5288
f 5288/5288/5288 5285/5285/5285 5287/5287/5287
f 5289/5289/5289 5286/5286/5286 5288/5288/5288
f 5288/5288/5288 5287/5287/5287 5290/5290/5290
f 5289/5289/5289 5288/5288/5288 5291/5291/5291
f 5291/5291/5291 5288/5288/5288 5290/5290/5290
f 5258/5258/5258 5289/5289/5289 5291/5291/5291
f 5291/5291/5291 5290/5290/5290 5292/5292/5292
f 5258/5258/5258 5291/5291/5291 5293/5293/5293
f 5293/5293/5293 5291/5291/5291 5292/5292/5292
f 5293/5293/5293 5292/5292/5292 5294/5294/5294
f 5295/5295/5295 5258/5258/5258 5293/5293/5293
f 5293/5293/5293 5294/5294/5294 5296/5296/5296
f 5293/5293/5293 5296/5296/5296 5295/5295/5295
f 5296/5296/5296 5257/5257/5257 5295/5295/5295
f 5299/5299/5299 5298/5298/5298 5297/5297/5297
f 5300/5300/5300 5299/5299/5299 5297/5297/5297
f 5300/5300/5300 5297/5297/5297 5301/5301/5301
f 5297/5297/5297 5298/5298/5298 5302/5302/5302
f 5302/5302/5302 5298/5298/5298 5303/5303/5303
f 5302/5302/5302 5303/5303/5303 5304/5304/5304
f 5305/5305/5305 5302/5302/5302 5304/5304/5304
f 5297/5297/5297 5302/5302/5302 5305/5305/5305
f 5305/5305/5305 5304/5304/5304 5306/5306/5306
f 5297/5297/5297 5307/5307/5307 5301/5301/5301
f 5308/5308/5308 5301/5301/5301 5307/5307/5307
f 5309/5309/5309 5305/5305/5305 5306/5306/5306
f 5309/5309/5309 5306/5306/5306 5310/5310/5310
f 5311/5311/5311 5297/5297/5297 5305/5305/5305
f 5307/5307/5307 5297/5297/5297 5311/5311/5311
f 5311/5311/5311 5305/5305/5305 5309/5309/5309
f 5308/5308/5308 5307/5307/5307 5312/5312/5312
f 5312/5312/5312 5307/5307/5307 5311/5311/5311
f 5313/5313/5313 5308/5308/5308 5312/5312/5312
f 5314/5314/5314 5311/5311/5311 5309/5309/5309
f 5312/5312/5312 5311/5311/5311 5315/5315/5315
f 5316/5316/5316 5309/5309/5309 5310/5310/5310
f 5314/5314/5314 5309/5309/5309 5316/5316/5316
f 5316/5316/5316 5310/5310/5310 5317/5317/5317
f 5318/5318/5318 5314/5314/5314 5316/5316/5316
f 5313/5313/5313 5312/5312/5312 5319/5319/5319
f 5319/5319/5319 5312/5312/5312 5315/5315/5315
f 5320/5320/5320 5313/5313/5313 5319/5319/5319
f 5319/5319/5319 5315/5315/5315 5321/5321/5321
f 5322/5322/5322 5316/5316/5316 5317/5317/5317
f 5318/5318/5318 5316/5316/5316 5322/5322/5322
f 5322/5322/5322 5317/5317/5317 5323/5323/5323
f 5324/5324/5324 5318/5318/5318 5322/5322/5322
f 5320/5320/5320 5319/5319/5319 5325/5325/5325
f 5325/5325/5325 5319/5319/5319 5321/5321/5321
f 5326/5326/5326 5320/5320/5320 5325/5325/5325
f 5325/5325/5325 5321/5321/5321 5327/5327/5327
f 5328/5328/5328 5322/5322/5322 5323/5323/5323
f 5324/5324/5324 5322/5322/5322 5328/5328/5328
f 5328/5328/5328 5323/5323/5323 5329/5329/5329
f 5330/5330/5330 5324/5324/5324 5328/5328/5328
f 5326/5326/5326 5325/5325/5325 5331/5331/5331
f 5331/5331/5331 5325/5325/5325 5327/5327/5327
f 5331/5331/5331 5327/5327/5327 5330/5330/5330
f 5332/5332/5332 5326/5326/5326 5331/5331/5331
f 5333/5333/5333 5328/5328/5328 5329/5329/5329
f 5330/5330/5330 5328/5328/5328 5333/5333/5333
f 5333/5333/5333 5329/5329/5329 5334/5334/5334
f 5333/5333/5333 5334/5334/5334 5335/5335/5335
f 5333/5333/5333 5335/5335/5335 5336/5336/5336
f 5335/5335/5335 5337/5337/5337 5336/5336/5336
f 5338/5338/5338 5330/5330/5330 5333/5333/5333
f 5338/5338/5338 5337/5337/5337 5339/5339/5339
f 5340/5340/5340 5338/5338/5338 5339/5339/5339
f 5338/5338/5338 5340/5340/5340 5341/5341/5341
f 5342/5342/5342 5331/5331/5331 5330/5330/5330
f 5332/5332/5332 5331/5331/5331 5342/5342/5342
f 5342/5342/5342 5330/5330/5330 5338/5338/5338
f 5343/5343/5343 5332/5332/5332 5342/5342/5342
f 5344/5344/5344 5338/5338/5338 5341/5341/5341
f 5344/5344/5344 5342/5342/5342 5338/5338/5338
f 5343/5343/5343 5342/5342/5342 5344/5344/5344
f 5345/5345/5345 5344/5344/5344 5341/5341/5341
f 5345/5345/5345 5343/5343/5343 5344/5344/5344
f 5348/5348/5348 5347/5347/5347 5346/5346/5346
f 5346/5346/5346 5347/5347/5347 5349/5349/5349
f 5350/5350/5350 5348/5348/5348 5346/5346/5346
f 5351/5351/5351 5348/5348/5348 5350/5350/5350
f 5352/5352/5352 5346/5346/5346 5349/5349/5349
f 5350/5350/5350 5346/5346/5346 5352/5352/5352
f 5353/5353/5353 5352/5352/5352 5349/5349/5349
f 5352/5352/5352 5353/5353/5353 5354/5354/5354
f 5355/5355/5355 5352/5352/5352 5354/5354/5354
f 5356/5356/5356 5350/5350/5350 5352/5352/5352
f 5357/5357/5357 5351/5351/5351 5350/5350/5350
f 5357/5357/5357 5350/5350/5350 5356/5356/5356
f 5358/5358/5358 5351/5351/5351 5357/5357/5357
f 5359/5359/5359 5358/5358/5358 5357/5357/5357
f 5360/5360/5360 5358/5358/5358 5359/5359/5359
f 5361/5361/5361 5357/5357/5357 5356/5356/5356
f 5359/5359/5359 5357/5357/5357 5361/5361/5361
f 5362/5362/5362 5359/5359/5359 5361/5361/5361
f 5363/5363/5363 5360/5360/5360 5359/5359/5359
f 5363/5363/5363 5359/5359/5359 5362/5362/5362
f 5364/5364/5364 5360/5360/5360 5363/5363/5363
f 5365/5365/5365 5363/5363/5363 5362/5362/5362
f 5366/5366/5366 5364/5364/5364 5363/5363/5363
f 5366/5366/5366 5363/5363/5363 5365/5365/5365
f 5367/5367/5367 5364/5364/5364 5366/5366/5366
f 5368/5368/5368 5366/5366/5366 5365/5365/5365
f 5369/5369/5369 5367/5367/5367 5366/5366/5366
f 5369/5369/5369 5366/5366/5366 5368/5368/5368
f 5370/5370/5370 5369/5369/5369 5368/5368/5368
f 5371/5371/5371 5367/5367/5367 5369/5369/5369
f 5369/5369/5369 5370/5370/5370 5371/5371/5371
f 5370/5370/5370 5372/5372/5372 5371/5371/5371
f 5373/5373/5373 5372/5372/5372 5370/5370/5370
f 5374/5374/5374 5373/5373/5373 5370/5370/5370
f 5374/5374/5374 5370/5370/5370 5375/5375/5375
f 5374/5374/5374 5375/5375/5375 5376/5376/5376
f 5376/5376/5376 5375/5375/5375 5377/5377/5377
f 5375/5375/5375 5370/5370/5370 5378/5378/5378
f 5375/5375/5375 5378/5378/5378 5377/5377/5377
f 5370/5370/5370 5368/5368/5368 5378/5378/5378
f 5377/5377/5377 5378/5378/5378 5379/5379/5379
f 5378/5378/5378 5368/5368/5368 5380/5380/5380
f 5378/5378/5378 5380/5380/5380 5379/5379/5379
f 5368/5368/5368 5381/5381/5381 5380/5380/5380
f 5379/5379/5379 5380/5380/5380 5382/5382/5382
f 5380/5380/5380 5381/5381/5381 5383/5383/5383
f 5380/5380/5380 5383/5383/5383 5382/5382/5382
f 5381/5381/5381 5384/5384/5384 5383/5383/5383
f 5382/5382/5382 5383/5383/5383 5385/5385/5385
f 5383/5383/5383 5384/5384/5384 5386/5386/5386
f 5383/5383/5383 5386/5386/5386 5385/5385/5385
f 5384/5384/5384 5387/5387/5387 5386/5386/5386
f 5385/5385/5385 5386/5386/5386 5388/5388/5388
f 5386/5386/5386 5387/5387/5387 5389/5389/5389
f 5386/5386/5386 5389/5389/5389 5388/5388/5388
f 5387/5387/5387 5356/5356/5356 5389/5389/5389
f 5388/5388/5388 5389/5389/5389 5390/5390/5390
f 5389/5389/5389 5356/5356/5356 5391/5391/5391
f 5389/5389/5389 5391/5391/5391 5390/5390/5390
f 5390/5390/5390 5391/5391/5391 5392/5392/5392
f 5356/5356/5356 5393/5393/5393 5391/5391/5391
f 5392/5392/5392 5391/5391/5391 5394/5394/5394
f 5394/5394/5394 5391/5391/5391 5393/5393/5393
f 5355/5355/5355 5394/5394/5394 5393/5393/5393
f 5397/5397/5397 5396/5396/5396 5395/5395/5395
f 5397/5397/5397 5398/5398/5398 5396/5396/5396
f 5397/5397/5397 5395/5395/5395 5399/5399/5399
f 5399/5399/5399 5395/5395/5395 5400/5400/5400
f 5401/5401/5401 5398/5398/5398 5397/5397/5397
f 5402/5402/5402 5401/5401/5401 5397/5397/5397
f 5403/5403/5403 5402/5402/5402 5397/5397/5397
f 5403/5403/5403 5397/5397/5397 5399/5399/5399
f 5403/5403/5403 5399/5399/5399 5404/5404/5404
f 5399/5399/5399 5400/5400/5400 5404/5404/5404
f 5401/5401/5401 5405/5405/5405 5398/5398/5398
f 5398/5398/5398 5405/5405/5405 5406/5406/5406
f 5404/5404/5404 5400/5400/5400 5407/5407/5407
f 5405/5405/5405 5408/5408/5408 5406/5406/5406
f 5400/5400/5400 5409/5409/5409 5407/5407/5407
f 5409/5409/5409 5410/5410/5410 5407/5407/5407
f 5411/5411/5411 5409/5409/5409 5400/5400/5400
f 5409/5409/5409 5412/5412/5412 5410/5410/5410
f 5409/5409/5409 5411/5411/5411 5412/5412/5412
f 5413/5413/5413 5412/5412/5412 5411/5411/5411
f 5408/5408/5408 5412/5412/5412 5413/5413/5413
f 5412/5412/5412 5414/5414/5414 5410/5410/5410
f 5408/5408/5408 5405/5405/5405 5415/5415/5415
f 5405/5405/5405 5414/5414/5414 5415/5415/5415
f 5408/5408/5408 5415/5415/5415 5412/5412/5412
f 5412/5412/5412 5415/5415/5415 5414/5414/5414
f 5418/5418/5418 5417/5417/5417 5416/5416/5416
f 5419/5419/5419 5418/5418/5418 5416/5416/5416
f 5417/5417/5417 5418/5418/5418 5420/5420/5420
f 5421/5421/5421 5418/5418/5418 5419/5419/5419
f 5420/5420/5420 5418/5418/5418 5421/5421/5421
f 5424/5424/5424 5423/5423/5423 5422/5422/5422
f 5424/5424/5424 5425/5425/5425 5423/5423/5423
f 5424/5424/5424 5422/5422/5422 5426/5426/5426
f 5426/5426/5426 5427/5427/5427 5424/5424/5424
f 5428/5428/5428 5426/5426/5426 5422/5422/5422
f 5427/5427/5427 5429/5429/5429 5424/5424/5424
f 5429/5429/5429 5425/5425/5425 5424/5424/5424
f 5430/5430/5430 5429/5429/5429 5427/5427/5427
f 5428/5428/5428 5422/5422/5422 5431/5431/5431
f 5431/5431/5431 5422/5422/5422 5432/5432/5432
f 5431/5431/5431 5432/5432/5432 5433/5433/5433
f 5428/5428/5428 5431/5431/5431 5434/5434/5434
f 5435/5435/5435 5431/5431/5431 5433/5433/5433
f 5425/5425/5425 5429/5429/5429 5436/5436/5436
f 5436/5436/5436 5429/5429/5429 5430/5430/5430
f 5437/5437/5437 5425/5425/5425 5436/5436/5436
f 5438/5438/5438 5436/5436/5436 5430/5430/5430
f 5439/5439/5439 5437/5437/5437 5436/5436/5436
f 5440/5440/5440 5436/5436/5436 5438/5438/5438
f 5439/5439/5439 5436/5436/5436 5440/5440/5440
f 5440/5440/5440 5435/5435/5435 5439/5439/5439
f 5434/5434/5434 5431/5431/5431 5441/5441/5441
f 5441/5441/5441 5431/5431/5431 5435/5435/5435
f 5435/5435/5435 5440/5440/5440 5441/5441/5441
f 5441/5441/5441 5442/5442/5442 5434/5434/5434
f 5440/5440/5440 5442/5442/5442 5441/5441/5441
f 5445/5445/5445 5444/5444/5444 5443/5443/5443
f 5446/5446/5446 5443/5443/5443 5444/5444/5444
f 5445/5445/5445 5443/5443/5443 5447/5447/5447
f 5443/5443/5443 5446/5446/5446 5448/5448/5448
f 5443/5443/5443 5448/5448/5448 5447/5447/5447
f 5451/5451/5451 5450/5450/5450 5449/5449/5449
f 5449/5449/5449 5450/5450/5450 5452/5452/5452
f 5450/5450/5450 5451/5451/5451 5453/5453/5453
f 5452/5452/5452 5450/5450/5450 5453/5453/5453
f 5456/5456/5456 5455/5455/5455 5454/5454/5454
f 5457/5457/5457 5456/5456/5456 5454/5454/5454
f 5457/5457/5457 5458/5458/5458 5456/5456/5456
f 5454/5454/5454 5459/5459/5459 5457/5457/5457
f 5455/5455/5455 5456/5456/5456 5460/5460/5460
f 5456/5456/5456 5458/5458/5458 5460/5460/5460
f 5461/5461/5461 5455/5455/5455 5460/5460/5460
f 5459/5459/5459 5462/5462/5462 5457/5457/5457
f 5462/5462/5462 5458/5458/5458 5457/5457/5457
f 5459/5459/5459 5463/5463/5463 5462/5462/5462
f 5461/5461/5461 5460/5460/5460 5464/5464/5464
f 5460/5460/5460 5458/5458/5458 5464/5464/5464
f 5465/5465/5465 5461/5461/5461 5464/5464/5464
f 5463/5463/5463 5466/5466/5466 5462/5462/5462
f 5466/5466/5466 5458/5458/5458 5462/5462/5462
f 5463/5463/5463 5467/5467/5467 5466/5466/5466
f 5465/5465/5465 5464/5464/5464 5468/5468/5468
f 5464/5464/5464 5458/5458/5458 5468/5468/5468
f 5469/5469/5469 5465/5465/5465 5468/5468/5468
f 5470/5470/5470 5458/5458/5458 5466/5466/5466
f 5467/5467/5467 5470/5470/5470 5466/5466/5466
f 5468/5468/5468 5458/5458/5458 5471/5471/5471
f 5469/5469/5469 5468/5468/5468 5471/5471/5471
f 5472/5472/5472 5458/5458/5458 5470/5470/5470
f 5467/5467/5467 5473/5473/5473 5470/5470/5470
f 5473/5473/5473 5472/5472/5472 5470/5470/5470
f 5474/5474/5474 5469/5469/5469 5471/5471/5471
f 5473/5473/5473 5475/5475/5475 5472/5472/5472
f 5474/5474/5474 5471/5471/5471 5476/5476/5476
f 5471/5471/5471 5458/5458/5458 5476/5476/5476
f 5477/5477/5477 5474/5474/5474 5476/5476/5476
f 5475/5475/5475 5478/5478/5478 5472/5472/5472
f 5478/5478/5478 5458/5458/5458 5472/5472/5472
f 5475/5475/5475 5479/5479/5479 5478/5478/5478
f 5477/5477/5477 5476/5476/5476 5480/5480/5480
f 5476/5476/5476 5458/5458/5458 5480/5480/5480
f 5481/5481/5481 5477/5477/5477 5480/5480/5480
f 5479/5479/5479 5482/5482/5482 5478/5478/5478
f 5482/5482/5482 5458/5458/5458 5478/5478/5478
f 5479/5479/5479 5483/5483/5483 5482/5482/5482
f 5481/5481/5481 5480/5480/5480 5484/5484/5484
f 5480/5480/5480 5458/5458/5458 5484/5484/5484
f 5485/5485/5485 5481/5481/5481 5484/5484/5484
f 5486/5486/5486 5458/5458/5458 5482/5482/5482
f 5483/5483/5483 5486/5486/5486 5482/5482/5482
f 5484/5484/5484 5458/5458/5458 5487/5487/5487
f 5485/5485/5485 5484/5484/5484 5487/5487/5487
f 5488/5488/5488 5458/5458/5458 5486/5486/5486
f 5483/5483/5483 5489/5489/5489 5486/5486/5486
f 5489/5489/5489 5488/5488/5488 5486/5486/5486
f 5490/5490/5490 5485/5485/5485 5487/5487/5487
f 5489/5489/5489 5491/5491/5491 5488/5488/5488
f 5490/5490/5490 5487/5487/5487 5492/5492/5492
f 5487/5487/5487 5458/5458/5458 5492/5492/5492
f 5493/5493/5493 5490/5490/5490 5492/5492/5492
f 5491/5491/5491 5494/5494/5494 5488/5488/5488
f 5494/5494/5494 5458/5458/5458 5488/5488/5488
f 5491/5491/5491 5495/5495/5495 5494/5494/5494
f 5493/5493/5493 5492/5492/5492 5496/5496/5496
f 5492/5492/5492 5458/5458/5458 5496/5496/5496
f 5497/5497/5497 5493/5493/5493 5496/5496/5496
f 5495/5495/5495 5498/5498/5498 5494/5494/5494
f 5498/5498/5498 5458/5458/5458 5494/5494/5494
f 5495/5495/5495 5499/5499/5499 5498/5498/5498
f 5497/5497/5497 5496/5496/5496 5500/5500/5500
f 5496/5496/5496 5458/5458/5458 5500/5500/5500
f 5501/5501/5501 5497/5497/5497 5500/5500/5500
f 5502/5502/5502 5458/5458/5458 5498/5498/5498
f 5499/5499/5499 5502/5502/5502 5498/5498/5498
f 5500/5500/5500 5458/5458/5458 5502/5502/5502
f 5501/5501/5501 5500/5500/5500 5502/5502/5502
f 5499/5499/5499 5501/5501/5501 5502/5502/5502
